{"search-results":{"opensearch:totalResults":"332","opensearch:startIndex":"0","opensearch:itemsPerPage":"25","opensearch:Query":{"@role": "request", "@searchTerms": "TITLE-ABS-KEY(\"patriarchy\") AND SUBJAREA(SOCI) AND PUBYEAR = 2018", "@startPage": "0"},"link": [{"@_fa": "true", "@ref": "self", "@href": "https://api.elsevier.com/content/search/scopus?start=0&count=25&query=TITLE-ABS-KEY%28%22patriarchy%22%29+AND+SUBJAREA%28SOCI%29+AND+PUBYEAR+%3D+2018&apiKey=27d953b4b546791964ebeb768d13e61f&view=STANDARD", "@type": "application/json"},{"@_fa": "true", "@ref": "first", "@href": "https://api.elsevier.com/content/search/scopus?start=0&count=25&query=TITLE-ABS-KEY%28%22patriarchy%22%29+AND+SUBJAREA%28SOCI%29+AND+PUBYEAR+%3D+2018&apiKey=27d953b4b546791964ebeb768d13e61f&view=STANDARD", "@type": "application/json"},{"@_fa": "true", "@ref": "next", "@href": "https://api.elsevier.com/content/search/scopus?start=25&count=25&query=TITLE-ABS-KEY%28%22patriarchy%22%29+AND+SUBJAREA%28SOCI%29+AND+PUBYEAR+%3D+2018&apiKey=27d953b4b546791964ebeb768d13e61f&view=STANDARD", "@type": "application/json"},{"@_fa": "true", "@ref": "last", "@href": "https://api.elsevier.com/content/search/scopus?start=307&count=25&query=TITLE-ABS-KEY%28%22patriarchy%22%29+AND+SUBJAREA%28SOCI%29+AND+PUBYEAR+%3D+2018&apiKey=27d953b4b546791964ebeb768d13e61f&view=STANDARD", "@type": "application/json"}],"entry": [{"@_fa": "true", "link": [{"@_fa": "true", "@ref": "self", "@href": "https://api.elsevier.com/content/abstract/scopus_id/85034821103"},{"@_fa": "true", "@ref": "author-affiliation", "@href": "https://api.elsevier.com/content/abstract/scopus_id/85034821103?field=author,affiliation"},{"@_fa": "true", "@ref": "scopus", "@href": "https://www.scopus.com/inward/record.uri?partnerID=HzOxMe3b&scp=85034821103&origin=inward"},{"@_fa": "true", "@ref": "scopus-citedby", "@href": "https://www.scopus.com/inward/citedby.uri?partnerID=HzOxMe3b&scp=85034821103&origin=inward"}],"prism:url":"https://api.elsevier.com/content/abstract/scopus_id/85034821103","dc:identifier":"SCOPUS_ID:85034821103","eid":"2-s2.0-85034821103","dc:title":"Labour migration, sex, and polygyny: negotiating patriarchy in Tajikistan","dc:creator":"Thibault H.","prism:publicationName":"Ethnic and Racial Studies","prism:issn":"01419870","prism:eIssn":"14664356","prism:volume":"41","prism:issueIdentifier":"15","prism:pageRange":"2809-2826","prism:coverDate":"2018-12-08","prism:coverDisplayDate":"8 December 2018","prism:doi":"10.1080/01419870.2017.1400086","citedby-count":"0","affiliation": [{"@_fa": "true", "affilname":"Nazarbayev University","affiliation-city":"Astana","affiliation-country":"Kazakhstan"},{"@_fa": "true", "affilname":"University of Montreal","affiliation-city":"Montreal","affiliation-country":"Canada"}],"prism:aggregationType":"Journal","subtype":"ar","subtypeDescription":"Article","source-id":"26124","openaccess":"0","openaccessFlag":false},{"@_fa": "true", "link": [{"@_fa": "true", "@ref": "self", "@href": "https://api.elsevier.com/content/abstract/scopus_id/85056372832"},{"@_fa": "true", "@ref": "author-affiliation", "@href": "https://api.elsevier.com/content/abstract/scopus_id/85056372832?field=author,affiliation"},{"@_fa": "true", "@ref": "scopus", "@href": "https://www.scopus.com/inward/record.uri?partnerID=HzOxMe3b&scp=85056372832&origin=inward"},{"@_fa": "true", "@ref": "scopus-citedby", "@href": "https://www.scopus.com/inward/citedby.uri?partnerID=HzOxMe3b&scp=85056372832&origin=inward"}],"prism:url":"https://api.elsevier.com/content/abstract/scopus_id/85056372832","dc:identifier":"SCOPUS_ID:85056372832","eid":"2-s2.0-85056372832","dc:title":"Refugees, Violence and Gender: the Case of Women in the Albert Park Area in Durban, South Africa","dc:creator":"Memela S.","prism:publicationName":"Urban Forum","prism:issn":"10153802","prism:eIssn":"18746330","prism:volume":"29","prism:issueIdentifier":"4","prism:pageRange":"429-443","prism:coverDate":"2018-12-01","prism:coverDisplayDate":"1 December 2018","prism:doi":"10.1007/s12132-018-9356-1","citedby-count":"1","affiliation": [{"@_fa": "true", "affilname":"Rhodes University","affiliation-city":"Grahamstown","affiliation-country":"South Africa"}],"prism:aggregationType":"Journal","subtype":"ar","subtypeDescription":"Article","source-id":"5700161063","openaccess":"0","openaccessFlag":false},{"@_fa": "true", "link": [{"@_fa": "true", "@ref": "self", "@href": "https://api.elsevier.com/content/abstract/scopus_id/85044091861"},{"@_fa": "true", "@ref": "author-affiliation", "@href": "https://api.elsevier.com/content/abstract/scopus_id/85044091861?field=author,affiliation"},{"@_fa": "true", "@ref": "scopus", "@href": "https://www.scopus.com/inward/record.uri?partnerID=HzOxMe3b&scp=85044091861&origin=inward"},{"@_fa": "true", "@ref": "scopus-citedby", "@href": "https://www.scopus.com/inward/citedby.uri?partnerID=HzOxMe3b&scp=85044091861&origin=inward"}],"prism:url":"https://api.elsevier.com/content/abstract/scopus_id/85044091861","dc:identifier":"SCOPUS_ID:85044091861","eid":"2-s2.0-85044091861","dc:title":"Reclaiming Gender and Power in Sexual Violence Prevention in Adolescence","dc:creator":"Miller E.","prism:publicationName":"Violence Against Women","prism:issn":"10778012","prism:eIssn":"15528448","prism:volume":"24","prism:issueIdentifier":"15","prism:pageRange":"1785-1793","prism:coverDate":"2018-12-01","prism:coverDisplayDate":"1 December 2018","prism:doi":"10.1177/1077801217753323","citedby-count":"0","affiliation": [{"@_fa": "true", "affilname":"University of Pittsburgh","affiliation-city":"Pittsburgh","affiliation-country":"United States"}],"pubmed-id":"29542391","prism:aggregationType":"Journal","subtype":"no","subtypeDescription":"Note","source-id":"18777","openaccess":"0","openaccessFlag":false},{"@_fa": "true", "link": [{"@_fa": "true", "@ref": "self", "@href": "https://api.elsevier.com/content/abstract/scopus_id/85057752478"},{"@_fa": "true", "@ref": "author-affiliation", "@href": "https://api.elsevier.com/content/abstract/scopus_id/85057752478?field=author,affiliation"},{"@_fa": "true", "@ref": "scopus", "@href": "https://www.scopus.com/inward/record.uri?partnerID=HzOxMe3b&scp=85057752478&origin=inward"},{"@_fa": "true", "@ref": "scopus-citedby", "@href": "https://www.scopus.com/inward/citedby.uri?partnerID=HzOxMe3b&scp=85057752478&origin=inward"}],"prism:url":"https://api.elsevier.com/content/abstract/scopus_id/85057752478","dc:identifier":"SCOPUS_ID:85057752478","eid":"2-s2.0-85057752478","dc:title":"Dimensions of sexual violence and patriarchy in a militarised state","dc:creator":"Batool E.","prism:publicationName":"Economic and Political Weekly","prism:issn":"00129976","prism:eIssn":"23498846","prism:volume":"53","prism:issueIdentifier":"47","prism:pageRange":"60-62","prism:coverDate":"2018-12-01","prism:coverDisplayDate":"1 December 2018","citedby-count":"0","prism:aggregationType":"Journal","subtype":"re","subtypeDescription":"Review","source-id":"19957","openaccess":"0","openaccessFlag":false},{"@_fa": "true", "link": [{"@_fa": "true", "@ref": "self", "@href": "https://api.elsevier.com/content/abstract/scopus_id/85062346553"},{"@_fa": "true", "@ref": "author-affiliation", "@href": "https://api.elsevier.com/content/abstract/scopus_id/85062346553?field=author,affiliation"},{"@_fa": "true", "@ref": "scopus", "@href": "https://www.scopus.com/inward/record.uri?partnerID=HzOxMe3b&scp=85062346553&origin=inward"},{"@_fa": "true", "@ref": "scopus-citedby", "@href": "https://www.scopus.com/inward/citedby.uri?partnerID=HzOxMe3b&scp=85062346553&origin=inward"}],"prism:url":"https://api.elsevier.com/content/abstract/scopus_id/85062346553","dc:identifier":"SCOPUS_ID:85062346553","eid":"2-s2.0-85062346553","dc:title":"The ayah as a subaltern in bapsi sidhwa’s ice-candy-man","dc:creator":"Dhal S.","prism:publicationName":"IUP Journal of English Studies","prism:issn":"09733728","prism:volume":"13","prism:issueIdentifier":"4","prism:pageRange":"21-24","prism:coverDate":"2018-12-01","prism:coverDisplayDate":"December 2018","citedby-count":"0","affiliation": [{"@_fa": "true", "affilname":"Kalinga Institute of Industrial Technology, Bhubaneswar","affiliation-city":"Odisha","affiliation-country":"India"}],"prism:aggregationType":"Journal","subtype":"ar","subtypeDescription":"Article","source-id":"19900193213","openaccess":"0","openaccessFlag":false},{"@_fa": "true", "link": [{"@_fa": "true", "@ref": "self", "@href": "https://api.elsevier.com/content/abstract/scopus_id/85057742860"},{"@_fa": "true", "@ref": "author-affiliation", "@href": "https://api.elsevier.com/content/abstract/scopus_id/85057742860?field=author,affiliation"},{"@_fa": "true", "@ref": "scopus", "@href": "https://www.scopus.com/inward/record.uri?partnerID=HzOxMe3b&scp=85057742860&origin=inward"},{"@_fa": "true", "@ref": "scopus-citedby", "@href": "https://www.scopus.com/inward/citedby.uri?partnerID=HzOxMe3b&scp=85057742860&origin=inward"}],"prism:url":"https://api.elsevier.com/content/abstract/scopus_id/85057742860","dc:identifier":"SCOPUS_ID:85057742860","eid":"2-s2.0-85057742860","dc:title":"The new Kashmiri woman: State-led feminism in ‘Naya Kashmir’","dc:creator":"Kanjwal H.","prism:publicationName":"Economic and Political Weekly","prism:issn":"00129976","prism:eIssn":"23498846","prism:volume":"53","prism:issueIdentifier":"47","prism:pageRange":"36-41","prism:coverDate":"2018-12-01","prism:coverDisplayDate":"1 December 2018","citedby-count":"0","affiliation": [{"@_fa": "true", "affilname":"Lafayette College","affiliation-city":"Easton","affiliation-country":"United States"}],"prism:aggregationType":"Journal","subtype":"re","subtypeDescription":"Review","source-id":"19957","openaccess":"0","openaccessFlag":false},{"@_fa": "true", "link": [{"@_fa": "true", "@ref": "self", "@href": "https://api.elsevier.com/content/abstract/scopus_id/85057873904"},{"@_fa": "true", "@ref": "author-affiliation", "@href": "https://api.elsevier.com/content/abstract/scopus_id/85057873904?field=author,affiliation"},{"@_fa": "true", "@ref": "scopus", "@href": "https://www.scopus.com/inward/record.uri?partnerID=HzOxMe3b&scp=85057873904&origin=inward"},{"@_fa": "true", "@ref": "scopus-citedby", "@href": "https://www.scopus.com/inward/citedby.uri?partnerID=HzOxMe3b&scp=85057873904&origin=inward"}],"prism:url":"https://api.elsevier.com/content/abstract/scopus_id/85057873904","dc:identifier":"SCOPUS_ID:85057873904","eid":"2-s2.0-85057873904","dc:title":"Being Muslim: Unveiling the Voices of Asian Muslim Women Travellers","dc:creator":"Poopale Ratthinan S.","prism:publicationName":"Gender Issues","prism:issn":"1098092X","prism:eIssn":"19364717","prism:volume":"35","prism:issueIdentifier":"4","prism:pageRange":"302-317","prism:coverDate":"2018-12-01","prism:coverDisplayDate":"1 December 2018","prism:doi":"10.1007/s12147-018-9215-3","citedby-count":"0","affiliation": [{"@_fa": "true", "affilname":"Universiti Sains Malaysia","affiliation-city":"Penang","affiliation-country":"Malaysia"}],"prism:aggregationType":"Journal","subtype":"ar","subtypeDescription":"Article","source-id":"23636","openaccess":"0","openaccessFlag":false},{"@_fa": "true", "link": [{"@_fa": "true", "@ref": "self", "@href": "https://api.elsevier.com/content/abstract/scopus_id/85040615091"},{"@_fa": "true", "@ref": "author-affiliation", "@href": "https://api.elsevier.com/content/abstract/scopus_id/85040615091?field=author,affiliation"},{"@_fa": "true", "@ref": "scopus", "@href": "https://www.scopus.com/inward/record.uri?partnerID=HzOxMe3b&scp=85040615091&origin=inward"},{"@_fa": "true", "@ref": "scopus-citedby", "@href": "https://www.scopus.com/inward/citedby.uri?partnerID=HzOxMe3b&scp=85040615091&origin=inward"}],"prism:url":"https://api.elsevier.com/content/abstract/scopus_id/85040615091","dc:identifier":"SCOPUS_ID:85040615091","eid":"2-s2.0-85040615091","dc:title":"#TheFappening: Virtual Manhood Acts in (Homo)Social Media","dc:creator":"Moloney M.","prism:publicationName":"Men and Masculinities","prism:issn":"1097184X","prism:eIssn":"15526828","prism:volume":"21","prism:issueIdentifier":"5","prism:pageRange":"603-623","prism:coverDate":"2018-12-01","prism:coverDisplayDate":"1 December 2018","prism:doi":"10.1177/1097184X17696170","citedby-count":"3","affiliation": [{"@_fa": "true", "affilname":"University of Kentucky","affiliation-city":"Lexington","affiliation-country":"United States"}],"prism:aggregationType":"Journal","subtype":"ar","subtypeDescription":"Article","source-id":"144973","openaccess":"0","openaccessFlag":false},{"@_fa": "true", "link": [{"@_fa": "true", "@ref": "self", "@href": "https://api.elsevier.com/content/abstract/scopus_id/85048080944"},{"@_fa": "true", "@ref": "author-affiliation", "@href": "https://api.elsevier.com/content/abstract/scopus_id/85048080944?field=author,affiliation"},{"@_fa": "true", "@ref": "scopus", "@href": "https://www.scopus.com/inward/record.uri?partnerID=HzOxMe3b&scp=85048080944&origin=inward"},{"@_fa": "true", "@ref": "scopus-citedby", "@href": "https://www.scopus.com/inward/citedby.uri?partnerID=HzOxMe3b&scp=85048080944&origin=inward"}],"prism:url":"https://api.elsevier.com/content/abstract/scopus_id/85048080944","dc:identifier":"SCOPUS_ID:85048080944","eid":"2-s2.0-85048080944","dc:title":"How Iranian Women Conceptualize the Role of Cultural Norms in Their Sexual Lives","dc:creator":"Maasoumi R.","prism:publicationName":"Sexuality and Culture","prism:issn":"10955143","prism:volume":"22","prism:issueIdentifier":"4","prism:pageRange":"1376-1390","prism:coverDate":"2018-12-01","prism:coverDisplayDate":"1 December 2018","prism:doi":"10.1007/s12119-018-9531-5","citedby-count":"0","affiliation": [{"@_fa": "true", "affilname":"Tehran University of Medical Sciences","affiliation-city":"Tehran","affiliation-country":"Iran"}],"prism:aggregationType":"Journal","subtype":"ar","subtypeDescription":"Article","source-id":"145138","openaccess":"0","openaccessFlag":false},{"@_fa": "true", "link": [{"@_fa": "true", "@ref": "self", "@href": "https://api.elsevier.com/content/abstract/scopus_id/85058380892"},{"@_fa": "true", "@ref": "author-affiliation", "@href": "https://api.elsevier.com/content/abstract/scopus_id/85058380892?field=author,affiliation"},{"@_fa": "true", "@ref": "scopus", "@href": "https://www.scopus.com/inward/record.uri?partnerID=HzOxMe3b&scp=85058380892&origin=inward"},{"@_fa": "true", "@ref": "scopus-citedby", "@href": "https://www.scopus.com/inward/citedby.uri?partnerID=HzOxMe3b&scp=85058380892&origin=inward"}],"prism:url":"https://api.elsevier.com/content/abstract/scopus_id/85058380892","dc:identifier":"SCOPUS_ID:85058380892","eid":"2-s2.0-85058380892","dc:title":"Kinshipwrecking: John Smith’s adoption and the Pocahontas myth in settler ontologies","dc:creator":"Bryant R.","prism:publicationName":"AlterNative","prism:issn":"11771801","prism:eIssn":"11741740","prism:volume":"14","prism:issueIdentifier":"4","prism:pageRange":"300-308","prism:coverDate":"2018-12-01","prism:coverDisplayDate":"1 December 2018","prism:doi":"10.1177/1177180118804279","citedby-count":"0","affiliation": [{"@_fa": "true", "affilname":"Dalhousie University","affiliation-city":"Halifax","affiliation-country":"Canada"}],"prism:aggregationType":"Journal","subtype":"ar","subtypeDescription":"Article","source-id":"21100795655","openaccess":"0","openaccessFlag":false},{"@_fa": "true", "link": [{"@_fa": "true", "@ref": "self", "@href": "https://api.elsevier.com/content/abstract/scopus_id/85058561365"},{"@_fa": "true", "@ref": "author-affiliation", "@href": "https://api.elsevier.com/content/abstract/scopus_id/85058561365?field=author,affiliation"},{"@_fa": "true", "@ref": "scopus", "@href": "https://www.scopus.com/inward/record.uri?partnerID=HzOxMe3b&scp=85058561365&origin=inward"},{"@_fa": "true", "@ref": "scopus-citedby", "@href": "https://www.scopus.com/inward/citedby.uri?partnerID=HzOxMe3b&scp=85058561365&origin=inward"}],"prism:url":"https://api.elsevier.com/content/abstract/scopus_id/85058561365","dc:identifier":"SCOPUS_ID:85058561365","eid":"2-s2.0-85058561365","dc:title":"Children's attitudes to parental mediation in a traditional society","dc:creator":"Peled Y.","prism:publicationName":"Cyberpsychology, Behavior, and Social Networking","prism:issn":"21522715","prism:eIssn":"21522723","prism:volume":"21","prism:issueIdentifier":"12","prism:pageRange":"774-780","prism:coverDate":"2018-12-01","prism:coverDisplayDate":"December 2018","prism:doi":"10.1089/cyber.2018.0165","citedby-count":"0","affiliation": [{"@_fa": "true", "affilname":"Western Galilee College","affiliation-city":"Acre","affiliation-country":"Israel"}],"prism:aggregationType":"Journal","subtype":"re","subtypeDescription":"Review","source-id":"19700176047","openaccess":"0","openaccessFlag":false},{"@_fa": "true", "link": [{"@_fa": "true", "@ref": "self", "@href": "https://api.elsevier.com/content/abstract/scopus_id/85059867723"},{"@_fa": "true", "@ref": "author-affiliation", "@href": "https://api.elsevier.com/content/abstract/scopus_id/85059867723?field=author,affiliation"},{"@_fa": "true", "@ref": "scopus", "@href": "https://www.scopus.com/inward/record.uri?partnerID=HzOxMe3b&scp=85059867723&origin=inward"},{"@_fa": "true", "@ref": "scopus-citedby", "@href": "https://www.scopus.com/inward/citedby.uri?partnerID=HzOxMe3b&scp=85059867723&origin=inward"}],"prism:url":"https://api.elsevier.com/content/abstract/scopus_id/85059867723","dc:identifier":"SCOPUS_ID:85059867723","eid":"2-s2.0-85059867723","dc:title":"Between morality and crime: Filial daughters and vengeful violence in eighteenth-century Korea","dc:creator":"Jungwon K.","prism:publicationName":"Acta Koreana","prism:issn":"15207412","prism:eIssn":"20921357","prism:volume":"21","prism:issueIdentifier":"2","prism:pageRange":"481-502","prism:coverDate":"2018-12-01","prism:coverDisplayDate":"December 2018","prism:doi":"10.18399/acta.2018.21.2.006","citedby-count":"0","affiliation": [{"@_fa": "true", "affilname":"Columbia University in the City of New York","affiliation-city":"New York","affiliation-country":"United States"}],"prism:aggregationType":"Journal","subtype":"ar","subtypeDescription":"Article","source-id":"5600153982","openaccess":"1","openaccessFlag":true},{"@_fa": "true", "link": [{"@_fa": "true", "@ref": "self", "@href": "https://api.elsevier.com/content/abstract/scopus_id/85013224844"},{"@_fa": "true", "@ref": "author-affiliation", "@href": "https://api.elsevier.com/content/abstract/scopus_id/85013224844?field=author,affiliation"},{"@_fa": "true", "@ref": "scopus", "@href": "https://www.scopus.com/inward/record.uri?partnerID=HzOxMe3b&scp=85013224844&origin=inward"},{"@_fa": "true", "@ref": "scopus-citedby", "@href": "https://www.scopus.com/inward/citedby.uri?partnerID=HzOxMe3b&scp=85013224844&origin=inward"}],"prism:url":"https://api.elsevier.com/content/abstract/scopus_id/85013224844","dc:identifier":"SCOPUS_ID:85013224844","eid":"2-s2.0-85013224844","dc:title":"Gender complexities in Jamaican secondary education: class culture and the ‘elephant’ in the room","dc:creator":"Ellis E.","prism:publicationName":"Gender and Education","prism:issn":"09540253","prism:eIssn":"13600516","prism:volume":"30","prism:issueIdentifier":"8","prism:pageRange":"1019-1031","prism:coverDate":"2018-11-17","prism:coverDisplayDate":"17 November 2018","prism:doi":"10.1080/09540253.2017.1290218","citedby-count":"1","affiliation": [{"@_fa": "true", "affilname":"University of Toronto","affiliation-city":"Toronto","affiliation-country":"Canada"}],"prism:aggregationType":"Journal","subtype":"ar","subtypeDescription":"Article","source-id":"29390","openaccess":"0","openaccessFlag":false},{"@_fa": "true", "link": [{"@_fa": "true", "@ref": "self", "@href": "https://api.elsevier.com/content/abstract/scopus_id/85054508655"},{"@_fa": "true", "@ref": "author-affiliation", "@href": "https://api.elsevier.com/content/abstract/scopus_id/85054508655?field=author,affiliation"},{"@_fa": "true", "@ref": "scopus", "@href": "https://www.scopus.com/inward/record.uri?partnerID=HzOxMe3b&scp=85054508655&origin=inward"},{"@_fa": "true", "@ref": "scopus-citedby", "@href": "https://www.scopus.com/inward/citedby.uri?partnerID=HzOxMe3b&scp=85054508655&origin=inward"}],"prism:url":"https://api.elsevier.com/content/abstract/scopus_id/85054508655","dc:identifier":"SCOPUS_ID:85054508655","eid":"2-s2.0-85054508655","dc:title":"Women’s mode and trip structure choices in daily activity-travel: a developing country perspective","dc:creator":"Arman M.","prism:publicationName":"Transportation Planning and Technology","prism:issn":"03081060","prism:eIssn":"10290354","prism:volume":"41","prism:issueIdentifier":"8","prism:pageRange":"845-877","prism:coverDate":"2018-11-17","prism:coverDisplayDate":"17 November 2018","prism:doi":"10.1080/03081060.2018.1526931","citedby-count":"1","prism:aggregationType":"Journal","subtype":"ar","subtypeDescription":"Article","source-id":"20871","openaccess":"0","openaccessFlag":false},{"@_fa": "true", "link": [{"@_fa": "true", "@ref": "self", "@href": "https://api.elsevier.com/content/abstract/scopus_id/85020492050"},{"@_fa": "true", "@ref": "author-affiliation", "@href": "https://api.elsevier.com/content/abstract/scopus_id/85020492050?field=author,affiliation"},{"@_fa": "true", "@ref": "scopus", "@href": "https://www.scopus.com/inward/record.uri?partnerID=HzOxMe3b&scp=85020492050&origin=inward"},{"@_fa": "true", "@ref": "scopus-citedby", "@href": "https://www.scopus.com/inward/citedby.uri?partnerID=HzOxMe3b&scp=85020492050&origin=inward"}],"prism:url":"https://api.elsevier.com/content/abstract/scopus_id/85020492050","dc:identifier":"SCOPUS_ID:85020492050","eid":"2-s2.0-85020492050","dc:title":"Affective violence: re/negotiating gendered-feminism within new materialism","dc:creator":"Hook G.","prism:publicationName":"Journal of Gender Studies","prism:issn":"09589236","prism:eIssn":"14653869","prism:volume":"27","prism:issueIdentifier":"8","prism:pageRange":"871-880","prism:coverDate":"2018-11-17","prism:coverDisplayDate":"17 November 2018","prism:doi":"10.1080/09589236.2017.1340151","citedby-count":"3","affiliation": [{"@_fa": "true", "affilname":"University of New England Australia","affiliation-city":"Armidale","affiliation-country":"Australia"}],"prism:aggregationType":"Journal","subtype":"ar","subtypeDescription":"Article","source-id":"23704","openaccess":"0","openaccessFlag":false},{"@_fa": "true", "link": [{"@_fa": "true", "@ref": "self", "@href": "https://api.elsevier.com/content/abstract/scopus_id/85061002815"},{"@_fa": "true", "@ref": "author-affiliation", "@href": "https://api.elsevier.com/content/abstract/scopus_id/85061002815?field=author,affiliation"},{"@_fa": "true", "@ref": "scopus", "@href": "https://www.scopus.com/inward/record.uri?partnerID=HzOxMe3b&scp=85061002815&origin=inward"},{"@_fa": "true", "@ref": "scopus-citedby", "@href": "https://www.scopus.com/inward/citedby.uri?partnerID=HzOxMe3b&scp=85061002815&origin=inward"}],"prism:url":"https://api.elsevier.com/content/abstract/scopus_id/85061002815","dc:identifier":"SCOPUS_ID:85061002815","eid":"2-s2.0-85061002815","dc:title":"Production of commons in four autonomous social organizations","dc:creator":"Osorio A.","prism:publicationName":"Psicoperspectivas","prism:eIssn":"07186924","prism:volume":"17","prism:issueIdentifier":"3","prism:pageRange":null,"prism:coverDate":"2018-11-15","prism:coverDisplayDate":"15 November 2018","citedby-count":"0","affiliation": [{"@_fa": "true", "affilname":"Universidad de Valparaiso","affiliation-city":"Valparaiso","affiliation-country":"Chile"}],"prism:aggregationType":"Journal","subtype":"ar","subtypeDescription":"Article","source-id":"21100793178","openaccess":"0","openaccessFlag":false},{"@_fa": "true", "link": [{"@_fa": "true", "@ref": "self", "@href": "https://api.elsevier.com/content/abstract/scopus_id/85056102784"},{"@_fa": "true", "@ref": "author-affiliation", "@href": "https://api.elsevier.com/content/abstract/scopus_id/85056102784?field=author,affiliation"},{"@_fa": "true", "@ref": "scopus", "@href": "https://www.scopus.com/inward/record.uri?partnerID=HzOxMe3b&scp=85056102784&origin=inward"},{"@_fa": "true", "@ref": "scopus-citedby", "@href": "https://www.scopus.com/inward/citedby.uri?partnerID=HzOxMe3b&scp=85056102784&origin=inward"}],"prism:url":"https://api.elsevier.com/content/abstract/scopus_id/85056102784","dc:identifier":"SCOPUS_ID:85056102784","eid":"2-s2.0-85056102784","dc:title":"A commitment to the task at hand","dc:creator":"Shahzadi U.","prism:publicationName":"Leisure Studies","prism:issn":"02614367","prism:eIssn":"14664496","prism:volume":"37","prism:issueIdentifier":"6","prism:pageRange":"763-765","prism:coverDate":"2018-11-02","prism:coverDisplayDate":"2 November 2018","prism:doi":"10.1080/02614367.2018.1535616","citedby-count":"1","affiliation": [{"@_fa": "true", "affilname":"University of Toronto","affiliation-city":"Toronto","affiliation-country":"Canada"}],"prism:aggregationType":"Journal","subtype":"ar","subtypeDescription":"Article","source-id":"28911","openaccess":"1","openaccessFlag":true},{"@_fa": "true", "link": [{"@_fa": "true", "@ref": "self", "@href": "https://api.elsevier.com/content/abstract/scopus_id/85058394573"},{"@_fa": "true", "@ref": "author-affiliation", "@href": "https://api.elsevier.com/content/abstract/scopus_id/85058394573?field=author,affiliation"},{"@_fa": "true", "@ref": "scopus", "@href": "https://www.scopus.com/inward/record.uri?partnerID=HzOxMe3b&scp=85058394573&origin=inward"},{"@_fa": "true", "@ref": "scopus-citedby", "@href": "https://www.scopus.com/inward/citedby.uri?partnerID=HzOxMe3b&scp=85058394573&origin=inward"}],"prism:url":"https://api.elsevier.com/content/abstract/scopus_id/85058394573","dc:identifier":"SCOPUS_ID:85058394573","eid":"2-s2.0-85058394573","dc:title":"How women matter: Gender representation in Malaysia’s 14th general election","dc:creator":"Yeong P.","prism:publicationName":"Round Table","prism:issn":"00358533","prism:eIssn":"1474029X","prism:volume":"107","prism:issueIdentifier":"6","prism:pageRange":"771-786","prism:coverDate":"2018-11-02","prism:coverDisplayDate":"2 November 2018","prism:doi":"10.1080/00358533.2018.1545943","citedby-count":"0","affiliation": [{"@_fa": "true", "affilname":"Penang Institute","affiliation-city":"Penang","affiliation-country":"Malaysia"}],"prism:aggregationType":"Journal","subtype":"ar","subtypeDescription":"Article","source-id":"27979","openaccess":"0","openaccessFlag":false},{"@_fa": "true", "link": [{"@_fa": "true", "@ref": "self", "@href": "https://api.elsevier.com/content/abstract/scopus_id/85060157498"},{"@_fa": "true", "@ref": "author-affiliation", "@href": "https://api.elsevier.com/content/abstract/scopus_id/85060157498?field=author,affiliation"},{"@_fa": "true", "@ref": "scopus", "@href": "https://www.scopus.com/inward/record.uri?partnerID=HzOxMe3b&scp=85060157498&origin=inward"},{"@_fa": "true", "@ref": "scopus-citedby", "@href": "https://www.scopus.com/inward/citedby.uri?partnerID=HzOxMe3b&scp=85060157498&origin=inward"}],"prism:url":"https://api.elsevier.com/content/abstract/scopus_id/85060157498","dc:identifier":"SCOPUS_ID:85060157498","eid":"2-s2.0-85060157498","dc:title":"‘Make America great again’ and the constitutive loss of nothingness: An American nightmare","dc:creator":"Flisfeder M.","prism:publicationName":"Third Text","prism:issn":"09528822","prism:volume":"32","prism:issueIdentifier":"5-6","prism:pageRange":"647-655","prism:coverDate":"2018-11-02","prism:coverDisplayDate":"2 November 2018","prism:doi":"10.1080/09528822.2018.1559144","citedby-count":"0","affiliation": [{"@_fa": "true", "affilname":"University of Winnipeg","affiliation-city":"Winnipeg","affiliation-country":"Canada"}],"prism:aggregationType":"Journal","subtype":"ar","subtypeDescription":"Article","source-id":"6000152817","openaccess":"0","openaccessFlag":false},{"@_fa": "true", "link": [{"@_fa": "true", "@ref": "self", "@href": "https://api.elsevier.com/content/abstract/scopus_id/85057624107"},{"@_fa": "true", "@ref": "author-affiliation", "@href": "https://api.elsevier.com/content/abstract/scopus_id/85057624107?field=author,affiliation"},{"@_fa": "true", "@ref": "scopus", "@href": "https://www.scopus.com/inward/record.uri?partnerID=HzOxMe3b&scp=85057624107&origin=inward"},{"@_fa": "true", "@ref": "scopus-citedby", "@href": "https://www.scopus.com/inward/citedby.uri?partnerID=HzOxMe3b&scp=85057624107&origin=inward"}],"prism:url":"https://api.elsevier.com/content/abstract/scopus_id/85057624107","dc:identifier":"SCOPUS_ID:85057624107","eid":"2-s2.0-85057624107","dc:title":"speaking up in the age of #MeToo and persistent patriarchy or what can we learn from an elevator incident about anti-feminist backlash","dc:creator":"Sharoni S.","prism:publicationName":"Feminist Review","prism:issn":"01417789","prism:eIssn":"14664380","prism:volume":"120","prism:issueIdentifier":"1","prism:pageRange":"143-151","prism:coverDate":"2018-11-01","prism:coverDisplayDate":"1 November 2018","prism:doi":"10.1057/s41305-018-0127-6","citedby-count":"0","affiliation": [{"@_fa": "true", "affilname":"Merrimack College","affiliation-city":"North Andover","affiliation-country":"United States"}],"prism:aggregationType":"Journal","subtype":"ar","subtypeDescription":"Article","source-id":"23596","openaccess":"1","openaccessFlag":true},{"@_fa": "true", "link": [{"@_fa": "true", "@ref": "self", "@href": "https://api.elsevier.com/content/abstract/scopus_id/85054726617"},{"@_fa": "true", "@ref": "author-affiliation", "@href": "https://api.elsevier.com/content/abstract/scopus_id/85054726617?field=author,affiliation"},{"@_fa": "true", "@ref": "scopus", "@href": "https://www.scopus.com/inward/record.uri?partnerID=HzOxMe3b&scp=85054726617&origin=inward"},{"@_fa": "true", "@ref": "scopus-citedby", "@href": "https://www.scopus.com/inward/citedby.uri?partnerID=HzOxMe3b&scp=85054726617&origin=inward"}],"prism:url":"https://api.elsevier.com/content/abstract/scopus_id/85054726617","dc:identifier":"SCOPUS_ID:85054726617","eid":"2-s2.0-85054726617","dc:title":"Neo-Orthodox Masculinities on Man Caves","dc:creator":"Rodino-Colocino M.","prism:publicationName":"Television and New Media","prism:issn":"15274764","prism:eIssn":"15528316","prism:volume":"19","prism:issueIdentifier":"7","prism:pageRange":"626-645","prism:coverDate":"2018-11-01","prism:coverDisplayDate":"1 November 2018","prism:doi":"10.1177/1527476417709341","citedby-count":"1","affiliation": [{"@_fa": "true", "affilname":"Pennsylvania State University","affiliation-city":"University Park","affiliation-country":"United States"}],"prism:aggregationType":"Journal","subtype":"ar","subtypeDescription":"Article","source-id":"5600155256","openaccess":"0","openaccessFlag":false},{"@_fa": "true", "link": [{"@_fa": "true", "@ref": "self", "@href": "https://api.elsevier.com/content/abstract/scopus_id/85052917785"},{"@_fa": "true", "@ref": "author-affiliation", "@href": "https://api.elsevier.com/content/abstract/scopus_id/85052917785?field=author,affiliation"},{"@_fa": "true", "@ref": "scopus", "@href": "https://www.scopus.com/inward/record.uri?partnerID=HzOxMe3b&scp=85052917785&origin=inward"},{"@_fa": "true", "@ref": "scopus-citedby", "@href": "https://www.scopus.com/inward/citedby.uri?partnerID=HzOxMe3b&scp=85052917785&origin=inward"}],"prism:url":"https://api.elsevier.com/content/abstract/scopus_id/85052917785","dc:identifier":"SCOPUS_ID:85052917785","eid":"2-s2.0-85052917785","dc:title":"Asian plantation histories at the frontiers of nation and globalization","dc:creator":"Anjapra K.","prism:publicationName":"Modern Asian Studies","prism:issn":"0026749X","prism:eIssn":"14698099","prism:volume":"52","prism:issueIdentifier":"6","prism:pageRange":"2137-2158","prism:coverDate":"2018-11-01","prism:coverDisplayDate":"1 November 2018","prism:doi":"10.1017/S0026749X17000403","citedby-count":"0","affiliation": [{"@_fa": "true", "affilname":"Tufts University","affiliation-city":null,"affiliation-country":"United Kingdom"}],"prism:aggregationType":"Journal","subtype":"re","subtypeDescription":"Review","source-id":"24747","openaccess":"0","openaccessFlag":false},{"@_fa": "true", "link": [{"@_fa": "true", "@ref": "self", "@href": "https://api.elsevier.com/content/abstract/scopus_id/85051550183"},{"@_fa": "true", "@ref": "author-affiliation", "@href": "https://api.elsevier.com/content/abstract/scopus_id/85051550183?field=author,affiliation"},{"@_fa": "true", "@ref": "scopus", "@href": "https://www.scopus.com/inward/record.uri?partnerID=HzOxMe3b&scp=85051550183&origin=inward"},{"@_fa": "true", "@ref": "scopus-citedby", "@href": "https://www.scopus.com/inward/citedby.uri?partnerID=HzOxMe3b&scp=85051550183&origin=inward"}],"prism:url":"https://api.elsevier.com/content/abstract/scopus_id/85051550183","dc:identifier":"SCOPUS_ID:85051550183","eid":"2-s2.0-85051550183","dc:title":"The Madonna-Whore Dichotomy: Men Who Perceive Women's Nurturance and Sexuality as Mutually Exclusive Endorse Patriarchy and Show Lower Relationship Satisfaction","dc:creator":"Bareket O.","prism:publicationName":"Sex Roles","prism:issn":"03600025","prism:eIssn":"15732762","prism:volume":"79","prism:issueIdentifier":"9-10","prism:pageRange":"519-532","prism:coverDate":"2018-11-01","prism:coverDisplayDate":"1 November 2018","prism:doi":"10.1007/s11199-018-0895-7","citedby-count":"6","affiliation": [{"@_fa": "true", "affilname":"Tel Aviv University","affiliation-city":"Tel Aviv-Yafo","affiliation-country":"Israel"}],"prism:aggregationType":"Journal","subtype":"ar","subtypeDescription":"Article","source-id":"14798","openaccess":"0","openaccessFlag":false},{"@_fa": "true", "link": [{"@_fa": "true", "@ref": "self", "@href": "https://api.elsevier.com/content/abstract/scopus_id/85061643909"},{"@_fa": "true", "@ref": "author-affiliation", "@href": "https://api.elsevier.com/content/abstract/scopus_id/85061643909?field=author,affiliation"},{"@_fa": "true", "@ref": "scopus", "@href": "https://www.scopus.com/inward/record.uri?partnerID=HzOxMe3b&scp=85061643909&origin=inward"},{"@_fa": "true", "@ref": "scopus-citedby", "@href": "https://www.scopus.com/inward/citedby.uri?partnerID=HzOxMe3b&scp=85061643909&origin=inward"}],"prism:url":"https://api.elsevier.com/content/abstract/scopus_id/85061643909","dc:identifier":"SCOPUS_ID:85061643909","eid":"2-s2.0-85061643909","dc:title":"Empowerment through disempowerment: Harem and the covert female resistance in Fatima Mernissi’s Dreams of Trespass: Tales of a Harem Girlhood","dc:creator":"Ishaque N.","prism:publicationName":"Cultural Dynamics","prism:issn":"09213740","prism:eIssn":"14617048","prism:volume":"30","prism:issueIdentifier":"4","prism:pageRange":"284-302","prism:coverDate":"2018-11-01","prism:coverDisplayDate":"1 November 2018","prism:doi":"10.1177/0921374019828855","citedby-count":"0","affiliation": [{"@_fa": "true", "affilname":"University of Lahore","affiliation-city":"Lahore","affiliation-country":"Pakistan"}],"prism:aggregationType":"Journal","subtype":"ar","subtypeDescription":"Article","source-id":"22828","openaccess":"0","openaccessFlag":false},{"@_fa": "true", "link": [{"@_fa": "true", "@ref": "self", "@href": "https://api.elsevier.com/content/abstract/scopus_id/85058591743"},{"@_fa": "true", "@ref": "author-affiliation", "@href": "https://api.elsevier.com/content/abstract/scopus_id/85058591743?field=author,affiliation"},{"@_fa": "true", "@ref": "scopus", "@href": "https://www.scopus.com/inward/record.uri?partnerID=HzOxMe3b&scp=85058591743&origin=inward"},{"@_fa": "true", "@ref": "scopus-citedby", "@href": "https://www.scopus.com/inward/citedby.uri?partnerID=HzOxMe3b&scp=85058591743&origin=inward"}],"prism:url":"https://api.elsevier.com/content/abstract/scopus_id/85058591743","dc:identifier":"SCOPUS_ID:85058591743","eid":"2-s2.0-85058591743","dc:title":"Sofia Coppola: The politics of visual pleasure","dc:creator":"Rogers A.","prism:publicationName":"Sofia Coppola: The Politics of Visual Pleasure","prism:isbn": [{"@_fa": "true", "$" :"9781785339660"},{"@_fa": "true", "$" :"9781785339653"}],"prism:pageRange":"1","prism:coverDate":"2018-11-01","prism:coverDisplayDate":"1 November 2018","citedby-count":"0","affiliation": [{"@_fa": "true", "affilname":"Göteborgs Universitet","affiliation-city":"Gothenburg","affiliation-country":"Sweden"}],"prism:aggregationType":"Book","subtype":"bk","subtypeDescription":"Book","source-id":"21100891764","openaccess":"0","openaccessFlag":false}]}}