{"search-results":{"opensearch:totalResults":"99","opensearch:startIndex":"0","opensearch:itemsPerPage":"25","opensearch:Query":{"@role": "request", "@searchTerms": "TITLE-ABS-KEY(\"patriarchy\") AND SUBJAREA(SOCI) AND PUBYEAR = 2019", "@startPage": "0"},"link": [{"@_fa": "true", "@ref": "self", "@href": "https://api.elsevier.com/content/search/scopus?start=0&count=25&query=TITLE-ABS-KEY%28%22patriarchy%22%29+AND+SUBJAREA%28SOCI%29+AND+PUBYEAR+%3D+2019&apiKey=27d953b4b546791964ebeb768d13e61f&view=STANDARD", "@type": "application/json"},{"@_fa": "true", "@ref": "first", "@href": "https://api.elsevier.com/content/search/scopus?start=0&count=25&query=TITLE-ABS-KEY%28%22patriarchy%22%29+AND+SUBJAREA%28SOCI%29+AND+PUBYEAR+%3D+2019&apiKey=27d953b4b546791964ebeb768d13e61f&view=STANDARD", "@type": "application/json"},{"@_fa": "true", "@ref": "next", "@href": "https://api.elsevier.com/content/search/scopus?start=25&count=25&query=TITLE-ABS-KEY%28%22patriarchy%22%29+AND+SUBJAREA%28SOCI%29+AND+PUBYEAR+%3D+2019&apiKey=27d953b4b546791964ebeb768d13e61f&view=STANDARD", "@type": "application/json"},{"@_fa": "true", "@ref": "last", "@href": "https://api.elsevier.com/content/search/scopus?start=74&count=25&query=TITLE-ABS-KEY%28%22patriarchy%22%29+AND+SUBJAREA%28SOCI%29+AND+PUBYEAR+%3D+2019&apiKey=27d953b4b546791964ebeb768d13e61f&view=STANDARD", "@type": "application/json"}],"entry": [{"@_fa": "true", "link": [{"@_fa": "true", "@ref": "self", "@href": "https://api.elsevier.com/content/abstract/scopus_id/85057315571"},{"@_fa": "true", "@ref": "author-affiliation", "@href": "https://api.elsevier.com/content/abstract/scopus_id/85057315571?field=author,affiliation"},{"@_fa": "true", "@ref": "scopus", "@href": "https://www.scopus.com/inward/record.uri?partnerID=HzOxMe3b&scp=85057315571&origin=inward"},{"@_fa": "true", "@ref": "scopus-citedby", "@href": "https://www.scopus.com/inward/citedby.uri?partnerID=HzOxMe3b&scp=85057315571&origin=inward"}],"prism:url":"https://api.elsevier.com/content/abstract/scopus_id/85057315571","dc:identifier":"SCOPUS_ID:85057315571","eid":"2-s2.0-85057315571","dc:title":"Where and what are the barriers to progression for female students and academics in UK Higher Education?","dc:creator":"Cooper O.","prism:publicationName":"Perspectives: Policy and Practice in Higher Education","prism:issn":"13603108","prism:eIssn":"14607018","prism:volume":"23","prism:issueIdentifier":"2-3","prism:pageRange":"93-100","prism:coverDate":"2019-07-03","prism:coverDisplayDate":"3 July 2019","prism:doi":"10.1080/13603108.2018.1544176","citedby-count":"0","affiliation": [{"@_fa": "true", "affilname":"The University of Warwick","affiliation-city":"Coventry","affiliation-country":"United Kingdom"}],"prism:aggregationType":"Journal","subtype":"ar","subtypeDescription":"Article","source-id":"19700188306","openaccess":"0","openaccessFlag":false},{"@_fa": "true", "link": [{"@_fa": "true", "@ref": "self", "@href": "https://api.elsevier.com/content/abstract/scopus_id/85046694788"},{"@_fa": "true", "@ref": "author-affiliation", "@href": "https://api.elsevier.com/content/abstract/scopus_id/85046694788?field=author,affiliation"},{"@_fa": "true", "@ref": "scopus", "@href": "https://www.scopus.com/inward/record.uri?partnerID=HzOxMe3b&scp=85046694788&origin=inward"},{"@_fa": "true", "@ref": "scopus-citedby", "@href": "https://www.scopus.com/inward/citedby.uri?partnerID=HzOxMe3b&scp=85046694788&origin=inward"}],"prism:url":"https://api.elsevier.com/content/abstract/scopus_id/85046694788","dc:identifier":"SCOPUS_ID:85046694788","eid":"2-s2.0-85046694788","dc:title":"Patriarchy and the Structure of Employment in Criminal Justice: Differences in the Experiences of Men and Women Working in the Legal Profession, Corrections, and Law Enforcement","dc:creator":"Batton C.","prism:publicationName":"Feminist Criminology","prism:issn":"15570851","prism:eIssn":"1557086X","prism:volume":"14","prism:issueIdentifier":"3","prism:pageRange":"287-306","prism:coverDate":"2019-07-01","prism:coverDisplayDate":"1 July 2019","prism:doi":"10.1177/1557085118769749","citedby-count":"0","affiliation": [{"@_fa": "true", "affilname":"University of Nebraska at Omaha","affiliation-city":"Omaha","affiliation-country":"United States"}],"prism:aggregationType":"Journal","subtype":"ar","subtypeDescription":"Article","source-id":"11400153312","openaccess":"0","openaccessFlag":false},{"@_fa": "true", "link": [{"@_fa": "true", "@ref": "self", "@href": "https://api.elsevier.com/content/abstract/scopus_id/85066039754"},{"@_fa": "true", "@ref": "author-affiliation", "@href": "https://api.elsevier.com/content/abstract/scopus_id/85066039754?field=author,affiliation"},{"@_fa": "true", "@ref": "scopus", "@href": "https://www.scopus.com/inward/record.uri?partnerID=HzOxMe3b&scp=85066039754&origin=inward"},{"@_fa": "true", "@ref": "scopus-citedby", "@href": "https://www.scopus.com/inward/citedby.uri?partnerID=HzOxMe3b&scp=85066039754&origin=inward"}],"prism:url":"https://api.elsevier.com/content/abstract/scopus_id/85066039754","dc:identifier":"SCOPUS_ID:85066039754","eid":"2-s2.0-85066039754","dc:title":"Survey article: Articulated darkness: White supremacy, patriarchy, and capitalism in shelby’s dark ghettos","dc:creator":"Dawson M.","prism:publicationName":"Journal of Political Philosophy","prism:issn":"09638016","prism:eIssn":"14679760","prism:volume":"27","prism:issueIdentifier":"2","prism:pageRange":"252-268","prism:coverDate":"2019-06-01","prism:coverDisplayDate":"June 2019","prism:doi":"10.1111/jopp.12183","citedby-count":"0","affiliation": [{"@_fa": "true", "affilname":"University of Chicago","affiliation-city":"Chicago","affiliation-country":"United States"}],"prism:aggregationType":"Journal","subtype":"no","subtypeDescription":"Note","source-id":"24829","openaccess":"1","openaccessFlag":true},{"@_fa": "true", "link": [{"@_fa": "true", "@ref": "self", "@href": "https://api.elsevier.com/content/abstract/scopus_id/85052290720"},{"@_fa": "true", "@ref": "author-affiliation", "@href": "https://api.elsevier.com/content/abstract/scopus_id/85052290720?field=author,affiliation"},{"@_fa": "true", "@ref": "scopus", "@href": "https://www.scopus.com/inward/record.uri?partnerID=HzOxMe3b&scp=85052290720&origin=inward"},{"@_fa": "true", "@ref": "scopus-citedby", "@href": "https://www.scopus.com/inward/citedby.uri?partnerID=HzOxMe3b&scp=85052290720&origin=inward"}],"prism:url":"https://api.elsevier.com/content/abstract/scopus_id/85052290720","dc:identifier":"SCOPUS_ID:85052290720","eid":"2-s2.0-85052290720","dc:title":"Religion, religiosity and patriarchal gender beliefs: Understanding the Australian experience","dc:creator":"Perales F.","prism:publicationName":"Journal of Sociology","prism:issn":"14407833","prism:eIssn":"17412978","prism:volume":"55","prism:issueIdentifier":"2","prism:pageRange":"323-341","prism:coverDate":"2019-06-01","prism:coverDisplayDate":"1 June 2019","prism:doi":"10.1177/1440783318791755","citedby-count":"1","affiliation": [{"@_fa": "true", "affilname":"University of Queensland","affiliation-city":"Brisbane","affiliation-country":"Australia"}],"prism:aggregationType":"Journal","subtype":"ar","subtypeDescription":"Article","source-id":"101305","openaccess":"0","openaccessFlag":false},{"@_fa": "true", "link": [{"@_fa": "true", "@ref": "self", "@href": "https://api.elsevier.com/content/abstract/scopus_id/85065874979"},{"@_fa": "true", "@ref": "author-affiliation", "@href": "https://api.elsevier.com/content/abstract/scopus_id/85065874979?field=author,affiliation"},{"@_fa": "true", "@ref": "scopus", "@href": "https://www.scopus.com/inward/record.uri?partnerID=HzOxMe3b&scp=85065874979&origin=inward"},{"@_fa": "true", "@ref": "scopus-citedby", "@href": "https://www.scopus.com/inward/citedby.uri?partnerID=HzOxMe3b&scp=85065874979&origin=inward"}],"prism:url":"https://api.elsevier.com/content/abstract/scopus_id/85065874979","dc:identifier":"SCOPUS_ID:85065874979","eid":"2-s2.0-85065874979","dc:title":"Chinese Young Men’s Construction of Exemplary Masculinity: The Hegemony of Chenggong","dc:creator":"Liu F.","prism:publicationName":"Men and Masculinities","prism:issn":"1097184X","prism:eIssn":"15526828","prism:volume":"22","prism:issueIdentifier":"2","prism:pageRange":"294-316","prism:coverDate":"2019-06-01","prism:coverDisplayDate":"1 June 2019","prism:doi":"10.1177/1097184X17696911","citedby-count":"5","affiliation": [{"@_fa": "true", "affilname":"Universitetet i Oslo","affiliation-city":"Oslo","affiliation-country":"Norway"}],"prism:aggregationType":"Journal","subtype":"ar","subtypeDescription":"Article","source-id":"144973","openaccess":"0","openaccessFlag":false},{"@_fa": "true", "link": [{"@_fa": "true", "@ref": "self", "@href": "https://api.elsevier.com/content/abstract/scopus_id/85049585818"},{"@_fa": "true", "@ref": "author-affiliation", "@href": "https://api.elsevier.com/content/abstract/scopus_id/85049585818?field=author,affiliation"},{"@_fa": "true", "@ref": "scopus", "@href": "https://www.scopus.com/inward/record.uri?partnerID=HzOxMe3b&scp=85049585818&origin=inward"},{"@_fa": "true", "@ref": "scopus-citedby", "@href": "https://www.scopus.com/inward/citedby.uri?partnerID=HzOxMe3b&scp=85049585818&origin=inward"}],"prism:url":"https://api.elsevier.com/content/abstract/scopus_id/85049585818","dc:identifier":"SCOPUS_ID:85049585818","eid":"2-s2.0-85049585818","dc:title":"The Return of Nature: Feminism, Hegemonic Masculinities, and New Materialisms","dc:creator":"Garlick S.","prism:publicationName":"Men and Masculinities","prism:issn":"1097184X","prism:eIssn":"15526828","prism:volume":"22","prism:issueIdentifier":"2","prism:pageRange":"380-403","prism:coverDate":"2019-06-01","prism:coverDisplayDate":"1 June 2019","prism:doi":"10.1177/1097184X17725128","citedby-count":"1","affiliation": [{"@_fa": "true", "affilname":"University of Victoria","affiliation-city":"Victoria","affiliation-country":"Canada"}],"prism:aggregationType":"Journal","subtype":"ar","subtypeDescription":"Article","source-id":"144973","openaccess":"0","openaccessFlag":false},{"@_fa": "true", "link": [{"@_fa": "true", "@ref": "self", "@href": "https://api.elsevier.com/content/abstract/scopus_id/85062647190"},{"@_fa": "true", "@ref": "author-affiliation", "@href": "https://api.elsevier.com/content/abstract/scopus_id/85062647190?field=author,affiliation"},{"@_fa": "true", "@ref": "scopus", "@href": "https://www.scopus.com/inward/record.uri?partnerID=HzOxMe3b&scp=85062647190&origin=inward"},{"@_fa": "true", "@ref": "scopus-citedby", "@href": "https://www.scopus.com/inward/citedby.uri?partnerID=HzOxMe3b&scp=85062647190&origin=inward"}],"prism:url":"https://api.elsevier.com/content/abstract/scopus_id/85062647190","dc:identifier":"SCOPUS_ID:85062647190","eid":"2-s2.0-85062647190","dc:title":"Approaches to Marital Conflict Resolution: A Perspective of Democratic Republic of Congo Migrants Living in Durban, South Africa","dc:creator":"Umubyeyi B.","prism:publicationName":"Journal of Family Issues","prism:issn":"0192513X","prism:eIssn":"15525481","prism:volume":"40","prism:issueIdentifier":"8","prism:pageRange":"1065-1085","prism:coverDate":"2019-06-01","prism:coverDisplayDate":"1 June 2019","prism:doi":"10.1177/0192513X19833092","citedby-count":"0","affiliation": [{"@_fa": "true", "affilname":"University of KwaZulu-Natal","affiliation-city":"Durban","affiliation-country":"South Africa"}],"prism:aggregationType":"Journal","subtype":"ar","subtypeDescription":"Article","source-id":"15641","openaccess":"0","openaccessFlag":false},{"@_fa": "true", "link": [{"@_fa": "true", "@ref": "self", "@href": "https://api.elsevier.com/content/abstract/scopus_id/85021881825"},{"@_fa": "true", "@ref": "author-affiliation", "@href": "https://api.elsevier.com/content/abstract/scopus_id/85021881825?field=author,affiliation"},{"@_fa": "true", "@ref": "scopus", "@href": "https://www.scopus.com/inward/record.uri?partnerID=HzOxMe3b&scp=85021881825&origin=inward"},{"@_fa": "true", "@ref": "scopus-citedby", "@href": "https://www.scopus.com/inward/citedby.uri?partnerID=HzOxMe3b&scp=85021881825&origin=inward"}],"prism:url":"https://api.elsevier.com/content/abstract/scopus_id/85021881825","dc:identifier":"SCOPUS_ID:85021881825","eid":"2-s2.0-85021881825","dc:title":"Malala: the story of a Muslim girl and a Muslim nation","dc:creator":"Khurshid A.","prism:publicationName":"Discourse","prism:issn":"01596306","prism:eIssn":"14693739","prism:volume":"40","prism:issueIdentifier":"3","prism:pageRange":"424-435","prism:coverDate":"2019-05-04","prism:coverDisplayDate":"4 May 2019","prism:doi":"10.1080/01596306.2017.1346587","citedby-count":"1","affiliation": [{"@_fa": "true", "affilname":"Florida State University","affiliation-city":"Tallahassee","affiliation-country":"United States"}],"prism:aggregationType":"Journal","subtype":"ar","subtypeDescription":"Article","source-id":"100147327","openaccess":"0","openaccessFlag":false},{"@_fa": "true", "link": [{"@_fa": "true", "@ref": "self", "@href": "https://api.elsevier.com/content/abstract/scopus_id/85017207914"},{"@_fa": "true", "@ref": "author-affiliation", "@href": "https://api.elsevier.com/content/abstract/scopus_id/85017207914?field=author,affiliation"},{"@_fa": "true", "@ref": "scopus", "@href": "https://www.scopus.com/inward/record.uri?partnerID=HzOxMe3b&scp=85017207914&origin=inward"},{"@_fa": "true", "@ref": "scopus-citedby", "@href": "https://www.scopus.com/inward/citedby.uri?partnerID=HzOxMe3b&scp=85017207914&origin=inward"}],"prism:url":"https://api.elsevier.com/content/abstract/scopus_id/85017207914","dc:identifier":"SCOPUS_ID:85017207914","eid":"2-s2.0-85017207914","dc:title":"Shifting discourses from boy preference to boy crisis: educating boys and nation building in neoliberal China","dc:creator":"Lin X.","prism:publicationName":"Discourse","prism:issn":"01596306","prism:eIssn":"14693739","prism:volume":"40","prism:issueIdentifier":"3","prism:pageRange":"281-293","prism:coverDate":"2019-05-04","prism:coverDisplayDate":"4 May 2019","prism:doi":"10.1080/01596306.2017.1312284","citedby-count":"3","affiliation": [{"@_fa": "true", "affilname":"University of York","affiliation-city":"York","affiliation-country":"United Kingdom"}],"prism:aggregationType":"Journal","subtype":"ar","subtypeDescription":"Article","source-id":"100147327","openaccess":"0","openaccessFlag":false},{"@_fa": "true", "link": [{"@_fa": "true", "@ref": "self", "@href": "https://api.elsevier.com/content/abstract/scopus_id/85063472086"},{"@_fa": "true", "@ref": "author-affiliation", "@href": "https://api.elsevier.com/content/abstract/scopus_id/85063472086?field=author,affiliation"},{"@_fa": "true", "@ref": "scopus", "@href": "https://www.scopus.com/inward/record.uri?partnerID=HzOxMe3b&scp=85063472086&origin=inward"},{"@_fa": "true", "@ref": "scopus-citedby", "@href": "https://www.scopus.com/inward/citedby.uri?partnerID=HzOxMe3b&scp=85063472086&origin=inward"}],"prism:url":"https://api.elsevier.com/content/abstract/scopus_id/85063472086","dc:identifier":"SCOPUS_ID:85063472086","eid":"2-s2.0-85063472086","dc:title":"Transatlantic connections: reception and production of Nollywood films in Brazil","dc:creator":"Ewing K.","prism:publicationName":"Journal of African Cultural Studies","prism:issn":"13696815","prism:eIssn":"14699346","prism:volume":"31","prism:issueIdentifier":"2","prism:pageRange":"196-211","prism:coverDate":"2019-05-04","prism:coverDisplayDate":"4 May 2019","prism:doi":"10.1080/13696815.2019.1584743","citedby-count":"0","affiliation": [{"@_fa": "true", "affilname":"Wayne State University","affiliation-city":"Detroit","affiliation-country":"United States"}],"prism:aggregationType":"Journal","subtype":"ar","subtypeDescription":"Article","source-id":"5600155552","openaccess":"0","openaccessFlag":false},{"@_fa": "true", "link": [{"@_fa": "true", "@ref": "self", "@href": "https://api.elsevier.com/content/abstract/scopus_id/85065123402"},{"@_fa": "true", "@ref": "author-affiliation", "@href": "https://api.elsevier.com/content/abstract/scopus_id/85065123402?field=author,affiliation"},{"@_fa": "true", "@ref": "scopus", "@href": "https://www.scopus.com/inward/record.uri?partnerID=HzOxMe3b&scp=85065123402&origin=inward"},{"@_fa": "true", "@ref": "scopus-citedby", "@href": "https://www.scopus.com/inward/citedby.uri?partnerID=HzOxMe3b&scp=85065123402&origin=inward"}],"prism:url":"https://api.elsevier.com/content/abstract/scopus_id/85065123402","dc:identifier":"SCOPUS_ID:85065123402","eid":"2-s2.0-85065123402","dc:title":"Structural accommodations of patriarchy: Women and workplace gender segregation in Qatar","dc:creator":"Salem R.","prism:publicationName":"Gender, Work and Organization","prism:issn":"09686673","prism:eIssn":"14680432","prism:volume":"26","prism:issueIdentifier":"4","prism:pageRange":"501-519","prism:coverDate":"2019-05-01","prism:coverDisplayDate":"May 2019","prism:doi":"10.1111/gwao.12361","citedby-count":"0","affiliation": [{"@_fa": "true", "affilname":"University of Toronto","affiliation-city":"Toronto","affiliation-country":"Canada"}],"prism:aggregationType":"Journal","subtype":"ar","subtypeDescription":"Article","source-id":"19295","openaccess":"0","openaccessFlag":false},{"@_fa": "true", "link": [{"@_fa": "true", "@ref": "self", "@href": "https://api.elsevier.com/content/abstract/scopus_id/85054123335"},{"@_fa": "true", "@ref": "author-affiliation", "@href": "https://api.elsevier.com/content/abstract/scopus_id/85054123335?field=author,affiliation"},{"@_fa": "true", "@ref": "scopus", "@href": "https://www.scopus.com/inward/record.uri?partnerID=HzOxMe3b&scp=85054123335&origin=inward"},{"@_fa": "true", "@ref": "scopus-citedby", "@href": "https://www.scopus.com/inward/citedby.uri?partnerID=HzOxMe3b&scp=85054123335&origin=inward"}],"prism:url":"https://api.elsevier.com/content/abstract/scopus_id/85054123335","dc:identifier":"SCOPUS_ID:85054123335","eid":"2-s2.0-85054123335","dc:title":"Partners in Patriarchy: Faith-Based Organizations and Neoliberalism in Turkey","dc:creator":"Atalay Z.","prism:publicationName":"Critical Sociology","prism:issn":"08969205","prism:eIssn":"15691632","prism:volume":"45","prism:issueIdentifier":"3","prism:pageRange":"431-445","prism:coverDate":"2019-05-01","prism:coverDisplayDate":"1 May 2019","prism:doi":"10.1177/0896920517711488","citedby-count":"1","affiliation": [{"@_fa": "true", "affilname":"Saint Marys College","affiliation-city":"Notre Dame","affiliation-country":"United States"}],"prism:aggregationType":"Journal","subtype":"ar","subtypeDescription":"Article","source-id":"24848","openaccess":"0","openaccessFlag":false},{"@_fa": "true", "link": [{"@_fa": "true", "@ref": "self", "@href": "https://api.elsevier.com/content/abstract/scopus_id/85065060056"},{"@_fa": "true", "@ref": "author-affiliation", "@href": "https://api.elsevier.com/content/abstract/scopus_id/85065060056?field=author,affiliation"},{"@_fa": "true", "@ref": "scopus", "@href": "https://www.scopus.com/inward/record.uri?partnerID=HzOxMe3b&scp=85065060056&origin=inward"},{"@_fa": "true", "@ref": "scopus-citedby", "@href": "https://www.scopus.com/inward/citedby.uri?partnerID=HzOxMe3b&scp=85065060056&origin=inward"}],"prism:url":"https://api.elsevier.com/content/abstract/scopus_id/85065060056","dc:identifier":"SCOPUS_ID:85065060056","eid":"2-s2.0-85065060056","dc:title":"Malaise in paternity","dc:creator":"Léandri M.","prism:publicationName":"Enfances et Psy","prism:issn":"12865559","prism:volume":"81","prism:issueIdentifier":"1","prism:pageRange":"15-22","prism:coverDate":"2019-04-18","prism:coverDisplayDate":"18 April 2019","prism:doi":"10.3917/ep.081.0015","citedby-count":"0","affiliation": [{"@_fa": "true", "affilname":"Centre de Consultations et de Traitements Psychanalytiques","affiliation-city":null,"affiliation-country":"France"}],"prism:aggregationType":"Journal","subtype":"re","subtypeDescription":"Review","source-id":"17700156011","openaccess":"0","openaccessFlag":false},{"@_fa": "true", "link": [{"@_fa": "true", "@ref": "self", "@href": "https://api.elsevier.com/content/abstract/scopus_id/85065501479"},{"@_fa": "true", "@ref": "author-affiliation", "@href": "https://api.elsevier.com/content/abstract/scopus_id/85065501479?field=author,affiliation"},{"@_fa": "true", "@ref": "scopus", "@href": "https://www.scopus.com/inward/record.uri?partnerID=HzOxMe3b&scp=85065501479&origin=inward"},{"@_fa": "true", "@ref": "scopus-citedby", "@href": "https://www.scopus.com/inward/citedby.uri?partnerID=HzOxMe3b&scp=85065501479&origin=inward"}],"prism:url":"https://api.elsevier.com/content/abstract/scopus_id/85065501479","dc:identifier":"SCOPUS_ID:85065501479","eid":"2-s2.0-85065501479","dc:title":"Rural rage: the roots of right-wing populism in the United States <sup>*</sup>","dc:creator":"Berlet C.","prism:publicationName":"Journal of Peasant Studies","prism:issn":"03066150","prism:eIssn":"17439361","prism:volume":"46","prism:issueIdentifier":"3","prism:pageRange":"480-513","prism:coverDate":"2019-04-16","prism:coverDisplayDate":"16 April 2019","prism:doi":"10.1080/03066150.2019.1572603","citedby-count":"0","prism:aggregationType":"Journal","subtype":"ar","subtypeDescription":"Article","source-id":"15670","openaccess":"0","openaccessFlag":false},{"@_fa": "true", "link": [{"@_fa": "true", "@ref": "self", "@href": "https://api.elsevier.com/content/abstract/scopus_id/85062834612"},{"@_fa": "true", "@ref": "author-affiliation", "@href": "https://api.elsevier.com/content/abstract/scopus_id/85062834612?field=author,affiliation"},{"@_fa": "true", "@ref": "scopus", "@href": "https://www.scopus.com/inward/record.uri?partnerID=HzOxMe3b&scp=85062834612&origin=inward"},{"@_fa": "true", "@ref": "scopus-citedby", "@href": "https://www.scopus.com/inward/citedby.uri?partnerID=HzOxMe3b&scp=85062834612&origin=inward"}],"prism:url":"https://api.elsevier.com/content/abstract/scopus_id/85062834612","dc:identifier":"SCOPUS_ID:85062834612","eid":"2-s2.0-85062834612","dc:title":"‘Bridging the gap between the intellectual and the human’: The awkward biography of anthropologist and scholar-activist Iona Simon Mayer (1923–)","dc:creator":"Bank A.","prism:publicationName":"African Studies","prism:issn":"00020184","prism:eIssn":"14692872","prism:volume":"78","prism:issueIdentifier":"2","prism:pageRange":"267-289","prism:coverDate":"2019-04-03","prism:coverDisplayDate":"3 April 2019","prism:doi":"10.1080/00020184.2019.1569435","citedby-count":"0","affiliation": [{"@_fa": "true", "affilname":"University of the Western Cape","affiliation-city":"Bellville","affiliation-country":"South Africa"}],"prism:aggregationType":"Journal","subtype":"ar","subtypeDescription":"Article","source-id":"18929","openaccess":"0","openaccessFlag":false},{"@_fa": "true", "link": [{"@_fa": "true", "@ref": "self", "@href": "https://api.elsevier.com/content/abstract/scopus_id/85064522548"},{"@_fa": "true", "@ref": "author-affiliation", "@href": "https://api.elsevier.com/content/abstract/scopus_id/85064522548?field=author,affiliation"},{"@_fa": "true", "@ref": "scopus", "@href": "https://www.scopus.com/inward/record.uri?partnerID=HzOxMe3b&scp=85064522548&origin=inward"},{"@_fa": "true", "@ref": "scopus-citedby", "@href": "https://www.scopus.com/inward/citedby.uri?partnerID=HzOxMe3b&scp=85064522548&origin=inward"}],"prism:url":"https://api.elsevier.com/content/abstract/scopus_id/85064522548","dc:identifier":"SCOPUS_ID:85064522548","eid":"2-s2.0-85064522548","dc:title":"A vision of ireland, 1967: John Montague’s aisling ghéar","dc:creator":"Herron T.","prism:publicationName":"Irish Studies Review","prism:issn":"09670882","prism:eIssn":"14699303","prism:volume":"27","prism:issueIdentifier":"2","prism:pageRange":"161-176","prism:coverDate":"2019-04-03","prism:coverDisplayDate":"3 April 2019","prism:doi":"10.1080/09670882.2019.1600643","citedby-count":"0","affiliation": [{"@_fa": "true", "affilname":"Leeds Beckett University","affiliation-city":"Leeds","affiliation-country":"United Kingdom"}],"prism:aggregationType":"Journal","subtype":"ar","subtypeDescription":"Article","source-id":"5600153617","openaccess":"0","openaccessFlag":false},{"@_fa": "true", "link": [{"@_fa": "true", "@ref": "self", "@href": "https://api.elsevier.com/content/abstract/scopus_id/85046402745"},{"@_fa": "true", "@ref": "author-affiliation", "@href": "https://api.elsevier.com/content/abstract/scopus_id/85046402745?field=author,affiliation"},{"@_fa": "true", "@ref": "scopus", "@href": "https://www.scopus.com/inward/record.uri?partnerID=HzOxMe3b&scp=85046402745&origin=inward"},{"@_fa": "true", "@ref": "scopus-citedby", "@href": "https://www.scopus.com/inward/citedby.uri?partnerID=HzOxMe3b&scp=85046402745&origin=inward"}],"prism:url":"https://api.elsevier.com/content/abstract/scopus_id/85046402745","dc:identifier":"SCOPUS_ID:85046402745","eid":"2-s2.0-85046402745","dc:title":"Article 772 and Japan's unregistered","dc:creator":"Chapman D.","prism:publicationName":"Japan Forum","prism:issn":"09555803","prism:eIssn":"1469932X","prism:volume":"31","prism:issueIdentifier":"2","prism:pageRange":"235-253","prism:coverDate":"2019-04-03","prism:coverDisplayDate":"3 April 2019","prism:doi":"10.1080/09555803.2018.1461676","citedby-count":"0","affiliation": [{"@_fa": "true", "affilname":"University of Queensland","affiliation-city":"Brisbane","affiliation-country":"Australia"}],"prism:aggregationType":"Journal","subtype":"ar","subtypeDescription":"Article","source-id":"5700163717","openaccess":"0","openaccessFlag":false},{"@_fa": "true", "link": [{"@_fa": "true", "@ref": "self", "@href": "https://api.elsevier.com/content/abstract/scopus_id/85052118492"},{"@_fa": "true", "@ref": "author-affiliation", "@href": "https://api.elsevier.com/content/abstract/scopus_id/85052118492?field=author,affiliation"},{"@_fa": "true", "@ref": "scopus", "@href": "https://www.scopus.com/inward/record.uri?partnerID=HzOxMe3b&scp=85052118492&origin=inward"},{"@_fa": "true", "@ref": "scopus-citedby", "@href": "https://www.scopus.com/inward/citedby.uri?partnerID=HzOxMe3b&scp=85052118492&origin=inward"}],"prism:url":"https://api.elsevier.com/content/abstract/scopus_id/85052118492","dc:identifier":"SCOPUS_ID:85052118492","eid":"2-s2.0-85052118492","dc:title":"Mediated images of success: Hegemonic media representations and social justice","dc:creator":"Mercado A.","prism:publicationName":"Communication Teacher","prism:issn":"17404622","prism:eIssn":"17404630","prism:volume":"33","prism:issueIdentifier":"2","prism:pageRange":"94-98","prism:coverDate":"2019-04-03","prism:coverDisplayDate":"3 April 2019","prism:doi":"10.1080/17404622.2018.1500701","citedby-count":"0","affiliation": [{"@_fa": "true", "affilname":"University of San Diego","affiliation-city":"San Diego","affiliation-country":"United States"}],"prism:aggregationType":"Journal","subtype":"ar","subtypeDescription":"Article","source-id":"5800208514","openaccess":"0","openaccessFlag":false},{"@_fa": "true", "link": [{"@_fa": "true", "@ref": "self", "@href": "https://api.elsevier.com/content/abstract/scopus_id/85046690140"},{"@_fa": "true", "@ref": "author-affiliation", "@href": "https://api.elsevier.com/content/abstract/scopus_id/85046690140?field=author,affiliation"},{"@_fa": "true", "@ref": "scopus", "@href": "https://www.scopus.com/inward/record.uri?partnerID=HzOxMe3b&scp=85046690140&origin=inward"},{"@_fa": "true", "@ref": "scopus-citedby", "@href": "https://www.scopus.com/inward/citedby.uri?partnerID=HzOxMe3b&scp=85046690140&origin=inward"}],"prism:url":"https://api.elsevier.com/content/abstract/scopus_id/85046690140","dc:identifier":"SCOPUS_ID:85046690140","eid":"2-s2.0-85046690140","dc:title":"High heels as a disciplinary practice of femininity in Sandra Cisneros’s The House on Mango Street","dc:creator":"Burcar L.","prism:publicationName":"Journal of Gender Studies","prism:issn":"09589236","prism:eIssn":"14653869","prism:volume":"28","prism:issueIdentifier":"3","prism:pageRange":"353-362","prism:coverDate":"2019-04-03","prism:coverDisplayDate":"3 April 2019","prism:doi":"10.1080/09589236.2018.1472556","citedby-count":"0","affiliation": [{"@_fa": "true", "affilname":"University of Ljubljana","affiliation-city":"Ljubljana","affiliation-country":"Slovenia"}],"prism:aggregationType":"Journal","subtype":"ar","subtypeDescription":"Article","source-id":"23704","openaccess":"0","openaccessFlag":false},{"@_fa": "true", "link": [{"@_fa": "true", "@ref": "self", "@href": "https://api.elsevier.com/content/abstract/scopus_id/85059345974"},{"@_fa": "true", "@ref": "author-affiliation", "@href": "https://api.elsevier.com/content/abstract/scopus_id/85059345974?field=author,affiliation"},{"@_fa": "true", "@ref": "scopus", "@href": "https://www.scopus.com/inward/record.uri?partnerID=HzOxMe3b&scp=85059345974&origin=inward"},{"@_fa": "true", "@ref": "scopus-citedby", "@href": "https://www.scopus.com/inward/citedby.uri?partnerID=HzOxMe3b&scp=85059345974&origin=inward"}],"prism:url":"https://api.elsevier.com/content/abstract/scopus_id/85059345974","dc:identifier":"SCOPUS_ID:85059345974","eid":"2-s2.0-85059345974","dc:title":"Carrying the Burden of a Culture: Bargaining With Patriarchy and the Gendered Reputation of Arab American Women","dc:creator":"Aboulhassan S.","prism:publicationName":"Journal of Family Issues","prism:issn":"0192513X","prism:eIssn":"15525481","prism:volume":"40","prism:issueIdentifier":"5","prism:pageRange":"637-661","prism:coverDate":"2019-04-01","prism:coverDisplayDate":"1 April 2019","prism:doi":"10.1177/0192513X18821403","citedby-count":"0","affiliation": [{"@_fa": "true", "affilname":"Wayne State University","affiliation-city":"Detroit","affiliation-country":"United States"}],"prism:aggregationType":"Journal","subtype":"ar","subtypeDescription":"Article","source-id":"15641","openaccess":"0","openaccessFlag":false},{"@_fa": "true", "link": [{"@_fa": "true", "@ref": "self", "@href": "https://api.elsevier.com/content/abstract/scopus_id/85061592476"},{"@_fa": "true", "@ref": "author-affiliation", "@href": "https://api.elsevier.com/content/abstract/scopus_id/85061592476?field=author,affiliation"},{"@_fa": "true", "@ref": "scopus", "@href": "https://www.scopus.com/inward/record.uri?partnerID=HzOxMe3b&scp=85061592476&origin=inward"},{"@_fa": "true", "@ref": "scopus-citedby", "@href": "https://www.scopus.com/inward/citedby.uri?partnerID=HzOxMe3b&scp=85061592476&origin=inward"}],"prism:url":"https://api.elsevier.com/content/abstract/scopus_id/85061592476","dc:identifier":"SCOPUS_ID:85061592476","eid":"2-s2.0-85061592476","dc:title":"Transatlantic repatriation: Stigma management of second-generation Italian and Greek American women ‘returning home’","dc:creator":"Isaakyan I.","prism:publicationName":"European Journal of Cultural Studies","prism:issn":"13675494","prism:eIssn":"14603551","prism:volume":"22","prism:issueIdentifier":"2","prism:pageRange":"180-194","prism:coverDate":"2019-04-01","prism:coverDisplayDate":"1 April 2019","prism:doi":"10.1177/1367549418823058","citedby-count":"0","affiliation": [{"@_fa": "true", "affilname":"European University Institute, San Domenico di Fiesole","affiliation-city":"San Domenico di Fiesole","affiliation-country":"Italy"}],"prism:aggregationType":"Journal","subtype":"ar","subtypeDescription":"Article","source-id":"300147008","openaccess":"0","openaccessFlag":false},{"@_fa": "true", "link": [{"@_fa": "true", "@ref": "self", "@href": "https://api.elsevier.com/content/abstract/scopus_id/85064125975"},{"@_fa": "true", "@ref": "author-affiliation", "@href": "https://api.elsevier.com/content/abstract/scopus_id/85064125975?field=author,affiliation"},{"@_fa": "true", "@ref": "scopus", "@href": "https://www.scopus.com/inward/record.uri?partnerID=HzOxMe3b&scp=85064125975&origin=inward"},{"@_fa": "true", "@ref": "scopus-citedby", "@href": "https://www.scopus.com/inward/citedby.uri?partnerID=HzOxMe3b&scp=85064125975&origin=inward"}],"prism:url":"https://api.elsevier.com/content/abstract/scopus_id/85064125975","dc:identifier":"SCOPUS_ID:85064125975","eid":"2-s2.0-85064125975","dc:title":"Posttraumatic Slave Syndrome, the Patriarchal Nuclear Family Structure, and African American Male-Female Relationships","dc:creator":"St Vil N.","prism:publicationName":"Social Work (United States)","prism:issn":"00378046","prism:eIssn":"15456846","prism:volume":"64","prism:issueIdentifier":"2","prism:pageRange":"139-145","prism:coverDate":"2019-04-01","prism:coverDisplayDate":"1 April 2019","prism:doi":"10.1093/sw/swz002","citedby-count":"0","affiliation": [{"@_fa": "true", "affilname":"University at Buffalo, State University of New York","affiliation-city":"Buffalo","affiliation-country":"United States"}],"pubmed-id":"30722067","prism:aggregationType":"Journal","subtype":"ar","subtypeDescription":"Article","source-id":"19600163400","openaccess":"0","openaccessFlag":false},{"@_fa": "true", "link": [{"@_fa": "true", "@ref": "self", "@href": "https://api.elsevier.com/content/abstract/scopus_id/85065300827"},{"@_fa": "true", "@ref": "author-affiliation", "@href": "https://api.elsevier.com/content/abstract/scopus_id/85065300827?field=author,affiliation"},{"@_fa": "true", "@ref": "scopus", "@href": "https://www.scopus.com/inward/record.uri?partnerID=HzOxMe3b&scp=85065300827&origin=inward"},{"@_fa": "true", "@ref": "scopus-citedby", "@href": "https://www.scopus.com/inward/citedby.uri?partnerID=HzOxMe3b&scp=85065300827&origin=inward"}],"prism:url":"https://api.elsevier.com/content/abstract/scopus_id/85065300827","dc:identifier":"SCOPUS_ID:85065300827","eid":"2-s2.0-85065300827","dc:title":"Critical librarianship in health sciences libraries: An introduction","dc:creator":"Barr-Walker J.","prism:publicationName":"Journal of the Medical Library Association","prism:issn":"15365050","prism:eIssn":"15589439","prism:volume":"107","prism:issueIdentifier":"2","prism:pageRange":"258-264","prism:coverDate":"2019-04-01","prism:coverDisplayDate":"April 2019","prism:doi":"10.5195/jmla.2019.620","citedby-count":"0","affiliation": [{"@_fa": "true", "affilname":"University of California, San Francisco","affiliation-city":"San Francisco","affiliation-country":"United States"}],"pubmed-id":"31019396","prism:aggregationType":"Journal","subtype":"ar","subtypeDescription":"Article","source-id":"17857","openaccess":"1","openaccessFlag":true},{"@_fa": "true", "link": [{"@_fa": "true", "@ref": "self", "@href": "https://api.elsevier.com/content/abstract/scopus_id/85063990646"},{"@_fa": "true", "@ref": "author-affiliation", "@href": "https://api.elsevier.com/content/abstract/scopus_id/85063990646?field=author,affiliation"},{"@_fa": "true", "@ref": "scopus", "@href": "https://www.scopus.com/inward/record.uri?partnerID=HzOxMe3b&scp=85063990646&origin=inward"},{"@_fa": "true", "@ref": "scopus-citedby", "@href": "https://www.scopus.com/inward/citedby.uri?partnerID=HzOxMe3b&scp=85063990646&origin=inward"}],"prism:url":"https://api.elsevier.com/content/abstract/scopus_id/85063990646","dc:identifier":"SCOPUS_ID:85063990646","eid":"2-s2.0-85063990646","dc:title":"I’m Not Sure This Is Rape, But: An Exposition of the Stealthing Trend","dc:creator":"Ebrahim S.","prism:publicationName":"SAGE Open","prism:eIssn":"21582440","prism:volume":"9","prism:issueIdentifier":"2","prism:pageRange":null,"prism:coverDate":"2019-04-01","prism:coverDisplayDate":"1 April 2019","prism:doi":"10.1177/2158244019842201","citedby-count":"0","affiliation": [{"@_fa": "true", "affilname":"University of Johannesburg","affiliation-city":"Johannesburg","affiliation-country":"South Africa"}],"prism:aggregationType":"Journal","subtype":"ar","subtypeDescription":"Article","source-id":"21100255401","openaccess":"1","openaccessFlag":true},{"@_fa": "true", "link": [{"@_fa": "true", "@ref": "self", "@href": "https://api.elsevier.com/content/abstract/scopus_id/85063946011"},{"@_fa": "true", "@ref": "author-affiliation", "@href": "https://api.elsevier.com/content/abstract/scopus_id/85063946011?field=author,affiliation"},{"@_fa": "true", "@ref": "scopus", "@href": "https://www.scopus.com/inward/record.uri?partnerID=HzOxMe3b&scp=85063946011&origin=inward"},{"@_fa": "true", "@ref": "scopus-citedby", "@href": "https://www.scopus.com/inward/citedby.uri?partnerID=HzOxMe3b&scp=85063946011&origin=inward"}],"prism:url":"https://api.elsevier.com/content/abstract/scopus_id/85063946011","dc:identifier":"SCOPUS_ID:85063946011","eid":"2-s2.0-85063946011","dc:title":"The household workers of the East India Company ports of pre-colonial Bengal","dc:creator":"Chakraborty T.","prism:publicationName":"International Review of Social History","prism:issn":"00208590","prism:eIssn":"1469512X","prism:volume":"64","prism:issueIdentifier":"S27","prism:pageRange":"71-93","prism:coverDate":"2019-04-01","prism:coverDisplayDate":"1 April 2019","prism:doi":"10.1017/S0020859019000038","pii":"S0020859019000038","citedby-count":"0","affiliation": [{"@_fa": "true", "affilname":"Duke Kunshan University","affiliation-city":"Kunshan","affiliation-country":"China"}],"prism:aggregationType":"Journal","subtype":"re","subtypeDescription":"Review","source-id":"15347","openaccess":"1","openaccessFlag":true}]}}