{"search-results":{"opensearch:totalResults":"117","opensearch:startIndex":"0","opensearch:itemsPerPage":"25","opensearch:Query":{"@role": "request", "@searchTerms": "TITLE-ABS-KEY(\"patriarchy\") AND SUBJAREA(SOCI) AND PUBYEAR = 2010", "@startPage": "0"},"link": [{"@_fa": "true", "@ref": "self", "@href": "https://api.elsevier.com/content/search/scopus?start=0&count=25&query=TITLE-ABS-KEY%28%22patriarchy%22%29+AND+SUBJAREA%28SOCI%29+AND+PUBYEAR+%3D+2010&apiKey=27d953b4b546791964ebeb768d13e61f&view=COMPLETE", "@type": "application/json"},{"@_fa": "true", "@ref": "first", "@href": "https://api.elsevier.com/content/search/scopus?start=0&count=25&query=TITLE-ABS-KEY%28%22patriarchy%22%29+AND+SUBJAREA%28SOCI%29+AND+PUBYEAR+%3D+2010&apiKey=27d953b4b546791964ebeb768d13e61f&view=COMPLETE", "@type": "application/json"},{"@_fa": "true", "@ref": "next", "@href": "https://api.elsevier.com/content/search/scopus?start=25&count=25&query=TITLE-ABS-KEY%28%22patriarchy%22%29+AND+SUBJAREA%28SOCI%29+AND+PUBYEAR+%3D+2010&apiKey=27d953b4b546791964ebeb768d13e61f&view=COMPLETE", "@type": "application/json"},{"@_fa": "true", "@ref": "last", "@href": "https://api.elsevier.com/content/search/scopus?start=92&count=25&query=TITLE-ABS-KEY%28%22patriarchy%22%29+AND+SUBJAREA%28SOCI%29+AND+PUBYEAR+%3D+2010&apiKey=27d953b4b546791964ebeb768d13e61f&view=COMPLETE", "@type": "application/json"}],"entry": [{"@_fa": "true", "link": [{"@_fa": "true", "@ref": "self", "@href": "https://api.elsevier.com/content/abstract/scopus_id/84894987690"},{"@_fa": "true", "@ref": "author-affiliation", "@href": "https://api.elsevier.com/content/abstract/scopus_id/84894987690?field=author,affiliation"},{"@_fa": "true", "@ref": "scopus", "@href": "https://www.scopus.com/inward/record.uri?partnerID=HzOxMe3b&scp=84894987690&origin=inward"},{"@_fa": "true", "@ref": "scopus-citedby", "@href": "https://www.scopus.com/inward/citedby.uri?partnerID=HzOxMe3b&scp=84894987690&origin=inward"}],"prism:url":"https://api.elsevier.com/content/abstract/scopus_id/84894987690","dc:identifier":"SCOPUS_ID:84894987690","eid":"2-s2.0-84894987690","dc:title":"Hillary versus the patriarchy","dc:creator":"Jong E.","prism:publicationName":"Who Should Be First?: Feminists Speak Out on the 2008 Presidential Campaign","prism:isbn": [{"@_fa": "true", "$" :"9781438433752"}],"prism:pageRange":"75-78","prism:coverDate":"2010-12-01","prism:coverDisplayDate":"2010","citedby-count":"0","prism:aggregationType":"Book","subtype":"ch","subtypeDescription":"Chapter","author-count":{"@limit": "100", "@total": "1", "$" :"1"},"author": [{"@_fa": "true", "@seq": "1", "author-url":"https://api.elsevier.com/content/author/author_id/56053656000","authid":"56053656000","authname":"Jong E.","surname":"Jong","given-name":"Erica","initials":"E."}],"source-id":"21100288232","fund-no":"undefined","openaccess":"0","openaccessFlag":false},{"@_fa": "true", "link": [{"@_fa": "true", "@ref": "self", "@href": "https://api.elsevier.com/content/abstract/scopus_id/84894700449"},{"@_fa": "true", "@ref": "author-affiliation", "@href": "https://api.elsevier.com/content/abstract/scopus_id/84894700449?field=author,affiliation"},{"@_fa": "true", "@ref": "scopus", "@href": "https://www.scopus.com/inward/record.uri?partnerID=HzOxMe3b&scp=84894700449&origin=inward"},{"@_fa": "true", "@ref": "scopus-citedby", "@href": "https://www.scopus.com/inward/citedby.uri?partnerID=HzOxMe3b&scp=84894700449&origin=inward"}],"prism:url":"https://api.elsevier.com/content/abstract/scopus_id/84894700449","dc:identifier":"SCOPUS_ID:84894700449","eid":"2-s2.0-84894700449","dc:title":"2010 FIFA world cup and the patriarchy of football spectatorship in Malawi","dc:creator":"Kapasula J.","prism:publicationName":"Gender, Sport and Development in Africa: Cross-cultural Perspectives on Patterns of Representations and Marginalization","prism:isbn": [{"@_fa": "true", "$" :"9782869783065"}],"prism:pageRange":"27-46","prism:coverDate":"2010-12-01","prism:coverDisplayDate":"2010","citedby-count":"1","affiliation": [{"@_fa": "true", "affiliation-url":"https://api.elsevier.com/content/affiliation/affiliation_id/60072661","afid":"60072661","affilname":"Chancellor College Malawi","affiliation-city":"Zomba","affiliation-country":"Malawi"}],"prism:aggregationType":"Book","subtype":"ch","subtypeDescription":"Chapter","author-count":{"@limit": "100", "@total": "1", "$" :"1"},"author": [{"@_fa": "true", "@seq": "1", "author-url":"https://api.elsevier.com/content/author/author_id/45161200300","authid":"45161200300","authname":"Kapasula J.","surname":"Kapasula","given-name":"Jessie Kabwila","initials":"J.K.","afid": [{"@_fa": "true", "$" :"60072661"}]}],"source-id":"21100287329","fund-no":"undefined","openaccess":"0","openaccessFlag":false},{"@_fa": "true", "link": [{"@_fa": "true", "@ref": "self", "@href": "https://api.elsevier.com/content/abstract/scopus_id/84881975433"},{"@_fa": "true", "@ref": "author-affiliation", "@href": "https://api.elsevier.com/content/abstract/scopus_id/84881975433?field=author,affiliation"},{"@_fa": "true", "@ref": "scopus", "@href": "https://www.scopus.com/inward/record.uri?partnerID=HzOxMe3b&scp=84881975433&origin=inward"},{"@_fa": "true", "@ref": "scopus-citedby", "@href": "https://www.scopus.com/inward/citedby.uri?partnerID=HzOxMe3b&scp=84881975433&origin=inward"}],"prism:url":"https://api.elsevier.com/content/abstract/scopus_id/84881975433","dc:identifier":"SCOPUS_ID:84881975433","eid":"2-s2.0-84881975433","dc:title":"Power, patriarchy and land: Examining women's land rights in uganda and rwanda","dc:creator":"Bird K.","prism:publicationName":"The International Handbook of Gender and Poverty: Concepts, Research, Policy","prism:isbn": [{"@_fa": "true", "$" :"9781848443341"}],"prism:pageRange":"360-366","prism:coverDate":"2010-12-01","prism:coverDisplayDate":"2010","citedby-count":"2","affiliation": [{"@_fa": "true", "affiliation-url":"https://api.elsevier.com/content/affiliation/affiliation_id/60002552","afid":"60002552","affilname":"Overseas Development Institute","affiliation-city":"London","affiliation-country":"United Kingdom"}],"prism:aggregationType":"Book","subtype":"ch","subtypeDescription":"Chapter","author-count":{"@limit": "100", "@total": "2", "$" :"2"},"author": [{"@_fa": "true", "@seq": "1", "author-url":"https://api.elsevier.com/content/author/author_id/7005008194","authid":"7005008194","authname":"Bird K.","surname":"Bird","given-name":"Kate","initials":"K.","afid": [{"@_fa": "true", "$" :"60002552"}]},{"@_fa": "true", "@seq": "2", "author-url":"https://api.elsevier.com/content/author/author_id/35738640400","authid":"35738640400","authname":"Espey J.","surname":"Espey","given-name":"Jessica","initials":"J.","afid": [{"@_fa": "true", "$" :"60002552"}]}],"source-id":"21100250007","fund-no":"undefined","openaccess":"0","openaccessFlag":false},{"@_fa": "true", "link": [{"@_fa": "true", "@ref": "self", "@href": "https://api.elsevier.com/content/abstract/scopus_id/79954497205"},{"@_fa": "true", "@ref": "author-affiliation", "@href": "https://api.elsevier.com/content/abstract/scopus_id/79954497205?field=author,affiliation"},{"@_fa": "true", "@ref": "scopus", "@href": "https://www.scopus.com/inward/record.uri?partnerID=HzOxMe3b&scp=79954497205&origin=inward"},{"@_fa": "true", "@ref": "scopus-citedby", "@href": "https://www.scopus.com/inward/citedby.uri?partnerID=HzOxMe3b&scp=79954497205&origin=inward"}],"prism:url":"https://api.elsevier.com/content/abstract/scopus_id/79954497205","dc:identifier":"SCOPUS_ID:79954497205","eid":"2-s2.0-79954497205","dc:title":"Is islam a threshold for escape or an insurmountable barrier? women bargaining with patriarchy in post- Islamist Sudan","dc:creator":"Tønnessen L.","prism:publicationName":"Comparative Studies of South Asia, Africa and the Middle East","prism:issn":"1089201X","prism:eIssn":"1548226X","prism:volume":"30","prism:issueIdentifier":"3","prism:pageRange":"583-594","prism:coverDate":"2010-12-01","prism:coverDisplayDate":"2010","prism:doi":"10.1215/1089201X-2010-036","dc:description":"This article explores women's bargaining with a patriarchal Islamic state in Sudan. The article is situated within the realm of the literature on post-Islamism, which claims that Islamism becomes compelled both by its own internal contradictions and by societal pressure to reinvent itself through a \"secular,\" \"democratic,\" and \"feminist\" transformation of Islamic theology. The emergence of Islamic feminisms is thus regarded as a paradoxical consequence of the spaces that Islamism created in the course of participation in the political game. The article argues that women are continuously bargaining with patriarchy in Sudan, but the processes of renegotiating women's rights within the context of an Islamic state do not only take an Islamic feminist direction as post-Islamist scholars propose. What we see in contemporary Sudan is different types of women's (non)movements offering qualitatively different and competing interpretations of the shari'a. The processes of (re-)Islamization and post-Islamization in Sudan are thus conflated. The paradoxical consequence of Islamism in Sudan is that women's activism is seen in not only those acts that resist patriarchy, but also those acts that aim to preserve patriarchy. It is based on fieldwork in Sudan in 2006, 2007, 2008, and 2009. copy; 2011 by Duke University Press.","citedby-count":"0","prism:aggregationType":"Journal","subtype":"ar","subtypeDescription":"Article","author-count":{"@limit": "100", "@total": "1", "$" :"1"},"author": [{"@_fa": "true", "@seq": "1", "author-url":"https://api.elsevier.com/content/author/author_id/22959102400","authid":"22959102400","authname":"Tønnessen L.","surname":"Tønnessen","given-name":"Liv","initials":"L."}],"source-id":"16383","fund-no":"undefined","openaccess":"0","openaccessFlag":false},{"@_fa": "true", "link": [{"@_fa": "true", "@ref": "self", "@href": "https://api.elsevier.com/content/abstract/scopus_id/84892358851"},{"@_fa": "true", "@ref": "author-affiliation", "@href": "https://api.elsevier.com/content/abstract/scopus_id/84892358851?field=author,affiliation"},{"@_fa": "true", "@ref": "scopus", "@href": "https://www.scopus.com/inward/record.uri?partnerID=HzOxMe3b&scp=84892358851&origin=inward"},{"@_fa": "true", "@ref": "scopus-citedby", "@href": "https://www.scopus.com/inward/citedby.uri?partnerID=HzOxMe3b&scp=84892358851&origin=inward"}],"prism:url":"https://api.elsevier.com/content/abstract/scopus_id/84892358851","dc:identifier":"SCOPUS_ID:84892358851","eid":"2-s2.0-84892358851","dc:title":"Bargaining with spiritual patriarchy: Women in the Shas<sup>1</sup> Movement in Israel","dc:creator":"Kalev H.","prism:publicationName":"New Topics in Feminist Philosophy of Religion: Contestations and Transcendence Incarnate","prism:isbn": [{"@_fa": "true", "$" :"9781402068324"}],"prism:pageRange":"85-101","prism:coverDate":"2010-12-01","prism:coverDisplayDate":"2010","prism:doi":"10.1007/978-1-4020-6833-1_6","dc:description":"In this article the strategies of gender bargaining with the spiritual and political patriarchy will be explored through the case study of the women in Shas Movement. Shas is an ultra orthodox Sephardic patriarchal community in Israel, whose community life, beliefs, and culture are rooted in the Jewish religion. Its rules and gender relations are translated into codes of behavior that are implemented by forces of patriarchy which work through social networks that function similarly to other disciplining power networks. As the control over the observation of religious life with regard to gender relations is very rigid the women who start to make changes do so in very small steps and proceed carefully in order to loosen the restricting forces. Women's bargaining is practiced like the art of embroidery. Through examples I introduce the methods and practices in which women in Shas manage to loosen the patriarchal control. I apply Deniz Kandioty's methodological notion of Bargaining With Patriarchy for the analytical part. © 2010 Springer Science+Business Media B.V.","citedby-count":"2","affiliation": [{"@_fa": "true", "affiliation-url":"https://api.elsevier.com/content/affiliation/affiliation_id/60027161","afid":"60027161","affilname":"Ben-Gurion University of the Negev","affiliation-city":"Beer Sheba","affiliation-country":"Israel"}],"prism:aggregationType":"Book","subtype":"ch","subtypeDescription":"Chapter","author-count":{"@limit": "100", "@total": "1", "$" :"1"},"author": [{"@_fa": "true", "@seq": "1", "author-url":"https://api.elsevier.com/content/author/author_id/55665349700","authid":"55665349700","authname":"Kalev H.","surname":"Kalev","given-name":"Henriette Dahan","initials":"H.D.","afid": [{"@_fa": "true", "$" :"60027161"}]}],"authkeywords":"Bargaining | Gender | Spiritual patriarchy","source-id":"21100281667","fund-no":"undefined","openaccess":"0","openaccessFlag":false},{"@_fa": "true", "link": [{"@_fa": "true", "@ref": "self", "@href": "https://api.elsevier.com/content/abstract/scopus_id/84889648219"},{"@_fa": "true", "@ref": "author-affiliation", "@href": "https://api.elsevier.com/content/abstract/scopus_id/84889648219?field=author,affiliation"},{"@_fa": "true", "@ref": "scopus", "@href": "https://www.scopus.com/inward/record.uri?partnerID=HzOxMe3b&scp=84889648219&origin=inward"},{"@_fa": "true", "@ref": "scopus-citedby", "@href": "https://www.scopus.com/inward/citedby.uri?partnerID=HzOxMe3b&scp=84889648219&origin=inward"}],"prism:url":"https://api.elsevier.com/content/abstract/scopus_id/84889648219","dc:identifier":"SCOPUS_ID:84889648219","eid":"2-s2.0-84889648219","dc:title":"The age of the diamond age: Cognitive simulations, hive wetwares and socialized cyberspaces as the gist of postcyberpunk","dc:creator":"Huereca R.","prism:publicationName":"Atlantis","prism:issn":"02106124","prism:eIssn":"19896840","prism:volume":"32","prism:issueIdentifier":"1","prism:pageRange":"141-154","prism:coverDate":"2010-12-01","prism:coverDisplayDate":"2010","dc:description":"Cyberpunk has been copiously studied and accurately defined, while one of its spinoffs, postcyberpunk, has barely been approached as an independent genre. It is my intention in this article to provide a ground for study of such a category by scrutinizing the evolution of the shapes and significances of the concepts of cyberspace, wetware, networking and nanotechnology as some of Neal Stephenson's The Diamond Age central concerns. Themes such as patriarchy, feminism, reproduction, education and social evolution are approached, according to my view, by postcyberpunk in a way classic cyberpunk did not.","citedby-count":"2","affiliation": [{"@_fa": "true", "affiliation-url":"https://api.elsevier.com/content/affiliation/affiliation_id/60023020","afid":"60023020","affilname":"Universitat Autònoma de Barcelona","affiliation-city":"Barcelona","affiliation-country":"Spain"}],"prism:aggregationType":"Journal","subtype":"ar","subtypeDescription":"Article","author-count":{"@limit": "100", "@total": "1", "$" :"1"},"author": [{"@_fa": "true", "@seq": "1", "author-url":"https://api.elsevier.com/content/author/author_id/55955616400","authid":"55955616400","authname":"Huereca R.","surname":"Huereca","given-name":"Rafael Miranda","initials":"R.M.","afid": [{"@_fa": "true", "$" :"60023020"}]}],"authkeywords":"Cognitive simulations | cyberspace | Hive wetwares | Patriarchy | Post-structuralism | Technophilia","source-id":"5700170927","fund-no":"undefined","openaccess":"0","openaccessFlag":false},{"@_fa": "true", "link": [{"@_fa": "true", "@ref": "self", "@href": "https://api.elsevier.com/content/abstract/scopus_id/84894950874"},{"@_fa": "true", "@ref": "author-affiliation", "@href": "https://api.elsevier.com/content/abstract/scopus_id/84894950874?field=author,affiliation"},{"@_fa": "true", "@ref": "scopus", "@href": "https://www.scopus.com/inward/record.uri?partnerID=HzOxMe3b&scp=84894950874&origin=inward"},{"@_fa": "true", "@ref": "scopus-citedby", "@href": "https://www.scopus.com/inward/citedby.uri?partnerID=HzOxMe3b&scp=84894950874&origin=inward"}],"prism:url":"https://api.elsevier.com/content/abstract/scopus_id/84894950874","dc:identifier":"SCOPUS_ID:84894950874","eid":"2-s2.0-84894950874","dc:title":"Introduction: The politics of domestic violence in postcommunist Europe and Eurasia","dc:creator":"Fábián K.","prism:publicationName":"Domestic Violence in Postcommunist States: Local Activism, National Policies, and Global Forces","prism:isbn": [{"@_fa": "true", "$" :"9780253355041"}],"prism:pageRange":"1-42","prism:coverDate":"2010-12-01","prism:coverDisplayDate":"2010","dc:description":"The issue of violence relates directly to the wider and more complex issue of the nature of power. Since the 1989 postcommunist transitions, the nature of power has changed dramatically, albeit to various degrees, in the large and diverse territory of Central and Eastern Europe and Eurasia. Nearly every aspect of these societies has undergone some degree of transformation, with the role and methods of patriarchy being no exception. At this point in history we cannot fully assess how strong patriarchy became after the regime change, but its historical continuity has certainly not faltered, and many political, economic, and cultural facets of the different postcommunist societies indicate a more selfassured symbolic and actual male dominance. A rare countertrend to this is a slowly emerging postcommunist feminist movement and related movements against domestic violence. © 2010 by Indiana University Press. All rights reserved.","citedby-count":"4","affiliation": [{"@_fa": "true", "affiliation-url":"https://api.elsevier.com/content/affiliation/affiliation_id/60009465","afid":"60009465","affilname":"Lafayette College","affiliation-city":"Easton","affiliation-country":"United States"}],"prism:aggregationType":"Book","subtype":"ed","subtypeDescription":"Editorial","author-count":{"@limit": "100", "@total": "1", "$" :"1"},"author": [{"@_fa": "true", "@seq": "1", "author-url":"https://api.elsevier.com/content/author/author_id/35422146000","authid":"35422146000","authname":"Fábián K.","surname":"Fábián","given-name":"Katalin","initials":"K.","afid": [{"@_fa": "true", "$" :"60009465"}]}],"source-id":"21100288176","fund-no":"undefined","openaccess":"0","openaccessFlag":false},{"@_fa": "true", "link": [{"@_fa": "true", "@ref": "self", "@href": "https://api.elsevier.com/content/abstract/scopus_id/78049422236"},{"@_fa": "true", "@ref": "author-affiliation", "@href": "https://api.elsevier.com/content/abstract/scopus_id/78049422236?field=author,affiliation"},{"@_fa": "true", "@ref": "scopus", "@href": "https://www.scopus.com/inward/record.uri?partnerID=HzOxMe3b&scp=78049422236&origin=inward"},{"@_fa": "true", "@ref": "scopus-citedby", "@href": "https://www.scopus.com/inward/citedby.uri?partnerID=HzOxMe3b&scp=78049422236&origin=inward"}],"prism:url":"https://api.elsevier.com/content/abstract/scopus_id/78049422236","dc:identifier":"SCOPUS_ID:78049422236","eid":"2-s2.0-78049422236","dc:title":"Social historical studies of women, crime, and courts","dc:creator":"Feeley M.","prism:publicationName":"Annual Review of Law and Social Science","prism:issn":"15503585","prism:volume":"6","prism:pageRange":"151-171","prism:coverDate":"2010-12-01","prism:coverDisplayDate":"1 December 2010","prism:doi":"10.1146/annurev-lawsocsci-102209-152910","dc:description":"While traditional criminology has ignored the historical dimension of female crime, social historical literature has examined the interplay between gender and the criminal process in a variety of historical settings. This review examines studies focusing on changes in crime, prosecution, conviction, and punishment patterns over time, as well as studies in particular settings. From these studies we conclude that crime has not always been a predominantly male phenomenon and that female crime rates have changed over time. We also conclude that, within the different categories, women defendants in particular were perceived through a gendered perspective, and their criminalization and punishment, as well as its representation in popular culture, reflected this special perspective. Copyright © 2010 by Annual Reviews. All rights reserved.","citedby-count":"5","affiliation": [{"@_fa": "true", "affiliation-url":"https://api.elsevier.com/content/affiliation/affiliation_id/60025038","afid":"60025038","affilname":"University of California, Berkeley","affiliation-city":"Berkeley","affiliation-country":"United States"},{"@_fa": "true", "affiliation-url":"https://api.elsevier.com/content/affiliation/affiliation_id/101295699","afid":"101295699","affilname":"Hastings College of the Law","affiliation-city":"San Francisco","affiliation-country":"United States"}],"prism:aggregationType":"Book Series","subtype":"ar","subtypeDescription":"Article","author-count":{"@limit": "100", "@total": "2", "$" :"2"},"author": [{"@_fa": "true", "@seq": "1", "author-url":"https://api.elsevier.com/content/author/author_id/9746227500","authid":"9746227500","authname":"Feeley M.","surname":"Feeley","given-name":"Malcolm M.","initials":"M.M.","afid": [{"@_fa": "true", "$" :"60025038"}]},{"@_fa": "true", "@seq": "2", "author-url":"https://api.elsevier.com/content/author/author_id/24472707700","authid":"24472707700","authname":"Aviram H.","surname":"Aviram","given-name":"Hadar","initials":"H.","afid": [{"@_fa": "true", "$" :"101295699"}]}],"authkeywords":"Crime rates | Culture | Offense types | Patriarchy","source-id":"5200152206","fund-no":"undefined","openaccess":"0","openaccessFlag":false},{"@_fa": "true", "link": [{"@_fa": "true", "@ref": "self", "@href": "https://api.elsevier.com/content/abstract/scopus_id/79961014743"},{"@_fa": "true", "@ref": "author-affiliation", "@href": "https://api.elsevier.com/content/abstract/scopus_id/79961014743?field=author,affiliation"},{"@_fa": "true", "@ref": "scopus", "@href": "https://www.scopus.com/inward/record.uri?partnerID=HzOxMe3b&scp=79961014743&origin=inward"},{"@_fa": "true", "@ref": "scopus-citedby", "@href": "https://www.scopus.com/inward/citedby.uri?partnerID=HzOxMe3b&scp=79961014743&origin=inward"}],"prism:url":"https://api.elsevier.com/content/abstract/scopus_id/79961014743","dc:identifier":"SCOPUS_ID:79961014743","eid":"2-s2.0-79961014743","dc:title":"And the «son of the family» became a citizen: Male emancipation in revolutionary France","dc:creator":"Verjus A.","prism:publicationName":"Revista de Estudios Politicos","prism:issn":"00487694","prism:eIssn":"19890613","prism:issueIdentifier":"150","prism:pageRange":"51-85","prism:coverDate":"2010-12-01","prism:coverDisplayDate":"2010","dc:description":"Ignored until recently, the category of «fils de famille» illuminates our understanding of revolutionary citizenship. The term, taken from private law, refers to adult men legally under their fathers' control. An analysis of the archives of the Constitutional Committee reveals not only new details about the citizen-often assimilated by historians to the chef de famille or head of household-but also clarifies the stages involved in defining who could vote. This study of the historical sociology of suffrage reveals the interconnectedness of the social effects of private law and electoral rights throughout the pivotal year of 1792.","citedby-count":"1","affiliation": [{"@_fa": "true", "affiliation-url":"https://api.elsevier.com/content/affiliation/affiliation_id/60102126","afid":"60102126","affilname":"Université de Lyon","affiliation-city":"Lyon","affiliation-country":"France"}],"prism:aggregationType":"Journal","subtype":"ar","subtypeDescription":"Article","author-count":{"@limit": "100", "@total": "1", "$" :"1"},"author": [{"@_fa": "true", "@seq": "1", "author-url":"https://api.elsevier.com/content/author/author_id/27068080500","authid":"27068080500","authname":"Verjus A.","surname":"Verjus","given-name":"Anne","initials":"A.","afid": [{"@_fa": "true", "$" :"60102126"}]}],"authkeywords":"Citizenship | French Revolution | Patriarchy | Political minority | Right to vote | Suffrage","source-id":"5700166680","fund-no":"undefined","openaccess":"0","openaccessFlag":false},{"@_fa": "true", "link": [{"@_fa": "true", "@ref": "self", "@href": "https://api.elsevier.com/content/abstract/scopus_id/84896206079"},{"@_fa": "true", "@ref": "author-affiliation", "@href": "https://api.elsevier.com/content/abstract/scopus_id/84896206079?field=author,affiliation"},{"@_fa": "true", "@ref": "scopus", "@href": "https://www.scopus.com/inward/record.uri?partnerID=HzOxMe3b&scp=84896206079&origin=inward"},{"@_fa": "true", "@ref": "scopus-citedby", "@href": "https://www.scopus.com/inward/citedby.uri?partnerID=HzOxMe3b&scp=84896206079&origin=inward"}],"prism:url":"https://api.elsevier.com/content/abstract/scopus_id/84896206079","dc:identifier":"SCOPUS_ID:84896206079","eid":"2-s2.0-84896206079","dc:title":"Kentucke's frontiers","dc:creator":"Friend C.","prism:publicationName":"Kentucke's Frontiers","prism:isbn": [{"@_fa": "true", "$" :"9780253355195"}],"prism:pageRange":"1-369","prism:coverDate":"2010-12-01","prism:coverDisplayDate":"2010","dc:description":"American culture has long celebrated the heroism framed by Kentucky's frontier wars. Spanning the period from the 1720s when Ohio River valley Indians returned to their homeland to the American defeat of the British and their Indian allies in the War of 1812, Kentucke's Frontiers examines the political, military, religious, and public memory narratives of early Kentucky. Craig Thompson Friend explains how frontier terror framed that heroism, undermining the egalitarian promise of Kentucke and transforming a trans-Appalachian region into an Old South state. From county courts and the state legislature to church tribunals and village stores, patriarchy triumphed over racial and gendered equality, creating political and economic opportunity for white men by denying it for all others. Even in remembering their frontier past, Kentuckians abandoned the egalitarianism of frontier life and elevated white males to privileged places in Kentucky history and memory. © 2010 by Craig Thompson Friend All rights reserved.","citedby-count":"10","affiliation": [{"@_fa": "true", "affiliation-url":"https://api.elsevier.com/content/affiliation/affiliation_id/60004923","afid":"60004923","affilname":"North Carolina State University","affiliation-city":"Raleigh","affiliation-country":"United States"}],"prism:aggregationType":"Book","subtype":"bk","subtypeDescription":"Book","author-count":{"@limit": "100", "@total": "1", "$" :"1"},"author": [{"@_fa": "true", "@seq": "1", "author-url":"https://api.elsevier.com/content/author/author_id/56069220600","authid":"56069220600","authname":"Friend C.","surname":"Friend","given-name":"Craig Thompson","initials":"C.T.","afid": [{"@_fa": "true", "$" :"60004923"}]}],"source-id":"21100297506","fund-no":"undefined","openaccess":"0","openaccessFlag":false},{"@_fa": "true", "link": [{"@_fa": "true", "@ref": "self", "@href": "https://api.elsevier.com/content/abstract/scopus_id/79953236829"},{"@_fa": "true", "@ref": "author-affiliation", "@href": "https://api.elsevier.com/content/abstract/scopus_id/79953236829?field=author,affiliation"},{"@_fa": "true", "@ref": "scopus", "@href": "https://www.scopus.com/inward/record.uri?partnerID=HzOxMe3b&scp=79953236829&origin=inward"},{"@_fa": "true", "@ref": "scopus-citedby", "@href": "https://www.scopus.com/inward/citedby.uri?partnerID=HzOxMe3b&scp=79953236829&origin=inward"}],"prism:url":"https://api.elsevier.com/content/abstract/scopus_id/79953236829","dc:identifier":"SCOPUS_ID:79953236829","eid":"2-s2.0-79953236829","dc:title":"[N]ot subject to our sense : Margaret Cavendish's fusion of renaissance science, magic and fairy lore","dc:creator":"Walters L.","prism:publicationName":"Women's Writing","prism:issn":"09699082","prism:eIssn":"17475848","prism:volume":"17","prism:issueIdentifier":"3","prism:pageRange":"413-431","prism:coverDate":"2010-12-01","prism:coverDisplayDate":"December 2010","prism:doi":"10.1080/09699080903162039","pii":"929370181","dc:description":"This article explores Margaret Cavendish's depictions of alchemy, witchcraft and fairy lore in her scientific treatise Philosophical Letters and in fictional texts from Natures Pictures and Poems and Fancies. Though Cavendish was a dedicated materialist, she appropriates theories of magic from early modern science and folklore into her materialist epistemology. As Cavendish draws upon a fusion of early modern conceptions of magic, she creates a radical theory of matter which not only challenges patriarchy and binary oppositions, but also explores the plurality and mystery that can exist within an infinitely complex material world. © 2010 Taylor & Francis.","citedby-count":"3","affiliation": [{"@_fa": "true", "affiliation-url":"https://api.elsevier.com/content/affiliation/affiliation_id/60002023","afid":"60002023","affilname":"Saint Joseph's University, United States","affiliation-city":"Philadelphia","affiliation-country":"United States"}],"pubmed-id":"21275192","prism:aggregationType":"Journal","subtype":"ar","subtypeDescription":"Article","author-count":{"@limit": "100", "@total": "1", "$" :"1"},"author": [{"@_fa": "true", "@seq": "1", "author-url":"https://api.elsevier.com/content/author/author_id/37091865100","authid":"37091865100","authname":"Walters L.","surname":"Walters","given-name":"Lisa","initials":"L.","afid": [{"@_fa": "true", "$" :"60002023"}]}],"source-id":"5700169025","fund-no":"undefined","openaccess":"0","openaccessFlag":false},{"@_fa": "true", "link": [{"@_fa": "true", "@ref": "self", "@href": "https://api.elsevier.com/content/abstract/scopus_id/78649952544"},{"@_fa": "true", "@ref": "author-affiliation", "@href": "https://api.elsevier.com/content/abstract/scopus_id/78649952544?field=author,affiliation"},{"@_fa": "true", "@ref": "scopus", "@href": "https://www.scopus.com/inward/record.uri?partnerID=HzOxMe3b&scp=78649952544&origin=inward"},{"@_fa": "true", "@ref": "scopus-citedby", "@href": "https://www.scopus.com/inward/citedby.uri?partnerID=HzOxMe3b&scp=78649952544&origin=inward"}],"prism:url":"https://api.elsevier.com/content/abstract/scopus_id/78649952544","dc:identifier":"SCOPUS_ID:78649952544","eid":"2-s2.0-78649952544","dc:title":"Empowering boys and men to achieve gender equality in India","dc:creator":"Chowdhury A.","prism:publicationName":"Journal of Developing Societies","prism:issn":"0169796X","prism:eIssn":"17452546","prism:volume":"26","prism:issueIdentifier":"4","prism:pageRange":"455-471","prism:coverDate":"2010-12-01","prism:coverDisplayDate":"December 2010","prism:doi":"10.1177/0169796X1002600403","dc:description":"Promoting gender equality and improvement in the status of women are specifically stated to be central goals of development and social policy in India. However, women in the country are still far behind men in most indicators of human development. Women's subordination status and inequalities are reflected in almost every sphere in Indian society. Hence, promoting gender equality in patriarchal social order is impossible without the consent, mindset, and involvement of male population. In order to improve the status of women in India, the efforts need to get the support, assistance, understanding, and involvement from the major partner - the \"male\" of the society. There is the need to empower the boys and men in terms of their understanding, information, and capacity building regarding equal opportunity for both the sexes. This article tries to justify the need for empowering boys and men to achieve gender equality in India, without which any amount of women reservation and welfare programs will not be able to enhance the status of women folk. © 2010 SAGE Publications.","citedby-count":"1","affiliation": [{"@_fa": "true", "affiliation-url":"https://api.elsevier.com/content/affiliation/affiliation_id/60012658","afid":"60012658","affilname":"Berhampur University","affiliation-city":"Berhampur","affiliation-country":"India"}],"prism:aggregationType":"Journal","subtype":"ar","subtypeDescription":"Article","author-count":{"@limit": "100", "@total": "2", "$" :"2"},"author": [{"@_fa": "true", "@seq": "1", "author-url":"https://api.elsevier.com/content/author/author_id/7202527644","authid":"7202527644","authname":"Chowdhury A.","surname":"Chowdhury","given-name":"Aparajita","initials":"A.","afid": [{"@_fa": "true", "$" :"60012658"}]},{"@_fa": "true", "@seq": "2", "author-url":"https://api.elsevier.com/content/author/author_id/36667043400","authid":"36667043400","authname":"Patnaik M.","surname":"Patnaik","given-name":"Manoj Manjari","initials":"M.M.","afid": [{"@_fa": "true", "$" :"60012658"}]}],"authkeywords":"empowerment | gender disparity | gender equality | patriarchal","source-id":"55289","fund-no":"undefined","openaccess":"0","openaccessFlag":false},{"@_fa": "true", "link": [{"@_fa": "true", "@ref": "self", "@href": "https://api.elsevier.com/content/abstract/scopus_id/78650490288"},{"@_fa": "true", "@ref": "author-affiliation", "@href": "https://api.elsevier.com/content/abstract/scopus_id/78650490288?field=author,affiliation"},{"@_fa": "true", "@ref": "scopus", "@href": "https://www.scopus.com/inward/record.uri?partnerID=HzOxMe3b&scp=78650490288&origin=inward"},{"@_fa": "true", "@ref": "scopus-citedby", "@href": "https://www.scopus.com/inward/citedby.uri?partnerID=HzOxMe3b&scp=78650490288&origin=inward"}],"prism:url":"https://api.elsevier.com/content/abstract/scopus_id/78650490288","dc:identifier":"SCOPUS_ID:78650490288","eid":"2-s2.0-78650490288","dc:title":"Themes of female imprisonment and rebellion: M.A. Tazi's film Badis","dc:creator":"Khannous T.","prism:publicationName":"Journal of North African Studies","prism:issn":"13629387","prism:eIssn":"17439345","prism:volume":"15","prism:issueIdentifier":"4","prism:pageRange":"451-463","prism:coverDate":"2010-12-01","prism:coverDisplayDate":"December 2010","prism:doi":"10.1080/13629387.2010.486145","dc:description":"This article explores the movie Badis, in which Tazi gives the audience his own representation of the complexity of Moroccan women's experience. The film highlights not only women's oppression under institutionalised male dominance, but also their liberation in terms of their pursuit of agency and self-definition. The article analyses the way the film makes space for women's agency and subjectivity, and the extent to which it refuses and subverts the objectifying patriarchal gaze as well as the colonial gaze of the Spanish. Furthermore, it examines the way the film offers narratives of mobility and transgression which challenge imprisoning fixed identities. The article draws connections between form, gender and political commentary and raises questions about Tazi's filming of Badis. To what extent is Tazi implicated in patriarchal discourse? To what extent is his gaze gendered? Is the camera gaze always gendered or can a male director as sympathetic as Tazi step out of this gendering mode of filmmaking and use it instead as an instrument of female liberation? © 2010 Taylor & Francis.","citedby-count":"2","affiliation": [{"@_fa": "true", "affiliation-url":"https://api.elsevier.com/content/affiliation/affiliation_id/60007566","afid":"60007566","affilname":"Louisiana State University","affiliation-city":"Baton Rouge","affiliation-country":"United States"}],"prism:aggregationType":"Journal","subtype":"ar","subtypeDescription":"Article","author-count":{"@limit": "100", "@total": "1", "$" :"1"},"author": [{"@_fa": "true", "@seq": "1", "author-url":"https://api.elsevier.com/content/author/author_id/36696394300","authid":"36696394300","authname":"Khannous T.","surname":"Khannous","given-name":"T.","initials":"T.","afid": [{"@_fa": "true", "$" :"60007566"}]}],"authkeywords":"Diasporic filmmaking | Female gaze | Patriachal/colonial gaze | Social realism | Symbolic space","source-id":"19096","fund-no":"undefined","openaccess":"0","openaccessFlag":false},{"@_fa": "true", "link": [{"@_fa": "true", "@ref": "self", "@href": "https://api.elsevier.com/content/abstract/scopus_id/79961011311"},{"@_fa": "true", "@ref": "author-affiliation", "@href": "https://api.elsevier.com/content/abstract/scopus_id/79961011311?field=author,affiliation"},{"@_fa": "true", "@ref": "scopus", "@href": "https://www.scopus.com/inward/record.uri?partnerID=HzOxMe3b&scp=79961011311&origin=inward"},{"@_fa": "true", "@ref": "scopus-citedby", "@href": "https://www.scopus.com/inward/citedby.uri?partnerID=HzOxMe3b&scp=79961011311&origin=inward"}],"prism:url":"https://api.elsevier.com/content/abstract/scopus_id/79961011311","dc:identifier":"SCOPUS_ID:79961011311","eid":"2-s2.0-79961011311","dc:title":"The african public space of dangarembga's neria: A site forautochthonous feminist agency","dc:creator":"Kapasula J.","prism:publicationName":"Africa Development","prism:issn":"08503907","prism:volume":"35","prism:issueIdentifier":"1-2","prism:pageRange":"95-115","prism:coverDate":"2010-12-01","prism:coverDisplayDate":"2010","dc:description":"The public space is a place where anybody has a right to occupy without being excluded for economic or social reasons. This paper is an attempt to illustrate the 'westocentricity' and inapplicability of the term 'public space' to the African context. This term is steeped in the discourse of capital, one that profits from proliferating labels like 'public', 'free', 'open', masquerading in appearances that gloss over the hegemonic forces like global patriarchy, capitalism and neo-colonialism that largely govern twenty-first century Africa. An interrogation of the spaces that can be called the 'commons' in Dangarembga's Neria (1986) and Nervous Conditions (1988), (Zimbabwe) and Sene Absa's Madame Brouette (2002) (Senegal), shows that such spaces are fraught with social constraints that discriminate against access at class and gender levels, just to mention a few. I will illustrate how language constrains poor and illiterate Africans, especially women, from accessing places such as the river, and legal and entertainment public spaces in the literary works outlined above. It is important for scholarship on Africa to emphasize that 'The African public space' is an oxymoron, a fallacy that does not exist. There is no space that can legitimately be called 'public' in Africa, especially for rural, poor, uneducated, non-Christian/Muslim women. © Council for the Development of Social Science Research in Africa, 2010.","citedby-count":"1","affiliation": [{"@_fa": "true", "affiliation-url":"https://api.elsevier.com/content/affiliation/affiliation_id/60072661","afid":"60072661","affilname":"Chancellor College Malawi","affiliation-city":"Zomba","affiliation-country":"Malawi"}],"prism:aggregationType":"Journal","subtype":"ar","subtypeDescription":"Article","author-count":{"@limit": "100", "@total": "1", "$" :"1"},"author": [{"@_fa": "true", "@seq": "1", "author-url":"https://api.elsevier.com/content/author/author_id/45161200300","authid":"45161200300","authname":"Kapasula J.","surname":"Kapasula","given-name":"Jessie Kabwila","initials":"J.K.","afid": [{"@_fa": "true", "$" :"60072661"}]}],"source-id":"13474","fund-no":"undefined","openaccess":"0","openaccessFlag":false},{"@_fa": "true", "link": [{"@_fa": "true", "@ref": "self", "@href": "https://api.elsevier.com/content/abstract/scopus_id/84875962676"},{"@_fa": "true", "@ref": "author-affiliation", "@href": "https://api.elsevier.com/content/abstract/scopus_id/84875962676?field=author,affiliation"},{"@_fa": "true", "@ref": "scopus", "@href": "https://www.scopus.com/inward/record.uri?partnerID=HzOxMe3b&scp=84875962676&origin=inward"},{"@_fa": "true", "@ref": "scopus-citedby", "@href": "https://www.scopus.com/inward/citedby.uri?partnerID=HzOxMe3b&scp=84875962676&origin=inward"}],"prism:url":"https://api.elsevier.com/content/abstract/scopus_id/84875962676","dc:identifier":"SCOPUS_ID:84875962676","eid":"2-s2.0-84875962676","dc:title":"Theoretical perspectives for understanding marital abuse among korean immigrant women in the United States","dc:creator":"Lee Y.","prism:publicationName":"Asian Women","prism:issn":"1225925X","prism:volume":"26","prism:issueIdentifier":"4","prism:pageRange":"1-25","prism:coverDate":"2010-12-01","prism:coverDisplayDate":"2010","dc:description":"Ecological theory and symbolic interaction theory have anchored the research on Korean immigrant women's experience of marital abuse and post-divorce adjustment. Bronfenbrenner's ecological model is useful in studying Korean immigrants' experience of marital abuse. It posited four sub-systems: society, community, relationship and individual. At the societal level which represents cultural norm, patriarchy, masculine aggression, and acceptance of interpersonal violence are important factors understanding dynamics of marital abuse in Korean immigrant families. At the community level, institutions and social structure, immigration related stressors, low socioeconomic status, lack of formal services, and isolation are associated with marital abuse. At the relationship level, male control in decision making, marital conflict, and obligation to children are factors. At the individual level, gender identity, self-esteem, language barriers, and husband's use of alcohol are factors associated with marital abuse. According to symbolic interactionists, a woman's definition of the situation is a key to understand her actions and responses within the context of an abusive relationship. Based on this approach, researchers analyze women's identity negotiation and discourses as inherently active self. Grounded in these theoretical conceptual frameworks, this paper discusses the experience of marital abuse and post-divorce adjustment among Korean immigrant women in the United States and offer suggestions for family policy makers for this population.","citedby-count":"0","affiliation": [{"@_fa": "true", "affiliation-url":"https://api.elsevier.com/content/affiliation/affiliation_id/60029747","afid":"60029747","affilname":"The University of Georgia","affiliation-city":"Athens","affiliation-country":"United States"},{"@_fa": "true", "affiliation-url":"https://api.elsevier.com/content/affiliation/affiliation_id/60004539","afid":"60004539","affilname":"Mississippi University for Women","affiliation-city":"Columbus","affiliation-country":"United States"}],"prism:aggregationType":"Journal","subtype":"re","subtypeDescription":"Review","author-count":{"@limit": "100", "@total": "1", "$" :"1"},"author": [{"@_fa": "true", "@seq": "1", "author-url":"https://api.elsevier.com/content/author/author_id/35324563800","authid":"35324563800","authname":"Lee Y.","surname":"Lee","given-name":"Youn Mi","initials":"Y.M.","afid": [{"@_fa": "true", "$" :"60004539"},{"@_fa": "true", "$" :"60029747"}]}],"authkeywords":"Ecological theory | Family policy | Korean immigrant women | Marital abuse | Symbolic interaction theory","source-id":"21100229212","fund-no":"undefined","openaccess":"0","openaccessFlag":false},{"@_fa": "true", "link": [{"@_fa": "true", "@ref": "self", "@href": "https://api.elsevier.com/content/abstract/scopus_id/84894824133"},{"@_fa": "true", "@ref": "author-affiliation", "@href": "https://api.elsevier.com/content/abstract/scopus_id/84894824133?field=author,affiliation"},{"@_fa": "true", "@ref": "scopus", "@href": "https://www.scopus.com/inward/record.uri?partnerID=HzOxMe3b&scp=84894824133&origin=inward"},{"@_fa": "true", "@ref": "scopus-citedby", "@href": "https://www.scopus.com/inward/citedby.uri?partnerID=HzOxMe3b&scp=84894824133&origin=inward"}],"prism:url":"https://api.elsevier.com/content/abstract/scopus_id/84894824133","dc:identifier":"SCOPUS_ID:84894824133","eid":"2-s2.0-84894824133","dc:title":"Non-white reproducton and same-sex erotcism: Queer acts against nature","dc:creator":"Gosine A.","prism:publicationName":"Queer Ecologies: Sex, Nature, Politics, Desire","prism:isbn": [{"@_fa": "true", "$" :"9780253354839"}],"prism:pageRange":"149-172","prism:coverDate":"2010-12-01","prism:coverDisplayDate":"2010","dc:description":"In Euroamerican-dominant cultural contexts, two kinds of sex have been (are) said to be toxic to nature: reproductive sex between non-white people, and sex between men. From their preservationist-conservationist origins right through to the twenty-first-century canonization of Al Gore as global eco-crusader, leading North American environmental movements have invested in the production and circulation of discourses on \"overpopulation\" that pit blame for global ecological disaster on the reproducing proclivities of the world's poor; due to the easy collaboration of capitalism with patriarchy and racism, that has meant the economically dispossessed non-white peoples of the world, particularly child-bearing (or potentially child-bearing) women from Asia, Africa, and South and Central America, as well as First Nations and non-white women in North America. All were collectively held responsible for \"overpopulating\" the earth and placing too much pressure on its natural resources. Paul Ehrlich succinctly laid out the rationale for this position in his influential 1968 text, The Population Bomb: \"too many people\" with \"too little food\" leads to \"a dying planet.\"1 In more direct terms, Ehrlich and the rest were making (still make) the claim that heterosexual (reproductive) sex between poor men and women burdened natural environments and threatened the survival of earth itself. More recently, various scholars have called attention to ways in which male, homosexual sex has also been articulated in public policy discourses and legal frameworks as harmful to healthy environments. Public cruising and sexual activity by men in parks and beaches, in both rural and urban landscapes across the world, have historically been construed as illicit and dangerous acts that degrade the sites they cross (Castells and Murphy 1982; Chauncey 1995; D'Emilio and Freedman 1988; Ingram 1997; Schultz 1998).2. © 2010 by Indiana University Press. All rights reserved.","citedby-count":"11","affiliation": [{"@_fa": "true", "affiliation-url":"https://api.elsevier.com/content/affiliation/affiliation_id/60033420","afid":"60033420","affilname":"York University","affiliation-city":"Toronto","affiliation-country":"Canada"}],"prism:aggregationType":"Book","subtype":"ch","subtypeDescription":"Chapter","author-count":{"@limit": "100", "@total": "1", "$" :"1"},"author": [{"@_fa": "true", "@seq": "1", "author-url":"https://api.elsevier.com/content/author/author_id/8953867000","authid":"8953867000","authname":"Gosine A.","surname":"Gosine","given-name":"Andil","initials":"A.","afid": [{"@_fa": "true", "$" :"60033420"}]}],"source-id":"21100288214","fund-no":"undefined","openaccess":"0","openaccessFlag":false},{"@_fa": "true", "link": [{"@_fa": "true", "@ref": "self", "@href": "https://api.elsevier.com/content/abstract/scopus_id/79952268990"},{"@_fa": "true", "@ref": "author-affiliation", "@href": "https://api.elsevier.com/content/abstract/scopus_id/79952268990?field=author,affiliation"},{"@_fa": "true", "@ref": "scopus", "@href": "https://www.scopus.com/inward/record.uri?partnerID=HzOxMe3b&scp=79952268990&origin=inward"},{"@_fa": "true", "@ref": "scopus-citedby", "@href": "https://www.scopus.com/inward/citedby.uri?partnerID=HzOxMe3b&scp=79952268990&origin=inward"}],"prism:url":"https://api.elsevier.com/content/abstract/scopus_id/79952268990","dc:identifier":"SCOPUS_ID:79952268990","eid":"2-s2.0-79952268990","dc:title":"On the question of the presence of 'strong women' and the deconstruction of patriarchy in the English Renaissance tragedy with special consideration of John Webster's The Duchess of Malfi","dc:creator":"Horlacher S.","prism:publicationName":"Anglia","prism:issn":"03405222","prism:volume":"128","prism:issueIdentifier":"2","prism:pageRange":"246-272","prism:coverDate":"2010-12-01","prism:coverDisplayDate":"December 2010","prism:doi":"10.1515/angl.2010.030","dc:description":"Stressing the function of Renaissance tragedy as 'an arena of ideological turbulence in which orthodox political, social and religious assumptions of the culture are reproduced, questioned or even contradicted' (Callaghan), this article examines to what extent 'strong, central female figures' (Rose) exist in Elizabethan and Jacobean tragedy and why, even if they are endowed with political power, they often fail to adopt a non-ambivalent subject position. Especially in The Duchess of Malfi, which has been read 'as a masculine wish fulfillment' (Jardine) while others have called its eponymous protagonist the 'first fully tragic woman in Renaissance drama' (Whigham), ambivalent and mutually revoking structures abound. Not only is a 'female prince' an oxymoron personified, but in a curious double bind, female power, female economies and anti-patriarchal positions are initially foregrounded, only then to be annihilated all themore spectacularly. Ultimately, however, Webster's tragedy demonstrates on the level of its content as well as of its form that a 'pure' patriarchal system is haunted and finally deconstructed by precisely those elements it has vigorously struggled to exorcise and to expel. This leads to the question in how far the 'self-contradictions' and 'inadequacies' many critics claim to have detected in the play are less due to Webster than to the very 'nature' or economy of patriarchal discourses (tragedy included) and power structures.","citedby-count":"0","prism:aggregationType":"Journal","subtype":"re","subtypeDescription":"Review","author-count":{"@limit": "100", "@total": "1", "$" :"1"},"author": [{"@_fa": "true", "@seq": "1", "author-url":"https://api.elsevier.com/content/author/author_id/26421119600","authid":"26421119600","authname":"Horlacher S.","surname":"Horlacher","given-name":"Stefan","initials":"S."}],"source-id":"5800207689","fund-no":"undefined","openaccess":"0","openaccessFlag":false},{"@_fa": "true", "link": [{"@_fa": "true", "@ref": "self", "@href": "https://api.elsevier.com/content/abstract/scopus_id/78649717905"},{"@_fa": "true", "@ref": "author-affiliation", "@href": "https://api.elsevier.com/content/abstract/scopus_id/78649717905?field=author,affiliation"},{"@_fa": "true", "@ref": "scopus", "@href": "https://www.scopus.com/inward/record.uri?partnerID=HzOxMe3b&scp=78649717905&origin=inward"},{"@_fa": "true", "@ref": "scopus-citedby", "@href": "https://www.scopus.com/inward/citedby.uri?partnerID=HzOxMe3b&scp=78649717905&origin=inward"}],"prism:url":"https://api.elsevier.com/content/abstract/scopus_id/78649717905","dc:identifier":"SCOPUS_ID:78649717905","eid":"2-s2.0-78649717905","dc:title":"Gender as catalyst for violence against Roma in contemporary Italy","dc:creator":"Woodcock S.","prism:publicationName":"Patterns of Prejudice","prism:issn":"0031322X","prism:eIssn":"14617331","prism:volume":"44","prism:issueIdentifier":"5","prism:pageRange":"469-488","prism:coverDate":"2010-12-01","prism:coverDisplayDate":"December 2010","prism:doi":"10.1080/0031322X.2010.527444","dc:description":"Silvio Berlusconi's use of ethnicity and immigration as national security issues in his successful campaign for election to the Italian presidency in 2008 was by no means unique in contemporary Europe. What was surprising was the speed of his right-wing government's legislative restriction of migrants in the form of the so-called 'security package', first introduced just five weeks after the election. Woodcock explores the striking fact that this 'security package', and the intense wave of racist violence by Italians against Roma that it legitimized and encouraged, was proposed and justified in response to media reports of Italian babies being stolen by 'Zingari' from the 'nomad camps' and of Italian women being raped and beaten by Romanian men of 'Zingari' ethnicity. Gender and ethnicity are the twin constitutive discourses of modern European society, and racialized subjects are necessarily gendered. The stereotype of 'dangerous black men sexually threatening white women' has been mobilized in a vast range of European and colonial nationalist projects in order to justify the policing of both racialized masculine subjects and women as objects of the patriarchy. Similarly, the depiction of women as hysterical, sexually vulnerable objects in need of (white) masculine protection is an old story that the Italian media recognize as a fairy tale even as they reproduce the discourse. Woodcock explores what has not been mentioned thus far, namely, that gender stereotypes are vital to the mobilization of violent racism against the Roma in contemporary Italy, and how conservative gender binaries are strengthened and policed in a time of social crisis through the stereotyping of Roma as racial threat. © 2010 Taylor & Francis.","citedby-count":"12","affiliation": [{"@_fa": "true", "affiliation-url":"https://api.elsevier.com/content/affiliation/affiliation_id/60006925","afid":"60006925","affilname":"La Trobe University","affiliation-city":"Melbourne","affiliation-country":"Australia"}],"prism:aggregationType":"Journal","subtype":"ar","subtypeDescription":"Article","author-count":{"@limit": "100", "@total": "1", "$" :"1"},"author": [{"@_fa": "true", "@seq": "1", "author-url":"https://api.elsevier.com/content/author/author_id/35851471200","authid":"35851471200","authname":"Woodcock S.","surname":"Woodcock","given-name":"Shannon","initials":"S.","afid": [{"@_fa": "true", "$" :"60006925"}]}],"authkeywords":"Ethnicity | European migration | Gender | Gypsies | Italy | Nomads | Racism | Rape | Roma | Security package | Violence | Zingari","source-id":"29005","fund-no":"undefined","openaccess":"0","openaccessFlag":false},{"@_fa": "true", "link": [{"@_fa": "true", "@ref": "self", "@href": "https://api.elsevier.com/content/abstract/scopus_id/78649258578"},{"@_fa": "true", "@ref": "author-affiliation", "@href": "https://api.elsevier.com/content/abstract/scopus_id/78649258578?field=author,affiliation"},{"@_fa": "true", "@ref": "scopus", "@href": "https://www.scopus.com/inward/record.uri?partnerID=HzOxMe3b&scp=78649258578&origin=inward"},{"@_fa": "true", "@ref": "scopus-citedby", "@href": "https://www.scopus.com/inward/citedby.uri?partnerID=HzOxMe3b&scp=78649258578&origin=inward"}],"prism:url":"https://api.elsevier.com/content/abstract/scopus_id/78649258578","dc:identifier":"SCOPUS_ID:78649258578","eid":"2-s2.0-78649258578","dc:title":"'I woke up after i joined Stepping Stones': Meanings of an HIV behavioural intervention in rural South African young people's lives","dc:creator":"Jewkes R.","prism:publicationName":"Health Education Research","prism:issn":"02681153","prism:eIssn":"14653648","prism:volume":"25","prism:issueIdentifier":"6","prism:pageRange":"1074-1084","prism:coverDate":"2010-12-01","prism:coverDisplayDate":"December 2010","prism:doi":"10.1093/her/cyq062","dc:description":"Evaluation of the Stepping Stones human immunodeficiency virus (HIV) prevention programme in South Africa showed sustained reduction in men and women's herpes simplex type 2 virus incidence and male violence, but no impact on HIV in women. Companion qualitative research was undertaken to explore how participants made meaning from the programme and how it influenced their lives. In-depth interviews were conducted with 10 men and 11 women before the intervention (one to three interviews per person). Then 9-12 months later, 18 follow-up interviews and 4 focus groups were held. Stepping Stones empowered participants and engendered self-reflection, in a process circumscribed by social and cultural context. Participants generally sought to be 'better', rather than 'different', men and women. Men shaped a more benign patriarchy, i.e. less violent and anti-social, and sought to avoid potential risks, ranging from imprisonment, witchcraft to HIV. While some women showed greater assertiveness and some agency in HIV risk reduction, most challenged neither their male partners nor the existing cultural norms of conservative femininities. This may explain the lack of impact of the intervention on HIV in women, since they lacked the power to embrace a greater feminist consciousness. Stepping Stones might be more effective for women when combined with other structural interventions. © The Author 2010. Published by Oxford University Press. All rights reserved.","citedby-count":"57","affiliation": [{"@_fa": "true", "affiliation-url":"https://api.elsevier.com/content/affiliation/affiliation_id/60028973","afid":"60028973","affilname":"South African Medical Research Council","affiliation-city":"Tygerberg","affiliation-country":"South Africa"},{"@_fa": "true", "affiliation-url":"https://api.elsevier.com/content/affiliation/affiliation_id/60016218","afid":"60016218","affilname":"University of Witwatersrand","affiliation-city":"Johannesburg","affiliation-country":"South Africa"},{"@_fa": "true", "affiliation-url":"https://api.elsevier.com/content/affiliation/affiliation_id/60008539","afid":"60008539","affilname":"National University of Ireland Galway","affiliation-city":"Galway","affiliation-country":"Ireland"},{"@_fa": "true", "affiliation-url":"https://api.elsevier.com/content/affiliation/affiliation_id/60006242","afid":"60006242","affilname":"UCL Institute of Education","affiliation-city":"London","affiliation-country":"United Kingdom"}],"pubmed-id":"20937673","prism:aggregationType":"Journal","subtype":"ar","subtypeDescription":"Article","author-count":{"@limit": "100", "@total": "3", "$" :"3"},"author": [{"@_fa": "true", "@seq": "1", "author-url":"https://api.elsevier.com/content/author/author_id/7006721599","authid":"7006721599","authname":"Jewkes R.","surname":"Jewkes","given-name":"Rachel","initials":"R.","afid": [{"@_fa": "true", "$" :"60028973"},{"@_fa": "true", "$" :"60016218"}]},{"@_fa": "true", "@seq": "2", "author-url":"https://api.elsevier.com/content/author/author_id/7401834592","authid":"7401834592","authname":"Wood K.","surname":"Wood","given-name":"Katharine","initials":"K.","afid": [{"@_fa": "true", "$" :"60006242"}]},{"@_fa": "true", "@seq": "3", "author-url":"https://api.elsevier.com/content/author/author_id/12778391500","authid":"12778391500","authname":"Duvvury N.","surname":"Duvvury","given-name":"Nata","initials":"N.","afid": [{"@_fa": "true", "$" :"60008539"}]}],"source-id":"29615","fund-acr":"WITS","fund-no":"undefined","fund-sponsor":"Obstetric Anaesthetists' Association","openaccess":"1","openaccessFlag":true},{"@_fa": "true", "link": [{"@_fa": "true", "@ref": "self", "@href": "https://api.elsevier.com/content/abstract/scopus_id/84902039609"},{"@_fa": "true", "@ref": "author-affiliation", "@href": "https://api.elsevier.com/content/abstract/scopus_id/84902039609?field=author,affiliation"},{"@_fa": "true", "@ref": "scopus", "@href": "https://www.scopus.com/inward/record.uri?partnerID=HzOxMe3b&scp=84902039609&origin=inward"},{"@_fa": "true", "@ref": "scopus-citedby", "@href": "https://www.scopus.com/inward/citedby.uri?partnerID=HzOxMe3b&scp=84902039609&origin=inward"}],"prism:url":"https://api.elsevier.com/content/abstract/scopus_id/84902039609","dc:identifier":"SCOPUS_ID:84902039609","eid":"2-s2.0-84902039609","dc:title":"Lost in translation: Irony and contradiction in Harpo's production of Zora Neale Hurston's their eyes were watching god","dc:creator":"Cotten T.","prism:publicationName":"Stories of oprah: The Oprahfication of American Culture","prism:isbn": [{"@_fa": "true", "$" :"9781604734072"}],"prism:pageRange":"161-178","prism:coverDate":"2010-12-01","prism:coverDisplayDate":"2010","dc:description":"On March 6, 2005, at 9 p.m. ABC network aired the movie Their Eyes Were Watching God, a screen adaptation of Zora Neale Hurston's 1937 novel (by the same name) produced by Oprah Winfrey's media production company, Harpo, Inc. Hurston's novel was adapted to screenplay by playwright Suzan- Lori Parks and writers/producers Misan Sagay and Bobby Smith Jr., who have a long list of awards and achievements in both Hollywood and foreign cinema. It is not clear what role Oprah Winfrey played in the film's production, but it seems safe to say (at the very least) that she had a heavy stake in the movie's focus on romance in the novel and approved of the director's final cut. The film focuses on and celebrates a young black woman's desire to explore the larger world beyond her grandmother's farm and to find true love in a passionate and caring man. Rural cinematography, dialogic conflict, and seasoned Hollywood actors draw viewers into the cinematic narrative. Like the novel, the film begins where it will end with Janie (played by actor Halle Berry) returning from the Everglades to Eatonville after running away with and eventually killing her third love, Tea Cake. The filmic narrative unfolds in Janie retelling her story to her best friend, Phoebe (played by actor Nicki Micheaux), in a pastoral scene of idyllic countryside. This scene of nature and many others encompassing the infamous pear tree of Their Eyes, which recurs at key moments throughout the movie similar to its tropic function in the novel, mark Janie's budding sexuality and potential fecundity. In comparison to the novel's rich and complexly structured narrative that engages a range of diverse issues among blacks (sexual norms, black folk expression, color hierarchies, patriarchy, and so forth) the filmic narrative focuses almost exclusively on Janie's three marriages and her search for romantic love. Especially disturbing about this focus is the film's obvious omission of vital portions of the novel dealing with race, racism, and an entrenched male chauvinism informed by racism, which muted Hurston's eloquent rendering of how interlocking systems of oppression complicate black women's pursuit of financial security, romantic love, and personal happiness. There is a brief moment of signifying race early in the film when Janie is returning from the Everglades to Eatonville and passes a sign identifying the town as the first black town to be incorporated in America, which immediately signals the importance of race and the African American struggle for economic and political self-determination. Yet, the many important scenes dealing with racial subjects in the novel are left out of the movie altogether. The book's portrayal of rural folk life in black southern communities is also downplayed to a large extent, moreover, including some of its less savory aspects like color hierarchies among some African Americans. Hurston bypasses conventional representations of black women as figures of tragedy, objects of scorn, and mediators of male heroism, moreover, casting Janie, for example, as strong-willed, persevering, and romantic, but this was lost in actor Halle Berry's one-dimensional rendering of Janie's character. Hurston's exploration of black women's powerlessness at the hands of African American patriarchy is reduced to an issue of miscommunication between the sexes. In translating the novel into screenplay, Harpo producers overemphasize the novel's romantic elements and steer clear of its more controversial scenes and dialogues. It is with some irony that Harpo remade Huston's novel as a romance and erased all references to race and racism, because Hurston chose this genre for Their Eyes precisely to challenge racial caricatures of African Americans in American literature and to present plots that show blacks as a more complex and humane people not unlike other racial and ethnic groups in America. Romance allowed Hurston to treat \"the higher emotions and love life\" of African Americans and cast them as \"the average, struggling, non-morbid Negro[s]\" (Hurston 1950, 170, 173). While the genre is not conducive for social protest, Hurston navigates its codes strategically to convey a love story about black female desire and the underlying race, class, and gender politics that trouble the course of its fulfillment. She does not sacrifice politics to aesthetics but adroitly balances both in a web of uneasy tensions to show how the intersectional nature of multiple, interlocking oppressions shape every aspect of black women's lives, including their pursuit of something so seemingly nonpolitical as romantic love. This balancing act by Hurston was a missed opportunity for Harpo producers to capture on screen what she so skillfully expressed in literary form. © 2010 by The University Press of Mississippi. All rights reserved.","citedby-count":"0","affiliation": [{"@_fa": "true", "affiliation-url":"https://api.elsevier.com/content/affiliation/affiliation_id/60001223","afid":"60001223","affilname":"California State University Stanislaus","affiliation-city":"Turlock","affiliation-country":"United States"}],"prism:aggregationType":"Book","subtype":"ch","subtypeDescription":"Chapter","author-count":{"@limit": "100", "@total": "1", "$" :"1"},"author": [{"@_fa": "true", "@seq": "1", "author-url":"https://api.elsevier.com/content/author/author_id/56197468900","authid":"56197468900","authname":"Cotten T.","surname":"Cotten","given-name":"Trystan T.","initials":"T.T.","afid": [{"@_fa": "true", "$" :"60001223"}]}],"source-id":"21100317999","fund-no":"undefined","openaccess":"0","openaccessFlag":false},{"@_fa": "true", "link": [{"@_fa": "true", "@ref": "self", "@href": "https://api.elsevier.com/content/abstract/scopus_id/84865265831"},{"@_fa": "true", "@ref": "author-affiliation", "@href": "https://api.elsevier.com/content/abstract/scopus_id/84865265831?field=author,affiliation"},{"@_fa": "true", "@ref": "scopus", "@href": "https://www.scopus.com/inward/record.uri?partnerID=HzOxMe3b&scp=84865265831&origin=inward"},{"@_fa": "true", "@ref": "scopus-citedby", "@href": "https://www.scopus.com/inward/citedby.uri?partnerID=HzOxMe3b&scp=84865265831&origin=inward"}],"prism:url":"https://api.elsevier.com/content/abstract/scopus_id/84865265831","dc:identifier":"SCOPUS_ID:84865265831","eid":"2-s2.0-84865265831","dc:title":"Refiguring rhetorica: Linking feminist rhetoric and disability studies","dc:creator":"Dolmage J.","prism:publicationName":"Rhetorica in Motion: Feminist Rhetorical Methods and Methodologies","prism:isbn": [{"@_fa": "true", "$" :"0822960567"},{"@_fa": "true", "$" :"9780822960560"}],"prism:pageRange":"23-38","prism:coverDate":"2010-12-01","prism:coverDisplayDate":"2010","dc:description":"Feminism and disability studies ought to be powerful allies. Feminist rhetorical methods provided a foundation for the emerging field of disability studies in the humanities in the late 1980s. And in the 1990s, disability studies theories and methods developed synergistically with feminism and other theories in directions that challenge and transform methods and theories across fields. As feminists have argued, the received collection that we call rhetoric is made up of remnants of a classical past, layered over by accumulated practices from nearly three millennia in which the structures and values of patriarchy dominated, all wrapped up with over three centuries of Enlightenment logic. Within this messy collection of traditions, one constant was that female embodiment - because it deviated from male embodiment - was figured as dis-abled; to be a woman was to be disqualified from civic debate (see Crowley 1999; Grosz 1994, 1996; Lindgren 2004). By the time of the Enlightenment, as Evelyn Fox Keller's work (1985) has shown, to be a woman was also to be an object of science, not a maker of it. In these ways, the category of woman has been closely aligned with the category of disability as a term that has marked deficiency and disqualification. In contrast, we recognize the positive signification of disability and believe that feminism's engagement with disability can refigure the face, body, and voice of rhetoric(a). We reframe disability, not only by turning around this word's usual function as the ultimate specter of derogation, but also by making use of its gathered meanings in order to shape and focus a new critical lens built on the generative potential of an alliance between disability studies and feminisms. A feminist, disability studies perspective impacts methods - not only in our scholarly projects, but also in teaching and service, which also are frequently areas where composition and rhetoric research is undertaken and applied. We believe that five key concepts from disability studies provide methods for the work of critique, recovery, and invention of new rhetorical futures. These concepts grow out of, and deepen, feminist critiques of the rhetorical tradition. Rolling through each of these concepts is a key rhetorical strategy in disability studies - the move to investigate the history of bodily norms in order to unmask the powers and processes of \"norming\" and the construction of \"normality\". Copyright © 2010 University of Pittsburgh Press. All rights reserved.","citedby-count":"15","prism:aggregationType":"Book","subtype":"ch","subtypeDescription":"Chapter","author-count":{"@limit": "100", "@total": "2", "$" :"2"},"author": [{"@_fa": "true", "@seq": "1", "author-url":"https://api.elsevier.com/content/author/author_id/23466298000","authid":"23466298000","authname":"Dolmage J.","surname":"Dolmage","given-name":"Jay","initials":"J.","afid": [{"@_fa": "true", "$" :"60021143"}]},{"@_fa": "true", "@seq": "2", "author-url":"https://api.elsevier.com/content/author/author_id/6507996059","authid":"6507996059","authname":"Lewiecki-Wilson C.","surname":"Lewiecki-Wilson","given-name":"Cynthia","initials":"C.","afid": [{"@_fa": "true", "$" :"60032706"}]}],"source-id":"21100300034","fund-no":"undefined","openaccess":"0","openaccessFlag":false},{"@_fa": "true", "link": [{"@_fa": "true", "@ref": "self", "@href": "https://api.elsevier.com/content/abstract/scopus_id/84905147956"},{"@_fa": "true", "@ref": "author-affiliation", "@href": "https://api.elsevier.com/content/abstract/scopus_id/84905147956?field=author,affiliation"},{"@_fa": "true", "@ref": "scopus", "@href": "https://www.scopus.com/inward/record.uri?partnerID=HzOxMe3b&scp=84905147956&origin=inward"},{"@_fa": "true", "@ref": "scopus-citedby", "@href": "https://www.scopus.com/inward/citedby.uri?partnerID=HzOxMe3b&scp=84905147956&origin=inward"}],"prism:url":"https://api.elsevier.com/content/abstract/scopus_id/84905147956","dc:identifier":"SCOPUS_ID:84905147956","eid":"2-s2.0-84905147956","dc:title":"The v-day march in Mexico: Appropriation and misuse of local women's activism","dc:creator":"Rojas C.","prism:publicationName":"Making a Killing : Femicide, Free Trade, and la Frontera","prism:isbn": [{"@_fa": "true", "$" :"9780292722774"}],"prism:pageRange":"201-210","prism:coverDate":"2010-12-01","prism:coverDisplayDate":"2010","dc:description":"The V-Day march, presumably a protest against the murder of over three hundred young women between 1993 and 2003, was not only a belated response to gender violence on the border, it was also, I shall argue, an appropriation and misuse of local women's activism by local hegemonic groups. Before explaining this position, however, I provide historical background. For a decade (1993- 2003), over three hundred young women (ages 12- 19) from low-income backgrounds were tortured and murdered in the Mexican border city of Juarez.1 The discovery of the murders launched a long and apparently unfruitful antagonistic process between local women activists and the authorities.2 In 1994, faced with the offi cial dismissal of and silence surrounding the events, the victims' families and a group of women activists began to confront the local and state authorities to demand information. In return, those in charge of the investigation hid information, blamed the victims, and, overall, tried to minimize both the events and the women's petitions. Th is process of dismissal and silencing was perpetuated mainly through a demeaning process of stereotyping. For instance, the victims and their families were publicly (re)victimized by the authorities through a typical patriarchal discourse which openly blamed the victims for their \"licentious\" way of life. Th is process was reinforced and re-created by local media and other local hegemonic groups (for example, representatives of the Catholic Church).3 After years of marches, protests, forums, conferences, as well as national and international exposure, fi nally, in February 1998, the state judicial authorities off ered a document which compiled their information on the murders. The fi les showed a pattern of uninterest, lack of eff ort, and/or inability to identify the victims, to classify and analyze evidence, or to conduct fo- rensic tests.4 The deplorable state of the investigations was evidence that the authorities had no intention of trying to fi nd the murderer(s). The evident offi cial negligence represented in the fi les disclosed one of the most violent and haunting (his)tories of social injustice against girls and women. Th us, in 2003, in Ciudad Juarez, Mexico, \"reality\" showed its face. The material consequences of the patriarchal discourse, articulated with race, class, and regional discriminatory beliefs and practices-pervasive throughout Mexican society-were imprinted on the murdered bodies of hundreds of low-income young women. The murders exposed and reconfi rmed a long history of impunity granted and social injustice practiced by a corrupt judicial system and routinely reinforced by a misogynist environment sustained by multiple social actors-female and male-in this border community. In this apparently paralyzing scenario, since 2003, diverse local women activists, as direct participants in an extremely stressful, contradictory, and tragically ongoing story, have resisted, negotiated, and contested patriarchy. Copyright © 2010 by Alicia Gaspar de Alba. All rights reserved.","citedby-count":"1","prism:aggregationType":"Book","subtype":"ch","subtypeDescription":"Chapter","author-count":{"@limit": "100", "@total": "1", "$" :"1"},"author": [{"@_fa": "true", "@seq": "1", "author-url":"https://api.elsevier.com/content/author/author_id/56300323700","authid":"56300323700","authname":"Rojas C.","surname":"Rojas","given-name":"Clara E.","initials":"C.E.","afid": [{"@_fa": "true", "$" :"109554775"}]}],"source-id":"21100326390","fund-no":"undefined","openaccess":"0","openaccessFlag":false},{"@_fa": "true", "link": [{"@_fa": "true", "@ref": "self", "@href": "https://api.elsevier.com/content/abstract/scopus_id/84895131468"},{"@_fa": "true", "@ref": "author-affiliation", "@href": "https://api.elsevier.com/content/abstract/scopus_id/84895131468?field=author,affiliation"},{"@_fa": "true", "@ref": "scopus", "@href": "https://www.scopus.com/inward/record.uri?partnerID=HzOxMe3b&scp=84895131468&origin=inward"},{"@_fa": "true", "@ref": "scopus-citedby", "@href": "https://www.scopus.com/inward/citedby.uri?partnerID=HzOxMe3b&scp=84895131468&origin=inward"}],"prism:url":"https://api.elsevier.com/content/abstract/scopus_id/84895131468","dc:identifier":"SCOPUS_ID:84895131468","eid":"2-s2.0-84895131468","dc:title":"The shoe still fits: Ever After and the pursuit of a feminist cinderella","dc:creator":"Williams C.","prism:publicationName":"Fairy Tale Films: Visions of Ambiguity","prism:isbn": [{"@_fa": "true", "$" :"9780874217810"}],"prism:pageRange":"99-115","prism:coverDate":"2010-12-01","prism:coverDisplayDate":"2010","dc:description":"The 1998 Film Ever After: A Cinderella Story, directed by Andy Tennant and starring Drew Barrymore, is a delightful retelling of \"Cinderella\" (ATU 510A) for a contemporary audience that has grown up with second-wave feminism and its arguments about the problematically sexist representation of women. Unlike other popular literary and cinematic Cinderellas, who need the help of birds (Grimms and Disney), mice (Disney), or fairies (Perrault and Disney) to accomplish chores and prove themselves worthy of respect and love, Danielle (Drew Barrymore) wins the affection and esteem of her prince (Dougray Scott) by being-smart, caring, strong, and assertive. She does not rely on the prince to save her or on others to solve her problems. What sets Danielle apart from her fictional and cinematic predecessors, as well as from the other women in the film, is her self-confidence and lack of interest in material wealth, social status, and prince hunting. However, like her predecessors, she does not completely break from tradition, and the film fails to question the patriarchal structures of the \"Cinderella\" story. Some critics and reviewers have labeled Ever After a feminist film due to Danielle's strength in contrast to the expected passivity of heroines of popu-larizedfairy tales. Despite disagreements as to the merits of the film, popular reviewers have often labeled it \"feminist,\" or even \"postfeminist,\"1 calling attention to its \"girl-positive\" (Schwarzbaum 1998) and \"female empowerment\" (Burr 1999) qualities. While academic critics have been more resistant to calling Ever After a feminist film, their analyses emphasize characteristics that generally fit feminist ideology, and they praise the film for its efforts at representing a strong heroine. Elisabeth Rose Gruner claims that the film \"rewrit[es] Cinderella for a feminist, perhaps even a post-feminist, future\" (2003, 146). John Stephens and Robyn McCallum recognize it as \"a story of female resistance within a dominating patriarchy\" (2002, 206). And Cathy Lynn Preston argues that Ever After attempts to \"redefine gender boundaries\" and \"respond to the last thirty years of feminist critique of gender construction\" in popular fairy tales (2004, 206 and 203). These critics' careful wording situates the film firmly in feminist territory by recognizing how it attempts to represent gender without stating directly whether or not it succeeds. Their resistance to making an explicit \"feminist\" claim for the film - as many of their popular counterparts do - indicates a tenuous relationship between the pro-girl posturing of the film and contemporary feminism. Resistance against calling a popular fairy tale feminist is not new to fairy tale studies. In the early 1970s, Alison Lurie and Marcia R. Lieberman began the debate about whether traditional fairy tales could be feminist. The problem Lurie outlined (1970 and 1971) was that though there were strong female heroines in the classic tales, the male-dominated publishing industry had hidden them from view.2 Fairy tales - even the traditional ones - she argued, have strong female characters and are indeed feminist. Lieberman (1972) responded that the Disney versions created the primary image of fairy tales and their passive heroines superseded lesser-known ones who might have had some pluck. The popular fairy tales - the ones actually affecting mass culture - she argued, were not feminist. They reinforced limiting notions of femininity and worked to acculturate girls into passive roles under patriarchy. As the heroine of a popular retelling of a traditional fairy tale, Danielle's 1998 appearance seems to suggest that the debate over feminist/antifeminist fairy tales has been settled. Not only is she a strong female lead who represents the ideals of girl power and liberal feminism, but she recaptures the strength of the older heroines Lurie described. Preston suggests that Ever After \"plays off of what both folklorists and feminists have asked for: an acknowledgment that there have been many versions of 'Cinderella' and that there is a need to return, as it were, to a Cinderella figure who is a 'shrewd and practical girl persevering and winning a share of the power'\" (2004, 204). Danielle, according to the impressed prince, \"swims alone, climbs rocks, and rescues servants,\" suggesting a turn in American cinema toward a strong fairy tale heroine. Though certainly a strong heroine, Danielle is concerned with her immediate world, and her actions belong to a personal and individually centered type of feminism. Stephens and McCallum explain that \"Danielle's free-spirited behavior overturns social hierarchy, codes governing female conduct, and dress regulations\" (2002, 208); however, all of these changes affect only Danielle. In their discussion of agency in the film, these same critics note the inadequacy of Danielle's shift from a \"vision of a just society⋯ to the more private well-being envisaged within the schema of romantic love\" (Ibid.). I agree that containing Danielle's utopian ideology within the framework of heterosexual romance is problematic; however, my criticism does not focus on the film's romantic vision of utopia but, instead, its narrow depiction of feminism. Ever After assumes a feminist stance but offers a mass-mediated idea of feminism where individual women can be strong and achieve equality through personal actions that do not, however, challenge or change the underlying patriarchal structure of society.3 And these heroines can still be (sexually) desirable and marriageable in doing so. The problems identified by second-wave feminism are simplified, emptied of their radical critiques of systemic gender inequality, and marketed to young women. 4 This limited perspective, which draws on girl power and liberal feminism, reinforces patriarchal authority by emphasizing individual achievements and isolating one woman, the heroine, as an exception to standard feminine behavior. To counter the idea of feminism Ever After projects, I will focus on the limited power of Danielle's action within the film's dynamic of narrative authority, her highly gendered representations, the reversal of the damsel-in-distress plot, and the regendering of the fairy godmother as male. The fragments of the \"Cinderella\" tale that are manipulated most consistently in Ever After - the phrase \"once upon a time,\" the dress, the rescue, and the godmother - placate a late-twentieth- and early-twenty-first-century audience's expectations of popular feminism but fail to move the \"Cinderella\" story beyond the structural misogyny knit into the tale's plot. Copyright © 2010 Utah State University Press All rights reserved.","citedby-count":"8","affiliation": [{"@_fa": "true", "affiliation-url":"https://api.elsevier.com/content/affiliation/affiliation_id/113760365","afid":"113760365","affilname":"Hawai'i Pacific University","affiliation-city":"Waimanalo","affiliation-country":"United States"}],"prism:aggregationType":"Book","subtype":"ch","subtypeDescription":"Chapter","author-count":{"@limit": "100", "@total": "1", "$" :"1"},"author": [{"@_fa": "true", "@seq": "1", "author-url":"https://api.elsevier.com/content/author/author_id/56054378700","authid":"56054378700","authname":"Williams C.","surname":"Williams","given-name":"Christy","initials":"C.","afid": [{"@_fa": "true", "$" :"113760365"}]}],"source-id":"21100289560","fund-no":"undefined","openaccess":"0","openaccessFlag":false},{"@_fa": "true", "link": [{"@_fa": "true", "@ref": "self", "@href": "https://api.elsevier.com/content/abstract/scopus_id/84901882348"},{"@_fa": "true", "@ref": "author-affiliation", "@href": "https://api.elsevier.com/content/abstract/scopus_id/84901882348?field=author,affiliation"},{"@_fa": "true", "@ref": "scopus", "@href": "https://www.scopus.com/inward/record.uri?partnerID=HzOxMe3b&scp=84901882348&origin=inward"},{"@_fa": "true", "@ref": "scopus-citedby", "@href": "https://www.scopus.com/inward/citedby.uri?partnerID=HzOxMe3b&scp=84901882348&origin=inward"}],"prism:url":"https://api.elsevier.com/content/abstract/scopus_id/84901882348","dc:identifier":"SCOPUS_ID:84901882348","eid":"2-s2.0-84901882348","dc:title":"The \"hottentot venus\" in Canada modernism, censorship, and the racial limits of female sexuality","dc:creator":"Nelson C.","prism:publicationName":"Black Venus 2010: They Called Her \"Hottentot\"","prism:isbn": [{"@_fa": "true", "$" :"9781439902042"}],"prism:pageRange":"112-125","prism:coverDate":"2010-12-01","prism:coverDisplayDate":"2010","dc:description":"There is an indelible mark in the memories of my Canadian undergraduate education as a student of western art history.1 If I had been given a penny for every time a professor had lectured on Edouard Manet's Olympia (1863; see Figure 3), only to refuse to discuss the conspicuous presence of the black maid, I would be quite a wealthy woman today. Noting the historical compulsion to erase her presence, Lorraine O'Grady has argued that She is the chaos that must be excised, and it is her excision that stabilizes the West's construct of the female body, for the \"femininity\" of the white female body is ensured by assigning the not-white to a chaos safely removed from sight.2 While my claim may seem like an extraordinary exaggeration, when art historical discursivity, especially its Modernist permutations,3 is scrutinized for its ability or willingness to accommodate race, my point as a comment on the dominating Eurocentrism of art historical disciplinarity becomes painfully clear. Modernism refers to a cultural movement and a historical moment but, more importantly for art history, to a specifi c artistic practice generally designated by a dominating, often formalistic interest in issues of style and aesthetic concerns. Modernism however must also be acknowledged as a specifi c art historical discourse which dictates the limits of art production and interpretation. Historically western Modernism has privileged painting above all other media and has further privileged aesthetic practices which reinforce and celebrate the two-dimensionality of painting. This explicit focus upon materiality has often elided social, historical, and political issues from the discourse. The Modernism of visual culture has also historically been the exclusive domain of white male artistic production centered around notions of urbanity, voyeurism, and bohemianism. Ironically, Modernism's obvious dependence upon the bodies of transgressive female subjects (often prostitutes or courtesans) and the appropriation of African, Native, and Oceanic arts has only recently been given critical attention. Manet's Olympia is not an arbitrary choice on my part. The utter disavowal of race as a valid issue of art historical inquiry is evidenced in T. J. Clark's otherwise archivally exhaustive chapter on this painting, \"Olympia's Choice.\"4 Clark's social art historical analysis of the painting is fundamentally based upon class identity. Griselda Pollock has noted Clark's unwillingness to deal with the obvious gender and sex issues which are latent within the painting.5 However, my concern is with his almost complete disregard for the racially \"other\" subject of the painting-the black maid who is clearly visible. For a student of art history or for the uninitiated, the uncontested value of this painting is indexed by the extent to which scholars of art history need not identify it to their canonically indoctrinated audiences. As Pollock has warned: Canonical art history may be defi ned as a kind of border police, monitoring the visibility of which links, which borrowings, which genealogies are to be acknowledged, while others, become aberrant, ignorant, incorrect or plain invisible.6 Although Manet's name and the basic formalistic and stylistic concerns of the art object as a seminal painting which marked the celebrated beginnings of western Modernism need not be re-stated, I would argue that what has been consistently disavowed and what needs now to be urgently examined and retrieved is the body of the black female maid, her colonial context, and the psycho-social constraints which have facilitated the erasure of her obvious presence and signifi cance in the fi rst instance. Elaborating upon the focus of her book, Negrophilia: Avant-Garde Paris and Black Culture in the 1920s, and its decidedly post-colonial methodology, Petrine Archer-Straw writes: I was aware that although art historians discussed black culture's infl uence on the Parisian avant-garde there was no text that looked at the avant-garde's motivations outside of artistic imperatives. Redressing this imbalance called for an examination of rarely considered tropes within European art history that reinforced negative stereotypes of blacks, especially in respect to primitivism.7 (Italics mine) We need to ask what art historical discourse, especially its Modernist permutations, makes possible and what it suppresses as well as through what logic and apparatus its borders are policed.8 In other words, we need to examine the historical suppression of issues of race, color, and colonialism within art historical discourse and create a space for post-colonial interventions within cultural practice and analysis. Just as feminist interventions have made it possible to discuss gender and sex issues within the context of patriarchy, a post-colonial intervention within art history would privilege discussions of race, color, and culture within a colonial context. A post-colonial art history also creates a space for the discussion of the production of Native, black, Asian, and other traditionally marginalized artists. This intervention would also fundamentally take up representation as a process of identifi cation and therefore position visual culture as colonial discourse, a site where racial identities are produced and deployed. Critical theory, especially feminist interventions, has provided clear and effective strategies for cultural transformation of the traditionally patriarchal disciplinarity of art history.9 However, recent criticism of white feminist practice has contested the extent to which the deployment of an essentializing category of Woman, coupled with the silence around race/color, has re-entrenched the colonial privilege of the white female body. Post-colonial scholarship, particularly its manifestations within cultural studies, is helping to provide the theoretical and material structure for a racial intervention within art history, one that acknowledges culture as a site of colonial discourse and thus as a generative source of racialized identities and racism.10 Post-colonial scholarship has also informed the recent racial interventions within the overwhelmingly colonial discourses of anthropology, ethnography, and museology. Critical contributions to the study of culture have interrogated western colonial histories of exhibition and human display.11 Within the institutionalized museum practices of ethnographic display, human anatomical and skeletal remains often served as \"primitivizing\" markers of the racial identifi cation of colonial subjects, evidence of the supposed evolutionary inferiority of colonized populations. Exceeding museum practices in their mass appeal to broad middle and lower class populations, the more socially accessible spectacles of fairs, circuses, and open-air exhibitions often replaced skeletal remains with the living bodies of colonized subjects.12 As Rosemary Wiss has argued, \"European discourse on the perception of difference was partially informed by exhibits of indigenous people brought back to Europe by colonial scientists and entrepreneurs during the eighteenth and especially nineteenth centuries.\"13 The colonial subject framed within the Eurocentrically biased and artifi cially imposed boundaries of reconstructed and anthropologically \"authentic primitive\" villages were made to perform their cultures and also, signifi cantly, their races, for the entertainment of white audiences. The colonial practice of human display distanced the white observer, both literally and fi guratively, from the primitivized bodies of colonial subjects. Safely behind the carefully demarcated boundaries of the exhibitions and fairgrounds, the space of the colonial \"other\" was clearly separated from the privileged space of the white viewer/ \"self.\" The deliberately cultivated material and psychic distance was a part of the colonial apparatus which visually objectifi ed the exhibited human subjects and racialized the bodies of the exhibition spectators. © 2010 by The Temple University Press. All rights reserved.","citedby-count":"0","affiliation": [{"@_fa": "true", "affiliation-url":"https://api.elsevier.com/content/affiliation/affiliation_id/60002494","afid":"60002494","affilname":"McGill University","affiliation-city":"Montreal","affiliation-country":"Canada"}],"prism:aggregationType":"Book","subtype":"ch","subtypeDescription":"Chapter","author-count":{"@limit": "100", "@total": "1", "$" :"1"},"author": [{"@_fa": "true", "@seq": "1", "author-url":"https://api.elsevier.com/content/author/author_id/57207342331","authid":"57207342331","authname":"Nelson C.","surname":"Nelson","given-name":"Charmaine","initials":"C.","afid": [{"@_fa": "true", "$" :"60002494"}]}],"source-id":"21100317454","fund-no":"undefined","openaccess":"0","openaccessFlag":false},{"@_fa": "true", "link": [{"@_fa": "true", "@ref": "self", "@href": "https://api.elsevier.com/content/abstract/scopus_id/78649906582"},{"@_fa": "true", "@ref": "author-affiliation", "@href": "https://api.elsevier.com/content/abstract/scopus_id/78649906582?field=author,affiliation"},{"@_fa": "true", "@ref": "scopus", "@href": "https://www.scopus.com/inward/record.uri?partnerID=HzOxMe3b&scp=78649906582&origin=inward"},{"@_fa": "true", "@ref": "scopus-citedby", "@href": "https://www.scopus.com/inward/citedby.uri?partnerID=HzOxMe3b&scp=78649906582&origin=inward"},{"@_fa": "true", "@ref": "full-text", "@href": "https://api.elsevier.com/content/article/eid/1-s2.0-S0277539510001202"}],"prism:url":"https://api.elsevier.com/content/abstract/scopus_id/78649906582","dc:identifier":"SCOPUS_ID:78649906582","eid":"2-s2.0-78649906582","dc:title":"Resisting patriarchy within the State: Advocacy and family violence in Mexico","dc:creator":"Frias S.","prism:publicationName":"Women's Studies International Forum","prism:issn":"02775395","prism:volume":"33","prism:issueIdentifier":"6","prism:pageRange":"542-551","prism:coverDate":"2010-11-01","prism:coverDisplayDate":"November 2010","prism:doi":"10.1016/j.wsif.2010.09.006","pii":"S0277539510001202","dc:description":"In the 10 years from 1996 to 2006, all but three states in the Mexican Federation passed laws dealing specifically with family violence. These laws are more symbolic than substantive for protecting women's rights given their unbridgeable duality of objectives: one the one hand affirming the sanctity of the family, while on the other protecting family members from the threat of family violence. The patriarchal attitudes that permeate the State are reflected in the terms and objectives of family violence legislation.Although the formal aim of the legislation has been to protect women from partner violence, the subordination of its contents and implementation to the goal of preserving families has worked against protecting the victims of partner violence. This article adopts a post-structuralist feminist perspective on the State, conceptualizing it not as a unified entity, but in terms of the collaborations and conflicts of the multiple agencies, agents, and agendas which constitute it. Using Giddens' structuration theory, I examine patterns of resistance both to the patriarchal social structure and to the State that is reproducing it. Some State employees-most of whom are women-who work in agencies that provide direct assistance to victims of family violence and design prevention programs work around the familist agenda by reinterpreting and ignoring regulations, investing their own time and resources to protect victims of partner violence. This article explores the agency of these individuals and examines how they strategically challenge or derail the reproduction of patriarchal structures by the State, working from within it. © 2010 Elsevier Ltd.","citedby-count":"5","affiliation": [{"@_fa": "true", "affiliation-url":"https://api.elsevier.com/content/affiliation/affiliation_id/60032442","afid":"60032442","affilname":"Universidad Nacional Autónoma de México","affiliation-city":"Mexico City","affiliation-country":"Mexico"}],"prism:aggregationType":"Journal","subtype":"ar","subtypeDescription":"Article","author-count":{"@limit": "100", "@total": "1", "$" :"1"},"author": [{"@_fa": "true", "@seq": "1", "author-url":"https://api.elsevier.com/content/author/author_id/11241474300","authid":"11241474300","authname":"Frias S.","surname":"Frias","given-name":"Sonia M.","initials":"S.M.","afid": [{"@_fa": "true", "$" :"60032442"}]}],"source-id":"24359","fund-no":"undefined","openaccess":"0","openaccessFlag":false}]}}