{"search-results":{"opensearch:totalResults":"26","opensearch:startIndex":"0","opensearch:itemsPerPage":"25","opensearch:Query":{"@role": "request", "@searchTerms": "TITLE-ABS-KEY(\"patriarchy\") AND SUBJAREA(SOCI) AND PUBYEAR = 1992", "@startPage": "0"},"link": [{"@_fa": "true", "@ref": "self", "@href": "https://api.elsevier.com/content/search/scopus?start=0&count=25&query=TITLE-ABS-KEY%28%22patriarchy%22%29+AND+SUBJAREA%28SOCI%29+AND+PUBYEAR+%3D+1992&apiKey=27d953b4b546791964ebeb768d13e61f&view=COMPLETE", "@type": "application/json"},{"@_fa": "true", "@ref": "first", "@href": "https://api.elsevier.com/content/search/scopus?start=0&count=25&query=TITLE-ABS-KEY%28%22patriarchy%22%29+AND+SUBJAREA%28SOCI%29+AND+PUBYEAR+%3D+1992&apiKey=27d953b4b546791964ebeb768d13e61f&view=COMPLETE", "@type": "application/json"},{"@_fa": "true", "@ref": "next", "@href": "https://api.elsevier.com/content/search/scopus?start=25&count=25&query=TITLE-ABS-KEY%28%22patriarchy%22%29+AND+SUBJAREA%28SOCI%29+AND+PUBYEAR+%3D+1992&apiKey=27d953b4b546791964ebeb768d13e61f&view=COMPLETE", "@type": "application/json"},{"@_fa": "true", "@ref": "last", "@href": "https://api.elsevier.com/content/search/scopus?start=1&count=25&query=TITLE-ABS-KEY%28%22patriarchy%22%29+AND+SUBJAREA%28SOCI%29+AND+PUBYEAR+%3D+1992&apiKey=27d953b4b546791964ebeb768d13e61f&view=COMPLETE", "@type": "application/json"}],"entry": [{"@_fa": "true", "link": [{"@_fa": "true", "@ref": "self", "@href": "https://api.elsevier.com/content/abstract/scopus_id/21144477250"},{"@_fa": "true", "@ref": "author-affiliation", "@href": "https://api.elsevier.com/content/abstract/scopus_id/21144477250?field=author,affiliation"},{"@_fa": "true", "@ref": "scopus", "@href": "https://www.scopus.com/inward/record.uri?partnerID=HzOxMe3b&scp=21144477250&origin=inward"},{"@_fa": "true", "@ref": "scopus-citedby", "@href": "https://www.scopus.com/inward/citedby.uri?partnerID=HzOxMe3b&scp=21144477250&origin=inward"}],"prism:url":"https://api.elsevier.com/content/abstract/scopus_id/21144477250","dc:identifier":"SCOPUS_ID:21144477250","eid":"2-s2.0-21144477250","dc:title":"Child sexual abuse by family members: A radical feminist perspective","dc:creator":"Solomon J.","prism:publicationName":"Sex Roles","prism:issn":"03600025","prism:eIssn":"15732762","prism:volume":"27","prism:issueIdentifier":"9-10","prism:pageRange":"473-485","prism:coverDate":"1992-11-01","prism:coverDisplayDate":"November 1992","prism:doi":"10.1007/BF00290004","dc:description":"Radical feminist theory states that patriarchy is related to the oppression and victimization of women. This study focuses on the extent to which radical feminist theory can be used to understand male and female children as victims of sexual abuse by female and male family members. The data are cases (N=3864) of \"substantiated\" and \"indicated\" intrafamilial child sexual abuse reported to the Indiana Department of Public Welfare. The sample is approximately 80% white and mostly middle to lower middle class. In support of the theory, it was found that, while men were overwhelmingly perpetrators of child sexual abuse in the family (87%), girls were usually the victims (85%), even when the perpetrator was a woman. Women abused more boys in single-parent homes than in two-parent homes that contained a man as representative of the patriarchal order. In contrast, the presence of a woman in two-parent families did not inhibit the victimization of girls. Men victimized more girls in two-parent homes than in single-parent homes. Additional support for radical feminist theory was indicated by the finding that most women were coperpetrators with a man, while over 90% of the men acted alone. © 1992 Plenum Publishing Corporation.","citedby-count":"21","affiliation": [{"@_fa": "true", "affiliation-url":"https://api.elsevier.com/content/affiliation/affiliation_id/60026305","afid":"60026305","affilname":"Winthrop University","affiliation-city":"Rock Hill","affiliation-country":"United States"}],"prism:aggregationType":"Journal","subtype":"ar","subtypeDescription":"Article","author-count":{"@limit": "100", "@total": "1", "$" :"1"},"author": [{"@_fa": "true", "@seq": "1", "author-url":"https://api.elsevier.com/content/author/author_id/7201787034","authid":"7201787034","authname":"Solomon J.","surname":"Solomon","given-name":"Jennifer Crew","initials":"J.C.","afid": [{"@_fa": "true", "$" :"60026305"}]}],"source-id":"14798","fund-no":"undefined","openaccess":"0","openaccessFlag":false},{"@_fa": "true", "link": [{"@_fa": "true", "@ref": "self", "@href": "https://api.elsevier.com/content/abstract/scopus_id/61049127844"},{"@_fa": "true", "@ref": "author-affiliation", "@href": "https://api.elsevier.com/content/abstract/scopus_id/61049127844?field=author,affiliation"},{"@_fa": "true", "@ref": "scopus", "@href": "https://www.scopus.com/inward/record.uri?partnerID=HzOxMe3b&scp=61049127844&origin=inward"},{"@_fa": "true", "@ref": "scopus-citedby", "@href": "https://www.scopus.com/inward/citedby.uri?partnerID=HzOxMe3b&scp=61049127844&origin=inward"}],"prism:url":"https://api.elsevier.com/content/abstract/scopus_id/61049127844","dc:identifier":"SCOPUS_ID:61049127844","eid":"2-s2.0-61049127844","dc:title":"The paradise of patriarchy: Ambrosiaster on woman as (not) god's image","dc:creator":"Hunter D.","prism:publicationName":"Journal of Theological Studies","prism:issn":"00225185","prism:volume":"43","prism:issueIdentifier":"2","prism:pageRange":"447-469","prism:coverDate":"1992-10-01","prism:coverDisplayDate":"October 1992","prism:doi":"10.1093/jts/43.2.447","citedby-count":"28","prism:aggregationType":"Journal","subtype":"ar","subtypeDescription":"Article","author-count":{"@limit": "100", "@total": "1", "$" :"1"},"author": [{"@_fa": "true", "@seq": "1", "author-url":"https://api.elsevier.com/content/author/author_id/26034047300","authid":"26034047300","authname":"Hunter D.","surname":"Hunter","given-name":"David G.","initials":"D.G."}],"source-id":"5800227547","fund-no":"undefined","openaccess":"0","openaccessFlag":false},{"@_fa": "true", "link": [{"@_fa": "true", "@ref": "self", "@href": "https://api.elsevier.com/content/abstract/scopus_id/84933488813"},{"@_fa": "true", "@ref": "author-affiliation", "@href": "https://api.elsevier.com/content/abstract/scopus_id/84933488813?field=author,affiliation"},{"@_fa": "true", "@ref": "scopus", "@href": "https://www.scopus.com/inward/record.uri?partnerID=HzOxMe3b&scp=84933488813&origin=inward"},{"@_fa": "true", "@ref": "scopus-citedby", "@href": "https://www.scopus.com/inward/citedby.uri?partnerID=HzOxMe3b&scp=84933488813&origin=inward"}],"prism:url":"https://api.elsevier.com/content/abstract/scopus_id/84933488813","dc:identifier":"SCOPUS_ID:84933488813","eid":"2-s2.0-84933488813","dc:title":"A Genealogy of the Government of Poverty","dc:creator":"Dean M.","prism:publicationName":"Economy and Society","prism:issn":"03085147","prism:eIssn":"14695766","prism:volume":"21","prism:issueIdentifier":"3","prism:pageRange":"215-251","prism:coverDate":"1992-08-01","prism:coverDisplayDate":"1 August 1992","prism:doi":"10.1080/03085149200000012","dc:description":"This paper contributes to a genealogy of the discourses and government of poverty. It offers a statement of what might be understood by a genealogical perspective and method, and then focuses on the emergence of a ‘liberal mode of govemment, of poverty in the early nineteenth century, of which the reformed poor law in England is emblematic but not exhaustive. The emergence of this mode of government is followed through a series of related transformations of the older systems of the relief and administration of'the Poor’, best understood as a dimension of'police’ in its archaic sense. The conditions of the problematization of this older system of governance are discussed as are transformations in the language and practice of government in matters of population, economy, police, and so on. This emergence has implications for the formation of a national labour market, notions of self-governance and responsibility, forms of patriarchy and household, and issues of morality, philanthropy, administration, and the state. Above all, it is within this liberal mode of government that we can witness both the constitution of poverty as a field of knowledge and intervention, perhaps for the first time, and also the various surfaces of emergence for what will become ‘the social’. The implications of this liberal mode of government for our present are far from exhausted. © 1992, Taylor & Francis Group, LLC. All rights reserved.","citedby-count":"72","prism:aggregationType":"Journal","subtype":"ar","subtypeDescription":"Article","author-count":{"@limit": "100", "@total": "1", "$" :"1"},"author": [{"@_fa": "true", "@seq": "1", "author-url":"https://api.elsevier.com/content/author/author_id/7201596018","authid":"7201596018","authname":"Dean M.","surname":"Dean","given-name":"Mitchell","initials":"M."}],"source-id":"26043","fund-no":"undefined","openaccess":"0","openaccessFlag":false},{"@_fa": "true", "link": [{"@_fa": "true", "@ref": "self", "@href": "https://api.elsevier.com/content/abstract/scopus_id/0005591750"},{"@_fa": "true", "@ref": "author-affiliation", "@href": "https://api.elsevier.com/content/abstract/scopus_id/0005591750?field=author,affiliation"},{"@_fa": "true", "@ref": "scopus", "@href": "https://www.scopus.com/inward/record.uri?partnerID=HzOxMe3b&scp=0005591750&origin=inward"},{"@_fa": "true", "@ref": "scopus-citedby", "@href": "https://www.scopus.com/inward/citedby.uri?partnerID=HzOxMe3b&scp=0005591750&origin=inward"}],"prism:url":"https://api.elsevier.com/content/abstract/scopus_id/0005591750","dc:identifier":"SCOPUS_ID:0005591750","eid":"2-s2.0-0005591750","dc:title":"New perspectives on an old problem: the position of women academics in British higher education","dc:creator":"Acker S.","prism:publicationName":"Higher Education","prism:issn":"00181560","prism:eIssn":"1573174X","prism:volume":"24","prism:issueIdentifier":"1","prism:pageRange":"57-75","prism:coverDate":"1992-07-01","prism:coverDisplayDate":"July 1992","prism:doi":"10.1007/BF00138618","dc:description":"Women academics in Britain are an elite group among women. Nevertheless, there is abundant evidence that they are disproportionately in lower grades and less secure posts than their male counterparts. These are longstanding inequities which appear to have been met with complacency rather than commitments to bring about change. This paper draws upon feminist theory to outline a range of perspectives which can be used to analyze this situation. Different approaches define the problem differently: it can be located in sex-typed socialization; family-career role conflicts; under-investment in women's education; sex discrimination; or the working of capitalism and patriarchy. The strategies which follow from each approach are discussed and evaluated. Certain features of the British university system may operate to the detriment of women, and there is no network of powerful liberal feminist organizations that can act as a watchdog to safeguard their interests. The unsettled situation of higher education in Britain would seem to make this an inauspicious time to initiate reform, but there are contradictions which might be a basis for feminist action. Socialist and radical feminist frameworks go further than liberal ones in making sense of the entrenched inequalities and resistance to change. Yet there is a case for pursuing liberal feminist strategies, at least in the short run. © 1992 Kluwer Academic Publishers.","citedby-count":"39","affiliation": [{"@_fa": "true", "affiliation-url":"https://api.elsevier.com/content/affiliation/affiliation_id/60016849","afid":"60016849","affilname":"University of Toronto","affiliation-city":"Toronto","affiliation-country":"Canada"}],"prism:aggregationType":"Journal","subtype":"ar","subtypeDescription":"Article","author-count":{"@limit": "100", "@total": "1", "$" :"1"},"author": [{"@_fa": "true", "@seq": "1", "author-url":"https://api.elsevier.com/content/author/author_id/7004142655","authid":"7004142655","authname":"Acker S.","surname":"Acker","given-name":"Sandra","initials":"S.","afid": [{"@_fa": "true", "$" :"60016849"}]}],"source-id":"18787","fund-no":"undefined","openaccess":"0","openaccessFlag":false},{"@_fa": "true", "link": [{"@_fa": "true", "@ref": "self", "@href": "https://api.elsevier.com/content/abstract/scopus_id/84930424849"},{"@_fa": "true", "@ref": "author-affiliation", "@href": "https://api.elsevier.com/content/abstract/scopus_id/84930424849?field=author,affiliation"},{"@_fa": "true", "@ref": "scopus", "@href": "https://www.scopus.com/inward/record.uri?partnerID=HzOxMe3b&scp=84930424849&origin=inward"},{"@_fa": "true", "@ref": "scopus-citedby", "@href": "https://www.scopus.com/inward/citedby.uri?partnerID=HzOxMe3b&scp=84930424849&origin=inward"}],"prism:url":"https://api.elsevier.com/content/abstract/scopus_id/84930424849","dc:identifier":"SCOPUS_ID:84930424849","eid":"2-s2.0-84930424849","dc:title":"Chapter ten: Women and shame: Kin and culture","dc:creator":"Mason M.","prism:publicationName":"Journal of Feminist Family Therapy","prism:issn":"08952833","prism:eIssn":"15404099","prism:volume":"3","prism:issueIdentifier":"3-4","prism:pageRange":"175-194","prism:coverDate":"1992-01-06","prism:coverDisplayDate":"6 January 1992","prism:doi":"10.1300/J086v03n03_11","dc:description":"Shame, the “master emotion,” is taking its place in the therapy literature where we have focused attention on its etiology and the family’s influence on early childhood development. We now recognize that we must look be ond the impact of the family of origin to the cultural context of shame. When we examine shame in women’s socialization in a patriarchy with its concurrent oppression and abuse of women, we can further understand the perpetuation of shame. This feminist perspective on shame supports the research findings on gender differences in shame-that women experience greater degrees of shame than do men. We can more readily see that addiction is both the cause and the result of women’s shame. © 1992 by The Haworth Press, Inc.","citedby-count":"5","affiliation": [{"@_fa": "true", "affiliation-url":"https://api.elsevier.com/content/affiliation/affiliation_id/60029445","afid":"60029445","affilname":"University of Minnesota Twin Cities","affiliation-city":"Minneapolis","affiliation-country":"United States"}],"prism:aggregationType":"Journal","subtype":"ar","subtypeDescription":"Article","author-count":{"@limit": "100", "@total": "1", "$" :"1"},"author": [{"@_fa": "true", "@seq": "1", "author-url":"https://api.elsevier.com/content/author/author_id/57036225600","authid":"57036225600","authname":"Mason M.","surname":"Mason","given-name":"Marilyn J.","initials":"M.J.","afid": [{"@_fa": "true", "$" :"60029445"}]}],"source-id":"23703","fund-no":"undefined","openaccess":"0","openaccessFlag":false},{"@_fa": "true", "link": [{"@_fa": "true", "@ref": "self", "@href": "https://api.elsevier.com/content/abstract/scopus_id/84995028849"},{"@_fa": "true", "@ref": "author-affiliation", "@href": "https://api.elsevier.com/content/abstract/scopus_id/84995028849?field=author,affiliation"},{"@_fa": "true", "@ref": "scopus", "@href": "https://www.scopus.com/inward/record.uri?partnerID=HzOxMe3b&scp=84995028849&origin=inward"},{"@_fa": "true", "@ref": "scopus-citedby", "@href": "https://www.scopus.com/inward/citedby.uri?partnerID=HzOxMe3b&scp=84995028849&origin=inward"}],"prism:url":"https://api.elsevier.com/content/abstract/scopus_id/84995028849","dc:identifier":"SCOPUS_ID:84995028849","eid":"2-s2.0-84995028849","dc:title":"Professions and Patriarchy (Book).","dc:creator":"Gamarnikow E.","prism:publicationName":"Sociology of Health &amp; Illness","prism:issn":"01419889","prism:eIssn":"14679566","prism:volume":"14","prism:issueIdentifier":"4","prism:pageRange":"531-533","prism:coverDate":"1992-01-01","prism:coverDisplayDate":"December 1992","prism:doi":"10.1111/1467-9566.ep10493157","citedby-count":"0","prism:aggregationType":"Journal","subtype":"ar","subtypeDescription":"Article","author-count":{"@limit": "100", "@total": "1", "$" :"1"},"author": [{"@_fa": "true", "@seq": "1", "author-url":"https://api.elsevier.com/content/author/author_id/6506112382","authid":"6506112382","authname":"Gamarnikow E.","surname":"Gamarnikow","given-name":"Eva","initials":"E.","afid": [{"@_fa": "true", "$" :"60006242"}]}],"source-id":"18138","fund-no":"undefined","openaccess":"1","openaccessFlag":true},{"@_fa": "true", "link": [{"@_fa": "true", "@ref": "self", "@href": "https://api.elsevier.com/content/abstract/scopus_id/84963090872"},{"@_fa": "true", "@ref": "author-affiliation", "@href": "https://api.elsevier.com/content/abstract/scopus_id/84963090872?field=author,affiliation"},{"@_fa": "true", "@ref": "scopus", "@href": "https://www.scopus.com/inward/record.uri?partnerID=HzOxMe3b&scp=84963090872&origin=inward"},{"@_fa": "true", "@ref": "scopus-citedby", "@href": "https://www.scopus.com/inward/citedby.uri?partnerID=HzOxMe3b&scp=84963090872&origin=inward"}],"prism:url":"https://api.elsevier.com/content/abstract/scopus_id/84963090872","dc:identifier":"SCOPUS_ID:84963090872","eid":"2-s2.0-84963090872","dc:title":"Widowhood and patriarchy in seventeenth century France","dc:creator":"Hardwick J.","prism:publicationName":"Journal of Social History","prism:issn":"00224529","prism:eIssn":"15271897","prism:volume":"26","prism:issueIdentifier":"1","prism:pageRange":"133-148","prism:coverDate":"1992-01-01","prism:coverDisplayDate":"Fall 1992","prism:doi":"10.1353/jsh/26.1.133","citedby-count":"27","affiliation": [{"@_fa": "true", "affiliation-url":"https://api.elsevier.com/content/affiliation/affiliation_id/60030309","afid":"60030309","affilname":"Gettysburg College","affiliation-city":"Gettysburg","affiliation-country":"United States"}],"prism:aggregationType":"Journal","subtype":"ar","subtypeDescription":"Article","author-count":{"@limit": "100", "@total": "1", "$" :"1"},"author": [{"@_fa": "true", "@seq": "1", "author-url":"https://api.elsevier.com/content/author/author_id/57189019560","authid":"57189019560","authname":"Hardwick J.","surname":"Hardwick","given-name":"Julie","initials":"J.","afid": [{"@_fa": "true", "$" :"60030309"}]}],"source-id":"15675","fund-no":"undefined","openaccess":"0","openaccessFlag":false},{"@_fa": "true", "link": [{"@_fa": "true", "@ref": "self", "@href": "https://api.elsevier.com/content/abstract/scopus_id/84950198967"},{"@_fa": "true", "@ref": "author-affiliation", "@href": "https://api.elsevier.com/content/abstract/scopus_id/84950198967?field=author,affiliation"},{"@_fa": "true", "@ref": "scopus", "@href": "https://www.scopus.com/inward/record.uri?partnerID=HzOxMe3b&scp=84950198967&origin=inward"},{"@_fa": "true", "@ref": "scopus-citedby", "@href": "https://www.scopus.com/inward/citedby.uri?partnerID=HzOxMe3b&scp=84950198967&origin=inward"}],"prism:url":"https://api.elsevier.com/content/abstract/scopus_id/84950198967","dc:identifier":"SCOPUS_ID:84950198967","eid":"2-s2.0-84950198967","dc:title":"In Praise of the Patriarchy Paternalism and Chivalry in the Decorations in the House of Lords","dc:creator":"Mancoff D.","prism:publicationName":"Nineteenth-Century Contexts","prism:issn":"08905495","prism:eIssn":"14772663","prism:volume":"16","prism:issueIdentifier":"1","prism:pageRange":"47-64","prism:coverDate":"1992-01-01","prism:coverDisplayDate":"January 1992","prism:doi":"10.1080/08905499208583343","citedby-count":"0","prism:aggregationType":"Journal","subtype":"ar","subtypeDescription":"Article","author-count":{"@limit": "100", "@total": "1", "$" :"1"},"author": [{"@_fa": "true", "@seq": "1", "author-url":"https://api.elsevier.com/content/author/author_id/57007247100","authid":"57007247100","authname":"Mancoff D.","surname":"Mancoff","given-name":"Debra N.","initials":"D.N.","afid": [{"@_fa": "true", "$" :"60008826"}]}],"source-id":"15649","fund-no":"undefined","openaccess":"0","openaccessFlag":false},{"@_fa": "true", "link": [{"@_fa": "true", "@ref": "self", "@href": "https://api.elsevier.com/content/abstract/scopus_id/84973745230"},{"@_fa": "true", "@ref": "author-affiliation", "@href": "https://api.elsevier.com/content/abstract/scopus_id/84973745230?field=author,affiliation"},{"@_fa": "true", "@ref": "scopus", "@href": "https://www.scopus.com/inward/record.uri?partnerID=HzOxMe3b&scp=84973745230&origin=inward"},{"@_fa": "true", "@ref": "scopus-citedby", "@href": "https://www.scopus.com/inward/citedby.uri?partnerID=HzOxMe3b&scp=84973745230&origin=inward"}],"prism:url":"https://api.elsevier.com/content/abstract/scopus_id/84973745230","dc:identifier":"SCOPUS_ID:84973745230","eid":"2-s2.0-84973745230","dc:title":"Sisterhood in the Service of Patriarchy: Heterosexual Women's Friendships and Male Power","dc:creator":"Wilton T.","prism:publicationName":"Feminism &amp; Psychology","prism:issn":"09593535","prism:eIssn":"14617161","prism:volume":"2","prism:issueIdentifier":"3","prism:pageRange":"506-509","prism:coverDate":"1992-01-01","prism:coverDisplayDate":"October 1992","prism:doi":"10.1177/0959353592023039","citedby-count":"0","affiliation": [{"@_fa": "true", "affiliation-url":"https://api.elsevier.com/content/affiliation/affiliation_id/60019611","afid":"60019611","affilname":"University of the West of England","affiliation-city":"Bristol","affiliation-country":"United Kingdom"}],"prism:aggregationType":"Journal","subtype":"ar","subtypeDescription":"Article","author-count":{"@limit": "100", "@total": "1", "$" :"1"},"author": [{"@_fa": "true", "@seq": "1", "author-url":"https://api.elsevier.com/content/author/author_id/7004576482","authid":"7004576482","authname":"Wilton T.","surname":"Wilton","given-name":"Tamsin","initials":"T.","afid": [{"@_fa": "true", "$" :"60019611"}]}],"source-id":"14172","fund-no":"undefined","openaccess":"0","openaccessFlag":false},{"@_fa": "true", "link": [{"@_fa": "true", "@ref": "self", "@href": "https://api.elsevier.com/content/abstract/scopus_id/84970304984"},{"@_fa": "true", "@ref": "author-affiliation", "@href": "https://api.elsevier.com/content/abstract/scopus_id/84970304984?field=author,affiliation"},{"@_fa": "true", "@ref": "scopus", "@href": "https://www.scopus.com/inward/record.uri?partnerID=HzOxMe3b&scp=84970304984&origin=inward"},{"@_fa": "true", "@ref": "scopus-citedby", "@href": "https://www.scopus.com/inward/citedby.uri?partnerID=HzOxMe3b&scp=84970304984&origin=inward"}],"prism:url":"https://api.elsevier.com/content/abstract/scopus_id/84970304984","dc:identifier":"SCOPUS_ID:84970304984","eid":"2-s2.0-84970304984","dc:title":"Patriarchy and the politics of gender in modernising societies: Iran, pakistan and afghanistan","dc:creator":"Moghadam V.","prism:publicationName":"International Sociology","prism:issn":"02685809","prism:eIssn":"14617242","prism:volume":"7","prism:issueIdentifier":"1","prism:pageRange":"35-53","prism:coverDate":"1992-01-01","prism:coverDisplayDate":"March 1992","prism:doi":"10.1177/026858092007001002","dc:description":"The politicisation of gender and restrictive laws about women in Muslim countries have often been explained in terms of the ubiquity of Islam in politics and culture. This paper offers an alternative explanation, one focused on the dynamics of patriarchy and the contradictions of development and social change. Patriarchy is defined here as a kinship-ordered social structure with strictly defined sex roles in which women are subordinated to men. Patriarchy persists where there is limited industrialisation, urbanisation and proletarianisation, and may be legislated by the state. At the same time, the collision of tradition and modernity and unwanted changes, particularly in the status of women, may result in a preoccupation with cultural identity on the part of some social groups. In such a context, calls may be made and measures taken to restore women to their ‘proper place’. This framework is used to analyse the politics of gender in Iran, Pakistan and Afghanistan during the 1980s. The difference in the three cases is that the Afghan state sought to undermine patriarchal structures through land reform and changes in marriage and family law, whereas in Iran and Pakistan the states fostered patriarchal ideology and practices. © 1992, SAGE Publications. All rights reserved.","citedby-count":"69","affiliation": [{"@_fa": "true", "affiliation-url":"https://api.elsevier.com/content/affiliation/affiliation_id/60096460","afid":"60096460","affilname":"United Nations University World Institute for Development Economics Research","affiliation-city":"Helsinki","affiliation-country":"Finland"}],"prism:aggregationType":"Journal","subtype":"ar","subtypeDescription":"Article","author-count":{"@limit": "100", "@total": "1", "$" :"1"},"author": [{"@_fa": "true", "@seq": "1", "author-url":"https://api.elsevier.com/content/author/author_id/6701616600","authid":"6701616600","authname":"Moghadam V.","surname":"Moghadam","given-name":"Valentine M.","initials":"V.M.","afid": [{"@_fa": "true", "$" :"60096460"}]}],"source-id":"15532","fund-no":"undefined","openaccess":"0","openaccessFlag":false},{"@_fa": "true", "link": [{"@_fa": "true", "@ref": "self", "@href": "https://api.elsevier.com/content/abstract/scopus_id/84867507422"},{"@_fa": "true", "@ref": "author-affiliation", "@href": "https://api.elsevier.com/content/abstract/scopus_id/84867507422?field=author,affiliation"},{"@_fa": "true", "@ref": "scopus", "@href": "https://www.scopus.com/inward/record.uri?partnerID=HzOxMe3b&scp=84867507422&origin=inward"},{"@_fa": "true", "@ref": "scopus-citedby", "@href": "https://www.scopus.com/inward/citedby.uri?partnerID=HzOxMe3b&scp=84867507422&origin=inward"}],"prism:url":"https://api.elsevier.com/content/abstract/scopus_id/84867507422","dc:identifier":"SCOPUS_ID:84867507422","eid":"2-s2.0-84867507422","dc:title":"The emergence of a 'new orthodoxy public debates on women’s capacities and education in portugal, 1880–1910","dc:creator":"Arajo H.","prism:publicationName":"Gender and Education","prism:issn":"09540253","prism:eIssn":"13600516","prism:volume":"4","prism:issueIdentifier":"1-2","prism:pageRange":"7-24","prism:coverDate":"1992-01-01","prism:coverDisplayDate":"1992","prism:doi":"10.1080/0954025920040102","dc:description":"The paper examines the emergence of the new definitions of women’s position which constituted a 'new orthodoxy’ at the turn of the nineteenth century in Portugal. 'Women’s nature’ and the 'aims of women’s education’ were the most debated issues. Different ideological positions were identified. The examination of these debates and of the emerging 'new orthodoxy’ illustrates women’s transition from private’ forms of patriarchy to public’ forms of patriarchy. It also demonstrates that this transition became an arena of contestation and negotiation, in the specific conditions of Portuguese society. © 1992, Taylor & Francis Group, LLC. All rights reserved.","citedby-count":"1","affiliation": [{"@_fa": "true", "affiliation-url":"https://api.elsevier.com/content/affiliation/affiliation_id/60007249","afid":"60007249","affilname":"Universidade do Porto","affiliation-city":"Porto","affiliation-country":"Portugal"}],"prism:aggregationType":"Journal","subtype":"ar","subtypeDescription":"Article","author-count":{"@limit": "100", "@total": "1", "$" :"1"},"author": [{"@_fa": "true", "@seq": "1", "author-url":"https://api.elsevier.com/content/author/author_id/56977648400","authid":"56977648400","authname":"Arajo H.","surname":"Arajo","given-name":"Helena C.","initials":"H.C.","afid": [{"@_fa": "true", "$" :"60007249"}]}],"source-id":"29390","fund-no":"undefined","fund-sponsor":"Iran Nanotechnology Initiative Council","openaccess":"0","openaccessFlag":false},{"@_fa": "true", "link": [{"@_fa": "true", "@ref": "self", "@href": "https://api.elsevier.com/content/abstract/scopus_id/0344679923"},{"@_fa": "true", "@ref": "author-affiliation", "@href": "https://api.elsevier.com/content/abstract/scopus_id/0344679923?field=author,affiliation"},{"@_fa": "true", "@ref": "scopus", "@href": "https://www.scopus.com/inward/record.uri?partnerID=HzOxMe3b&scp=0344679923&origin=inward"},{"@_fa": "true", "@ref": "scopus-citedby", "@href": "https://www.scopus.com/inward/citedby.uri?partnerID=HzOxMe3b&scp=0344679923&origin=inward"}],"prism:url":"https://api.elsevier.com/content/abstract/scopus_id/0344679923","dc:identifier":"SCOPUS_ID:0344679923","eid":"2-s2.0-0344679923","dc:title":"Corruption, bribery and patriarchy in Tanzania","dc:creator":"Pepinsky H.","prism:publicationName":"Crime, Law and Social Change","prism:issn":"09254994","prism:eIssn":"15730751","prism:volume":"17","prism:issueIdentifier":"1","prism:pageRange":"25-51","prism:coverDate":"1992-01-01","prism:coverDisplayDate":"January 1992","prism:doi":"10.1007/BF00190170","dc:description":"This is an ethnography of the political culture of Tanzania as compared to the political culture of the United States. Endemic and harmful corruption among the political leadership of Tanzania and the United States alike stems from widespread popular equation of order with patriarchy, made worse by extending the logic of patriarchy to belief that social order and welfare rest on the strength of the nation state. The Tanzanian war on corruption and ensuing shutdown of the University of Dar es Salaam during the first half of 1990 affirm the radical feminist premise that the models of legitimacy we apply in the privacy of our families are identical to and inseparable from the models of legitimacy employeed domestically and internationally by our political leaders. Corruption and other violence are more directly expressed in Tanzania and more indirectly expressed by Americans who as a consequence are more enslaved to corruption and violence than Tanzanians. The contrast in Tanzanian and U.S. political cultures and the nature of patriarchy itself leads to a set of paradoxes about achieving freedom from corruption through exercise of patriarchal state power-as that children who are the ultimate victims of corruption are at once most blamed by adults, more responsive to change than adults, and unable to change as long as they remain the subjects of patriarchal discipline. Bribery is not necessarily a part of the problem of corruption but is a part of the solution. Freedom from corruption basically requires democratic accountability. Tanzanians and Americans are linked symbiotically: neither people can free themselves from corruption without before the other. There is no logical starting point for a patriarchal approach to freeing people from corruption. On the other hand radically effective emancipation from corruption is occurring across Tanzania and the United States. © 1992 Kluwer Academic Publishers.","citedby-count":"3","affiliation": [{"@_fa": "true", "affiliation-url":"https://api.elsevier.com/content/affiliation/affiliation_id/60021121","afid":"60021121","affilname":"Indiana University","affiliation-city":"Bloomington","affiliation-country":"United States"}],"prism:aggregationType":"Journal","subtype":"ar","subtypeDescription":"Article","author-count":{"@limit": "100", "@total": "1", "$" :"1"},"author": [{"@_fa": "true", "@seq": "1", "author-url":"https://api.elsevier.com/content/author/author_id/25028606300","authid":"25028606300","authname":"Pepinsky H.","surname":"Pepinsky","given-name":"Harold E.","initials":"H.E.","afid": [{"@_fa": "true", "$" :"60021121"}]}],"source-id":"19637","fund-no":"undefined","openaccess":"0","openaccessFlag":false},{"@_fa": "true", "link": [{"@_fa": "true", "@ref": "self", "@href": "https://api.elsevier.com/content/abstract/scopus_id/84972605682"},{"@_fa": "true", "@ref": "author-affiliation", "@href": "https://api.elsevier.com/content/abstract/scopus_id/84972605682?field=author,affiliation"},{"@_fa": "true", "@ref": "scopus", "@href": "https://www.scopus.com/inward/record.uri?partnerID=HzOxMe3b&scp=84972605682&origin=inward"},{"@_fa": "true", "@ref": "scopus-citedby", "@href": "https://www.scopus.com/inward/citedby.uri?partnerID=HzOxMe3b&scp=84972605682&origin=inward"}],"prism:url":"https://api.elsevier.com/content/abstract/scopus_id/84972605682","dc:identifier":"SCOPUS_ID:84972605682","eid":"2-s2.0-84972605682","dc:title":"Reviews : Mary Lynn Stewart, Women, Work, and the French State; Labour Protection and Social Patriarchy, 1879-1919, Kingston, Montreal and London, McGill-Queen's University Press, 1989; ix + 277 pp.; £29.65. Lee Shai Weissbach, Child Labor Reform in Nineteenth-Century France: Assuring the Future Harvest, Baton Rouge and London, Louisiana State University Press, 1989; xvii + 268 pp.; £31.50","dc:creator":"Reynolds S.","prism:publicationName":"European History Quarterly","prism:issn":"02656914","prism:volume":"22","prism:issueIdentifier":"3","prism:pageRange":"447-450","prism:coverDate":"1992-01-01","prism:coverDisplayDate":"July 1992","prism:doi":"10.1177/026569149202200309","citedby-count":"0","prism:aggregationType":"Journal","subtype":"re","subtypeDescription":"Review","author-count":{"@limit": "100", "@total": "1", "$" :"1"},"author": [{"@_fa": "true", "@seq": "1", "author-url":"https://api.elsevier.com/content/author/author_id/15742918700","authid":"15742918700","authname":"Reynolds S.","surname":"Reynolds","given-name":"Siân","initials":"S.","afid": [{"@_fa": "true", "$" :"60025200"}]}],"source-id":"18166","fund-no":"undefined","openaccess":"0","openaccessFlag":false},{"@_fa": "true", "link": [{"@_fa": "true", "@ref": "self", "@href": "https://api.elsevier.com/content/abstract/scopus_id/79957380257"},{"@_fa": "true", "@ref": "author-affiliation", "@href": "https://api.elsevier.com/content/abstract/scopus_id/79957380257?field=author,affiliation"},{"@_fa": "true", "@ref": "scopus", "@href": "https://www.scopus.com/inward/record.uri?partnerID=HzOxMe3b&scp=79957380257&origin=inward"},{"@_fa": "true", "@ref": "scopus-citedby", "@href": "https://www.scopus.com/inward/citedby.uri?partnerID=HzOxMe3b&scp=79957380257&origin=inward"}],"prism:url":"https://api.elsevier.com/content/abstract/scopus_id/79957380257","dc:identifier":"SCOPUS_ID:79957380257","eid":"2-s2.0-79957380257","dc:title":"Lesbian history and gay studies: Keeping a feminist perspective","dc:creator":"Auchmuty R.","prism:publicationName":"Women's History Review","prism:issn":"09612025","prism:volume":"1","prism:issueIdentifier":"1","prism:pageRange":"89-108","prism:coverDate":"1992-01-01","prism:coverDisplayDate":"March 1992","prism:doi":"10.1080/09612029200200006","dc:description":"The radical potential of gay studies to challenge the prevailing heterosexist academic vision will only be realised if a lesbian feminist viewpoint is incorporated. At present in gay scholarship the words ‘homosexual’ and ‘gay’ do not always include women, and sexuality is often defined in essentialist terms. Lesbian experience is frequently presented as a ‘pale version of the male’. Gay male history-writing reflects the concerns of the gay male rights movement, which do not challenge patriarchy. Lesbian history, on the other hand, focuses critically on the institutions of patriarchy which serve to keep women in subjection to men. It is argued that lesbians should not be subsumed into the dominant male culture but must seek to transform it through making their voices heard in gay studies as well as in women's studies and in separate lesbian history courses and writings. © 1992 Taylor & Francis Group, LLC.","citedby-count":"6","affiliation": [{"@_fa": "true", "affiliation-url":"https://api.elsevier.com/content/affiliation/affiliation_id/60026553","afid":"60026553","affilname":"University of Melbourne","affiliation-city":"Parkville","affiliation-country":"Australia"},{"@_fa": "true", "affiliation-url":"https://api.elsevier.com/content/affiliation/affiliation_id/60000508","afid":"60000508","affilname":"University of Westminster","affiliation-city":"London","affiliation-country":"United Kingdom"},{"@_fa": "true", "affiliation-url":"https://api.elsevier.com/content/affiliation/affiliation_id/116166319","afid":"116166319","affilname":"Lewisham College","affiliation-city":null,"affiliation-country":"United Kingdom"}],"prism:aggregationType":"Journal","subtype":"ar","subtypeDescription":"Article","author-count":{"@limit": "100", "@total": "1", "$" :"1"},"author": [{"@_fa": "true", "@seq": "1", "author-url":"https://api.elsevier.com/content/author/author_id/7801601510","authid":"7801601510","authname":"Auchmuty R.","surname":"Auchmuty","given-name":"Rosemary","initials":"R.","afid": [{"@_fa": "true", "$" :"60000508"},{"@_fa": "true", "$" :"60026553"},{"@_fa": "true", "$" :"116166319"}]}],"source-id":"5600153334","fund-no":"undefined","openaccess":"1","openaccessFlag":true},{"@_fa": "true", "link": [{"@_fa": "true", "@ref": "self", "@href": "https://api.elsevier.com/content/abstract/scopus_id/34347291156"},{"@_fa": "true", "@ref": "author-affiliation", "@href": "https://api.elsevier.com/content/abstract/scopus_id/34347291156?field=author,affiliation"},{"@_fa": "true", "@ref": "scopus", "@href": "https://www.scopus.com/inward/record.uri?partnerID=HzOxMe3b&scp=34347291156&origin=inward"},{"@_fa": "true", "@ref": "scopus-citedby", "@href": "https://www.scopus.com/inward/citedby.uri?partnerID=HzOxMe3b&scp=34347291156&origin=inward"},{"@_fa": "true", "@ref": "full-text", "@href": "https://api.elsevier.com/content/article/eid/1-s2.0-027753959290100A"}],"prism:url":"https://api.elsevier.com/content/abstract/scopus_id/34347291156","dc:identifier":"SCOPUS_ID:34347291156","eid":"2-s2.0-34347291156","dc:title":"Once and future power. Women as inventors","dc:creator":"Stanley A.","prism:publicationName":"Women's Studies International Forum","prism:issn":"02775395","prism:volume":"15","prism:issueIdentifier":"2","prism:pageRange":"193-203","prism:coverDate":"1992-01-01","prism:coverDisplayDate":"1992","prism:doi":"10.1016/0277-5395(92)90100-A","pii":"027753959290100A","dc:description":"Male control of human technology, like patriarchy, is neither a divine dictum nor an environmental imperative, but a social construction of the Bronze Age or later. Indeed, women, as main providers from gathering-hunting times into the Neolithic period, were arguably once foremost among human technologists and inventors. Gathering was being done with tools long before projectile hunting became prevalent, and some of the earliest stone tools are now linked to such \"women's work\" as processing plants for food. Archaeologists now acknowledge that some of women's earliest tools were perishable, and thus largely lost to the record. If women were once our primary technologists-or even first among equals-shifts to male control must have taken place for many technologies at some point(s) in our past. In an effort to arrive at a paradigm for these shifts, and to understand the present gendering of invention, a possible scenario is sketched for one technology whose takeover postdates written history, and the overall shift is examined in terms of changing power relations between the sexes (the creation of patriarchy), the role of play, and the empowerment possibilities in womwn's reclaiming technology. © 1992.","citedby-count":"5","affiliation": [{"@_fa": "true", "affiliation-url":"https://api.elsevier.com/content/affiliation/affiliation_id/60101300","afid":"60101300","affilname":"The Institute for Historical Study","affiliation-city":"Berkeley","affiliation-country":"United States"}],"prism:aggregationType":"Journal","subtype":"ar","subtypeDescription":"Article","author-count":{"@limit": "100", "@total": "1", "$" :"1"},"author": [{"@_fa": "true", "@seq": "1", "author-url":"https://api.elsevier.com/content/author/author_id/57201752292","authid":"57201752292","authname":"Stanley A.","surname":"Stanley","given-name":"Autumn","initials":"A.","afid": [{"@_fa": "true", "$" :"60101300"}]}],"source-id":"24359","fund-no":"undefined","openaccess":"0","openaccessFlag":false},{"@_fa": "true", "link": [{"@_fa": "true", "@ref": "self", "@href": "https://api.elsevier.com/content/abstract/scopus_id/0027042222"},{"@_fa": "true", "@ref": "author-affiliation", "@href": "https://api.elsevier.com/content/abstract/scopus_id/0027042222?field=author,affiliation"},{"@_fa": "true", "@ref": "scopus", "@href": "https://www.scopus.com/inward/record.uri?partnerID=HzOxMe3b&scp=0027042222&origin=inward"},{"@_fa": "true", "@ref": "scopus-citedby", "@href": "https://www.scopus.com/inward/citedby.uri?partnerID=HzOxMe3b&scp=0027042222&origin=inward"}],"prism:url":"https://api.elsevier.com/content/abstract/scopus_id/0027042222","dc:identifier":"SCOPUS_ID:0027042222","eid":"2-s2.0-0027042222","dc:title":"Feminist geography and the changing curriculum","dc:creator":"Bowlby S.","prism:publicationName":"Geography","prism:issn":"00167487","prism:volume":"77","prism:issueIdentifier":"4","prism:pageRange":"349-360","prism:coverDate":"1992-01-01","prism:coverDisplayDate":"1992","dc:description":"This paper provides an introductory guide to feminist research in geography, emphasising those aspects of recent research most relevant to the school curriculum. It is in three main sections: the first discusses work on the \"geography of women'; the second examines research on gender relations and patriarchy: and the third explores the directions in which feminist research in geography is now moving. -Author","citedby-count":"5","affiliation": [{"@_fa": "true", "affiliation-url":"https://api.elsevier.com/content/affiliation/affiliation_id/60012197","afid":"60012197","affilname":"University of Reading","affiliation-city":"Reading","affiliation-country":"United Kingdom"}],"prism:aggregationType":"Journal","subtype":"ar","subtypeDescription":"Article","author-count":{"@limit": "100", "@total": "1", "$" :"1"},"author": [{"@_fa": "true", "@seq": "1", "author-url":"https://api.elsevier.com/content/author/author_id/6603833480","authid":"6603833480","authname":"Bowlby S.","surname":"Bowlby","given-name":"S.","initials":"S.","afid": [{"@_fa": "true", "$" :"60012197"}]}],"source-id":"28758","fund-no":"undefined","openaccess":"0","openaccessFlag":false},{"@_fa": "true", "link": [{"@_fa": "true", "@ref": "self", "@href": "https://api.elsevier.com/content/abstract/scopus_id/84965889441"},{"@_fa": "true", "@ref": "author-affiliation", "@href": "https://api.elsevier.com/content/abstract/scopus_id/84965889441?field=author,affiliation"},{"@_fa": "true", "@ref": "scopus", "@href": "https://www.scopus.com/inward/record.uri?partnerID=HzOxMe3b&scp=84965889441&origin=inward"},{"@_fa": "true", "@ref": "scopus-citedby", "@href": "https://www.scopus.com/inward/citedby.uri?partnerID=HzOxMe3b&scp=84965889441&origin=inward"}],"prism:url":"https://api.elsevier.com/content/abstract/scopus_id/84965889441","dc:identifier":"SCOPUS_ID:84965889441","eid":"2-s2.0-84965889441","dc:title":"Overcoming patriarchal constraints: The Reconstruction of Gender Relations Among Mexican Immigrant Women and Men","dc:creator":"Hondagneu-Sotelo P.","prism:publicationName":"Gender &amp; Society","prism:issn":"08912432","prism:volume":"6","prism:issueIdentifier":"3","prism:pageRange":"393-415","prism:coverDate":"1992-01-01","prism:coverDisplayDate":"September 1992","prism:doi":"10.1177/089124392006003004","dc:description":"This article examines how gender shapes the migration and settlement experiences of Mexican immigrant women and men. The article compares the experiences of families in which the husbands departed prior to 1965 to those in which the husbands departed after 1965 and argues that the lengthy spousal separations altered (albeit differentially for each group) patterns of patriarchal authority and the traditional gendered household division of labor. This induced a trend toward more egalitarian conjugal relations upon settlement in the United States. Examining the changing contexts of migration illuminates the fluid character of patriarchy's control in Mexican immigrant families. © 1992, SAGE PUBLICATIONS. All rights reserved.","citedby-count":"214","affiliation": [{"@_fa": "true", "affiliation-url":"https://api.elsevier.com/content/affiliation/affiliation_id/60029311","afid":"60029311","affilname":"University of Southern California","affiliation-city":"Los Angeles","affiliation-country":"United States"}],"prism:aggregationType":"Journal","subtype":"ar","subtypeDescription":"Article","author-count":{"@limit": "100", "@total": "1", "$" :"1"},"author": [{"@_fa": "true", "@seq": "1", "author-url":"https://api.elsevier.com/content/author/author_id/6602350572","authid":"6602350572","authname":"Hondagneu-Sotelo P.","surname":"Hondagneu-Sotelo","given-name":"Pierrette","initials":"P.","afid": [{"@_fa": "true", "$" :"60029311"}]}],"source-id":"14925","fund-no":"undefined","openaccess":"0","openaccessFlag":false},{"@_fa": "true", "link": [{"@_fa": "true", "@ref": "self", "@href": "https://api.elsevier.com/content/abstract/scopus_id/84981912221"},{"@_fa": "true", "@ref": "author-affiliation", "@href": "https://api.elsevier.com/content/abstract/scopus_id/84981912221?field=author,affiliation"},{"@_fa": "true", "@ref": "scopus", "@href": "https://www.scopus.com/inward/record.uri?partnerID=HzOxMe3b&scp=84981912221&origin=inward"},{"@_fa": "true", "@ref": "scopus-citedby", "@href": "https://www.scopus.com/inward/citedby.uri?partnerID=HzOxMe3b&scp=84981912221&origin=inward"}],"prism:url":"https://api.elsevier.com/content/abstract/scopus_id/84981912221","dc:identifier":"SCOPUS_ID:84981912221","eid":"2-s2.0-84981912221","dc:title":"on scriptural essentialism and ritual variation: Muslim sacrifice in Sumatra and Morocco","dc:creator":"BOWEN J.","prism:publicationName":"American Ethnologist","prism:issn":"00940496","prism:eIssn":"15481425","prism:volume":"19","prism:issueIdentifier":"4","prism:pageRange":"656-671","prism:coverDate":"1992-01-01","prism:coverDisplayDate":"November 1992","prism:doi":"10.1525/ae.1992.19.4.02a00020","dc:description":"This article examines the contrasting ways in which Muslims in Sumatra and those in Morocco observe the Feast of Sacrifice, and it advances an argument against recent essentialist studies of Islam. Whereas Moroccans publicly reaffirm patriarchy through the ritual, many Gayo men and women in highland Sumatra interpret it in terms of transactions and bilateral family ties. But within each society there are alternative interpretations of the ritual: in Morocco domestic and interstitial rites assert gender complementarity; in Sumatra religious modernists underscore the proper attitude of the sacrifier and deny the possibility of transaction. In each society the multiple ritual forms engage in an internal dialogue, each shaping the other, and are thus “double‐voiced” in Bakhtin's sense. [ritual, sacrifice, gender, Islam, religion, Indonesia, Gayo, Sumatra, Morocco] 1992 American Anthropological Association","citedby-count":"22","affiliation": [{"@_fa": "true", "affiliation-url":"https://api.elsevier.com/content/affiliation/affiliation_id/60015481","afid":"60015481","affilname":"University of Washington, Seattle","affiliation-city":"Seattle","affiliation-country":"United States"}],"prism:aggregationType":"Journal","subtype":"ar","subtypeDescription":"Article","author-count":{"@limit": "100", "@total": "1", "$" :"1"},"author": [{"@_fa": "true", "@seq": "1", "author-url":"https://api.elsevier.com/content/author/author_id/7402066708","authid":"7402066708","authname":"BOWEN J.","surname":"BOWEN","given-name":"JOHN R.","initials":"J.R.","afid": [{"@_fa": "true", "$" :"60015481"}]}],"source-id":"78019","fund-no":"undefined","openaccess":"0","openaccessFlag":false},{"@_fa": "true", "link": [{"@_fa": "true", "@ref": "self", "@href": "https://api.elsevier.com/content/abstract/scopus_id/0002073057"},{"@_fa": "true", "@ref": "author-affiliation", "@href": "https://api.elsevier.com/content/abstract/scopus_id/0002073057?field=author,affiliation"},{"@_fa": "true", "@ref": "scopus", "@href": "https://www.scopus.com/inward/record.uri?partnerID=HzOxMe3b&scp=0002073057&origin=inward"},{"@_fa": "true", "@ref": "scopus-citedby", "@href": "https://www.scopus.com/inward/citedby.uri?partnerID=HzOxMe3b&scp=0002073057&origin=inward"},{"@_fa": "true", "@ref": "full-text", "@href": "https://api.elsevier.com/content/article/eid/1-s2.0-027753959290097F"}],"prism:url":"https://api.elsevier.com/content/abstract/scopus_id/0002073057","dc:identifier":"SCOPUS_ID:0002073057","eid":"2-s2.0-0002073057","dc:title":"Towards a historical sociology of housework. A materialist feminist analysis","dc:creator":"Jackson S.","prism:publicationName":"Women's Studies International Forum","prism:issn":"02775395","prism:volume":"15","prism:issueIdentifier":"2","prism:pageRange":"153-172","prism:coverDate":"1992-01-01","prism:coverDisplayDate":"1992","prism:doi":"10.1016/0277-5395(92)90097-F","pii":"027753959290097F","dc:description":"The aim of this paper is to develop an analysis of housework which recognizes the long history of patriarchal exploitation of women's labour, but which demonstrates the historical specificity of modern housework. The separation of domestic and commodity production, the marginalization of women in the wage economy, and the development of particular ideals of domesticity are explored in terms of tension and accommodation between patriarchy and capitalism. Women were transformed into housewives as a result of men's successful defense of patriarchal privileges under changing economic and social conditions. It is argued that women's continued responsibility for domestic labour and the failure of technology to eradicate it has to be understood in terms of the patriarchal relations under which this work is performed, within a sphere of production outside capitalist relations, and the cultural meanings this domestic sphere has acquired. © 1992.","citedby-count":"27","affiliation": [{"@_fa": "true", "affiliation-url":"https://api.elsevier.com/content/affiliation/affiliation_id/60017826","afid":"60017826","affilname":"University of South Wales","affiliation-city":"Pontypridd","affiliation-country":"United Kingdom"}],"prism:aggregationType":"Journal","subtype":"ar","subtypeDescription":"Article","author-count":{"@limit": "100", "@total": "1", "$" :"1"},"author": [{"@_fa": "true", "@seq": "1", "author-url":"https://api.elsevier.com/content/author/author_id/8987101200","authid":"8987101200","authname":"Jackson S.","surname":"Jackson","given-name":"Stevi","initials":"S.","afid": [{"@_fa": "true", "$" :"60017826"}]}],"source-id":"24359","fund-no":"undefined","openaccess":"0","openaccessFlag":false},{"@_fa": "true", "link": [{"@_fa": "true", "@ref": "self", "@href": "https://api.elsevier.com/content/abstract/scopus_id/0000282424"},{"@_fa": "true", "@ref": "author-affiliation", "@href": "https://api.elsevier.com/content/abstract/scopus_id/0000282424?field=author,affiliation"},{"@_fa": "true", "@ref": "scopus", "@href": "https://www.scopus.com/inward/record.uri?partnerID=HzOxMe3b&scp=0000282424&origin=inward"},{"@_fa": "true", "@ref": "scopus-citedby", "@href": "https://www.scopus.com/inward/citedby.uri?partnerID=HzOxMe3b&scp=0000282424&origin=inward"},{"@_fa": "true", "@ref": "full-text", "@href": "https://api.elsevier.com/content/article/eid/1-s2.0-036136829290028Q"}],"prism:url":"https://api.elsevier.com/content/abstract/scopus_id/0000282424","dc:identifier":"SCOPUS_ID:0000282424","eid":"2-s2.0-0000282424","dc:title":"Gender effects and labor supply in public accounting: An agenda of research issues","dc:creator":"Hooks K.","prism:publicationName":"Accounting, Organizations and Society","prism:issn":"03613682","prism:volume":"17","prism:issueIdentifier":"3-4","prism:pageRange":"343-366","prism:coverDate":"1992-01-01","prism:coverDisplayDate":"April 1992/May 1992","prism:doi":"10.1016/0361-3682(92)90028-Q","pii":"0361-3682(92)90028-Q","dc:description":"Considerations of gender effects on labor supply issues are significant because of the potential to provide information to employees, firms and society. This paper presents a research agenda regarding women as a source of labor in public accounting. The research agenda indentifies issues which have been either uninvestigated or underinvestigated. Studies suggested by the agenda have purposes varying from exploratory to confirmatory, and from social justice and equity to economic. Research design concerns and related theory are provided. The androcentric culture of public accounting, patriarchy, cultural expectations and the dynamics of change are key issues affecting the proposed research. © 1992.","citedby-count":"42","affiliation": [{"@_fa": "true", "affiliation-url":"https://api.elsevier.com/content/affiliation/affiliation_id/60110965","afid":"60110965","affilname":"University of South Florida System","affiliation-city":"Tampa","affiliation-country":"United States"}],"prism:aggregationType":"Journal","subtype":"ar","subtypeDescription":"Article","author-count":{"@limit": "100", "@total": "1", "$" :"1"},"author": [{"@_fa": "true", "@seq": "1", "author-url":"https://api.elsevier.com/content/author/author_id/24301901000","authid":"24301901000","authname":"Hooks K.","surname":"Hooks","given-name":"Karen L.","initials":"K.L.","afid": [{"@_fa": "true", "$" :"60110965"}]}],"source-id":"28094","fund-no":"undefined","openaccess":"0","openaccessFlag":false},{"@_fa": "true", "link": [{"@_fa": "true", "@ref": "self", "@href": "https://api.elsevier.com/content/abstract/scopus_id/84970176909"},{"@_fa": "true", "@ref": "author-affiliation", "@href": "https://api.elsevier.com/content/abstract/scopus_id/84970176909?field=author,affiliation"},{"@_fa": "true", "@ref": "scopus", "@href": "https://www.scopus.com/inward/record.uri?partnerID=HzOxMe3b&scp=84970176909&origin=inward"},{"@_fa": "true", "@ref": "scopus-citedby", "@href": "https://www.scopus.com/inward/citedby.uri?partnerID=HzOxMe3b&scp=84970176909&origin=inward"}],"prism:url":"https://api.elsevier.com/content/abstract/scopus_id/84970176909","dc:identifier":"SCOPUS_ID:84970176909","eid":"2-s2.0-84970176909","dc:title":"The European Family and Economy: Central Themes and Issues","dc:creator":"Rudolph R.","prism:publicationName":"Journal of Family History","prism:issn":"03631990","prism:eIssn":"15525473","prism:volume":"17","prism:issueIdentifier":"2","prism:pageRange":"119-138","prism:coverDate":"1992-01-01","prism:coverDisplayDate":"April 1992","prism:doi":"10.1177/036319909201700202","dc:description":"This article explores ways in which recent work on the European peasant household by economic historians, demographers, anthropologists, sociologists and women's historians fits together. The main underlying thread is the interworking of economic factors with various aspects of family structure and household strategies. It examines the effects of institutional and economic factors on family structure. It then examines the effects of family structure on inheritance strategies, demographic strategies, and economic strategies within the household. It traces the growth of protoindustrialization theory and evaluates its utility in a revised form. It explores the effects of the protoindustrial household on the broader economy and on family power and affective relationships such as patriarchy, gender roles, attitudes toward children, and sibling relationships. © 1992, SAGE Publications. All rights reserved.","citedby-count":"24","affiliation": [{"@_fa": "true", "affiliation-url":"https://api.elsevier.com/content/affiliation/affiliation_id/60005745","afid":"60005745","affilname":"University of Minnesota System","affiliation-city":null,"affiliation-country":"United States"}],"prism:aggregationType":"Journal","subtype":"ar","subtypeDescription":"Article","author-count":{"@limit": "100", "@total": "1", "$" :"1"},"author": [{"@_fa": "true", "@seq": "1", "author-url":"https://api.elsevier.com/content/author/author_id/7202352767","authid":"7202352767","authname":"Rudolph R.","surname":"Rudolph","given-name":"Richard L.","initials":"R.L.","afid": [{"@_fa": "true", "$" :"60005745"}]}],"source-id":"15640","fund-no":"undefined","openaccess":"0","openaccessFlag":false},{"@_fa": "true", "link": [{"@_fa": "true", "@ref": "self", "@href": "https://api.elsevier.com/content/abstract/scopus_id/38249008372"},{"@_fa": "true", "@ref": "author-affiliation", "@href": "https://api.elsevier.com/content/abstract/scopus_id/38249008372?field=author,affiliation"},{"@_fa": "true", "@ref": "scopus", "@href": "https://www.scopus.com/inward/record.uri?partnerID=HzOxMe3b&scp=38249008372&origin=inward"},{"@_fa": "true", "@ref": "scopus-citedby", "@href": "https://www.scopus.com/inward/citedby.uri?partnerID=HzOxMe3b&scp=38249008372&origin=inward"},{"@_fa": "true", "@ref": "full-text", "@href": "https://api.elsevier.com/content/article/eid/1-s2.0-0277539592900573"}],"prism:url":"https://api.elsevier.com/content/abstract/scopus_id/38249008372","dc:identifier":"SCOPUS_ID:38249008372","eid":"2-s2.0-38249008372","dc:title":"Are there feminist methodologies appropriate for the natural sciences and do they make a difference?","dc:creator":"Rosser S.","prism:publicationName":"Women's Studies International Forum","prism:issn":"02775395","prism:volume":"15","prism:issueIdentifier":"5-6","prism:pageRange":"535-550","prism:coverDate":"1992-01-01","prism:coverDisplayDate":"September 1992/December 1992","prism:doi":"10.1016/0277-5395(92)90057-3","pii":"0277539592900573","dc:description":"Examination of the questions raised about feminist methodologies for the natural sciences reveals that answers are complex and dependent upon the feminist theory from which the methodology springs. The jumble of descriptors for feminist methodology - rejects dualisms, is based on women's experience, shortens the distance between observer and object of study, rejects unicausal, hierarchical approaches, unites application with problem - seem contradictory when portrayed as feminist methodology. They become much more understandable when viewed as a lumping together of possible methodological implications for science resulting from different feminist theories. Radical feminism, and particularly lesbian separatism, suggest strong reasons why we are not able to see the results of a feminist methodology. As long as oppression of women and patriarchy continue, it is unlikely that the effects of feminist methodologies derived from the feminist theories that challenge the status quo will be felt. © 1992.","citedby-count":"7","affiliation": [{"@_fa": "true", "affiliation-url":"https://api.elsevier.com/content/affiliation/affiliation_id/60018179","afid":"60018179","affilname":"University of South Carolina","affiliation-city":"Columbia","affiliation-country":"United States"}],"prism:aggregationType":"Journal","subtype":"ar","subtypeDescription":"Article","author-count":{"@limit": "100", "@total": "1", "$" :"1"},"author": [{"@_fa": "true", "@seq": "1", "author-url":"https://api.elsevier.com/content/author/author_id/57204302071","authid":"57204302071","authname":"Rosser S.","surname":"Rosser","given-name":"Sue V.","initials":"S.V.","afid": [{"@_fa": "true", "$" :"60018179"}]}],"source-id":"24359","fund-no":"undefined","openaccess":"0","openaccessFlag":false},{"@_fa": "true", "link": [{"@_fa": "true", "@ref": "self", "@href": "https://api.elsevier.com/content/abstract/scopus_id/84933488474"},{"@_fa": "true", "@ref": "author-affiliation", "@href": "https://api.elsevier.com/content/abstract/scopus_id/84933488474?field=author,affiliation"},{"@_fa": "true", "@ref": "scopus", "@href": "https://www.scopus.com/inward/record.uri?partnerID=HzOxMe3b&scp=84933488474&origin=inward"},{"@_fa": "true", "@ref": "scopus-citedby", "@href": "https://www.scopus.com/inward/citedby.uri?partnerID=HzOxMe3b&scp=84933488474&origin=inward"}],"prism:url":"https://api.elsevier.com/content/abstract/scopus_id/84933488474","dc:identifier":"SCOPUS_ID:84933488474","eid":"2-s2.0-84933488474","dc:title":"Gender relations, education and social change in poland","dc:creator":"Watson P.","prism:publicationName":"Gender and Education","prism:issn":"09540253","prism:eIssn":"13600516","prism:volume":"4","prism:issueIdentifier":"1-2","prism:pageRange":"127-147","prism:coverDate":"1992-01-01","prism:coverDisplayDate":"1992","prism:doi":"10.1080/0954025920040109","dc:description":"cannot be adequately grasped without a wider understanding of the specific nature of gender relations under State socialism. The present article approaches this problem by posing a fundamental question: how is it possible to reconcile what is known concerning gender inequalities and the sexual division of labour in Poland with the documented absence of feminist awareness in that country? The answer is sought in terms of the specific ways in which the public and private domains exist under State socialism. The analysis provides an interpretation of social transition in Poland, arguing that this fundamentally entails a shift in the nature of patriarchy. The conclusion is that the lived experience of a 'civil society’ and the revaluation of gender identity this brings, is prerequisite if sexist thinking and practice is to be perceived as such and challenged—in education as in other areas of social life. The significane of patterns of gender inequality in education in Poland. © 1992, Taylor & Francis Group, LLC. All rights reserved.","citedby-count":"7","affiliation": [{"@_fa": "true", "affiliation-url":"https://api.elsevier.com/content/affiliation/affiliation_id/60031101","afid":"60031101","affilname":"University of Cambridge","affiliation-city":"Cambridge","affiliation-country":"United Kingdom"}],"prism:aggregationType":"Journal","subtype":"ar","subtypeDescription":"Article","author-count":{"@limit": "100", "@total": "1", "$" :"1"},"author": [{"@_fa": "true", "@seq": "1", "author-url":"https://api.elsevier.com/content/author/author_id/15119385500","authid":"15119385500","authname":"Watson P.","surname":"Watson","given-name":"Peggy","initials":"P.","afid": [{"@_fa": "true", "$" :"60031101"}]}],"source-id":"29390","fund-no":"undefined","openaccess":"0","openaccessFlag":false},{"@_fa": "true", "link": [{"@_fa": "true", "@ref": "self", "@href": "https://api.elsevier.com/content/abstract/scopus_id/0041462304"},{"@_fa": "true", "@ref": "author-affiliation", "@href": "https://api.elsevier.com/content/abstract/scopus_id/0041462304?field=author,affiliation"},{"@_fa": "true", "@ref": "scopus", "@href": "https://www.scopus.com/inward/record.uri?partnerID=HzOxMe3b&scp=0041462304&origin=inward"},{"@_fa": "true", "@ref": "scopus-citedby", "@href": "https://www.scopus.com/inward/citedby.uri?partnerID=HzOxMe3b&scp=0041462304&origin=inward"}],"prism:url":"https://api.elsevier.com/content/abstract/scopus_id/0041462304","dc:identifier":"SCOPUS_ID:0041462304","eid":"2-s2.0-0041462304","dc:title":"The labour market of schooling: Maltese girls in education and economic planning","dc:creator":"Darmanin M.","prism:publicationName":"Gender and Education","prism:issn":"09540253","prism:eIssn":"13600516","prism:volume":"4","prism:issueIdentifier":"1-2","prism:pageRange":"105-126","prism:coverDate":"1992-01-01","prism:coverDisplayDate":"1992","prism:doi":"10.1080/0954025920040108","dc:description":"This article uses the case of Maltese girls and women to examine the relationship between schooling and the economy. It is clear that not only have education and economic planners sought to strengthen the links between school and work in planning for different courses for children of different sexes, but also that the allocation of pupils to subjects has in itself worked as a labour market. Interestingly, private schools have also responded to their interpretations of labour market demand in producing feminised choices for girls. Some Maltese girls do achieve well, compared both to Maltese boys and their European counterparts. This is largely due to a combination of single-sex and selective secondary education. Nevertheless, these same girls continue to have lower and feminised occupational aspirations which mirror the job opportunities in the labour market. Others are incapacitated by their schooling and have until recently been channelled into the labour intensive jobs on which Malta's economy depended in the first phase of industrialisation in the 1960s and 1970s. Of late it seems as if rising educational standards and social awareness (propagated by women’s organisations) have led to reluctance on the part of these girls and women to participate in the same way in the workforce. With struggle, the needs of patriarchy and capitalism will not always be perfectly served. © 1992, Taylor & Francis Group, LLC. All rights reserved.","citedby-count":"4","affiliation": [{"@_fa": "true", "affiliation-url":"https://api.elsevier.com/content/affiliation/affiliation_id/60072651","afid":"60072651","affilname":"L-Università ta' Malta","affiliation-city":"Msida","affiliation-country":"Malta"}],"prism:aggregationType":"Journal","subtype":"ar","subtypeDescription":"Article","author-count":{"@limit": "100", "@total": "1", "$" :"1"},"author": [{"@_fa": "true", "@seq": "1", "author-url":"https://api.elsevier.com/content/author/author_id/6504694091","authid":"6504694091","authname":"Darmanin M.","surname":"Darmanin","given-name":"Mary","initials":"M.","afid": [{"@_fa": "true", "$" :"60072651"}]}],"source-id":"29390","fund-no":"undefined","openaccess":"0","openaccessFlag":false},{"@_fa": "true", "link": [{"@_fa": "true", "@ref": "self", "@href": "https://api.elsevier.com/content/abstract/scopus_id/0006893805"},{"@_fa": "true", "@ref": "author-affiliation", "@href": "https://api.elsevier.com/content/abstract/scopus_id/0006893805?field=author,affiliation"},{"@_fa": "true", "@ref": "scopus", "@href": "https://www.scopus.com/inward/record.uri?partnerID=HzOxMe3b&scp=0006893805&origin=inward"},{"@_fa": "true", "@ref": "scopus-citedby", "@href": "https://www.scopus.com/inward/citedby.uri?partnerID=HzOxMe3b&scp=0006893805&origin=inward"}],"prism:url":"https://api.elsevier.com/content/abstract/scopus_id/0006893805","dc:identifier":"SCOPUS_ID:0006893805","eid":"2-s2.0-0006893805","dc:title":"Women’s leisure in a resource industry town: Problems and issues","dc:creator":"Hunter P.","prism:publicationName":"Loisir et Societe","prism:issn":"07053436","prism:eIssn":"17050154","prism:volume":"15","prism:issueIdentifier":"1","prism:pageRange":"223-243","prism:coverDate":"1992-01-01","prism:coverDisplayDate":"1992","prism:doi":"10.1080/07053436.1992.10715415","dc:description":"The study reported seeks to provide a clearer picture of what it means to be a woman in a hinterland community. It also reveals inadequacies in malestream meanings of leisure, in discussions of the pleasures and difficulties that characterize women’s lives in such communities. The study involved participant observation over a one year period in a resource industry town in the interior of British Columbia. It also involved individual and collective interviews with women contacted through the local college and a Women’s Centre. The discussions revealed two different kinds of barriers to women’s leisure in remote communities. At one level, there are the effects of ideologies of familism and patriarchy which work to the disadvantage of women everywhere. However, the evidence also suggests that there are problems that are particular to hinterland communities, or at least are sharper there. These include lack of public transportation or day care, frequent family mobility and poor job opportunities for women, as well as more subjective factors like the strength of familist norms in recreation practices and the politics of being “different” in a community of this size. © 1992 Presses de I’Universitá du Quábec.","citedby-count":"8","affiliation": [{"@_fa": "true", "affiliation-url":"https://api.elsevier.com/content/affiliation/affiliation_id/60030835","afid":"60030835","affilname":"University of Alberta","affiliation-city":"Edmonton","affiliation-country":"Canada"}],"prism:aggregationType":"Journal","subtype":"ar","subtypeDescription":"Article","author-count":{"@limit": "100", "@total": "2", "$" :"2"},"author": [{"@_fa": "true", "@seq": "1", "author-url":"https://api.elsevier.com/content/author/author_id/36764764900","authid":"36764764900","authname":"Hunter P.","surname":"Hunter","given-name":"Patricia L.","initials":"P.L."},{"@_fa": "true", "@seq": "2", "author-url":"https://api.elsevier.com/content/author/author_id/14421688400","authid":"14421688400","authname":"Whitson D.","surname":"Whitson","given-name":"David J.","initials":"D.J.","afid": [{"@_fa": "true", "$" :"60030835"}]}],"source-id":"28925","fund-no":"undefined","openaccess":"0","openaccessFlag":false}]}}