{"search-results":{"opensearch:totalResults":"14","opensearch:startIndex":"0","opensearch:itemsPerPage":"14","opensearch:Query":{"@role": "request", "@searchTerms": "TITLE-ABS-KEY(\"patriarchy\") AND SUBJAREA(SOCI) AND PUBYEAR = 1986", "@startPage": "0"},"link": [{"@_fa": "true", "@ref": "self", "@href": "https://api.elsevier.com/content/search/scopus?start=0&count=25&query=TITLE-ABS-KEY%28%22patriarchy%22%29+AND+SUBJAREA%28SOCI%29+AND+PUBYEAR+%3D+1986&apiKey=27d953b4b546791964ebeb768d13e61f&view=COMPLETE", "@type": "application/json"},{"@_fa": "true", "@ref": "first", "@href": "https://api.elsevier.com/content/search/scopus?start=0&count=25&query=TITLE-ABS-KEY%28%22patriarchy%22%29+AND+SUBJAREA%28SOCI%29+AND+PUBYEAR+%3D+1986&apiKey=27d953b4b546791964ebeb768d13e61f&view=COMPLETE", "@type": "application/json"}],"entry": [{"@_fa": "true", "link": [{"@_fa": "true", "@ref": "self", "@href": "https://api.elsevier.com/content/abstract/scopus_id/0000458412"},{"@_fa": "true", "@ref": "author-affiliation", "@href": "https://api.elsevier.com/content/abstract/scopus_id/0000458412?field=author,affiliation"},{"@_fa": "true", "@ref": "scopus", "@href": "https://www.scopus.com/inward/record.uri?partnerID=HzOxMe3b&scp=0000458412&origin=inward"},{"@_fa": "true", "@ref": "scopus-citedby", "@href": "https://www.scopus.com/inward/citedby.uri?partnerID=HzOxMe3b&scp=0000458412&origin=inward"}],"prism:url":"https://api.elsevier.com/content/abstract/scopus_id/0000458412","dc:identifier":"SCOPUS_ID:0000458412","eid":"2-s2.0-0000458412","dc:title":"The frequency, sources, and correlates of sexual harassment among women in traditional male occupations","dc:creator":"Lafontaine E.","prism:publicationName":"Sex Roles","prism:issn":"03600025","prism:eIssn":"15732762","prism:volume":"15","prism:issueIdentifier":"7-8","prism:pageRange":"433-442","prism:coverDate":"1986-10-01","prism:coverDisplayDate":"October 1986","prism:doi":"10.1007/BF00287982","dc:description":"Sexual harassment has increasingly come to be recognized as a major problem confronting working women. Utilizing the results of a survey of women in traditional male occupations (N=160), this paper summarizes some new data on the amount, type, and sources of harassment experienced by this group. Interpreting these findings within the content of the larger theory of patriarchy, it also identifies and provides further clarification of some individual and organizational correlates of harassment. The data offer provisional support for recent theoretical claims that women in male-defined occupations occupy a particularly problematic position vis-`a-vis men. Over 75% of the respondents reported experiencing at least one form of harassment as compared to the 50% + generally cited for the population as a whole. Consistent with the general cultural patterns of sexual violation, incidence of harassment was found to be inversely related to the level of severity. Probably predicated at least partially on opportunity structure, peers were cited as the most frequent source of harassment, followed by supervisors, subordinates and clients. A number of individual correlates of harassment were also identified. As expected, married workers and older respondents reported lower levels of harassment. A curvilinear relationship was found to exist between length of employment and harassment. Finally, respondents who were employed as managers and engineers reported approximately equal levels of harassment, while those in the professions such as the sciences, computers, public administration, etc., reported significantly lower levels of harassment. Consistent with the thesis of organizational culpability in the prevalence and persistence of sexual harassment, individuals employed in firms perceived to have high equal employment opportunity for women reported significantly lower levels of harassment than those in firms with low opportunity. © 1986 Plenum Publishing Corporation.","citedby-count":"112","affiliation": [{"@_fa": "true", "affiliation-url":"https://api.elsevier.com/content/affiliation/affiliation_id/100327893","afid":"100327893","affilname":"Keuka College","affiliation-city":"New York","affiliation-country":"United States"}],"prism:aggregationType":"Journal","subtype":"ar","subtypeDescription":"Article","author-count":{"@limit": "100", "@total": "2", "$" :"2"},"author": [{"@_fa": "true", "@seq": "1", "author-url":"https://api.elsevier.com/content/author/author_id/35937761400","authid":"35937761400","authname":"Lafontaine E.","surname":"Lafontaine","given-name":"Edward","initials":"E.","afid": [{"@_fa": "true", "$" :"100327893"}]},{"@_fa": "true", "@seq": "2", "author-url":"https://api.elsevier.com/content/author/author_id/16470492200","authid":"16470492200","authname":"Tredeau L.","surname":"Tredeau","given-name":"Leslie","initials":"L.","afid": [{"@_fa": "true", "$" :"100327893"}]}],"source-id":"14798","fund-no":"undefined","openaccess":"0","openaccessFlag":false},{"@_fa": "true", "link": [{"@_fa": "true", "@ref": "self", "@href": "https://api.elsevier.com/content/abstract/scopus_id/84935562991"},{"@_fa": "true", "@ref": "author-affiliation", "@href": "https://api.elsevier.com/content/abstract/scopus_id/84935562991?field=author,affiliation"},{"@_fa": "true", "@ref": "scopus", "@href": "https://www.scopus.com/inward/record.uri?partnerID=HzOxMe3b&scp=84935562991&origin=inward"},{"@_fa": "true", "@ref": "scopus-citedby", "@href": "https://www.scopus.com/inward/citedby.uri?partnerID=HzOxMe3b&scp=84935562991&origin=inward"}],"prism:url":"https://api.elsevier.com/content/abstract/scopus_id/84935562991","dc:identifier":"SCOPUS_ID:84935562991","eid":"2-s2.0-84935562991","dc:title":"Propping up the patriarchy: The silenced soldiering of military nurses","dc:creator":"Livingston J.","prism:publicationName":"Women and Therapy","prism:issn":"02703149","prism:eIssn":"15410315","prism:volume":"5","prism:issueIdentifier":"1","prism:pageRange":"107-119","prism:coverDate":"1986-07-16","prism:coverDisplayDate":"16 July 1986","prism:doi":"10.1300/J015V05N01_15","citedby-count":"1","affiliation": [{"@_fa": "true", "affiliation-url":"https://api.elsevier.com/content/affiliation/affiliation_id/60024324","afid":"60024324","affilname":"University of Iowa","affiliation-city":"Iowa City","affiliation-country":"United States"},{"@_fa": "true", "affiliation-url":"https://api.elsevier.com/content/affiliation/affiliation_id/60009500","afid":"60009500","affilname":"University of Vermont","affiliation-city":"Burlington","affiliation-country":"United States"},{"@_fa": "true", "affiliation-url":"https://api.elsevier.com/content/affiliation/affiliation_id/116176896","afid":"116176896","affilname":"Burlington Women’s Council","affiliation-city":null,"affiliation-country":"United States"}],"prism:aggregationType":"Journal","subtype":"no","subtypeDescription":"Note","author-count":{"@limit": "100", "@total": "2", "$" :"2"},"author": [{"@_fa": "true", "@seq": "1", "author-url":"https://api.elsevier.com/content/author/author_id/57029854000","authid":"57029854000","authname":"Livingston J.","surname":"Livingston","given-name":"Joy A.","initials":"J.A.","afid": [{"@_fa": "true", "$" :"116176896"},{"@_fa": "true", "$" :"60009500"}]},{"@_fa": "true", "@seq": "2", "author-url":"https://api.elsevier.com/content/author/author_id/7201651734","authid":"7201651734","authname":"Rankin J.","surname":"Rankin","given-name":"Joanna M.","initials":"J.M.","afid": [{"@_fa": "true", "$" :"60009500"},{"@_fa": "true", "$" :"60024324"}]}],"source-id":"15418","fund-no":"undefined","openaccess":"0","openaccessFlag":false},{"@_fa": "true", "link": [{"@_fa": "true", "@ref": "self", "@href": "https://api.elsevier.com/content/abstract/scopus_id/84954907634"},{"@_fa": "true", "@ref": "author-affiliation", "@href": "https://api.elsevier.com/content/abstract/scopus_id/84954907634?field=author,affiliation"},{"@_fa": "true", "@ref": "scopus", "@href": "https://www.scopus.com/inward/record.uri?partnerID=HzOxMe3b&scp=84954907634&origin=inward"},{"@_fa": "true", "@ref": "scopus-citedby", "@href": "https://www.scopus.com/inward/citedby.uri?partnerID=HzOxMe3b&scp=84954907634&origin=inward"}],"prism:url":"https://api.elsevier.com/content/abstract/scopus_id/84954907634","dc:identifier":"SCOPUS_ID:84954907634","eid":"2-s2.0-84954907634","dc:title":"Chapter 3: Why are men unhappy in patriarchy?","dc:creator":"Marciano T.","prism:publicationName":"Marriage and Family Review","prism:issn":"01494929","prism:eIssn":"15409635","prism:volume":"9","prism:issueIdentifier":"3-4","prism:pageRange":"17-30","prism:coverDate":"1986-04-24","prism:coverDisplayDate":"24 April 1986","prism:doi":"10.1300/J002v09n03_03","citedby-count":"0","affiliation": [{"@_fa": "true", "affiliation-url":"https://api.elsevier.com/content/affiliation/affiliation_id/60028728","afid":"60028728","affilname":"Fairleigh Dickinson University","affiliation-city":"Teaneck","affiliation-country":"United States"}],"prism:aggregationType":"Journal","subtype":"ar","subtypeDescription":"Article","author-count":{"@limit": "100", "@total": "1", "$" :"1"},"author": [{"@_fa": "true", "@seq": "1", "author-url":"https://api.elsevier.com/content/author/author_id/6507746611","authid":"6507746611","authname":"Marciano T.","surname":"Marciano","given-name":"Teresa Donati","initials":"T.D.","afid": [{"@_fa": "true", "$" :"60028728"}]}],"source-id":"16156","fund-no":"undefined","openaccess":"0","openaccessFlag":false},{"@_fa": "true", "link": [{"@_fa": "true", "@ref": "self", "@href": "https://api.elsevier.com/content/abstract/scopus_id/51249171913"},{"@_fa": "true", "@ref": "author-affiliation", "@href": "https://api.elsevier.com/content/abstract/scopus_id/51249171913?field=author,affiliation"},{"@_fa": "true", "@ref": "scopus", "@href": "https://www.scopus.com/inward/record.uri?partnerID=HzOxMe3b&scp=51249171913&origin=inward"},{"@_fa": "true", "@ref": "scopus-citedby", "@href": "https://www.scopus.com/inward/citedby.uri?partnerID=HzOxMe3b&scp=51249171913&origin=inward"}],"prism:url":"https://api.elsevier.com/content/abstract/scopus_id/51249171913","dc:identifier":"SCOPUS_ID:51249171913","eid":"2-s2.0-51249171913","dc:title":"The enduring alliance of nationalism and patriarchy in muslim personal status laws: The case of modern Egypt","dc:creator":"Hatem M.","prism:publicationName":"Feminist Issues","prism:issn":"02706679","prism:eIssn":"19364717","prism:volume":"6","prism:issueIdentifier":"1","prism:pageRange":"19-43","prism:coverDate":"1986-03-01","prism:coverDisplayDate":"March 1986","prism:doi":"10.1007/BF02685635","citedby-count":"31","prism:aggregationType":"Journal","subtype":"ar","subtypeDescription":"Article","author-count":{"@limit": "100", "@total": "1", "$" :"1"},"author": [{"@_fa": "true", "@seq": "1", "author-url":"https://api.elsevier.com/content/author/author_id/6701315961","authid":"6701315961","authname":"Hatem M.","surname":"Hatem","given-name":"Mervat","initials":"M."}],"source-id":"80165","fund-no":"undefined","openaccess":"0","openaccessFlag":false},{"@_fa": "true", "link": [{"@_fa": "true", "@ref": "self", "@href": "https://api.elsevier.com/content/abstract/scopus_id/84976929314"},{"@_fa": "true", "@ref": "author-affiliation", "@href": "https://api.elsevier.com/content/abstract/scopus_id/84976929314?field=author,affiliation"},{"@_fa": "true", "@ref": "scopus", "@href": "https://www.scopus.com/inward/record.uri?partnerID=HzOxMe3b&scp=84976929314&origin=inward"},{"@_fa": "true", "@ref": "scopus-citedby", "@href": "https://www.scopus.com/inward/citedby.uri?partnerID=HzOxMe3b&scp=84976929314&origin=inward"}],"prism:url":"https://api.elsevier.com/content/abstract/scopus_id/84976929314","dc:identifier":"SCOPUS_ID:84976929314","eid":"2-s2.0-84976929314","dc:title":"Father-daughter incest: Patriarchy’s shameful secret","dc:creator":"Dominelli L.","prism:publicationName":"Critical Social Policy","prism:issn":"02610183","prism:eIssn":"1461703X","prism:volume":"6","prism:issueIdentifier":"16","prism:pageRange":"8-22","prism:coverDate":"1986-01-01","prism:coverDisplayDate":"July 1986","prism:doi":"10.1177/026101838600601602","citedby-count":"13","prism:aggregationType":"Journal","subtype":"ar","subtypeDescription":"Article","author-count":{"@limit": "100", "@total": "1", "$" :"1"},"author": [{"@_fa": "true", "@seq": "1", "author-url":"https://api.elsevier.com/content/author/author_id/6603570474","authid":"6603570474","authname":"Dominelli L.","surname":"Dominelli","given-name":"Lena","initials":"L."}],"source-id":"28751","fund-no":"undefined","openaccess":"0","openaccessFlag":false},{"@_fa": "true", "link": [{"@_fa": "true", "@ref": "self", "@href": "https://api.elsevier.com/content/abstract/scopus_id/84928443372"},{"@_fa": "true", "@ref": "author-affiliation", "@href": "https://api.elsevier.com/content/abstract/scopus_id/84928443372?field=author,affiliation"},{"@_fa": "true", "@ref": "scopus", "@href": "https://www.scopus.com/inward/record.uri?partnerID=HzOxMe3b&scp=84928443372&origin=inward"},{"@_fa": "true", "@ref": "scopus-citedby", "@href": "https://www.scopus.com/inward/citedby.uri?partnerID=HzOxMe3b&scp=84928443372&origin=inward"}],"prism:url":"https://api.elsevier.com/content/abstract/scopus_id/84928443372","dc:identifier":"SCOPUS_ID:84928443372","eid":"2-s2.0-84928443372","dc:title":"“Patriarchy:” the Analysis of Women's Oppression","dc:creator":"Omvedt G.","prism:publicationName":"Critical Sociology","prism:issn":"08969205","prism:eIssn":"15691632","prism:volume":"13","prism:issueIdentifier":"3","prism:pageRange":"30-50","prism:coverDate":"1986-01-01","prism:coverDisplayDate":"April 1986","prism:doi":"10.1177/089692058601300305","citedby-count":"7","prism:aggregationType":"Journal","subtype":"ar","subtypeDescription":"Article","author-count":{"@limit": "100", "@total": "1", "$" :"1"},"author": [{"@_fa": "true", "@seq": "1", "author-url":"https://api.elsevier.com/content/author/author_id/6602504789","authid":"6602504789","authname":"Omvedt G.","surname":"Omvedt","given-name":"Gail","initials":"G."}],"source-id":"24848","fund-no":"undefined","openaccess":"0","openaccessFlag":false},{"@_fa": "true", "link": [{"@_fa": "true", "@ref": "self", "@href": "https://api.elsevier.com/content/abstract/scopus_id/84979418045"},{"@_fa": "true", "@ref": "author-affiliation", "@href": "https://api.elsevier.com/content/abstract/scopus_id/84979418045?field=author,affiliation"},{"@_fa": "true", "@ref": "scopus", "@href": "https://www.scopus.com/inward/record.uri?partnerID=HzOxMe3b&scp=84979418045&origin=inward"},{"@_fa": "true", "@ref": "scopus-citedby", "@href": "https://www.scopus.com/inward/citedby.uri?partnerID=HzOxMe3b&scp=84979418045&origin=inward"}],"prism:url":"https://api.elsevier.com/content/abstract/scopus_id/84979418045","dc:identifier":"SCOPUS_ID:84979418045","eid":"2-s2.0-84979418045","dc:title":"PATRIARCHY: TOWARDS A RECONCEPTUALISATION:","dc:creator":"FOORD J.","prism:publicationName":"Antipode","prism:issn":"00664812","prism:eIssn":"14678330","prism:volume":"18","prism:issueIdentifier":"2","prism:pageRange":"186-211","prism:coverDate":"1986-01-01","prism:coverDisplayDate":"September 1986","prism:doi":"10.1111/j.1467-8330.1986.tb00362.x","citedby-count":"80","affiliation": [{"@_fa": "true", "affiliation-url":"https://api.elsevier.com/content/affiliation/affiliation_id/105328116","afid":"105328116","affilname":"The University","affiliation-city":"Newcastle","affiliation-country":"United Kingdom"}],"prism:aggregationType":"Journal","subtype":"ar","subtypeDescription":"Article","author-count":{"@limit": "100", "@total": "2", "$" :"2"},"author": [{"@_fa": "true", "@seq": "1", "author-url":"https://api.elsevier.com/content/author/author_id/7006821899","authid":"7006821899","authname":"FOORD J.","surname":"FOORD","given-name":"JO","initials":"J.","afid": [{"@_fa": "true", "$" :"105328116"}]},{"@_fa": "true", "@seq": "2", "author-url":"https://api.elsevier.com/content/author/author_id/7006406005","authid":"7006406005","authname":"GREGSON N.","surname":"GREGSON","given-name":"NICKY","initials":"N.","afid": [{"@_fa": "true", "$" :"105328116"}]}],"source-id":"27470","fund-no":"undefined","openaccess":"1","openaccessFlag":true},{"@_fa": "true", "link": [{"@_fa": "true", "@ref": "self", "@href": "https://api.elsevier.com/content/abstract/scopus_id/84976943227"},{"@_fa": "true", "@ref": "author-affiliation", "@href": "https://api.elsevier.com/content/abstract/scopus_id/84976943227?field=author,affiliation"},{"@_fa": "true", "@ref": "scopus", "@href": "https://www.scopus.com/inward/record.uri?partnerID=HzOxMe3b&scp=84976943227&origin=inward"},{"@_fa": "true", "@ref": "scopus-citedby", "@href": "https://www.scopus.com/inward/citedby.uri?partnerID=HzOxMe3b&scp=84976943227&origin=inward"}],"prism:url":"https://api.elsevier.com/content/abstract/scopus_id/84976943227","dc:identifier":"SCOPUS_ID:84976943227","eid":"2-s2.0-84976943227","dc:title":"Response to Lena Dominelli’s ‘Father-daughter incest: Patriarchy’s shameful secret’ CSP, issue 16, Summer 1986","dc:creator":"Brown C.","prism:publicationName":"Critical Social Policy","prism:issn":"02610183","prism:eIssn":"1461703X","prism:volume":"6","prism:issueIdentifier":"17","prism:pageRange":"104-105","prism:coverDate":"1986-01-01","prism:coverDisplayDate":"October 1986","prism:doi":"10.1177/026101838600601709","citedby-count":"0","affiliation": [{"@_fa": "true", "affiliation-url":"https://api.elsevier.com/content/affiliation/affiliation_id/105901148","afid":"105901148","affilname":"Social Services Department","affiliation-city":"London","affiliation-country":"United Kingdom"}],"prism:aggregationType":"Journal","subtype":"ar","subtypeDescription":"Article","author-count":{"@limit": "100", "@total": "1", "$" :"1"},"author": [{"@_fa": "true", "@seq": "1", "author-url":"https://api.elsevier.com/content/author/author_id/57190053458","authid":"57190053458","authname":"Brown C.","surname":"Brown","given-name":"Cosis","initials":"C.","afid": [{"@_fa": "true", "$" :"105901148"}]}],"source-id":"28751","fund-no":"undefined","openaccess":"0","openaccessFlag":false},{"@_fa": "true", "link": [{"@_fa": "true", "@ref": "self", "@href": "https://api.elsevier.com/content/abstract/scopus_id/84979376181"},{"@_fa": "true", "@ref": "author-affiliation", "@href": "https://api.elsevier.com/content/abstract/scopus_id/84979376181?field=author,affiliation"},{"@_fa": "true", "@ref": "scopus", "@href": "https://www.scopus.com/inward/record.uri?partnerID=HzOxMe3b&scp=84979376181&origin=inward"},{"@_fa": "true", "@ref": "scopus-citedby", "@href": "https://www.scopus.com/inward/citedby.uri?partnerID=HzOxMe3b&scp=84979376181&origin=inward"}],"prism:url":"https://api.elsevier.com/content/abstract/scopus_id/84979376181","dc:identifier":"SCOPUS_ID:84979376181","eid":"2-s2.0-84979376181","dc:title":"BEYOND PATRIARCHY: OF WOMEN'S SUBORDINATION A CLASS‐BASED EXPLANATION","dc:creator":"McDOWELL L.","prism:publicationName":"Antipode","prism:issn":"00664812","prism:eIssn":"14678330","prism:volume":"18","prism:issueIdentifier":"3","prism:pageRange":"311-321","prism:coverDate":"1986-01-01","prism:coverDisplayDate":"December 1986","prism:doi":"10.1111/j.1467-8330.1986.tb00370.x","citedby-count":"40","affiliation": [{"@_fa": "true", "affiliation-url":"https://api.elsevier.com/content/affiliation/affiliation_id/60012113","afid":"60012113","affilname":"Open University","affiliation-city":"Milton Keynes","affiliation-country":"United Kingdom"}],"prism:aggregationType":"Journal","subtype":"ar","subtypeDescription":"Article","author-count":{"@limit": "100", "@total": "1", "$" :"1"},"author": [{"@_fa": "true", "@seq": "1", "author-url":"https://api.elsevier.com/content/author/author_id/7103278372","authid":"7103278372","authname":"McDOWELL L.","surname":"McDOWELL","given-name":"LINDA","initials":"L.","afid": [{"@_fa": "true", "$" :"60012113"}]}],"source-id":"27470","fund-no":"undefined","openaccess":"0","openaccessFlag":false},{"@_fa": "true", "link": [{"@_fa": "true", "@ref": "self", "@href": "https://api.elsevier.com/content/abstract/scopus_id/0022834331"},{"@_fa": "true", "@ref": "author-affiliation", "@href": "https://api.elsevier.com/content/abstract/scopus_id/0022834331?field=author,affiliation"},{"@_fa": "true", "@ref": "scopus", "@href": "https://www.scopus.com/inward/record.uri?partnerID=HzOxMe3b&scp=0022834331&origin=inward"},{"@_fa": "true", "@ref": "scopus-citedby", "@href": "https://www.scopus.com/inward/citedby.uri?partnerID=HzOxMe3b&scp=0022834331&origin=inward"}],"prism:url":"https://api.elsevier.com/content/abstract/scopus_id/0022834331","dc:identifier":"SCOPUS_ID:0022834331","eid":"2-s2.0-0022834331","dc:title":"Gender and class in the transition to capitalism: household and mode of production in central Peru.","dc:creator":"Mallon F.","prism:publicationName":"Latin American Perspectives","prism:issn":"0094582X","prism:volume":"13","prism:issueIdentifier":"1","prism:pageRange":"147-174","prism:coverDate":"1986-01-01","prism:coverDisplayDate":"1986","prism:doi":"10.1177/0094582X8601300107","dc:description":"Argues that new power relations in the transition to capitalism in central Peru entailed building on pre-existing patriarchal relations already differentiated by race and class. Men used control over women's labour power, sexuality, and reproductive potential that formed the basis of patriarchy as a resource in class struggle.-from Author","citedby-count":"8","affiliation": [{"@_fa": "true", "affiliation-url":"https://api.elsevier.com/content/affiliation/affiliation_id/60032179","afid":"60032179","affilname":"University of Wisconsin-Madison","affiliation-city":"Madison","affiliation-country":"United States"}],"prism:aggregationType":"Journal","subtype":"ar","subtypeDescription":"Article","author-count":{"@limit": "100", "@total": "1", "$" :"1"},"author": [{"@_fa": "true", "@seq": "1", "author-url":"https://api.elsevier.com/content/author/author_id/6601975738","authid":"6601975738","authname":"Mallon F.","surname":"Mallon","given-name":"F. E.","initials":"F.E.","afid": [{"@_fa": "true", "$" :"60032179"}]}],"source-id":"27731","fund-no":"undefined","openaccess":"0","openaccessFlag":false},{"@_fa": "true", "link": [{"@_fa": "true", "@ref": "self", "@href": "https://api.elsevier.com/content/abstract/scopus_id/46149138118"},{"@_fa": "true", "@ref": "author-affiliation", "@href": "https://api.elsevier.com/content/abstract/scopus_id/46149138118?field=author,affiliation"},{"@_fa": "true", "@ref": "scopus", "@href": "https://www.scopus.com/inward/record.uri?partnerID=HzOxMe3b&scp=46149138118&origin=inward"},{"@_fa": "true", "@ref": "scopus-citedby", "@href": "https://www.scopus.com/inward/citedby.uri?partnerID=HzOxMe3b&scp=46149138118&origin=inward"},{"@_fa": "true", "@ref": "full-text", "@href": "https://api.elsevier.com/content/article/eid/1-s2.0-0277539586900075"}],"prism:url":"https://api.elsevier.com/content/abstract/scopus_id/46149138118","dc:identifier":"SCOPUS_ID:46149138118","eid":"2-s2.0-46149138118","dc:title":"'Unutterable putrefaction' and 'foul stuff': Two 'obscene' novels of the 1920s","dc:creator":"Ingram A.","prism:publicationName":"Women's Studies International Forum","prism:issn":"02775395","prism:volume":"9","prism:issueIdentifier":"4","prism:pageRange":"341-354","prism:coverDate":"1986-01-01","prism:coverDisplayDate":"1986","prism:doi":"10.1016/0277-5395(86)90007-5","pii":"0277539586900075","dc:description":"A careful examination of the circumstances surrounding the suppression, within a few months of each other, of Radclyffe Hall's The Well of Loneliness and Norah C. James's Sleeveless Errand offers a way of reading Hall's novel as rather more than the scandalous lesbian novel or a portrait of the novelist. Studying the (disallowed) depositions of witnesses in the Well trial, and Sleeveless Errand (banned, ostensibly, for 'excessive' use of 'bad language') helps illustrate the degree to which the patriarchy felt itself threatened. The suppression of the novels suggests a paradigm for the ways in which the establishment has controlled/controls women by forcing us into a single category of 'likeness'. A reading of the relation between the two novels involves juxtaposing contemporary accounts of the two prosecutions, legal papers, biography, diaries ... and Shakespeare. © 1986.","citedby-count":"2","prism:aggregationType":"Journal","subtype":"ar","subtypeDescription":"Article","author-count":{"@limit": "100", "@total": "1", "$" :"1"},"author": [{"@_fa": "true", "@seq": "1", "author-url":"https://api.elsevier.com/content/author/author_id/24445179900","authid":"24445179900","authname":"Ingram A.","surname":"Ingram","given-name":"Angela","initials":"A.","afid": [{"@_fa": "true", "$" :"60030452"}]}],"source-id":"24359","fund-no":"undefined","openaccess":"0","openaccessFlag":false},{"@_fa": "true", "link": [{"@_fa": "true", "@ref": "self", "@href": "https://api.elsevier.com/content/abstract/scopus_id/84982738458"},{"@_fa": "true", "@ref": "author-affiliation", "@href": "https://api.elsevier.com/content/abstract/scopus_id/84982738458?field=author,affiliation"},{"@_fa": "true", "@ref": "scopus", "@href": "https://www.scopus.com/inward/record.uri?partnerID=HzOxMe3b&scp=84982738458&origin=inward"},{"@_fa": "true", "@ref": "scopus-citedby", "@href": "https://www.scopus.com/inward/citedby.uri?partnerID=HzOxMe3b&scp=84982738458&origin=inward"}],"prism:url":"https://api.elsevier.com/content/abstract/scopus_id/84982738458","dc:identifier":"SCOPUS_ID:84982738458","eid":"2-s2.0-84982738458","dc:title":"Knowledge and Women's Interests: Issues of Epistemology and Methodology in Feminist Sociological Research","dc:creator":"Cook J.","prism:publicationName":"Sociological Inquiry","prism:issn":"00380245","prism:eIssn":"1475682X","prism:volume":"56","prism:issueIdentifier":"1","prism:pageRange":"2-29","prism:coverDate":"1986-01-01","prism:coverDisplayDate":"January 1986","prism:doi":"10.1111/j.1475-682X.1986.tb00073.x","dc:description":"This analysis focuses on feminist methodology in the field of sociology by surveying the techniques used in recent research concerning gender‐related topics as well as feminist analyses of epistemological assumptions underlying the conduct of inquiry. In addition to the critique and reformulation of standard research practice, feminist methodology involves the development of innovative methodological approaches, including visual techniques, conversational and textual analysis, and analysis of spontaneous events. Linked to the development of innovation is the feminist analysis of the epistemological assumptions which underlie different ways of knowing. These principles of feminist knowledge include (1) the necessity of continuously and reflexively attending to the significance of gender relations as a basic feature of all social life, including the conduct of research; (2) the centrality of consciousness‐raising as a specific methodological tool and as a “way of seeing;” (3) the need to challenge the norm of “objectivity” that assumes a dichotomy between the subject and object of research; (4) the concern for the ethical implications of research; and (5) an emphasis on the transformation of patriarchy and the empowerment of women. Copyright © 1986, Wiley Blackwell. All rights reserved","citedby-count":"157","affiliation": [{"@_fa": "true", "affiliation-url":"https://api.elsevier.com/content/affiliation/affiliation_id/60029278","afid":"60029278","affilname":"University of Chicago","affiliation-city":"Chicago","affiliation-country":"United States"},{"@_fa": "true", "affiliation-url":"https://api.elsevier.com/content/affiliation/affiliation_id/60003500","afid":"60003500","affilname":"Ohio State University","affiliation-city":"Columbus","affiliation-country":"United States"}],"prism:aggregationType":"Journal","subtype":"ar","subtypeDescription":"Article","author-count":{"@limit": "100", "@total": "2", "$" :"2"},"author": [{"@_fa": "true", "@seq": "1", "author-url":"https://api.elsevier.com/content/author/author_id/7404183990","authid":"7404183990","authname":"Cook J.","surname":"Cook","given-name":"Judith A.","initials":"J.A.","afid": [{"@_fa": "true", "$" :"60029278"}]},{"@_fa": "true", "@seq": "2", "author-url":"https://api.elsevier.com/content/author/author_id/6506085498","authid":"6506085498","authname":"Fonow M.","surname":"Fonow","given-name":"Mary Margaret","initials":"M.M.","afid": [{"@_fa": "true", "$" :"60003500"}]}],"source-id":"18086","fund-no":"undefined","openaccess":"0","openaccessFlag":false},{"@_fa": "true", "link": [{"@_fa": "true", "@ref": "self", "@href": "https://api.elsevier.com/content/abstract/scopus_id/46149138598"},{"@_fa": "true", "@ref": "author-affiliation", "@href": "https://api.elsevier.com/content/abstract/scopus_id/46149138598?field=author,affiliation"},{"@_fa": "true", "@ref": "scopus", "@href": "https://www.scopus.com/inward/record.uri?partnerID=HzOxMe3b&scp=46149138598&origin=inward"},{"@_fa": "true", "@ref": "scopus-citedby", "@href": "https://www.scopus.com/inward/citedby.uri?partnerID=HzOxMe3b&scp=46149138598&origin=inward"},{"@_fa": "true", "@ref": "full-text", "@href": "https://api.elsevier.com/content/article/eid/1-s2.0-0277539586900166"}],"prism:url":"https://api.elsevier.com/content/abstract/scopus_id/46149138598","dc:identifier":"SCOPUS_ID:46149138598","eid":"2-s2.0-46149138598","dc:title":"Introducing Elfriede Jelinek: Double agent of feminist aesthetics","dc:creator":"Levin T.","prism:publicationName":"Women's Studies International Forum","prism:issn":"02775395","prism:volume":"9","prism:issueIdentifier":"4","prism:pageRange":"435-442","prism:coverDate":"1986-01-01","prism:coverDisplayDate":"1986","prism:doi":"10.1016/0277-5395(86)90016-6","pii":"0277539586900166","dc:description":"A dominant trend in West German feminist fiction has been toward the first person narrative, sometimes called the 'new tear-jerker' and derided as 'belly-button gazing' because the heroine is entirely preoccuped with herself and the damage she has suffered under male dominance. This confessional mode can be likened to the Chinese tradition of 'speaking bitterness' and has the same intimate purpose, to cleanse the writer of destructive emotions by documenting the struggle of a woman under patriarchy to achieve her private revolution, that is, to free herself. Contrasting with this exemplary individualism, the novels, drama, and radio plays of Austrian Marxist and feminist Elfriede Jelinek emphasize not the exception but the norm. Jelinek eschews individuals in preference for types representing a certain class and upbringing. As the non-heroic average, they are static rather than dynamic. Not portrayed as agents of change, they are instead impotent victims of the Media Establishment's control. This does not mean that the socialist has abandoned her belief in revolution; rather, it implies that literature, as a vehicle of enlightenment, is in her view better suited to exaggerating the difficulties of the struggle than to trivializing or underestimating them. The consequences of this for her style are clear: she parodies the consciousness industry, unmasking its role in preventing change. © 1986.","citedby-count":"2","prism:aggregationType":"Journal","subtype":"ar","subtypeDescription":"Article","author-count":{"@limit": "100", "@total": "1", "$" :"1"},"author": [{"@_fa": "true", "@seq": "1", "author-url":"https://api.elsevier.com/content/author/author_id/24360090200","authid":"24360090200","authname":"Levin T.","surname":"Levin","given-name":"Tobe","initials":"T.","afid": [{"@_fa": "true", "$" :"60101438"}]}],"source-id":"24359","fund-acr":"City","fund-no":"undefined","fund-sponsor":"City, University of London","openaccess":"0","openaccessFlag":false},{"@_fa": "true", "link": [{"@_fa": "true", "@ref": "self", "@href": "https://api.elsevier.com/content/abstract/scopus_id/34247828050"},{"@_fa": "true", "@ref": "author-affiliation", "@href": "https://api.elsevier.com/content/abstract/scopus_id/34247828050?field=author,affiliation"},{"@_fa": "true", "@ref": "scopus", "@href": "https://www.scopus.com/inward/record.uri?partnerID=HzOxMe3b&scp=34247828050&origin=inward"},{"@_fa": "true", "@ref": "scopus-citedby", "@href": "https://www.scopus.com/inward/citedby.uri?partnerID=HzOxMe3b&scp=34247828050&origin=inward"},{"@_fa": "true", "@ref": "full-text", "@href": "https://api.elsevier.com/content/article/eid/1-s2.0-0277539586900713"}],"prism:url":"https://api.elsevier.com/content/abstract/scopus_id/34247828050","dc:identifier":"SCOPUS_ID:34247828050","eid":"2-s2.0-34247828050","dc:title":"The equality principle and the sexual division of labour","dc:creator":"Thornton M.","prism:publicationName":"Women's Studies International Forum","prism:issn":"02775395","prism:volume":"9","prism:issueIdentifier":"1","prism:pageRange":"13-18","prism:coverDate":"1986-01-01","prism:coverDisplayDate":"1986","prism:doi":"10.1016/0277-5395(86)90071-3","pii":"0277539586900713","dc:description":"Australia has one of the highest degrees of sex segregation in the workforce of any advanced OECD (Organisation for Economic Cooperation and Development) country (OECD, 1980).1 Predominantly female occupations are characterised by poor conditions and low pay (Power, 1975; Kramar, 1983; Working Women's Charter, 1984). Despite the currency of the rhetoric of sexual equality, however, such phenomena, which are characteristic of the sexual division of labour, have been successfully immunised against formal challenge. Although sex-segregated occupations are not expressly excluded from Australian anti-discrimination legislation, the complaint-based model does contain insuperable hurdles for most women in respect to both substance and procedure. Affirmative action measures, as presently conceived, are also unable to deal with this manifestation of structural discrimination. The fact that seemingly egalitarian measures are designed to effect minimal change is further illustrated when we look to wage-setting. Although the concept of equal pay for work of equal value has been accepted in Australia, it has had little practical effect on predominantly female occupations in the male-dominated arbitration arena. As the ideology of patriarchy operates in multifarious ways to prevent focus on the fundamental inequalities in women's working conditions, law reform, perforce, demonstrates its limited capacity for change. However, rather than jettison anti-discrimination and equal pay measures altogether, such mechanisms can be used to publicise the issues and to encourage women to assert themselves collectively. © 1986.","citedby-count":"0","affiliation": [{"@_fa": "true", "affiliation-url":"https://api.elsevier.com/content/affiliation/affiliation_id/60019544","afid":"60019544","affilname":"Macquarie University","affiliation-city":"Sydney","affiliation-country":"Australia"}],"prism:aggregationType":"Journal","subtype":"ar","subtypeDescription":"Article","author-count":{"@limit": "100", "@total": "1", "$" :"1"},"author": [{"@_fa": "true", "@seq": "1", "author-url":"https://api.elsevier.com/content/author/author_id/15926612300","authid":"15926612300","authname":"Thornton M.","surname":"Thornton","given-name":"Margaret","initials":"M.","afid": [{"@_fa": "true", "$" :"60019544"}]}],"source-id":"24359","fund-no":"undefined","openaccess":"0","openaccessFlag":false}]}}