{"search-results":{"opensearch:totalResults":"26","opensearch:startIndex":"0","opensearch:itemsPerPage":"25","opensearch:Query":{"@role": "request", "@searchTerms": "TITLE-ABS-KEY(\"patriarchy\") AND SUBJAREA(SOCI) AND PUBYEAR = 1989", "@startPage": "0"},"link": [{"@_fa": "true", "@ref": "self", "@href": "https://api.elsevier.com/content/search/scopus?start=0&count=25&query=TITLE-ABS-KEY%28%22patriarchy%22%29+AND+SUBJAREA%28SOCI%29+AND+PUBYEAR+%3D+1989&apiKey=27d953b4b546791964ebeb768d13e61f&view=COMPLETE", "@type": "application/json"},{"@_fa": "true", "@ref": "first", "@href": "https://api.elsevier.com/content/search/scopus?start=0&count=25&query=TITLE-ABS-KEY%28%22patriarchy%22%29+AND+SUBJAREA%28SOCI%29+AND+PUBYEAR+%3D+1989&apiKey=27d953b4b546791964ebeb768d13e61f&view=COMPLETE", "@type": "application/json"},{"@_fa": "true", "@ref": "next", "@href": "https://api.elsevier.com/content/search/scopus?start=25&count=25&query=TITLE-ABS-KEY%28%22patriarchy%22%29+AND+SUBJAREA%28SOCI%29+AND+PUBYEAR+%3D+1989&apiKey=27d953b4b546791964ebeb768d13e61f&view=COMPLETE", "@type": "application/json"},{"@_fa": "true", "@ref": "last", "@href": "https://api.elsevier.com/content/search/scopus?start=1&count=25&query=TITLE-ABS-KEY%28%22patriarchy%22%29+AND+SUBJAREA%28SOCI%29+AND+PUBYEAR+%3D+1989&apiKey=27d953b4b546791964ebeb768d13e61f&view=COMPLETE", "@type": "application/json"}],"entry": [{"@_fa": "true", "link": [{"@_fa": "true", "@ref": "self", "@href": "https://api.elsevier.com/content/abstract/scopus_id/34447147823"},{"@_fa": "true", "@ref": "author-affiliation", "@href": "https://api.elsevier.com/content/abstract/scopus_id/34447147823?field=author,affiliation"},{"@_fa": "true", "@ref": "scopus", "@href": "https://www.scopus.com/inward/record.uri?partnerID=HzOxMe3b&scp=34447147823&origin=inward"},{"@_fa": "true", "@ref": "scopus-citedby", "@href": "https://www.scopus.com/inward/citedby.uri?partnerID=HzOxMe3b&scp=34447147823&origin=inward"}],"prism:url":"https://api.elsevier.com/content/abstract/scopus_id/34447147823","dc:identifier":"SCOPUS_ID:34447147823","eid":"2-s2.0-34447147823","dc:title":"Immigrants and patriarchy: The case of iranian families","dc:creator":"Abyaneh P.","prism:publicationName":"Women's Studies","prism:issn":"00497878","prism:eIssn":"15477045","prism:volume":"17","prism:issueIdentifier":"1-2","prism:pageRange":"67-69","prism:coverDate":"1989-11-01","prism:coverDisplayDate":"1 November 1989","prism:doi":"10.1080/00497878.1989.9978793","citedby-count":"0","affiliation": [{"@_fa": "true", "affiliation-url":"https://api.elsevier.com/content/affiliation/affiliation_id/60029526","afid":"60029526","affilname":"University of California, Riverside","affiliation-city":"Riverside","affiliation-country":"United States"}],"prism:aggregationType":"Journal","subtype":"ar","subtypeDescription":"Article","author-count":{"@limit": "100", "@total": "1", "$" :"1"},"author": [{"@_fa": "true", "@seq": "1", "author-url":"https://api.elsevier.com/content/author/author_id/57189566199","authid":"57189566199","authname":"Abyaneh P.","surname":"Abyaneh","given-name":"Parvin","initials":"P.","afid": [{"@_fa": "true", "$" :"60029526"}]}],"source-id":"24329","fund-no":"undefined","openaccess":"0","openaccessFlag":false},{"@_fa": "true", "link": [{"@_fa": "true", "@ref": "self", "@href": "https://api.elsevier.com/content/abstract/scopus_id/84952395510"},{"@_fa": "true", "@ref": "author-affiliation", "@href": "https://api.elsevier.com/content/abstract/scopus_id/84952395510?field=author,affiliation"},{"@_fa": "true", "@ref": "scopus", "@href": "https://www.scopus.com/inward/record.uri?partnerID=HzOxMe3b&scp=84952395510&origin=inward"},{"@_fa": "true", "@ref": "scopus-citedby", "@href": "https://www.scopus.com/inward/citedby.uri?partnerID=HzOxMe3b&scp=84952395510&origin=inward"}],"prism:url":"https://api.elsevier.com/content/abstract/scopus_id/84952395510","dc:identifier":"SCOPUS_ID:84952395510","eid":"2-s2.0-84952395510","dc:title":"Gender and Church of England Diocesan Syllabuses of Religious Education","dc:creator":"Trevett C.","prism:publicationName":"British Journal of Religious Education","prism:issn":"01416200","prism:eIssn":"17407931","prism:volume":"12","prism:issueIdentifier":"1","prism:pageRange":"6-10","prism:coverDate":"1989-09-01","prism:coverDisplayDate":"1 September 1989","prism:doi":"10.1080/0141620890120102","dc:description":"This paper offers some general observations on patriarchy and its implications for religious educators. It refers in parts to my personal experience and suggests that women teachers should have a higher profile in the decision-making, planning and assessing processes in religious education. © 1989, Taylor & Francis Group, LLC. All rights reserved.","citedby-count":"0","affiliation": [{"@_fa": "true", "affiliation-url":"https://api.elsevier.com/content/affiliation/affiliation_id/116173549","afid":"116173549","affilname":"University of Wales","affiliation-city":"Cardiff","affiliation-country":"United Kingdom"}],"prism:aggregationType":"Journal","subtype":"ar","subtypeDescription":"Article","author-count":{"@limit": "100", "@total": "1", "$" :"1"},"author": [{"@_fa": "true", "@seq": "1", "author-url":"https://api.elsevier.com/content/author/author_id/24371420600","authid":"24371420600","authname":"Trevett C.","surname":"Trevett","given-name":"Christine","initials":"C.","afid": [{"@_fa": "true", "$" :"116173549"}]}],"source-id":"16400154714","fund-no":"undefined","openaccess":"0","openaccessFlag":false},{"@_fa": "true", "link": [{"@_fa": "true", "@ref": "self", "@href": "https://api.elsevier.com/content/abstract/scopus_id/34247784646"},{"@_fa": "true", "@ref": "author-affiliation", "@href": "https://api.elsevier.com/content/abstract/scopus_id/34247784646?field=author,affiliation"},{"@_fa": "true", "@ref": "scopus", "@href": "https://www.scopus.com/inward/record.uri?partnerID=HzOxMe3b&scp=34247784646&origin=inward"},{"@_fa": "true", "@ref": "scopus-citedby", "@href": "https://www.scopus.com/inward/citedby.uri?partnerID=HzOxMe3b&scp=34247784646&origin=inward"}],"prism:url":"https://api.elsevier.com/content/abstract/scopus_id/34247784646","dc:identifier":"SCOPUS_ID:34247784646","eid":"2-s2.0-34247784646","dc:title":"Radical feminism, humanism and women's studies","dc:creator":"Shibles W.","prism:publicationName":"Innovative Higher Education","prism:issn":"07425627","prism:eIssn":"15731758","prism:volume":"14","prism:issueIdentifier":"1","prism:pageRange":"35-47","prism:coverDate":"1989-09-01","prism:coverDisplayDate":"September 1989","prism:doi":"10.1007/BF00889761","dc:description":"As it is not generally understood, radical feminism is first defined in terms of the concept of patriarchy. Feminists themselves now characterize radical feminism as involving sexism, views of the superiority of women over men, and the goal to establish a separate world without men, a gynocracy. Radical feminism is then contrasted with humanism and seen to be antihumanistic. Feminists themselves further claim that Women's Studies in universities and colleges is basically radical feminism. Thus, ironically, such studies which are supported for the purpose of ending sexism are, in fact, creating it. One solution is to establish Women's Studies on the philosophies of the feminists, who are moving toward what I term humanistic feminism. © 1989 Human Sciences Press.","citedby-count":"1","affiliation": [{"@_fa": "true", "affiliation-url":"https://api.elsevier.com/content/affiliation/affiliation_id/60007034","afid":"60007034","affilname":"University of Wisconsin-Whitewater","affiliation-city":"Whitewater","affiliation-country":"United States"}],"prism:aggregationType":"Journal","subtype":"ar","subtypeDescription":"Article","author-count":{"@limit": "100", "@total": "1", "$" :"1"},"author": [{"@_fa": "true", "@seq": "1", "author-url":"https://api.elsevier.com/content/author/author_id/16455523000","authid":"16455523000","authname":"Shibles W.","surname":"Shibles","given-name":"Warren","initials":"W.","afid": [{"@_fa": "true", "$" :"60007034"}]}],"source-id":"144736","fund-no":"undefined","openaccess":"0","openaccessFlag":false},{"@_fa": "true", "link": [{"@_fa": "true", "@ref": "self", "@href": "https://api.elsevier.com/content/abstract/scopus_id/0039203018"},{"@_fa": "true", "@ref": "author-affiliation", "@href": "https://api.elsevier.com/content/abstract/scopus_id/0039203018?field=author,affiliation"},{"@_fa": "true", "@ref": "scopus", "@href": "https://www.scopus.com/inward/record.uri?partnerID=HzOxMe3b&scp=0039203018&origin=inward"},{"@_fa": "true", "@ref": "scopus-citedby", "@href": "https://www.scopus.com/inward/citedby.uri?partnerID=HzOxMe3b&scp=0039203018&origin=inward"}],"prism:url":"https://api.elsevier.com/content/abstract/scopus_id/0039203018","dc:identifier":"SCOPUS_ID:0039203018","eid":"2-s2.0-0039203018","dc:title":"\"Life isn't yet over\": Older heroines in American popular cinema of the 1930s and 1970s/80s","dc:creator":"Walsh A.","prism:publicationName":"Qualitative Sociology","prism:issn":"01620436","prism:eIssn":"15737837","prism:volume":"12","prism:issueIdentifier":"1","prism:pageRange":"72-95","prism:coverDate":"1989-03-01","prism:coverDisplayDate":"March 1989","prism:doi":"10.1007/BF00989245","dc:description":"This article analyzes the evolution of a significant undercurrent within American culture challenging the dominance of the cult of youth and masculinity, through the interpretation of selected American popular films of the 1930s and 1970s/80s featuring heroines over 60 years of age. These two eras, which witnessed the impact of elder advocacy on national legislation and social policy, generated films such as If I Had A Million (1932), Make Way for Tomorrow (1937), Harold and Maude (1971) and The Trip to Bountiful (1985). Through analyzing these films as well as related media trends, psychoanalytic approaches to the study of female representation in cinema are critiqued. While psychoanalytic approaches often stress the cultural dominance of an ahistorical patriarchy, a sociological model conceptualizes culture as a process constituted by communication and negotiation, resistance and rebellion as well as oppression and domination. © 1989 Human Sciences Press.","citedby-count":"4","affiliation": [{"@_fa": "true", "affiliation-url":"https://api.elsevier.com/content/affiliation/affiliation_id/100558709","afid":"100558709","affilname":"Radcliffe College","affiliation-city":"Washington","affiliation-country":"United States"}],"prism:aggregationType":"Journal","subtype":"ar","subtypeDescription":"Article","author-count":{"@limit": "100", "@total": "1", "$" :"1"},"author": [{"@_fa": "true", "@seq": "1", "author-url":"https://api.elsevier.com/content/author/author_id/16443426700","authid":"16443426700","authname":"Walsh A.","surname":"Walsh","given-name":"Andrea","initials":"A.","afid": [{"@_fa": "true", "$" :"100558709"}]}],"source-id":"16842","fund-no":"undefined","openaccess":"0","openaccessFlag":false},{"@_fa": "true", "link": [{"@_fa": "true", "@ref": "self", "@href": "https://api.elsevier.com/content/abstract/scopus_id/84970338377"},{"@_fa": "true", "@ref": "author-affiliation", "@href": "https://api.elsevier.com/content/abstract/scopus_id/84970338377?field=author,affiliation"},{"@_fa": "true", "@ref": "scopus", "@href": "https://www.scopus.com/inward/record.uri?partnerID=HzOxMe3b&scp=84970338377&origin=inward"},{"@_fa": "true", "@ref": "scopus-citedby", "@href": "https://www.scopus.com/inward/citedby.uri?partnerID=HzOxMe3b&scp=84970338377&origin=inward"}],"prism:url":"https://api.elsevier.com/content/abstract/scopus_id/84970338377","dc:identifier":"SCOPUS_ID:84970338377","eid":"2-s2.0-84970338377","dc:title":"Theorising patriarchy","dc:creator":"Walby S.","prism:publicationName":"Sociology","prism:issn":"00380385","prism:volume":"23","prism:issueIdentifier":"2","prism:pageRange":"213-234","prism:coverDate":"1989-01-01","prism:coverDisplayDate":"May 1989","prism:doi":"10.1177/0038038589023002004","dc:description":"The concept ‘patriarchy’, while being vital for feminist analysis, has been criticised for not being able to deal with historical and cross-cultural variation in the forms of women's subordination. This paper presents a new way of theorising patriarchy to meet these objections; one which is flexible enough to take account of its various forms, but rigorous enough to be an effective tool for analysis. It leaves behind base-superstructure models of patriarchy in which there is only one base, which have led to many of the rigidities which have been identified, arguing instead for a model of patriarchy as six partially-interdependent structures. The paper concludes with a discussion of the different forms of patriarchy in recent British history. © 1989, British Sociological Association Publications Limited. All rights reserved.","citedby-count":"143","affiliation": [{"@_fa": "true", "affiliation-url":"https://api.elsevier.com/content/affiliation/affiliation_id/60023643","afid":"60023643","affilname":"Lancaster University","affiliation-city":"Lancaster","affiliation-country":"United Kingdom"}],"prism:aggregationType":"Journal","subtype":"ar","subtypeDescription":"Article","author-count":{"@limit": "100", "@total": "1", "$" :"1"},"author": [{"@_fa": "true", "@seq": "1", "author-url":"https://api.elsevier.com/content/author/author_id/6602098104","authid":"6602098104","authname":"Walby S.","surname":"Walby","given-name":"Sylvia","initials":"S.","afid": [{"@_fa": "true", "$" :"60023643"}]}],"source-id":"18130","fund-no":"undefined","openaccess":"0","openaccessFlag":false},{"@_fa": "true", "link": [{"@_fa": "true", "@ref": "self", "@href": "https://api.elsevier.com/content/abstract/scopus_id/84970417434"},{"@_fa": "true", "@ref": "author-affiliation", "@href": "https://api.elsevier.com/content/abstract/scopus_id/84970417434?field=author,affiliation"},{"@_fa": "true", "@ref": "scopus", "@href": "https://www.scopus.com/inward/record.uri?partnerID=HzOxMe3b&scp=84970417434&origin=inward"},{"@_fa": "true", "@ref": "scopus-citedby", "@href": "https://www.scopus.com/inward/citedby.uri?partnerID=HzOxMe3b&scp=84970417434&origin=inward"}],"prism:url":"https://api.elsevier.com/content/abstract/scopus_id/84970417434","dc:identifier":"SCOPUS_ID:84970417434","eid":"2-s2.0-84970417434","dc:title":"The problem with patriarchy","dc:creator":"Acker J.","prism:publicationName":"Sociology","prism:issn":"00380385","prism:volume":"23","prism:issueIdentifier":"2","prism:pageRange":"235-240","prism:coverDate":"1989-01-01","prism:coverDisplayDate":"May 1989","prism:doi":"10.1177/0038038589023002005","citedby-count":"62","affiliation": [{"@_fa": "true", "affiliation-url":"https://api.elsevier.com/content/affiliation/affiliation_id/60012317","afid":"60012317","affilname":"University of Oregon","affiliation-city":"Eugene","affiliation-country":"United States"}],"prism:aggregationType":"Journal","subtype":"ar","subtypeDescription":"Article","author-count":{"@limit": "100", "@total": "1", "$" :"1"},"author": [{"@_fa": "true", "@seq": "1", "author-url":"https://api.elsevier.com/content/author/author_id/7007033652","authid":"7007033652","authname":"Acker J.","surname":"Acker","given-name":"Joan","initials":"J.","afid": [{"@_fa": "true", "$" :"60012317"}]}],"source-id":"18130","fund-no":"undefined","openaccess":"0","openaccessFlag":false},{"@_fa": "true", "link": [{"@_fa": "true", "@ref": "self", "@href": "https://api.elsevier.com/content/abstract/scopus_id/34249973620"},{"@_fa": "true", "@ref": "author-affiliation", "@href": "https://api.elsevier.com/content/abstract/scopus_id/34249973620?field=author,affiliation"},{"@_fa": "true", "@ref": "scopus", "@href": "https://www.scopus.com/inward/record.uri?partnerID=HzOxMe3b&scp=34249973620&origin=inward"},{"@_fa": "true", "@ref": "scopus-citedby", "@href": "https://www.scopus.com/inward/citedby.uri?partnerID=HzOxMe3b&scp=34249973620&origin=inward"}],"prism:url":"https://api.elsevier.com/content/abstract/scopus_id/34249973620","dc:identifier":"SCOPUS_ID:34249973620","eid":"2-s2.0-34249973620","dc:title":"Matriarchy versus patriarchy: The role of the Irish Queen isolde in gottfried von straßburg's \"tristan\"","dc:creator":"Classen A.","prism:publicationName":"Neophilologus","prism:issn":"00282677","prism:eIssn":"15728668","prism:volume":"73","prism:issueIdentifier":"1","prism:pageRange":"77-89","prism:coverDate":"1989-01-01","prism:coverDisplayDate":"January 1989","prism:doi":"10.1007/BF00399640","citedby-count":"4","prism:aggregationType":"Journal","subtype":"ar","subtypeDescription":"Article","author-count":{"@limit": "100", "@total": "1", "$" :"1"},"author": [{"@_fa": "true", "@seq": "1", "author-url":"https://api.elsevier.com/content/author/author_id/16023984500","authid":"16023984500","authname":"Classen A.","surname":"Classen","given-name":"Albrecht","initials":"A.","afid": [{"@_fa": "true", "$" :"60010065"}]}],"source-id":"15466","fund-no":"undefined","openaccess":"0","openaccessFlag":false},{"@_fa": "true", "link": [{"@_fa": "true", "@ref": "self", "@href": "https://api.elsevier.com/content/abstract/scopus_id/84960721136"},{"@_fa": "true", "@ref": "author-affiliation", "@href": "https://api.elsevier.com/content/abstract/scopus_id/84960721136?field=author,affiliation"},{"@_fa": "true", "@ref": "scopus", "@href": "https://www.scopus.com/inward/record.uri?partnerID=HzOxMe3b&scp=84960721136&origin=inward"},{"@_fa": "true", "@ref": "scopus-citedby", "@href": "https://www.scopus.com/inward/citedby.uri?partnerID=HzOxMe3b&scp=84960721136&origin=inward"}],"prism:url":"https://api.elsevier.com/content/abstract/scopus_id/84960721136","dc:identifier":"SCOPUS_ID:84960721136","eid":"2-s2.0-84960721136","dc:title":"Out of patriarchy, toward a masculine ground of being","dc:creator":"Hopcke R.","prism:publicationName":"San Francisco Jung Institute Library Journal","prism:issn":"02706210","prism:volume":"8","prism:issueIdentifier":"3","prism:pageRange":"53-66","prism:coverDate":"1989-01-01","prism:coverDisplayDate":"Spring 1989","prism:doi":"10.1525/jung.1.1989.8.3.53","citedby-count":"0","prism:aggregationType":"Journal","subtype":"ar","subtypeDescription":"Article","author-count":{"@limit": "100", "@total": "1", "$" :"1"},"author": [{"@_fa": "true", "@seq": "1", "author-url":"https://api.elsevier.com/content/author/author_id/57168080700","authid":"57168080700","authname":"Hopcke R.","surname":"Hopcke","given-name":"Robert H.","initials":"R.H."}],"source-id":"21100450496","fund-no":"undefined","openaccess":"0","openaccessFlag":false},{"@_fa": "true", "link": [{"@_fa": "true", "@ref": "self", "@href": "https://api.elsevier.com/content/abstract/scopus_id/84949388769"},{"@_fa": "true", "@ref": "author-affiliation", "@href": "https://api.elsevier.com/content/abstract/scopus_id/84949388769?field=author,affiliation"},{"@_fa": "true", "@ref": "scopus", "@href": "https://www.scopus.com/inward/record.uri?partnerID=HzOxMe3b&scp=84949388769&origin=inward"},{"@_fa": "true", "@ref": "scopus-citedby", "@href": "https://www.scopus.com/inward/citedby.uri?partnerID=HzOxMe3b&scp=84949388769&origin=inward"}],"prism:url":"https://api.elsevier.com/content/abstract/scopus_id/84949388769","dc:identifier":"SCOPUS_ID:84949388769","eid":"2-s2.0-84949388769","dc:title":"The Theory Of Patriarchy: A Final Summation, Including Responses To Fifteen Years Of Criticism","dc:creator":"Goldberg S.","prism:publicationName":"International Journal of Sociology and Social Policy","prism:issn":"0144333X","prism:volume":"9","prism:issueIdentifier":"1","prism:pageRange":"15-62","prism:coverDate":"1989-01-01","prism:coverDisplayDate":"January 1989","prism:doi":"10.1108/eb013064","citedby-count":"0","prism:aggregationType":"Journal","subtype":"re","subtypeDescription":"Review","author-count":{"@limit": "100", "@total": "1", "$" :"1"},"author": [{"@_fa": "true", "@seq": "1", "author-url":"https://api.elsevier.com/content/author/author_id/24786487400","authid":"24786487400","authname":"Goldberg S.","surname":"Goldberg","given-name":"Steven","initials":"S.","afid": [{"@_fa": "true", "$" :"101483957"}]}],"source-id":"15498","fund-no":"undefined","openaccess":"0","openaccessFlag":false},{"@_fa": "true", "link": [{"@_fa": "true", "@ref": "self", "@href": "https://api.elsevier.com/content/abstract/scopus_id/84970486718"},{"@_fa": "true", "@ref": "author-affiliation", "@href": "https://api.elsevier.com/content/abstract/scopus_id/84970486718?field=author,affiliation"},{"@_fa": "true", "@ref": "scopus", "@href": "https://www.scopus.com/inward/record.uri?partnerID=HzOxMe3b&scp=84970486718&origin=inward"},{"@_fa": "true", "@ref": "scopus-citedby", "@href": "https://www.scopus.com/inward/citedby.uri?partnerID=HzOxMe3b&scp=84970486718&origin=inward"}],"prism:url":"https://api.elsevier.com/content/abstract/scopus_id/84970486718","dc:identifier":"SCOPUS_ID:84970486718","eid":"2-s2.0-84970486718","dc:title":"Patriarchy and viriarchy: An exploration and reconstruction of concepts of masculine domination","dc:creator":"Waters M.","prism:publicationName":"Sociology","prism:issn":"00380385","prism:volume":"23","prism:issueIdentifier":"2","prism:pageRange":"193-211","prism:coverDate":"1989-01-01","prism:coverDisplayDate":"May 1989","prism:doi":"10.1177/0038038589023002003","dc:description":"The use of the term ‘patriarchy’, in both feminist and sociological analysis, faces problems because of the etymological roots of the term, the form of its connection to political struggles, and the ahistorical fashion in which it is typically employed. There are four principle traditions within which the terms is used: As a kinship based system of government; as generalized masculine oppression; as a mechanism in the social reproduction of capitalism; and as a sex-class system. Elements of these traditions are recombined into a quadrapartite scheme for the analysis of masculine gender-systems which distinguishes between ‘patriarchy’ (rule by male heads of extended families) and ‘viriarchy’ (rule by adult males); and between directly oppressive systems and systems which operate by means of social reproduction. © 1989, British Sociological Association Publications Limited. All rights reserved.","citedby-count":"29","affiliation": [{"@_fa": "true", "affiliation-url":"https://api.elsevier.com/content/affiliation/affiliation_id/60015356","afid":"60015356","affilname":"University of Tasmania","affiliation-city":"Hobart","affiliation-country":"Australia"}],"prism:aggregationType":"Journal","subtype":"ar","subtypeDescription":"Article","author-count":{"@limit": "100", "@total": "1", "$" :"1"},"author": [{"@_fa": "true", "@seq": "1", "author-url":"https://api.elsevier.com/content/author/author_id/8889221700","authid":"8889221700","authname":"Waters M.","surname":"Waters","given-name":"Malcolm","initials":"M.","afid": [{"@_fa": "true", "$" :"60015356"}]}],"source-id":"18130","fund-no":"undefined","openaccess":"0","openaccessFlag":false},{"@_fa": "true", "link": [{"@_fa": "true", "@ref": "self", "@href": "https://api.elsevier.com/content/abstract/scopus_id/84973824914"},{"@_fa": "true", "@ref": "author-affiliation", "@href": "https://api.elsevier.com/content/abstract/scopus_id/84973824914?field=author,affiliation"},{"@_fa": "true", "@ref": "scopus", "@href": "https://www.scopus.com/inward/record.uri?partnerID=HzOxMe3b&scp=84973824914&origin=inward"},{"@_fa": "true", "@ref": "scopus-citedby", "@href": "https://www.scopus.com/inward/citedby.uri?partnerID=HzOxMe3b&scp=84973824914&origin=inward"}],"prism:url":"https://api.elsevier.com/content/abstract/scopus_id/84973824914","dc:identifier":"SCOPUS_ID:84973824914","eid":"2-s2.0-84973824914","dc:title":"Women as fathers: Motherhood and Child Care Under a Modified Patriarchy","dc:creator":"Rothman B.","prism:publicationName":"Gender &amp; Society","prism:issn":"08912432","prism:volume":"3","prism:issueIdentifier":"1","prism:pageRange":"89-104","prism:coverDate":"1989-01-01","prism:coverDisplayDate":"March 1989","prism:doi":"10.1177/089124389003001006","dc:description":"Although the modern American kinship system is nominally a bilateral system, the very definition of kin ties is based on the principles of patriarchy. Women do not gain their rights to their children in this society as mothers, but as father-equivalents, sources of genetic material. In child rearing as in childbearing, women may take on the role of fathers to their children, substituting poorer women to do the traditional mothering work. The resultant recasting of the classic Oedipal drama in terms of class and race rather than gender is described. This article argues that we must move beyond patriarchal definitions of the relations between parents and children, and beyond modifications that simply extend to some women, most often at cost to other women, some of the privileges of patriarchy. © 1989, SAGE PUBLICATIONS. All rights reserved.","citedby-count":"22","affiliation": [{"@_fa": "true", "affiliation-url":"https://api.elsevier.com/content/affiliation/affiliation_id/60032373","afid":"60032373","affilname":"The Doctorate-Granting Institution of the City University of New York","affiliation-city":"New York","affiliation-country":"United States"}],"prism:aggregationType":"Journal","subtype":"ar","subtypeDescription":"Article","author-count":{"@limit": "100", "@total": "1", "$" :"1"},"author": [{"@_fa": "true", "@seq": "1", "author-url":"https://api.elsevier.com/content/author/author_id/7005880550","authid":"7005880550","authname":"Rothman B.","surname":"Rothman","given-name":"Barbara Katz","initials":"B.K.","afid": [{"@_fa": "true", "$" :"60032373"}]}],"source-id":"14925","fund-no":"undefined","openaccess":"0","openaccessFlag":false},{"@_fa": "true", "link": [{"@_fa": "true", "@ref": "self", "@href": "https://api.elsevier.com/content/abstract/scopus_id/0024923736"},{"@_fa": "true", "@ref": "author-affiliation", "@href": "https://api.elsevier.com/content/abstract/scopus_id/0024923736?field=author,affiliation"},{"@_fa": "true", "@ref": "scopus", "@href": "https://www.scopus.com/inward/record.uri?partnerID=HzOxMe3b&scp=0024923736&origin=inward"},{"@_fa": "true", "@ref": "scopus-citedby", "@href": "https://www.scopus.com/inward/citedby.uri?partnerID=HzOxMe3b&scp=0024923736&origin=inward"}],"prism:url":"https://api.elsevier.com/content/abstract/scopus_id/0024923736","dc:identifier":"SCOPUS_ID:0024923736","eid":"2-s2.0-0024923736","dc:title":"Restructuring Capitalism and Patriarchy—Patterns and Processes: the Australian Textile Industry","dc:creator":"JOHNSON L.","prism:publicationName":"New Zealand Journal of Geography","prism:issn":"00288292","prism:eIssn":"17457939","prism:volume":"88","prism:issueIdentifier":"1","prism:pageRange":"10-14","prism:coverDate":"1989-01-01","prism:coverDisplayDate":"October 1989","prism:doi":"10.1111/j.0028-8292.1989.tb00813.x","citedby-count":"1","affiliation": [{"@_fa": "true", "affiliation-url":"https://api.elsevier.com/content/affiliation/affiliation_id/60004424","afid":"60004424","affilname":"University of Waikato","affiliation-city":"Hamilton","affiliation-country":"New Zealand"}],"prism:aggregationType":"Journal","subtype":"ar","subtypeDescription":"Article","author-count":{"@limit": "100", "@total": "1", "$" :"1"},"author": [{"@_fa": "true", "@seq": "1", "author-url":"https://api.elsevier.com/content/author/author_id/13003220300","authid":"13003220300","authname":"JOHNSON L.","surname":"JOHNSON","given-name":"LOUISE C.","initials":"L.C.","afid": [{"@_fa": "true", "$" :"60004424"}]}],"source-id":"29905","fund-no":"undefined","openaccess":"0","openaccessFlag":false},{"@_fa": "true", "link": [{"@_fa": "true", "@ref": "self", "@href": "https://api.elsevier.com/content/abstract/scopus_id/84976011534"},{"@_fa": "true", "@ref": "author-affiliation", "@href": "https://api.elsevier.com/content/abstract/scopus_id/84976011534?field=author,affiliation"},{"@_fa": "true", "@ref": "scopus", "@href": "https://www.scopus.com/inward/record.uri?partnerID=HzOxMe3b&scp=84976011534&origin=inward"},{"@_fa": "true", "@ref": "scopus-citedby", "@href": "https://www.scopus.com/inward/citedby.uri?partnerID=HzOxMe3b&scp=84976011534&origin=inward"}],"prism:url":"https://api.elsevier.com/content/abstract/scopus_id/84976011534","dc:identifier":"SCOPUS_ID:84976011534","eid":"2-s2.0-84976011534","dc:title":"‘God hath ordained to man a helper’: Hobbes, patriarchy and conjugal right","dc:creator":"Pateman C.","prism:publicationName":"British Journal of Political Science","prism:issn":"00071234","prism:eIssn":"14692112","prism:volume":"19","prism:issueIdentifier":"4","prism:pageRange":"445-463","prism:coverDate":"1989-01-01","prism:coverDisplayDate":"October 1989","prism:doi":"10.1017/S0007123400005585","dc:description":"There are two conflicting and equally misleading interpretations of Hobbes: either he is a patriarchalist like Filmer - but the premise of Hobbes’s theory is that political right originates in maternal not paternal lordship; or he is an anti-patriarchalist - but he endorses the subjection of wives to husbands in civil society. To appreciate how Hobbes turns mother right into a specifically modern, non-paternal form of patriarchy, an understanding is required of his peculiar view of the family as a protective association of master and servants that originates in conquest (contract). Secondly, a conjectural history of the defeat of women by men in the natural condition and their incorporation into ’families’ has to be provided. The overthrow of mother right enables men to enter the original contract, to create Leviathan in their own image, and to secure the fruits of their conquest by establishing patriarchal political right, exercised in large part as conjugal right. © 1989, Cambridge University Press. All rights reserved.","citedby-count":"28","affiliation": [{"@_fa": "true", "affiliation-url":"https://api.elsevier.com/content/affiliation/affiliation_id/60025709","afid":"60025709","affilname":"The University of Sydney","affiliation-city":"Sydney","affiliation-country":"Australia"}],"prism:aggregationType":"Journal","subtype":"ar","subtypeDescription":"Article","author-count":{"@limit": "100", "@total": "1", "$" :"1"},"author": [{"@_fa": "true", "@seq": "1", "author-url":"https://api.elsevier.com/content/author/author_id/6602577898","authid":"6602577898","authname":"Pateman C.","surname":"Pateman","given-name":"Carole","initials":"C.","afid": [{"@_fa": "true", "$" :"60025709"}]}],"source-id":"16232","fund-no":"undefined","openaccess":"0","openaccessFlag":false},{"@_fa": "true", "link": [{"@_fa": "true", "@ref": "self", "@href": "https://api.elsevier.com/content/abstract/scopus_id/84970743183"},{"@_fa": "true", "@ref": "author-affiliation", "@href": "https://api.elsevier.com/content/abstract/scopus_id/84970743183?field=author,affiliation"},{"@_fa": "true", "@ref": "scopus", "@href": "https://www.scopus.com/inward/record.uri?partnerID=HzOxMe3b&scp=84970743183&origin=inward"},{"@_fa": "true", "@ref": "scopus-citedby", "@href": "https://www.scopus.com/inward/citedby.uri?partnerID=HzOxMe3b&scp=84970743183&origin=inward"}],"prism:url":"https://api.elsevier.com/content/abstract/scopus_id/84970743183","dc:identifier":"SCOPUS_ID:84970743183","eid":"2-s2.0-84970743183","dc:title":"Poor Women and Work Programs: Back to the Future","dc:creator":"Miller D.","prism:publicationName":"Affilia","prism:issn":"08861099","prism:eIssn":"15523020","prism:volume":"4","prism:issueIdentifier":"1","prism:pageRange":"9-22","prism:coverDate":"1989-01-01","prism:coverDisplayDate":"March 1989","prism:doi":"10.1177/088610998900400102","dc:description":"New welfare-to-work programs have been hailed in the press as the “new consensus” on reforming welfare. A close look at the evaluation studies and surveys of recent demonstration programs, however, indicates little success in getting women off welfare or out of poverty. Programs seem to be designed for failure. A feminist theoretical analysis indicates that such “failure” is functional to patriarchy, capitalism, and white supremacy. © 1989, Sage Publications. All rights reserved.","citedby-count":"13","prism:aggregationType":"Journal","subtype":"ar","subtypeDescription":"Article","author-count":{"@limit": "100", "@total": "1", "$" :"1"},"author": [{"@_fa": "true", "@seq": "1", "author-url":"https://api.elsevier.com/content/author/author_id/57189422254","authid":"57189422254","authname":"Miller D.","surname":"Miller","given-name":"Dorothy C.","initials":"D.C."}],"source-id":"28149","fund-no":"undefined","openaccess":"0","openaccessFlag":false},{"@_fa": "true", "link": [{"@_fa": "true", "@ref": "self", "@href": "https://api.elsevier.com/content/abstract/scopus_id/34447143211"},{"@_fa": "true", "@ref": "author-affiliation", "@href": "https://api.elsevier.com/content/abstract/scopus_id/34447143211?field=author,affiliation"},{"@_fa": "true", "@ref": "scopus", "@href": "https://www.scopus.com/inward/record.uri?partnerID=HzOxMe3b&scp=34447143211&origin=inward"},{"@_fa": "true", "@ref": "scopus-citedby", "@href": "https://www.scopus.com/inward/citedby.uri?partnerID=HzOxMe3b&scp=34447143211&origin=inward"},{"@_fa": "true", "@ref": "full-text", "@href": "https://api.elsevier.com/content/article/eid/1-s2.0-0277539589900915"}],"prism:url":"https://api.elsevier.com/content/abstract/scopus_id/34447143211","dc:identifier":"SCOPUS_ID:34447143211","eid":"2-s2.0-34447143211","dc:title":"Women's action in Chile","dc:creator":"Letelier I.","prism:publicationName":"Women's Studies International Forum","prism:issn":"02775395","prism:volume":"12","prism:issueIdentifier":"1","prism:pageRange":"125-127","prism:coverDate":"1989-01-01","prism:coverDisplayDate":"1989","prism:doi":"10.1016/0277-5395(89)90091-5","pii":"0277-5395(89)90091-5","dc:description":"Placing women's action in Chile in the broader context of the worldwide women's movement, this paper explores how Chilean women are dealing with both the military dictatorship and patriarchy. It points out that under the brutal repression and disastrous economic policies of the Pinochet regime, the women's movement in Chile has taken a position of leadership. Drawing upon their past history and the contemporary worldwide women's movement, Chilean women are once again organizing for positive social change. © 1989.","citedby-count":"0","affiliation": [{"@_fa": "true", "affiliation-url":"https://api.elsevier.com/content/affiliation/affiliation_id/60014955","afid":"60014955","affilname":"Institute for Policy Studies, Washington DC","affiliation-city":"Washington","affiliation-country":"United States"}],"prism:aggregationType":"Journal","subtype":"ar","subtypeDescription":"Article","author-count":{"@limit": "100", "@total": "1", "$" :"1"},"author": [{"@_fa": "true", "@seq": "1", "author-url":"https://api.elsevier.com/content/author/author_id/24379036300","authid":"24379036300","authname":"Letelier I.","surname":"Letelier","given-name":"Isabel Morel","initials":"I.M.","afid": [{"@_fa": "true", "$" :"60014955"}]}],"source-id":"24359","fund-no":"undefined","openaccess":"0","openaccessFlag":false},{"@_fa": "true", "link": [{"@_fa": "true", "@ref": "self", "@href": "https://api.elsevier.com/content/abstract/scopus_id/84938264397"},{"@_fa": "true", "@ref": "author-affiliation", "@href": "https://api.elsevier.com/content/abstract/scopus_id/84938264397?field=author,affiliation"},{"@_fa": "true", "@ref": "scopus", "@href": "https://www.scopus.com/inward/record.uri?partnerID=HzOxMe3b&scp=84938264397&origin=inward"},{"@_fa": "true", "@ref": "scopus-citedby", "@href": "https://www.scopus.com/inward/citedby.uri?partnerID=HzOxMe3b&scp=84938264397&origin=inward"}],"prism:url":"https://api.elsevier.com/content/abstract/scopus_id/84938264397","dc:identifier":"SCOPUS_ID:84938264397","eid":"2-s2.0-84938264397","dc:title":"colonialism, nationalism, and colonialized women: the contest in India","dc:creator":"CHATTERJEE P.","prism:publicationName":"American Ethnologist","prism:issn":"00940496","prism:eIssn":"15481425","prism:volume":"16","prism:issueIdentifier":"4","prism:pageRange":"622-633","prism:coverDate":"1989-01-01","prism:coverDisplayDate":"November 1989","prism:doi":"10.1525/ae.1989.16.4.02a00020","dc:description":"Colonial texts condemned the treatment of women in India by identifying a scriptural tradition. The nationalist response was to construct a reformed tradition and defend it on the grounds of modernity. In the process, it created the image of a new woman who was superior to Western women, traditional Indian women and low‐class women. This new patriarchy invested women with the dubious honor of representing a distinctively modern national culture. [Colonial discourse, nationalism, gender construction, cultural modernity] 1989 American Anthropological Association","citedby-count":"262","affiliation": [{"@_fa": "true", "affiliation-url":"https://api.elsevier.com/content/affiliation/affiliation_id/60024993","afid":"60024993","affilname":"Centre for Studies in Social Sciences Calcutta","affiliation-city":"Kolkata","affiliation-country":"India"}],"prism:aggregationType":"Journal","subtype":"ar","subtypeDescription":"Article","author-count":{"@limit": "100", "@total": "1", "$" :"1"},"author": [{"@_fa": "true", "@seq": "1", "author-url":"https://api.elsevier.com/content/author/author_id/57201990978","authid":"57201990978","authname":"CHATTERJEE P.","surname":"CHATTERJEE","given-name":"PARTHA","initials":"P.","afid": [{"@_fa": "true", "$" :"60024993"}]}],"source-id":"78019","fund-no":"undefined","openaccess":"0","openaccessFlag":false},{"@_fa": "true", "link": [{"@_fa": "true", "@ref": "self", "@href": "https://api.elsevier.com/content/abstract/scopus_id/84970316123"},{"@_fa": "true", "@ref": "author-affiliation", "@href": "https://api.elsevier.com/content/abstract/scopus_id/84970316123?field=author,affiliation"},{"@_fa": "true", "@ref": "scopus", "@href": "https://www.scopus.com/inward/record.uri?partnerID=HzOxMe3b&scp=84970316123&origin=inward"},{"@_fa": "true", "@ref": "scopus-citedby", "@href": "https://www.scopus.com/inward/citedby.uri?partnerID=HzOxMe3b&scp=84970316123&origin=inward"}],"prism:url":"https://api.elsevier.com/content/abstract/scopus_id/84970316123","dc:identifier":"SCOPUS_ID:84970316123","eid":"2-s2.0-84970316123","dc:title":"Gene Sharp's Theory of Power","dc:creator":"Martin B.","prism:publicationName":"Journal of Peace Research","prism:issn":"00223433","prism:eIssn":"14603578","prism:volume":"26","prism:issueIdentifier":"2","prism:pageRange":"213-222","prism:coverDate":"1989-01-01","prism:coverDisplayDate":"May 1989","prism:doi":"10.1177/0022343389026002008","dc:description":"Gene Sharp, the world's leading writer on non-violent action, uses a theory of power based on a division between rulers and subjects and on the withdrawing of consent as the main avenue for effecting political change. From the point of view of structural approaches to the analysis of society, Sharp's picture leaves out much of the complexity of political life, such as the structures of capitalism, patriarchy and bureaucracy which do not fit well with the ruler-subject picture. As a set of conceptual tools for social activists, however, Sharp's theory of power is far superior to structural approaches. © 1989, Sage Publications. All rights reserved.","citedby-count":"32","affiliation": [{"@_fa": "true", "affiliation-url":"https://api.elsevier.com/content/affiliation/affiliation_id/60011664","afid":"60011664","affilname":"University of Wollongong","affiliation-city":"Wollongong","affiliation-country":"Australia"}],"prism:aggregationType":"Journal","subtype":"ar","subtypeDescription":"Article","author-count":{"@limit": "100", "@total": "1", "$" :"1"},"author": [{"@_fa": "true", "@seq": "1", "author-url":"https://api.elsevier.com/content/author/author_id/7402932213","authid":"7402932213","authname":"Martin B.","surname":"Martin","given-name":"Brian","initials":"B.","afid": [{"@_fa": "true", "$" :"60011664"}]}],"source-id":"26362","fund-no":"undefined","openaccess":"0","openaccessFlag":false},{"@_fa": "true", "link": [{"@_fa": "true", "@ref": "self", "@href": "https://api.elsevier.com/content/abstract/scopus_id/0024874908"},{"@_fa": "true", "@ref": "author-affiliation", "@href": "https://api.elsevier.com/content/abstract/scopus_id/0024874908?field=author,affiliation"},{"@_fa": "true", "@ref": "scopus", "@href": "https://www.scopus.com/inward/record.uri?partnerID=HzOxMe3b&scp=0024874908&origin=inward"},{"@_fa": "true", "@ref": "scopus-citedby", "@href": "https://www.scopus.com/inward/citedby.uri?partnerID=HzOxMe3b&scp=0024874908&origin=inward"}],"prism:url":"https://api.elsevier.com/content/abstract/scopus_id/0024874908","dc:identifier":"SCOPUS_ID:0024874908","eid":"2-s2.0-0024874908","dc:title":"Women's work in homestead gardens: subsistence, patriarchy, and status in northwest Bangladesh","dc:creator":"Wilson-Moore M.","prism:publicationName":"Urban Anthropology","prism:issn":"08946019","prism:volume":"18","prism:issueIdentifier":"3-4","prism:pageRange":"281-297","prism:coverDate":"1989-01-01","prism:coverDisplayDate":"1989","dc:description":"The study, based on fieldwork in Chuchuli, a village in northwestern Bangladesh, illustrates how the success of women in managing homestead gardens may not positively affect their socio-economic status vis-a-vis males in their households. The income generated by the sale of garden produce typically is handled by the men of the household rather than by the women, especially in the circumstances in which both Muslim and Hindu women are restricted in their participation in the local marketplace. The consequences of these male-dominated arrangements for development programs focused on homestead gardens and women's roles are also discussed. -from Author","citedby-count":"6","prism:aggregationType":"Journal","subtype":"ar","subtypeDescription":"Article","author-count":{"@limit": "100", "@total": "1", "$" :"1"},"author": [{"@_fa": "true", "@seq": "1", "author-url":"https://api.elsevier.com/content/author/author_id/6507560114","authid":"6507560114","authname":"Wilson-Moore M.","surname":"Wilson-Moore","given-name":"M.","initials":"M."}],"source-id":"98085","fund-no":"undefined","openaccess":"0","openaccessFlag":false},{"@_fa": "true", "link": [{"@_fa": "true", "@ref": "self", "@href": "https://api.elsevier.com/content/abstract/scopus_id/84990634602"},{"@_fa": "true", "@ref": "author-affiliation", "@href": "https://api.elsevier.com/content/abstract/scopus_id/84990634602?field=author,affiliation"},{"@_fa": "true", "@ref": "scopus", "@href": "https://www.scopus.com/inward/record.uri?partnerID=HzOxMe3b&scp=84990634602&origin=inward"},{"@_fa": "true", "@ref": "scopus-citedby", "@href": "https://www.scopus.com/inward/citedby.uri?partnerID=HzOxMe3b&scp=84990634602&origin=inward"}],"prism:url":"https://api.elsevier.com/content/abstract/scopus_id/84990634602","dc:identifier":"SCOPUS_ID:84990634602","eid":"2-s2.0-84990634602","dc:title":"Property and ‘Patriarchy’ in English History","dc:creator":"MURRAY M.","prism:publicationName":"Journal of Historical Sociology","prism:issn":"09521909","prism:eIssn":"14676443","prism:volume":"2","prism:issueIdentifier":"4","prism:pageRange":"303-327","prism:coverDate":"1989-01-01","prism:coverDisplayDate":"December 1989","prism:doi":"10.1111/j.1467-6443.1989.tb00017.x","dc:description":"Abstract This article seeks to demonstrate that the gendered structuring of property relations in England can be understood in terms of the historical development of modes of production and reproduction. Society at the barbarian chiefdom, feudal, and capitalist stages of development is analysed. It is argued that gender relations within barbarian chiefdoms were contradictory, and that these contradictions had detrimental implications for women under feudalism. Given this historical legacy, it is then argued that the specificity of capitalist property rights laid the basis for the division of classes along the lines of gender. Copyright © 1989, Wiley Blackwell. All rights reserved","citedby-count":"3","prism:aggregationType":"Journal","subtype":"ar","subtypeDescription":"Article","author-count":{"@limit": "100", "@total": "1", "$" :"1"},"author": [{"@_fa": "true", "@seq": "1", "author-url":"https://api.elsevier.com/content/author/author_id/57191468626","authid":"57191468626","authname":"MURRAY M.","surname":"MURRAY","given-name":"MARY","initials":"M."}],"source-id":"15647","fund-no":"undefined","openaccess":"0","openaccessFlag":false},{"@_fa": "true", "link": [{"@_fa": "true", "@ref": "self", "@href": "https://api.elsevier.com/content/abstract/scopus_id/34248615821"},{"@_fa": "true", "@ref": "author-affiliation", "@href": "https://api.elsevier.com/content/abstract/scopus_id/34248615821?field=author,affiliation"},{"@_fa": "true", "@ref": "scopus", "@href": "https://www.scopus.com/inward/record.uri?partnerID=HzOxMe3b&scp=34248615821&origin=inward"},{"@_fa": "true", "@ref": "scopus-citedby", "@href": "https://www.scopus.com/inward/citedby.uri?partnerID=HzOxMe3b&scp=34248615821&origin=inward"},{"@_fa": "true", "@ref": "full-text", "@href": "https://api.elsevier.com/content/article/eid/1-s2.0-0277539589900563"}],"prism:url":"https://api.elsevier.com/content/abstract/scopus_id/34248615821","dc:identifier":"SCOPUS_ID:34248615821","eid":"2-s2.0-34248615821","dc:title":"Women and third world countries-What do we have in common?","dc:creator":"Brock-Utne B.","prism:publicationName":"Women's Studies International Forum","prism:issn":"02775395","prism:volume":"12","prism:issueIdentifier":"5","prism:pageRange":"495-503","prism:coverDate":"1989-01-01","prism:coverDisplayDate":"1989","prism:doi":"10.1016/0277-5395(89)90056-3","pii":"0277539589900563","dc:description":"In this essay the relationship between women vis-à-vis men is compared to the relationship of developing countries vis-à-vis the \"advanced\" industrial world of the 1980s. She finds that such analogies teach us something about the nature of oppression wherever it is found. In her comparison, the author first looks at some similarities and concentrates on the following four aspects: the paternalistic attitude, the necessity of changing society, the fallacy of unilinear thought and the concept of relative dominance. At the end she discusses why the analogy is not a perfect one and looks at how patriarchy unites men everywhere in their domination of women. Her response to this is to build a unity of women everywhere. © 1989.","citedby-count":"5","affiliation": [{"@_fa": "true", "affiliation-url":"https://api.elsevier.com/content/affiliation/affiliation_id/101188611","afid":"101188611","affilname":"University of Dar es Salaam","affiliation-city":"Bergen","affiliation-country":"Norway"}],"prism:aggregationType":"Journal","subtype":"ar","subtypeDescription":"Article","author-count":{"@limit": "100", "@total": "1", "$" :"1"},"author": [{"@_fa": "true", "@seq": "1", "author-url":"https://api.elsevier.com/content/author/author_id/6603568494","authid":"6603568494","authname":"Brock-Utne B.","surname":"Brock-Utne","given-name":"Birgit","initials":"B.","afid": [{"@_fa": "true", "$" :"101188611"}]}],"source-id":"24359","fund-no":"undefined","openaccess":"0","openaccessFlag":false},{"@_fa": "true", "link": [{"@_fa": "true", "@ref": "self", "@href": "https://api.elsevier.com/content/abstract/scopus_id/84944585658"},{"@_fa": "true", "@ref": "author-affiliation", "@href": "https://api.elsevier.com/content/abstract/scopus_id/84944585658?field=author,affiliation"},{"@_fa": "true", "@ref": "scopus", "@href": "https://www.scopus.com/inward/record.uri?partnerID=HzOxMe3b&scp=84944585658&origin=inward"},{"@_fa": "true", "@ref": "scopus-citedby", "@href": "https://www.scopus.com/inward/citedby.uri?partnerID=HzOxMe3b&scp=84944585658&origin=inward"}],"prism:url":"https://api.elsevier.com/content/abstract/scopus_id/84944585658","dc:identifier":"SCOPUS_ID:84944585658","eid":"2-s2.0-84944585658","dc:title":"Evolution of \"The new frontier\" in Alien and Aliens: Patriarchal co-optation of the feminine archetype","dc:creator":"Rushing J.","prism:publicationName":"Quarterly Journal of Speech","prism:issn":"00335630","prism:eIssn":"14795779","prism:volume":"75","prism:issueIdentifier":"1","prism:pageRange":"1-24","prism:coverDate":"1989-01-01","prism:coverDisplayDate":"February 1989","prism:doi":"10.1080/00335638909383859","dc:description":"Feminine symbolism in the American frontier myth is an evolving cultural/rhetorical manifestation of a developing archetypal process. The land-based frontier myth represents a middle stage in which a once-whole image of the feminine was split by the emergence of patriarchy. An analysis of the films Alien and Aliens reveals that the frontier myth is evolving, at least in this case, into a land/space hybrid, in which the lost feminine is encountered, found to be vengeful at the exploitation of her domain, and then killed by a patriarchalized heroine. © 1989 Taylor & Francis Group, LLC.","citedby-count":"54","prism:aggregationType":"Journal","subtype":"ar","subtypeDescription":"Article","author-count":{"@limit": "100", "@total": "1", "$" :"1"},"author": [{"@_fa": "true", "@seq": "1", "author-url":"https://api.elsevier.com/content/author/author_id/7004376528","authid":"7004376528","authname":"Rushing J.","surname":"Rushing","given-name":"Janice Hocker","initials":"J.H.","afid": [{"@_fa": "true", "$" :"60010165"}]}],"source-id":"16018","fund-no":"undefined","openaccess":"0","openaccessFlag":false},{"@_fa": "true", "link": [{"@_fa": "true", "@ref": "self", "@href": "https://api.elsevier.com/content/abstract/scopus_id/84973702948"},{"@_fa": "true", "@ref": "author-affiliation", "@href": "https://api.elsevier.com/content/abstract/scopus_id/84973702948?field=author,affiliation"},{"@_fa": "true", "@ref": "scopus", "@href": "https://www.scopus.com/inward/record.uri?partnerID=HzOxMe3b&scp=84973702948&origin=inward"},{"@_fa": "true", "@ref": "scopus-citedby", "@href": "https://www.scopus.com/inward/citedby.uri?partnerID=HzOxMe3b&scp=84973702948&origin=inward"}],"prism:url":"https://api.elsevier.com/content/abstract/scopus_id/84973702948","dc:identifier":"SCOPUS_ID:84973702948","eid":"2-s2.0-84973702948","dc:title":"Street girl: 1900","dc:creator":"Schwartz A.","prism:publicationName":"Gender &amp; Society","prism:issn":"08912432","prism:volume":"3","prism:issueIdentifier":"4","prism:pageRange":"559-563","prism:coverDate":"1989-01-01","prism:coverDisplayDate":"December 1989","prism:doi":"10.1177/089124389003004013","dc:description":"The following dramatic scenes were taken from a full-length play that was inspired by my reading of The Mamie Papers (Rosen and Davidson 1977). This remarkable collection of letters written to Fanny Quincy Howe (1870-1933), a Boston aristocrat and woman of letters, chronicled the life and times of Mamie Pinzer. Mamie was a “working girl” in the fullest sense of the word. Her struggle to live with autonomy and dignity often placed her at odds with standards of decency preferred by a society that looked with suspicion upon those values in women, if they implied independence from male hegemony. The letters are unique in their detail and passion, as well as the proto-feminist consciousness that emerges through daily confrontation with patriarchy. © 1989, SAGE PUBLICATIONS. All rights reserved.","citedby-count":"0","prism:aggregationType":"Journal","subtype":"ar","subtypeDescription":"Article","author-count":{"@limit": "100", "@total": "1", "$" :"1"},"author": [{"@_fa": "true", "@seq": "1", "author-url":"https://api.elsevier.com/content/author/author_id/57189651975","authid":"57189651975","authname":"Schwartz A.","surname":"Schwartz","given-name":"Adria E.","initials":"A.E."}],"source-id":"14925","fund-no":"undefined","openaccess":"0","openaccessFlag":false},{"@_fa": "true", "link": [{"@_fa": "true", "@ref": "self", "@href": "https://api.elsevier.com/content/abstract/scopus_id/85067340204"},{"@_fa": "true", "@ref": "author-affiliation", "@href": "https://api.elsevier.com/content/abstract/scopus_id/85067340204?field=author,affiliation"},{"@_fa": "true", "@ref": "scopus", "@href": "https://www.scopus.com/inward/record.uri?partnerID=HzOxMe3b&scp=85067340204&origin=inward"},{"@_fa": "true", "@ref": "scopus-citedby", "@href": "https://www.scopus.com/inward/citedby.uri?partnerID=HzOxMe3b&scp=85067340204&origin=inward"}],"prism:url":"https://api.elsevier.com/content/abstract/scopus_id/85067340204","dc:identifier":"SCOPUS_ID:85067340204","eid":"2-s2.0-85067340204","dc:title":"Engendered belief: Towards a shift in cultural attitudes","dc:creator":"Paley L.","prism:publicationName":"Conference on A Delicate Balance: Technics, Culture and Consequences, TCAC 1989","prism:isbn": [{"@_fa": "true", "$" :"0780300440"},{"@_fa": "true", "$" :"9780780300446"}],"prism:pageRange":"325-328","prism:coverDate":"1989-01-01","prism:coverDisplayDate":"1989","prism:doi":"10.1109/TCAC.1989.697090","dc:description":"© 1990 IEEE. We are indisputably a technological society. The development of technology has proceeded since the earliest times and is probably irreversible now. It has been argued, however, that man was an artist before he was a hunter, a tool-maker, and certainly before he was a farmer. But above all else, it is our technology that has significantly changed society. Over the last 20 years or so, concern about the effects of rapidly developing technology and its effect on society has become commonplace. Some of this concern derives from the rather widespread belief that technology appears to be driven by its own momentum and may even be out of control. The critiques of technology cover the spectrum and their authors are diverse too. This paper chooses a representative sample of these authors, both technological and non-technological, and describes the essence of their analyses of the adverse effects of technology on society. It is shown that, whereas all these authors have both good points and good logic, they all approach their subject from the point of view of a male-dominated society. When an analysis of history is made from a perspective of equality rather than patriarchy, a common thread appears in the chosen authors' critiques, and their conclusions fall into a consistent pattern. This leads the present authors to a conclusion about patriarchy and Western thought. The authors follow this with a speculative hypothesis for improving our science, our engineering and technology, and at the same time improving our society. The relationship to art and education is also described, and recommendations are made.","citedby-count":"0","affiliation": [{"@_fa": "true", "affiliation-url":"https://api.elsevier.com/content/affiliation/affiliation_id/60009037","afid":"60009037","affilname":"Jet Propulsion Laboratory, California Institute of Technology","affiliation-city":"Pasadena","affiliation-country":"United States"}],"prism:aggregationType":"Conference Proceeding","subtype":"cp","subtypeDescription":"Conference Paper","author-count":{"@limit": "100", "@total": "2", "$" :"2"},"author": [{"@_fa": "true", "@seq": "1", "author-url":"https://api.elsevier.com/content/author/author_id/57209316804","authid":"57209316804","authname":"Paley L.","surname":"Paley","given-name":"Laurel","initials":"L."},{"@_fa": "true", "@seq": "2", "author-url":"https://api.elsevier.com/content/author/author_id/57209321637","authid":"57209321637","authname":"Reid M.","surname":"Reid","given-name":"M. S.","initials":"M.S.","afid": [{"@_fa": "true", "$" :"60009037"}]}],"article-number":"697090","source-id":"21100912208","fund-no":"undefined","openaccess":"0","openaccessFlag":false},{"@_fa": "true", "link": [{"@_fa": "true", "@ref": "self", "@href": "https://api.elsevier.com/content/abstract/scopus_id/0024424427"},{"@_fa": "true", "@ref": "author-affiliation", "@href": "https://api.elsevier.com/content/abstract/scopus_id/0024424427?field=author,affiliation"},{"@_fa": "true", "@ref": "scopus", "@href": "https://www.scopus.com/inward/record.uri?partnerID=HzOxMe3b&scp=0024424427&origin=inward"},{"@_fa": "true", "@ref": "scopus-citedby", "@href": "https://www.scopus.com/inward/citedby.uri?partnerID=HzOxMe3b&scp=0024424427&origin=inward"},{"@_fa": "true", "@ref": "full-text", "@href": "https://api.elsevier.com/content/article/eid/1-s2.0-0016718589900377"}],"prism:url":"https://api.elsevier.com/content/abstract/scopus_id/0024424427","dc:identifier":"SCOPUS_ID:0024424427","eid":"2-s2.0-0024424427","dc:title":"Spatial divisions and women's initiatives in British local government","dc:creator":"Halford S.","prism:publicationName":"Geoforum","prism:issn":"00167185","prism:volume":"20","prism:issueIdentifier":"2","prism:pageRange":"161-174","prism:coverDate":"1989-01-01","prism:coverDisplayDate":"1989","prism:doi":"10.1016/0016-7185(89)90037-7","pii":"0016718589900377","dc:description":"Arising out of the debate on industrial restructuring and spatial divisions of labour there is now a growing concern with 'local social relations'-describing how and explaining why social relations vary from place to place. Economic class relations have been the focus of most attention. Simultaneously, attempts have been made to explain local politics by reference to specific forms of local social relations. This paper draws together these two debates by discussing the ways in which local gender relations might influence the nature of local politics and shape distinctive local policies. Using the example of women's initiatives in local government I will argue that local politics cannot be understood without reference to gender relations and that gender relations cannot be 'read-off from local economic structures. I will conclude by suggesting that patriarchal gender relations have a number of key dimensions and that the precise form which each dimension takes may vary from place to place. Thus, locally specific combinations will be produced, resulting in what we might call 'spatial divisions of patriarchy'. © 1989.","citedby-count":"8","affiliation": [{"@_fa": "true", "affiliation-url":"https://api.elsevier.com/content/affiliation/affiliation_id/60017317","afid":"60017317","affilname":"University of Sussex","affiliation-city":"Sussex","affiliation-country":"United Kingdom"}],"prism:aggregationType":"Journal","subtype":"ar","subtypeDescription":"Article","author-count":{"@limit": "100", "@total": "1", "$" :"1"},"author": [{"@_fa": "true", "@seq": "1", "author-url":"https://api.elsevier.com/content/author/author_id/57204960429","authid":"57204960429","authname":"Halford S.","surname":"Halford","given-name":"Susan","initials":"S.","afid": [{"@_fa": "true", "$" :"60017317"}]}],"source-id":"28611","fund-no":"undefined","openaccess":"0","openaccessFlag":false},{"@_fa": "true", "link": [{"@_fa": "true", "@ref": "self", "@href": "https://api.elsevier.com/content/abstract/scopus_id/84973031503"},{"@_fa": "true", "@ref": "author-affiliation", "@href": "https://api.elsevier.com/content/abstract/scopus_id/84973031503?field=author,affiliation"},{"@_fa": "true", "@ref": "scopus", "@href": "https://www.scopus.com/inward/record.uri?partnerID=HzOxMe3b&scp=84973031503&origin=inward"},{"@_fa": "true", "@ref": "scopus-citedby", "@href": "https://www.scopus.com/inward/citedby.uri?partnerID=HzOxMe3b&scp=84973031503&origin=inward"}],"prism:url":"https://api.elsevier.com/content/abstract/scopus_id/84973031503","dc:identifier":"SCOPUS_ID:84973031503","eid":"2-s2.0-84973031503","dc:title":"Philomela Strikes Back: Adultery and Mutilation as Female Self-Assertion","dc:creator":"Gutierrez N.","prism:publicationName":"Women's Studies","prism:issn":"00497878","prism:eIssn":"15477045","prism:volume":"16","prism:issueIdentifier":"3-4","prism:pageRange":"429-443","prism:coverDate":"1989-01-01","prism:coverDisplayDate":"October 1989","prism:doi":"10.1080/00497878.1989.9978779","dc:description":"The language of witchcraft and adultery in English Renaissance writing is marked by common metaphors: both are considered female crimes that threaten to subvert the patriarchy; both employ images of fragmentation. This cultural equation is embodied in the figure of the drama's adulteress. First, she is invariably linked with witchcraft by her betrayed husband. Second, she is threatened with brutal mutilation, often bodily dismemberment. The actual treatment of adulterers by the English court system enacts no such violence, but punishes through public shame. However, the treatment of susupected witches offers a useful paradigm: the court's search for the witch's mark, the brand of the devil, as the sign of a true witch; and the accuser's action of “scratching” a witch as a remedy for the witch's enchantment. Ultimately, the patriarchal attempts to contain both adultery and witchcraft are futile: woman retains possession of her power to subvert, whether her husband — or society — marks her with physical violence or not. © 1989, Taylor & Francis Group, LLC. All rights reserved.","citedby-count":"3","affiliation": [{"@_fa": "true", "affiliation-url":"https://api.elsevier.com/content/affiliation/affiliation_id/60003892","afid":"60003892","affilname":"Arizona State University","affiliation-city":"Tempe","affiliation-country":"United States"}],"prism:aggregationType":"Journal","subtype":"ar","subtypeDescription":"Article","author-count":{"@limit": "100", "@total": "1", "$" :"1"},"author": [{"@_fa": "true", "@seq": "1", "author-url":"https://api.elsevier.com/content/author/author_id/57189567678","authid":"57189567678","authname":"Gutierrez N.","surname":"Gutierrez","given-name":"Nancy A.","initials":"N.A.","afid": [{"@_fa": "true", "$" :"60003892"}]}],"source-id":"24329","fund-no":"undefined","openaccess":"0","openaccessFlag":false}]}}