{"search-results":{"opensearch:totalResults":"3","opensearch:startIndex":"0","opensearch:itemsPerPage":"3","opensearch:Query":{"@role": "request", "@searchTerms": "TITLE-ABS-KEY(\"patriarchy\") AND SUBJAREA(SOCI) AND PUBYEAR = 1980", "@startPage": "0"},"link": [{"@_fa": "true", "@ref": "self", "@href": "https://api.elsevier.com/content/search/scopus?start=0&count=25&query=TITLE-ABS-KEY%28%22patriarchy%22%29+AND+SUBJAREA%28SOCI%29+AND+PUBYEAR+%3D+1980&apiKey=27d953b4b546791964ebeb768d13e61f&view=COMPLETE", "@type": "application/json"},{"@_fa": "true", "@ref": "first", "@href": "https://api.elsevier.com/content/search/scopus?start=0&count=25&query=TITLE-ABS-KEY%28%22patriarchy%22%29+AND+SUBJAREA%28SOCI%29+AND+PUBYEAR+%3D+1980&apiKey=27d953b4b546791964ebeb768d13e61f&view=COMPLETE", "@type": "application/json"}],"entry": [{"@_fa": "true", "link": [{"@_fa": "true", "@ref": "self", "@href": "https://api.elsevier.com/content/abstract/scopus_id/51649160568"},{"@_fa": "true", "@ref": "author-affiliation", "@href": "https://api.elsevier.com/content/abstract/scopus_id/51649160568?field=author,affiliation"},{"@_fa": "true", "@ref": "scopus", "@href": "https://www.scopus.com/inward/record.uri?partnerID=HzOxMe3b&scp=51649160568&origin=inward"},{"@_fa": "true", "@ref": "scopus-citedby", "@href": "https://www.scopus.com/inward/citedby.uri?partnerID=HzOxMe3b&scp=51649160568&origin=inward"}],"prism:url":"https://api.elsevier.com/content/abstract/scopus_id/51649160568","dc:identifier":"SCOPUS_ID:51649160568","eid":"2-s2.0-51649160568","dc:title":"Debate on capitalism, patriarchy, and the women's struggle","dc:creator":"Delphy C.","prism:publicationName":"Feminist Issues","prism:issn":"02706679","prism:eIssn":"19364717","prism:volume":"1","prism:issueIdentifier":"1","prism:pageRange":"41-50","prism:coverDate":"1980-03-01","prism:coverDisplayDate":"March 1980","prism:doi":"10.1007/BF02685558","citedby-count":"0","prism:aggregationType":"Journal","subtype":"ar","subtypeDescription":"Article","author-count":{"@limit": "100", "@total": "2", "$" :"2"},"author": [{"@_fa": "true", "@seq": "1", "author-url":"https://api.elsevier.com/content/author/author_id/12808814200","authid":"12808814200","authname":"Delphy C.","surname":"Delphy","given-name":"Christine","initials":"C."},{"@_fa": "true", "@seq": "2", "author-url":"https://api.elsevier.com/content/author/author_id/24791272200","authid":"24791272200","authname":"Léger D.","surname":"Léger","given-name":"Danièle","initials":"D."}],"source-id":"80165","fund-no":"undefined","openaccess":"0","openaccessFlag":false},{"@_fa": "true", "link": [{"@_fa": "true", "@ref": "self", "@href": "https://api.elsevier.com/content/abstract/scopus_id/84894929486"},{"@_fa": "true", "@ref": "author-affiliation", "@href": "https://api.elsevier.com/content/abstract/scopus_id/84894929486?field=author,affiliation"},{"@_fa": "true", "@ref": "scopus", "@href": "https://www.scopus.com/inward/record.uri?partnerID=HzOxMe3b&scp=84894929486&origin=inward"},{"@_fa": "true", "@ref": "scopus-citedby", "@href": "https://www.scopus.com/inward/citedby.uri?partnerID=HzOxMe3b&scp=84894929486&origin=inward"}],"prism:url":"https://api.elsevier.com/content/abstract/scopus_id/84894929486","dc:identifier":"SCOPUS_ID:84894929486","eid":"2-s2.0-84894929486","dc:title":"The establishment of patriarchy in tristan and isolde","dc:creator":"Rabine L.","prism:publicationName":"Women's Studies","prism:issn":"00497878","prism:eIssn":"15477045","prism:volume":"7","prism:issueIdentifier":"3","prism:pageRange":"19-38","prism:coverDate":"1980-01-01","prism:coverDisplayDate":"1 January 1980","prism:doi":"10.1080/00497878.1980.9978517","citedby-count":"1","affiliation": [{"@_fa": "true", "affiliation-url":"https://api.elsevier.com/content/affiliation/affiliation_id/60007278","afid":"60007278","affilname":"University of California, Irvine","affiliation-city":"Irvine","affiliation-country":"United States"}],"prism:aggregationType":"Journal","subtype":"ar","subtypeDescription":"Article","author-count":{"@limit": "100", "@total": "1", "$" :"1"},"author": [{"@_fa": "true", "@seq": "1", "author-url":"https://api.elsevier.com/content/author/author_id/26322742400","authid":"26322742400","authname":"Rabine L.","surname":"Rabine","given-name":"Leslie W.","initials":"L.W.","afid": [{"@_fa": "true", "$" :"60007278"}]}],"source-id":"24329","fund-no":"undefined","openaccess":"0","openaccessFlag":false},{"@_fa": "true", "link": [{"@_fa": "true", "@ref": "self", "@href": "https://api.elsevier.com/content/abstract/scopus_id/84965761499"},{"@_fa": "true", "@ref": "author-affiliation", "@href": "https://api.elsevier.com/content/abstract/scopus_id/84965761499?field=author,affiliation"},{"@_fa": "true", "@ref": "scopus", "@href": "https://www.scopus.com/inward/record.uri?partnerID=HzOxMe3b&scp=84965761499&origin=inward"},{"@_fa": "true", "@ref": "scopus-citedby", "@href": "https://www.scopus.com/inward/citedby.uri?partnerID=HzOxMe3b&scp=84965761499&origin=inward"}],"prism:url":"https://api.elsevier.com/content/abstract/scopus_id/84965761499","dc:identifier":"SCOPUS_ID:84965761499","eid":"2-s2.0-84965761499","dc:title":"Patriarchy: The Last Universal","dc:creator":"Edwards J.","prism:publicationName":"Journal of Family Issues","prism:issn":"0192513X","prism:eIssn":"15525481","prism:volume":"1","prism:issueIdentifier":"3","prism:pageRange":"317-337","prism:coverDate":"1980-01-01","prism:coverDisplayDate":"September 1980","prism:doi":"10.1177/0192513X8000100302","dc:description":"UNIVERSAL patriarchy, asserting that males are always dominant, is firmly established as part of our conventional and scientific wisdom. Close examination of this contention shows it, however, to be wanting on both conceptual and methodological grounds. Further suspicion as to its truth claim derives from an inspection of a dubious case, that the Dahomey of Africa, in whose society women equally occupied positions of authority with men in all major institutional sectors of society. Coupled with these conceptual, methodological, and empirical difficulties, the evolutionary scenario—man as hunter—commonly used to support the notion of universal patriarchy is found to be more of a political convenience than an adequate explanation of dominance patterns. Taken together, these considerations strongly indicate the implausibility of sustaining universal male dominance as a scientific generalization. Some of the implications for family studies of its continued acceptance are noted. © 1980, SAGE Publications. All rights reserved.","citedby-count":"0","affiliation": [{"@_fa": "true", "affiliation-url":"https://api.elsevier.com/content/affiliation/affiliation_id/60027090","afid":"60027090","affilname":"Virginia Polytechnic Institute and State University","affiliation-city":"Blacksburg","affiliation-country":"United States"},{"@_fa": "true", "affiliation-url":"https://api.elsevier.com/content/affiliation/affiliation_id/60020420","afid":"60020420","affilname":"American University","affiliation-city":"Washington","affiliation-country":"United States"}],"prism:aggregationType":"Journal","subtype":"ar","subtypeDescription":"Article","author-count":{"@limit": "100", "@total": "2", "$" :"2"},"author": [{"@_fa": "true", "@seq": "1", "author-url":"https://api.elsevier.com/content/author/author_id/55450029600","authid":"55450029600","authname":"Edwards J.","surname":"Edwards","given-name":"John N.","initials":"J.N.","afid": [{"@_fa": "true", "$" :"60027090"}]},{"@_fa": "true", "@seq": "2", "author-url":"https://api.elsevier.com/content/author/author_id/6602534855","authid":"6602534855","authname":"Kluck P.","surname":"Kluck","given-name":"Patricia","initials":"P.","afid": [{"@_fa": "true", "$" :"60020420"}]}],"source-id":"15641","fund-no":"undefined","openaccess":"0","openaccessFlag":false}]}}