{"search-results":{"opensearch:totalResults":"1","opensearch:startIndex":"0","opensearch:itemsPerPage":"1","opensearch:Query":{"@role": "request", "@searchTerms": "TITLE-ABS-KEY(\"patriarchy\") AND SUBJAREA(SOCI) AND PUBYEAR = 1952", "@startPage": "0"},"link": [{"@_fa": "true", "@ref": "self", "@href": "https://api.elsevier.com/content/search/scopus?start=0&count=25&query=TITLE-ABS-KEY%28%22patriarchy%22%29+AND+SUBJAREA%28SOCI%29+AND+PUBYEAR+%3D+1952&apiKey=27d953b4b546791964ebeb768d13e61f&view=COMPLETE", "@type": "application/json"},{"@_fa": "true", "@ref": "first", "@href": "https://api.elsevier.com/content/search/scopus?start=0&count=25&query=TITLE-ABS-KEY%28%22patriarchy%22%29+AND+SUBJAREA%28SOCI%29+AND+PUBYEAR+%3D+1952&apiKey=27d953b4b546791964ebeb768d13e61f&view=COMPLETE", "@type": "application/json"}],"entry": [{"@_fa": "true", "link": [{"@_fa": "true", "@ref": "self", "@href": "https://api.elsevier.com/content/abstract/scopus_id/77958363857"},{"@_fa": "true", "@ref": "author-affiliation", "@href": "https://api.elsevier.com/content/abstract/scopus_id/77958363857?field=author,affiliation"},{"@_fa": "true", "@ref": "scopus", "@href": "https://www.scopus.com/inward/record.uri?partnerID=HzOxMe3b&scp=77958363857&origin=inward"},{"@_fa": "true", "@ref": "scopus-citedby", "@href": "https://www.scopus.com/inward/citedby.uri?partnerID=HzOxMe3b&scp=77958363857&origin=inward"}],"prism:url":"https://api.elsevier.com/content/abstract/scopus_id/77958363857","dc:identifier":"SCOPUS_ID:77958363857","eid":"2-s2.0-77958363857","dc:title":"Byron's knowledge of Daniel Boone's wilderness patriarchy","dc:creator":"Smelser M.","prism:publicationName":"Notes and Queries","prism:issn":"00293970","prism:volume":"197","prism:issueIdentifier":"6","prism:pageRange":"112-114","prism:coverDate":"1952-03-15","prism:coverDisplayDate":"15 March 1952","prism:doi":"10.1093/nq/197.6.112","citedby-count":"0","prism:aggregationType":"Journal","subtype":"no","subtypeDescription":"Note","author-count":{"@limit": "100", "@total": "1", "$" :"1"},"author": [{"@_fa": "true", "@seq": "1", "author-url":"https://api.elsevier.com/content/author/author_id/36527371900","authid":"36527371900","authname":"Smelser M.","surname":"Smelser","given-name":"Marshall","initials":"M.","afid": [{"@_fa": "true", "$" :"101041519"}]}],"source-id":"16096","fund-no":"undefined","openaccess":"0","openaccessFlag":false}]}}