{"search-results":{"opensearch:totalResults":"7","opensearch:startIndex":"0","opensearch:itemsPerPage":"7","opensearch:Query":{"@role": "request", "@searchTerms": "TITLE-ABS-KEY(\"patriarchy\") AND SUBJAREA(SOCI) AND PUBYEAR = 1983", "@startPage": "0"},"link": [{"@_fa": "true", "@ref": "self", "@href": "https://api.elsevier.com/content/search/scopus?start=0&count=25&query=TITLE-ABS-KEY%28%22patriarchy%22%29+AND+SUBJAREA%28SOCI%29+AND+PUBYEAR+%3D+1983&apiKey=27d953b4b546791964ebeb768d13e61f&view=COMPLETE", "@type": "application/json"},{"@_fa": "true", "@ref": "first", "@href": "https://api.elsevier.com/content/search/scopus?start=0&count=25&query=TITLE-ABS-KEY%28%22patriarchy%22%29+AND+SUBJAREA%28SOCI%29+AND+PUBYEAR+%3D+1983&apiKey=27d953b4b546791964ebeb768d13e61f&view=COMPLETE", "@type": "application/json"}],"entry": [{"@_fa": "true", "link": [{"@_fa": "true", "@ref": "self", "@href": "https://api.elsevier.com/content/abstract/scopus_id/0021082252"},{"@_fa": "true", "@ref": "author-affiliation", "@href": "https://api.elsevier.com/content/abstract/scopus_id/0021082252?field=author,affiliation"},{"@_fa": "true", "@ref": "scopus", "@href": "https://www.scopus.com/inward/record.uri?partnerID=HzOxMe3b&scp=0021082252&origin=inward"},{"@_fa": "true", "@ref": "scopus-citedby", "@href": "https://www.scopus.com/inward/citedby.uri?partnerID=HzOxMe3b&scp=0021082252&origin=inward"}],"prism:url":"https://api.elsevier.com/content/abstract/scopus_id/0021082252","dc:identifier":"SCOPUS_ID:0021082252","eid":"2-s2.0-0021082252","dc:title":"Industrialization in the Tangerang Regency of West Java: Women Workers and the Islamic Patriarchy","dc:creator":"Mather C.","prism:publicationName":"Critical Asian Studies","prism:issn":"14672715","prism:eIssn":"14726033","prism:volume":"15","prism:issueIdentifier":"2","prism:pageRange":"2-17","prism:coverDate":"1983-05-01","prism:coverDisplayDate":"1 May 1983","prism:doi":"10.1080/14672715.1983.10404870","citedby-count":"28","prism:aggregationType":"Journal","subtype":"ar","subtypeDescription":"Article","author-count":{"@limit": "100", "@total": "1", "$" :"1"},"author": [{"@_fa": "true", "@seq": "1", "author-url":"https://api.elsevier.com/content/author/author_id/7005810083","authid":"7005810083","authname":"Mather C.","surname":"Mather","given-name":"Celia E.","initials":"C.E."}],"source-id":"23971","fund-no":"undefined","fund-sponsor":"Council for Research in the Social Sciences, Columbia University","openaccess":"0","openaccessFlag":false},{"@_fa": "true", "link": [{"@_fa": "true", "@ref": "self", "@href": "https://api.elsevier.com/content/abstract/scopus_id/84926274685"},{"@_fa": "true", "@ref": "author-affiliation", "@href": "https://api.elsevier.com/content/abstract/scopus_id/84926274685?field=author,affiliation"},{"@_fa": "true", "@ref": "scopus", "@href": "https://www.scopus.com/inward/record.uri?partnerID=HzOxMe3b&scp=84926274685&origin=inward"},{"@_fa": "true", "@ref": "scopus-citedby", "@href": "https://www.scopus.com/inward/citedby.uri?partnerID=HzOxMe3b&scp=84926274685&origin=inward"}],"prism:url":"https://api.elsevier.com/content/abstract/scopus_id/84926274685","dc:identifier":"SCOPUS_ID:84926274685","eid":"2-s2.0-84926274685","dc:title":"Domestic labour and patriarchy: The implications of a study in the north-east of england","dc:creator":"Close P.","prism:publicationName":"International Journal of Sociology and Social Policy","prism:issn":"0144333X","prism:volume":"3","prism:issueIdentifier":"4","prism:pageRange":"31-47","prism:coverDate":"1983-04-01","prism:coverDisplayDate":"1 April 1983","prism:doi":"10.1108/eb012953","citedby-count":"3","affiliation": [{"@_fa": "true", "affiliation-url":"https://api.elsevier.com/content/affiliation/affiliation_id/60025655","afid":"60025655","affilname":"University of Teesside","affiliation-city":"Middlesbrough","affiliation-country":"United Kingdom"}],"prism:aggregationType":"Journal","subtype":"re","subtypeDescription":"Review","author-count":{"@limit": "100", "@total": "2", "$" :"2"},"author": [{"@_fa": "true", "@seq": "1", "author-url":"https://api.elsevier.com/content/author/author_id/55040164500","authid":"55040164500","authname":"Close P.","surname":"Close","given-name":"Paul","initials":"P.","afid": [{"@_fa": "true", "$" :"60025655"}]},{"@_fa": "true", "@seq": "2", "author-url":"https://api.elsevier.com/content/author/author_id/56969158700","authid":"56969158700","authname":"Collins R.","surname":"Collins","given-name":"Rosie","initials":"R.","afid": [{"@_fa": "true", "$" :"60025655"}]}],"source-id":"15498","fund-no":"undefined","openaccess":"0","openaccessFlag":false},{"@_fa": "true", "link": [{"@_fa": "true", "@ref": "self", "@href": "https://api.elsevier.com/content/abstract/scopus_id/84973185983"},{"@_fa": "true", "@ref": "author-affiliation", "@href": "https://api.elsevier.com/content/abstract/scopus_id/84973185983?field=author,affiliation"},{"@_fa": "true", "@ref": "scopus", "@href": "https://www.scopus.com/inward/record.uri?partnerID=HzOxMe3b&scp=84973185983&origin=inward"},{"@_fa": "true", "@ref": "scopus-citedby", "@href": "https://www.scopus.com/inward/citedby.uri?partnerID=HzOxMe3b&scp=84973185983&origin=inward"}],"prism:url":"https://api.elsevier.com/content/abstract/scopus_id/84973185983","dc:identifier":"SCOPUS_ID:84973185983","eid":"2-s2.0-84973185983","dc:title":"Patriarchy and poverty: A Bangladesh case study","dc:creator":"Greeley M.","prism:publicationName":"South Asia Research","prism:issn":"02627280","prism:eIssn":"17413141","prism:volume":"3","prism:issueIdentifier":"1","prism:pageRange":"35-55","prism:coverDate":"1983-01-01","prism:coverDisplayDate":"May 1983","prism:doi":"10.1177/026272808300300104","citedby-count":"7","prism:aggregationType":"Journal","subtype":"ar","subtypeDescription":"Article","author-count":{"@limit": "100", "@total": "1", "$" :"1"},"author": [{"@_fa": "true", "@seq": "1", "author-url":"https://api.elsevier.com/content/author/author_id/6604002910","authid":"6604002910","authname":"Greeley M.","surname":"Greeley","given-name":"Martin","initials":"M."}],"source-id":"25366","fund-no":"undefined","openaccess":"0","openaccessFlag":false},{"@_fa": "true", "link": [{"@_fa": "true", "@ref": "self", "@href": "https://api.elsevier.com/content/abstract/scopus_id/1842753061"},{"@_fa": "true", "@ref": "author-affiliation", "@href": "https://api.elsevier.com/content/abstract/scopus_id/1842753061?field=author,affiliation"},{"@_fa": "true", "@ref": "scopus", "@href": "https://www.scopus.com/inward/record.uri?partnerID=HzOxMe3b&scp=1842753061&origin=inward"},{"@_fa": "true", "@ref": "scopus-citedby", "@href": "https://www.scopus.com/inward/citedby.uri?partnerID=HzOxMe3b&scp=1842753061&origin=inward"},{"@_fa": "true", "@ref": "full-text", "@href": "https://api.elsevier.com/content/article/eid/1-s2.0-0277539583900547"}],"prism:url":"https://api.elsevier.com/content/abstract/scopus_id/1842753061","dc:identifier":"SCOPUS_ID:1842753061","eid":"2-s2.0-1842753061","dc:title":"The image of women's studies","dc:creator":"Auchmuty R.","prism:publicationName":"Women's Studies International Forum","prism:issn":"02775395","prism:volume":"6","prism:issueIdentifier":"3","prism:pageRange":"291-298","prism:coverDate":"1983-01-01","prism:coverDisplayDate":"1983","prism:doi":"10.1016/0277-5395(83)90054-7","pii":"0277539583900547","dc:description":"We are three feminists, one Australian, one American and one English, who surveyed the image of Women's Studies in the sphere of Adult Education. This article gives the results of our survey; it illustrates both the problems and the potential of the image of Women's Studies in Adult Education in London-and by implication throughout the UK. Each of us is involved in teaching several Adult Education classes in a variety of subjects, not all of them within the sphere of Women's Studies. We polled our classes to assess their image of Women's Studies, finding it largely negative except in those classes specifically titled 'Women's Studies'. More depressing, however, was our poll of administrators and staff in Adult Education and of non-feminist community groups of women, the 'average' women in the UK. Finally we query whether the problem is one of image or name or whether it is more deeply rooted in English misogyny, a heritage of patriarchy. © 1983.","citedby-count":"4","prism:aggregationType":"Journal","subtype":"ar","subtypeDescription":"Article","author-count":{"@limit": "100", "@total": "3", "$" :"3"},"author": [{"@_fa": "true", "@seq": "1", "author-url":"https://api.elsevier.com/content/author/author_id/7801601510","authid":"7801601510","authname":"Auchmuty R.","surname":"Auchmuty","given-name":"Rosemary","initials":"R."},{"@_fa": "true", "@seq": "2", "author-url":"https://api.elsevier.com/content/author/author_id/36588105200","authid":"36588105200","authname":"Borzello F.","surname":"Borzello","given-name":"Frances","initials":"F."},{"@_fa": "true", "@seq": "3", "author-url":"https://api.elsevier.com/content/author/author_id/24514701600","authid":"24514701600","authname":"Langdell C.","surname":"Langdell","given-name":"Cheri Davis","initials":"C.D."}],"source-id":"24359","fund-no":"undefined","openaccess":"0","openaccessFlag":false},{"@_fa": "true", "link": [{"@_fa": "true", "@ref": "self", "@href": "https://api.elsevier.com/content/abstract/scopus_id/84970155035"},{"@_fa": "true", "@ref": "author-affiliation", "@href": "https://api.elsevier.com/content/abstract/scopus_id/84970155035?field=author,affiliation"},{"@_fa": "true", "@ref": "scopus", "@href": "https://www.scopus.com/inward/record.uri?partnerID=HzOxMe3b&scp=84970155035&origin=inward"},{"@_fa": "true", "@ref": "scopus-citedby", "@href": "https://www.scopus.com/inward/citedby.uri?partnerID=HzOxMe3b&scp=84970155035&origin=inward"}],"prism:url":"https://api.elsevier.com/content/abstract/scopus_id/84970155035","dc:identifier":"SCOPUS_ID:84970155035","eid":"2-s2.0-84970155035","dc:title":"Naming the cultural forces that push us toward war","dc:creator":"Spretnak C.","prism:publicationName":"Journal of Humanistic Psychology","prism:issn":"00221678","prism:eIssn":"1552650X","prism:volume":"23","prism:issueIdentifier":"3","prism:pageRange":"104-114","prism:coverDate":"1983-01-01","prism:coverDisplayDate":"July 1983","prism:doi":"10.1177/0022167883233008","dc:description":"Anthropology and archaeology have demonstrated that human societies can pass hundreds and even thousands of years in peace. Patriarchal cultures, however, go to war rather regularly. Militarism and warfare are continual features of a patriarchal society because they reflect and instill patriarchal values and fulfill essential needs of such a system. Men under patriarchy must prove dominance and control, must distance their character from that of “lowly” women, must survive the toughest violent initiation to enter full manhood, must shed the sacred blood of the hero, and must collaborate with death in order to hold it at bay. Such patriarchal pressures on men have traditionally reached resolution in ritual fashion on the battle-field. Unless peace efforts address the cultural pressures as well as the economic and political factors pushing us toward war, we will be unable to build a lasting peace. © 1983, SAGE PUBLICATIONS, INC. All rights reserved.","citedby-count":"3","affiliation": [{"@_fa": "true", "affiliation-url":"https://api.elsevier.com/content/affiliation/affiliation_id/60025038","afid":"60025038","affilname":"University of California, Berkeley","affiliation-city":"Berkeley","affiliation-country":"United States"}],"prism:aggregationType":"Journal","subtype":"ar","subtypeDescription":"Article","author-count":{"@limit": "100", "@total": "1", "$" :"1"},"author": [{"@_fa": "true", "@seq": "1", "author-url":"https://api.elsevier.com/content/author/author_id/56937091600","authid":"56937091600","authname":"Spretnak C.","surname":"Spretnak","given-name":"Charlene","initials":"C.","afid": [{"@_fa": "true", "$" :"60025038"}]}],"source-id":"15540","fund-no":"undefined","openaccess":"0","openaccessFlag":false},{"@_fa": "true", "link": [{"@_fa": "true", "@ref": "self", "@href": "https://api.elsevier.com/content/abstract/scopus_id/84965520638"},{"@_fa": "true", "@ref": "author-affiliation", "@href": "https://api.elsevier.com/content/abstract/scopus_id/84965520638?field=author,affiliation"},{"@_fa": "true", "@ref": "scopus", "@href": "https://www.scopus.com/inward/record.uri?partnerID=HzOxMe3b&scp=84965520638&origin=inward"},{"@_fa": "true", "@ref": "scopus-citedby", "@href": "https://www.scopus.com/inward/citedby.uri?partnerID=HzOxMe3b&scp=84965520638&origin=inward"}],"prism:url":"https://api.elsevier.com/content/abstract/scopus_id/84965520638","dc:identifier":"SCOPUS_ID:84965520638","eid":"2-s2.0-84965520638","dc:title":"The Patriarchal Heritage and the Working-Class Women","dc:creator":"Dahlström E.","prism:publicationName":"Acta Sociologica","prism:issn":"00016993","prism:eIssn":"15023869","prism:volume":"26","prism:issueIdentifier":"1","prism:pageRange":"3-20","prism:coverDate":"1983-01-01","prism:coverDisplayDate":"January 1983","prism:doi":"10.1177/000169938302600101","dc:description":"The debate on women's emancipation has reached an impasse of similarity between men and women and has arrived in the backwater of female distinctive character. What generates this oscillation between self -sacrificing ‘common’ interest and the assertion of women's particular interests? Both these orientations are reasonable if it is kept in mind that domination of men originates in the heritage of the patriarchy that preceded industrial capitalism Today, the personal subordination in the rule of masters has changed into the abstract order of the market This was a very gradual process and it is only during the after-war penod that the traditional patn archy has disappeared. But the culture of market is still dominated by men. Socialistic and liberal ideologies start from the assumption of the similarity between men and women and from the fact that they prevent the articulation of contradictions between men's and women's interests By asserting their distinctive character, women have brought out the societal claims of human reproduction partly at the expense of their position in production. The social-democratic woman's movement has followed its party brothers when promoting home-working wives and honouring women's wage work. It is only dunng the last decade that working-class women have begun to question the leadership of their party men. © 1983, Sage Publications. All rights reserved.","citedby-count":"1","prism:aggregationType":"Journal","subtype":"ar","subtypeDescription":"Article","author-count":{"@limit": "100", "@total": "2", "$" :"2"},"author": [{"@_fa": "true", "@seq": "1", "author-url":"https://api.elsevier.com/content/author/author_id/6506936759","authid":"6506936759","authname":"Dahlström E.","surname":"Dahlström","given-name":"Edmund","initials":"E.","afid": [{"@_fa": "true", "$" :"60016437"}]},{"@_fa": "true", "@seq": "2", "author-url":"https://api.elsevier.com/content/author/author_id/6506445795","authid":"6506445795","authname":"Liljestrom R.","surname":"Liljestrom","given-name":"Rita","initials":"R.","afid": [{"@_fa": "true", "$" :"60016437"}]}],"source-id":"16865","fund-no":"undefined","openaccess":"0","openaccessFlag":false},{"@_fa": "true", "link": [{"@_fa": "true", "@ref": "self", "@href": "https://api.elsevier.com/content/abstract/scopus_id/0020699150"},{"@_fa": "true", "@ref": "author-affiliation", "@href": "https://api.elsevier.com/content/abstract/scopus_id/0020699150?field=author,affiliation"},{"@_fa": "true", "@ref": "scopus", "@href": "https://www.scopus.com/inward/record.uri?partnerID=HzOxMe3b&scp=0020699150&origin=inward"},{"@_fa": "true", "@ref": "scopus-citedby", "@href": "https://www.scopus.com/inward/citedby.uri?partnerID=HzOxMe3b&scp=0020699150&origin=inward"}],"prism:url":"https://api.elsevier.com/content/abstract/scopus_id/0020699150","dc:identifier":"SCOPUS_ID:0020699150","eid":"2-s2.0-0020699150","dc:title":"Towards an understanding of the gender division of urban space.","dc:creator":"McDowell L.","prism:publicationName":"Environment &amp; Planning D: Society &amp; Space","prism:volume":"1","prism:issueIdentifier":"1","prism:pageRange":"59-72","prism:coverDate":"1983-01-01","prism:coverDisplayDate":"1983","prism:doi":"10.1068/d010059","dc:description":"The paper contains a critical review of urban theory and of some current work in urban studies on 'women's issues'. It is argued that the nature of the changing interrelationships between production and reproduction, as part of a single inseparable process that varies across space and over time, should be the key focus for a feminist urban studies. Ways in which an understanding of these changing relationships can add to the analysis of housing policy in postwar Britain are outlined. The principal aim of the paper is advocacy, and the plea is for feminist theory and feminist analysis. It is beginning to be accepted that urban studies, by ignoring gender divisions, is neglecting an important structuring element of urban space and urban processes. Recognition of the significance of gender divisions, however, must not lead to an insistence on analysis focusing solely on women and women's behaviour. Thus, the object of feminist research should not be women alone, but rather the structure of social relations that contributes to female oppression, this involving confrontation with the theoretical issues raised by an analysis of patriarchy (a term used here to refer to temporally and spatially specific relations between men and women, rather than to the oppression of all women in all forms of society).-from Author","citedby-count":"218","affiliation": [{"@_fa": "true", "affiliation-url":"https://api.elsevier.com/content/affiliation/affiliation_id/60012113","afid":"60012113","affilname":"Open University","affiliation-city":"Milton Keynes","affiliation-country":"United Kingdom"}],"prism:aggregationType":"Journal","subtype":"ar","subtypeDescription":"Article","author-count":{"@limit": "100", "@total": "1", "$" :"1"},"author": [{"@_fa": "true", "@seq": "1", "author-url":"https://api.elsevier.com/content/author/author_id/7103278372","authid":"7103278372","authname":"McDowell L.","surname":"McDowell","given-name":"L.","initials":"L.","afid": [{"@_fa": "true", "$" :"60012113"}]}],"source-id":"13274","fund-no":"undefined","openaccess":"0","openaccessFlag":false}]}}