{"search-results":{"opensearch:totalResults":"41","opensearch:startIndex":"0","opensearch:itemsPerPage":"25","opensearch:Query":{"@role": "request", "@searchTerms": "TITLE-ABS-KEY(\"patriarchy\") AND SUBJAREA(SOCI) AND PUBYEAR = 2000", "@startPage": "0"},"link": [{"@_fa": "true", "@ref": "self", "@href": "https://api.elsevier.com/content/search/scopus?start=0&count=25&query=TITLE-ABS-KEY%28%22patriarchy%22%29+AND+SUBJAREA%28SOCI%29+AND+PUBYEAR+%3D+2000&apiKey=27d953b4b546791964ebeb768d13e61f&view=COMPLETE", "@type": "application/json"},{"@_fa": "true", "@ref": "first", "@href": "https://api.elsevier.com/content/search/scopus?start=0&count=25&query=TITLE-ABS-KEY%28%22patriarchy%22%29+AND+SUBJAREA%28SOCI%29+AND+PUBYEAR+%3D+2000&apiKey=27d953b4b546791964ebeb768d13e61f&view=COMPLETE", "@type": "application/json"},{"@_fa": "true", "@ref": "next", "@href": "https://api.elsevier.com/content/search/scopus?start=25&count=25&query=TITLE-ABS-KEY%28%22patriarchy%22%29+AND+SUBJAREA%28SOCI%29+AND+PUBYEAR+%3D+2000&apiKey=27d953b4b546791964ebeb768d13e61f&view=COMPLETE", "@type": "application/json"},{"@_fa": "true", "@ref": "last", "@href": "https://api.elsevier.com/content/search/scopus?start=16&count=25&query=TITLE-ABS-KEY%28%22patriarchy%22%29+AND+SUBJAREA%28SOCI%29+AND+PUBYEAR+%3D+2000&apiKey=27d953b4b546791964ebeb768d13e61f&view=COMPLETE", "@type": "application/json"}],"entry": [{"@_fa": "true", "link": [{"@_fa": "true", "@ref": "self", "@href": "https://api.elsevier.com/content/abstract/scopus_id/61249632026"},{"@_fa": "true", "@ref": "author-affiliation", "@href": "https://api.elsevier.com/content/abstract/scopus_id/61249632026?field=author,affiliation"},{"@_fa": "true", "@ref": "scopus", "@href": "https://www.scopus.com/inward/record.uri?partnerID=HzOxMe3b&scp=61249632026&origin=inward"},{"@_fa": "true", "@ref": "scopus-citedby", "@href": "https://www.scopus.com/inward/citedby.uri?partnerID=HzOxMe3b&scp=61249632026&origin=inward"}],"prism:url":"https://api.elsevier.com/content/abstract/scopus_id/61249632026","dc:identifier":"SCOPUS_ID:61249632026","eid":"2-s2.0-61249632026","dc:title":"We don't need another hero","dc:creator":"Bleiker R.","prism:publicationName":"International Feminist Journal of Politics","prism:issn":"14616742","prism:eIssn":"14684470","prism:volume":"2","prism:issueIdentifier":"1","prism:pageRange":"30-57","prism:coverDate":"2000-12-01","prism:coverDisplayDate":"2000","prism:doi":"10.1080/146167400407000","pii":"713767437","dc:description":"The collapse of the Berlin Wall is usually associated with images of progress, with falling autocrats and rising liberties. But things are not quite as straightforward if scrutinized from the vantage-point of women. Despite their unusually active participation in the mass protests of 1989, women in the eastern part of Germany suffered a series of setbacks in the subsequent unification process, most notably in the realms of reproductive rights, employment opportunities and access to affordable day-care. This article engages contending feminist approaches in East and West Germany in an attempt to highlight the controversial but central role the concept of patriarchy occupies in understanding the gendered effects of unification. To recognize the significance of patriarchal domination is not to deny that some forms of dissent - and even emancipatory transformation - have taken place. It does, however, necessitate an understanding of gender-related domination and resistance that focuses not only on heroic revolutionary events and on political, legal and institutional features, but also, and perhaps even primarily, on relatively mundane daily struggles that take place over values and societal expectations. © 2000 Taylor & Francis Ltd.","citedby-count":"5","affiliation": [{"@_fa": "true", "affiliation-url":"https://api.elsevier.com/content/affiliation/affiliation_id/60031004","afid":"60031004","affilname":"University of Queensland","affiliation-city":"Brisbane","affiliation-country":"Australia"}],"prism:aggregationType":"Journal","subtype":"re","subtypeDescription":"Review","author-count":{"@limit": "100", "@total": "1", "$" :"1"},"author": [{"@_fa": "true", "@seq": "1", "author-url":"https://api.elsevier.com/content/author/author_id/6603395796","authid":"6603395796","authname":"Bleiker R.","surname":"Bleiker","given-name":"Roland","initials":"R.","afid": [{"@_fa": "true", "$" :"60031004"},{"@_fa": "true", "$" :"60031004"}]}],"authkeywords":"Discourse | Feminism | German unification | Patriarchy | Social movements","source-id":"5700161890","fund-no":"undefined","openaccess":"0","openaccessFlag":false},{"@_fa": "true", "link": [{"@_fa": "true", "@ref": "self", "@href": "https://api.elsevier.com/content/abstract/scopus_id/0034470599"},{"@_fa": "true", "@ref": "author-affiliation", "@href": "https://api.elsevier.com/content/abstract/scopus_id/0034470599?field=author,affiliation"},{"@_fa": "true", "@ref": "scopus", "@href": "https://www.scopus.com/inward/record.uri?partnerID=HzOxMe3b&scp=0034470599&origin=inward"},{"@_fa": "true", "@ref": "scopus-citedby", "@href": "https://www.scopus.com/inward/citedby.uri?partnerID=HzOxMe3b&scp=0034470599&origin=inward"},{"@_fa": "true", "@ref": "full-text", "@href": "https://api.elsevier.com/content/article/eid/1-s2.0-S0277539500001291"}],"prism:url":"https://api.elsevier.com/content/abstract/scopus_id/0034470599","dc:identifier":"SCOPUS_ID:0034470599","eid":"2-s2.0-0034470599","dc:title":"Gender justice and reconciliation","dc:creator":"Mckay S.","prism:publicationName":"Women's Studies International Forum","prism:issn":"02775395","prism:volume":"23","prism:issueIdentifier":"5","prism:pageRange":"561-570","prism:coverDate":"2000-12-01","prism:coverDisplayDate":"2000","prism:doi":"10.1016/S0277-5395(00)00129-1","pii":"S0277539500001291","dc:description":"Gender justice within the context of armed conflict and its aftermath refers to legal processes that are equitable, not privileged by and for men, and which acknowledge ways in which women uniquely experience harm. Typically, gender justice is neglected in preference for achieving reconciliation, which is driven by patriarchal interests favoring the powerful and disenfranchising the oppressed. This article's purpose is to explicate thematic concepts from writings about justice and reconciliation, to contrast religious and secular perspectives, and to expand current discourses about how gender justice can be created and maintained within post-conflict reconciliation processes. I emphasize the importance of truth-telling within the framework of gender justice and psychosocial healing as essential components of reconciliation processes. I argue that gender justice must occur if reconciliation processes are to succeed and that governments, communities, and individuals must accept responsibility for ensuring gender justice. © 2000 Elsevier Science Ltd.","citedby-count":"20","affiliation": [{"@_fa": "true", "affiliation-url":"https://api.elsevier.com/content/affiliation/affiliation_id/60008827","afid":"60008827","affilname":"University of Wyoming","affiliation-city":"Laramie","affiliation-country":"United States"}],"prism:aggregationType":"Journal","subtype":"ar","subtypeDescription":"Article","author-count":{"@limit": "100", "@total": "1", "$" :"1"},"author": [{"@_fa": "true", "@seq": "1", "author-url":"https://api.elsevier.com/content/author/author_id/57198314818","authid":"57198314818","authname":"Mckay S.","surname":"Mckay","given-name":"Susan","initials":"S.","afid": [{"@_fa": "true", "$" :"60008827"}]}],"source-id":"24359","fund-no":"undefined","openaccess":"0","openaccessFlag":false},{"@_fa": "true", "link": [{"@_fa": "true", "@ref": "self", "@href": "https://api.elsevier.com/content/abstract/scopus_id/34247313152"},{"@_fa": "true", "@ref": "author-affiliation", "@href": "https://api.elsevier.com/content/abstract/scopus_id/34247313152?field=author,affiliation"},{"@_fa": "true", "@ref": "scopus", "@href": "https://www.scopus.com/inward/record.uri?partnerID=HzOxMe3b&scp=34247313152&origin=inward"},{"@_fa": "true", "@ref": "scopus-citedby", "@href": "https://www.scopus.com/inward/citedby.uri?partnerID=HzOxMe3b&scp=34247313152&origin=inward"}],"prism:url":"https://api.elsevier.com/content/abstract/scopus_id/34247313152","dc:identifier":"SCOPUS_ID:34247313152","eid":"2-s2.0-34247313152","dc:title":"Eroticism and homophobia in El Apando (1969) by José Revueltas","dc:creator":"Manzo-Robledo F.","prism:publicationName":"Mexican Studies - Estudios Mexicanos","prism:issn":"07429797","prism:volume":"16","prism:issueIdentifier":"2","prism:pageRange":"347-366","prism:coverDate":"2000-12-01","prism:coverDisplayDate":"2000","dc:description":"In José Revueltas' novel El apando (1969), the possibility for transgression is greatly diminished by the system. In such circumstances, the only possibility of transgression by means of the body is through drug consumption and erotic acts. This article examines the lack of literary criticism regarding the erotic, the homoerotic and the expression of sexual desire, other than in the sense of the society's values. The notion of act-space, together with concepts from cultural and queer theory serve as a critical instrument for this analysis. This essay evaluates critically the narrative discourse, clearly tinted with homophobia and a patriarchal patronage incapable of dealing with the most intimate aspects of self-expression. Under the patriarchy, that self-expression is occluded and controlled by the same ideologies, which again, are signs of homophobia. ©2000 Regents of the University of California. All rights reserved.","citedby-count":"0","affiliation": [{"@_fa": "true", "affiliation-url":"https://api.elsevier.com/content/affiliation/affiliation_id/60009831","afid":"60009831","affilname":"Washington State University","affiliation-city":"Pullman","affiliation-country":"United States"}],"prism:aggregationType":"Journal","subtype":"ar","subtypeDescription":"Article","author-count":{"@limit": "100", "@total": "1", "$" :"1"},"author": [{"@_fa": "true", "@seq": "1", "author-url":"https://api.elsevier.com/content/author/author_id/18037632000","authid":"18037632000","authname":"Manzo-Robledo F.","surname":"Manzo-Robledo","given-name":"Francisco","initials":"F.","afid": [{"@_fa": "true", "$" :"60009831"}]}],"source-id":"16254","fund-no":"undefined","openaccess":"0","openaccessFlag":false},{"@_fa": "true", "link": [{"@_fa": "true", "@ref": "self", "@href": "https://api.elsevier.com/content/abstract/scopus_id/0034526449"},{"@_fa": "true", "@ref": "author-affiliation", "@href": "https://api.elsevier.com/content/abstract/scopus_id/0034526449?field=author,affiliation"},{"@_fa": "true", "@ref": "scopus", "@href": "https://www.scopus.com/inward/record.uri?partnerID=HzOxMe3b&scp=0034526449&origin=inward"},{"@_fa": "true", "@ref": "scopus-citedby", "@href": "https://www.scopus.com/inward/citedby.uri?partnerID=HzOxMe3b&scp=0034526449&origin=inward"}],"prism:url":"https://api.elsevier.com/content/abstract/scopus_id/0034526449","dc:identifier":"SCOPUS_ID:0034526449","eid":"2-s2.0-0034526449","dc:title":"Queering Bollywood: Alternative sexualities in popular Indian Cinema","dc:creator":"Gopinath G.","prism:publicationName":"Journal of Homosexuality","prism:issn":"00918369","prism:volume":"39","prism:issueIdentifier":"3-4","prism:pageRange":"283-297","prism:coverDate":"2000-12-01","prism:coverDisplayDate":"2000","prism:doi":"10.1300/J082v39n03_13","dc:description":"In this essay, I demonstrate through numerous examples taken from four identifiable Hindi film subgenres queer themes which, though nontransgressive in their native Indian context, acquire subversive value and serve as queer points of identification when viewed from a non-nationalist bias. Watching particular films with this \"queer diasporic viewing practive,\" sex/gender play which is normative (yet still coded) in the land of the films' production can be reclaimed as queer through the differently subjective lens of transnational spectatorship, a lens removed from patriarchy, sexism, and homophobia. This particularly becomes apparent in the Bollywood dance sequence-the frequent site of Hindi sex/gender play-whose coded queer desires are much easier to de-code (or re-code) when in the diaspora.","citedby-count":"30","pubmed-id":"11133137","prism:aggregationType":"Journal","subtype":"re","subtypeDescription":"Review","author-count":{"@limit": "100", "@total": "1", "$" :"1"},"author": [{"@_fa": "true", "@seq": "1", "author-url":"https://api.elsevier.com/content/author/author_id/7004484273","authid":"7004484273","authname":"Gopinath G.","surname":"Gopinath","given-name":"G.","initials":"G.","afid": [{"@_fa": "true", "$" :"60014439"}]}],"source-id":"29972","fund-no":"undefined","openaccess":"0","openaccessFlag":false},{"@_fa": "true", "link": [{"@_fa": "true", "@ref": "self", "@href": "https://api.elsevier.com/content/abstract/scopus_id/0034581027"},{"@_fa": "true", "@ref": "author-affiliation", "@href": "https://api.elsevier.com/content/abstract/scopus_id/0034581027?field=author,affiliation"},{"@_fa": "true", "@ref": "scopus", "@href": "https://www.scopus.com/inward/record.uri?partnerID=HzOxMe3b&scp=0034581027&origin=inward"},{"@_fa": "true", "@ref": "scopus-citedby", "@href": "https://www.scopus.com/inward/citedby.uri?partnerID=HzOxMe3b&scp=0034581027&origin=inward"}],"prism:url":"https://api.elsevier.com/content/abstract/scopus_id/0034581027","dc:identifier":"SCOPUS_ID:0034581027","eid":"2-s2.0-0034581027","dc:title":"Pakistani couples: Different productive and reproductive realities?","dc:creator":"Sathar Z.","prism:publicationName":"Pakistan Development Review","prism:issn":"00309729","prism:volume":"39","prism:issueIdentifier":"4 PART II","prism:pageRange":"891-912","prism:coverDate":"2000-12-01","prism:coverDisplayDate":"2000","dc:description":"Gender system in Pakistan are posited to be unequal in favour of men, because of strong patriarchical systems which ordain that men and older persons make all major decisions. As a result, women's status is argued to be low in most dimensions: poor educational attainment, few economic opportunities apart from family-based employment, which is largely unpaid, and the virtual seclusion of women from the public spheres of life especially those involving financial transactions. Spheres of life are quite separate, with men having the primary responsibility of breadwinning and women to be primarily responsible for within-household routine chores such as those involving cleaning, cooking, animal care, and child care. We propose to look closely at the two spheres of production and reproduction in rural Pakistan. It uses responses from matched husbands and wives to test whether in fact there is a difference between spouses in their perceptions, goals, and orientation about production and reproduction. It is found that the spheres of men and women do overlap much more than they are likely to admit. Men, however, are the main decision-makers in both spheres, though women are increasingly able to make decisions autonomously, if they are older, live in a nuclear family, and in a locality which is more exposed to modern influences. The type of employment is important in discerning whether it is associated with empowerment: paid employment outside the home leads to higher decision-making in the outside sphere and higher mobility, while women in home-based employment are likely to be more assertive in expressing their desire to stop childbearing.","citedby-count":"5","affiliation": [{"@_fa": "true", "affiliation-url":"https://api.elsevier.com/content/affiliation/affiliation_id/60041554","afid":"60041554","affilname":"Pakistan Institute of Development Economics","affiliation-city":"Islamabad","affiliation-country":"Pakistan"}],"prism:aggregationType":"Journal","subtype":"ar","subtypeDescription":"Article","author-count":{"@limit": "100", "@total": "2", "$" :"2"},"author": [{"@_fa": "true", "@seq": "1", "author-url":"https://api.elsevier.com/content/author/author_id/7003946670","authid":"7003946670","authname":"Sathar Z.","surname":"Sathar","given-name":"Zeba A.","initials":"Z.A.","afid": [{"@_fa": "true", "$" :"60041554"}]},{"@_fa": "true", "@seq": "2", "author-url":"https://api.elsevier.com/content/author/author_id/7003406295","authid":"7003406295","authname":"Kazi S.","surname":"Kazi","given-name":"Shahnaz","initials":"S.","afid": [{"@_fa": "true", "$" :"60041554"}]}],"source-id":"22932","fund-no":"undefined","openaccess":"0","openaccessFlag":false},{"@_fa": "true", "link": [{"@_fa": "true", "@ref": "self", "@href": "https://api.elsevier.com/content/abstract/scopus_id/33746407053"},{"@_fa": "true", "@ref": "author-affiliation", "@href": "https://api.elsevier.com/content/abstract/scopus_id/33746407053?field=author,affiliation"},{"@_fa": "true", "@ref": "scopus", "@href": "https://www.scopus.com/inward/record.uri?partnerID=HzOxMe3b&scp=33746407053&origin=inward"},{"@_fa": "true", "@ref": "scopus-citedby", "@href": "https://www.scopus.com/inward/citedby.uri?partnerID=HzOxMe3b&scp=33746407053&origin=inward"}],"prism:url":"https://api.elsevier.com/content/abstract/scopus_id/33746407053","dc:identifier":"SCOPUS_ID:33746407053","eid":"2-s2.0-33746407053","dc:title":"Gender, nation, rape: Bosnia and the construction of security","dc:creator":"Hansen L.","prism:publicationName":"International Feminist Journal of Politics","prism:issn":"14616742","prism:eIssn":"14684470","prism:volume":"3","prism:issueIdentifier":"1","prism:pageRange":"55-75","prism:coverDate":"2000-12-01","prism:coverDisplayDate":"2000","prism:doi":"10.1080/14616740010019848","pii":"713767480","dc:description":"The mass rapes in Bosnia brought gendered security problems onto the international agenda to an unprecedented extent. This article examines the debate surrounding whether these rapes should be characterized as a security problem which warranted international attention and possibly intervention. This debate evolved around the question whether wartime rape should be understood as an individual risk or a collective security problem;and whether it should be defined in national or in gendered terms. The empirical part of the article analyses the three dominant representations of the Bosnian mass rapes: 'rape as normal/Balkan warfare' argued that rape did not constitute a collective security problem and the international community had therefore no reason or responsibility to intervene; the \"rape as exceptional/Serbian warfare\" representation read the rapes through national lenses and argued that the international community should intervene militarily in defence of the Bosnian government; and the third representation, \"Balkan patriarchy\", claimed the privileged of a gendered reading of the rapes, the conflict in Bosnian should, according to this discourse, be understood as involving women on the one side and the patriarchal nationalistic leaderships on the other. The article concludes that the political impact of each of the representations is difficult to assess, but that the willingness of the International Crime Tribunal for the former Yugoslavia to pursue rape-related indictments constitutes an important step towards the recognition of wartime rape as a collective security problem. © 2001 Taylor & Francis Ltd.","citedby-count":"98","affiliation": [{"@_fa": "true", "affiliation-url":"https://api.elsevier.com/content/affiliation/affiliation_id/60030840","afid":"60030840","affilname":"Københavns Universitet","affiliation-city":"Copenhagen","affiliation-country":"Denmark"}],"prism:aggregationType":"Journal","subtype":"re","subtypeDescription":"Review","author-count":{"@limit": "100", "@total": "1", "$" :"1"},"author": [{"@_fa": "true", "@seq": "1", "author-url":"https://api.elsevier.com/content/author/author_id/7401575939","authid":"7401575939","authname":"Hansen L.","surname":"Hansen","given-name":"Lene","initials":"L.","afid": [{"@_fa": "true", "$" :"60030840"}]}],"authkeywords":"Bosnia | Gender | Nationalism | Rape | Security | The International Crime Tribunal of the Former Yugoslavia","source-id":"5700161890","fund-no":"undefined","openaccess":"0","openaccessFlag":false},{"@_fa": "true", "link": [{"@_fa": "true", "@ref": "self", "@href": "https://api.elsevier.com/content/abstract/scopus_id/0034578124"},{"@_fa": "true", "@ref": "author-affiliation", "@href": "https://api.elsevier.com/content/abstract/scopus_id/0034578124?field=author,affiliation"},{"@_fa": "true", "@ref": "scopus", "@href": "https://www.scopus.com/inward/record.uri?partnerID=HzOxMe3b&scp=0034578124&origin=inward"},{"@_fa": "true", "@ref": "scopus-citedby", "@href": "https://www.scopus.com/inward/citedby.uri?partnerID=HzOxMe3b&scp=0034578124&origin=inward"}],"prism:url":"https://api.elsevier.com/content/abstract/scopus_id/0034578124","dc:identifier":"SCOPUS_ID:0034578124","eid":"2-s2.0-0034578124","dc:title":"Interpreting female genital cutting: Moving beyond the impasse","dc:creator":"Leonard L.","prism:publicationName":"Annual Review of Sex Research","prism:issn":"10532528","prism:volume":"11","prism:pageRange":"158-190","prism:coverDate":"2000-12-01","prism:coverDisplayDate":"2000","dc:description":"Female genital cutting has been practiced in many parts of the world but is now most prevalent in sub-Saharan Africa. Particularly in the last half-century, genital cutting ceremonies have attracted significant scientific and media attention. I review some of the most frequently referenced interpretations of female genital cutting and suggest that ways of explaining such practices are limited. I indicate that the study of genital cutting practices is at an impasse-with absolutists arguing that intervention to stop the procedure is required and relativists asserting that outsiders have either no right or no ability to impose such change upon others. Data from fieldwork conducted among the Sara, an ethnic group from the south of Chad, highlight the diversity in genital cutting ceremonies that is not currently represented in the literature or acknowledged in popular discourse. Some of the Sara subgroups have only recently adopted female genital cutting. Young girls have been at the forefront of this movement, and parents, village elders, and religious and traditional leaders have been vehement opponents. The usual explanatory concepts-religion, tradition, patriarchy-are not referenced in participants' descriptions of their reasons for undergoing the procedure. Strategies for approaching the study of female genital cutting are presented as ways to bring fresh perspectives to the literature and to move discussion of female genital cutting beyond the current impasse.","citedby-count":"10","affiliation": [{"@_fa": "true", "affiliation-url":"https://api.elsevier.com/content/affiliation/affiliation_id/60006183","afid":"60006183","affilname":"Johns Hopkins Bloomberg School of Public Health","affiliation-city":"Baltimore","affiliation-country":"United States"},{"@_fa": "true", "affiliation-url":"https://api.elsevier.com/content/affiliation/affiliation_id/60005248","afid":"60005248","affilname":"Johns Hopkins University","affiliation-city":"Baltimore","affiliation-country":"United States"}],"pubmed-id":"11351831","prism:aggregationType":"Journal","subtype":"re","subtypeDescription":"Review","author-count":{"@limit": "100", "@total": "1", "$" :"1"},"author": [{"@_fa": "true", "@seq": "1", "author-url":"https://api.elsevier.com/content/author/author_id/7101816010","authid":"7101816010","authname":"Leonard L.","surname":"Leonard","given-name":"Lori","initials":"L.","afid": [{"@_fa": "true", "$" :"60005248"},{"@_fa": "true", "$" :"60006183"}]}],"authkeywords":"Chad | Circumcision | Female genital cutting | Female sexuality | Sub-Saharan Africa","source-id":"12012","fund-no":"SBR-9811074","fund-sponsor":"Institute of International Education","openaccess":"0","openaccessFlag":false},{"@_fa": "true", "link": [{"@_fa": "true", "@ref": "self", "@href": "https://api.elsevier.com/content/abstract/scopus_id/0033916731"},{"@_fa": "true", "@ref": "author-affiliation", "@href": "https://api.elsevier.com/content/abstract/scopus_id/0033916731?field=author,affiliation"},{"@_fa": "true", "@ref": "scopus", "@href": "https://www.scopus.com/inward/record.uri?partnerID=HzOxMe3b&scp=0033916731&origin=inward"},{"@_fa": "true", "@ref": "scopus-citedby", "@href": "https://www.scopus.com/inward/citedby.uri?partnerID=HzOxMe3b&scp=0033916731&origin=inward"},{"@_fa": "true", "@ref": "full-text", "@href": "https://api.elsevier.com/content/article/eid/1-s2.0-S0160738399001139"}],"prism:url":"https://api.elsevier.com/content/abstract/scopus_id/0033916731","dc:identifier":"SCOPUS_ID:0033916731","eid":"2-s2.0-0033916731","dc:title":"Privileging the male gaze: Gendered tourism landscapes","dc:creator":"Pritchard A.","prism:publicationName":"Annals of Tourism Research","prism:issn":"01607383","prism:volume":"27","prism:issueIdentifier":"4","prism:pageRange":"884-905","prism:coverDate":"2000-10-01","prism:coverDisplayDate":"October 2000","prism:doi":"10.1016/S0160-7383(99)00113-9","pii":"S0160738399001139","dc:description":"Much of the extant work on gender and tourism concerns employment patterns and sex tourism. However, any feminist analysis of tourism must encompass a critique of gender relations in the production and consumption of tourism experiences and images; this is the central theme of this article. It begins by discussing the gendered nature of society and then reviews work on tourism and gender. It further develops the concept of gendered tourism landscapes and discusses the interrelationship between the language of patriarchy and (hetero)sexuality and the language of tourism promotion. The article concludes that the language and imagery of promotion privileges the male, heterosexual gaze. (C) 2000 Elsevier Science Ltd. All rights reserved.","citedby-count":"196","affiliation": [{"@_fa": "true", "affiliation-url":"https://api.elsevier.com/content/affiliation/affiliation_id/60103682","afid":"60103682","affilname":"Cardiff Metropolitan University","affiliation-city":"Cardiff","affiliation-country":"United Kingdom"}],"prism:aggregationType":"Journal","subtype":"ar","subtypeDescription":"Article","author-count":{"@limit": "100", "@total": "2", "$" :"2"},"author": [{"@_fa": "true", "@seq": "1", "author-url":"https://api.elsevier.com/content/author/author_id/7102481483","authid":"7102481483","authname":"Pritchard A.","surname":"Pritchard","given-name":"Annette","initials":"A.","afid": [{"@_fa": "true", "$" :"60103682"},{"@_fa": "true", "$" :"60103682"}]},{"@_fa": "true", "@seq": "2", "author-url":"https://api.elsevier.com/content/author/author_id/7103206227","authid":"7103206227","authname":"Morgan N.","surname":"Morgan","given-name":"Nigel J.","initials":"N.J.","afid": [{"@_fa": "true", "$" :"60103682"}]}],"authkeywords":"Gender | Landscapes | Patriarchy | Tourism marketing | Tourist gaze","source-id":"30718","fund-no":"undefined","openaccess":"0","openaccessFlag":false},{"@_fa": "true", "link": [{"@_fa": "true", "@ref": "self", "@href": "https://api.elsevier.com/content/abstract/scopus_id/0040792568"},{"@_fa": "true", "@ref": "author-affiliation", "@href": "https://api.elsevier.com/content/abstract/scopus_id/0040792568?field=author,affiliation"},{"@_fa": "true", "@ref": "scopus", "@href": "https://www.scopus.com/inward/record.uri?partnerID=HzOxMe3b&scp=0040792568&origin=inward"},{"@_fa": "true", "@ref": "scopus-citedby", "@href": "https://www.scopus.com/inward/citedby.uri?partnerID=HzOxMe3b&scp=0040792568&origin=inward"}],"prism:url":"https://api.elsevier.com/content/abstract/scopus_id/0040792568","dc:identifier":"SCOPUS_ID:0040792568","eid":"2-s2.0-0040792568","dc:title":"Colluding patriarchies: The colonial reform of sexual relations in India","dc:creator":"Tambe A.","prism:publicationName":"Feminist Studies","prism:issn":"00463663","prism:volume":"26","prism:issueIdentifier":"3","prism:pageRange":"587-600","prism:coverDate":"2000-09-01","prism:coverDisplayDate":"September 2000","citedby-count":"11","prism:aggregationType":"Journal","subtype":"ar","subtypeDescription":"Article","author-count":{"@limit": "100", "@total": "1", "$" :"1"},"author": [{"@_fa": "true", "@seq": "1", "author-url":"https://api.elsevier.com/content/author/author_id/8271862000","authid":"8271862000","authname":"Tambe A.","surname":"Tambe","given-name":"Ashwini","initials":"A."}],"source-id":"23597","fund-no":"undefined","openaccess":"0","openaccessFlag":false},{"@_fa": "true", "link": [{"@_fa": "true", "@ref": "self", "@href": "https://api.elsevier.com/content/abstract/scopus_id/0001583883"},{"@_fa": "true", "@ref": "author-affiliation", "@href": "https://api.elsevier.com/content/abstract/scopus_id/0001583883?field=author,affiliation"},{"@_fa": "true", "@ref": "scopus", "@href": "https://www.scopus.com/inward/record.uri?partnerID=HzOxMe3b&scp=0001583883&origin=inward"},{"@_fa": "true", "@ref": "scopus-citedby", "@href": "https://www.scopus.com/inward/citedby.uri?partnerID=HzOxMe3b&scp=0001583883&origin=inward"}],"prism:url":"https://api.elsevier.com/content/abstract/scopus_id/0001583883","dc:identifier":"SCOPUS_ID:0001583883","eid":"2-s2.0-0001583883","dc:title":"Rains gone bad, women gone mad: Rethinking gender rituals of rebellion and patriarchy","dc:creator":"Sanders T.","prism:publicationName":"Journal of the Royal Anthropological Institute","prism:issn":"13590987","prism:eIssn":"14679655","prism:volume":"6","prism:issueIdentifier":"3","prism:pageRange":"469-486","prism:coverDate":"2000-09-01","prism:coverDisplayDate":"September 2000","dc:description":"This article reconsiders the argument that 'rituals of rebellion' be seen as women's ritual response to everyday patriarchal structures - an argument originally suggested by Gluckman, but recendy evoked by Spencer, the Creiders, and others - in light of recent anthropological theorizing on gender. Using as an example one such women's ritual among the Ihanzu of Tanzania, I show how this particular formulation reduces complex notions of gender and gender practices to unnuanced, monolithic, and all-encompassing gender-systems, both in everyday and ritual realms. This it does, first, by conflating gender ideals with gender behaviours and, second, by ignoring people's conflicting ideas about gender. By problematizing these contradictions, I demonstrate how Ihanzu women's rites are not about rebellion but gender complementarity, played out by women dancers embodying both genders simultaneously. Above all, this case compels us to rethink, fundamentally, 'rituals of rebellion' and 'patriarchy'. © Royal Anthropological Institute 2000.","citedby-count":"16","affiliation": [{"@_fa": "true", "affiliation-url":"https://api.elsevier.com/content/affiliation/affiliation_id/60003059","afid":"60003059","affilname":"London School of Economics and Political Science","affiliation-city":"London","affiliation-country":"United Kingdom"}],"prism:aggregationType":"Journal","subtype":"ar","subtypeDescription":"Article","author-count":{"@limit": "100", "@total": "1", "$" :"1"},"author": [{"@_fa": "true", "@seq": "1", "author-url":"https://api.elsevier.com/content/author/author_id/8773822800","authid":"8773822800","authname":"Sanders T.","surname":"Sanders","given-name":"Todd","initials":"T.","afid": [{"@_fa": "true", "$" :"60003059"},{"@_fa": "true", "$" :"60003059"}]}],"source-id":"78582","fund-no":"undefined","openaccess":"0","openaccessFlag":false},{"@_fa": "true", "link": [{"@_fa": "true", "@ref": "self", "@href": "https://api.elsevier.com/content/abstract/scopus_id/0040360771"},{"@_fa": "true", "@ref": "author-affiliation", "@href": "https://api.elsevier.com/content/abstract/scopus_id/0040360771?field=author,affiliation"},{"@_fa": "true", "@ref": "scopus", "@href": "https://www.scopus.com/inward/record.uri?partnerID=HzOxMe3b&scp=0040360771&origin=inward"},{"@_fa": "true", "@ref": "scopus-citedby", "@href": "https://www.scopus.com/inward/citedby.uri?partnerID=HzOxMe3b&scp=0040360771&origin=inward"}],"prism:url":"https://api.elsevier.com/content/abstract/scopus_id/0040360771","dc:identifier":"SCOPUS_ID:0040360771","eid":"2-s2.0-0040360771","dc:title":"Moving past biological determinism in discussions of women and crime during the 1870s-1920s: A note regarding the literature","dc:creator":"Scheider M.","prism:publicationName":"Deviant Behavior","prism:issn":"01639625","prism:eIssn":"15210456","prism:volume":"21","prism:issueIdentifier":"5","prism:pageRange":"407-427","prism:coverDate":"2000-09-01","prism:coverDisplayDate":"1 September 2000","prism:doi":"10.1080/01639620050085825","dc:description":"Turn of the century writings on female criminal behavior frequently have been characterized as few in number and biologically deterministic in orientation. Although it is accurate to state that many of these works are overly biologistic, it is incorrect to refer to them only in such a manner. This article reviews writings on women and crime from the 1870s 1920s. Findings reveal that discussions of this issue were commonplace and invoke many of the same theoretical explanations currently used for female criminality (chivalry, opportunity, liberation, and patriarchy). When the biologistic (and sexist) orientations of these writings are removed, we are left with discussions that look strikingly similar to some of today s most popular theoretical statements. The implications of a lack of attention to early criminological work is also discussed. © 2000 Taylor & Francis.","citedby-count":"8","prism:aggregationType":"Journal","subtype":"ar","subtypeDescription":"Article","author-count":{"@limit": "100", "@total": "1", "$" :"1"},"author": [{"@_fa": "true", "@seq": "1", "author-url":"https://api.elsevier.com/content/author/author_id/6602374527","authid":"6602374527","authname":"Scheider M.","surname":"Scheider","given-name":"Matthew C.","initials":"M.C."}],"source-id":"14293","fund-no":"undefined","openaccess":"0","openaccessFlag":false},{"@_fa": "true", "link": [{"@_fa": "true", "@ref": "self", "@href": "https://api.elsevier.com/content/abstract/scopus_id/0033744891"},{"@_fa": "true", "@ref": "author-affiliation", "@href": "https://api.elsevier.com/content/abstract/scopus_id/0033744891?field=author,affiliation"},{"@_fa": "true", "@ref": "scopus", "@href": "https://www.scopus.com/inward/record.uri?partnerID=HzOxMe3b&scp=0033744891&origin=inward"},{"@_fa": "true", "@ref": "scopus-citedby", "@href": "https://www.scopus.com/inward/citedby.uri?partnerID=HzOxMe3b&scp=0033744891&origin=inward"}],"prism:url":"https://api.elsevier.com/content/abstract/scopus_id/0033744891","dc:identifier":"SCOPUS_ID:0033744891","eid":"2-s2.0-0033744891","dc:title":"Gender, colonial 'women's history' and the construction of social distance: Middle-class British women in later nineteenth-century South Africa","dc:creator":"Dagut S.","prism:publicationName":"Journal of Southern African Studies","prism:issn":"03057070","prism:volume":"26","prism:issueIdentifier":"3","prism:pageRange":"554-572","prism:coverDate":"2000-09-01","prism:coverDisplayDate":"September 2000","dc:description":"In recent years, two streams of feminist historiography - one emerging in South Africa, the other arising from an examination of European colonialism in general - have converged to create a balanced and subtle conceptual scheme within which to consider women 's roles in the social world of colonial South Africa. This work identifies and avoids the inaccuracies which result from writing of women in the colonial period as though they were 'people of gender', enclosed within a 'separate sphere' created by patriarchy. Recent empirical work on settler women in South Africa, inspired by these historiographical advances, has started to provide a much more rounded view of settler women's attitudes, experiences and social roles than had hitherto existed. It is, however, possible to identify an important continuity of approach between earlier and more recent historiographical generations. This continuity pertains to the importance of the concept of 'social distance' in thinking about European women's experience and social impact in colonies. The article attempts to show that an approach centred on the concept of 'social distance', suitably adapted in light of recent advances, has major advantages: It is both gender-sensitive and gender-neutral, it is empirically well-supported and it enables clear connections to be established between women's experience and the construction of colonial society as a whole.","citedby-count":"9","affiliation": [{"@_fa": "true", "affiliation-url":"https://api.elsevier.com/content/affiliation/affiliation_id/60016218","afid":"60016218","affilname":"University of Witwatersrand","affiliation-city":"Johannesburg","affiliation-country":"South Africa"}],"prism:aggregationType":"Journal","subtype":"re","subtypeDescription":"Review","author-count":{"@limit": "100", "@total": "1", "$" :"1"},"author": [{"@_fa": "true", "@seq": "1", "author-url":"https://api.elsevier.com/content/author/author_id/6508275166","authid":"6508275166","authname":"Dagut S.","surname":"Dagut","given-name":"Simon","initials":"S.","afid": [{"@_fa": "true", "$" :"60016218"}]}],"source-id":"27696","fund-no":"undefined","openaccess":"0","openaccessFlag":false},{"@_fa": "true", "link": [{"@_fa": "true", "@ref": "self", "@href": "https://api.elsevier.com/content/abstract/scopus_id/84937326026"},{"@_fa": "true", "@ref": "author-affiliation", "@href": "https://api.elsevier.com/content/abstract/scopus_id/84937326026?field=author,affiliation"},{"@_fa": "true", "@ref": "scopus", "@href": "https://www.scopus.com/inward/record.uri?partnerID=HzOxMe3b&scp=84937326026&origin=inward"},{"@_fa": "true", "@ref": "scopus-citedby", "@href": "https://www.scopus.com/inward/citedby.uri?partnerID=HzOxMe3b&scp=84937326026&origin=inward"}],"prism:url":"https://api.elsevier.com/content/abstract/scopus_id/84937326026","dc:identifier":"SCOPUS_ID:84937326026","eid":"2-s2.0-84937326026","dc:title":"Feminism in the middle east: Reflections on ethnographic research in lebanon","dc:creator":"Kikoski C.","prism:publicationName":"Journal of Feminist Family Therapy","prism:issn":"08952833","prism:eIssn":"15404099","prism:volume":"11","prism:issueIdentifier":"4","prism:pageRange":"131-146","prism:coverDate":"2000-08-24","prism:coverDisplayDate":"24 August 2000","prism:doi":"10.1300/J086v11n04_10","dc:description":"Summary: There is a history of feminism that is rooted in the Middle East. And there is a future. Patriarchy, tradition and religious conservatism in the area have led women to struggle for emancipation and equality on many levels. This ethnographic research study in the Middle East gives voice to a young generation of women who reveal their own unique brand of feminism. The overarching theme of this research seems to be a universal yearning of women to be free to express themselves, and to realize their goals and dreams in their own ways, and in their own cultural contexts. They have a clear vision of themselves in their society, and the role they must play to realize their vision: to lead more autonomous lives, but not at the price of the relationships that sustain and nourish them. In this way, culture punctuates feminism. © 2000 Taylor & Francis Group, LLC.","citedby-count":"2","affiliation": [{"@_fa": "true", "affiliation-url":"https://api.elsevier.com/content/affiliation/affiliation_id/60019633","afid":"60019633","affilname":"University of Saint Joseph","affiliation-city":"West Hartford","affiliation-country":"United States"}],"prism:aggregationType":"Journal","subtype":"ar","subtypeDescription":"Article","author-count":{"@limit": "100", "@total": "1", "$" :"1"},"author": [{"@_fa": "true", "@seq": "1", "author-url":"https://api.elsevier.com/content/author/author_id/6506762918","authid":"6506762918","authname":"Kikoski C.","surname":"Kikoski","given-name":"Catherine K.","initials":"C.K.","afid": [{"@_fa": "true", "$" :"60019633"}]}],"authkeywords":"Ethnography | Feminism | Lebanon | Middle East","source-id":"23703","fund-no":"undefined","openaccess":"0","openaccessFlag":false},{"@_fa": "true", "link": [{"@_fa": "true", "@ref": "self", "@href": "https://api.elsevier.com/content/abstract/scopus_id/0033852586"},{"@_fa": "true", "@ref": "author-affiliation", "@href": "https://api.elsevier.com/content/abstract/scopus_id/0033852586?field=author,affiliation"},{"@_fa": "true", "@ref": "scopus", "@href": "https://www.scopus.com/inward/record.uri?partnerID=HzOxMe3b&scp=0033852586&origin=inward"},{"@_fa": "true", "@ref": "scopus-citedby", "@href": "https://www.scopus.com/inward/citedby.uri?partnerID=HzOxMe3b&scp=0033852586&origin=inward"}],"prism:url":"https://api.elsevier.com/content/abstract/scopus_id/0033852586","dc:identifier":"SCOPUS_ID:0033852586","eid":"2-s2.0-0033852586","dc:title":"Made in the GDR. The changing geographies of women in the post-socialist rural society in Mecklenburg-Westpommerania","dc:creator":"Van Hoven-Iganski B.","prism:publicationName":"Nederlandse Geografische Studies","prism:issn":"01694839","prism:issueIdentifier":"267","prism:pageRange":"1-261","prism:coverDate":"2000-08-19","prism:coverDisplayDate":"2000","dc:description":"This thesis has focused on the gendered aspects of post-unification transformations in rural East Germany. Significant themes throughout the thesis have been the social consequences of change in the labour market and at the workplace, and issues associated with the socio-political integration of rural women. This conclusion then has two principle objectives: the first is to assess key findings of the thesis with regard to the nature of dominant patriarchal power structures, and the extent to which they shaped developments in the GDR and the New Germany. Whilst dominant power structures are explored which have essentially suppressed women, the argument also draws on examples of 'counterspaces- [as] positions and spaces from which women attempt to inflect dominant spatialities'. Secondly, key mechanisms which have contributed to the formation of gendered identities within these dominant structures will be discussed. It will be shown that both the GDR and the New Germany institutionalised forms of patriarchy which have inhibited women's full integration into decision-making structures and instead encouraged the development of different 'male' and 'female' roles. Although this political arrangement subordinated women as a group, women themselves are not, of course, uniform in their characteristics and ambitions. Instead, some women have adapted to such pressures by becoming like men, for example, whereas others have created unique spaces for themselves in which dominant structures can be contested.","citedby-count":"4","affiliation": [{"@_fa": "true", "affiliation-url":"https://api.elsevier.com/content/affiliation/affiliation_id/101509382","afid":"101509382","affilname":"KNAG/Netherlands Geograph. Studies","affiliation-city":"Utrecht","affiliation-country":"Netherlands"}],"prism:aggregationType":"Book Series","subtype":"ar","subtypeDescription":"Article","author-count":{"@limit": "100", "@total": "1", "$" :"1"},"author": [{"@_fa": "true", "@seq": "1", "author-url":"https://api.elsevier.com/content/author/author_id/6507366850","authid":"6507366850","authname":"Van Hoven-Iganski B.","surname":"Van Hoven-Iganski","given-name":"B.","initials":"B.","afid": [{"@_fa": "true", "$" :"101509382"}]}],"source-id":"29877","fund-no":"undefined","openaccess":"0","openaccessFlag":false},{"@_fa": "true", "link": [{"@_fa": "true", "@ref": "self", "@href": "https://api.elsevier.com/content/abstract/scopus_id/85009545144"},{"@_fa": "true", "@ref": "author-affiliation", "@href": "https://api.elsevier.com/content/abstract/scopus_id/85009545144?field=author,affiliation"},{"@_fa": "true", "@ref": "scopus", "@href": "https://www.scopus.com/inward/record.uri?partnerID=HzOxMe3b&scp=85009545144&origin=inward"},{"@_fa": "true", "@ref": "scopus-citedby", "@href": "https://www.scopus.com/inward/citedby.uri?partnerID=HzOxMe3b&scp=85009545144&origin=inward"}],"prism:url":"https://api.elsevier.com/content/abstract/scopus_id/85009545144","dc:identifier":"SCOPUS_ID:85009545144","eid":"2-s2.0-85009545144","dc:title":"‘A person positions herself on quicksand’ the postmodern politics of identity and location in sarah schulman’s empathy","dc:creator":"Andermahr S.","prism:publicationName":"Journal of Lesbian Studies","prism:issn":"10894160","prism:eIssn":"15403548","prism:volume":"4","prism:issueIdentifier":"2","prism:pageRange":"7-20","prism:coverDate":"2000-06-01","prism:coverDisplayDate":"1 June 2000","prism:doi":"10.1300/J155v04n02_02","dc:description":"This article discusses Sarah Schulman’s 1993 novel Empathy in the context of contemporary debates about the politics of identity and location. It begins by discussing the impact of challenges from postmodernism and from Black, post-colonial and lesbian feminisms on feminist theories of identity, highlighting the concepts of diversity and intrasexual difference. The article goes on to explore Schulman’s novel as an example of contemporary lesbian feminist fiction which engages these debates both in its subject matter, by deconstructing the categories of “race,’ gender and sexuality and, formally, in its use of postmodern stylistic devices. It argues that Schulman’s novel represents both a postmodern critique of essentialist theories of gender identity, recognising the multiple locations of subjects, and a feminist critique of postmodern cultural relativism and political irresponsibility, insisting on the realities of social injustice. The main part of the article examines Schulman’s treatment of four key issues: psychoanalysis and theories of sexual difference which pathologise lesbianism; heterosexism as reproducing women’s oppression in patriarchy; the politics of representation whereby lesbian desire is written out; and American cultural imperialism and ethnocentrism. The article concludes by highlighting Schulman’s assertion that empathy constitutes a valuable political stance in postmodern times. © 2000 by The Haworth Press, Inc. All rights reserved.","citedby-count":"1","affiliation": [{"@_fa": "true", "affiliation-url":"https://api.elsevier.com/content/affiliation/affiliation_id/60000931","afid":"60000931","affilname":"University of Northampton","affiliation-city":"Northampton","affiliation-country":"United Kingdom"}],"prism:aggregationType":"Journal","subtype":"ar","subtypeDescription":"Article","author-count":{"@limit": "100", "@total": "1", "$" :"1"},"author": [{"@_fa": "true", "@seq": "1", "author-url":"https://api.elsevier.com/content/author/author_id/49662934900","authid":"49662934900","authname":"Andermahr S.","surname":"Andermahr","given-name":"Sonya","initials":"S.","afid": [{"@_fa": "true", "$" :"60000931"}]}],"authkeywords":"Feminism | Jewish writing | Lesbian fiction | Postmodernism | Queer theory | Usychoanalysis","source-id":"4700152421","fund-no":"undefined","openaccess":"0","openaccessFlag":false},{"@_fa": "true", "link": [{"@_fa": "true", "@ref": "self", "@href": "https://api.elsevier.com/content/abstract/scopus_id/3042812530"},{"@_fa": "true", "@ref": "author-affiliation", "@href": "https://api.elsevier.com/content/abstract/scopus_id/3042812530?field=author,affiliation"},{"@_fa": "true", "@ref": "scopus", "@href": "https://www.scopus.com/inward/record.uri?partnerID=HzOxMe3b&scp=3042812530&origin=inward"},{"@_fa": "true", "@ref": "scopus-citedby", "@href": "https://www.scopus.com/inward/citedby.uri?partnerID=HzOxMe3b&scp=3042812530&origin=inward"}],"prism:url":"https://api.elsevier.com/content/abstract/scopus_id/3042812530","dc:identifier":"SCOPUS_ID:3042812530","eid":"2-s2.0-3042812530","dc:title":"Martial arts films and the action-cop genre: Ideology, violence and spectatorship","dc:creator":"Schehr R.","prism:publicationName":"Journal of Criminal Justice and Popular Culture","prism:issn":"10708286","prism:volume":"7","prism:issueIdentifier":"3","prism:pageRange":"102-118","prism:coverDate":"2000-03-01","prism:coverDisplayDate":"March 2000","dc:description":"Martial arts films, perhaps unlike any other sub-genre of film, maintain a unique relationship with spectators. Martial arts, when exhibited in film, signify a mode of conflict resolution that is at once brutal and elegant. In this essay I am most interested in martial arts films as a sub-genre of action-cop films, especially their emphasis on the body. Through content analysis of two contemporary martial arts films (The Glimmer Man and Dragon Fire), I draw the following conclusions: a) martial arts films can be located in the action-adventure and crime film genres; b) martial arts films promote ideological readings similar to those consistent with action adventure films emerging in the 1980s; c) martial arts films promote ambivalent readings of dominant culture, especially class, power, and status; and d) with the recent success of Steven Seagal, Chuck Norris, Jon Claude Van Damme, Jackie Chan, and to a lesser extent, Cynthia Rothrock, production quality of martial arts films has dramatically improved and this has required greater attention to matters of filmic style. I conclude that while martial arts films continue to evoke attention to the powers of rugged individualism, conflict resolution through violence, and patriarchy (if not misogyny), they also celebrate folk wisdom, and skepticism of class and power in the populist tradition.","citedby-count":"1","affiliation": [{"@_fa": "true", "affiliation-url":"https://api.elsevier.com/content/affiliation/affiliation_id/60005820","afid":"60005820","affilname":"University of Illinois Springfield","affiliation-city":"Springfield","affiliation-country":"United States"}],"prism:aggregationType":"Journal","subtype":"ar","subtypeDescription":"Article","author-count":{"@limit": "100", "@total": "1", "$" :"1"},"author": [{"@_fa": "true", "@seq": "1", "author-url":"https://api.elsevier.com/content/author/author_id/6603291702","authid":"6603291702","authname":"Schehr R.","surname":"Schehr","given-name":"Robert Carl","initials":"R.C.","afid": [{"@_fa": "true", "$" :"60005820"}]}],"source-id":"20355","fund-no":"undefined","openaccess":"0","openaccessFlag":false},{"@_fa": "true", "link": [{"@_fa": "true", "@ref": "self", "@href": "https://api.elsevier.com/content/abstract/scopus_id/56749162642"},{"@_fa": "true", "@ref": "author-affiliation", "@href": "https://api.elsevier.com/content/abstract/scopus_id/56749162642?field=author,affiliation"},{"@_fa": "true", "@ref": "scopus", "@href": "https://www.scopus.com/inward/record.uri?partnerID=HzOxMe3b&scp=56749162642&origin=inward"},{"@_fa": "true", "@ref": "scopus-citedby", "@href": "https://www.scopus.com/inward/citedby.uri?partnerID=HzOxMe3b&scp=56749162642&origin=inward"}],"prism:url":"https://api.elsevier.com/content/abstract/scopus_id/56749162642","dc:identifier":"SCOPUS_ID:56749162642","eid":"2-s2.0-56749162642","dc:title":"Bargaining with patriarchy: Taiwanese women hiring migrant domestic workers","dc:creator":"Lan P.","prism:publicationName":"Anthropology of Work Review","prism:issn":"0883024X","prism:eIssn":"15481417","prism:volume":"21","prism:issueIdentifier":"3","prism:pageRange":"9-14","prism:coverDate":"2000-01-01","prism:coverDisplayDate":"September 2000","prism:doi":"10.1525/awr.2000.21.3.9","citedby-count":"2","affiliation": [{"@_fa": "true", "affiliation-url":"https://api.elsevier.com/content/affiliation/affiliation_id/60005429","afid":"60005429","affilname":"National Taiwan University","affiliation-city":"Taipei","affiliation-country":"Taiwan"}],"prism:aggregationType":"Journal","subtype":"ar","subtypeDescription":"Article","author-count":{"@limit": "100", "@total": "1", "$" :"1"},"author": [{"@_fa": "true", "@seq": "1", "author-url":"https://api.elsevier.com/content/author/author_id/7004650866","authid":"7004650866","authname":"Lan P.","surname":"Lan","given-name":"Pei Chia","initials":"P.C.","afid": [{"@_fa": "true", "$" :"60005429"}]}],"source-id":"5700169047","fund-no":"undefined","openaccess":"0","openaccessFlag":false},{"@_fa": "true", "link": [{"@_fa": "true", "@ref": "self", "@href": "https://api.elsevier.com/content/abstract/scopus_id/84883919456"},{"@_fa": "true", "@ref": "author-affiliation", "@href": "https://api.elsevier.com/content/abstract/scopus_id/84883919456?field=author,affiliation"},{"@_fa": "true", "@ref": "scopus", "@href": "https://www.scopus.com/inward/record.uri?partnerID=HzOxMe3b&scp=84883919456&origin=inward"},{"@_fa": "true", "@ref": "scopus-citedby", "@href": "https://www.scopus.com/inward/citedby.uri?partnerID=HzOxMe3b&scp=84883919456&origin=inward"}],"prism:url":"https://api.elsevier.com/content/abstract/scopus_id/84883919456","dc:identifier":"SCOPUS_ID:84883919456","eid":"2-s2.0-84883919456","dc:title":"Work and gender in Taiwan: Between patriarchy and the marketplace","dc:creator":"Simon S.","prism:publicationName":"Anthropology of Work Review","prism:issn":"0883024X","prism:eIssn":"15481417","prism:volume":"21","prism:issueIdentifier":"3","prism:pageRange":"1-4","prism:coverDate":"2000-01-01","prism:coverDisplayDate":"September 2000","prism:doi":"10.1525/awr.2000.21.3.1","citedby-count":"1","affiliation": [{"@_fa": "true", "affiliation-url":"https://api.elsevier.com/content/affiliation/affiliation_id/60016969","afid":"60016969","affilname":"Academia Sinica Taiwan","affiliation-city":"Nankang","affiliation-country":"Taiwan"}],"prism:aggregationType":"Journal","subtype":"ar","subtypeDescription":"Article","author-count":{"@limit": "100", "@total": "1", "$" :"1"},"author": [{"@_fa": "true", "@seq": "1", "author-url":"https://api.elsevier.com/content/author/author_id/55728564200","authid":"55728564200","authname":"Simon S.","surname":"Simon","given-name":"Scott","initials":"S.","afid": [{"@_fa": "true", "$" :"60016969"}]}],"source-id":"5700169047","fund-no":"undefined","openaccess":"0","openaccessFlag":false},{"@_fa": "true", "link": [{"@_fa": "true", "@ref": "self", "@href": "https://api.elsevier.com/content/abstract/scopus_id/0034347957"},{"@_fa": "true", "@ref": "author-affiliation", "@href": "https://api.elsevier.com/content/abstract/scopus_id/0034347957?field=author,affiliation"},{"@_fa": "true", "@ref": "scopus", "@href": "https://www.scopus.com/inward/record.uri?partnerID=HzOxMe3b&scp=0034347957&origin=inward"},{"@_fa": "true", "@ref": "scopus-citedby", "@href": "https://www.scopus.com/inward/citedby.uri?partnerID=HzOxMe3b&scp=0034347957&origin=inward"}],"prism:url":"https://api.elsevier.com/content/abstract/scopus_id/0034347957","dc:identifier":"SCOPUS_ID:0034347957","eid":"2-s2.0-0034347957","dc:title":"Forces of patriarchy: Adolescent experiences of sexuality and conceptions of relationships","dc:creator":"Van Roosmalen E.","prism:publicationName":"Youth and Society","prism:issn":"0044118X","prism:volume":"32","prism:issueIdentifier":"2","prism:pageRange":"202-227","prism:coverDate":"2000-01-01","prism:coverDisplayDate":"December 2000","prism:doi":"10.1177/0044118X00032002004","dc:description":"This article examines the ways in which forces of patriarchy, along with capitalism, in constructing women, continue to play a significant role in shaping adolescent experiences of sexuality and conceptions of relationships. Based on a qualitative textual analysis of 875 letters written to the advice column of Teen Magazine, this article begins by reporting on some of the concerns and issues of sexuality, gender identity, and relationships facing preteen and teenage women in the 1990s. It is argued in this article that during early adolescence the power and the contradictions of patriarchy and capitalism, in shaping what are seen as most private - an adult sexual identity - are most apparent and identifiable. It is in listening to and hearing the voices and experiences of young women that we can begin to understand how teenage women are shaped as sexual beings in a culture of patriarchy.","citedby-count":"30","affiliation": [{"@_fa": "true", "affiliation-url":"https://api.elsevier.com/content/affiliation/affiliation_id/60015913","afid":"60015913","affilname":"Dalhousie University","affiliation-city":"Halifax","affiliation-country":"Canada"}],"prism:aggregationType":"Journal","subtype":"ar","subtypeDescription":"Article","author-count":{"@limit": "100", "@total": "1", "$" :"1"},"author": [{"@_fa": "true", "@seq": "1", "author-url":"https://api.elsevier.com/content/author/author_id/6602652603","authid":"6602652603","authname":"Van Roosmalen E.","surname":"Van Roosmalen","given-name":"Erica","initials":"E.","afid": [{"@_fa": "true", "$" :"60015913"}]}],"source-id":"27446","fund-no":"undefined","openaccess":"0","openaccessFlag":false},{"@_fa": "true", "link": [{"@_fa": "true", "@ref": "self", "@href": "https://api.elsevier.com/content/abstract/scopus_id/0034581963"},{"@_fa": "true", "@ref": "author-affiliation", "@href": "https://api.elsevier.com/content/abstract/scopus_id/0034581963?field=author,affiliation"},{"@_fa": "true", "@ref": "scopus", "@href": "https://www.scopus.com/inward/record.uri?partnerID=HzOxMe3b&scp=0034581963&origin=inward"},{"@_fa": "true", "@ref": "scopus-citedby", "@href": "https://www.scopus.com/inward/citedby.uri?partnerID=HzOxMe3b&scp=0034581963&origin=inward"}],"prism:url":"https://api.elsevier.com/content/abstract/scopus_id/0034581963","dc:identifier":"SCOPUS_ID:0034581963","eid":"2-s2.0-0034581963","dc:title":"Spoken pleasures and dangerous desires: Sexuality, marriage, and the state in rural Southeastern China","dc:creator":"Friedman S.","prism:publicationName":"East Asia","prism:issn":"10966838","prism:volume":"18","prism:issueIdentifier":"4","prism:pageRange":"13-39","prism:coverDate":"2000-01-01","prism:coverDisplayDate":"2000","prism:doi":"10.1007/s12140-000-0018-1","citedby-count":"20","prism:aggregationType":"Journal","subtype":"ar","subtypeDescription":"Article","author-count":{"@limit": "100", "@total": "1", "$" :"1"},"author": [{"@_fa": "true", "@seq": "1", "author-url":"https://api.elsevier.com/content/author/author_id/8643546100","authid":"8643546100","authname":"Friedman S.","surname":"Friedman","given-name":"Sara L.","initials":"S.L."}],"source-id":"16405","fund-no":"undefined","openaccess":"0","openaccessFlag":false},{"@_fa": "true", "link": [{"@_fa": "true", "@ref": "self", "@href": "https://api.elsevier.com/content/abstract/scopus_id/0034258459"},{"@_fa": "true", "@ref": "author-affiliation", "@href": "https://api.elsevier.com/content/abstract/scopus_id/0034258459?field=author,affiliation"},{"@_fa": "true", "@ref": "scopus", "@href": "https://www.scopus.com/inward/record.uri?partnerID=HzOxMe3b&scp=0034258459&origin=inward"},{"@_fa": "true", "@ref": "scopus-citedby", "@href": "https://www.scopus.com/inward/citedby.uri?partnerID=HzOxMe3b&scp=0034258459&origin=inward"}],"prism:url":"https://api.elsevier.com/content/abstract/scopus_id/0034258459","dc:identifier":"SCOPUS_ID:0034258459","eid":"2-s2.0-0034258459","dc:title":"The rise of the poor, weak, and wicked: Poor care, punishment, religion, and patriarchy in Leipzig, 1700-1730","dc:creator":"Kevorkian T.","prism:publicationName":"Journal of Social History","prism:issn":"00224529","prism:volume":"34","prism:issueIdentifier":"1","prism:pageRange":"163-181","prism:coverDate":"2000-01-01","prism:coverDisplayDate":"Fall 2000","prism:doi":"10.1353/jsh.2000.0112","citedby-count":"3","prism:aggregationType":"Journal","subtype":"re","subtypeDescription":"Review","author-count":{"@limit": "100", "@total": "1", "$" :"1"},"author": [{"@_fa": "true", "@seq": "1", "author-url":"https://api.elsevier.com/content/author/author_id/6506612356","authid":"6506612356","authname":"Kevorkian T.","surname":"Kevorkian","given-name":"Tanya","initials":"T."}],"source-id":"15675","fund-no":"undefined","openaccess":"0","openaccessFlag":false},{"@_fa": "true", "link": [{"@_fa": "true", "@ref": "self", "@href": "https://api.elsevier.com/content/abstract/scopus_id/0042854998"},{"@_fa": "true", "@ref": "author-affiliation", "@href": "https://api.elsevier.com/content/abstract/scopus_id/0042854998?field=author,affiliation"},{"@_fa": "true", "@ref": "scopus", "@href": "https://www.scopus.com/inward/record.uri?partnerID=HzOxMe3b&scp=0042854998&origin=inward"},{"@_fa": "true", "@ref": "scopus-citedby", "@href": "https://www.scopus.com/inward/citedby.uri?partnerID=HzOxMe3b&scp=0042854998&origin=inward"}],"prism:url":"https://api.elsevier.com/content/abstract/scopus_id/0042854998","dc:identifier":"SCOPUS_ID:0042854998","eid":"2-s2.0-0042854998","dc:title":"Immigration, culture conflict and domestic violence/woman battering","dc:creator":"Erez E.","prism:publicationName":"Crime Prevention and Community Safety","prism:issn":"14603780","prism:eIssn":"17434629","prism:volume":"2","prism:issueIdentifier":"1","prism:pageRange":"27-36","prism:coverDate":"2000-01-01","prism:coverDisplayDate":"1 January 2000","prism:doi":"10.1057/palgrave.cpcs.8140043","pii":"8140043","dc:description":"This article explores the way in which immigration status interacts with domestic violence/woman battering in the lives of immigrant women in multicultural societies such as the USA, Australia, Germany and Israel. It reviews the reasons immigrant women are particularly vulnerable to battering, and discusses the reasons they stay with the batterers, avoid reporting the abuse to law enforcement authorities, and under-utilise social services. The article concludes with the implications of these issues for criminal justice policy and research. Copyright © 2000 Perpetuity Press Ltd.","citedby-count":"35","affiliation": [{"@_fa": "true", "affiliation-url":"https://api.elsevier.com/content/affiliation/affiliation_id/60029653","afid":"60029653","affilname":"Kent State University","affiliation-city":"Kent","affiliation-country":"United States"}],"prism:aggregationType":"Journal","subtype":"ar","subtypeDescription":"Article","author-count":{"@limit": "100", "@total": "1", "$" :"1"},"author": [{"@_fa": "true", "@seq": "1", "author-url":"https://api.elsevier.com/content/author/author_id/7006108418","authid":"7006108418","authname":"Erez E.","surname":"Erez","given-name":"Edna","initials":"E.","afid": [{"@_fa": "true", "$" :"60029653"}]}],"authkeywords":"immigration | interpreters | patriarchy | reporting to police | Woman battering","source-id":"5600152936","fund-no":"undefined","openaccess":"0","openaccessFlag":false},{"@_fa": "true", "link": [{"@_fa": "true", "@ref": "self", "@href": "https://api.elsevier.com/content/abstract/scopus_id/0033819298"},{"@_fa": "true", "@ref": "author-affiliation", "@href": "https://api.elsevier.com/content/abstract/scopus_id/0033819298?field=author,affiliation"},{"@_fa": "true", "@ref": "scopus", "@href": "https://www.scopus.com/inward/record.uri?partnerID=HzOxMe3b&scp=0033819298&origin=inward"},{"@_fa": "true", "@ref": "scopus-citedby", "@href": "https://www.scopus.com/inward/citedby.uri?partnerID=HzOxMe3b&scp=0033819298&origin=inward"}],"prism:url":"https://api.elsevier.com/content/abstract/scopus_id/0033819298","dc:identifier":"SCOPUS_ID:0033819298","eid":"2-s2.0-0033819298","dc:title":"The Right to Rest: Women’s struggle to be heard in the Zapatistas’ movement","dc:creator":"Belausteguigoitia M.","prism:publicationName":"Development (Basingstoke)","prism:issn":"10116370","prism:eIssn":"02122448","prism:volume":"43","prism:issueIdentifier":"3","prism:pageRange":"81-86","prism:coverDate":"2000-01-01","prism:coverDisplayDate":"September 2000","prism:doi":"10.1057/palgrave.development.1110176","dc:description":"Marisa Belausteguigoitia examines how demands ofZapatistas’ indigenous women have beentreated differently from the claims made by indigenous representatives inside official negotiations with the Mexican state during the 1990s. Taking the example of the claim for the right to rest, she explores the ways in which indigenous women’s voices, in Chiapas and inside the Zapatistas’ rebellion, have been edited and reduced to be bearers of community traditions. © 2000 The Society for International Development.","citedby-count":"4","prism:aggregationType":"Journal","subtype":"ar","subtypeDescription":"Article","author-count":{"@limit": "100", "@total": "1", "$" :"1"},"author": [{"@_fa": "true", "@seq": "1", "author-url":"https://api.elsevier.com/content/author/author_id/6506361815","authid":"6506361815","authname":"Belausteguigoitia M.","surname":"Belausteguigoitia","given-name":"Marisa","initials":"M."}],"authkeywords":"Autonomy | Chiapas | Identity | Indigenous | Patriarchy","source-id":"14090","fund-no":"undefined","openaccess":"0","openaccessFlag":false},{"@_fa": "true", "link": [{"@_fa": "true", "@ref": "self", "@href": "https://api.elsevier.com/content/abstract/scopus_id/84993808280"},{"@_fa": "true", "@ref": "author-affiliation", "@href": "https://api.elsevier.com/content/abstract/scopus_id/84993808280?field=author,affiliation"},{"@_fa": "true", "@ref": "scopus", "@href": "https://www.scopus.com/inward/record.uri?partnerID=HzOxMe3b&scp=84993808280&origin=inward"},{"@_fa": "true", "@ref": "scopus-citedby", "@href": "https://www.scopus.com/inward/citedby.uri?partnerID=HzOxMe3b&scp=84993808280&origin=inward"}],"prism:url":"https://api.elsevier.com/content/abstract/scopus_id/84993808280","dc:identifier":"SCOPUS_ID:84993808280","eid":"2-s2.0-84993808280","dc:title":"Gender Relations and Witches among the Indigenous Communities of Jharkhand, India","dc:creator":"Mullick S.","prism:publicationName":"Gender Technology And Development","prism:issn":"09718524","prism:volume":"4","prism:issueIdentifier":"3","prism:pageRange":"333-358","prism:coverDate":"2000-01-01","prism:coverDisplayDate":"November 2000","prism:doi":"10.1177/097185240000400301","dc:description":"Indigenous societies in India are showing an increasing tendency towards growing inequality in gender relations. This is more pronounced in societies that have integrated with mainstream Indian society. The objective of this paper is to determine if there is any co-relation between the growth of unequal gender relations and the widespread belief and practice of condemnation of women as witches, particularly among the Munda and the Ho in Jharkhand in India. Through an analysis and interpretation of myths, legends, and witch songs, the paper endeavors to see the belief in witchcraft in the context of the changing socio-economic condition of the indigenous peoples in India. The belief in witches and the targeting of women as witches are only the external manifestations of a deep-rooted gender struggle as patriarchy in the dominant Hindu society influences indigenous cultures. © 2000, Sage Publications. All rights reserved.","citedby-count":"7","affiliation": [{"@_fa": "true", "affiliation-url":"https://api.elsevier.com/content/affiliation/affiliation_id/100532213","afid":"100532213","affilname":"Xavier Institute of Social Service","affiliation-city":"Ranchi","affiliation-country":"India"}],"prism:aggregationType":"Journal","subtype":"ar","subtypeDescription":"Article","author-count":{"@limit": "100", "@total": "1", "$" :"1"},"author": [{"@_fa": "true", "@seq": "1", "author-url":"https://api.elsevier.com/content/author/author_id/57191813026","authid":"57191813026","authname":"Mullick S.","surname":"Mullick","given-name":"Samar Bosu","initials":"S.B.","afid": [{"@_fa": "true", "$" :"100532213"}]}],"source-id":"23641","fund-no":"undefined","openaccess":"0","openaccessFlag":false},{"@_fa": "true", "link": [{"@_fa": "true", "@ref": "self", "@href": "https://api.elsevier.com/content/abstract/scopus_id/0034493951"},{"@_fa": "true", "@ref": "author-affiliation", "@href": "https://api.elsevier.com/content/abstract/scopus_id/0034493951?field=author,affiliation"},{"@_fa": "true", "@ref": "scopus", "@href": "https://www.scopus.com/inward/record.uri?partnerID=HzOxMe3b&scp=0034493951&origin=inward"},{"@_fa": "true", "@ref": "scopus-citedby", "@href": "https://www.scopus.com/inward/citedby.uri?partnerID=HzOxMe3b&scp=0034493951&origin=inward"}],"prism:url":"https://api.elsevier.com/content/abstract/scopus_id/0034493951","dc:identifier":"SCOPUS_ID:0034493951","eid":"2-s2.0-0034493951","dc:title":"Mujhe Jawab Do! (Answer me!): Women's grass-roots activism and social spaces in Chitrakoot (India)","dc:creator":"Nagar R.","prism:publicationName":"Gender, Place and Culture","prism:issn":"0966369X","prism:volume":"7","prism:issueIdentifier":"4","prism:pageRange":"341-362","prism:coverDate":"2000-01-01","prism:coverDisplayDate":"2000","prism:doi":"10.1080/713668879","dc:description":"Focusing on an ongoing grass-roots campaign of rural women in North India, this article examines how feminist activists strategically use and create social spaces to generate collective dialogue and critical reflection on issues of patriarchy and violence. The author highlights the ways in which grass-roots activists theorize the interrelationships among their own political actions, their visions of empowerment, and the everyday gendered spaces they seek to transform. The article demonstrates how a serious engagement with social spaces in grass-roots activism can enable us to overcome the conceptual gaps in feminist theorizations of empowerment and violence, and to apprehend more adequately the nature, content, and meanings of women's political actions.","citedby-count":"50","affiliation": [{"@_fa": "true", "affiliation-url":"https://api.elsevier.com/content/affiliation/affiliation_id/60029445","afid":"60029445","affilname":"University of Minnesota Twin Cities","affiliation-city":"Minneapolis","affiliation-country":"United States"}],"prism:aggregationType":"Journal","subtype":"ar","subtypeDescription":"Article","author-count":{"@limit": "100", "@total": "1", "$" :"1"},"author": [{"@_fa": "true", "@seq": "1", "author-url":"https://api.elsevier.com/content/author/author_id/7006022488","authid":"7006022488","authname":"Nagar R.","surname":"Nagar","given-name":"R.","initials":"R.","afid": [{"@_fa": "true", "$" :"60029445"}]}],"source-id":"23638","fund-no":"undefined","openaccess":"0","openaccessFlag":false}]}}