{"search-results":{"opensearch:totalResults":"205","opensearch:startIndex":"0","opensearch:itemsPerPage":"25","opensearch:Query":{"@role": "request", "@searchTerms": "TITLE-ABS-KEY(\"patriarchy\") AND SUBJAREA(SOCI) AND PUBYEAR = 2013", "@startPage": "0"},"link": [{"@_fa": "true", "@ref": "self", "@href": "https://api.elsevier.com/content/search/scopus?start=0&count=25&query=TITLE-ABS-KEY%28%22patriarchy%22%29+AND+SUBJAREA%28SOCI%29+AND+PUBYEAR+%3D+2013&apiKey=27d953b4b546791964ebeb768d13e61f&view=COMPLETE", "@type": "application/json"},{"@_fa": "true", "@ref": "first", "@href": "https://api.elsevier.com/content/search/scopus?start=0&count=25&query=TITLE-ABS-KEY%28%22patriarchy%22%29+AND+SUBJAREA%28SOCI%29+AND+PUBYEAR+%3D+2013&apiKey=27d953b4b546791964ebeb768d13e61f&view=COMPLETE", "@type": "application/json"},{"@_fa": "true", "@ref": "next", "@href": "https://api.elsevier.com/content/search/scopus?start=25&count=25&query=TITLE-ABS-KEY%28%22patriarchy%22%29+AND+SUBJAREA%28SOCI%29+AND+PUBYEAR+%3D+2013&apiKey=27d953b4b546791964ebeb768d13e61f&view=COMPLETE", "@type": "application/json"},{"@_fa": "true", "@ref": "last", "@href": "https://api.elsevier.com/content/search/scopus?start=180&count=25&query=TITLE-ABS-KEY%28%22patriarchy%22%29+AND+SUBJAREA%28SOCI%29+AND+PUBYEAR+%3D+2013&apiKey=27d953b4b546791964ebeb768d13e61f&view=COMPLETE", "@type": "application/json"}],"entry": [{"@_fa": "true", "link": [{"@_fa": "true", "@ref": "self", "@href": "https://api.elsevier.com/content/abstract/scopus_id/84890884894"},{"@_fa": "true", "@ref": "author-affiliation", "@href": "https://api.elsevier.com/content/abstract/scopus_id/84890884894?field=author,affiliation"},{"@_fa": "true", "@ref": "scopus", "@href": "https://www.scopus.com/inward/record.uri?partnerID=HzOxMe3b&scp=84890884894&origin=inward"},{"@_fa": "true", "@ref": "scopus-citedby", "@href": "https://www.scopus.com/inward/citedby.uri?partnerID=HzOxMe3b&scp=84890884894&origin=inward"}],"prism:url":"https://api.elsevier.com/content/abstract/scopus_id/84890884894","dc:identifier":"SCOPUS_ID:84890884894","eid":"2-s2.0-84890884894","dc:title":"Hélène Cixous's Autre Bisexualité and the Eternal Feminine in the Works of Nuala Ní Dhomhnaill","dc:creator":"Kirkley L.","prism:publicationName":"Women","prism:issn":"09574042","prism:eIssn":"14701367","prism:volume":"24","prism:issueIdentifier":"4","prism:pageRange":"315-336","prism:coverDate":"2013-12-27","prism:coverDisplayDate":"2013","prism:doi":"10.1080/09574042.2013.857964","dc:description":"This article analyses the creative engagement of the Irish-language poet Ní Dhomhnaill with Hélène Cixous's écriture féminine. Ní Dhomhnaill translates Cixousian images and concepts into her texts, returning on several occasions to the concept of l'autre bisexualité ('the other bisexuality'). Cixous uses this concept to rehabilitate-and celebrate-what she designates as 'the feminine', the alterity within and outside the self. For both writers, this alterity comprehends marginalized cultures as well as femininity. Both bring anti-essentialist convictions to their views of gender and cultural identity, but their respective poetics are born of shared preoccupations with biblical and mythological figures, and narratives often implicated in essentialism. Ní Dhomhnaill connects these archetypal figures with the cultural realities of post-colonial Ireland. The author argues that she draws on the works of Cixous to connect the indigenous Irish language and culture with the rehabilitation of femininity. But whereas, in Cixousian texts, 'femininity' eludes concrete definitions and stable meanings, in the works of Ní Dhomhnaill, it often signifies an authentic pre-colonial culture that is ripe for rediscovery in post-colonial Ireland. Ní Dhomhnaill simultaneously celebrates this culture and acknowledges its embeddedness in a Celtic patriarchy that her Cixousian tropes work to undercut. © 2013 Taylor & Francis.","citedby-count":"0","prism:aggregationType":"Journal","subtype":"ar","subtypeDescription":"Article","author-count":{"@limit": "100", "@total": "1", "$" :"1"},"author": [{"@_fa": "true", "@seq": "1", "author-url":"https://api.elsevier.com/content/author/author_id/55572665700","authid":"55572665700","authname":"Kirkley L.","surname":"Kirkley","given-name":"Laura","initials":"L."}],"authkeywords":"bisexuality | Cixous | écriture féminine | feminism | Ní Dhomhnaill | post-colonialism","source-id":"6400153188","fund-no":"undefined","openaccess":"0","openaccessFlag":false},{"@_fa": "true", "link": [{"@_fa": "true", "@ref": "self", "@href": "https://api.elsevier.com/content/abstract/scopus_id/84890600017"},{"@_fa": "true", "@ref": "author-affiliation", "@href": "https://api.elsevier.com/content/abstract/scopus_id/84890600017?field=author,affiliation"},{"@_fa": "true", "@ref": "scopus", "@href": "https://www.scopus.com/inward/record.uri?partnerID=HzOxMe3b&scp=84890600017&origin=inward"},{"@_fa": "true", "@ref": "scopus-citedby", "@href": "https://www.scopus.com/inward/citedby.uri?partnerID=HzOxMe3b&scp=84890600017&origin=inward"}],"prism:url":"https://api.elsevier.com/content/abstract/scopus_id/84890600017","dc:identifier":"SCOPUS_ID:84890600017","eid":"2-s2.0-84890600017","dc:title":"Rights, bioconstitutionalism and the politics of reproductive citizenship in Italy","dc:creator":"Hanafin P.","prism:publicationName":"Citizenship Studies","prism:issn":"13621025","prism:eIssn":"14693593","prism:volume":"17","prism:issueIdentifier":"8","prism:pageRange":"942-955","prism:coverDate":"2013-12-25","prism:coverDisplayDate":"2013","prism:doi":"10.1080/13621025.2013.851144","dc:description":"The introduction of a restrictive law on assisted reproduction in Italy in 2004 sees the privileging of a conservative model of family relations and a patriarchal conception of society. This law excludes many individuals from full reproductive citizenship. The 2004 Act excludes gay couples, single people and people who are carriers of genetically inherited conditions from access to assisted reproductive technologies. This article examines the manner in which citizen contestation of the law via Court challenges engages what Jasanoff (2011, Reframing rights: bioconstitutionalism in the genetic age, Cambridge, MA: The MIT Press) has termed a practice of 'bioconstitutionalism'. Such a practice has led to a gradual judicial reworking of the Act, and demonstrates the power of individuals acting in concert to contest successfully draconian state action. It undoes the imposition of a biopolitical ordering on individuals and allows them, through their own continuous action, to perform a contestatory form of citizenship. © 2013 © 2013 Taylor & Francis.","citedby-count":"1","affiliation": [{"@_fa": "true", "affiliation-url":"https://api.elsevier.com/content/affiliation/affiliation_id/60009016","afid":"60009016","affilname":"Birkbeck University of London","affiliation-city":"London","affiliation-country":"United Kingdom"}],"prism:aggregationType":"Journal","subtype":"ar","subtypeDescription":"Article","author-count":{"@limit": "100", "@total": "1", "$" :"1"},"author": [{"@_fa": "true", "@seq": "1", "author-url":"https://api.elsevier.com/content/author/author_id/6508211141","authid":"6508211141","authname":"Hanafin P.","surname":"Hanafin","given-name":"Patrick","initials":"P.","afid": [{"@_fa": "true", "$" :"60009016"}]}],"authkeywords":"bioconstitutionalism | biopolitics | human rights | Italy | reproductive citizenship","source-id":"16886","fund-no":"undefined","openaccess":"0","openaccessFlag":false},{"@_fa": "true", "link": [{"@_fa": "true", "@ref": "self", "@href": "https://api.elsevier.com/content/abstract/scopus_id/84890742112"},{"@_fa": "true", "@ref": "author-affiliation", "@href": "https://api.elsevier.com/content/abstract/scopus_id/84890742112?field=author,affiliation"},{"@_fa": "true", "@ref": "scopus", "@href": "https://www.scopus.com/inward/record.uri?partnerID=HzOxMe3b&scp=84890742112&origin=inward"},{"@_fa": "true", "@ref": "scopus-citedby", "@href": "https://www.scopus.com/inward/citedby.uri?partnerID=HzOxMe3b&scp=84890742112&origin=inward"}],"prism:url":"https://api.elsevier.com/content/abstract/scopus_id/84890742112","dc:identifier":"SCOPUS_ID:84890742112","eid":"2-s2.0-84890742112","dc:title":"Inventive articulation: How High Atlas farmers put the global to work","dc:creator":"Crawford D.","prism:publicationName":"Journal of North African Studies","prism:issn":"13629387","prism:eIssn":"17439345","prism:volume":"18","prism:issueIdentifier":"5","prism:pageRange":"639-651","prism:coverDate":"2013-12-24","prism:coverDisplayDate":"2013","prism:doi":"10.1080/13629387.2013.849891","dc:description":"This chapter explores how farmers in the Moroccan High Atlas put the global to work. It emphasises the agency of local people and the way villagers seize upon changing opportunities for their own specific, culturally sensible agendas. It also demonstrates the way actions with very particular intentions nonetheless contribute to three broadly 'global' processes: the expansion of the wage labour economy, economic development, and the transformation of religious ideology. The paper presents a short case study for each of these three global processes. The first involves the way patriarchal authority inspires labour migration and how this migration inadvertently leads to the dissolution of the extended patriarchal household that inspired it. This case shows how local cultural values combined with resistance to entrenched, traditional power relations allows the wage labour economy to expand. Next, we examine how exogenous resources provided by development agencies at the state and international level become tools in local struggles between villages, lineage segments, and generations of patriarchs. What outsiders see as new 'development' is from a village perspective only, a new manifestation of very long-term political dynamics. Finally, we turn to the ways that contemporary understandings of Islamic propriety are put to work by locals to undermine the legitimacy of traditional igurramen or 'saints' of the Atlas. These cases are meant to show that global processes are not merely manifest locally, but that what we generalise as 'the global' is in an important sense an exogenous framing of disparate localised phenomena. © 2013 Taylor & Francis.","citedby-count":"1","affiliation": [{"@_fa": "true", "affiliation-url":"https://api.elsevier.com/content/affiliation/affiliation_id/60010537","afid":"60010537","affilname":"Fairfield University","affiliation-city":"Fairfield","affiliation-country":"United States"}],"prism:aggregationType":"Journal","subtype":"ar","subtypeDescription":"Article","author-count":{"@limit": "100", "@total": "1", "$" :"1"},"author": [{"@_fa": "true", "@seq": "1", "author-url":"https://api.elsevier.com/content/author/author_id/35232949500","authid":"35232949500","authname":"Crawford D.","surname":"Crawford","given-name":"David","initials":"D.","afid": [{"@_fa": "true", "$" :"60010537"}]}],"authkeywords":"development | household economy | patriarchy | wage labour","source-id":"19096","fund-no":"undefined","openaccess":"0","openaccessFlag":false},{"@_fa": "true", "link": [{"@_fa": "true", "@ref": "self", "@href": "https://api.elsevier.com/content/abstract/scopus_id/84890574356"},{"@_fa": "true", "@ref": "author-affiliation", "@href": "https://api.elsevier.com/content/abstract/scopus_id/84890574356?field=author,affiliation"},{"@_fa": "true", "@ref": "scopus", "@href": "https://www.scopus.com/inward/record.uri?partnerID=HzOxMe3b&scp=84890574356&origin=inward"},{"@_fa": "true", "@ref": "scopus-citedby", "@href": "https://www.scopus.com/inward/citedby.uri?partnerID=HzOxMe3b&scp=84890574356&origin=inward"}],"prism:url":"https://api.elsevier.com/content/abstract/scopus_id/84890574356","dc:identifier":"SCOPUS_ID:84890574356","eid":"2-s2.0-84890574356","dc:title":"Colonialism and patriarchy: Where the Korean family-head (hoju) system had been located","dc:creator":"Yang H.","prism:publicationName":"Law and Society in Korea","prism:isbn": [{"@_fa": "true", "$" :"9781848443389"}],"prism:pageRange":"45-63","prism:coverDate":"2013-12-23","prism:coverDisplayDate":"2013","prism:doi":"10.4337/9781781953631.00010","citedby-count":"1","affiliation": [{"@_fa": "true", "affiliation-url":"https://api.elsevier.com/content/affiliation/affiliation_id/60013682","afid":"60013682","affilname":"Seoul National University","affiliation-city":"Seoul","affiliation-country":"South Korea"}],"prism:aggregationType":"Book","subtype":"ch","subtypeDescription":"Chapter","author-count":{"@limit": "100", "@total": "1", "$" :"1"},"author": [{"@_fa": "true", "@seq": "1", "author-url":"https://api.elsevier.com/content/author/author_id/55970981000","authid":"55970981000","authname":"Yang H.","surname":"Yang","given-name":"Hyunah","initials":"H.","afid": [{"@_fa": "true", "$" :"60013682"}]}],"source-id":"21100276087","fund-no":"undefined","openaccess":"0","openaccessFlag":false},{"@_fa": "true", "link": [{"@_fa": "true", "@ref": "self", "@href": "https://api.elsevier.com/content/abstract/scopus_id/84891117276"},{"@_fa": "true", "@ref": "author-affiliation", "@href": "https://api.elsevier.com/content/abstract/scopus_id/84891117276?field=author,affiliation"},{"@_fa": "true", "@ref": "scopus", "@href": "https://www.scopus.com/inward/record.uri?partnerID=HzOxMe3b&scp=84891117276&origin=inward"},{"@_fa": "true", "@ref": "scopus-citedby", "@href": "https://www.scopus.com/inward/citedby.uri?partnerID=HzOxMe3b&scp=84891117276&origin=inward"}],"prism:url":"https://api.elsevier.com/content/abstract/scopus_id/84891117276","dc:identifier":"SCOPUS_ID:84891117276","eid":"2-s2.0-84891117276","dc:title":"The provincial self in the town of love","dc:creator":"Wani A.","prism:publicationName":"Economic and Political Weekly","prism:issn":"00129976","prism:volume":"48","prism:issueIdentifier":"51","prism:pageRange":"34-37","prism:coverDate":"2013-12-21","prism:coverDisplayDate":"21 December 2013","dc:description":"The fi lm Shuddh Desi Romance departs from other Bollywood fi lms in its attempt to reconfi gure gender relations, its anti-marriage stance and its advocacy of relationships of love outside the realm of conventions and customs. It not only espouses values that go against normative constructs of Indianness but also questions cinematic conventions. The fi lm is important in the way it splices the individual confusions of the romantic couple with the confusions that prevail in the country's social fabric which is punctured by hierarchies and orthodoxies of caste and patriarchy.","citedby-count":"0","affiliation": [{"@_fa": "true", "affiliation-url":"https://api.elsevier.com/content/affiliation/affiliation_id/60113945","afid":"60113945","affilname":"Symbiosis College of Arts &amp; Commerce","affiliation-city":"Pune","affiliation-country":"India"}],"prism:aggregationType":"Journal","subtype":"re","subtypeDescription":"Review","author-count":{"@limit": "100", "@total": "1", "$" :"1"},"author": [{"@_fa": "true", "@seq": "1", "author-url":"https://api.elsevier.com/content/author/author_id/55634782000","authid":"55634782000","authname":"Wani A.","surname":"Wani","given-name":"Aarti","initials":"A.","afid": [{"@_fa": "true", "$" :"60113945"}]}],"source-id":"19957","fund-no":"undefined","openaccess":"0","openaccessFlag":false},{"@_fa": "true", "link": [{"@_fa": "true", "@ref": "self", "@href": "https://api.elsevier.com/content/abstract/scopus_id/84890020432"},{"@_fa": "true", "@ref": "author-affiliation", "@href": "https://api.elsevier.com/content/abstract/scopus_id/84890020432?field=author,affiliation"},{"@_fa": "true", "@ref": "scopus", "@href": "https://www.scopus.com/inward/record.uri?partnerID=HzOxMe3b&scp=84890020432&origin=inward"},{"@_fa": "true", "@ref": "scopus-citedby", "@href": "https://www.scopus.com/inward/citedby.uri?partnerID=HzOxMe3b&scp=84890020432&origin=inward"}],"prism:url":"https://api.elsevier.com/content/abstract/scopus_id/84890020432","dc:identifier":"SCOPUS_ID:84890020432","eid":"2-s2.0-84890020432","dc:title":"Constructing and practicing feminist pedagogy in Taiwan using a field study of the Twenty-Five Ladies Tomb","dc:creator":"Tang W.","prism:publicationName":"Gender, Place and Culture","prism:issn":"0966369X","prism:eIssn":"13600524","prism:volume":"20","prism:issueIdentifier":"6","prism:pageRange":"811-826","prism:coverDate":"2013-12-16","prism:coverDisplayDate":"2013","prism:doi":"10.1080/0966369X.2012.731382","dc:description":"Drawing on theories of space, gender, and participatory learning, central concepts in feminist pedagogy, the author designed a university-level general-education course that took the Twenty-Five Ladies Tomb in southern Taiwan as the focus of a field study and class discussion. This local gendered site, which commemorates a 1973 ferry accident that killed 25 unmarried young women working in Kaohsiung, raises issues about patriarchy in Taiwan, gender inequities in traditional Han customs, and women's labor. The course relied on guided class discussions and focus-group discussions, culminating in a visit to the site. Face to face with the researched, the author not only built an inclusive and supportive relationship with students in the classroom, but also put her researcher's reflexivity into teaching practice. Research results indicate that the freedom of the class discussion format succeeded in breaking down the logic of binary opposition that accompanies the traditional gender duality of male/female. Avoiding a top-down teaching style also minimized students' resistance to perspectives emphasizing gender equality. © 2013 Taylor & Francis.","citedby-count":"1","affiliation": [{"@_fa": "true", "affiliation-url":"https://api.elsevier.com/content/affiliation/affiliation_id/60021182","afid":"60021182","affilname":"Sun Yat-Sen University","affiliation-city":"Guangzhou","affiliation-country":"China"}],"prism:aggregationType":"Journal","subtype":"ar","subtypeDescription":"Article","author-count":{"@limit": "100", "@total": "1", "$" :"1"},"author": [{"@_fa": "true", "@seq": "1", "author-url":"https://api.elsevier.com/content/author/author_id/53882040600","authid":"53882040600","authname":"Tang W.","surname":"Tang","given-name":"Wen Hui Anna","initials":"W.H.A.","afid": [{"@_fa": "true", "$" :"60021182"}]}],"authkeywords":"Feminist pedagogy | Focus groups | Gender and space | General education | Twenty-five ladies tomb","source-id":"23638","fund-no":"undefined","fund-sponsor":"National Sun Yat-sen University","openaccess":"0","openaccessFlag":false},{"@_fa": "true", "link": [{"@_fa": "true", "@ref": "self", "@href": "https://api.elsevier.com/content/abstract/scopus_id/84890064141"},{"@_fa": "true", "@ref": "author-affiliation", "@href": "https://api.elsevier.com/content/abstract/scopus_id/84890064141?field=author,affiliation"},{"@_fa": "true", "@ref": "scopus", "@href": "https://www.scopus.com/inward/record.uri?partnerID=HzOxMe3b&scp=84890064141&origin=inward"},{"@_fa": "true", "@ref": "scopus-citedby", "@href": "https://www.scopus.com/inward/citedby.uri?partnerID=HzOxMe3b&scp=84890064141&origin=inward"}],"prism:url":"https://api.elsevier.com/content/abstract/scopus_id/84890064141","dc:identifier":"SCOPUS_ID:84890064141","eid":"2-s2.0-84890064141","dc:title":"'It can be dangerous for the uterus': Hegemonic masculinity and cooperative recycling in sãopaulo,Brazil","dc:creator":"Nunn N.","prism:publicationName":"Gender, Place and Culture","prism:issn":"0966369X","prism:eIssn":"13600524","prism:volume":"20","prism:issueIdentifier":"6","prism:pageRange":"794-810","prism:coverDate":"2013-12-16","prism:coverDisplayDate":"2013","prism:doi":"10.1080/0966369X.2012.716400","dc:description":"This study examines performative social relations, specifically the role of hegemonic masculinity in shaping gendered space. First, by drawing on personal experiences and qualitative data from my research in São Paulo, Brazil, I examine the most salient aspects of hegemonic masculinity in the lives of female recyclers. Second, I suggest that masculine domination is not simply something established by men which aims to oppress women, but hegemonic masculinities can be (re)produced by women. I affirm this notion by exploring the ways in which hegemonic masculinity and common perceptions of social roles, abilities, and inabilities are discursively (re)produced by female recyclers. In particular, I argue that exploring the subordinate position of women is a productive means to gain a deeper understanding of hegemonic masculinity, while also, the concept of hegemonic masculinity is an effective tool for understanding the subordinate role of women. My experiences with the recyclers provide a context through which the fluid, complex, and dynamic nature of hegemonic masculinity can be further revealed. © 2013 Taylor & Francis.","citedby-count":"3","affiliation": [{"@_fa": "true", "affiliation-url":"https://api.elsevier.com/content/affiliation/affiliation_id/60010365","afid":"60010365","affilname":"The University of British Columbia","affiliation-city":"Vancouver","affiliation-country":"Canada"}],"prism:aggregationType":"Journal","subtype":"ar","subtypeDescription":"Article","author-count":{"@limit": "100", "@total": "1", "$" :"1"},"author": [{"@_fa": "true", "@seq": "1", "author-url":"https://api.elsevier.com/content/author/author_id/55875048500","authid":"55875048500","authname":"Nunn N.","surname":"Nunn","given-name":"Neil","initials":"N.","afid": [{"@_fa": "true", "$" :"60010365"}]}],"authkeywords":"Brazil | Cooperative recycling | Hegemonic masculinity | Masculine domination | Patriarchy","source-id":"23638","fund-no":"undefined","fund-sponsor":"Canadian International Development Agency","openaccess":"0","openaccessFlag":false},{"@_fa": "true", "link": [{"@_fa": "true", "@ref": "self", "@href": "https://api.elsevier.com/content/abstract/scopus_id/84906419104"},{"@_fa": "true", "@ref": "author-affiliation", "@href": "https://api.elsevier.com/content/abstract/scopus_id/84906419104?field=author,affiliation"},{"@_fa": "true", "@ref": "scopus", "@href": "https://www.scopus.com/inward/record.uri?partnerID=HzOxMe3b&scp=84906419104&origin=inward"},{"@_fa": "true", "@ref": "scopus-citedby", "@href": "https://www.scopus.com/inward/citedby.uri?partnerID=HzOxMe3b&scp=84906419104&origin=inward"}],"prism:url":"https://api.elsevier.com/content/abstract/scopus_id/84906419104","dc:identifier":"SCOPUS_ID:84906419104","eid":"2-s2.0-84906419104","dc:title":"Patriarchy and relations of production","dc:creator":"McDonough R.","prism:publicationName":"Feminism and Materialism: Women and Modes of Production","prism:isbn": [{"@_fa": "true", "$" :"9780203094082"}],"prism:volume":"7","prism:pageRange":"11-41","prism:coverDate":"2013-12-01","prism:coverDisplayDate":"2013","prism:doi":"10.4324/9780203094082","citedby-count":"24","affiliation": [{"@_fa": "true", "affiliation-url":"https://api.elsevier.com/content/affiliation/affiliation_id/60019702","afid":"60019702","affilname":"University of Birmingham","affiliation-city":"Birmingham","affiliation-country":"United Kingdom"}],"prism:aggregationType":"Book","subtype":"ch","subtypeDescription":"Chapter","author-count":{"@limit": "100", "@total": "2", "$" :"2"},"author": [{"@_fa": "true", "@seq": "1", "author-url":"https://api.elsevier.com/content/author/author_id/56335135000","authid":"56335135000","authname":"McDonough R.","surname":"McDonough","given-name":"Roisin","initials":"R."},{"@_fa": "true", "@seq": "2", "author-url":"https://api.elsevier.com/content/author/author_id/56445560400","authid":"56445560400","authname":"Harrison R.","surname":"Harrison","given-name":"Rachel","initials":"R.","afid": [{"@_fa": "true", "$" :"60019702"}]}],"source-id":"21100331354","fund-no":"undefined","openaccess":"0","openaccessFlag":false},{"@_fa": "true", "link": [{"@_fa": "true", "@ref": "self", "@href": "https://api.elsevier.com/content/abstract/scopus_id/84906444647"},{"@_fa": "true", "@ref": "author-affiliation", "@href": "https://api.elsevier.com/content/abstract/scopus_id/84906444647?field=author,affiliation"},{"@_fa": "true", "@ref": "scopus", "@href": "https://www.scopus.com/inward/record.uri?partnerID=HzOxMe3b&scp=84906444647&origin=inward"},{"@_fa": "true", "@ref": "scopus-citedby", "@href": "https://www.scopus.com/inward/citedby.uri?partnerID=HzOxMe3b&scp=84906444647&origin=inward"}],"prism:url":"https://api.elsevier.com/content/abstract/scopus_id/84906444647","dc:identifier":"SCOPUS_ID:84906444647","eid":"2-s2.0-84906444647","dc:title":"Structures of patriarchy and capital in the family","dc:creator":"Kuhn A.","prism:publicationName":"Feminism and Materialism: Women and Modes of Production","prism:isbn": [{"@_fa": "true", "$" :"9780203094082"}],"prism:volume":"7","prism:pageRange":"42-67","prism:coverDate":"2013-12-01","prism:coverDisplayDate":"2013","prism:doi":"10.4324/9780203094082","citedby-count":"14","prism:aggregationType":"Book","subtype":"ch","subtypeDescription":"Chapter","author-count":{"@limit": "100", "@total": "1", "$" :"1"},"author": [{"@_fa": "true", "@seq": "1", "author-url":"https://api.elsevier.com/content/author/author_id/56335322800","authid":"56335322800","authname":"Kuhn A.","surname":"Kuhn","given-name":"Annette","initials":"A."}],"source-id":"21100331354","fund-no":"undefined","openaccess":"0","openaccessFlag":false},{"@_fa": "true", "link": [{"@_fa": "true", "@ref": "self", "@href": "https://api.elsevier.com/content/abstract/scopus_id/84898319923"},{"@_fa": "true", "@ref": "author-affiliation", "@href": "https://api.elsevier.com/content/abstract/scopus_id/84898319923?field=author,affiliation"},{"@_fa": "true", "@ref": "scopus", "@href": "https://www.scopus.com/inward/record.uri?partnerID=HzOxMe3b&scp=84898319923&origin=inward"},{"@_fa": "true", "@ref": "scopus-citedby", "@href": "https://www.scopus.com/inward/citedby.uri?partnerID=HzOxMe3b&scp=84898319923&origin=inward"}],"prism:url":"https://api.elsevier.com/content/abstract/scopus_id/84898319923","dc:identifier":"SCOPUS_ID:84898319923","eid":"2-s2.0-84898319923","dc:title":"Coverture and women's agency: Informal modes of resistance to legal patriarchy","dc:creator":"Wright D.","prism:publicationName":"Married Women and the Law: Coverture in England and the Common Law World","prism:isbn": [{"@_fa": "true", "$" :"9780773542976"}],"prism:pageRange":"240-263","prism:coverDate":"2013-12-01","prism:coverDisplayDate":"December 2013","citedby-count":"2","affiliation": [{"@_fa": "true", "affiliation-url":"https://api.elsevier.com/content/affiliation/affiliation_id/114332757","afid":"114332757","affilname":"University of Flordia's","affiliation-city":null,"affiliation-country":"United States"}],"prism:aggregationType":"Book","subtype":"ch","subtypeDescription":"Chapter","author-count":{"@limit": "100", "@total": "1", "$" :"1"},"author": [{"@_fa": "true", "@seq": "1", "author-url":"https://api.elsevier.com/content/author/author_id/55471303000","authid":"55471303000","authname":"Wright D.","surname":"Wright","given-name":"Danaya C.","initials":"D.C.","afid": [{"@_fa": "true", "$" :"114332757"}]}],"source-id":"21100302537","fund-no":"undefined","openaccess":"0","openaccessFlag":false},{"@_fa": "true", "link": [{"@_fa": "true", "@ref": "self", "@href": "https://api.elsevier.com/content/abstract/scopus_id/84900715691"},{"@_fa": "true", "@ref": "author-affiliation", "@href": "https://api.elsevier.com/content/abstract/scopus_id/84900715691?field=author,affiliation"},{"@_fa": "true", "@ref": "scopus", "@href": "https://www.scopus.com/inward/record.uri?partnerID=HzOxMe3b&scp=84900715691&origin=inward"},{"@_fa": "true", "@ref": "scopus-citedby", "@href": "https://www.scopus.com/inward/citedby.uri?partnerID=HzOxMe3b&scp=84900715691&origin=inward"}],"prism:url":"https://api.elsevier.com/content/abstract/scopus_id/84900715691","dc:identifier":"SCOPUS_ID:84900715691","eid":"2-s2.0-84900715691","dc:title":"Upending patriarchy: Rethinking marriage and family in early modern Europe","dc:creator":"Poska A.","prism:publicationName":"The Ashgate Research Companion to Women and Gender in Early Modern Europe","prism:isbn": [{"@_fa": "true", "$" :"9781409418177"}],"prism:pageRange":"195-211","prism:coverDate":"2013-12-01","prism:coverDisplayDate":"2013","citedby-count":"3","affiliation": [{"@_fa": "true", "affiliation-url":"https://api.elsevier.com/content/affiliation/affiliation_id/60029032","afid":"60029032","affilname":"University of Mary Washington","affiliation-city":"Fredericksburg","affiliation-country":"United States"}],"prism:aggregationType":"Book","subtype":"ch","subtypeDescription":"Chapter","author-count":{"@limit": "100", "@total": "1", "$" :"1"},"author": [{"@_fa": "true", "@seq": "1", "author-url":"https://api.elsevier.com/content/author/author_id/6603865970","authid":"6603865970","authname":"Poska A.","surname":"Poska","given-name":"Allyson M.","initials":"A.M.","afid": [{"@_fa": "true", "$" :"60029032"}]}],"source-id":"21100313280","fund-no":"undefined","openaccess":"0","openaccessFlag":false},{"@_fa": "true", "link": [{"@_fa": "true", "@ref": "self", "@href": "https://api.elsevier.com/content/abstract/scopus_id/84897634182"},{"@_fa": "true", "@ref": "author-affiliation", "@href": "https://api.elsevier.com/content/abstract/scopus_id/84897634182?field=author,affiliation"},{"@_fa": "true", "@ref": "scopus", "@href": "https://www.scopus.com/inward/record.uri?partnerID=HzOxMe3b&scp=84897634182&origin=inward"},{"@_fa": "true", "@ref": "scopus-citedby", "@href": "https://www.scopus.com/inward/citedby.uri?partnerID=HzOxMe3b&scp=84897634182&origin=inward"}],"prism:url":"https://api.elsevier.com/content/abstract/scopus_id/84897634182","dc:identifier":"SCOPUS_ID:84897634182","eid":"2-s2.0-84897634182","dc:title":"The rise and fall of the unwritten law: Sex, patriarchy, and vigilante justice in the American courts","dc:creator":"Friedman L.","prism:publicationName":"Buffalo Law Review","prism:issn":"00239356","prism:volume":"61","prism:issueIdentifier":"5","prism:pageRange":"997-1056","prism:coverDate":"2013-12-01","prism:coverDisplayDate":"December 2013","citedby-count":"3","affiliation": [{"@_fa": "true", "affiliation-url":"https://api.elsevier.com/content/affiliation/affiliation_id/60012708","afid":"60012708","affilname":"Stanford University","affiliation-city":"Palo Alto","affiliation-country":"United States"}],"prism:aggregationType":"Journal","subtype":"ar","subtypeDescription":"Article","author-count":{"@limit": "100", "@total": "2", "$" :"2"},"author": [{"@_fa": "true", "@seq": "1", "author-url":"https://api.elsevier.com/content/author/author_id/7403040033","authid":"7403040033","authname":"Friedman L.","surname":"Friedman","given-name":"Lawrence M.","initials":"L.M.","afid": [{"@_fa": "true", "$" :"60012708"}]},{"@_fa": "true", "@seq": "2", "author-url":"https://api.elsevier.com/content/author/author_id/56100460500","authid":"56100460500","authname":"Havemann W.","surname":"Havemann","given-name":"William E.","initials":"W.E.","afid": [{"@_fa": "true", "$" :"60012708"}]}],"source-id":"29266","fund-no":"undefined","openaccess":"0","openaccessFlag":false},{"@_fa": "true", "link": [{"@_fa": "true", "@ref": "self", "@href": "https://api.elsevier.com/content/abstract/scopus_id/84893727089"},{"@_fa": "true", "@ref": "author-affiliation", "@href": "https://api.elsevier.com/content/abstract/scopus_id/84893727089?field=author,affiliation"},{"@_fa": "true", "@ref": "scopus", "@href": "https://www.scopus.com/inward/record.uri?partnerID=HzOxMe3b&scp=84893727089&origin=inward"},{"@_fa": "true", "@ref": "scopus-citedby", "@href": "https://www.scopus.com/inward/citedby.uri?partnerID=HzOxMe3b&scp=84893727089&origin=inward"}],"prism:url":"https://api.elsevier.com/content/abstract/scopus_id/84893727089","dc:identifier":"SCOPUS_ID:84893727089","eid":"2-s2.0-84893727089","dc:title":"Engendering humanism in French West Africa: Patriarchy and the paradox of empire","dc:creator":"Griffiths C.","prism:publicationName":"International Journal of African Historical Studies","prism:issn":"03617882","prism:volume":"46","prism:issueIdentifier":"3","prism:pageRange":"353-372","prism:coverDate":"2013-12-01","prism:coverDisplayDate":"2013","citedby-count":"0","affiliation": [{"@_fa": "true", "affiliation-url":"https://api.elsevier.com/content/affiliation/affiliation_id/60102026","afid":"60102026","affilname":"University of Chester","affiliation-city":"Chester","affiliation-country":"United Kingdom"}],"prism:aggregationType":"Journal","subtype":"ar","subtypeDescription":"Article","author-count":{"@limit": "100", "@total": "1", "$" :"1"},"author": [{"@_fa": "true", "@seq": "1", "author-url":"https://api.elsevier.com/content/author/author_id/7201983072","authid":"7201983072","authname":"Griffiths C.","surname":"Griffiths","given-name":"Claire","initials":"C.","afid": [{"@_fa": "true", "$" :"60102026"}]}],"source-id":"19079","fund-no":"undefined","openaccess":"0","openaccessFlag":false},{"@_fa": "true", "link": [{"@_fa": "true", "@ref": "self", "@href": "https://api.elsevier.com/content/abstract/scopus_id/84895213473"},{"@_fa": "true", "@ref": "author-affiliation", "@href": "https://api.elsevier.com/content/abstract/scopus_id/84895213473?field=author,affiliation"},{"@_fa": "true", "@ref": "scopus", "@href": "https://www.scopus.com/inward/record.uri?partnerID=HzOxMe3b&scp=84895213473&origin=inward"},{"@_fa": "true", "@ref": "scopus-citedby", "@href": "https://www.scopus.com/inward/citedby.uri?partnerID=HzOxMe3b&scp=84895213473&origin=inward"}],"prism:url":"https://api.elsevier.com/content/abstract/scopus_id/84895213473","dc:identifier":"SCOPUS_ID:84895213473","eid":"2-s2.0-84895213473","dc:title":"The \"community of Iberia\" and patriarchy of valashkert as part of the lasican diocese and change of church jurisdictions","dc:creator":"Japaridze T.","prism:publicationName":"Georgian Athonites and Christian Civilization","prism:isbn": [{"@_fa": "true", "$" :"9781619425002"}],"prism:pageRange":"40-47","prism:coverDate":"2013-12-01","prism:coverDisplayDate":"2013","citedby-count":"0","prism:aggregationType":"Book","subtype":"ch","subtypeDescription":"Chapter","author-count":{"@limit": "100", "@total": "1", "$" :"1"},"author": [{"@_fa": "true", "@seq": "1", "author-url":"https://api.elsevier.com/content/author/author_id/56055510600","authid":"56055510600","authname":"Japaridze T.","surname":"Japaridze","given-name":"Tsalka Anania","initials":"T.A."}],"source-id":"21100291131","fund-no":"undefined","openaccess":"0","openaccessFlag":false},{"@_fa": "true", "link": [{"@_fa": "true", "@ref": "self", "@href": "https://api.elsevier.com/content/abstract/scopus_id/84893796630"},{"@_fa": "true", "@ref": "author-affiliation", "@href": "https://api.elsevier.com/content/abstract/scopus_id/84893796630?field=author,affiliation"},{"@_fa": "true", "@ref": "scopus", "@href": "https://www.scopus.com/inward/record.uri?partnerID=HzOxMe3b&scp=84893796630&origin=inward"},{"@_fa": "true", "@ref": "scopus-citedby", "@href": "https://www.scopus.com/inward/citedby.uri?partnerID=HzOxMe3b&scp=84893796630&origin=inward"}],"prism:url":"https://api.elsevier.com/content/abstract/scopus_id/84893796630","dc:identifier":"SCOPUS_ID:84893796630","eid":"2-s2.0-84893796630","dc:title":"The idoma hope rising union and the politics of patriarchy and ethnic honor","dc:creator":"Ochonu M.","prism:publicationName":"International Journal of African Historical Studies","prism:issn":"03617882","prism:volume":"46","prism:issueIdentifier":"2","prism:pageRange":"229-254","prism:coverDate":"2013-12-01","prism:coverDisplayDate":"2013","citedby-count":"0","affiliation": [{"@_fa": "true", "affiliation-url":"https://api.elsevier.com/content/affiliation/affiliation_id/60003915","afid":"60003915","affilname":"Vanderbilt University","affiliation-city":"Nashville","affiliation-country":"United States"}],"prism:aggregationType":"Journal","subtype":"ar","subtypeDescription":"Article","author-count":{"@limit": "100", "@total": "1", "$" :"1"},"author": [{"@_fa": "true", "@seq": "1", "author-url":"https://api.elsevier.com/content/author/author_id/35435684300","authid":"35435684300","authname":"Ochonu M.","surname":"Ochonu","given-name":"Moses E.","initials":"M.E.","afid": [{"@_fa": "true", "$" :"60003915"}]}],"source-id":"19079","fund-no":"undefined","openaccess":"0","openaccessFlag":false},{"@_fa": "true", "link": [{"@_fa": "true", "@ref": "self", "@href": "https://api.elsevier.com/content/abstract/scopus_id/84887088246"},{"@_fa": "true", "@ref": "author-affiliation", "@href": "https://api.elsevier.com/content/abstract/scopus_id/84887088246?field=author,affiliation"},{"@_fa": "true", "@ref": "scopus", "@href": "https://www.scopus.com/inward/record.uri?partnerID=HzOxMe3b&scp=84887088246&origin=inward"},{"@_fa": "true", "@ref": "scopus-citedby", "@href": "https://www.scopus.com/inward/citedby.uri?partnerID=HzOxMe3b&scp=84887088246&origin=inward"}],"prism:url":"https://api.elsevier.com/content/abstract/scopus_id/84887088246","dc:identifier":"SCOPUS_ID:84887088246","eid":"2-s2.0-84887088246","dc:title":"\"A Southern Expendable\": Cultural Patriarchy, Maternal Abandonment, and Narrativization in Dorothy Allison's Bastard Out of Carolina","dc:creator":"Carter N.","prism:publicationName":"Women's Studies","prism:issn":"00497878","prism:eIssn":"15477045","prism:volume":"42","prism:issueIdentifier":"8","prism:pageRange":"886-903","prism:coverDate":"2013-12-01","prism:coverDisplayDate":"December 2013","prism:doi":"10.1080/00497878.2013.830540","citedby-count":"0","affiliation": [{"@_fa": "true", "affiliation-url":"https://api.elsevier.com/content/affiliation/affiliation_id/60020268","afid":"60020268","affilname":"Butler University","affiliation-city":"Indianapolis","affiliation-country":"United States"}],"prism:aggregationType":"Journal","subtype":"ar","subtypeDescription":"Article","author-count":{"@limit": "100", "@total": "1", "$" :"1"},"author": [{"@_fa": "true", "@seq": "1", "author-url":"https://api.elsevier.com/content/author/author_id/55203782900","authid":"55203782900","authname":"Carter N.","surname":"Carter","given-name":"Natalie","initials":"N.","afid": [{"@_fa": "true", "$" :"60020268"}]}],"source-id":"24329","fund-no":"undefined","openaccess":"0","openaccessFlag":false},{"@_fa": "true", "link": [{"@_fa": "true", "@ref": "self", "@href": "https://api.elsevier.com/content/abstract/scopus_id/84888241447"},{"@_fa": "true", "@ref": "author-affiliation", "@href": "https://api.elsevier.com/content/abstract/scopus_id/84888241447?field=author,affiliation"},{"@_fa": "true", "@ref": "scopus", "@href": "https://www.scopus.com/inward/record.uri?partnerID=HzOxMe3b&scp=84888241447&origin=inward"},{"@_fa": "true", "@ref": "scopus-citedby", "@href": "https://www.scopus.com/inward/citedby.uri?partnerID=HzOxMe3b&scp=84888241447&origin=inward"}],"prism:url":"https://api.elsevier.com/content/abstract/scopus_id/84888241447","dc:identifier":"SCOPUS_ID:84888241447","eid":"2-s2.0-84888241447","dc:title":"Coming of age in times of crisis: Youth, schooling and patriarchy in a venezuelan town by janise hurtig. new york: Palgrave, 2008. 240 pp.","dc:creator":"Zanoni J.","prism:publicationName":"Anthropology and Education Quarterly","prism:issn":"01617761","prism:eIssn":"15481492","prism:volume":"44","prism:issueIdentifier":"4","prism:pageRange":"442-443","prism:coverDate":"2013-12-01","prism:coverDisplayDate":"December 2013","prism:doi":"10.1111/aeq.12030","citedby-count":"0","prism:aggregationType":"Journal","subtype":"ar","subtypeDescription":"Article","author-count":{"@limit": "100", "@total": "1", "$" :"1"},"author": [{"@_fa": "true", "@seq": "1", "author-url":"https://api.elsevier.com/content/author/author_id/6602439193","authid":"6602439193","authname":"Zanoni J.","surname":"Zanoni","given-name":"Joseph P.","initials":"J.P.","afid": [{"@_fa": "true", "$" :"60027561"}]}],"source-id":"89175","fund-no":"undefined","openaccess":"0","openaccessFlag":false},{"@_fa": "true", "link": [{"@_fa": "true", "@ref": "self", "@href": "https://api.elsevier.com/content/abstract/scopus_id/84888357623"},{"@_fa": "true", "@ref": "author-affiliation", "@href": "https://api.elsevier.com/content/abstract/scopus_id/84888357623?field=author,affiliation"},{"@_fa": "true", "@ref": "scopus", "@href": "https://www.scopus.com/inward/record.uri?partnerID=HzOxMe3b&scp=84888357623&origin=inward"},{"@_fa": "true", "@ref": "scopus-citedby", "@href": "https://www.scopus.com/inward/citedby.uri?partnerID=HzOxMe3b&scp=84888357623&origin=inward"}],"prism:url":"https://api.elsevier.com/content/abstract/scopus_id/84888357623","dc:identifier":"SCOPUS_ID:84888357623","eid":"2-s2.0-84888357623","dc:title":"Destruction through \"creation\" - The \"critical theory of patriarchy\" and the collapse of modern civilization","dc:creator":"Von Werlhof C.","prism:publicationName":"Capitalism, Nature, Socialism","prism:issn":"10455752","prism:eIssn":"15483290","prism:volume":"24","prism:issueIdentifier":"4","prism:pageRange":"68-85","prism:coverDate":"2013-12-01","prism:coverDisplayDate":"1 December 2013","prism:doi":"10.1080/10455752.2013.846498","dc:description":"Originating in a systematic and far-reaching process of reflection about modern civilization undertaken approximately 35 years ago, the critical theory of patriarchy yields an entirely new view of modernity in its many crises, and what can be deemed its fundamental failure. In the process of developing a new understanding of the world-system, it was necessary to realize that the 'housewife-ization'of women-their essential situation as an unpaid labor force, starkingly different from that of wage-earning, 'proletarianized' men-is not a case of continuing underdevelopment. An interdisciplinary approach has proven necessary for the development of the critical theory of patriarchy, allowing for the emergence of a new, far-reaching, and inclusive paradigm that transcends both the modern world view and that of the premodern world, insofar as it was patriarchal in character, and therefore part of the perversion syndrome.","citedby-count":"1","prism:aggregationType":"Journal","subtype":"ar","subtypeDescription":"Article","author-count":{"@limit": "100", "@total": "1", "$" :"1"},"author": [{"@_fa": "true", "@seq": "1", "author-url":"https://api.elsevier.com/content/author/author_id/6504456168","authid":"6504456168","authname":"Von Werlhof C.","surname":"Von Werlhof","given-name":"Claudia","initials":"C."}],"source-id":"16777","fund-no":"undefined","openaccess":"0","openaccessFlag":false},{"@_fa": "true", "link": [{"@_fa": "true", "@ref": "self", "@href": "https://api.elsevier.com/content/abstract/scopus_id/84893377088"},{"@_fa": "true", "@ref": "author-affiliation", "@href": "https://api.elsevier.com/content/abstract/scopus_id/84893377088?field=author,affiliation"},{"@_fa": "true", "@ref": "scopus", "@href": "https://www.scopus.com/inward/record.uri?partnerID=HzOxMe3b&scp=84893377088&origin=inward"},{"@_fa": "true", "@ref": "scopus-citedby", "@href": "https://www.scopus.com/inward/citedby.uri?partnerID=HzOxMe3b&scp=84893377088&origin=inward"}],"prism:url":"https://api.elsevier.com/content/abstract/scopus_id/84893377088","dc:identifier":"SCOPUS_ID:84893377088","eid":"2-s2.0-84893377088","dc:title":"Educating women, (not) serving the nation: The interface of feminism and nationalism in the works of Rokeya Sakhwat Hossain","dc:creator":"Haque M.","prism:publicationName":"Asiatic","prism:eIssn":"19853106","prism:volume":"7","prism:issueIdentifier":"2","prism:pageRange":"95-113","prism:coverDate":"2013-12-01","prism:coverDisplayDate":"December 2013","dc:description":"Rokeya Sakhawat Hossain (1880-1932) wrote at a transitional time in the history of India. It was a time when Indian society was fast changing under the leadership of a new patriarchy, formed by the English-educated middle class. The emerging middle class also led the anti-colonial nationalist movement. It is, therefore, important to read Rokeya not only in terms of how she approached patriarchy but also in terms of its then newer manifestation in the form of nationalism. In her early works, Rokeya appears to merge the national and woman question, regarding the liberation of the Indian women as part and parcel of the larger venture of national emancipation. The feminist agenda is actually conceptualised within a wider framework of nationalism. But midway in her writing and activist career, a shift seems to have taken place in relation to her engagement with the feminist agenda she has long been fighting to implement. For reasons elaborated in the main body of the present essay, she now came to consider the interests of Indian women as meriting independent treatment, initiating in the process a delinking of the two projects: feminist and nationalist. The separation of the two programmes finally enables her, I argue, to critique Indian nationalism in her later works.","citedby-count":"1","affiliation": [{"@_fa": "true", "affiliation-url":"https://api.elsevier.com/content/affiliation/affiliation_id/60028961","afid":"60028961","affilname":"Islamic University, Kushtia","affiliation-city":"Kushtia","affiliation-country":"Bangladesh"}],"prism:aggregationType":"Journal","subtype":"re","subtypeDescription":"Review","author-count":{"@limit": "100", "@total": "1", "$" :"1"},"author": [{"@_fa": "true", "@seq": "1", "author-url":"https://api.elsevier.com/content/author/author_id/56024436300","authid":"56024436300","authname":"Haque M.","surname":"Haque","given-name":"Md Rezaul","initials":"M.R.","afid": [{"@_fa": "true", "$" :"60028961"}]}],"authkeywords":"Critique | Education | Feminism | Nationalism | Patriarchy | Rokeya Sakhawat Hossain","source-id":"21100205318","fund-no":"undefined","openaccess":"0","openaccessFlag":false},{"@_fa": "true", "link": [{"@_fa": "true", "@ref": "self", "@href": "https://api.elsevier.com/content/abstract/scopus_id/84893369682"},{"@_fa": "true", "@ref": "author-affiliation", "@href": "https://api.elsevier.com/content/abstract/scopus_id/84893369682?field=author,affiliation"},{"@_fa": "true", "@ref": "scopus", "@href": "https://www.scopus.com/inward/record.uri?partnerID=HzOxMe3b&scp=84893369682&origin=inward"},{"@_fa": "true", "@ref": "scopus-citedby", "@href": "https://www.scopus.com/inward/citedby.uri?partnerID=HzOxMe3b&scp=84893369682&origin=inward"}],"prism:url":"https://api.elsevier.com/content/abstract/scopus_id/84893369682","dc:identifier":"SCOPUS_ID:84893369682","eid":"2-s2.0-84893369682","dc:title":"A not so banal evil: Rokeya in confrontation with patriarchy","dc:creator":"Mukherjee S.","prism:publicationName":"Asiatic","prism:eIssn":"19853106","prism:volume":"7","prism:issueIdentifier":"2","prism:pageRange":"82-94","prism:coverDate":"2013-12-01","prism:coverDisplayDate":"December 2013","dc:description":"This essay addresses Rokeya Sakhawat Hossain's evaluation of the causes of women's misfortunes in early twentieth century India even as it underscores her invaluable contributions to the improvement of women's predicament in the public sphere. It shows how unnecessary vilification of activist women, in order to situate them within the limits of a prescriptive patriarchal vision, intensifies the difficulty of their work. Rokeya's interrogation of such limits remains exemplary in a historical context in which gendered, binary ways of thinking were the norm. The essay also focuses on Rokeya's strategy of combined exposure of patriarchal ills - both through direct address in her non-fiction and through deployment of artistic tropes in her fiction. In this regard, it locates and analyses a \"trope of excess\" in her work, a trope that often operates together with more specific themes of illness, entombment and homelessness.","citedby-count":"0","affiliation": [{"@_fa": "true", "affiliation-url":"https://api.elsevier.com/content/affiliation/affiliation_id/60030398","afid":"60030398","affilname":"Temple University","affiliation-city":"Philadelphia","affiliation-country":"United States"}],"prism:aggregationType":"Journal","subtype":"re","subtypeDescription":"Review","author-count":{"@limit": "100", "@total": "1", "$" :"1"},"author": [{"@_fa": "true", "@seq": "1", "author-url":"https://api.elsevier.com/content/author/author_id/56023739100","authid":"56023739100","authname":"Mukherjee S.","surname":"Mukherjee","given-name":"Srimati","initials":"S.","afid": [{"@_fa": "true", "$" :"60030398"}]}],"authkeywords":"Evil | Patriarchy | Public sphere and discrimination | Rokeya Sakhawat Hossain | Social activism | Trope of excess","source-id":"21100205318","fund-no":"undefined","openaccess":"0","openaccessFlag":false},{"@_fa": "true", "link": [{"@_fa": "true", "@ref": "self", "@href": "https://api.elsevier.com/content/abstract/scopus_id/84893341490"},{"@_fa": "true", "@ref": "author-affiliation", "@href": "https://api.elsevier.com/content/abstract/scopus_id/84893341490?field=author,affiliation"},{"@_fa": "true", "@ref": "scopus", "@href": "https://www.scopus.com/inward/record.uri?partnerID=HzOxMe3b&scp=84893341490&origin=inward"},{"@_fa": "true", "@ref": "scopus-citedby", "@href": "https://www.scopus.com/inward/citedby.uri?partnerID=HzOxMe3b&scp=84893341490&origin=inward"}],"prism:url":"https://api.elsevier.com/content/abstract/scopus_id/84893341490","dc:identifier":"SCOPUS_ID:84893341490","eid":"2-s2.0-84893341490","dc:title":"A feminist critique of Patriarchy: Rokeya Sakhawat Hossain (1880-1932)","dc:creator":"Ray B.","prism:publicationName":"Asiatic","prism:eIssn":"19853106","prism:volume":"7","prism:issueIdentifier":"2","prism:pageRange":"60-81","prism:coverDate":"2013-12-01","prism:coverDisplayDate":"December 2013","dc:description":"Rokeya Sakhawat Hossain was one of the most brilliant thinkers of colonial India in the twentieth century. She addressed women, primarily Muslim women, and censured them for their degraded condition in society and loss of self-respect. She ascribed women's subjection to men to the patriarchal social structure that gave hegemony of men over women. She also blamed men for their selfishness and condemned the prevalent social and religious customs, formulated by men, which perpetuated women's dependence. If women were in a position to frame them, these unfair customs would certainly have been different. Her call was to women to wake up, to acquire fruitful education instead of useless ornaments and go in for gainful employment that would establish equality with men. Extremely brave and radical seen in the backdrop of her time, she was a champion of gender equality and a precursor of the women's movement in South Asia in the modern period.","citedby-count":"0","affiliation": [{"@_fa": "true", "affiliation-url":"https://api.elsevier.com/content/affiliation/affiliation_id/101145542","afid":"101145542","affilname":"University of","affiliation-city":"Kolkata","affiliation-country":"India"}],"prism:aggregationType":"Journal","subtype":"re","subtypeDescription":"Review","author-count":{"@limit": "100", "@total": "1", "$" :"1"},"author": [{"@_fa": "true", "@seq": "1", "author-url":"https://api.elsevier.com/content/author/author_id/56023858000","authid":"56023858000","authname":"Ray B.","surname":"Ray","given-name":"Bharati","initials":"B.","afid": [{"@_fa": "true", "$" :"101145542"}]}],"authkeywords":"Education | Employment | Equality | Patriarchy | Slave | Wake up","source-id":"21100205318","fund-no":"undefined","openaccess":"0","openaccessFlag":false},{"@_fa": "true", "link": [{"@_fa": "true", "@ref": "self", "@href": "https://api.elsevier.com/content/abstract/scopus_id/84888218859"},{"@_fa": "true", "@ref": "author-affiliation", "@href": "https://api.elsevier.com/content/abstract/scopus_id/84888218859?field=author,affiliation"},{"@_fa": "true", "@ref": "scopus", "@href": "https://www.scopus.com/inward/record.uri?partnerID=HzOxMe3b&scp=84888218859&origin=inward"},{"@_fa": "true", "@ref": "scopus-citedby", "@href": "https://www.scopus.com/inward/citedby.uri?partnerID=HzOxMe3b&scp=84888218859&origin=inward"}],"prism:url":"https://api.elsevier.com/content/abstract/scopus_id/84888218859","dc:identifier":"SCOPUS_ID:84888218859","eid":"2-s2.0-84888218859","dc:title":"Un/Covering: Female religious converts learning the problems and pragmatics of physical Observance in the Secular World","dc:creator":"Galman S.","prism:publicationName":"Anthropology and Education Quarterly","prism:issn":"01617761","prism:eIssn":"15481492","prism:volume":"44","prism:issueIdentifier":"4","prism:pageRange":"423-441","prism:coverDate":"2013-12-01","prism:coverDisplayDate":"December 2013","prism:doi":"10.1111/aeq.12040","dc:description":"This article presents the experiences of three women who have chosen to move from secular, assimilated lives to lives characterized by the distinctive dress and practice associated with observant Islam, Orthodox Judaism, and Orthodox Christianity, respectively. All three relied upon informal, peer, and distance learning strategies for their religious education. The article analyzes both experiences in informal adult religious education and contemporary U.S. experiences with identity and assimilation, or covering (Yoshino 2006). © 2013 by the American Anthropological Association.","citedby-count":"4","affiliation": [{"@_fa": "true", "affiliation-url":"https://api.elsevier.com/content/affiliation/affiliation_id/60014313","afid":"60014313","affilname":"University of Massachusetts Amherst","affiliation-city":"Amherst MA","affiliation-country":"United States"}],"prism:aggregationType":"Journal","subtype":"ar","subtypeDescription":"Article","author-count":{"@limit": "100", "@total": "1", "$" :"1"},"author": [{"@_fa": "true", "@seq": "1", "author-url":"https://api.elsevier.com/content/author/author_id/24802029400","authid":"24802029400","authname":"Galman S.","surname":"Galman","given-name":"Sally Campbell","initials":"S.C.","afid": [{"@_fa": "true", "$" :"60014313"}]}],"authkeywords":"Patriarchy | Religious education | Religious identity | Women","source-id":"89175","fund-no":"undefined","openaccess":"0","openaccessFlag":false},{"@_fa": "true", "link": [{"@_fa": "true", "@ref": "self", "@href": "https://api.elsevier.com/content/abstract/scopus_id/84890799036"},{"@_fa": "true", "@ref": "author-affiliation", "@href": "https://api.elsevier.com/content/abstract/scopus_id/84890799036?field=author,affiliation"},{"@_fa": "true", "@ref": "scopus", "@href": "https://www.scopus.com/inward/record.uri?partnerID=HzOxMe3b&scp=84890799036&origin=inward"},{"@_fa": "true", "@ref": "scopus-citedby", "@href": "https://www.scopus.com/inward/citedby.uri?partnerID=HzOxMe3b&scp=84890799036&origin=inward"}],"prism:url":"https://api.elsevier.com/content/abstract/scopus_id/84890799036","dc:identifier":"SCOPUS_ID:84890799036","eid":"2-s2.0-84890799036","dc:title":"Patriarchal bargains in protected spaces: A new strategy for agricultural and rural development innovation in the western hills of Nepal","dc:creator":"Bhattarai K.","prism:publicationName":"Canadian Journal of Development Studies","prism:issn":"02255189","prism:volume":"34","prism:issueIdentifier":"4","prism:pageRange":"461-481","prism:coverDate":"2013-12-01","prism:coverDisplayDate":"1 December 2013","prism:doi":"10.1080/02255189.2013.830967","dc:description":"This paper integrates the theory of patriarchal bargains and strategic niche management theory to study whether or not creating strategic niches of struggle and negotiation as opposed to indiscriminate gender mainstreaming can help secure rural women's rights. Empirical data for this study were collected on rural women's tasks, resources, and benefits in the Kaski district of western Nepal using mixed methods. Findings suggest that unless women find a protected niche in which they can struggle and negotiate for their rights, patriarchal bargains would not be successful, partly because of women's lower control over land and services associated with land. © 2013 Canadian Association for the Study of International Development (CASID).","citedby-count":"5","affiliation": [{"@_fa": "true", "affiliation-url":"https://api.elsevier.com/content/affiliation/affiliation_id/60015881","afid":"60015881","affilname":"University of Guelph","affiliation-city":"Guelph","affiliation-country":"Canada"}],"prism:aggregationType":"Journal","subtype":"ar","subtypeDescription":"Article","author-count":{"@limit": "100", "@total": "2", "$" :"2"},"author": [{"@_fa": "true", "@seq": "1", "author-url":"https://api.elsevier.com/content/author/author_id/55928414900","authid":"55928414900","authname":"Bhattarai K.","surname":"Bhattarai","given-name":"Kiran","initials":"K.","afid": [{"@_fa": "true", "$" :"60015881"}]},{"@_fa": "true", "@seq": "2", "author-url":"https://api.elsevier.com/content/author/author_id/36490290700","authid":"36490290700","authname":"Pant L.","surname":"Pant","given-name":"Laxmi","initials":"L.","afid": [{"@_fa": "true", "$" :"60015881"}]}],"authkeywords":"Gender | Nepal | Patriarchal bargains | Rural development | Strategic niche management","source-id":"25355","fund-no":"undefined","openaccess":"0","openaccessFlag":false},{"@_fa": "true", "link": [{"@_fa": "true", "@ref": "self", "@href": "https://api.elsevier.com/content/abstract/scopus_id/84893116621"},{"@_fa": "true", "@ref": "author-affiliation", "@href": "https://api.elsevier.com/content/abstract/scopus_id/84893116621?field=author,affiliation"},{"@_fa": "true", "@ref": "scopus", "@href": "https://www.scopus.com/inward/record.uri?partnerID=HzOxMe3b&scp=84893116621&origin=inward"},{"@_fa": "true", "@ref": "scopus-citedby", "@href": "https://www.scopus.com/inward/citedby.uri?partnerID=HzOxMe3b&scp=84893116621&origin=inward"}],"prism:url":"https://api.elsevier.com/content/abstract/scopus_id/84893116621","dc:identifier":"SCOPUS_ID:84893116621","eid":"2-s2.0-84893116621","dc:title":"Identity of community health agents: Composing emerging rationalities","dc:creator":"Rocha N.","prism:publicationName":"Interface: Communication, Health, Education","prism:issn":"14143283","prism:volume":"17","prism:issueIdentifier":"47","prism:pageRange":"847-857","prism:coverDate":"2013-12-01","prism:coverDisplayDate":"December 2013","prism:doi":"10.1590/S1414-32832013005000031","dc:description":"We analyze the identity of the community health agent based on the gender category, in dialogue with the categories: public and private/domestic space, and popular and scientific knowledge. We note that this profession is undervalued not because it is almost entirely occupied by women, but because it is seen as feminine work, and this condition is historically marked by gender inequality, associating women with family care and domestic tasks and, therefore, with subordination. This profession reflects hegemonic gender positions in society and the definition of its identity occurs in the daily routine with the healthcare team and the community, full of conflicts and affections, and also in the daily practices, characterized by hierarchies. At the same time, it carries the possibility of an emancipatory social and political horizon, defined in the creation of a community work that is organized to comply with the principle of integrality.","citedby-count":"5","affiliation": [{"@_fa": "true", "affiliation-url":"https://api.elsevier.com/content/affiliation/affiliation_id/60013918","afid":"60013918","affilname":"Universidade Federal de Vicosa","affiliation-city":"Vicosa","affiliation-country":"Brazil"}],"prism:aggregationType":"Journal","subtype":"ar","subtypeDescription":"Article","author-count":{"@limit": "100", "@total": "3", "$" :"3"},"author": [{"@_fa": "true", "@seq": "1", "author-url":"https://api.elsevier.com/content/author/author_id/56016479600","authid":"56016479600","authname":"Rocha N.","surname":"Rocha","given-name":"Natália Hosana Nunes","initials":"N.H.N.","afid": [{"@_fa": "true", "$" :"60013918"}]},{"@_fa": "true", "@seq": "2", "author-url":"https://api.elsevier.com/content/author/author_id/55699150800","authid":"55699150800","authname":"Barletto M.","surname":"Barletto","given-name":"Marisa","initials":"M.","afid": [{"@_fa": "true", "$" :"60013918"}]},{"@_fa": "true", "@seq": "3", "author-url":"https://api.elsevier.com/content/author/author_id/7006363991","authid":"7006363991","authname":"Bevilacqua P.","surname":"Bevilacqua","given-name":"Paula Dias","initials":"P.D.","afid": [{"@_fa": "true", "$" :"60013918"}]}],"authkeywords":"Gender system | Health work | Integrality | Patriarchy | Production relations","source-id":"12045","fund-no":"undefined","openaccess":"1","openaccessFlag":true},{"@_fa": "true", "link": [{"@_fa": "true", "@ref": "self", "@href": "https://api.elsevier.com/content/abstract/scopus_id/84903091131"},{"@_fa": "true", "@ref": "author-affiliation", "@href": "https://api.elsevier.com/content/abstract/scopus_id/84903091131?field=author,affiliation"},{"@_fa": "true", "@ref": "scopus", "@href": "https://www.scopus.com/inward/record.uri?partnerID=HzOxMe3b&scp=84903091131&origin=inward"},{"@_fa": "true", "@ref": "scopus-citedby", "@href": "https://www.scopus.com/inward/citedby.uri?partnerID=HzOxMe3b&scp=84903091131&origin=inward"}],"prism:url":"https://api.elsevier.com/content/abstract/scopus_id/84903091131","dc:identifier":"SCOPUS_ID:84903091131","eid":"2-s2.0-84903091131","dc:title":"Household politics: Conflict in early modern England","dc:creator":"Herzog D.","prism:publicationName":"Household Politics: Conflict in Early Modern England","prism:isbn": [{"@_fa": "true", "$" :"9780300180787"}],"prism:pageRange":"1-209","prism:coverDate":"2013-12-01","prism:coverDisplayDate":"2013","dc:description":"Early modern English canonical sources and sermons often urge the subordination of women. In Household Politics, Don Herzog argues that these sources were blather-not that they were irrelevant, but that plenty of people rolled their eyes at them. Indeed many held that a man had to be an idiot or a buffoon to try to act on their hoary \"wisdom.\" Households didn't bask serenely in naturalized or essentialized patriarchy. Instead, husbands, wives, and servants struggled endlessly over authority. Nor did some insidiously gendered public/private distinction make the political subordination of women invisible. Conflict, Herzog argues, doesn't corrode social order: it's what social order usually consists in. He uses the argument to impeach conservatives and their radical critics for sharing confused alternatives. The social world Herzog brings vibrantly alive is much richer-and much pricklier-than many imagine. © 2013 by Yale University. All rights reserved.","citedby-count":"3","affiliation": [{"@_fa": "true", "affiliation-url":"https://api.elsevier.com/content/affiliation/affiliation_id/60112769","afid":"60112769","affilname":"University of Michigan Law School","affiliation-city":"Ann Arbor","affiliation-country":"United States"}],"prism:aggregationType":"Book","subtype":"bk","subtypeDescription":"Book","author-count":{"@limit": "100", "@total": "1", "$" :"1"},"author": [{"@_fa": "true", "@seq": "1", "author-url":"https://api.elsevier.com/content/author/author_id/57202663513","authid":"57202663513","authname":"Herzog D.","surname":"Herzog","given-name":"Don","initials":"D.","afid": [{"@_fa": "true", "$" :"60112769"}]}],"source-id":"21100320825","fund-no":"undefined","openaccess":"0","openaccessFlag":false}]}}