{"search-results":{"opensearch:totalResults":"3","opensearch:startIndex":"0","opensearch:itemsPerPage":"3","opensearch:Query":{"@role": "request", "@searchTerms": "TITLE-ABS-KEY(\"patriarchy\") AND SUBJAREA(SOCI) AND PUBYEAR = 1977", "@startPage": "0"},"link": [{"@_fa": "true", "@ref": "self", "@href": "https://api.elsevier.com/content/search/scopus?start=0&count=25&query=TITLE-ABS-KEY%28%22patriarchy%22%29+AND+SUBJAREA%28SOCI%29+AND+PUBYEAR+%3D+1977&apiKey=27d953b4b546791964ebeb768d13e61f&view=COMPLETE", "@type": "application/json"},{"@_fa": "true", "@ref": "first", "@href": "https://api.elsevier.com/content/search/scopus?start=0&count=25&query=TITLE-ABS-KEY%28%22patriarchy%22%29+AND+SUBJAREA%28SOCI%29+AND+PUBYEAR+%3D+1977&apiKey=27d953b4b546791964ebeb768d13e61f&view=COMPLETE", "@type": "application/json"}],"entry": [{"@_fa": "true", "link": [{"@_fa": "true", "@ref": "self", "@href": "https://api.elsevier.com/content/abstract/scopus_id/84972794896"},{"@_fa": "true", "@ref": "author-affiliation", "@href": "https://api.elsevier.com/content/abstract/scopus_id/84972794896?field=author,affiliation"},{"@_fa": "true", "@ref": "scopus", "@href": "https://www.scopus.com/inward/record.uri?partnerID=HzOxMe3b&scp=84972794896&origin=inward"},{"@_fa": "true", "@ref": "scopus-citedby", "@href": "https://www.scopus.com/inward/citedby.uri?partnerID=HzOxMe3b&scp=84972794896&origin=inward"}],"prism:url":"https://api.elsevier.com/content/abstract/scopus_id/84972794896","dc:identifier":"SCOPUS_ID:84972794896","eid":"2-s2.0-84972794896","dc:title":"Constructing a theory of capitalist patriarchy and socialist feminism","dc:creator":"Eisenstein Z.","prism:publicationName":"Critical Sociology","prism:issn":"08969205","prism:eIssn":"15691632","prism:volume":"7","prism:issueIdentifier":"3","prism:pageRange":"3-17","prism:coverDate":"1977-01-01","prism:coverDisplayDate":"July 1977","prism:doi":"10.1177/089692057700700301","citedby-count":"8","prism:aggregationType":"Journal","subtype":"ar","subtypeDescription":"Article","author-count":{"@limit": "100", "@total": "1", "$" :"1"},"author": [{"@_fa": "true", "@seq": "1", "author-url":"https://api.elsevier.com/content/author/author_id/8918114100","authid":"8918114100","authname":"Eisenstein Z.","surname":"Eisenstein","given-name":"Zillah","initials":"Z."}],"source-id":"24848","fund-no":"undefined","openaccess":"0","openaccessFlag":false},{"@_fa": "true", "link": [{"@_fa": "true", "@ref": "self", "@href": "https://api.elsevier.com/content/abstract/scopus_id/84965673497"},{"@_fa": "true", "@ref": "author-affiliation", "@href": "https://api.elsevier.com/content/abstract/scopus_id/84965673497?field=author,affiliation"},{"@_fa": "true", "@ref": "scopus", "@href": "https://www.scopus.com/inward/record.uri?partnerID=HzOxMe3b&scp=84965673497&origin=inward"},{"@_fa": "true", "@ref": "scopus-citedby", "@href": "https://www.scopus.com/inward/citedby.uri?partnerID=HzOxMe3b&scp=84965673497&origin=inward"}],"prism:url":"https://api.elsevier.com/content/abstract/scopus_id/84965673497","dc:identifier":"SCOPUS_ID:84965673497","eid":"2-s2.0-84965673497","dc:title":"Reproduction and Patriarchy: A Critique of Claude Meillassoux, “Femmes, Greniers Et Capitaux”[1]","dc:creator":"Mackintosh M.","prism:publicationName":"Capital &amp; Class","prism:issn":"03098168","prism:eIssn":"20410980","prism:volume":"1","prism:issueIdentifier":"2","prism:pageRange":"119-127","prism:coverDate":"1977-01-01","prism:coverDisplayDate":"June 1977","prism:doi":"10.1177/030981687700200106","citedby-count":"22","prism:aggregationType":"Journal","subtype":"ar","subtypeDescription":"Article","author-count":{"@limit": "100", "@total": "1", "$" :"1"},"author": [{"@_fa": "true", "@seq": "1", "author-url":"https://api.elsevier.com/content/author/author_id/57189168396","authid":"57189168396","authname":"Mackintosh M.","surname":"Mackintosh","given-name":"Maureen","initials":"M."}],"source-id":"5600152909","fund-no":"undefined","openaccess":"0","openaccessFlag":false},{"@_fa": "true", "link": [{"@_fa": "true", "@ref": "self", "@href": "https://api.elsevier.com/content/abstract/scopus_id/84963330443"},{"@_fa": "true", "@ref": "author-affiliation", "@href": "https://api.elsevier.com/content/abstract/scopus_id/84963330443?field=author,affiliation"},{"@_fa": "true", "@ref": "scopus", "@href": "https://www.scopus.com/inward/record.uri?partnerID=HzOxMe3b&scp=84963330443&origin=inward"},{"@_fa": "true", "@ref": "scopus-citedby", "@href": "https://www.scopus.com/inward/citedby.uri?partnerID=HzOxMe3b&scp=84963330443&origin=inward"}],"prism:url":"https://api.elsevier.com/content/abstract/scopus_id/84963330443","dc:identifier":"SCOPUS_ID:84963330443","eid":"2-s2.0-84963330443","dc:title":"Resource Allocation and Agrarian Class Formation","dc:creator":"Harrison M.","prism:publicationName":"The Journal of Peasant Studies","prism:issn":"03066150","prism:eIssn":"17439361","prism:volume":"4","prism:issueIdentifier":"2","prism:pageRange":"127-161","prism:coverDate":"1977-01-01","prism:coverDisplayDate":"1 January 1977","prism:doi":"10.1080/03066157708438010","dc:description":"The relationship between social mobility processes and the development of bourgeois social classes in the pre-collective Russian peasantry has occupied an important place in recent discussion. On one level the discussion has concerned the 'specificity’of the peasantry; this is expressed in two quotations which preface the article. On another level discussion has concerned the use of agrarian statistics to establish the scale and significance of both class differentiation and of inter-class mobility. It is argued below that the knowledge embodied in agrarian statistics can only be understood in relation to the theories of the statisticians. Theoretically reconstructed, the statistics throw new light upon the roles of underdevelopment and patriarchy in processes of class differentiation within the Russian peasantry. © 1977, Taylor & Francis Group, LLC. All rights reserved.","citedby-count":"34","affiliation": [{"@_fa": "true", "affiliation-url":"https://api.elsevier.com/content/affiliation/affiliation_id/60022020","afid":"60022020","affilname":"The University of Warwick","affiliation-city":"Coventry","affiliation-country":"United Kingdom"}],"prism:aggregationType":"Journal","subtype":"ar","subtypeDescription":"Article","author-count":{"@limit": "100", "@total": "1", "$" :"1"},"author": [{"@_fa": "true", "@seq": "1", "author-url":"https://api.elsevier.com/content/author/author_id/7401594385","authid":"7401594385","authname":"Harrison M.","surname":"Harrison","given-name":"Mark","initials":"M.","afid": [{"@_fa": "true", "$" :"60022020"}]}],"source-id":"15670","fund-no":"undefined","openaccess":"0","openaccessFlag":false}]}}