{"search-results":{"opensearch:totalResults":"85","opensearch:startIndex":"0","opensearch:itemsPerPage":"25","opensearch:Query":{"@role": "request", "@searchTerms": "TITLE-ABS-KEY(\"patriarchy\") AND SUBJAREA(SOCI) AND PUBYEAR = 2006", "@startPage": "0"},"link": [{"@_fa": "true", "@ref": "self", "@href": "https://api.elsevier.com/content/search/scopus?start=0&count=25&query=TITLE-ABS-KEY%28%22patriarchy%22%29+AND+SUBJAREA%28SOCI%29+AND+PUBYEAR+%3D+2006&apiKey=27d953b4b546791964ebeb768d13e61f&view=COMPLETE", "@type": "application/json"},{"@_fa": "true", "@ref": "first", "@href": "https://api.elsevier.com/content/search/scopus?start=0&count=25&query=TITLE-ABS-KEY%28%22patriarchy%22%29+AND+SUBJAREA%28SOCI%29+AND+PUBYEAR+%3D+2006&apiKey=27d953b4b546791964ebeb768d13e61f&view=COMPLETE", "@type": "application/json"},{"@_fa": "true", "@ref": "next", "@href": "https://api.elsevier.com/content/search/scopus?start=25&count=25&query=TITLE-ABS-KEY%28%22patriarchy%22%29+AND+SUBJAREA%28SOCI%29+AND+PUBYEAR+%3D+2006&apiKey=27d953b4b546791964ebeb768d13e61f&view=COMPLETE", "@type": "application/json"},{"@_fa": "true", "@ref": "last", "@href": "https://api.elsevier.com/content/search/scopus?start=60&count=25&query=TITLE-ABS-KEY%28%22patriarchy%22%29+AND+SUBJAREA%28SOCI%29+AND+PUBYEAR+%3D+2006&apiKey=27d953b4b546791964ebeb768d13e61f&view=COMPLETE", "@type": "application/json"}],"entry": [{"@_fa": "true", "link": [{"@_fa": "true", "@ref": "self", "@href": "https://api.elsevier.com/content/abstract/scopus_id/84917369553"},{"@_fa": "true", "@ref": "author-affiliation", "@href": "https://api.elsevier.com/content/abstract/scopus_id/84917369553?field=author,affiliation"},{"@_fa": "true", "@ref": "scopus", "@href": "https://www.scopus.com/inward/record.uri?partnerID=HzOxMe3b&scp=84917369553&origin=inward"},{"@_fa": "true", "@ref": "scopus-citedby", "@href": "https://www.scopus.com/inward/citedby.uri?partnerID=HzOxMe3b&scp=84917369553&origin=inward"}],"prism:url":"https://api.elsevier.com/content/abstract/scopus_id/84917369553","dc:identifier":"SCOPUS_ID:84917369553","eid":"2-s2.0-84917369553","dc:title":"Women and immigration law: New variations on classical feminist themes","dc:creator":"Van Walsum S.","prism:publicationName":"Women and Immigration Law: New Variations on Classical Feminist Themes","prism:isbn": [{"@_fa": "true", "$" :"0203945352"},{"@_fa": "true", "$" :"9780203945353"}],"prism:pageRange":"1-272","prism:coverDate":"2006-12-13","prism:coverDisplayDate":"December 13, 2006","prism:doi":"10.4324/9780203945353","dc:description":"© 2007 Van Walsum and Spijkerboer. All rights reserved. This book examines immigration law from a gender perspective. It shows how immigration law situates gender conflicts outside the national order, projecting them onto non-western countries, exotic cultures, clandestine labour and criminal organizations. In doing so, immigration law sustains the illusion that gender conflicts have moved beyond the pale of European experience. In fact, the classical feminist themes of patriarchy, the gendered division of labour and sexual violence are still being played out at the heart of Europe's societies, involving both citizens and migrants. This collection of essays demonstrates how the seemingly marginal perspective of immigration law highlights Europe's unresolved gender conflicts and how a gender perspective can help us to rethink immigration law.","citedby-count":"12","prism:aggregationType":"Book","subtype":"bk","subtypeDescription":"Book","author-count":{"@limit": "100", "@total": "2", "$" :"2"},"author": [{"@_fa": "true", "@seq": "1", "author-url":"https://api.elsevier.com/content/author/author_id/6508295172","authid":"6508295172","authname":"Van Walsum S.","surname":"Van Walsum","given-name":"Sarah","initials":"S.","afid": [{"@_fa": "true", "$" :"60008734"}]},{"@_fa": "true", "@seq": "2", "author-url":"https://api.elsevier.com/content/author/author_id/6506720675","authid":"6506720675","authname":"Spijkerboer T.","surname":"Spijkerboer","given-name":"Thomas","initials":"T.","afid": [{"@_fa": "true", "$" :"60008734"}]}],"source-id":"21100350297","fund-no":"undefined","openaccess":"0","openaccessFlag":false},{"@_fa": "true", "link": [{"@_fa": "true", "@ref": "self", "@href": "https://api.elsevier.com/content/abstract/scopus_id/33750482215"},{"@_fa": "true", "@ref": "author-affiliation", "@href": "https://api.elsevier.com/content/abstract/scopus_id/33750482215?field=author,affiliation"},{"@_fa": "true", "@ref": "scopus", "@href": "https://www.scopus.com/inward/record.uri?partnerID=HzOxMe3b&scp=33750482215&origin=inward"},{"@_fa": "true", "@ref": "scopus-citedby", "@href": "https://www.scopus.com/inward/citedby.uri?partnerID=HzOxMe3b&scp=33750482215&origin=inward"}],"prism:url":"https://api.elsevier.com/content/abstract/scopus_id/33750482215","dc:identifier":"SCOPUS_ID:33750482215","eid":"2-s2.0-33750482215","dc:title":"Patriarchy and the 'Fighting Sioux': A gendered look at racial college sports nicknames","dc:creator":"Williams D.","prism:publicationName":"Race Ethnicity and Education","prism:issn":"13613324","prism:eIssn":"1470109X","prism:volume":"9","prism:issueIdentifier":"4","prism:pageRange":"325-340","prism:coverDate":"2006-12-01","prism:coverDisplayDate":"December 2006","prism:doi":"10.1080/13613320600956621","pii":"L0076362W1834196","dc:description":"The use of Native American nicknames and symbols by US college athletics is a long-standing practice that embodies various forms of authoritarian oppression. One type of authoritarianism is that of patriarchy and it has been present in the struggle over the nickname at the University of North Dakota, the 'Fighting Sioux'. This article explores philosophical connections of the dynamics of patriarchy to the resistance that this movement has faced at the University of North Dakota. A short history is provided, and these connections are illustrated in terms of sports and violence, the 'old boys' club', the 'father knows best' syndrome, objectification and the disparagement of 'liberal women'. Suggestions are offered for countering the engrained dynamics of patriarchy in regards to this issue, and thus working towards a more respectful and anti-racist future at American universities.","citedby-count":"11","affiliation": [{"@_fa": "true", "affiliation-url":"https://api.elsevier.com/content/affiliation/affiliation_id/60032143","afid":"60032143","affilname":"University of Akron","affiliation-city":"Akron","affiliation-country":"United States"}],"prism:aggregationType":"Journal","subtype":"ar","subtypeDescription":"Article","author-count":{"@limit": "100", "@total": "1", "$" :"1"},"author": [{"@_fa": "true", "@seq": "1", "author-url":"https://api.elsevier.com/content/author/author_id/15049049400","authid":"15049049400","authname":"Williams D.","surname":"Williams","given-name":"Dana M.","initials":"D.M.","afid": [{"@_fa": "true", "$" :"60032143"}]}],"source-id":"16047","fund-no":"undefined","openaccess":"0","openaccessFlag":false},{"@_fa": "true", "link": [{"@_fa": "true", "@ref": "self", "@href": "https://api.elsevier.com/content/abstract/scopus_id/60949438666"},{"@_fa": "true", "@ref": "author-affiliation", "@href": "https://api.elsevier.com/content/abstract/scopus_id/60949438666?field=author,affiliation"},{"@_fa": "true", "@ref": "scopus", "@href": "https://www.scopus.com/inward/record.uri?partnerID=HzOxMe3b&scp=60949438666&origin=inward"},{"@_fa": "true", "@ref": "scopus-citedby", "@href": "https://www.scopus.com/inward/citedby.uri?partnerID=HzOxMe3b&scp=60949438666&origin=inward"}],"prism:url":"https://api.elsevier.com/content/abstract/scopus_id/60949438666","dc:identifier":"SCOPUS_ID:60949438666","eid":"2-s2.0-60949438666","dc:title":"Theologia cantans: Mozart on love, forgiveness, and the kenosis of patriarchy","dc:creator":"Lösel S.","prism:publicationName":"Soundings","prism:issn":"00381861","prism:volume":"89","prism:issueIdentifier":"1-2","prism:pageRange":"73-99","prism:coverDate":"2006-12-01","prism:coverDisplayDate":"2006","citedby-count":"0","prism:aggregationType":"Journal","subtype":"ar","subtypeDescription":"Article","author-count":{"@limit": "100", "@total": "1", "$" :"1"},"author": [{"@_fa": "true", "@seq": "1", "author-url":"https://api.elsevier.com/content/author/author_id/26033358700","authid":"26033358700","authname":"Lösel S.","surname":"Lösel","given-name":"Steffen","initials":"S.","afid": [{"@_fa": "true", "$" :"60000928"}]}],"source-id":"17608","fund-no":"undefined","openaccess":"0","openaccessFlag":false},{"@_fa": "true", "link": [{"@_fa": "true", "@ref": "self", "@href": "https://api.elsevier.com/content/abstract/scopus_id/33750482615"},{"@_fa": "true", "@ref": "author-affiliation", "@href": "https://api.elsevier.com/content/abstract/scopus_id/33750482615?field=author,affiliation"},{"@_fa": "true", "@ref": "scopus", "@href": "https://www.scopus.com/inward/record.uri?partnerID=HzOxMe3b&scp=33750482615&origin=inward"},{"@_fa": "true", "@ref": "scopus-citedby", "@href": "https://www.scopus.com/inward/citedby.uri?partnerID=HzOxMe3b&scp=33750482615&origin=inward"}],"prism:url":"https://api.elsevier.com/content/abstract/scopus_id/33750482615","dc:identifier":"SCOPUS_ID:33750482615","eid":"2-s2.0-33750482615","dc:title":"Negotiating patriarchy: South Korean evangelical women and the politics of gender","dc:creator":"Chong K.","prism:publicationName":"Gender and Society","prism:issn":"08912432","prism:volume":"20","prism:issueIdentifier":"6","prism:pageRange":"697-724","prism:coverDate":"2006-12-01","prism:coverDisplayDate":"December 2006","prism:doi":"10.1177/0891243206291111","dc:description":"Based on ethnographic research, this study investigates the meaning and impact of women's involvement in South Korean evangelicalism. While recent works addressing the \"paradox\" of women's participation in conservative religions have highlighted the significance of these religions as unexpected vehicles of gender empowerment and contestation, this study finds that the experiences and consequences of Korean evangelical women's religiosity are highly contradictory; although crucial in women's efforts to negotiate the injuries of the modern Confucian-patriarchal family, conversion, for many women, also signifies their effective redomestication to this family/gender regime, which helps maintain current gender arrangements. To address this tension, the article explores the meaning of religious submission in the Korean context, focusing on the motivations behind women's consent to patriarchy, which are rooted in women's contradictory desires regarding the family system and the ambivalent subjectivities that they evoke. © 2006 Sociologists for Women in Society.","citedby-count":"46","affiliation": [{"@_fa": "true", "affiliation-url":"https://api.elsevier.com/content/affiliation/affiliation_id/60015457","afid":"60015457","affilname":"University of Kansas, Lawrence","affiliation-city":"Lawrence","affiliation-country":"United States"}],"prism:aggregationType":"Journal","subtype":"ar","subtypeDescription":"Article","author-count":{"@limit": "100", "@total": "1", "$" :"1"},"author": [{"@_fa": "true", "@seq": "1", "author-url":"https://api.elsevier.com/content/author/author_id/36780036100","authid":"36780036100","authname":"Chong K.","surname":"Chong","given-name":"Kelly H.","initials":"K.H.","afid": [{"@_fa": "true", "$" :"60015457"}]}],"authkeywords":"Consent | Evangelicalism | Patriarchy | Religious traditionalism | Resistance | South Korea","source-id":"14925","fund-no":"undefined","openaccess":"0","openaccessFlag":false},{"@_fa": "true", "link": [{"@_fa": "true", "@ref": "self", "@href": "https://api.elsevier.com/content/abstract/scopus_id/43249158037"},{"@_fa": "true", "@ref": "author-affiliation", "@href": "https://api.elsevier.com/content/abstract/scopus_id/43249158037?field=author,affiliation"},{"@_fa": "true", "@ref": "scopus", "@href": "https://www.scopus.com/inward/record.uri?partnerID=HzOxMe3b&scp=43249158037&origin=inward"},{"@_fa": "true", "@ref": "scopus-citedby", "@href": "https://www.scopus.com/inward/citedby.uri?partnerID=HzOxMe3b&scp=43249158037&origin=inward"}],"prism:url":"https://api.elsevier.com/content/abstract/scopus_id/43249158037","dc:identifier":"SCOPUS_ID:43249158037","eid":"2-s2.0-43249158037","dc:title":"Encountering Hindutva, interrogating religious nationalism and (en)gendering a Hindu patriarchy in India's nuclear policies","dc:creator":"Das R.","prism:publicationName":"International Feminist Journal of Politics","prism:issn":"14616742","prism:eIssn":"14684470","prism:volume":"8","prism:issueIdentifier":"3","prism:pageRange":"370-393","prism:coverDate":"2006-12-01","prism:coverDisplayDate":"2006","prism:doi":"10.1080/14616740600792988","pii":"755294764","dc:description":"This article explores the consequences of a gendered nationalism under India's recent Bharatiya Janata Party (BJP) government that has relied on the discourses of Hindu women's violence and protection as elements of its discursive arsenal to pursue nuclearization as an aggressive policy of the Indian state. To this extent, the article interrogates a discursive relationship between a cultural patriarchy, its quest for Hindu nationalism and gender and the ways in which this patriarchy has both used and (ab)used the images of Hindu women to establish Islam/Pakistan as a threat to the supposedly Hindu India, and justify a nuclear policy for India. The article's contribution to international feminist politics lies in its attempts to stitch the localized politics of Hindu nationalism with its broader geo-political aspirations and implications, namely the role of the Indian state, under the BJP, in maintaining a communalized, militarized and a Hindu patriarchal violence at three inter-connected levels - between gender, communities and nations. © 2006 Taylor & Francis.","citedby-count":"9","affiliation": [{"@_fa": "true", "affiliation-url":"https://api.elsevier.com/content/affiliation/affiliation_id/60009875","afid":"60009875","affilname":"University of Minnesota Duluth","affiliation-city":"Duluth","affiliation-country":"United States"},{"@_fa": "true", "affiliation-url":"https://api.elsevier.com/content/affiliation/affiliation_id/60005745","afid":"60005745","affilname":"University of Minnesota System","affiliation-city":null,"affiliation-country":"United States"}],"prism:aggregationType":"Journal","subtype":"re","subtypeDescription":"Review","author-count":{"@limit": "100", "@total": "1", "$" :"1"},"author": [{"@_fa": "true", "@seq": "1", "author-url":"https://api.elsevier.com/content/author/author_id/23492154700","authid":"23492154700","authname":"Das R.","surname":"Das","given-name":"Runa","initials":"R.","afid": [{"@_fa": "true", "$" :"60005745"},{"@_fa": "true", "$" :"60009875"}]}],"authkeywords":"Communalism | Gender | India | Nationalism | Nuclearization | Religion","source-id":"5700161890","fund-no":"undefined","openaccess":"0","openaccessFlag":false},{"@_fa": "true", "link": [{"@_fa": "true", "@ref": "self", "@href": "https://api.elsevier.com/content/abstract/scopus_id/33751200306"},{"@_fa": "true", "@ref": "author-affiliation", "@href": "https://api.elsevier.com/content/abstract/scopus_id/33751200306?field=author,affiliation"},{"@_fa": "true", "@ref": "scopus", "@href": "https://www.scopus.com/inward/record.uri?partnerID=HzOxMe3b&scp=33751200306&origin=inward"},{"@_fa": "true", "@ref": "scopus-citedby", "@href": "https://www.scopus.com/inward/citedby.uri?partnerID=HzOxMe3b&scp=33751200306&origin=inward"}],"prism:url":"https://api.elsevier.com/content/abstract/scopus_id/33751200306","dc:identifier":"SCOPUS_ID:33751200306","eid":"2-s2.0-33751200306","dc:title":"On the ecofeminist editorial: \"Moving to an embodied materialism\"","dc:creator":"Rudy A.","prism:publicationName":"Capitalism, Nature, Socialism","prism:issn":"10455752","prism:eIssn":"15483290","prism:volume":"17","prism:issueIdentifier":"4","prism:pageRange":"105-114","prism:coverDate":"2006-12-01","prism:coverDisplayDate":"December 2006","prism:doi":"10.1080/10455750601004624","pii":"Q7454144141431R5","dc:description":"The regular appeal to women's subordinate mediation of biological processes for men homogenizes both the historically and spatially-specific kinds of biological mediation women practice as well as the forms of patriarchy and relational dynamics of materially gendering ecologies, bodies and spaces. From an ecosocialist perspective, capitalist commodification of the conditions of life means that markets, money and wages mediate biological processes under modernist and developmentalist conditions as much as men and women mediate different aspects of biological processes for and with one another. Conditions of life or conditions of reproduction are ecological, personal and communal. Ecosocialism and ecofeminism have a tendency to elide the uneven situatedness of interrelated forms of class and gender oppression as they relate to intertwined crises of ecological, health and infrastructural conditions. The key to an ecofeminist socialism may just be the forced mediation of biological moments of ecological, bodily and cultural relations. Ecosocialism sees political ecological process as more or less homogenous across the planet while ecofeminism sees eco-destructive patriarchy operating by the same dynamics around the globe. Both ecosocialists and ecofeminists need to be specific about the constraints on capitalist development engendered by the social system's patriarchal commitments and the enablement of capitalist development that patriarchy fostered.","citedby-count":"1","prism:aggregationType":"Journal","subtype":"cp","subtypeDescription":"Conference Paper","author-count":{"@limit": "100", "@total": "1", "$" :"1"},"author": [{"@_fa": "true", "@seq": "1", "author-url":"https://api.elsevier.com/content/author/author_id/14013710900","authid":"14013710900","authname":"Rudy A.","surname":"Rudy","given-name":"Alan","initials":"A."}],"source-id":"16777","fund-no":"undefined","openaccess":"0","openaccessFlag":false},{"@_fa": "true", "link": [{"@_fa": "true", "@ref": "self", "@href": "https://api.elsevier.com/content/abstract/scopus_id/33645157443"},{"@_fa": "true", "@ref": "author-affiliation", "@href": "https://api.elsevier.com/content/abstract/scopus_id/33645157443?field=author,affiliation"},{"@_fa": "true", "@ref": "scopus", "@href": "https://www.scopus.com/inward/record.uri?partnerID=HzOxMe3b&scp=33645157443&origin=inward"},{"@_fa": "true", "@ref": "scopus-citedby", "@href": "https://www.scopus.com/inward/citedby.uri?partnerID=HzOxMe3b&scp=33645157443&origin=inward"}],"prism:url":"https://api.elsevier.com/content/abstract/scopus_id/33645157443","dc:identifier":"SCOPUS_ID:33645157443","eid":"2-s2.0-33645157443","dc:title":"The Arab leadership in Israel: Ascendance and fragmentation","dc:creator":"Jamal A.","prism:publicationName":"Journal of Palestine Studies","prism:issn":"0377919X","prism:volume":"35","prism:issueIdentifier":"2","prism:pageRange":"6-22","prism:coverDate":"2006-12-01","prism:coverDisplayDate":"December 2006","prism:doi":"10.1525/jps.2006.35.2.6","dc:description":"This article describes the rise of a second generation of Arab political leaders in Israel as seen in the proliferation of explicitly Arab political parties (nationalist and Islamist) and Arab NGOs (secular and religious). While more representative of Israel's Arab community than the its predecessors, reflecting the community's growing national consciousness, the new leadership is also more fragmented. The author acknowledges Israel's active efforts to weaken the new leaders, but asserts that fragmentation has also resulted from continuing traditional structures, including extended family, a culture of notables manifested in the personalization of institutions, and patriarchy, particularly the political exclusion of women. © 2006 by the Institute for Palestine Studies. All rights reserved.","citedby-count":"25","affiliation": [{"@_fa": "true", "affiliation-url":"https://api.elsevier.com/content/affiliation/affiliation_id/60005681","afid":"60005681","affilname":"Tel Aviv University","affiliation-city":"Tel Aviv-Yafo","affiliation-country":"Israel"}],"prism:aggregationType":"Journal","subtype":"ar","subtypeDescription":"Article","author-count":{"@limit": "100", "@total": "1", "$" :"1"},"author": [{"@_fa": "true", "@seq": "1", "author-url":"https://api.elsevier.com/content/author/author_id/7005757588","authid":"7005757588","authname":"Jamal A.","surname":"Jamal","given-name":"Amal","initials":"A.","afid": [{"@_fa": "true", "$" :"60005681"}]}],"source-id":"26079","fund-no":"undefined","openaccess":"0","openaccessFlag":false},{"@_fa": "true", "link": [{"@_fa": "true", "@ref": "self", "@href": "https://api.elsevier.com/content/abstract/scopus_id/65849453236"},{"@_fa": "true", "@ref": "author-affiliation", "@href": "https://api.elsevier.com/content/abstract/scopus_id/65849453236?field=author,affiliation"},{"@_fa": "true", "@ref": "scopus", "@href": "https://www.scopus.com/inward/record.uri?partnerID=HzOxMe3b&scp=65849453236&origin=inward"},{"@_fa": "true", "@ref": "scopus-citedby", "@href": "https://www.scopus.com/inward/citedby.uri?partnerID=HzOxMe3b&scp=65849453236&origin=inward"}],"prism:url":"https://api.elsevier.com/content/abstract/scopus_id/65849453236","dc:identifier":"SCOPUS_ID:65849453236","eid":"2-s2.0-65849453236","dc:title":"Realism and sentimentalism in Marie Von Ebner-Eschenbach's unsühnbar","dc:creator":"Woodford C.","prism:publicationName":"Modern Language Review","prism:issn":"00267937","prism:volume":"101","prism:issueIdentifier":"1","prism:pageRange":null,"prism:coverDate":"2006-12-01","prism:coverDisplayDate":"2006","dc:description":"Unsühnbar (1890) is a realist novel of female adultery, through which Marie von Ebner-Eschenbach criticizes contemporary society. She highlights the inequality of the double standard of sexual morality, and examines women's internalization of the values of patriarchal society. Ebner also uses a sentimental discourse to exonerate her heroine from the symbolic blame usually attached to an adulteress and to enable the reader to infer the protagonist's inner state. However, the author too has internalized some of the values of patriarchy. This article therefore also examines the link between the transgression of the adulteress and that of the female author. © Modern Humanities Research Association 2006.","citedby-count":"1","affiliation": [{"@_fa": "true", "affiliation-url":"https://api.elsevier.com/content/affiliation/affiliation_id/104890482","afid":"104890482","affilname":"Selwyn College","affiliation-city":"Cambridge","affiliation-country":"United Kingdom"}],"prism:aggregationType":"Journal","subtype":"ar","subtypeDescription":"Article","author-count":{"@limit": "100", "@total": "1", "$" :"1"},"author": [{"@_fa": "true", "@seq": "1", "author-url":"https://api.elsevier.com/content/author/author_id/26037647700","authid":"26037647700","authname":"Woodford C.","surname":"Woodford","given-name":"Charlotte","initials":"C.","afid": [{"@_fa": "true", "$" :"104890482"}]}],"source-id":"6500153109","fund-no":"undefined","openaccess":"0","openaccessFlag":false},{"@_fa": "true", "link": [{"@_fa": "true", "@ref": "self", "@href": "https://api.elsevier.com/content/abstract/scopus_id/33751198249"},{"@_fa": "true", "@ref": "author-affiliation", "@href": "https://api.elsevier.com/content/abstract/scopus_id/33751198249?field=author,affiliation"},{"@_fa": "true", "@ref": "scopus", "@href": "https://www.scopus.com/inward/record.uri?partnerID=HzOxMe3b&scp=33751198249&origin=inward"},{"@_fa": "true", "@ref": "scopus-citedby", "@href": "https://www.scopus.com/inward/citedby.uri?partnerID=HzOxMe3b&scp=33751198249&origin=inward"}],"prism:url":"https://api.elsevier.com/content/abstract/scopus_id/33751198249","dc:identifier":"SCOPUS_ID:33751198249","eid":"2-s2.0-33751198249","dc:title":"Women, enclosure, and accumulation: A rejoinder to Robert Chapman","dc:creator":"Isla A.","prism:publicationName":"Capitalism, Nature, Socialism","prism:issn":"10455752","prism:eIssn":"15483290","prism:volume":"17","prism:issueIdentifier":"4","prism:pageRange":"58-65","prism:coverDate":"2006-12-01","prism:coverDisplayDate":"December 2006","prism:doi":"10.1080/10455750601004509","pii":"G422NP51203H5405","dc:description":"Ecofeminists and ecosocialists have disparate value systems. Subsistence for an ecofeminist is a set of life-affirming activities that are not motivated by profit but by the drive to enhance vital capacities. The most fundamental contradiction of the capitalist patriarchal system is the annulment of women's full humanity through men's construction of their identity as part of nature. It is women, peasants, indigenous people and re-productive nature that are characteristically \"feminized\" by capital. From an eco-socialist perspective, the roots of unsustainability are the class inequality and poverty endemic to capitalist relations. For ecosocialists, only waged workers are potential revolutionaries while for socialist ecofeminists women, peasants and indigenous people who resist exploitation by defending subsistence are revolutionary forces of social change.","citedby-count":"1","prism:aggregationType":"Journal","subtype":"cp","subtypeDescription":"Conference Paper","author-count":{"@limit": "100", "@total": "1", "$" :"1"},"author": [{"@_fa": "true", "@seq": "1", "author-url":"https://api.elsevier.com/content/author/author_id/7005041427","authid":"7005041427","authname":"Isla A.","surname":"Isla","given-name":"Ana","initials":"A."}],"source-id":"16777","fund-no":"undefined","openaccess":"0","openaccessFlag":false},{"@_fa": "true", "link": [{"@_fa": "true", "@ref": "self", "@href": "https://api.elsevier.com/content/abstract/scopus_id/84906599640"},{"@_fa": "true", "@ref": "author-affiliation", "@href": "https://api.elsevier.com/content/abstract/scopus_id/84906599640?field=author,affiliation"},{"@_fa": "true", "@ref": "scopus", "@href": "https://www.scopus.com/inward/record.uri?partnerID=HzOxMe3b&scp=84906599640&origin=inward"},{"@_fa": "true", "@ref": "scopus-citedby", "@href": "https://www.scopus.com/inward/citedby.uri?partnerID=HzOxMe3b&scp=84906599640&origin=inward"}],"prism:url":"https://api.elsevier.com/content/abstract/scopus_id/84906599640","dc:identifier":"SCOPUS_ID:84906599640","eid":"2-s2.0-84906599640","dc:title":"The lesbian rights movement and feminism in South Korea","dc:creator":"Park-Kim S.","prism:publicationName":"Journal of Lesbian Studies","prism:issn":"10894160","prism:eIssn":"15403548","prism:volume":"10","prism:issueIdentifier":"3-4","prism:pageRange":"161-190","prism:coverDate":"2006-12-01","prism:coverDisplayDate":"2006","prism:doi":"10.1300/J155v10n03_11","dc:description":"The lesbians' rights movement in South Korea has undertaken various projects for solidarity with feminist movement groups for over 10 years. In spite of these efforts, lesbian issues have been blatantly excluded from all the agendas of women's rights. The same thing has happened in Women's Studies. Some feminists express homophobic thoughts without understanding the reality of lesbians, and other young scholars take on a lesbian identity temporarily as a sign of being progressive and liberated; in neither situation are they committed to dealing with the oppression of lesbians or seeing lesbian rights as a feminist concern. In order to further lesbian rights there are two strategies possible: forming a movement only for lesbians or forming solidarity with feminists. In the latter case, a concern about lesbian rights will help achieve the goals of a true feminism as patriarchy is built upon heterosexism. © 2006 by The Haworth Press, Inc. All rights reserved.","citedby-count":"5","affiliation": [{"@_fa": "true", "affiliation-url":"https://api.elsevier.com/content/affiliation/affiliation_id/101406158","afid":"101406158","affilname":"Lesbian Institute for Lesbians","affiliation-city":"Seoul","affiliation-country":"South Korea"}],"pubmed-id":"17210565","prism:aggregationType":"Journal","subtype":"ar","subtypeDescription":"Article","author-count":{"@limit": "100", "@total": "3", "$" :"3"},"author": [{"@_fa": "true", "@seq": "1", "author-url":"https://api.elsevier.com/content/author/author_id/15760565500","authid":"15760565500","authname":"Park-Kim S.","surname":"Park-Kim","given-name":"Soo Jin","initials":"S.J.","afid": [{"@_fa": "true", "$" :"101406158"}]},{"@_fa": "true", "@seq": "2", "author-url":"https://api.elsevier.com/content/author/author_id/15760396400","authid":"15760396400","authname":"Lee-Kim S.","surname":"Lee-Kim","given-name":"Soo Youn","initials":"S.Y.","afid": [{"@_fa": "true", "$" :"101406158"}]},{"@_fa": "true", "@seq": "3", "author-url":"https://api.elsevier.com/content/author/author_id/15760108500","authid":"15760108500","authname":"Kwon-Lee E.","surname":"Kwon-Lee","given-name":"Eun Jung","initials":"E.J.","afid": [{"@_fa": "true", "$" :"101406158"}]}],"authkeywords":"Feminist movement | Korean Women Sexual Minority Rights Organization Kirikiri | Lesbian counseling center | Lesbian Institute for Lesbians | Lesbian rights movement in South Korea | women's studies","source-id":"4700152421","fund-no":"undefined","openaccess":"0","openaccessFlag":false},{"@_fa": "true", "link": [{"@_fa": "true", "@ref": "self", "@href": "https://api.elsevier.com/content/abstract/scopus_id/61949305551"},{"@_fa": "true", "@ref": "author-affiliation", "@href": "https://api.elsevier.com/content/abstract/scopus_id/61949305551?field=author,affiliation"},{"@_fa": "true", "@ref": "scopus", "@href": "https://www.scopus.com/inward/record.uri?partnerID=HzOxMe3b&scp=61949305551&origin=inward"},{"@_fa": "true", "@ref": "scopus-citedby", "@href": "https://www.scopus.com/inward/citedby.uri?partnerID=HzOxMe3b&scp=61949305551&origin=inward"}],"prism:url":"https://api.elsevier.com/content/abstract/scopus_id/61949305551","dc:identifier":"SCOPUS_ID:61949305551","eid":"2-s2.0-61949305551","dc:title":"Feminine visions: Anorexia and contagion in pop discourse","dc:creator":"Burke E.","prism:publicationName":"Feminist Media Studies","prism:issn":"14680777","prism:eIssn":"14715902","prism:volume":"6","prism:issueIdentifier":"3","prism:pageRange":"315-330","prism:coverDate":"2006-12-01","prism:coverDisplayDate":"2006","prism:doi":"10.1080/14680770600802066","pii":"757920850","dc:description":"This paper offers a discussion of the relationship between the discursive tropes consumption and contagion as they inform feminist and popular media interpretations of anorexia. It suggests that although consumption has proved a useful, if not limited source of meaning within feminist readings of anorexia, popular discourses utilize the more sensationalist notion of contagion to describe the relationship between female consumers and images of the slender female body. Through analyses of various examples from Australian popular women's media it argues that contagion displaces feminist arguments which locate the \"cause\" of anorexia in patriarchy and instead constructs women as a danger to each other and to themselves. By comparing some of the theoretical dimensions of the male and female gaze, the paper suggests that the idea of contagion constructs a problematic model of female vision through a sexual, rather than social register. It concludes that contagion operates in pop discourse as a counter-productive force which sustains a range of anxieties about contemporary femininity and enables the commodification of anorexia as a subject of public scrutiny.","citedby-count":"13","affiliation": [{"@_fa": "true", "affiliation-url":"https://api.elsevier.com/content/affiliation/affiliation_id/106929086","afid":"106929086","affilname":"Faculty of Arts","affiliation-city":"Monash","affiliation-country":"Australia"}],"prism:aggregationType":"Journal","subtype":"ar","subtypeDescription":"Article","author-count":{"@limit": "100", "@total": "1", "$" :"1"},"author": [{"@_fa": "true", "@seq": "1", "author-url":"https://api.elsevier.com/content/author/author_id/35830833300","authid":"35830833300","authname":"Burke E.","surname":"Burke","given-name":"Eliza","initials":"E.","afid": [{"@_fa": "true", "$" :"106929086"}]}],"source-id":"5700168400","fund-no":"undefined","openaccess":"0","openaccessFlag":false},{"@_fa": "true", "link": [{"@_fa": "true", "@ref": "self", "@href": "https://api.elsevier.com/content/abstract/scopus_id/84899606337"},{"@_fa": "true", "@ref": "author-affiliation", "@href": "https://api.elsevier.com/content/abstract/scopus_id/84899606337?field=author,affiliation"},{"@_fa": "true", "@ref": "scopus", "@href": "https://www.scopus.com/inward/record.uri?partnerID=HzOxMe3b&scp=84899606337&origin=inward"},{"@_fa": "true", "@ref": "scopus-citedby", "@href": "https://www.scopus.com/inward/citedby.uri?partnerID=HzOxMe3b&scp=84899606337&origin=inward"}],"prism:url":"https://api.elsevier.com/content/abstract/scopus_id/84899606337","dc:identifier":"SCOPUS_ID:84899606337","eid":"2-s2.0-84899606337","dc:title":"Chapter 9: Gender and social education what's the problem?","dc:creator":"Crocco M.","prism:publicationName":"The Social Studies Curriculum: Purposes, Problems, and Possibilities, Third Edition","prism:isbn": [{"@_fa": "true", "$" :"9780791469095"}],"prism:pageRange":"171-193","prism:coverDate":"2006-12-01","prism:coverDisplayDate":"2006","dc:description":"In addressing the topic of gender and social education for the third edition of this book, I may encounter some readers who wonder: \"What's the problem? Women have made enormous gains over the last forty years in American society.\" And, indeed, this is true: Using just one measure of women's educational achievement, college attendance, as an example of women's progress, we find that between 1970 and 2001, \"women went from being the minority to the majority of the U.S. undergraduate population, increasing their representation from 42 percent to 56 percent of undergraduates\" (Freeman, 2004, as quoted in Peter & Horn, 2005, p. 1). Women's gains in higher education have been so dramatic that the American Council on Education (King, 2000) has raised the question: \"Are male students at a disadvantage?\" Although experts consistently note the discrepancies in educational experiences between men and women of different races and classes, the overall picture in the postsecondary arena remains one of female achievement. Looking at K12 education yields similar results. In language arts, for example, girls start school at the same level if not ahead of boys (Freeman, 2004). Girls are less likely to be held back a grade, drop out, confront serious problems, or engage in risk-taking behaviors in and out of the classroom. Girls do better with reading and writing, and only slightly less well in math and science (Freeman, 2004). Girls participate at a higher rate in extracurricular activities, except for athletics, and voice higher educational aspirations than boys (Freeman, 2004). Such data may suggest that educational issues related to gender affect more male than female students these days. In fact, over the last decade a cottage industry has arisen concerning the \"problems with boys\" (Pollack, 1998; Garbarino, 1999; Kindlon, 1999; Hoff-Sommers, 2000). At the postsecondary level, critics of affirmative action and Title IX have asserted that universities should address the problems with men's enrollment and retention rather than devoting more resources to women in higher education (Glazer-Raymo, forthcoming). Undoubtedly, problems of gender can be found with both female as well as male performance in education. For example, women continue to lag well behind men in earning doctorates in computer science, physics, and engineering. Outside the United States, a host of other issues arise related to women's education. In this chapter, I explore several ways of thinking about the contemporary relevance of gender to social education. Gender is the social construction of differences that are rooted in sex but are elaborated by cultures into systems of identity and relationship concerning what it means to be a man or a woman. As such, these systems are historically as well as culturally contingent. Social education refers to the ways in which societies have constructed, lived out, and transmitted their understandings of social relations and the implications of these understandings for citizenship education (Crocco, 1999, p. 1). One critical form of social education in the modern United States has been social studies. In considering this topic, I draw on Carol Lee Bacchi's (1999) \"What's the Problem?\" approach in order to focus on the challenges social educators face regarding gender in an era of globalization, a topic about which I have written previously (Crocco, 2005; Crocco & Cramer, 2004; Patel & Crocco, 2003; Asher & Crocco, 2001; Crocco, 2000). I also draw upon Joseph Schwab's (1978) four \"commonplaces of schooling\"- subject matter, learners, teachers, and milieu or context-to provide a framework for considering gender and social education systematically but they do not contradict the notion that social education occurs outside schools. These commonplaces also reinforce the notion that gender and social education intersect in a variety of ways. Focusing on globalization should not be read as implying that all issues of gender have been resolved in the United States but simply places the United States within the context of a rapidly changing world, one in which national boundaries are not what they used to be. Despite women's gains over the last several decades, the place of gender within social education continues to reflect the stubborn persistence of patriarchy worldwide. Gerda Lerner (1986) defines patriarchy as the subordination of women, an intellectual and social system in which women collude with men in socializing new generations to the view that such subordination is \"natural\" and, in some societies, seen as theologically ordained. In parts of the world where women's rights have gained ground, patriarchy has become an increasingly subtle set of attitudes and practices; nevertheless, it persists. In the United States, for example, patriarchy remains highly salient to legal reasoning (e.g., rape and domestic violence laws, law enforcement, and judicial reasoning, Buzawa & Buzawa, 2002) as well as economic issues such as taxation and social security (see Kessler-Harris, 2001), among other topics. As I shall argue, teaching forms of \"systemic seeing\" as part of social education is critical to the movement to overcome patriarchal norms in a society. Worldwide, feminist scholars seek to increase \"gender equity,\" one definition of which is: \"to be fair and just toward both men and women, to show preference to neither, and concern for both\" (Klein, Ortman, & Friedman, 2002). Some would go further, stipulating that gender equity is not just a matter of opening doors but of ensuring that all students are capable of walking through those doors. Likewise, many would argue that making the structures in which students learn more hospitable to both women and men is also necessary. Achieving these goals involves active interventions requiring political, social, psychological, and institutional change (Koch, Irby, Brown, 2002, p. 186-187). Doing this in a manner that includes the world's women is a formidable task, to be sure. © 2006 State University of New York. All rights reserved.","citedby-count":"11","prism:aggregationType":"Book","subtype":"ch","subtypeDescription":"Chapter","author-count":{"@limit": "100", "@total": "1", "$" :"1"},"author": [{"@_fa": "true", "@seq": "1", "author-url":"https://api.elsevier.com/content/author/author_id/6505869677","authid":"6505869677","authname":"Crocco M.","surname":"Crocco","given-name":"Margaret Smith","initials":"M.S."}],"source-id":"21100308714","fund-no":"undefined","openaccess":"0","openaccessFlag":false},{"@_fa": "true", "link": [{"@_fa": "true", "@ref": "self", "@href": "https://api.elsevier.com/content/abstract/scopus_id/61049356709"},{"@_fa": "true", "@ref": "author-affiliation", "@href": "https://api.elsevier.com/content/abstract/scopus_id/61049356709?field=author,affiliation"},{"@_fa": "true", "@ref": "scopus", "@href": "https://www.scopus.com/inward/record.uri?partnerID=HzOxMe3b&scp=61049356709&origin=inward"},{"@_fa": "true", "@ref": "scopus-citedby", "@href": "https://www.scopus.com/inward/citedby.uri?partnerID=HzOxMe3b&scp=61049356709&origin=inward"}],"prism:url":"https://api.elsevier.com/content/abstract/scopus_id/61049356709","dc:identifier":"SCOPUS_ID:61049356709","eid":"2-s2.0-61049356709","dc:title":"What kind of ageing for Jane Eyre?","dc:creator":"Bertrandias B.","prism:publicationName":"Cahiers Victoriens and Edouardiens","prism:issn":"02205610","prism:volume":"2006","prism:issueIdentifier":"63","prism:pageRange":null,"prism:coverDate":"2006-12-01","prism:coverDisplayDate":"2006","dc:description":"While Jane Eyre obliterates the process of getting old, not so for Charlotte's two subsequent novels which introduce singular characters whose connection with the heroine suggests that ageing is now part of the issue of self development with which her writings are concerned. In Shirley, the old maids are monitory figures, but in Villette, Miss Marchmont, on the one hand (whose fate can be read as the alternative of Jane Eyre's), and the monstrous Malevola, on the other hand, frame Lucy Snowe's progress in life in a paradoxical structure of closeness/strangeness regarding the process of ageing. This article attempts to read the function of those figures as part of the problematic maturation of the woman subject, as uneasy with the codes of the Bildungsroman as such, as with those of patriarchy at large. For if Malevola illustrates the ultimate degradation of feminine stereotypes, she also embodies the parodic obverse of the woman writer's manipulative power, and as such maybe the last mirror in which Brontë contemplates herself, with the issue of autonomy and self-fulfilment dramatically unresolved.","citedby-count":"0","prism:aggregationType":"Journal","subtype":"re","subtypeDescription":"Review","author-count":{"@limit": "100", "@total": "1", "$" :"1"},"author": [{"@_fa": "true", "@seq": "1", "author-url":"https://api.elsevier.com/content/author/author_id/26033229300","authid":"26033229300","authname":"Bertrandias B.","surname":"Bertrandias","given-name":"Bernadette","initials":"B.","afid": [{"@_fa": "true", "$" :"60001542"}]}],"source-id":"12612","fund-no":"undefined","openaccess":"0","openaccessFlag":false},{"@_fa": "true", "link": [{"@_fa": "true", "@ref": "self", "@href": "https://api.elsevier.com/content/abstract/scopus_id/33846372021"},{"@_fa": "true", "@ref": "author-affiliation", "@href": "https://api.elsevier.com/content/abstract/scopus_id/33846372021?field=author,affiliation"},{"@_fa": "true", "@ref": "scopus", "@href": "https://www.scopus.com/inward/record.uri?partnerID=HzOxMe3b&scp=33846372021&origin=inward"},{"@_fa": "true", "@ref": "scopus-citedby", "@href": "https://www.scopus.com/inward/citedby.uri?partnerID=HzOxMe3b&scp=33846372021&origin=inward"}],"prism:url":"https://api.elsevier.com/content/abstract/scopus_id/33846372021","dc:identifier":"SCOPUS_ID:33846372021","eid":"2-s2.0-33846372021","dc:title":"Yorkshire lasses and their lads: Sexuality, sexual customs, and gender antagonisms in anglo-american working-class culture","dc:creator":"Blewett M.","prism:publicationName":"Journal of Social History","prism:issn":"00224529","prism:volume":"40","prism:issueIdentifier":"2","prism:pageRange":null,"prism:coverDate":"2006-12-01","prism:coverDisplayDate":"December 2006","dc:description":"Fiction and historical tests carefully positioned in Anglo- American historiography provide new perspectives on the elusive world of female working-class sexuality. Working women are portrayed, not as victims or objects, but as active players in gender and class conflicts. Yorkshire lasses and older women used their sexuality to define their female adulthood through sexual experimentation during courtship, to discipline male aggressiveness and patriarchy, and to advance their status as working women. These antagonisms included sexually charged customs and behaviors, such as the ritual of \"sunning\": the sexual humiliation of young men by working women, and new meanings for female agency in premarital sexual activities. The behaviors and customs of Yorkshire working-class women reveal their uses of individual and collective activities to confront on their own terms both gender and class conflicts in the family, the workplace, and the trade union. The threatening power of female sexuality exercised collectively, openly, and dramatically was a reminder to all that the private world of sexuality and the workplace were deeply intertwined but not always at the expense of women.","citedby-count":"6","affiliation": [{"@_fa": "true", "affiliation-url":"https://api.elsevier.com/content/affiliation/affiliation_id/60013894","afid":"60013894","affilname":"University of Massachusetts System","affiliation-city":"Boston","affiliation-country":"United States"}],"prism:aggregationType":"Journal","subtype":"re","subtypeDescription":"Review","author-count":{"@limit": "100", "@total": "1", "$" :"1"},"author": [{"@_fa": "true", "@seq": "1", "author-url":"https://api.elsevier.com/content/author/author_id/15821921600","authid":"15821921600","authname":"Blewett M.","surname":"Blewett","given-name":"Mary","initials":"M.","afid": [{"@_fa": "true", "$" :"60013894"}]}],"source-id":"15675","fund-no":"undefined","openaccess":"0","openaccessFlag":false},{"@_fa": "true", "link": [{"@_fa": "true", "@ref": "self", "@href": "https://api.elsevier.com/content/abstract/scopus_id/80051498480"},{"@_fa": "true", "@ref": "author-affiliation", "@href": "https://api.elsevier.com/content/abstract/scopus_id/80051498480?field=author,affiliation"},{"@_fa": "true", "@ref": "scopus", "@href": "https://www.scopus.com/inward/record.uri?partnerID=HzOxMe3b&scp=80051498480&origin=inward"},{"@_fa": "true", "@ref": "scopus-citedby", "@href": "https://www.scopus.com/inward/citedby.uri?partnerID=HzOxMe3b&scp=80051498480&origin=inward"}],"prism:url":"https://api.elsevier.com/content/abstract/scopus_id/80051498480","dc:identifier":"SCOPUS_ID:80051498480","eid":"2-s2.0-80051498480","dc:title":"Spiritual care by nurses?","dc:creator":"Grosvenor D.","prism:publicationName":"International Journal of Interdisciplinary Social Sciences","prism:issn":"18331882","prism:volume":"1","prism:issueIdentifier":"3","prism:pageRange":"95-101","prism:coverDate":"2006-12-01","prism:coverDisplayDate":"2006","dc:description":"The purpose of my study was to enquire why or if nurses should add spiritual care to existing nursing care. I held one to one in depth interviews with 18 experienced nurses in Scotland, U.K. The nurses came from a wide range of specialities and ages. Three nurses were practising Christians though all came from a Christian background. Qualitative analysis drew on theories of caring and nursing as gendered, and feminist critiques of patriarchal spirit/body dualisms. My findings were that the 'spirit' was mostly described in contemporary terms as energy, essence, the person, self or something separate from bodily life. The nurses had difficulties with spiritual care defined as meaning and purpose and with articulating nursing comfort, compassion, being there, and listening, which they described as spiritual care. Similarly, nurses' own distress with doctors or managers was described as spiritual. I argue this demonstrates the persistence of alleged Christian patriarchal spirit/body hierarchies which persist in society as fraternal patriarchy. Gender and power arguably continue to be inextricably intertwined in both Christian and contemporary spiritualities which allegedly encourage silence and meekness. I suggest that rather than add spiritual practices nurses need to be empowered to articulate existing nursing skills which need to be valued. I conclude that nurses adding spiritual care to nursing care could destabilise more important concerns. © Common Ground, John Stevenson, Irena Yashin-Shaw, All Rights Reserved.","citedby-count":"0","affiliation": [{"@_fa": "true", "affiliation-url":"https://api.elsevier.com/content/affiliation/affiliation_id/60018186","afid":"60018186","affilname":"Edinburgh Napier University","affiliation-city":"Edinburgh","affiliation-country":"United Kingdom"}],"prism:aggregationType":"Journal","subtype":"ar","subtypeDescription":"Article","author-count":{"@limit": "100", "@total": "1", "$" :"1"},"author": [{"@_fa": "true", "@seq": "1", "author-url":"https://api.elsevier.com/content/author/author_id/46461561600","authid":"46461561600","authname":"Grosvenor D.","surname":"Grosvenor","given-name":"Dorothy","initials":"D.","afid": [{"@_fa": "true", "$" :"60018186"}]}],"authkeywords":"Feminisms | Nursing | Spiritual care","source-id":"19900193276","fund-no":"undefined","openaccess":"0","openaccessFlag":false},{"@_fa": "true", "link": [{"@_fa": "true", "@ref": "self", "@href": "https://api.elsevier.com/content/abstract/scopus_id/63849293403"},{"@_fa": "true", "@ref": "author-affiliation", "@href": "https://api.elsevier.com/content/abstract/scopus_id/63849293403?field=author,affiliation"},{"@_fa": "true", "@ref": "scopus", "@href": "https://www.scopus.com/inward/record.uri?partnerID=HzOxMe3b&scp=63849293403&origin=inward"},{"@_fa": "true", "@ref": "scopus-citedby", "@href": "https://www.scopus.com/inward/citedby.uri?partnerID=HzOxMe3b&scp=63849293403&origin=inward"}],"prism:url":"https://api.elsevier.com/content/abstract/scopus_id/63849293403","dc:identifier":"SCOPUS_ID:63849293403","eid":"2-s2.0-63849293403","dc:title":"A feminist approach to family folklore: \"Aganigi Naganigi\"","dc:creator":"Uçar A.","prism:publicationName":"Milli Folklor","prism:issn":"13003984","prism:volume":"9","prism:issueIdentifier":"71","prism:pageRange":"75-78","prism:coverDate":"2006-12-01","prism:coverDisplayDate":"2006","dc:description":"This article is devoted to analysis of gender stereotyping in a TV commercial with a special focus on patriarchal family and family folklore. A recent TV commercial promoting consumption of hazelnuts, namely \"Cave Man\", portrays a \"pre-historical\" patriarchal family which reproduces stereotypical gender roles in economic and social spheres. In the commercial, women appear in stereotypical roles in which their position confined to private sphere of \"cave\" and excluded from knowledge. While two female protagonists cook and flaunt the \"discoveries\" of their husbands \"inside\" of a cave, two male protagonists \"discover\" fire and hazelnuts \"outside\" the cave. The commercial which reproduces passive, subordinated and domicile female stereotyping, stretches the historical domination of man to pre-historical ages and attributes universality to patriarchal nucleus family. The cave man, who discovered \"hazelnuts\", uses ciphered and vernacular phrase, \"Aganigi Naganigi, to call his mate for sexual intercourse. Underlying message of the commercial conveys that \"hazelnuts\" help to increase male sexual power. By using oral formulas and rhymed slogans as its advertising strategy, the commercial increases the efficiency of its message, which explicitly stresses male sexuality and power while confining female identity and experience to a \"cave\".","citedby-count":"0","prism:aggregationType":"Journal","subtype":"ar","subtypeDescription":"Article","author-count":{"@limit": "100", "@total": "1", "$" :"1"},"author": [{"@_fa": "true", "@seq": "1", "author-url":"https://api.elsevier.com/content/author/author_id/38162490400","authid":"38162490400","authname":"Uçar A.","surname":"Uçar","given-name":"Asli","initials":"A.","afid": [{"@_fa": "true", "$" :"60014808"}]}],"authkeywords":"Family folklore | Gender roles | Patriarchy | TV commercials","source-id":"5800207819","fund-no":"undefined","openaccess":"0","openaccessFlag":false},{"@_fa": "true", "link": [{"@_fa": "true", "@ref": "self", "@href": "https://api.elsevier.com/content/abstract/scopus_id/34247850486"},{"@_fa": "true", "@ref": "author-affiliation", "@href": "https://api.elsevier.com/content/abstract/scopus_id/34247850486?field=author,affiliation"},{"@_fa": "true", "@ref": "scopus", "@href": "https://www.scopus.com/inward/record.uri?partnerID=HzOxMe3b&scp=34247850486&origin=inward"},{"@_fa": "true", "@ref": "scopus-citedby", "@href": "https://www.scopus.com/inward/citedby.uri?partnerID=HzOxMe3b&scp=34247850486&origin=inward"}],"prism:url":"https://api.elsevier.com/content/abstract/scopus_id/34247850486","dc:identifier":"SCOPUS_ID:34247850486","eid":"2-s2.0-34247850486","dc:title":"Feminist international relations in the age of the war on terror: Ideologies, religions and conflict","dc:creator":"Youngs G.","prism:publicationName":"International Feminist Journal of Politics","prism:issn":"14616742","prism:eIssn":"14684470","prism:volume":"8","prism:issueIdentifier":"1","prism:pageRange":"3-18","prism:coverDate":"2006-12-01","prism:coverDisplayDate":"2006","prism:doi":"10.1080/14616740500415409","pii":"741624725","dc:description":"This article introduces this theme issue and examines how Feminist International Relations is responding to the war on terror. The articles address ideologies, religions and conflict and highlight the enduring problem of the absence of women's voices in the theory and practice of mainstream International Relations. I argue that the question of agency is central to the issue as a whole: women's agency or lack of it, to shape not only our own lives and destinies, but those of the wider societies to which we belong. I argue this is best interpreted through a 'transitional nexus' representing the twofold situation women and feminists confront when working for change. This involves not only the kinds of change women are working towards, but also the historically created patriarchal context affecting how such efforts are recognized, or more usually not recognized, because of the marginal status assigned to women and their diverse interests over a long history and across different societies of the world. We need to recognize that there is change 'for women' and change 'by women', the former too often denying women's agency, and the latter asserting it. The articles in this issue address how both characterize the war on terror. © 2006 Taylor & Francis.","citedby-count":"20","affiliation": [{"@_fa": "true", "affiliation-url":"https://api.elsevier.com/content/affiliation/affiliation_id/60033125","afid":"60033125","affilname":"University of Leicester","affiliation-city":"Leicester","affiliation-country":"United Kingdom"}],"prism:aggregationType":"Journal","subtype":"re","subtypeDescription":"Review","author-count":{"@limit": "100", "@total": "1", "$" :"1"},"author": [{"@_fa": "true", "@seq": "1", "author-url":"https://api.elsevier.com/content/author/author_id/7003303619","authid":"7003303619","authname":"Youngs G.","surname":"Youngs","given-name":"Gillian","initials":"G.","afid": [{"@_fa": "true", "$" :"60033125"}]}],"authkeywords":"Discourse | Feminist International Relations | Hegemonic masculinities | Inside/outside | Orientalism | Patriarchy | Religion | Transitional nexus | War on terror | Warrior/maiden | Women's agency","source-id":"5700161890","fund-no":"undefined","openaccess":"0","openaccessFlag":false},{"@_fa": "true", "link": [{"@_fa": "true", "@ref": "self", "@href": "https://api.elsevier.com/content/abstract/scopus_id/33750069403"},{"@_fa": "true", "@ref": "author-affiliation", "@href": "https://api.elsevier.com/content/abstract/scopus_id/33750069403?field=author,affiliation"},{"@_fa": "true", "@ref": "scopus", "@href": "https://www.scopus.com/inward/record.uri?partnerID=HzOxMe3b&scp=33750069403&origin=inward"},{"@_fa": "true", "@ref": "scopus-citedby", "@href": "https://www.scopus.com/inward/citedby.uri?partnerID=HzOxMe3b&scp=33750069403&origin=inward"}],"prism:url":"https://api.elsevier.com/content/abstract/scopus_id/33750069403","dc:identifier":"SCOPUS_ID:33750069403","eid":"2-s2.0-33750069403","dc:title":"Hampton-hungry homemakers: Female voices in Bulgarian literature after 1989 (Exigent exegesis)","dc:creator":"Kambourov D.","prism:publicationName":"Neohelicon","prism:issn":"03244652","prism:eIssn":"15882810","prism:volume":"33","prism:issueIdentifier":"2","prism:pageRange":"129-146","prism:coverDate":"2006-12-01","prism:coverDisplayDate":"December 2006","prism:doi":"10.1007/s11059-006-0030-6","dc:description":"The paper tries to write both of the history of prose and poetry in the post-communist Bulgaria. It is worth emphasising since in the Bulgarian culture poetry enjoys a higher credit not only among literary genres but also among the arts in general. As a consequence female prose often reminds the structure and texture of contemporary music or visual art rather than of a discursive practice. It rarely relies on what it says or states, nevertheless it tries to articulate unknown female realities and feminine experiences, which, being insusceptible to fabulation, demand from female fiction a highly poetic potential. On the other hand, the most challenging female poetic voices are those who cast aside the dictate of the metaphor in favor of a poetic narrative, which is a strategy almost deprived of tradition in Bulgarian literature. Along the 1990s female literature - taken as literature written mainly by, on and for women - has been fighting on two fronts: first, against patriarchy and its symbolic order, providing the foundations of the Bulgarian literary canon; and second, against the alleged simple and shallow feminist discourse, against the supposed false addressing of female issues, against the enticing exits and vain exiles. This exigent exegesis wants to throw a bridge between approaches that either read female literature as exceptionally female, or indiscriminately as literature per se. © 2006 Springer-Verlag/Akadémiai Kiadó.","citedby-count":"1","prism:aggregationType":"Journal","subtype":"re","subtypeDescription":"Review","author-count":{"@limit": "100", "@total": "1", "$" :"1"},"author": [{"@_fa": "true", "@seq": "1", "author-url":"https://api.elsevier.com/content/author/author_id/15020608600","authid":"15020608600","authname":"Kambourov D.","surname":"Kambourov","given-name":"Dimitar","initials":"D."}],"source-id":"5000154506","fund-no":"undefined","openaccess":"0","openaccessFlag":false},{"@_fa": "true", "link": [{"@_fa": "true", "@ref": "self", "@href": "https://api.elsevier.com/content/abstract/scopus_id/84898248468"},{"@_fa": "true", "@ref": "author-affiliation", "@href": "https://api.elsevier.com/content/abstract/scopus_id/84898248468?field=author,affiliation"},{"@_fa": "true", "@ref": "scopus", "@href": "https://www.scopus.com/inward/record.uri?partnerID=HzOxMe3b&scp=84898248468&origin=inward"},{"@_fa": "true", "@ref": "scopus-citedby", "@href": "https://www.scopus.com/inward/citedby.uri?partnerID=HzOxMe3b&scp=84898248468&origin=inward"}],"prism:url":"https://api.elsevier.com/content/abstract/scopus_id/84898248468","dc:identifier":"SCOPUS_ID:84898248468","eid":"2-s2.0-84898248468","dc:title":"Father knows best: Reading sexuality in Ang Lee's the wedding banquet and Chay Yew's Porcelain","dc:creator":"Lim J.","prism:publicationName":"Reading Chinese Transnationalisms: Society, Literature, Film","prism:isbn": [{"@_fa": "true", "$" :"9789622097964"}],"prism:pageRange":"143-160","prism:coverDate":"2006-12-01","prism:coverDisplayDate":"2006","dc:description":"In \"Corning Out into the Global System,\" Mark Chiang states that the closet \"signifies the deviation from ethnic identity that must be covered up\" in The Wedding Banquet (379).2 For Chiang, it is clear that \"all of the younger generation of Chinese/Taiwanese in the United States are engaged in the masquerade of authenticity insofar as none of them are capable of enacting the forms of tradition that the older generation continually seeks to re-create\" (379). Drawing upon Chiang's idea that the closet is \"a function of ethnicity as well as sexuality,\" I want to explore further the trope of the closet, a masquerade of normative gender and sexual identity by the younger generation of the Chinese diaspora in America and Britain, who are unable to maintain the traditional, axiomatic heterosexual configurations (379). The closet, I suggest, also applies to the older generation in the Chinese diaspora who are invested in patriarchal imperatives and \"Chineseness.\" I choose two works, a film and a play, not because they individually or together exhaust the field of questions regarding race, gender, class, labor, and sexuality, but because they will allow me to throw into relief the concept of performance, an enactment of sexual identity in the body, which permeates the narratives and involves all the main characters who act out already-scripted subject positions. Throughout my discussion, I deploy the concept of the closet to inform an analysis of the film and play and the ways in which they articulate same-sex sexuality and affirm patriarchy in relation to questions of power, identity, and Chineseness.3 My reading of Yew's Porcelain4 and Lee's The Wedding Banquet focuses principally on the way both stage an interracial relationship and show that the father figure occupies a role that calls for an ongoing reinterpretation of patriarchy in light of geopolitical realities. Openness is not a feature of Chinese culture in these two works, and the closet works as a strategy to maintain \"face\" in the diaspora. Porcelain was first staged at the Etcetera Theatre Club in London on May 12, 1992, and The Wedding Banquet was first shown at the Berlin Film Festival in February 1993 and released in the United States in the same year. In these two works, I focus on the lies, silences, and denials that dominate the patriarchal family. In particular, I adopt Eve Sedgwick's theorization of the closet, extending the deployment of the closet to the diaspora to inform an analysis of the disciplinary mechanisms that function to produce and preserve intact the heteronormative definitions of a sense of \"Chineseness\" in the diaspora.5 As Chiang has rightly put it, homosexuality is not only a forbidden subject in most Asian communities, it is also something that does not warrant any discussion \"because it is only a problem for white people: 'it' is a white disease,\" and in Hong Kong, for instance, the \"colloquial word for a gay man is simply gay-Ioh (gay fellow)\" (378). The first section of this chapter takes up the preservation of an idealistic, masculine Chinese identity and the issues of patrilineality, by attending to the film's use of gender differentiation and the concept of closetedness. In the second section, I argue that the closet in Yew's play gestures to the tension between public sex and containment. To begin this analysis, I turn to the question of Confucian thinking and the idea of Chineseness. © 2006 by Hong Kong University Press, HKU. All rights reserved.","citedby-count":"0","affiliation": [{"@_fa": "true", "affiliation-url":"https://api.elsevier.com/content/affiliation/affiliation_id/60030835","afid":"60030835","affilname":"University of Alberta","affiliation-city":"Edmonton","affiliation-country":"Canada"}],"prism:aggregationType":"Book","subtype":"ch","subtypeDescription":"Chapter","author-count":{"@limit": "100", "@total": "1", "$" :"1"},"author": [{"@_fa": "true", "@seq": "1", "author-url":"https://api.elsevier.com/content/author/author_id/56111296100","authid":"56111296100","authname":"Lim J.","surname":"Lim","given-name":"January","initials":"J.","afid": [{"@_fa": "true", "$" :"60030835"}]}],"source-id":"21100303688","fund-no":"undefined","openaccess":"0","openaccessFlag":false},{"@_fa": "true", "link": [{"@_fa": "true", "@ref": "self", "@href": "https://api.elsevier.com/content/abstract/scopus_id/33846705866"},{"@_fa": "true", "@ref": "author-affiliation", "@href": "https://api.elsevier.com/content/abstract/scopus_id/33846705866?field=author,affiliation"},{"@_fa": "true", "@ref": "scopus", "@href": "https://www.scopus.com/inward/record.uri?partnerID=HzOxMe3b&scp=33846705866&origin=inward"},{"@_fa": "true", "@ref": "scopus-citedby", "@href": "https://www.scopus.com/inward/citedby.uri?partnerID=HzOxMe3b&scp=33846705866&origin=inward"}],"prism:url":"https://api.elsevier.com/content/abstract/scopus_id/33846705866","dc:identifier":"SCOPUS_ID:33846705866","eid":"2-s2.0-33846705866","dc:title":"The idiom of age in a popular Kenyan newspaper serial","dc:creator":"Ogola G.","prism:publicationName":"Africa","prism:issn":"00019720","prism:volume":"76","prism:issueIdentifier":"4","prism:pageRange":"569-589","prism:coverDate":"2006-12-01","prism:coverDisplayDate":"2006","prism:doi":"10.3366/afr.2006.0075","dc:description":"This article examines the narratives constructed around age in Kenya. Noting the 'spatial crossings' of the Kenyan subject, who is as much attuned to the village ethos as he is to the globalized world, the article problematizes our approach to the study of age in Africa. It discusses the multiple narratives now constructed around age within the context of a society in rapid flux, especially underscoring its relationship to authority. The article proposes that there are multiple ways - some new, others merely reinvented - in which social and political relationships are now (re)constructed around age in Africa. The article is based on a critical reading of popular fiction, an important site of popular cultural production where the performance of political power is manifest and narratives around power are created and enacted. The work is based on a popular Kenyan newspaper serial 'Whispers', an important site of cultural production in the 1980s-1990s. This period witnessed ruthless political repression in Kenya when spaces of popular expression were all but monopolized by the government. It is in such sites as 'Whispers' that 'spaces of freedom' emerged, narrating the travails of the period and challenging the 'bounds of the expressible'. Through 'Whispers', the article explores how age and gender are used as 'instrumentalities of political survival' but also how African maledom reacts to the challenges of globalization that threaten to disrupt the status quo, especially regarding the normative grammar of patriarchy. Further, the article explores how the twin elements of gender and age are manipulated by the Kenyan polity but also simultaneously reproduced and contested by society, resulting in a largely contradictory discourse that challenges but at the same time reaffirms the (il)legitimacy of gerontocracy and the sanctity of the male order.","citedby-count":"12","affiliation": [{"@_fa": "true", "affiliation-url":"https://api.elsevier.com/content/affiliation/affiliation_id/60031259","afid":"60031259","affilname":"University of Central Lancashire","affiliation-city":"Preston","affiliation-country":"United Kingdom"}],"prism:aggregationType":"Journal","subtype":"ar","subtypeDescription":"Article","author-count":{"@limit": "100", "@total": "1", "$" :"1"},"author": [{"@_fa": "true", "@seq": "1", "author-url":"https://api.elsevier.com/content/author/author_id/15837935800","authid":"15837935800","authname":"Ogola G.","surname":"Ogola","given-name":"George","initials":"G.","afid": [{"@_fa": "true", "$" :"60031259"}]}],"source-id":"18463","fund-no":"undefined","openaccess":"0","openaccessFlag":false},{"@_fa": "true", "link": [{"@_fa": "true", "@ref": "self", "@href": "https://api.elsevier.com/content/abstract/scopus_id/84902428136"},{"@_fa": "true", "@ref": "author-affiliation", "@href": "https://api.elsevier.com/content/abstract/scopus_id/84902428136?field=author,affiliation"},{"@_fa": "true", "@ref": "scopus", "@href": "https://www.scopus.com/inward/record.uri?partnerID=HzOxMe3b&scp=84902428136&origin=inward"},{"@_fa": "true", "@ref": "scopus-citedby", "@href": "https://www.scopus.com/inward/citedby.uri?partnerID=HzOxMe3b&scp=84902428136&origin=inward"}],"prism:url":"https://api.elsevier.com/content/abstract/scopus_id/84902428136","dc:identifier":"SCOPUS_ID:84902428136","eid":"2-s2.0-84902428136","dc:title":"The aesthetics of linguistic envy: Deafness and muteness in children of a lesser god and the piano","dc:creator":"Nelson J.","prism:publicationName":"Women and Deafness: Double Visions","prism:isbn": [{"@_fa": "true", "$" :"1563682931"},{"@_fa": "true", "$" :"9781563682933"}],"prism:pageRange":"189-204","prism:coverDate":"2006-12-01","prism:coverDisplayDate":"2006","dc:description":"In Robert Browning's poem \"Deaf and Dumb: A Group by Woolner,\" the qualities of deafness and dumbness are physical obstructions that nevertheless reveal something-\"the secret of a sunbeam.\"1 In Browning's revelation, the qualities of deafness and dumbness thus function to facilitate the expression of abstract concepts such as love and language, as the secret \"breaks its light / Into the jeweled bow from blankest white.\" The prism's obstruction leads to enlightenment, and then attention becomes focused on the glory revealed as well as the physical mechanism for this revelation. Bodies become enviable sites of language production and expression: \"Only by Deafness may the vexed Love wreak / Its insuppressive sense on brow and cheek, / Only by Dumbness adequately speak / As favoured mouth could never, through the eyes.\" Even as the mouth or speech are \"favoured\" in society, Browning expresses muteness or deafness as obstacles. Yet as an obstructing deaf/mute body becomes the locus of attention, it also becomes the \"prism\" that refracts an aesthetic and abstract ideal. The body as enabling something ideal seems to be a tradition in poetry, as seen (for example) in Thomas Traherne's poetry, which celebrates elective muteness and deafness in order to reach spiritual enlightenment.2 We also see this tradition in the French Enlightenment, where silence is seen as more natural via the Rousseauesque expression/articulation of bodily gestures as closer to nature and the ideal than speech.3 Paul De Man also writes about the concept of an obstacle leading to a greater aesthetic ideal, as in \"a glory from defect\" in Blindness and Insight, where the critic's \"blindness\" sparks or leads to insights (xx, and \"The Rhetoric of Blindness,\" 102-41). Lennard Davis, a cultural and literary critic, also writes of the \"deafened moment\" when one reads (mutely) the printed page; as such, deafness enables the act of reading (4, 104). Ironically, though, such metaphors reinforce the disabilities themselves; for example, when Davis stresses that the act of reading is a \"deaf \" act because one doesn't need a voice, thus making the voice less dominant, he also incidentally reinforces the idea of deafness as being cut off from the world and as such perpetuates this stereotype. In addition to De Man, Davis, and others, critic Barbara Johnson also articulates this poetic tradition, and she names it \"muteness envy\" in her critical essay on Keats's \"Ode to a Grecian Urn\" poem and Jane Campion's film The Piano. Johnson notes, \"The ego-ideal of poetic voice would seem, then, to reside in the muteness of things\" (129). These ideas of bodily obstruction and then aesthetic expression have particular resonance as applied to the deaf and/or mute female bodies in the films Children of a Lesser God (1986) and The Piano (1993). Deaf and/or mute women, when they \"speak\" (their art, their will, their resistance, their expression) differently and beautifully using their bodies via sign language or pianos (to name two of the modes of expression featured in these films) become particularly prone to sexual, bodily interpretation and sometimes violence or coercion. This interpretation and resulting co- ercion colonizes, because there is often a desire to gain or control the \"secret\" Browning refers to in his poem by seizing, observing, and coercing the body. These films go further than Browning's explication of the body as leading to \"insuppressive sense,\" in that they illustrate what happens when observers (in these films, the male protagonists or agonists) try to grasp and control the \"secret of the sunbeam\" for themselves; further, the deaf and/or mute female is oddly positioned because there is the double bind of attraction yet pressure to conform and change on their parts. Browning's \"favoured mouth\" indicates a whisper of this attitude in his acknowledgment of the value society places on the mouth, or speech, even as he celebrates deafness and muteness. When I outlined this topic to a deaf friend of mine, not in the literature field, she laughed and said, \"That old fantasy of the silent woman.\" Not only does this common stereotype of the silent female body invite possession, but it also suggests a writing-upon by a controlling agency. One can theoretically write one's own desires and thoughts onto a silent woman, as it were, and issues of control arise when that silent woman expresses herself in an unsanctioned way, no matter how beautiful. Art or expression as a bodily quality (Johnson 130) thus becomes allied with the sexual body/urn/other signifier for the cultural male gaze. Barbara Johnson herself stresses this aspect of the mute tradition in poetry: \"The parodic edge to these poems seems only to confirm the normative image of a beautiful, silent woman addressed by the idealizing rhetoric of a male poet for whom she 'seems a thing' \"(132). For Browning, too, deafness and muteness are things or \"prisms\" that refract different aesthetic means of expression other than the \"favoured mouth.\" Yet what happens when the silent idealized body resists and speaks itself in the face of such possession and control? When Keats's urn responds to the speaker's questions, it \"answers with chiasmus, tautology, abstraction. The speaker asks for history; the urn resists with theory\" (Johnson 142). While attracting the gaze theoretically draws attention to the individuality within \"disability\" or Browning's \"defects,\" this act of looking also invites a pressure to conform or change; this double bind catches the aesthetic mute and/or deaf body, particularly the female one. As Rosemarie Garland Thomson notes, \"the physically disabled body becomes a repository for social anxieties about such troubling concerns as vulnerability, control, and identity\" (6). In this essay, I explore the anxiety expressed in relation to the mute and/or deaf woman and how that anxiety arises from issues of \"vulnerability, control, and identity\" in relation to language and culture. In the films Children of a Lesser God and The Piano, the deaf and/or mute women represent or allude to music, art, or language within/expressed by mute, contained bodies, even as their bodies \"speak\" differently or deviantly in resistance; these women are seen as \"urns\" or Browningian \"obstacles\" or \"prisms\" capable of refracting poetry or culture (in the larger sense). Inscriptions of language or allusions to something aesthetic, to something made on their mute bodies, is desirable yet distancing and invites male colonization and control of their bodies, often via sexual possession (which can also often be seen or read as aesthetic possession) or through sexual violence/coercion. Johnson's essay comes to focus on this last point: \"The aesthetic of silence turns out to involve a male appropriation of female muteness as aesthetic trophy accompanied by an elision of sexual violence\" (136). Extending Johnson's claim here, I argue that this process of idealizing a silence that leads to coercion in The Piano and Children of a Lesser God works more as a function of controlling the aesthetic parameters of language and normativity than it does as a cultural elision of the difference between physical female pleasure and violation in order to reinforce patriarchy. Muteness is not just a function of the cultural desire for the blurring of the line between female pleasure and rape.4 It also blurs the difference between linguistic/artistic autonomy and coercion/colonialism of women and other marginalized groups such as deaf people and the Maori of New Zealand. To push the parallel further, one might call such \"muteness envy\" a rape/coercion of language and art, not merely of the sexualized body. Metonymically, the body and language may function similarly, but a focus on sexual violence actually \"mutes\" the additional aspect of language and cultural coercion. If we look more to the idea of linguistic domination, we may now be able to explain why mute and/or deaf people are frequently presented as objects of desire, specifically because aesthetic language in all its \"voices,\" sanctioned or not, is often conflated with body issues. And it is easy to focus on the body when there are other \"voices,\" as it is a common misperception-Derrida and others have noted this misperception-that the voice is bodiless and essentially separate from the body, whereas hands, which deaf people often use in/ for language, clearly are not. As examples of \"muteness envy\" and resulting attempts at control in relation to both language and sexuality, the films Children of a Lesser God and The Piano portray mute women (one deaf, both willingly mute) who resist domination in various forms and who attract the gaze of the wouldbe poet/appreciator of aesthetic principles. Both women-Sarah in Children of a Lesser God and Ada in The Piano-are in relationships with men who see them as something \"poetic\" and potential, as embodied examples of the glories arising from \"defects,\" to use Browning's terminology. As sites of both aesthetic and linguistic \"muteness envy,\" Sarah and Ada's expressive bodies are sexualized as loci of language and power even as they try to resist the controlling agency of men through various forms of resistance. © 2006 by Gallaudet University. All rights reserved.","citedby-count":"0","affiliation": [{"@_fa": "true", "affiliation-url":"https://api.elsevier.com/content/affiliation/affiliation_id/60014539","afid":"60014539","affilname":"Gallaudet University","affiliation-city":"Washington, D.C.","affiliation-country":"United States"}],"prism:aggregationType":"Book","subtype":"ch","subtypeDescription":"Chapter","author-count":{"@limit": "100", "@total": "1", "$" :"1"},"author": [{"@_fa": "true", "@seq": "1", "author-url":"https://api.elsevier.com/content/author/author_id/55930758100","authid":"55930758100","authname":"Nelson J.","surname":"Nelson","given-name":"Jennifer L.","initials":"J.L.","afid": [{"@_fa": "true", "$" :"60014539"}]}],"source-id":"21100318961","fund-no":"undefined","openaccess":"0","openaccessFlag":false},{"@_fa": "true", "link": [{"@_fa": "true", "@ref": "self", "@href": "https://api.elsevier.com/content/abstract/scopus_id/43249152228"},{"@_fa": "true", "@ref": "author-affiliation", "@href": "https://api.elsevier.com/content/abstract/scopus_id/43249152228?field=author,affiliation"},{"@_fa": "true", "@ref": "scopus", "@href": "https://www.scopus.com/inward/record.uri?partnerID=HzOxMe3b&scp=43249152228&origin=inward"},{"@_fa": "true", "@ref": "scopus-citedby", "@href": "https://www.scopus.com/inward/citedby.uri?partnerID=HzOxMe3b&scp=43249152228&origin=inward"}],"prism:url":"https://api.elsevier.com/content/abstract/scopus_id/43249152228","dc:identifier":"SCOPUS_ID:43249152228","eid":"2-s2.0-43249152228","dc:title":"Market principles in maritime China zones and institutions in two preindustrial regions","dc:creator":"So B.","prism:publicationName":"Annales","prism:issn":"03952649","prism:volume":"61","prism:issueIdentifier":"6","prism:pageRange":"1261-1288","prism:coverDate":"2006-12-01","prism:coverDisplayDate":"2006","dc:description":"The authors of this special issue on China are Chinese scholars working today in the three major Chinese societies, China, Taiwan, and Hong Kong. The five articles in this issue are a random sample of a few of the main trends of history research that interest Chinese historians today. Neither Antiquity and early Medieval period are represented here, no re is the Modern period after the fall of the Manchu dynasty in 1911. The articles are concentrated on the imperial period from roughly the 10th to the early 20th centuries. All the authors (with the exception of the American scholar Mark Elliott) received their full education up to the university level in a Chinese society, with Chinese as their mother tongue. Most of them (except Chang Jianhua) later went for postgraduate studies in Western countries or in Japan, and their contact with the West remains frequent and constant. In other words, they are more exposed to Western scholarship in methodology and approach than most of their predecessors. If we look more closely at the content of the articles of the present issue, one could easily make the observation that history writing in China nowadays is considerably different from that of half a century ago: the Marxist approach is no longer preeminent. No serious historian would bluntly label China's past as simply \"feudal\" and criticize it as \"backward\": the lineage system studied by Chang Jianhua, the historian from Tianjin, clearly shows the new freedom enjoyed by mainland Chinese historians in research in this respect. Less obvious to the uninformed reader is the change in history writing in other Chinese societies such as Taiwan and Hong Kong. As a reaction against Marxist historiography that denigrated China's \"feudal\" past, a whole generation of historians in Taiwan and Hong Kong in the post war period tended to search for moral lessons, more often positive than negative, in history. Chinese traditional institutions and culture were idealized and the Chinese Empire was often depicted as a monolithic cultural and political entity. On the other hand, works on the superiority of Confucianism as a State ideology or basis of social organization were also numerous in Taiwan and Hong Kong for a long time. The authors of this present issue no longer consider such moral tasks as the main mission in their profession. Their exposure to Western scholarship transformed their mindset. The certainty and clarity with which their predecessors explained China's past are no longer satisfactory. The articles presented in this issue reveal some of the major trends in Chinese history research and writing of today: organization of local societies, with particular interests in lineage formation; the economic and political transformation of the Song period (10th to 13th centuries) as a turning point in Chinese history; new approaches to institutional history linking, for instance, the fiscal and the legal systems with State ideology; the problem of cultural identity for ethnic groups as well as for local communities. Moreover, a thread going through all the articles is the question of State and society, and the evolution of the relations between the two from the Song to the Manchu dynasties. These themes challenge the \"nationalist\" view of a top-down monolithic, dominating Chinese culture. The growing interest in lineage formation and organization in local societies has been provoked by the emergence of new collections of genealogies, the opening of new local archives, as well as the joint interest of historians and anthropologists in doing field research in specific spots where other primary sources such as oral interviews, steles, old buildings, and obscure manuscripts could be discovered and used. As revealed here by Chang Jianhua and David Faure, the question of lineages in local societies is not only a matter of organization of the social and economic life of ordinary clans and families that adopted the aristocratic model, but involves changes in religious systems and ritual development that facilitated above all, the penetration of Neo-Confucianism as the State ideology into local communities. The evolution of the process and the form and content of lineages varied from region to region, but it is believed in general that in parts of Southern China, it began in the Southern Song period in the 13th century and reached a first peak in the 16th century. The cult of ancestor worship was a complex historical process involving Zhu Xi's Neo-Confucianism of the 13th century, the determination of the first Ming emperor to tighten control of local society in the 14th century, fiscal and tax reforms of the early Ming, and to a certain extent, the consolidation of the civil examination system. The Song period was critical not only in the history of lineage development. Billy So's paper shows the dynamism of maritime trade in the same period along China's Southeastern coast. This brought not only unprecedented economic prosperity and the growth of market towns in the region, but also new commercial legislation that shaped economic behaviors together with rising Neo-Confucianism. The kind of \"rationality\" observed and described by So in institutions governing trade and commerce was equally persuasive in the Song family law finely analyzed by Lau Nap-yin. Here one clearly sees how the Song law, interpreted and applied by the judges, bolstered the patriarchy within the family while at the same time protected the basic rights of the subordinates. The law's strict observation of hierarchy within the family was intimately linked to the State's interest in upholding its taxation and household registration systems. The infiltration of the Neo-Confucian state in local society right down to every single household was launched in the Song despite marked variations in the North and South of the Empire. But it does not imply the development of a monolithic cultural entity. The question of identity, ethnic as well as local, is one burning issue for the historians of the Manch u dynasty, the last in the Imperial period, dominated by a non-Chinese ethnic group. It continues to be a controversial issue in present day's politics, as in the case of Taiwan where \"Chineseness\" is an emotional issue in political debates. The roots of all these ambiguities can be traced all the way back to the Antiquity and to the early periods of Chinese history, considered the formation period of the Chinese civilization, which unfortunately are not treated in this issue. The papers here on the Later Imperial period, however, do show intriguing local cultural diversities. They here mentioned the great cultural divide between the North and the South, with more specific cultural features in Southern societies such as Huizhou (Anhui province), Fujian, the Lower Yangzi, the Pearl River Delta. Particular local religions, rituals and cults in various local societies, special ecological features, economic developments (such as changes in trade routes) and specific histories (wars, upheavals, political struggles) experienced by local communities all explained the different receptions and representations of the penetrating State ideology. The question of local or ethnic identity is discussed in Elliott's paper on the role of Manchu culture in the construction of the notion of \"China\" as a nation, a trend of reflection which is limited in present day PRC, whose political interest is to, again, impose the traditional ideology of a dominating, culturally monolithic Chinese culture. It has a profound historical and political significance for China today.","citedby-count":"3","affiliation": [{"@_fa": "true", "affiliation-url":"https://api.elsevier.com/content/affiliation/affiliation_id/60002798","afid":"60002798","affilname":"Chinese University of Hong Kong","affiliation-city":"Shatin","affiliation-country":"Hong Kong"}],"prism:aggregationType":"Journal","subtype":"ar","subtypeDescription":"Article","author-count":{"@limit": "100", "@total": "1", "$" :"1"},"author": [{"@_fa": "true", "@seq": "1", "author-url":"https://api.elsevier.com/content/author/author_id/54418003600","authid":"54418003600","authname":"So B.","surname":"So","given-name":"Billy K.L.","initials":"B.K.L.","afid": [{"@_fa": "true", "$" :"60002798"}]}],"source-id":"5600153192","fund-no":"undefined","openaccess":"0","openaccessFlag":false},{"@_fa": "true", "link": [{"@_fa": "true", "@ref": "self", "@href": "https://api.elsevier.com/content/abstract/scopus_id/38049001950"},{"@_fa": "true", "@ref": "author-affiliation", "@href": "https://api.elsevier.com/content/abstract/scopus_id/38049001950?field=author,affiliation"},{"@_fa": "true", "@ref": "scopus", "@href": "https://www.scopus.com/inward/record.uri?partnerID=HzOxMe3b&scp=38049001950&origin=inward"},{"@_fa": "true", "@ref": "scopus-citedby", "@href": "https://www.scopus.com/inward/citedby.uri?partnerID=HzOxMe3b&scp=38049001950&origin=inward"}],"prism:url":"https://api.elsevier.com/content/abstract/scopus_id/38049001950","dc:identifier":"SCOPUS_ID:38049001950","eid":"2-s2.0-38049001950","dc:title":"Patriarchy and exploitation in the context of globalization","dc:creator":"Gonzalez A.","prism:publicationName":"Labour, Capital and Society","prism:issn":"07061706","prism:volume":"39","prism:issueIdentifier":"2","prism:pageRange":"126-129","prism:coverDate":"2006-11-01","prism:coverDisplayDate":"November 2006","dc:description":"There exist some form of patriarchy and exploitation on women workers in Canada despite the need for the Canadian government's plan to develop and promote an agricultural economy that is competitive in the export market. There also exists programs that is available to the employer in defining migrant working conditions, which if imposed on citizens or Canadian residents, would be socially and legally unacceptable. In addition, vulnerability is accentuated, and in order to create a flexible, disposable and unprotected manual labor force, gender constructs are exploited. In one farm not farm from Montreal, a program requires unmarried women in gathering strawberries while the same program demands men to be married and heads of households. Therefore, access to work for the woman as a means of subsistence does not signify a social achievement because she is a passive subject whose vulnerability allows entry into the market. On a grander realization, globalization has an impact on the process of exploitation and in a patriarchal system.","citedby-count":"1","prism:aggregationType":"Journal","subtype":"ar","subtypeDescription":"Article","author-count":{"@limit": "100", "@total": "2", "$" :"2"},"author": [{"@_fa": "true", "@seq": "1", "author-url":"https://api.elsevier.com/content/author/author_id/55455332200","authid":"55455332200","authname":"Gonzalez A.","surname":"Gonzalez","given-name":"Andrea Gálvez","initials":"A.G.","afid": [{"@_fa": "true", "$" :"60027863"}]},{"@_fa": "true", "@seq": "2", "author-url":"https://api.elsevier.com/content/author/author_id/23390172700","authid":"23390172700","authname":"Rodríquez O.","surname":"Rodríquez","given-name":"Osiris Ramos","initials":"O.R.","afid": [{"@_fa": "true", "$" :"60014923"}]}],"source-id":"14868","fund-no":"undefined","openaccess":"0","openaccessFlag":false},{"@_fa": "true", "link": [{"@_fa": "true", "@ref": "self", "@href": "https://api.elsevier.com/content/abstract/scopus_id/33845541975"},{"@_fa": "true", "@ref": "author-affiliation", "@href": "https://api.elsevier.com/content/abstract/scopus_id/33845541975?field=author,affiliation"},{"@_fa": "true", "@ref": "scopus", "@href": "https://www.scopus.com/inward/record.uri?partnerID=HzOxMe3b&scp=33845541975&origin=inward"},{"@_fa": "true", "@ref": "scopus-citedby", "@href": "https://www.scopus.com/inward/citedby.uri?partnerID=HzOxMe3b&scp=33845541975&origin=inward"}],"prism:url":"https://api.elsevier.com/content/abstract/scopus_id/33845541975","dc:identifier":"SCOPUS_ID:33845541975","eid":"2-s2.0-33845541975","dc:title":"\"Patriarchy is so third world\": Korean immigrant women and \"migrating\" white Western masculinity","dc:creator":"Kim N.","prism:publicationName":"Social Problems","prism:issn":"00377791","prism:volume":"53","prism:issueIdentifier":"4","prism:pageRange":"519-536","prism:coverDate":"2006-11-01","prism:coverDisplayDate":"November 2006","prism:doi":"10.1525/sp.2006.53.4.519","dc:description":"Previous studies have found that immigrant women prefer and fight to maintain gains in gender status brought by migration. However, few studies address how hegemonic ideals of white Western masculinity (e.g., as gender progressive, heroic) may also be an influence. In addition, women from U.S.-dominated countries engage masculinity ideologies both before and after they immigrate in a cross-border process. Using a case study of Korean immigrant women, this article addresses both the influence, and the women's transnational engagement, of hegemonic ideologies of white American masculinity. The author conducted 26 in-depth interviews with first generation Korean immigrant women in Los Angeles and 22 supplementary interviews with women in Seoul, South Korea. This study finds that the women used hegemonic notions of white American masculinity to resist Korean patriarchy, especially co-ethnic men's resistance to their gender empowerment in the United States. To be certain, the women's subordination by racial/national inequalities fostered their derision of white American men, such as soldiers, in South Korea. Yet, the women's racialized lens on gender relations tended to affirm their use of one form of hegemony - white American masculinity - to challenge another - Korean patriarchy. In light of these findings, future research on gender and immigrant women of color might consider analyzing racialized hierarchies of masculinity and their global-local and transnational contexts. © 2006 by Society for the Study of Social Problems, Inc.","citedby-count":"33","affiliation": [{"@_fa": "true", "affiliation-url":"https://api.elsevier.com/content/affiliation/affiliation_id/60016247","afid":"60016247","affilname":"Brandeis University","affiliation-city":"Waltham","affiliation-country":"United States"}],"prism:aggregationType":"Journal","subtype":"cp","subtypeDescription":"Conference Paper","author-count":{"@limit": "100", "@total": "1", "$" :"1"},"author": [{"@_fa": "true", "@seq": "1", "author-url":"https://api.elsevier.com/content/author/author_id/15026747400","authid":"15026747400","authname":"Kim N.","surname":"Kim","given-name":"Nadia Y.","initials":"N.Y.","afid": [{"@_fa": "true", "$" :"60016247"}]}],"authkeywords":"Gender strategy | Immigration | Masculinity | Transnational | Whiteness","source-id":"17560","fund-no":"undefined","openaccess":"0","openaccessFlag":false},{"@_fa": "true", "link": [{"@_fa": "true", "@ref": "self", "@href": "https://api.elsevier.com/content/abstract/scopus_id/33845390521"},{"@_fa": "true", "@ref": "author-affiliation", "@href": "https://api.elsevier.com/content/abstract/scopus_id/33845390521?field=author,affiliation"},{"@_fa": "true", "@ref": "scopus", "@href": "https://www.scopus.com/inward/record.uri?partnerID=HzOxMe3b&scp=33845390521&origin=inward"},{"@_fa": "true", "@ref": "scopus-citedby", "@href": "https://www.scopus.com/inward/citedby.uri?partnerID=HzOxMe3b&scp=33845390521&origin=inward"}],"prism:url":"https://api.elsevier.com/content/abstract/scopus_id/33845390521","dc:identifier":"SCOPUS_ID:33845390521","eid":"2-s2.0-33845390521","dc:title":"Unbending gender narratives in African literature","dc:creator":"Fonchingong C.","prism:publicationName":"Journal of International Women's Studies","prism:issn":"15398706","prism:eIssn":"15398706","prism:volume":"8","prism:issueIdentifier":"1","prism:pageRange":"140-152","prism:coverDate":"2006-11-01","prism:coverDisplayDate":"November 2006","dc:description":"The last century has witnessed an upsurge in literature triggered by the feminist movement. This unprecedented event has transformed the various literary genres that are being deconstructed to suit the changing times. African literature has not been spared by the universalized world order. The paper attempts a re-analysis of gender inequality from the pre-colonial to post-colonial period from the lenses of literary narratives. Male writers like Chinua Achebe, Elechi Amadi, Wole Soyinka, Ngugi Wa Thiongo, and Cyprain Ekwensi in their literary mass are accused of condoning patriarchy, are deeply entrenched in a macho conviviality and a one dimensional and minimalised presentation of women who are demoted and assume peripheral roles. Their penchant to portray an androcentric narrative is at variance with the female gender that are trivialized through practices like patriarchy, tradition, culture, gender socialization process, marriage and domestic enslavement. The paper concludes with some contemporary showcases and meta-narratives by both male and female writers like Buchi Emecheta, Mariama Bâ, Ama Ata Aidoo, Flora Nwapa, Sembene Ousmane and Leopold Sedar Senghor who attempt to bridge the gender rifts in the African literary landscape.","citedby-count":"5","affiliation": [{"@_fa": "true", "affiliation-url":"https://api.elsevier.com/content/affiliation/affiliation_id/60070926","afid":"60070926","affilname":"University of Buea","affiliation-city":"Buea","affiliation-country":"Cameroon"},{"@_fa": "true", "affiliation-url":"https://api.elsevier.com/content/affiliation/affiliation_id/60010818","afid":"60010818","affilname":"University of Kent","affiliation-city":"Canterbury","affiliation-country":"United Kingdom"}],"prism:aggregationType":"Journal","subtype":"ar","subtypeDescription":"Article","author-count":{"@limit": "100", "@total": "1", "$" :"1"},"author": [{"@_fa": "true", "@seq": "1", "author-url":"https://api.elsevier.com/content/author/author_id/6507808583","authid":"6507808583","authname":"Fonchingong C.","surname":"Fonchingong","given-name":"Charles C.","initials":"C.C.","afid": [{"@_fa": "true", "$" :"60070926"},{"@_fa": "true", "$" :"60010818"}]}],"authkeywords":"Africa | Gender | Genre | Literature | Narratives | Women","source-id":"145252","fund-no":"undefined","openaccess":"0","openaccessFlag":false}]}}