{"search-results":{"opensearch:totalResults":"9","opensearch:startIndex":"0","opensearch:itemsPerPage":"9","opensearch:Query":{"@role": "request", "@searchTerms": "TITLE-ABS-KEY(\"patriarchy\") AND SUBJAREA(SOCI) AND PUBYEAR = 1984", "@startPage": "0"},"link": [{"@_fa": "true", "@ref": "self", "@href": "https://api.elsevier.com/content/search/scopus?start=0&count=25&query=TITLE-ABS-KEY%28%22patriarchy%22%29+AND+SUBJAREA%28SOCI%29+AND+PUBYEAR+%3D+1984&apiKey=27d953b4b546791964ebeb768d13e61f&view=COMPLETE", "@type": "application/json"},{"@_fa": "true", "@ref": "first", "@href": "https://api.elsevier.com/content/search/scopus?start=0&count=25&query=TITLE-ABS-KEY%28%22patriarchy%22%29+AND+SUBJAREA%28SOCI%29+AND+PUBYEAR+%3D+1984&apiKey=27d953b4b546791964ebeb768d13e61f&view=COMPLETE", "@type": "application/json"}],"entry": [{"@_fa": "true", "link": [{"@_fa": "true", "@ref": "self", "@href": "https://api.elsevier.com/content/abstract/scopus_id/0038923645"},{"@_fa": "true", "@ref": "author-affiliation", "@href": "https://api.elsevier.com/content/abstract/scopus_id/0038923645?field=author,affiliation"},{"@_fa": "true", "@ref": "scopus", "@href": "https://www.scopus.com/inward/record.uri?partnerID=HzOxMe3b&scp=0038923645&origin=inward"},{"@_fa": "true", "@ref": "scopus-citedby", "@href": "https://www.scopus.com/inward/citedby.uri?partnerID=HzOxMe3b&scp=0038923645&origin=inward"}],"prism:url":"https://api.elsevier.com/content/abstract/scopus_id/0038923645","dc:identifier":"SCOPUS_ID:0038923645","eid":"2-s2.0-0038923645","dc:title":"The impact of sex-role and religious attitudes upon forced marital intercourse norms","dc:creator":"Jeffords C.","prism:publicationName":"Sex Roles","prism:issn":"03600025","prism:eIssn":"15732762","prism:volume":"11","prism:issueIdentifier":"5-6","prism:pageRange":"543-552","prism:coverDate":"1984-09-01","prism:coverDisplayDate":"September 1984","prism:doi":"10.1007/BF00287477","dc:description":"A mail survey of Texas residents indicated that norms against forced marital intercourse (FMI) were negatively associated with traditional sex-role attitudes and Judeo-Christian religiosity, but not related to identification with conservative religious denominations. Traditional sex-role attitudes were positively associated with both religious variables. These relationships support literature claiming that the perceived severity of FMI has been mitigated by a traditional patriarchal society and ideology and also support, to a lesser extent, literature suggesting that this patriarchy has been furthered by Judeo-Christian religions. © 1984 Plenum Publishing Corporation.","citedby-count":"12","affiliation": [{"@_fa": "true", "affiliation-url":"https://api.elsevier.com/content/affiliation/affiliation_id/100412804","afid":"100412804","affilname":"Texas Youth Commission","affiliation-city":"Austin","affiliation-country":"United States"}],"prism:aggregationType":"Journal","subtype":"ar","subtypeDescription":"Article","author-count":{"@limit": "100", "@total": "1", "$" :"1"},"author": [{"@_fa": "true", "@seq": "1", "author-url":"https://api.elsevier.com/content/author/author_id/16472358800","authid":"16472358800","authname":"Jeffords C.","surname":"Jeffords","given-name":"Charles R.","initials":"C.R.","afid": [{"@_fa": "true", "$" :"100412804"}]}],"source-id":"14798","fund-no":"undefined","openaccess":"0","openaccessFlag":false},{"@_fa": "true", "link": [{"@_fa": "true", "@ref": "self", "@href": "https://api.elsevier.com/content/abstract/scopus_id/34247936134"},{"@_fa": "true", "@ref": "author-affiliation", "@href": "https://api.elsevier.com/content/abstract/scopus_id/34247936134?field=author,affiliation"},{"@_fa": "true", "@ref": "scopus", "@href": "https://www.scopus.com/inward/record.uri?partnerID=HzOxMe3b&scp=34247936134&origin=inward"},{"@_fa": "true", "@ref": "scopus-citedby", "@href": "https://www.scopus.com/inward/citedby.uri?partnerID=HzOxMe3b&scp=34247936134&origin=inward"}],"prism:url":"https://api.elsevier.com/content/abstract/scopus_id/34247936134","dc:identifier":"SCOPUS_ID:34247936134","eid":"2-s2.0-34247936134","dc:title":"Toward a theory of reproduction","dc:creator":"Ursel E.","prism:publicationName":"Contemporary Crises","prism:issn":"03781100","prism:eIssn":"15730751","prism:volume":"8","prism:issueIdentifier":"3","prism:pageRange":"265-292","prism:coverDate":"1984-07-01","prism:coverDisplayDate":"July 1984","prism:doi":"10.1007/BF00728490","dc:description":"In this article I have attempted to theorize the relations of reproduction in a manner that makes their operation in history more apparent. Using an historical materialist analysis, I have diverged from previous analysis by situating reproduction in the base and positing a co-determinative relation between production and reproduction. I have argued that due to the distinctly different dynamic of reproduction, its longer completion time and its political subordination in class societies, we must pursue different research strategies than those used to illustrate the impact of production on reproduction. This article serves only to give the broadest outline of concerns and questions to focus upon in developing new strategies. As such it suggests that the ubiquity of patriarchy and its preservation, even in the face of structural contradictions with production, provide a starting place for such inquiry. To this end I have developed a model of the modes of reproduction in order to rediscover reproduction in history, its dynamic and its interaction with production. This perspective permits us to reanalyze old rules and customs previously understood exclusively as rules of production (e.g., rules of inheritance and property, certain labour and welfare laws), and discover within them the impact of the reproductive as well as the productive imperative. The model emphasizes the inextricable connection between production and reproduction at the same time that it calls attention to the distinctiveness of their dynamics. Dynamics which, because of their distinctiveness, do not automatically guarantee balance between the two spheres. Hence the continuous necessity for socially engineering this balance, a necessity requiring even more intervention as the two spheres become structurally more alienated. © 1984 Elsevier Science Publishers B.V.","citedby-count":"1","affiliation": [{"@_fa": "true", "affiliation-url":"https://api.elsevier.com/content/affiliation/affiliation_id/60009697","afid":"60009697","affilname":"University of Manitoba","affiliation-city":"Winnipeg","affiliation-country":"Canada"}],"prism:aggregationType":"Journal","subtype":"ar","subtypeDescription":"Article","author-count":{"@limit": "100", "@total": "1", "$" :"1"},"author": [{"@_fa": "true", "@seq": "1", "author-url":"https://api.elsevier.com/content/author/author_id/16474878100","authid":"16474878100","authname":"Ursel E.","surname":"Ursel","given-name":"E. Jane","initials":"E.J.","afid": [{"@_fa": "true", "$" :"60009697"}]}],"source-id":"81035","fund-no":"undefined","openaccess":"0","openaccessFlag":false},{"@_fa": "true", "link": [{"@_fa": "true", "@ref": "self", "@href": "https://api.elsevier.com/content/abstract/scopus_id/84972685239"},{"@_fa": "true", "@ref": "author-affiliation", "@href": "https://api.elsevier.com/content/abstract/scopus_id/84972685239?field=author,affiliation"},{"@_fa": "true", "@ref": "scopus", "@href": "https://www.scopus.com/inward/record.uri?partnerID=HzOxMe3b&scp=84972685239&origin=inward"},{"@_fa": "true", "@ref": "scopus-citedby", "@href": "https://www.scopus.com/inward/citedby.uri?partnerID=HzOxMe3b&scp=84972685239&origin=inward"}],"prism:url":"https://api.elsevier.com/content/abstract/scopus_id/84972685239","dc:identifier":"SCOPUS_ID:84972685239","eid":"2-s2.0-84972685239","dc:title":"Paradoxes of Change: Culture Crisis, Islamic Revival, and the Reactivation of Patriarchy","dc:creator":"Marshall S.","prism:publicationName":"Journal of Asian and African Studies","prism:issn":"00219096","prism:eIssn":"17452538","prism:volume":"19","prism:issueIdentifier":"1-2","prism:pageRange":"1-17","prism:coverDate":"1984-01-01","prism:coverDisplayDate":"January 1984","prism:doi":"10.1177/002190968401900101","citedby-count":"1","affiliation": [{"@_fa": "true", "affiliation-url":"https://api.elsevier.com/content/affiliation/affiliation_id/60013372","afid":"60013372","affilname":"University of Texas at Austin","affiliation-city":"Austin","affiliation-country":"United States"}],"prism:aggregationType":"Journal","subtype":"ar","subtypeDescription":"Article","author-count":{"@limit": "100", "@total": "1", "$" :"1"},"author": [{"@_fa": "true", "@seq": "1", "author-url":"https://api.elsevier.com/content/author/author_id/7401823191","authid":"7401823191","authname":"Marshall S.","surname":"Marshall","given-name":"Susan E.","initials":"S.E.","afid": [{"@_fa": "true", "$" :"60013372"}]}],"source-id":"15593","fund-no":"undefined","openaccess":"0","openaccessFlag":false},{"@_fa": "true", "link": [{"@_fa": "true", "@ref": "self", "@href": "https://api.elsevier.com/content/abstract/scopus_id/48749138580"},{"@_fa": "true", "@ref": "author-affiliation", "@href": "https://api.elsevier.com/content/abstract/scopus_id/48749138580?field=author,affiliation"},{"@_fa": "true", "@ref": "scopus", "@href": "https://www.scopus.com/inward/record.uri?partnerID=HzOxMe3b&scp=48749138580&origin=inward"},{"@_fa": "true", "@ref": "scopus-citedby", "@href": "https://www.scopus.com/inward/citedby.uri?partnerID=HzOxMe3b&scp=48749138580&origin=inward"},{"@_fa": "true", "@ref": "full-text", "@href": "https://api.elsevier.com/content/article/eid/1-s2.0-0277539584900657"}],"prism:url":"https://api.elsevier.com/content/abstract/scopus_id/48749138580","dc:identifier":"SCOPUS_ID:48749138580","eid":"2-s2.0-48749138580","dc:title":"Dame unise, feminist maiden who fares well with the patriarchy: Jessica Amanda Salmonson's 'the prodigal daughter' and the emerging tradition in feminist speculative fiction","dc:creator":"Barr M.","prism:publicationName":"Women's Studies International Forum","prism:issn":"02775395","prism:volume":"7","prism:issueIdentifier":"2","prism:pageRange":"111-115","prism:coverDate":"1984-01-01","prism:coverDisplayDate":"1984","prism:doi":"10.1016/0277-5395(84)90065-7","pii":"0277539584900657","dc:description":"In her discussion of recent feminist utopias, Joanna Russ notes that the authors have likely read one another and that their 'works form a remarkably coherent group in their presentation of feminist concerns and the feminist analyses which are central to these concerns' (Russ, 1981: 71). My essay further explores the emerging tradition in feminist speculative fiction. It notes the common elements connecting three novels-Anne McCaffrey's Dragonsong (1976), Suzy McKee Charnas' Motherlines (1978), and Elizabeth A. Lynn's The Northern Girl (1980)-and analyses Jessica Amanda Salmonson's 'The prodigal daughter' (1981) in terms of its relationship to these connections. References to Louise Bernikow's Among Women (1980) link these feminist imaginative works to feminist reality, reality which is more closely adhered to by Salmonson than by the authors of the novels. While the novels' feminist protagonists succeed in isolation from the patriarchy, Salmonson's feminist hero, Dame Unise, succeeds because she is able to cooperate with a patriarch. Positive images of patriarchy are absent from the novels; Salmonson's story emphasizes such positive images. © 1984.","citedby-count":"1","prism:aggregationType":"Journal","subtype":"ar","subtypeDescription":"Article","author-count":{"@limit": "100", "@total": "1", "$" :"1"},"author": [{"@_fa": "true", "@seq": "1", "author-url":"https://api.elsevier.com/content/author/author_id/35958833900","authid":"35958833900","authname":"Barr M.","surname":"Barr","given-name":"Marleen S.","initials":"M.S.","afid": [{"@_fa": "true", "$" :"60027090"}]}],"source-id":"24359","fund-no":"undefined","openaccess":"0","openaccessFlag":false},{"@_fa": "true", "link": [{"@_fa": "true", "@ref": "self", "@href": "https://api.elsevier.com/content/abstract/scopus_id/84946336151"},{"@_fa": "true", "@ref": "author-affiliation", "@href": "https://api.elsevier.com/content/abstract/scopus_id/84946336151?field=author,affiliation"},{"@_fa": "true", "@ref": "scopus", "@href": "https://www.scopus.com/inward/record.uri?partnerID=HzOxMe3b&scp=84946336151&origin=inward"},{"@_fa": "true", "@ref": "scopus-citedby", "@href": "https://www.scopus.com/inward/citedby.uri?partnerID=HzOxMe3b&scp=84946336151&origin=inward"}],"prism:url":"https://api.elsevier.com/content/abstract/scopus_id/84946336151","dc:identifier":"SCOPUS_ID:84946336151","eid":"2-s2.0-84946336151","dc:title":"Erikson on Freud on Irma: The rhetoric of the patriarchy","dc:creator":"Hattenhauer D.","prism:publicationName":"Rhetoric Society Quarterly","prism:issn":"02773945","prism:eIssn":"1930322X","prism:volume":"14","prism:issueIdentifier":"1-2","prism:pageRange":"29-42","prism:coverDate":"1984-01-01","prism:coverDisplayDate":"January 1984","prism:doi":"10.1080/02773948409390702","dc:description":"In their writings about one of the most important cornerstones in the edifice of psychoanalysis, Freud's interpretation of his Irma Dream, Freud and Erikson act as apologists for the modern patriarchy. Using the rhetorical persona of the progressive, scientific hero, Freud and Erikson cast themselves as protagonists in the drama of modernization. Their rhetorical structures, syntax, and diction reveal their sexism. The strategy of their discourses invites their audience to believe that the audience is witnessing scientific discoveries in the making; the rhetoric of Freud and Erikson suggests that their discourse is not patriarchal rationalization, but rational analysis, the drama of the scientific method applied for progress. Their interpretation of Freud's Irma Dream disassociates Freud from women, assigning separate behaviors for rational, progressive males and irrational, traditional females. But the truth of the Irma Dream is that it associates Freud with females and reveals the irresponsibility of both his pharmacological and psychological prescriptions. © 1984 Taylor and Francis Group, LLC.","citedby-count":"0","prism:aggregationType":"Journal","subtype":"ar","subtypeDescription":"Article","author-count":{"@limit": "100", "@total": "1", "$" :"1"},"author": [{"@_fa": "true", "@seq": "1", "author-url":"https://api.elsevier.com/content/author/author_id/57050442000","authid":"57050442000","authname":"Hattenhauer D.","surname":"Hattenhauer","given-name":"Darryl","initials":"D.","afid": [{"@_fa": "true", "$" :"60000602"}]}],"source-id":"11600153451","fund-no":"undefined","openaccess":"0","openaccessFlag":false},{"@_fa": "true", "link": [{"@_fa": "true", "@ref": "self", "@href": "https://api.elsevier.com/content/abstract/scopus_id/0002753939"},{"@_fa": "true", "@ref": "author-affiliation", "@href": "https://api.elsevier.com/content/abstract/scopus_id/0002753939?field=author,affiliation"},{"@_fa": "true", "@ref": "scopus", "@href": "https://www.scopus.com/inward/record.uri?partnerID=HzOxMe3b&scp=0002753939&origin=inward"},{"@_fa": "true", "@ref": "scopus-citedby", "@href": "https://www.scopus.com/inward/citedby.uri?partnerID=HzOxMe3b&scp=0002753939&origin=inward"},{"@_fa": "true", "@ref": "full-text", "@href": "https://api.elsevier.com/content/article/eid/1-s2.0-0277539584900852"}],"prism:url":"https://api.elsevier.com/content/abstract/scopus_id/0002753939","dc:identifier":"SCOPUS_ID:0002753939","eid":"2-s2.0-0002753939","dc:title":"Women's power in heterosexual sex","dc:creator":"Hollway W.","prism:publicationName":"Women's Studies International Forum","prism:issn":"02775395","prism:volume":"7","prism:issueIdentifier":"1","prism:pageRange":"63-68","prism:coverDate":"1984-01-01","prism:coverDisplayDate":"1984","prism:doi":"10.1016/0277-5395(84)90085-2","pii":"0277539584900852","dc:description":"The 'male sexual drive' discourse sees men as sexually insatiable and male sexuality as naturally an uncontrollable drive. Feminist analysis denies its 'naturalness' and its constitution as a 'drive', seeing it instead in terms of the power conferred on men in patriarchy. However, seeing the penis/male power as monolithic still ends up casting women as victims. Instead this paper looks at actual heterosexual relationships and examines 'power' as a more complex process of negotiation. Heterosexual women often fail to recognize that men need relationships; and that women have sources of power in relationships with them; and the paper argues that this occurs through gender-differentiated positions in discourses such as the 'have/hold' discourse as well as the 'male sexual drive' discourse. © 1984.","citedby-count":"69","prism:aggregationType":"Journal","subtype":"ar","subtypeDescription":"Article","author-count":{"@limit": "100", "@total": "1", "$" :"1"},"author": [{"@_fa": "true", "@seq": "1", "author-url":"https://api.elsevier.com/content/author/author_id/8579345500","authid":"8579345500","authname":"Hollway W.","surname":"Hollway","given-name":"Wendy","initials":"W."}],"source-id":"24359","fund-no":"undefined","openaccess":"0","openaccessFlag":false},{"@_fa": "true", "link": [{"@_fa": "true", "@ref": "self", "@href": "https://api.elsevier.com/content/abstract/scopus_id/84954649316"},{"@_fa": "true", "@ref": "author-affiliation", "@href": "https://api.elsevier.com/content/abstract/scopus_id/84954649316?field=author,affiliation"},{"@_fa": "true", "@ref": "scopus", "@href": "https://www.scopus.com/inward/record.uri?partnerID=HzOxMe3b&scp=84954649316&origin=inward"},{"@_fa": "true", "@ref": "scopus-citedby", "@href": "https://www.scopus.com/inward/citedby.uri?partnerID=HzOxMe3b&scp=84954649316&origin=inward"}],"prism:url":"https://api.elsevier.com/content/abstract/scopus_id/84954649316","dc:identifier":"SCOPUS_ID:84954649316","eid":"2-s2.0-84954649316","dc:title":"La Política Del Macho En La Muerte De Artemio Cruz","dc:creator":"Potvin C.","prism:publicationName":"Canadian Journal of Latin American and Caribbean Studies","prism:issn":"08263663","prism:eIssn":"23331461","prism:volume":"9","prism:issueIdentifier":"17","prism:pageRange":"63-74","prism:coverDate":"1984-01-01","prism:coverDisplayDate":"January 1984","prism:doi":"10.1080/08263663.1984.10816535","dc:description":"In her book, Sexual politics, Kate Millet showed that the relation between sexes is essentially one of power or domination and subordination. Sexuality has a political aspect and sex appears to be a social category. Keeping these considerations in mind, I intend to approach the concept of «patriarchy » within the novel of Carlos Fuentes, La muerte de Artemio Cruz. In this novel, women are seen by the protagonist as pure sexual objects, consumer products, their prices varying according to the circumstances, the quality of the product, supply and demand. A pa- rallelism exists between women and land in the way Artemio Cruz takes possession of both. The politics of Cruz, revolutionary, conquistador, cacique corrupted politician, is based exclusively on the violation of women and human rights. The patriarchal society gives itself a certain number of mechanisms that keep the oppressed in a state of inferiority, therefore repressing any gestures of revolt. Paradoxically, the same system makes them believe in their priviledged situation. The women in the novel represent a prime example of this: they effectively seem totally responsable for their own alienation, yet their only possible exit is frustration and auto-destruction. In conclusion, the novel of Carlos Fuentes tends to illustrate how, in Mexican society, the opposition between sexes echoes the struggle between classes. © 1984, Taylor & Francis Group, LLC. All rights reserved.","citedby-count":"0","prism:aggregationType":"Journal","subtype":"ar","subtypeDescription":"Article","author-count":{"@limit": "100", "@total": "1", "$" :"1"},"author": [{"@_fa": "true", "@seq": "1", "author-url":"https://api.elsevier.com/content/author/author_id/57064958900","authid":"57064958900","authname":"Potvin C.","surname":"Potvin","given-name":"Claudine","initials":"C."}],"source-id":"24423","fund-no":"undefined","openaccess":"0","openaccessFlag":false},{"@_fa": "true", "link": [{"@_fa": "true", "@ref": "self", "@href": "https://api.elsevier.com/content/abstract/scopus_id/0040241488"},{"@_fa": "true", "@ref": "author-affiliation", "@href": "https://api.elsevier.com/content/abstract/scopus_id/0040241488?field=author,affiliation"},{"@_fa": "true", "@ref": "scopus", "@href": "https://www.scopus.com/inward/record.uri?partnerID=HzOxMe3b&scp=0040241488&origin=inward"},{"@_fa": "true", "@ref": "scopus-citedby", "@href": "https://www.scopus.com/inward/citedby.uri?partnerID=HzOxMe3b&scp=0040241488&origin=inward"}],"prism:url":"https://api.elsevier.com/content/abstract/scopus_id/0040241488","dc:identifier":"SCOPUS_ID:0040241488","eid":"2-s2.0-0040241488","dc:title":"Paradoxes of Change: Culture Crisis, Islamic Revival, and the Reactivation of Patriarchy","dc:creator":"Marshall S.","prism:publicationName":"Journal of Asian and African Studies","prism:issn":"00219096","prism:eIssn":"17452538","prism:volume":"19","prism:issueIdentifier":"1-2","prism:pageRange":"1-17","prism:coverDate":"1984-01-01","prism:coverDisplayDate":"1984","prism:doi":"10.1163/156852184X00019","dc:description":"The preceding analysis placed the current Islamic revival in historical perspective by means of a comparison with Judeo-Christian culture. While noting important differences in content and structure which have influenced the relative positions of women in each society, it was found that patriarchy constitutes an essential element of both religious traditions. Jewish, Christian, and Islamic doctrines manifest similar themes of female inferiority paradoxically mixed with fears of female sexual power and wile, leading to the imposition of norms which preserve male control, such as female exclusion from public participation and restriction to dependent familial roles. Religious revivals in both cultures are characterized by resurrection of these patriarchal themes, thus explaining the return to the veil by some Muslim women and the anti-feminist sentiments of Christian fundamentalists in the United States. An additional point made by this study is that women function as symbols of cultural and religious identity. Traditional female roles as caretakers of the family, despite their lower valuation in the status hierarchy, constitute the bedrock of human social organization, and an important referent for individual identity. Levi-Strauss, in his classic work, The Elementary Structures of Kinship67 characterized the exchange of females by male-controlled kinship groups as the foundation of human social organization. Thus, while females have less authority than males, they paradoxically remain powerful objects of kinship exchanges, thus becoming targets of exaggerated male control during periods of social disorganization. Large-scale social upheaval triggers the demand for a reintegration of the self within a stable meaning system, and consequently thrusts the ideology of traditional womanhood to a prominent position in the revival movement. Moreover, challenges to traditional female roles can themselves instigate a resurgence of religious fervor, underscoring the centrality of female subservience and domesticity to religious and cultural identity. In the Muslim region, for example, we have noted the stimulation of religious revivals by policies liberating women from seclusion and male hegemony, intensified in all likelihood by the perception that such policies represented foreign-inspired assaults on the integrity of Islam. An equally plausible hypothesis is that American Christian revivals have been provoked in part by challenges to traditional female domesticity embodied in the Industrial Revolution of the nineteenth century and the feminist movement of the late 1960's. Thus, this study has tentatively identified some factors which may precipitate revivals of traditional religious and patriarchal sentiments. Additional cross-cultural analysis is needed to elaborate and specify the conditions under which these social movements occur and their consequent effects on women's roles. Finally, this research suggests some theoretical revisions for the more general process of societal development. Prevailing theories of modernization, particularly those influenced by the functionalist perspective, have tended to conceptualize tradition and modernity as contrasting ideal types, equating modernity with a host of structural and cognitive transformations including secularization and female equality.68 Evidence from the United States suggests that the developed nations are neither immune to significant religious revivals nor unilaterally dedicated to women's rights. In the developing world, Muslim leaders have found that Islamic revival is not an impediment to national development, but may in fact provide sacred legitimation for potentially disruptive social change.69 Industrial development, urbanization, and the diffusion of economic rationality may thus coexist with intense religious devotion and popular support for patriarchal traditions. © 1984, Brill. All rights reserved.","citedby-count":"9","affiliation": [{"@_fa": "true", "affiliation-url":"https://api.elsevier.com/content/affiliation/affiliation_id/60013372","afid":"60013372","affilname":"University of Texas at Austin","affiliation-city":"Austin","affiliation-country":"United States"}],"prism:aggregationType":"Journal","subtype":"ar","subtypeDescription":"Article","author-count":{"@limit": "100", "@total": "1", "$" :"1"},"author": [{"@_fa": "true", "@seq": "1", "author-url":"https://api.elsevier.com/content/author/author_id/7401823191","authid":"7401823191","authname":"Marshall S.","surname":"Marshall","given-name":"Susan E.","initials":"S.E.","afid": [{"@_fa": "true", "$" :"60013372"}]}],"source-id":"15593","fund-no":"undefined","openaccess":"0","openaccessFlag":false},{"@_fa": "true", "link": [{"@_fa": "true", "@ref": "self", "@href": "https://api.elsevier.com/content/abstract/scopus_id/34248874027"},{"@_fa": "true", "@ref": "author-affiliation", "@href": "https://api.elsevier.com/content/abstract/scopus_id/34248874027?field=author,affiliation"},{"@_fa": "true", "@ref": "scopus", "@href": "https://www.scopus.com/inward/record.uri?partnerID=HzOxMe3b&scp=34248874027&origin=inward"},{"@_fa": "true", "@ref": "scopus-citedby", "@href": "https://www.scopus.com/inward/citedby.uri?partnerID=HzOxMe3b&scp=34248874027&origin=inward"},{"@_fa": "true", "@ref": "full-text", "@href": "https://api.elsevier.com/content/article/eid/1-s2.0-0378216684900523"}],"prism:url":"https://api.elsevier.com/content/abstract/scopus_id/34248874027","dc:identifier":"SCOPUS_ID:34248874027","eid":"2-s2.0-34248874027","dc:title":"Androcentric language in German legal texts and the principle of equal treatment for women and men","dc:creator":"Guentherodt I.","prism:publicationName":"Journal of Pragmatics","prism:issn":"03782166","prism:volume":"8","prism:issueIdentifier":"2","prism:pageRange":"241-260","prism:coverDate":"1984-01-01","prism:coverDisplayDate":"April 1984","prism:doi":"10.1016/0378-2166(84)90052-3","pii":"0378216684900523","dc:description":"The intention of this article is to make readers aware of the ambiguity and inequity of androcentric or male-centered legal language. In an introductory part, Swiss suffrage laws are analyzed to prove that masculine forms which in one context of legal language are supposed to be neutral and include women, may exclude women in another context if it serves male interests. The main section of the article is divided into two parts, a diachronic and a synchronic part. The changes pointed out in the diachronic part should encourage both research and political reform so as to cope with the discriminatory texts presented in the synchronic part. The diachronic part traces changes in family law terminology toward equal treatment of women and men, mainly analyzing the development of the legal concept 'parental power', formerly 'paternal power' and excluding the mother. The synchronic part studies contexts of masculine generic forms in civil law texts, points out possible misuse and suggests forms and formulations which comply with the principle of equal treatment of women and men. Since androcentric legal language is an international manifestation of patriarchy, examples for the discussion of German legal language are taken from texts of both East and West including Austria, Switzerland, West and East Germany. © 1984.","citedby-count":"3","prism:aggregationType":"Journal","subtype":"ar","subtypeDescription":"Article","author-count":{"@limit": "100", "@total": "1", "$" :"1"},"author": [{"@_fa": "true", "@seq": "1", "author-url":"https://api.elsevier.com/content/author/author_id/24495115900","authid":"24495115900","authname":"Guentherodt I.","surname":"Guentherodt","given-name":"Ingrid","initials":"I."}],"source-id":"26803","fund-no":"undefined","openaccess":"0","openaccessFlag":false}]}}