{"search-results":{"opensearch:totalResults":"36","opensearch:startIndex":"0","opensearch:itemsPerPage":"25","opensearch:Query":{"@role": "request", "@searchTerms": "TITLE-ABS-KEY(\"patriarchy\") AND SUBJAREA(SOCI) AND PUBYEAR = 1997", "@startPage": "0"},"link": [{"@_fa": "true", "@ref": "self", "@href": "https://api.elsevier.com/content/search/scopus?start=0&count=25&query=TITLE-ABS-KEY%28%22patriarchy%22%29+AND+SUBJAREA%28SOCI%29+AND+PUBYEAR+%3D+1997&apiKey=27d953b4b546791964ebeb768d13e61f&view=COMPLETE", "@type": "application/json"},{"@_fa": "true", "@ref": "first", "@href": "https://api.elsevier.com/content/search/scopus?start=0&count=25&query=TITLE-ABS-KEY%28%22patriarchy%22%29+AND+SUBJAREA%28SOCI%29+AND+PUBYEAR+%3D+1997&apiKey=27d953b4b546791964ebeb768d13e61f&view=COMPLETE", "@type": "application/json"},{"@_fa": "true", "@ref": "next", "@href": "https://api.elsevier.com/content/search/scopus?start=25&count=25&query=TITLE-ABS-KEY%28%22patriarchy%22%29+AND+SUBJAREA%28SOCI%29+AND+PUBYEAR+%3D+1997&apiKey=27d953b4b546791964ebeb768d13e61f&view=COMPLETE", "@type": "application/json"},{"@_fa": "true", "@ref": "last", "@href": "https://api.elsevier.com/content/search/scopus?start=11&count=25&query=TITLE-ABS-KEY%28%22patriarchy%22%29+AND+SUBJAREA%28SOCI%29+AND+PUBYEAR+%3D+1997&apiKey=27d953b4b546791964ebeb768d13e61f&view=COMPLETE", "@type": "application/json"}],"entry": [{"@_fa": "true", "link": [{"@_fa": "true", "@ref": "self", "@href": "https://api.elsevier.com/content/abstract/scopus_id/62949227601"},{"@_fa": "true", "@ref": "author-affiliation", "@href": "https://api.elsevier.com/content/abstract/scopus_id/62949227601?field=author,affiliation"},{"@_fa": "true", "@ref": "scopus", "@href": "https://www.scopus.com/inward/record.uri?partnerID=HzOxMe3b&scp=62949227601&origin=inward"},{"@_fa": "true", "@ref": "scopus-citedby", "@href": "https://www.scopus.com/inward/citedby.uri?partnerID=HzOxMe3b&scp=62949227601&origin=inward"}],"prism:url":"https://api.elsevier.com/content/abstract/scopus_id/62949227601","dc:identifier":"SCOPUS_ID:62949227601","eid":"2-s2.0-62949227601","dc:title":"If i were a woman: Feminism versus cultural patriarchy in Russia","dc:creator":"Tupitsyn V.","prism:publicationName":"Third Text","prism:issn":"09528822","prism:volume":"11","prism:issueIdentifier":"40","prism:pageRange":"85-93","prism:coverDate":"1997-12-01","prism:coverDisplayDate":"1997","prism:doi":"10.1080/09528829708576688","pii":"794246725","citedby-count":"1","prism:aggregationType":"Journal","subtype":"ar","subtypeDescription":"Article","author-count":{"@limit": "100", "@total": "1", "$" :"1"},"author": [{"@_fa": "true", "@seq": "1", "author-url":"https://api.elsevier.com/content/author/author_id/26037622900","authid":"26037622900","authname":"Tupitsyn V.","surname":"Tupitsyn","given-name":"Victor","initials":"V.","afid": [{"@_fa": "true", "$" :"60022559"}]}],"source-id":"6000152817","fund-no":"undefined","openaccess":"0","openaccessFlag":false},{"@_fa": "true", "link": [{"@_fa": "true", "@ref": "self", "@href": "https://api.elsevier.com/content/abstract/scopus_id/0042063141"},{"@_fa": "true", "@ref": "author-affiliation", "@href": "https://api.elsevier.com/content/abstract/scopus_id/0042063141?field=author,affiliation"},{"@_fa": "true", "@ref": "scopus", "@href": "https://www.scopus.com/inward/record.uri?partnerID=HzOxMe3b&scp=0042063141&origin=inward"},{"@_fa": "true", "@ref": "scopus-citedby", "@href": "https://www.scopus.com/inward/citedby.uri?partnerID=HzOxMe3b&scp=0042063141&origin=inward"}],"prism:url":"https://api.elsevier.com/content/abstract/scopus_id/0042063141","dc:identifier":"SCOPUS_ID:0042063141","eid":"2-s2.0-0042063141","dc:title":"The feminist challenge to socialist history","dc:creator":"Clegg S.","prism:publicationName":"Women's History Review","prism:issn":"09612025","prism:volume":"6","prism:issueIdentifier":"2","prism:pageRange":"201-214","prism:coverDate":"1997-12-01","prism:coverDisplayDate":"1997","prism:doi":"10.1080/09612029700200146","pii":"739097195","dc:description":"This article argues that it is timely to revisit some of the debates between feminism and Marxism. While acknowledging the achievements of women's history, it is critical of attempts to ground feminist history in either patriarchy theory or post-structuralism. Developing from ideas about what constitutes a theory of history, it is argued that both patriarchy and post-structuralism cannot sustain a notion of historicity. The debate about protective legislation in nineteenth-century Britain is reviewed as an example of the divergence between Marxist and feminist interpretations. The article concludes with a defence of historical materialism as an explanatory framework in analysing women's oppression.","citedby-count":"3","affiliation": [{"@_fa": "true", "affiliation-url":"https://api.elsevier.com/content/affiliation/affiliation_id/60032773","afid":"60032773","affilname":"Leeds Beckett University","affiliation-city":"Leeds","affiliation-country":"United Kingdom"}],"prism:aggregationType":"Journal","subtype":"re","subtypeDescription":"Review","author-count":{"@limit": "100", "@total": "1", "$" :"1"},"author": [{"@_fa": "true", "@seq": "1", "author-url":"https://api.elsevier.com/content/author/author_id/7101683024","authid":"7101683024","authname":"Clegg S.","surname":"Clegg","given-name":"Sue","initials":"S.","afid": [{"@_fa": "true", "$" :"60032773"}]}],"source-id":"5600153334","fund-no":"undefined","openaccess":"1","openaccessFlag":true},{"@_fa": "true", "link": [{"@_fa": "true", "@ref": "self", "@href": "https://api.elsevier.com/content/abstract/scopus_id/0040833711"},{"@_fa": "true", "@ref": "author-affiliation", "@href": "https://api.elsevier.com/content/abstract/scopus_id/0040833711?field=author,affiliation"},{"@_fa": "true", "@ref": "scopus", "@href": "https://www.scopus.com/inward/record.uri?partnerID=HzOxMe3b&scp=0040833711&origin=inward"},{"@_fa": "true", "@ref": "scopus-citedby", "@href": "https://www.scopus.com/inward/citedby.uri?partnerID=HzOxMe3b&scp=0040833711&origin=inward"}],"prism:url":"https://api.elsevier.com/content/abstract/scopus_id/0040833711","dc:identifier":"SCOPUS_ID:0040833711","eid":"2-s2.0-0040833711","dc:title":"Social causes of impairment, disability, and abuse: A feminist perspective","dc:creator":"Neath J.","prism:publicationName":"Journal of Disability Policy Studies","prism:issn":"10442073","prism:eIssn":"15384802","prism:volume":"8","prism:issueIdentifier":"1-2","prism:pageRange":"195-230","prism:coverDate":"1997-12-01","prism:coverDisplayDate":"1997","prism:doi":"10.1177/104420739700800210","dc:description":"Impairments are often acquired as a result of social practices (e.g., war, interpersonal violence). There is a strong likelihood in a \"disabling society\" that disability will follow impairment. This article provides evidence suggesting that many of the social practices that cause impairments (and that therefore often lead to disabilities) are part of a large-scale social pattern that feminists often refer to as \"patriarchy.\" This social pattern is characterized by (a) male dominance; (b) hierarchy (e.g., a social class system); (c) male-on-male struggles for power (e.g., war); (d) control, exploitation, and devaluation of \"the other\" (e.g., racial minorities, people with disabilities); and (e) internalized oppression. Although disability scholars taking a sociopolitical approach to disability have usually focused on the social construction of disability through disabling attitudes, behaviors, and environments, this article advocates focusing also on the social construction of disability through the social creation of impairment provided a minority, not medical, model is used. The role of patriarchy in causing impairment (and disability) and the abuse of people with disabilities is discussed. A preliminary feminist model of patriarchal oppression, disability, and abuse is proposed.","citedby-count":"10","affiliation": [{"@_fa": "true", "affiliation-url":"https://api.elsevier.com/content/affiliation/affiliation_id/60004862","afid":"60004862","affilname":"University of Arkansas - Fayetteville","affiliation-city":"Fayetteville","affiliation-country":"United States"}],"prism:aggregationType":"Journal","subtype":"ar","subtypeDescription":"Article","author-count":{"@limit": "100", "@total": "1", "$" :"1"},"author": [{"@_fa": "true", "@seq": "1", "author-url":"https://api.elsevier.com/content/author/author_id/6602124414","authid":"6602124414","authname":"Neath J.","surname":"Neath","given-name":"Jeanne","initials":"J.","afid": [{"@_fa": "true", "$" :"60004862"}]}],"source-id":"5000155401","fund-no":"undefined","openaccess":"0","openaccessFlag":false},{"@_fa": "true", "link": [{"@_fa": "true", "@ref": "self", "@href": "https://api.elsevier.com/content/abstract/scopus_id/6144229798"},{"@_fa": "true", "@ref": "author-affiliation", "@href": "https://api.elsevier.com/content/abstract/scopus_id/6144229798?field=author,affiliation"},{"@_fa": "true", "@ref": "scopus", "@href": "https://www.scopus.com/inward/record.uri?partnerID=HzOxMe3b&scp=6144229798&origin=inward"},{"@_fa": "true", "@ref": "scopus-citedby", "@href": "https://www.scopus.com/inward/citedby.uri?partnerID=HzOxMe3b&scp=6144229798&origin=inward"}],"prism:url":"https://api.elsevier.com/content/abstract/scopus_id/6144229798","dc:identifier":"SCOPUS_ID:6144229798","eid":"2-s2.0-6144229798","dc:title":"Werewere Liking and Calixthe Beyala: Feminist discourse and fiction","dc:creator":"Têko-Agbo A.","prism:publicationName":"Cahiers d'Etudes Africaines","prism:issn":"00080055","prism:volume":"37","prism:issueIdentifier":"1","prism:pageRange":"39-58","prism:coverDate":"1997-12-01","prism:coverDisplayDate":"1997","dc:description":"Werewere Liking and Calixthe Beyala, of Cameroon origin, are two outspoken authors of African literature. Their discourse about women's place in African society is, indeed, iconoclastic and, thus, quite new. Its ravaging impertinence unsettles many a tabu. But beyond the transgression and rebellion initiated by these two women, might their first writings not, ultimately, be works of fiction? The fight for women's dignity and against discrimination can be evoked in ways much more subtle than the world of adultery and violence encountered in their first writings. Beyala's latest novel, Les honneurs perdus, fully illustrates this.","citedby-count":"1","prism:aggregationType":"Journal","subtype":"ar","subtypeDescription":"Article","author-count":{"@limit": "100", "@total": "1", "$" :"1"},"author": [{"@_fa": "true", "@seq": "1", "author-url":"https://api.elsevier.com/content/author/author_id/6505729805","authid":"6505729805","authname":"Têko-Agbo A.","surname":"Têko-Agbo","given-name":"Ambroise","initials":"A."}],"authkeywords":"Emancipation | Feminism | Individual destiny | Law | Parricide | Patriarchy | Violence | Writting","source-id":"36166","fund-no":"undefined","openaccess":"0","openaccessFlag":false},{"@_fa": "true", "link": [{"@_fa": "true", "@ref": "self", "@href": "https://api.elsevier.com/content/abstract/scopus_id/11144227109"},{"@_fa": "true", "@ref": "author-affiliation", "@href": "https://api.elsevier.com/content/abstract/scopus_id/11144227109?field=author,affiliation"},{"@_fa": "true", "@ref": "scopus", "@href": "https://www.scopus.com/inward/record.uri?partnerID=HzOxMe3b&scp=11144227109&origin=inward"},{"@_fa": "true", "@ref": "scopus-citedby", "@href": "https://www.scopus.com/inward/citedby.uri?partnerID=HzOxMe3b&scp=11144227109&origin=inward"}],"prism:url":"https://api.elsevier.com/content/abstract/scopus_id/11144227109","dc:identifier":"SCOPUS_ID:11144227109","eid":"2-s2.0-11144227109","dc:title":"The evaporation of gender policies in the patriarchal cooking pot","dc:creator":"Longwe S.","prism:publicationName":"Development in Practice","prism:issn":"09614524","prism:volume":"7","prism:issueIdentifier":"2","prism:pageRange":"148-X2","prism:coverDate":"1997-12-01","prism:coverDisplayDate":"1997","dc:description":"This article suggests that gender-oriented policies tend to evaporate within the bureaucracy of the typical international development agency. An agency is here represented as a 'patriarchal cooking pot', in which gender policies are likely to evaporate because they threaten the internal patriarchal tradition of the agency, and also because such policies would upset the cosy and 'brotherly' relationship with recipient governments of developing countries. The article aims to illuminate this process of policy evaporation. The reader is invited to peer into the patriarchal cooking pot.","citedby-count":"17","pubmed-id":"12320860","prism:aggregationType":"Journal","subtype":"ar","subtypeDescription":"Article","author-count":{"@limit": "100", "@total": "1", "$" :"1"},"author": [{"@_fa": "true", "@seq": "1", "author-url":"https://api.elsevier.com/content/author/author_id/6602275294","authid":"6602275294","authname":"Longwe S.","surname":"Longwe","given-name":"Sara Hlupekile","initials":"S.H."}],"source-id":"14100","fund-no":"undefined","openaccess":"0","openaccessFlag":false},{"@_fa": "true", "link": [{"@_fa": "true", "@ref": "self", "@href": "https://api.elsevier.com/content/abstract/scopus_id/0342349518"},{"@_fa": "true", "@ref": "author-affiliation", "@href": "https://api.elsevier.com/content/abstract/scopus_id/0342349518?field=author,affiliation"},{"@_fa": "true", "@ref": "scopus", "@href": "https://www.scopus.com/inward/record.uri?partnerID=HzOxMe3b&scp=0342349518&origin=inward"},{"@_fa": "true", "@ref": "scopus-citedby", "@href": "https://www.scopus.com/inward/citedby.uri?partnerID=HzOxMe3b&scp=0342349518&origin=inward"}],"prism:url":"https://api.elsevier.com/content/abstract/scopus_id/0342349518","dc:identifier":"SCOPUS_ID:0342349518","eid":"2-s2.0-0342349518","dc:title":"Supporting the family: Lone mothers, paid work and the underclass debate","dc:creator":"Edwards R.","prism:publicationName":"Critical Social Policy","prism:issn":"02610183","prism:eIssn":"1461703X","prism:volume":"17","prism:issueIdentifier":"53","prism:pageRange":"29-49","prism:coverDate":"1997-12-01","prism:coverDisplayDate":"1997","prism:doi":"10.1177/026101839701705302","dc:description":"Lone mothers are often portrayed as one of the basic components of the 'underclass', with supposedly deviant cultural norms and a reliance on state benefits. In this article we draw on data from both in-depth inter views with different social groups of lone mothers and representative statistical data from the 1991 Census Household Sample of Anonymised Records. We show that those groups of lone mothers who are most likely to rely on state benefits in fact hold a particular 'gendered moral rationality' that is in line with dominant British norms about motherhood. In contrast, those groups of lone mothers who are likely to support them selves through paid work-such as Black lone mothers-are more likely to hold gendered moral rationalities that deviate from mainstream social norms. We also show that issues of patriarchy and ethnicity are primary in relation to those of class in these rationalities. In conclusion, we argue that any government attempts to 'bring back' traditional family values will work against another government objective-getting lone mothers off state benefits and into the labour market. © 1997 Critical Social Policy 53.","citedby-count":"16","affiliation": [{"@_fa": "true", "affiliation-url":"https://api.elsevier.com/content/affiliation/affiliation_id/60031237","afid":"60031237","affilname":"London South Bank University","affiliation-city":"London","affiliation-country":"United Kingdom"},{"@_fa": "true", "affiliation-url":"https://api.elsevier.com/content/affiliation/affiliation_id/60008524","afid":"60008524","affilname":"University of Bradford","affiliation-city":"Bradford","affiliation-country":"United Kingdom"}],"prism:aggregationType":"Journal","subtype":"ar","subtypeDescription":"Article","author-count":{"@limit": "100", "@total": "2", "$" :"2"},"author": [{"@_fa": "true", "@seq": "1", "author-url":"https://api.elsevier.com/content/author/author_id/55242502800","authid":"55242502800","authname":"Edwards R.","surname":"Edwards","given-name":"Rosalind","initials":"R.","afid": [{"@_fa": "true", "$" :"60031237"}]},{"@_fa": "true", "@seq": "2", "author-url":"https://api.elsevier.com/content/author/author_id/7202422862","authid":"7202422862","authname":"Duncan S.","surname":"Duncan","given-name":"Simon","initials":"S.","afid": [{"@_fa": "true", "$" :"60008524"}]}],"source-id":"28751","fund-no":"undefined","openaccess":"0","openaccessFlag":false},{"@_fa": "true", "link": [{"@_fa": "true", "@ref": "self", "@href": "https://api.elsevier.com/content/abstract/scopus_id/0031427836"},{"@_fa": "true", "@ref": "author-affiliation", "@href": "https://api.elsevier.com/content/abstract/scopus_id/0031427836?field=author,affiliation"},{"@_fa": "true", "@ref": "scopus", "@href": "https://www.scopus.com/inward/record.uri?partnerID=HzOxMe3b&scp=0031427836&origin=inward"},{"@_fa": "true", "@ref": "scopus-citedby", "@href": "https://www.scopus.com/inward/citedby.uri?partnerID=HzOxMe3b&scp=0031427836&origin=inward"}],"prism:url":"https://api.elsevier.com/content/abstract/scopus_id/0031427836","dc:identifier":"SCOPUS_ID:0031427836","eid":"2-s2.0-0031427836","dc:title":"Where women fear to tread: Images of danger and the effects of fear of crime in Singapore","dc:creator":"Yeoh B.","prism:publicationName":"GeoJournal","prism:issn":"03432521","prism:volume":"43","prism:issueIdentifier":"3","prism:pageRange":"273-286","prism:coverDate":"1997-12-01","prism:coverDisplayDate":"1997","prism:doi":"10.1023/A:1006817400224","dc:description":"This paper examines women's perceptions of fear and their consequent impact on women's experience and use of public space in Singapore. It argues that even in a city ranked as one of the safest in the world, women experience greater levels of fear of crime and that this fear is qualitatively different from men's as it is largely centred on a fear of rape. It identifies the various sources of 'fear' information which play a part in the construction of images of danger, including personal victimisation experiences, socialisation, the mass media and interpersonal communication. It argues that fear is place- and time-specific and that women's feelings of personal vulnerability is manifested within an environmental context. In examining the consequences of fear on women's lives, the study concludes that risk management behaviour was more prevalent than avoidance tactics. It argues that while many restrictions appear self-imposed by women themselves, the fear of crime in public places ultimately contributes to the perpetuation of what has been termed a 'spatial expression of patriarchy'.","citedby-count":"9","affiliation": [{"@_fa": "true", "affiliation-url":"https://api.elsevier.com/content/affiliation/affiliation_id/60017161","afid":"60017161","affilname":"National University of Singapore","affiliation-city":"Singapore City","affiliation-country":"Singapore"}],"prism:aggregationType":"Journal","subtype":"ar","subtypeDescription":"Article","author-count":{"@limit": "100", "@total": "2", "$" :"2"},"author": [{"@_fa": "true", "@seq": "1", "author-url":"https://api.elsevier.com/content/author/author_id/7005248393","authid":"7005248393","authname":"Yeoh B.","surname":"Yeoh","given-name":"Brenda S.A.","initials":"B.S.A.","afid": [{"@_fa": "true", "$" :"60017161"}]},{"@_fa": "true", "@seq": "2", "author-url":"https://api.elsevier.com/content/author/author_id/55928513900","authid":"55928513900","authname":"Yeow P.","surname":"Yeow","given-name":"Pel Lin","initials":"P.L.","afid": [{"@_fa": "true", "$" :"60017161"}]}],"source-id":"28772","fund-no":"undefined","openaccess":"0","openaccessFlag":false},{"@_fa": "true", "link": [{"@_fa": "true", "@ref": "self", "@href": "https://api.elsevier.com/content/abstract/scopus_id/0031298550"},{"@_fa": "true", "@ref": "author-affiliation", "@href": "https://api.elsevier.com/content/abstract/scopus_id/0031298550?field=author,affiliation"},{"@_fa": "true", "@ref": "scopus", "@href": "https://www.scopus.com/inward/record.uri?partnerID=HzOxMe3b&scp=0031298550&origin=inward"},{"@_fa": "true", "@ref": "scopus-citedby", "@href": "https://www.scopus.com/inward/citedby.uri?partnerID=HzOxMe3b&scp=0031298550&origin=inward"}],"prism:url":"https://api.elsevier.com/content/abstract/scopus_id/0031298550","dc:identifier":"SCOPUS_ID:0031298550","eid":"2-s2.0-0031298550","dc:title":"Living arrangements, patrilineality and sources of support among elderly Vietnamese.","dc:creator":"Truong S.","prism:publicationName":"Asia-Pacific population journal / United Nations","prism:issn":"0259238X","prism:volume":"12","prism:issueIdentifier":"4","prism:pageRange":"69-88","prism:coverDate":"1997-12-01","prism:coverDisplayDate":"December 1997","dc:description":"This study examined social support for the elderly in Ho Chi Minh (HCM) City and Hanoi, Viet Nam, in 1996. The sample included the main towns and provinces surrounding the cities. Two major findings were that the family was the main source of social security for the elderly. Almost 75% of the elderly in Hanoi, and 80% in HCM City, lived with at least 1 adult child. Parents were more likely to live with a married son. Most of the remaining elderly lived in close proximity to adult children. Over 50% of the elderly lived in households with at least 3 generations, regardless of their location in the north or the south. Older elderly were more likely to live in 3-generation households. 5-6% of the elderly lived alone or with a spouse and did not live near an adult child. Living alone was more prevalent in rural areas and among women. In both regions, almost 60% were female and over 50% were aged under 70 years. 56.6-61.8% were currently married; 37.3-38.1% were widowed. The elderly functioned within a strong patrilineal system. The proportion of male children who lived with a parent divided by the proportion of female children living with a parent (patrilineal ratio) was at least 3 times higher in Hanoi, urban towns, and rural areas in the Red River Delta, than in HCM City and its environs. There was substantial variation in non-family support. A higher proportion of elderly in Hanoi received pensions and social welfare benefits. The elderly in the south were less likely to name themselves or their spouses as the main sources of family income.","citedby-count":"32","pubmed-id":"12293568","prism:aggregationType":"Journal","subtype":"ar","subtypeDescription":"Article","author-count":{"@limit": "100", "@total": "4", "$" :"4"},"author": [{"@_fa": "true", "@seq": "1", "author-url":"https://api.elsevier.com/content/author/author_id/57206435486","authid":"57206435486","authname":"Truong S.","surname":"Truong","given-name":"S. A.","initials":"S.A."},{"@_fa": "true", "@seq": "2", "author-url":"https://api.elsevier.com/content/author/author_id/7101937648","authid":"7101937648","authname":"Bui T.","surname":"Bui","given-name":"T. C.","initials":"T.C."},{"@_fa": "true", "@seq": "3", "author-url":"https://api.elsevier.com/content/author/author_id/6701755147","authid":"6701755147","authname":"Goodkind D.","surname":"Goodkind","given-name":"D.","initials":"D."},{"@_fa": "true", "@seq": "4", "author-url":"https://api.elsevier.com/content/author/author_id/7004845170","authid":"7004845170","authname":"Knodel J.","surname":"Knodel","given-name":"J.","initials":"J."}],"source-id":"26243","fund-no":"undefined","openaccess":"0","openaccessFlag":false},{"@_fa": "true", "link": [{"@_fa": "true", "@ref": "self", "@href": "https://api.elsevier.com/content/abstract/scopus_id/0000655894"},{"@_fa": "true", "@ref": "author-affiliation", "@href": "https://api.elsevier.com/content/abstract/scopus_id/0000655894?field=author,affiliation"},{"@_fa": "true", "@ref": "scopus", "@href": "https://www.scopus.com/inward/record.uri?partnerID=HzOxMe3b&scp=0000655894&origin=inward"},{"@_fa": "true", "@ref": "scopus-citedby", "@href": "https://www.scopus.com/inward/citedby.uri?partnerID=HzOxMe3b&scp=0000655894&origin=inward"},{"@_fa": "true", "@ref": "full-text", "@href": "https://api.elsevier.com/content/article/eid/1-s2.0-S0277539597000186"}],"prism:url":"https://api.elsevier.com/content/abstract/scopus_id/0000655894","dc:identifier":"SCOPUS_ID:0000655894","eid":"2-s2.0-0000655894","dc:title":"\"Doing home\": Patriarchy, caring, and space","dc:creator":"Bowlby S.","prism:publicationName":"Women's Studies International Forum","prism:issn":"02775395","prism:volume":"20","prism:issueIdentifier":"3","prism:pageRange":"343-350","prism:coverDate":"1997-01-01","prism:coverDisplayDate":"May/June 1997","prism:doi":"10.1016/S0277-5395(97)00018-6","pii":"S0277539597000186","dc:description":"This paper is an introduction to and a reflection on this Special Issue on \"Concepts of Home.\" It raises the issues inherent in considering the complex notion of \"the home.\" We highlight the significance of power and patriarchy, household tasks and caring, and space and place, in the analysis of \"domestic\" social relations and the meanings and politics surrounding \"the home.\" © 1997 Elsevier Science Ltd.","citedby-count":"94","affiliation": [{"@_fa": "true", "affiliation-url":"https://api.elsevier.com/content/affiliation/affiliation_id/60021097","afid":"60021097","affilname":"University of Surrey","affiliation-city":"Guildford","affiliation-country":"United Kingdom"},{"@_fa": "true", "affiliation-url":"https://api.elsevier.com/content/affiliation/affiliation_id/60015875","afid":"60015875","affilname":"University of Aberdeen","affiliation-city":"Aberdeen","affiliation-country":"United Kingdom"},{"@_fa": "true", "affiliation-url":"https://api.elsevier.com/content/affiliation/affiliation_id/60012197","afid":"60012197","affilname":"University of Reading","affiliation-city":"Reading","affiliation-country":"United Kingdom"}],"prism:aggregationType":"Journal","subtype":"ar","subtypeDescription":"Article","author-count":{"@limit": "100", "@total": "3", "$" :"3"},"author": [{"@_fa": "true", "@seq": "1", "author-url":"https://api.elsevier.com/content/author/author_id/6603833480","authid":"6603833480","authname":"Bowlby S.","surname":"Bowlby","given-name":"Sophie","initials":"S.","afid": [{"@_fa": "true", "$" :"60012197"}]},{"@_fa": "true", "@seq": "2", "author-url":"https://api.elsevier.com/content/author/author_id/7201489544","authid":"7201489544","authname":"Gregory S.","surname":"Gregory","given-name":"Susan","initials":"S.","afid": [{"@_fa": "true", "$" :"60021097"}]},{"@_fa": "true", "@seq": "3", "author-url":"https://api.elsevier.com/content/author/author_id/7003482080","authid":"7003482080","authname":"McKie L.","surname":"McKie","given-name":"Linda","initials":"L.","afid": [{"@_fa": "true", "$" :"60015875"}]}],"source-id":"24359","fund-no":"undefined","openaccess":"0","openaccessFlag":false},{"@_fa": "true", "link": [{"@_fa": "true", "@ref": "self", "@href": "https://api.elsevier.com/content/abstract/scopus_id/0031391540"},{"@_fa": "true", "@ref": "author-affiliation", "@href": "https://api.elsevier.com/content/abstract/scopus_id/0031391540?field=author,affiliation"},{"@_fa": "true", "@ref": "scopus", "@href": "https://www.scopus.com/inward/record.uri?partnerID=HzOxMe3b&scp=0031391540&origin=inward"},{"@_fa": "true", "@ref": "scopus-citedby", "@href": "https://www.scopus.com/inward/citedby.uri?partnerID=HzOxMe3b&scp=0031391540&origin=inward"}],"prism:url":"https://api.elsevier.com/content/abstract/scopus_id/0031391540","dc:identifier":"SCOPUS_ID:0031391540","eid":"2-s2.0-0031391540","dc:title":"Feminism, patriarchy, nationalism, and women in fin-de-siecle Slovakia","dc:creator":"Weber N.","prism:publicationName":"Nationalities Papers","prism:issn":"00905992","prism:volume":"25","prism:issueIdentifier":"1","prism:pageRange":"35-65","prism:coverDate":"1997-01-01","prism:coverDisplayDate":"1997","prism:doi":"10.1080/00905999708408489","citedby-count":"3","prism:aggregationType":"Journal","subtype":"ar","subtypeDescription":"Article","author-count":{"@limit": "100", "@total": "1", "$" :"1"},"author": [{"@_fa": "true", "@seq": "1", "author-url":"https://api.elsevier.com/content/author/author_id/7102101641","authid":"7102101641","authname":"Weber N.","surname":"Weber","given-name":"N.","initials":"N."}],"source-id":"28256","fund-no":"undefined","openaccess":"0","openaccessFlag":false},{"@_fa": "true", "link": [{"@_fa": "true", "@ref": "self", "@href": "https://api.elsevier.com/content/abstract/scopus_id/0002061961"},{"@_fa": "true", "@ref": "author-affiliation", "@href": "https://api.elsevier.com/content/abstract/scopus_id/0002061961?field=author,affiliation"},{"@_fa": "true", "@ref": "scopus", "@href": "https://www.scopus.com/inward/record.uri?partnerID=HzOxMe3b&scp=0002061961&origin=inward"},{"@_fa": "true", "@ref": "scopus-citedby", "@href": "https://www.scopus.com/inward/citedby.uri?partnerID=HzOxMe3b&scp=0002061961&origin=inward"},{"@_fa": "true", "@ref": "full-text", "@href": "https://api.elsevier.com/content/article/eid/1-s2.0-S027753959700037X"}],"prism:url":"https://api.elsevier.com/content/abstract/scopus_id/0002061961","dc:identifier":"SCOPUS_ID:0002061961","eid":"2-s2.0-0002061961","dc:title":"South Asian women within households: Dowries, degradation and despair","dc:creator":"Bhopal K.","prism:publicationName":"Women's Studies International Forum","prism:issn":"02775395","prism:volume":"20","prism:issueIdentifier":"4","prism:pageRange":"483-492","prism:coverDate":"1997-01-01","prism:coverDisplayDate":"July/August 1997","prism:doi":"10.1016/S0277-5395(97)00037-X","pii":"S027753959700037X","dc:description":"This paper examines the phenomenon of dowries in the UK as a contribution to patriarchal oppression for South Asian women in households. The research on which this paper is based, examines the intersection of gender and ethnicity with specific reference to South Asian women in Britain. The findings indicate that dowries are used to sell women as property in the arranged marriage relationship. Education and religion make a significant difference to women's responses on dowries. Highly educated women were either cohabiting with their partners or single and said dowries degraded women. Women with lower levels of education said dowries were part of the tradition, custom, and identity of South Asian people, these women had an arranged marriage and were given a dowry. As South Asian women become highly educated, they reject arranged marriages and the practice of dowries (private patriarchy) and enter the labour market (into public patriarchy). © 1997 Elsevier Science Ltd.","citedby-count":"24","affiliation": [{"@_fa": "true", "affiliation-url":"https://api.elsevier.com/content/affiliation/affiliation_id/60006242","afid":"60006242","affilname":"UCL Institute of Education","affiliation-city":"London","affiliation-country":"United Kingdom"}],"prism:aggregationType":"Journal","subtype":"ar","subtypeDescription":"Article","author-count":{"@limit": "100", "@total": "1", "$" :"1"},"author": [{"@_fa": "true", "@seq": "1", "author-url":"https://api.elsevier.com/content/author/author_id/6603480397","authid":"6603480397","authname":"Bhopal K.","surname":"Bhopal","given-name":"Kalwant","initials":"K.","afid": [{"@_fa": "true", "$" :"60006242"}]}],"source-id":"24359","fund-no":"undefined","openaccess":"0","openaccessFlag":false},{"@_fa": "true", "link": [{"@_fa": "true", "@ref": "self", "@href": "https://api.elsevier.com/content/abstract/scopus_id/33644800092"},{"@_fa": "true", "@ref": "author-affiliation", "@href": "https://api.elsevier.com/content/abstract/scopus_id/33644800092?field=author,affiliation"},{"@_fa": "true", "@ref": "scopus", "@href": "https://www.scopus.com/inward/record.uri?partnerID=HzOxMe3b&scp=33644800092&origin=inward"},{"@_fa": "true", "@ref": "scopus-citedby", "@href": "https://www.scopus.com/inward/citedby.uri?partnerID=HzOxMe3b&scp=33644800092&origin=inward"}],"prism:url":"https://api.elsevier.com/content/abstract/scopus_id/33644800092","dc:identifier":"SCOPUS_ID:33644800092","eid":"2-s2.0-33644800092","dc:title":"Hegemony in the Ideal: Wedding Photography, Consumerism, and Patriarchy","dc:creator":"Lewis C.","prism:publicationName":"Women's Studies in Communication","prism:issn":"07491409","prism:eIssn":"2152999X","prism:volume":"20","prism:issueIdentifier":"2","prism:pageRange":"167-188","prism:coverDate":"1997-01-01","prism:coverDisplayDate":"Fall 1997","prism:doi":"10.1080/07491409.1997.10162409","dc:description":"Photography involves much more than talented individuals producing snatches of reality in some sort of social vacuum. Rather, photographic images are negotiated interpretations of “reality” grounded in particular social and cultural contexts. This essay examines the consumerist and patriarchal ideologies framing the professional photography of formal weddings, and argues that the maintenance of such ideologies stems jointly from producer and consumer. © 1997 Taylor & Francis Group, LLC.","citedby-count":"9","affiliation": [{"@_fa": "true", "affiliation-url":"https://api.elsevier.com/content/affiliation/affiliation_id/60003424","afid":"60003424","affilname":"Minnesota State University Mankato","affiliation-city":"Mankato","affiliation-country":"United States"}],"prism:aggregationType":"Journal","subtype":"ar","subtypeDescription":"Article","author-count":{"@limit": "100", "@total": "1", "$" :"1"},"author": [{"@_fa": "true", "@seq": "1", "author-url":"https://api.elsevier.com/content/author/author_id/53563899700","authid":"53563899700","authname":"Lewis C.","surname":"Lewis","given-name":"Charles","initials":"C.","afid": [{"@_fa": "true", "$" :"60003424"}]}],"source-id":"19900191819","fund-no":"undefined","openaccess":"0","openaccessFlag":false},{"@_fa": "true", "link": [{"@_fa": "true", "@ref": "self", "@href": "https://api.elsevier.com/content/abstract/scopus_id/27144558718"},{"@_fa": "true", "@ref": "author-affiliation", "@href": "https://api.elsevier.com/content/abstract/scopus_id/27144558718?field=author,affiliation"},{"@_fa": "true", "@ref": "scopus", "@href": "https://www.scopus.com/inward/record.uri?partnerID=HzOxMe3b&scp=27144558718&origin=inward"},{"@_fa": "true", "@ref": "scopus-citedby", "@href": "https://www.scopus.com/inward/citedby.uri?partnerID=HzOxMe3b&scp=27144558718&origin=inward"}],"prism:url":"https://api.elsevier.com/content/abstract/scopus_id/27144558718","dc:identifier":"SCOPUS_ID:27144558718","eid":"2-s2.0-27144558718","dc:title":"The cross-culturally disordered self: A self-psychological study and treatment","dc:creator":"Miliora M.","prism:publicationName":"Journal of Adult Development","prism:issn":"10680667","prism:volume":"4","prism:issueIdentifier":"1","prism:pageRange":"35-44","prism:coverDate":"1997-01-01","prism:coverDisplayDate":"January 1997","prism:doi":"10.1007/BF02511847","dc:description":"The psychotherapeutic treatment of a young woman whose development was thwarted by patriarchal, sexist, familial, and cultural contexts is presented and discussed. The history, dream material, and symptomotology indicate developmental deficits from which derived a lack of cohesive, individual selfhood as well as narcissistic vulnerabilities manifested by a high propensity for shame. The author posits a view of patriarchy as acculturating women subjectively to experience themselves on an unconscious fantasy level as appendages of men, thus depriving them of genuine and authentic selfhood. This perspective is used as a lens through which this woman's experience in two patriarchal cultures can be empathically understood. The case enables us to examine how the process of acculturation in patriarchal contexts can interfere with women's capacity to develop a strong sense of self and allows us to consider whether and how human development is culturally determined. © 1997 Plenum Publishing Corporation.","citedby-count":"0","affiliation": [{"@_fa": "true", "affiliation-url":"https://api.elsevier.com/content/affiliation/affiliation_id/60008455","afid":"60008455","affilname":"Suffolk University","affiliation-city":"Boston","affiliation-country":"United States"},{"@_fa": "true", "affiliation-url":"https://api.elsevier.com/content/affiliation/affiliation_id/101540042","afid":"101540042","affilname":"Training and Research Institute for Self Psychology","affiliation-city":"New York","affiliation-country":"United States"}],"prism:aggregationType":"Journal","subtype":"ar","subtypeDescription":"Article","author-count":{"@limit": "100", "@total": "1", "$" :"1"},"author": [{"@_fa": "true", "@seq": "1", "author-url":"https://api.elsevier.com/content/author/author_id/6602193343","authid":"6602193343","authname":"Miliora M.","surname":"Miliora","given-name":"Maria T.","initials":"M.T.","afid": [{"@_fa": "true", "$" :"60008455"},{"@_fa": "true", "$" :"101540042"},{"@_fa": "true", "$" :"60008455"}]}],"authkeywords":"Fantasy | Narcissism | Patriarchy | Self psychology","source-id":"15372","fund-no":"undefined","openaccess":"0","openaccessFlag":false},{"@_fa": "true", "link": [{"@_fa": "true", "@ref": "self", "@href": "https://api.elsevier.com/content/abstract/scopus_id/0031509362"},{"@_fa": "true", "@ref": "author-affiliation", "@href": "https://api.elsevier.com/content/abstract/scopus_id/0031509362?field=author,affiliation"},{"@_fa": "true", "@ref": "scopus", "@href": "https://www.scopus.com/inward/record.uri?partnerID=HzOxMe3b&scp=0031509362&origin=inward"},{"@_fa": "true", "@ref": "scopus-citedby", "@href": "https://www.scopus.com/inward/citedby.uri?partnerID=HzOxMe3b&scp=0031509362&origin=inward"}],"prism:url":"https://api.elsevier.com/content/abstract/scopus_id/0031509362","dc:identifier":"SCOPUS_ID:0031509362","eid":"2-s2.0-0031509362","dc:title":"Reading Pleasure: Light in August and the theory of the gendered gaze","dc:creator":"Visser I.","prism:publicationName":"Journal of Gender Studies","prism:issn":"09589236","prism:volume":"6","prism:issueIdentifier":"3","prism:pageRange":"277-287","prism:coverDate":"1997-01-01","prism:coverDisplayDate":"1997","prism:doi":"10.1080/09589236.1997.9960688","dc:description":"This article discusses various components of the theory of the gendered gay, in order to construct a framework for an analysis of how William Faulkner understood and fictionally presented the mechanism of the gay in Light in August. Linking theory and praxis, this article explores the relationship between patriarchy and gender construction in Faulkner's literary representation of visual structures in this major novel.","citedby-count":"1","prism:aggregationType":"Journal","subtype":"ar","subtypeDescription":"Article","author-count":{"@limit": "100", "@total": "1", "$" :"1"},"author": [{"@_fa": "true", "@seq": "1", "author-url":"https://api.elsevier.com/content/author/author_id/7007049559","authid":"7007049559","authname":"Visser I.","surname":"Visser","given-name":"Irene","initials":"I."}],"source-id":"23704","fund-no":"undefined","openaccess":"0","openaccessFlag":false},{"@_fa": "true", "link": [{"@_fa": "true", "@ref": "self", "@href": "https://api.elsevier.com/content/abstract/scopus_id/0031517664"},{"@_fa": "true", "@ref": "author-affiliation", "@href": "https://api.elsevier.com/content/abstract/scopus_id/0031517664?field=author,affiliation"},{"@_fa": "true", "@ref": "scopus", "@href": "https://www.scopus.com/inward/record.uri?partnerID=HzOxMe3b&scp=0031517664&origin=inward"},{"@_fa": "true", "@ref": "scopus-citedby", "@href": "https://www.scopus.com/inward/citedby.uri?partnerID=HzOxMe3b&scp=0031517664&origin=inward"}],"prism:url":"https://api.elsevier.com/content/abstract/scopus_id/0031517664","dc:identifier":"SCOPUS_ID:0031517664","eid":"2-s2.0-0031517664","dc:title":"Using gender to preserve tracking's status hierarchy: The defensive strategy of entrenched teachers","dc:creator":"Datnow A.","prism:publicationName":"Anthropology and Education Quarterly","prism:issn":"01617761","prism:volume":"28","prism:issueIdentifier":"2","prism:pageRange":"204-228","prism:coverDate":"1997-01-01","prism:coverDisplayDate":"June 1997","prism:doi":"10.1525/aeq.1997.28.2.204","dc:description":"In a case study of a racially mixed high school undertaking detracking, gender politics among the teachers emerged as a shaping force in the reform effort. This paper examines the politics of representation among two factions of teachers at the school. The reform, led by a party of female teachers, was derailed as a coalition of male teachers employed a gender discourse to successfully capture the dominant mode of representing what \"school\" means. The entrenched male teachers' efforts at maintaining a culture of patriarchy was part of their larger movement to maintain tracking's status hierarchy among students.","citedby-count":"5","prism:aggregationType":"Journal","subtype":"ar","subtypeDescription":"Article","author-count":{"@limit": "100", "@total": "1", "$" :"1"},"author": [{"@_fa": "true", "@seq": "1", "author-url":"https://api.elsevier.com/content/author/author_id/6701910783","authid":"6701910783","authname":"Datnow A.","surname":"Datnow","given-name":"Amanda","initials":"A."}],"source-id":"89175","fund-no":"undefined","openaccess":"0","openaccessFlag":false},{"@_fa": "true", "link": [{"@_fa": "true", "@ref": "self", "@href": "https://api.elsevier.com/content/abstract/scopus_id/0031413830"},{"@_fa": "true", "@ref": "author-affiliation", "@href": "https://api.elsevier.com/content/abstract/scopus_id/0031413830?field=author,affiliation"},{"@_fa": "true", "@ref": "scopus", "@href": "https://www.scopus.com/inward/record.uri?partnerID=HzOxMe3b&scp=0031413830&origin=inward"},{"@_fa": "true", "@ref": "scopus-citedby", "@href": "https://www.scopus.com/inward/citedby.uri?partnerID=HzOxMe3b&scp=0031413830&origin=inward"}],"prism:url":"https://api.elsevier.com/content/abstract/scopus_id/0031413830","dc:identifier":"SCOPUS_ID:0031413830","eid":"2-s2.0-0031413830","dc:title":"'Crabs in a bucket': Reforming male identities in Trinidad","dc:creator":"Sampath N.","prism:publicationName":"Gender and Development","prism:issn":"13552074","prism:volume":"5","prism:issueIdentifier":"2","prism:pageRange":"47-54","prism:coverDate":"1997-01-01","prism:coverDisplayDate":"1997","prism:doi":"10.1080/741922352","dc:description":"This article describes some of the ways in which 'masculinity' is understood. Looking at the example of a community in the Caribbean, it suggests that social changes can offer opportunities to deflect men's identities away from damaging patriarchal stereotypes.","citedby-count":"7","affiliation": [{"@_fa": "true", "affiliation-url":"https://api.elsevier.com/content/affiliation/affiliation_id/60026851","afid":"60026851","affilname":"University of Oxford","affiliation-city":"Oxford","affiliation-country":"United Kingdom"}],"pubmed-id":"12292616","prism:aggregationType":"Journal","subtype":"ar","subtypeDescription":"Article","author-count":{"@limit": "100", "@total": "1", "$" :"1"},"author": [{"@_fa": "true", "@seq": "1", "author-url":"https://api.elsevier.com/content/author/author_id/6506691456","authid":"6506691456","authname":"Sampath N.","surname":"Sampath","given-name":"Niels","initials":"N.","afid": [{"@_fa": "true", "$" :"60026851"}]}],"source-id":"23634","fund-no":"undefined","openaccess":"0","openaccessFlag":false},{"@_fa": "true", "link": [{"@_fa": "true", "@ref": "self", "@href": "https://api.elsevier.com/content/abstract/scopus_id/84937268812"},{"@_fa": "true", "@ref": "author-affiliation", "@href": "https://api.elsevier.com/content/abstract/scopus_id/84937268812?field=author,affiliation"},{"@_fa": "true", "@ref": "scopus", "@href": "https://www.scopus.com/inward/record.uri?partnerID=HzOxMe3b&scp=84937268812&origin=inward"},{"@_fa": "true", "@ref": "scopus-citedby", "@href": "https://www.scopus.com/inward/citedby.uri?partnerID=HzOxMe3b&scp=84937268812&origin=inward"}],"prism:url":"https://api.elsevier.com/content/abstract/scopus_id/84937268812","dc:identifier":"SCOPUS_ID:84937268812","eid":"2-s2.0-84937268812","dc:title":"The emancipatory potential of feminine masquerade in Mary Kay cosmetics","dc:creator":"Waggoner C.","prism:publicationName":"Text and Performance Quarterly","prism:issn":"10462937","prism:eIssn":"14795760","prism:volume":"17","prism:issueIdentifier":"3","prism:pageRange":"256-272","prism:coverDate":"1997-01-01","prism:coverDisplayDate":"July 1997","prism:doi":"10.1080/10462939709366189","dc:description":"The excessively feminine displays of Mary Kay Cosmetics consultants exemplify a kind of performance often associated with women in traditional women’s cultures. Many critics object that such behavior conforms to a patriarchal standard of beauty that claims to celebrate womanliness but actually oppresses women by commodifying their bodies. This study argues, however, that these displays, even in their conformity to the patriarchy, are potentially emancipatory for members of the Mary Kay culture. © 1997 Taylor and Francis Group, LLC.","citedby-count":"6","affiliation": [{"@_fa": "true", "affiliation-url":"https://api.elsevier.com/content/affiliation/affiliation_id/60022478","afid":"60022478","affilname":"Wittenberg University","affiliation-city":"Springfield","affiliation-country":"United States"}],"prism:aggregationType":"Journal","subtype":"ar","subtypeDescription":"Article","author-count":{"@limit": "100", "@total": "1", "$" :"1"},"author": [{"@_fa": "true", "@seq": "1", "author-url":"https://api.elsevier.com/content/author/author_id/6701688874","authid":"6701688874","authname":"Waggoner C.","surname":"Waggoner","given-name":"Catherine Egley","initials":"C.E.","afid": [{"@_fa": "true", "$" :"60022478"}]}],"authkeywords":"Adornment | Emancipation | Feminism | Mary Kay Cosmetics | Masquerade","source-id":"5700154419","fund-no":"undefined","openaccess":"0","openaccessFlag":false},{"@_fa": "true", "link": [{"@_fa": "true", "@ref": "self", "@href": "https://api.elsevier.com/content/abstract/scopus_id/0031402999"},{"@_fa": "true", "@ref": "author-affiliation", "@href": "https://api.elsevier.com/content/abstract/scopus_id/0031402999?field=author,affiliation"},{"@_fa": "true", "@ref": "scopus", "@href": "https://www.scopus.com/inward/record.uri?partnerID=HzOxMe3b&scp=0031402999&origin=inward"},{"@_fa": "true", "@ref": "scopus-citedby", "@href": "https://www.scopus.com/inward/citedby.uri?partnerID=HzOxMe3b&scp=0031402999&origin=inward"}],"prism:url":"https://api.elsevier.com/content/abstract/scopus_id/0031402999","dc:identifier":"SCOPUS_ID:0031402999","eid":"2-s2.0-0031402999","dc:title":"The production of British geography","dc:creator":"Sidaway J.","prism:publicationName":"Transactions of the Institute of British Geographers","prism:issn":"00202754","prism:volume":"22","prism:issueIdentifier":"4","prism:pageRange":"488-504","prism:coverDate":"1997-01-01","prism:coverDisplayDate":"1997","prism:doi":"10.1111/j.0020-2754.1997.00488.x","dc:description":"This paper is a sociological study of British geography in the mid-1990s. Drawing upon interviews with 40 academic geographers, it considers themes of competition and regulation, and disciplinary and patriarchal power. The interview transcripts inform an account of a complex set of (partial and uneven) transitions in the political, cultural and moral economy within which geography is reproduced. © Royal Geographical Society (with the Institute of British Geographers) 1997.","citedby-count":"55","affiliation": [{"@_fa": "true", "affiliation-url":"https://api.elsevier.com/content/affiliation/affiliation_id/60019702","afid":"60019702","affilname":"University of Birmingham","affiliation-city":"Birmingham","affiliation-country":"United Kingdom"}],"prism:aggregationType":"Journal","subtype":"ar","subtypeDescription":"Article","author-count":{"@limit": "100", "@total": "1", "$" :"1"},"author": [{"@_fa": "true", "@seq": "1", "author-url":"https://api.elsevier.com/content/author/author_id/7003492988","authid":"7003492988","authname":"Sidaway J.","surname":"Sidaway","given-name":"James D.","initials":"J.D.","afid": [{"@_fa": "true", "$" :"60019702"}]}],"authkeywords":"Disciplinarity patriarchy | Geography academic | Labour process | Qualitative method","source-id":"29214","fund-no":"undefined","openaccess":"0","openaccessFlag":false},{"@_fa": "true", "link": [{"@_fa": "true", "@ref": "self", "@href": "https://api.elsevier.com/content/abstract/scopus_id/31844446390"},{"@_fa": "true", "@ref": "author-affiliation", "@href": "https://api.elsevier.com/content/abstract/scopus_id/31844446390?field=author,affiliation"},{"@_fa": "true", "@ref": "scopus", "@href": "https://www.scopus.com/inward/record.uri?partnerID=HzOxMe3b&scp=31844446390&origin=inward"},{"@_fa": "true", "@ref": "scopus-citedby", "@href": "https://www.scopus.com/inward/citedby.uri?partnerID=HzOxMe3b&scp=31844446390&origin=inward"}],"prism:url":"https://api.elsevier.com/content/abstract/scopus_id/31844446390","dc:identifier":"SCOPUS_ID:31844446390","eid":"2-s2.0-31844446390","dc:title":"A feminist reading of Men's Health: Or, when paglia speaks, the media listens","dc:creator":"Bloom L.","prism:publicationName":"Journal of Medical Humanities","prism:issn":"10413545","prism:eIssn":"15733645","prism:volume":"18","prism:issueIdentifier":"1","prism:pageRange":"59-73","prism:coverDate":"1997-01-01","prism:coverDisplayDate":"1997","prism:doi":"10.1023/A:1025610726434","dc:description":"In this paper Bloom analyzes the popular magazine, Men's Health, from a feminist perspective, locating ways that the magazine participates in an insidious form of anti-feminist backlash. She specifically analyzes the magazine to make sense of how its writers discursively position women in their relationships to heterosexual men and how they use the voices of women who call themselves feminists to promote an anti-feminist, pro-patriarchy agenda. She demonstrates that the \"health\" of men being promoted in this magazine is a mental health grounded in the maintenance of male privilege and power. © 1997 Human Sciences Press, Inc.","citedby-count":"2","affiliation": [{"@_fa": "true", "affiliation-url":"https://api.elsevier.com/content/affiliation/affiliation_id/60004354","afid":"60004354","affilname":"Iowa State University","affiliation-city":"Ames","affiliation-country":"United States"}],"prism:aggregationType":"Journal","subtype":"ar","subtypeDescription":"Article","author-count":{"@limit": "100", "@total": "1", "$" :"1"},"author": [{"@_fa": "true", "@seq": "1", "author-url":"https://api.elsevier.com/content/author/author_id/12758891000","authid":"12758891000","authname":"Bloom L.","surname":"Bloom","given-name":"Leslie Rebecca","initials":"L.R.","afid": [{"@_fa": "true", "$" :"60004354"},{"@_fa": "true", "$" :"60004354"}]}],"source-id":"15963","fund-no":"undefined","openaccess":"0","openaccessFlag":false},{"@_fa": "true", "link": [{"@_fa": "true", "@ref": "self", "@href": "https://api.elsevier.com/content/abstract/scopus_id/21944435798"},{"@_fa": "true", "@ref": "author-affiliation", "@href": "https://api.elsevier.com/content/abstract/scopus_id/21944435798?field=author,affiliation"},{"@_fa": "true", "@ref": "scopus", "@href": "https://www.scopus.com/inward/record.uri?partnerID=HzOxMe3b&scp=21944435798&origin=inward"},{"@_fa": "true", "@ref": "scopus-citedby", "@href": "https://www.scopus.com/inward/citedby.uri?partnerID=HzOxMe3b&scp=21944435798&origin=inward"}],"prism:url":"https://api.elsevier.com/content/abstract/scopus_id/21944435798","dc:identifier":"SCOPUS_ID:21944435798","eid":"2-s2.0-21944435798","dc:title":"The public/private - the imagined boundary in the imagined nation/state/community: The lebanese case","dc:creator":"Joseph S.","prism:publicationName":"Feminist Review","prism:issn":"01417789","prism:eIssn":"14664380","prism:volume":"57","prism:issueIdentifier":"1","prism:pageRange":"73-92","prism:coverDate":"1997-01-01","prism:coverDisplayDate":"September 1997","prism:doi":"10.1080/014177897339669","dc:description":"The nation/state as an imaginative enterprise encompasses multiple imagined subnational boundaries. The ‘public/private’, I suggest, is a ‘purposeful fiction’ constitutive of the will to statehood. As such, its configurations are impacted upon by the institutions and forces competing with and within state-building enterprises. Proposing the terms government, non-government and domestic as analytical tools to demarcate discursive and material domains, I argue that, in Lebanon, the fluidity of boundaries among these spheres is constitutive of patriarchal connectivity, a form of patriarchal kinship linked to the state-building enterprise. © 1997 Feminist Review Collective.","citedby-count":"73","affiliation": [{"@_fa": "true", "affiliation-url":"https://api.elsevier.com/content/affiliation/affiliation_id/60014439","afid":"60014439","affilname":"University of California, Davis","affiliation-city":"Davis","affiliation-country":"United States"}],"prism:aggregationType":"Journal","subtype":"ar","subtypeDescription":"Article","author-count":{"@limit": "100", "@total": "1", "$" :"1"},"author": [{"@_fa": "true", "@seq": "1", "author-url":"https://api.elsevier.com/content/author/author_id/7202290469","authid":"7202290469","authname":"Joseph S.","surname":"Joseph","given-name":"Suad","initials":"S.","afid": [{"@_fa": "true", "$" :"60014439"}]}],"authkeywords":"Citizenship | Gender | Lebanon | Patriarchy | Public/private | Selfhood","source-id":"23596","fund-no":"undefined","openaccess":"0","openaccessFlag":false},{"@_fa": "true", "link": [{"@_fa": "true", "@ref": "self", "@href": "https://api.elsevier.com/content/abstract/scopus_id/0040747536"},{"@_fa": "true", "@ref": "author-affiliation", "@href": "https://api.elsevier.com/content/abstract/scopus_id/0040747536?field=author,affiliation"},{"@_fa": "true", "@ref": "scopus", "@href": "https://www.scopus.com/inward/record.uri?partnerID=HzOxMe3b&scp=0040747536&origin=inward"},{"@_fa": "true", "@ref": "scopus-citedby", "@href": "https://www.scopus.com/inward/citedby.uri?partnerID=HzOxMe3b&scp=0040747536&origin=inward"}],"prism:url":"https://api.elsevier.com/content/abstract/scopus_id/0040747536","dc:identifier":"SCOPUS_ID:0040747536","eid":"2-s2.0-0040747536","dc:title":"Tracking the elusive green women: Sex, environmentalism, and feminism in the United States and Europe","dc:creator":"Somma M.","prism:publicationName":"Political Research Quarterly","prism:issn":"10659129","prism:volume":"50","prism:issueIdentifier":"1","prism:pageRange":"153-169","prism:coverDate":"1997-01-01","prism:coverDisplayDate":"March 1997","prism:doi":"10.1177/106591299705000108","dc:description":"Ecofeminism is a set of theories variously claiming that, because of biological determinism, reproductive and maternal roles, the oppression of patriarchy and women's more holistic spiritual connection to nature, or the alternative perspective that feminism can provide, women are more concerned about the environment than are men. Apart from ecofeminist theory, \"green\" and liberal political parties and candidates in Western nations appear also to assume that women view pro-environmentalist policies more favorably. But can \"ecofeminism\" be identified in Western mass publics? Analyses of EuroBarometer 37, the 1992 American National Election Study, and the 1990-1993 World Values Study all reject biological contentions in ecofeminism, but do generate evidence for a connection between feminist orientations and support for pro-environmentalist positions on the part of both women and men.","citedby-count":"18","prism:aggregationType":"Journal","subtype":"ar","subtypeDescription":"Article","author-count":{"@limit": "100", "@total": "2", "$" :"2"},"author": [{"@_fa": "true", "@seq": "1", "author-url":"https://api.elsevier.com/content/author/author_id/57197138376","authid":"57197138376","authname":"Somma M.","surname":"Somma","given-name":"Mark","initials":"M."},{"@_fa": "true", "@seq": "2", "author-url":"https://api.elsevier.com/content/author/author_id/16064842900","authid":"16064842900","authname":"Tolleson-Rinehart S.","surname":"Tolleson-Rinehart","given-name":"Sue","initials":"S."}],"source-id":"22867","fund-no":"undefined","openaccess":"0","openaccessFlag":false},{"@_fa": "true", "link": [{"@_fa": "true", "@ref": "self", "@href": "https://api.elsevier.com/content/abstract/scopus_id/0002183418"},{"@_fa": "true", "@ref": "author-affiliation", "@href": "https://api.elsevier.com/content/abstract/scopus_id/0002183418?field=author,affiliation"},{"@_fa": "true", "@ref": "scopus", "@href": "https://www.scopus.com/inward/record.uri?partnerID=HzOxMe3b&scp=0002183418&origin=inward"},{"@_fa": "true", "@ref": "scopus-citedby", "@href": "https://www.scopus.com/inward/citedby.uri?partnerID=HzOxMe3b&scp=0002183418&origin=inward"}],"prism:url":"https://api.elsevier.com/content/abstract/scopus_id/0002183418","dc:identifier":"SCOPUS_ID:0002183418","eid":"2-s2.0-0002183418","dc:title":"Upheaval from the depth: The \"Zapatistas\" the indigenous civilization, the question of matriarchy, and the west","dc:creator":"Von Werlhof C.","prism:publicationName":"International Journal of Comparative Sociology","prism:issn":"00207152","prism:volume":"38","prism:issueIdentifier":"1-2","prism:pageRange":"106-130","prism:coverDate":"1997-01-01","prism:coverDisplayDate":"June 1997","prism:doi":"10.1177/002071529703800107","dc:description":"In this article the central concepts of the new Zapatista movement in Mexico are analyzed: dignity, politics, the government, democracy, power, autonomy, law and rights, justice, freedom, the land, community, the \"dead\" (history), the prophecies of the upheaval, and the \"army.\" This is done from the point of view of a feminist theory of society that is based on the analysis of the \"housewifeization\" of labor, the \"colonization\" of life and nature, the \"continuing\" process of \"primitive accumulation,\" and \"patriarchy\" in the capitalist world system. In this analysis, formulated as \"questions to Ramona,\" the Zapatistan leader, I ask about a possible \"subsistence perspective\" of the movement and an attitude of \"dissidence\" of the people that would correspond to the \"deep Mexico,\" newly emerging as a possibly \"matriarchal\" civilization.","citedby-count":"4","affiliation": [{"@_fa": "true", "affiliation-url":"https://api.elsevier.com/content/affiliation/affiliation_id/60009999","afid":"60009999","affilname":"University of Innsbruck","affiliation-city":"Innsbruck","affiliation-country":"Austria"}],"prism:aggregationType":"Journal","subtype":"ar","subtypeDescription":"Article","author-count":{"@limit": "100", "@total": "1", "$" :"1"},"author": [{"@_fa": "true", "@seq": "1", "author-url":"https://api.elsevier.com/content/author/author_id/6504456168","authid":"6504456168","authname":"Von Werlhof C.","surname":"Von Werlhof","given-name":"Claudia","initials":"C.","afid": [{"@_fa": "true", "$" :"60009999"}]}],"source-id":"72639","fund-no":"undefined","openaccess":"0","openaccessFlag":false},{"@_fa": "true", "link": [{"@_fa": "true", "@ref": "self", "@href": "https://api.elsevier.com/content/abstract/scopus_id/1942445770"},{"@_fa": "true", "@ref": "author-affiliation", "@href": "https://api.elsevier.com/content/abstract/scopus_id/1942445770?field=author,affiliation"},{"@_fa": "true", "@ref": "scopus", "@href": "https://www.scopus.com/inward/record.uri?partnerID=HzOxMe3b&scp=1942445770&origin=inward"},{"@_fa": "true", "@ref": "scopus-citedby", "@href": "https://www.scopus.com/inward/citedby.uri?partnerID=HzOxMe3b&scp=1942445770&origin=inward"},{"@_fa": "true", "@ref": "full-text", "@href": "https://api.elsevier.com/content/article/eid/1-s2.0-S0048721X96900639"}],"prism:url":"https://api.elsevier.com/content/abstract/scopus_id/1942445770","dc:identifier":"SCOPUS_ID:1942445770","eid":"2-s2.0-1942445770","dc:title":"The fundamental unity of the conservative and revolutionary tendencies in venezuelan evangelicalism: The case of conjugal relations","dc:creator":"Smilde D.","prism:publicationName":"Religion","prism:issn":"0048721X","prism:eIssn":"10961151","prism:volume":"27","prism:issueIdentifier":"4","prism:pageRange":"343-359","prism:coverDate":"1997-01-01","prism:coverDisplayDate":"1997","prism:doi":"10.1006/reli.1996.0063","pii":"S0048721X96900639","dc:description":"Social scientists generally analyse the coexistence of patriarchal and egalitarian tendencies within evangelical Protestantism as a case of assimilation of one tendency to a religion essentially characterized by the other, or as an ad hoc construction of strategic actors. Here the work of Ernst Troeltsch is used to theorize the fundamental unity of the ‘conservative and revolutionary tendencies’ within Christian social thought. Interviews conducted with Venezuelan evangelicals regarding conjugal relations show, through direct questioning, their understanding of authority and equality and through a series of hypothetical situations, when an evangelical woman will submit to patriarchy and when she will assert her religious equality. © 1997 Taylor & Francis Group, LLC. All rights reserved.","citedby-count":"19","affiliation": [{"@_fa": "true", "affiliation-url":"https://api.elsevier.com/content/affiliation/affiliation_id/60029278","afid":"60029278","affilname":"University of Chicago","affiliation-city":"Chicago","affiliation-country":"United States"}],"prism:aggregationType":"Journal","subtype":"ar","subtypeDescription":"Article","author-count":{"@limit": "100", "@total": "1", "$" :"1"},"author": [{"@_fa": "true", "@seq": "1", "author-url":"https://api.elsevier.com/content/author/author_id/6602296432","authid":"6602296432","authname":"Smilde D.","surname":"Smilde","given-name":"David A.","initials":"D.A.","afid": [{"@_fa": "true", "$" :"60029278"}]}],"source-id":"29496","fund-no":"undefined","fund-sponsor":"Ford Foundation","openaccess":"0","openaccessFlag":false},{"@_fa": "true", "link": [{"@_fa": "true", "@ref": "self", "@href": "https://api.elsevier.com/content/abstract/scopus_id/0031521403"},{"@_fa": "true", "@ref": "author-affiliation", "@href": "https://api.elsevier.com/content/abstract/scopus_id/0031521403?field=author,affiliation"},{"@_fa": "true", "@ref": "scopus", "@href": "https://www.scopus.com/inward/record.uri?partnerID=HzOxMe3b&scp=0031521403&origin=inward"},{"@_fa": "true", "@ref": "scopus-citedby", "@href": "https://www.scopus.com/inward/citedby.uri?partnerID=HzOxMe3b&scp=0031521403&origin=inward"},{"@_fa": "true", "@ref": "full-text", "@href": "https://api.elsevier.com/content/article/eid/1-s2.0-S1081602X9790021X"}],"prism:url":"https://api.elsevier.com/content/abstract/scopus_id/0031521403","dc:identifier":"SCOPUS_ID:0031521403","eid":"2-s2.0-0031521403","dc:title":"Patriarchy and changing family strategies: Class and gender in the Dominican Republic","dc:creator":"Baud M.","prism:publicationName":"History of the Family","prism:issn":"1081602X","prism:volume":"2","prism:issueIdentifier":"4","prism:pageRange":"355-377","prism:coverDate":"1997-01-01","prism:coverDisplayDate":"1997","prism:doi":"10.1016/S1081-602X(97)90021-X","pii":"S1081602X9790021X","dc:description":"This article explores the issue of ideologies of family formation and their influence on the concept of family strategies. It assesses the influence of patriarchal ideas using a historical case study of a rural village in the Dominican Republic as point of departure. The principal focus is the importance of patriarchal ideologies for class and gender relations. The article argues that the analysis of family strategies should take into account the context of class relations in the countryside and the influence of hegemonic ideologies on the gender relations within rural families. These factors led to specific strategies of rural families, but at the same time for diverging and often contradictory attitudes between individual family members. © 1997 JAI Press Inc.","citedby-count":"4","affiliation": [{"@_fa": "true", "affiliation-url":"https://api.elsevier.com/content/affiliation/affiliation_id/60019816","afid":"60019816","affilname":"Leiden University","affiliation-city":"Leiden","affiliation-country":"Netherlands"}],"prism:aggregationType":"Journal","subtype":"ar","subtypeDescription":"Article","author-count":{"@limit": "100", "@total": "1", "$" :"1"},"author": [{"@_fa": "true", "@seq": "1", "author-url":"https://api.elsevier.com/content/author/author_id/56240455000","authid":"56240455000","authname":"Baud M.","surname":"Baud","given-name":"Michiel","initials":"M.","afid": [{"@_fa": "true", "$" :"60019816"}]}],"source-id":"26731","fund-no":"undefined","openaccess":"0","openaccessFlag":false},{"@_fa": "true", "link": [{"@_fa": "true", "@ref": "self", "@href": "https://api.elsevier.com/content/abstract/scopus_id/3042933278"},{"@_fa": "true", "@ref": "author-affiliation", "@href": "https://api.elsevier.com/content/abstract/scopus_id/3042933278?field=author,affiliation"},{"@_fa": "true", "@ref": "scopus", "@href": "https://www.scopus.com/inward/record.uri?partnerID=HzOxMe3b&scp=3042933278&origin=inward"},{"@_fa": "true", "@ref": "scopus-citedby", "@href": "https://www.scopus.com/inward/citedby.uri?partnerID=HzOxMe3b&scp=3042933278&origin=inward"}],"prism:url":"https://api.elsevier.com/content/abstract/scopus_id/3042933278","dc:identifier":"SCOPUS_ID:3042933278","eid":"2-s2.0-3042933278","dc:title":"Class difference and indifference in feminist media studies","dc:creator":"McLaughlin L.","prism:publicationName":"Javnost","prism:issn":"13183222","prism:volume":"4","prism:issueIdentifier":"3","prism:pageRange":"27-40","prism:coverDate":"1997-01-01","prism:coverDisplayDate":"1997","prism:doi":"10.1080/13183222.1997.11008651","dc:description":"This essay argues that the alliance between feminist media studies and cultural studies has encouraged many feminists to keep a critical distance from the important area of political-economic critique of culture. In addressing issues of social class, feminist media scholars have tended to treat the category as an irrelevant addendum to the gender-race-class trilogy, to undertheorise class, or to treat it as synonymous with social status. This essay contends that indifference to class and the treatment of class as a category that can be read off of a text or an audience fails to realise that class is only meaningful as a relationship of antagonism between different classes at the site of forces and relations of production. The result is that little attention is paid to how forms of patriarchy, women's lives and cultural practices are incorporated into and structured by the capitalist mode of production.","citedby-count":"3","affiliation": [{"@_fa": "true", "affiliation-url":"https://api.elsevier.com/content/affiliation/affiliation_id/60032706","afid":"60032706","affilname":"Miami University","affiliation-city":"Oxford","affiliation-country":"United States"}],"prism:aggregationType":"Journal","subtype":"ar","subtypeDescription":"Article","author-count":{"@limit": "100", "@total": "1", "$" :"1"},"author": [{"@_fa": "true", "@seq": "1", "author-url":"https://api.elsevier.com/content/author/author_id/7102364667","authid":"7102364667","authname":"McLaughlin L.","surname":"McLaughlin","given-name":"Lisa","initials":"L.","afid": [{"@_fa": "true", "$" :"60032706"}]}],"source-id":"27635","fund-no":"undefined","openaccess":"0","openaccessFlag":false}]}}