{"search-results":{"opensearch:totalResults":"4","opensearch:startIndex":"0","opensearch:itemsPerPage":"4","opensearch:Query":{"@role": "request", "@searchTerms": "TITLE-ABS-KEY(\"patriarchy\") AND SUBJAREA(SOCI) AND PUBYEAR = 1979", "@startPage": "0"},"link": [{"@_fa": "true", "@ref": "self", "@href": "https://api.elsevier.com/content/search/scopus?start=0&count=25&query=TITLE-ABS-KEY%28%22patriarchy%22%29+AND+SUBJAREA%28SOCI%29+AND+PUBYEAR+%3D+1979&apiKey=27d953b4b546791964ebeb768d13e61f&view=COMPLETE", "@type": "application/json"},{"@_fa": "true", "@ref": "first", "@href": "https://api.elsevier.com/content/search/scopus?start=0&count=25&query=TITLE-ABS-KEY%28%22patriarchy%22%29+AND+SUBJAREA%28SOCI%29+AND+PUBYEAR+%3D+1979&apiKey=27d953b4b546791964ebeb768d13e61f&view=COMPLETE", "@type": "application/json"}],"entry": [{"@_fa": "true", "link": [{"@_fa": "true", "@ref": "self", "@href": "https://api.elsevier.com/content/abstract/scopus_id/77958396459"},{"@_fa": "true", "@ref": "author-affiliation", "@href": "https://api.elsevier.com/content/abstract/scopus_id/77958396459?field=author,affiliation"},{"@_fa": "true", "@ref": "scopus", "@href": "https://www.scopus.com/inward/record.uri?partnerID=HzOxMe3b&scp=77958396459&origin=inward"},{"@_fa": "true", "@ref": "scopus-citedby", "@href": "https://www.scopus.com/inward/citedby.uri?partnerID=HzOxMe3b&scp=77958396459&origin=inward"}],"prism:url":"https://api.elsevier.com/content/abstract/scopus_id/77958396459","dc:identifier":"SCOPUS_ID:77958396459","eid":"2-s2.0-77958396459","dc:title":"The sexual liberation of the Apostle Paul","dc:creator":"Jewett R.","prism:publicationName":"Journal of the American Academy of Religion","prism:issn":"00027189","prism:volume":"47","prism:issueIdentifier":"1","prism:pageRange":"132","prism:coverDate":"1979-03-01","prism:coverDisplayDate":"March 1979","prism:doi":"10.1093/jaarel/XLVII.1.132","dc:description":"Recent advances in understanding the liberating qualities of Paul's sex ethic have created an impasse because of the presence of contradictory patriarchal materials. To move the discussion past observations about Paul's \"ambivalence\" about human sexuality, all of the authentic references are studied in chronological sequence. When the interpolations are eliminated (I Cor. 14: 33b-36; I Cor. 11: 16), and the redaction of the Corinthian correspondence is taken into account, a development in the direction of \"sexual liberation\" comes to light. Paul's earliest letter (I Thessalonians) approaches the issue from a traditional, Judaic perspective of male dominance. The later letters reveal an increasingly consistent egalitarian attitude toward women. Antedating this development in Pauline thought, however, was the practice of equality in church leadership. The evidence suggests that egalitarian practices originated in the Hellenistic church prior to the composition of the Pauline letters and that a substantial theoretical lag is visible in the early letters. In the later letters there appears to be a sensitivity to liberation issues that extends even to the elimination of sexist language in the final greeting formulas. At the same time there is a complex insistence on the transformation of, rather than the transendence above, soma, the bearer of sexual identity and relations for humans.Three stages in the development are described: the \"Patriarchal Holiness Stage\" in Thessalonians and the proverb cited in I Cor. 7: lb; the \"Equality-in-Principle, with Residual Patriarchy Stage\" in Galatians, Philippians, and Corinthian Letter A; and the \"Consistent-Equality Stage\" in the later phases of the Corinthian correspondence, Philemon, and Romans. Possible influences on the sexual liberation of Paul are discussed, including the collaboration with Prisca and Aquila, the impact of the Apostolic conference, and the conflict with advocates of androgyny in Corinth. The hermeneutical keys to the mature position of Paul in the later letters are the coordination of sexual equality with sexual differentiation and the idea of mutual subordination to the soma of married partners. If the direction of Paul's thought is taken into account, he may yet be viewed as a provocative ally in the task of understanding human sexuality. © 1979 American Academy of Religion.","citedby-count":"4","prism:aggregationType":"Journal","subtype":"ar","subtypeDescription":"Article","author-count":{"@limit": "100", "@total": "1", "$" :"1"},"author": [{"@_fa": "true", "@seq": "1", "author-url":"https://api.elsevier.com/content/author/author_id/56524327600","authid":"56524327600","authname":"Jewett R.","surname":"Jewett","given-name":"Robert","initials":"R.","afid": [{"@_fa": "true", "$" :"60011713"}]}],"source-id":"5600155214","fund-no":"undefined","openaccess":"0","openaccessFlag":false},{"@_fa": "true", "link": [{"@_fa": "true", "@ref": "self", "@href": "https://api.elsevier.com/content/abstract/scopus_id/0018692301"},{"@_fa": "true", "@ref": "author-affiliation", "@href": "https://api.elsevier.com/content/abstract/scopus_id/0018692301?field=author,affiliation"},{"@_fa": "true", "@ref": "scopus", "@href": "https://www.scopus.com/inward/record.uri?partnerID=HzOxMe3b&scp=0018692301&origin=inward"},{"@_fa": "true", "@ref": "scopus-citedby", "@href": "https://www.scopus.com/inward/citedby.uri?partnerID=HzOxMe3b&scp=0018692301&origin=inward"}],"prism:url":"https://api.elsevier.com/content/abstract/scopus_id/0018692301","dc:identifier":"SCOPUS_ID:0018692301","eid":"2-s2.0-0018692301","dc:title":"Class, patriarchy, and women's work in Bangladesh.","dc:creator":"Cain M.","prism:publicationName":"Population &amp; Development Review","prism:volume":"5","prism:issueIdentifier":"3","prism:pageRange":"405-438","prism:coverDate":"1979-01-01","prism:coverDisplayDate":"1979","prism:doi":"10.2307/1972079","dc:description":"Women's roles in rural Bangladesh and in the economies of developing countries in general have been poorly documented and researched. This article provides an analysis of women's work using a unique set of data, including detailed information on time allocation, collected in a village in Bangladesh. Women's work is analyzed in the context of the powerful system of male dominance (patriarchy) that operates in the society. Patriarchy is grounded in control of material resources and supported by elements of the kinship, political, and religious systems. Important consequences of the patriarchal system are that women are placed at risk of abrupt declines in economic status; under the pressure of increasing poverty the proportion of women who must fend for themselves is increasing; and women face a labor market that is highly restricted both spatially and functionally, resulting in relatively low wages and high rates of unemployment. The paper documents the division of labor by sex, seasonal variations in labor utilization, and the structure of the female labor market. Implications for fertility behavior, population policy, and employment policy are considered.-Authors","citedby-count":"190","prism:aggregationType":"Journal","subtype":"ar","subtypeDescription":"Article","author-count":{"@limit": "100", "@total": "3", "$" :"3"},"author": [{"@_fa": "true", "@seq": "1", "author-url":"https://api.elsevier.com/content/author/author_id/7102654792","authid":"7102654792","authname":"Cain M.","surname":"Cain","given-name":"M.","initials":"M."},{"@_fa": "true", "@seq": "2", "author-url":"https://api.elsevier.com/content/author/author_id/6602223031","authid":"6602223031","authname":"Khanam S.","surname":"Khanam","given-name":"S. R.","initials":"S.R."},{"@_fa": "true", "@seq": "3", "author-url":"https://api.elsevier.com/content/author/author_id/7006404154","authid":"7006404154","authname":"Nahar S.","surname":"Nahar","given-name":"S.","initials":"S."}],"source-id":"27364","fund-no":"undefined","openaccess":"0","openaccessFlag":false},{"@_fa": "true", "link": [{"@_fa": "true", "@ref": "self", "@href": "https://api.elsevier.com/content/abstract/scopus_id/84965624585"},{"@_fa": "true", "@ref": "author-affiliation", "@href": "https://api.elsevier.com/content/abstract/scopus_id/84965624585?field=author,affiliation"},{"@_fa": "true", "@ref": "scopus", "@href": "https://www.scopus.com/inward/record.uri?partnerID=HzOxMe3b&scp=84965624585&origin=inward"},{"@_fa": "true", "@ref": "scopus-citedby", "@href": "https://www.scopus.com/inward/citedby.uri?partnerID=HzOxMe3b&scp=84965624585&origin=inward"}],"prism:url":"https://api.elsevier.com/content/abstract/scopus_id/84965624585","dc:identifier":"SCOPUS_ID:84965624585","eid":"2-s2.0-84965624585","dc:title":"The unhappy marriage of marxism and feminism: Towards a more progressive union","dc:creator":"Hartmann H.","prism:publicationName":"Capital &amp; Class","prism:issn":"03098168","prism:eIssn":"20410980","prism:volume":"3","prism:issueIdentifier":"2","prism:pageRange":"1-33","prism:coverDate":"1979-01-01","prism:coverDisplayDate":"June 1979","prism:doi":"10.1177/030981687900800102","dc:description":"This paper argues that the relation between marxism and feminism has, in all the forms it has so far taken, been an unequal one. While both marxist method and feminist analysis are necessary to an understanding of capitalist societies, and of the position of women within them, in fact feminism has consistently been subordinated. The paper presents a challenge to both marxist and radical feminist work on the ‘woman question’ and argues that what it is necessary to analyse is the combination of patriarchy and capitalism. It is a paper which, we hope, should stimulate considerable debate. © 1979, SAGE Publications. All rights reserved.","citedby-count":"259","prism:aggregationType":"Journal","subtype":"ar","subtypeDescription":"Article","author-count":{"@limit": "100", "@total": "1", "$" :"1"},"author": [{"@_fa": "true", "@seq": "1", "author-url":"https://api.elsevier.com/content/author/author_id/57189172219","authid":"57189172219","authname":"Hartmann H.","surname":"Hartmann","given-name":"Heidi I.","initials":"H.I."}],"source-id":"5600152909","fund-no":"undefined","openaccess":"0","openaccessFlag":false},{"@_fa": "true", "link": [{"@_fa": "true", "@ref": "self", "@href": "https://api.elsevier.com/content/abstract/scopus_id/84977352217"},{"@_fa": "true", "@ref": "author-affiliation", "@href": "https://api.elsevier.com/content/abstract/scopus_id/84977352217?field=author,affiliation"},{"@_fa": "true", "@ref": "scopus", "@href": "https://www.scopus.com/inward/record.uri?partnerID=HzOxMe3b&scp=84977352217&origin=inward"},{"@_fa": "true", "@ref": "scopus-citedby", "@href": "https://www.scopus.com/inward/citedby.uri?partnerID=HzOxMe3b&scp=84977352217&origin=inward"}],"prism:url":"https://api.elsevier.com/content/abstract/scopus_id/84977352217","dc:identifier":"SCOPUS_ID:84977352217","eid":"2-s2.0-84977352217","dc:title":"BOOK REVIEWS","prism:publicationName":"The Sociological Review","prism:issn":"00380261","prism:eIssn":"1467954X","prism:volume":"27","prism:issueIdentifier":"3","prism:pageRange":"579-627","prism:coverDate":"1979-01-01","prism:coverDisplayDate":"August 1979","prism:doi":"10.1111/j.1467-954X.1979.tb00351.x","dc:description":"Book reviewed in this article: Hermeneutics and Social Science: Approaches to Understanding by Zygmunt Bauman Structure, Consciousness and History by Richard Harvey Brown and Stanford M. Lyman (eds.) The Politics of Legitimacy: Struggles in a Belfast Community by Frank Burton. City, Class and Power by Manuel Castells, translated by Elizabeth Lebas Australian Society. A Sociological Introduction by A. F. Davies, S. Encel and M. J. Berry (eds.) The Bard of Savagery: Thorstein Veblen and Modern Social Theory by John P. Diggins Groups and Individuals: Explanations in Social Psychology by Willem Doise Industry and Labour: Class Struggle at Work and Monopoly Capitalism by Andrew L. Friedman Illegitimacy, Sexuality and the Status of Women by Derek Gill Teachers, Ideology and Control: A Study in Urban Education by Gerald Grace The Liberation of Women: A Study in Patriarchy and Capitalism by Roberta Hamilton Renaissance Man by Agnes Heller The Working Class in Welfare Capitalism: Work, Unions and Politics in Sweden by W. Korpi Power and the State by Gary Littlejohn, Barry Smart, John Wakeford and Nina Yuval‐Davies (eds. Marx: Sociology/Social Change/Capitalism by Donald McQuarie (ed) Marx's Theory of Politics by John M. Maguire The Rules of Disorder by P. Marsh, E. Rosser and R. Harré The Dilemmas of Contemporary Religion by David Martin A General Theory of Secularization by David Martin Tragic Realism and Modem Society: Studies in the Sociology of the Novel by John Orr Karl Mannheim's Sociology of Knowledge by A. P. Simonds Ways of the Hand: The Organization of Improvised Conduct by David Sudnow The Personnel Managers: A Study in the Sociology of Work and Employment by Tony J. Watson Social and Cultural Change in Contemporary Wales by Glyn Williams (ed.) The American Ideology: Science, Technology and Organization as Modes of Rationality in Advanced Industrial Societies by H. T. Wilson The Declining Significance of Race: Blacks and Changing American Institutions by William Julius Wilson Copyright © 1979, Wiley Blackwell. All rights reserved","citedby-count":"0","prism:aggregationType":"Journal","subtype":"ar","subtypeDescription":"Article","author-count":{"@limit": "100", "@total": "0"},"source-id":"18106","fund-no":"undefined","openaccess":"0","openaccessFlag":false}]}}