{"search-results":{"opensearch:totalResults":"202","opensearch:startIndex":"0","opensearch:itemsPerPage":"25","opensearch:Query":{"@role": "request", "@searchTerms": "TITLE-ABS-KEY(\"patriarchy\") AND SUBJAREA(SOCI) AND PUBYEAR = 2016", "@startPage": "0"},"link": [{"@_fa": "true", "@ref": "self", "@href": "https://api.elsevier.com/content/search/scopus?start=0&count=25&query=TITLE-ABS-KEY%28%22patriarchy%22%29+AND+SUBJAREA%28SOCI%29+AND+PUBYEAR+%3D+2016&apiKey=27d953b4b546791964ebeb768d13e61f&view=COMPLETE", "@type": "application/json"},{"@_fa": "true", "@ref": "first", "@href": "https://api.elsevier.com/content/search/scopus?start=0&count=25&query=TITLE-ABS-KEY%28%22patriarchy%22%29+AND+SUBJAREA%28SOCI%29+AND+PUBYEAR+%3D+2016&apiKey=27d953b4b546791964ebeb768d13e61f&view=COMPLETE", "@type": "application/json"},{"@_fa": "true", "@ref": "next", "@href": "https://api.elsevier.com/content/search/scopus?start=25&count=25&query=TITLE-ABS-KEY%28%22patriarchy%22%29+AND+SUBJAREA%28SOCI%29+AND+PUBYEAR+%3D+2016&apiKey=27d953b4b546791964ebeb768d13e61f&view=COMPLETE", "@type": "application/json"},{"@_fa": "true", "@ref": "last", "@href": "https://api.elsevier.com/content/search/scopus?start=177&count=25&query=TITLE-ABS-KEY%28%22patriarchy%22%29+AND+SUBJAREA%28SOCI%29+AND+PUBYEAR+%3D+2016&apiKey=27d953b4b546791964ebeb768d13e61f&view=COMPLETE", "@type": "application/json"}],"entry": [{"@_fa": "true", "link": [{"@_fa": "true", "@ref": "self", "@href": "https://api.elsevier.com/content/abstract/scopus_id/84971376321"},{"@_fa": "true", "@ref": "author-affiliation", "@href": "https://api.elsevier.com/content/abstract/scopus_id/84971376321?field=author,affiliation"},{"@_fa": "true", "@ref": "scopus", "@href": "https://www.scopus.com/inward/record.uri?partnerID=HzOxMe3b&scp=84971376321&origin=inward"},{"@_fa": "true", "@ref": "scopus-citedby", "@href": "https://www.scopus.com/inward/citedby.uri?partnerID=HzOxMe3b&scp=84971376321&origin=inward"}],"prism:url":"https://api.elsevier.com/content/abstract/scopus_id/84971376321","dc:identifier":"SCOPUS_ID:84971376321","eid":"2-s2.0-84971376321","dc:title":"“If You Talk Badly about Drilling, You're a Pariah”: Challenging a Capitalist Patriarchy in Pennsylvania's Marcellus Shale Region","dc:creator":"Filteau M.","prism:publicationName":"Rural Sociology","prism:issn":"00360112","prism:volume":"81","prism:issueIdentifier":"4","prism:pageRange":"519-544","prism:coverDate":"2016-12-01","prism:coverDisplayDate":"1 December 2016","prism:doi":"10.1111/ruso.12107","dc:description":"© 2016, by the Rural Sociological Society Research on energy development is largely gender neutral, creating a need to illuminate how gender structures life in contemporary energy boomtowns. This study demonstrates how gender and the local economy are intertwined to perpetuate a capitalist patriarchy, which structures life for residents in these communities. The purpose of this article is to show that this economic-gender structure creates tensions between those men and women whose gender performances reinforce hegemony and those who perform gender in direct opposition to resource extraction. I argue that men and women unconstrained by the capitalist patriarchy are better able to challenge its dominance than residents employed in the local economy. I use qualitative interviews (N = 39) with community residents and observations of community events in northeastern Pennsylvania's Marcellus Shale region as the primary methods of data collection. This study complements previous research by demonstrating the relationship between masculinity and femininity, showing the variability of gender in natural-resource-based settings and defining the hierarchal relationship among masculinities and femininities during periods of rapid energy development.","citedby-count":"7","affiliation": [{"@_fa": "true", "affiliation-url":"https://api.elsevier.com/content/affiliation/affiliation_id/60022522","afid":"60022522","affilname":"Montana State University","affiliation-city":"Bozeman","affiliation-country":"United States"}],"prism:aggregationType":"Journal","subtype":"ar","subtypeDescription":"Article","author-count":{"@limit": "100", "@total": "1", "$" :"1"},"author": [{"@_fa": "true", "@seq": "1", "author-url":"https://api.elsevier.com/content/author/author_id/55548914600","authid":"55548914600","authname":"Filteau M.","surname":"Filteau","given-name":"Matthew R.","initials":"M.R.","afid": [{"@_fa": "true", "$" :"60022522"}]}],"source-id":"17389","fund-no":"undefined","openaccess":"0","openaccessFlag":false},{"@_fa": "true", "link": [{"@_fa": "true", "@ref": "self", "@href": "https://api.elsevier.com/content/abstract/scopus_id/85009410519"},{"@_fa": "true", "@ref": "author-affiliation", "@href": "https://api.elsevier.com/content/abstract/scopus_id/85009410519?field=author,affiliation"},{"@_fa": "true", "@ref": "scopus", "@href": "https://www.scopus.com/inward/record.uri?partnerID=HzOxMe3b&scp=85009410519&origin=inward"},{"@_fa": "true", "@ref": "scopus-citedby", "@href": "https://www.scopus.com/inward/citedby.uri?partnerID=HzOxMe3b&scp=85009410519&origin=inward"}],"prism:url":"https://api.elsevier.com/content/abstract/scopus_id/85009410519","dc:identifier":"SCOPUS_ID:85009410519","eid":"2-s2.0-85009410519","dc:title":"A seat at the table: The fight for gender parity in Kenya and Somalia","dc:creator":"Nyabola N.","prism:publicationName":"World Policy Journal","prism:issn":"07402775","prism:eIssn":"19360924","prism:volume":"33","prism:issueIdentifier":"4","prism:pageRange":"10-15","prism:coverDate":"2016-12-01","prism:coverDisplayDate":"Winter 2016","prism:doi":"10.1215/07402775-3812933","dc:description":"© 2016 World Policy Institute. For women across the world, electoral politics can be a hostile and violent place. Writer Nanjala Nyabola investigates the parliamentary quota systems in East Africa, demonstrating how well they can work when supported with institutional will and how resoundingly they can fail when the patriarchy conspires to undo them.","citedby-count":"2","prism:aggregationType":"Journal","subtype":"ar","subtypeDescription":"Article","author-count":{"@limit": "100", "@total": "1", "$" :"1"},"author": [{"@_fa": "true", "@seq": "1", "author-url":"https://api.elsevier.com/content/author/author_id/57192951220","authid":"57192951220","authname":"Nyabola N.","surname":"Nyabola","given-name":"Nanjala","initials":"N."}],"authkeywords":"East Africa | Gender politics | Kenya | Somalia","source-id":"25722","fund-no":"undefined","openaccess":"0","openaccessFlag":false},{"@_fa": "true", "link": [{"@_fa": "true", "@ref": "self", "@href": "https://api.elsevier.com/content/abstract/scopus_id/84992130130"},{"@_fa": "true", "@ref": "author-affiliation", "@href": "https://api.elsevier.com/content/abstract/scopus_id/84992130130?field=author,affiliation"},{"@_fa": "true", "@ref": "scopus", "@href": "https://www.scopus.com/inward/record.uri?partnerID=HzOxMe3b&scp=84992130130&origin=inward"},{"@_fa": "true", "@ref": "scopus-citedby", "@href": "https://www.scopus.com/inward/citedby.uri?partnerID=HzOxMe3b&scp=84992130130&origin=inward"}],"prism:url":"https://api.elsevier.com/content/abstract/scopus_id/84992130130","dc:identifier":"SCOPUS_ID:84992130130","eid":"2-s2.0-84992130130","dc:title":"The Shooting in Orlando, Terrorism or Toxic Masculinity (or Both?)","dc:creator":"Haider S.","prism:publicationName":"Men and Masculinities","prism:issn":"1097184X","prism:eIssn":"15526828","prism:volume":"19","prism:issueIdentifier":"5","prism:pageRange":"555-565","prism:coverDate":"2016-12-01","prism:coverDisplayDate":"1 December 2016","prism:doi":"10.1177/1097184X16664952","dc:description":"© 2016, © The Author(s) 2016. News coverage of the shootings in Orlando highlighted a tension between the two frames broadcasters used in their reporting. Was this a homophobic hate crime or was this terrorism? Many elided the difficulty by calling it homophobic terrorism, but this could not resolve the tension. This article contends that because terrorism is closely equated with radicalized Muslims, the tension was sublimated into an existing orientalist frame where homophobia became a marker of fundamentalist Islamic culture. Instead, this article argues, these two frames should not be taken as cause and effect but as problems that share a common ailment: the presence of toxic masculinities. Beginning from a position that sees masculinity as constituted through violence in patriarchal culture, this article works through the idea that when there is a disillusionment with violence, masculinity under patriarchy turns toxic. What emerges then is not merely violence but “rage” as the praxis of toxic masculinities.","citedby-count":"8","affiliation": [{"@_fa": "true", "affiliation-url":"https://api.elsevier.com/content/affiliation/affiliation_id/60103891","afid":"60103891","affilname":"SOAS University of London","affiliation-city":"London","affiliation-country":"United Kingdom"}],"prism:aggregationType":"Journal","subtype":"ar","subtypeDescription":"Article","author-count":{"@limit": "100", "@total": "1", "$" :"1"},"author": [{"@_fa": "true", "@seq": "1", "author-url":"https://api.elsevier.com/content/author/author_id/56573454700","authid":"56573454700","authname":"Haider S.","surname":"Haider","given-name":"Syed","initials":"S.","afid": [{"@_fa": "true", "$" :"60103891"}]}],"authkeywords":"feminism | patriarchy | rage | terrorism | toxic masculinities","source-id":"144973","fund-no":"undefined","openaccess":"0","openaccessFlag":false},{"@_fa": "true", "link": [{"@_fa": "true", "@ref": "self", "@href": "https://api.elsevier.com/content/abstract/scopus_id/84959378475"},{"@_fa": "true", "@ref": "author-affiliation", "@href": "https://api.elsevier.com/content/abstract/scopus_id/84959378475?field=author,affiliation"},{"@_fa": "true", "@ref": "scopus", "@href": "https://www.scopus.com/inward/record.uri?partnerID=HzOxMe3b&scp=84959378475&origin=inward"},{"@_fa": "true", "@ref": "scopus-citedby", "@href": "https://www.scopus.com/inward/citedby.uri?partnerID=HzOxMe3b&scp=84959378475&origin=inward"}],"prism:url":"https://api.elsevier.com/content/abstract/scopus_id/84959378475","dc:identifier":"SCOPUS_ID:84959378475","eid":"2-s2.0-84959378475","dc:title":"Fassbinder's female complaint: Martha (1974) and the 1940s \"woman's film\"","dc:creator":"Hennessy M.","prism:publicationName":"German Quarterly","prism:issn":"00168831","prism:eIssn":"17561183","prism:volume":"89","prism:issueIdentifier":"1","prism:pageRange":"67-79","prism:coverDate":"2016-12-01","prism:coverDisplayDate":"Winter 2016","prism:doi":"10.1111/gequ.10256","dc:description":"© 2016, American Association of Teachers of German. This paper considers Rainer Werner Fassbinder's 1974 melodrama Martha in a transnational, comparative framework, focusing on the film's relationship to the Hollywood \"woman's film\" of the 1940s and 1950s. Such an approach illustrates the ways in which Martha both draws on and pushes against the narrative strategies, tropes, and images of Hollywood and of women's culture. In doing so, I argue, Fassbinder takes to a narrative and aesthetic extreme what Lauren Berlant calls the \"female complaint\" - that cultural constellation in which \"women live for love, and love is the gift that keeps on taking.\" Viewed both transnationally and as a product of Fassbinder's Germany, a film like Martha pushes against Berlant's theory of the American woman's film and of the female complaint as modes by which women manage their intimate lives under conditions of patriarchy. In addition to engaging with Berlant's work, my analysis of Fassbinder's film and its performance of gender consequently draws not only on theories of melodrama and the American woman's film, but also on Bertolt Brecht's writing on Gestus. Fassbinder, I ultimately show, estranges the Hollywood woman's film in Martha. Harnessing the affective and emotional excess of the woman's film as Brechtian distanciation, exaggerating social gesture, and playfully appropriating Sirkian aesthetics, Martha offers a spectacular critique of the masochism inherent in gender roles under patriarchy.","citedby-count":"0","affiliation": [{"@_fa": "true", "affiliation-url":"https://api.elsevier.com/content/affiliation/affiliation_id/60025778","afid":"60025778","affilname":"University of Michigan, Ann Arbor","affiliation-city":"Ann Arbor","affiliation-country":"United States"}],"prism:aggregationType":"Journal","subtype":"ar","subtypeDescription":"Article","author-count":{"@limit": "100", "@total": "1", "$" :"1"},"author": [{"@_fa": "true", "@seq": "1", "author-url":"https://api.elsevier.com/content/author/author_id/57146891500","authid":"57146891500","authname":"Hennessy M.","surname":"Hennessy","given-name":"Mary","initials":"M.","afid": [{"@_fa": "true", "$" :"60025778"}]}],"authkeywords":"1940s Hollywood Film | Gender | Masochism | Rainer Werner Fassbinder","source-id":"5700153194","fund-no":"undefined","openaccess":"0","openaccessFlag":false},{"@_fa": "true", "link": [{"@_fa": "true", "@ref": "self", "@href": "https://api.elsevier.com/content/abstract/scopus_id/84992170423"},{"@_fa": "true", "@ref": "author-affiliation", "@href": "https://api.elsevier.com/content/abstract/scopus_id/84992170423?field=author,affiliation"},{"@_fa": "true", "@ref": "scopus", "@href": "https://www.scopus.com/inward/record.uri?partnerID=HzOxMe3b&scp=84992170423&origin=inward"},{"@_fa": "true", "@ref": "scopus-citedby", "@href": "https://www.scopus.com/inward/citedby.uri?partnerID=HzOxMe3b&scp=84992170423&origin=inward"}],"prism:url":"https://api.elsevier.com/content/abstract/scopus_id/84992170423","dc:identifier":"SCOPUS_ID:84992170423","eid":"2-s2.0-84992170423","dc:title":"Quantitative Empirical Studies on Women’s Issues in Islamic Cultures: Introduction to Special Issue","dc:creator":"Sakallı-Uğurlu N.","prism:publicationName":"Sex Roles","prism:issn":"03600025","prism:eIssn":"15732762","prism:volume":"75","prism:issueIdentifier":"11-12","prism:pageRange":"535-542","prism:coverDate":"2016-12-01","prism:coverDisplayDate":"1 December 2016","prism:doi":"10.1007/s11199-016-0689-8","dc:description":"© 2016, Springer Science+Business Media New York. The special issue aimed to focus on quantitative research articles covering gender and women’s issues in Islamic cultures which have not received sufficient attention. The present issue of gender and women’s issues in these cultures adds important information about topics such as the roles of honor, religiosity, and sexism as they interact with gender. In the special issue there are six quantitative research articles focusing on various topics relevant to honor, sexism, economic, and health issues. A study from Turkey examines the associations among benevolent sexism, hostile sexism, religiosity, and the endorsement of honor beliefs in Turkey. Another explores the effects of religious affiliation, patriarchy, and gender on the perception of honor-related crimes in Morocco, Cameroon, and Italy. Views about family issues are explored in a paper from North Cyprus that explores the associations among hostile sexism, benevolent sexism, religiosity, and attitudes toward childlessness. In another paper, researchers from Turkey investigate job-relevant gender issues such as work engagement, job insecurity, and turnover intentions. Finally, women’s health in Muslim cultures is the focus of papers on health screening behaviors in Turkey and on factors relevant to menopausal symptoms of women in Pakistan. In the introduction, the main purposes of the special issue articles are introduced. Then, the importance of studying honor, sexism, religiosity, the economic situation of women, and women’s health issues in Islamic cultures are covered. Some suggestions for future studies and implication and applications of the research findings also are discussed. Finally, limitations of the special issue are presented.","citedby-count":"2","affiliation": [{"@_fa": "true", "affiliation-url":"https://api.elsevier.com/content/affiliation/affiliation_id/60004305","afid":"60004305","affilname":"Middle East Technical University (METU)","affiliation-city":"Ankara","affiliation-country":"Turkey"}],"prism:aggregationType":"Journal","subtype":"ed","subtypeDescription":"Editorial","author-count":{"@limit": "100", "@total": "1", "$" :"1"},"author": [{"@_fa": "true", "@seq": "1", "author-url":"https://api.elsevier.com/content/author/author_id/6603269626","authid":"6603269626","authname":"Sakallı-Uğurlu N.","surname":"Sakallı-Uğurlu","given-name":"Nuray","initials":"N.","afid": [{"@_fa": "true", "$" :"60004305"}]}],"authkeywords":"Health | Honor | Islam | Menopause | Muslim Countries | Muslim women | Patriarchy | Quantitative studies | Religiosity | Sexism","source-id":"14798","fund-no":"undefined","openaccess":"0","openaccessFlag":false},{"@_fa": "true", "link": [{"@_fa": "true", "@ref": "self", "@href": "https://api.elsevier.com/content/abstract/scopus_id/84992690564"},{"@_fa": "true", "@ref": "author-affiliation", "@href": "https://api.elsevier.com/content/abstract/scopus_id/84992690564?field=author,affiliation"},{"@_fa": "true", "@ref": "scopus", "@href": "https://www.scopus.com/inward/record.uri?partnerID=HzOxMe3b&scp=84992690564&origin=inward"},{"@_fa": "true", "@ref": "scopus-citedby", "@href": "https://www.scopus.com/inward/citedby.uri?partnerID=HzOxMe3b&scp=84992690564&origin=inward"}],"prism:url":"https://api.elsevier.com/content/abstract/scopus_id/84992690564","dc:identifier":"SCOPUS_ID:84992690564","eid":"2-s2.0-84992690564","dc:title":"Do We Need a Psychology of Women in the Islamic World?","dc:creator":"Vandello J.","prism:publicationName":"Sex Roles","prism:issn":"03600025","prism:eIssn":"15732762","prism:volume":"75","prism:issueIdentifier":"11-12","prism:pageRange":"623-629","prism:coverDate":"2016-12-01","prism:coverDisplayDate":"1 December 2016","prism:doi":"10.1007/s11199-016-0691-1","dc:description":"© 2016, Springer Science+Business Media New York. In these brief remarks I use the present collection of papers to this special issue on women in the Muslim World to address broader questions about a psychology of women in Islam. I discuss what might constitute Muslim culture, arguing that the combination of the themes of religiosity, collectivism, tightness, conservatism, gender differentiation and patriarchy, and honor offer a good starting point as a taxonomy for a distinct Islamic culture. Next, I discuss the present contributions to this special issue in the broader context of challenges faced by women in Muslim cultures, which are often among the most gender unequal in the world. Finally, I offer some suggestions for advancing cultural research on women in the Islamic World.","citedby-count":"4","affiliation": [{"@_fa": "true", "affiliation-url":"https://api.elsevier.com/content/affiliation/affiliation_id/60007740","afid":"60007740","affilname":"University of South Florida, Tampa","affiliation-city":"Tampa","affiliation-country":"United States"}],"prism:aggregationType":"Journal","subtype":"ed","subtypeDescription":"Editorial","author-count":{"@limit": "100", "@total": "1", "$" :"1"},"author": [{"@_fa": "true", "@seq": "1", "author-url":"https://api.elsevier.com/content/author/author_id/6603477930","authid":"6603477930","authname":"Vandello J.","surname":"Vandello","given-name":"Joseph","initials":"J.","afid": [{"@_fa": "true", "$" :"60007740"}]}],"authkeywords":"Culture | Gender | Islamic women | Sexism","source-id":"14798","fund-no":"undefined","openaccess":"1","openaccessFlag":true},{"@_fa": "true", "link": [{"@_fa": "true", "@ref": "self", "@href": "https://api.elsevier.com/content/abstract/scopus_id/84993945296"},{"@_fa": "true", "@ref": "author-affiliation", "@href": "https://api.elsevier.com/content/abstract/scopus_id/84993945296?field=author,affiliation"},{"@_fa": "true", "@ref": "scopus", "@href": "https://www.scopus.com/inward/record.uri?partnerID=HzOxMe3b&scp=84993945296&origin=inward"},{"@_fa": "true", "@ref": "scopus-citedby", "@href": "https://www.scopus.com/inward/citedby.uri?partnerID=HzOxMe3b&scp=84993945296&origin=inward"},{"@_fa": "true", "@ref": "full-text", "@href": "https://api.elsevier.com/content/article/eid/1-s2.0-S0016718516300318"}],"prism:url":"https://api.elsevier.com/content/abstract/scopus_id/84993945296","dc:identifier":"SCOPUS_ID:84993945296","eid":"2-s2.0-84993945296","dc:title":"Struggles over work take place at home: Women's decisions, choices and constraints in the Tiruppur textile industry, India","dc:creator":"Carswell G.","prism:publicationName":"Geoforum","prism:issn":"00167185","prism:volume":"77","prism:pageRange":"134-145","prism:coverDate":"2016-12-01","prism:coverDisplayDate":"1 December 2016","prism:doi":"10.1016/j.geoforum.2016.10.009","pii":"S0016718516300318","dc:description":"© 2016 Elsevier Ltd Examining women's choices around paid work in south India, this article shows the need to pay greater attention to the sphere of reproduction, and in particular the way that women endeavour to fit their productive work around their reproductive roles and responsibilities. Focussing on the region of the Tiruppur garment cluster in Tamil Nadu, India, it outlines the opportunities available to rural women, shedding light first on women's decisions whether to work or not, and second, on how women choose between particular types of work available to them. The article demonstrates the primacy of the reproductive economy in shaping women's movements in and out of paid work, particularly the importance of stage in life course, household composition and patriarchal control to women's decisions. Main findings of the article are that most women work, but their particular job choices reflect multiple social and reproductive constraints, while those who withdraw from work have been subjected to new expressions of patriarchy. The article advances understandings in feminist geographies of work by drawing on ethnographic insights to highlight the mutual embeddedness of the reproductive and productive economies.","citedby-count":"4","affiliation": [{"@_fa": "true", "affiliation-url":"https://api.elsevier.com/content/affiliation/affiliation_id/60017317","afid":"60017317","affilname":"University of Sussex","affiliation-city":"Sussex","affiliation-country":"United Kingdom"}],"prism:aggregationType":"Journal","subtype":"ar","subtypeDescription":"Article","author-count":{"@limit": "100", "@total": "1", "$" :"1"},"author": [{"@_fa": "true", "@seq": "1", "author-url":"https://api.elsevier.com/content/author/author_id/57202961178","authid":"57202961178","authname":"Carswell G.","surname":"Carswell","given-name":"Grace","initials":"G.","afid": [{"@_fa": "true", "$" :"60017317"}]}],"authkeywords":"Caste | Garment industry | India | Life course | Women's work","source-id":"28611","fund-no":"RES 167 25 0296","openaccess":"0","openaccessFlag":false},{"@_fa": "true", "link": [{"@_fa": "true", "@ref": "self", "@href": "https://api.elsevier.com/content/abstract/scopus_id/85008331036"},{"@_fa": "true", "@ref": "author-affiliation", "@href": "https://api.elsevier.com/content/abstract/scopus_id/85008331036?field=author,affiliation"},{"@_fa": "true", "@ref": "scopus", "@href": "https://www.scopus.com/inward/record.uri?partnerID=HzOxMe3b&scp=85008331036&origin=inward"},{"@_fa": "true", "@ref": "scopus-citedby", "@href": "https://www.scopus.com/inward/citedby.uri?partnerID=HzOxMe3b&scp=85008331036&origin=inward"}],"prism:url":"https://api.elsevier.com/content/abstract/scopus_id/85008331036","dc:identifier":"SCOPUS_ID:85008331036","eid":"2-s2.0-85008331036","dc:title":"Hannah Arendt and Luce Irigaray: The language of plurality and the intersubjectivity in the public and the private spheres","dc:creator":"Sánchez M.","prism:publicationName":"Universum","prism:issn":"0716498X","prism:eIssn":"07182376","prism:volume":"31","prism:issueIdentifier":"2","prism:pageRange":"205-228","prism:coverDate":"2016-12-01","prism:coverDisplayDate":"December 2016","prism:doi":"10.4067/S0718-23762016000200013","dc:description":"\"Plurality\" and \"intersubjectivity\" are words that define Hannah Arendt and Luce Irigaray's thinking. Rather than being conceived of as philosophical concepts, these words intend to relate the plot of human relationships (Arendt), or the relation between different men and women (Irigaray) in spheres or zones that allow the mediation \"me/you\" and the disclosure of a \"who\" singled out by the action and discourse. Enabling these experiences requires confrontation with tyrannical standardization and knowledge, which have prioritized a humanity fabricated by natural and social sciences, thus hindering the exercise of a pluralist instead of a representational democracy. In this article, I aim to compare the approaches of the previously mentioned authors regarding the tensions between political practices and utilitarian practices, the latter being considered responsible for endangering or suppressing both citizens relations and gender relations as political relations.","citedby-count":"0","affiliation": [{"@_fa": "true", "affiliation-url":"https://api.elsevier.com/content/affiliation/affiliation_id/60012464","afid":"60012464","affilname":"Universidad de Chile","affiliation-city":"Santiago","affiliation-country":"Chile"}],"prism:aggregationType":"Journal","subtype":"re","subtypeDescription":"Review","author-count":{"@limit": "100", "@total": "1", "$" :"1"},"author": [{"@_fa": "true", "@seq": "1", "author-url":"https://api.elsevier.com/content/author/author_id/57192837932","authid":"57192837932","authname":"Sánchez M.","surname":"Sánchez","given-name":"Mariá Cecilia","initials":"M.C.","afid": [{"@_fa": "true", "$" :"60012464"}]}],"authkeywords":"Fabrication | Intersubjectivity | Language | Patriarchy | Plurality","source-id":"12100154831","fund-no":"undefined","openaccess":"1","openaccessFlag":true},{"@_fa": "true", "link": [{"@_fa": "true", "@ref": "self", "@href": "https://api.elsevier.com/content/abstract/scopus_id/85006304564"},{"@_fa": "true", "@ref": "author-affiliation", "@href": "https://api.elsevier.com/content/abstract/scopus_id/85006304564?field=author,affiliation"},{"@_fa": "true", "@ref": "scopus", "@href": "https://www.scopus.com/inward/record.uri?partnerID=HzOxMe3b&scp=85006304564&origin=inward"},{"@_fa": "true", "@ref": "scopus-citedby", "@href": "https://www.scopus.com/inward/citedby.uri?partnerID=HzOxMe3b&scp=85006304564&origin=inward"}],"prism:url":"https://api.elsevier.com/content/abstract/scopus_id/85006304564","dc:identifier":"SCOPUS_ID:85006304564","eid":"2-s2.0-85006304564","dc:title":"Gender bias and organ transplantation in Nepal","dc:creator":"Rasmussen S.","prism:publicationName":"Himalaya","prism:issn":"19352212","prism:volume":"36","prism:issueIdentifier":"2","prism:pageRange":"36-48","prism:coverDate":"2016-12-01","prism:coverDisplayDate":"December 2016","dc:description":"Women in Nepal are less likely to receive proper, high quality medical care than their male relatives. Live donor kidney transplantation provides a compelling example of such disparities, as 84 percent of recipients are male, 75 percent of donors are female, and most kidneys are transferred from mother to son and from wife to husband. In the case of transplantation, women are not just denied healthcare, they are also responsible for the health of their male kin. Based on semistructured ethnographic interviews with transplant patients, organ donors, dialysis patients and relatives, this article elaborates on the social and economic factors that have created an extreme gender bias in transplantation. We argue that women, whose livelihoods largely depend on their husbands, donate kidneys out of self-protection and a sense of duty. Conversely, men receive kidneys but rarely donate them to women, because the health of men is considered a more productive economic investment than the health of women. We reject the notion that wives are directly coerced or pressured into donating kidneys to their husbands. Rather, we argue that female kidney donors make thoughtful decisions that serve their best interests, and allow them to assert some control over their lives. It is, however, Nepal's patriarchal society that both necessitates and limits such assertions of power.","citedby-count":"0","affiliation": [{"@_fa": "true", "affiliation-url":"https://api.elsevier.com/content/affiliation/affiliation_id/60071797","afid":"60071797","affilname":"B P Koirala Institute of Health Sciences","affiliation-city":"Dharan","affiliation-country":"Nepal"},{"@_fa": "true", "affiliation-url":"https://api.elsevier.com/content/affiliation/affiliation_id/60006433","afid":"60006433","affilname":"Johns Hopkins Medicine","affiliation-city":"Baltimore","affiliation-country":"United States"},{"@_fa": "true", "affiliation-url":"https://api.elsevier.com/content/affiliation/affiliation_id/117857285","afid":"117857285","affilname":"Human Organ Transplant Center","affiliation-city":null,"affiliation-country":"Nepal"}],"prism:aggregationType":"Journal","subtype":"ar","subtypeDescription":"Article","author-count":{"@limit": "100", "@total": "4", "$" :"4"},"author": [{"@_fa": "true", "@seq": "1", "author-url":"https://api.elsevier.com/content/author/author_id/57192411196","authid":"57192411196","authname":"Rasmussen S.","surname":"Rasmussen","given-name":"Sarah","initials":"S.","afid": [{"@_fa": "true", "$" :"60006433"}]},{"@_fa": "true", "@seq": "2", "author-url":"https://api.elsevier.com/content/author/author_id/57192412923","authid":"57192412923","authname":"Paneru P.","surname":"Paneru","given-name":"Pragya","initials":"P.","afid": [{"@_fa": "true", "$" :"60071797"}]},{"@_fa": "true", "@seq": "3", "author-url":"https://api.elsevier.com/content/author/author_id/57192415081","authid":"57192415081","authname":"Shrestha K.","surname":"Shrestha","given-name":"Kalpana","initials":"K.","afid": [{"@_fa": "true", "$" :"117857285"}]},{"@_fa": "true", "@seq": "4", "author-url":"https://api.elsevier.com/content/author/author_id/57204308004","authid":"57204308004","authname":"Shrestha P.","surname":"Shrestha","given-name":"Pukar C.","initials":"P.C.","afid": [{"@_fa": "true", "$" :"117857285"}]}],"authkeywords":"Gender | Healthcare access | Kidney disease | Living donor transplantation | Nepal | Transplantation","source-id":"60486","fund-no":"undefined","openaccess":"0","openaccessFlag":false},{"@_fa": "true", "link": [{"@_fa": "true", "@ref": "self", "@href": "https://api.elsevier.com/content/abstract/scopus_id/85017427693"},{"@_fa": "true", "@ref": "author-affiliation", "@href": "https://api.elsevier.com/content/abstract/scopus_id/85017427693?field=author,affiliation"},{"@_fa": "true", "@ref": "scopus", "@href": "https://www.scopus.com/inward/record.uri?partnerID=HzOxMe3b&scp=85017427693&origin=inward"},{"@_fa": "true", "@ref": "scopus-citedby", "@href": "https://www.scopus.com/inward/citedby.uri?partnerID=HzOxMe3b&scp=85017427693&origin=inward"}],"prism:url":"https://api.elsevier.com/content/abstract/scopus_id/85017427693","dc:identifier":"SCOPUS_ID:85017427693","eid":"2-s2.0-85017427693","dc:title":"Gender norms among ethnic minorities: Beyond '(Han) Chinese patriarchy'","dc:creator":"Du S.","prism:publicationName":"Handbook on Ethnic Minorities in China","prism:isbn": [{"@_fa": "true", "$" :"9781784717360"},{"@_fa": "true", "$" :"9781784717353"}],"prism:pageRange":"240-262","prism:coverDate":"2016-11-25","prism:coverDisplayDate":"25 November 2016","prism:doi":"10.4337/9781784717360","citedby-count":"0","affiliation": [{"@_fa": "true", "affiliation-url":"https://api.elsevier.com/content/affiliation/affiliation_id/101140038","afid":"101140038","affilname":"University of Tulane","affiliation-city":"Grand Forks","affiliation-country":"United States"}],"prism:aggregationType":"Book","subtype":"ch","subtypeDescription":"Chapter","author-count":{"@limit": "100", "@total": "1", "$" :"1"},"author": [{"@_fa": "true", "@seq": "1", "author-url":"https://api.elsevier.com/content/author/author_id/57193900348","authid":"57193900348","authname":"Du S.","surname":"Du","given-name":"Shanshan","initials":"S.","afid": [{"@_fa": "true", "$" :"101140038"}]}],"source-id":"21100806929","fund-no":"undefined","openaccess":"1","openaccessFlag":true},{"@_fa": "true", "link": [{"@_fa": "true", "@ref": "self", "@href": "https://api.elsevier.com/content/abstract/scopus_id/84973569146"},{"@_fa": "true", "@ref": "author-affiliation", "@href": "https://api.elsevier.com/content/abstract/scopus_id/84973569146?field=author,affiliation"},{"@_fa": "true", "@ref": "scopus", "@href": "https://www.scopus.com/inward/record.uri?partnerID=HzOxMe3b&scp=84973569146&origin=inward"},{"@_fa": "true", "@ref": "scopus-citedby", "@href": "https://www.scopus.com/inward/citedby.uri?partnerID=HzOxMe3b&scp=84973569146&origin=inward"}],"prism:url":"https://api.elsevier.com/content/abstract/scopus_id/84973569146","dc:identifier":"SCOPUS_ID:84973569146","eid":"2-s2.0-84973569146","dc:title":"Changing patterns of kinship: Cohabitation, patriarchy and social policy in Chile","dc:creator":"Ramm A.","prism:publicationName":"Journal of Latin American Studies","prism:issn":"0022216X","prism:eIssn":"1469767X","prism:volume":"48","prism:issueIdentifier":"4","prism:pageRange":"769-796","prism:coverDate":"2016-11-01","prism:coverDisplayDate":"1 November 2016","prism:doi":"10.1017/S0022216X16000365","dc:description":"Copyright © Cambridge University Press 2016. Cohabitation is a distinctive feature of low-income groups in Latin America. In the past, it has been linked to colonial legacies including notions of familial honour, poverty, and a kinship system focused on blood ties. By contrast, some scholars consider rising levels of cohabitation in the present day to be an effect of modernisation, through increased gender equality. The present research, based on life histories of young, poor, urban co-habitees in Chile, aims to show that rising cohabitation is linked to targeted social policies and also to declining patriarchy, which is distinct from gender equality.","citedby-count":"1","affiliation": [{"@_fa": "true", "affiliation-url":"https://api.elsevier.com/content/affiliation/affiliation_id/60013592","afid":"60013592","affilname":"Universidad Diego Portales","affiliation-city":"Santiago","affiliation-country":"Chile"}],"prism:aggregationType":"Journal","subtype":"ar","subtypeDescription":"Article","author-count":{"@limit": "100", "@total": "1", "$" :"1"},"author": [{"@_fa": "true", "@seq": "1", "author-url":"https://api.elsevier.com/content/author/author_id/57189628463","authid":"57189628463","authname":"Ramm A.","surname":"Ramm","given-name":"Alejandra","initials":"A.","afid": [{"@_fa": "true", "$" :"60013592"}]}],"authkeywords":"Chile | Families | Gender | Inequality | Marriage | Poverty | Social policies","source-id":"26288","fund-no":"undefined","openaccess":"0","openaccessFlag":false},{"@_fa": "true", "link": [{"@_fa": "true", "@ref": "self", "@href": "https://api.elsevier.com/content/abstract/scopus_id/84939857276"},{"@_fa": "true", "@ref": "author-affiliation", "@href": "https://api.elsevier.com/content/abstract/scopus_id/84939857276?field=author,affiliation"},{"@_fa": "true", "@ref": "scopus", "@href": "https://www.scopus.com/inward/record.uri?partnerID=HzOxMe3b&scp=84939857276&origin=inward"},{"@_fa": "true", "@ref": "scopus-citedby", "@href": "https://www.scopus.com/inward/citedby.uri?partnerID=HzOxMe3b&scp=84939857276&origin=inward"}],"prism:url":"https://api.elsevier.com/content/abstract/scopus_id/84939857276","dc:identifier":"SCOPUS_ID:84939857276","eid":"2-s2.0-84939857276","dc:title":"Education as Cultural Capital and its Effect on the Transitional Issues Faced by Migrant Women in the Diaspora","dc:creator":"Akua-Sakyiwah B.","prism:publicationName":"Journal of International Migration and Integration","prism:issn":"14883473","prism:eIssn":"18746365","prism:volume":"17","prism:issueIdentifier":"4","prism:pageRange":"1125-1142","prism:coverDate":"2016-11-01","prism:coverDisplayDate":"1 November 2016","prism:doi":"10.1007/s12134-015-0455-8","dc:description":"© 2015, Springer Science+Business Media Dordrecht. This article discusses the impact of Somali habitus and symbolic violence on the decisions of resettled Somali refugee women in the UK to obtain an education, which leads to employment. I highlight the significance of employment to their resettlement success and cultural capital. However, cultural capital continues to be unattainable in their host country because it was not present in Somalia. Self-sufficiency is a primary element of resettlement but depends heavily upon learning the host country’s language, which requires classes, time and a complete paradigm shift. Using Bourdieu’s cultural capital/symbolic violence as a framework, I discuss the dilemma these women faced in trying to attain cultural capital in their host country, and how a lack of it impacts upon their resettlement. Additionally, the norms of Somali patriarchal society exclude both girls and women from education, leading to illiteracy in English and, for most of the participants, in the Somali language. The research highlights the challenges faced by the women in their attempts to navigate the UK’s elite socio-cultural economy.","citedby-count":"3","affiliation": [{"@_fa": "true", "affiliation-url":"https://api.elsevier.com/content/affiliation/affiliation_id/60017910","afid":"60017910","affilname":"University of Ghana","affiliation-city":"Legon","affiliation-country":"Ghana"},{"@_fa": "true", "affiliation-url":"https://api.elsevier.com/content/affiliation/affiliation_id/60016418","afid":"60016418","affilname":"University of York","affiliation-city":"York","affiliation-country":"United Kingdom"}],"prism:aggregationType":"Journal","subtype":"ar","subtypeDescription":"Article","author-count":{"@limit": "100", "@total": "1", "$" :"1"},"author": [{"@_fa": "true", "@seq": "1", "author-url":"https://api.elsevier.com/content/author/author_id/56798648900","authid":"56798648900","authname":"Akua-Sakyiwah B.","surname":"Akua-Sakyiwah","given-name":"Beatrice","initials":"B.","afid": [{"@_fa": "true", "$" :"60016418"},{"@_fa": "true", "$" :"60017910"}]}],"authkeywords":"Cultural capital | Diaspora | Habitus | Integration | Settlement and patriarchy | Symbolic violence | Trans-migration experiences","source-id":"5600155054","fund-no":"undefined","openaccess":"0","openaccessFlag":false},{"@_fa": "true", "link": [{"@_fa": "true", "@ref": "self", "@href": "https://api.elsevier.com/content/abstract/scopus_id/84994153864"},{"@_fa": "true", "@ref": "author-affiliation", "@href": "https://api.elsevier.com/content/abstract/scopus_id/84994153864?field=author,affiliation"},{"@_fa": "true", "@ref": "scopus", "@href": "https://www.scopus.com/inward/record.uri?partnerID=HzOxMe3b&scp=84994153864&origin=inward"},{"@_fa": "true", "@ref": "scopus-citedby", "@href": "https://www.scopus.com/inward/citedby.uri?partnerID=HzOxMe3b&scp=84994153864&origin=inward"}],"prism:url":"https://api.elsevier.com/content/abstract/scopus_id/84994153864","dc:identifier":"SCOPUS_ID:84994153864","eid":"2-s2.0-84994153864","dc:title":"Status, privilege and gender inequality: Cultures of male impunity and entitlement in the sexual abuse of children: Perspectives from a Caribbean study","dc:creator":"Jones A.","prism:publicationName":"International Social Work","prism:issn":"00208728","prism:eIssn":"14617234","prism:volume":"59","prism:issueIdentifier":"6","prism:pageRange":"836-849","prism:coverDate":"2016-11-01","prism:coverDisplayDate":"1 November 2016","prism:doi":"10.1177/0020872814537853","dc:description":"© 2014, © The Author(s) 2014. This article reports from a Caribbean study on the sexual victimization of children. The authors proposes a synergistic approach to analysing the ways in which the multi-layered facets of abuse interact to reinforce each other and argues that these understandings can generate multi-level activities (conceptual, material, structural) that together might produce effects that are greater than their individual components. For example, a sex offender treatment programme that is developed alongside a public health oriented education and prevention programme, and in which both address the status of children and gender socialization, may be more effective in combination than as separate interventions.","citedby-count":"2","affiliation": [{"@_fa": "true", "affiliation-url":"https://api.elsevier.com/content/affiliation/affiliation_id/60032343","afid":"60032343","affilname":"University of Huddersfield","affiliation-city":"Huddersfield","affiliation-country":"United Kingdom"}],"prism:aggregationType":"Journal","subtype":"ar","subtypeDescription":"Article","author-count":{"@limit": "100", "@total": "2", "$" :"2"},"author": [{"@_fa": "true", "@seq": "1", "author-url":"https://api.elsevier.com/content/author/author_id/35269108400","authid":"35269108400","authname":"Jones A.","surname":"Jones","given-name":"Adele D.","initials":"A.D.","afid": [{"@_fa": "true", "$" :"60032343"}]},{"@_fa": "true", "@seq": "2", "author-url":"https://api.elsevier.com/content/author/author_id/57191846813","authid":"57191846813","authname":"Trotman Jemmott E.","surname":"Trotman Jemmott","given-name":"Ena","initials":"E.","afid": [{"@_fa": "true", "$" :"60032343"}]}],"authkeywords":"Caribbean | child sexual abuse | childhood | gender inequality | patriarchy","source-id":"29840","fund-acr":"ESRC","fund-no":"ES/I030069/1","fund-sponsor":"Economic and Social Research Council","openaccess":"0","openaccessFlag":false},{"@_fa": "true", "link": [{"@_fa": "true", "@ref": "self", "@href": "https://api.elsevier.com/content/abstract/scopus_id/84986538728"},{"@_fa": "true", "@ref": "author-affiliation", "@href": "https://api.elsevier.com/content/abstract/scopus_id/84986538728?field=author,affiliation"},{"@_fa": "true", "@ref": "scopus", "@href": "https://www.scopus.com/inward/record.uri?partnerID=HzOxMe3b&scp=84986538728&origin=inward"},{"@_fa": "true", "@ref": "scopus-citedby", "@href": "https://www.scopus.com/inward/citedby.uri?partnerID=HzOxMe3b&scp=84986538728&origin=inward"},{"@_fa": "true", "@ref": "full-text", "@href": "https://api.elsevier.com/content/article/eid/1-s2.0-S0277539516300206"}],"prism:url":"https://api.elsevier.com/content/abstract/scopus_id/84986538728","dc:identifier":"SCOPUS_ID:84986538728","eid":"2-s2.0-84986538728","dc:title":"Patriarchy and women's multidimensional agency: A case study of a Mexican sending village","dc:creator":"Ayala M.","prism:publicationName":"Women's Studies International Forum","prism:issn":"02775395","prism:volume":"59","prism:pageRange":"1-8","prism:coverDate":"2016-11-01","prism:coverDisplayDate":"1 November 2016","prism:doi":"10.1016/j.wsif.2016.08.002","pii":"S0277539516300206","dc:description":"© 2016 This article examines women's multidimensional agency. It argues that in the context of international migration, the complexity of women's agency is highlighted when women, embedded within a patriarchal structure, adapt, negotiate, resist, and/or transform the meaning of the schemas or normative orientations that compose this structure as they address existing economic or affective stresses. Drawing from a qualitative case study of women in a Mexican sending village, we contend that women's multidimensional agency is highlighted as women's responsibility of motherhood (i.e. “motherhood” schema) drives their participation in the labor market (i.e. “fatherhood” schema) as an extension of caring for their children. In addition, we argue that within a constraining patriarchal context, the multifaceted interpretation and reprioritization of the patriarchal schemas, and the resulting blurring of private and public spaces, create both added stresses (e.g. gendered regulation, mobility constraints, and self-doubt) as well as empowering and liberating experiences for women.","citedby-count":"1","affiliation": [{"@_fa": "true", "affiliation-url":"https://api.elsevier.com/content/affiliation/affiliation_id/60031707","afid":"60031707","affilname":"Michigan State University","affiliation-city":"East Lansing","affiliation-country":"United States"},{"@_fa": "true", "affiliation-url":"https://api.elsevier.com/content/affiliation/affiliation_id/60007801","afid":"60007801","affilname":"University of Texas at El Paso","affiliation-city":"El Paso","affiliation-country":"United States"}],"prism:aggregationType":"Journal","subtype":"ar","subtypeDescription":"Article","author-count":{"@limit": "100", "@total": "2", "$" :"2"},"author": [{"@_fa": "true", "@seq": "1", "author-url":"https://api.elsevier.com/content/author/author_id/55480026000","authid":"55480026000","authname":"Ayala M.","surname":"Ayala","given-name":"María Isabel","initials":"M.I.","afid": [{"@_fa": "true", "$" :"60031707"}]},{"@_fa": "true", "@seq": "2", "author-url":"https://api.elsevier.com/content/author/author_id/55562044600","authid":"55562044600","authname":"Murga A.","surname":"Murga","given-name":"Aurelia Lorena","initials":"A.L.","afid": [{"@_fa": "true", "$" :"60007801"}]}],"source-id":"24359","fund-no":"undefined","openaccess":"0","openaccessFlag":false},{"@_fa": "true", "link": [{"@_fa": "true", "@ref": "self", "@href": "https://api.elsevier.com/content/abstract/scopus_id/84994545722"},{"@_fa": "true", "@ref": "author-affiliation", "@href": "https://api.elsevier.com/content/abstract/scopus_id/84994545722?field=author,affiliation"},{"@_fa": "true", "@ref": "scopus", "@href": "https://www.scopus.com/inward/record.uri?partnerID=HzOxMe3b&scp=84994545722&origin=inward"},{"@_fa": "true", "@ref": "scopus-citedby", "@href": "https://www.scopus.com/inward/citedby.uri?partnerID=HzOxMe3b&scp=84994545722&origin=inward"}],"prism:url":"https://api.elsevier.com/content/abstract/scopus_id/84994545722","dc:identifier":"SCOPUS_ID:84994545722","eid":"2-s2.0-84994545722","dc:title":"No Girls Allowed: Television Boys' Clubs as Resistance to Feminism","dc:creator":"Nettleton P.","prism:publicationName":"Television and New Media","prism:issn":"15274764","prism:eIssn":"15528316","prism:volume":"17","prism:issueIdentifier":"7","prism:pageRange":"563-578","prism:coverDate":"2016-11-01","prism:coverDisplayDate":"1 November 2016","prism:doi":"10.1177/1527476416630300","dc:description":"© SAGE Publications. This article analyzes the male-only spaces present in four television series, FX's The Shield, Nip/Tuck, Rescue Me, and ABC's Boston Legal, which each include a gendered territory as a recurring feature. I argue that these homosocially segregated environments enforce boundaries against women and shelter intense bromance relationships that foreclose romantic relationships of any kind, acting as physical incarnations of troubling retrograde sexual politics and ideologies. I also assert that the \"boys' clubs\" in which these narratives take place, enabled and empowered by the aesthetic dimensions of architecture and design, help establish workplace patriarchy as commonplace, reasonable, and benign. This article reveals that in these television boys' clubs, problematic gender ideologies are protected and celebrated, misogyny is naturalized, and patriarchal beliefs and behaviors legitimized.","citedby-count":"3","affiliation": [{"@_fa": "true", "affiliation-url":"https://api.elsevier.com/content/affiliation/affiliation_id/60015720","afid":"60015720","affilname":"Marquette University","affiliation-city":"Milwaukee","affiliation-country":"United States"}],"prism:aggregationType":"Journal","subtype":"ar","subtypeDescription":"Article","author-count":{"@limit": "100", "@total": "1", "$" :"1"},"author": [{"@_fa": "true", "@seq": "1", "author-url":"https://api.elsevier.com/content/author/author_id/55117159200","authid":"55117159200","authname":"Nettleton P.","surname":"Nettleton","given-name":"Pamela Hill","initials":"P.H.","afid": [{"@_fa": "true", "$" :"60015720"}]}],"authkeywords":"Boston Legal | boys' | clubs | feminism | masculinity | Nip/Tuck | Rescue Me | television | The Shield","source-id":"5600155256","fund-no":"undefined","openaccess":"0","openaccessFlag":false},{"@_fa": "true", "link": [{"@_fa": "true", "@ref": "self", "@href": "https://api.elsevier.com/content/abstract/scopus_id/84995677697"},{"@_fa": "true", "@ref": "author-affiliation", "@href": "https://api.elsevier.com/content/abstract/scopus_id/84995677697?field=author,affiliation"},{"@_fa": "true", "@ref": "scopus", "@href": "https://www.scopus.com/inward/record.uri?partnerID=HzOxMe3b&scp=84995677697&origin=inward"},{"@_fa": "true", "@ref": "scopus-citedby", "@href": "https://www.scopus.com/inward/citedby.uri?partnerID=HzOxMe3b&scp=84995677697&origin=inward"}],"prism:url":"https://api.elsevier.com/content/abstract/scopus_id/84995677697","dc:identifier":"SCOPUS_ID:84995677697","eid":"2-s2.0-84995677697","dc:title":"Catholic nuns in transnational mission, 1528-2015","dc:creator":"O'Brien A.","prism:publicationName":"Journal of Global History","prism:issn":"17400228","prism:eIssn":"17400236","prism:volume":"11","prism:issueIdentifier":"3","prism:pageRange":"387-408","prism:coverDate":"2016-11-01","prism:coverDisplayDate":"1 November 2016","prism:doi":"10.1017/S1740022816000206","pii":"S1740022816000206","dc:description":"© Cambridge University Press 2016. From the Counter-Reformation to the present, women in a variety of contexts of colonization, decolonization, and slavery crossed the threshold from missionary congregation to missionary workforce to live in Catholic religious community. Comparative, transnational analysis provides insights from a variety of angles into the myriad local factors that fashioned their understandings of the relationship between the spiritual and material benefits so gained. Their experiences were uneven, shaped by the race, gender, and status politics of each ecclesiastical and secular context, by their usefulness to the wider missionary project and the state, and by shifts in ecclesiastical rulings that were prompted by changes in the Vatican's temporal status. In the later twentieth century, some became activists and advocates, using their symbolic power to work in the interests of women and poor people, and to reform the patriarchy at the core of the church.","citedby-count":"2","affiliation": [{"@_fa": "true", "affiliation-url":"https://api.elsevier.com/content/affiliation/affiliation_id/60028333","afid":"60028333","affilname":"University of New South Wales (UNSW) Australia","affiliation-city":"Sydney","affiliation-country":"Australia"}],"prism:aggregationType":"Journal","subtype":"ar","subtypeDescription":"Article","author-count":{"@limit": "100", "@total": "1", "$" :"1"},"author": [{"@_fa": "true", "@seq": "1", "author-url":"https://api.elsevier.com/content/author/author_id/23976741700","authid":"23976741700","authname":"O'Brien A.","surname":"O'Brien","given-name":"Anne","initials":"A.","afid": [{"@_fa": "true", "$" :"60028333"}]}],"authkeywords":"colonialism | feminism | Keywords Catholic | nuns | slavery | transnational","source-id":"16100154770","fund-no":"undefined","openaccess":"0","openaccessFlag":false},{"@_fa": "true", "link": [{"@_fa": "true", "@ref": "self", "@href": "https://api.elsevier.com/content/abstract/scopus_id/84996553559"},{"@_fa": "true", "@ref": "author-affiliation", "@href": "https://api.elsevier.com/content/abstract/scopus_id/84996553559?field=author,affiliation"},{"@_fa": "true", "@ref": "scopus", "@href": "https://www.scopus.com/inward/record.uri?partnerID=HzOxMe3b&scp=84996553559&origin=inward"},{"@_fa": "true", "@ref": "scopus-citedby", "@href": "https://www.scopus.com/inward/citedby.uri?partnerID=HzOxMe3b&scp=84996553559&origin=inward"}],"prism:url":"https://api.elsevier.com/content/abstract/scopus_id/84996553559","dc:identifier":"SCOPUS_ID:84996553559","eid":"2-s2.0-84996553559","dc:title":"Depicting victims, heroines, and pawns in the Syrian uprising","dc:creator":"Szanto E.","prism:publicationName":"Journal of Middle East Women's Studies","prism:issn":"15525864","prism:eIssn":"15589579","prism:volume":"12","prism:issueIdentifier":"3","prism:pageRange":"306-322","prism:coverDate":"2016-11-01","prism:coverDisplayDate":"November 2016","prism:doi":"10.1215/15525864-3637532","dc:description":"© 2016 by the Association for Middle East Women's Studies. During the onslaught of the Islamic caliphate on Kobanî, Syria, media outlets across the globe broadcast pictures of brave and often unveiled Kurdish women fighting the Islamic State of Iraq and the Levant (ISIS), a quintessentially male force of destruction. The images of women fighting Islamist male aggressors aroused outrage, admiration, and pity among observers. But had all Kurdishfighters been maleorhad women fought for ISIS, viewers might have reacted differently. To examine some of the most widely disseminated gendered pictures and videosofthe Syrian uprising inthe media, this article draws onMohja Kahf'sthree categories, which typify how Muslim women, Arab women, or both are perceived by the Anglophone reading and viewing public: the first is victims; the second, escapees; and the third, pawns of patriarchy and male power. While this typology helps in examining gendered images of the Syrian uprising, it also obscures the socioeconomic realities on the ground.","citedby-count":"1","affiliation": [{"@_fa": "true", "affiliation-url":"https://api.elsevier.com/content/affiliation/affiliation_id/112746826","afid":"112746826","affilname":"American University of Iraq","affiliation-city":null,"affiliation-country":"Iraq"}],"prism:aggregationType":"Journal","subtype":"re","subtypeDescription":"Review","author-count":{"@limit": "100", "@total": "1", "$" :"1"},"author": [{"@_fa": "true", "@seq": "1", "author-url":"https://api.elsevier.com/content/author/author_id/55192958500","authid":"55192958500","authname":"Szanto E.","surname":"Szanto","given-name":"Edith","initials":"E.","afid": [{"@_fa": "true", "$" :"112746826"}]}],"authkeywords":"Female fighters | Media | Syrian uprising","source-id":"5700165614","fund-no":"undefined","openaccess":"0","openaccessFlag":false},{"@_fa": "true", "link": [{"@_fa": "true", "@ref": "self", "@href": "https://api.elsevier.com/content/abstract/scopus_id/84996508245"},{"@_fa": "true", "@ref": "author-affiliation", "@href": "https://api.elsevier.com/content/abstract/scopus_id/84996508245?field=author,affiliation"},{"@_fa": "true", "@ref": "scopus", "@href": "https://www.scopus.com/inward/record.uri?partnerID=HzOxMe3b&scp=84996508245&origin=inward"},{"@_fa": "true", "@ref": "scopus-citedby", "@href": "https://www.scopus.com/inward/citedby.uri?partnerID=HzOxMe3b&scp=84996508245&origin=inward"}],"prism:url":"https://api.elsevier.com/content/abstract/scopus_id/84996508245","dc:identifier":"SCOPUS_ID:84996508245","eid":"2-s2.0-84996508245","dc:title":"The African Commission on Human and People’s Rights and the woman question","dc:creator":"Durojaye E.","prism:publicationName":"Feminist Legal Studies","prism:issn":"09663622","prism:eIssn":"15728455","prism:volume":"24","prism:issueIdentifier":"3","prism:pageRange":"315-336","prism:coverDate":"2016-11-01","prism:coverDisplayDate":"1 November 2016","prism:doi":"10.1007/s10691-016-9334-8","dc:description":"© 2016, Springer Science+Business Media Dordrecht. This paper proposes that in developing jurisprudence on women’s rights, the African Commission will need to ask the woman question, particularly the African woman question. The woman question requires a judicial or quasi-judicial body to always put woman at the centre of any decision with a view to addressing the historically disadvantaged position of women in society. Asking the African woman question means examining how the peculiar experiences of African women have been ignored by laws rooted in patriarchy across the region. Although the Commission has handled few cases directly dealing with women’s rights, the paper suggests that the Commission can draw inspiration from decisions of other regional and international human rights bodies such as the European Court on Human Rights and the Committee on Elimination of All Forms of Discrimination against Women (CEDAW Committee) on how to ask the woman question. The paper recommends that in line with feminist reasoning, there is a need for the African Commission to develop a consistent gender-sensitive approach in dealing with cases that may have implications for women. In essence, the African Commission must ask the African woman question when dealing with cases on the enjoyment of women’s fundamental rights.","citedby-count":"1","affiliation": [{"@_fa": "true", "affiliation-url":"https://api.elsevier.com/content/affiliation/affiliation_id/60031569","afid":"60031569","affilname":"University of the Western Cape","affiliation-city":"Bellville","affiliation-country":"South Africa"},{"@_fa": "true", "affiliation-url":"https://api.elsevier.com/content/affiliation/affiliation_id/60014177","afid":"60014177","affilname":"Adekunle Ajasin University","affiliation-city":"Akungba-Akoko","affiliation-country":"Nigeria"}],"prism:aggregationType":"Journal","subtype":"ar","subtypeDescription":"Article","author-count":{"@limit": "100", "@total": "2", "$" :"2"},"author": [{"@_fa": "true", "@seq": "1", "author-url":"https://api.elsevier.com/content/author/author_id/35229236500","authid":"35229236500","authname":"Durojaye E.","surname":"Durojaye","given-name":"Ebenezer","initials":"E.","afid": [{"@_fa": "true", "$" :"60031569"}]},{"@_fa": "true", "@seq": "2", "author-url":"https://api.elsevier.com/content/author/author_id/36630846400","authid":"36630846400","authname":"Oluduro O.","surname":"Oluduro","given-name":"Olubayo","initials":"O.","afid": [{"@_fa": "true", "$" :"60014177"}]}],"authkeywords":"African Commission | Human rights | Woman question | Women’s rights","source-id":"144966","fund-no":"undefined","openaccess":"0","openaccessFlag":false},{"@_fa": "true", "link": [{"@_fa": "true", "@ref": "self", "@href": "https://api.elsevier.com/content/abstract/scopus_id/84990849769"},{"@_fa": "true", "@ref": "author-affiliation", "@href": "https://api.elsevier.com/content/abstract/scopus_id/84990849769?field=author,affiliation"},{"@_fa": "true", "@ref": "scopus", "@href": "https://www.scopus.com/inward/record.uri?partnerID=HzOxMe3b&scp=84990849769&origin=inward"},{"@_fa": "true", "@ref": "scopus-citedby", "@href": "https://www.scopus.com/inward/citedby.uri?partnerID=HzOxMe3b&scp=84990849769&origin=inward"}],"prism:url":"https://api.elsevier.com/content/abstract/scopus_id/84990849769","dc:identifier":"SCOPUS_ID:84990849769","eid":"2-s2.0-84990849769","dc:title":"Feminist Forays in the City: Imbalance and Intervention in Urban Research Methods","dc:creator":"Parker B.","prism:publicationName":"Antipode","prism:issn":"00664812","prism:eIssn":"14678330","prism:volume":"48","prism:issueIdentifier":"5","prism:pageRange":"1337-1358","prism:coverDate":"2016-11-01","prism:coverDisplayDate":"1 November 2016","prism:doi":"10.1111/anti.12241","dc:description":"© 2016 The Author. Antipode © 2016 Antipode Foundation Ltd. In this paper I argue that imbalances and silences persist in urban research. In particular, there is insufficient attention to anti-racist and feminist theoretical, methodological, and empirical insights. Intersectional and materialist urban analyses that take difference seriously are under-represented, while patriarchy, privilege, and positivism still linger. As a partial and aspirational remedy, I propose a “Feminist Partial Political Economy of Place” (FPEP) approach to urban research. FPEP is characterized by: (1) attention to gendered, raced, and intersectional power relations, including affinities and alliances; (2) reliance on partial, place-based, materialist research that attends to power in knowledge production; (3) emphasis on feminist concepts of relationality to examine connections among sites, scales, and subjects, and to emphasize “life” and possibility; and (4) the use of theoretical toolkits to observe, interpret and challenge material-discursive power relations. My own critique and research centers on North American cities, but FPEP approaches might help produce more robust, inclusive, and explanatory urban research in varied geographic contexts.","citedby-count":"12","affiliation": [{"@_fa": "true", "affiliation-url":"https://api.elsevier.com/content/affiliation/affiliation_id/60027561","afid":"60027561","affilname":"University of Illinois at Chicago","affiliation-city":"Chicago","affiliation-country":"United States"}],"prism:aggregationType":"Journal","subtype":"ar","subtypeDescription":"Article","author-count":{"@limit": "100", "@total": "1", "$" :"1"},"author": [{"@_fa": "true", "@seq": "1", "author-url":"https://api.elsevier.com/content/author/author_id/24177439000","authid":"24177439000","authname":"Parker B.","surname":"Parker","given-name":"Brenda","initials":"B.","afid": [{"@_fa": "true", "$" :"60027561"}]}],"authkeywords":"black feminist theory | feminist political economy | research methods | urban politics","source-id":"27470","fund-no":"undefined","openaccess":"0","openaccessFlag":false},{"@_fa": "true", "link": [{"@_fa": "true", "@ref": "self", "@href": "https://api.elsevier.com/content/abstract/scopus_id/84992751953"},{"@_fa": "true", "@ref": "author-affiliation", "@href": "https://api.elsevier.com/content/abstract/scopus_id/84992751953?field=author,affiliation"},{"@_fa": "true", "@ref": "scopus", "@href": "https://www.scopus.com/inward/record.uri?partnerID=HzOxMe3b&scp=84992751953&origin=inward"},{"@_fa": "true", "@ref": "scopus-citedby", "@href": "https://www.scopus.com/inward/citedby.uri?partnerID=HzOxMe3b&scp=84992751953&origin=inward"}],"prism:url":"https://api.elsevier.com/content/abstract/scopus_id/84992751953","dc:identifier":"SCOPUS_ID:84992751953","eid":"2-s2.0-84992751953","dc:title":"Beliefs about wife beating among Palestinian women from Israel: The effect of their endorsement of patriarchal ideology","dc:creator":"Zaatut A.","prism:publicationName":"Feminism and Psychology","prism:issn":"09593535","prism:eIssn":"14617161","prism:volume":"26","prism:issueIdentifier":"4","prism:pageRange":"405-425","prism:coverDate":"2016-11-01","prism:coverDisplayDate":"1 November 2016","prism:doi":"10.1177/0959353516647071","dc:description":"© 2016, © The Author(s) 2016. This study examines the influence of patriarchal ideology on women's beliefs about wife beating. A convenience sample of 701 married Palestinian women from Israel was obtained, and a self-report questionnaire was administered. The findings revealed that large percentages of Palestinian women expressed some tendency to justify wife beating in certain instances. In addition, some of the participants expressed some tendency to blame battered women for violence against them, and to believe that they benefit from beating. As hypothesized, endorsing patriarchal ideology was found to influence all three beliefs about wife beating held by Palestinian women in Israel, over and above the amount of variance in the women’s socio-demographic characteristics (e.g. age, education, employment, place of residence, and religion). The limitations of the study as well as the implications of the results for future research are discussed.","citedby-count":"5","affiliation": [{"@_fa": "true", "affiliation-url":"https://api.elsevier.com/content/affiliation/affiliation_id/60007903","afid":"60007903","affilname":"Hebrew University of Jerusalem","affiliation-city":"Jerusalem","affiliation-country":"Israel"}],"prism:aggregationType":"Journal","subtype":"ar","subtypeDescription":"Article","author-count":{"@limit": "100", "@total": "2", "$" :"2"},"author": [{"@_fa": "true", "@seq": "1", "author-url":"https://api.elsevier.com/content/author/author_id/57190431744","authid":"57190431744","authname":"Zaatut A.","surname":"Zaatut","given-name":"Amarat","initials":"A.","afid": [{"@_fa": "true", "$" :"60007903"}]},{"@_fa": "true", "@seq": "2", "author-url":"https://api.elsevier.com/content/author/author_id/7004138847","authid":"7004138847","authname":"Haj-Yahia M.","surname":"Haj-Yahia","given-name":"Muhammad M.","initials":"M.M.","afid": [{"@_fa": "true", "$" :"60007903"}]}],"authkeywords":"Arab women | attitudes | domestic violence | intimate partner violence | Palestinian women | patriarchy | violence against women | wife beating","source-id":"14172","fund-no":"undefined","openaccess":"0","openaccessFlag":false},{"@_fa": "true", "link": [{"@_fa": "true", "@ref": "self", "@href": "https://api.elsevier.com/content/abstract/scopus_id/84973154949"},{"@_fa": "true", "@ref": "author-affiliation", "@href": "https://api.elsevier.com/content/abstract/scopus_id/84973154949?field=author,affiliation"},{"@_fa": "true", "@ref": "scopus", "@href": "https://www.scopus.com/inward/record.uri?partnerID=HzOxMe3b&scp=84973154949&origin=inward"},{"@_fa": "true", "@ref": "scopus-citedby", "@href": "https://www.scopus.com/inward/citedby.uri?partnerID=HzOxMe3b&scp=84973154949&origin=inward"}],"prism:url":"https://api.elsevier.com/content/abstract/scopus_id/84973154949","dc:identifier":"SCOPUS_ID:84973154949","eid":"2-s2.0-84973154949","dc:title":"Paid military service at the intersection of militarism, nationalism, capitalism, and (hetero)patriarchy: escaping without leaving ‘manhood’","dc:creator":"Gençoğlu Onbaşı F.","prism:publicationName":"Citizenship Studies","prism:issn":"13621025","prism:eIssn":"14693593","prism:volume":"20","prism:issueIdentifier":"6-7","prism:pageRange":"883-898","prism:coverDate":"2016-10-02","prism:coverDisplayDate":"2 October 2016","prism:doi":"10.1080/13621025.2016.1191436","dc:description":"© 2016 Informa UK Limited, trading as Taylor  &  Francis Group. The variety of the political standpoints of governments that have initiated exempted military service for several times in Turkey is a sign of a general agreement on its legitimacy. However, Turkey is a country where conscientious objection is almost a taboo. I try to decipher the assumptions behind what is (il)legitimate, and their manifestations in the sociopolitical life from a gender perspective informed by the feminist theory. I argue that what lies behind these is the interconnection between militarism, nationalism, patriarchy, and capitalism. I show how they reciprocally support each other through a critical discourse analysis of the debate on legitimacy of paid military service and illegitimacy of conscientious objection. I conclude that the nature of these debates leads to a reproduction of the hegemonic definitions of manhood and womanhood, together with the reproduction of the masculinization of the political sphere at the expense of the exclusion of and discrimination against other identities.","citedby-count":"0","affiliation": [{"@_fa": "true", "affiliation-url":"https://api.elsevier.com/content/affiliation/affiliation_id/60028644","afid":"60028644","affilname":"Baskent Universitesi","affiliation-city":"Ankara","affiliation-country":"Turkey"}],"prism:aggregationType":"Journal","subtype":"ar","subtypeDescription":"Article","author-count":{"@limit": "100", "@total": "1", "$" :"1"},"author": [{"@_fa": "true", "@seq": "1", "author-url":"https://api.elsevier.com/content/author/author_id/55535975500","authid":"55535975500","authname":"Gençoğlu Onbaşı F.","surname":"Gençoğlu Onbaşı","given-name":"Funda","initials":"F.","afid": [{"@_fa": "true", "$" :"60028644"}]}],"authkeywords":"Conscientious objection | femininity/womanhood | masculinity/manhood | militarism | nationalism | paid military service","source-id":"16886","fund-no":"undefined","openaccess":"0","openaccessFlag":false},{"@_fa": "true", "link": [{"@_fa": "true", "@ref": "self", "@href": "https://api.elsevier.com/content/abstract/scopus_id/84983035987"},{"@_fa": "true", "@ref": "author-affiliation", "@href": "https://api.elsevier.com/content/abstract/scopus_id/84983035987?field=author,affiliation"},{"@_fa": "true", "@ref": "scopus", "@href": "https://www.scopus.com/inward/record.uri?partnerID=HzOxMe3b&scp=84983035987&origin=inward"},{"@_fa": "true", "@ref": "scopus-citedby", "@href": "https://www.scopus.com/inward/citedby.uri?partnerID=HzOxMe3b&scp=84983035987&origin=inward"}],"prism:url":"https://api.elsevier.com/content/abstract/scopus_id/84983035987","dc:identifier":"SCOPUS_ID:84983035987","eid":"2-s2.0-84983035987","dc:title":"Class, gender and the sweatshop: on the nexus between labour commodification and exploitation","dc:creator":"Mezzadri A.","prism:publicationName":"Third World Quarterly","prism:issn":"01436597","prism:eIssn":"13602241","prism:volume":"37","prism:issueIdentifier":"10","prism:pageRange":"1877-1900","prism:coverDate":"2016-10-02","prism:coverDisplayDate":"2 October 2016","prism:doi":"10.1080/01436597.2016.1180239","dc:description":"© 2016 Southseries Inc., www.thirdworldquarterly.com. Drawing on approaches to class emphasising the multiplicity of labour relations at work under capitalism, and from feminist insights on oppression and social reproduction, this paper illustrates the interconnection between processes of class formation and patriarchal norms in globalised production circuits. The analysis emphasises the nexus between the commodification and exploitation of women’s labour, and how it structures gendered wage differentials, labour control and the high ‘disposability’ of women’s work. The analysis develops these arguments by exploring the case of the Indian garment industry and its gendered sweatshop regime. It illustrates how commodification and exploitation interplay in factory and home-based realms, and discusses how an approach on class premised on social reproduction changes the social perimeters of what we understand as labour ‘unfreedom’ and labour struggles.","citedby-count":"10","affiliation": [{"@_fa": "true", "affiliation-url":"https://api.elsevier.com/content/affiliation/affiliation_id/60103891","afid":"60103891","affilname":"SOAS University of London","affiliation-city":"London","affiliation-country":"United Kingdom"}],"prism:aggregationType":"Journal","subtype":"ar","subtypeDescription":"Article","author-count":{"@limit": "100", "@total": "1", "$" :"1"},"author": [{"@_fa": "true", "@seq": "1", "author-url":"https://api.elsevier.com/content/author/author_id/26533244900","authid":"26533244900","authname":"Mezzadri A.","surname":"Mezzadri","given-name":"Alessandra","initials":"A.","afid": [{"@_fa": "true", "$" :"60103891"}]}],"authkeywords":"class | commodification | exploitation | India | patriarchal norms | Sweatshop","source-id":"15471","fund-no":"undefined","openaccess":"0","openaccessFlag":false},{"@_fa": "true", "link": [{"@_fa": "true", "@ref": "self", "@href": "https://api.elsevier.com/content/abstract/scopus_id/84978725509"},{"@_fa": "true", "@ref": "author-affiliation", "@href": "https://api.elsevier.com/content/abstract/scopus_id/84978725509?field=author,affiliation"},{"@_fa": "true", "@ref": "scopus", "@href": "https://www.scopus.com/inward/record.uri?partnerID=HzOxMe3b&scp=84978725509&origin=inward"},{"@_fa": "true", "@ref": "scopus-citedby", "@href": "https://www.scopus.com/inward/citedby.uri?partnerID=HzOxMe3b&scp=84978725509&origin=inward"}],"prism:url":"https://api.elsevier.com/content/abstract/scopus_id/84978725509","dc:identifier":"SCOPUS_ID:84978725509","eid":"2-s2.0-84978725509","dc:title":"Gendered division of labour and feminisation of responsibilities in Kenya; implications for development interventions","dc:creator":"Bikketi E.","prism:publicationName":"Gender, Place and Culture","prism:issn":"0966369X","prism:eIssn":"13600524","prism:volume":"23","prism:issueIdentifier":"10","prism:pageRange":"1432-1449","prism:coverDate":"2016-10-02","prism:coverDisplayDate":"2 October 2016","prism:doi":"10.1080/0966369X.2016.1204996","dc:description":"© 2016 International Crops Center for Research in Semi-Arid Tropics (ICRISAT - Kenya). Analysing gender roles as a social organisation element of a community is critical for understanding actors’ rationales and agency with regard to allocation and use of resources. This article discusses gender relations and how they determine development outcomes, based on a highland-lowland case-study of participants of Farmer Field Schools in Kakamega Central Sub-County (highland) and Mbeere South Sub-County (lowland). The gender relations at stake include the gendered division of labour, gender roles and intra-household power relations as expressed in access and control of resources and benefits and their implications for agricultural development. The study used mixed methods, the Harvard Analytical Framework of gender roles and draws on the Neo-Marxist position on exploitation, categorisation and institutionalisation of power relations, empowerment and the critical moments framework to discuss the results. Results in both Sub-Counties show that patriarchy prevails, determining institutional design, access and control of resources and benefits. Social positions shape capabilities and strategies of actors in decision-making and use of resources to justify gender-specific institutional arrangements. In Kakamega, men get the lion share of incomes from contracted sugarcane farming despite overburdening workloads on women, while in Mbeere, both men and women derive incomes from Khat (Catha Edulis) enterprises. However, women are expected to spend their earnings on household expenditures, which were hitherto responsibilities of men, thereby contributing to the feminisation of responsibilities. Development policies and interventions thus need to be based on an understanding of men and women’s differential access and control over resources and the institutions underpinning men and women’s bargaining power in order to adopt more effective measures to reduce gender inequalities.","citedby-count":"1","affiliation": [{"@_fa": "true", "affiliation-url":"https://api.elsevier.com/content/affiliation/affiliation_id/60020486","afid":"60020486","affilname":"University of Bern","affiliation-city":"Bern","affiliation-country":"Switzerland"}],"prism:aggregationType":"Journal","subtype":"ar","subtypeDescription":"Article","author-count":{"@limit": "100", "@total": "5", "$" :"5"},"author": [{"@_fa": "true", "@seq": "1", "author-url":"https://api.elsevier.com/content/author/author_id/57190257555","authid":"57190257555","authname":"Bikketi E.","surname":"Bikketi","given-name":"Edward","initials":"E.","afid": [{"@_fa": "true", "$" :"60020486"}]},{"@_fa": "true", "@seq": "2", "author-url":"https://api.elsevier.com/content/author/author_id/23492281600","authid":"23492281600","authname":"Ifejika Speranza C.","surname":"Ifejika Speranza","given-name":"Chinwe","initials":"C.","afid": [{"@_fa": "true", "$" :"60020486"}]},{"@_fa": "true", "@seq": "3", "author-url":"https://api.elsevier.com/content/author/author_id/14049808600","authid":"14049808600","authname":"Bieri S.","surname":"Bieri","given-name":"Sabin","initials":"S.","afid": [{"@_fa": "true", "$" :"60020486"}]},{"@_fa": "true", "@seq": "4", "author-url":"https://api.elsevier.com/content/author/author_id/34770404500","authid":"34770404500","authname":"Haller T.","surname":"Haller","given-name":"Tobias","initials":"T.","afid": [{"@_fa": "true", "$" :"60020486"}]},{"@_fa": "true", "@seq": "5", "author-url":"https://api.elsevier.com/content/author/author_id/7102561367","authid":"7102561367","authname":"Wiesmann U.","surname":"Wiesmann","given-name":"Urs","initials":"U.","afid": [{"@_fa": "true", "$" :"60020486"}]}],"authkeywords":"access and control | division of labour | empowerment | Gender roles | institutions | power relations","source-id":"23638","fund-no":"undefined","openaccess":"0","openaccessFlag":false},{"@_fa": "true", "link": [{"@_fa": "true", "@ref": "self", "@href": "https://api.elsevier.com/content/abstract/scopus_id/84984972926"},{"@_fa": "true", "@ref": "author-affiliation", "@href": "https://api.elsevier.com/content/abstract/scopus_id/84984972926?field=author,affiliation"},{"@_fa": "true", "@ref": "scopus", "@href": "https://www.scopus.com/inward/record.uri?partnerID=HzOxMe3b&scp=84984972926&origin=inward"},{"@_fa": "true", "@ref": "scopus-citedby", "@href": "https://www.scopus.com/inward/citedby.uri?partnerID=HzOxMe3b&scp=84984972926&origin=inward"}],"prism:url":"https://api.elsevier.com/content/abstract/scopus_id/84984972926","dc:identifier":"SCOPUS_ID:84984972926","eid":"2-s2.0-84984972926","dc:title":"The Ray Rice Domestic Violence Case: Constructing Black Masculinity Through Newspaper Reports","dc:creator":"Christensen M.","prism:publicationName":"Journal of Sport and Social Issues","prism:issn":"01937235","prism:eIssn":"15527638","prism:volume":"40","prism:issueIdentifier":"5","prism:pageRange":"363-386","prism:coverDate":"2016-10-01","prism:coverDisplayDate":"1 October 2016","prism:doi":"10.1177/0193723516655576","dc:description":"© The Author(s) 2016. This case study used concepts associated with Black masculinity to critically analyze newspaper depictions of the Ray Rice Domestic Violence Case (RRDVC). The pattern matching and content analysis revealed the following themes: colorblindness, binary depictions, and commodification. This article used the RRDVC to establish a persistent pattern of public discourse that situates Black male athletes accused of committing crimes within a series of controlling images depicted by the media that serve to maintain White supremacist patriarchal understandings of Black masculinity. The results of the analysis reveal how hegemonic depictions of Ray Rice serve the White supremacist patriarchy in maintaining the containment and commodification of Black men and perpetuate the acceptability of violence against Black women.","citedby-count":"1","affiliation": [{"@_fa": "true", "affiliation-url":"https://api.elsevier.com/content/affiliation/affiliation_id/60003212","afid":"60003212","affilname":"University of Texas at San Antonio","affiliation-city":"San Antonio","affiliation-country":"United States"}],"prism:aggregationType":"Journal","subtype":"ar","subtypeDescription":"Article","author-count":{"@limit": "100", "@total": "3", "$" :"3"},"author": [{"@_fa": "true", "@seq": "1", "author-url":"https://api.elsevier.com/content/author/author_id/55682826100","authid":"55682826100","authname":"Christensen M.","surname":"Christensen","given-name":"M. Candace","initials":"M.C.","afid": [{"@_fa": "true", "$" :"60003212"}]},{"@_fa": "true", "@seq": "2", "author-url":"https://api.elsevier.com/content/author/author_id/24449079800","authid":"24449079800","authname":"Gill E.","surname":"Gill","given-name":"Emmett","initials":"E.","afid": [{"@_fa": "true", "$" :"60003212"}]},{"@_fa": "true", "@seq": "3", "author-url":"https://api.elsevier.com/content/author/author_id/56236342800","authid":"56236342800","authname":"Pérez A.","surname":"Pérez","given-name":"Alfred","initials":"A.","afid": [{"@_fa": "true", "$" :"60003212"}]}],"authkeywords":"Black athletes | Black masculinity | colorblindness | commodification | controlling images | intimate partner violence | Ray Rice | White supremacist patriarchy","source-id":"21071","fund-no":"undefined","openaccess":"0","openaccessFlag":false},{"@_fa": "true", "link": [{"@_fa": "true", "@ref": "self", "@href": "https://api.elsevier.com/content/abstract/scopus_id/85006445874"},{"@_fa": "true", "@ref": "author-affiliation", "@href": "https://api.elsevier.com/content/abstract/scopus_id/85006445874?field=author,affiliation"},{"@_fa": "true", "@ref": "scopus", "@href": "https://www.scopus.com/inward/record.uri?partnerID=HzOxMe3b&scp=85006445874&origin=inward"},{"@_fa": "true", "@ref": "scopus-citedby", "@href": "https://www.scopus.com/inward/citedby.uri?partnerID=HzOxMe3b&scp=85006445874&origin=inward"}],"prism:url":"https://api.elsevier.com/content/abstract/scopus_id/85006445874","dc:identifier":"SCOPUS_ID:85006445874","eid":"2-s2.0-85006445874","dc:title":"Ambivalent frames: Rosa parks and the visual grammar of respectability","dc:creator":"Fackler K.","prism:publicationName":"Souls","prism:issn":"10999949","prism:eIssn":"15483843","prism:volume":"18","prism:issueIdentifier":"2-4","prism:pageRange":"271-282","prism:coverDate":"2016-10-01","prism:coverDisplayDate":"1 October 2016","prism:doi":"10.1080/10999949.2016.1230819","dc:description":"© 2016 University of Illinois at Chicago. This article analyzes iconic photographs of Rosa Parks, arguing that these images are structured by a highly ambivalent visual grammar of respectability. This visual grammar at the same time facilitated Parks’s powerful transnational visibility as an icon of the Civil Rights Movement and worked towards reassuring viewers of the persistence of white patriarchy. The iconography of respectability thus has partici-pated in the propagation of a sanitized public memory of the movement that elides, among others, Parks’s lifelong political involvement and the role of other Black women activists.","citedby-count":"3","affiliation": [{"@_fa": "true", "affiliation-url":"https://api.elsevier.com/content/affiliation/affiliation_id/60022457","afid":"60022457","affilname":"Karl-Franzens-Universitat Graz","affiliation-city":"Graz","affiliation-country":"Austria"}],"prism:aggregationType":"Journal","subtype":"ar","subtypeDescription":"Article","author-count":{"@limit": "100", "@total": "1", "$" :"1"},"author": [{"@_fa": "true", "@seq": "1", "author-url":"https://api.elsevier.com/content/author/author_id/57192431480","authid":"57192431480","authname":"Fackler K.","surname":"Fackler","given-name":"Katharina M.","initials":"K.M.","afid": [{"@_fa": "true", "$" :"60022457"}]}],"authkeywords":"Black feminism | Civil Rights Movement | Montgomery bus boycott | Photography | Politics of respectability | Rosa Parks | Visual culture","source-id":"5700168298","fund-no":"undefined","openaccess":"0","openaccessFlag":false}]}}