{"search-results":{"opensearch:totalResults":"1","opensearch:startIndex":"0","opensearch:itemsPerPage":"1","opensearch:Query":{"@role": "request", "@searchTerms": "TITLE-ABS-KEY(\"patriarchy\") AND SUBJAREA(SOCI) AND PUBYEAR = 1978", "@startPage": "0"},"link": [{"@_fa": "true", "@ref": "self", "@href": "https://api.elsevier.com/content/search/scopus?start=0&count=25&query=TITLE-ABS-KEY%28%22patriarchy%22%29+AND+SUBJAREA%28SOCI%29+AND+PUBYEAR+%3D+1978&apiKey=27d953b4b546791964ebeb768d13e61f&view=COMPLETE", "@type": "application/json"},{"@_fa": "true", "@ref": "first", "@href": "https://api.elsevier.com/content/search/scopus?start=0&count=25&query=TITLE-ABS-KEY%28%22patriarchy%22%29+AND+SUBJAREA%28SOCI%29+AND+PUBYEAR+%3D+1978&apiKey=27d953b4b546791964ebeb768d13e61f&view=COMPLETE", "@type": "application/json"}],"entry": [{"@_fa": "true", "link": [{"@_fa": "true", "@ref": "self", "@href": "https://api.elsevier.com/content/abstract/scopus_id/84971160340"},{"@_fa": "true", "@ref": "author-affiliation", "@href": "https://api.elsevier.com/content/abstract/scopus_id/84971160340?field=author,affiliation"},{"@_fa": "true", "@ref": "scopus", "@href": "https://www.scopus.com/inward/record.uri?partnerID=HzOxMe3b&scp=84971160340&origin=inward"},{"@_fa": "true", "@ref": "scopus-citedby", "@href": "https://www.scopus.com/inward/citedby.uri?partnerID=HzOxMe3b&scp=84971160340&origin=inward"}],"prism:url":"https://api.elsevier.com/content/abstract/scopus_id/84971160340","dc:identifier":"SCOPUS_ID:84971160340","eid":"2-s2.0-84971160340","dc:title":"Early Liberal Roots of Feminism: John Locke and the Attack on Patriarchy","dc:creator":"Butler M.","prism:publicationName":"American Political Science Review","prism:issn":"00030554","prism:eIssn":"15375943","prism:volume":"72","prism:issueIdentifier":"1","prism:pageRange":"135-150","prism:coverDate":"1978-01-01","prism:coverDisplayDate":"1978","prism:doi":"10.2307/1953604","dc:description":"The seventeenth-century conflict between patriarchal and liberal political thought grew out of a shift in views on the nature of man and society. Sir Robert Filmer insisted that the king ruled absolutely, the divinely ordained father of his people. Sidney, Tyrrell, and Locke grounded political power in an act of consent on the part of free-born individuals. To what extent did these changing beliefs about human nature also bring about new perspectives on the nature, role and status of women? While this aspect of political theory has usually remained unexplored, it was an important critical weapon in the battle between patriarchal and liberal thought. Patriarchal theorists, relying on the Book of Genesis, could assign women to an appropriately subordinate place in family and society. Consent theories, though, as Filmer noted, depended for consistency on the inclusion of women (as well as children) in the formation of civil society. Early liberal writers including Tyrrell and Sidney were unwilling, then, to abandon patriarchal theory in all its forms and insisted that the consent of the “promiscuous multitude” of women and children was unnecessary. John Locke never specifically dealt with the role of women in the formation of society. Thus, he seemed to have escaped some of the difficulties o f finding a place for women consistent with both traditional views of female status and newer views of human nature. Where Locke did speak directly about women, he often departed from traditional views in favor of an individualist approach. Examples of this may be found in his comments on marriage, education and in his discussion of female preaching. © 1978, American Political Science Association. All rights reserved.","citedby-count":"42","affiliation": [{"@_fa": "true", "affiliation-url":"https://api.elsevier.com/content/affiliation/affiliation_id/60023492","afid":"60023492","affilname":"Wabash College","affiliation-city":"Crawfordsville","affiliation-country":"United States"}],"prism:aggregationType":"Journal","subtype":"ar","subtypeDescription":"Article","author-count":{"@limit": "100", "@total": "1", "$" :"1"},"author": [{"@_fa": "true", "@seq": "1", "author-url":"https://api.elsevier.com/content/author/author_id/55423012800","authid":"55423012800","authname":"Butler M.","surname":"Butler","given-name":"Melissa A.","initials":"M.A.","afid": [{"@_fa": "true", "$" :"60023492"}]}],"source-id":"15557","fund-no":"undefined","openaccess":"0","openaccessFlag":false}]}}