{"search-results":{"opensearch:totalResults":"140","opensearch:startIndex":"0","opensearch:itemsPerPage":"25","opensearch:Query":{"@role": "request", "@searchTerms": "TITLE-ABS-KEY(\"patriarchy\") AND SUBJAREA(SOCI) AND PUBYEAR = 2011", "@startPage": "0"},"link": [{"@_fa": "true", "@ref": "self", "@href": "https://api.elsevier.com/content/search/scopus?start=0&count=25&query=TITLE-ABS-KEY%28%22patriarchy%22%29+AND+SUBJAREA%28SOCI%29+AND+PUBYEAR+%3D+2011&apiKey=27d953b4b546791964ebeb768d13e61f&view=COMPLETE", "@type": "application/json"},{"@_fa": "true", "@ref": "first", "@href": "https://api.elsevier.com/content/search/scopus?start=0&count=25&query=TITLE-ABS-KEY%28%22patriarchy%22%29+AND+SUBJAREA%28SOCI%29+AND+PUBYEAR+%3D+2011&apiKey=27d953b4b546791964ebeb768d13e61f&view=COMPLETE", "@type": "application/json"},{"@_fa": "true", "@ref": "next", "@href": "https://api.elsevier.com/content/search/scopus?start=25&count=25&query=TITLE-ABS-KEY%28%22patriarchy%22%29+AND+SUBJAREA%28SOCI%29+AND+PUBYEAR+%3D+2011&apiKey=27d953b4b546791964ebeb768d13e61f&view=COMPLETE", "@type": "application/json"},{"@_fa": "true", "@ref": "last", "@href": "https://api.elsevier.com/content/search/scopus?start=115&count=25&query=TITLE-ABS-KEY%28%22patriarchy%22%29+AND+SUBJAREA%28SOCI%29+AND+PUBYEAR+%3D+2011&apiKey=27d953b4b546791964ebeb768d13e61f&view=COMPLETE", "@type": "application/json"}],"entry": [{"@_fa": "true", "link": [{"@_fa": "true", "@ref": "self", "@href": "https://api.elsevier.com/content/abstract/scopus_id/84455199992"},{"@_fa": "true", "@ref": "author-affiliation", "@href": "https://api.elsevier.com/content/abstract/scopus_id/84455199992?field=author,affiliation"},{"@_fa": "true", "@ref": "scopus", "@href": "https://www.scopus.com/inward/record.uri?partnerID=HzOxMe3b&scp=84455199992&origin=inward"},{"@_fa": "true", "@ref": "scopus-citedby", "@href": "https://www.scopus.com/inward/citedby.uri?partnerID=HzOxMe3b&scp=84455199992&origin=inward"}],"prism:url":"https://api.elsevier.com/content/abstract/scopus_id/84455199992","dc:identifier":"SCOPUS_ID:84455199992","eid":"2-s2.0-84455199992","dc:title":"Violence in dialogue Yoruba women in actions","dc:creator":"Ajibade G.","prism:publicationName":"Cahiers d'Etudes Africaines","prism:issn":"00080055","prism:volume":"51","prism:issueIdentifier":"4","prism:pageRange":"847-871","prism:coverDate":"2011-12-29","prism:coverDisplayDate":"2011","dc:description":"Violence is not limited to physical attack and battery. The power of words is so strong that its effect is limitless as it can penetrate both the physical and spiritual objects and spheres. Songs are used to show emotions or feelings about something, somebody or group of people. Marital affairs such as rivalry or jealousy among the co-wives (Orogún) and troubles of polygynous households are among the reasons for the production of some songs by the housewives among the Yorùbâ people. Hence, the goal of this paper is to critically analyze the songs usually rendered by co-wives in polygynous households among the Yoruba; using psychoanalysis and African womanism as theoretical framework. Such songs are used proverbially to pressurize wrong feelings about a particular incidence within the matrimonial home by the co-wives. The analysis and interpretation of data benefit from a conceptual understanding gotten in the fieldwork through experiential participation and through in-depth interviews with purposively selected housewives. The existing works on Yoruba oral literature serve as secondary data to supplement the primary data. The paper elucidates the representation of violence in co-wives verbal artistry and shows how verbal art is used as an instrument to cope with the scourge of polygyny within a patriarchal setting.","citedby-count":"0","affiliation": [{"@_fa": "true", "affiliation-url":"https://api.elsevier.com/content/affiliation/affiliation_id/60011031","afid":"60011031","affilname":"Obafemi Awolowo University","affiliation-city":"Ife","affiliation-country":"Nigeria"}],"prism:aggregationType":"Journal","subtype":"ar","subtypeDescription":"Article","author-count":{"@limit": "100", "@total": "1", "$" :"1"},"author": [{"@_fa": "true", "@seq": "1", "author-url":"https://api.elsevier.com/content/author/author_id/37005565700","authid":"37005565700","authname":"Ajibade G.","surname":"Ajibade","given-name":"George Olusola","initials":"G.O.","afid": [{"@_fa": "true", "$" :"60011031"}]}],"authkeywords":"Chansons | Dialogue | Femmes | Mariage | Polygamie | Violence | Yoruba","source-id":"36166","fund-no":"undefined","openaccess":"0","openaccessFlag":false},{"@_fa": "true", "link": [{"@_fa": "true", "@ref": "self", "@href": "https://api.elsevier.com/content/abstract/scopus_id/80051992367"},{"@_fa": "true", "@ref": "author-affiliation", "@href": "https://api.elsevier.com/content/abstract/scopus_id/80051992367?field=author,affiliation"},{"@_fa": "true", "@ref": "scopus", "@href": "https://www.scopus.com/inward/record.uri?partnerID=HzOxMe3b&scp=80051992367&origin=inward"},{"@_fa": "true", "@ref": "scopus-citedby", "@href": "https://www.scopus.com/inward/citedby.uri?partnerID=HzOxMe3b&scp=80051992367&origin=inward"}],"prism:url":"https://api.elsevier.com/content/abstract/scopus_id/80051992367","dc:identifier":"SCOPUS_ID:80051992367","eid":"2-s2.0-80051992367","dc:title":"Patriarchy and historical materialism","dc:creator":"Farrelly C.","prism:publicationName":"Hypatia","prism:issn":"08875367","prism:eIssn":"15272001","prism:volume":"26","prism:issueIdentifier":"1","prism:pageRange":"1-21","prism:coverDate":"2011-12-01","prism:coverDisplayDate":"December 2011","prism:doi":"10.1111/j.1527-2001.2010.01151.x","dc:description":"Why does the world have the pattern of patriarchy it currently possesses? Why have patriarchal practices and institutions evolved and changed in the ways they have tended to over time in human societies? This paper explores these general questions by integrating a feminist analysis of patriarchy with the central insights of the functionalist interpretation of historical materialism advanced by G. A. Cohen. The paper has two central aspirations: first, to help narrow the divide between analytical Marxism and feminism by redressing the former's neglect of the important role female labor has played, and continues to play, in shaping human history. Second, by developing the functionalist account of historical materialism in order to take patriarchy seriously, we can derive useful insights for diagnosing the emancipatory challenges that women face in the world today. The degree and form of patriarchy present in any particular society is determined by the productive forces it has had at its disposal. According to historical materialism, technological, material, and medical advances that ease the pressures on high fertility rates (such as the sanitation revolution, vaccinations, birth control, and so on) are the real driving forces behind the positive modulations to patriarchy witnessed in the twentieth century. © by Hypatia, Inc.","citedby-count":"6","prism:aggregationType":"Journal","subtype":"ar","subtypeDescription":"Article","author-count":{"@limit": "100", "@total": "1", "$" :"1"},"author": [{"@_fa": "true", "@seq": "1", "author-url":"https://api.elsevier.com/content/author/author_id/9747292300","authid":"9747292300","authname":"Farrelly C.","surname":"Farrelly","given-name":"Colin","initials":"C."}],"source-id":"23699","fund-no":"undefined","openaccess":"0","openaccessFlag":false},{"@_fa": "true", "link": [{"@_fa": "true", "@ref": "self", "@href": "https://api.elsevier.com/content/abstract/scopus_id/84870917431"},{"@_fa": "true", "@ref": "author-affiliation", "@href": "https://api.elsevier.com/content/abstract/scopus_id/84870917431?field=author,affiliation"},{"@_fa": "true", "@ref": "scopus", "@href": "https://www.scopus.com/inward/record.uri?partnerID=HzOxMe3b&scp=84870917431&origin=inward"},{"@_fa": "true", "@ref": "scopus-citedby", "@href": "https://www.scopus.com/inward/citedby.uri?partnerID=HzOxMe3b&scp=84870917431&origin=inward"}],"prism:url":"https://api.elsevier.com/content/abstract/scopus_id/84870917431","dc:identifier":"SCOPUS_ID:84870917431","eid":"2-s2.0-84870917431","dc:title":"Alternative altars: Beyond patriarchy and priesthood and towards inclusive spirituality, governance and activism among catholic women religious in Ontario","dc:creator":"Gervais C.","prism:publicationName":"Canadian Woman Studies","prism:issn":"07133235","prism:volume":"29","prism:issueIdentifier":"1-2","prism:pageRange":"8-14","prism:coverDate":"2011-12-01","prism:coverDisplayDate":"2011","citedby-count":"3","prism:aggregationType":"Journal","subtype":"ar","subtypeDescription":"Article","author-count":{"@limit": "100", "@total": "1", "$" :"1"},"author": [{"@_fa": "true", "@seq": "1", "author-url":"https://api.elsevier.com/content/author/author_id/35866351100","authid":"35866351100","authname":"Gervais C.","surname":"Gervais","given-name":"Christine","initials":"C."}],"source-id":"21100286987","fund-no":"undefined","openaccess":"0","openaccessFlag":false},{"@_fa": "true", "link": [{"@_fa": "true", "@ref": "self", "@href": "https://api.elsevier.com/content/abstract/scopus_id/84878730756"},{"@_fa": "true", "@ref": "author-affiliation", "@href": "https://api.elsevier.com/content/abstract/scopus_id/84878730756?field=author,affiliation"},{"@_fa": "true", "@ref": "scopus", "@href": "https://www.scopus.com/inward/record.uri?partnerID=HzOxMe3b&scp=84878730756&origin=inward"},{"@_fa": "true", "@ref": "scopus-citedby", "@href": "https://www.scopus.com/inward/citedby.uri?partnerID=HzOxMe3b&scp=84878730756&origin=inward"}],"prism:url":"https://api.elsevier.com/content/abstract/scopus_id/84878730756","dc:identifier":"SCOPUS_ID:84878730756","eid":"2-s2.0-84878730756","dc:title":"Women were the miracle on the other side. On east German «sociocultural inventory»and socialist patriarchy","dc:creator":"Schröter U.","prism:publicationName":"Argument","prism:issn":"00041157","prism:volume":"53","prism:issueIdentifier":"6","prism:pageRange":"885-896","prism:coverDate":"2011-12-01","prism:coverDisplayDate":"2011","dc:description":"The article reflects on the experiences of East German women before and after 1990. Ursula Schroter presents the western feminist argument that «capitalism works only with patriarchal»and completes it with the East German experience: «patriarchy also works without capitalism». 20 years after the societal changes in (East) Germany it is a topic ripe for thorough research in the social sciences.","citedby-count":"0","prism:aggregationType":"Journal","subtype":"ar","subtypeDescription":"Article","author-count":{"@limit": "100", "@total": "1", "$" :"1"},"author": [{"@_fa": "true", "@seq": "1", "author-url":"https://api.elsevier.com/content/author/author_id/55758278600","authid":"55758278600","authname":"Schröter U.","surname":"Schröter","given-name":"Ursula","initials":"U."}],"source-id":"24794","fund-no":"undefined","openaccess":"0","openaccessFlag":false},{"@_fa": "true", "link": [{"@_fa": "true", "@ref": "self", "@href": "https://api.elsevier.com/content/abstract/scopus_id/84856754368"},{"@_fa": "true", "@ref": "author-affiliation", "@href": "https://api.elsevier.com/content/abstract/scopus_id/84856754368?field=author,affiliation"},{"@_fa": "true", "@ref": "scopus", "@href": "https://www.scopus.com/inward/record.uri?partnerID=HzOxMe3b&scp=84856754368&origin=inward"},{"@_fa": "true", "@ref": "scopus-citedby", "@href": "https://www.scopus.com/inward/citedby.uri?partnerID=HzOxMe3b&scp=84856754368&origin=inward"}],"prism:url":"https://api.elsevier.com/content/abstract/scopus_id/84856754368","dc:identifier":"SCOPUS_ID:84856754368","eid":"2-s2.0-84856754368","dc:title":"A theoretical view of the globalizing sex industry: World system position, local patriarchy, and state policy in South Korea","dc:creator":"Shin K.","prism:publicationName":"Advances in Gender Research","prism:issn":"15292126","prism:volume":"15","prism:pageRange":"75-94","prism:coverDate":"2011-12-01","prism:coverDisplayDate":"2011","prism:doi":"10.1108/S1529-2126(2011)0000015009","dc:description":"Purpose - To understand women's participation in domestic and global sex (entertainment) industries in South Korea, this study proposes an integrative theoretical framework of political economy with three analytical dimensions: position in the world-system, local patriarchy, and the state policies.Method/approach - The theory that seeks to understand the South Korean government's policy on prostitution is formulated based on reviews of transnational and global research on gender and sex work, local patriarchy, and political economy of world-system. Two historical examples of the sex industry, businesses near U.S. military camps on the Korean peninsula and Korean prostitutes in several cities of Japan, are used to illustrate the theory. The data for these cases were collected from a variety of sources including government and nongovernment documents, newspaper articles, film, and demographic information.Findings - The application of the theoretical frame makes it possible to understand the socioeconomic and political contexts in which South Korean society, as a semiperipheral nation, has produced a vast number of women in the sex industry.Practical implications - When the government's policy emphasizes rapid economic growth viewing women as a source of revenue, it will be difficult to understand marginalization of women's status in informal sectors and massive production of prostitutes in domestic and transnational scale.Value of study - Using a macro and structural perspective, this study sheds light on the transnational/global nature of the prostitution industry, and specifically the role of the state, and local patriarchy in the globalizing South Korean sex industry.","citedby-count":"3","prism:aggregationType":"Book Series","subtype":"ar","subtypeDescription":"Article","author-count":{"@limit": "100", "@total": "1", "$" :"1"},"author": [{"@_fa": "true", "@seq": "1", "author-url":"https://api.elsevier.com/content/author/author_id/14828435600","authid":"14828435600","authname":"Shin K.","surname":"Shin","given-name":"Kyoung Ho","initials":"K.H."}],"source-id":"4000152128","fund-no":"undefined","openaccess":"0","openaccessFlag":false},{"@_fa": "true", "link": [{"@_fa": "true", "@ref": "self", "@href": "https://api.elsevier.com/content/abstract/scopus_id/84903679996"},{"@_fa": "true", "@ref": "author-affiliation", "@href": "https://api.elsevier.com/content/abstract/scopus_id/84903679996?field=author,affiliation"},{"@_fa": "true", "@ref": "scopus", "@href": "https://www.scopus.com/inward/record.uri?partnerID=HzOxMe3b&scp=84903679996&origin=inward"},{"@_fa": "true", "@ref": "scopus-citedby", "@href": "https://www.scopus.com/inward/citedby.uri?partnerID=HzOxMe3b&scp=84903679996&origin=inward"}],"prism:url":"https://api.elsevier.com/content/abstract/scopus_id/84903679996","dc:identifier":"SCOPUS_ID:84903679996","eid":"2-s2.0-84903679996","dc:title":"What feminism has to say about world war z","dc:creator":"Rinaldi J.","prism:publicationName":"Braaaiiinnnsss!: From Academics to Zombies","prism:isbn": [{"@_fa": "true", "$" :"9780776607702"}],"prism:pageRange":"9-19","prism:coverDate":"2011-12-01","prism:coverDisplayDate":"2011","dc:description":"I'm woefully impractical. With World War Z coming, I have done little to strategize about provisions, am ill prepared when it comes to barricades and couldn't handle a gun to save my life, quite literally. Ever the feminist, though, I am indignant over what will constitute this eventual zombie horde, and how both the spread of the virus and zombie-human engagement will play out in a patriarchal culture.1 In the event of World War Z, 1 It is possible that patriarchy would cease to exist if we had such a drastic paradigm shift as a zombie outbreak. Indeed, as long as there are no human beings to reinforce patriarchy, since patriarchy is social, it would cease to exist. Also, in the wake of World War Z, the few human beings left will fall into some sort of anarchy, so it is possible they will no longer need imbalanced power structures and will come together-despite old patriarchal and hierarchical frameworks-in the face of a common enemy. However, I have a feeling that both patriarchy and cockroaches will survive the apocalypse, at least as long as human beings live. I will demonstrate in this chapter how patriarchy will produce the kind of zombie community we will have, at least in the first waves of the attack, and how zombie confrontations will still be rooted in patriarchal ideas. no doubt I'll write furiously on the subject, maybe even plan a protest or two, and thus probably get eaten early. Perhaps, though, my tangents have some practical import; feminism deals with very concrete problems, after all. That is, perhaps my interests will aid in coming up with preventative measures, for planning ahead to lessen the spread of the virus might just involve redressing injustices that are already happening. My intention here is to apply a feminist analysis to the impending zombie outbreak. I will outline the main points in feminist theory; then, with that theoretical lens, I will assess the makeup of the eventual undead community. © 2011 by University of Ottawa Press.","citedby-count":"0","prism:aggregationType":"Book","subtype":"ch","subtypeDescription":"Chapter","author-count":{"@limit": "100", "@total": "1", "$" :"1"},"author": [{"@_fa": "true", "@seq": "1", "author-url":"https://api.elsevier.com/content/author/author_id/56244333000","authid":"56244333000","authname":"Rinaldi J.","surname":"Rinaldi","given-name":"Jen","initials":"J.","afid": [{"@_fa": "true", "$" :"60033420"}]}],"source-id":"21100322260","fund-no":"undefined","openaccess":"0","openaccessFlag":false},{"@_fa": "true", "link": [{"@_fa": "true", "@ref": "self", "@href": "https://api.elsevier.com/content/abstract/scopus_id/84892630832"},{"@_fa": "true", "@ref": "author-affiliation", "@href": "https://api.elsevier.com/content/abstract/scopus_id/84892630832?field=author,affiliation"},{"@_fa": "true", "@ref": "scopus", "@href": "https://www.scopus.com/inward/record.uri?partnerID=HzOxMe3b&scp=84892630832&origin=inward"},{"@_fa": "true", "@ref": "scopus-citedby", "@href": "https://www.scopus.com/inward/citedby.uri?partnerID=HzOxMe3b&scp=84892630832&origin=inward"}],"prism:url":"https://api.elsevier.com/content/abstract/scopus_id/84892630832","dc:identifier":"SCOPUS_ID:84892630832","eid":"2-s2.0-84892630832","dc:title":"Mimicking subjection to the Name- of- the -Father in Harold Pinter's The Homecoming","dc:creator":"Roşca A.","prism:publicationName":"Word and Text","prism:issn":"20699271","prism:eIssn":"20699271","prism:volume":"1","prism:issueIdentifier":"1","prism:pageRange":"92-99","prism:coverDate":"2011-12-01","prism:coverDisplayDate":"2011","dc:description":"This paper embraces the postulation that feminine sexuality and physicality displays its movement in its own distinct space of manifestation. Female corporality lives outside the predominant ideological representations of patriarchy which can no longer impose their structures or prove their efficiency. In Harold Pinter's The Homecoming femininity involves in mimicry. Imitation of the conventional roles women occupy in the politics of masculinity implies mimicking subordination to the Name-of-the-Father. Paradoxically, this type of imitation allows women to disrupt and display the fabricated nature of the ideological apparatus in which they operate.","citedby-count":"0","prism:aggregationType":"Journal","subtype":"ar","subtypeDescription":"Article","author-count":{"@limit": "100", "@total": "1", "$" :"1"},"author": [{"@_fa": "true", "@seq": "1", "author-url":"https://api.elsevier.com/content/author/author_id/56007405100","authid":"56007405100","authname":"Roşca A.","surname":"Roşca","given-name":"Alina Elena","initials":"A.E.","afid": [{"@_fa": "true", "$" :"60027991"}]}],"authkeywords":"Femininity | Masculinity | Patriarchy | Sexuality | The Name-of-the-Father","source-id":"21100283747","fund-no":"undefined","openaccess":"0","openaccessFlag":false},{"@_fa": "true", "link": [{"@_fa": "true", "@ref": "self", "@href": "https://api.elsevier.com/content/abstract/scopus_id/84857744820"},{"@_fa": "true", "@ref": "author-affiliation", "@href": "https://api.elsevier.com/content/abstract/scopus_id/84857744820?field=author,affiliation"},{"@_fa": "true", "@ref": "scopus", "@href": "https://www.scopus.com/inward/record.uri?partnerID=HzOxMe3b&scp=84857744820&origin=inward"},{"@_fa": "true", "@ref": "scopus-citedby", "@href": "https://www.scopus.com/inward/citedby.uri?partnerID=HzOxMe3b&scp=84857744820&origin=inward"}],"prism:url":"https://api.elsevier.com/content/abstract/scopus_id/84857744820","dc:identifier":"SCOPUS_ID:84857744820","eid":"2-s2.0-84857744820","dc:title":"Incomplete resistance: O Céu de Suely","dc:creator":"Blaney L.","prism:publicationName":"Feminist Media Studies","prism:issn":"14680777","prism:eIssn":"14715902","prism:volume":"11","prism:issueIdentifier":"4","prism:pageRange":"433-449","prism:coverDate":"2011-12-01","prism:coverDisplayDate":"1 December 2011","prism:doi":"10.1080/14680777.2011.555962","dc:description":"The purpose of this essay is to examine the contradictions between narrative and filmic technique that result in conflicting messages in Karim Anouz's film O Céu de Suely. Although the film demonstrates the hardship and isolation that drive its northeastern Brazilian protagonist to raffle herself in order to buy a bus ticket out of town, it simultaneously sensualizes and encourages the audience to take pleasure in the female body by displaying it erotically. I call this tension between message and form incomplete resistance. The questions of how prostitution relates to patriarchy and the success of the protagonist's scheme in selling sex while refusing the label of prostitute are central to this analysis. © 2011 Taylor and Francis Group, LLC.","citedby-count":"0","prism:aggregationType":"Journal","subtype":"re","subtypeDescription":"Review","author-count":{"@limit": "100", "@total": "1", "$" :"1"},"author": [{"@_fa": "true", "@seq": "1", "author-url":"https://api.elsevier.com/content/author/author_id/55049914100","authid":"55049914100","authname":"Blaney L.","surname":"Blaney","given-name":"Lucy","initials":"L."}],"authkeywords":"Brazil | capitalism | film | gaze | gender | patriarchy | prostitution","source-id":"5700168400","fund-no":"undefined","openaccess":"0","openaccessFlag":false},{"@_fa": "true", "link": [{"@_fa": "true", "@ref": "self", "@href": "https://api.elsevier.com/content/abstract/scopus_id/84882406064"},{"@_fa": "true", "@ref": "author-affiliation", "@href": "https://api.elsevier.com/content/abstract/scopus_id/84882406064?field=author,affiliation"},{"@_fa": "true", "@ref": "scopus", "@href": "https://www.scopus.com/inward/record.uri?partnerID=HzOxMe3b&scp=84882406064&origin=inward"},{"@_fa": "true", "@ref": "scopus-citedby", "@href": "https://www.scopus.com/inward/citedby.uri?partnerID=HzOxMe3b&scp=84882406064&origin=inward"}],"prism:url":"https://api.elsevier.com/content/abstract/scopus_id/84882406064","dc:identifier":"SCOPUS_ID:84882406064","eid":"2-s2.0-84882406064","dc:title":"From patriarchy to fratriarchy. Parity as a new feminist goal","dc:creator":"Gaspard F.","prism:publicationName":"Cahiers du Genre","prism:issn":"12986046","prism:eIssn":"19683928","prism:volume":"2 HS","prism:issueIdentifier":"3","prism:pageRange":"135-155","prism:coverDate":"2011-12-01","prism:coverDisplayDate":"2011","prism:doi":"10.3917/cdge.hs02.0135","dc:description":"In the West 'and particularly in France' feminism operates by waves. This implies periods if not of back flow in any case of lesser visibility. The demand for parity that emerged in the mid-1990s provoked a furious argument in France that blurred the traditional border separating equality feminists from those asserting sexual difference. This article reconsiders the origins of the debates on parity to try to analyse the nature of men's resistance to the division of power in the public sphere. It formulates the hypothesis that, while patriarchy is declining, there continues a silent demonstration of a pact between the \"brothers\", in other words a brotherhood that is all the more solid because parity threatens the division between private and public' a private sphere which is, definitely, political. © L'Harmattan. Tous droits réservés pour tous pays.","citedby-count":"1","prism:aggregationType":"Journal","subtype":"ar","subtypeDescription":"Article","author-count":{"@limit": "100", "@total": "1", "$" :"1"},"author": [{"@_fa": "true", "@seq": "1", "author-url":"https://api.elsevier.com/content/author/author_id/28767601200","authid":"28767601200","authname":"Gaspard F.","surname":"Gaspard","given-name":"Françoise","initials":"F."}],"authkeywords":"Discriminations | Inequalities | International institutions | Parity | Political representation | Women's struggles","source-id":"21100243004","fund-no":"undefined","openaccess":"0","openaccessFlag":false},{"@_fa": "true", "link": [{"@_fa": "true", "@ref": "self", "@href": "https://api.elsevier.com/content/abstract/scopus_id/84904531792"},{"@_fa": "true", "@ref": "author-affiliation", "@href": "https://api.elsevier.com/content/abstract/scopus_id/84904531792?field=author,affiliation"},{"@_fa": "true", "@ref": "scopus", "@href": "https://www.scopus.com/inward/record.uri?partnerID=HzOxMe3b&scp=84904531792&origin=inward"},{"@_fa": "true", "@ref": "scopus-citedby", "@href": "https://www.scopus.com/inward/citedby.uri?partnerID=HzOxMe3b&scp=84904531792&origin=inward"}],"prism:url":"https://api.elsevier.com/content/abstract/scopus_id/84904531792","dc:identifier":"SCOPUS_ID:84904531792","eid":"2-s2.0-84904531792","dc:title":"Men on the margins: Masculinities in disadvantaged areas in Limerick city","dc:creator":"Kelleher P.","prism:publicationName":"Understanding Limerick: Social Exclusion and Change","prism:isbn": [{"@_fa": "true", "$" :"9781859184578"}],"prism:pageRange":"169-184","prism:coverDate":"2011-12-01","prism:coverDisplayDate":"2011","dc:description":"Large numbers of men benefit materially, socially and politically from patriarchy, but the advantages described as the 'patriarchal dividend' are not spread equally among men. 1 In other words, not all men are equally privileged. In this context, a key issue is how do men negotiate their identities as men within disadvantaged areas? This raises questions about the social and economic structures in which they live as well as about their cultural definitions of masculinities. Connell suggested that, 'Mascul inities are constructed, over time, in young people's encounters with a system of gender relations.' 2 Thus gender 'is something people do' and it varies across time and place. 3 . © 2011 by The Cork University Press. All rights reserved.","citedby-count":"1","affiliation": [{"@_fa": "true", "affiliation-url":"https://api.elsevier.com/content/affiliation/affiliation_id/60009602","afid":"60009602","affilname":"University of Limerick","affiliation-city":"Limerick","affiliation-country":"Ireland"}],"prism:aggregationType":"Book","subtype":"ch","subtypeDescription":"Chapter","author-count":{"@limit": "100", "@total": "2", "$" :"2"},"author": [{"@_fa": "true", "@seq": "1", "author-url":"https://api.elsevier.com/content/author/author_id/56282705100","authid":"56282705100","authname":"Kelleher P.","surname":"Kelleher","given-name":"Patricia","initials":"P.","afid": [{"@_fa": "true", "$" :"60009602"}]},{"@_fa": "true", "@seq": "2", "author-url":"https://api.elsevier.com/content/author/author_id/56213214100","authid":"56213214100","authname":"O'Connor P.","surname":"O'Connor","given-name":"Pat","initials":"P.","afid": [{"@_fa": "true", "$" :"60009602"}]}],"source-id":"21100324918","fund-no":"undefined","openaccess":"0","openaccessFlag":false},{"@_fa": "true", "link": [{"@_fa": "true", "@ref": "self", "@href": "https://api.elsevier.com/content/abstract/scopus_id/81255142037"},{"@_fa": "true", "@ref": "author-affiliation", "@href": "https://api.elsevier.com/content/abstract/scopus_id/81255142037?field=author,affiliation"},{"@_fa": "true", "@ref": "scopus", "@href": "https://www.scopus.com/inward/record.uri?partnerID=HzOxMe3b&scp=81255142037&origin=inward"},{"@_fa": "true", "@ref": "scopus-citedby", "@href": "https://www.scopus.com/inward/citedby.uri?partnerID=HzOxMe3b&scp=81255142037&origin=inward"},{"@_fa": "true", "@ref": "full-text", "@href": "https://api.elsevier.com/content/article/eid/1-s2.0-S0190740911003215"}],"prism:url":"https://api.elsevier.com/content/abstract/scopus_id/81255142037","dc:identifier":"SCOPUS_ID:81255142037","eid":"2-s2.0-81255142037","dc:title":"The experience of Jordanian care leavers making the transition from residential care to adulthood: The influence of a patriarchal and collectivist culture","dc:creator":"Ibrahim R.","prism:publicationName":"Children and Youth Services Review","prism:issn":"01907409","prism:volume":"33","prism:issueIdentifier":"12","prism:pageRange":"2469-2474","prism:coverDate":"2011-12-01","prism:coverDisplayDate":"December 2011","prism:doi":"10.1016/j.childyouth.2011.08.019","pii":"S0190740911003215","dc:description":"The problems faced by young people leaving care to join the adult world are well-known. The present study adds to the current body of research on the subject by exploring the post-care experiences of young Jordanian care leavers. Forty two care leavers were interviewed, thirteen of whom also took part in a focus group. The interview data were analysed qualitatively. Jordanian care leavers described many experiences similar to those reported by young people leaving care in other countries including struggles to continue education, find accommodation, secure employment, and cope financially. Of particular interest was the more specific finding that the cultural values of patriarchy, family life, and collectivism characteristic of all Arab countries had a deeply pervasive impact on many of the care leavers' post-care experiences. The reasons that brought the young people into care, and the lack of family that most experienced upon leaving care, increased the risk of them being stigmatised. For many, managing their post-care identity in a patriarchal, family-based culture proved difficult and stressful. Although some care-leavers did receive exceptional, albeit informal support from friends and employers, the challenges faced by the care leavers were often exacerbated by the cultural values explicit in a society that is patriarchal, family-based and honour-bound. The policy and practise implications of these findings are briefly acknowledged. © 2011 Elsevier Ltd.","citedby-count":"27","affiliation": [{"@_fa": "true", "affiliation-url":"https://api.elsevier.com/content/affiliation/affiliation_id/60000112","afid":"60000112","affilname":"University of East Anglia","affiliation-city":"Norwich","affiliation-country":"United Kingdom"},{"@_fa": "true", "affiliation-url":"https://api.elsevier.com/content/affiliation/affiliation_id/109639786","afid":"109639786","affilname":"Columbia University Middle East Research Center","affiliation-city":"Amman","affiliation-country":"Jordan"}],"prism:aggregationType":"Journal","subtype":"ar","subtypeDescription":"Article","author-count":{"@limit": "100", "@total": "2", "$" :"2"},"author": [{"@_fa": "true", "@seq": "1", "author-url":"https://api.elsevier.com/content/author/author_id/54791081600","authid":"54791081600","authname":"Ibrahim R.","surname":"Ibrahim","given-name":"Rawan W.","initials":"R.W.","afid": [{"@_fa": "true", "$" :"109639786"}]},{"@_fa": "true", "@seq": "2", "author-url":"https://api.elsevier.com/content/author/author_id/36195557500","authid":"36195557500","authname":"Howe D.","surname":"Howe","given-name":"David","initials":"D.","afid": [{"@_fa": "true", "$" :"60000112"}]}],"authkeywords":"Arab care leavers | Collectivist culture | Jordan | Patriarchy | Stigma | Transitions from residential care","source-id":"24482","fund-no":"undefined","openaccess":"0","openaccessFlag":false},{"@_fa": "true", "link": [{"@_fa": "true", "@ref": "self", "@href": "https://api.elsevier.com/content/abstract/scopus_id/84871181234"},{"@_fa": "true", "@ref": "author-affiliation", "@href": "https://api.elsevier.com/content/abstract/scopus_id/84871181234?field=author,affiliation"},{"@_fa": "true", "@ref": "scopus", "@href": "https://www.scopus.com/inward/record.uri?partnerID=HzOxMe3b&scp=84871181234&origin=inward"},{"@_fa": "true", "@ref": "scopus-citedby", "@href": "https://www.scopus.com/inward/citedby.uri?partnerID=HzOxMe3b&scp=84871181234&origin=inward"}],"prism:url":"https://api.elsevier.com/content/abstract/scopus_id/84871181234","dc:identifier":"SCOPUS_ID:84871181234","eid":"2-s2.0-84871181234","dc:title":"Public debates about luo widow inheritance christianity, tradition, and AIDS in Western Kenya","dc:creator":"Prince R.","prism:publicationName":"Christianity and Public Culture in Africa","prism:isbn": [{"@_fa": "true", "$" :"9780821419458"}],"prism:pageRange":"109-130","prism:coverDate":"2011-12-01","prism:coverDisplayDate":"2011","dc:description":"SINCE THE 1990s luo culture, in the form of the levirate, or so-called widow inheritance, has become the focus of heated public debate in western Kenya and beyond in relation to the Hiv/AidS pandemic.1 reports in the east African media, such as the article quoted above from the Daily Nation, as well as scientific articles, link widow inheritance to a high Hiv prevalence among the luo population in western Kenya, while ngos, church groups, international organizations, and government officials organize campaigns to combat widow inheritance. media reports and international conferences on AidS, the Web sites of ngos such as Human Rights Watch, and Christian Newsletters feed the global circulation of this knowledge. framed in terms of risk and individual rights, they create a powerful discourse linking Luo widow inheritance to infection, patriarchy, and the oppression of women. © 2011 by Ohio University Press. All rights reserved.","citedby-count":"5","affiliation": [{"@_fa": "true", "affiliation-url":"https://api.elsevier.com/content/affiliation/affiliation_id/60031101","afid":"60031101","affilname":"University of Cambridge","affiliation-city":"Cambridge","affiliation-country":"United Kingdom"}],"prism:aggregationType":"Book","subtype":"ch","subtypeDescription":"Chapter","author-count":{"@limit": "100", "@total": "1", "$" :"1"},"author": [{"@_fa": "true", "@seq": "1", "author-url":"https://api.elsevier.com/content/author/author_id/7201350875","authid":"7201350875","authname":"Prince R.","surname":"Prince","given-name":"Ruth","initials":"R.","afid": [{"@_fa": "true", "$" :"60031101"}]}],"source-id":"21100296751","fund-no":"undefined","openaccess":"0","openaccessFlag":false},{"@_fa": "true", "link": [{"@_fa": "true", "@ref": "self", "@href": "https://api.elsevier.com/content/abstract/scopus_id/84862928015"},{"@_fa": "true", "@ref": "author-affiliation", "@href": "https://api.elsevier.com/content/abstract/scopus_id/84862928015?field=author,affiliation"},{"@_fa": "true", "@ref": "scopus", "@href": "https://www.scopus.com/inward/record.uri?partnerID=HzOxMe3b&scp=84862928015&origin=inward"},{"@_fa": "true", "@ref": "scopus-citedby", "@href": "https://www.scopus.com/inward/citedby.uri?partnerID=HzOxMe3b&scp=84862928015&origin=inward"}],"prism:url":"https://api.elsevier.com/content/abstract/scopus_id/84862928015","dc:identifier":"SCOPUS_ID:84862928015","eid":"2-s2.0-84862928015","dc:title":"From larva to butterfly: Sophia in ding ling's miss sophia's diary and coco in wei hui's","dc:creator":"Liu X.","prism:publicationName":"Asian Journal of Women's Studies","prism:issn":"12259276","prism:volume":"17","prism:issueIdentifier":"4","prism:pageRange":"69-98","prism:coverDate":"2011-12-01","prism:coverDisplayDate":"2011","dc:description":"Sophia and Coco are two characters in Ding Ling's Miss Sophia's Diary (1928/1995) and Wei Hui's Shanghai Baby (1999), respectively. Like a larva, Sophia, who enters society in the early twentieth century, is weak and immobile. Coco, who lives at the end of the twentieth century, is like a butterfly leading an outlandish lifestyle. The differences between Sophia and Coco reflect the achievement of official feminism, which liberated Chinese women from traditional patriarchal control in the social sense. However, gender issues for women remain unresolved. To fight against traditional patriarchy and especially challenge gender oppression in official feminism, both Sophia and Coco boldly acknowledge and pursue sexual desire. Their feminist discourses are both commendable and controversial, given their situations and the times in which they live. © 2011 Asian Center for Women's Studies; Ewha Womans University Press.","citedby-count":"2","prism:aggregationType":"Journal","subtype":"ar","subtypeDescription":"Article","author-count":{"@limit": "100", "@total": "1", "$" :"1"},"author": [{"@_fa": "true", "@seq": "1", "author-url":"https://api.elsevier.com/content/author/author_id/55264915200","authid":"55264915200","authname":"Liu X.","surname":"Liu","given-name":"Xiaoqing","initials":"X."}],"authkeywords":"Body writing | Female sexuality | Feminist discourse | Male gaze | Modern Chinese women | Official feminism","source-id":"23043","fund-no":"undefined","openaccess":"0","openaccessFlag":false},{"@_fa": "true", "link": [{"@_fa": "true", "@ref": "self", "@href": "https://api.elsevier.com/content/abstract/scopus_id/84899334702"},{"@_fa": "true", "@ref": "author-affiliation", "@href": "https://api.elsevier.com/content/abstract/scopus_id/84899334702?field=author,affiliation"},{"@_fa": "true", "@ref": "scopus", "@href": "https://www.scopus.com/inward/record.uri?partnerID=HzOxMe3b&scp=84899334702&origin=inward"},{"@_fa": "true", "@ref": "scopus-citedby", "@href": "https://www.scopus.com/inward/citedby.uri?partnerID=HzOxMe3b&scp=84899334702&origin=inward"}],"prism:url":"https://api.elsevier.com/content/abstract/scopus_id/84899334702","dc:identifier":"SCOPUS_ID:84899334702","eid":"2-s2.0-84899334702","dc:title":"Defending women, defending rights: Transnational organizing in a culture of human rights","dc:creator":"Real M.","prism:publicationName":"Gender and Culture at the Limit of Rights","prism:isbn": [{"@_fa": "true", "$" :"9780812243284"}],"prism:pageRange":"218-234","prism:coverDate":"2011-12-01","prism:coverDisplayDate":"2011","dc:description":"This is a self-reflexive essay to introduce the Women Human Rights Defenders International Coalition (WHRD IC), for which I serve as coordinator. Using the Coalition as a point of reference, the chapter examines the complexities of transnational organizing for women's human rights. It provides an overview of the global-local articulation of human rights within which the Coalition operates, and points to the power of mobilizing under the appeal of a culture of \"universality\" of human rights while exposing the difficulties and dangers of advancing a women's human rights agenda within a fundamentally androcentric framework and a pervasive culture of patriarchy. In spite of the resounding acceptance of \"women's rights as human rights\" following the World Conference on Human Rights in Vienna, Austria in 1993, the culture of human rights has not fully integrated women's human rights. A closer reading of the prevailing interpretation of the United Nations Declaration on Human Rights Defenders reveals that attempts to infuse human rights with a gender perspective have highlighted the specificities of gender needs, but earnest efforts to address these gender-specific concerns tend to reify a special category of \"women human rights defenders\" instead. This has further reinforced the persistent \"ghettoization\" of women's human rights. Mobilizing around human rights and adopting it as a framework for advocacy have given visibility and legitimacy to women's concerns. The framework has recognized the validity of women's issues and translated these into rights, for which the state can be made accountable. Activists demanding their enforceability are beginning to be recognized as \"human rights defenders.\" However, the danger of employing a human rights framework becomes apparent as women human rights defenders exercise their activism within a formidable culture of patriarchy. Advocacy for women's human rights and its defense is taking place not only in a situation of selective enforcement of rights by the state, but more alarmingly in a context of violent backlash against defenders of women's rights insidiously deployed by the state, as well as by ultraconservative forces in the family and community in the interest of \"upholding religion\" or \"preserving culture and tradition. Copyright © 2011 University of Pennsylvania Press. All rights reserved.","citedby-count":"0","prism:aggregationType":"Book","subtype":"ch","subtypeDescription":"Chapter","author-count":{"@limit": "100", "@total": "1", "$" :"1"},"author": [{"@_fa": "true", "@seq": "1", "author-url":"https://api.elsevier.com/content/author/author_id/56128892200","authid":"56128892200","authname":"Real M.","surname":"Real","given-name":"Mary Jane N","initials":"M.J.N.","afid": [{"@_fa": "true", "$" :"60030623"}]}],"source-id":"21100306326","fund-no":"undefined","openaccess":"0","openaccessFlag":false},{"@_fa": "true", "link": [{"@_fa": "true", "@ref": "self", "@href": "https://api.elsevier.com/content/abstract/scopus_id/84858769338"},{"@_fa": "true", "@ref": "author-affiliation", "@href": "https://api.elsevier.com/content/abstract/scopus_id/84858769338?field=author,affiliation"},{"@_fa": "true", "@ref": "scopus", "@href": "https://www.scopus.com/inward/record.uri?partnerID=HzOxMe3b&scp=84858769338&origin=inward"},{"@_fa": "true", "@ref": "scopus-citedby", "@href": "https://www.scopus.com/inward/citedby.uri?partnerID=HzOxMe3b&scp=84858769338&origin=inward"},{"@_fa": "true", "@ref": "full-text", "@href": "https://api.elsevier.com/content/article/eid/1-s2.0-S1877042811007816"}],"prism:url":"https://api.elsevier.com/content/abstract/scopus_id/84858769338","dc:identifier":"SCOPUS_ID:84858769338","eid":"2-s2.0-84858769338","dc:title":"Citizenship values in school subjects: A case-study on Iran's elementary and secondary education school subjects","dc:creator":"Chanzanagh H.","prism:publicationName":"Procedia - Social and Behavioral Sciences","prism:issn":"18770428","prism:volume":"15","prism:pageRange":"3018-3023","prism:coverDate":"2011-12-01","prism:coverDisplayDate":"2011","prism:doi":"10.1016/j.sbspro.2011.04.235","pii":"S1877042811007816","dc:description":"In this research, using 'cultural reproduction' theory, level of Citizenship Values presence in elementary and secondary school subjects of Islamic Republic of Iran's education system has been critically studied. Selected textbooks to be analyzed include four kinds of school subjects that concept-wise can whether implicitly or explicitly contain material relevant to democratic Citizenship Values. The method utilized in this research is \"critical discourse analysis\" in order to trace and extract the footprints of values concealed in school subjects. The research results demonstrate that in these books the concepts such as contentment, satisfaction, patriarchy, religious superiority, obedience, and submission are presented more. © 2011 Published by Elsevier Ltd.","citedby-count":"1","prism:aggregationType":"Conference Proceeding","subtype":"cp","subtypeDescription":"Conference Paper","author-count":{"@limit": "100", "@total": "3", "$" :"3"},"author": [{"@_fa": "true", "@seq": "1", "author-url":"https://api.elsevier.com/content/author/author_id/16063480900","authid":"16063480900","authname":"Chanzanagh H.","surname":"Chanzanagh","given-name":"Hamid Ebadollahi","initials":"H.E.","afid": [{"@_fa": "true", "$" :"60025948"}]},{"@_fa": "true", "@seq": "2", "author-url":"https://api.elsevier.com/content/author/author_id/55128011800","authid":"55128011800","authname":"Mansoori F.","surname":"Mansoori","given-name":"Farid","initials":"F.","afid": [{"@_fa": "true", "$" :"112723165"}]},{"@_fa": "true", "@seq": "3", "author-url":"https://api.elsevier.com/content/author/author_id/55130609300","authid":"55130609300","authname":"Zarsazkar M.","surname":"Zarsazkar","given-name":"Mahdi","initials":"M."}],"authkeywords":"Citizenship values | Critical discourse analysis | Duty-based citizenship | Right-based citizenship | School subjects","source-id":"17700156418","fund-no":"undefined","openaccess":"1","openaccessFlag":true},{"@_fa": "true", "link": [{"@_fa": "true", "@ref": "self", "@href": "https://api.elsevier.com/content/abstract/scopus_id/84858252394"},{"@_fa": "true", "@ref": "author-affiliation", "@href": "https://api.elsevier.com/content/abstract/scopus_id/84858252394?field=author,affiliation"},{"@_fa": "true", "@ref": "scopus", "@href": "https://www.scopus.com/inward/record.uri?partnerID=HzOxMe3b&scp=84858252394&origin=inward"},{"@_fa": "true", "@ref": "scopus-citedby", "@href": "https://www.scopus.com/inward/citedby.uri?partnerID=HzOxMe3b&scp=84858252394&origin=inward"}],"prism:url":"https://api.elsevier.com/content/abstract/scopus_id/84858252394","dc:identifier":"SCOPUS_ID:84858252394","eid":"2-s2.0-84858252394","dc:title":"The next generation of pregnant women: More freedom in the public sphere or just an illusion?","dc:creator":"Heffernan K.","prism:publicationName":"Journal of Gender Studies","prism:issn":"09589236","prism:eIssn":"14653869","prism:volume":"20","prism:issueIdentifier":"4","prism:pageRange":"321-332","prism:coverDate":"2011-12-01","prism:coverDisplayDate":"December 2011","prism:doi":"10.1080/09589236.2011.617602","dc:description":"This article argues that, withstanding the liberating effects of the women's movement, the contraceptive revolution, the equal opportunities revolution, and the increase in equal access to information - which have all helped to increase women's mobility within society - is a serendipitous form of societal policing of women's actions that may be linked to ongoing patriarchal views. We attempt to explain our analysis by reviewing historical developments, such as women's movement from the private domain of domestic life to the more public domain of work as well as the many changes in the forms of mass media since the 1950s, and by presenting findings from research across generations of pregnant women who shared with us their experiences of being pregnant. © 2011 Taylor and Francis Group, LLC.","citedby-count":"4","affiliation": [{"@_fa": "true", "affiliation-url":"https://api.elsevier.com/content/affiliation/affiliation_id/60020595","afid":"60020595","affilname":"Royal Holloway University of London","affiliation-city":"Egham","affiliation-country":"United Kingdom"},{"@_fa": "true", "affiliation-url":"https://api.elsevier.com/content/affiliation/affiliation_id/60007595","afid":"60007595","affilname":"State University of New York Brockport","affiliation-city":"Brockport","affiliation-country":"United States"}],"prism:aggregationType":"Journal","subtype":"ar","subtypeDescription":"Article","author-count":{"@limit": "100", "@total": "3", "$" :"3"},"author": [{"@_fa": "true", "@seq": "1", "author-url":"https://api.elsevier.com/content/author/author_id/15042194400","authid":"15042194400","authname":"Heffernan K.","surname":"Heffernan","given-name":"Kristin","initials":"K.","afid": [{"@_fa": "true", "$" :"60007595"}]},{"@_fa": "true", "@seq": "2", "author-url":"https://api.elsevier.com/content/author/author_id/7004467339","authid":"7004467339","authname":"Nicolson P.","surname":"Nicolson","given-name":"Paula","initials":"P.","afid": [{"@_fa": "true", "$" :"60020595"}]},{"@_fa": "true", "@seq": "3", "author-url":"https://api.elsevier.com/content/author/author_id/35096402500","authid":"35096402500","authname":"Fox R.","surname":"Fox","given-name":"Rebekah","initials":"R.","afid": [{"@_fa": "true", "$" :"60020595"}]}],"authkeywords":"mass media | patriarchy | pregnancy | pregnant body | societal policing","source-id":"23704","fund-no":"undefined","openaccess":"0","openaccessFlag":false},{"@_fa": "true", "link": [{"@_fa": "true", "@ref": "self", "@href": "https://api.elsevier.com/content/abstract/scopus_id/84865685854"},{"@_fa": "true", "@ref": "author-affiliation", "@href": "https://api.elsevier.com/content/abstract/scopus_id/84865685854?field=author,affiliation"},{"@_fa": "true", "@ref": "scopus", "@href": "https://www.scopus.com/inward/record.uri?partnerID=HzOxMe3b&scp=84865685854&origin=inward"},{"@_fa": "true", "@ref": "scopus-citedby", "@href": "https://www.scopus.com/inward/citedby.uri?partnerID=HzOxMe3b&scp=84865685854&origin=inward"}],"prism:url":"https://api.elsevier.com/content/abstract/scopus_id/84865685854","dc:identifier":"SCOPUS_ID:84865685854","eid":"2-s2.0-84865685854","dc:title":"Threat to the family revolution in North Korea: Reading the individual in Paek Namryong's Friend","dc:creator":"Kim I.","prism:publicationName":"Acta Koreana","prism:issn":"15207412","prism:volume":"14","prism:issueIdentifier":"2","prism:pageRange":"225-245","prism:coverDate":"2011-12-01","prism:coverDisplayDate":"December 2011","dc:description":"According to some North Korean defectors, Paek Namryong's Pǒt (Friend) caused a sensation among the North Korean readers in the late 1980s and early 1990s. This is not only because of the novelty of bringing a sensitive issue of divorce into the narrative, but also because Paek creatively depicts the raw human nature and emotions through the characters. While the narrative attempts to maintain the harmony of the nuclear family as the Party desires, Paek leaves his readers in the chaotic world of unresolved marital problems. Paek Namryong's Pǒt is one of the few novels in contemporary North Korean literature that allows the readers to sympathize with the so-called \"internal enemy of the state,\" who is an individual with a higher obligation to herself rather than to the state.","citedby-count":"0","affiliation": [{"@_fa": "true", "affiliation-url":"https://api.elsevier.com/content/affiliation/affiliation_id/60029526","afid":"60029526","affilname":"University of California, Riverside","affiliation-city":"Riverside","affiliation-country":"United States"}],"prism:aggregationType":"Journal","subtype":"ar","subtypeDescription":"Article","author-count":{"@limit": "100", "@total": "1", "$" :"1"},"author": [{"@_fa": "true", "@seq": "1", "author-url":"https://api.elsevier.com/content/author/author_id/55350201300","authid":"55350201300","authname":"Kim I.","surname":"Kim","given-name":"Immanuel","initials":"I.","afid": [{"@_fa": "true", "$" :"60029526"}]}],"authkeywords":"Divorce | Family revolution | Hidden hero | Memory | Patriarchy","source-id":"5600153982","fund-no":"undefined","openaccess":"0","openaccessFlag":false},{"@_fa": "true", "link": [{"@_fa": "true", "@ref": "self", "@href": "https://api.elsevier.com/content/abstract/scopus_id/84875820351"},{"@_fa": "true", "@ref": "author-affiliation", "@href": "https://api.elsevier.com/content/abstract/scopus_id/84875820351?field=author,affiliation"},{"@_fa": "true", "@ref": "scopus", "@href": "https://www.scopus.com/inward/record.uri?partnerID=HzOxMe3b&scp=84875820351&origin=inward"},{"@_fa": "true", "@ref": "scopus-citedby", "@href": "https://www.scopus.com/inward/citedby.uri?partnerID=HzOxMe3b&scp=84875820351&origin=inward"}],"prism:url":"https://api.elsevier.com/content/abstract/scopus_id/84875820351","dc:identifier":"SCOPUS_ID:84875820351","eid":"2-s2.0-84875820351","dc:title":"Charlotte Brontë: The female struggle for recognition","dc:creator":"Hulmes M.","prism:publicationName":"Asian Women","prism:issn":"1225925X","prism:volume":"27","prism:issueIdentifier":"2","prism:pageRange":"25-50","prism:coverDate":"2011-12-01","prism:coverDisplayDate":"2011","dc:description":"This paper traces the attempt of Charlotte Brontë (1816-1855) to achieve recognition as a woman author in nineteenth century England. Drawing extensively on Brontë's own works, which are read as a form of self/life writing, it advocates a theory of situated authorship and posits permeable boundaries between the genres of autobiography and fiction. It claims that in her writings from childhood onwards, Charlotte Brontë displayed a fragmented and conflicted subjectivity, constructing herself in the role of Romantic creative genius, regardless of gender, and struggling against contemporary social and religious constraints on women's role in society. The paper analyses Brontë's view of genius, noting her fierce ambition, her religious scruples, her dutiful attempts to construct herself as a teacher and the reasons for her eventual success as an author from a feminist perspective, it affirms that writing offers a means of self-creation for a woman marginalized in a patriarchal society. It contends that Charlotte Brontë finally gained recognition as an author through exploiti ng the creative potential of her own li ved experience and speaking in the voice of a female protagonist in Jane Eyre.","citedby-count":"0","prism:aggregationType":"Journal","subtype":"ar","subtypeDescription":"Article","author-count":{"@limit": "100", "@total": "1", "$" :"1"},"author": [{"@_fa": "true", "@seq": "1", "author-url":"https://api.elsevier.com/content/author/author_id/55641831400","authid":"55641831400","authname":"Hulmes M.","surname":"Hulmes","given-name":"Margaret","initials":"M.","afid": [{"@_fa": "true", "$" :"60023643"}]}],"authkeywords":"Author | Gender | Genius | Identity | Patriarchy","source-id":"21100229212","fund-no":"undefined","openaccess":"0","openaccessFlag":false},{"@_fa": "true", "link": [{"@_fa": "true", "@ref": "self", "@href": "https://api.elsevier.com/content/abstract/scopus_id/84863102869"},{"@_fa": "true", "@ref": "author-affiliation", "@href": "https://api.elsevier.com/content/abstract/scopus_id/84863102869?field=author,affiliation"},{"@_fa": "true", "@ref": "scopus", "@href": "https://www.scopus.com/inward/record.uri?partnerID=HzOxMe3b&scp=84863102869&origin=inward"},{"@_fa": "true", "@ref": "scopus-citedby", "@href": "https://www.scopus.com/inward/citedby.uri?partnerID=HzOxMe3b&scp=84863102869&origin=inward"}],"prism:url":"https://api.elsevier.com/content/abstract/scopus_id/84863102869","dc:identifier":"SCOPUS_ID:84863102869","eid":"2-s2.0-84863102869","dc:title":"Questioning the Koran and the heuristic value of translation","dc:creator":"Dib N.","prism:publicationName":"TTR: Traduction, Terminologie et Redaction","prism:issn":"08358443","prism:volume":"24","prism:issueIdentifier":"1","prism:pageRange":"149-182","prism:coverDate":"2011-12-01","prism:coverDisplayDate":"2011","dc:description":"This article intends to explore the question: Is the authority granted to men over women, in almost all Muslim countries, clearly stated in the Koran? The article first goes through the source text, Koranic commentary and translations, clarifying problematics before proposing avenues for further research. Based on the hypothesis that the meaning of sacred texts is never entirely translated, and that the canonical translation is but one interpretation among many, we believe that translations, as idiosyncratic readings, may be an interesting heuristic tool. Indeed, we posit that if the divergence of translations (which may be due to each translator's particular reading objectives, hypotheses on meaning, and the way in which their translation implicates itself in the greater discourse) can unfold the source text's meaning, the translations' convergence can provide insight into societies, for instance on societal conceptions of women and their place in Koranic discourse and the social structure.","citedby-count":"0","affiliation": [{"@_fa": "true", "affiliation-url":"https://api.elsevier.com/content/affiliation/affiliation_id/60009507","afid":"60009507","affilname":"University of Montreal","affiliation-city":"Montreal","affiliation-country":"Canada"}],"prism:aggregationType":"Journal","subtype":"re","subtypeDescription":"Review","author-count":{"@limit": "100", "@total": "1", "$" :"1"},"author": [{"@_fa": "true", "@seq": "1", "author-url":"https://api.elsevier.com/content/author/author_id/55270691800","authid":"55270691800","authname":"Dib N.","surname":"Dib","given-name":"Naïma","initials":"N.","afid": [{"@_fa": "true", "$" :"60009507"}]}],"authkeywords":"Koran | Meaning | Patriarchy | Perception | Translation | Woman","source-id":"5800207585","fund-no":"undefined","openaccess":"0","openaccessFlag":false},{"@_fa": "true", "link": [{"@_fa": "true", "@ref": "self", "@href": "https://api.elsevier.com/content/abstract/scopus_id/84857544933"},{"@_fa": "true", "@ref": "author-affiliation", "@href": "https://api.elsevier.com/content/abstract/scopus_id/84857544933?field=author,affiliation"},{"@_fa": "true", "@ref": "scopus", "@href": "https://www.scopus.com/inward/record.uri?partnerID=HzOxMe3b&scp=84857544933&origin=inward"},{"@_fa": "true", "@ref": "scopus-citedby", "@href": "https://www.scopus.com/inward/citedby.uri?partnerID=HzOxMe3b&scp=84857544933&origin=inward"}],"prism:url":"https://api.elsevier.com/content/abstract/scopus_id/84857544933","dc:identifier":"SCOPUS_ID:84857544933","eid":"2-s2.0-84857544933","dc:title":"Orly Castel-Bloom's perception of coupledom and women's oppression in light of impressionist features and intertextual connections in the novel Where am I","dc:creator":"Rudin S.","prism:publicationName":"Hebrew Studies","prism:issn":"01464094","prism:eIssn":"21581681","prism:volume":"52","prism:pageRange":"259-277","prism:coverDate":"2011-12-01","prism:coverDisplayDate":"2011","prism:doi":"10.1353/hbr.2011.0039","dc:description":"This study suggests a radical feminist reading of Orly Castel-Bloom's first novel, Where Am I. The research shows Castel-Bloom's adaptation of impressionist motifs and the intertextual connections to classics works - Anna Karenina, The Visit of the Old Lady, and Prometheus Bound - in order to express and characterize her version of women's oppression. In this novel, Castel-Bloom chooses to undermine the most central institute of patriarchy - coupledom, and by describing the heroine's two flawed marriages, she leads her readers to an apocalyptic conclusion that the collapse of the couple model leads the individual to remain alone in the world, not as a solution or as salvation, but as an inevitable course in view of the inability to establish ties that realize even slightly the romantic perceptions. Castel-Bloom's impressionist poetics in this work (unlike her other post-modern stories) tries to reflect the tension generated in the course of the active processes of constant change of reality, which make women weak, fragile, and in danger of victimization.","citedby-count":"0","prism:aggregationType":"Journal","subtype":"ar","subtypeDescription":"Article","author-count":{"@limit": "100", "@total": "1", "$" :"1"},"author": [{"@_fa": "true", "@seq": "1", "author-url":"https://api.elsevier.com/content/author/author_id/55032517200","authid":"55032517200","authname":"Rudin S.","surname":"Rudin","given-name":"Shai","initials":"S.","afid": [{"@_fa": "true", "$" :"60002999"}]}],"source-id":"5800207997","fund-no":"undefined","openaccess":"0","openaccessFlag":false},{"@_fa": "true", "link": [{"@_fa": "true", "@ref": "self", "@href": "https://api.elsevier.com/content/abstract/scopus_id/82255183730"},{"@_fa": "true", "@ref": "author-affiliation", "@href": "https://api.elsevier.com/content/abstract/scopus_id/82255183730?field=author,affiliation"},{"@_fa": "true", "@ref": "scopus", "@href": "https://www.scopus.com/inward/record.uri?partnerID=HzOxMe3b&scp=82255183730&origin=inward"},{"@_fa": "true", "@ref": "scopus-citedby", "@href": "https://www.scopus.com/inward/citedby.uri?partnerID=HzOxMe3b&scp=82255183730&origin=inward"}],"prism:url":"https://api.elsevier.com/content/abstract/scopus_id/82255183730","dc:identifier":"SCOPUS_ID:82255183730","eid":"2-s2.0-82255183730","dc:title":"Ethnographic empathy and the social context of rights: \"Rescuing\" maasai girls from early marriage","dc:creator":"Archambault C.","prism:publicationName":"American Anthropologist","prism:issn":"00027294","prism:eIssn":"15481433","prism:volume":"113","prism:issueIdentifier":"4","prism:pageRange":"632-643","prism:coverDate":"2011-12-01","prism:coverDisplayDate":"December 2011","prism:doi":"10.1111/j.1548-1433.2011.01375.x","dc:description":"Esther is one of many young Maasai girls in Kenya \"rescued\" from early marriage. Her story is conventionally portrayed (trans)nationally and locally as a struggle between conservative pastoral patriarchs and the individual right of young girls to an education. I offer an ethnographic contextualization of the underlying factors giving rise to practices of early marriage, among the Maasai in Enkop, highlighting the contemporary predicaments of pastoralism in the face of population growth, climactic instability, and land-tenure reform and the insecurities and challenges around formal education. Through the intimate portrayal of Esther's case, early marriage is situated not as a relic of tradition and malicious patriarchy but, rather, as a contemporary adaptation to livelihood insecurity. I illustrate how prevailing concepts of \"tradition,\"\"culture,\"\"victimhood,\" and \"collective rights\" in human rights theory obscure important structural factors that give rise to early marriage and deflect attention from effective policy initiatives. © 2011 by the American Anthropological Association.","citedby-count":"11","affiliation": [{"@_fa": "true", "affiliation-url":"https://api.elsevier.com/content/affiliation/affiliation_id/60007989","afid":"60007989","affilname":"Utrecht University","affiliation-city":"Utrecht","affiliation-country":"Netherlands"}],"pubmed-id":"22216426","prism:aggregationType":"Journal","subtype":"ar","subtypeDescription":"Article","author-count":{"@limit": "100", "@total": "1", "$" :"1"},"author": [{"@_fa": "true", "@seq": "1", "author-url":"https://api.elsevier.com/content/author/author_id/36180871400","authid":"36180871400","authname":"Archambault C.","surname":"Archambault","given-name":"Caroline S.","initials":"C.S.","afid": [{"@_fa": "true", "$" :"60007989"}]}],"authkeywords":"Early marriage | Education | Human rights | Kenya | Pastoralism","source-id":"32845","fund-no":"undefined","openaccess":"0","openaccessFlag":false},{"@_fa": "true", "link": [{"@_fa": "true", "@ref": "self", "@href": "https://api.elsevier.com/content/abstract/scopus_id/84859124413"},{"@_fa": "true", "@ref": "author-affiliation", "@href": "https://api.elsevier.com/content/abstract/scopus_id/84859124413?field=author,affiliation"},{"@_fa": "true", "@ref": "scopus", "@href": "https://www.scopus.com/inward/record.uri?partnerID=HzOxMe3b&scp=84859124413&origin=inward"},{"@_fa": "true", "@ref": "scopus-citedby", "@href": "https://www.scopus.com/inward/citedby.uri?partnerID=HzOxMe3b&scp=84859124413&origin=inward"}],"prism:url":"https://api.elsevier.com/content/abstract/scopus_id/84859124413","dc:identifier":"SCOPUS_ID:84859124413","eid":"2-s2.0-84859124413","dc:title":"The Arab Spring in North Africa: Origins and prospects","dc:creator":"Joffé G.","prism:publicationName":"Journal of North African Studies","prism:issn":"13629387","prism:eIssn":"17439345","prism:volume":"16","prism:issueIdentifier":"4","prism:pageRange":"507-532","prism:coverDate":"2011-12-01","prism:coverDisplayDate":"December 2011","prism:doi":"10.1080/13629387.2011.630881","dc:description":"The insurgencies in Tunisia and Egypt - the Jasmine and the Tahrir Revolutions - seemed to offer great hope of the outbreak of democratic change in the Middle East and North Africa in what has come to be called the 'Arab Spring'. However, the civil war in Libya and the ongoing crises in Yemen and Syria suggest that overall regional change may prove to be more difficult to achieve. In fact there are quite specific reasons why insurgencies occurred in three North African states and not in the remaining two states and why their outcomes have been so different. The causes for the insurgency are similar - they lie in the global economic crisis and in the neo-patrimonial political natures of regional states - but the outcomes differ because two of the states concerned were liberalising autocracies and the third - Libya - had resolutely rejected any political or social domestic competitors to its hegemonic political discourse and practice. Even the liberalised autocracies face very different futures for, in Tunisia a whole system has been removed whilst in Egypt, the regime rejected its figurehead in order to preserve the regime itself. Ironically enough, the authorities in Tunisia attempted a similar course of action but were unable to impose themselves on the revolution that had occurred. © 2011 Copyright Taylor and Francis Group, LLC.","citedby-count":"72","affiliation": [{"@_fa": "true", "affiliation-url":"https://api.elsevier.com/content/affiliation/affiliation_id/60031101","afid":"60031101","affilname":"University of Cambridge","affiliation-city":"Cambridge","affiliation-country":"United Kingdom"}],"prism:aggregationType":"Journal","subtype":"ar","subtypeDescription":"Article","author-count":{"@limit": "100", "@total": "1", "$" :"1"},"author": [{"@_fa": "true", "@seq": "1", "author-url":"https://api.elsevier.com/content/author/author_id/24461541000","authid":"24461541000","authname":"Joffé G.","surname":"Joffé","given-name":"George","initials":"G.","afid": [{"@_fa": "true", "$" :"60031101"}]}],"authkeywords":"Arab Spring | evolution, revolution | liberalising autocracy | North Africa","source-id":"19096","fund-no":"undefined","openaccess":"0","openaccessFlag":false},{"@_fa": "true", "link": [{"@_fa": "true", "@ref": "self", "@href": "https://api.elsevier.com/content/abstract/scopus_id/84855464663"},{"@_fa": "true", "@ref": "author-affiliation", "@href": "https://api.elsevier.com/content/abstract/scopus_id/84855464663?field=author,affiliation"},{"@_fa": "true", "@ref": "scopus", "@href": "https://www.scopus.com/inward/record.uri?partnerID=HzOxMe3b&scp=84855464663&origin=inward"},{"@_fa": "true", "@ref": "scopus-citedby", "@href": "https://www.scopus.com/inward/citedby.uri?partnerID=HzOxMe3b&scp=84855464663&origin=inward"}],"prism:url":"https://api.elsevier.com/content/abstract/scopus_id/84855464663","dc:identifier":"SCOPUS_ID:84855464663","eid":"2-s2.0-84855464663","dc:title":"A tale of two cultures: Intimate femicide, cultural defences, and the law of provocation","dc:creator":"Dick C.","prism:publicationName":"Canadian Journal of Women and the Law","prism:issn":"08328781","prism:eIssn":"19110235","prism:volume":"23","prism:issueIdentifier":"2","prism:pageRange":"519-547","prism:coverDate":"2011-12-01","prism:coverDisplayDate":"2011","prism:doi":"10.3138/cjwl.23.2.519","dc:description":"The prospect of raising cultural arguments in criminal cases has drawn criticism from a diverse group of scholars. While many feminists argue that the greatest danger of using culture in the courtroom is that it will result in judicial outcomes that put \"race before gender, \" critical race scholars maintain that minority cultural communities will be victimized by the colonial discourses that are certain to emerge when courts engage with cultural arguments. Liberal critics, on the other hand, argue that the move violates the principle of equal treatment before the law by providing cultural defences to some citizens but not to others and succumbing to cultural relativism. This article tests these hypotheses by examining the small, but important, body of case law where cultural arguments were raised in sexual provocation cases where the claimed provocative act was a woman's infidelity or romantic rejection. This jurisprudence is an apt candidate for testing the competing propositions both because provocation is a gendered defence and because recent changes to the law have opened up space for cultural argumentation. The results of this examination are mixed. The liberal contention that refusing to take the culture of the accused into account will result in the equal application of the law is not borne out, nor is the feminist contention that introducing culture into the courtroom will place race before gender. Instead, the Canadian jurisprudence is better represented by a different ordering principle-that of colonialism before patriarchy.","citedby-count":"4","prism:aggregationType":"Journal","subtype":"ar","subtypeDescription":"Article","author-count":{"@limit": "100", "@total": "1", "$" :"1"},"author": [{"@_fa": "true", "@seq": "1", "author-url":"https://api.elsevier.com/content/author/author_id/36857792400","authid":"36857792400","authname":"Dick C.","surname":"Dick","given-name":"Caroline","initials":"C."}],"source-id":"12390","fund-no":"undefined","openaccess":"0","openaccessFlag":false},{"@_fa": "true", "link": [{"@_fa": "true", "@ref": "self", "@href": "https://api.elsevier.com/content/abstract/scopus_id/84856705095"},{"@_fa": "true", "@ref": "author-affiliation", "@href": "https://api.elsevier.com/content/abstract/scopus_id/84856705095?field=author,affiliation"},{"@_fa": "true", "@ref": "scopus", "@href": "https://www.scopus.com/inward/record.uri?partnerID=HzOxMe3b&scp=84856705095&origin=inward"},{"@_fa": "true", "@ref": "scopus-citedby", "@href": "https://www.scopus.com/inward/citedby.uri?partnerID=HzOxMe3b&scp=84856705095&origin=inward"}],"prism:url":"https://api.elsevier.com/content/abstract/scopus_id/84856705095","dc:identifier":"SCOPUS_ID:84856705095","eid":"2-s2.0-84856705095","dc:title":"Social security and aged widows in conflict situations: Social transformation at the international border in Northwest India","dc:creator":"Chauhan A.","prism:publicationName":"Advances in Gender Research","prism:issn":"15292126","prism:volume":"15","prism:pageRange":"235-261","prism:coverDate":"2011-12-01","prism:coverDisplayDate":"2011","prism:doi":"10.1108/S1529-2126(2011)0000015016","dc:description":"Purpose - This chapter attempts to understand the impact of war, conflict, and forced migration in the northwest border of India on the security of the aged widows and the ways they respond, construct, and negotiate their lives.Methodology - The study is based on group discussions in villages and camps and narratives of seven widowed women who were asked to tell the story of their lives.Findings - The chapter highlights that widowed women's agency was exercised in a significant manner during the situations of war, conflict, and forced migration, but it was largely circumscribed by the intersection of patriarchy, rural structure, customary practices, and inheritance rights. New norms and new roles were taken up in the migrant camps, but village life with its traditional extended family structure was still considered ideal for the social security it provided. However, aged widows are no longer treated with respect and care, suggesting a decline in the traditional joint family system and of the dominant position of elderly widowed women in it. This was accelerated in conflict situations.Research implications - The research calls for focusing on women's agency and moving beyond the victimhood paradigm in women's studies. It highlights the significance of individual interpretations of events and the relevance of qualitative methods such as life stories.Value of chapter - The chapter is valuable for its work on themes such as rural life, gender, and conflict studies and for policy makers to initiate plans dealing with the problems of forced migrants and of the security of the older people, particularly widows.","citedby-count":"0","prism:aggregationType":"Book Series","subtype":"ar","subtypeDescription":"Article","author-count":{"@limit": "100", "@total": "1", "$" :"1"},"author": [{"@_fa": "true", "@seq": "1", "author-url":"https://api.elsevier.com/content/author/author_id/55420717300","authid":"55420717300","authname":"Chauhan A.","surname":"Chauhan","given-name":"Abha","initials":"A."}],"source-id":"4000152128","fund-no":"undefined","openaccess":"0","openaccessFlag":false},{"@_fa": "true", "link": [{"@_fa": "true", "@ref": "self", "@href": "https://api.elsevier.com/content/abstract/scopus_id/80054737152"},{"@_fa": "true", "@ref": "author-affiliation", "@href": "https://api.elsevier.com/content/abstract/scopus_id/80054737152?field=author,affiliation"},{"@_fa": "true", "@ref": "scopus", "@href": "https://www.scopus.com/inward/record.uri?partnerID=HzOxMe3b&scp=80054737152&origin=inward"},{"@_fa": "true", "@ref": "scopus-citedby", "@href": "https://www.scopus.com/inward/citedby.uri?partnerID=HzOxMe3b&scp=80054737152&origin=inward"}],"prism:url":"https://api.elsevier.com/content/abstract/scopus_id/80054737152","dc:identifier":"SCOPUS_ID:80054737152","eid":"2-s2.0-80054737152","dc:title":"Reporting the women's movement: News coverage of second-wave feminism in UK and US newspapers, 1968-1982","dc:creator":"Mendes K.","prism:publicationName":"Feminist Media Studies","prism:issn":"14680777","prism:eIssn":"14715902","prism:volume":"11","prism:issueIdentifier":"4","prism:pageRange":"483-498","prism:coverDate":"2011-12-01","prism:coverDisplayDate":"1 December 2011","prism:doi":"10.1080/14680777.2011.555968","dc:description":"This article examines and compares how four British and American newspapers reported the second-wave feminist movement during its most active political period, 1968-1982. Through the use of both content analysis and critical discourse analysis, this study reveals that despite socio-political differences, both US (The New York Times, the Chicago Tribune) and UK (The Times, Daily Mirror) newspapers used a similar range of discourses when addressing the women's movement and its members. While coverage overall can best be described as fragmented and contradictory, I argue that on the surface, there was significantly more positive or supportive articles on the women's movement than previous scholars have noted. However, these news stories rarely addressed the ways in which capitalism and patriarchy oppress women as a group, and often created a demarcation between legitimate and de-legitimate feminists, the latter being anyone who deviates from traditional feminine norms. Such constructions therefore were not only politically incapable of challenging women's oppression, but helped construct feminism as a dirty word, a connotation which still exists today. This paper will also address the emergence and eventual dominance of oppositional discourses, examining the patriarchal and capitalist ideologies used in both countries to rebuff the movement, its members and their goals. © 2011 Taylor and Francis Group, LLC.","citedby-count":"11","affiliation": [{"@_fa": "true", "affiliation-url":"https://api.elsevier.com/content/affiliation/affiliation_id/60017098","afid":"60017098","affilname":"De Montfort University","affiliation-city":"Leicester","affiliation-country":"United Kingdom"}],"prism:aggregationType":"Journal","subtype":"re","subtypeDescription":"Review","author-count":{"@limit": "100", "@total": "1", "$" :"1"},"author": [{"@_fa": "true", "@seq": "1", "author-url":"https://api.elsevier.com/content/author/author_id/26327001900","authid":"26327001900","authname":"Mendes K.","surname":"Mendes","given-name":"Kaitlynn","initials":"K.","afid": [{"@_fa": "true", "$" :"60017098"}]}],"authkeywords":"Britain | discourse analysis | newspapers | representation | second-wave feminism | United States","source-id":"5700168400","fund-no":"undefined","openaccess":"0","openaccessFlag":false}]}}