{"search-results":{"opensearch:totalResults":"1146","opensearch:startIndex":"0","opensearch:itemsPerPage":"25","opensearch:Query":{"@role": "request", "@searchTerms": "TITLE-ABS-KEY(\"social capital\") AND SUBJAREA(SOCI) AND PUBYEAR = 2018", "@startPage": "0"},"link": [{"@_fa": "true", "@ref": "self", "@href": "https://api.elsevier.com/content/search/scopus?start=0&count=25&query=TITLE-ABS-KEY%28%22social+capital%22%29+AND+SUBJAREA%28SOCI%29+AND+PUBYEAR+%3D+2018&apiKey=27d953b4b546791964ebeb768d13e61f&view=STANDARD", "@type": "application/json"},{"@_fa": "true", "@ref": "first", "@href": "https://api.elsevier.com/content/search/scopus?start=0&count=25&query=TITLE-ABS-KEY%28%22social+capital%22%29+AND+SUBJAREA%28SOCI%29+AND+PUBYEAR+%3D+2018&apiKey=27d953b4b546791964ebeb768d13e61f&view=STANDARD", "@type": "application/json"},{"@_fa": "true", "@ref": "next", "@href": "https://api.elsevier.com/content/search/scopus?start=25&count=25&query=TITLE-ABS-KEY%28%22social+capital%22%29+AND+SUBJAREA%28SOCI%29+AND+PUBYEAR+%3D+2018&apiKey=27d953b4b546791964ebeb768d13e61f&view=STANDARD", "@type": "application/json"},{"@_fa": "true", "@ref": "last", "@href": "https://api.elsevier.com/content/search/scopus?start=1121&count=25&query=TITLE-ABS-KEY%28%22social+capital%22%29+AND+SUBJAREA%28SOCI%29+AND+PUBYEAR+%3D+2018&apiKey=27d953b4b546791964ebeb768d13e61f&view=STANDARD", "@type": "application/json"}],"entry": [{"@_fa": "true", "link": [{"@_fa": "true", "@ref": "self", "@href": "https://api.elsevier.com/content/abstract/scopus_id/85061819532"},{"@_fa": "true", "@ref": "author-affiliation", "@href": "https://api.elsevier.com/content/abstract/scopus_id/85061819532?field=author,affiliation"},{"@_fa": "true", "@ref": "scopus", "@href": "https://www.scopus.com/inward/record.uri?partnerID=HzOxMe3b&scp=85061819532&origin=inward"},{"@_fa": "true", "@ref": "scopus-citedby", "@href": "https://www.scopus.com/inward/citedby.uri?partnerID=HzOxMe3b&scp=85061819532&origin=inward"}],"prism:url":"https://api.elsevier.com/content/abstract/scopus_id/85061819532","dc:identifier":"SCOPUS_ID:85061819532","eid":"2-s2.0-85061819532","dc:title":"Application of self-liquidation ratio in urban rail transit PPP","dc:creator":"Li H.","prism:publicationName":"5th International Conference on Industrial Economics System and Industrial Security Engineering, IEIS 2018 - Proceeding","prism:isbn": [{"@_fa": "true", "$" :"9781538669686"}],"prism:pageRange":null,"prism:coverDate":"2018-12-31","prism:coverDisplayDate":"31 December 2018","prism:doi":"10.1109/IEIS.2018.8598084","citedby-count":"0","affiliation": [{"@_fa": "true", "affilname":"Beijing Jiaotong University","affiliation-city":"Beijing","affiliation-country":"China"}],"prism:aggregationType":"Conference Proceeding","subtype":"cp","subtypeDescription":"Conference Paper","article-number":"8598084","source-id":"21100898953","openaccess":"0","openaccessFlag":false},{"@_fa": "true", "link": [{"@_fa": "true", "@ref": "self", "@href": "https://api.elsevier.com/content/abstract/scopus_id/85059353791"},{"@_fa": "true", "@ref": "author-affiliation", "@href": "https://api.elsevier.com/content/abstract/scopus_id/85059353791?field=author,affiliation"},{"@_fa": "true", "@ref": "scopus", "@href": "https://www.scopus.com/inward/record.uri?partnerID=HzOxMe3b&scp=85059353791&origin=inward"},{"@_fa": "true", "@ref": "scopus-citedby", "@href": "https://www.scopus.com/inward/citedby.uri?partnerID=HzOxMe3b&scp=85059353791&origin=inward"}],"prism:url":"https://api.elsevier.com/content/abstract/scopus_id/85059353791","dc:identifier":"SCOPUS_ID:85059353791","eid":"2-s2.0-85059353791","dc:title":"Changing agro-pastoral livelihoods under collective and private land use in Xinjiang, China","dc:creator":"Li D.","prism:publicationName":"Sustainability (Switzerland)","prism:eIssn":"20711050","prism:volume":"11","prism:issueIdentifier":"1","prism:pageRange":null,"prism:coverDate":"2018-12-30","prism:coverDisplayDate":"30 December 2018","prism:doi":"10.3390/su11010166","citedby-count":"0","affiliation": [{"@_fa": "true", "affilname":"Peking University","affiliation-city":"Beijing","affiliation-country":"China"}],"prism:aggregationType":"Journal","subtype":"ar","subtypeDescription":"Article","article-number":"166","source-id":"21100240100","openaccess":"1","openaccessFlag":true},{"@_fa": "true", "link": [{"@_fa": "true", "@ref": "self", "@href": "https://api.elsevier.com/content/abstract/scopus_id/85061342282"},{"@_fa": "true", "@ref": "author-affiliation", "@href": "https://api.elsevier.com/content/abstract/scopus_id/85061342282?field=author,affiliation"},{"@_fa": "true", "@ref": "scopus", "@href": "https://www.scopus.com/inward/record.uri?partnerID=HzOxMe3b&scp=85061342282&origin=inward"},{"@_fa": "true", "@ref": "scopus-citedby", "@href": "https://www.scopus.com/inward/citedby.uri?partnerID=HzOxMe3b&scp=85061342282&origin=inward"}],"prism:url":"https://api.elsevier.com/content/abstract/scopus_id/85061342282","dc:identifier":"SCOPUS_ID:85061342282","eid":"2-s2.0-85061342282","dc:title":"Research on the Undergraduate Cultivation Program of Applied Independent College - Take Yanshan College of Shandong University of Finance and Economics as an Example","dc:creator":"Li X.","prism:publicationName":"Proceedings - 9th International Conference on Information Technology in Medicine and Education, ITME 2018","prism:isbn": [{"@_fa": "true", "$" :"9781538677438"}],"prism:pageRange":"586-590","prism:coverDate":"2018-12-26","prism:coverDisplayDate":"26 December 2018","prism:doi":"10.1109/ITME.2018.00135","citedby-count":"0","affiliation": [{"@_fa": "true", "affilname":"Shandong University","affiliation-city":"Jinan","affiliation-country":"China"}],"prism:aggregationType":"Conference Proceeding","subtype":"cp","subtypeDescription":"Conference Paper","article-number":"8589367","source-id":"21100897930","openaccess":"0","openaccessFlag":false},{"@_fa": "true", "link": [{"@_fa": "true", "@ref": "self", "@href": "https://api.elsevier.com/content/abstract/scopus_id/85058575009"},{"@_fa": "true", "@ref": "author-affiliation", "@href": "https://api.elsevier.com/content/abstract/scopus_id/85058575009?field=author,affiliation"},{"@_fa": "true", "@ref": "scopus", "@href": "https://www.scopus.com/inward/record.uri?partnerID=HzOxMe3b&scp=85058575009&origin=inward"},{"@_fa": "true", "@ref": "scopus-citedby", "@href": "https://www.scopus.com/inward/citedby.uri?partnerID=HzOxMe3b&scp=85058575009&origin=inward"}],"prism:url":"https://api.elsevier.com/content/abstract/scopus_id/85058575009","dc:identifier":"SCOPUS_ID:85058575009","eid":"2-s2.0-85058575009","dc:title":"Vulnerability assessment of soil and water loss in Loess Plateau and its impact on farmers' soil and water conservation adaptive behavior","dc:creator":"Huang X.","prism:publicationName":"Sustainability (Switzerland)","prism:eIssn":"20711050","prism:volume":"10","prism:issueIdentifier":"12","prism:pageRange":null,"prism:coverDate":"2018-12-14","prism:coverDisplayDate":"14 December 2018","prism:doi":"10.3390/su10124773","citedby-count":"1","affiliation": [{"@_fa": "true", "affilname":"Northwest A&amp;F University","affiliation-city":"Yangling","affiliation-country":"China"}],"prism:aggregationType":"Journal","subtype":"ar","subtypeDescription":"Article","article-number":"4773","source-id":"21100240100","openaccess":"1","openaccessFlag":true},{"@_fa": "true", "link": [{"@_fa": "true", "@ref": "self", "@href": "https://api.elsevier.com/content/abstract/scopus_id/85058307820"},{"@_fa": "true", "@ref": "author-affiliation", "@href": "https://api.elsevier.com/content/abstract/scopus_id/85058307820?field=author,affiliation"},{"@_fa": "true", "@ref": "scopus", "@href": "https://www.scopus.com/inward/record.uri?partnerID=HzOxMe3b&scp=85058307820&origin=inward"},{"@_fa": "true", "@ref": "scopus-citedby", "@href": "https://www.scopus.com/inward/citedby.uri?partnerID=HzOxMe3b&scp=85058307820&origin=inward"}],"prism:url":"https://api.elsevier.com/content/abstract/scopus_id/85058307820","dc:identifier":"SCOPUS_ID:85058307820","eid":"2-s2.0-85058307820","dc:title":"Social capital, human capital, and sustainability: A Bibliometric and visualization analysis","dc:creator":"Garrigos-Simon F.","prism:publicationName":"Sustainability (Switzerland)","prism:eIssn":"20711050","prism:volume":"10","prism:issueIdentifier":"12","prism:pageRange":null,"prism:coverDate":"2018-12-13","prism:coverDisplayDate":"13 December 2018","prism:doi":"10.3390/su10124751","citedby-count":"1","affiliation": [{"@_fa": "true", "affilname":"Universitat Politècnica de València","affiliation-city":"Valencia","affiliation-country":"Spain"}],"prism:aggregationType":"Journal","subtype":"ar","subtypeDescription":"Article","article-number":"4751","source-id":"21100240100","openaccess":"1","openaccessFlag":true},{"@_fa": "true", "link": [{"@_fa": "true", "@ref": "self", "@href": "https://api.elsevier.com/content/abstract/scopus_id/85055963919"},{"@_fa": "true", "@ref": "author-affiliation", "@href": "https://api.elsevier.com/content/abstract/scopus_id/85055963919?field=author,affiliation"},{"@_fa": "true", "@ref": "scopus", "@href": "https://www.scopus.com/inward/record.uri?partnerID=HzOxMe3b&scp=85055963919&origin=inward"},{"@_fa": "true", "@ref": "scopus-citedby", "@href": "https://www.scopus.com/inward/citedby.uri?partnerID=HzOxMe3b&scp=85055963919&origin=inward"}],"prism:url":"https://api.elsevier.com/content/abstract/scopus_id/85055963919","dc:identifier":"SCOPUS_ID:85055963919","eid":"2-s2.0-85055963919","dc:title":"I think someone is walking with me: the use of mobile phone for social capital development among women in four refugee communities","dc:creator":"Koh L.","prism:publicationName":"International Journal of Migration, Health and Social Care","prism:issn":"17479894","prism:volume":"14","prism:issueIdentifier":"4","prism:pageRange":"411-424","prism:coverDate":"2018-12-10","prism:coverDisplayDate":"10 December 2018","prism:doi":"10.1108/IJMHSC-08-2017-0033","citedby-count":"0","affiliation": [{"@_fa": "true", "affilname":"La Trobe University","affiliation-city":"Melbourne","affiliation-country":"Australia"}],"prism:aggregationType":"Journal","subtype":"ar","subtypeDescription":"Article","source-id":"19700174724","openaccess":"0","openaccessFlag":false},{"@_fa": "true", "link": [{"@_fa": "true", "@ref": "self", "@href": "https://api.elsevier.com/content/abstract/scopus_id/85054869240"},{"@_fa": "true", "@ref": "author-affiliation", "@href": "https://api.elsevier.com/content/abstract/scopus_id/85054869240?field=author,affiliation"},{"@_fa": "true", "@ref": "scopus", "@href": "https://www.scopus.com/inward/record.uri?partnerID=HzOxMe3b&scp=85054869240&origin=inward"},{"@_fa": "true", "@ref": "scopus-citedby", "@href": "https://www.scopus.com/inward/citedby.uri?partnerID=HzOxMe3b&scp=85054869240&origin=inward"}],"prism:url":"https://api.elsevier.com/content/abstract/scopus_id/85054869240","dc:identifier":"SCOPUS_ID:85054869240","eid":"2-s2.0-85054869240","dc:title":"Social capital, health-seeking behavior and quality of life among refugees in Zimbabwe: a cross-sectional study","dc:creator":"Marume A.","prism:publicationName":"International Journal of Migration, Health and Social Care","prism:issn":"17479894","prism:volume":"14","prism:issueIdentifier":"4","prism:pageRange":"377-386","prism:coverDate":"2018-12-10","prism:coverDisplayDate":"10 December 2018","prism:doi":"10.1108/IJMHSC-04-2017-0017","citedby-count":"0","affiliation": [{"@_fa": "true", "affilname":"University of Zimbabwe","affiliation-city":"Harare","affiliation-country":"Zimbabwe"}],"prism:aggregationType":"Journal","subtype":"ar","subtypeDescription":"Article","source-id":"19700174724","openaccess":"0","openaccessFlag":false},{"@_fa": "true", "link": [{"@_fa": "true", "@ref": "self", "@href": "https://api.elsevier.com/content/abstract/scopus_id/85055725071"},{"@_fa": "true", "@ref": "author-affiliation", "@href": "https://api.elsevier.com/content/abstract/scopus_id/85055725071?field=author,affiliation"},{"@_fa": "true", "@ref": "scopus", "@href": "https://www.scopus.com/inward/record.uri?partnerID=HzOxMe3b&scp=85055725071&origin=inward"},{"@_fa": "true", "@ref": "scopus-citedby", "@href": "https://www.scopus.com/inward/citedby.uri?partnerID=HzOxMe3b&scp=85055725071&origin=inward"}],"prism:url":"https://api.elsevier.com/content/abstract/scopus_id/85055725071","dc:identifier":"SCOPUS_ID:85055725071","eid":"2-s2.0-85055725071","dc:title":"Burmese and Bhutanese refugee utilization of healthcare services in Colorado","dc:creator":"Alshadood M.","prism:publicationName":"International Journal of Migration, Health and Social Care","prism:issn":"17479894","prism:volume":"14","prism:issueIdentifier":"4","prism:pageRange":"400-410","prism:coverDate":"2018-12-10","prism:coverDisplayDate":"10 December 2018","prism:doi":"10.1108/IJMHSC-03-2018-0021","citedby-count":"0","affiliation": [{"@_fa": "true", "affilname":"Denver Refugee and Immigrant Vitalization and Empowerment (DRIVE)","affiliation-city":"Denver","affiliation-country":"United States"}],"prism:aggregationType":"Journal","subtype":"ar","subtypeDescription":"Article","source-id":"19700174724","openaccess":"0","openaccessFlag":false},{"@_fa": "true", "link": [{"@_fa": "true", "@ref": "self", "@href": "https://api.elsevier.com/content/abstract/scopus_id/85043703906"},{"@_fa": "true", "@ref": "author-affiliation", "@href": "https://api.elsevier.com/content/abstract/scopus_id/85043703906?field=author,affiliation"},{"@_fa": "true", "@ref": "scopus", "@href": "https://www.scopus.com/inward/record.uri?partnerID=HzOxMe3b&scp=85043703906&origin=inward"},{"@_fa": "true", "@ref": "scopus-citedby", "@href": "https://www.scopus.com/inward/citedby.uri?partnerID=HzOxMe3b&scp=85043703906&origin=inward"}],"prism:url":"https://api.elsevier.com/content/abstract/scopus_id/85043703906","dc:identifier":"SCOPUS_ID:85043703906","eid":"2-s2.0-85043703906","dc:title":"Perspectives on human and social capital theories and the role of education: An approach from Mediterranean thought","dc:creator":"López Castellano F.","prism:publicationName":"Educational Philosophy and Theory","prism:issn":"00131857","prism:eIssn":"14695812","prism:volume":"50","prism:issueIdentifier":"14","prism:pageRange":"1421-1432","prism:coverDate":"2018-12-06","prism:coverDisplayDate":"6 December 2018","prism:doi":"10.1080/00131857.2018.1449106","citedby-count":"1","affiliation": [{"@_fa": "true", "affilname":"Universidad de Granada","affiliation-city":"Granada","affiliation-country":"Spain"}],"prism:aggregationType":"Journal","subtype":"ar","subtypeDescription":"Article","source-id":"5800209860","openaccess":"0","openaccessFlag":false},{"@_fa": "true", "link": [{"@_fa": "true", "@ref": "self", "@href": "https://api.elsevier.com/content/abstract/scopus_id/85058938177"},{"@_fa": "true", "@ref": "author-affiliation", "@href": "https://api.elsevier.com/content/abstract/scopus_id/85058938177?field=author,affiliation"},{"@_fa": "true", "@ref": "scopus", "@href": "https://www.scopus.com/inward/record.uri?partnerID=HzOxMe3b&scp=85058938177&origin=inward"},{"@_fa": "true", "@ref": "scopus-citedby", "@href": "https://www.scopus.com/inward/citedby.uri?partnerID=HzOxMe3b&scp=85058938177&origin=inward"}],"prism:url":"https://api.elsevier.com/content/abstract/scopus_id/85058938177","dc:identifier":"SCOPUS_ID:85058938177","eid":"2-s2.0-85058938177","dc:title":"Exploring governance for sustainability in contexts of violence: The case of the hydropower industry in Colombia","dc:creator":"Polanco J.","prism:publicationName":"Energy, Sustainability and Society","prism:eIssn":"21920567","prism:volume":"8","prism:issueIdentifier":"1","prism:pageRange":null,"prism:coverDate":"2018-12-03","prism:coverDisplayDate":"3 December 2018","prism:doi":"10.1186/s13705-018-0181-0","citedby-count":"0","affiliation": [{"@_fa": "true", "affilname":"University of Medellin","affiliation-city":"Medellin","affiliation-country":"Colombia"}],"prism:aggregationType":"Journal","subtype":"ar","subtypeDescription":"Article","article-number":"39","source-id":"21100286318","openaccess":"1","openaccessFlag":true},{"@_fa": "true", "link": [{"@_fa": "true", "@ref": "self", "@href": "https://api.elsevier.com/content/abstract/scopus_id/85042904859"},{"@_fa": "true", "@ref": "author-affiliation", "@href": "https://api.elsevier.com/content/abstract/scopus_id/85042904859?field=author,affiliation"},{"@_fa": "true", "@ref": "scopus", "@href": "https://www.scopus.com/inward/record.uri?partnerID=HzOxMe3b&scp=85042904859&origin=inward"},{"@_fa": "true", "@ref": "scopus-citedby", "@href": "https://www.scopus.com/inward/citedby.uri?partnerID=HzOxMe3b&scp=85042904859&origin=inward"}],"prism:url":"https://api.elsevier.com/content/abstract/scopus_id/85042904859","dc:identifier":"SCOPUS_ID:85042904859","eid":"2-s2.0-85042904859","dc:title":"Does social capital help communities to cope with long-distance commuting?","dc:creator":"Nicholas C.","prism:publicationName":"Regional Studies","prism:issn":"00343404","prism:eIssn":"13600591","prism:volume":"52","prism:issueIdentifier":"12","prism:pageRange":"1646-1657","prism:coverDate":"2018-12-02","prism:coverDisplayDate":"2 December 2018","prism:doi":"10.1080/00343404.2018.1437899","citedby-count":"1","affiliation": [{"@_fa": "true", "affilname":"University of Hertfordshire","affiliation-city":"Hatfield","affiliation-country":"United Kingdom"},{"@_fa": "true", "affilname":"James Cook University, Australia","affiliation-city":"Townsville","affiliation-country":"Australia"}],"prism:aggregationType":"Journal","subtype":"ar","subtypeDescription":"Article","source-id":"15143","openaccess":"0","openaccessFlag":false},{"@_fa": "true", "link": [{"@_fa": "true", "@ref": "self", "@href": "https://api.elsevier.com/content/abstract/scopus_id/85060043205"},{"@_fa": "true", "@ref": "author-affiliation", "@href": "https://api.elsevier.com/content/abstract/scopus_id/85060043205?field=author,affiliation"},{"@_fa": "true", "@ref": "scopus", "@href": "https://www.scopus.com/inward/record.uri?partnerID=HzOxMe3b&scp=85060043205&origin=inward"},{"@_fa": "true", "@ref": "scopus-citedby", "@href": "https://www.scopus.com/inward/citedby.uri?partnerID=HzOxMe3b&scp=85060043205&origin=inward"}],"prism:url":"https://api.elsevier.com/content/abstract/scopus_id/85060043205","dc:identifier":"SCOPUS_ID:85060043205","eid":"2-s2.0-85060043205","dc:title":"Social Capital, political empowerment and social difference: a mixed-methods study of an ecotourism project in the rural Volta region of Ghana","dc:creator":"Ramón-Hidalgo A.","prism:publicationName":"Journal of Sustainable Tourism","prism:issn":"09669582","prism:eIssn":"17477646","prism:volume":"26","prism:issueIdentifier":"12","prism:pageRange":"2153-2172","prism:coverDate":"2018-12-02","prism:coverDisplayDate":"2 December 2018","prism:doi":"10.1080/09669582.2018.1546711","citedby-count":"0","affiliation": [{"@_fa": "true", "affilname":"The University of British Columbia","affiliation-city":"Vancouver","affiliation-country":"Canada"}],"prism:aggregationType":"Journal","subtype":"ar","subtypeDescription":"Article","source-id":"14811","openaccess":"0","openaccessFlag":false},{"@_fa": "true", "link": [{"@_fa": "true", "@ref": "self", "@href": "https://api.elsevier.com/content/abstract/scopus_id/85035809267"},{"@_fa": "true", "@ref": "author-affiliation", "@href": "https://api.elsevier.com/content/abstract/scopus_id/85035809267?field=author,affiliation"},{"@_fa": "true", "@ref": "scopus", "@href": "https://www.scopus.com/inward/record.uri?partnerID=HzOxMe3b&scp=85035809267&origin=inward"},{"@_fa": "true", "@ref": "scopus-citedby", "@href": "https://www.scopus.com/inward/citedby.uri?partnerID=HzOxMe3b&scp=85035809267&origin=inward"}],"prism:url":"https://api.elsevier.com/content/abstract/scopus_id/85035809267","dc:identifier":"SCOPUS_ID:85035809267","eid":"2-s2.0-85035809267","dc:title":"The George Wilson Effect: Does Intergenerational Closure and Collective Efficacy Reduce Juvenile Delinquency in a Neighborhood?","dc:creator":"Valasik M.","prism:publicationName":"Deviant Behavior","prism:issn":"01639625","prism:eIssn":"15210456","prism:volume":"39","prism:issueIdentifier":"12","prism:pageRange":"1658-1671","prism:coverDate":"2018-12-02","prism:coverDisplayDate":"2 December 2018","prism:doi":"10.1080/01639625.2017.1410630","citedby-count":"2","affiliation": [{"@_fa": "true", "affilname":"Louisiana State University","affiliation-city":"Baton Rouge","affiliation-country":"United States"}],"prism:aggregationType":"Journal","subtype":"ar","subtypeDescription":"Article","source-id":"14293","openaccess":"0","openaccessFlag":false},{"@_fa": "true", "link": [{"@_fa": "true", "@ref": "self", "@href": "https://api.elsevier.com/content/abstract/scopus_id/85048712940"},{"@_fa": "true", "@ref": "author-affiliation", "@href": "https://api.elsevier.com/content/abstract/scopus_id/85048712940?field=author,affiliation"},{"@_fa": "true", "@ref": "scopus", "@href": "https://www.scopus.com/inward/record.uri?partnerID=HzOxMe3b&scp=85048712940&origin=inward"},{"@_fa": "true", "@ref": "scopus-citedby", "@href": "https://www.scopus.com/inward/citedby.uri?partnerID=HzOxMe3b&scp=85048712940&origin=inward"},{"@_fa": "true", "@ref": "full-text", "@href": "https://api.elsevier.com/content/article/eid/1-s2.0-S0261517718301225"}],"prism:url":"https://api.elsevier.com/content/abstract/scopus_id/85048712940","dc:identifier":"SCOPUS_ID:85048712940","eid":"2-s2.0-85048712940","dc:title":"Social capital and destination strategic planning","dc:creator":"Soulard J.","prism:publicationName":"Tourism Management","prism:issn":"02615177","prism:volume":"69","prism:pageRange":"189-200","prism:coverDate":"2018-12-01","prism:coverDisplayDate":"December 2018","prism:doi":"10.1016/j.tourman.2018.06.011","pii":"S0261517718301225","citedby-count":"2","affiliation": [{"@_fa": "true", "affilname":"Virginia Tech, Pamplin College of Business","affiliation-city":"Blacksburg","affiliation-country":"United States"}],"prism:aggregationType":"Journal","subtype":"ar","subtypeDescription":"Article","source-id":"16547","openaccess":"0","openaccessFlag":false},{"@_fa": "true", "link": [{"@_fa": "true", "@ref": "self", "@href": "https://api.elsevier.com/content/abstract/scopus_id/85049669402"},{"@_fa": "true", "@ref": "author-affiliation", "@href": "https://api.elsevier.com/content/abstract/scopus_id/85049669402?field=author,affiliation"},{"@_fa": "true", "@ref": "scopus", "@href": "https://www.scopus.com/inward/record.uri?partnerID=HzOxMe3b&scp=85049669402&origin=inward"},{"@_fa": "true", "@ref": "scopus-citedby", "@href": "https://www.scopus.com/inward/citedby.uri?partnerID=HzOxMe3b&scp=85049669402&origin=inward"}],"prism:url":"https://api.elsevier.com/content/abstract/scopus_id/85049669402","dc:identifier":"SCOPUS_ID:85049669402","eid":"2-s2.0-85049669402","dc:title":"The Impact of Social Capital on Volunteering and Giving: Evidence From Urban China","dc:creator":"Wu Z.","prism:publicationName":"Nonprofit and Voluntary Sector Quarterly","prism:issn":"08997640","prism:volume":"47","prism:issueIdentifier":"6","prism:pageRange":"1201-1222","prism:coverDate":"2018-12-01","prism:coverDisplayDate":"1 December 2018","prism:doi":"10.1177/0899764018784761","citedby-count":"0","affiliation": [{"@_fa": "true", "affilname":"University of Maryland","affiliation-city":"College Park","affiliation-country":"United States"}],"prism:aggregationType":"Journal","subtype":"ar","subtypeDescription":"Article","source-id":"13197","openaccess":"0","openaccessFlag":false},{"@_fa": "true", "link": [{"@_fa": "true", "@ref": "self", "@href": "https://api.elsevier.com/content/abstract/scopus_id/85059101941"},{"@_fa": "true", "@ref": "author-affiliation", "@href": "https://api.elsevier.com/content/abstract/scopus_id/85059101941?field=author,affiliation"},{"@_fa": "true", "@ref": "scopus", "@href": "https://www.scopus.com/inward/record.uri?partnerID=HzOxMe3b&scp=85059101941&origin=inward"},{"@_fa": "true", "@ref": "scopus-citedby", "@href": "https://www.scopus.com/inward/citedby.uri?partnerID=HzOxMe3b&scp=85059101941&origin=inward"}],"prism:url":"https://api.elsevier.com/content/abstract/scopus_id/85059101941","dc:identifier":"SCOPUS_ID:85059101941","eid":"2-s2.0-85059101941","dc:title":"From individual social capital to collective social capital: empirical evidence from inter-firm financing trust network","dc:creator":"Wu B.","prism:publicationName":"Journal of Chinese Sociology","prism:eIssn":"21982635","prism:volume":"5","prism:issueIdentifier":"1","prism:pageRange":null,"prism:coverDate":"2018-12-01","prism:coverDisplayDate":"1 December 2018","prism:doi":"10.1186/s40711-018-0088-3","citedby-count":"0","affiliation": [{"@_fa": "true", "affilname":"Zhejiang University of Technology","affiliation-city":"Hangzhou","affiliation-country":"China"}],"prism:aggregationType":"Journal","subtype":"ar","subtypeDescription":"Article","article-number":"18","source-id":"21100873341","openaccess":"1","openaccessFlag":true},{"@_fa": "true", "link": [{"@_fa": "true", "@ref": "self", "@href": "https://api.elsevier.com/content/abstract/scopus_id/85030124139"},{"@_fa": "true", "@ref": "author-affiliation", "@href": "https://api.elsevier.com/content/abstract/scopus_id/85030124139?field=author,affiliation"},{"@_fa": "true", "@ref": "scopus", "@href": "https://www.scopus.com/inward/record.uri?partnerID=HzOxMe3b&scp=85030124139&origin=inward"},{"@_fa": "true", "@ref": "scopus-citedby", "@href": "https://www.scopus.com/inward/citedby.uri?partnerID=HzOxMe3b&scp=85030124139&origin=inward"}],"prism:url":"https://api.elsevier.com/content/abstract/scopus_id/85030124139","dc:identifier":"SCOPUS_ID:85030124139","eid":"2-s2.0-85030124139","dc:title":"An investigation of high school students’ social capital development within organizational climate","dc:creator":"Ergün B.","prism:publicationName":"Quality and Quantity","prism:issn":"00335177","prism:eIssn":"15737845","prism:volume":"52","prism:pageRange":"105-113","prism:coverDate":"2018-12-01","prism:coverDisplayDate":"1 December 2018","prism:doi":"10.1007/s11135-017-0591-7","citedby-count":"0","affiliation": [{"@_fa": "true", "affilname":"Yakin Doğu Üniversitesi","affiliation-city":"Nicosia","affiliation-country":"Turkey"}],"prism:aggregationType":"Journal","subtype":"ar","subtypeDescription":"Article","source-id":"19372","openaccess":"0","openaccessFlag":false},{"@_fa": "true", "link": [{"@_fa": "true", "@ref": "self", "@href": "https://api.elsevier.com/content/abstract/scopus_id/84992107600"},{"@_fa": "true", "@ref": "author-affiliation", "@href": "https://api.elsevier.com/content/abstract/scopus_id/84992107600?field=author,affiliation"},{"@_fa": "true", "@ref": "scopus", "@href": "https://www.scopus.com/inward/record.uri?partnerID=HzOxMe3b&scp=84992107600&origin=inward"},{"@_fa": "true", "@ref": "scopus-citedby", "@href": "https://www.scopus.com/inward/citedby.uri?partnerID=HzOxMe3b&scp=84992107600&origin=inward"}],"prism:url":"https://api.elsevier.com/content/abstract/scopus_id/84992107600","dc:identifier":"SCOPUS_ID:84992107600","eid":"2-s2.0-84992107600","dc:title":"Social Capital and the Municipal Bond Market","dc:creator":"Li P.","prism:publicationName":"Journal of Business Ethics","prism:issn":"01674544","prism:eIssn":"15730697","prism:volume":"153","prism:issueIdentifier":"2","prism:pageRange":"479-501","prism:coverDate":"2018-12-01","prism:coverDisplayDate":"1 December 2018","prism:doi":"10.1007/s10551-016-3355-8","citedby-count":"2","affiliation": [{"@_fa": "true", "affilname":"Southwest University of Finance and EcoNomics","affiliation-city":"Chengdu","affiliation-country":"China"}],"prism:aggregationType":"Journal","subtype":"ar","subtypeDescription":"Article","source-id":"23859","openaccess":"0","openaccessFlag":false},{"@_fa": "true", "link": [{"@_fa": "true", "@ref": "self", "@href": "https://api.elsevier.com/content/abstract/scopus_id/85046694164"},{"@_fa": "true", "@ref": "author-affiliation", "@href": "https://api.elsevier.com/content/abstract/scopus_id/85046694164?field=author,affiliation"},{"@_fa": "true", "@ref": "scopus", "@href": "https://www.scopus.com/inward/record.uri?partnerID=HzOxMe3b&scp=85046694164&origin=inward"},{"@_fa": "true", "@ref": "scopus-citedby", "@href": "https://www.scopus.com/inward/citedby.uri?partnerID=HzOxMe3b&scp=85046694164&origin=inward"}],"prism:url":"https://api.elsevier.com/content/abstract/scopus_id/85046694164","dc:identifier":"SCOPUS_ID:85046694164","eid":"2-s2.0-85046694164","dc:title":"Exploring the social capital of adolescents who are deaf or hard of hearing and their parents: A preliminary investigation","dc:creator":"Wong C.","prism:publicationName":"American Annals of the Deaf","prism:issn":"0002726X","prism:eIssn":"15430375","prism:volume":"162","prism:issueIdentifier":"5","prism:pageRange":"463-478","prism:coverDate":"2018-12-01","prism:coverDisplayDate":"Winter 2018","prism:doi":"10.1353/aad.2018.0004","citedby-count":"0","affiliation": [{"@_fa": "true", "affilname":"Macquarie University","affiliation-city":"Sydney","affiliation-country":"Australia"},{"@_fa": "true", "affilname":"National Acoustic Laboratories","affiliation-city":"Chatswood","affiliation-country":"Australia"}],"pubmed-id":"29478999","prism:aggregationType":"Journal","subtype":"ar","subtypeDescription":"Article","source-id":"14564","openaccess":"0","openaccessFlag":false},{"@_fa": "true", "link": [{"@_fa": "true", "@ref": "self", "@href": "https://api.elsevier.com/content/abstract/scopus_id/85034831381"},{"@_fa": "true", "@ref": "author-affiliation", "@href": "https://api.elsevier.com/content/abstract/scopus_id/85034831381?field=author,affiliation"},{"@_fa": "true", "@ref": "scopus", "@href": "https://www.scopus.com/inward/record.uri?partnerID=HzOxMe3b&scp=85034831381&origin=inward"},{"@_fa": "true", "@ref": "scopus-citedby", "@href": "https://www.scopus.com/inward/citedby.uri?partnerID=HzOxMe3b&scp=85034831381&origin=inward"}],"prism:url":"https://api.elsevier.com/content/abstract/scopus_id/85034831381","dc:identifier":"SCOPUS_ID:85034831381","eid":"2-s2.0-85034831381","dc:title":"Social capital: a qualitative investigation of principal views","dc:creator":"Ersozlu A.","prism:publicationName":"Quality and Quantity","prism:issn":"00335177","prism:eIssn":"15737845","prism:volume":"52","prism:pageRange":"777-790","prism:coverDate":"2018-12-01","prism:coverDisplayDate":"1 December 2018","prism:doi":"10.1007/s11135-017-0661-x","citedby-count":"0","affiliation": [{"@_fa": "true", "affilname":"University of Western Australia","affiliation-city":"Perth","affiliation-country":"Australia"}],"prism:aggregationType":"Journal","subtype":"ar","subtypeDescription":"Article","source-id":"19372","openaccess":"0","openaccessFlag":false},{"@_fa": "true", "link": [{"@_fa": "true", "@ref": "self", "@href": "https://api.elsevier.com/content/abstract/scopus_id/85052840136"},{"@_fa": "true", "@ref": "author-affiliation", "@href": "https://api.elsevier.com/content/abstract/scopus_id/85052840136?field=author,affiliation"},{"@_fa": "true", "@ref": "scopus", "@href": "https://www.scopus.com/inward/record.uri?partnerID=HzOxMe3b&scp=85052840136&origin=inward"},{"@_fa": "true", "@ref": "scopus-citedby", "@href": "https://www.scopus.com/inward/citedby.uri?partnerID=HzOxMe3b&scp=85052840136&origin=inward"}],"prism:url":"https://api.elsevier.com/content/abstract/scopus_id/85052840136","dc:identifier":"SCOPUS_ID:85052840136","eid":"2-s2.0-85052840136","dc:title":"Social capital in a crisis: NGO responses to the 2015 Nepalese earthquakes","dc:creator":"Hillig Z.","prism:publicationName":"Asia Pacific Viewpoint","prism:issn":"13607456","prism:eIssn":"14678373","prism:volume":"59","prism:issueIdentifier":"3","prism:pageRange":"309-322","prism:coverDate":"2018-12-01","prism:coverDisplayDate":"December 2018","prism:doi":"10.1111/apv.12201","citedby-count":"0","affiliation": [{"@_fa": "true", "affilname":"The University of Sydney","affiliation-city":"Sydney","affiliation-country":"Australia"}],"prism:aggregationType":"Journal","subtype":"ar","subtypeDescription":"Article","source-id":"13490","openaccess":"0","openaccessFlag":false},{"@_fa": "true", "link": [{"@_fa": "true", "@ref": "self", "@href": "https://api.elsevier.com/content/abstract/scopus_id/85044944385"},{"@_fa": "true", "@ref": "author-affiliation", "@href": "https://api.elsevier.com/content/abstract/scopus_id/85044944385?field=author,affiliation"},{"@_fa": "true", "@ref": "scopus", "@href": "https://www.scopus.com/inward/record.uri?partnerID=HzOxMe3b&scp=85044944385&origin=inward"},{"@_fa": "true", "@ref": "scopus-citedby", "@href": "https://www.scopus.com/inward/citedby.uri?partnerID=HzOxMe3b&scp=85044944385&origin=inward"}],"prism:url":"https://api.elsevier.com/content/abstract/scopus_id/85044944385","dc:identifier":"SCOPUS_ID:85044944385","eid":"2-s2.0-85044944385","dc:title":"Income Groups, Social Capital, and Collective Action on Small-Scale Irrigation Facilities: A Multigroup Analysis Based on a Structural Equation Model","dc:creator":"Miao S.","prism:publicationName":"Rural Sociology","prism:issn":"00360112","prism:volume":"83","prism:issueIdentifier":"4","prism:pageRange":"882-911","prism:coverDate":"2018-12-01","prism:coverDisplayDate":"December 2018","prism:doi":"10.1111/ruso.12214","citedby-count":"0","affiliation": [{"@_fa": "true", "affilname":"Yangzhou University","affiliation-city":"Yangzhou","affiliation-country":"China"}],"prism:aggregationType":"Journal","subtype":"ar","subtypeDescription":"Article","source-id":"17389","openaccess":"0","openaccessFlag":false},{"@_fa": "true", "link": [{"@_fa": "true", "@ref": "self", "@href": "https://api.elsevier.com/content/abstract/scopus_id/85055944568"},{"@_fa": "true", "@ref": "author-affiliation", "@href": "https://api.elsevier.com/content/abstract/scopus_id/85055944568?field=author,affiliation"},{"@_fa": "true", "@ref": "scopus", "@href": "https://www.scopus.com/inward/record.uri?partnerID=HzOxMe3b&scp=85055944568&origin=inward"},{"@_fa": "true", "@ref": "scopus-citedby", "@href": "https://www.scopus.com/inward/citedby.uri?partnerID=HzOxMe3b&scp=85055944568&origin=inward"}],"prism:url":"https://api.elsevier.com/content/abstract/scopus_id/85055944568","dc:identifier":"SCOPUS_ID:85055944568","eid":"2-s2.0-85055944568","dc:title":"Disasters, local organizations, and poverty in the USA, 1998 to 2015","dc:creator":"Smiley K.","prism:publicationName":"Population and Environment","prism:issn":"01990039","prism:eIssn":"15737810","prism:volume":"40","prism:issueIdentifier":"2","prism:pageRange":"115-135","prism:coverDate":"2018-12-01","prism:coverDisplayDate":"1 December 2018","prism:doi":"10.1007/s11111-018-0304-8","citedby-count":"0","affiliation": [{"@_fa": "true", "affilname":"University at Buffalo, State University of New York","affiliation-city":"Buffalo","affiliation-country":"United States"}],"prism:aggregationType":"Journal","subtype":"ar","subtypeDescription":"Article","source-id":"12828","openaccess":"0","openaccessFlag":false},{"@_fa": "true", "link": [{"@_fa": "true", "@ref": "self", "@href": "https://api.elsevier.com/content/abstract/scopus_id/84988418464"},{"@_fa": "true", "@ref": "author-affiliation", "@href": "https://api.elsevier.com/content/abstract/scopus_id/84988418464?field=author,affiliation"},{"@_fa": "true", "@ref": "scopus", "@href": "https://www.scopus.com/inward/record.uri?partnerID=HzOxMe3b&scp=84988418464&origin=inward"},{"@_fa": "true", "@ref": "scopus-citedby", "@href": "https://www.scopus.com/inward/citedby.uri?partnerID=HzOxMe3b&scp=84988418464&origin=inward"}],"prism:url":"https://api.elsevier.com/content/abstract/scopus_id/84988418464","dc:identifier":"SCOPUS_ID:84988418464","eid":"2-s2.0-84988418464","dc:title":"Microfinance Performance and Social Capital: A Cross-Country Analysis","dc:creator":"Postelnicu L.","prism:publicationName":"Journal of Business Ethics","prism:issn":"01674544","prism:eIssn":"15730697","prism:volume":"153","prism:issueIdentifier":"2","prism:pageRange":"427-445","prism:coverDate":"2018-12-01","prism:coverDisplayDate":"1 December 2018","prism:doi":"10.1007/s10551-016-3326-0","citedby-count":"3","affiliation": [{"@_fa": "true", "affilname":"Université libre de Bruxelles (ULB)","affiliation-city":"Brussels","affiliation-country":"Belgium"}],"prism:aggregationType":"Journal","subtype":"ar","subtypeDescription":"Article","source-id":"23859","openaccess":"1","openaccessFlag":true},{"@_fa": "true", "link": [{"@_fa": "true", "@ref": "self", "@href": "https://api.elsevier.com/content/abstract/scopus_id/85032691793"},{"@_fa": "true", "@ref": "author-affiliation", "@href": "https://api.elsevier.com/content/abstract/scopus_id/85032691793?field=author,affiliation"},{"@_fa": "true", "@ref": "scopus", "@href": "https://www.scopus.com/inward/record.uri?partnerID=HzOxMe3b&scp=85032691793&origin=inward"},{"@_fa": "true", "@ref": "scopus-citedby", "@href": "https://www.scopus.com/inward/citedby.uri?partnerID=HzOxMe3b&scp=85032691793&origin=inward"}],"prism:url":"https://api.elsevier.com/content/abstract/scopus_id/85032691793","dc:identifier":"SCOPUS_ID:85032691793","eid":"2-s2.0-85032691793","dc:title":"The influence of the early formation of human and social capital on inventiveness: perspectives from a Swedish case study","dc:creator":"Skytt-Larsen C.","prism:publicationName":"GeoJournal","prism:issn":"03432521","prism:eIssn":"15729893","prism:volume":"83","prism:issueIdentifier":"6","prism:pageRange":"1181-1192","prism:coverDate":"2018-12-01","prism:coverDisplayDate":"1 December 2018","prism:doi":"10.1007/s10708-017-9826-3","citedby-count":"0","affiliation": [{"@_fa": "true", "affilname":"Københavns Universitet","affiliation-city":"Copenhagen","affiliation-country":"Denmark"}],"prism:aggregationType":"Journal","subtype":"ar","subtypeDescription":"Article","source-id":"28772","openaccess":"0","openaccessFlag":false}]}}