{"search-results":{"opensearch:totalResults":"553","opensearch:startIndex":"0","opensearch:itemsPerPage":"25","opensearch:Query":{"@role": "request", "@searchTerms": "TITLE-ABS-KEY(\"social capital\") AND SUBJAREA(SOCI) AND PUBYEAR = 2019", "@startPage": "0"},"link": [{"@_fa": "true", "@ref": "self", "@href": "https://api.elsevier.com/content/search/scopus?start=0&count=25&query=TITLE-ABS-KEY%28%22social+capital%22%29+AND+SUBJAREA%28SOCI%29+AND+PUBYEAR+%3D+2019&apiKey=27d953b4b546791964ebeb768d13e61f&view=STANDARD", "@type": "application/json"},{"@_fa": "true", "@ref": "first", "@href": "https://api.elsevier.com/content/search/scopus?start=0&count=25&query=TITLE-ABS-KEY%28%22social+capital%22%29+AND+SUBJAREA%28SOCI%29+AND+PUBYEAR+%3D+2019&apiKey=27d953b4b546791964ebeb768d13e61f&view=STANDARD", "@type": "application/json"},{"@_fa": "true", "@ref": "next", "@href": "https://api.elsevier.com/content/search/scopus?start=25&count=25&query=TITLE-ABS-KEY%28%22social+capital%22%29+AND+SUBJAREA%28SOCI%29+AND+PUBYEAR+%3D+2019&apiKey=27d953b4b546791964ebeb768d13e61f&view=STANDARD", "@type": "application/json"},{"@_fa": "true", "@ref": "last", "@href": "https://api.elsevier.com/content/search/scopus?start=528&count=25&query=TITLE-ABS-KEY%28%22social+capital%22%29+AND+SUBJAREA%28SOCI%29+AND+PUBYEAR+%3D+2019&apiKey=27d953b4b546791964ebeb768d13e61f&view=STANDARD", "@type": "application/json"}],"entry": [{"@_fa": "true", "link": [{"@_fa": "true", "@ref": "self", "@href": "https://api.elsevier.com/content/abstract/scopus_id/85060861861"},{"@_fa": "true", "@ref": "author-affiliation", "@href": "https://api.elsevier.com/content/abstract/scopus_id/85060861861?field=author,affiliation"},{"@_fa": "true", "@ref": "scopus", "@href": "https://www.scopus.com/inward/record.uri?partnerID=HzOxMe3b&scp=85060861861&origin=inward"},{"@_fa": "true", "@ref": "scopus-citedby", "@href": "https://www.scopus.com/inward/citedby.uri?partnerID=HzOxMe3b&scp=85060861861&origin=inward"}],"prism:url":"https://api.elsevier.com/content/abstract/scopus_id/85060861861","dc:identifier":"SCOPUS_ID:85060861861","eid":"2-s2.0-85060861861","dc:title":"TMT social capital, network position and innovation: the nature of micro-macro links","dc:creator":"Zheng G.","prism:publicationName":"Frontiers of Business Research in China","prism:issn":"16737326","prism:eIssn":"16737431","prism:volume":"13","prism:issueIdentifier":"1","prism:pageRange":null,"prism:coverDate":"2019-12-01","prism:coverDisplayDate":"1 December 2019","prism:doi":"10.1186/s11782-019-0047-0","citedby-count":"0","affiliation": [{"@_fa": "true", "affilname":"Renmin University of China","affiliation-city":"Beijing","affiliation-country":"China"}],"prism:aggregationType":"Journal","subtype":"ar","subtypeDescription":"Article","article-number":"3","source-id":"7400153103","openaccess":"1","openaccessFlag":true},{"@_fa": "true", "link": [{"@_fa": "true", "@ref": "self", "@href": "https://api.elsevier.com/content/abstract/scopus_id/85061033723"},{"@_fa": "true", "@ref": "author-affiliation", "@href": "https://api.elsevier.com/content/abstract/scopus_id/85061033723?field=author,affiliation"},{"@_fa": "true", "@ref": "scopus", "@href": "https://www.scopus.com/inward/record.uri?partnerID=HzOxMe3b&scp=85061033723&origin=inward"},{"@_fa": "true", "@ref": "scopus-citedby", "@href": "https://www.scopus.com/inward/citedby.uri?partnerID=HzOxMe3b&scp=85061033723&origin=inward"}],"prism:url":"https://api.elsevier.com/content/abstract/scopus_id/85061033723","dc:identifier":"SCOPUS_ID:85061033723","eid":"2-s2.0-85061033723","dc:title":"Friendships and self-determination among students who are deaf or hard of hearing","dc:creator":"Millen K.","prism:publicationName":"American Annals of the Deaf","prism:issn":"0002726X","prism:eIssn":"15430375","prism:volume":"163","prism:issueIdentifier":"5","prism:pageRange":"576-595","prism:coverDate":"2019-12-01","prism:coverDisplayDate":"Winter 2019","prism:doi":"10.1353/aad.2019.0004","citedby-count":"0","affiliation": [{"@_fa": "true", "affilname":"University Northern Colorado","affiliation-city":"Greeley","affiliation-country":"United States"}],"pubmed-id":"30713199","prism:aggregationType":"Journal","subtype":"ar","subtypeDescription":"Article","source-id":"14564","openaccess":"0","openaccessFlag":false},{"@_fa": "true", "link": [{"@_fa": "true", "@ref": "self", "@href": "https://api.elsevier.com/content/abstract/scopus_id/85064965292"},{"@_fa": "true", "@ref": "author-affiliation", "@href": "https://api.elsevier.com/content/abstract/scopus_id/85064965292?field=author,affiliation"},{"@_fa": "true", "@ref": "scopus", "@href": "https://www.scopus.com/inward/record.uri?partnerID=HzOxMe3b&scp=85064965292&origin=inward"},{"@_fa": "true", "@ref": "scopus-citedby", "@href": "https://www.scopus.com/inward/citedby.uri?partnerID=HzOxMe3b&scp=85064965292&origin=inward"}],"prism:url":"https://api.elsevier.com/content/abstract/scopus_id/85064965292","dc:identifier":"SCOPUS_ID:85064965292","eid":"2-s2.0-85064965292","dc:title":"Fighting against HIV and AIDS within a resource constrained rural setting: a case study of the Ruvheneko Programme in Chirumhanzu, Zimbabwe","dc:creator":"Dzimiri C.","prism:publicationName":"SAHARA J : journal of Social Aspects of HIV/AIDS Research Alliance","prism:eIssn":"18134424","prism:volume":"16","prism:issueIdentifier":"1","prism:pageRange":"25-34","prism:coverDate":"2019-12-01","prism:coverDisplayDate":"1 December 2019","prism:doi":"10.1080/17290376.2019.1605537","citedby-count":"0","affiliation": [{"@_fa": "true", "affilname":"University of Johannesburg","affiliation-city":"Johannesburg","affiliation-country":"South Africa"}],"pubmed-id":"30991895","prism:aggregationType":"Journal","subtype":"ar","subtypeDescription":"Article","source-id":"4700152238","openaccess":"1","openaccessFlag":true},{"@_fa": "true", "link": [{"@_fa": "true", "@ref": "self", "@href": "https://api.elsevier.com/content/abstract/scopus_id/85066957670"},{"@_fa": "true", "@ref": "author-affiliation", "@href": "https://api.elsevier.com/content/abstract/scopus_id/85066957670?field=author,affiliation"},{"@_fa": "true", "@ref": "scopus", "@href": "https://www.scopus.com/inward/record.uri?partnerID=HzOxMe3b&scp=85066957670&origin=inward"},{"@_fa": "true", "@ref": "scopus-citedby", "@href": "https://www.scopus.com/inward/citedby.uri?partnerID=HzOxMe3b&scp=85066957670&origin=inward"},{"@_fa": "true", "@ref": "full-text", "@href": "https://api.elsevier.com/content/article/eid/1-s2.0-S0272775718307519"}],"prism:url":"https://api.elsevier.com/content/abstract/scopus_id/85066957670","dc:identifier":"SCOPUS_ID:85066957670","eid":"2-s2.0-85066957670","dc:title":"The benefits of adult learning: Work-related training, social capital, and earnings","dc:creator":"Ruhose J.","prism:publicationName":"Economics of Education Review","prism:issn":"02727757","prism:volume":"72","prism:pageRange":"166-186","prism:coverDate":"2019-10-01","prism:coverDisplayDate":"October 2019","prism:doi":"10.1016/j.econedurev.2019.05.010","pii":"S0272775718307519","citedby-count":"0","affiliation": [{"@_fa": "true", "affilname":"Gottfried Wilhelm Leibniz Universität","affiliation-city":"Hannover","affiliation-country":"Germany"}],"prism:aggregationType":"Journal","subtype":"ar","subtypeDescription":"Article","source-id":"19692","openaccess":"0","openaccessFlag":false},{"@_fa": "true", "link": [{"@_fa": "true", "@ref": "self", "@href": "https://api.elsevier.com/content/abstract/scopus_id/85060859919"},{"@_fa": "true", "@ref": "author-affiliation", "@href": "https://api.elsevier.com/content/abstract/scopus_id/85060859919?field=author,affiliation"},{"@_fa": "true", "@ref": "scopus", "@href": "https://www.scopus.com/inward/record.uri?partnerID=HzOxMe3b&scp=85060859919&origin=inward"},{"@_fa": "true", "@ref": "scopus-citedby", "@href": "https://www.scopus.com/inward/citedby.uri?partnerID=HzOxMe3b&scp=85060859919&origin=inward"},{"@_fa": "true", "@ref": "full-text", "@href": "https://api.elsevier.com/content/article/eid/1-s2.0-S0268401218312428"}],"prism:url":"https://api.elsevier.com/content/abstract/scopus_id/85060859919","dc:identifier":"SCOPUS_ID:85060859919","eid":"2-s2.0-85060859919","dc:title":"Impact of corporate social responsibility on reputation—Insights from tweets on sustainable development goals by CEOs","dc:creator":"Grover P.","prism:publicationName":"International Journal of Information Management","prism:issn":"02684012","prism:volume":"48","prism:pageRange":"39-52","prism:coverDate":"2019-10-01","prism:coverDisplayDate":"October 2019","prism:doi":"10.1016/j.ijinfomgt.2019.01.009","pii":"S0268401218312428","citedby-count":"0","affiliation": [{"@_fa": "true", "affilname":"Indian Institute of Technology Delhi","affiliation-city":"New Delhi","affiliation-country":"India"}],"prism:aggregationType":"Journal","subtype":"ar","subtypeDescription":"Article","source-id":"15631","openaccess":"0","openaccessFlag":false},{"@_fa": "true", "link": [{"@_fa": "true", "@ref": "self", "@href": "https://api.elsevier.com/content/abstract/scopus_id/85065089816"},{"@_fa": "true", "@ref": "author-affiliation", "@href": "https://api.elsevier.com/content/abstract/scopus_id/85065089816?field=author,affiliation"},{"@_fa": "true", "@ref": "scopus", "@href": "https://www.scopus.com/inward/record.uri?partnerID=HzOxMe3b&scp=85065089816&origin=inward"},{"@_fa": "true", "@ref": "scopus-citedby", "@href": "https://www.scopus.com/inward/citedby.uri?partnerID=HzOxMe3b&scp=85065089816&origin=inward"},{"@_fa": "true", "@ref": "full-text", "@href": "https://api.elsevier.com/content/article/eid/1-s2.0-S0305750X19300944"}],"prism:url":"https://api.elsevier.com/content/abstract/scopus_id/85065089816","dc:identifier":"SCOPUS_ID:85065089816","eid":"2-s2.0-85065089816","dc:title":"Can the poor organize? Public goods and self-help groups in rural India","dc:creator":"Desai R.","prism:publicationName":"World Development","prism:issn":"0305750X","prism:eIssn":"18735991","prism:volume":"121","prism:pageRange":"33-52","prism:coverDate":"2019-09-01","prism:coverDisplayDate":"September 2019","prism:doi":"10.1016/j.worlddev.2019.04.009","pii":"S0305750X19300944","citedby-count":"0","affiliation": [{"@_fa": "true", "affilname":"Georgetown University","affiliation-city":"Washington, D.C.","affiliation-country":"United States"},{"@_fa": "true", "affilname":"The Brookings Institution","affiliation-city":"Washington","affiliation-country":"United States"}],"prism:aggregationType":"Journal","subtype":"ar","subtypeDescription":"Article","source-id":"30060","openaccess":"0","openaccessFlag":false},{"@_fa": "true", "link": [{"@_fa": "true", "@ref": "self", "@href": "https://api.elsevier.com/content/abstract/scopus_id/85066241521"},{"@_fa": "true", "@ref": "author-affiliation", "@href": "https://api.elsevier.com/content/abstract/scopus_id/85066241521?field=author,affiliation"},{"@_fa": "true", "@ref": "scopus", "@href": "https://www.scopus.com/inward/record.uri?partnerID=HzOxMe3b&scp=85066241521&origin=inward"},{"@_fa": "true", "@ref": "scopus-citedby", "@href": "https://www.scopus.com/inward/citedby.uri?partnerID=HzOxMe3b&scp=85066241521&origin=inward"},{"@_fa": "true", "@ref": "full-text", "@href": "https://api.elsevier.com/content/article/eid/1-s2.0-S2352827318303021"}],"prism:url":"https://api.elsevier.com/content/abstract/scopus_id/85066241521","dc:identifier":"SCOPUS_ID:85066241521","eid":"2-s2.0-85066241521","dc:title":"What determines gender inequalities in social capital in Ukraine?","dc:creator":"Karhina K.","prism:publicationName":"SSM - Population Health","prism:eIssn":"23528273","prism:volume":"8","prism:pageRange":null,"prism:coverDate":"2019-08-01","prism:coverDisplayDate":"August 2019","prism:doi":"10.1016/j.ssmph.2019.100383","pii":"S2352827318303021","citedby-count":"0","affiliation": [{"@_fa": "true", "affilname":"Umeå Universitet","affiliation-city":"Umea","affiliation-country":"Sweden"}],"prism:aggregationType":"Journal","subtype":"ar","subtypeDescription":"Article","article-number":"100383","source-id":"21100443787","openaccess":"1","openaccessFlag":true},{"@_fa": "true", "link": [{"@_fa": "true", "@ref": "self", "@href": "https://api.elsevier.com/content/abstract/scopus_id/85042850168"},{"@_fa": "true", "@ref": "author-affiliation", "@href": "https://api.elsevier.com/content/abstract/scopus_id/85042850168?field=author,affiliation"},{"@_fa": "true", "@ref": "scopus", "@href": "https://www.scopus.com/inward/record.uri?partnerID=HzOxMe3b&scp=85042850168&origin=inward"},{"@_fa": "true", "@ref": "scopus-citedby", "@href": "https://www.scopus.com/inward/citedby.uri?partnerID=HzOxMe3b&scp=85042850168&origin=inward"},{"@_fa": "true", "@ref": "full-text", "@href": "https://api.elsevier.com/content/article/eid/1-s2.0-S0264275117311319"}],"prism:url":"https://api.elsevier.com/content/abstract/scopus_id/85042850168","dc:identifier":"SCOPUS_ID:85042850168","eid":"2-s2.0-85042850168","dc:title":"Jane Jacobs's urban ethics","dc:creator":"Laurence P.","prism:publicationName":"Cities","prism:issn":"02642751","prism:volume":"91","prism:pageRange":"29-38","prism:coverDate":"2019-08-01","prism:coverDisplayDate":"August 2019","prism:doi":"10.1016/j.cities.2018.02.028","pii":"S0264275117311319","citedby-count":"1","affiliation": [{"@_fa": "true", "affilname":"Clemson University School of Architecture","affiliation-city":"Charleston","affiliation-country":"United States"}],"prism:aggregationType":"Journal","subtype":"ar","subtypeDescription":"Article","source-id":"16956","openaccess":"0","openaccessFlag":false},{"@_fa": "true", "link": [{"@_fa": "true", "@ref": "self", "@href": "https://api.elsevier.com/content/abstract/scopus_id/85064632059"},{"@_fa": "true", "@ref": "author-affiliation", "@href": "https://api.elsevier.com/content/abstract/scopus_id/85064632059?field=author,affiliation"},{"@_fa": "true", "@ref": "scopus", "@href": "https://www.scopus.com/inward/record.uri?partnerID=HzOxMe3b&scp=85064632059&origin=inward"},{"@_fa": "true", "@ref": "scopus-citedby", "@href": "https://www.scopus.com/inward/citedby.uri?partnerID=HzOxMe3b&scp=85064632059&origin=inward"},{"@_fa": "true", "@ref": "full-text", "@href": "https://api.elsevier.com/content/article/eid/1-s2.0-S0305750X19300920"}],"prism:url":"https://api.elsevier.com/content/abstract/scopus_id/85064632059","dc:identifier":"SCOPUS_ID:85064632059","eid":"2-s2.0-85064632059","dc:title":"Trust, regulation and participatory forest management: Micro-level evidence on forest governance from Ethiopia","dc:creator":"Kahsay G.","prism:publicationName":"World Development","prism:issn":"0305750X","prism:eIssn":"18735991","prism:volume":"120","prism:pageRange":"118-132","prism:coverDate":"2019-08-01","prism:coverDisplayDate":"August 2019","prism:doi":"10.1016/j.worlddev.2019.04.007","pii":"S0305750X19300920","citedby-count":"0","affiliation": [{"@_fa": "true", "affilname":"Københavns Universitet","affiliation-city":"Copenhagen","affiliation-country":"Denmark"}],"prism:aggregationType":"Journal","subtype":"ar","subtypeDescription":"Article","source-id":"30060","openaccess":"0","openaccessFlag":false},{"@_fa": "true", "link": [{"@_fa": "true", "@ref": "self", "@href": "https://api.elsevier.com/content/abstract/scopus_id/85057391722"},{"@_fa": "true", "@ref": "author-affiliation", "@href": "https://api.elsevier.com/content/abstract/scopus_id/85057391722?field=author,affiliation"},{"@_fa": "true", "@ref": "scopus", "@href": "https://www.scopus.com/inward/record.uri?partnerID=HzOxMe3b&scp=85057391722&origin=inward"},{"@_fa": "true", "@ref": "scopus-citedby", "@href": "https://www.scopus.com/inward/citedby.uri?partnerID=HzOxMe3b&scp=85057391722&origin=inward"},{"@_fa": "true", "@ref": "full-text", "@href": "https://api.elsevier.com/content/article/eid/1-s2.0-S026427511830012X"}],"prism:url":"https://api.elsevier.com/content/abstract/scopus_id/85057391722","dc:identifier":"SCOPUS_ID:85057391722","eid":"2-s2.0-85057391722","dc:title":"E-urbanism: E-commerce, migration, and the transformation of Taobao villages in urban China","dc:creator":"Lin Y.","prism:publicationName":"Cities","prism:issn":"02642751","prism:volume":"91","prism:pageRange":"202-212","prism:coverDate":"2019-08-01","prism:coverDisplayDate":"August 2019","prism:doi":"10.1016/j.cities.2018.11.020","pii":"S026427511830012X","citedby-count":"1","affiliation": [{"@_fa": "true", "affilname":"Utrecht University","affiliation-city":"Utrecht","affiliation-country":"Netherlands"}],"prism:aggregationType":"Journal","subtype":"ar","subtypeDescription":"Article","source-id":"16956","openaccess":"0","openaccessFlag":false},{"@_fa": "true", "link": [{"@_fa": "true", "@ref": "self", "@href": "https://api.elsevier.com/content/abstract/scopus_id/85066094003"},{"@_fa": "true", "@ref": "author-affiliation", "@href": "https://api.elsevier.com/content/abstract/scopus_id/85066094003?field=author,affiliation"},{"@_fa": "true", "@ref": "scopus", "@href": "https://www.scopus.com/inward/record.uri?partnerID=HzOxMe3b&scp=85066094003&origin=inward"},{"@_fa": "true", "@ref": "scopus-citedby", "@href": "https://www.scopus.com/inward/citedby.uri?partnerID=HzOxMe3b&scp=85066094003&origin=inward"},{"@_fa": "true", "@ref": "full-text", "@href": "https://api.elsevier.com/content/article/eid/1-s2.0-S221480431830168X"}],"prism:url":"https://api.elsevier.com/content/abstract/scopus_id/85066094003","dc:identifier":"SCOPUS_ID:85066094003","eid":"2-s2.0-85066094003","dc:title":"Public spirit on immigration issues and tax morale in Italy: An empirical investigation","dc:creator":"Nemore F.","prism:publicationName":"Journal of Behavioral and Experimental Economics","prism:issn":"22148043","prism:eIssn":"22148051","prism:volume":"81","prism:pageRange":"11-18","prism:coverDate":"2019-08-01","prism:coverDisplayDate":"August 2019","prism:doi":"10.1016/j.socec.2019.05.004","pii":"S221480431830168X","citedby-count":"0","affiliation": [{"@_fa": "true", "affilname":"Università degli Studi di Bari","affiliation-city":"Bari","affiliation-country":"Italy"}],"prism:aggregationType":"Journal","subtype":"ar","subtypeDescription":"Article","source-id":"21100372152","openaccess":"0","openaccessFlag":false},{"@_fa": "true", "link": [{"@_fa": "true", "@ref": "self", "@href": "https://api.elsevier.com/content/abstract/scopus_id/85066838781"},{"@_fa": "true", "@ref": "author-affiliation", "@href": "https://api.elsevier.com/content/abstract/scopus_id/85066838781?field=author,affiliation"},{"@_fa": "true", "@ref": "scopus", "@href": "https://www.scopus.com/inward/record.uri?partnerID=HzOxMe3b&scp=85066838781&origin=inward"},{"@_fa": "true", "@ref": "scopus-citedby", "@href": "https://www.scopus.com/inward/citedby.uri?partnerID=HzOxMe3b&scp=85066838781&origin=inward"}],"prism:url":"https://api.elsevier.com/content/abstract/scopus_id/85066838781","dc:identifier":"SCOPUS_ID:85066838781","eid":"2-s2.0-85066838781","dc:title":"Social capital as a coping mechanism for seasonal deprivation: the case of the Monga in Bangladesh","dc:creator":"Bakshi R.","prism:publicationName":"Empirical Economics","prism:issn":"03777332","prism:volume":"57","prism:issueIdentifier":"1","prism:pageRange":"239-262","prism:coverDate":"2019-07-15","prism:coverDisplayDate":"15 July 2019","prism:doi":"10.1007/s00181-018-1438-3","citedby-count":"0","affiliation": [{"@_fa": "true", "affilname":"Rajshahi University","affiliation-city":"Rajshahi","affiliation-country":"Bangladesh"}],"prism:aggregationType":"Journal","subtype":"ar","subtypeDescription":"Article","source-id":"20642","openaccess":"0","openaccessFlag":false},{"@_fa": "true", "link": [{"@_fa": "true", "@ref": "self", "@href": "https://api.elsevier.com/content/abstract/scopus_id/85056808190"},{"@_fa": "true", "@ref": "author-affiliation", "@href": "https://api.elsevier.com/content/abstract/scopus_id/85056808190?field=author,affiliation"},{"@_fa": "true", "@ref": "scopus", "@href": "https://www.scopus.com/inward/record.uri?partnerID=HzOxMe3b&scp=85056808190&origin=inward"},{"@_fa": "true", "@ref": "scopus-citedby", "@href": "https://www.scopus.com/inward/citedby.uri?partnerID=HzOxMe3b&scp=85056808190&origin=inward"}],"prism:url":"https://api.elsevier.com/content/abstract/scopus_id/85056808190","dc:identifier":"SCOPUS_ID:85056808190","eid":"2-s2.0-85056808190","dc:title":"In Social Capital We Trust?","dc:creator":"Son J.","prism:publicationName":"Social Indicators Research","prism:issn":"03038300","prism:eIssn":"15730921","prism:volume":"144","prism:issueIdentifier":"1","prism:pageRange":"167-189","prism:coverDate":"2019-07-15","prism:coverDisplayDate":"15 July 2019","prism:doi":"10.1007/s11205-018-2026-9","citedby-count":"0","affiliation": [{"@_fa": "true", "affilname":"National University of Singapore","affiliation-city":"Singapore City","affiliation-country":"Singapore"}],"prism:aggregationType":"Journal","subtype":"ar","subtypeDescription":"Article","source-id":"19391","openaccess":"0","openaccessFlag":false},{"@_fa": "true", "link": [{"@_fa": "true", "@ref": "self", "@href": "https://api.elsevier.com/content/abstract/scopus_id/85056822524"},{"@_fa": "true", "@ref": "author-affiliation", "@href": "https://api.elsevier.com/content/abstract/scopus_id/85056822524?field=author,affiliation"},{"@_fa": "true", "@ref": "scopus", "@href": "https://www.scopus.com/inward/record.uri?partnerID=HzOxMe3b&scp=85056822524&origin=inward"},{"@_fa": "true", "@ref": "scopus-citedby", "@href": "https://www.scopus.com/inward/citedby.uri?partnerID=HzOxMe3b&scp=85056822524&origin=inward"}],"prism:url":"https://api.elsevier.com/content/abstract/scopus_id/85056822524","dc:identifier":"SCOPUS_ID:85056822524","eid":"2-s2.0-85056822524","dc:title":"Sensitivity of Livelihood Strategy to Livelihood Capital: An Empirical Investigation Using Nationally Representative Survey Data from Rural China","dc:creator":"Xu D.","prism:publicationName":"Social Indicators Research","prism:issn":"03038300","prism:eIssn":"15730921","prism:volume":"144","prism:issueIdentifier":"1","prism:pageRange":"113-131","prism:coverDate":"2019-07-15","prism:coverDisplayDate":"15 July 2019","prism:doi":"10.1007/s11205-018-2037-6","citedby-count":"4","affiliation": [{"@_fa": "true", "affilname":"Sichuan Agricultural University","affiliation-city":"Ya'an","affiliation-country":"China"}],"prism:aggregationType":"Journal","subtype":"ar","subtypeDescription":"Article","source-id":"19391","openaccess":"0","openaccessFlag":false},{"@_fa": "true", "link": [{"@_fa": "true", "@ref": "self", "@href": "https://api.elsevier.com/content/abstract/scopus_id/85046710322"},{"@_fa": "true", "@ref": "author-affiliation", "@href": "https://api.elsevier.com/content/abstract/scopus_id/85046710322?field=author,affiliation"},{"@_fa": "true", "@ref": "scopus", "@href": "https://www.scopus.com/inward/record.uri?partnerID=HzOxMe3b&scp=85046710322&origin=inward"},{"@_fa": "true", "@ref": "scopus-citedby", "@href": "https://www.scopus.com/inward/citedby.uri?partnerID=HzOxMe3b&scp=85046710322&origin=inward"}],"prism:url":"https://api.elsevier.com/content/abstract/scopus_id/85046710322","dc:identifier":"SCOPUS_ID:85046710322","eid":"2-s2.0-85046710322","dc:title":"Social capital as a vital resource in flood disaster recovery in Malaysia","dc:creator":"Chan N.","prism:publicationName":"International Journal of Water Resources Development","prism:issn":"07900627","prism:eIssn":"13600648","prism:volume":"35","prism:issueIdentifier":"4","prism:pageRange":"619-637","prism:coverDate":"2019-07-04","prism:coverDisplayDate":"4 July 2019","prism:doi":"10.1080/07900627.2018.1467312","citedby-count":"1","affiliation": [{"@_fa": "true", "affilname":"Universiti Sains Malaysia","affiliation-city":"Penang","affiliation-country":"Malaysia"}],"prism:aggregationType":"Journal","subtype":"ar","subtypeDescription":"Article","source-id":"17479","openaccess":"0","openaccessFlag":false},{"@_fa": "true", "link": [{"@_fa": "true", "@ref": "self", "@href": "https://api.elsevier.com/content/abstract/scopus_id/85035113827"},{"@_fa": "true", "@ref": "author-affiliation", "@href": "https://api.elsevier.com/content/abstract/scopus_id/85035113827?field=author,affiliation"},{"@_fa": "true", "@ref": "scopus", "@href": "https://www.scopus.com/inward/record.uri?partnerID=HzOxMe3b&scp=85035113827&origin=inward"},{"@_fa": "true", "@ref": "scopus-citedby", "@href": "https://www.scopus.com/inward/citedby.uri?partnerID=HzOxMe3b&scp=85035113827&origin=inward"}],"prism:url":"https://api.elsevier.com/content/abstract/scopus_id/85035113827","dc:identifier":"SCOPUS_ID:85035113827","eid":"2-s2.0-85035113827","dc:title":"Who likes to be reachable? Availability preferences, weak ties, and bridging social capital","dc:creator":"Trieu P.","prism:publicationName":"Information Communication and Society","prism:issn":"1369118X","prism:eIssn":"14684462","prism:volume":"22","prism:issueIdentifier":"8","prism:pageRange":"1096-1111","prism:coverDate":"2019-07-03","prism:coverDisplayDate":"3 July 2019","prism:doi":"10.1080/1369118X.2017.1405060","citedby-count":"0","affiliation": [{"@_fa": "true", "affilname":"University of Michigan, Ann Arbor","affiliation-city":"Ann Arbor","affiliation-country":"United States"}],"prism:aggregationType":"Journal","subtype":"ar","subtypeDescription":"Article","source-id":"200147110","openaccess":"0","openaccessFlag":false},{"@_fa": "true", "link": [{"@_fa": "true", "@ref": "self", "@href": "https://api.elsevier.com/content/abstract/scopus_id/85066408389"},{"@_fa": "true", "@ref": "author-affiliation", "@href": "https://api.elsevier.com/content/abstract/scopus_id/85066408389?field=author,affiliation"},{"@_fa": "true", "@ref": "scopus", "@href": "https://www.scopus.com/inward/record.uri?partnerID=HzOxMe3b&scp=85066408389&origin=inward"},{"@_fa": "true", "@ref": "scopus-citedby", "@href": "https://www.scopus.com/inward/citedby.uri?partnerID=HzOxMe3b&scp=85066408389&origin=inward"}],"prism:url":"https://api.elsevier.com/content/abstract/scopus_id/85066408389","dc:identifier":"SCOPUS_ID:85066408389","eid":"2-s2.0-85066408389","dc:title":"Comparing Communities: The Cultural Characteristics of Ethnic Social Capital","dc:creator":"Pearrow M.","prism:publicationName":"Education and Urban Society","prism:issn":"00131245","prism:eIssn":"15523535","prism:volume":"51","prism:issueIdentifier":"6","prism:pageRange":"739-755","prism:coverDate":"2019-07-01","prism:coverDisplayDate":"1 July 2019","prism:doi":"10.1177/0013124517747680","citedby-count":"0","affiliation": [{"@_fa": "true", "affilname":"University of Massachusetts Boston","affiliation-city":"Boston","affiliation-country":"United States"}],"prism:aggregationType":"Journal","subtype":"ar","subtypeDescription":"Article","source-id":"14116","openaccess":"0","openaccessFlag":false},{"@_fa": "true", "link": [{"@_fa": "true", "@ref": "self", "@href": "https://api.elsevier.com/content/abstract/scopus_id/85065483942"},{"@_fa": "true", "@ref": "author-affiliation", "@href": "https://api.elsevier.com/content/abstract/scopus_id/85065483942?field=author,affiliation"},{"@_fa": "true", "@ref": "scopus", "@href": "https://www.scopus.com/inward/record.uri?partnerID=HzOxMe3b&scp=85065483942&origin=inward"},{"@_fa": "true", "@ref": "scopus-citedby", "@href": "https://www.scopus.com/inward/citedby.uri?partnerID=HzOxMe3b&scp=85065483942&origin=inward"},{"@_fa": "true", "@ref": "full-text", "@href": "https://api.elsevier.com/content/article/eid/1-s2.0-S0147176718303432"}],"prism:url":"https://api.elsevier.com/content/abstract/scopus_id/85065483942","dc:identifier":"SCOPUS_ID:85065483942","eid":"2-s2.0-85065483942","dc:title":"Effects of ethnocentrism and online interethnic interactions on interethnic bridging social capital among university students: The moderating role of ethnicity","dc:creator":"Mortazavi Ganji Ketab S.","prism:publicationName":"International Journal of Intercultural Relations","prism:issn":"01471767","prism:volume":"71","prism:pageRange":"48-59","prism:coverDate":"2019-07-01","prism:coverDisplayDate":"July 2019","prism:doi":"10.1016/j.ijintrel.2019.04.004","pii":"S0147176718303432","citedby-count":"0","affiliation": [{"@_fa": "true", "affilname":"Universiti Putra Malaysia","affiliation-city":"Serdang","affiliation-country":"Malaysia"}],"prism:aggregationType":"Journal","subtype":"ar","subtypeDescription":"Article","source-id":"15496","openaccess":"0","openaccessFlag":false},{"@_fa": "true", "link": [{"@_fa": "true", "@ref": "self", "@href": "https://api.elsevier.com/content/abstract/scopus_id/85064702051"},{"@_fa": "true", "@ref": "author-affiliation", "@href": "https://api.elsevier.com/content/abstract/scopus_id/85064702051?field=author,affiliation"},{"@_fa": "true", "@ref": "scopus", "@href": "https://www.scopus.com/inward/record.uri?partnerID=HzOxMe3b&scp=85064702051&origin=inward"},{"@_fa": "true", "@ref": "scopus-citedby", "@href": "https://www.scopus.com/inward/citedby.uri?partnerID=HzOxMe3b&scp=85064702051&origin=inward"}],"prism:url":"https://api.elsevier.com/content/abstract/scopus_id/85064702051","dc:identifier":"SCOPUS_ID:85064702051","eid":"2-s2.0-85064702051","dc:title":"Combinations of bonding, bridging, and linking social capital for farm innovation: How farmers configure different support networks","dc:creator":"Cofré-Bravo G.","prism:publicationName":"Journal of Rural Studies","prism:issn":"07430167","prism:volume":"69","prism:pageRange":"53-64","prism:coverDate":"2019-07-01","prism:coverDisplayDate":"July 2019","prism:doi":"10.1016/j.jrurstud.2019.04.004","pii":"S0743016718308040","citedby-count":"0","affiliation": [{"@_fa": "true", "affilname":"Universidad de Talca","affiliation-city":"Talca","affiliation-country":"Chile"}],"prism:aggregationType":"Journal","subtype":"ar","subtypeDescription":"Article","source-id":"15673","openaccess":"1","openaccessFlag":true},{"@_fa": "true", "link": [{"@_fa": "true", "@ref": "self", "@href": "https://api.elsevier.com/content/abstract/scopus_id/85064891963"},{"@_fa": "true", "@ref": "author-affiliation", "@href": "https://api.elsevier.com/content/abstract/scopus_id/85064891963?field=author,affiliation"},{"@_fa": "true", "@ref": "scopus", "@href": "https://www.scopus.com/inward/record.uri?partnerID=HzOxMe3b&scp=85064891963&origin=inward"},{"@_fa": "true", "@ref": "scopus-citedby", "@href": "https://www.scopus.com/inward/citedby.uri?partnerID=HzOxMe3b&scp=85064891963&origin=inward"},{"@_fa": "true", "@ref": "full-text", "@href": "https://api.elsevier.com/content/article/eid/1-s2.0-S0378873318303782"}],"prism:url":"https://api.elsevier.com/content/abstract/scopus_id/85064891963","dc:identifier":"SCOPUS_ID:85064891963","eid":"2-s2.0-85064891963","dc:title":"Social networks and the emergence of health inequalities following a medical advance: Examining prenatal H1N1 vaccination decisions","dc:creator":"Hernandez E.","prism:publicationName":"Social Networks","prism:issn":"03788733","prism:volume":"58","prism:pageRange":"156-167","prism:coverDate":"2019-07-01","prism:coverDisplayDate":"July 2019","prism:doi":"10.1016/j.socnet.2019.03.002","pii":"S0378873318303782","citedby-count":"0","affiliation": [{"@_fa": "true", "affilname":"Indiana University","affiliation-city":"Bloomington","affiliation-country":"United States"}],"prism:aggregationType":"Journal","subtype":"ar","subtypeDescription":"Article","source-id":"25987","openaccess":"0","openaccessFlag":false},{"@_fa": "true", "link": [{"@_fa": "true", "@ref": "self", "@href": "https://api.elsevier.com/content/abstract/scopus_id/85062805926"},{"@_fa": "true", "@ref": "author-affiliation", "@href": "https://api.elsevier.com/content/abstract/scopus_id/85062805926?field=author,affiliation"},{"@_fa": "true", "@ref": "scopus", "@href": "https://www.scopus.com/inward/record.uri?partnerID=HzOxMe3b&scp=85062805926&origin=inward"},{"@_fa": "true", "@ref": "scopus-citedby", "@href": "https://www.scopus.com/inward/citedby.uri?partnerID=HzOxMe3b&scp=85062805926&origin=inward"},{"@_fa": "true", "@ref": "full-text", "@href": "https://api.elsevier.com/content/article/eid/1-s2.0-S0378873318300819"}],"prism:url":"https://api.elsevier.com/content/abstract/scopus_id/85062805926","dc:identifier":"SCOPUS_ID:85062805926","eid":"2-s2.0-85062805926","dc:title":"Inequality in social capital in Chile: Assessing the importance of network size and contacts’ occupational prestige on status attainment","dc:creator":"Contreras D.","prism:publicationName":"Social Networks","prism:issn":"03788733","prism:volume":"58","prism:pageRange":"59-77","prism:coverDate":"2019-07-01","prism:coverDisplayDate":"July 2019","prism:doi":"10.1016/j.socnet.2019.02.002","pii":"S0378873318300819","citedby-count":"0","affiliation": [{"@_fa": "true", "affilname":"Universidad de Chile","affiliation-city":"Santiago","affiliation-country":"Chile"}],"prism:aggregationType":"Journal","subtype":"ar","subtypeDescription":"Article","source-id":"25987","openaccess":"0","openaccessFlag":false},{"@_fa": "true", "link": [{"@_fa": "true", "@ref": "self", "@href": "https://api.elsevier.com/content/abstract/scopus_id/85064085864"},{"@_fa": "true", "@ref": "author-affiliation", "@href": "https://api.elsevier.com/content/abstract/scopus_id/85064085864?field=author,affiliation"},{"@_fa": "true", "@ref": "scopus", "@href": "https://www.scopus.com/inward/record.uri?partnerID=HzOxMe3b&scp=85064085864&origin=inward"},{"@_fa": "true", "@ref": "scopus-citedby", "@href": "https://www.scopus.com/inward/citedby.uri?partnerID=HzOxMe3b&scp=85064085864&origin=inward"},{"@_fa": "true", "@ref": "full-text", "@href": "https://api.elsevier.com/content/article/eid/1-s2.0-S0049089X18307117"}],"prism:url":"https://api.elsevier.com/content/abstract/scopus_id/85064085864","dc:identifier":"SCOPUS_ID:85064085864","eid":"2-s2.0-85064085864","dc:title":"Social capital in the creation of cultural capital: Family structure, neighborhood cohesion, and extracurricular participation","dc:creator":"An W.","prism:publicationName":"Social Science Research","prism:issn":"0049089X","prism:volume":"81","prism:pageRange":"192-208","prism:coverDate":"2019-07-01","prism:coverDisplayDate":"July 2019","prism:doi":"10.1016/j.ssresearch.2019.03.015","pii":"S0049089X18307117","citedby-count":"0","affiliation": [{"@_fa": "true", "affilname":"Emory University","affiliation-city":"Atlanta","affiliation-country":"United States"}],"pubmed-id":"31130196","prism:aggregationType":"Journal","subtype":"ar","subtypeDescription":"Article","source-id":"26441","openaccess":"0","openaccessFlag":false},{"@_fa": "true", "link": [{"@_fa": "true", "@ref": "self", "@href": "https://api.elsevier.com/content/abstract/scopus_id/85063374856"},{"@_fa": "true", "@ref": "author-affiliation", "@href": "https://api.elsevier.com/content/abstract/scopus_id/85063374856?field=author,affiliation"},{"@_fa": "true", "@ref": "scopus", "@href": "https://www.scopus.com/inward/record.uri?partnerID=HzOxMe3b&scp=85063374856&origin=inward"},{"@_fa": "true", "@ref": "scopus-citedby", "@href": "https://www.scopus.com/inward/citedby.uri?partnerID=HzOxMe3b&scp=85063374856&origin=inward"},{"@_fa": "true", "@ref": "full-text", "@href": "https://api.elsevier.com/content/article/eid/1-s2.0-S0049089X18303806"}],"prism:url":"https://api.elsevier.com/content/abstract/scopus_id/85063374856","dc:identifier":"SCOPUS_ID:85063374856","eid":"2-s2.0-85063374856","dc:title":"Relative deprivation in context: How contextual status homogeneity shapes the relationship between disadvantaged social status and health","dc:creator":"Yang X.","prism:publicationName":"Social Science Research","prism:issn":"0049089X","prism:volume":"81","prism:pageRange":"157-169","prism:coverDate":"2019-07-01","prism:coverDisplayDate":"July 2019","prism:doi":"10.1016/j.ssresearch.2019.03.011","pii":"S0049089X18303806","citedby-count":"0","affiliation": [{"@_fa": "true", "affilname":"Sun Yat-Sen University","affiliation-city":"Guangzhou","affiliation-country":"China"},{"@_fa": "true", "affilname":"Murray State University Murray","affiliation-city":"Murray","affiliation-country":"United States"}],"pubmed-id":"31130194","prism:aggregationType":"Journal","subtype":"ar","subtypeDescription":"Article","source-id":"26441","openaccess":"0","openaccessFlag":false},{"@_fa": "true", "link": [{"@_fa": "true", "@ref": "self", "@href": "https://api.elsevier.com/content/abstract/scopus_id/85062389608"},{"@_fa": "true", "@ref": "author-affiliation", "@href": "https://api.elsevier.com/content/abstract/scopus_id/85062389608?field=author,affiliation"},{"@_fa": "true", "@ref": "scopus", "@href": "https://www.scopus.com/inward/record.uri?partnerID=HzOxMe3b&scp=85062389608&origin=inward"},{"@_fa": "true", "@ref": "scopus-citedby", "@href": "https://www.scopus.com/inward/citedby.uri?partnerID=HzOxMe3b&scp=85062389608&origin=inward"},{"@_fa": "true", "@ref": "full-text", "@href": "https://api.elsevier.com/content/article/eid/1-s2.0-S026427511830996X"}],"prism:url":"https://api.elsevier.com/content/abstract/scopus_id/85062389608","dc:identifier":"SCOPUS_ID:85062389608","eid":"2-s2.0-85062389608","dc:title":"The social and cultural values of live music: Sustaining urban live music ecologies","dc:creator":"van der Hoeven A.","prism:publicationName":"Cities","prism:issn":"02642751","prism:volume":"90","prism:pageRange":"263-271","prism:coverDate":"2019-07-01","prism:coverDisplayDate":"July 2019","prism:doi":"10.1016/j.cities.2019.02.015","pii":"S026427511830996X","citedby-count":"0","affiliation": [{"@_fa": "true", "affilname":"Erasmus University Rotterdam","affiliation-city":"Rotterdam","affiliation-country":"Netherlands"}],"prism:aggregationType":"Journal","subtype":"ar","subtypeDescription":"Article","source-id":"16956","openaccess":"1","openaccessFlag":true},{"@_fa": "true", "link": [{"@_fa": "true", "@ref": "self", "@href": "https://api.elsevier.com/content/abstract/scopus_id/85065777388"},{"@_fa": "true", "@ref": "author-affiliation", "@href": "https://api.elsevier.com/content/abstract/scopus_id/85065777388?field=author,affiliation"},{"@_fa": "true", "@ref": "scopus", "@href": "https://www.scopus.com/inward/record.uri?partnerID=HzOxMe3b&scp=85065777388&origin=inward"},{"@_fa": "true", "@ref": "scopus-citedby", "@href": "https://www.scopus.com/inward/citedby.uri?partnerID=HzOxMe3b&scp=85065777388&origin=inward"},{"@_fa": "true", "@ref": "full-text", "@href": "https://api.elsevier.com/content/article/eid/1-s2.0-S2212420919301025"}],"prism:url":"https://api.elsevier.com/content/abstract/scopus_id/85065777388","dc:identifier":"SCOPUS_ID:85065777388","eid":"2-s2.0-85065777388","dc:title":"How do households respond to coastal hazards? A framework for accommodating strategies using the example of Semarang Bay, Indonesia","dc:creator":"Bott L.","prism:publicationName":"International Journal of Disaster Risk Reduction","prism:issn":"22124209","prism:volume":"37","prism:pageRange":null,"prism:coverDate":"2019-07-01","prism:coverDisplayDate":"July 2019","prism:doi":"10.1016/j.ijdrr.2019.101177","pii":"S2212420919301025","citedby-count":"0","affiliation": [{"@_fa": "true", "affilname":"University of Cologne","affiliation-city":"Koln","affiliation-country":"Germany"}],"prism:aggregationType":"Journal","subtype":"ar","subtypeDescription":"Article","article-number":"101177","source-id":"21100228018","openaccess":"0","openaccessFlag":false}]}}