{"search-results":{"opensearch:totalResults":"153","opensearch:startIndex":"0","opensearch:itemsPerPage":"25","opensearch:Query":{"@role": "request", "@searchTerms": "TITLE-ABS-KEY(\"patron\") AND SUBJAREA(SOCI) AND PUBYEAR = 2019", "@startPage": "0"},"link": [{"@_fa": "true", "@ref": "self", "@href": "https://api.elsevier.com/content/search/scopus?start=0&count=25&query=TITLE-ABS-KEY%28%22patron%22%29+AND+SUBJAREA%28SOCI%29+AND+PUBYEAR+%3D+2019&apiKey=27d953b4b546791964ebeb768d13e61f&view=STANDARD", "@type": "application/json"},{"@_fa": "true", "@ref": "first", "@href": "https://api.elsevier.com/content/search/scopus?start=0&count=25&query=TITLE-ABS-KEY%28%22patron%22%29+AND+SUBJAREA%28SOCI%29+AND+PUBYEAR+%3D+2019&apiKey=27d953b4b546791964ebeb768d13e61f&view=STANDARD", "@type": "application/json"},{"@_fa": "true", "@ref": "next", "@href": "https://api.elsevier.com/content/search/scopus?start=25&count=25&query=TITLE-ABS-KEY%28%22patron%22%29+AND+SUBJAREA%28SOCI%29+AND+PUBYEAR+%3D+2019&apiKey=27d953b4b546791964ebeb768d13e61f&view=STANDARD", "@type": "application/json"},{"@_fa": "true", "@ref": "last", "@href": "https://api.elsevier.com/content/search/scopus?start=128&count=25&query=TITLE-ABS-KEY%28%22patron%22%29+AND+SUBJAREA%28SOCI%29+AND+PUBYEAR+%3D+2019&apiKey=27d953b4b546791964ebeb768d13e61f&view=STANDARD", "@type": "application/json"}],"entry": [{"@_fa": "true", "link": [{"@_fa": "true", "@ref": "self", "@href": "https://api.elsevier.com/content/abstract/scopus_id/85050989005"},{"@_fa": "true", "@ref": "author-affiliation", "@href": "https://api.elsevier.com/content/abstract/scopus_id/85050989005?field=author,affiliation"},{"@_fa": "true", "@ref": "scopus", "@href": "https://www.scopus.com/inward/record.uri?partnerID=HzOxMe3b&scp=85050989005&origin=inward"},{"@_fa": "true", "@ref": "scopus-citedby", "@href": "https://www.scopus.com/inward/citedby.uri?partnerID=HzOxMe3b&scp=85050989005&origin=inward"}],"prism:url":"https://api.elsevier.com/content/abstract/scopus_id/85050989005","dc:identifier":"SCOPUS_ID:85050989005","eid":"2-s2.0-85050989005","dc:title":"Questionably Queer: Understanding Straight Presence in the Post-Gay Bar","dc:creator":"Hartless J.","prism:publicationName":"Journal of Homosexuality","prism:issn":"00918369","prism:eIssn":"15403602","prism:volume":"66","prism:issueIdentifier":"8","prism:pageRange":"1035-1057","prism:coverDate":"2019-07-03","prism:coverDisplayDate":"3 July 2019","prism:doi":"10.1080/00918369.2018.1491707","citedby-count":"1","affiliation": [{"@_fa": "true", "affilname":"University of Virginia","affiliation-city":"Charlottesville","affiliation-country":"United States"}],"pubmed-id":"29927714","prism:aggregationType":"Journal","subtype":"ar","subtypeDescription":"Article","source-id":"29972","openaccess":"0","openaccessFlag":false},{"@_fa": "true", "link": [{"@_fa": "true", "@ref": "self", "@href": "https://api.elsevier.com/content/abstract/scopus_id/85065206497"},{"@_fa": "true", "@ref": "author-affiliation", "@href": "https://api.elsevier.com/content/abstract/scopus_id/85065206497?field=author,affiliation"},{"@_fa": "true", "@ref": "scopus", "@href": "https://www.scopus.com/inward/record.uri?partnerID=HzOxMe3b&scp=85065206497&origin=inward"},{"@_fa": "true", "@ref": "scopus-citedby", "@href": "https://www.scopus.com/inward/citedby.uri?partnerID=HzOxMe3b&scp=85065206497&origin=inward"},{"@_fa": "true", "@ref": "full-text", "@href": "https://api.elsevier.com/content/article/eid/1-s2.0-S0099133319300631"}],"prism:url":"https://api.elsevier.com/content/abstract/scopus_id/85065206497","dc:identifier":"SCOPUS_ID:85065206497","eid":"2-s2.0-85065206497","dc:title":"Real World Objects: Conceptual Framework and University Library Consortium Study","dc:creator":"Simpson J.","prism:publicationName":"Journal of Academic Librarianship","prism:issn":"00991333","prism:volume":"45","prism:issueIdentifier":"4","prism:pageRange":"332-342","prism:coverDate":"2019-07-01","prism:coverDisplayDate":"July 2019","prism:doi":"10.1016/j.acalib.2019.05.003","pii":"S0099133319300631","citedby-count":"0","affiliation": [{"@_fa": "true", "affilname":"Texas Tech University Libraries","affiliation-city":null,"affiliation-country":"United States"}],"prism:aggregationType":"Journal","subtype":"ar","subtypeDescription":"Article","source-id":"12791","openaccess":"1","openaccessFlag":true},{"@_fa": "true", "link": [{"@_fa": "true", "@ref": "self", "@href": "https://api.elsevier.com/content/abstract/scopus_id/85044744203"},{"@_fa": "true", "@ref": "author-affiliation", "@href": "https://api.elsevier.com/content/abstract/scopus_id/85044744203?field=author,affiliation"},{"@_fa": "true", "@ref": "scopus", "@href": "https://www.scopus.com/inward/record.uri?partnerID=HzOxMe3b&scp=85044744203&origin=inward"},{"@_fa": "true", "@ref": "scopus-citedby", "@href": "https://www.scopus.com/inward/citedby.uri?partnerID=HzOxMe3b&scp=85044744203&origin=inward"}],"prism:url":"https://api.elsevier.com/content/abstract/scopus_id/85044744203","dc:identifier":"SCOPUS_ID:85044744203","eid":"2-s2.0-85044744203","dc:title":"Competing Expectations in an Index-Based Livestock Insurance Project","dc:creator":"Johnson L.","prism:publicationName":"Journal of Development Studies","prism:issn":"00220388","prism:eIssn":"17439140","prism:volume":"55","prism:issueIdentifier":"6","prism:pageRange":"1221-1239","prism:coverDate":"2019-06-03","prism:coverDisplayDate":"3 June 2019","prism:doi":"10.1080/00220388.2018.1453603","citedby-count":"0","affiliation": [{"@_fa": "true", "affilname":"University of Oregon","affiliation-city":"Eugene","affiliation-country":"United States"}],"prism:aggregationType":"Journal","subtype":"ar","subtypeDescription":"Article","source-id":"14849","openaccess":"0","openaccessFlag":false},{"@_fa": "true", "link": [{"@_fa": "true", "@ref": "self", "@href": "https://api.elsevier.com/content/abstract/scopus_id/85063042864"},{"@_fa": "true", "@ref": "author-affiliation", "@href": "https://api.elsevier.com/content/abstract/scopus_id/85063042864?field=author,affiliation"},{"@_fa": "true", "@ref": "scopus", "@href": "https://www.scopus.com/inward/record.uri?partnerID=HzOxMe3b&scp=85063042864&origin=inward"},{"@_fa": "true", "@ref": "scopus-citedby", "@href": "https://www.scopus.com/inward/citedby.uri?partnerID=HzOxMe3b&scp=85063042864&origin=inward"}],"prism:url":"https://api.elsevier.com/content/abstract/scopus_id/85063042864","dc:identifier":"SCOPUS_ID:85063042864","eid":"2-s2.0-85063042864","dc:title":"Asymmetric mutual dependence between the state and capitalists in China","dc:creator":"Zhang C.","prism:publicationName":"Politics and Society","prism:issn":"00323292","prism:eIssn":"15527514","prism:volume":"47","prism:issueIdentifier":"2","prism:pageRange":"149-176","prism:coverDate":"2019-06-01","prism:coverDisplayDate":"1 June 2019","prism:doi":"10.1177/0032329219833282","citedby-count":"0","affiliation": [{"@_fa": "true", "affilname":"Peking University","affiliation-city":"Beijing","affiliation-country":"China"}],"prism:aggregationType":"Journal","subtype":"ar","subtypeDescription":"Article","source-id":"23439","openaccess":"0","openaccessFlag":false},{"@_fa": "true", "link": [{"@_fa": "true", "@ref": "self", "@href": "https://api.elsevier.com/content/abstract/scopus_id/85065288427"},{"@_fa": "true", "@ref": "author-affiliation", "@href": "https://api.elsevier.com/content/abstract/scopus_id/85065288427?field=author,affiliation"},{"@_fa": "true", "@ref": "scopus", "@href": "https://www.scopus.com/inward/record.uri?partnerID=HzOxMe3b&scp=85065288427&origin=inward"},{"@_fa": "true", "@ref": "scopus-citedby", "@href": "https://www.scopus.com/inward/citedby.uri?partnerID=HzOxMe3b&scp=85065288427&origin=inward"}],"prism:url":"https://api.elsevier.com/content/abstract/scopus_id/85065288427","dc:identifier":"SCOPUS_ID:85065288427","eid":"2-s2.0-85065288427","dc:title":"Public Library Users: Perspectives of Socially Vulnerable Populations","dc:creator":"Richter S.","prism:publicationName":"Journal of Library Administration","prism:issn":"01930826","prism:eIssn":"15403564","prism:volume":"59","prism:issueIdentifier":"4","prism:pageRange":"431-441","prism:coverDate":"2019-05-19","prism:coverDisplayDate":"19 May 2019","prism:doi":"10.1080/01930826.2019.1593711","citedby-count":"0","affiliation": [{"@_fa": "true", "affilname":"University of Alberta","affiliation-city":"Edmonton","affiliation-country":"Canada"}],"prism:aggregationType":"Journal","subtype":"ar","subtypeDescription":"Article","source-id":"4700152795","openaccess":"0","openaccessFlag":false},{"@_fa": "true", "link": [{"@_fa": "true", "@ref": "self", "@href": "https://api.elsevier.com/content/abstract/scopus_id/85059689648"},{"@_fa": "true", "@ref": "author-affiliation", "@href": "https://api.elsevier.com/content/abstract/scopus_id/85059689648?field=author,affiliation"},{"@_fa": "true", "@ref": "scopus", "@href": "https://www.scopus.com/inward/record.uri?partnerID=HzOxMe3b&scp=85059689648&origin=inward"},{"@_fa": "true", "@ref": "scopus-citedby", "@href": "https://www.scopus.com/inward/citedby.uri?partnerID=HzOxMe3b&scp=85059689648&origin=inward"}],"prism:url":"https://api.elsevier.com/content/abstract/scopus_id/85059689648","dc:identifier":"SCOPUS_ID:85059689648","eid":"2-s2.0-85059689648","dc:title":"Pregaming: A Field-Based Investigation of Alcohol Quantities Consumed Prior to Visiting a Bar and Restaurant District","dc:creator":"Chaney B.","prism:publicationName":"Substance Use and Misuse","prism:issn":"10826084","prism:eIssn":"15322491","prism:volume":"54","prism:issueIdentifier":"6","prism:pageRange":"1017-1023","prism:coverDate":"2019-05-12","prism:coverDisplayDate":"12 May 2019","prism:doi":"10.1080/10826084.2018.1558252","citedby-count":"0","affiliation": [{"@_fa": "true", "affilname":"East Carolina University","affiliation-city":"Greenville","affiliation-country":"United States"}],"pubmed-id":"30614346","prism:aggregationType":"Journal","subtype":"ar","subtypeDescription":"Article","source-id":"21945","openaccess":"0","openaccessFlag":false},{"@_fa": "true", "link": [{"@_fa": "true", "@ref": "self", "@href": "https://api.elsevier.com/content/abstract/scopus_id/85055245662"},{"@_fa": "true", "@ref": "author-affiliation", "@href": "https://api.elsevier.com/content/abstract/scopus_id/85055245662?field=author,affiliation"},{"@_fa": "true", "@ref": "scopus", "@href": "https://www.scopus.com/inward/record.uri?partnerID=HzOxMe3b&scp=85055245662&origin=inward"},{"@_fa": "true", "@ref": "scopus-citedby", "@href": "https://www.scopus.com/inward/citedby.uri?partnerID=HzOxMe3b&scp=85055245662&origin=inward"}],"prism:url":"https://api.elsevier.com/content/abstract/scopus_id/85055245662","dc:identifier":"SCOPUS_ID:85055245662","eid":"2-s2.0-85055245662","dc:title":"‘I loved him all my life’: love, duty and homosexuality in post-liberation China","dc:creator":"Zhang Y.","prism:publicationName":"Culture, Health and Sexuality","prism:issn":"13691058","prism:eIssn":"14645351","prism:volume":"21","prism:issueIdentifier":"5","prism:pageRange":"591-604","prism:coverDate":"2019-05-04","prism:coverDisplayDate":"4 May 2019","prism:doi":"10.1080/13691058.2018.1501514","citedby-count":"0","affiliation": [{"@_fa": "true", "affilname":"Renmin University of China","affiliation-city":"Beijing","affiliation-country":"China"}],"pubmed-id":"30328772","prism:aggregationType":"Journal","subtype":"ar","subtypeDescription":"Article","source-id":"14236","openaccess":"0","openaccessFlag":false},{"@_fa": "true", "link": [{"@_fa": "true", "@ref": "self", "@href": "https://api.elsevier.com/content/abstract/scopus_id/85041604911"},{"@_fa": "true", "@ref": "author-affiliation", "@href": "https://api.elsevier.com/content/abstract/scopus_id/85041604911?field=author,affiliation"},{"@_fa": "true", "@ref": "scopus", "@href": "https://www.scopus.com/inward/record.uri?partnerID=HzOxMe3b&scp=85041604911&origin=inward"},{"@_fa": "true", "@ref": "scopus-citedby", "@href": "https://www.scopus.com/inward/citedby.uri?partnerID=HzOxMe3b&scp=85041604911&origin=inward"}],"prism:url":"https://api.elsevier.com/content/abstract/scopus_id/85041604911","dc:identifier":"SCOPUS_ID:85041604911","eid":"2-s2.0-85041604911","dc:title":"Real Men Get the Best Bar Girls: Performing Masculinities in China’s Global Sex Industry","dc:creator":"Yuk-Ha Tsang E.","prism:publicationName":"Deviant Behavior","prism:issn":"01639625","prism:eIssn":"15210456","prism:volume":"40","prism:issueIdentifier":"5","prism:pageRange":"559-573","prism:coverDate":"2019-05-04","prism:coverDisplayDate":"4 May 2019","prism:doi":"10.1080/01639625.2018.1431177","citedby-count":"3","affiliation": [{"@_fa": "true", "affilname":"City University of Hong Kong","affiliation-city":"Kowloon","affiliation-country":"Hong Kong"}],"prism:aggregationType":"Journal","subtype":"ar","subtypeDescription":"Article","source-id":"14293","openaccess":"0","openaccessFlag":false},{"@_fa": "true", "link": [{"@_fa": "true", "@ref": "self", "@href": "https://api.elsevier.com/content/abstract/scopus_id/85062454918"},{"@_fa": "true", "@ref": "author-affiliation", "@href": "https://api.elsevier.com/content/abstract/scopus_id/85062454918?field=author,affiliation"},{"@_fa": "true", "@ref": "scopus", "@href": "https://www.scopus.com/inward/record.uri?partnerID=HzOxMe3b&scp=85062454918&origin=inward"},{"@_fa": "true", "@ref": "scopus-citedby", "@href": "https://www.scopus.com/inward/citedby.uri?partnerID=HzOxMe3b&scp=85062454918&origin=inward"},{"@_fa": "true", "@ref": "full-text", "@href": "https://api.elsevier.com/content/article/eid/1-s2.0-S0099133318304300"}],"prism:url":"https://api.elsevier.com/content/abstract/scopus_id/85062454918","dc:identifier":"SCOPUS_ID:85062454918","eid":"2-s2.0-85062454918","dc:title":"Analyzing the use of Facebook among university libraries in Hong Kong","dc:creator":"Lam E.","prism:publicationName":"Journal of Academic Librarianship","prism:issn":"00991333","prism:volume":"45","prism:issueIdentifier":"3","prism:pageRange":"175-183","prism:coverDate":"2019-05-01","prism:coverDisplayDate":"May 2019","prism:doi":"10.1016/j.acalib.2019.02.007","pii":"S0099133318304300","citedby-count":"0","affiliation": [{"@_fa": "true", "affilname":"The University of Hong Kong","affiliation-city":"Pokfulam","affiliation-country":"Hong Kong"}],"prism:aggregationType":"Journal","subtype":"ar","subtypeDescription":"Article","source-id":"12791","openaccess":"0","openaccessFlag":false},{"@_fa": "true", "link": [{"@_fa": "true", "@ref": "self", "@href": "https://api.elsevier.com/content/abstract/scopus_id/85065733765"},{"@_fa": "true", "@ref": "author-affiliation", "@href": "https://api.elsevier.com/content/abstract/scopus_id/85065733765?field=author,affiliation"},{"@_fa": "true", "@ref": "scopus", "@href": "https://www.scopus.com/inward/record.uri?partnerID=HzOxMe3b&scp=85065733765&origin=inward"},{"@_fa": "true", "@ref": "scopus-citedby", "@href": "https://www.scopus.com/inward/citedby.uri?partnerID=HzOxMe3b&scp=85065733765&origin=inward"}],"prism:url":"https://api.elsevier.com/content/abstract/scopus_id/85065733765","dc:identifier":"SCOPUS_ID:85065733765","eid":"2-s2.0-85065733765","dc:title":"Wandering women: The work of Congolese transnational traders","dc:creator":"Braun L.","prism:publicationName":"Africa","prism:issn":"00019720","prism:eIssn":"17500184","prism:volume":"89","prism:issueIdentifier":"2","prism:pageRange":"378-397","prism:coverDate":"2019-05-01","prism:coverDisplayDate":"1 May 2019","prism:doi":"10.1017/S0001972019000135","pii":"S0001972019000135","citedby-count":"0","affiliation": [{"@_fa": "true", "affilname":"Universitat Basel","affiliation-city":"Basel","affiliation-country":"Switzerland"}],"prism:aggregationType":"Journal","subtype":"ar","subtypeDescription":"Article","source-id":"18463","openaccess":"0","openaccessFlag":false},{"@_fa": "true", "link": [{"@_fa": "true", "@ref": "self", "@href": "https://api.elsevier.com/content/abstract/scopus_id/85061076750"},{"@_fa": "true", "@ref": "author-affiliation", "@href": "https://api.elsevier.com/content/abstract/scopus_id/85061076750?field=author,affiliation"},{"@_fa": "true", "@ref": "scopus", "@href": "https://www.scopus.com/inward/record.uri?partnerID=HzOxMe3b&scp=85061076750&origin=inward"},{"@_fa": "true", "@ref": "scopus-citedby", "@href": "https://www.scopus.com/inward/citedby.uri?partnerID=HzOxMe3b&scp=85061076750&origin=inward"},{"@_fa": "true", "@ref": "full-text", "@href": "https://api.elsevier.com/content/article/eid/1-s2.0-S0305750X19300178"}],"prism:url":"https://api.elsevier.com/content/abstract/scopus_id/85061076750","dc:identifier":"SCOPUS_ID:85061076750","eid":"2-s2.0-85061076750","dc:title":"Post-clientelistic initiatives in a patronage democracy: The distributive politics of India's MGNREGA","dc:creator":"Das U.","prism:publicationName":"World Development","prism:issn":"0305750X","prism:eIssn":"18735991","prism:volume":"117","prism:pageRange":"239-252","prism:coverDate":"2019-05-01","prism:coverDisplayDate":"May 2019","prism:doi":"10.1016/j.worlddev.2019.01.011","pii":"S0305750X19300178","citedby-count":"0","affiliation": [{"@_fa": "true", "affilname":"University of Pennsylvania","affiliation-city":"Philadelphia","affiliation-country":"United States"}],"prism:aggregationType":"Journal","subtype":"ar","subtypeDescription":"Article","source-id":"30060","openaccess":"0","openaccessFlag":false},{"@_fa": "true", "link": [{"@_fa": "true", "@ref": "self", "@href": "https://api.elsevier.com/content/abstract/scopus_id/85047420889"},{"@_fa": "true", "@ref": "author-affiliation", "@href": "https://api.elsevier.com/content/abstract/scopus_id/85047420889?field=author,affiliation"},{"@_fa": "true", "@ref": "scopus", "@href": "https://www.scopus.com/inward/record.uri?partnerID=HzOxMe3b&scp=85047420889&origin=inward"},{"@_fa": "true", "@ref": "scopus-citedby", "@href": "https://www.scopus.com/inward/citedby.uri?partnerID=HzOxMe3b&scp=85047420889&origin=inward"}],"prism:url":"https://api.elsevier.com/content/abstract/scopus_id/85047420889","dc:identifier":"SCOPUS_ID:85047420889","eid":"2-s2.0-85047420889","dc:title":"Forming and Performing: Conditioning the Concept of Chinese Space in the Case of National Theatre of China","dc:creator":"Keyang T.","prism:publicationName":"Space and Culture","prism:issn":"12063312","prism:eIssn":"15528308","prism:volume":"22","prism:issueIdentifier":"2","prism:pageRange":"153-171","prism:coverDate":"2019-05-01","prism:coverDisplayDate":"1 May 2019","prism:doi":"10.1177/1206331218774486","citedby-count":"0","affiliation": [{"@_fa": "true", "affilname":"Southern University of Science and Technology","affiliation-city":"Shenzhen","affiliation-country":"China"}],"prism:aggregationType":"Journal","subtype":"ar","subtypeDescription":"Article","source-id":"5600155048","openaccess":"0","openaccessFlag":false},{"@_fa": "true", "link": [{"@_fa": "true", "@ref": "self", "@href": "https://api.elsevier.com/content/abstract/scopus_id/85065698586"},{"@_fa": "true", "@ref": "author-affiliation", "@href": "https://api.elsevier.com/content/abstract/scopus_id/85065698586?field=author,affiliation"},{"@_fa": "true", "@ref": "scopus", "@href": "https://www.scopus.com/inward/record.uri?partnerID=HzOxMe3b&scp=85065698586&origin=inward"},{"@_fa": "true", "@ref": "scopus-citedby", "@href": "https://www.scopus.com/inward/citedby.uri?partnerID=HzOxMe3b&scp=85065698586&origin=inward"}],"prism:url":"https://api.elsevier.com/content/abstract/scopus_id/85065698586","dc:identifier":"SCOPUS_ID:85065698586","eid":"2-s2.0-85065698586","dc:title":"Mobile identities: Photography, smartphones and aspirations in urban Nigeria","dc:creator":"Gilbert J.","prism:publicationName":"Africa","prism:issn":"00019720","prism:eIssn":"17500184","prism:volume":"89","prism:issueIdentifier":"2","prism:pageRange":"246-265","prism:coverDate":"2019-05-01","prism:coverDisplayDate":"1 May 2019","prism:doi":"10.1017/S000197201900007X","pii":"S000197201900007X","citedby-count":"0","affiliation": [{"@_fa": "true", "affilname":"University of Birmingham","affiliation-city":"Birmingham","affiliation-country":"United Kingdom"}],"prism:aggregationType":"Journal","subtype":"ar","subtypeDescription":"Article","source-id":"18463","openaccess":"0","openaccessFlag":false},{"@_fa": "true", "link": [{"@_fa": "true", "@ref": "self", "@href": "https://api.elsevier.com/content/abstract/scopus_id/85050597285"},{"@_fa": "true", "@ref": "author-affiliation", "@href": "https://api.elsevier.com/content/abstract/scopus_id/85050597285?field=author,affiliation"},{"@_fa": "true", "@ref": "scopus", "@href": "https://www.scopus.com/inward/record.uri?partnerID=HzOxMe3b&scp=85050597285&origin=inward"},{"@_fa": "true", "@ref": "scopus-citedby", "@href": "https://www.scopus.com/inward/citedby.uri?partnerID=HzOxMe3b&scp=85050597285&origin=inward"}],"prism:url":"https://api.elsevier.com/content/abstract/scopus_id/85050597285","dc:identifier":"SCOPUS_ID:85050597285","eid":"2-s2.0-85050597285","dc:title":"Air quality and presence of air ventilation systems inside waterpipe cafés in North Carolina","dc:creator":"Seidenberg A.","prism:publicationName":"Tobacco Control","prism:issn":"09644563","prism:eIssn":"14683318","prism:volume":"28","prism:issueIdentifier":"3","prism:pageRange":"356-358","prism:coverDate":"2019-05-01","prism:coverDisplayDate":"1 May 2019","prism:doi":"10.1136/tobaccocontrol-2018-054361","citedby-count":"1","affiliation": [{"@_fa": "true", "affilname":"The University of North Carolina at Chapel Hill","affiliation-city":"Chapel Hill","affiliation-country":"United States"}],"pubmed-id":"30042230","prism:aggregationType":"Journal","subtype":"ar","subtypeDescription":"Article","source-id":"17148","openaccess":"0","openaccessFlag":false},{"@_fa": "true", "link": [{"@_fa": "true", "@ref": "self", "@href": "https://api.elsevier.com/content/abstract/scopus_id/85044092840"},{"@_fa": "true", "@ref": "author-affiliation", "@href": "https://api.elsevier.com/content/abstract/scopus_id/85044092840?field=author,affiliation"},{"@_fa": "true", "@ref": "scopus", "@href": "https://www.scopus.com/inward/record.uri?partnerID=HzOxMe3b&scp=85044092840&origin=inward"},{"@_fa": "true", "@ref": "scopus-citedby", "@href": "https://www.scopus.com/inward/citedby.uri?partnerID=HzOxMe3b&scp=85044092840&origin=inward"}],"prism:url":"https://api.elsevier.com/content/abstract/scopus_id/85044092840","dc:identifier":"SCOPUS_ID:85044092840","eid":"2-s2.0-85044092840","dc:title":"Petrographic and XRF analyses of andesitic cut stone blocks at Teotihuacan, Mexico: implications for the organization of urban construction","dc:creator":"Murakami T.","prism:publicationName":"Archaeological and Anthropological Sciences","prism:issn":"18669557","prism:eIssn":"18669565","prism:volume":"11","prism:issueIdentifier":"4","prism:pageRange":"1491-1518","prism:coverDate":"2019-04-05","prism:coverDisplayDate":"5 April 2019","prism:doi":"10.1007/s12520-018-0619-5","citedby-count":"0","affiliation": [{"@_fa": "true", "affilname":"Tulane University","affiliation-city":"New Orleans","affiliation-country":"United States"}],"prism:aggregationType":"Journal","subtype":"ar","subtypeDescription":"Article","source-id":"19500157002","openaccess":"0","openaccessFlag":false},{"@_fa": "true", "link": [{"@_fa": "true", "@ref": "self", "@href": "https://api.elsevier.com/content/abstract/scopus_id/85062771454"},{"@_fa": "true", "@ref": "author-affiliation", "@href": "https://api.elsevier.com/content/abstract/scopus_id/85062771454?field=author,affiliation"},{"@_fa": "true", "@ref": "scopus", "@href": "https://www.scopus.com/inward/record.uri?partnerID=HzOxMe3b&scp=85062771454&origin=inward"},{"@_fa": "true", "@ref": "scopus-citedby", "@href": "https://www.scopus.com/inward/citedby.uri?partnerID=HzOxMe3b&scp=85062771454&origin=inward"}],"prism:url":"https://api.elsevier.com/content/abstract/scopus_id/85062771454","dc:identifier":"SCOPUS_ID:85062771454","eid":"2-s2.0-85062771454","dc:title":"Music catalog for blind and visually impaired patrons","dc:creator":"Koh D.","prism:publicationName":"Music Reference Services Quarterly","prism:issn":"10588167","prism:eIssn":"15409503","prism:volume":"22","prism:issueIdentifier":"1-2","prism:pageRange":"30-41","prism:coverDate":"2019-04-03","prism:coverDisplayDate":"3 April 2019","prism:doi":"10.1080/10588167.2019.1583494","citedby-count":"0","affiliation": [{"@_fa": "true", "affilname":"Library of Congress","affiliation-city":"Washington, D.C.","affiliation-country":"United States"}],"prism:aggregationType":"Journal","subtype":"ar","subtypeDescription":"Article","source-id":"4700152746","openaccess":"0","openaccessFlag":false},{"@_fa": "true", "link": [{"@_fa": "true", "@ref": "self", "@href": "https://api.elsevier.com/content/abstract/scopus_id/85065880485"},{"@_fa": "true", "@ref": "author-affiliation", "@href": "https://api.elsevier.com/content/abstract/scopus_id/85065880485?field=author,affiliation"},{"@_fa": "true", "@ref": "scopus", "@href": "https://www.scopus.com/inward/record.uri?partnerID=HzOxMe3b&scp=85065880485&origin=inward"},{"@_fa": "true", "@ref": "scopus-citedby", "@href": "https://www.scopus.com/inward/citedby.uri?partnerID=HzOxMe3b&scp=85065880485&origin=inward"}],"prism:url":"https://api.elsevier.com/content/abstract/scopus_id/85065880485","dc:identifier":"SCOPUS_ID:85065880485","eid":"2-s2.0-85065880485","dc:title":"To Our Loyal Patrons","dc:creator":"Okoroafo S.","prism:publicationName":"Journal of African Business","prism:issn":"15228916","prism:eIssn":"15229076","prism:volume":"20","prism:issueIdentifier":"2","prism:pageRange":"153-154","prism:coverDate":"2019-04-03","prism:coverDisplayDate":"3 April 2019","prism:doi":"10.1080/15228916.2019.1607427","citedby-count":"0","affiliation": [{"@_fa": "true", "affilname":"University of Toledo","affiliation-city":"Toledo","affiliation-country":"United States"}],"prism:aggregationType":"Journal","subtype":"ed","subtypeDescription":"Editorial","source-id":"23817","openaccess":"1","openaccessFlag":true},{"@_fa": "true", "link": [{"@_fa": "true", "@ref": "self", "@href": "https://api.elsevier.com/content/abstract/scopus_id/85058675673"},{"@_fa": "true", "@ref": "author-affiliation", "@href": "https://api.elsevier.com/content/abstract/scopus_id/85058675673?field=author,affiliation"},{"@_fa": "true", "@ref": "scopus", "@href": "https://www.scopus.com/inward/record.uri?partnerID=HzOxMe3b&scp=85058675673&origin=inward"},{"@_fa": "true", "@ref": "scopus-citedby", "@href": "https://www.scopus.com/inward/citedby.uri?partnerID=HzOxMe3b&scp=85058675673&origin=inward"}],"prism:url":"https://api.elsevier.com/content/abstract/scopus_id/85058675673","dc:identifier":"SCOPUS_ID:85058675673","eid":"2-s2.0-85058675673","dc:title":"Senior Citizens in the Twenty-First-Century Public Library","dc:creator":"Horton J.","prism:publicationName":"Public Library Quarterly","prism:issn":"01616846","prism:eIssn":"15411540","prism:volume":"38","prism:issueIdentifier":"2","prism:pageRange":"179-192","prism:coverDate":"2019-04-03","prism:coverDisplayDate":"3 April 2019","prism:doi":"10.1080/01616846.2018.1554176","citedby-count":"0","affiliation": [{"@_fa": "true", "affilname":"Augusta University","affiliation-city":"Augusta","affiliation-country":"United States"}],"prism:aggregationType":"Journal","subtype":"ar","subtypeDescription":"Article","source-id":"4700152731","openaccess":"0","openaccessFlag":false},{"@_fa": "true", "link": [{"@_fa": "true", "@ref": "self", "@href": "https://api.elsevier.com/content/abstract/scopus_id/85054086615"},{"@_fa": "true", "@ref": "author-affiliation", "@href": "https://api.elsevier.com/content/abstract/scopus_id/85054086615?field=author,affiliation"},{"@_fa": "true", "@ref": "scopus", "@href": "https://www.scopus.com/inward/record.uri?partnerID=HzOxMe3b&scp=85054086615&origin=inward"},{"@_fa": "true", "@ref": "scopus-citedby", "@href": "https://www.scopus.com/inward/citedby.uri?partnerID=HzOxMe3b&scp=85054086615&origin=inward"}],"prism:url":"https://api.elsevier.com/content/abstract/scopus_id/85054086615","dc:identifier":"SCOPUS_ID:85054086615","eid":"2-s2.0-85054086615","dc:title":"Ask Me Anything!: Reaching out to Online Students in Higher Education through Librarian-Led Virtual Office Hours","dc:creator":"Rempel J.","prism:publicationName":"Journal of Library and Information Services in Distance Learning","prism:issn":"1533290X","prism:eIssn":"15332918","prism:volume":"13","prism:issueIdentifier":"1-2","prism:pageRange":"159-166","prism:coverDate":"2019-04-03","prism:coverDisplayDate":"3 April 2019","prism:doi":"10.1080/1533290X.2018.1499249","citedby-count":"0","affiliation": [{"@_fa": "true", "affilname":"Athabasca University","affiliation-city":"Athabasca","affiliation-country":"Canada"}],"prism:aggregationType":"Journal","subtype":"ar","subtypeDescription":"Article","source-id":"4700152829","openaccess":"0","openaccessFlag":false},{"@_fa": "true", "link": [{"@_fa": "true", "@ref": "self", "@href": "https://api.elsevier.com/content/abstract/scopus_id/85061240780"},{"@_fa": "true", "@ref": "author-affiliation", "@href": "https://api.elsevier.com/content/abstract/scopus_id/85061240780?field=author,affiliation"},{"@_fa": "true", "@ref": "scopus", "@href": "https://www.scopus.com/inward/record.uri?partnerID=HzOxMe3b&scp=85061240780&origin=inward"},{"@_fa": "true", "@ref": "scopus-citedby", "@href": "https://www.scopus.com/inward/citedby.uri?partnerID=HzOxMe3b&scp=85061240780&origin=inward"}],"prism:url":"https://api.elsevier.com/content/abstract/scopus_id/85061240780","dc:identifier":"SCOPUS_ID:85061240780","eid":"2-s2.0-85061240780","dc:title":"Interpreting Library Chat Reference Service Transactions","dc:creator":"Mavodza J.","prism:publicationName":"Reference Librarian","prism:issn":"02763877","prism:eIssn":"15411117","prism:volume":"60","prism:issueIdentifier":"2","prism:pageRange":"122-133","prism:coverDate":"2019-04-03","prism:coverDisplayDate":"3 April 2019","prism:doi":"10.1080/02763877.2019.1572571","citedby-count":"0","affiliation": [{"@_fa": "true", "affilname":"Zayed University","affiliation-city":"Dubai","affiliation-country":"United Arab Emirates"}],"prism:aggregationType":"Journal","subtype":"ar","subtypeDescription":"Article","source-id":"4700152758","openaccess":"0","openaccessFlag":false},{"@_fa": "true", "link": [{"@_fa": "true", "@ref": "self", "@href": "https://api.elsevier.com/content/abstract/scopus_id/85059513681"},{"@_fa": "true", "@ref": "author-affiliation", "@href": "https://api.elsevier.com/content/abstract/scopus_id/85059513681?field=author,affiliation"},{"@_fa": "true", "@ref": "scopus", "@href": "https://www.scopus.com/inward/record.uri?partnerID=HzOxMe3b&scp=85059513681&origin=inward"},{"@_fa": "true", "@ref": "scopus-citedby", "@href": "https://www.scopus.com/inward/citedby.uri?partnerID=HzOxMe3b&scp=85059513681&origin=inward"}],"prism:url":"https://api.elsevier.com/content/abstract/scopus_id/85059513681","dc:identifier":"SCOPUS_ID:85059513681","eid":"2-s2.0-85059513681","dc:title":"Ditching Dewey: Take Your Collections from Enraging to Engaging and Position Your Library for 21st Century Success","dc:creator":"Chiavaroli M.","prism:publicationName":"Public Library Quarterly","prism:issn":"01616846","prism:eIssn":"15411540","prism:volume":"38","prism:issueIdentifier":"2","prism:pageRange":"124-146","prism:coverDate":"2019-04-03","prism:coverDisplayDate":"3 April 2019","prism:doi":"10.1080/01616846.2018.1555786","citedby-count":"0","affiliation": [{"@_fa": "true", "affilname":"Cumberland Public Library","affiliation-city":"Cumberland","affiliation-country":"United States"}],"prism:aggregationType":"Journal","subtype":"ar","subtypeDescription":"Article","source-id":"4700152731","openaccess":"0","openaccessFlag":false},{"@_fa": "true", "link": [{"@_fa": "true", "@ref": "self", "@href": "https://api.elsevier.com/content/abstract/scopus_id/85063917045"},{"@_fa": "true", "@ref": "author-affiliation", "@href": "https://api.elsevier.com/content/abstract/scopus_id/85063917045?field=author,affiliation"},{"@_fa": "true", "@ref": "scopus", "@href": "https://www.scopus.com/inward/record.uri?partnerID=HzOxMe3b&scp=85063917045&origin=inward"},{"@_fa": "true", "@ref": "scopus-citedby", "@href": "https://www.scopus.com/inward/citedby.uri?partnerID=HzOxMe3b&scp=85063917045&origin=inward"}],"prism:url":"https://api.elsevier.com/content/abstract/scopus_id/85063917045","dc:identifier":"SCOPUS_ID:85063917045","eid":"2-s2.0-85063917045","dc:title":"Superheroes in the Stacks: Halloween ComicFest and Wichita State University","dc:creator":"Kuhlmann M.","prism:publicationName":"Journal of Library Administration","prism:issn":"01930826","prism:eIssn":"15403564","prism:volume":"59","prism:issueIdentifier":"3","prism:pageRange":"298-313","prism:coverDate":"2019-04-03","prism:coverDisplayDate":"3 April 2019","prism:doi":"10.1080/01930826.2019.1583017","citedby-count":"0","affiliation": [{"@_fa": "true", "affilname":"Wichita State University","affiliation-city":"Wichita","affiliation-country":"United States"}],"prism:aggregationType":"Journal","subtype":"ar","subtypeDescription":"Article","source-id":"4700152795","openaccess":"0","openaccessFlag":false},{"@_fa": "true", "link": [{"@_fa": "true", "@ref": "self", "@href": "https://api.elsevier.com/content/abstract/scopus_id/85064605103"},{"@_fa": "true", "@ref": "author-affiliation", "@href": "https://api.elsevier.com/content/abstract/scopus_id/85064605103?field=author,affiliation"},{"@_fa": "true", "@ref": "scopus", "@href": "https://www.scopus.com/inward/record.uri?partnerID=HzOxMe3b&scp=85064605103&origin=inward"},{"@_fa": "true", "@ref": "scopus-citedby", "@href": "https://www.scopus.com/inward/citedby.uri?partnerID=HzOxMe3b&scp=85064605103&origin=inward"}],"prism:url":"https://api.elsevier.com/content/abstract/scopus_id/85064605103","dc:identifier":"SCOPUS_ID:85064605103","eid":"2-s2.0-85064605103","dc:title":"Precolonial citizenship in South Sulawesi","dc:creator":"Henley D.","prism:publicationName":"Citizenship Studies","prism:issn":"13621025","prism:eIssn":"14693593","prism:volume":"23","prism:issueIdentifier":"3","prism:pageRange":"240-255","prism:coverDate":"2019-04-03","prism:coverDisplayDate":"3 April 2019","prism:doi":"10.1080/13621025.2019.1603271","citedby-count":"0","affiliation": [{"@_fa": "true", "affilname":"Leiden University","affiliation-city":"Leiden","affiliation-country":"Netherlands"}],"prism:aggregationType":"Journal","subtype":"ar","subtypeDescription":"Article","source-id":"16886","openaccess":"1","openaccessFlag":true},{"@_fa": "true", "link": [{"@_fa": "true", "@ref": "self", "@href": "https://api.elsevier.com/content/abstract/scopus_id/85064260109"},{"@_fa": "true", "@ref": "author-affiliation", "@href": "https://api.elsevier.com/content/abstract/scopus_id/85064260109?field=author,affiliation"},{"@_fa": "true", "@ref": "scopus", "@href": "https://www.scopus.com/inward/record.uri?partnerID=HzOxMe3b&scp=85064260109&origin=inward"},{"@_fa": "true", "@ref": "scopus-citedby", "@href": "https://www.scopus.com/inward/citedby.uri?partnerID=HzOxMe3b&scp=85064260109&origin=inward"}],"prism:url":"https://api.elsevier.com/content/abstract/scopus_id/85064260109","dc:identifier":"SCOPUS_ID:85064260109","eid":"2-s2.0-85064260109","dc:title":"Make It So: Mission Statements in Library Technical Services Units","dc:creator":"Wintermute H.","prism:publicationName":"Technical Services Quarterly","prism:issn":"07317131","prism:volume":"36","prism:issueIdentifier":"2","prism:pageRange":"117-141","prism:coverDate":"2019-04-03","prism:coverDisplayDate":"3 April 2019","prism:doi":"10.1080/07317131.2019.1584987","citedby-count":"0","affiliation": [{"@_fa": "true", "affilname":"University of Nebraska - Lincoln","affiliation-city":"Lincoln","affiliation-country":"United States"}],"prism:aggregationType":"Journal","subtype":"ar","subtypeDescription":"Article","source-id":"4700152722","openaccess":"0","openaccessFlag":false},{"@_fa": "true", "link": [{"@_fa": "true", "@ref": "self", "@href": "https://api.elsevier.com/content/abstract/scopus_id/85049144273"},{"@_fa": "true", "@ref": "author-affiliation", "@href": "https://api.elsevier.com/content/abstract/scopus_id/85049144273?field=author,affiliation"},{"@_fa": "true", "@ref": "scopus", "@href": "https://www.scopus.com/inward/record.uri?partnerID=HzOxMe3b&scp=85049144273&origin=inward"},{"@_fa": "true", "@ref": "scopus-citedby", "@href": "https://www.scopus.com/inward/citedby.uri?partnerID=HzOxMe3b&scp=85049144273&origin=inward"}],"prism:url":"https://api.elsevier.com/content/abstract/scopus_id/85049144273","dc:identifier":"SCOPUS_ID:85049144273","eid":"2-s2.0-85049144273","dc:title":"Ọ̀ṣun becomes Cuban: The nationalist discourse over the mulata in Cuban popular culture and religion during the nineteenth century","dc:creator":"Lovejoy H.","prism:publicationName":"Atlantic Studies : Global Currents","prism:issn":"14788810","prism:eIssn":"17404649","prism:volume":"16","prism:issueIdentifier":"2","prism:pageRange":"220-235","prism:coverDate":"2019-04-03","prism:coverDisplayDate":"3 April 2019","prism:doi":"10.1080/14788810.2018.1490991","citedby-count":"0","affiliation": [{"@_fa": "true", "affilname":"University of Colorado at Boulder","affiliation-city":"Boulder","affiliation-country":"United States"}],"prism:aggregationType":"Journal","subtype":"ar","subtypeDescription":"Article","source-id":"11600153480","openaccess":"0","openaccessFlag":false}]}}