{"search-results":{"opensearch:totalResults":"389","opensearch:startIndex":"0","opensearch:itemsPerPage":"25","opensearch:Query":{"@role": "request", "@searchTerms": "TITLE-ABS-KEY(\"patron\") AND SUBJAREA(SOCI) AND PUBYEAR = 2018", "@startPage": "0"},"link": [{"@_fa": "true", "@ref": "self", "@href": "https://api.elsevier.com/content/search/scopus?start=0&count=25&query=TITLE-ABS-KEY%28%22patron%22%29+AND+SUBJAREA%28SOCI%29+AND+PUBYEAR+%3D+2018&apiKey=27d953b4b546791964ebeb768d13e61f&view=STANDARD", "@type": "application/json"},{"@_fa": "true", "@ref": "first", "@href": "https://api.elsevier.com/content/search/scopus?start=0&count=25&query=TITLE-ABS-KEY%28%22patron%22%29+AND+SUBJAREA%28SOCI%29+AND+PUBYEAR+%3D+2018&apiKey=27d953b4b546791964ebeb768d13e61f&view=STANDARD", "@type": "application/json"},{"@_fa": "true", "@ref": "next", "@href": "https://api.elsevier.com/content/search/scopus?start=25&count=25&query=TITLE-ABS-KEY%28%22patron%22%29+AND+SUBJAREA%28SOCI%29+AND+PUBYEAR+%3D+2018&apiKey=27d953b4b546791964ebeb768d13e61f&view=STANDARD", "@type": "application/json"},{"@_fa": "true", "@ref": "last", "@href": "https://api.elsevier.com/content/search/scopus?start=364&count=25&query=TITLE-ABS-KEY%28%22patron%22%29+AND+SUBJAREA%28SOCI%29+AND+PUBYEAR+%3D+2018&apiKey=27d953b4b546791964ebeb768d13e61f&view=STANDARD", "@type": "application/json"}],"entry": [{"@_fa": "true", "link": [{"@_fa": "true", "@ref": "self", "@href": "https://api.elsevier.com/content/abstract/scopus_id/85060679957"},{"@_fa": "true", "@ref": "author-affiliation", "@href": "https://api.elsevier.com/content/abstract/scopus_id/85060679957?field=author,affiliation"},{"@_fa": "true", "@ref": "scopus", "@href": "https://www.scopus.com/inward/record.uri?partnerID=HzOxMe3b&scp=85060679957&origin=inward"},{"@_fa": "true", "@ref": "scopus-citedby", "@href": "https://www.scopus.com/inward/citedby.uri?partnerID=HzOxMe3b&scp=85060679957&origin=inward"}],"prism:url":"https://api.elsevier.com/content/abstract/scopus_id/85060679957","dc:identifier":"SCOPUS_ID:85060679957","eid":"2-s2.0-85060679957","dc:title":"Spatial distribution pattern of quercus species within encinos formations in Tamaulipas (Mexico) according to their ecodynamic regimes","dc:creator":"Pacheco J.","prism:publicationName":"Boletin de la Asociacion de Geografos Espanoles","prism:issn":"02129426","prism:eIssn":"26053322","prism:volume":"2018","prism:issueIdentifier":"79","prism:pageRange":null,"prism:coverDate":"2018-12-12","prism:coverDisplayDate":"12 December 2018","prism:doi":"10.21138/bage.2489","citedby-count":"0","affiliation": [{"@_fa": "true", "affilname":"Universidad Autónoma de Tamaulipas","affiliation-city":"Ciudad Victoria","affiliation-country":"Mexico"}],"prism:aggregationType":"Journal","subtype":"re","subtypeDescription":"Review","source-id":"9100153110","openaccess":"1","openaccessFlag":true},{"@_fa": "true", "link": [{"@_fa": "true", "@ref": "self", "@href": "https://api.elsevier.com/content/abstract/scopus_id/85060470022"},{"@_fa": "true", "@ref": "author-affiliation", "@href": "https://api.elsevier.com/content/abstract/scopus_id/85060470022?field=author,affiliation"},{"@_fa": "true", "@ref": "scopus", "@href": "https://www.scopus.com/inward/record.uri?partnerID=HzOxMe3b&scp=85060470022&origin=inward"},{"@_fa": "true", "@ref": "scopus-citedby", "@href": "https://www.scopus.com/inward/citedby.uri?partnerID=HzOxMe3b&scp=85060470022&origin=inward"}],"prism:url":"https://api.elsevier.com/content/abstract/scopus_id/85060470022","dc:identifier":"SCOPUS_ID:85060470022","eid":"2-s2.0-85060470022","dc:title":"Technical Review and Optimization of Walk-Through Metal Detector Processes","dc:creator":"Hustedt A.","prism:publicationName":"2018 IEEE International Symposium on Technologies for Homeland Security, HST 2018","prism:isbn": [{"@_fa": "true", "$" :"9781538634431"}],"prism:pageRange":null,"prism:coverDate":"2018-12-12","prism:coverDisplayDate":"12 December 2018","prism:doi":"10.1109/THS.2018.8574196","citedby-count":"0","affiliation": [{"@_fa": "true", "affilname":"Purdue University","affiliation-city":"West Lafayette","affiliation-country":"United States"}],"prism:aggregationType":"Conference Proceeding","subtype":"cp","subtypeDescription":"Conference Paper","article-number":"8574196","source-id":"21100896182","openaccess":"0","openaccessFlag":false},{"@_fa": "true", "link": [{"@_fa": "true", "@ref": "self", "@href": "https://api.elsevier.com/content/abstract/scopus_id/85029898162"},{"@_fa": "true", "@ref": "author-affiliation", "@href": "https://api.elsevier.com/content/abstract/scopus_id/85029898162?field=author,affiliation"},{"@_fa": "true", "@ref": "scopus", "@href": "https://www.scopus.com/inward/record.uri?partnerID=HzOxMe3b&scp=85029898162&origin=inward"},{"@_fa": "true", "@ref": "scopus-citedby", "@href": "https://www.scopus.com/inward/citedby.uri?partnerID=HzOxMe3b&scp=85029898162&origin=inward"}],"prism:url":"https://api.elsevier.com/content/abstract/scopus_id/85029898162","dc:identifier":"SCOPUS_ID:85029898162","eid":"2-s2.0-85029898162","dc:title":"Cash is king: Financial sponsorship and changing priorities in the Syrian civil war","dc:creator":"Baylouny A.","prism:publicationName":"Studies in Conflict and Terrorism","prism:issn":"1057610X","prism:eIssn":"15210731","prism:volume":"41","prism:issueIdentifier":"12","prism:pageRange":"990-1010","prism:coverDate":"2018-12-02","prism:coverDisplayDate":"2 December 2018","prism:doi":"10.1080/1057610X.2017.1366621","citedby-count":"1","affiliation": [{"@_fa": "true", "affilname":"Naval Postgraduate School","affiliation-city":"Monterey","affiliation-country":"United States"}],"prism:aggregationType":"Journal","subtype":"ar","subtypeDescription":"Article","source-id":"200147101","openaccess":"0","openaccessFlag":false},{"@_fa": "true", "link": [{"@_fa": "true", "@ref": "self", "@href": "https://api.elsevier.com/content/abstract/scopus_id/85054007806"},{"@_fa": "true", "@ref": "author-affiliation", "@href": "https://api.elsevier.com/content/abstract/scopus_id/85054007806?field=author,affiliation"},{"@_fa": "true", "@ref": "scopus", "@href": "https://www.scopus.com/inward/record.uri?partnerID=HzOxMe3b&scp=85054007806&origin=inward"},{"@_fa": "true", "@ref": "scopus-citedby", "@href": "https://www.scopus.com/inward/citedby.uri?partnerID=HzOxMe3b&scp=85054007806&origin=inward"}],"prism:url":"https://api.elsevier.com/content/abstract/scopus_id/85054007806","dc:identifier":"SCOPUS_ID:85054007806","eid":"2-s2.0-85054007806","dc:title":"Is the Digital Talking Book Program meeting librarian and patron expectations?","dc:creator":"Rose T.","prism:publicationName":"Journal of Librarianship and Information Science","prism:issn":"09610006","prism:eIssn":"17416477","prism:volume":"50","prism:issueIdentifier":"4","prism:pageRange":"468-483","prism:coverDate":"2018-12-01","prism:coverDisplayDate":"1 December 2018","prism:doi":"10.1177/0961000616667800","citedby-count":"1","affiliation": [{"@_fa": "true", "affilname":"University of Hawaii at Manoa","affiliation-city":"Honolulu","affiliation-country":"United States"}],"prism:aggregationType":"Journal","subtype":"ar","subtypeDescription":"Article","source-id":"13316","openaccess":"0","openaccessFlag":false},{"@_fa": "true", "link": [{"@_fa": "true", "@ref": "self", "@href": "https://api.elsevier.com/content/abstract/scopus_id/85050021204"},{"@_fa": "true", "@ref": "author-affiliation", "@href": "https://api.elsevier.com/content/abstract/scopus_id/85050021204?field=author,affiliation"},{"@_fa": "true", "@ref": "scopus", "@href": "https://www.scopus.com/inward/record.uri?partnerID=HzOxMe3b&scp=85050021204&origin=inward"},{"@_fa": "true", "@ref": "scopus-citedby", "@href": "https://www.scopus.com/inward/citedby.uri?partnerID=HzOxMe3b&scp=85050021204&origin=inward"}],"prism:url":"https://api.elsevier.com/content/abstract/scopus_id/85050021204","dc:identifier":"SCOPUS_ID:85050021204","eid":"2-s2.0-85050021204","dc:title":"Access to print, access to justice","dc:creator":"Mattioli K.","prism:publicationName":"Law Library Journal","prism:issn":"00239283","prism:volume":"110","prism:issueIdentifier":"1","prism:pageRange":"31-57","prism:coverDate":"2018-12-01","prism:coverDisplayDate":"Winter 2018","citedby-count":"0","affiliation": [{"@_fa": "true", "affilname":"Indiana University","affiliation-city":"Bloomington","affiliation-country":"United States"}],"prism:aggregationType":"Journal","subtype":"re","subtypeDescription":"Review","source-id":"13399","openaccess":"0","openaccessFlag":false},{"@_fa": "true", "link": [{"@_fa": "true", "@ref": "self", "@href": "https://api.elsevier.com/content/abstract/scopus_id/85047152903"},{"@_fa": "true", "@ref": "author-affiliation", "@href": "https://api.elsevier.com/content/abstract/scopus_id/85047152903?field=author,affiliation"},{"@_fa": "true", "@ref": "scopus", "@href": "https://www.scopus.com/inward/record.uri?partnerID=HzOxMe3b&scp=85047152903&origin=inward"},{"@_fa": "true", "@ref": "scopus-citedby", "@href": "https://www.scopus.com/inward/citedby.uri?partnerID=HzOxMe3b&scp=85047152903&origin=inward"}],"prism:url":"https://api.elsevier.com/content/abstract/scopus_id/85047152903","dc:identifier":"SCOPUS_ID:85047152903","eid":"2-s2.0-85047152903","dc:title":"Examining Differences in Breath Alcohol Concentration (BrAC) Levels and Hazardous Drinking by Smoking Status Among a Sample of College Student Bar Patrons","dc:creator":"Martin R.","prism:publicationName":"Journal of Community Health","prism:issn":"00945145","prism:eIssn":"15733610","prism:volume":"43","prism:issueIdentifier":"6","prism:pageRange":"1119-1123","prism:coverDate":"2018-12-01","prism:coverDisplayDate":"1 December 2018","prism:doi":"10.1007/s10900-018-0529-6","citedby-count":"0","affiliation": [{"@_fa": "true", "affilname":"East Carolina University","affiliation-city":"Greenville","affiliation-country":"United States"}],"pubmed-id":"29774456","prism:aggregationType":"Journal","subtype":"ar","subtypeDescription":"Article","source-id":"15877","openaccess":"0","openaccessFlag":false},{"@_fa": "true", "link": [{"@_fa": "true", "@ref": "self", "@href": "https://api.elsevier.com/content/abstract/scopus_id/85056108801"},{"@_fa": "true", "@ref": "author-affiliation", "@href": "https://api.elsevier.com/content/abstract/scopus_id/85056108801?field=author,affiliation"},{"@_fa": "true", "@ref": "scopus", "@href": "https://www.scopus.com/inward/record.uri?partnerID=HzOxMe3b&scp=85056108801&origin=inward"},{"@_fa": "true", "@ref": "scopus-citedby", "@href": "https://www.scopus.com/inward/citedby.uri?partnerID=HzOxMe3b&scp=85056108801&origin=inward"}],"prism:url":"https://api.elsevier.com/content/abstract/scopus_id/85056108801","dc:identifier":"SCOPUS_ID:85056108801","eid":"2-s2.0-85056108801","dc:title":"Racial and Structural Discrimination Toward the Children of Indigenous Mexican Immigrants","dc:creator":"Sanchez D.","prism:publicationName":"Race and Social Problems","prism:issn":"18671748","prism:eIssn":"18671756","prism:volume":"10","prism:issueIdentifier":"4","prism:pageRange":"306-319","prism:coverDate":"2018-12-01","prism:coverDisplayDate":"1 December 2018","prism:doi":"10.1007/s12552-018-9252-2","citedby-count":"0","affiliation": [{"@_fa": "true", "affilname":"Brown University","affiliation-city":"Providence","affiliation-country":"United States"}],"prism:aggregationType":"Journal","subtype":"ar","subtypeDescription":"Article","source-id":"19400158571","openaccess":"0","openaccessFlag":false},{"@_fa": "true", "link": [{"@_fa": "true", "@ref": "self", "@href": "https://api.elsevier.com/content/abstract/scopus_id/85059777398"},{"@_fa": "true", "@ref": "author-affiliation", "@href": "https://api.elsevier.com/content/abstract/scopus_id/85059777398?field=author,affiliation"},{"@_fa": "true", "@ref": "scopus", "@href": "https://www.scopus.com/inward/record.uri?partnerID=HzOxMe3b&scp=85059777398&origin=inward"},{"@_fa": "true", "@ref": "scopus-citedby", "@href": "https://www.scopus.com/inward/citedby.uri?partnerID=HzOxMe3b&scp=85059777398&origin=inward"}],"prism:url":"https://api.elsevier.com/content/abstract/scopus_id/85059777398","dc:identifier":"SCOPUS_ID:85059777398","eid":"2-s2.0-85059777398","dc:title":"Fecitne Viriliter? Patronage, erotics, and masculinity in Horace, Epistles 1","dc:creator":"McCarter S.","prism:publicationName":"American Journal of Philology","prism:issn":"00029475","prism:eIssn":"10863168","prism:volume":"139","prism:issueIdentifier":"4","prism:pageRange":"675-709","prism:coverDate":"2018-12-01","prism:coverDisplayDate":"December 2018","prism:doi":"10.1353/ajp.2018.0040","citedby-count":"0","affiliation": [{"@_fa": "true", "affilname":"University of the South","affiliation-city":"Sewanee","affiliation-country":"United States"}],"prism:aggregationType":"Journal","subtype":"ar","subtypeDescription":"Article","source-id":"18542","openaccess":"0","openaccessFlag":false},{"@_fa": "true", "link": [{"@_fa": "true", "@ref": "self", "@href": "https://api.elsevier.com/content/abstract/scopus_id/85054017242"},{"@_fa": "true", "@ref": "author-affiliation", "@href": "https://api.elsevier.com/content/abstract/scopus_id/85054017242?field=author,affiliation"},{"@_fa": "true", "@ref": "scopus", "@href": "https://www.scopus.com/inward/record.uri?partnerID=HzOxMe3b&scp=85054017242&origin=inward"},{"@_fa": "true", "@ref": "scopus-citedby", "@href": "https://www.scopus.com/inward/citedby.uri?partnerID=HzOxMe3b&scp=85054017242&origin=inward"}],"prism:url":"https://api.elsevier.com/content/abstract/scopus_id/85054017242","dc:identifier":"SCOPUS_ID:85054017242","eid":"2-s2.0-85054017242","dc:title":"Tool lending librarianship","dc:creator":"Söderholm J.","prism:publicationName":"Journal of Librarianship and Information Science","prism:issn":"09610006","prism:eIssn":"17416477","prism:volume":"50","prism:issueIdentifier":"4","prism:pageRange":"374-385","prism:coverDate":"2018-12-01","prism:coverDisplayDate":"1 December 2018","prism:doi":"10.1177/0961000616666627","citedby-count":"0","affiliation": [{"@_fa": "true", "affilname":"Högskolan i Borås","affiliation-city":"Boras","affiliation-country":"Sweden"}],"prism:aggregationType":"Journal","subtype":"ar","subtypeDescription":"Article","source-id":"13316","openaccess":"0","openaccessFlag":false},{"@_fa": "true", "link": [{"@_fa": "true", "@ref": "self", "@href": "https://api.elsevier.com/content/abstract/scopus_id/84997418673"},{"@_fa": "true", "@ref": "author-affiliation", "@href": "https://api.elsevier.com/content/abstract/scopus_id/84997418673?field=author,affiliation"},{"@_fa": "true", "@ref": "scopus", "@href": "https://www.scopus.com/inward/record.uri?partnerID=HzOxMe3b&scp=84997418673&origin=inward"},{"@_fa": "true", "@ref": "scopus-citedby", "@href": "https://www.scopus.com/inward/citedby.uri?partnerID=HzOxMe3b&scp=84997418673&origin=inward"}],"prism:url":"https://api.elsevier.com/content/abstract/scopus_id/84997418673","dc:identifier":"SCOPUS_ID:84997418673","eid":"2-s2.0-84997418673","dc:title":"“Kind of Natural, Kind of Wrong”: Young People's Beliefs about the Morality, Legality, and Normalcy of Sexual Aggression in Public Drinking Settings","dc:creator":"Tinkler J.","prism:publicationName":"Law and Social Inquiry","prism:issn":"08976546","prism:eIssn":"17474469","prism:volume":"43","prism:issueIdentifier":"1","prism:pageRange":"28-57","prism:coverDate":"2018-12-01","prism:coverDisplayDate":"Winter 2018","prism:doi":"10.1111/lsi.12235","citedby-count":"4","affiliation": [{"@_fa": "true", "affilname":"The University of Georgia","affiliation-city":"Athens","affiliation-country":"United States"}],"prism:aggregationType":"Journal","subtype":"ar","subtypeDescription":"Article","source-id":"17585","openaccess":"0","openaccessFlag":false},{"@_fa": "true", "link": [{"@_fa": "true", "@ref": "self", "@href": "https://api.elsevier.com/content/abstract/scopus_id/85059086129"},{"@_fa": "true", "@ref": "author-affiliation", "@href": "https://api.elsevier.com/content/abstract/scopus_id/85059086129?field=author,affiliation"},{"@_fa": "true", "@ref": "scopus", "@href": "https://www.scopus.com/inward/record.uri?partnerID=HzOxMe3b&scp=85059086129&origin=inward"},{"@_fa": "true", "@ref": "scopus-citedby", "@href": "https://www.scopus.com/inward/citedby.uri?partnerID=HzOxMe3b&scp=85059086129&origin=inward"}],"prism:url":"https://api.elsevier.com/content/abstract/scopus_id/85059086129","dc:identifier":"SCOPUS_ID:85059086129","eid":"2-s2.0-85059086129","dc:title":"Pliny’s Tacitus: The politics of representation","dc:creator":"Edwards R.","prism:publicationName":"Bulletin of the Institute of Classical Studies","prism:issn":"00760730","prism:eIssn":"20415370","prism:volume":"61","prism:issueIdentifier":"2","prism:pageRange":"66-77","prism:coverDate":"2018-12-01","prism:coverDisplayDate":"December 2018","citedby-count":"0","affiliation": [{"@_fa": "true", "affilname":"Wright State University","affiliation-city":"Dayton","affiliation-country":"United States"}],"prism:aggregationType":"Journal","subtype":"ar","subtypeDescription":"Article","source-id":"21100202126","openaccess":"0","openaccessFlag":false},{"@_fa": "true", "link": [{"@_fa": "true", "@ref": "self", "@href": "https://api.elsevier.com/content/abstract/scopus_id/85015617775"},{"@_fa": "true", "@ref": "author-affiliation", "@href": "https://api.elsevier.com/content/abstract/scopus_id/85015617775?field=author,affiliation"},{"@_fa": "true", "@ref": "scopus", "@href": "https://www.scopus.com/inward/record.uri?partnerID=HzOxMe3b&scp=85015617775&origin=inward"},{"@_fa": "true", "@ref": "scopus-citedby", "@href": "https://www.scopus.com/inward/citedby.uri?partnerID=HzOxMe3b&scp=85015617775&origin=inward"}],"prism:url":"https://api.elsevier.com/content/abstract/scopus_id/85015617775","dc:identifier":"SCOPUS_ID:85015617775","eid":"2-s2.0-85015617775","dc:title":"Why Political Competition Can Increase Patronage","dc:creator":"Driscoll B.","prism:publicationName":"Studies in Comparative International Development","prism:issn":"00393606","prism:volume":"53","prism:issueIdentifier":"4","prism:pageRange":"404-427","prism:coverDate":"2018-12-01","prism:coverDisplayDate":"1 December 2018","prism:doi":"10.1007/s12116-017-9238-x","citedby-count":"1","affiliation": [{"@_fa": "true", "affilname":"Grinnell College","affiliation-city":"Grinnell","affiliation-country":"United States"}],"prism:aggregationType":"Journal","subtype":"ar","subtypeDescription":"Article","source-id":"26587","openaccess":"0","openaccessFlag":false},{"@_fa": "true", "link": [{"@_fa": "true", "@ref": "self", "@href": "https://api.elsevier.com/content/abstract/scopus_id/85049727896"},{"@_fa": "true", "@ref": "author-affiliation", "@href": "https://api.elsevier.com/content/abstract/scopus_id/85049727896?field=author,affiliation"},{"@_fa": "true", "@ref": "scopus", "@href": "https://www.scopus.com/inward/record.uri?partnerID=HzOxMe3b&scp=85049727896&origin=inward"},{"@_fa": "true", "@ref": "scopus-citedby", "@href": "https://www.scopus.com/inward/citedby.uri?partnerID=HzOxMe3b&scp=85049727896&origin=inward"},{"@_fa": "true", "@ref": "full-text", "@href": "https://api.elsevier.com/content/article/eid/1-s2.0-S0261517718301420"}],"prism:url":"https://api.elsevier.com/content/abstract/scopus_id/85049727896","dc:identifier":"SCOPUS_ID:85049727896","eid":"2-s2.0-85049727896","dc:title":"Who's on the tourists’ menu? Exploring the social significance of restaurant experiences for tourists","dc:creator":"Matson-Barkat S.","prism:publicationName":"Tourism Management","prism:issn":"02615177","prism:volume":"69","prism:pageRange":"566-578","prism:coverDate":"2018-12-01","prism:coverDisplayDate":"December 2018","prism:doi":"10.1016/j.tourman.2018.06.031","pii":"S0261517718301420","citedby-count":"1","affiliation": [{"@_fa": "true", "affilname":"Rennes School of Business","affiliation-city":"Rennes","affiliation-country":"France"}],"prism:aggregationType":"Journal","subtype":"ar","subtypeDescription":"Article","source-id":"16547","openaccess":"0","openaccessFlag":false},{"@_fa": "true", "link": [{"@_fa": "true", "@ref": "self", "@href": "https://api.elsevier.com/content/abstract/scopus_id/85042706021"},{"@_fa": "true", "@ref": "author-affiliation", "@href": "https://api.elsevier.com/content/abstract/scopus_id/85042706021?field=author,affiliation"},{"@_fa": "true", "@ref": "scopus", "@href": "https://www.scopus.com/inward/record.uri?partnerID=HzOxMe3b&scp=85042706021&origin=inward"},{"@_fa": "true", "@ref": "scopus-citedby", "@href": "https://www.scopus.com/inward/citedby.uri?partnerID=HzOxMe3b&scp=85042706021&origin=inward"}],"prism:url":"https://api.elsevier.com/content/abstract/scopus_id/85042706021","dc:identifier":"SCOPUS_ID:85042706021","eid":"2-s2.0-85042706021","dc:title":"Development of an in-house HPLC method for the analysis of ecstasy-laced beverages","dc:creator":"Chan K.","prism:publicationName":"Egyptian Journal of Forensic Sciences","prism:issn":"2090536X","prism:eIssn":"20905939","prism:volume":"8","prism:issueIdentifier":"1","prism:pageRange":null,"prism:coverDate":"2018-12-01","prism:coverDisplayDate":"December 2018","prism:doi":"10.1186/s41935-018-0048-8","citedby-count":"2","affiliation": [{"@_fa": "true", "affilname":"Kemeneterian Sains, Teknologi dan Inovasi","affiliation-city":"Putrajaya","affiliation-country":"Malaysia"}],"prism:aggregationType":"Journal","subtype":"ar","subtypeDescription":"Article","article-number":"18","source-id":"21100384222","openaccess":"1","openaccessFlag":true},{"@_fa": "true", "link": [{"@_fa": "true", "@ref": "self", "@href": "https://api.elsevier.com/content/abstract/scopus_id/85045538719"},{"@_fa": "true", "@ref": "author-affiliation", "@href": "https://api.elsevier.com/content/abstract/scopus_id/85045538719?field=author,affiliation"},{"@_fa": "true", "@ref": "scopus", "@href": "https://www.scopus.com/inward/record.uri?partnerID=HzOxMe3b&scp=85045538719&origin=inward"},{"@_fa": "true", "@ref": "scopus-citedby", "@href": "https://www.scopus.com/inward/citedby.uri?partnerID=HzOxMe3b&scp=85045538719&origin=inward"},{"@_fa": "true", "@ref": "full-text", "@href": "https://api.elsevier.com/content/article/eid/1-s2.0-S2212041617307271"}],"prism:url":"https://api.elsevier.com/content/abstract/scopus_id/85045538719","dc:identifier":"SCOPUS_ID:85045538719","eid":"2-s2.0-85045538719","dc:title":"Playing before paying? A PES simulation game for assessing power inequalities and motivations in the governance of Ecosystem Services","dc:creator":"Merlet P.","prism:publicationName":"Ecosystem Services","prism:issn":"22120416","prism:volume":"34","prism:pageRange":"218-227","prism:coverDate":"2018-12-01","prism:coverDisplayDate":"December 2018","prism:doi":"10.1016/j.ecoser.2018.03.024","pii":"S2212041617307271","citedby-count":"2","affiliation": [{"@_fa": "true", "affilname":"Universiteit Antwerpen","affiliation-city":"Antwerpen","affiliation-country":"Belgium"},{"@_fa": "true", "affilname":"Association pour améliorer la Gouvernance de la Terre de l'Eau et des Ressources Naturelles (AGTER)","affiliation-city":"Nogent-sur-Marne","affiliation-country":"France"},{"@_fa": "true", "affilname":"Central American University (UCA)","affiliation-city":"Managua","affiliation-country":"Nicaragua"}],"prism:aggregationType":"Journal","subtype":"ar","subtypeDescription":"Article","source-id":"21100218523","openaccess":"0","openaccessFlag":false},{"@_fa": "true", "link": [{"@_fa": "true", "@ref": "self", "@href": "https://api.elsevier.com/content/abstract/scopus_id/85046785286"},{"@_fa": "true", "@ref": "author-affiliation", "@href": "https://api.elsevier.com/content/abstract/scopus_id/85046785286?field=author,affiliation"},{"@_fa": "true", "@ref": "scopus", "@href": "https://www.scopus.com/inward/record.uri?partnerID=HzOxMe3b&scp=85046785286&origin=inward"},{"@_fa": "true", "@ref": "scopus-citedby", "@href": "https://www.scopus.com/inward/citedby.uri?partnerID=HzOxMe3b&scp=85046785286&origin=inward"}],"prism:url":"https://api.elsevier.com/content/abstract/scopus_id/85046785286","dc:identifier":"SCOPUS_ID:85046785286","eid":"2-s2.0-85046785286","dc:title":"Illuminating the Carolingian era: new discoveries as a result of scientific analyses","dc:creator":"Denoël C.","prism:publicationName":"Heritage Science","prism:eIssn":"20507445","prism:volume":"6","prism:issueIdentifier":"1","prism:pageRange":null,"prism:coverDate":"2018-12-01","prism:coverDisplayDate":"1 December 2018","prism:doi":"10.1186/s40494-018-0194-1","citedby-count":"0","affiliation": [{"@_fa": "true", "affilname":"Bibliothèque Nationale de France","affiliation-city":"Paris","affiliation-country":"France"}],"prism:aggregationType":"Journal","subtype":"ar","subtypeDescription":"Article","article-number":"28","source-id":"21100286950","openaccess":"1","openaccessFlag":true},{"@_fa": "true", "link": [{"@_fa": "true", "@ref": "self", "@href": "https://api.elsevier.com/content/abstract/scopus_id/85059762669"},{"@_fa": "true", "@ref": "author-affiliation", "@href": "https://api.elsevier.com/content/abstract/scopus_id/85059762669?field=author,affiliation"},{"@_fa": "true", "@ref": "scopus", "@href": "https://www.scopus.com/inward/record.uri?partnerID=HzOxMe3b&scp=85059762669&origin=inward"},{"@_fa": "true", "@ref": "scopus-citedby", "@href": "https://www.scopus.com/inward/citedby.uri?partnerID=HzOxMe3b&scp=85059762669&origin=inward"}],"prism:url":"https://api.elsevier.com/content/abstract/scopus_id/85059762669","dc:identifier":"SCOPUS_ID:85059762669","eid":"2-s2.0-85059762669","dc:title":"Measurement of web usability: Web site of Aydın Adnan Menderes University Library","dc:creator":"Şerefoğlu Henkoğlu H.","prism:publicationName":"Bilgi Dunyasi","prism:issn":"13023217","prism:eIssn":"2148354X","prism:volume":"19","prism:issueIdentifier":"2","prism:pageRange":"113-143","prism:coverDate":"2018-12-01","prism:coverDisplayDate":"December 2018","prism:doi":"10.15612/BD.2018.665","citedby-count":"0","affiliation": [{"@_fa": "true", "affilname":"Adnan Menderes Üniversitesi","affiliation-city":"Aydin","affiliation-country":"Turkey"}],"prism:aggregationType":"Journal","subtype":"ar","subtypeDescription":"Article","source-id":"21100245913","openaccess":"1","openaccessFlag":true},{"@_fa": "true", "link": [{"@_fa": "true", "@ref": "self", "@href": "https://api.elsevier.com/content/abstract/scopus_id/85055628225"},{"@_fa": "true", "@ref": "author-affiliation", "@href": "https://api.elsevier.com/content/abstract/scopus_id/85055628225?field=author,affiliation"},{"@_fa": "true", "@ref": "scopus", "@href": "https://www.scopus.com/inward/record.uri?partnerID=HzOxMe3b&scp=85055628225&origin=inward"},{"@_fa": "true", "@ref": "scopus-citedby", "@href": "https://www.scopus.com/inward/citedby.uri?partnerID=HzOxMe3b&scp=85055628225&origin=inward"}],"prism:url":"https://api.elsevier.com/content/abstract/scopus_id/85055628225","dc:identifier":"SCOPUS_ID:85055628225","eid":"2-s2.0-85055628225","dc:title":"Eyes, More Than Other Facial Features, Enhance Real-World Donation Behavior","dc:creator":"Kelsey C.","prism:publicationName":"Human Nature","prism:issn":"10456767","prism:volume":"29","prism:issueIdentifier":"4","prism:pageRange":"390-401","prism:coverDate":"2018-12-01","prism:coverDisplayDate":"1 December 2018","prism:doi":"10.1007/s12110-018-9327-1","citedby-count":"0","affiliation": [{"@_fa": "true", "affilname":"University of Virginia","affiliation-city":"Charlottesville","affiliation-country":"United States"}],"pubmed-id":"30324537","prism:aggregationType":"Journal","subtype":"ar","subtypeDescription":"Article","source-id":"27067","openaccess":"0","openaccessFlag":false},{"@_fa": "true", "link": [{"@_fa": "true", "@ref": "self", "@href": "https://api.elsevier.com/content/abstract/scopus_id/85055751516"},{"@_fa": "true", "@ref": "author-affiliation", "@href": "https://api.elsevier.com/content/abstract/scopus_id/85055751516?field=author,affiliation"},{"@_fa": "true", "@ref": "scopus", "@href": "https://www.scopus.com/inward/record.uri?partnerID=HzOxMe3b&scp=85055751516&origin=inward"},{"@_fa": "true", "@ref": "scopus-citedby", "@href": "https://www.scopus.com/inward/citedby.uri?partnerID=HzOxMe3b&scp=85055751516&origin=inward"}],"prism:url":"https://api.elsevier.com/content/abstract/scopus_id/85055751516","dc:identifier":"SCOPUS_ID:85055751516","eid":"2-s2.0-85055751516","dc:title":"Public Library Use of Geographic Information Systems in the United States","dc:creator":"Arendt A.","prism:publicationName":"Journal of Library Administration","prism:issn":"01930826","prism:eIssn":"15403564","prism:volume":"58","prism:issueIdentifier":"8","prism:pageRange":"779-805","prism:coverDate":"2018-11-17","prism:coverDisplayDate":"17 November 2018","prism:doi":"10.1080/01930826.2018.1516946","citedby-count":"0","affiliation": [{"@_fa": "true", "affilname":"Utah Valley University","affiliation-city":"Orem","affiliation-country":"United States"}],"prism:aggregationType":"Journal","subtype":"ar","subtypeDescription":"Article","source-id":"4700152795","openaccess":"0","openaccessFlag":false},{"@_fa": "true", "link": [{"@_fa": "true", "@ref": "self", "@href": "https://api.elsevier.com/content/abstract/scopus_id/85060656110"},{"@_fa": "true", "@ref": "author-affiliation", "@href": "https://api.elsevier.com/content/abstract/scopus_id/85060656110?field=author,affiliation"},{"@_fa": "true", "@ref": "scopus", "@href": "https://www.scopus.com/inward/record.uri?partnerID=HzOxMe3b&scp=85060656110&origin=inward"},{"@_fa": "true", "@ref": "scopus-citedby", "@href": "https://www.scopus.com/inward/citedby.uri?partnerID=HzOxMe3b&scp=85060656110&origin=inward"}],"prism:url":"https://api.elsevier.com/content/abstract/scopus_id/85060656110","dc:identifier":"SCOPUS_ID:85060656110","eid":"2-s2.0-85060656110","dc:title":"Road safety implications of the blood alcohol concentrations among alcohol users exiting bars in northern Ghana","dc:creator":"Damsere-Derry J.","prism:publicationName":"Traffic Injury Prevention","prism:issn":"15389588","prism:eIssn":"1538957X","prism:volume":"19","prism:issueIdentifier":"8","prism:pageRange":"799-805","prism:coverDate":"2018-11-17","prism:coverDisplayDate":"17 November 2018","prism:doi":"10.1080/15389588.2018.1503415","citedby-count":"0","affiliation": [{"@_fa": "true", "affilname":"CSIR - Building and Road Research Institute","affiliation-city":"Kumasi","affiliation-country":"Ghana"}],"pubmed-id":"30681893","prism:aggregationType":"Journal","subtype":"ar","subtypeDescription":"Article","source-id":"22112","openaccess":"0","openaccessFlag":false},{"@_fa": "true", "link": [{"@_fa": "true", "@ref": "self", "@href": "https://api.elsevier.com/content/abstract/scopus_id/85061127630"},{"@_fa": "true", "@ref": "author-affiliation", "@href": "https://api.elsevier.com/content/abstract/scopus_id/85061127630?field=author,affiliation"},{"@_fa": "true", "@ref": "scopus", "@href": "https://www.scopus.com/inward/record.uri?partnerID=HzOxMe3b&scp=85061127630&origin=inward"},{"@_fa": "true", "@ref": "scopus-citedby", "@href": "https://www.scopus.com/inward/citedby.uri?partnerID=HzOxMe3b&scp=85061127630&origin=inward"}],"prism:url":"https://api.elsevier.com/content/abstract/scopus_id/85061127630","dc:identifier":"SCOPUS_ID:85061127630","eid":"2-s2.0-85061127630","dc:title":"\"Fringe fishers are slaves of the water\": A tale of maritime anthropology of small-scale fishing in the bay of Bengal","dc:creator":"Deb A.","prism:publicationName":"Bangladesh: Economic, Political and Social Issues","prism:isbn": [{"@_fa": "true", "$" :"9781536142112"},{"@_fa": "true", "$" :"9781536142105"}],"prism:pageRange":"233-285","prism:coverDate":"2018-11-13","prism:coverDisplayDate":"13 November 2018","citedby-count":"0","affiliation": [{"@_fa": "true", "affilname":"Government of Manitoba","affiliation-city":"Winnipeg","affiliation-country":"Canada"}],"prism:aggregationType":"Book","subtype":"ch","subtypeDescription":"Chapter","source-id":"21100897271","openaccess":"0","openaccessFlag":false},{"@_fa": "true", "link": [{"@_fa": "true", "@ref": "self", "@href": "https://api.elsevier.com/content/abstract/scopus_id/85052387204"},{"@_fa": "true", "@ref": "author-affiliation", "@href": "https://api.elsevier.com/content/abstract/scopus_id/85052387204?field=author,affiliation"},{"@_fa": "true", "@ref": "scopus", "@href": "https://www.scopus.com/inward/record.uri?partnerID=HzOxMe3b&scp=85052387204&origin=inward"},{"@_fa": "true", "@ref": "scopus-citedby", "@href": "https://www.scopus.com/inward/citedby.uri?partnerID=HzOxMe3b&scp=85052387204&origin=inward"}],"prism:url":"https://api.elsevier.com/content/abstract/scopus_id/85052387204","dc:identifier":"SCOPUS_ID:85052387204","eid":"2-s2.0-85052387204","dc:title":"Comparison of personas between two academic libraries","dc:creator":"Zaugg H.","prism:publicationName":"Performance Measurement and Metrics","prism:issn":"14678047","prism:volume":"19","prism:issueIdentifier":"3","prism:pageRange":"142-152","prism:coverDate":"2018-11-12","prism:coverDisplayDate":"12 November 2018","prism:doi":"10.1108/PMM-04-2018-0013","citedby-count":"0","affiliation": [{"@_fa": "true", "affilname":"Brigham Young University","affiliation-city":"Provo","affiliation-country":"United States"}],"prism:aggregationType":"Journal","subtype":"ar","subtypeDescription":"Article","source-id":"144673","openaccess":"0","openaccessFlag":false},{"@_fa": "true", "link": [{"@_fa": "true", "@ref": "self", "@href": "https://api.elsevier.com/content/abstract/scopus_id/85053244869"},{"@_fa": "true", "@ref": "author-affiliation", "@href": "https://api.elsevier.com/content/abstract/scopus_id/85053244869?field=author,affiliation"},{"@_fa": "true", "@ref": "scopus", "@href": "https://www.scopus.com/inward/record.uri?partnerID=HzOxMe3b&scp=85053244869&origin=inward"},{"@_fa": "true", "@ref": "scopus-citedby", "@href": "https://www.scopus.com/inward/citedby.uri?partnerID=HzOxMe3b&scp=85053244869&origin=inward"}],"prism:url":"https://api.elsevier.com/content/abstract/scopus_id/85053244869","dc:identifier":"SCOPUS_ID:85053244869","eid":"2-s2.0-85053244869","dc:title":"Change in the library: the viewpoint of a columnist","dc:creator":"Massis B.","prism:publicationName":"Information and Learning Science","prism:issn":"23985348","prism:volume":"119","prism:issueIdentifier":"11","prism:pageRange":"613-617","prism:coverDate":"2018-11-12","prism:coverDisplayDate":"12 November 2018","prism:doi":"10.1108/ILS-05-2018-0040","citedby-count":"0","affiliation": [{"@_fa": "true", "affilname":"Columbus State Community College","affiliation-city":"Columbus","affiliation-country":"United States"}],"prism:aggregationType":"Journal","subtype":"re","subtypeDescription":"Review","source-id":"21100805777","openaccess":"0","openaccessFlag":false},{"@_fa": "true", "link": [{"@_fa": "true", "@ref": "self", "@href": "https://api.elsevier.com/content/abstract/scopus_id/85052382836"},{"@_fa": "true", "@ref": "author-affiliation", "@href": "https://api.elsevier.com/content/abstract/scopus_id/85052382836?field=author,affiliation"},{"@_fa": "true", "@ref": "scopus", "@href": "https://www.scopus.com/inward/record.uri?partnerID=HzOxMe3b&scp=85052382836&origin=inward"},{"@_fa": "true", "@ref": "scopus-citedby", "@href": "https://www.scopus.com/inward/citedby.uri?partnerID=HzOxMe3b&scp=85052382836&origin=inward"}],"prism:url":"https://api.elsevier.com/content/abstract/scopus_id/85052382836","dc:identifier":"SCOPUS_ID:85052382836","eid":"2-s2.0-85052382836","dc:title":"Settling in: how newcomers use a public library","dc:creator":"Shepherd J.","prism:publicationName":"Library Management","prism:issn":"01435124","prism:volume":"39","prism:issueIdentifier":"8-9","prism:pageRange":"583-596","prism:coverDate":"2018-11-12","prism:coverDisplayDate":"12 November 2018","prism:doi":"10.1108/LM-01-2018-0001","citedby-count":"0","affiliation": [{"@_fa": "true", "affilname":"Kwantlen Polytechnic University","affiliation-city":"Surrey","affiliation-country":"Canada"}],"prism:aggregationType":"Journal","subtype":"ar","subtypeDescription":"Article","source-id":"144644","openaccess":"0","openaccessFlag":false},{"@_fa": "true", "link": [{"@_fa": "true", "@ref": "self", "@href": "https://api.elsevier.com/content/abstract/scopus_id/85046020880"},{"@_fa": "true", "@ref": "author-affiliation", "@href": "https://api.elsevier.com/content/abstract/scopus_id/85046020880?field=author,affiliation"},{"@_fa": "true", "@ref": "scopus", "@href": "https://www.scopus.com/inward/record.uri?partnerID=HzOxMe3b&scp=85046020880&origin=inward"},{"@_fa": "true", "@ref": "scopus-citedby", "@href": "https://www.scopus.com/inward/citedby.uri?partnerID=HzOxMe3b&scp=85046020880&origin=inward"}],"prism:url":"https://api.elsevier.com/content/abstract/scopus_id/85046020880","dc:identifier":"SCOPUS_ID:85046020880","eid":"2-s2.0-85046020880","dc:title":"Mining reference chat transcripts to analyze noise complaints","dc:creator":"Vance J.","prism:publicationName":"Reference Services Review","prism:issn":"00907324","prism:volume":"46","prism:issueIdentifier":"4","prism:pageRange":"578-586","prism:coverDate":"2018-11-12","prism:coverDisplayDate":"12 November 2018","prism:doi":"10.1108/RSR-11-2017-0042","citedby-count":"0","affiliation": [{"@_fa": "true", "affilname":"Middle Tennessee State University","affiliation-city":"Murfreesboro","affiliation-country":"United States"}],"prism:aggregationType":"Journal","subtype":"ar","subtypeDescription":"Article","source-id":"144671","openaccess":"0","openaccessFlag":false}]}}