{"search-results":{"opensearch:totalResults":"7","opensearch:startIndex":"0","opensearch:itemsPerPage":"7","opensearch:Query":{"@role": "request", "@searchTerms": "TITLE-ABS-KEY(\"patrimonialism\") AND SUBJAREA(SOCI) AND PUBYEAR = 2019", "@startPage": "0"},"link": [{"@_fa": "true", "@ref": "self", "@href": "https://api.elsevier.com/content/search/scopus?start=0&count=25&query=TITLE-ABS-KEY%28%22patrimonialism%22%29+AND+SUBJAREA%28SOCI%29+AND+PUBYEAR+%3D+2019&apiKey=27d953b4b546791964ebeb768d13e61f&view=STANDARD", "@type": "application/json"},{"@_fa": "true", "@ref": "first", "@href": "https://api.elsevier.com/content/search/scopus?start=0&count=25&query=TITLE-ABS-KEY%28%22patrimonialism%22%29+AND+SUBJAREA%28SOCI%29+AND+PUBYEAR+%3D+2019&apiKey=27d953b4b546791964ebeb768d13e61f&view=STANDARD", "@type": "application/json"}],"entry": [{"@_fa": "true", "link": [{"@_fa": "true", "@ref": "self", "@href": "https://api.elsevier.com/content/abstract/scopus_id/85047113716"},{"@_fa": "true", "@ref": "author-affiliation", "@href": "https://api.elsevier.com/content/abstract/scopus_id/85047113716?field=author,affiliation"},{"@_fa": "true", "@ref": "scopus", "@href": "https://www.scopus.com/inward/record.uri?partnerID=HzOxMe3b&scp=85047113716&origin=inward"},{"@_fa": "true", "@ref": "scopus-citedby", "@href": "https://www.scopus.com/inward/citedby.uri?partnerID=HzOxMe3b&scp=85047113716&origin=inward"}],"prism:url":"https://api.elsevier.com/content/abstract/scopus_id/85047113716","dc:identifier":"SCOPUS_ID:85047113716","eid":"2-s2.0-85047113716","dc:title":"Beyond Patrimonial Plunder: The Use and Abuse of Coconut Levies in the Philippines","dc:creator":"Ramos C.","prism:publicationName":"New Political Economy","prism:issn":"13563467","prism:eIssn":"14699923","prism:volume":"24","prism:issueIdentifier":"4","prism:pageRange":"546-564","prism:coverDate":"2019-07-04","prism:coverDisplayDate":"4 July 2019","prism:doi":"10.1080/13563467.2018.1472562","citedby-count":"0","affiliation": [{"@_fa": "true", "affilname":"Institute of Social Studies","affiliation-city":"Den Haag","affiliation-country":"Netherlands"}],"prism:aggregationType":"Journal","subtype":"ar","subtypeDescription":"Article","source-id":"29032","openaccess":"0","openaccessFlag":false},{"@_fa": "true", "link": [{"@_fa": "true", "@ref": "self", "@href": "https://api.elsevier.com/content/abstract/scopus_id/85058307603"},{"@_fa": "true", "@ref": "author-affiliation", "@href": "https://api.elsevier.com/content/abstract/scopus_id/85058307603?field=author,affiliation"},{"@_fa": "true", "@ref": "scopus", "@href": "https://www.scopus.com/inward/record.uri?partnerID=HzOxMe3b&scp=85058307603&origin=inward"},{"@_fa": "true", "@ref": "scopus-citedby", "@href": "https://www.scopus.com/inward/citedby.uri?partnerID=HzOxMe3b&scp=85058307603&origin=inward"}],"prism:url":"https://api.elsevier.com/content/abstract/scopus_id/85058307603","dc:identifier":"SCOPUS_ID:85058307603","eid":"2-s2.0-85058307603","dc:title":"'A Day in the Life': Nation-building the Republic of Ngô Dình Diêm, 26 October 1956, symbolically","dc:creator":"Diêu N.","prism:publicationName":"Modern Asian Studies","prism:issn":"0026749X","prism:eIssn":"14698099","prism:volume":"53","prism:issueIdentifier":"2","prism:pageRange":"718-753","prism:coverDate":"2019-03-01","prism:coverDisplayDate":"1 March 2019","prism:doi":"10.1017/S0026749X17000452","pii":"S0026749X17000452","citedby-count":"0","affiliation": [{"@_fa": "true", "affilname":"Temple University","affiliation-city":"Philadelphia","affiliation-country":"United States"}],"prism:aggregationType":"Journal","subtype":"re","subtypeDescription":"Review","source-id":"24747","openaccess":"0","openaccessFlag":false},{"@_fa": "true", "link": [{"@_fa": "true", "@ref": "self", "@href": "https://api.elsevier.com/content/abstract/scopus_id/85060611012"},{"@_fa": "true", "@ref": "author-affiliation", "@href": "https://api.elsevier.com/content/abstract/scopus_id/85060611012?field=author,affiliation"},{"@_fa": "true", "@ref": "scopus", "@href": "https://www.scopus.com/inward/record.uri?partnerID=HzOxMe3b&scp=85060611012&origin=inward"},{"@_fa": "true", "@ref": "scopus-citedby", "@href": "https://www.scopus.com/inward/citedby.uri?partnerID=HzOxMe3b&scp=85060611012&origin=inward"}],"prism:url":"https://api.elsevier.com/content/abstract/scopus_id/85060611012","dc:identifier":"SCOPUS_ID:85060611012","eid":"2-s2.0-85060611012","dc:title":"Neo-patrimonialism and Corruption: Evidence from 8,436 Firms in 17 Countries in Sub-Saharan Africa","dc:creator":"Araral E.","prism:publicationName":"Public Administration Review","prism:issn":"00333352","prism:eIssn":"15406210","prism:pageRange":null,"prism:coverDate":"2019-01-01","prism:coverDisplayDate":"2019","prism:doi":"10.1111/puar.13023","citedby-count":"0","affiliation": [{"@_fa": "true", "affilname":"National University of Singapore","affiliation-city":"Singapore City","affiliation-country":"Singapore"}],"prism:aggregationType":"Journal","subtype":"undefined","subtypeDescription":null,"source-id":"17167","openaccess":"0","openaccessFlag":false},{"@_fa": "true", "link": [{"@_fa": "true", "@ref": "self", "@href": "https://api.elsevier.com/content/abstract/scopus_id/85058683405"},{"@_fa": "true", "@ref": "author-affiliation", "@href": "https://api.elsevier.com/content/abstract/scopus_id/85058683405?field=author,affiliation"},{"@_fa": "true", "@ref": "scopus", "@href": "https://www.scopus.com/inward/record.uri?partnerID=HzOxMe3b&scp=85058683405&origin=inward"},{"@_fa": "true", "@ref": "scopus-citedby", "@href": "https://www.scopus.com/inward/citedby.uri?partnerID=HzOxMe3b&scp=85058683405&origin=inward"}],"prism:url":"https://api.elsevier.com/content/abstract/scopus_id/85058683405","dc:identifier":"SCOPUS_ID:85058683405","eid":"2-s2.0-85058683405","dc:title":"Public-private coordination in large emerging economies: the case of Brazil, India and China","dc:creator":"May C.","prism:publicationName":"Contemporary Politics","prism:issn":"13569775","prism:eIssn":"14693631","prism:pageRange":null,"prism:coverDate":"2019-01-01","prism:coverDisplayDate":"2019","prism:doi":"10.1080/13569775.2018.1555781","citedby-count":"2","affiliation": [{"@_fa": "true", "affilname":"Goethe-Universität Frankfurt am Main","affiliation-city":"Frankfurt am Main","affiliation-country":"Germany"}],"prism:aggregationType":"Journal","subtype":"undefined","subtypeDescription":null,"source-id":"5600155004","openaccess":"0","openaccessFlag":false},{"@_fa": "true", "link": [{"@_fa": "true", "@ref": "self", "@href": "https://api.elsevier.com/content/abstract/scopus_id/85058386238"},{"@_fa": "true", "@ref": "author-affiliation", "@href": "https://api.elsevier.com/content/abstract/scopus_id/85058386238?field=author,affiliation"},{"@_fa": "true", "@ref": "scopus", "@href": "https://www.scopus.com/inward/record.uri?partnerID=HzOxMe3b&scp=85058386238&origin=inward"},{"@_fa": "true", "@ref": "scopus-citedby", "@href": "https://www.scopus.com/inward/citedby.uri?partnerID=HzOxMe3b&scp=85058386238&origin=inward"}],"prism:url":"https://api.elsevier.com/content/abstract/scopus_id/85058386238","dc:identifier":"SCOPUS_ID:85058386238","eid":"2-s2.0-85058386238","dc:title":"Border Securitisation and Politics of State Policy in Nigeria, 2014–2017","dc:creator":"Faleye O.","prism:publicationName":"Insight on Africa","prism:issn":"09750878","prism:eIssn":"09763465","prism:volume":"11","prism:issueIdentifier":"1","prism:pageRange":"78-93","prism:coverDate":"2019-01-01","prism:coverDisplayDate":"1 January 2019","prism:doi":"10.1177/0975087818805887","citedby-count":"0","affiliation": [{"@_fa": "true", "affilname":"Edo University Iyamho","affiliation-city":"Iyamho","affiliation-country":"Nigeria"}],"prism:aggregationType":"Journal","subtype":"ar","subtypeDescription":"Article","source-id":"21100805796","openaccess":"0","openaccessFlag":false},{"@_fa": "true", "link": [{"@_fa": "true", "@ref": "self", "@href": "https://api.elsevier.com/content/abstract/scopus_id/85060274681"},{"@_fa": "true", "@ref": "author-affiliation", "@href": "https://api.elsevier.com/content/abstract/scopus_id/85060274681?field=author,affiliation"},{"@_fa": "true", "@ref": "scopus", "@href": "https://www.scopus.com/inward/record.uri?partnerID=HzOxMe3b&scp=85060274681&origin=inward"},{"@_fa": "true", "@ref": "scopus-citedby", "@href": "https://www.scopus.com/inward/citedby.uri?partnerID=HzOxMe3b&scp=85060274681&origin=inward"},{"@_fa": "true", "@ref": "full-text", "@href": "https://api.elsevier.com/content/article/eid/1-s2.0-S1045235419300097"}],"prism:url":"https://api.elsevier.com/content/abstract/scopus_id/85060274681","dc:identifier":"SCOPUS_ID:85060274681","eid":"2-s2.0-85060274681","dc:title":"Varieties of neo-colonialism: Government accounting reforms in Anglophone and Francophone Africa – Benin and Ghana compared","dc:creator":"Lassou P.","prism:publicationName":"Critical Perspectives on Accounting","prism:issn":"10452354","prism:eIssn":"10959955","prism:pageRange":null,"prism:coverDate":"2019-01-01","prism:coverDisplayDate":"2019","prism:doi":"10.1016/j.cpa.2019.01.003","pii":"S1045235419300097","citedby-count":"1","affiliation": [{"@_fa": "true", "affilname":"University of Guelph","affiliation-city":"Guelph","affiliation-country":"Canada"}],"prism:aggregationType":"Journal","subtype":"undefined","subtypeDescription":null,"source-id":"29170","openaccess":"0","openaccessFlag":false},{"@_fa": "true", "link": [{"@_fa": "true", "@ref": "self", "@href": "https://api.elsevier.com/content/abstract/scopus_id/85065716264"},{"@_fa": "true", "@ref": "author-affiliation", "@href": "https://api.elsevier.com/content/abstract/scopus_id/85065716264?field=author,affiliation"},{"@_fa": "true", "@ref": "scopus", "@href": "https://www.scopus.com/inward/record.uri?partnerID=HzOxMe3b&scp=85065716264&origin=inward"},{"@_fa": "true", "@ref": "scopus-citedby", "@href": "https://www.scopus.com/inward/citedby.uri?partnerID=HzOxMe3b&scp=85065716264&origin=inward"}],"prism:url":"https://api.elsevier.com/content/abstract/scopus_id/85065716264","dc:identifier":"SCOPUS_ID:85065716264","eid":"2-s2.0-85065716264","dc:title":"AUE youth organization as an integrated phenomenon of the Russian postmodernity","dc:creator":"Chirun S.","prism:publicationName":"Monitoring Obshchestvennogo Mneniya: Ekonomicheskie i Sotsial'nye Peremeny","prism:eIssn":"22195467","prism:volume":"149","prism:issueIdentifier":"1","prism:pageRange":"49-65","prism:coverDate":"2019-01-01","prism:coverDisplayDate":"2019","prism:doi":"10.14515/monitoring.2019.1.03","citedby-count":"0","affiliation": [{"@_fa": "true", "affilname":"Kemerovo State University","affiliation-city":"Kemerovo","affiliation-country":"Russian Federation"}],"prism:aggregationType":"Journal","subtype":"re","subtypeDescription":"Review","source-id":"21100818507","openaccess":"1","openaccessFlag":true}]}}