{"search-results":{"opensearch:totalResults":"31","opensearch:startIndex":"0","opensearch:itemsPerPage":"25","opensearch:Query":{"@role": "request", "@searchTerms": "TITLE-ABS-KEY(\"patrimonialism\") AND SUBJAREA(SOCI) AND PUBYEAR = 2018", "@startPage": "0"},"link": [{"@_fa": "true", "@ref": "self", "@href": "https://api.elsevier.com/content/search/scopus?start=0&count=25&query=TITLE-ABS-KEY%28%22patrimonialism%22%29+AND+SUBJAREA%28SOCI%29+AND+PUBYEAR+%3D+2018&apiKey=27d953b4b546791964ebeb768d13e61f&view=STANDARD", "@type": "application/json"},{"@_fa": "true", "@ref": "first", "@href": "https://api.elsevier.com/content/search/scopus?start=0&count=25&query=TITLE-ABS-KEY%28%22patrimonialism%22%29+AND+SUBJAREA%28SOCI%29+AND+PUBYEAR+%3D+2018&apiKey=27d953b4b546791964ebeb768d13e61f&view=STANDARD", "@type": "application/json"},{"@_fa": "true", "@ref": "next", "@href": "https://api.elsevier.com/content/search/scopus?start=25&count=25&query=TITLE-ABS-KEY%28%22patrimonialism%22%29+AND+SUBJAREA%28SOCI%29+AND+PUBYEAR+%3D+2018&apiKey=27d953b4b546791964ebeb768d13e61f&view=STANDARD", "@type": "application/json"},{"@_fa": "true", "@ref": "last", "@href": "https://api.elsevier.com/content/search/scopus?start=6&count=25&query=TITLE-ABS-KEY%28%22patrimonialism%22%29+AND+SUBJAREA%28SOCI%29+AND+PUBYEAR+%3D+2018&apiKey=27d953b4b546791964ebeb768d13e61f&view=STANDARD", "@type": "application/json"}],"entry": [{"@_fa": "true", "link": [{"@_fa": "true", "@ref": "self", "@href": "https://api.elsevier.com/content/abstract/scopus_id/85061202095"},{"@_fa": "true", "@ref": "author-affiliation", "@href": "https://api.elsevier.com/content/abstract/scopus_id/85061202095?field=author,affiliation"},{"@_fa": "true", "@ref": "scopus", "@href": "https://www.scopus.com/inward/record.uri?partnerID=HzOxMe3b&scp=85061202095&origin=inward"},{"@_fa": "true", "@ref": "scopus-citedby", "@href": "https://www.scopus.com/inward/citedby.uri?partnerID=HzOxMe3b&scp=85061202095&origin=inward"}],"prism:url":"https://api.elsevier.com/content/abstract/scopus_id/85061202095","dc:identifier":"SCOPUS_ID:85061202095","eid":"2-s2.0-85061202095","dc:title":"Rentierism’s Siblings: On the Linkages between Rents, Neopatrimonialism, and Entrepreneurial State Capitalism in the Persian Gulf Monarchies","dc:creator":"Gray M.","prism:publicationName":"Journal of Arabian Studies","prism:eIssn":"21534780","prism:volume":"8","prism:issueIdentifier":"sup1","prism:pageRange":"29-45","prism:coverDate":"2018-12-06","prism:coverDisplayDate":"6 December 2018","prism:doi":"10.1080/21534764.2018.1546931","citedby-count":"0","prism:aggregationType":"Journal","subtype":"ar","subtypeDescription":"Article","source-id":"21100897527","openaccess":"0","openaccessFlag":false},{"@_fa": "true", "link": [{"@_fa": "true", "@ref": "self", "@href": "https://api.elsevier.com/content/abstract/scopus_id/85061429834"},{"@_fa": "true", "@ref": "author-affiliation", "@href": "https://api.elsevier.com/content/abstract/scopus_id/85061429834?field=author,affiliation"},{"@_fa": "true", "@ref": "scopus", "@href": "https://www.scopus.com/inward/record.uri?partnerID=HzOxMe3b&scp=85061429834&origin=inward"},{"@_fa": "true", "@ref": "scopus-citedby", "@href": "https://www.scopus.com/inward/citedby.uri?partnerID=HzOxMe3b&scp=85061429834&origin=inward"}],"prism:url":"https://api.elsevier.com/content/abstract/scopus_id/85061429834","dc:identifier":"SCOPUS_ID:85061429834","eid":"2-s2.0-85061429834","dc:title":"Deconstructing the palm oil industry narrative in indonesia: Evidence from riau province","dc:creator":"Tyson A.","prism:publicationName":"Contemporary Southeast Asia","prism:issn":"0129797X","prism:volume":"40","prism:issueIdentifier":"3","prism:pageRange":"422-448","prism:coverDate":"2018-12-01","prism:coverDisplayDate":"1 December 2018","prism:doi":"10.1355/cs40-3d","citedby-count":"0","affiliation": [{"@_fa": "true", "affilname":"University of Leeds","affiliation-city":"Leeds","affiliation-country":"United Kingdom"}],"prism:aggregationType":"Journal","subtype":"ar","subtypeDescription":"Article","source-id":"13519","openaccess":"0","openaccessFlag":false},{"@_fa": "true", "link": [{"@_fa": "true", "@ref": "self", "@href": "https://api.elsevier.com/content/abstract/scopus_id/85057141823"},{"@_fa": "true", "@ref": "author-affiliation", "@href": "https://api.elsevier.com/content/abstract/scopus_id/85057141823?field=author,affiliation"},{"@_fa": "true", "@ref": "scopus", "@href": "https://www.scopus.com/inward/record.uri?partnerID=HzOxMe3b&scp=85057141823&origin=inward"},{"@_fa": "true", "@ref": "scopus-citedby", "@href": "https://www.scopus.com/inward/citedby.uri?partnerID=HzOxMe3b&scp=85057141823&origin=inward"}],"prism:url":"https://api.elsevier.com/content/abstract/scopus_id/85057141823","dc:identifier":"SCOPUS_ID:85057141823","eid":"2-s2.0-85057141823","dc:title":"Lessons of the Northern War on African corruption<sup>*</sup>","dc:creator":"Martin W.","prism:publicationName":"Journal of Contemporary African Studies","prism:issn":"02589001","prism:eIssn":"14699397","prism:volume":"36","prism:issueIdentifier":"4","prism:pageRange":"437-448","prism:coverDate":"2018-10-02","prism:coverDisplayDate":"2 October 2018","prism:doi":"10.1080/02589001.2018.1513125","citedby-count":"1","affiliation": [{"@_fa": "true", "affilname":"Binghamton University State University of New York","affiliation-city":"Binghamton","affiliation-country":"United States"}],"prism:aggregationType":"Journal","subtype":"ar","subtypeDescription":"Article","source-id":"27665","openaccess":"0","openaccessFlag":false},{"@_fa": "true", "link": [{"@_fa": "true", "@ref": "self", "@href": "https://api.elsevier.com/content/abstract/scopus_id/85032818505"},{"@_fa": "true", "@ref": "author-affiliation", "@href": "https://api.elsevier.com/content/abstract/scopus_id/85032818505?field=author,affiliation"},{"@_fa": "true", "@ref": "scopus", "@href": "https://www.scopus.com/inward/record.uri?partnerID=HzOxMe3b&scp=85032818505&origin=inward"},{"@_fa": "true", "@ref": "scopus-citedby", "@href": "https://www.scopus.com/inward/citedby.uri?partnerID=HzOxMe3b&scp=85032818505&origin=inward"}],"prism:url":"https://api.elsevier.com/content/abstract/scopus_id/85032818505","dc:identifier":"SCOPUS_ID:85032818505","eid":"2-s2.0-85032818505","dc:title":"Corruption in sub-Saharan Africa’s established and simulated democracies: the cases of Ghana, Nigeria and South Sudan","dc:creator":"Frahm O.","prism:publicationName":"Crime, Law and Social Change","prism:issn":"09254994","prism:eIssn":"15730751","prism:volume":"70","prism:issueIdentifier":"2","prism:pageRange":"257-274","prism:coverDate":"2018-09-01","prism:coverDisplayDate":"1 September 2018","prism:doi":"10.1007/s10611-017-9730-2","citedby-count":"0","affiliation": [{"@_fa": "true", "affilname":"Universität St. Gallen","affiliation-city":"St Gallen","affiliation-country":"Switzerland"}],"prism:aggregationType":"Journal","subtype":"ar","subtypeDescription":"Article","source-id":"19637","openaccess":"0","openaccessFlag":false},{"@_fa": "true", "link": [{"@_fa": "true", "@ref": "self", "@href": "https://api.elsevier.com/content/abstract/scopus_id/85064607004"},{"@_fa": "true", "@ref": "author-affiliation", "@href": "https://api.elsevier.com/content/abstract/scopus_id/85064607004?field=author,affiliation"},{"@_fa": "true", "@ref": "scopus", "@href": "https://www.scopus.com/inward/record.uri?partnerID=HzOxMe3b&scp=85064607004&origin=inward"},{"@_fa": "true", "@ref": "scopus-citedby", "@href": "https://www.scopus.com/inward/citedby.uri?partnerID=HzOxMe3b&scp=85064607004&origin=inward"}],"prism:url":"https://api.elsevier.com/content/abstract/scopus_id/85064607004","dc:identifier":"SCOPUS_ID:85064607004","eid":"2-s2.0-85064607004","dc:title":"The Bantustan State and the South African Transition: Militarisation, Patrimonialism and the Collapse of the Ciskei Regime, 1986–1994","dc:creator":"Evans L.","prism:publicationName":"African Historical Review","prism:issn":"17532523","prism:eIssn":"17532531","prism:volume":"50","prism:issueIdentifier":"1-2","prism:pageRange":"101-129","prism:coverDate":"2018-07-03","prism:coverDisplayDate":"3 July 2018","prism:doi":"10.1080/17532523.2019.1582205","citedby-count":"0","affiliation": [{"@_fa": "true", "affilname":"Sheffield Hallam University","affiliation-city":"Sheffield","affiliation-country":"United Kingdom"},{"@_fa": "true", "affilname":"University of the Free State","affiliation-city":"Bloemfontein","affiliation-country":"South Africa"}],"prism:aggregationType":"Journal","subtype":"ar","subtypeDescription":"Article","source-id":"19900191766","openaccess":"0","openaccessFlag":false},{"@_fa": "true", "link": [{"@_fa": "true", "@ref": "self", "@href": "https://api.elsevier.com/content/abstract/scopus_id/85060072739"},{"@_fa": "true", "@ref": "author-affiliation", "@href": "https://api.elsevier.com/content/abstract/scopus_id/85060072739?field=author,affiliation"},{"@_fa": "true", "@ref": "scopus", "@href": "https://www.scopus.com/inward/record.uri?partnerID=HzOxMe3b&scp=85060072739&origin=inward"},{"@_fa": "true", "@ref": "scopus-citedby", "@href": "https://www.scopus.com/inward/citedby.uri?partnerID=HzOxMe3b&scp=85060072739&origin=inward"}],"prism:url":"https://api.elsevier.com/content/abstract/scopus_id/85060072739","dc:identifier":"SCOPUS_ID:85060072739","eid":"2-s2.0-85060072739","dc:title":"Neo-patrimonialism and extraversion in China's relations with Angola and Mozambique: Is Beijing making a difference?","dc:creator":"Alves A.","prism:publicationName":"New Directions in Africa-China Studies","prism:isbn": [{"@_fa": "true", "$" :"9781351668293"},{"@_fa": "true", "$" :"9780415436304"}],"prism:pageRange":"243-259","prism:coverDate":"2018-07-02","prism:coverDisplayDate":"2 July 2018","prism:doi":"10.4324/9781315162461","citedby-count":"0","affiliation": [{"@_fa": "true", "affilname":"Nanyang Technological University","affiliation-city":"Singapore City","affiliation-country":"Singapore"}],"prism:aggregationType":"Book","subtype":"ch","subtypeDescription":"Chapter","source-id":"21100894771","openaccess":"0","openaccessFlag":false},{"@_fa": "true", "link": [{"@_fa": "true", "@ref": "self", "@href": "https://api.elsevier.com/content/abstract/scopus_id/85020227021"},{"@_fa": "true", "@ref": "author-affiliation", "@href": "https://api.elsevier.com/content/abstract/scopus_id/85020227021?field=author,affiliation"},{"@_fa": "true", "@ref": "scopus", "@href": "https://www.scopus.com/inward/record.uri?partnerID=HzOxMe3b&scp=85020227021&origin=inward"},{"@_fa": "true", "@ref": "scopus-citedby", "@href": "https://www.scopus.com/inward/citedby.uri?partnerID=HzOxMe3b&scp=85020227021&origin=inward"}],"prism:url":"https://api.elsevier.com/content/abstract/scopus_id/85020227021","dc:identifier":"SCOPUS_ID:85020227021","eid":"2-s2.0-85020227021","dc:title":"The Ethiopian developmental state","dc:creator":"Clapham C.","prism:publicationName":"Third World Quarterly","prism:issn":"01436597","prism:eIssn":"13602241","prism:volume":"39","prism:issueIdentifier":"6","prism:pageRange":"1151-1165","prism:coverDate":"2018-06-03","prism:coverDisplayDate":"3 June 2018","prism:doi":"10.1080/01436597.2017.1328982","citedby-count":"11","affiliation": [{"@_fa": "true", "affilname":"University of Cambridge","affiliation-city":"Cambridge","affiliation-country":"United Kingdom"}],"prism:aggregationType":"Journal","subtype":"ar","subtypeDescription":"Article","source-id":"15471","openaccess":"0","openaccessFlag":false},{"@_fa": "true", "link": [{"@_fa": "true", "@ref": "self", "@href": "https://api.elsevier.com/content/abstract/scopus_id/85037738054"},{"@_fa": "true", "@ref": "author-affiliation", "@href": "https://api.elsevier.com/content/abstract/scopus_id/85037738054?field=author,affiliation"},{"@_fa": "true", "@ref": "scopus", "@href": "https://www.scopus.com/inward/record.uri?partnerID=HzOxMe3b&scp=85037738054&origin=inward"},{"@_fa": "true", "@ref": "scopus-citedby", "@href": "https://www.scopus.com/inward/citedby.uri?partnerID=HzOxMe3b&scp=85037738054&origin=inward"}],"prism:url":"https://api.elsevier.com/content/abstract/scopus_id/85037738054","dc:identifier":"SCOPUS_ID:85037738054","eid":"2-s2.0-85037738054","dc:title":"An extractive developmental state in Southern Africa? The cases of Zambia and Zimbabwe","dc:creator":"Saunders R.","prism:publicationName":"Third World Quarterly","prism:issn":"01436597","prism:eIssn":"13602241","prism:volume":"39","prism:issueIdentifier":"6","prism:pageRange":"1166-1190","prism:coverDate":"2018-06-03","prism:coverDisplayDate":"3 June 2018","prism:doi":"10.1080/01436597.2017.1409072","citedby-count":"2","affiliation": [{"@_fa": "true", "affilname":"York University","affiliation-city":"Toronto","affiliation-country":"Canada"}],"prism:aggregationType":"Journal","subtype":"ar","subtypeDescription":"Article","source-id":"15471","openaccess":"0","openaccessFlag":false},{"@_fa": "true", "link": [{"@_fa": "true", "@ref": "self", "@href": "https://api.elsevier.com/content/abstract/scopus_id/85044557772"},{"@_fa": "true", "@ref": "author-affiliation", "@href": "https://api.elsevier.com/content/abstract/scopus_id/85044557772?field=author,affiliation"},{"@_fa": "true", "@ref": "scopus", "@href": "https://www.scopus.com/inward/record.uri?partnerID=HzOxMe3b&scp=85044557772&origin=inward"},{"@_fa": "true", "@ref": "scopus-citedby", "@href": "https://www.scopus.com/inward/citedby.uri?partnerID=HzOxMe3b&scp=85044557772&origin=inward"}],"prism:url":"https://api.elsevier.com/content/abstract/scopus_id/85044557772","dc:identifier":"SCOPUS_ID:85044557772","eid":"2-s2.0-85044557772","dc:title":"Clientelism as Civil Society? Unpacking the Relationship between Clientelism and Democracy at the Local Level in South Africa","dc:creator":"Anciano F.","prism:publicationName":"Journal of Asian and African Studies","prism:issn":"00219096","prism:eIssn":"17452538","prism:volume":"53","prism:issueIdentifier":"4","prism:pageRange":"593-611","prism:coverDate":"2018-06-01","prism:coverDisplayDate":"1 June 2018","prism:doi":"10.1177/0021909617709487","citedby-count":"4","affiliation": [{"@_fa": "true", "affilname":"University of the Western Cape","affiliation-city":"Bellville","affiliation-country":"South Africa"}],"prism:aggregationType":"Journal","subtype":"ar","subtypeDescription":"Article","source-id":"15593","openaccess":"0","openaccessFlag":false},{"@_fa": "true", "link": [{"@_fa": "true", "@ref": "self", "@href": "https://api.elsevier.com/content/abstract/scopus_id/85023185338"},{"@_fa": "true", "@ref": "author-affiliation", "@href": "https://api.elsevier.com/content/abstract/scopus_id/85023185338?field=author,affiliation"},{"@_fa": "true", "@ref": "scopus", "@href": "https://www.scopus.com/inward/record.uri?partnerID=HzOxMe3b&scp=85023185338&origin=inward"},{"@_fa": "true", "@ref": "scopus-citedby", "@href": "https://www.scopus.com/inward/citedby.uri?partnerID=HzOxMe3b&scp=85023185338&origin=inward"}],"prism:url":"https://api.elsevier.com/content/abstract/scopus_id/85023185338","dc:identifier":"SCOPUS_ID:85023185338","eid":"2-s2.0-85023185338","dc:title":"Trapped in Informality: The Big Role of Small Firms in Russia’s Statist-patrimonial Capitalism","dc:creator":"Vasileva A.","prism:publicationName":"New Political Economy","prism:issn":"13563467","prism:eIssn":"14699923","prism:volume":"23","prism:issueIdentifier":"3","prism:pageRange":"314-330","prism:coverDate":"2018-05-04","prism:coverDisplayDate":"4 May 2018","prism:doi":"10.1080/13563467.2017.1349090","citedby-count":"3","affiliation": [{"@_fa": "true", "affilname":"University of Amsterdam","affiliation-city":"Amsterdam","affiliation-country":"Netherlands"}],"prism:aggregationType":"Journal","subtype":"ar","subtypeDescription":"Article","source-id":"29032","openaccess":"1","openaccessFlag":true},{"@_fa": "true", "link": [{"@_fa": "true", "@ref": "self", "@href": "https://api.elsevier.com/content/abstract/scopus_id/85047237377"},{"@_fa": "true", "@ref": "author-affiliation", "@href": "https://api.elsevier.com/content/abstract/scopus_id/85047237377?field=author,affiliation"},{"@_fa": "true", "@ref": "scopus", "@href": "https://www.scopus.com/inward/record.uri?partnerID=HzOxMe3b&scp=85047237377&origin=inward"},{"@_fa": "true", "@ref": "scopus-citedby", "@href": "https://www.scopus.com/inward/citedby.uri?partnerID=HzOxMe3b&scp=85047237377&origin=inward"}],"prism:url":"https://api.elsevier.com/content/abstract/scopus_id/85047237377","dc:identifier":"SCOPUS_ID:85047237377","eid":"2-s2.0-85047237377","dc:title":"New Wine in an Old Bottle: Female Politicians, Family Rule, and Democratization in Thailand","dc:creator":"Nishizaki Y.","prism:publicationName":"Journal of Asian Studies","prism:issn":"00219118","prism:volume":"77","prism:issueIdentifier":"2","prism:pageRange":"375-403","prism:coverDate":"2018-05-01","prism:coverDisplayDate":"1 May 2018","prism:doi":"10.1017/S002191181700136X","pii":"S002191181700136X","citedby-count":"1","affiliation": [{"@_fa": "true", "affilname":"National University of Singapore","affiliation-city":"Singapore City","affiliation-country":"Singapore"}],"prism:aggregationType":"Journal","subtype":"ar","subtypeDescription":"Article","source-id":"24214","openaccess":"1","openaccessFlag":true},{"@_fa": "true", "link": [{"@_fa": "true", "@ref": "self", "@href": "https://api.elsevier.com/content/abstract/scopus_id/85044509845"},{"@_fa": "true", "@ref": "author-affiliation", "@href": "https://api.elsevier.com/content/abstract/scopus_id/85044509845?field=author,affiliation"},{"@_fa": "true", "@ref": "scopus", "@href": "https://www.scopus.com/inward/record.uri?partnerID=HzOxMe3b&scp=85044509845&origin=inward"},{"@_fa": "true", "@ref": "scopus-citedby", "@href": "https://www.scopus.com/inward/citedby.uri?partnerID=HzOxMe3b&scp=85044509845&origin=inward"}],"prism:url":"https://api.elsevier.com/content/abstract/scopus_id/85044509845","dc:identifier":"SCOPUS_ID:85044509845","eid":"2-s2.0-85044509845","dc:title":"The Press and Classical Populism in Argentina and Brazil","dc:creator":"Goldstein A.","prism:publicationName":"Latin American Perspectives","prism:issn":"0094582X","prism:eIssn":"1552678X","prism:volume":"45","prism:issueIdentifier":"3","prism:pageRange":"109-123","prism:coverDate":"2018-05-01","prism:coverDisplayDate":"1 May 2018","prism:doi":"10.1177/0094582X18767396","citedby-count":"0","affiliation": [{"@_fa": "true", "affilname":"Universidad de Buenos Aires","affiliation-city":"Buenos Aires","affiliation-country":"Argentina"}],"prism:aggregationType":"Journal","subtype":"ar","subtypeDescription":"Article","source-id":"27731","openaccess":"0","openaccessFlag":false},{"@_fa": "true", "link": [{"@_fa": "true", "@ref": "self", "@href": "https://api.elsevier.com/content/abstract/scopus_id/85047900076"},{"@_fa": "true", "@ref": "author-affiliation", "@href": "https://api.elsevier.com/content/abstract/scopus_id/85047900076?field=author,affiliation"},{"@_fa": "true", "@ref": "scopus", "@href": "https://www.scopus.com/inward/record.uri?partnerID=HzOxMe3b&scp=85047900076&origin=inward"},{"@_fa": "true", "@ref": "scopus-citedby", "@href": "https://www.scopus.com/inward/citedby.uri?partnerID=HzOxMe3b&scp=85047900076&origin=inward"}],"prism:url":"https://api.elsevier.com/content/abstract/scopus_id/85047900076","dc:identifier":"SCOPUS_ID:85047900076","eid":"2-s2.0-85047900076","dc:title":"Fit to be king: How patrimonialism on Wall Street leads to inequality","dc:creator":"Neely M.","prism:publicationName":"Socio-Economic Review","prism:issn":"14751461","prism:eIssn":"1475147X","prism:volume":"16","prism:issueIdentifier":"2","prism:pageRange":"365-385","prism:coverDate":"2018-04-01","prism:coverDisplayDate":"1 April 2018","prism:doi":"10.1093/ser/mwx058","citedby-count":"2","affiliation": [{"@_fa": "true", "affilname":"Stanford University","affiliation-city":"Palo Alto","affiliation-country":"United States"}],"prism:aggregationType":"Journal","subtype":"ar","subtypeDescription":"Article","source-id":"26796","openaccess":"0","openaccessFlag":false},{"@_fa": "true", "link": [{"@_fa": "true", "@ref": "self", "@href": "https://api.elsevier.com/content/abstract/scopus_id/85045419188"},{"@_fa": "true", "@ref": "author-affiliation", "@href": "https://api.elsevier.com/content/abstract/scopus_id/85045419188?field=author,affiliation"},{"@_fa": "true", "@ref": "scopus", "@href": "https://www.scopus.com/inward/record.uri?partnerID=HzOxMe3b&scp=85045419188&origin=inward"},{"@_fa": "true", "@ref": "scopus-citedby", "@href": "https://www.scopus.com/inward/citedby.uri?partnerID=HzOxMe3b&scp=85045419188&origin=inward"}],"prism:url":"https://api.elsevier.com/content/abstract/scopus_id/85045419188","dc:identifier":"SCOPUS_ID:85045419188","eid":"2-s2.0-85045419188","dc:title":"Citizenship and local practices of rule in Indonesia","dc:creator":"van Klinken G.","prism:publicationName":"Citizenship Studies","prism:issn":"13621025","prism:eIssn":"14693593","prism:volume":"22","prism:issueIdentifier":"2","prism:pageRange":"112-128","prism:coverDate":"2018-02-17","prism:coverDisplayDate":"17 February 2018","prism:doi":"10.1080/13621025.2018.1445489","citedby-count":"1","affiliation": [{"@_fa": "true", "affilname":"Royal Netherlands Institute of Southeast Asian and Caribbean Studies KITLV - KNAW","affiliation-city":"Leiden","affiliation-country":"Netherlands"},{"@_fa": "true", "affilname":"University of Amsterdam","affiliation-city":"Amsterdam","affiliation-country":"Netherlands"}],"prism:aggregationType":"Journal","subtype":"ar","subtypeDescription":"Article","source-id":"16886","openaccess":"1","openaccessFlag":true},{"@_fa": "true", "link": [{"@_fa": "true", "@ref": "self", "@href": "https://api.elsevier.com/content/abstract/scopus_id/85042078904"},{"@_fa": "true", "@ref": "author-affiliation", "@href": "https://api.elsevier.com/content/abstract/scopus_id/85042078904?field=author,affiliation"},{"@_fa": "true", "@ref": "scopus", "@href": "https://www.scopus.com/inward/record.uri?partnerID=HzOxMe3b&scp=85042078904&origin=inward"},{"@_fa": "true", "@ref": "scopus-citedby", "@href": "https://www.scopus.com/inward/citedby.uri?partnerID=HzOxMe3b&scp=85042078904&origin=inward"}],"prism:url":"https://api.elsevier.com/content/abstract/scopus_id/85042078904","dc:identifier":"SCOPUS_ID:85042078904","eid":"2-s2.0-85042078904","dc:title":"Securitization outside of the West: conceptualizing the securitization–neo-patrimonialism nexus in Africa","dc:creator":"Ezeokafor E.","prism:publicationName":"Global Discourse","prism:issn":"23269995","prism:eIssn":"20437897","prism:volume":"8","prism:issueIdentifier":"1","prism:pageRange":"83-99","prism:coverDate":"2018-01-02","prism:coverDisplayDate":"2 January 2018","prism:doi":"10.1080/23269995.2017.1412619","citedby-count":"1","affiliation": [{"@_fa": "true", "affilname":"University of Dundee","affiliation-city":"Dundee","affiliation-country":"United Kingdom"}],"prism:aggregationType":"Journal","subtype":"ar","subtypeDescription":"Article","source-id":"21100782417","openaccess":"0","openaccessFlag":false},{"@_fa": "true", "link": [{"@_fa": "true", "@ref": "self", "@href": "https://api.elsevier.com/content/abstract/scopus_id/85039061460"},{"@_fa": "true", "@ref": "author-affiliation", "@href": "https://api.elsevier.com/content/abstract/scopus_id/85039061460?field=author,affiliation"},{"@_fa": "true", "@ref": "scopus", "@href": "https://www.scopus.com/inward/record.uri?partnerID=HzOxMe3b&scp=85039061460&origin=inward"},{"@_fa": "true", "@ref": "scopus-citedby", "@href": "https://www.scopus.com/inward/citedby.uri?partnerID=HzOxMe3b&scp=85039061460&origin=inward"}],"prism:url":"https://api.elsevier.com/content/abstract/scopus_id/85039061460","dc:identifier":"SCOPUS_ID:85039061460","eid":"2-s2.0-85039061460","dc:title":"Formation of Insurgent Groups: MEND and Boko Haram in Nigeria","dc:creator":"Ajala O.","prism:publicationName":"Small Wars and Insurgencies","prism:issn":"09592318","prism:eIssn":"17439558","prism:volume":"29","prism:issueIdentifier":"1","prism:pageRange":"112-130","prism:coverDate":"2018-01-02","prism:coverDisplayDate":"2 January 2018","prism:doi":"10.1080/09592318.2018.1403744","citedby-count":"1","affiliation": [{"@_fa": "true", "affilname":"University of York","affiliation-city":"York","affiliation-country":"United Kingdom"}],"prism:aggregationType":"Journal","subtype":"ar","subtypeDescription":"Article","source-id":"5600153930","openaccess":"0","openaccessFlag":false},{"@_fa": "true", "link": [{"@_fa": "true", "@ref": "self", "@href": "https://api.elsevier.com/content/abstract/scopus_id/85034980590"},{"@_fa": "true", "@ref": "author-affiliation", "@href": "https://api.elsevier.com/content/abstract/scopus_id/85034980590?field=author,affiliation"},{"@_fa": "true", "@ref": "scopus", "@href": "https://www.scopus.com/inward/record.uri?partnerID=HzOxMe3b&scp=85034980590&origin=inward"},{"@_fa": "true", "@ref": "scopus-citedby", "@href": "https://www.scopus.com/inward/citedby.uri?partnerID=HzOxMe3b&scp=85034980590&origin=inward"}],"prism:url":"https://api.elsevier.com/content/abstract/scopus_id/85034980590","dc:identifier":"SCOPUS_ID:85034980590","eid":"2-s2.0-85034980590","dc:title":"The October 2011 Kenyan invasion of Somalia: fighting al-Shabaab or defending institutional interests?","dc:creator":"Olsen G.","prism:publicationName":"Journal of Contemporary African Studies","prism:issn":"02589001","prism:eIssn":"14699397","prism:volume":"36","prism:issueIdentifier":"1","prism:pageRange":"39-53","prism:coverDate":"2018-01-02","prism:coverDisplayDate":"2 January 2018","prism:doi":"10.1080/02589001.2017.1408953","citedby-count":"0","affiliation": [{"@_fa": "true", "affilname":"Roskilde University","affiliation-city":"Roskilde","affiliation-country":"Denmark"}],"prism:aggregationType":"Journal","subtype":"ar","subtypeDescription":"Article","source-id":"27665","openaccess":"0","openaccessFlag":false},{"@_fa": "true", "link": [{"@_fa": "true", "@ref": "self", "@href": "https://api.elsevier.com/content/abstract/scopus_id/85042156058"},{"@_fa": "true", "@ref": "author-affiliation", "@href": "https://api.elsevier.com/content/abstract/scopus_id/85042156058?field=author,affiliation"},{"@_fa": "true", "@ref": "scopus", "@href": "https://www.scopus.com/inward/record.uri?partnerID=HzOxMe3b&scp=85042156058&origin=inward"},{"@_fa": "true", "@ref": "scopus-citedby", "@href": "https://www.scopus.com/inward/citedby.uri?partnerID=HzOxMe3b&scp=85042156058&origin=inward"}],"prism:url":"https://api.elsevier.com/content/abstract/scopus_id/85042156058","dc:identifier":"SCOPUS_ID:85042156058","eid":"2-s2.0-85042156058","dc:title":"The Trap of Neo-patrimonialism: Social Accountability and Good Governance in Cambodia","dc:creator":"Vuković D.","prism:publicationName":"Asian Studies Review","prism:issn":"10357823","prism:eIssn":"14678403","prism:volume":"42","prism:issueIdentifier":"1","prism:pageRange":"144-160","prism:coverDate":"2018-01-02","prism:coverDisplayDate":"2 January 2018","prism:doi":"10.1080/10357823.2017.1414773","citedby-count":"0","affiliation": [{"@_fa": "true", "affilname":"University of Belgrade","affiliation-city":"Belgrade","affiliation-country":"Serbia"}],"prism:aggregationType":"Journal","subtype":"ar","subtypeDescription":"Article","source-id":"5600153515","openaccess":"0","openaccessFlag":false},{"@_fa": "true", "link": [{"@_fa": "true", "@ref": "self", "@href": "https://api.elsevier.com/content/abstract/scopus_id/85044817560"},{"@_fa": "true", "@ref": "author-affiliation", "@href": "https://api.elsevier.com/content/abstract/scopus_id/85044817560?field=author,affiliation"},{"@_fa": "true", "@ref": "scopus", "@href": "https://www.scopus.com/inward/record.uri?partnerID=HzOxMe3b&scp=85044817560&origin=inward"},{"@_fa": "true", "@ref": "scopus-citedby", "@href": "https://www.scopus.com/inward/citedby.uri?partnerID=HzOxMe3b&scp=85044817560&origin=inward"}],"prism:url":"https://api.elsevier.com/content/abstract/scopus_id/85044817560","dc:identifier":"SCOPUS_ID:85044817560","eid":"2-s2.0-85044817560","dc:title":"Piketty and patrimonialism: A frankfurt school critique of piketty's use of marx, weber, political economy, and comparative historical sociology","dc:creator":"Bakker J.","prism:publicationName":"Studies in Critical Social Sciences","prism:issn":"15734234","prism:isbn": [{"@_fa": "true", "$" :"9789004331440"}],"prism:volume":"116","prism:pageRange":"108-133","prism:coverDate":"2018-01-01","prism:coverDisplayDate":"2018","prism:doi":"10.1163/9789004357044_008","citedby-count":"1","prism:aggregationType":"Book Series","subtype":"ch","subtypeDescription":"Chapter","source-id":"21100406922","openaccess":"0","openaccessFlag":false},{"@_fa": "true", "link": [{"@_fa": "true", "@ref": "self", "@href": "https://api.elsevier.com/content/abstract/scopus_id/85063467327"},{"@_fa": "true", "@ref": "author-affiliation", "@href": "https://api.elsevier.com/content/abstract/scopus_id/85063467327?field=author,affiliation"},{"@_fa": "true", "@ref": "scopus", "@href": "https://www.scopus.com/inward/record.uri?partnerID=HzOxMe3b&scp=85063467327&origin=inward"},{"@_fa": "true", "@ref": "scopus-citedby", "@href": "https://www.scopus.com/inward/citedby.uri?partnerID=HzOxMe3b&scp=85063467327&origin=inward"}],"prism:url":"https://api.elsevier.com/content/abstract/scopus_id/85063467327","dc:identifier":"SCOPUS_ID:85063467327","eid":"2-s2.0-85063467327","dc:title":"Patrimonialism, natural resource management, and civil service in mexico: Lessons learnt from the last 30 years","dc:creator":"Aguirre-Muñoz A.","prism:publicationName":"Mexican Natural Resources Management and Biodiversity Conservation: Recent Case Studies","prism:isbn": [{"@_fa": "true", "$" :"9783319905846"},{"@_fa": "true", "$" :"9783319905839"}],"prism:pageRange":"73-103","prism:coverDate":"2018-01-01","prism:coverDisplayDate":"1 January 2018","prism:doi":"10.1007/978-3-319-90584-6_3","citedby-count":"0","affiliation": [{"@_fa": "true", "affilname":"Grupo de Ecología y Conservación de Islas, A.C.","affiliation-city":"Ensenada","affiliation-country":"Mexico"}],"prism:aggregationType":"Book","subtype":"ch","subtypeDescription":"Chapter","source-id":"21100902161","openaccess":"0","openaccessFlag":false},{"@_fa": "true", "link": [{"@_fa": "true", "@ref": "self", "@href": "https://api.elsevier.com/content/abstract/scopus_id/85062992458"},{"@_fa": "true", "@ref": "author-affiliation", "@href": "https://api.elsevier.com/content/abstract/scopus_id/85062992458?field=author,affiliation"},{"@_fa": "true", "@ref": "scopus", "@href": "https://www.scopus.com/inward/record.uri?partnerID=HzOxMe3b&scp=85062992458&origin=inward"},{"@_fa": "true", "@ref": "scopus-citedby", "@href": "https://www.scopus.com/inward/citedby.uri?partnerID=HzOxMe3b&scp=85062992458&origin=inward"}],"prism:url":"https://api.elsevier.com/content/abstract/scopus_id/85062992458","dc:identifier":"SCOPUS_ID:85062992458","eid":"2-s2.0-85062992458","dc:title":"Thinking with patriarchy","dc:creator":"Miller P.","prism:publicationName":"Argument","prism:issn":"00041157","prism:volume":"60","prism:issueIdentifier":"6","prism:pageRange":"773-783","prism:coverDate":"2018-01-01","prism:coverDisplayDate":"2018","citedby-count":"0","affiliation": [{"@_fa": "true", "affilname":"University of Melbourne","affiliation-city":"Parkville","affiliation-country":"Australia"}],"prism:aggregationType":"Journal","subtype":"ar","subtypeDescription":"Article","source-id":"24794","openaccess":"0","openaccessFlag":false},{"@_fa": "true", "link": [{"@_fa": "true", "@ref": "self", "@href": "https://api.elsevier.com/content/abstract/scopus_id/85058681440"},{"@_fa": "true", "@ref": "author-affiliation", "@href": "https://api.elsevier.com/content/abstract/scopus_id/85058681440?field=author,affiliation"},{"@_fa": "true", "@ref": "scopus", "@href": "https://www.scopus.com/inward/record.uri?partnerID=HzOxMe3b&scp=85058681440&origin=inward"},{"@_fa": "true", "@ref": "scopus-citedby", "@href": "https://www.scopus.com/inward/citedby.uri?partnerID=HzOxMe3b&scp=85058681440&origin=inward"}],"prism:url":"https://api.elsevier.com/content/abstract/scopus_id/85058681440","dc:identifier":"SCOPUS_ID:85058681440","eid":"2-s2.0-85058681440","dc:title":"Conceptualising capitalism in the twenty-first century: the BRICs and the European periphery","dc:creator":"Vasileva-Dienes A.","prism:publicationName":"Contemporary Politics","prism:issn":"13569775","prism:eIssn":"14693631","prism:pageRange":null,"prism:coverDate":"2018-01-01","prism:coverDisplayDate":"2018","prism:doi":"10.1080/13569775.2018.1555746","citedby-count":"2","affiliation": [{"@_fa": "true", "affilname":"University of Amsterdam","affiliation-city":"Amsterdam","affiliation-country":"Netherlands"},{"@_fa": "true", "affilname":"Friedrich-Ebert-Stiftung","affiliation-city":"Vienna","affiliation-country":"Austria"}],"prism:aggregationType":"Journal","subtype":"undefined","subtypeDescription":null,"source-id":"5600155004","openaccess":"1","openaccessFlag":true},{"@_fa": "true", "link": [{"@_fa": "true", "@ref": "self", "@href": "https://api.elsevier.com/content/abstract/scopus_id/85040099730"},{"@_fa": "true", "@ref": "author-affiliation", "@href": "https://api.elsevier.com/content/abstract/scopus_id/85040099730?field=author,affiliation"},{"@_fa": "true", "@ref": "scopus", "@href": "https://www.scopus.com/inward/record.uri?partnerID=HzOxMe3b&scp=85040099730&origin=inward"},{"@_fa": "true", "@ref": "scopus-citedby", "@href": "https://www.scopus.com/inward/citedby.uri?partnerID=HzOxMe3b&scp=85040099730&origin=inward"}],"prism:url":"https://api.elsevier.com/content/abstract/scopus_id/85040099730","dc:identifier":"SCOPUS_ID:85040099730","eid":"2-s2.0-85040099730","dc:title":"Familial Consent","dc:creator":"Hu L.","prism:publicationName":"Asian Journal of Social Science","prism:issn":"15684849","prism:eIssn":"15685314","prism:volume":"46","prism:issueIdentifier":"1-2","prism:pageRange":"132-158","prism:coverDate":"2018-01-01","prism:coverDisplayDate":"2018","prism:doi":"10.1163/15685314-04601007","citedby-count":"0","affiliation": [{"@_fa": "true", "affilname":"Tsinghua University","affiliation-city":"Beijing","affiliation-country":"China"}],"prism:aggregationType":"Journal","subtype":"ar","subtypeDescription":"Article","source-id":"24798","openaccess":"0","openaccessFlag":false},{"@_fa": "true", "link": [{"@_fa": "true", "@ref": "self", "@href": "https://api.elsevier.com/content/abstract/scopus_id/85054826151"},{"@_fa": "true", "@ref": "author-affiliation", "@href": "https://api.elsevier.com/content/abstract/scopus_id/85054826151?field=author,affiliation"},{"@_fa": "true", "@ref": "scopus", "@href": "https://www.scopus.com/inward/record.uri?partnerID=HzOxMe3b&scp=85054826151&origin=inward"},{"@_fa": "true", "@ref": "scopus-citedby", "@href": "https://www.scopus.com/inward/citedby.uri?partnerID=HzOxMe3b&scp=85054826151&origin=inward"}],"prism:url":"https://api.elsevier.com/content/abstract/scopus_id/85054826151","dc:identifier":"SCOPUS_ID:85054826151","eid":"2-s2.0-85054826151","dc:title":"An old empire gives birth to a new one: Social practices and transformations of the Luso-Brazilian legal order","dc:creator":"Wehling A.","prism:publicationName":"Rechtsgeschichte","prism:issn":"16194993","prism:eIssn":"21959617","prism:volume":"26","prism:pageRange":"302-311","prism:coverDate":"2018-01-01","prism:coverDisplayDate":"2018","prism:doi":"10.12946/rg26/302-311","citedby-count":"0","affiliation": [{"@_fa": "true", "affilname":"Universidade Veiga de Almeida","affiliation-city":"Rio de Janeiro","affiliation-country":"Brazil"}],"prism:aggregationType":"Journal","subtype":"re","subtypeDescription":"Review","source-id":"21100236610","openaccess":"1","openaccessFlag":true},{"@_fa": "true", "link": [{"@_fa": "true", "@ref": "self", "@href": "https://api.elsevier.com/content/abstract/scopus_id/85039850279"},{"@_fa": "true", "@ref": "author-affiliation", "@href": "https://api.elsevier.com/content/abstract/scopus_id/85039850279?field=author,affiliation"},{"@_fa": "true", "@ref": "scopus", "@href": "https://www.scopus.com/inward/record.uri?partnerID=HzOxMe3b&scp=85039850279&origin=inward"},{"@_fa": "true", "@ref": "scopus-citedby", "@href": "https://www.scopus.com/inward/citedby.uri?partnerID=HzOxMe3b&scp=85039850279&origin=inward"}],"prism:url":"https://api.elsevier.com/content/abstract/scopus_id/85039850279","dc:identifier":"SCOPUS_ID:85039850279","eid":"2-s2.0-85039850279","dc:title":"State capacity and regime resilience in Putin’s Russia","dc:creator":"White D.","prism:publicationName":"International Political Science Review","prism:issn":"01925121","prism:eIssn":"1460373X","prism:volume":"39","prism:issueIdentifier":"1","prism:pageRange":"130-143","prism:coverDate":"2018-01-01","prism:coverDisplayDate":"1 January 2018","prism:doi":"10.1177/0192512117694481","citedby-count":"3","affiliation": [{"@_fa": "true", "affilname":"University of Birmingham","affiliation-city":"Birmingham","affiliation-country":"United Kingdom"}],"prism:aggregationType":"Journal","subtype":"ar","subtypeDescription":"Article","source-id":"25833","openaccess":"0","openaccessFlag":false}]}}