{"search-results":{"opensearch:totalResults":"1028","opensearch:startIndex":"0","opensearch:itemsPerPage":"25","opensearch:Query":{"@role": "request", "@searchTerms": "TITLE-ABS-KEY(\"network\") AND SUBJAREA(SOCI) AND PUBYEAR = 1992", "@startPage": "0"},"link": [{"@_fa": "true", "@ref": "self", "@href": "https://api.elsevier.com/content/search/scopus?start=0&count=25&query=TITLE-ABS-KEY%28%22network%22%29+AND+SUBJAREA%28SOCI%29+AND+PUBYEAR+%3D+1992&apiKey=27d953b4b546791964ebeb768d13e61f&view=STANDARD", "@type": "application/json"},{"@_fa": "true", "@ref": "first", "@href": "https://api.elsevier.com/content/search/scopus?start=0&count=25&query=TITLE-ABS-KEY%28%22network%22%29+AND+SUBJAREA%28SOCI%29+AND+PUBYEAR+%3D+1992&apiKey=27d953b4b546791964ebeb768d13e61f&view=STANDARD", "@type": "application/json"},{"@_fa": "true", "@ref": "next", "@href": "https://api.elsevier.com/content/search/scopus?start=25&count=25&query=TITLE-ABS-KEY%28%22network%22%29+AND+SUBJAREA%28SOCI%29+AND+PUBYEAR+%3D+1992&apiKey=27d953b4b546791964ebeb768d13e61f&view=STANDARD", "@type": "application/json"},{"@_fa": "true", "@ref": "last", "@href": "https://api.elsevier.com/content/search/scopus?start=1003&count=25&query=TITLE-ABS-KEY%28%22network%22%29+AND+SUBJAREA%28SOCI%29+AND+PUBYEAR+%3D+1992&apiKey=27d953b4b546791964ebeb768d13e61f&view=STANDARD", "@type": "application/json"}],"entry": [{"@_fa": "true", "link": [{"@_fa": "true", "@ref": "self", "@href": "https://api.elsevier.com/content/abstract/scopus_id/0027001771"},{"@_fa": "true", "@ref": "author-affiliation", "@href": "https://api.elsevier.com/content/abstract/scopus_id/0027001771?field=author,affiliation"},{"@_fa": "true", "@ref": "scopus", "@href": "https://www.scopus.com/inward/record.uri?partnerID=HzOxMe3b&scp=0027001771&origin=inward"},{"@_fa": "true", "@ref": "scopus-citedby", "@href": "https://www.scopus.com/inward/citedby.uri?partnerID=HzOxMe3b&scp=0027001771&origin=inward"},{"@_fa": "true", "@ref": "full-text", "@href": "https://api.elsevier.com/content/article/eid/1-s2.0-0377221792900277"}],"prism:url":"https://api.elsevier.com/content/abstract/scopus_id/0027001771","dc:identifier":"SCOPUS_ID:0027001771","eid":"2-s2.0-0027001771","dc:title":"An O(nm) algorithm for a special case of the multimedian location problem on a tree","dc:creator":"Chhajed D.","prism:publicationName":"European Journal of Operational Research","prism:issn":"03772217","prism:volume":"63","prism:issueIdentifier":"2","prism:pageRange":"222-230","prism:coverDate":"1992-12-10","prism:coverDisplayDate":"10 December 1992","prism:doi":"10.1016/0377-2217(92)90027-7","pii":"0377-2217(92)90027-7","citedby-count":"6","affiliation": [{"@_fa": "true", "affilname":"University of Illinois at Urbana-Champaign","affiliation-city":"Urbana","affiliation-country":"United States"}],"prism:aggregationType":"Journal","subtype":"ar","subtypeDescription":"Article","source-id":"22489","openaccess":"0","openaccessFlag":false},{"@_fa": "true", "link": [{"@_fa": "true", "@ref": "self", "@href": "https://api.elsevier.com/content/abstract/scopus_id/0026966197"},{"@_fa": "true", "@ref": "author-affiliation", "@href": "https://api.elsevier.com/content/abstract/scopus_id/0026966197?field=author,affiliation"},{"@_fa": "true", "@ref": "scopus", "@href": "https://www.scopus.com/inward/record.uri?partnerID=HzOxMe3b&scp=0026966197&origin=inward"},{"@_fa": "true", "@ref": "scopus-citedby", "@href": "https://www.scopus.com/inward/citedby.uri?partnerID=HzOxMe3b&scp=0026966197&origin=inward"}],"prism:url":"https://api.elsevier.com/content/abstract/scopus_id/0026966197","dc:identifier":"SCOPUS_ID:0026966197","eid":"2-s2.0-0026966197","dc:title":"Electronic communication in engineering work","dc:creator":"Bishop A.","prism:publicationName":"Proceedings of the ASIS Annual Meeting","prism:issn":"00447870","prism:isbn": [{"@_fa": "true", "$" :"0938734695"}],"prism:volume":"29","prism:pageRange":"193-205","prism:coverDate":"1992-12-01","prism:coverDisplayDate":"1992","citedby-count":"6","affiliation": [{"@_fa": "true", "affilname":"University of Illinois at Urbana-Champaign","affiliation-city":"Urbana","affiliation-country":"United States"}],"prism:aggregationType":"Conference Proceeding","subtype":"cp","subtypeDescription":"Conference Paper","source-id":"31428","openaccess":"0","openaccessFlag":false},{"@_fa": "true", "link": [{"@_fa": "true", "@ref": "self", "@href": "https://api.elsevier.com/content/abstract/scopus_id/0026965871"},{"@_fa": "true", "@ref": "author-affiliation", "@href": "https://api.elsevier.com/content/abstract/scopus_id/0026965871?field=author,affiliation"},{"@_fa": "true", "@ref": "scopus", "@href": "https://www.scopus.com/inward/record.uri?partnerID=HzOxMe3b&scp=0026965871&origin=inward"},{"@_fa": "true", "@ref": "scopus-citedby", "@href": "https://www.scopus.com/inward/citedby.uri?partnerID=HzOxMe3b&scp=0026965871&origin=inward"}],"prism:url":"https://api.elsevier.com/content/abstract/scopus_id/0026965871","dc:identifier":"SCOPUS_ID:0026965871","eid":"2-s2.0-0026965871","dc:title":"Computer networks in the x-USSR: Technology, uses and social effects","dc:creator":"Travica B.","prism:publicationName":"Proceedings of the ASIS Annual Meeting","prism:issn":"00447870","prism:isbn": [{"@_fa": "true", "$" :"0938734695"}],"prism:volume":"29","prism:pageRange":"120-135","prism:coverDate":"1992-12-01","prism:coverDisplayDate":"1992","citedby-count":"3","prism:aggregationType":"Conference Proceeding","subtype":"cp","subtypeDescription":"Conference Paper","source-id":"31428","openaccess":"0","openaccessFlag":false},{"@_fa": "true", "link": [{"@_fa": "true", "@ref": "self", "@href": "https://api.elsevier.com/content/abstract/scopus_id/0027075156"},{"@_fa": "true", "@ref": "author-affiliation", "@href": "https://api.elsevier.com/content/abstract/scopus_id/0027075156?field=author,affiliation"},{"@_fa": "true", "@ref": "scopus", "@href": "https://www.scopus.com/inward/record.uri?partnerID=HzOxMe3b&scp=0027075156&origin=inward"},{"@_fa": "true", "@ref": "scopus-citedby", "@href": "https://www.scopus.com/inward/citedby.uri?partnerID=HzOxMe3b&scp=0027075156&origin=inward"}],"prism:url":"https://api.elsevier.com/content/abstract/scopus_id/0027075156","dc:identifier":"SCOPUS_ID:0027075156","eid":"2-s2.0-0027075156","dc:title":"What about healthy networks? an analysis of the national networks of healthy cities in Europe","dc:creator":"Goumans M.","prism:publicationName":"Health Promotion International","prism:issn":"09574824","prism:volume":"7","prism:issueIdentifier":"4","prism:pageRange":"273-281","prism:coverDate":"1992-12-01","prism:coverDisplayDate":"1992","prism:doi":"10.1093/heapro/7.4.273","citedby-count":"5","affiliation": [{"@_fa": "true", "affilname":"Maastricht University","affiliation-city":"Maastricht","affiliation-country":"Netherlands"}],"prism:aggregationType":"Journal","subtype":"ar","subtypeDescription":"Article","source-id":"21312","openaccess":"0","openaccessFlag":false},{"@_fa": "true", "link": [{"@_fa": "true", "@ref": "self", "@href": "https://api.elsevier.com/content/abstract/scopus_id/34249832556"},{"@_fa": "true", "@ref": "author-affiliation", "@href": "https://api.elsevier.com/content/abstract/scopus_id/34249832556?field=author,affiliation"},{"@_fa": "true", "@ref": "scopus", "@href": "https://www.scopus.com/inward/record.uri?partnerID=HzOxMe3b&scp=34249832556&origin=inward"},{"@_fa": "true", "@ref": "scopus-citedby", "@href": "https://www.scopus.com/inward/citedby.uri?partnerID=HzOxMe3b&scp=34249832556&origin=inward"}],"prism:url":"https://api.elsevier.com/content/abstract/scopus_id/34249832556","dc:identifier":"SCOPUS_ID:34249832556","eid":"2-s2.0-34249832556","dc:title":"Selections from - SINET - The social indicators network news","dc:creator":"Ferriss A.","prism:publicationName":"Social Indicators Research","prism:issn":"03038300","prism:eIssn":"15730921","prism:volume":"27","prism:issueIdentifier":"4","prism:pageRange":"381-384","prism:coverDate":"1992-12-01","prism:coverDisplayDate":"December 1992","prism:doi":"10.1007/BF00303857","citedby-count":"0","prism:aggregationType":"Journal","subtype":"ar","subtypeDescription":"Article","source-id":"19391","openaccess":"0","openaccessFlag":false},{"@_fa": "true", "link": [{"@_fa": "true", "@ref": "self", "@href": "https://api.elsevier.com/content/abstract/scopus_id/0026993990"},{"@_fa": "true", "@ref": "author-affiliation", "@href": "https://api.elsevier.com/content/abstract/scopus_id/0026993990?field=author,affiliation"},{"@_fa": "true", "@ref": "scopus", "@href": "https://www.scopus.com/inward/record.uri?partnerID=HzOxMe3b&scp=0026993990&origin=inward"},{"@_fa": "true", "@ref": "scopus-citedby", "@href": "https://www.scopus.com/inward/citedby.uri?partnerID=HzOxMe3b&scp=0026993990&origin=inward"}],"prism:url":"https://api.elsevier.com/content/abstract/scopus_id/0026993990","dc:identifier":"SCOPUS_ID:0026993990","eid":"2-s2.0-0026993990","dc:title":"Introduction to ISDN, with applications to education","dc:creator":"Bell J.","prism:publicationName":"International Journal of Continuing Engineering Education and Life-Long Learning","prism:issn":"09574344","prism:volume":"2","prism:issueIdentifier":"2-4","prism:pageRange":"161-170","prism:coverDate":"1992-12-01","prism:coverDisplayDate":"1992","citedby-count":"0","affiliation": [{"@_fa": "true", "affilname":"IIS Technologies Inc","affiliation-city":"Mississauga","affiliation-country":"Canada"}],"prism:aggregationType":"Journal","subtype":"ar","subtypeDescription":"Article","source-id":"66262","openaccess":"0","openaccessFlag":false},{"@_fa": "true", "link": [{"@_fa": "true", "@ref": "self", "@href": "https://api.elsevier.com/content/abstract/scopus_id/34249839489"},{"@_fa": "true", "@ref": "author-affiliation", "@href": "https://api.elsevier.com/content/abstract/scopus_id/34249839489?field=author,affiliation"},{"@_fa": "true", "@ref": "scopus", "@href": "https://www.scopus.com/inward/record.uri?partnerID=HzOxMe3b&scp=34249839489&origin=inward"},{"@_fa": "true", "@ref": "scopus-citedby", "@href": "https://www.scopus.com/inward/citedby.uri?partnerID=HzOxMe3b&scp=34249839489&origin=inward"}],"prism:url":"https://api.elsevier.com/content/abstract/scopus_id/34249839489","dc:identifier":"SCOPUS_ID:34249839489","eid":"2-s2.0-34249839489","dc:title":"Building the open road: The NREN as a test-bed for the National Public Network","dc:creator":"Kapor M.","prism:publicationName":"Journal of Science Education and Technology","prism:issn":"10590145","prism:eIssn":"15731839","prism:volume":"1","prism:issueIdentifier":"4","prism:pageRange":"231-242","prism:coverDate":"1992-12-01","prism:coverDisplayDate":"December 1992","prism:doi":"10.1007/BF00694405","citedby-count":"1","affiliation": [{"@_fa": "true", "affilname":"Electronic Frontier Foundations","affiliation-city":"Washington","affiliation-country":"United States"}],"prism:aggregationType":"Journal","subtype":"ar","subtypeDescription":"Article","source-id":"23646","openaccess":"0","openaccessFlag":false},{"@_fa": "true", "link": [{"@_fa": "true", "@ref": "self", "@href": "https://api.elsevier.com/content/abstract/scopus_id/0346263913"},{"@_fa": "true", "@ref": "author-affiliation", "@href": "https://api.elsevier.com/content/abstract/scopus_id/0346263913?field=author,affiliation"},{"@_fa": "true", "@ref": "scopus", "@href": "https://www.scopus.com/inward/record.uri?partnerID=HzOxMe3b&scp=0346263913&origin=inward"},{"@_fa": "true", "@ref": "scopus-citedby", "@href": "https://www.scopus.com/inward/citedby.uri?partnerID=HzOxMe3b&scp=0346263913&origin=inward"}],"prism:url":"https://api.elsevier.com/content/abstract/scopus_id/0346263913","dc:identifier":"SCOPUS_ID:0346263913","eid":"2-s2.0-0346263913","dc:title":"Network-based electronic serials","dc:creator":"Bailey C.","prism:publicationName":"Information Technology and Libraries","prism:issn":"07309295","prism:volume":"11","prism:issueIdentifier":"1","prism:pageRange":"29-35","prism:coverDate":"1992-12-01","prism:coverDisplayDate":"1992","citedby-count":"15","prism:aggregationType":"Journal","subtype":"ar","subtypeDescription":"Article","source-id":"12709","openaccess":"0","openaccessFlag":false},{"@_fa": "true", "link": [{"@_fa": "true", "@ref": "self", "@href": "https://api.elsevier.com/content/abstract/scopus_id/77950081900"},{"@_fa": "true", "@ref": "author-affiliation", "@href": "https://api.elsevier.com/content/abstract/scopus_id/77950081900?field=author,affiliation"},{"@_fa": "true", "@ref": "scopus", "@href": "https://www.scopus.com/inward/record.uri?partnerID=HzOxMe3b&scp=77950081900&origin=inward"},{"@_fa": "true", "@ref": "scopus-citedby", "@href": "https://www.scopus.com/inward/citedby.uri?partnerID=HzOxMe3b&scp=77950081900&origin=inward"}],"prism:url":"https://api.elsevier.com/content/abstract/scopus_id/77950081900","dc:identifier":"SCOPUS_ID:77950081900","eid":"2-s2.0-77950081900","dc:title":"Scholarly communication in the network environment: Issues of principle, policy and practice","dc:creator":"Kahin B.","prism:publicationName":"Electronic Library","prism:issn":"02640473","prism:volume":"10","prism:issueIdentifier":"5","prism:pageRange":"275-284","prism:coverDate":"1992-12-01","prism:coverDisplayDate":"1992","citedby-count":"1","affiliation": [{"@_fa": "true", "affilname":"John F. Kennedy School of Government","affiliation-city":"Cambridge","affiliation-country":"United States"}],"prism:aggregationType":"Journal","subtype":"ar","subtypeDescription":"Article","source-id":"15420","openaccess":"0","openaccessFlag":false},{"@_fa": "true", "link": [{"@_fa": "true", "@ref": "self", "@href": "https://api.elsevier.com/content/abstract/scopus_id/85031713366"},{"@_fa": "true", "@ref": "author-affiliation", "@href": "https://api.elsevier.com/content/abstract/scopus_id/85031713366?field=author,affiliation"},{"@_fa": "true", "@ref": "scopus", "@href": "https://www.scopus.com/inward/record.uri?partnerID=HzOxMe3b&scp=85031713366&origin=inward"},{"@_fa": "true", "@ref": "scopus-citedby", "@href": "https://www.scopus.com/inward/citedby.uri?partnerID=HzOxMe3b&scp=85031713366&origin=inward"}],"prism:url":"https://api.elsevier.com/content/abstract/scopus_id/85031713366","dc:identifier":"SCOPUS_ID:85031713366","eid":"2-s2.0-85031713366","dc:title":"Network client server applications on the network","dc:creator":"Martin J.","prism:publicationName":"Proceedings ACM SIGUCCS User Services Conference","prism:isbn": [{"@_fa": "true", "$" :"0897915453"}],"prism:volume":"Part F129720","prism:pageRange":"159-162","prism:coverDate":"1992-12-01","prism:coverDisplayDate":"1 December 1992","prism:doi":"10.1145/143164.143276","citedby-count":"0","affiliation": [{"@_fa": "true", "affilname":"Ohio State University","affiliation-city":"Columbus","affiliation-country":"United States"}],"prism:aggregationType":"Conference Proceeding","subtype":"cp","subtypeDescription":"Conference Paper","source-id":"21100834887","openaccess":"0","openaccessFlag":false},{"@_fa": "true", "link": [{"@_fa": "true", "@ref": "self", "@href": "https://api.elsevier.com/content/abstract/scopus_id/0026459303"},{"@_fa": "true", "@ref": "author-affiliation", "@href": "https://api.elsevier.com/content/abstract/scopus_id/0026459303?field=author,affiliation"},{"@_fa": "true", "@ref": "scopus", "@href": "https://www.scopus.com/inward/record.uri?partnerID=HzOxMe3b&scp=0026459303&origin=inward"},{"@_fa": "true", "@ref": "scopus-citedby", "@href": "https://www.scopus.com/inward/citedby.uri?partnerID=HzOxMe3b&scp=0026459303&origin=inward"}],"prism:url":"https://api.elsevier.com/content/abstract/scopus_id/0026459303","dc:identifier":"SCOPUS_ID:0026459303","eid":"2-s2.0-0026459303","dc:title":"Transylvanian refugees in Hungary and the emergence of policy networks to cope with crisis","dc:creator":"Sik E.","prism:publicationName":"Journal of Refugee Studies","prism:issn":"09516328","prism:volume":"5","prism:issueIdentifier":"1","prism:pageRange":"16-28","prism:coverDate":"1992-12-01","prism:coverDisplayDate":"1992","prism:doi":"10.1093/jrs/5.1.16","citedby-count":"4","affiliation": [{"@_fa": "true", "affilname":"Magyar Tudományos Akadémia Politikai Tudományok Intézete","affiliation-city":"Budapest","affiliation-country":"Hungary"}],"prism:aggregationType":"Journal","subtype":"ar","subtypeDescription":"Article","source-id":"26363","openaccess":"0","openaccessFlag":false},{"@_fa": "true", "link": [{"@_fa": "true", "@ref": "self", "@href": "https://api.elsevier.com/content/abstract/scopus_id/0026962816"},{"@_fa": "true", "@ref": "author-affiliation", "@href": "https://api.elsevier.com/content/abstract/scopus_id/0026962816?field=author,affiliation"},{"@_fa": "true", "@ref": "scopus", "@href": "https://www.scopus.com/inward/record.uri?partnerID=HzOxMe3b&scp=0026962816&origin=inward"},{"@_fa": "true", "@ref": "scopus-citedby", "@href": "https://www.scopus.com/inward/citedby.uri?partnerID=HzOxMe3b&scp=0026962816&origin=inward"}],"prism:url":"https://api.elsevier.com/content/abstract/scopus_id/0026962816","dc:identifier":"SCOPUS_ID:0026962816","eid":"2-s2.0-0026962816","dc:title":"National Technological University's compressed video network","dc:creator":"McCall T.","prism:publicationName":"International Journal of Continuing Engineering Education and Life-Long Learning","prism:issn":"09574344","prism:volume":"2","prism:issueIdentifier":"2-4","prism:pageRange":"135-144","prism:coverDate":"1992-12-01","prism:coverDisplayDate":"1992","citedby-count":"0","affiliation": [{"@_fa": "true", "affilname":"National Technological University","affiliation-city":"Fort Collins","affiliation-country":"United States"}],"prism:aggregationType":"Journal","subtype":"ar","subtypeDescription":"Article","source-id":"66262","openaccess":"0","openaccessFlag":false},{"@_fa": "true", "link": [{"@_fa": "true", "@ref": "self", "@href": "https://api.elsevier.com/content/abstract/scopus_id/0027005735"},{"@_fa": "true", "@ref": "author-affiliation", "@href": "https://api.elsevier.com/content/abstract/scopus_id/0027005735?field=author,affiliation"},{"@_fa": "true", "@ref": "scopus", "@href": "https://www.scopus.com/inward/record.uri?partnerID=HzOxMe3b&scp=0027005735&origin=inward"},{"@_fa": "true", "@ref": "scopus-citedby", "@href": "https://www.scopus.com/inward/citedby.uri?partnerID=HzOxMe3b&scp=0027005735&origin=inward"}],"prism:url":"https://api.elsevier.com/content/abstract/scopus_id/0027005735","dc:identifier":"SCOPUS_ID:0027005735","eid":"2-s2.0-0027005735","dc:title":"Electronic networks and social change in science","dc:creator":"Doty P.","prism:publicationName":"Proceedings of the ASIS Annual Meeting","prism:issn":"00447870","prism:isbn": [{"@_fa": "true", "$" :"0938734695"}],"prism:volume":"29","prism:pageRange":"185-192","prism:coverDate":"1992-12-01","prism:coverDisplayDate":"1992","citedby-count":"3","prism:aggregationType":"Conference Proceeding","subtype":"cp","subtypeDescription":"Conference Paper","source-id":"31428","openaccess":"0","openaccessFlag":false},{"@_fa": "true", "link": [{"@_fa": "true", "@ref": "self", "@href": "https://api.elsevier.com/content/abstract/scopus_id/77954040367"},{"@_fa": "true", "@ref": "author-affiliation", "@href": "https://api.elsevier.com/content/abstract/scopus_id/77954040367?field=author,affiliation"},{"@_fa": "true", "@ref": "scopus", "@href": "https://www.scopus.com/inward/record.uri?partnerID=HzOxMe3b&scp=77954040367&origin=inward"},{"@_fa": "true", "@ref": "scopus-citedby", "@href": "https://www.scopus.com/inward/citedby.uri?partnerID=HzOxMe3b&scp=77954040367&origin=inward"}],"prism:url":"https://api.elsevier.com/content/abstract/scopus_id/77954040367","dc:identifier":"SCOPUS_ID:77954040367","eid":"2-s2.0-77954040367","dc:title":"Network interactions and packaged software: A win-win opportunity","dc:creator":"Regan T.","prism:publicationName":"Proceedings - Frontiers in Education Conference, FIE","prism:issn":"15394565","prism:isbn": [{"@_fa": "true", "$" :"0780308328"},{"@_fa": "true", "$" :"9780780308329"}],"prism:pageRange":"625-628","prism:coverDate":"1992-12-01","prism:coverDisplayDate":"1992","prism:doi":"10.1109/FIE.1992.683474","citedby-count":"1","affiliation": [{"@_fa": "true", "affilname":"University of Maryland","affiliation-city":"College Park","affiliation-country":"United States"}],"prism:aggregationType":"Conference Proceeding","subtype":"cp","subtypeDescription":"Conference Paper","article-number":"683474","source-id":"16719","openaccess":"0","openaccessFlag":false},{"@_fa": "true", "link": [{"@_fa": "true", "@ref": "self", "@href": "https://api.elsevier.com/content/abstract/scopus_id/21144462391"},{"@_fa": "true", "@ref": "author-affiliation", "@href": "https://api.elsevier.com/content/abstract/scopus_id/21144462391?field=author,affiliation"},{"@_fa": "true", "@ref": "scopus", "@href": "https://www.scopus.com/inward/record.uri?partnerID=HzOxMe3b&scp=21144462391&origin=inward"},{"@_fa": "true", "@ref": "scopus-citedby", "@href": "https://www.scopus.com/inward/citedby.uri?partnerID=HzOxMe3b&scp=21144462391&origin=inward"}],"prism:url":"https://api.elsevier.com/content/abstract/scopus_id/21144462391","dc:identifier":"SCOPUS_ID:21144462391","eid":"2-s2.0-21144462391","dc:title":"Community organization and gang policy response","dc:creator":"Curry G.","prism:publicationName":"Journal of Quantitative Criminology","prism:issn":"07484518","prism:eIssn":"15737799","prism:volume":"8","prism:issueIdentifier":"4","prism:pageRange":"357-374","prism:coverDate":"1992-12-01","prism:coverDisplayDate":"December 1992","prism:doi":"10.1007/BF01093640","citedby-count":"16","affiliation": [{"@_fa": "true", "affilname":"West Virginia University","affiliation-city":"Morgantown","affiliation-country":"United States"}],"prism:aggregationType":"Journal","subtype":"ar","subtypeDescription":"Article","source-id":"20377","openaccess":"0","openaccessFlag":false},{"@_fa": "true", "link": [{"@_fa": "true", "@ref": "self", "@href": "https://api.elsevier.com/content/abstract/scopus_id/0026985385"},{"@_fa": "true", "@ref": "author-affiliation", "@href": "https://api.elsevier.com/content/abstract/scopus_id/0026985385?field=author,affiliation"},{"@_fa": "true", "@ref": "scopus", "@href": "https://www.scopus.com/inward/record.uri?partnerID=HzOxMe3b&scp=0026985385&origin=inward"},{"@_fa": "true", "@ref": "scopus-citedby", "@href": "https://www.scopus.com/inward/citedby.uri?partnerID=HzOxMe3b&scp=0026985385&origin=inward"}],"prism:url":"https://api.elsevier.com/content/abstract/scopus_id/0026985385","dc:identifier":"SCOPUS_ID:0026985385","eid":"2-s2.0-0026985385","dc:title":"Exploring the nature of urban traffic congestion: concepts, parameters, theories and models","dc:creator":"Taylor M.","prism:publicationName":"Proceedings - Conference of the Australian Road Research Board","prism:issn":"05721431","prism:volume":"16","prism:issueIdentifier":"pt 5","prism:pageRange":"83-105","prism:coverDate":"1992-12-01","prism:coverDisplayDate":"1992","citedby-count":"19","prism:aggregationType":"Conference Proceeding","subtype":"cp","subtypeDescription":"Conference Paper","source-id":"26432","openaccess":"0","openaccessFlag":false},{"@_fa": "true", "link": [{"@_fa": "true", "@ref": "self", "@href": "https://api.elsevier.com/content/abstract/scopus_id/77954044923"},{"@_fa": "true", "@ref": "author-affiliation", "@href": "https://api.elsevier.com/content/abstract/scopus_id/77954044923?field=author,affiliation"},{"@_fa": "true", "@ref": "scopus", "@href": "https://www.scopus.com/inward/record.uri?partnerID=HzOxMe3b&scp=77954044923&origin=inward"},{"@_fa": "true", "@ref": "scopus-citedby", "@href": "https://www.scopus.com/inward/citedby.uri?partnerID=HzOxMe3b&scp=77954044923&origin=inward"}],"prism:url":"https://api.elsevier.com/content/abstract/scopus_id/77954044923","dc:identifier":"SCOPUS_ID:77954044923","eid":"2-s2.0-77954044923","dc:title":"Development of an information monitoring system for a distributed continuing education network","dc:creator":"Singh U.","prism:publicationName":"Proceedings - Frontiers in Education Conference, FIE","prism:issn":"15394565","prism:isbn": [{"@_fa": "true", "$" :"0780308328"},{"@_fa": "true", "$" :"9780780308329"}],"prism:pageRange":"344-349","prism:coverDate":"1992-12-01","prism:coverDisplayDate":"1992","prism:doi":"10.1109/FIE.1992.683415","citedby-count":"0","affiliation": [{"@_fa": "true", "affilname":"National Institute of Information Technology","affiliation-city":null,"affiliation-country":"India"}],"prism:aggregationType":"Conference Proceeding","subtype":"cp","subtypeDescription":"Conference Paper","article-number":"683415","source-id":"16719","openaccess":"0","openaccessFlag":false},{"@_fa": "true", "link": [{"@_fa": "true", "@ref": "self", "@href": "https://api.elsevier.com/content/abstract/scopus_id/34249838743"},{"@_fa": "true", "@ref": "author-affiliation", "@href": "https://api.elsevier.com/content/abstract/scopus_id/34249838743?field=author,affiliation"},{"@_fa": "true", "@ref": "scopus", "@href": "https://www.scopus.com/inward/record.uri?partnerID=HzOxMe3b&scp=34249838743&origin=inward"},{"@_fa": "true", "@ref": "scopus-citedby", "@href": "https://www.scopus.com/inward/citedby.uri?partnerID=HzOxMe3b&scp=34249838743&origin=inward"}],"prism:url":"https://api.elsevier.com/content/abstract/scopus_id/34249838743","dc:identifier":"SCOPUS_ID:34249838743","eid":"2-s2.0-34249838743","dc:title":"Developing networks of grass-roots science curriculum action","dc:creator":"McNaught C.","prism:publicationName":"Research in Science Education","prism:issn":"0157244X","prism:eIssn":"15731898","prism:volume":"22","prism:issueIdentifier":"1","prism:pageRange":"291-298","prism:coverDate":"1992-12-01","prism:coverDisplayDate":"December 1992","prism:doi":"10.1007/BF02356908","citedby-count":"0","affiliation": [{"@_fa": "true", "affilname":"University of Melbourne","affiliation-city":"Parkville","affiliation-country":"Australia"}],"prism:aggregationType":"Journal","subtype":"ar","subtypeDescription":"Article","source-id":"97030","openaccess":"0","openaccessFlag":false},{"@_fa": "true", "link": [{"@_fa": "true", "@ref": "self", "@href": "https://api.elsevier.com/content/abstract/scopus_id/0026834479"},{"@_fa": "true", "@ref": "author-affiliation", "@href": "https://api.elsevier.com/content/abstract/scopus_id/0026834479?field=author,affiliation"},{"@_fa": "true", "@ref": "scopus", "@href": "https://www.scopus.com/inward/record.uri?partnerID=HzOxMe3b&scp=0026834479&origin=inward"},{"@_fa": "true", "@ref": "scopus-citedby", "@href": "https://www.scopus.com/inward/citedby.uri?partnerID=HzOxMe3b&scp=0026834479&origin=inward"}],"prism:url":"https://api.elsevier.com/content/abstract/scopus_id/0026834479","dc:identifier":"SCOPUS_ID:0026834479","eid":"2-s2.0-0026834479","dc:title":"The Florida bioethics network","dc:creator":"Moseley R.","prism:publicationName":"Cambridge Quarterly of Healthcare Ethics","prism:issn":"09631801","prism:eIssn":"14692147","prism:volume":"1","prism:issueIdentifier":"2","prism:pageRange":"180-181","prism:coverDate":"1992-12-01","prism:coverDisplayDate":"1992","prism:doi":"10.1017/S0963180100000311","pii":"S0963180100000311","citedby-count":"1","pubmed-id":"11643074","prism:aggregationType":"Journal","subtype":"no","subtypeDescription":"Note","source-id":"29075","openaccess":"1","openaccessFlag":true},{"@_fa": "true", "link": [{"@_fa": "true", "@ref": "self", "@href": "https://api.elsevier.com/content/abstract/scopus_id/0026979114"},{"@_fa": "true", "@ref": "author-affiliation", "@href": "https://api.elsevier.com/content/abstract/scopus_id/0026979114?field=author,affiliation"},{"@_fa": "true", "@ref": "scopus", "@href": "https://www.scopus.com/inward/record.uri?partnerID=HzOxMe3b&scp=0026979114&origin=inward"},{"@_fa": "true", "@ref": "scopus-citedby", "@href": "https://www.scopus.com/inward/citedby.uri?partnerID=HzOxMe3b&scp=0026979114&origin=inward"}],"prism:url":"https://api.elsevier.com/content/abstract/scopus_id/0026979114","dc:identifier":"SCOPUS_ID:0026979114","eid":"2-s2.0-0026979114","dc:title":"Moving towards total management of Melbourne metropolitan traffic network - a technical perspective","dc:creator":"Sin F.","prism:publicationName":"Proceedings - Conference of the Australian Road Research Board","prism:issn":"05721431","prism:volume":"16","prism:issueIdentifier":"pt 5","prism:pageRange":"197-212","prism:coverDate":"1992-12-01","prism:coverDisplayDate":"1992","citedby-count":"0","prism:aggregationType":"Conference Proceeding","subtype":"cp","subtypeDescription":"Conference Paper","source-id":"26432","openaccess":"0","openaccessFlag":false},{"@_fa": "true", "link": [{"@_fa": "true", "@ref": "self", "@href": "https://api.elsevier.com/content/abstract/scopus_id/0027093695"},{"@_fa": "true", "@ref": "author-affiliation", "@href": "https://api.elsevier.com/content/abstract/scopus_id/0027093695?field=author,affiliation"},{"@_fa": "true", "@ref": "scopus", "@href": "https://www.scopus.com/inward/record.uri?partnerID=HzOxMe3b&scp=0027093695&origin=inward"},{"@_fa": "true", "@ref": "scopus-citedby", "@href": "https://www.scopus.com/inward/citedby.uri?partnerID=HzOxMe3b&scp=0027093695&origin=inward"}],"prism:url":"https://api.elsevier.com/content/abstract/scopus_id/0027093695","dc:identifier":"SCOPUS_ID:0027093695","eid":"2-s2.0-0027093695","dc:title":"Design, realization and evaluation by gas distribution network conductors of their own man-machine interface","dc:creator":"Kolski C.","prism:publicationName":"Travail Humain","prism:issn":"00411868","prism:volume":"55","prism:issueIdentifier":"4","prism:pageRange":"371-388","prism:coverDate":"1992-12-01","prism:coverDisplayDate":"1992","citedby-count":"0","prism:aggregationType":"Journal","subtype":"re","subtypeDescription":"Review","source-id":"15355","openaccess":"0","openaccessFlag":false},{"@_fa": "true", "link": [{"@_fa": "true", "@ref": "self", "@href": "https://api.elsevier.com/content/abstract/scopus_id/0026836618"},{"@_fa": "true", "@ref": "author-affiliation", "@href": "https://api.elsevier.com/content/abstract/scopus_id/0026836618?field=author,affiliation"},{"@_fa": "true", "@ref": "scopus", "@href": "https://www.scopus.com/inward/record.uri?partnerID=HzOxMe3b&scp=0026836618&origin=inward"},{"@_fa": "true", "@ref": "scopus-citedby", "@href": "https://www.scopus.com/inward/citedby.uri?partnerID=HzOxMe3b&scp=0026836618&origin=inward"}],"prism:url":"https://api.elsevier.com/content/abstract/scopus_id/0026836618","dc:identifier":"SCOPUS_ID:0026836618","eid":"2-s2.0-0026836618","dc:title":"The Maryland institutional ethics committee resource network","dc:creator":"Hoffmann D.","prism:publicationName":"Cambridge Quarterly of Healthcare Ethics","prism:issn":"09631801","prism:eIssn":"14692147","prism:volume":"1","prism:issueIdentifier":"2","prism:pageRange":"180","prism:coverDate":"1992-12-01","prism:coverDisplayDate":"1992","prism:doi":"10.1017/S096318010000030X","pii":"S096318010000030X","citedby-count":"1","affiliation": [{"@_fa": "true", "affilname":"University of Maryland","affiliation-city":"College Park","affiliation-country":"United States"}],"pubmed-id":"11643073","prism:aggregationType":"Journal","subtype":"no","subtypeDescription":"Note","source-id":"29075","openaccess":"1","openaccessFlag":true},{"@_fa": "true", "link": [{"@_fa": "true", "@ref": "self", "@href": "https://api.elsevier.com/content/abstract/scopus_id/85031743522"},{"@_fa": "true", "@ref": "author-affiliation", "@href": "https://api.elsevier.com/content/abstract/scopus_id/85031743522?field=author,affiliation"},{"@_fa": "true", "@ref": "scopus", "@href": "https://www.scopus.com/inward/record.uri?partnerID=HzOxMe3b&scp=85031743522&origin=inward"},{"@_fa": "true", "@ref": "scopus-citedby", "@href": "https://www.scopus.com/inward/citedby.uri?partnerID=HzOxMe3b&scp=85031743522&origin=inward"}],"prism:url":"https://api.elsevier.com/content/abstract/scopus_id/85031743522","dc:identifier":"SCOPUS_ID:85031743522","eid":"2-s2.0-85031743522","dc:title":"There's gold in them thar networks! Or searching for treasure in all the wrong places","dc:creator":"Martin J.","prism:publicationName":"Proceedings ACM SIGUCCS User Services Conference","prism:isbn": [{"@_fa": "true", "$" :"0897915453"}],"prism:volume":"Part F129720","prism:pageRange":"141-157","prism:coverDate":"1992-12-01","prism:coverDisplayDate":"1 December 1992","prism:doi":"10.1145/143164.143271","citedby-count":"0","affiliation": [{"@_fa": "true", "affilname":"Ohio State University","affiliation-city":"Columbus","affiliation-country":"United States"}],"prism:aggregationType":"Conference Proceeding","subtype":"cp","subtypeDescription":"Conference Paper","source-id":"21100834887","openaccess":"0","openaccessFlag":false},{"@_fa": "true", "link": [{"@_fa": "true", "@ref": "self", "@href": "https://api.elsevier.com/content/abstract/scopus_id/0026991291"},{"@_fa": "true", "@ref": "author-affiliation", "@href": "https://api.elsevier.com/content/abstract/scopus_id/0026991291?field=author,affiliation"},{"@_fa": "true", "@ref": "scopus", "@href": "https://www.scopus.com/inward/record.uri?partnerID=HzOxMe3b&scp=0026991291&origin=inward"},{"@_fa": "true", "@ref": "scopus-citedby", "@href": "https://www.scopus.com/inward/citedby.uri?partnerID=HzOxMe3b&scp=0026991291&origin=inward"}],"prism:url":"https://api.elsevier.com/content/abstract/scopus_id/0026991291","dc:identifier":"SCOPUS_ID:0026991291","eid":"2-s2.0-0026991291","dc:title":"Examination of the utility of non-linear dynamics techniques for analyzing human information behaviors","dc:creator":"Snyder H.","prism:publicationName":"Proceedings of the ASIS Annual Meeting","prism:issn":"00447870","prism:isbn": [{"@_fa": "true", "$" :"0938734695"}],"prism:volume":"29","prism:pageRange":"98-100","prism:coverDate":"1992-12-01","prism:coverDisplayDate":"1992","citedby-count":"1","prism:aggregationType":"Conference Proceeding","subtype":"cp","subtypeDescription":"Conference Paper","source-id":"31428","openaccess":"0","openaccessFlag":false},{"@_fa": "true", "link": [{"@_fa": "true", "@ref": "self", "@href": "https://api.elsevier.com/content/abstract/scopus_id/0026880390"},{"@_fa": "true", "@ref": "author-affiliation", "@href": "https://api.elsevier.com/content/abstract/scopus_id/0026880390?field=author,affiliation"},{"@_fa": "true", "@ref": "scopus", "@href": "https://www.scopus.com/inward/record.uri?partnerID=HzOxMe3b&scp=0026880390&origin=inward"},{"@_fa": "true", "@ref": "scopus-citedby", "@href": "https://www.scopus.com/inward/citedby.uri?partnerID=HzOxMe3b&scp=0026880390&origin=inward"}],"prism:url":"https://api.elsevier.com/content/abstract/scopus_id/0026880390","dc:identifier":"SCOPUS_ID:0026880390","eid":"2-s2.0-0026880390","dc:title":"Medical ethics resource network of michigan: Development of a statewide ethics network","dc:creator":"Brody H.","prism:publicationName":"Cambridge Quarterly of Healthcare Ethics","prism:issn":"09631801","prism:eIssn":"14692147","prism:volume":"1","prism:issueIdentifier":"3","prism:pageRange":"271-276","prism:coverDate":"1992-12-01","prism:coverDisplayDate":"1992","prism:doi":"10.1017/S0963180100000475","pii":"S0963180100000475","citedby-count":"3","pubmed-id":"11651299","prism:aggregationType":"Journal","subtype":"sh","subtypeDescription":"Short Survey","source-id":"29075","openaccess":"1","openaccessFlag":true}]}}