{"search-results":{"opensearch:totalResults":"479","opensearch:startIndex":"0","opensearch:itemsPerPage":"25","opensearch:Query":{"@role": "request", "@searchTerms": "TITLE-ABS-KEY(\"network\") AND SUBJAREA(SOCI) AND PUBYEAR = 1985", "@startPage": "0"},"link": [{"@_fa": "true", "@ref": "self", "@href": "https://api.elsevier.com/content/search/scopus?start=0&count=25&query=TITLE-ABS-KEY%28%22network%22%29+AND+SUBJAREA%28SOCI%29+AND+PUBYEAR+%3D+1985&apiKey=27d953b4b546791964ebeb768d13e61f&view=STANDARD", "@type": "application/json"},{"@_fa": "true", "@ref": "first", "@href": "https://api.elsevier.com/content/search/scopus?start=0&count=25&query=TITLE-ABS-KEY%28%22network%22%29+AND+SUBJAREA%28SOCI%29+AND+PUBYEAR+%3D+1985&apiKey=27d953b4b546791964ebeb768d13e61f&view=STANDARD", "@type": "application/json"},{"@_fa": "true", "@ref": "next", "@href": "https://api.elsevier.com/content/search/scopus?start=25&count=25&query=TITLE-ABS-KEY%28%22network%22%29+AND+SUBJAREA%28SOCI%29+AND+PUBYEAR+%3D+1985&apiKey=27d953b4b546791964ebeb768d13e61f&view=STANDARD", "@type": "application/json"},{"@_fa": "true", "@ref": "last", "@href": "https://api.elsevier.com/content/search/scopus?start=454&count=25&query=TITLE-ABS-KEY%28%22network%22%29+AND+SUBJAREA%28SOCI%29+AND+PUBYEAR+%3D+1985&apiKey=27d953b4b546791964ebeb768d13e61f&view=STANDARD", "@type": "application/json"}],"entry": [{"@_fa": "true", "link": [{"@_fa": "true", "@ref": "self", "@href": "https://api.elsevier.com/content/abstract/scopus_id/7144257419"},{"@_fa": "true", "@ref": "author-affiliation", "@href": "https://api.elsevier.com/content/abstract/scopus_id/7144257419?field=author,affiliation"},{"@_fa": "true", "@ref": "scopus", "@href": "https://www.scopus.com/inward/record.uri?partnerID=HzOxMe3b&scp=7144257419&origin=inward"},{"@_fa": "true", "@ref": "scopus-citedby", "@href": "https://www.scopus.com/inward/citedby.uri?partnerID=HzOxMe3b&scp=7144257419&origin=inward"}],"prism:url":"https://api.elsevier.com/content/abstract/scopus_id/7144257419","dc:identifier":"SCOPUS_ID:7144257419","eid":"2-s2.0-7144257419","dc:title":"Dating and the single-parent:Communication in the social network","dc:creator":"Petronio S.","prism:publicationName":"Journal of Divorce","prism:issn":"01474022","prism:volume":"9","prism:issueIdentifier":"2","prism:pageRange":"83-105","prism:coverDate":"1985-12-17","prism:coverDisplayDate":"17 December 1985","prism:doi":"10.1300/J279v09n02_06","citedby-count":"6","affiliation": [{"@_fa": "true", "affilname":"University of Minnesota Twin Cities","affiliation-city":"Minneapolis","affiliation-country":"United States"}],"prism:aggregationType":"Journal","subtype":"ar","subtypeDescription":"Article","source-id":"66559","openaccess":"0","openaccessFlag":false},{"@_fa": "true", "link": [{"@_fa": "true", "@ref": "self", "@href": "https://api.elsevier.com/content/abstract/scopus_id/0022326799"},{"@_fa": "true", "@ref": "author-affiliation", "@href": "https://api.elsevier.com/content/abstract/scopus_id/0022326799?field=author,affiliation"},{"@_fa": "true", "@ref": "scopus", "@href": "https://www.scopus.com/inward/record.uri?partnerID=HzOxMe3b&scp=0022326799&origin=inward"},{"@_fa": "true", "@ref": "scopus-citedby", "@href": "https://www.scopus.com/inward/citedby.uri?partnerID=HzOxMe3b&scp=0022326799&origin=inward"}],"prism:url":"https://api.elsevier.com/content/abstract/scopus_id/0022326799","dc:identifier":"SCOPUS_ID:0022326799","eid":"2-s2.0-0022326799","dc:title":"USING A PERSONAL COMPUTER IN TEACHING ELECTRIC NETWORK THEORY.","dc:creator":"Blackwell W.","prism:publicationName":"Proceedings - Frontiers in Education Conference","prism:issn":"01905848","prism:pageRange":"456-461","prism:coverDate":"1985-12-01","prism:coverDisplayDate":"1985","citedby-count":"0","affiliation": [{"@_fa": "true", "affilname":"Virginia Polytechnic Institute and State University","affiliation-city":"Blacksburg","affiliation-country":"United States"}],"prism:aggregationType":"Conference Proceeding","subtype":"cp","subtypeDescription":"Conference Paper","source-id":"16719","openaccess":"0","openaccessFlag":false},{"@_fa": "true", "link": [{"@_fa": "true", "@ref": "self", "@href": "https://api.elsevier.com/content/abstract/scopus_id/0022195083"},{"@_fa": "true", "@ref": "author-affiliation", "@href": "https://api.elsevier.com/content/abstract/scopus_id/0022195083?field=author,affiliation"},{"@_fa": "true", "@ref": "scopus", "@href": "https://www.scopus.com/inward/record.uri?partnerID=HzOxMe3b&scp=0022195083&origin=inward"},{"@_fa": "true", "@ref": "scopus-citedby", "@href": "https://www.scopus.com/inward/citedby.uri?partnerID=HzOxMe3b&scp=0022195083&origin=inward"}],"prism:url":"https://api.elsevier.com/content/abstract/scopus_id/0022195083","dc:identifier":"SCOPUS_ID:0022195083","eid":"2-s2.0-0022195083","dc:title":"ELECTRONIC EMOTION: A CONTENT ANALYSIS AND ROLE ANALYSIS OF A COMPUTER-MEDIATED COMMUNICATION NETWORK.","dc:creator":"Love G.","prism:publicationName":"Proceedings of the ASIS Annual Meeting","prism:issn":"00447870","prism:isbn": [{"@_fa": "true", "$" :"0867291761"}],"prism:volume":"22","prism:pageRange":"266-270","prism:coverDate":"1985-12-01","prism:coverDisplayDate":"1985","citedby-count":"2","affiliation": [{"@_fa": "true", "affilname":"University of Southern California","affiliation-city":"Los Angeles","affiliation-country":"United States"}],"prism:aggregationType":"Conference Proceeding","subtype":"cp","subtypeDescription":"Conference Paper","source-id":"31428","openaccess":"0","openaccessFlag":false},{"@_fa": "true", "link": [{"@_fa": "true", "@ref": "self", "@href": "https://api.elsevier.com/content/abstract/scopus_id/0022212094"},{"@_fa": "true", "@ref": "author-affiliation", "@href": "https://api.elsevier.com/content/abstract/scopus_id/0022212094?field=author,affiliation"},{"@_fa": "true", "@ref": "scopus", "@href": "https://www.scopus.com/inward/record.uri?partnerID=HzOxMe3b&scp=0022212094&origin=inward"},{"@_fa": "true", "@ref": "scopus-citedby", "@href": "https://www.scopus.com/inward/citedby.uri?partnerID=HzOxMe3b&scp=0022212094&origin=inward"}],"prism:url":"https://api.elsevier.com/content/abstract/scopus_id/0022212094","dc:identifier":"SCOPUS_ID:0022212094","eid":"2-s2.0-0022212094","dc:title":"ARTIFICIAL INTELLIGENCE TECHNIQUES IN THE DETECTION AND DIAGNOSIS OF NETWORK PROBLEMS.","dc:creator":"Cosic C.","prism:publicationName":"Proceedings of the ASIS Annual Meeting","prism:issn":"00447870","prism:isbn": [{"@_fa": "true", "$" :"0867291761"}],"prism:volume":"22","prism:pageRange":"297-300","prism:coverDate":"1985-12-01","prism:coverDisplayDate":"1985","citedby-count":"0","prism:aggregationType":"Conference Proceeding","subtype":"cp","subtypeDescription":"Conference Paper","source-id":"31428","openaccess":"0","openaccessFlag":false},{"@_fa": "true", "link": [{"@_fa": "true", "@ref": "self", "@href": "https://api.elsevier.com/content/abstract/scopus_id/84928222200"},{"@_fa": "true", "@ref": "author-affiliation", "@href": "https://api.elsevier.com/content/abstract/scopus_id/84928222200?field=author,affiliation"},{"@_fa": "true", "@ref": "scopus", "@href": "https://www.scopus.com/inward/record.uri?partnerID=HzOxMe3b&scp=84928222200&origin=inward"},{"@_fa": "true", "@ref": "scopus-citedby", "@href": "https://www.scopus.com/inward/citedby.uri?partnerID=HzOxMe3b&scp=84928222200&origin=inward"}],"prism:url":"https://api.elsevier.com/content/abstract/scopus_id/84928222200","dc:identifier":"SCOPUS_ID:84928222200","eid":"2-s2.0-84928222200","dc:title":"Is semantics perception-driven or network-driven?","dc:creator":"Lehrer A.","prism:publicationName":"Australian Journal of Linguistics","prism:issn":"07268602","prism:eIssn":"14692996","prism:volume":"5","prism:issueIdentifier":"2","prism:pageRange":"197-207","prism:coverDate":"1985-12-01","prism:coverDisplayDate":"1 December 1985","prism:doi":"10.1080/07268608508599344","citedby-count":"1","prism:aggregationType":"Journal","subtype":"ar","subtypeDescription":"Article","source-id":"5700189174","openaccess":"0","openaccessFlag":false},{"@_fa": "true", "link": [{"@_fa": "true", "@ref": "self", "@href": "https://api.elsevier.com/content/abstract/scopus_id/55249095168"},{"@_fa": "true", "@ref": "author-affiliation", "@href": "https://api.elsevier.com/content/abstract/scopus_id/55249095168?field=author,affiliation"},{"@_fa": "true", "@ref": "scopus", "@href": "https://www.scopus.com/inward/record.uri?partnerID=HzOxMe3b&scp=55249095168&origin=inward"},{"@_fa": "true", "@ref": "scopus-citedby", "@href": "https://www.scopus.com/inward/citedby.uri?partnerID=HzOxMe3b&scp=55249095168&origin=inward"}],"prism:url":"https://api.elsevier.com/content/abstract/scopus_id/55249095168","dc:identifier":"SCOPUS_ID:55249095168","eid":"2-s2.0-55249095168","dc:title":"The diffusion process of knowledge in the specialty based on citation networks","dc:creator":"Saito Y.","prism:publicationName":"Library and Information Science","prism:issn":"03734447","prism:volume":"1985","prism:issueIdentifier":"23","prism:pageRange":"1-10","prism:coverDate":"1985-12-01","prism:coverDisplayDate":"1985","citedby-count":"0","prism:aggregationType":"Journal","subtype":"ar","subtypeDescription":"Article","source-id":"13970","openaccess":"0","openaccessFlag":false},{"@_fa": "true", "link": [{"@_fa": "true", "@ref": "self", "@href": "https://api.elsevier.com/content/abstract/scopus_id/34248688336"},{"@_fa": "true", "@ref": "author-affiliation", "@href": "https://api.elsevier.com/content/abstract/scopus_id/34248688336?field=author,affiliation"},{"@_fa": "true", "@ref": "scopus", "@href": "https://www.scopus.com/inward/record.uri?partnerID=HzOxMe3b&scp=34248688336&origin=inward"},{"@_fa": "true", "@ref": "scopus-citedby", "@href": "https://www.scopus.com/inward/citedby.uri?partnerID=HzOxMe3b&scp=34248688336&origin=inward"}],"prism:url":"https://api.elsevier.com/content/abstract/scopus_id/34248688336","dc:identifier":"SCOPUS_ID:34248688336","eid":"2-s2.0-34248688336","dc:title":"Negative incentive steering in a policy network","dc:creator":"Van Vught F.","prism:publicationName":"Higher Education","prism:issn":"00181560","prism:eIssn":"1573174X","prism:volume":"14","prism:issueIdentifier":"6","prism:pageRange":"593-616","prism:coverDate":"1985-12-01","prism:coverDisplayDate":"December 1985","prism:doi":"10.1007/BF00136500","citedby-count":"6","affiliation": [{"@_fa": "true", "affilname":"University of Twente","affiliation-city":"Enschede","affiliation-country":"Netherlands"}],"prism:aggregationType":"Journal","subtype":"ar","subtypeDescription":"Article","source-id":"18787","openaccess":"0","openaccessFlag":false},{"@_fa": "true", "link": [{"@_fa": "true", "@ref": "self", "@href": "https://api.elsevier.com/content/abstract/scopus_id/3743082515"},{"@_fa": "true", "@ref": "author-affiliation", "@href": "https://api.elsevier.com/content/abstract/scopus_id/3743082515?field=author,affiliation"},{"@_fa": "true", "@ref": "scopus", "@href": "https://www.scopus.com/inward/record.uri?partnerID=HzOxMe3b&scp=3743082515&origin=inward"},{"@_fa": "true", "@ref": "scopus-citedby", "@href": "https://www.scopus.com/inward/citedby.uri?partnerID=HzOxMe3b&scp=3743082515&origin=inward"}],"prism:url":"https://api.elsevier.com/content/abstract/scopus_id/3743082515","dc:identifier":"SCOPUS_ID:3743082515","eid":"2-s2.0-3743082515","dc:title":"Cooperative education: Developing and maintaining a Co-Op employer network","dc:creator":"Mitchell F.","prism:publicationName":"Journal of Chemical Education","prism:issn":"00219584","prism:volume":"62","prism:issueIdentifier":"5","prism:pageRange":"403-404","prism:coverDate":"1985-12-01","prism:coverDisplayDate":"1985","citedby-count":"1","prism:aggregationType":"Journal","subtype":"re","subtypeDescription":"Review","source-id":"24169","openaccess":"0","openaccessFlag":false},{"@_fa": "true", "link": [{"@_fa": "true", "@ref": "self", "@href": "https://api.elsevier.com/content/abstract/scopus_id/0041039497"},{"@_fa": "true", "@ref": "author-affiliation", "@href": "https://api.elsevier.com/content/abstract/scopus_id/0041039497?field=author,affiliation"},{"@_fa": "true", "@ref": "scopus", "@href": "https://www.scopus.com/inward/record.uri?partnerID=HzOxMe3b&scp=0041039497&origin=inward"},{"@_fa": "true", "@ref": "scopus-citedby", "@href": "https://www.scopus.com/inward/citedby.uri?partnerID=HzOxMe3b&scp=0041039497&origin=inward"}],"prism:url":"https://api.elsevier.com/content/abstract/scopus_id/0041039497","dc:identifier":"SCOPUS_ID:0041039497","eid":"2-s2.0-0041039497","dc:title":"The physical organic community in the United States, 1925-50: An emerging network","dc:creator":"Gortler L.","prism:publicationName":"Journal of Chemical Education","prism:issn":"00219584","prism:volume":"62","prism:issueIdentifier":"9","prism:pageRange":"752","prism:coverDate":"1985-12-01","prism:coverDisplayDate":"1985","citedby-count":"3","affiliation": [{"@_fa": "true", "affilname":"Brooklyn College","affiliation-city":"New York","affiliation-country":"United States"}],"prism:aggregationType":"Journal","subtype":"re","subtypeDescription":"Review","source-id":"24169","openaccess":"0","openaccessFlag":false},{"@_fa": "true", "link": [{"@_fa": "true", "@ref": "self", "@href": "https://api.elsevier.com/content/abstract/scopus_id/0022210219"},{"@_fa": "true", "@ref": "author-affiliation", "@href": "https://api.elsevier.com/content/abstract/scopus_id/0022210219?field=author,affiliation"},{"@_fa": "true", "@ref": "scopus", "@href": "https://www.scopus.com/inward/record.uri?partnerID=HzOxMe3b&scp=0022210219&origin=inward"},{"@_fa": "true", "@ref": "scopus-citedby", "@href": "https://www.scopus.com/inward/citedby.uri?partnerID=HzOxMe3b&scp=0022210219&origin=inward"}],"prism:url":"https://api.elsevier.com/content/abstract/scopus_id/0022210219","dc:identifier":"SCOPUS_ID:0022210219","eid":"2-s2.0-0022210219","dc:title":"ADVOCNET: A NETWORK FOR LINKING ADULT, VOCATIONAL, AND TECHNICAL EDUCATORS BY ELECTRONIC MAIL.","dc:creator":"Budke W.","prism:publicationName":"Proceedings of the ASIS Annual Meeting","prism:issn":"00447870","prism:isbn": [{"@_fa": "true", "$" :"0867291761"}],"prism:volume":"22","prism:pageRange":"27-31","prism:coverDate":"1985-12-01","prism:coverDisplayDate":"1985","citedby-count":"0","prism:aggregationType":"Conference Proceeding","subtype":"cp","subtypeDescription":"Conference Paper","source-id":"31428","openaccess":"0","openaccessFlag":false},{"@_fa": "true", "link": [{"@_fa": "true", "@ref": "self", "@href": "https://api.elsevier.com/content/abstract/scopus_id/77954258828"},{"@_fa": "true", "@ref": "author-affiliation", "@href": "https://api.elsevier.com/content/abstract/scopus_id/77954258828?field=author,affiliation"},{"@_fa": "true", "@ref": "scopus", "@href": "https://www.scopus.com/inward/record.uri?partnerID=HzOxMe3b&scp=77954258828&origin=inward"},{"@_fa": "true", "@ref": "scopus-citedby", "@href": "https://www.scopus.com/inward/citedby.uri?partnerID=HzOxMe3b&scp=77954258828&origin=inward"}],"prism:url":"https://api.elsevier.com/content/abstract/scopus_id/77954258828","dc:identifier":"SCOPUS_ID:77954258828","eid":"2-s2.0-77954258828","dc:title":"A beta binomial network tv exposure model using limited data","dc:creator":"Leckenby J.","prism:publicationName":"Journal of Advertising","prism:issn":"00913367","prism:volume":"14","prism:issueIdentifier":"3","prism:pageRange":"25-31","prism:coverDate":"1985-12-01","prism:coverDisplayDate":"1 December 1985","prism:doi":"10.1080/00913367.1985.10672954","citedby-count":"15","prism:aggregationType":"Journal","subtype":"ar","subtypeDescription":"Article","source-id":"28179","openaccess":"0","openaccessFlag":false},{"@_fa": "true", "link": [{"@_fa": "true", "@ref": "self", "@href": "https://api.elsevier.com/content/abstract/scopus_id/0022223001"},{"@_fa": "true", "@ref": "author-affiliation", "@href": "https://api.elsevier.com/content/abstract/scopus_id/0022223001?field=author,affiliation"},{"@_fa": "true", "@ref": "scopus", "@href": "https://www.scopus.com/inward/record.uri?partnerID=HzOxMe3b&scp=0022223001&origin=inward"},{"@_fa": "true", "@ref": "scopus-citedby", "@href": "https://www.scopus.com/inward/citedby.uri?partnerID=HzOxMe3b&scp=0022223001&origin=inward"}],"prism:url":"https://api.elsevier.com/content/abstract/scopus_id/0022223001","dc:identifier":"SCOPUS_ID:0022223001","eid":"2-s2.0-0022223001","dc:title":"Project Study Concerning the Connection of the Rail Passenger Traffic of a Tramway Utility and the German Federal Railway as Illustrated by the Case of the Karlsruhe Area.","dc:creator":"Ludwig D.","prism:publicationName":"eb - Elektrische Bahnen","prism:issn":"00135437","prism:volume":"83","prism:issueIdentifier":"11","prism:pageRange":null,"prism:coverDate":"1985-12-01","prism:coverDisplayDate":"1985","citedby-count":"1","prism:aggregationType":"Trade Journal","subtype":"ar","subtypeDescription":"Article","source-id":"24542","openaccess":"0","openaccessFlag":false},{"@_fa": "true", "link": [{"@_fa": "true", "@ref": "self", "@href": "https://api.elsevier.com/content/abstract/scopus_id/34250115034"},{"@_fa": "true", "@ref": "author-affiliation", "@href": "https://api.elsevier.com/content/abstract/scopus_id/34250115034?field=author,affiliation"},{"@_fa": "true", "@ref": "scopus", "@href": "https://www.scopus.com/inward/record.uri?partnerID=HzOxMe3b&scp=34250115034&origin=inward"},{"@_fa": "true", "@ref": "scopus-citedby", "@href": "https://www.scopus.com/inward/citedby.uri?partnerID=HzOxMe3b&scp=34250115034&origin=inward"}],"prism:url":"https://api.elsevier.com/content/abstract/scopus_id/34250115034","dc:identifier":"SCOPUS_ID:34250115034","eid":"2-s2.0-34250115034","dc:title":"Cluster analysis of dyad distributions in networks","dc:creator":"Frank O.","prism:publicationName":"Journal of Classification","prism:issn":"01764268","prism:eIssn":"14321343","prism:volume":"2","prism:issueIdentifier":"1","prism:pageRange":"219-238","prism:coverDate":"1985-12-01","prism:coverDisplayDate":"December 1985","prism:doi":"10.1007/BF01908076","citedby-count":"7","affiliation": [{"@_fa": "true", "affilname":"Stockholms universitet","affiliation-city":"Stockholm","affiliation-country":"Sweden"}],"prism:aggregationType":"Journal","subtype":"ar","subtypeDescription":"Article","source-id":"23842","openaccess":"0","openaccessFlag":false},{"@_fa": "true", "link": [{"@_fa": "true", "@ref": "self", "@href": "https://api.elsevier.com/content/abstract/scopus_id/34447200327"},{"@_fa": "true", "@ref": "author-affiliation", "@href": "https://api.elsevier.com/content/abstract/scopus_id/34447200327?field=author,affiliation"},{"@_fa": "true", "@ref": "scopus", "@href": "https://www.scopus.com/inward/record.uri?partnerID=HzOxMe3b&scp=34447200327&origin=inward"},{"@_fa": "true", "@ref": "scopus-citedby", "@href": "https://www.scopus.com/inward/citedby.uri?partnerID=HzOxMe3b&scp=34447200327&origin=inward"}],"prism:url":"https://api.elsevier.com/content/abstract/scopus_id/34447200327","dc:identifier":"SCOPUS_ID:34447200327","eid":"2-s2.0-34447200327","dc:title":"The side effects of intervention?","dc:creator":"Coulshed V.","prism:publicationName":"British Journal of Social Work","prism:issn":"00453102","prism:volume":"15","prism:issueIdentifier":"5","prism:pageRange":"479-486","prism:coverDate":"1985-12-01","prism:coverDisplayDate":"1985","citedby-count":"0","affiliation": [{"@_fa": "true", "affilname":"Liverpool John Moores University","affiliation-city":"Liverpool","affiliation-country":"United Kingdom"}],"prism:aggregationType":"Journal","subtype":"ar","subtypeDescription":"Article","source-id":"28710","openaccess":"0","openaccessFlag":false},{"@_fa": "true", "link": [{"@_fa": "true", "@ref": "self", "@href": "https://api.elsevier.com/content/abstract/scopus_id/0022288012"},{"@_fa": "true", "@ref": "author-affiliation", "@href": "https://api.elsevier.com/content/abstract/scopus_id/0022288012?field=author,affiliation"},{"@_fa": "true", "@ref": "scopus", "@href": "https://www.scopus.com/inward/record.uri?partnerID=HzOxMe3b&scp=0022288012&origin=inward"},{"@_fa": "true", "@ref": "scopus-citedby", "@href": "https://www.scopus.com/inward/citedby.uri?partnerID=HzOxMe3b&scp=0022288012&origin=inward"}],"prism:url":"https://api.elsevier.com/content/abstract/scopus_id/0022288012","dc:identifier":"SCOPUS_ID:0022288012","eid":"2-s2.0-0022288012","dc:title":"ELECTRONIC ROAD PRICING IN HONG KONG - 2. THE TECHNOLOGY.","dc:creator":"Catling I.","prism:publicationName":"Traffic Engineering and Control","prism:issn":"00410683","prism:volume":"26","prism:issueIdentifier":"12","prism:pageRange":"608-615","prism:coverDate":"1985-12-01","prism:coverDisplayDate":"December 1985","citedby-count":"15","prism:aggregationType":"Journal","subtype":"ar","subtypeDescription":"Article","source-id":"27402","openaccess":"0","openaccessFlag":false},{"@_fa": "true", "link": [{"@_fa": "true", "@ref": "self", "@href": "https://api.elsevier.com/content/abstract/scopus_id/0022177026"},{"@_fa": "true", "@ref": "author-affiliation", "@href": "https://api.elsevier.com/content/abstract/scopus_id/0022177026?field=author,affiliation"},{"@_fa": "true", "@ref": "scopus", "@href": "https://www.scopus.com/inward/record.uri?partnerID=HzOxMe3b&scp=0022177026&origin=inward"},{"@_fa": "true", "@ref": "scopus-citedby", "@href": "https://www.scopus.com/inward/citedby.uri?partnerID=HzOxMe3b&scp=0022177026&origin=inward"}],"prism:url":"https://api.elsevier.com/content/abstract/scopus_id/0022177026","dc:identifier":"SCOPUS_ID:0022177026","eid":"2-s2.0-0022177026","dc:title":"ELECTRONIC MANUSCRIPT TRANSMISSION VIA A LOCAL AREA NETWORK AT SYRACUSE UNIVERSITY.","dc:creator":"Minor B.","prism:publicationName":"Proceedings of the ASIS Annual Meeting","prism:issn":"00447870","prism:isbn": [{"@_fa": "true", "$" :"0867291761"}],"prism:volume":"22","prism:pageRange":"3-6","prism:coverDate":"1985-12-01","prism:coverDisplayDate":"1985","citedby-count":"0","prism:aggregationType":"Conference Proceeding","subtype":"cp","subtypeDescription":"Conference Paper","source-id":"31428","openaccess":"0","openaccessFlag":false},{"@_fa": "true", "link": [{"@_fa": "true", "@ref": "self", "@href": "https://api.elsevier.com/content/abstract/scopus_id/0022327908"},{"@_fa": "true", "@ref": "author-affiliation", "@href": "https://api.elsevier.com/content/abstract/scopus_id/0022327908?field=author,affiliation"},{"@_fa": "true", "@ref": "scopus", "@href": "https://www.scopus.com/inward/record.uri?partnerID=HzOxMe3b&scp=0022327908&origin=inward"},{"@_fa": "true", "@ref": "scopus-citedby", "@href": "https://www.scopus.com/inward/citedby.uri?partnerID=HzOxMe3b&scp=0022327908&origin=inward"}],"prism:url":"https://api.elsevier.com/content/abstract/scopus_id/0022327908","dc:identifier":"SCOPUS_ID:0022327908","eid":"2-s2.0-0022327908","dc:title":"ANALYSIS OF WATER SUPPLY FORECAST ACCURACY.","dc:creator":"Schaake J.","prism:publicationName":"Proceedings of The Western Snow Conference","prism:issn":"01610589","prism:pageRange":"44-53","prism:coverDate":"1985-12-01","prism:coverDisplayDate":"1985","citedby-count":"5","prism:aggregationType":"Conference Proceeding","subtype":"cp","subtypeDescription":"Conference Paper","source-id":"29727","openaccess":"0","openaccessFlag":false},{"@_fa": "true", "link": [{"@_fa": "true", "@ref": "self", "@href": "https://api.elsevier.com/content/abstract/scopus_id/34447200448"},{"@_fa": "true", "@ref": "author-affiliation", "@href": "https://api.elsevier.com/content/abstract/scopus_id/34447200448?field=author,affiliation"},{"@_fa": "true", "@ref": "scopus", "@href": "https://www.scopus.com/inward/record.uri?partnerID=HzOxMe3b&scp=34447200448&origin=inward"},{"@_fa": "true", "@ref": "scopus-citedby", "@href": "https://www.scopus.com/inward/citedby.uri?partnerID=HzOxMe3b&scp=34447200448&origin=inward"}],"prism:url":"https://api.elsevier.com/content/abstract/scopus_id/34447200448","dc:identifier":"SCOPUS_ID:34447200448","eid":"2-s2.0-34447200448","dc:title":"Objectives and prognoses recorded in the case records of mentally handicapped adults living in their own homes","dc:creator":"Flynn M.","prism:publicationName":"British Journal of Social Work","prism:issn":"00453102","prism:volume":"15","prism:issueIdentifier":"5","prism:pageRange":"519-524","prism:coverDate":"1985-12-01","prism:coverDisplayDate":"1985","citedby-count":"5","prism:aggregationType":"Journal","subtype":"ar","subtypeDescription":"Article","source-id":"28710","openaccess":"0","openaccessFlag":false},{"@_fa": "true", "link": [{"@_fa": "true", "@ref": "self", "@href": "https://api.elsevier.com/content/abstract/scopus_id/0022304363"},{"@_fa": "true", "@ref": "author-affiliation", "@href": "https://api.elsevier.com/content/abstract/scopus_id/0022304363?field=author,affiliation"},{"@_fa": "true", "@ref": "scopus", "@href": "https://www.scopus.com/inward/record.uri?partnerID=HzOxMe3b&scp=0022304363&origin=inward"},{"@_fa": "true", "@ref": "scopus-citedby", "@href": "https://www.scopus.com/inward/citedby.uri?partnerID=HzOxMe3b&scp=0022304363&origin=inward"}],"prism:url":"https://api.elsevier.com/content/abstract/scopus_id/0022304363","dc:identifier":"SCOPUS_ID:0022304363","eid":"2-s2.0-0022304363","dc:title":"WINDY GAP PROJECT STREAMFLOW FORECASTING.","dc:creator":"Eckhardt J.","prism:publicationName":"Proceedings of The Western Snow Conference","prism:issn":"01610589","prism:pageRange":"54-62","prism:coverDate":"1985-12-01","prism:coverDisplayDate":"1985","citedby-count":"0","affiliation": [{"@_fa": "true", "affilname":"Northern Colorado Water Conservancy District","affiliation-city":"Berthoud","affiliation-country":"United States"}],"prism:aggregationType":"Conference Proceeding","subtype":"cp","subtypeDescription":"Conference Paper","source-id":"29727","openaccess":"0","openaccessFlag":false},{"@_fa": "true", "link": [{"@_fa": "true", "@ref": "self", "@href": "https://api.elsevier.com/content/abstract/scopus_id/0022275060"},{"@_fa": "true", "@ref": "author-affiliation", "@href": "https://api.elsevier.com/content/abstract/scopus_id/0022275060?field=author,affiliation"},{"@_fa": "true", "@ref": "scopus", "@href": "https://www.scopus.com/inward/record.uri?partnerID=HzOxMe3b&scp=0022275060&origin=inward"},{"@_fa": "true", "@ref": "scopus-citedby", "@href": "https://www.scopus.com/inward/citedby.uri?partnerID=HzOxMe3b&scp=0022275060&origin=inward"}],"prism:url":"https://api.elsevier.com/content/abstract/scopus_id/0022275060","dc:identifier":"SCOPUS_ID:0022275060","eid":"2-s2.0-0022275060","dc:title":"CSIS CONFERENCE: 'FORGING A GLOBAL TELECOMMUNICATIONS STRATEGY'.","dc:creator":"Anon","prism:publicationName":"Telematics and Informatics","prism:issn":"07365853","prism:volume":"2","prism:issueIdentifier":"1","prism:pageRange":null,"prism:coverDate":"1985-12-01","prism:coverDisplayDate":"1985","citedby-count":"0","prism:aggregationType":"Conference Proceeding","subtype":"cr","subtypeDescription":"Conference Review","source-id":"20896","openaccess":"0","openaccessFlag":false},{"@_fa": "true", "link": [{"@_fa": "true", "@ref": "self", "@href": "https://api.elsevier.com/content/abstract/scopus_id/0022188709"},{"@_fa": "true", "@ref": "author-affiliation", "@href": "https://api.elsevier.com/content/abstract/scopus_id/0022188709?field=author,affiliation"},{"@_fa": "true", "@ref": "scopus", "@href": "https://www.scopus.com/inward/record.uri?partnerID=HzOxMe3b&scp=0022188709&origin=inward"},{"@_fa": "true", "@ref": "scopus-citedby", "@href": "https://www.scopus.com/inward/citedby.uri?partnerID=HzOxMe3b&scp=0022188709&origin=inward"}],"prism:url":"https://api.elsevier.com/content/abstract/scopus_id/0022188709","dc:identifier":"SCOPUS_ID:0022188709","eid":"2-s2.0-0022188709","dc:title":"FINANCIAL ASPECT OF MASS HOUSING PROJECTS.","dc:creator":"Karaesmen E.","prism:publicationName":"International Journal for Housing Science and Its Applications","prism:issn":"01466518","prism:volume":"9","prism:issueIdentifier":"4","prism:pageRange":"283-290","prism:coverDate":"1985-12-01","prism:coverDisplayDate":"1985","citedby-count":"0","prism:aggregationType":"Journal","subtype":"ar","subtypeDescription":"Article","source-id":"13891","openaccess":"0","openaccessFlag":false},{"@_fa": "true", "link": [{"@_fa": "true", "@ref": "self", "@href": "https://api.elsevier.com/content/abstract/scopus_id/0022276689"},{"@_fa": "true", "@ref": "author-affiliation", "@href": "https://api.elsevier.com/content/abstract/scopus_id/0022276689?field=author,affiliation"},{"@_fa": "true", "@ref": "scopus", "@href": "https://www.scopus.com/inward/record.uri?partnerID=HzOxMe3b&scp=0022276689&origin=inward"},{"@_fa": "true", "@ref": "scopus-citedby", "@href": "https://www.scopus.com/inward/citedby.uri?partnerID=HzOxMe3b&scp=0022276689&origin=inward"}],"prism:url":"https://api.elsevier.com/content/abstract/scopus_id/0022276689","dc:identifier":"SCOPUS_ID:0022276689","eid":"2-s2.0-0022276689","dc:title":"CSIS CONFERENCE: 'FORGING A GLOBAL TELECOMMUNICATIONS STRATEGY'.","dc:creator":"Anon","prism:publicationName":"Telematics and Informatics","prism:issn":"07365853","prism:volume":"2","prism:issueIdentifier":"1","prism:pageRange":null,"prism:coverDate":"1985-12-01","prism:coverDisplayDate":"1985","citedby-count":"0","prism:aggregationType":"Conference Proceeding","subtype":"cr","subtypeDescription":"Conference Review","source-id":"20896","openaccess":"0","openaccessFlag":false},{"@_fa": "true", "link": [{"@_fa": "true", "@ref": "self", "@href": "https://api.elsevier.com/content/abstract/scopus_id/0022375622"},{"@_fa": "true", "@ref": "author-affiliation", "@href": "https://api.elsevier.com/content/abstract/scopus_id/0022375622?field=author,affiliation"},{"@_fa": "true", "@ref": "scopus", "@href": "https://www.scopus.com/inward/record.uri?partnerID=HzOxMe3b&scp=0022375622&origin=inward"},{"@_fa": "true", "@ref": "scopus-citedby", "@href": "https://www.scopus.com/inward/citedby.uri?partnerID=HzOxMe3b&scp=0022375622&origin=inward"}],"prism:url":"https://api.elsevier.com/content/abstract/scopus_id/0022375622","dc:identifier":"SCOPUS_ID:0022375622","eid":"2-s2.0-0022375622","dc:title":"The structure and effectiveness of the U.S. organ procurement system","dc:creator":"Prottas J.","prism:publicationName":"Inquiry","prism:issn":"00469580","prism:volume":"22","prism:issueIdentifier":"4","prism:pageRange":"365-376","prism:coverDate":"1985-12-01","prism:coverDisplayDate":"1985","citedby-count":"6","pubmed-id":"2934331","prism:aggregationType":"Journal","subtype":"ar","subtypeDescription":"Article","source-id":"14699","openaccess":"0","openaccessFlag":false},{"@_fa": "true", "link": [{"@_fa": "true", "@ref": "self", "@href": "https://api.elsevier.com/content/abstract/scopus_id/0022176026"},{"@_fa": "true", "@ref": "author-affiliation", "@href": "https://api.elsevier.com/content/abstract/scopus_id/0022176026?field=author,affiliation"},{"@_fa": "true", "@ref": "scopus", "@href": "https://www.scopus.com/inward/record.uri?partnerID=HzOxMe3b&scp=0022176026&origin=inward"},{"@_fa": "true", "@ref": "scopus-citedby", "@href": "https://www.scopus.com/inward/citedby.uri?partnerID=HzOxMe3b&scp=0022176026&origin=inward"}],"prism:url":"https://api.elsevier.com/content/abstract/scopus_id/0022176026","dc:identifier":"SCOPUS_ID:0022176026","eid":"2-s2.0-0022176026","dc:title":"INTERORGANIZATIONAL DEPENDENCE IN THE ELECTRONIC PUBLISHING INDUSTRY.","dc:creator":"Hart P.","prism:publicationName":"Proceedings of the ASIS Annual Meeting","prism:issn":"00447870","prism:isbn": [{"@_fa": "true", "$" :"0867291761"}],"prism:volume":"22","prism:pageRange":"146-149","prism:coverDate":"1985-12-01","prism:coverDisplayDate":"1985","citedby-count":"0","affiliation": [{"@_fa": "true", "affilname":"University of Southern California","affiliation-city":"Los Angeles","affiliation-country":"United States"}],"prism:aggregationType":"Conference Proceeding","subtype":"cp","subtypeDescription":"Conference Paper","source-id":"31428","openaccess":"0","openaccessFlag":false},{"@_fa": "true", "link": [{"@_fa": "true", "@ref": "self", "@href": "https://api.elsevier.com/content/abstract/scopus_id/0002545981"},{"@_fa": "true", "@ref": "author-affiliation", "@href": "https://api.elsevier.com/content/abstract/scopus_id/0002545981?field=author,affiliation"},{"@_fa": "true", "@ref": "scopus", "@href": "https://www.scopus.com/inward/record.uri?partnerID=HzOxMe3b&scp=0002545981&origin=inward"},{"@_fa": "true", "@ref": "scopus-citedby", "@href": "https://www.scopus.com/inward/citedby.uri?partnerID=HzOxMe3b&scp=0002545981&origin=inward"}],"prism:url":"https://api.elsevier.com/content/abstract/scopus_id/0002545981","dc:identifier":"SCOPUS_ID:0002545981","eid":"2-s2.0-0002545981","dc:title":"An assessment of the deregulation of electric power generation using network models of imperfect spatial markets","dc:creator":"Hobbs B.","prism:publicationName":"Papers of the Regional Science Association","prism:issn":"10568190","prism:eIssn":"14355957","prism:volume":"57","prism:issueIdentifier":"1","prism:pageRange":"75-89","prism:coverDate":"1985-12-01","prism:coverDisplayDate":"December 1985","prism:doi":"10.1007/BF01935282","citedby-count":"17","affiliation": [{"@_fa": "true", "affilname":"Case Western Reserve University","affiliation-city":"Cleveland","affiliation-country":"United States"}],"prism:aggregationType":"Journal","subtype":"ar","subtypeDescription":"Article","source-id":"25205","openaccess":"0","openaccessFlag":false}]}}