{"search-results":{"opensearch:totalResults":"11131","opensearch:startIndex":"0","opensearch:itemsPerPage":"25","opensearch:Query":{"@role": "request", "@searchTerms": "TITLE-ABS-KEY(\"network\") AND SUBJAREA(SOCI) AND PUBYEAR = 2012", "@startPage": "0"},"link": [{"@_fa": "true", "@ref": "self", "@href": "https://api.elsevier.com/content/search/scopus?start=0&count=25&query=TITLE-ABS-KEY%28%22network%22%29+AND+SUBJAREA%28SOCI%29+AND+PUBYEAR+%3D+2012&apiKey=27d953b4b546791964ebeb768d13e61f&view=STANDARD", "@type": "application/json"},{"@_fa": "true", "@ref": "first", "@href": "https://api.elsevier.com/content/search/scopus?start=0&count=25&query=TITLE-ABS-KEY%28%22network%22%29+AND+SUBJAREA%28SOCI%29+AND+PUBYEAR+%3D+2012&apiKey=27d953b4b546791964ebeb768d13e61f&view=STANDARD", "@type": "application/json"},{"@_fa": "true", "@ref": "next", "@href": "https://api.elsevier.com/content/search/scopus?start=25&count=25&query=TITLE-ABS-KEY%28%22network%22%29+AND+SUBJAREA%28SOCI%29+AND+PUBYEAR+%3D+2012&apiKey=27d953b4b546791964ebeb768d13e61f&view=STANDARD", "@type": "application/json"},{"@_fa": "true", "@ref": "last", "@href": "https://api.elsevier.com/content/search/scopus?start=4975&count=25&query=TITLE-ABS-KEY%28%22network%22%29+AND+SUBJAREA%28SOCI%29+AND+PUBYEAR+%3D+2012&apiKey=27d953b4b546791964ebeb768d13e61f&view=STANDARD", "@type": "application/json"}],"entry": [{"@_fa": "true", "link": [{"@_fa": "true", "@ref": "self", "@href": "https://api.elsevier.com/content/abstract/scopus_id/84871569144"},{"@_fa": "true", "@ref": "author-affiliation", "@href": "https://api.elsevier.com/content/abstract/scopus_id/84871569144?field=author,affiliation"},{"@_fa": "true", "@ref": "scopus", "@href": "https://www.scopus.com/inward/record.uri?partnerID=HzOxMe3b&scp=84871569144&origin=inward"},{"@_fa": "true", "@ref": "scopus-citedby", "@href": "https://www.scopus.com/inward/citedby.uri?partnerID=HzOxMe3b&scp=84871569144&origin=inward"}],"prism:url":"https://api.elsevier.com/content/abstract/scopus_id/84871569144","dc:identifier":"SCOPUS_ID:84871569144","eid":"2-s2.0-84871569144","dc:title":"Using the power of network data for network monitoring","dc:creator":"Horowitz G.","prism:publicationName":"American Water Works Association Annual Conference and Exposition 2012, ACE 2012","prism:isbn": [{"@_fa": "true", "$" :"9781622763030"}],"prism:pageRange":"3652-3670","prism:coverDate":"2012-12-31","prism:coverDisplayDate":"2012","citedby-count":"0","prism:aggregationType":"Conference Proceeding","subtype":"cp","subtypeDescription":"Conference Paper","source-id":"21100223725","openaccess":"0","openaccessFlag":false},{"@_fa": "true", "link": [{"@_fa": "true", "@ref": "self", "@href": "https://api.elsevier.com/content/abstract/scopus_id/84872026067"},{"@_fa": "true", "@ref": "author-affiliation", "@href": "https://api.elsevier.com/content/abstract/scopus_id/84872026067?field=author,affiliation"},{"@_fa": "true", "@ref": "scopus", "@href": "https://www.scopus.com/inward/record.uri?partnerID=HzOxMe3b&scp=84872026067&origin=inward"},{"@_fa": "true", "@ref": "scopus-citedby", "@href": "https://www.scopus.com/inward/citedby.uri?partnerID=HzOxMe3b&scp=84872026067&origin=inward"}],"prism:url":"https://api.elsevier.com/content/abstract/scopus_id/84872026067","dc:identifier":"SCOPUS_ID:84872026067","eid":"2-s2.0-84872026067","dc:title":"Study on the characteristics and cultivating path of the industry-university symbiotic networks: Based on the small-world network model and the theory of symbiosis","dc:creator":"Cao Z.","prism:publicationName":"Asian Social Science","prism:issn":"19112017","prism:eIssn":"19112025","prism:volume":"9","prism:issueIdentifier":"1","prism:pageRange":"15-21","prism:coverDate":"2012-12-31","prism:coverDisplayDate":"31 December 2012","prism:doi":"10.5539/ass.v9n1p15","citedby-count":"3","affiliation": [{"@_fa": "true", "affilname":"University of Science and Technology of China","affiliation-city":"Hefei","affiliation-country":"China"}],"prism:aggregationType":"Journal","subtype":"ar","subtypeDescription":"Article","source-id":"21100198464","openaccess":"1","openaccessFlag":true},{"@_fa": "true", "link": [{"@_fa": "true", "@ref": "self", "@href": "https://api.elsevier.com/content/abstract/scopus_id/84871549054"},{"@_fa": "true", "@ref": "author-affiliation", "@href": "https://api.elsevier.com/content/abstract/scopus_id/84871549054?field=author,affiliation"},{"@_fa": "true", "@ref": "scopus", "@href": "https://www.scopus.com/inward/record.uri?partnerID=HzOxMe3b&scp=84871549054&origin=inward"},{"@_fa": "true", "@ref": "scopus-citedby", "@href": "https://www.scopus.com/inward/citedby.uri?partnerID=HzOxMe3b&scp=84871549054&origin=inward"}],"prism:url":"https://api.elsevier.com/content/abstract/scopus_id/84871549054","dc:identifier":"SCOPUS_ID:84871549054","eid":"2-s2.0-84871549054","dc:title":"Connections: Cultivating your personal network","dc:creator":"Ginley J.","prism:publicationName":"American Water Works Association Annual Conference and Exposition 2012, ACE 2012","prism:isbn": [{"@_fa": "true", "$" :"9781622763030"}],"prism:pageRange":"5908-5924","prism:coverDate":"2012-12-31","prism:coverDisplayDate":"2012","citedby-count":"0","prism:aggregationType":"Conference Proceeding","subtype":"cp","subtypeDescription":"Conference Paper","source-id":"21100223725","openaccess":"0","openaccessFlag":false},{"@_fa": "true", "link": [{"@_fa": "true", "@ref": "self", "@href": "https://api.elsevier.com/content/abstract/scopus_id/84871560115"},{"@_fa": "true", "@ref": "author-affiliation", "@href": "https://api.elsevier.com/content/abstract/scopus_id/84871560115?field=author,affiliation"},{"@_fa": "true", "@ref": "scopus", "@href": "https://www.scopus.com/inward/record.uri?partnerID=HzOxMe3b&scp=84871560115&origin=inward"},{"@_fa": "true", "@ref": "scopus-citedby", "@href": "https://www.scopus.com/inward/citedby.uri?partnerID=HzOxMe3b&scp=84871560115&origin=inward"}],"prism:url":"https://api.elsevier.com/content/abstract/scopus_id/84871560115","dc:identifier":"SCOPUS_ID:84871560115","eid":"2-s2.0-84871560115","dc:title":"Understanding social nature of an online community of practice for learning to teach","dc:creator":"Tsai I.","prism:publicationName":"Educational Technology and Society","prism:issn":"11763647","prism:eIssn":"14364522","prism:volume":"15","prism:issueIdentifier":"2","prism:pageRange":"271-285","prism:coverDate":"2012-12-31","prism:coverDisplayDate":"2012","citedby-count":"15","affiliation": [{"@_fa": "true", "affilname":"University of Akron","affiliation-city":"Akron","affiliation-country":"United States"}],"prism:aggregationType":"Journal","subtype":"ar","subtypeDescription":"Article","source-id":"18405","openaccess":"0","openaccessFlag":false},{"@_fa": "true", "link": [{"@_fa": "true", "@ref": "self", "@href": "https://api.elsevier.com/content/abstract/scopus_id/84871533469"},{"@_fa": "true", "@ref": "author-affiliation", "@href": "https://api.elsevier.com/content/abstract/scopus_id/84871533469?field=author,affiliation"},{"@_fa": "true", "@ref": "scopus", "@href": "https://www.scopus.com/inward/record.uri?partnerID=HzOxMe3b&scp=84871533469&origin=inward"},{"@_fa": "true", "@ref": "scopus-citedby", "@href": "https://www.scopus.com/inward/citedby.uri?partnerID=HzOxMe3b&scp=84871533469&origin=inward"}],"prism:url":"https://api.elsevier.com/content/abstract/scopus_id/84871533469","dc:identifier":"SCOPUS_ID:84871533469","eid":"2-s2.0-84871533469","dc:title":"The unexpected connection: Serendipity and human mediation in networked learning","dc:creator":"Kop R.","prism:publicationName":"Educational Technology and Society","prism:issn":"11763647","prism:eIssn":"14364522","prism:volume":"15","prism:issueIdentifier":"2","prism:pageRange":"2-11","prism:coverDate":"2012-12-31","prism:coverDisplayDate":"2012","citedby-count":"37","affiliation": [{"@_fa": "true", "affilname":"National Research Council Canada","affiliation-city":"Ottawa ON,","affiliation-country":"Canada"}],"prism:aggregationType":"Journal","subtype":"ar","subtypeDescription":"Article","source-id":"18405","openaccess":"0","openaccessFlag":false},{"@_fa": "true", "link": [{"@_fa": "true", "@ref": "self", "@href": "https://api.elsevier.com/content/abstract/scopus_id/84872046221"},{"@_fa": "true", "@ref": "author-affiliation", "@href": "https://api.elsevier.com/content/abstract/scopus_id/84872046221?field=author,affiliation"},{"@_fa": "true", "@ref": "scopus", "@href": "https://www.scopus.com/inward/record.uri?partnerID=HzOxMe3b&scp=84872046221&origin=inward"},{"@_fa": "true", "@ref": "scopus-citedby", "@href": "https://www.scopus.com/inward/citedby.uri?partnerID=HzOxMe3b&scp=84872046221&origin=inward"}],"prism:url":"https://api.elsevier.com/content/abstract/scopus_id/84872046221","dc:identifier":"SCOPUS_ID:84872046221","eid":"2-s2.0-84872046221","dc:title":"The impact of experiential marketing and customer satisfaction on customer commitment in the world of social networks","dc:creator":"Alkilani K.","prism:publicationName":"Asian Social Science","prism:issn":"19112017","prism:eIssn":"19112025","prism:volume":"9","prism:issueIdentifier":"1","prism:pageRange":"262-270","prism:coverDate":"2012-12-31","prism:coverDisplayDate":"31 December 2012","prism:doi":"10.5539/ass.v9n1p262","citedby-count":"5","affiliation": [{"@_fa": "true", "affilname":"UCSI University","affiliation-city":"Kuala Lumpur","affiliation-country":"Malaysia"}],"prism:aggregationType":"Journal","subtype":"ar","subtypeDescription":"Article","source-id":"21100198464","openaccess":"1","openaccessFlag":true},{"@_fa": "true", "link": [{"@_fa": "true", "@ref": "self", "@href": "https://api.elsevier.com/content/abstract/scopus_id/84872842516"},{"@_fa": "true", "@ref": "author-affiliation", "@href": "https://api.elsevier.com/content/abstract/scopus_id/84872842516?field=author,affiliation"},{"@_fa": "true", "@ref": "scopus", "@href": "https://www.scopus.com/inward/record.uri?partnerID=HzOxMe3b&scp=84872842516&origin=inward"},{"@_fa": "true", "@ref": "scopus-citedby", "@href": "https://www.scopus.com/inward/citedby.uri?partnerID=HzOxMe3b&scp=84872842516&origin=inward"}],"prism:url":"https://api.elsevier.com/content/abstract/scopus_id/84872842516","dc:identifier":"SCOPUS_ID:84872842516","eid":"2-s2.0-84872842516","dc:title":"Scripta Nova in 2012, the publication of scientific journals and the productivism in University","dc:creator":"Casals V.","prism:publicationName":"Scripta Nova","prism:eIssn":"11389788","prism:volume":"16","prism:pageRange":null,"prism:coverDate":"2012-12-31","prism:coverDisplayDate":"31 December 2012","citedby-count":"0","prism:aggregationType":"Journal","subtype":"ar","subtypeDescription":"Article","source-id":"6300153139","openaccess":"0","openaccessFlag":false},{"@_fa": "true", "link": [{"@_fa": "true", "@ref": "self", "@href": "https://api.elsevier.com/content/abstract/scopus_id/84871598094"},{"@_fa": "true", "@ref": "author-affiliation", "@href": "https://api.elsevier.com/content/abstract/scopus_id/84871598094?field=author,affiliation"},{"@_fa": "true", "@ref": "scopus", "@href": "https://www.scopus.com/inward/record.uri?partnerID=HzOxMe3b&scp=84871598094&origin=inward"},{"@_fa": "true", "@ref": "scopus-citedby", "@href": "https://www.scopus.com/inward/citedby.uri?partnerID=HzOxMe3b&scp=84871598094&origin=inward"}],"prism:url":"https://api.elsevier.com/content/abstract/scopus_id/84871598094","dc:identifier":"SCOPUS_ID:84871598094","eid":"2-s2.0-84871598094","dc:title":"Jihad in Russia: The Caucasus Emirate","prism:publicationName":"Strategic Comments","prism:issn":"13567888","prism:volume":"18","prism:issueIdentifier":"9","prism:pageRange":null,"prism:coverDate":"2012-12-31","prism:coverDisplayDate":"2012","prism:doi":"10.1080/13567888.2012.757842","citedby-count":"1","prism:aggregationType":"Journal","subtype":"ar","subtypeDescription":"Article","source-id":"19900192125","openaccess":"0","openaccessFlag":false},{"@_fa": "true", "link": [{"@_fa": "true", "@ref": "self", "@href": "https://api.elsevier.com/content/abstract/scopus_id/84871566785"},{"@_fa": "true", "@ref": "author-affiliation", "@href": "https://api.elsevier.com/content/abstract/scopus_id/84871566785?field=author,affiliation"},{"@_fa": "true", "@ref": "scopus", "@href": "https://www.scopus.com/inward/record.uri?partnerID=HzOxMe3b&scp=84871566785&origin=inward"},{"@_fa": "true", "@ref": "scopus-citedby", "@href": "https://www.scopus.com/inward/citedby.uri?partnerID=HzOxMe3b&scp=84871566785&origin=inward"}],"prism:url":"https://api.elsevier.com/content/abstract/scopus_id/84871566785","dc:identifier":"SCOPUS_ID:84871566785","eid":"2-s2.0-84871566785","dc:title":"Redesigning the network of pedestrian Spaces in the function of reduction of CO<inf>2</inf> Emission. Case study: Pančevo and Vršac","dc:creator":"Dukić A.","prism:publicationName":"Spatium","prism:issn":"1450569X","prism:issueIdentifier":"27","prism:pageRange":"31-39","prism:coverDate":"2012-12-31","prism:coverDisplayDate":"2012","prism:doi":"10.2298/SPAT1227031D","citedby-count":"2","affiliation": [{"@_fa": "true", "affilname":"University of Belgrade","affiliation-city":"Belgrade","affiliation-country":"Serbia"}],"prism:aggregationType":"Journal","subtype":"ar","subtypeDescription":"Article","source-id":"21100198226","openaccess":"1","openaccessFlag":true},{"@_fa": "true", "link": [{"@_fa": "true", "@ref": "self", "@href": "https://api.elsevier.com/content/abstract/scopus_id/84871598678"},{"@_fa": "true", "@ref": "author-affiliation", "@href": "https://api.elsevier.com/content/abstract/scopus_id/84871598678?field=author,affiliation"},{"@_fa": "true", "@ref": "scopus", "@href": "https://www.scopus.com/inward/record.uri?partnerID=HzOxMe3b&scp=84871598678&origin=inward"},{"@_fa": "true", "@ref": "scopus-citedby", "@href": "https://www.scopus.com/inward/citedby.uri?partnerID=HzOxMe3b&scp=84871598678&origin=inward"}],"prism:url":"https://api.elsevier.com/content/abstract/scopus_id/84871598678","dc:identifier":"SCOPUS_ID:84871598678","eid":"2-s2.0-84871598678","dc:title":"Knowing, building and living together on internet and social networks: The ConRed cyberbullying prevention program","dc:creator":"Ortega-Ruiz R.","prism:publicationName":"International Journal of Conflict and Violence","prism:eIssn":"18641385","prism:volume":"6","prism:issueIdentifier":"2","prism:pageRange":"303-313","prism:coverDate":"2012-12-31","prism:coverDisplayDate":"2012","citedby-count":"57","affiliation": [{"@_fa": "true", "affilname":"University of Greenwich","affiliation-city":"London","affiliation-country":"United Kingdom"},{"@_fa": "true", "affilname":"Universidad de Cordoba","affiliation-city":"Cordoba","affiliation-country":"Spain"}],"prism:aggregationType":"Journal","subtype":"ar","subtypeDescription":"Article","source-id":"19900188035","openaccess":"0","openaccessFlag":false},{"@_fa": "true", "link": [{"@_fa": "true", "@ref": "self", "@href": "https://api.elsevier.com/content/abstract/scopus_id/84871573692"},{"@_fa": "true", "@ref": "author-affiliation", "@href": "https://api.elsevier.com/content/abstract/scopus_id/84871573692?field=author,affiliation"},{"@_fa": "true", "@ref": "scopus", "@href": "https://www.scopus.com/inward/record.uri?partnerID=HzOxMe3b&scp=84871573692&origin=inward"},{"@_fa": "true", "@ref": "scopus-citedby", "@href": "https://www.scopus.com/inward/citedby.uri?partnerID=HzOxMe3b&scp=84871573692&origin=inward"}],"prism:url":"https://api.elsevier.com/content/abstract/scopus_id/84871573692","dc:identifier":"SCOPUS_ID:84871573692","eid":"2-s2.0-84871573692","dc:title":"Pressure management: Baseline to optimized utility case studies","dc:creator":"Lechevallier M.","prism:publicationName":"American Water Works Association Annual Conference and Exposition 2012, ACE 2012","prism:isbn": [{"@_fa": "true", "$" :"9781622763030"}],"prism:pageRange":"2098-2114","prism:coverDate":"2012-12-31","prism:coverDisplayDate":"2012","citedby-count":"0","prism:aggregationType":"Conference Proceeding","subtype":"cp","subtypeDescription":"Conference Paper","source-id":"21100223725","openaccess":"0","openaccessFlag":false},{"@_fa": "true", "link": [{"@_fa": "true", "@ref": "self", "@href": "https://api.elsevier.com/content/abstract/scopus_id/84871534414"},{"@_fa": "true", "@ref": "author-affiliation", "@href": "https://api.elsevier.com/content/abstract/scopus_id/84871534414?field=author,affiliation"},{"@_fa": "true", "@ref": "scopus", "@href": "https://www.scopus.com/inward/record.uri?partnerID=HzOxMe3b&scp=84871534414&origin=inward"},{"@_fa": "true", "@ref": "scopus-citedby", "@href": "https://www.scopus.com/inward/citedby.uri?partnerID=HzOxMe3b&scp=84871534414&origin=inward"}],"prism:url":"https://api.elsevier.com/content/abstract/scopus_id/84871534414","dc:identifier":"SCOPUS_ID:84871534414","eid":"2-s2.0-84871534414","dc:title":"Using mobile learning to improve the reflection: A case study of traffic violation","dc:creator":"Lan Y.","prism:publicationName":"Educational Technology and Society","prism:issn":"11763647","prism:eIssn":"14364522","prism:volume":"15","prism:issueIdentifier":"2","prism:pageRange":"179-193","prism:coverDate":"2012-12-31","prism:coverDisplayDate":"2012","citedby-count":"19","affiliation": [{"@_fa": "true", "affilname":"National Formosa University Taiwan","affiliation-city":"Yunlin","affiliation-country":"Taiwan"}],"prism:aggregationType":"Journal","subtype":"ar","subtypeDescription":"Article","source-id":"18405","openaccess":"0","openaccessFlag":false},{"@_fa": "true", "link": [{"@_fa": "true", "@ref": "self", "@href": "https://api.elsevier.com/content/abstract/scopus_id/84871574510"},{"@_fa": "true", "@ref": "author-affiliation", "@href": "https://api.elsevier.com/content/abstract/scopus_id/84871574510?field=author,affiliation"},{"@_fa": "true", "@ref": "scopus", "@href": "https://www.scopus.com/inward/record.uri?partnerID=HzOxMe3b&scp=84871574510&origin=inward"},{"@_fa": "true", "@ref": "scopus-citedby", "@href": "https://www.scopus.com/inward/citedby.uri?partnerID=HzOxMe3b&scp=84871574510&origin=inward"}],"prism:url":"https://api.elsevier.com/content/abstract/scopus_id/84871574510","dc:identifier":"SCOPUS_ID:84871574510","eid":"2-s2.0-84871574510","dc:title":"Solving pump scheduling problems using parallel multi-objective particle swarm optimization with adaptive mutation","dc:creator":"Al-Ani D.","prism:publicationName":"American Water Works Association Annual Conference and Exposition 2012, ACE 2012","prism:isbn": [{"@_fa": "true", "$" :"9781622763030"}],"prism:pageRange":"871-890","prism:coverDate":"2012-12-31","prism:coverDisplayDate":"2012","citedby-count":"0","affiliation": [{"@_fa": "true", "affilname":"McMaster University, Faculty of Engineering","affiliation-city":"Hamilton","affiliation-country":"Canada"}],"prism:aggregationType":"Conference Proceeding","subtype":"cp","subtypeDescription":"Conference Paper","source-id":"21100223725","openaccess":"0","openaccessFlag":false},{"@_fa": "true", "link": [{"@_fa": "true", "@ref": "self", "@href": "https://api.elsevier.com/content/abstract/scopus_id/84872007963"},{"@_fa": "true", "@ref": "author-affiliation", "@href": "https://api.elsevier.com/content/abstract/scopus_id/84872007963?field=author,affiliation"},{"@_fa": "true", "@ref": "scopus", "@href": "https://www.scopus.com/inward/record.uri?partnerID=HzOxMe3b&scp=84872007963&origin=inward"},{"@_fa": "true", "@ref": "scopus-citedby", "@href": "https://www.scopus.com/inward/citedby.uri?partnerID=HzOxMe3b&scp=84872007963&origin=inward"}],"prism:url":"https://api.elsevier.com/content/abstract/scopus_id/84872007963","dc:identifier":"SCOPUS_ID:84872007963","eid":"2-s2.0-84872007963","dc:title":"Changing urban traits - A study on Bengaluru urban agglomeration, India","dc:creator":"Sen P.","prism:publicationName":"Asian Social Science","prism:issn":"19112017","prism:eIssn":"19112025","prism:volume":"9","prism:issueIdentifier":"1","prism:pageRange":"122-129","prism:coverDate":"2012-12-31","prism:coverDisplayDate":"31 December 2012","prism:doi":"10.5539/ass.v9n1p122","citedby-count":"0","prism:aggregationType":"Journal","subtype":"ar","subtypeDescription":"Article","source-id":"21100198464","openaccess":"1","openaccessFlag":true},{"@_fa": "true", "link": [{"@_fa": "true", "@ref": "self", "@href": "https://api.elsevier.com/content/abstract/scopus_id/84872035976"},{"@_fa": "true", "@ref": "author-affiliation", "@href": "https://api.elsevier.com/content/abstract/scopus_id/84872035976?field=author,affiliation"},{"@_fa": "true", "@ref": "scopus", "@href": "https://www.scopus.com/inward/record.uri?partnerID=HzOxMe3b&scp=84872035976&origin=inward"},{"@_fa": "true", "@ref": "scopus-citedby", "@href": "https://www.scopus.com/inward/citedby.uri?partnerID=HzOxMe3b&scp=84872035976&origin=inward"}],"prism:url":"https://api.elsevier.com/content/abstract/scopus_id/84872035976","dc:identifier":"SCOPUS_ID:84872035976","eid":"2-s2.0-84872035976","dc:title":"Hedonic pleasure and social image: The effectiveness of internet advertising","dc:creator":"Yaakop A.","prism:publicationName":"Asian Social Science","prism:issn":"19112017","prism:eIssn":"19112025","prism:volume":"9","prism:issueIdentifier":"1","prism:pageRange":"179-192","prism:coverDate":"2012-12-31","prism:coverDisplayDate":"31 December 2012","prism:doi":"10.5539/ass.v9n1p179","citedby-count":"1","affiliation": [{"@_fa": "true", "affilname":"Universiti Malaysia Terengganu","affiliation-city":"Terengganu,","affiliation-country":"Malaysia"}],"prism:aggregationType":"Journal","subtype":"ar","subtypeDescription":"Article","source-id":"21100198464","openaccess":"1","openaccessFlag":true},{"@_fa": "true", "link": [{"@_fa": "true", "@ref": "self", "@href": "https://api.elsevier.com/content/abstract/scopus_id/84872151560"},{"@_fa": "true", "@ref": "author-affiliation", "@href": "https://api.elsevier.com/content/abstract/scopus_id/84872151560?field=author,affiliation"},{"@_fa": "true", "@ref": "scopus", "@href": "https://www.scopus.com/inward/record.uri?partnerID=HzOxMe3b&scp=84872151560&origin=inward"},{"@_fa": "true", "@ref": "scopus-citedby", "@href": "https://www.scopus.com/inward/citedby.uri?partnerID=HzOxMe3b&scp=84872151560&origin=inward"}],"prism:url":"https://api.elsevier.com/content/abstract/scopus_id/84872151560","dc:identifier":"SCOPUS_ID:84872151560","eid":"2-s2.0-84872151560","dc:title":"A lightweight privacy-aware location query protocol in mobile social networks","dc:creator":"Wen M.","prism:publicationName":"Journal of Information and Computational Science","prism:issn":"15487741","prism:volume":"9","prism:issueIdentifier":"15","prism:pageRange":"4429-4437","prism:coverDate":"2012-12-30","prism:coverDisplayDate":"30 December 2012","citedby-count":"2","affiliation": [{"@_fa": "true", "affilname":"Shanghai University of Electric Power","affiliation-city":"Shanghai","affiliation-country":"China"}],"prism:aggregationType":"Journal","subtype":"ar","subtypeDescription":"Article","source-id":"144748","openaccess":"0","openaccessFlag":false},{"@_fa": "true", "link": [{"@_fa": "true", "@ref": "self", "@href": "https://api.elsevier.com/content/abstract/scopus_id/84872152343"},{"@_fa": "true", "@ref": "author-affiliation", "@href": "https://api.elsevier.com/content/abstract/scopus_id/84872152343?field=author,affiliation"},{"@_fa": "true", "@ref": "scopus", "@href": "https://www.scopus.com/inward/record.uri?partnerID=HzOxMe3b&scp=84872152343&origin=inward"},{"@_fa": "true", "@ref": "scopus-citedby", "@href": "https://www.scopus.com/inward/citedby.uri?partnerID=HzOxMe3b&scp=84872152343&origin=inward"}],"prism:url":"https://api.elsevier.com/content/abstract/scopus_id/84872152343","dc:identifier":"SCOPUS_ID:84872152343","eid":"2-s2.0-84872152343","dc:title":"Opportunistic routing protocols in wireless ad hoc networks using directional antennas","dc:creator":"Yin Z.","prism:publicationName":"Journal of Information and Computational Science","prism:issn":"15487741","prism:volume":"9","prism:issueIdentifier":"15","prism:pageRange":"4461-4466","prism:coverDate":"2012-12-30","prism:coverDisplayDate":"30 December 2012","citedby-count":"1","affiliation": [{"@_fa": "true", "affilname":"Shanghai University of Electric Power","affiliation-city":"Shanghai","affiliation-country":"China"}],"prism:aggregationType":"Journal","subtype":"ar","subtypeDescription":"Article","source-id":"144748","openaccess":"0","openaccessFlag":false},{"@_fa": "true", "link": [{"@_fa": "true", "@ref": "self", "@href": "https://api.elsevier.com/content/abstract/scopus_id/84872133805"},{"@_fa": "true", "@ref": "author-affiliation", "@href": "https://api.elsevier.com/content/abstract/scopus_id/84872133805?field=author,affiliation"},{"@_fa": "true", "@ref": "scopus", "@href": "https://www.scopus.com/inward/record.uri?partnerID=HzOxMe3b&scp=84872133805&origin=inward"},{"@_fa": "true", "@ref": "scopus-citedby", "@href": "https://www.scopus.com/inward/citedby.uri?partnerID=HzOxMe3b&scp=84872133805&origin=inward"}],"prism:url":"https://api.elsevier.com/content/abstract/scopus_id/84872133805","dc:identifier":"SCOPUS_ID:84872133805","eid":"2-s2.0-84872133805","dc:title":"Identification of overlapping communities by label propagation","dc:creator":"Li L.","prism:publicationName":"Journal of Information and Computational Science","prism:issn":"15487741","prism:volume":"9","prism:issueIdentifier":"15","prism:pageRange":"4413-4419","prism:coverDate":"2012-12-30","prism:coverDisplayDate":"30 December 2012","citedby-count":"0","prism:aggregationType":"Journal","subtype":"ar","subtypeDescription":"Article","source-id":"144748","openaccess":"0","openaccessFlag":false},{"@_fa": "true", "link": [{"@_fa": "true", "@ref": "self", "@href": "https://api.elsevier.com/content/abstract/scopus_id/84872172819"},{"@_fa": "true", "@ref": "author-affiliation", "@href": "https://api.elsevier.com/content/abstract/scopus_id/84872172819?field=author,affiliation"},{"@_fa": "true", "@ref": "scopus", "@href": "https://www.scopus.com/inward/record.uri?partnerID=HzOxMe3b&scp=84872172819&origin=inward"},{"@_fa": "true", "@ref": "scopus-citedby", "@href": "https://www.scopus.com/inward/citedby.uri?partnerID=HzOxMe3b&scp=84872172819&origin=inward"}],"prism:url":"https://api.elsevier.com/content/abstract/scopus_id/84872172819","dc:identifier":"SCOPUS_ID:84872172819","eid":"2-s2.0-84872172819","dc:title":"Social network based on context-aware and component technology","dc:creator":"Li B.","prism:publicationName":"Journal of Information and Computational Science","prism:issn":"15487741","prism:volume":"9","prism:issueIdentifier":"15","prism:pageRange":"4279-4285","prism:coverDate":"2012-12-30","prism:coverDisplayDate":"30 December 2012","citedby-count":"0","affiliation": [{"@_fa": "true", "affilname":"Beijing Information Science &amp; Technology University","affiliation-city":"Beijing","affiliation-country":"China"}],"prism:aggregationType":"Journal","subtype":"ar","subtypeDescription":"Article","source-id":"144748","openaccess":"0","openaccessFlag":false},{"@_fa": "true", "link": [{"@_fa": "true", "@ref": "self", "@href": "https://api.elsevier.com/content/abstract/scopus_id/84872159420"},{"@_fa": "true", "@ref": "author-affiliation", "@href": "https://api.elsevier.com/content/abstract/scopus_id/84872159420?field=author,affiliation"},{"@_fa": "true", "@ref": "scopus", "@href": "https://www.scopus.com/inward/record.uri?partnerID=HzOxMe3b&scp=84872159420&origin=inward"},{"@_fa": "true", "@ref": "scopus-citedby", "@href": "https://www.scopus.com/inward/citedby.uri?partnerID=HzOxMe3b&scp=84872159420&origin=inward"}],"prism:url":"https://api.elsevier.com/content/abstract/scopus_id/84872159420","dc:identifier":"SCOPUS_ID:84872159420","eid":"2-s2.0-84872159420","dc:title":"A context-aware Dirichlet reputation model based on neural network","dc:creator":"Jiang Y.","prism:publicationName":"Journal of Information and Computational Science","prism:issn":"15487741","prism:volume":"9","prism:issueIdentifier":"15","prism:pageRange":"4237-4244","prism:coverDate":"2012-12-30","prism:coverDisplayDate":"30 December 2012","citedby-count":"0","affiliation": [{"@_fa": "true", "affilname":"Nanchang University","affiliation-city":"Nanchang","affiliation-country":"China"}],"prism:aggregationType":"Journal","subtype":"ar","subtypeDescription":"Article","source-id":"144748","openaccess":"0","openaccessFlag":false},{"@_fa": "true", "link": [{"@_fa": "true", "@ref": "self", "@href": "https://api.elsevier.com/content/abstract/scopus_id/84872140478"},{"@_fa": "true", "@ref": "author-affiliation", "@href": "https://api.elsevier.com/content/abstract/scopus_id/84872140478?field=author,affiliation"},{"@_fa": "true", "@ref": "scopus", "@href": "https://www.scopus.com/inward/record.uri?partnerID=HzOxMe3b&scp=84872140478&origin=inward"},{"@_fa": "true", "@ref": "scopus-citedby", "@href": "https://www.scopus.com/inward/citedby.uri?partnerID=HzOxMe3b&scp=84872140478&origin=inward"}],"prism:url":"https://api.elsevier.com/content/abstract/scopus_id/84872140478","dc:identifier":"SCOPUS_ID:84872140478","eid":"2-s2.0-84872140478","dc:title":"A document expansion model based on Markov network","dc:creator":"Zuo J.","prism:publicationName":"Journal of Information and Computational Science","prism:issn":"15487741","prism:volume":"9","prism:issueIdentifier":"15","prism:pageRange":"4583-4590","prism:coverDate":"2012-12-30","prism:coverDisplayDate":"30 December 2012","citedby-count":"0","affiliation": [{"@_fa": "true", "affilname":"Jiangxi Normal University","affiliation-city":"Nanchang","affiliation-country":"China"}],"prism:aggregationType":"Journal","subtype":"ar","subtypeDescription":"Article","source-id":"144748","openaccess":"0","openaccessFlag":false},{"@_fa": "true", "link": [{"@_fa": "true", "@ref": "self", "@href": "https://api.elsevier.com/content/abstract/scopus_id/84872134157"},{"@_fa": "true", "@ref": "author-affiliation", "@href": "https://api.elsevier.com/content/abstract/scopus_id/84872134157?field=author,affiliation"},{"@_fa": "true", "@ref": "scopus", "@href": "https://www.scopus.com/inward/record.uri?partnerID=HzOxMe3b&scp=84872134157&origin=inward"},{"@_fa": "true", "@ref": "scopus-citedby", "@href": "https://www.scopus.com/inward/citedby.uri?partnerID=HzOxMe3b&scp=84872134157&origin=inward"}],"prism:url":"https://api.elsevier.com/content/abstract/scopus_id/84872134157","dc:identifier":"SCOPUS_ID:84872134157","eid":"2-s2.0-84872134157","dc:title":"MEA-based wireless sensor network routing algorithm","dc:creator":"Li L.","prism:publicationName":"Journal of Information and Computational Science","prism:issn":"15487741","prism:volume":"9","prism:issueIdentifier":"15","prism:pageRange":"4639-4645","prism:coverDate":"2012-12-30","prism:coverDisplayDate":"30 December 2012","citedby-count":"0","affiliation": [{"@_fa": "true", "affilname":"Taiyuan University of Technology","affiliation-city":"Taiyuan","affiliation-country":"China"}],"prism:aggregationType":"Journal","subtype":"ar","subtypeDescription":"Article","source-id":"144748","openaccess":"0","openaccessFlag":false},{"@_fa": "true", "link": [{"@_fa": "true", "@ref": "self", "@href": "https://api.elsevier.com/content/abstract/scopus_id/84872154367"},{"@_fa": "true", "@ref": "author-affiliation", "@href": "https://api.elsevier.com/content/abstract/scopus_id/84872154367?field=author,affiliation"},{"@_fa": "true", "@ref": "scopus", "@href": "https://www.scopus.com/inward/record.uri?partnerID=HzOxMe3b&scp=84872154367&origin=inward"},{"@_fa": "true", "@ref": "scopus-citedby", "@href": "https://www.scopus.com/inward/citedby.uri?partnerID=HzOxMe3b&scp=84872154367&origin=inward"}],"prism:url":"https://api.elsevier.com/content/abstract/scopus_id/84872154367","dc:identifier":"SCOPUS_ID:84872154367","eid":"2-s2.0-84872154367","dc:title":"Data aggregation scheduling algorithm based on maximum weighted independent set for WSNs","dc:creator":"Xu J.","prism:publicationName":"Journal of Information and Computational Science","prism:issn":"15487741","prism:volume":"9","prism:issueIdentifier":"15","prism:pageRange":"4451-4459","prism:coverDate":"2012-12-30","prism:coverDisplayDate":"30 December 2012","citedby-count":"2","affiliation": [{"@_fa": "true", "affilname":"Nanjing University of Post and TeleCommunications","affiliation-city":"Nanjing","affiliation-country":"China"}],"prism:aggregationType":"Journal","subtype":"ar","subtypeDescription":"Article","source-id":"144748","openaccess":"0","openaccessFlag":false},{"@_fa": "true", "link": [{"@_fa": "true", "@ref": "self", "@href": "https://api.elsevier.com/content/abstract/scopus_id/84872137815"},{"@_fa": "true", "@ref": "author-affiliation", "@href": "https://api.elsevier.com/content/abstract/scopus_id/84872137815?field=author,affiliation"},{"@_fa": "true", "@ref": "scopus", "@href": "https://www.scopus.com/inward/record.uri?partnerID=HzOxMe3b&scp=84872137815&origin=inward"},{"@_fa": "true", "@ref": "scopus-citedby", "@href": "https://www.scopus.com/inward/citedby.uri?partnerID=HzOxMe3b&scp=84872137815&origin=inward"}],"prism:url":"https://api.elsevier.com/content/abstract/scopus_id/84872137815","dc:identifier":"SCOPUS_ID:84872137815","eid":"2-s2.0-84872137815","dc:title":"An efficient region-based location service in mobile ad hoc networks","dc:creator":"Zhou J.","prism:publicationName":"Journal of Information and Computational Science","prism:issn":"15487741","prism:volume":"9","prism:issueIdentifier":"15","prism:pageRange":"4531-4539","prism:coverDate":"2012-12-30","prism:coverDisplayDate":"30 December 2012","citedby-count":"2","prism:aggregationType":"Journal","subtype":"ar","subtypeDescription":"Article","source-id":"144748","openaccess":"0","openaccessFlag":false},{"@_fa": "true", "link": [{"@_fa": "true", "@ref": "self", "@href": "https://api.elsevier.com/content/abstract/scopus_id/84872170246"},{"@_fa": "true", "@ref": "author-affiliation", "@href": "https://api.elsevier.com/content/abstract/scopus_id/84872170246?field=author,affiliation"},{"@_fa": "true", "@ref": "scopus", "@href": "https://www.scopus.com/inward/record.uri?partnerID=HzOxMe3b&scp=84872170246&origin=inward"},{"@_fa": "true", "@ref": "scopus-citedby", "@href": "https://www.scopus.com/inward/citedby.uri?partnerID=HzOxMe3b&scp=84872170246&origin=inward"}],"prism:url":"https://api.elsevier.com/content/abstract/scopus_id/84872170246","dc:identifier":"SCOPUS_ID:84872170246","eid":"2-s2.0-84872170246","dc:title":"An efficient and reliable Fibonacci tree based overlay multicast protocol","dc:creator":"Li J.","prism:publicationName":"Journal of Information and Computational Science","prism:issn":"15487741","prism:volume":"9","prism:issueIdentifier":"15","prism:pageRange":"4467-4475","prism:coverDate":"2012-12-30","prism:coverDisplayDate":"30 December 2012","citedby-count":"0","affiliation": [{"@_fa": "true", "affilname":"Shanghai University of Electric Power","affiliation-city":"Shanghai","affiliation-country":"China"}],"prism:aggregationType":"Journal","subtype":"ar","subtypeDescription":"Article","source-id":"144748","openaccess":"0","openaccessFlag":false}]}}