{"search-results":{"opensearch:totalResults":"180","opensearch:startIndex":"0","opensearch:itemsPerPage":"25","opensearch:Query":{"@role": "request", "@searchTerms": "TITLE-ABS-KEY(\"network\") AND SUBJAREA(SOCI) AND PUBYEAR = 1978", "@startPage": "0"},"link": [{"@_fa": "true", "@ref": "self", "@href": "https://api.elsevier.com/content/search/scopus?start=0&count=25&query=TITLE-ABS-KEY%28%22network%22%29+AND+SUBJAREA%28SOCI%29+AND+PUBYEAR+%3D+1978&apiKey=27d953b4b546791964ebeb768d13e61f&view=STANDARD", "@type": "application/json"},{"@_fa": "true", "@ref": "first", "@href": "https://api.elsevier.com/content/search/scopus?start=0&count=25&query=TITLE-ABS-KEY%28%22network%22%29+AND+SUBJAREA%28SOCI%29+AND+PUBYEAR+%3D+1978&apiKey=27d953b4b546791964ebeb768d13e61f&view=STANDARD", "@type": "application/json"},{"@_fa": "true", "@ref": "next", "@href": "https://api.elsevier.com/content/search/scopus?start=25&count=25&query=TITLE-ABS-KEY%28%22network%22%29+AND+SUBJAREA%28SOCI%29+AND+PUBYEAR+%3D+1978&apiKey=27d953b4b546791964ebeb768d13e61f&view=STANDARD", "@type": "application/json"},{"@_fa": "true", "@ref": "last", "@href": "https://api.elsevier.com/content/search/scopus?start=155&count=25&query=TITLE-ABS-KEY%28%22network%22%29+AND+SUBJAREA%28SOCI%29+AND+PUBYEAR+%3D+1978&apiKey=27d953b4b546791964ebeb768d13e61f&view=STANDARD", "@type": "application/json"}],"entry": [{"@_fa": "true", "link": [{"@_fa": "true", "@ref": "self", "@href": "https://api.elsevier.com/content/abstract/scopus_id/0017916471"},{"@_fa": "true", "@ref": "author-affiliation", "@href": "https://api.elsevier.com/content/abstract/scopus_id/0017916471?field=author,affiliation"},{"@_fa": "true", "@ref": "scopus", "@href": "https://www.scopus.com/inward/record.uri?partnerID=HzOxMe3b&scp=0017916471&origin=inward"},{"@_fa": "true", "@ref": "scopus-citedby", "@href": "https://www.scopus.com/inward/citedby.uri?partnerID=HzOxMe3b&scp=0017916471&origin=inward"}],"prism:url":"https://api.elsevier.com/content/abstract/scopus_id/0017916471","dc:identifier":"SCOPUS_ID:0017916471","eid":"2-s2.0-0017916471","dc:title":"The accessibility of nodes in the Belgian road network","dc:creator":"De Lannoy W.","prism:publicationName":"GeoJournal","prism:issn":"03432521","prism:eIssn":"15729893","prism:volume":"2","prism:issueIdentifier":"1","prism:pageRange":"65-70","prism:coverDate":"1978-12-01","prism:coverDisplayDate":"1978","prism:doi":"10.1007/BF00212579","citedby-count":"3","affiliation": [{"@_fa": "true", "affilname":"Vrije Universiteit Brussel","affiliation-city":"Elsene","affiliation-country":"Belgium"}],"prism:aggregationType":"Journal","subtype":"ar","subtypeDescription":"Article","source-id":"28772","openaccess":"0","openaccessFlag":false},{"@_fa": "true", "link": [{"@_fa": "true", "@ref": "self", "@href": "https://api.elsevier.com/content/abstract/scopus_id/0018228271"},{"@_fa": "true", "@ref": "author-affiliation", "@href": "https://api.elsevier.com/content/abstract/scopus_id/0018228271?field=author,affiliation"},{"@_fa": "true", "@ref": "scopus", "@href": "https://www.scopus.com/inward/record.uri?partnerID=HzOxMe3b&scp=0018228271&origin=inward"},{"@_fa": "true", "@ref": "scopus-citedby", "@href": "https://www.scopus.com/inward/citedby.uri?partnerID=HzOxMe3b&scp=0018228271&origin=inward"}],"prism:url":"https://api.elsevier.com/content/abstract/scopus_id/0018228271","dc:identifier":"SCOPUS_ID:0018228271","eid":"2-s2.0-0018228271","dc:title":"STORAGE ALLOCATION FOR ACCESS PATH MINIMIZATION IN NETWORK STRUCTURED DATA BASES.","dc:creator":"Malmquist J.","prism:publicationName":"Proceedings of The Western Snow Conference","prism:issn":"01610589","prism:pageRange":"319-340","prism:coverDate":"1978-12-01","prism:coverDisplayDate":"1978","citedby-count":"1","prism:aggregationType":"Conference Proceeding","subtype":"ar","subtypeDescription":"Article","source-id":"29727","openaccess":"0","openaccessFlag":false},{"@_fa": "true", "link": [{"@_fa": "true", "@ref": "self", "@href": "https://api.elsevier.com/content/abstract/scopus_id/34250280380"},{"@_fa": "true", "@ref": "author-affiliation", "@href": "https://api.elsevier.com/content/abstract/scopus_id/34250280380?field=author,affiliation"},{"@_fa": "true", "@ref": "scopus", "@href": "https://www.scopus.com/inward/record.uri?partnerID=HzOxMe3b&scp=34250280380&origin=inward"},{"@_fa": "true", "@ref": "scopus-citedby", "@href": "https://www.scopus.com/inward/citedby.uri?partnerID=HzOxMe3b&scp=34250280380&origin=inward"}],"prism:url":"https://api.elsevier.com/content/abstract/scopus_id/34250280380","dc:identifier":"SCOPUS_ID:34250280380","eid":"2-s2.0-34250280380","dc:title":"Educational research networks in Latin America","dc:creator":"Schiefelbein E.","prism:publicationName":"International Review of Education","prism:issn":"00208566","prism:eIssn":"15730638","prism:volume":"24","prism:issueIdentifier":"4","prism:pageRange":"483-500","prism:coverDate":"1978-12-01","prism:coverDisplayDate":"December 1978","prism:doi":"10.1007/BF00615695","citedby-count":"0","prism:aggregationType":"Journal","subtype":"ar","subtypeDescription":"Article","source-id":"12695","openaccess":"0","openaccessFlag":false},{"@_fa": "true", "link": [{"@_fa": "true", "@ref": "self", "@href": "https://api.elsevier.com/content/abstract/scopus_id/0018223280"},{"@_fa": "true", "@ref": "author-affiliation", "@href": "https://api.elsevier.com/content/abstract/scopus_id/0018223280?field=author,affiliation"},{"@_fa": "true", "@ref": "scopus", "@href": "https://www.scopus.com/inward/record.uri?partnerID=HzOxMe3b&scp=0018223280&origin=inward"},{"@_fa": "true", "@ref": "scopus-citedby", "@href": "https://www.scopus.com/inward/citedby.uri?partnerID=HzOxMe3b&scp=0018223280&origin=inward"}],"prism:url":"https://api.elsevier.com/content/abstract/scopus_id/0018223280","dc:identifier":"SCOPUS_ID:0018223280","eid":"2-s2.0-0018223280","dc:title":"The social maps of children approaching adolescence: Studying the ecology of youth development","dc:creator":"Garbarino J.","prism:publicationName":"Journal of Youth and Adolescence","prism:issn":"00472891","prism:eIssn":"15736601","prism:volume":"7","prism:issueIdentifier":"4","prism:pageRange":"417-428","prism:coverDate":"1978-12-01","prism:coverDisplayDate":"December 1978","prism:doi":"10.1007/BF01537809","citedby-count":"54","affiliation": [{"@_fa": "true", "affilname":"Boys Town Center for the Study of Youth Development","affiliation-city":null,"affiliation-country":"United States"}],"prism:aggregationType":"Journal","subtype":"ar","subtypeDescription":"Article","source-id":"25680","openaccess":"0","openaccessFlag":false},{"@_fa": "true", "link": [{"@_fa": "true", "@ref": "self", "@href": "https://api.elsevier.com/content/abstract/scopus_id/0018212565"},{"@_fa": "true", "@ref": "author-affiliation", "@href": "https://api.elsevier.com/content/abstract/scopus_id/0018212565?field=author,affiliation"},{"@_fa": "true", "@ref": "scopus", "@href": "https://www.scopus.com/inward/record.uri?partnerID=HzOxMe3b&scp=0018212565&origin=inward"},{"@_fa": "true", "@ref": "scopus-citedby", "@href": "https://www.scopus.com/inward/citedby.uri?partnerID=HzOxMe3b&scp=0018212565&origin=inward"}],"prism:url":"https://api.elsevier.com/content/abstract/scopus_id/0018212565","dc:identifier":"SCOPUS_ID:0018212565","eid":"2-s2.0-0018212565","dc:title":"IMPLEMENTATION OF FORAL USING IDMS.","dc:creator":"Goldschmidt D.","prism:publicationName":"Proceedings of The Western Snow Conference","prism:issn":"01610589","prism:pageRange":"131-150","prism:coverDate":"1978-12-01","prism:coverDisplayDate":"1978","citedby-count":"0","prism:aggregationType":"Conference Proceeding","subtype":"ar","subtypeDescription":"Article","source-id":"29727","openaccess":"0","openaccessFlag":false},{"@_fa": "true", "link": [{"@_fa": "true", "@ref": "self", "@href": "https://api.elsevier.com/content/abstract/scopus_id/0018056478"},{"@_fa": "true", "@ref": "author-affiliation", "@href": "https://api.elsevier.com/content/abstract/scopus_id/0018056478?field=author,affiliation"},{"@_fa": "true", "@ref": "scopus", "@href": "https://www.scopus.com/inward/record.uri?partnerID=HzOxMe3b&scp=0018056478&origin=inward"},{"@_fa": "true", "@ref": "scopus-citedby", "@href": "https://www.scopus.com/inward/citedby.uri?partnerID=HzOxMe3b&scp=0018056478&origin=inward"}],"prism:url":"https://api.elsevier.com/content/abstract/scopus_id/0018056478","dc:identifier":"SCOPUS_ID:0018056478","eid":"2-s2.0-0018056478","dc:title":"Health and self-reliance: the experience of Tanzania.","dc:creator":"Tarimo E.","prism:publicationName":"Development Dialogue","prism:issn":"03452328","prism:volume":"1","prism:pageRange":"35-40","prism:coverDate":"1978-12-01","prism:coverDisplayDate":"1978","citedby-count":"1","pubmed-id":"12260677","prism:aggregationType":"Journal","subtype":"ar","subtypeDescription":"Article","source-id":"24035","openaccess":"0","openaccessFlag":false},{"@_fa": "true", "link": [{"@_fa": "true", "@ref": "self", "@href": "https://api.elsevier.com/content/abstract/scopus_id/61349182902"},{"@_fa": "true", "@ref": "author-affiliation", "@href": "https://api.elsevier.com/content/abstract/scopus_id/61349182902?field=author,affiliation"},{"@_fa": "true", "@ref": "scopus", "@href": "https://www.scopus.com/inward/record.uri?partnerID=HzOxMe3b&scp=61349182902&origin=inward"},{"@_fa": "true", "@ref": "scopus-citedby", "@href": "https://www.scopus.com/inward/citedby.uri?partnerID=HzOxMe3b&scp=61349182902&origin=inward"}],"prism:url":"https://api.elsevier.com/content/abstract/scopus_id/61349182902","dc:identifier":"SCOPUS_ID:61349182902","eid":"2-s2.0-61349182902","dc:title":"Prolegomenon to a theory of religion","dc:creator":"Larson G.","prism:publicationName":"Journal of the American Academy of Religion","prism:issn":"00027189","prism:volume":"46","prism:issueIdentifier":"4","prism:pageRange":"443-463","prism:coverDate":"1978-12-01","prism:coverDisplayDate":"December 1978","prism:doi":"10.1093/jaarel/XLVI.4.443","citedby-count":"6","prism:aggregationType":"Journal","subtype":"ar","subtypeDescription":"Article","source-id":"5600155214","openaccess":"0","openaccessFlag":false},{"@_fa": "true", "link": [{"@_fa": "true", "@ref": "self", "@href": "https://api.elsevier.com/content/abstract/scopus_id/84953154495"},{"@_fa": "true", "@ref": "author-affiliation", "@href": "https://api.elsevier.com/content/abstract/scopus_id/84953154495?field=author,affiliation"},{"@_fa": "true", "@ref": "scopus", "@href": "https://www.scopus.com/inward/record.uri?partnerID=HzOxMe3b&scp=84953154495&origin=inward"},{"@_fa": "true", "@ref": "scopus-citedby", "@href": "https://www.scopus.com/inward/citedby.uri?partnerID=HzOxMe3b&scp=84953154495&origin=inward"}],"prism:url":"https://api.elsevier.com/content/abstract/scopus_id/84953154495","dc:identifier":"SCOPUS_ID:84953154495","eid":"2-s2.0-84953154495","dc:title":"The implications of system network for social work with groups","dc:creator":"Moore E.","prism:publicationName":"Social Work with Groups","prism:issn":"01609513","prism:eIssn":"15409481","prism:volume":"1","prism:issueIdentifier":"2","prism:pageRange":"133-143","prism:coverDate":"1978-10-20","prism:coverDisplayDate":"20 October 1978","prism:doi":"10.1300/J009v01n02_03","citedby-count":"3","affiliation": [{"@_fa": "true", "affilname":"Carleton University","affiliation-city":"Ottawa","affiliation-country":"Canada"}],"prism:aggregationType":"Journal","subtype":"ar","subtypeDescription":"Article","source-id":"15035","openaccess":"0","openaccessFlag":false},{"@_fa": "true", "link": [{"@_fa": "true", "@ref": "self", "@href": "https://api.elsevier.com/content/abstract/scopus_id/84952236452"},{"@_fa": "true", "@ref": "author-affiliation", "@href": "https://api.elsevier.com/content/abstract/scopus_id/84952236452?field=author,affiliation"},{"@_fa": "true", "@ref": "scopus", "@href": "https://www.scopus.com/inward/record.uri?partnerID=HzOxMe3b&scp=84952236452&origin=inward"},{"@_fa": "true", "@ref": "scopus-citedby", "@href": "https://www.scopus.com/inward/citedby.uri?partnerID=HzOxMe3b&scp=84952236452&origin=inward"}],"prism:url":"https://api.elsevier.com/content/abstract/scopus_id/84952236452","dc:identifier":"SCOPUS_ID:84952236452","eid":"2-s2.0-84952236452","dc:title":"Clustering services for services intergration: An empirical approach","dc:creator":"Mudrick N.","prism:publicationName":"Journal of Social Service Research","prism:issn":"01488376","prism:eIssn":"15407314","prism:volume":"1","prism:issueIdentifier":"3","prism:pageRange":"261-274","prism:coverDate":"1978-10-16","prism:coverDisplayDate":"16 October 1978","prism:doi":"10.1300/J079v01n03_03","citedby-count":"0","affiliation": [{"@_fa": "true", "affilname":"Syracuse University","affiliation-city":"Syracuse","affiliation-country":"United States"}],"prism:aggregationType":"Journal","subtype":"ar","subtypeDescription":"Article","source-id":"12283","openaccess":"0","openaccessFlag":false},{"@_fa": "true", "link": [{"@_fa": "true", "@ref": "self", "@href": "https://api.elsevier.com/content/abstract/scopus_id/85052988441"},{"@_fa": "true", "@ref": "author-affiliation", "@href": "https://api.elsevier.com/content/abstract/scopus_id/85052988441?field=author,affiliation"},{"@_fa": "true", "@ref": "scopus", "@href": "https://www.scopus.com/inward/record.uri?partnerID=HzOxMe3b&scp=85052988441&origin=inward"},{"@_fa": "true", "@ref": "scopus-citedby", "@href": "https://www.scopus.com/inward/citedby.uri?partnerID=HzOxMe3b&scp=85052988441&origin=inward"}],"prism:url":"https://api.elsevier.com/content/abstract/scopus_id/85052988441","dc:identifier":"SCOPUS_ID:85052988441","eid":"2-s2.0-85052988441","dc:title":"Computer network associates","dc:creator":"Costello D.","prism:publicationName":"Proceedings ACM SIGUCCS User Services Conference","prism:pageRange":"62-63","prism:coverDate":"1978-10-15","prism:coverDisplayDate":"15 October 1978","prism:doi":"10.1145/800131.804272","citedby-count":"0","affiliation": [{"@_fa": "true", "affilname":"University of Nebraska","affiliation-city":null,"affiliation-country":"United States"}],"prism:aggregationType":"Conference Proceeding","subtype":"cp","subtypeDescription":"Conference Paper","source-id":"21100876454","openaccess":"0","openaccessFlag":false},{"@_fa": "true", "link": [{"@_fa": "true", "@ref": "self", "@href": "https://api.elsevier.com/content/abstract/scopus_id/85052990666"},{"@_fa": "true", "@ref": "author-affiliation", "@href": "https://api.elsevier.com/content/abstract/scopus_id/85052990666?field=author,affiliation"},{"@_fa": "true", "@ref": "scopus", "@href": "https://www.scopus.com/inward/record.uri?partnerID=HzOxMe3b&scp=85052990666&origin=inward"},{"@_fa": "true", "@ref": "scopus-citedby", "@href": "https://www.scopus.com/inward/citedby.uri?partnerID=HzOxMe3b&scp=85052990666&origin=inward"}],"prism:url":"https://api.elsevier.com/content/abstract/scopus_id/85052990666","dc:identifier":"SCOPUS_ID:85052990666","eid":"2-s2.0-85052990666","dc:title":"Regional public-school networks","dc:creator":"Day A.","prism:publicationName":"Proceedings ACM SIGUCCS User Services Conference","prism:pageRange":"108-109","prism:coverDate":"1978-10-15","prism:coverDisplayDate":"15 October 1978","prism:doi":"10.1145/800131.804287","citedby-count":"0","affiliation": [{"@_fa": "true", "affilname":"Rutgers University-Newark Campus","affiliation-city":"Newark","affiliation-country":"United States"}],"prism:aggregationType":"Conference Proceeding","subtype":"cp","subtypeDescription":"Conference Paper","source-id":"21100876454","openaccess":"0","openaccessFlag":false},{"@_fa": "true", "link": [{"@_fa": "true", "@ref": "self", "@href": "https://api.elsevier.com/content/abstract/scopus_id/85051467716"},{"@_fa": "true", "@ref": "author-affiliation", "@href": "https://api.elsevier.com/content/abstract/scopus_id/85051467716?field=author,affiliation"},{"@_fa": "true", "@ref": "scopus", "@href": "https://www.scopus.com/inward/record.uri?partnerID=HzOxMe3b&scp=85051467716&origin=inward"},{"@_fa": "true", "@ref": "scopus-citedby", "@href": "https://www.scopus.com/inward/citedby.uri?partnerID=HzOxMe3b&scp=85051467716&origin=inward"}],"prism:url":"https://api.elsevier.com/content/abstract/scopus_id/85051467716","dc:identifier":"SCOPUS_ID:85051467716","eid":"2-s2.0-85051467716","dc:title":"User communication in a heterogeneous distributed network","dc:creator":"Wendt C.","prism:publicationName":"Proceedings ACM SIGUCCS User Services Conference","prism:pageRange":"105-107","prism:coverDate":"1978-10-15","prism:coverDisplayDate":"15 October 1978","prism:doi":"10.1145/800131.804286","citedby-count":"1","affiliation": [{"@_fa": "true", "affilname":"Merit Computer Network","affiliation-city":"Ann Arbor","affiliation-country":"United States"}],"prism:aggregationType":"Conference Proceeding","subtype":"cp","subtypeDescription":"Conference Paper","source-id":"21100876454","openaccess":"0","openaccessFlag":false},{"@_fa": "true", "link": [{"@_fa": "true", "@ref": "self", "@href": "https://api.elsevier.com/content/abstract/scopus_id/85053006101"},{"@_fa": "true", "@ref": "author-affiliation", "@href": "https://api.elsevier.com/content/abstract/scopus_id/85053006101?field=author,affiliation"},{"@_fa": "true", "@ref": "scopus", "@href": "https://www.scopus.com/inward/record.uri?partnerID=HzOxMe3b&scp=85053006101&origin=inward"},{"@_fa": "true", "@ref": "scopus-citedby", "@href": "https://www.scopus.com/inward/citedby.uri?partnerID=HzOxMe3b&scp=85053006101&origin=inward"}],"prism:url":"https://api.elsevier.com/content/abstract/scopus_id/85053006101","dc:identifier":"SCOPUS_ID:85053006101","eid":"2-s2.0-85053006101","dc:title":"Implementing an academic computing services experimental program on a university-wide basis","dc:creator":"Berton W.","prism:publicationName":"Proceedings ACM SIGUCCS User Services Conference","prism:pageRange":"57-61","prism:coverDate":"1978-10-15","prism:coverDisplayDate":"15 October 1978","prism:doi":"10.1145/800131.804271","citedby-count":"0","affiliation": [{"@_fa": "true", "affilname":"University of Nebraska","affiliation-city":null,"affiliation-country":"United States"}],"prism:aggregationType":"Conference Proceeding","subtype":"cp","subtypeDescription":"Conference Paper","source-id":"21100876454","openaccess":"0","openaccessFlag":false},{"@_fa": "true", "link": [{"@_fa": "true", "@ref": "self", "@href": "https://api.elsevier.com/content/abstract/scopus_id/0018026536"},{"@_fa": "true", "@ref": "author-affiliation", "@href": "https://api.elsevier.com/content/abstract/scopus_id/0018026536?field=author,affiliation"},{"@_fa": "true", "@ref": "scopus", "@href": "https://www.scopus.com/inward/record.uri?partnerID=HzOxMe3b&scp=0018026536&origin=inward"},{"@_fa": "true", "@ref": "scopus-citedby", "@href": "https://www.scopus.com/inward/citedby.uri?partnerID=HzOxMe3b&scp=0018026536&origin=inward"}],"prism:url":"https://api.elsevier.com/content/abstract/scopus_id/0018026536","dc:identifier":"SCOPUS_ID:0018026536","eid":"2-s2.0-0018026536","dc:title":"The community health information network: a model for hospital and public library cooperation.","dc:creator":"Gartenfeld E.","prism:publicationName":"Library Journal","prism:issn":"03630277","prism:volume":"103","prism:issueIdentifier":"17","prism:pageRange":"1911-1914","prism:coverDate":"1978-10-01","prism:coverDisplayDate":"1 October 1978","citedby-count":"13","pubmed-id":"10238502","prism:aggregationType":"Journal","subtype":"ar","subtypeDescription":"Article","source-id":"14013","openaccess":"0","openaccessFlag":false},{"@_fa": "true", "link": [{"@_fa": "true", "@ref": "self", "@href": "https://api.elsevier.com/content/abstract/scopus_id/85057610948"},{"@_fa": "true", "@ref": "author-affiliation", "@href": "https://api.elsevier.com/content/abstract/scopus_id/85057610948?field=author,affiliation"},{"@_fa": "true", "@ref": "scopus", "@href": "https://www.scopus.com/inward/record.uri?partnerID=HzOxMe3b&scp=85057610948&origin=inward"},{"@_fa": "true", "@ref": "scopus-citedby", "@href": "https://www.scopus.com/inward/citedby.uri?partnerID=HzOxMe3b&scp=85057610948&origin=inward"}],"prism:url":"https://api.elsevier.com/content/abstract/scopus_id/85057610948","dc:identifier":"SCOPUS_ID:85057610948","eid":"2-s2.0-85057610948","dc:title":"Economy of a Prehistoric Urban Context: Commodity and Labor Flow at Moche V Pampa Grande, Peru","dc:creator":"Shimada I.","prism:publicationName":"American Antiquity","prism:issn":"00027316","prism:volume":"43","prism:issueIdentifier":"4","prism:pageRange":"569-592","prism:coverDate":"1978-10-01","prism:coverDisplayDate":"1 October 1978","prism:doi":"10.2307/279490","pii":"S0002731600093434","citedby-count":"15","affiliation": [{"@_fa": "true", "affilname":"Princeton University","affiliation-city":"Princeton","affiliation-country":"United States"}],"prism:aggregationType":"Journal","subtype":"ar","subtypeDescription":"Article","source-id":"40554","openaccess":"0","openaccessFlag":false},{"@_fa": "true", "link": [{"@_fa": "true", "@ref": "self", "@href": "https://api.elsevier.com/content/abstract/scopus_id/0000465260"},{"@_fa": "true", "@ref": "author-affiliation", "@href": "https://api.elsevier.com/content/abstract/scopus_id/0000465260?field=author,affiliation"},{"@_fa": "true", "@ref": "scopus", "@href": "https://www.scopus.com/inward/record.uri?partnerID=HzOxMe3b&scp=0000465260&origin=inward"},{"@_fa": "true", "@ref": "scopus-citedby", "@href": "https://www.scopus.com/inward/citedby.uri?partnerID=HzOxMe3b&scp=0000465260&origin=inward"}],"prism:url":"https://api.elsevier.com/content/abstract/scopus_id/0000465260","dc:identifier":"SCOPUS_ID:0000465260","eid":"2-s2.0-0000465260","dc:title":"Cognitive style and teacher-student compatibility","dc:creator":"Packer J.","prism:publicationName":"Journal of Educational Psychology","prism:issn":"00220663","prism:volume":"70","prism:issueIdentifier":"5","prism:pageRange":"864-871","prism:coverDate":"1978-10-01","prism:coverDisplayDate":"October 1978","prism:doi":"10.1037/0022-0663.70.5.864","pii":"S0022066307670123","citedby-count":"36","affiliation": [{"@_fa": "true", "affilname":"University of Queensland","affiliation-city":"Brisbane","affiliation-country":"Australia"}],"prism:aggregationType":"Journal","subtype":"ar","subtypeDescription":"Article","source-id":"12808","openaccess":"0","openaccessFlag":false},{"@_fa": "true", "link": [{"@_fa": "true", "@ref": "self", "@href": "https://api.elsevier.com/content/abstract/scopus_id/84955218288"},{"@_fa": "true", "@ref": "author-affiliation", "@href": "https://api.elsevier.com/content/abstract/scopus_id/84955218288?field=author,affiliation"},{"@_fa": "true", "@ref": "scopus", "@href": "https://www.scopus.com/inward/record.uri?partnerID=HzOxMe3b&scp=84955218288&origin=inward"},{"@_fa": "true", "@ref": "scopus-citedby", "@href": "https://www.scopus.com/inward/citedby.uri?partnerID=HzOxMe3b&scp=84955218288&origin=inward"}],"prism:url":"https://api.elsevier.com/content/abstract/scopus_id/84955218288","dc:identifier":"SCOPUS_ID:84955218288","eid":"2-s2.0-84955218288","dc:title":"Controversy and the network documentary: Critical analysis of form","dc:creator":"Davis L.","prism:publicationName":"Communication Quarterly","prism:issn":"01463373","prism:eIssn":"17464102","prism:volume":"26","prism:issueIdentifier":"4","prism:pageRange":"45-52","prism:coverDate":"1978-09-01","prism:coverDisplayDate":"1 September 1978","prism:doi":"10.1080/01463377809369313","citedby-count":"0","affiliation": [{"@_fa": "true", "affilname":"University of Massachusetts System","affiliation-city":"Boston","affiliation-country":"United States"}],"prism:aggregationType":"Journal","subtype":"ar","subtypeDescription":"Article","source-id":"5600154339","openaccess":"0","openaccessFlag":false},{"@_fa": "true", "link": [{"@_fa": "true", "@ref": "self", "@href": "https://api.elsevier.com/content/abstract/scopus_id/84951456957"},{"@_fa": "true", "@ref": "author-affiliation", "@href": "https://api.elsevier.com/content/abstract/scopus_id/84951456957?field=author,affiliation"},{"@_fa": "true", "@ref": "scopus", "@href": "https://www.scopus.com/inward/record.uri?partnerID=HzOxMe3b&scp=84951456957&origin=inward"},{"@_fa": "true", "@ref": "scopus-citedby", "@href": "https://www.scopus.com/inward/citedby.uri?partnerID=HzOxMe3b&scp=84951456957&origin=inward"}],"prism:url":"https://api.elsevier.com/content/abstract/scopus_id/84951456957","dc:identifier":"SCOPUS_ID:84951456957","eid":"2-s2.0-84951456957","dc:title":"Plugging in to the environmental education network","dc:creator":"Wheeler K.","prism:publicationName":"Journal of Geography in Higher Education","prism:issn":"03098265","prism:eIssn":"14661845","prism:volume":"2","prism:issueIdentifier":"2","prism:pageRange":"54-60","prism:coverDate":"1978-09-01","prism:coverDisplayDate":"1 September 1978","prism:doi":"10.1080/03098267808708672","citedby-count":"0","prism:aggregationType":"Journal","subtype":"ar","subtypeDescription":"Article","source-id":"29275","openaccess":"0","openaccessFlag":false},{"@_fa": "true", "link": [{"@_fa": "true", "@ref": "self", "@href": "https://api.elsevier.com/content/abstract/scopus_id/34248023008"},{"@_fa": "true", "@ref": "author-affiliation", "@href": "https://api.elsevier.com/content/abstract/scopus_id/34248023008?field=author,affiliation"},{"@_fa": "true", "@ref": "scopus", "@href": "https://www.scopus.com/inward/record.uri?partnerID=HzOxMe3b&scp=34248023008&origin=inward"},{"@_fa": "true", "@ref": "scopus-citedby", "@href": "https://www.scopus.com/inward/citedby.uri?partnerID=HzOxMe3b&scp=34248023008&origin=inward"}],"prism:url":"https://api.elsevier.com/content/abstract/scopus_id/34248023008","dc:identifier":"SCOPUS_ID:34248023008","eid":"2-s2.0-34248023008","dc:title":"The search for community in modern society: An interpretation","dc:creator":"Macionis J.","prism:publicationName":"Qualitative Sociology","prism:issn":"01620436","prism:eIssn":"15737837","prism:volume":"1","prism:issueIdentifier":"2","prism:pageRange":"130-143","prism:coverDate":"1978-09-01","prism:coverDisplayDate":"September 1978","prism:doi":"10.1007/BF02390167","citedby-count":"4","affiliation": [{"@_fa": "true", "affilname":"Hobart and William Smith Colleges","affiliation-city":"Geneva","affiliation-country":"United States"}],"prism:aggregationType":"Journal","subtype":"ar","subtypeDescription":"Article","source-id":"16842","openaccess":"0","openaccessFlag":false},{"@_fa": "true", "link": [{"@_fa": "true", "@ref": "self", "@href": "https://api.elsevier.com/content/abstract/scopus_id/0018012946"},{"@_fa": "true", "@ref": "author-affiliation", "@href": "https://api.elsevier.com/content/abstract/scopus_id/0018012946?field=author,affiliation"},{"@_fa": "true", "@ref": "scopus", "@href": "https://www.scopus.com/inward/record.uri?partnerID=HzOxMe3b&scp=0018012946&origin=inward"},{"@_fa": "true", "@ref": "scopus-citedby", "@href": "https://www.scopus.com/inward/citedby.uri?partnerID=HzOxMe3b&scp=0018012946&origin=inward"}],"prism:url":"https://api.elsevier.com/content/abstract/scopus_id/0018012946","dc:identifier":"SCOPUS_ID:0018012946","eid":"2-s2.0-0018012946","dc:title":"The sensitivity of parameter estimates to data specification in mode choice models","dc:creator":"Train K.","prism:publicationName":"Transportation","prism:issn":"00494488","prism:eIssn":"15729435","prism:volume":"7","prism:issueIdentifier":"3","prism:pageRange":"301-309","prism:coverDate":"1978-09-01","prism:coverDisplayDate":"September 1978","prism:doi":"10.1007/BF00165499","citedby-count":"13","prism:aggregationType":"Journal","subtype":"ar","subtypeDescription":"Article","source-id":"20864","openaccess":"0","openaccessFlag":false},{"@_fa": "true", "link": [{"@_fa": "true", "@ref": "self", "@href": "https://api.elsevier.com/content/abstract/scopus_id/0018181761"},{"@_fa": "true", "@ref": "author-affiliation", "@href": "https://api.elsevier.com/content/abstract/scopus_id/0018181761?field=author,affiliation"},{"@_fa": "true", "@ref": "scopus", "@href": "https://www.scopus.com/inward/record.uri?partnerID=HzOxMe3b&scp=0018181761&origin=inward"},{"@_fa": "true", "@ref": "scopus-citedby", "@href": "https://www.scopus.com/inward/citedby.uri?partnerID=HzOxMe3b&scp=0018181761&origin=inward"}],"prism:url":"https://api.elsevier.com/content/abstract/scopus_id/0018181761","dc:identifier":"SCOPUS_ID:0018181761","eid":"2-s2.0-0018181761","dc:title":"Does help help? The adaptive consequences of obtaining help from professionals and social networks","dc:creator":"Lieberman M.","prism:publicationName":"American Journal of Community Psychology","prism:issn":"00910562","prism:eIssn":"15732770","prism:volume":"6","prism:issueIdentifier":"5","prism:pageRange":"499-517","prism:coverDate":"1978-09-01","prism:coverDisplayDate":"September 1978","prism:doi":"10.1007/BF00941425","citedby-count":"31","affiliation": [{"@_fa": "true", "affilname":"University of Chicago","affiliation-city":"Chicago","affiliation-country":"United States"}],"pubmed-id":"727186","prism:aggregationType":"Journal","subtype":"ar","subtypeDescription":"Article","source-id":"16925","openaccess":"0","openaccessFlag":false},{"@_fa": "true", "link": [{"@_fa": "true", "@ref": "self", "@href": "https://api.elsevier.com/content/abstract/scopus_id/0001467206"},{"@_fa": "true", "@ref": "author-affiliation", "@href": "https://api.elsevier.com/content/abstract/scopus_id/0001467206?field=author,affiliation"},{"@_fa": "true", "@ref": "scopus", "@href": "https://www.scopus.com/inward/record.uri?partnerID=HzOxMe3b&scp=0001467206&origin=inward"},{"@_fa": "true", "@ref": "scopus-citedby", "@href": "https://www.scopus.com/inward/citedby.uri?partnerID=HzOxMe3b&scp=0001467206&origin=inward"}],"prism:url":"https://api.elsevier.com/content/abstract/scopus_id/0001467206","dc:identifier":"SCOPUS_ID:0001467206","eid":"2-s2.0-0001467206","dc:title":"Course characteristics and college students' ratings of their teachers: What we know and what we don't","dc:creator":"Feldman K.","prism:publicationName":"Research in Higher Education","prism:issn":"03610365","prism:eIssn":"1573188X","prism:volume":"9","prism:issueIdentifier":"3","prism:pageRange":"199-242","prism:coverDate":"1978-09-01","prism:coverDisplayDate":"September 1978","prism:doi":"10.1007/BF00976997","citedby-count":"151","affiliation": [{"@_fa": "true", "affilname":"Stony Brook University","affiliation-city":"Stony Brook","affiliation-country":"United States"}],"prism:aggregationType":"Journal","subtype":"ar","subtypeDescription":"Article","source-id":"20731","openaccess":"0","openaccessFlag":false},{"@_fa": "true", "link": [{"@_fa": "true", "@ref": "self", "@href": "https://api.elsevier.com/content/abstract/scopus_id/0018016346"},{"@_fa": "true", "@ref": "author-affiliation", "@href": "https://api.elsevier.com/content/abstract/scopus_id/0018016346?field=author,affiliation"},{"@_fa": "true", "@ref": "scopus", "@href": "https://www.scopus.com/inward/record.uri?partnerID=HzOxMe3b&scp=0018016346&origin=inward"},{"@_fa": "true", "@ref": "scopus-citedby", "@href": "https://www.scopus.com/inward/citedby.uri?partnerID=HzOxMe3b&scp=0018016346&origin=inward"}],"prism:url":"https://api.elsevier.com/content/abstract/scopus_id/0018016346","dc:identifier":"SCOPUS_ID:0018016346","eid":"2-s2.0-0018016346","dc:title":"Specification, transferability and the effect of data outliers in modeling the choice of mode in urban travel","dc:creator":"Talvitie A.","prism:publicationName":"Transportation","prism:issn":"00494488","prism:eIssn":"15729435","prism:volume":"7","prism:issueIdentifier":"3","prism:pageRange":"311-331","prism:coverDate":"1978-09-01","prism:coverDisplayDate":"September 1978","prism:doi":"10.1007/BF00165500","citedby-count":"22","affiliation": [{"@_fa": "true", "affilname":"State University of New York System","affiliation-city":"Albany","affiliation-country":"United States"}],"prism:aggregationType":"Journal","subtype":"ar","subtypeDescription":"Article","source-id":"20864","openaccess":"0","openaccessFlag":false},{"@_fa": "true", "link": [{"@_fa": "true", "@ref": "self", "@href": "https://api.elsevier.com/content/abstract/scopus_id/0018010031"},{"@_fa": "true", "@ref": "author-affiliation", "@href": "https://api.elsevier.com/content/abstract/scopus_id/0018010031?field=author,affiliation"},{"@_fa": "true", "@ref": "scopus", "@href": "https://www.scopus.com/inward/record.uri?partnerID=HzOxMe3b&scp=0018010031&origin=inward"},{"@_fa": "true", "@ref": "scopus-citedby", "@href": "https://www.scopus.com/inward/citedby.uri?partnerID=HzOxMe3b&scp=0018010031&origin=inward"}],"prism:url":"https://api.elsevier.com/content/abstract/scopus_id/0018010031","dc:identifier":"SCOPUS_ID:0018010031","eid":"2-s2.0-0018010031","dc:title":"Mid-level practitioners in rural health care - A three-year experience in Appalachia","dc:creator":"Blake R.","prism:publicationName":"Journal of Community Health","prism:issn":"00945145","prism:eIssn":"15733610","prism:volume":"4","prism:issueIdentifier":"1","prism:pageRange":"15-22","prism:coverDate":"1978-09-01","prism:coverDisplayDate":"September 1978","prism:doi":"10.1007/BF01349581","citedby-count":"8","pubmed-id":"29059","prism:aggregationType":"Journal","subtype":"ar","subtypeDescription":"Article","source-id":"15877","openaccess":"0","openaccessFlag":false},{"@_fa": "true", "link": [{"@_fa": "true", "@ref": "self", "@href": "https://api.elsevier.com/content/abstract/scopus_id/0001702676"},{"@_fa": "true", "@ref": "author-affiliation", "@href": "https://api.elsevier.com/content/abstract/scopus_id/0001702676?field=author,affiliation"},{"@_fa": "true", "@ref": "scopus", "@href": "https://www.scopus.com/inward/record.uri?partnerID=HzOxMe3b&scp=0001702676&origin=inward"},{"@_fa": "true", "@ref": "scopus-citedby", "@href": "https://www.scopus.com/inward/citedby.uri?partnerID=HzOxMe3b&scp=0001702676&origin=inward"}],"prism:url":"https://api.elsevier.com/content/abstract/scopus_id/0001702676","dc:identifier":"SCOPUS_ID:0001702676","eid":"2-s2.0-0001702676","dc:title":"Television news and political socialization","dc:creator":"Atkin C.","prism:publicationName":"Public Opinion Quarterly","prism:issn":"0033362X","prism:volume":"42","prism:issueIdentifier":"2","prism:pageRange":"183-194","prism:coverDate":"1978-06-01","prism:coverDisplayDate":"June 1978","prism:doi":"10.1086/268442","citedby-count":"56","affiliation": [{"@_fa": "true", "affilname":"Michigan State University","affiliation-city":"East Lansing","affiliation-country":"United States"}],"prism:aggregationType":"Journal","subtype":"ar","subtypeDescription":"Article","source-id":"23574","openaccess":"0","openaccessFlag":false}]}}