{"search-results":{"opensearch:totalResults":"87","opensearch:startIndex":"0","opensearch:itemsPerPage":"25","opensearch:Query":{"@role": "request", "@searchTerms": "TITLE-ABS-KEY(\"network\") AND SUBJAREA(SOCI) AND PUBYEAR = 1972", "@startPage": "0"},"link": [{"@_fa": "true", "@ref": "self", "@href": "https://api.elsevier.com/content/search/scopus?start=0&count=25&query=TITLE-ABS-KEY%28%22network%22%29+AND+SUBJAREA%28SOCI%29+AND+PUBYEAR+%3D+1972&apiKey=27d953b4b546791964ebeb768d13e61f&view=STANDARD", "@type": "application/json"},{"@_fa": "true", "@ref": "first", "@href": "https://api.elsevier.com/content/search/scopus?start=0&count=25&query=TITLE-ABS-KEY%28%22network%22%29+AND+SUBJAREA%28SOCI%29+AND+PUBYEAR+%3D+1972&apiKey=27d953b4b546791964ebeb768d13e61f&view=STANDARD", "@type": "application/json"},{"@_fa": "true", "@ref": "next", "@href": "https://api.elsevier.com/content/search/scopus?start=25&count=25&query=TITLE-ABS-KEY%28%22network%22%29+AND+SUBJAREA%28SOCI%29+AND+PUBYEAR+%3D+1972&apiKey=27d953b4b546791964ebeb768d13e61f&view=STANDARD", "@type": "application/json"},{"@_fa": "true", "@ref": "last", "@href": "https://api.elsevier.com/content/search/scopus?start=62&count=25&query=TITLE-ABS-KEY%28%22network%22%29+AND+SUBJAREA%28SOCI%29+AND+PUBYEAR+%3D+1972&apiKey=27d953b4b546791964ebeb768d13e61f&view=STANDARD", "@type": "application/json"}],"entry": [{"@_fa": "true", "link": [{"@_fa": "true", "@ref": "self", "@href": "https://api.elsevier.com/content/abstract/scopus_id/84981648388"},{"@_fa": "true", "@ref": "author-affiliation", "@href": "https://api.elsevier.com/content/abstract/scopus_id/84981648388?field=author,affiliation"},{"@_fa": "true", "@ref": "scopus", "@href": "https://www.scopus.com/inward/record.uri?partnerID=HzOxMe3b&scp=84981648388&origin=inward"},{"@_fa": "true", "@ref": "scopus-citedby", "@href": "https://www.scopus.com/inward/citedby.uri?partnerID=HzOxMe3b&scp=84981648388&origin=inward"}],"prism:url":"https://api.elsevier.com/content/abstract/scopus_id/84981648388","dc:identifier":"SCOPUS_ID:84981648388","eid":"2-s2.0-84981648388","dc:title":"A wholesale retail concept for computer network management","dc:creator":"Grobstein D.","prism:publicationName":"AFIPS Conference Proceedings - 1972 Fall Joint Computer Conference, AFIPS 1972","prism:pageRange":"889-898","prism:coverDate":"1972-12-05","prism:coverDisplayDate":"5 December 1972","citedby-count":"9","affiliation": [{"@_fa": "true", "affilname":"Picatinny","affiliation-city":"Picatinny Arsenal","affiliation-country":"United States"}],"prism:aggregationType":"Conference Proceeding","subtype":"cp","subtypeDescription":"Conference Paper","source-id":"21100894174","openaccess":"0","openaccessFlag":false},{"@_fa": "true", "link": [{"@_fa": "true", "@ref": "self", "@href": "https://api.elsevier.com/content/abstract/scopus_id/84981630356"},{"@_fa": "true", "@ref": "author-affiliation", "@href": "https://api.elsevier.com/content/abstract/scopus_id/84981630356?field=author,affiliation"},{"@_fa": "true", "@ref": "scopus", "@href": "https://www.scopus.com/inward/record.uri?partnerID=HzOxMe3b&scp=84981630356&origin=inward"},{"@_fa": "true", "@ref": "scopus-citedby", "@href": "https://www.scopus.com/inward/citedby.uri?partnerID=HzOxMe3b&scp=84981630356&origin=inward"}],"prism:url":"https://api.elsevier.com/content/abstract/scopus_id/84981630356","dc:identifier":"SCOPUS_ID:84981630356","eid":"2-s2.0-84981630356","dc:title":"Toward an inclusive information network","dc:creator":"Hench R.","prism:publicationName":"AFIPS Conference Proceedings - 1972 Fall Joint Computer Conference, AFIPS 1972","prism:pageRange":"1235-1241","prism:coverDate":"1972-12-05","prism:coverDisplayDate":"5 December 1972","citedby-count":"3","affiliation": [{"@_fa": "true", "affilname":"General Electric Company","affiliation-city":"Fairfield","affiliation-country":"United States"}],"prism:aggregationType":"Conference Proceeding","subtype":"cp","subtypeDescription":"Conference Paper","source-id":"21100894174","openaccess":"0","openaccessFlag":false},{"@_fa": "true", "link": [{"@_fa": "true", "@ref": "self", "@href": "https://api.elsevier.com/content/abstract/scopus_id/85064430684"},{"@_fa": "true", "@ref": "author-affiliation", "@href": "https://api.elsevier.com/content/abstract/scopus_id/85064430684?field=author,affiliation"},{"@_fa": "true", "@ref": "scopus", "@href": "https://www.scopus.com/inward/record.uri?partnerID=HzOxMe3b&scp=85064430684&origin=inward"},{"@_fa": "true", "@ref": "scopus-citedby", "@href": "https://www.scopus.com/inward/citedby.uri?partnerID=HzOxMe3b&scp=85064430684&origin=inward"}],"prism:url":"https://api.elsevier.com/content/abstract/scopus_id/85064430684","dc:identifier":"SCOPUS_ID:85064430684","eid":"2-s2.0-85064430684","dc:title":"Procedures for increasing fault coverage for digital networks","dc:creator":"Ronald Hoover L.","prism:publicationName":"AFIPS Conference Proceedings - 1972 Fall Joint Computer Conference, AFIPS 1972","prism:volume":"41","prism:pageRange":"375-384","prism:coverDate":"1972-12-05","prism:coverDisplayDate":"5 December 1972","citedby-count":"0","affiliation": [{"@_fa": "true", "affilname":"Missouri University of Science and Technology","affiliation-city":"Rolla","affiliation-country":"United States"},{"@_fa": "true", "affilname":"Nokia Bell Labs","affiliation-city":"Murray","affiliation-country":"United States"}],"prism:aggregationType":"Conference Proceeding","subtype":"cp","subtypeDescription":"Conference Paper","source-id":"21100903187","openaccess":"0","openaccessFlag":false},{"@_fa": "true", "link": [{"@_fa": "true", "@ref": "self", "@href": "https://api.elsevier.com/content/abstract/scopus_id/85032449399"},{"@_fa": "true", "@ref": "author-affiliation", "@href": "https://api.elsevier.com/content/abstract/scopus_id/85032449399?field=author,affiliation"},{"@_fa": "true", "@ref": "scopus", "@href": "https://www.scopus.com/inward/record.uri?partnerID=HzOxMe3b&scp=85032449399&origin=inward"},{"@_fa": "true", "@ref": "scopus-citedby", "@href": "https://www.scopus.com/inward/citedby.uri?partnerID=HzOxMe3b&scp=85032449399&origin=inward"}],"prism:url":"https://api.elsevier.com/content/abstract/scopus_id/85032449399","dc:identifier":"SCOPUS_ID:85032449399","eid":"2-s2.0-85032449399","dc:title":"Improvements in the design and performance of the ARPA network","dc:creator":"McQuillan J.","prism:publicationName":"AFIPS Conference Proceedings - 1972 Fall Joint Computer Conference, AFIPS 1972","prism:pageRange":"741-754","prism:coverDate":"1972-12-05","prism:coverDisplayDate":"5 December 1972","citedby-count":"34","affiliation": [{"@_fa": "true", "affilname":"BBN Technologies","affiliation-city":"Cambridge","affiliation-country":"United States"}],"prism:aggregationType":"Conference Proceeding","subtype":"cp","subtypeDescription":"Conference Paper","source-id":"21100894174","openaccess":"0","openaccessFlag":false},{"@_fa": "true", "link": [{"@_fa": "true", "@ref": "self", "@href": "https://api.elsevier.com/content/abstract/scopus_id/84976807747"},{"@_fa": "true", "@ref": "author-affiliation", "@href": "https://api.elsevier.com/content/abstract/scopus_id/84976807747?field=author,affiliation"},{"@_fa": "true", "@ref": "scopus", "@href": "https://www.scopus.com/inward/record.uri?partnerID=HzOxMe3b&scp=84976807747&origin=inward"},{"@_fa": "true", "@ref": "scopus-citedby", "@href": "https://www.scopus.com/inward/citedby.uri?partnerID=HzOxMe3b&scp=84976807747&origin=inward"}],"prism:url":"https://api.elsevier.com/content/abstract/scopus_id/84976807747","dc:identifier":"SCOPUS_ID:84976807747","eid":"2-s2.0-84976807747","dc:title":"The solution of the minimum cost flow and maximum flow network problems using associative processing","dc:creator":"Orlando V.","prism:publicationName":"AFIPS Conference Proceedings - 1972 Fall Joint Computer Conference, AFIPS 1972","prism:pageRange":"859-866","prism:coverDate":"1972-12-05","prism:coverDisplayDate":"5 December 1972","citedby-count":"4","affiliation": [{"@_fa": "true", "affilname":"Syracuse University","affiliation-city":"Syracuse","affiliation-country":"United States"}],"prism:aggregationType":"Conference Proceeding","subtype":"cp","subtypeDescription":"Conference Paper","source-id":"21100894174","openaccess":"0","openaccessFlag":false},{"@_fa": "true", "link": [{"@_fa": "true", "@ref": "self", "@href": "https://api.elsevier.com/content/abstract/scopus_id/85059619965"},{"@_fa": "true", "@ref": "author-affiliation", "@href": "https://api.elsevier.com/content/abstract/scopus_id/85059619965?field=author,affiliation"},{"@_fa": "true", "@ref": "scopus", "@href": "https://www.scopus.com/inward/record.uri?partnerID=HzOxMe3b&scp=85059619965&origin=inward"},{"@_fa": "true", "@ref": "scopus-citedby", "@href": "https://www.scopus.com/inward/citedby.uri?partnerID=HzOxMe3b&scp=85059619965&origin=inward"}],"prism:url":"https://api.elsevier.com/content/abstract/scopus_id/85059619965","dc:identifier":"SCOPUS_ID:85059619965","eid":"2-s2.0-85059619965","dc:title":"AFIPS Conference Proceedings - 1972 Fall Joint Computer Conference, AFIPS 1972","prism:publicationName":"AFIPS Conference Proceedings - 1972 Fall Joint Computer Conference, AFIPS 1972","prism:pageRange":null,"prism:coverDate":"1972-12-05","prism:coverDisplayDate":"5 December 1972","citedby-count":"0","prism:aggregationType":"Conference Proceeding","subtype":"cr","subtypeDescription":"Conference Review","source-id":"21100894174","openaccess":"0","openaccessFlag":false},{"@_fa": "true", "link": [{"@_fa": "true", "@ref": "self", "@href": "https://api.elsevier.com/content/abstract/scopus_id/85059633381"},{"@_fa": "true", "@ref": "author-affiliation", "@href": "https://api.elsevier.com/content/abstract/scopus_id/85059633381?field=author,affiliation"},{"@_fa": "true", "@ref": "scopus", "@href": "https://www.scopus.com/inward/record.uri?partnerID=HzOxMe3b&scp=85059633381&origin=inward"},{"@_fa": "true", "@ref": "scopus-citedby", "@href": "https://www.scopus.com/inward/citedby.uri?partnerID=HzOxMe3b&scp=85059633381&origin=inward"}],"prism:url":"https://api.elsevier.com/content/abstract/scopus_id/85059633381","dc:identifier":"SCOPUS_ID:85059633381","eid":"2-s2.0-85059633381","dc:title":"A programming language for real-time systems","dc:creator":"Kossiakoff A.","prism:publicationName":"AFIPS Conference Proceedings - 1972 Fall Joint Computer Conference, AFIPS 1972","prism:pageRange":"923-942","prism:coverDate":"1972-12-05","prism:coverDisplayDate":"5 December 1972","citedby-count":"1","affiliation": [{"@_fa": "true", "affilname":"Johns Hopkins University","affiliation-city":"Baltimore","affiliation-country":"United States"}],"prism:aggregationType":"Conference Proceeding","subtype":"cp","subtypeDescription":"Conference Paper","source-id":"21100894174","openaccess":"0","openaccessFlag":false},{"@_fa": "true", "link": [{"@_fa": "true", "@ref": "self", "@href": "https://api.elsevier.com/content/abstract/scopus_id/84981560516"},{"@_fa": "true", "@ref": "author-affiliation", "@href": "https://api.elsevier.com/content/abstract/scopus_id/84981560516?field=author,affiliation"},{"@_fa": "true", "@ref": "scopus", "@href": "https://www.scopus.com/inward/record.uri?partnerID=HzOxMe3b&scp=84981560516&origin=inward"},{"@_fa": "true", "@ref": "scopus-citedby", "@href": "https://www.scopus.com/inward/citedby.uri?partnerID=HzOxMe3b&scp=84981560516&origin=inward"}],"prism:url":"https://api.elsevier.com/content/abstract/scopus_id/84981560516","dc:identifier":"SCOPUS_ID:84981560516","eid":"2-s2.0-84981560516","dc:title":"Cost effective priority assignment in network computers","dc:creator":"Bowdon E.","prism:publicationName":"AFIPS Conference Proceedings - 1972 Fall Joint Computer Conference, AFIPS 1972","prism:pageRange":"755-763","prism:coverDate":"1972-12-05","prism:coverDisplayDate":"5 December 1972","citedby-count":"8","affiliation": [{"@_fa": "true", "affilname":"University of Illinois at Urbana-Champaign","affiliation-city":"Urbana","affiliation-country":"United States"}],"prism:aggregationType":"Conference Proceeding","subtype":"cp","subtypeDescription":"Conference Paper","source-id":"21100894174","openaccess":"0","openaccessFlag":false},{"@_fa": "true", "link": [{"@_fa": "true", "@ref": "self", "@href": "https://api.elsevier.com/content/abstract/scopus_id/84976652283"},{"@_fa": "true", "@ref": "author-affiliation", "@href": "https://api.elsevier.com/content/abstract/scopus_id/84976652283?field=author,affiliation"},{"@_fa": "true", "@ref": "scopus", "@href": "https://www.scopus.com/inward/record.uri?partnerID=HzOxMe3b&scp=84976652283&origin=inward"},{"@_fa": "true", "@ref": "scopus-citedby", "@href": "https://www.scopus.com/inward/citedby.uri?partnerID=HzOxMe3b&scp=84976652283&origin=inward"}],"prism:url":"https://api.elsevier.com/content/abstract/scopus_id/84976652283","dc:identifier":"SCOPUS_ID:84976652283","eid":"2-s2.0-84976652283","dc:title":"A functioning computer network for higher education in North Carolina","dc:creator":"Williams L.","prism:publicationName":"AFIPS Conference Proceedings - 1972 Fall Joint Computer Conference, AFIPS 1972","prism:pageRange":"899-904","prism:coverDate":"1972-12-05","prism:coverDisplayDate":"5 December 1972","citedby-count":"8","affiliation": [{"@_fa": "true", "affilname":"Triangle Universities Computation Center","affiliation-city":"Research Triangle Park","affiliation-country":"United States"}],"prism:aggregationType":"Conference Proceeding","subtype":"cp","subtypeDescription":"Conference Paper","source-id":"21100894174","openaccess":"0","openaccessFlag":false},{"@_fa": "true", "link": [{"@_fa": "true", "@ref": "self", "@href": "https://api.elsevier.com/content/abstract/scopus_id/85064119146"},{"@_fa": "true", "@ref": "author-affiliation", "@href": "https://api.elsevier.com/content/abstract/scopus_id/85064119146?field=author,affiliation"},{"@_fa": "true", "@ref": "scopus", "@href": "https://www.scopus.com/inward/record.uri?partnerID=HzOxMe3b&scp=85064119146&origin=inward"},{"@_fa": "true", "@ref": "scopus-citedby", "@href": "https://www.scopus.com/inward/citedby.uri?partnerID=HzOxMe3b&scp=85064119146&origin=inward"}],"prism:url":"https://api.elsevier.com/content/abstract/scopus_id/85064119146","dc:identifier":"SCOPUS_ID:85064119146","eid":"2-s2.0-85064119146","dc:title":"AFIPS Conference Proceedings - 1972 Fall Joint Computer Conference, AFIPS 1972","prism:publicationName":"AFIPS Conference Proceedings - 1972 Fall Joint Computer Conference, AFIPS 1972","prism:volume":"41","prism:pageRange":null,"prism:coverDate":"1972-12-05","prism:coverDisplayDate":"5 December 1972","citedby-count":"0","prism:aggregationType":"Conference Proceeding","subtype":"cr","subtypeDescription":"Conference Review","source-id":"21100903187","openaccess":"0","openaccessFlag":false},{"@_fa": "true", "link": [{"@_fa": "true", "@ref": "self", "@href": "https://api.elsevier.com/content/abstract/scopus_id/85059654357"},{"@_fa": "true", "@ref": "author-affiliation", "@href": "https://api.elsevier.com/content/abstract/scopus_id/85059654357?field=author,affiliation"},{"@_fa": "true", "@ref": "scopus", "@href": "https://www.scopus.com/inward/record.uri?partnerID=HzOxMe3b&scp=85059654357&origin=inward"},{"@_fa": "true", "@ref": "scopus-citedby", "@href": "https://www.scopus.com/inward/citedby.uri?partnerID=HzOxMe3b&scp=85059654357&origin=inward"}],"prism:url":"https://api.elsevier.com/content/abstract/scopus_id/85059654357","dc:identifier":"SCOPUS_ID:85059654357","eid":"2-s2.0-85059654357","dc:title":"Josephson tunneling devices — A new technology with potential for high-performance computers","dc:creator":"Anacker W.","prism:publicationName":"AFIPS Conference Proceedings - 1972 Fall Joint Computer Conference, AFIPS 1972","prism:pageRange":"1269-1278","prism:coverDate":"1972-12-05","prism:coverDisplayDate":"5 December 1972","citedby-count":"10","affiliation": [{"@_fa": "true", "affilname":"International Business Machines","affiliation-city":"Armonk","affiliation-country":"United States"}],"prism:aggregationType":"Conference Proceeding","subtype":"cp","subtypeDescription":"Conference Paper","source-id":"21100894174","openaccess":"0","openaccessFlag":false},{"@_fa": "true", "link": [{"@_fa": "true", "@ref": "self", "@href": "https://api.elsevier.com/content/abstract/scopus_id/77957175256"},{"@_fa": "true", "@ref": "author-affiliation", "@href": "https://api.elsevier.com/content/abstract/scopus_id/77957175256?field=author,affiliation"},{"@_fa": "true", "@ref": "scopus", "@href": "https://www.scopus.com/inward/record.uri?partnerID=HzOxMe3b&scp=77957175256&origin=inward"},{"@_fa": "true", "@ref": "scopus-citedby", "@href": "https://www.scopus.com/inward/citedby.uri?partnerID=HzOxMe3b&scp=77957175256&origin=inward"}],"prism:url":"https://api.elsevier.com/content/abstract/scopus_id/77957175256","dc:identifier":"SCOPUS_ID:77957175256","eid":"2-s2.0-77957175256","dc:title":"A method for defining general networks for cad, using interactive computer graphics","dc:creator":"Marovac N.","prism:publicationName":"Computer Journal","prism:issn":"00104620","prism:volume":"15","prism:issueIdentifier":"3","prism:pageRange":"332-336","prism:coverDate":"1972-12-01","prism:coverDisplayDate":"1972","prism:doi":"10.1093/comjnl/15.3.277","citedby-count":"0","prism:aggregationType":"Journal","subtype":"ar","subtypeDescription":"Article","source-id":"23792","openaccess":"1","openaccessFlag":true},{"@_fa": "true", "link": [{"@_fa": "true", "@ref": "self", "@href": "https://api.elsevier.com/content/abstract/scopus_id/34250434234"},{"@_fa": "true", "@ref": "author-affiliation", "@href": "https://api.elsevier.com/content/abstract/scopus_id/34250434234?field=author,affiliation"},{"@_fa": "true", "@ref": "scopus", "@href": "https://www.scopus.com/inward/record.uri?partnerID=HzOxMe3b&scp=34250434234&origin=inward"},{"@_fa": "true", "@ref": "scopus-citedby", "@href": "https://www.scopus.com/inward/citedby.uri?partnerID=HzOxMe3b&scp=34250434234&origin=inward"}],"prism:url":"https://api.elsevier.com/content/abstract/scopus_id/34250434234","dc:identifier":"SCOPUS_ID:34250434234","eid":"2-s2.0-34250434234","dc:title":"A national science computer network - A report on the first working seminar","dc:creator":"Suchoff B.","prism:publicationName":"Computers and the Humanities","prism:issn":"00104817","prism:eIssn":"15728412","prism:volume":"7","prism:issueIdentifier":"2","prism:pageRange":"96-97","prism:coverDate":"1972-11-01","prism:coverDisplayDate":"November 1972","prism:doi":"10.1007/BF02395359","citedby-count":"0","prism:aggregationType":"Journal","subtype":"ar","subtypeDescription":"Article","source-id":"68473","openaccess":"0","openaccessFlag":false},{"@_fa": "true", "link": [{"@_fa": "true", "@ref": "self", "@href": "https://api.elsevier.com/content/abstract/scopus_id/0015432387"},{"@_fa": "true", "@ref": "author-affiliation", "@href": "https://api.elsevier.com/content/abstract/scopus_id/0015432387?field=author,affiliation"},{"@_fa": "true", "@ref": "scopus", "@href": "https://www.scopus.com/inward/record.uri?partnerID=HzOxMe3b&scp=0015432387&origin=inward"},{"@_fa": "true", "@ref": "scopus-citedby", "@href": "https://www.scopus.com/inward/citedby.uri?partnerID=HzOxMe3b&scp=0015432387&origin=inward"}],"prism:url":"https://api.elsevier.com/content/abstract/scopus_id/0015432387","dc:identifier":"SCOPUS_ID:0015432387","eid":"2-s2.0-0015432387","dc:title":"Human accountability in a Community Mental Health Center: Report of an automated system","dc:creator":"Bloom B.","prism:publicationName":"Community Mental Health Journal","prism:issn":"00103853","prism:eIssn":"15732789","prism:volume":"8","prism:issueIdentifier":"4","prism:pageRange":"251-260","prism:coverDate":"1972-11-01","prism:coverDisplayDate":"November 1972","prism:doi":"10.1007/BF01440875","citedby-count":"7","pubmed-id":"4669433","prism:aggregationType":"Journal","subtype":"ar","subtypeDescription":"Article","source-id":"29291","openaccess":"0","openaccessFlag":false},{"@_fa": "true", "link": [{"@_fa": "true", "@ref": "self", "@href": "https://api.elsevier.com/content/abstract/scopus_id/84963436469"},{"@_fa": "true", "@ref": "author-affiliation", "@href": "https://api.elsevier.com/content/abstract/scopus_id/84963436469?field=author,affiliation"},{"@_fa": "true", "@ref": "scopus", "@href": "https://www.scopus.com/inward/record.uri?partnerID=HzOxMe3b&scp=84963436469&origin=inward"},{"@_fa": "true", "@ref": "scopus-citedby", "@href": "https://www.scopus.com/inward/citedby.uri?partnerID=HzOxMe3b&scp=84963436469&origin=inward"}],"prism:url":"https://api.elsevier.com/content/abstract/scopus_id/84963436469","dc:identifier":"SCOPUS_ID:84963436469","eid":"2-s2.0-84963436469","dc:title":"Accessibility and technological change in northern india","dc:creator":"Wilbanks T.","prism:publicationName":"Annals of the Association of American Geographers","prism:issn":"00045608","prism:eIssn":"14678306","prism:volume":"62","prism:issueIdentifier":"3","prism:pageRange":"427-436","prism:coverDate":"1972-09-01","prism:coverDisplayDate":"1 September 1972","prism:doi":"10.1111/j.1467-8306.1972.tb00876.x","citedby-count":"12","affiliation": [{"@_fa": "true", "affilname":"Syracuse University","affiliation-city":"Syracuse","affiliation-country":"United States"}],"prism:aggregationType":"Journal","subtype":"ar","subtypeDescription":"Article","source-id":"27492","openaccess":"0","openaccessFlag":false},{"@_fa": "true", "link": [{"@_fa": "true", "@ref": "self", "@href": "https://api.elsevier.com/content/abstract/scopus_id/34250459337"},{"@_fa": "true", "@ref": "author-affiliation", "@href": "https://api.elsevier.com/content/abstract/scopus_id/34250459337?field=author,affiliation"},{"@_fa": "true", "@ref": "scopus", "@href": "https://www.scopus.com/inward/record.uri?partnerID=HzOxMe3b&scp=34250459337&origin=inward"},{"@_fa": "true", "@ref": "scopus-citedby", "@href": "https://www.scopus.com/inward/citedby.uri?partnerID=HzOxMe3b&scp=34250459337&origin=inward"}],"prism:url":"https://api.elsevier.com/content/abstract/scopus_id/34250459337","dc:identifier":"SCOPUS_ID:34250459337","eid":"2-s2.0-34250459337","dc:title":"Goods transport in Etarea","dc:creator":"Čelechovský G.","prism:publicationName":"Transportation","prism:issn":"00494488","prism:eIssn":"15729435","prism:volume":"1","prism:issueIdentifier":"2","prism:pageRange":"151-176","prism:coverDate":"1972-08-01","prism:coverDisplayDate":"August 1972","prism:doi":"10.1007/BF00167996","citedby-count":"1","prism:aggregationType":"Journal","subtype":"ar","subtypeDescription":"Article","source-id":"20864","openaccess":"0","openaccessFlag":false},{"@_fa": "true", "link": [{"@_fa": "true", "@ref": "self", "@href": "https://api.elsevier.com/content/abstract/scopus_id/84947011467"},{"@_fa": "true", "@ref": "author-affiliation", "@href": "https://api.elsevier.com/content/abstract/scopus_id/84947011467?field=author,affiliation"},{"@_fa": "true", "@ref": "scopus", "@href": "https://www.scopus.com/inward/record.uri?partnerID=HzOxMe3b&scp=84947011467&origin=inward"},{"@_fa": "true", "@ref": "scopus-citedby", "@href": "https://www.scopus.com/inward/citedby.uri?partnerID=HzOxMe3b&scp=84947011467&origin=inward"}],"prism:url":"https://api.elsevier.com/content/abstract/scopus_id/84947011467","dc:identifier":"SCOPUS_ID:84947011467","eid":"2-s2.0-84947011467","dc:title":"Pipe dreams","prism:publicationName":"Industrial and Commercial Training","prism:issn":"00197858","prism:volume":"4","prism:issueIdentifier":"7","prism:pageRange":"349-353","prism:coverDate":"1972-07-01","prism:coverDisplayDate":"1 July 1972","prism:doi":"10.1108/eb003237","citedby-count":"0","prism:aggregationType":"Journal","subtype":"re","subtypeDescription":"Review","source-id":"145250","openaccess":"0","openaccessFlag":false},{"@_fa": "true", "link": [{"@_fa": "true", "@ref": "self", "@href": "https://api.elsevier.com/content/abstract/scopus_id/34247940713"},{"@_fa": "true", "@ref": "author-affiliation", "@href": "https://api.elsevier.com/content/abstract/scopus_id/34247940713?field=author,affiliation"},{"@_fa": "true", "@ref": "scopus", "@href": "https://www.scopus.com/inward/record.uri?partnerID=HzOxMe3b&scp=34247940713&origin=inward"},{"@_fa": "true", "@ref": "scopus-citedby", "@href": "https://www.scopus.com/inward/citedby.uri?partnerID=HzOxMe3b&scp=34247940713&origin=inward"}],"prism:url":"https://api.elsevier.com/content/abstract/scopus_id/34247940713","dc:identifier":"SCOPUS_ID:34247940713","eid":"2-s2.0-34247940713","dc:title":"A systems approach to higher education with special reference to the core curriculum","dc:creator":"Taschdjian E.","prism:publicationName":"Policy Sciences","prism:issn":"00322687","prism:eIssn":"15730891","prism:volume":"3","prism:issueIdentifier":"2","prism:pageRange":"219-233","prism:coverDate":"1972-07-01","prism:coverDisplayDate":"July 1972","prism:doi":"10.1007/BF01460095","citedby-count":"1","prism:aggregationType":"Journal","subtype":"ar","subtypeDescription":"Article","source-id":"22773","openaccess":"0","openaccessFlag":false},{"@_fa": "true", "link": [{"@_fa": "true", "@ref": "self", "@href": "https://api.elsevier.com/content/abstract/scopus_id/84981651238"},{"@_fa": "true", "@ref": "author-affiliation", "@href": "https://api.elsevier.com/content/abstract/scopus_id/84981651238?field=author,affiliation"},{"@_fa": "true", "@ref": "scopus", "@href": "https://www.scopus.com/inward/record.uri?partnerID=HzOxMe3b&scp=84981651238&origin=inward"},{"@_fa": "true", "@ref": "scopus-citedby", "@href": "https://www.scopus.com/inward/citedby.uri?partnerID=HzOxMe3b&scp=84981651238&origin=inward"}],"prism:url":"https://api.elsevier.com/content/abstract/scopus_id/84981651238","dc:identifier":"SCOPUS_ID:84981651238","eid":"2-s2.0-84981651238","dc:title":"The Terminal IMP for the ARPA computer network","dc:creator":"Ornstein S.","prism:publicationName":"Proceedings of the Spring Joint Computer Conference, AFIPS 1972","prism:pageRange":"243-254","prism:coverDate":"1972-05-16","prism:coverDisplayDate":"16 May 1972","prism:doi":"10.1145/1478873.1478906","citedby-count":"56","affiliation": [{"@_fa": "true", "affilname":"BBN Technologies","affiliation-city":"Cambridge","affiliation-country":"United States"}],"prism:aggregationType":"Conference Proceeding","subtype":"cp","subtypeDescription":"Conference Paper","source-id":"21100893955","openaccess":"0","openaccessFlag":false},{"@_fa": "true", "link": [{"@_fa": "true", "@ref": "self", "@href": "https://api.elsevier.com/content/abstract/scopus_id/85012580040"},{"@_fa": "true", "@ref": "author-affiliation", "@href": "https://api.elsevier.com/content/abstract/scopus_id/85012580040?field=author,affiliation"},{"@_fa": "true", "@ref": "scopus", "@href": "https://www.scopus.com/inward/record.uri?partnerID=HzOxMe3b&scp=85012580040&origin=inward"},{"@_fa": "true", "@ref": "scopus-citedby", "@href": "https://www.scopus.com/inward/citedby.uri?partnerID=HzOxMe3b&scp=85012580040&origin=inward"}],"prism:url":"https://api.elsevier.com/content/abstract/scopus_id/85012580040","dc:identifier":"SCOPUS_ID:85012580040","eid":"2-s2.0-85012580040","dc:title":"Computer communication network design—Experience with theory and practice","dc:creator":"Frank H.","prism:publicationName":"Proceedings of the Spring Joint Computer Conference, AFIPS 1972","prism:pageRange":"255-270","prism:coverDate":"1972-05-16","prism:coverDisplayDate":"16 May 1972","prism:doi":"10.1145/1478873.1478907","citedby-count":"59","affiliation": [{"@_fa": "true", "affilname":"Network Analysis Corporation","affiliation-city":"Glen Cove","affiliation-country":"United States"}],"prism:aggregationType":"Conference Proceeding","subtype":"cp","subtypeDescription":"Conference Paper","source-id":"21100893955","openaccess":"0","openaccessFlag":false},{"@_fa": "true", "link": [{"@_fa": "true", "@ref": "self", "@href": "https://api.elsevier.com/content/abstract/scopus_id/85027158106"},{"@_fa": "true", "@ref": "author-affiliation", "@href": "https://api.elsevier.com/content/abstract/scopus_id/85027158106?field=author,affiliation"},{"@_fa": "true", "@ref": "scopus", "@href": "https://www.scopus.com/inward/record.uri?partnerID=HzOxMe3b&scp=85027158106&origin=inward"},{"@_fa": "true", "@ref": "scopus-citedby", "@href": "https://www.scopus.com/inward/citedby.uri?partnerID=HzOxMe3b&scp=85027158106&origin=inward"}],"prism:url":"https://api.elsevier.com/content/abstract/scopus_id/85027158106","dc:identifier":"SCOPUS_ID:85027158106","eid":"2-s2.0-85027158106","dc:title":"Allocation of copies of a file in an information network","dc:creator":"Casey R.","prism:publicationName":"Proceedings of the Spring Joint Computer Conference, AFIPS 1972","prism:pageRange":"617-625","prism:coverDate":"1972-05-16","prism:coverDisplayDate":"16 May 1972","prism:doi":"10.1145/1478873.1478955","citedby-count":"134","affiliation": [{"@_fa": "true", "affilname":"IBM Almaden Research Center","affiliation-city":"San Jose","affiliation-country":"United States"}],"prism:aggregationType":"Conference Proceeding","subtype":"cp","subtypeDescription":"Conference Paper","source-id":"21100893955","openaccess":"0","openaccessFlag":false},{"@_fa": "true", "link": [{"@_fa": "true", "@ref": "self", "@href": "https://api.elsevier.com/content/abstract/scopus_id/84981675152"},{"@_fa": "true", "@ref": "author-affiliation", "@href": "https://api.elsevier.com/content/abstract/scopus_id/84981675152?field=author,affiliation"},{"@_fa": "true", "@ref": "scopus", "@href": "https://www.scopus.com/inward/record.uri?partnerID=HzOxMe3b&scp=84981675152&origin=inward"},{"@_fa": "true", "@ref": "scopus-citedby", "@href": "https://www.scopus.com/inward/citedby.uri?partnerID=HzOxMe3b&scp=84981675152&origin=inward"}],"prism:url":"https://api.elsevier.com/content/abstract/scopus_id/84981675152","dc:identifier":"SCOPUS_ID:84981675152","eid":"2-s2.0-84981675152","dc:title":"McROSS—A multi-computer programming system","dc:creator":"Thomas R.","prism:publicationName":"Proceedings of the Spring Joint Computer Conference, AFIPS 1972","prism:pageRange":"281-293","prism:coverDate":"1972-05-16","prism:coverDisplayDate":"16 May 1972","prism:doi":"10.1145/1478873.1478909","citedby-count":"22","affiliation": [{"@_fa": "true", "affilname":"BBN Technologies","affiliation-city":"Cambridge","affiliation-country":"United States"}],"prism:aggregationType":"Conference Proceeding","subtype":"cp","subtypeDescription":"Conference Paper","source-id":"21100893955","openaccess":"0","openaccessFlag":false},{"@_fa": "true", "link": [{"@_fa": "true", "@ref": "self", "@href": "https://api.elsevier.com/content/abstract/scopus_id/84981595555"},{"@_fa": "true", "@ref": "author-affiliation", "@href": "https://api.elsevier.com/content/abstract/scopus_id/84981595555?field=author,affiliation"},{"@_fa": "true", "@ref": "scopus", "@href": "https://www.scopus.com/inward/record.uri?partnerID=HzOxMe3b&scp=84981595555&origin=inward"},{"@_fa": "true", "@ref": "scopus-citedby", "@href": "https://www.scopus.com/inward/citedby.uri?partnerID=HzOxMe3b&scp=84981595555&origin=inward"}],"prism:url":"https://api.elsevier.com/content/abstract/scopus_id/84981595555","dc:identifier":"SCOPUS_ID:84981595555","eid":"2-s2.0-84981595555","dc:title":"The external access network of a modular computer system","dc:creator":"Quatse J.","prism:publicationName":"Proceedings of the Spring Joint Computer Conference, AFIPS 1972","prism:pageRange":"783-790","prism:coverDate":"1972-05-16","prism:coverDisplayDate":"16 May 1972","prism:doi":"10.1145/1478873.1478974","citedby-count":"8","affiliation": [{"@_fa": "true", "affilname":"University of California, Berkeley","affiliation-city":"Berkeley","affiliation-country":"United States"}],"prism:aggregationType":"Conference Proceeding","subtype":"cp","subtypeDescription":"Conference Paper","source-id":"21100893955","openaccess":"0","openaccessFlag":false},{"@_fa": "true", "link": [{"@_fa": "true", "@ref": "self", "@href": "https://api.elsevier.com/content/abstract/scopus_id/85059444401"},{"@_fa": "true", "@ref": "author-affiliation", "@href": "https://api.elsevier.com/content/abstract/scopus_id/85059444401?field=author,affiliation"},{"@_fa": "true", "@ref": "scopus", "@href": "https://www.scopus.com/inward/record.uri?partnerID=HzOxMe3b&scp=85059444401&origin=inward"},{"@_fa": "true", "@ref": "scopus-citedby", "@href": "https://www.scopus.com/inward/citedby.uri?partnerID=HzOxMe3b&scp=85059444401&origin=inward"}],"prism:url":"https://api.elsevier.com/content/abstract/scopus_id/85059444401","dc:identifier":"SCOPUS_ID:85059444401","eid":"2-s2.0-85059444401","dc:title":"Data communications in 1980-A capital market view","dc:creator":"La Blanc R.","prism:publicationName":"Proceedings of the Spring Joint Computer Conference, AFIPS 1972","prism:pageRange":"611-616","prism:coverDate":"1972-05-16","prism:coverDisplayDate":"16 May 1972","prism:doi":"10.1145/1478873.1478954","citedby-count":"0","affiliation": [{"@_fa": "true", "affilname":"Salomon Brothers","affiliation-city":"New York","affiliation-country":"United States"}],"prism:aggregationType":"Conference Proceeding","subtype":"cp","subtypeDescription":"Conference Paper","source-id":"21100893955","openaccess":"0","openaccessFlag":false},{"@_fa": "true", "link": [{"@_fa": "true", "@ref": "self", "@href": "https://api.elsevier.com/content/abstract/scopus_id/84981651213"},{"@_fa": "true", "@ref": "author-affiliation", "@href": "https://api.elsevier.com/content/abstract/scopus_id/84981651213?field=author,affiliation"},{"@_fa": "true", "@ref": "scopus", "@href": "https://www.scopus.com/inward/record.uri?partnerID=HzOxMe3b&scp=84981651213&origin=inward"},{"@_fa": "true", "@ref": "scopus-citedby", "@href": "https://www.scopus.com/inward/citedby.uri?partnerID=HzOxMe3b&scp=84981651213&origin=inward"}],"prism:url":"https://api.elsevier.com/content/abstract/scopus_id/84981651213","dc:identifier":"SCOPUS_ID:84981651213","eid":"2-s2.0-84981651213","dc:title":"Function-oriented protocols for the ARPA Computer Network","dc:creator":"Crocker S.","prism:publicationName":"Proceedings of the Spring Joint Computer Conference, AFIPS 1972","prism:pageRange":"271-279","prism:coverDate":"1972-05-16","prism:coverDisplayDate":"16 May 1972","prism:doi":"10.1145/1478873.1478908","citedby-count":"63","affiliation": [{"@_fa": "true", "affilname":"Defense Advanced Research Projects Agency","affiliation-city":"Arlington","affiliation-country":"United States"}],"prism:aggregationType":"Conference Proceeding","subtype":"cp","subtypeDescription":"Conference Paper","source-id":"21100893955","openaccess":"0","openaccessFlag":false}]}}