{"search-results":{"opensearch:totalResults":"4095","opensearch:startIndex":"0","opensearch:itemsPerPage":"25","opensearch:Query":{"@role": "request", "@searchTerms": "TITLE-ABS-KEY(\"network\") AND SUBJAREA(SOCI) AND PUBYEAR = 2005", "@startPage": "0"},"link": [{"@_fa": "true", "@ref": "self", "@href": "https://api.elsevier.com/content/search/scopus?start=0&count=25&query=TITLE-ABS-KEY%28%22network%22%29+AND+SUBJAREA%28SOCI%29+AND+PUBYEAR+%3D+2005&apiKey=27d953b4b546791964ebeb768d13e61f&view=STANDARD", "@type": "application/json"},{"@_fa": "true", "@ref": "first", "@href": "https://api.elsevier.com/content/search/scopus?start=0&count=25&query=TITLE-ABS-KEY%28%22network%22%29+AND+SUBJAREA%28SOCI%29+AND+PUBYEAR+%3D+2005&apiKey=27d953b4b546791964ebeb768d13e61f&view=STANDARD", "@type": "application/json"},{"@_fa": "true", "@ref": "next", "@href": "https://api.elsevier.com/content/search/scopus?start=25&count=25&query=TITLE-ABS-KEY%28%22network%22%29+AND+SUBJAREA%28SOCI%29+AND+PUBYEAR+%3D+2005&apiKey=27d953b4b546791964ebeb768d13e61f&view=STANDARD", "@type": "application/json"},{"@_fa": "true", "@ref": "last", "@href": "https://api.elsevier.com/content/search/scopus?start=4070&count=25&query=TITLE-ABS-KEY%28%22network%22%29+AND+SUBJAREA%28SOCI%29+AND+PUBYEAR+%3D+2005&apiKey=27d953b4b546791964ebeb768d13e61f&view=STANDARD", "@type": "application/json"}],"entry": [{"@_fa": "true", "link": [{"@_fa": "true", "@ref": "self", "@href": "https://api.elsevier.com/content/abstract/scopus_id/29144475838"},{"@_fa": "true", "@ref": "author-affiliation", "@href": "https://api.elsevier.com/content/abstract/scopus_id/29144475838?field=author,affiliation"},{"@_fa": "true", "@ref": "scopus", "@href": "https://www.scopus.com/inward/record.uri?partnerID=HzOxMe3b&scp=29144475838&origin=inward"},{"@_fa": "true", "@ref": "scopus-citedby", "@href": "https://www.scopus.com/inward/citedby.uri?partnerID=HzOxMe3b&scp=29144475838&origin=inward"}],"prism:url":"https://api.elsevier.com/content/abstract/scopus_id/29144475838","dc:identifier":"SCOPUS_ID:29144475838","eid":"2-s2.0-29144475838","dc:title":"Nonlinear correlograms and partial autocorrelograms","dc:creator":"Anderson H.","prism:publicationName":"Oxford Bulletin of Economics and Statistics","prism:issn":"03059049","prism:eIssn":"14680084","prism:volume":"67","prism:issueIdentifier":"SUPPL.","prism:pageRange":"957-982","prism:coverDate":"2005-12-27","prism:coverDisplayDate":"2005","prism:doi":"10.1111/j.1468-0084.2005.00147.x","citedby-count":"6","affiliation": [{"@_fa": "true", "affilname":"Australian National University","affiliation-city":"Canberra","affiliation-country":"Australia"}],"prism:aggregationType":"Journal","subtype":"ar","subtypeDescription":"Article","source-id":"22902","openaccess":"0","openaccessFlag":false},{"@_fa": "true", "link": [{"@_fa": "true", "@ref": "self", "@href": "https://api.elsevier.com/content/abstract/scopus_id/29144495821"},{"@_fa": "true", "@ref": "author-affiliation", "@href": "https://api.elsevier.com/content/abstract/scopus_id/29144495821?field=author,affiliation"},{"@_fa": "true", "@ref": "scopus", "@href": "https://www.scopus.com/inward/record.uri?partnerID=HzOxMe3b&scp=29144495821&origin=inward"},{"@_fa": "true", "@ref": "scopus-citedby", "@href": "https://www.scopus.com/inward/citedby.uri?partnerID=HzOxMe3b&scp=29144495821&origin=inward"}],"prism:url":"https://api.elsevier.com/content/abstract/scopus_id/29144495821","dc:identifier":"SCOPUS_ID:29144495821","eid":"2-s2.0-29144495821","dc:title":"Healing through ink on a page: Journal writing as a support intervention","dc:creator":"Bonck J.","prism:publicationName":"Psychology and Education","prism:issn":"00333077","prism:volume":"42","prism:issueIdentifier":"3-4","prism:pageRange":"1-9","prism:coverDate":"2005-12-27","prism:coverDisplayDate":"2005","citedby-count":"1","affiliation": [{"@_fa": "true", "affilname":"University of Kentucky","affiliation-city":"Lexington","affiliation-country":"United States"}],"prism:aggregationType":"Journal","subtype":"re","subtypeDescription":"Review","source-id":"50205","openaccess":"0","openaccessFlag":false},{"@_fa": "true", "link": [{"@_fa": "true", "@ref": "self", "@href": "https://api.elsevier.com/content/abstract/scopus_id/29144442105"},{"@_fa": "true", "@ref": "author-affiliation", "@href": "https://api.elsevier.com/content/abstract/scopus_id/29144442105?field=author,affiliation"},{"@_fa": "true", "@ref": "scopus", "@href": "https://www.scopus.com/inward/record.uri?partnerID=HzOxMe3b&scp=29144442105&origin=inward"},{"@_fa": "true", "@ref": "scopus-citedby", "@href": "https://www.scopus.com/inward/citedby.uri?partnerID=HzOxMe3b&scp=29144442105&origin=inward"}],"prism:url":"https://api.elsevier.com/content/abstract/scopus_id/29144442105","dc:identifier":"SCOPUS_ID:29144442105","eid":"2-s2.0-29144442105","dc:title":"Ambivalent social networks and their consequences for participation","dc:creator":"Nir L.","prism:publicationName":"International Journal of Public Opinion Research","prism:issn":"09542892","prism:eIssn":"14716909","prism:volume":"17","prism:issueIdentifier":"4","prism:pageRange":"422-442","prism:coverDate":"2005-12-22","prism:coverDisplayDate":"2005","prism:doi":"10.1093/ijpor/edh069","citedby-count":"108","affiliation": [{"@_fa": "true", "affilname":"Hebrew University of Jerusalem","affiliation-city":"Jerusalem","affiliation-country":"Israel"}],"prism:aggregationType":"Journal","subtype":"re","subtypeDescription":"Review","source-id":"19774","openaccess":"0","openaccessFlag":false},{"@_fa": "true", "link": [{"@_fa": "true", "@ref": "self", "@href": "https://api.elsevier.com/content/abstract/scopus_id/84909040546"},{"@_fa": "true", "@ref": "author-affiliation", "@href": "https://api.elsevier.com/content/abstract/scopus_id/84909040546?field=author,affiliation"},{"@_fa": "true", "@ref": "scopus", "@href": "https://www.scopus.com/inward/record.uri?partnerID=HzOxMe3b&scp=84909040546&origin=inward"},{"@_fa": "true", "@ref": "scopus-citedby", "@href": "https://www.scopus.com/inward/citedby.uri?partnerID=HzOxMe3b&scp=84909040546&origin=inward"}],"prism:url":"https://api.elsevier.com/content/abstract/scopus_id/84909040546","dc:identifier":"SCOPUS_ID:84909040546","eid":"2-s2.0-84909040546","dc:title":"Social isolation in modern society","dc:creator":"Hortulanus R.","prism:publicationName":"Social Isolation in Modern Society","prism:isbn": [{"@_fa": "true", "$" :"0415367689"},{"@_fa": "true", "$" :"9780203020142"}],"prism:pageRange":"1-288","prism:coverDate":"2005-12-22","prism:coverDisplayDate":"December 22, 2005","prism:doi":"10.4324/9780203020142","citedby-count":"21","affiliation": [{"@_fa": "true", "affilname":"Utrecht University","affiliation-city":"Utrecht","affiliation-country":"Netherlands"}],"prism:aggregationType":"Book","subtype":"bk","subtypeDescription":"Book","source-id":"21100339771","openaccess":"0","openaccessFlag":false},{"@_fa": "true", "link": [{"@_fa": "true", "@ref": "self", "@href": "https://api.elsevier.com/content/abstract/scopus_id/84909311447"},{"@_fa": "true", "@ref": "author-affiliation", "@href": "https://api.elsevier.com/content/abstract/scopus_id/84909311447?field=author,affiliation"},{"@_fa": "true", "@ref": "scopus", "@href": "https://www.scopus.com/inward/record.uri?partnerID=HzOxMe3b&scp=84909311447&origin=inward"},{"@_fa": "true", "@ref": "scopus-citedby", "@href": "https://www.scopus.com/inward/citedby.uri?partnerID=HzOxMe3b&scp=84909311447&origin=inward"}],"prism:url":"https://api.elsevier.com/content/abstract/scopus_id/84909311447","dc:identifier":"SCOPUS_ID:84909311447","eid":"2-s2.0-84909311447","dc:title":"Governance stories","dc:creator":"Bevir M.","prism:publicationName":"Governance Stories","prism:isbn": [{"@_fa": "true", "$" :"0415376602"},{"@_fa": "true", "$" :"9780203969090"}],"prism:pageRange":"1-206","prism:coverDate":"2005-12-22","prism:coverDisplayDate":"December 22, 2005","prism:doi":"10.4324/9780203969090","citedby-count":"205","affiliation": [{"@_fa": "true", "affilname":"University of California, Berkeley","affiliation-city":"Berkeley","affiliation-country":"United States"}],"prism:aggregationType":"Book","subtype":"bk","subtypeDescription":"Book","source-id":"21100341634","openaccess":"0","openaccessFlag":false},{"@_fa": "true", "link": [{"@_fa": "true", "@ref": "self", "@href": "https://api.elsevier.com/content/abstract/scopus_id/28944448399"},{"@_fa": "true", "@ref": "author-affiliation", "@href": "https://api.elsevier.com/content/abstract/scopus_id/28944448399?field=author,affiliation"},{"@_fa": "true", "@ref": "scopus", "@href": "https://www.scopus.com/inward/record.uri?partnerID=HzOxMe3b&scp=28944448399&origin=inward"},{"@_fa": "true", "@ref": "scopus-citedby", "@href": "https://www.scopus.com/inward/citedby.uri?partnerID=HzOxMe3b&scp=28944448399&origin=inward"},{"@_fa": "true", "@ref": "full-text", "@href": "https://api.elsevier.com/content/article/eid/1-s2.0-S0362331905000704"}],"prism:url":"https://api.elsevier.com/content/abstract/scopus_id/28944448399","dc:identifier":"SCOPUS_ID:28944448399","eid":"2-s2.0-28944448399","dc:title":"The organizational formation of atmospheric science","dc:creator":"Taylor P.","prism:publicationName":"Social Science Journal","prism:issn":"03623319","prism:volume":"42","prism:issueIdentifier":"4","prism:pageRange":"639-648","prism:coverDate":"2005-12-20","prism:coverDisplayDate":"2005","prism:doi":"10.1016/j.soscij.2005.09.014","pii":"S0362331905000704","citedby-count":"1","affiliation": [{"@_fa": "true", "affilname":"University of Wyoming","affiliation-city":"Laramie","affiliation-country":"United States"}],"prism:aggregationType":"Journal","subtype":"ar","subtypeDescription":"Article","source-id":"26437","openaccess":"0","openaccessFlag":false},{"@_fa": "true", "link": [{"@_fa": "true", "@ref": "self", "@href": "https://api.elsevier.com/content/abstract/scopus_id/28844508230"},{"@_fa": "true", "@ref": "author-affiliation", "@href": "https://api.elsevier.com/content/abstract/scopus_id/28844508230?field=author,affiliation"},{"@_fa": "true", "@ref": "scopus", "@href": "https://www.scopus.com/inward/record.uri?partnerID=HzOxMe3b&scp=28844508230&origin=inward"},{"@_fa": "true", "@ref": "scopus-citedby", "@href": "https://www.scopus.com/inward/citedby.uri?partnerID=HzOxMe3b&scp=28844508230&origin=inward"}],"prism:url":"https://api.elsevier.com/content/abstract/scopus_id/28844508230","dc:identifier":"SCOPUS_ID:28844508230","eid":"2-s2.0-28844508230","dc:title":"Adoption of information and communication technology (ICT) in academic libraries. A strategy for library networking in Nigeria","dc:creator":"Ani O.","prism:publicationName":"Electronic Library","prism:issn":"02640473","prism:volume":"23","prism:issueIdentifier":"6","prism:pageRange":"701-708","prism:coverDate":"2005-12-19","prism:coverDisplayDate":"2005","prism:doi":"10.1108/02640470510635782","citedby-count":"27","prism:aggregationType":"Journal","subtype":"ar","subtypeDescription":"Article","source-id":"15420","openaccess":"0","openaccessFlag":false},{"@_fa": "true", "link": [{"@_fa": "true", "@ref": "self", "@href": "https://api.elsevier.com/content/abstract/scopus_id/28844453590"},{"@_fa": "true", "@ref": "author-affiliation", "@href": "https://api.elsevier.com/content/abstract/scopus_id/28844453590?field=author,affiliation"},{"@_fa": "true", "@ref": "scopus", "@href": "https://www.scopus.com/inward/record.uri?partnerID=HzOxMe3b&scp=28844453590&origin=inward"},{"@_fa": "true", "@ref": "scopus-citedby", "@href": "https://www.scopus.com/inward/citedby.uri?partnerID=HzOxMe3b&scp=28844453590&origin=inward"}],"prism:url":"https://api.elsevier.com/content/abstract/scopus_id/28844453590","dc:identifier":"SCOPUS_ID:28844453590","eid":"2-s2.0-28844453590","dc:title":"An integrated high availability computing platform","dc:creator":"Han Y.","prism:publicationName":"Electronic Library","prism:issn":"02640473","prism:volume":"23","prism:issueIdentifier":"6","prism:pageRange":"632-640","prism:coverDate":"2005-12-19","prism:coverDisplayDate":"2005","prism:doi":"10.1108/02640470510635719","citedby-count":"2","prism:aggregationType":"Journal","subtype":"re","subtypeDescription":"Review","source-id":"15420","openaccess":"0","openaccessFlag":false},{"@_fa": "true", "link": [{"@_fa": "true", "@ref": "self", "@href": "https://api.elsevier.com/content/abstract/scopus_id/28844448722"},{"@_fa": "true", "@ref": "author-affiliation", "@href": "https://api.elsevier.com/content/abstract/scopus_id/28844448722?field=author,affiliation"},{"@_fa": "true", "@ref": "scopus", "@href": "https://www.scopus.com/inward/record.uri?partnerID=HzOxMe3b&scp=28844448722&origin=inward"},{"@_fa": "true", "@ref": "scopus-citedby", "@href": "https://www.scopus.com/inward/citedby.uri?partnerID=HzOxMe3b&scp=28844448722&origin=inward"}],"prism:url":"https://api.elsevier.com/content/abstract/scopus_id/28844448722","dc:identifier":"SCOPUS_ID:28844448722","eid":"2-s2.0-28844448722","dc:title":"Some characteristic features of transport infrastructure of the Tisza Valley","dc:creator":"Tibor T.","prism:publicationName":"Foldrajzi Ertesito","prism:issn":"00155403","prism:volume":"54","prism:issueIdentifier":"1-2","prism:pageRange":"111-128","prism:coverDate":"2005-12-19","prism:coverDisplayDate":"2005","citedby-count":"0","affiliation": [{"@_fa": "true", "affilname":"Magyar Tudomanyos Akademia","affiliation-city":"Budapest","affiliation-country":"Hungary"}],"prism:aggregationType":"Journal","subtype":"ar","subtypeDescription":"Article","source-id":"99599","openaccess":"0","openaccessFlag":false},{"@_fa": "true", "link": [{"@_fa": "true", "@ref": "self", "@href": "https://api.elsevier.com/content/abstract/scopus_id/28844479466"},{"@_fa": "true", "@ref": "author-affiliation", "@href": "https://api.elsevier.com/content/abstract/scopus_id/28844479466?field=author,affiliation"},{"@_fa": "true", "@ref": "scopus", "@href": "https://www.scopus.com/inward/record.uri?partnerID=HzOxMe3b&scp=28844479466&origin=inward"},{"@_fa": "true", "@ref": "scopus-citedby", "@href": "https://www.scopus.com/inward/citedby.uri?partnerID=HzOxMe3b&scp=28844479466&origin=inward"}],"prism:url":"https://api.elsevier.com/content/abstract/scopus_id/28844479466","dc:identifier":"SCOPUS_ID:28844479466","eid":"2-s2.0-28844479466","dc:title":"The needs of older people in sheltered housing: A comparison of inner city and new town areas","dc:creator":"Field E.","prism:publicationName":"Journal of Housing for the Elderly","prism:issn":"02763893","prism:eIssn":"1540353X","prism:volume":"19","prism:issueIdentifier":"2","prism:pageRange":"107-117","prism:coverDate":"2005-12-19","prism:coverDisplayDate":"2005","prism:doi":"10.1300/J081v19n02_07","citedby-count":"8","affiliation": [{"@_fa": "true", "affilname":"Mental Health Services for Older People","affiliation-city":"Maidstone","affiliation-country":"United Kingdom"}],"prism:aggregationType":"Journal","subtype":"ar","subtypeDescription":"Article","source-id":"29555","openaccess":"0","openaccessFlag":false},{"@_fa": "true", "link": [{"@_fa": "true", "@ref": "self", "@href": "https://api.elsevier.com/content/abstract/scopus_id/28844445661"},{"@_fa": "true", "@ref": "author-affiliation", "@href": "https://api.elsevier.com/content/abstract/scopus_id/28844445661?field=author,affiliation"},{"@_fa": "true", "@ref": "scopus", "@href": "https://www.scopus.com/inward/record.uri?partnerID=HzOxMe3b&scp=28844445661&origin=inward"},{"@_fa": "true", "@ref": "scopus-citedby", "@href": "https://www.scopus.com/inward/citedby.uri?partnerID=HzOxMe3b&scp=28844445661&origin=inward"}],"prism:url":"https://api.elsevier.com/content/abstract/scopus_id/28844445661","dc:identifier":"SCOPUS_ID:28844445661","eid":"2-s2.0-28844445661","dc:title":"The impact of floods on settlements and settlement network in the Upper Tisza Region","dc:creator":"Zoltán D.","prism:publicationName":"Foldrajzi Ertesito","prism:issn":"00155403","prism:volume":"54","prism:issueIdentifier":"1-2","prism:pageRange":"85-109","prism:coverDate":"2005-12-19","prism:coverDisplayDate":"2005","citedby-count":"1","affiliation": [{"@_fa": "true", "affilname":"Magyar Tudomanyos Akademia","affiliation-city":"Budapest","affiliation-country":"Hungary"}],"prism:aggregationType":"Journal","subtype":"ar","subtypeDescription":"Article","source-id":"99599","openaccess":"0","openaccessFlag":false},{"@_fa": "true", "link": [{"@_fa": "true", "@ref": "self", "@href": "https://api.elsevier.com/content/abstract/scopus_id/28844493671"},{"@_fa": "true", "@ref": "author-affiliation", "@href": "https://api.elsevier.com/content/abstract/scopus_id/28844493671?field=author,affiliation"},{"@_fa": "true", "@ref": "scopus", "@href": "https://www.scopus.com/inward/record.uri?partnerID=HzOxMe3b&scp=28844493671&origin=inward"},{"@_fa": "true", "@ref": "scopus-citedby", "@href": "https://www.scopus.com/inward/citedby.uri?partnerID=HzOxMe3b&scp=28844493671&origin=inward"}],"prism:url":"https://api.elsevier.com/content/abstract/scopus_id/28844493671","dc:identifier":"SCOPUS_ID:28844493671","eid":"2-s2.0-28844493671","dc:title":"A citation of control related interdisciplinary disciplines in engineering education","dc:creator":"Mahalik N.","prism:publicationName":"International Journal of Engineering Education","prism:issn":"0949149X","prism:volume":"21","prism:issueIdentifier":"6 PART I","prism:pageRange":"1112-1121","prism:coverDate":"2005-12-19","prism:coverDisplayDate":"2005","citedby-count":"3","prism:aggregationType":"Journal","subtype":"re","subtypeDescription":"Review","source-id":"12345","openaccess":"0","openaccessFlag":false},{"@_fa": "true", "link": [{"@_fa": "true", "@ref": "self", "@href": "https://api.elsevier.com/content/abstract/scopus_id/28844481090"},{"@_fa": "true", "@ref": "author-affiliation", "@href": "https://api.elsevier.com/content/abstract/scopus_id/28844481090?field=author,affiliation"},{"@_fa": "true", "@ref": "scopus", "@href": "https://www.scopus.com/inward/record.uri?partnerID=HzOxMe3b&scp=28844481090&origin=inward"},{"@_fa": "true", "@ref": "scopus-citedby", "@href": "https://www.scopus.com/inward/citedby.uri?partnerID=HzOxMe3b&scp=28844481090&origin=inward"}],"prism:url":"https://api.elsevier.com/content/abstract/scopus_id/28844481090","dc:identifier":"SCOPUS_ID:28844481090","eid":"2-s2.0-28844481090","dc:title":"A flexible fieldbus simulation platform for distributed control systems laboratory courses","dc:creator":"Pinotti M.","prism:publicationName":"International Journal of Engineering Education","prism:issn":"0949149X","prism:volume":"21","prism:issueIdentifier":"6 PART I","prism:pageRange":"1050-1058","prism:coverDate":"2005-12-19","prism:coverDisplayDate":"2005","citedby-count":"14","affiliation": [{"@_fa": "true", "affilname":"Universidade de Sao Paulo - USP","affiliation-city":"Sao Paulo","affiliation-country":"Brazil"}],"prism:aggregationType":"Journal","subtype":"re","subtypeDescription":"Review","source-id":"12345","openaccess":"0","openaccessFlag":false},{"@_fa": "true", "link": [{"@_fa": "true", "@ref": "self", "@href": "https://api.elsevier.com/content/abstract/scopus_id/28844454025"},{"@_fa": "true", "@ref": "author-affiliation", "@href": "https://api.elsevier.com/content/abstract/scopus_id/28844454025?field=author,affiliation"},{"@_fa": "true", "@ref": "scopus", "@href": "https://www.scopus.com/inward/record.uri?partnerID=HzOxMe3b&scp=28844454025&origin=inward"},{"@_fa": "true", "@ref": "scopus-citedby", "@href": "https://www.scopus.com/inward/citedby.uri?partnerID=HzOxMe3b&scp=28844454025&origin=inward"}],"prism:url":"https://api.elsevier.com/content/abstract/scopus_id/28844454025","dc:identifier":"SCOPUS_ID:28844454025","eid":"2-s2.0-28844454025","dc:title":"Innovation in practice: Redeveloping the Australian national bibliographic service","dc:creator":"Missingham R.","prism:publicationName":"Electronic Library","prism:issn":"02640473","prism:volume":"23","prism:issueIdentifier":"6","prism:pageRange":"641-651","prism:coverDate":"2005-12-19","prism:coverDisplayDate":"2005","prism:doi":"10.1108/02640470510635728","citedby-count":"0","prism:aggregationType":"Journal","subtype":"ar","subtypeDescription":"Article","source-id":"15420","openaccess":"0","openaccessFlag":false},{"@_fa": "true", "link": [{"@_fa": "true", "@ref": "self", "@href": "https://api.elsevier.com/content/abstract/scopus_id/28844478505"},{"@_fa": "true", "@ref": "author-affiliation", "@href": "https://api.elsevier.com/content/abstract/scopus_id/28844478505?field=author,affiliation"},{"@_fa": "true", "@ref": "scopus", "@href": "https://www.scopus.com/inward/record.uri?partnerID=HzOxMe3b&scp=28844478505&origin=inward"},{"@_fa": "true", "@ref": "scopus-citedby", "@href": "https://www.scopus.com/inward/citedby.uri?partnerID=HzOxMe3b&scp=28844478505&origin=inward"}],"prism:url":"https://api.elsevier.com/content/abstract/scopus_id/28844478505","dc:identifier":"SCOPUS_ID:28844478505","eid":"2-s2.0-28844478505","dc:title":"A web-based laboratory on control of a two-degrees-of-freedom helicopter","dc:creator":"Ko C.","prism:publicationName":"International Journal of Engineering Education","prism:issn":"0949149X","prism:volume":"21","prism:issueIdentifier":"6 PART I","prism:pageRange":"1017-1030","prism:coverDate":"2005-12-19","prism:coverDisplayDate":"2005","citedby-count":"27","affiliation": [{"@_fa": "true", "affilname":"National University of Singapore","affiliation-city":"Singapore City","affiliation-country":"Singapore"},{"@_fa": "true", "affilname":"IEEE","affiliation-city":"New York","affiliation-country":"United States"}],"prism:aggregationType":"Journal","subtype":"re","subtypeDescription":"Review","source-id":"12345","openaccess":"0","openaccessFlag":false},{"@_fa": "true", "link": [{"@_fa": "true", "@ref": "self", "@href": "https://api.elsevier.com/content/abstract/scopus_id/85023929815"},{"@_fa": "true", "@ref": "author-affiliation", "@href": "https://api.elsevier.com/content/abstract/scopus_id/85023929815?field=author,affiliation"},{"@_fa": "true", "@ref": "scopus", "@href": "https://www.scopus.com/inward/record.uri?partnerID=HzOxMe3b&scp=85023929815&origin=inward"},{"@_fa": "true", "@ref": "scopus-citedby", "@href": "https://www.scopus.com/inward/citedby.uri?partnerID=HzOxMe3b&scp=85023929815&origin=inward"}],"prism:url":"https://api.elsevier.com/content/abstract/scopus_id/85023929815","dc:identifier":"SCOPUS_ID:85023929815","eid":"2-s2.0-85023929815","dc:title":"Blood and marrow transplant information network &lt;http://www.bmtinfonet.org/&gt;","dc:creator":"Wood E.","prism:publicationName":"Journal of Consumer Health on the Internet","prism:issn":"15398285","prism:eIssn":"15398293","prism:volume":"9","prism:issueIdentifier":"4","prism:pageRange":"55-59","prism:coverDate":"2005-12-15","prism:coverDisplayDate":"15 December 2005","prism:doi":"10.1300/J381v09n04_06","citedby-count":"0","affiliation": [{"@_fa": "true", "affilname":"City of Hope National Med Center","affiliation-city":"Duarte","affiliation-country":"United States"}],"prism:aggregationType":"Journal","subtype":"ar","subtypeDescription":"Article","source-id":"4700152747","openaccess":"0","openaccessFlag":false},{"@_fa": "true", "link": [{"@_fa": "true", "@ref": "self", "@href": "https://api.elsevier.com/content/abstract/scopus_id/28644432320"},{"@_fa": "true", "@ref": "author-affiliation", "@href": "https://api.elsevier.com/content/abstract/scopus_id/28644432320?field=author,affiliation"},{"@_fa": "true", "@ref": "scopus", "@href": "https://www.scopus.com/inward/record.uri?partnerID=HzOxMe3b&scp=28644432320&origin=inward"},{"@_fa": "true", "@ref": "scopus-citedby", "@href": "https://www.scopus.com/inward/citedby.uri?partnerID=HzOxMe3b&scp=28644432320&origin=inward"},{"@_fa": "true", "@ref": "full-text", "@href": "https://api.elsevier.com/content/article/eid/1-s2.0-S0022437505000824"}],"prism:url":"https://api.elsevier.com/content/abstract/scopus_id/28644432320","dc:identifier":"SCOPUS_ID:28644432320","eid":"2-s2.0-28644432320","dc:title":"Advantages and disadvantages of different crash modeling techniques","dc:creator":"Sando T.","prism:publicationName":"Journal of Safety Research","prism:issn":"00224375","prism:volume":"36","prism:issueIdentifier":"5","prism:pageRange":"485-487","prism:coverDate":"2005-12-14","prism:coverDisplayDate":"2005","prism:doi":"10.1016/j.jsr.2005.10.006","pii":"S0022437505000824","citedby-count":"10","prism:aggregationType":"Journal","subtype":"cp","subtypeDescription":"Conference Paper","source-id":"29284","openaccess":"0","openaccessFlag":false},{"@_fa": "true", "link": [{"@_fa": "true", "@ref": "self", "@href": "https://api.elsevier.com/content/abstract/scopus_id/28644451774"},{"@_fa": "true", "@ref": "author-affiliation", "@href": "https://api.elsevier.com/content/abstract/scopus_id/28644451774?field=author,affiliation"},{"@_fa": "true", "@ref": "scopus", "@href": "https://www.scopus.com/inward/record.uri?partnerID=HzOxMe3b&scp=28644451774&origin=inward"},{"@_fa": "true", "@ref": "scopus-citedby", "@href": "https://www.scopus.com/inward/citedby.uri?partnerID=HzOxMe3b&scp=28644451774&origin=inward"},{"@_fa": "true", "@ref": "full-text", "@href": "https://api.elsevier.com/content/article/eid/1-s2.0-S0022437505000757"}],"prism:url":"https://api.elsevier.com/content/abstract/scopus_id/28644451774","dc:identifier":"SCOPUS_ID:28644451774","eid":"2-s2.0-28644451774","dc:title":"Homeland security, car crashes and traffic incident data: Killing three birds with one IT architecture","dc:creator":"Woodhall J.","prism:publicationName":"Journal of Safety Research","prism:issn":"00224375","prism:volume":"36","prism:issueIdentifier":"5","prism:pageRange":"461-463","prism:coverDate":"2005-12-14","prism:coverDisplayDate":"2005","prism:doi":"10.1016/j.jsr.2005.10.001","pii":"S0022437505000757","citedby-count":"0","pubmed-id":"16298397","prism:aggregationType":"Journal","subtype":"cp","subtypeDescription":"Conference Paper","source-id":"29284","openaccess":"0","openaccessFlag":false},{"@_fa": "true", "link": [{"@_fa": "true", "@ref": "self", "@href": "https://api.elsevier.com/content/abstract/scopus_id/84890191617"},{"@_fa": "true", "@ref": "author-affiliation", "@href": "https://api.elsevier.com/content/abstract/scopus_id/84890191617?field=author,affiliation"},{"@_fa": "true", "@ref": "scopus", "@href": "https://www.scopus.com/inward/record.uri?partnerID=HzOxMe3b&scp=84890191617&origin=inward"},{"@_fa": "true", "@ref": "scopus-citedby", "@href": "https://www.scopus.com/inward/citedby.uri?partnerID=HzOxMe3b&scp=84890191617&origin=inward"}],"prism:url":"https://api.elsevier.com/content/abstract/scopus_id/84890191617","dc:identifier":"SCOPUS_ID:84890191617","eid":"2-s2.0-84890191617","dc:title":"Researching the culture in agri-culture: Social research for international agricultural development","dc:creator":"Cernea M.","prism:publicationName":"Researching the Culture in Agri-Culture: Social Research for International Agricultural Development","prism:isbn": [{"@_fa": "true", "$" :"0851990037"},{"@_fa": "true", "$" :"9780851990033"}],"prism:pageRange":"1-497","prism:coverDate":"2005-12-14","prism:coverDisplayDate":"14 December 2005","citedby-count":"2","prism:aggregationType":"Book","subtype":"bk","subtypeDescription":"Book","source-id":"21100274508","openaccess":"0","openaccessFlag":false},{"@_fa": "true", "link": [{"@_fa": "true", "@ref": "self", "@href": "https://api.elsevier.com/content/abstract/scopus_id/28544441149"},{"@_fa": "true", "@ref": "author-affiliation", "@href": "https://api.elsevier.com/content/abstract/scopus_id/28544441149?field=author,affiliation"},{"@_fa": "true", "@ref": "scopus", "@href": "https://www.scopus.com/inward/record.uri?partnerID=HzOxMe3b&scp=28544441149&origin=inward"},{"@_fa": "true", "@ref": "scopus-citedby", "@href": "https://www.scopus.com/inward/citedby.uri?partnerID=HzOxMe3b&scp=28544441149&origin=inward"}],"prism:url":"https://api.elsevier.com/content/abstract/scopus_id/28544441149","dc:identifier":"SCOPUS_ID:28544441149","eid":"2-s2.0-28544441149","dc:title":"Reserve network design combining spatial graph theory and species' spatial requirements","dc:creator":"James P.","prism:publicationName":"Geomatica","prism:issn":"11951036","prism:volume":"59","prism:issueIdentifier":"3","prism:pageRange":"323-333","prism:coverDate":"2005-12-13","prism:coverDisplayDate":"2005","citedby-count":"5","prism:aggregationType":"Journal","subtype":"ar","subtypeDescription":"Article","source-id":"22632","openaccess":"0","openaccessFlag":false},{"@_fa": "true", "link": [{"@_fa": "true", "@ref": "self", "@href": "https://api.elsevier.com/content/abstract/scopus_id/84998591252"},{"@_fa": "true", "@ref": "author-affiliation", "@href": "https://api.elsevier.com/content/abstract/scopus_id/84998591252?field=author,affiliation"},{"@_fa": "true", "@ref": "scopus", "@href": "https://www.scopus.com/inward/record.uri?partnerID=HzOxMe3b&scp=84998591252&origin=inward"},{"@_fa": "true", "@ref": "scopus-citedby", "@href": "https://www.scopus.com/inward/citedby.uri?partnerID=HzOxMe3b&scp=84998591252&origin=inward"}],"prism:url":"https://api.elsevier.com/content/abstract/scopus_id/84998591252","dc:identifier":"SCOPUS_ID:84998591252","eid":"2-s2.0-84998591252","dc:title":"Online tools for accessing veterinary information: Electronic continuing resources","dc:creator":"Pelzer N.","prism:publicationName":"Journal of Electronic Resources in Medical Libraries","prism:issn":"15424065","prism:eIssn":"15424073","prism:volume":"2","prism:issueIdentifier":"4","prism:pageRange":"53-79","prism:coverDate":"2005-12-13","prism:coverDisplayDate":"13 December 2005","prism:doi":"10.1300/J383v02n04_04","citedby-count":"3","affiliation": [{"@_fa": "true", "affilname":"Iowa State University","affiliation-city":"Ames","affiliation-country":"United States"}],"prism:aggregationType":"Journal","subtype":"ar","subtypeDescription":"Article","source-id":"4700152748","openaccess":"0","openaccessFlag":false},{"@_fa": "true", "link": [{"@_fa": "true", "@ref": "self", "@href": "https://api.elsevier.com/content/abstract/scopus_id/28444468139"},{"@_fa": "true", "@ref": "author-affiliation", "@href": "https://api.elsevier.com/content/abstract/scopus_id/28444468139?field=author,affiliation"},{"@_fa": "true", "@ref": "scopus", "@href": "https://www.scopus.com/inward/record.uri?partnerID=HzOxMe3b&scp=28444468139&origin=inward"},{"@_fa": "true", "@ref": "scopus-citedby", "@href": "https://www.scopus.com/inward/citedby.uri?partnerID=HzOxMe3b&scp=28444468139&origin=inward"}],"prism:url":"https://api.elsevier.com/content/abstract/scopus_id/28444468139","dc:identifier":"SCOPUS_ID:28444468139","eid":"2-s2.0-28444468139","dc:title":"Learning in a network: A \"third way\" between school learning and workplace learning?","dc:creator":"Bottrup P.","prism:publicationName":"Journal of Workplace Learning","prism:issn":"13665626","prism:volume":"17","prism:issueIdentifier":"8","prism:pageRange":"508-520","prism:coverDate":"2005-12-12","prism:coverDisplayDate":"2005","prism:doi":"10.1108/13665620510625372","citedby-count":"16","prism:aggregationType":"Journal","subtype":"re","subtypeDescription":"Review","source-id":"145246","openaccess":"0","openaccessFlag":false},{"@_fa": "true", "link": [{"@_fa": "true", "@ref": "self", "@href": "https://api.elsevier.com/content/abstract/scopus_id/29144522978"},{"@_fa": "true", "@ref": "author-affiliation", "@href": "https://api.elsevier.com/content/abstract/scopus_id/29144522978?field=author,affiliation"},{"@_fa": "true", "@ref": "scopus", "@href": "https://www.scopus.com/inward/record.uri?partnerID=HzOxMe3b&scp=29144522978&origin=inward"},{"@_fa": "true", "@ref": "scopus-citedby", "@href": "https://www.scopus.com/inward/citedby.uri?partnerID=HzOxMe3b&scp=29144522978&origin=inward"}],"prism:url":"https://api.elsevier.com/content/abstract/scopus_id/29144522978","dc:identifier":"SCOPUS_ID:29144522978","eid":"2-s2.0-29144522978","dc:title":"Attention and empirical studies of grammar","dc:creator":"Myachykov A.","prism:publicationName":"Linguistic Review","prism:issn":"01676318","prism:volume":"22","prism:issueIdentifier":"2-4","prism:pageRange":"347-364","prism:coverDate":"2005-12-12","prism:coverDisplayDate":"12 December 2005","prism:doi":"10.1515/tlir.2005.22.2-4.347","citedby-count":"11","prism:aggregationType":"Journal","subtype":"re","subtypeDescription":"Review","source-id":"144796","openaccess":"0","openaccessFlag":false},{"@_fa": "true", "link": [{"@_fa": "true", "@ref": "self", "@href": "https://api.elsevier.com/content/abstract/scopus_id/28444431625"},{"@_fa": "true", "@ref": "author-affiliation", "@href": "https://api.elsevier.com/content/abstract/scopus_id/28444431625?field=author,affiliation"},{"@_fa": "true", "@ref": "scopus", "@href": "https://www.scopus.com/inward/record.uri?partnerID=HzOxMe3b&scp=28444431625&origin=inward"},{"@_fa": "true", "@ref": "scopus-citedby", "@href": "https://www.scopus.com/inward/citedby.uri?partnerID=HzOxMe3b&scp=28444431625&origin=inward"}],"prism:url":"https://api.elsevier.com/content/abstract/scopus_id/28444431625","dc:identifier":"SCOPUS_ID:28444431625","eid":"2-s2.0-28444431625","dc:title":"Spatial modeling and analysis of adjusted residuals over a network of GPS-levelling benchmarks","dc:creator":"Fotopoulos G.","prism:publicationName":"Geomatica","prism:issn":"11951036","prism:volume":"59","prism:issueIdentifier":"3","prism:pageRange":"251-262","prism:coverDate":"2005-12-12","prism:coverDisplayDate":"2005","citedby-count":"4","prism:aggregationType":"Journal","subtype":"ar","subtypeDescription":"Article","source-id":"22632","openaccess":"0","openaccessFlag":false},{"@_fa": "true", "link": [{"@_fa": "true", "@ref": "self", "@href": "https://api.elsevier.com/content/abstract/scopus_id/28444460786"},{"@_fa": "true", "@ref": "author-affiliation", "@href": "https://api.elsevier.com/content/abstract/scopus_id/28444460786?field=author,affiliation"},{"@_fa": "true", "@ref": "scopus", "@href": "https://www.scopus.com/inward/record.uri?partnerID=HzOxMe3b&scp=28444460786&origin=inward"},{"@_fa": "true", "@ref": "scopus-citedby", "@href": "https://www.scopus.com/inward/citedby.uri?partnerID=HzOxMe3b&scp=28444460786&origin=inward"}],"prism:url":"https://api.elsevier.com/content/abstract/scopus_id/28444460786","dc:identifier":"SCOPUS_ID:28444460786","eid":"2-s2.0-28444460786","dc:title":"Extraction of road networks using pan-sharpened multispectral and panchromatic quickbird images","dc:creator":"Wang R.","prism:publicationName":"Geomatica","prism:issn":"11951036","prism:volume":"59","prism:issueIdentifier":"3","prism:pageRange":"263-273","prism:coverDate":"2005-12-12","prism:coverDisplayDate":"2005","citedby-count":"10","affiliation": [{"@_fa": "true", "affilname":"York University","affiliation-city":"Toronto","affiliation-country":"Canada"}],"prism:aggregationType":"Journal","subtype":"ar","subtypeDescription":"Article","source-id":"22632","openaccess":"0","openaccessFlag":false}]}}