{"search-results":{"opensearch:totalResults":"3543","opensearch:startIndex":"0","opensearch:itemsPerPage":"25","opensearch:Query":{"@role": "request", "@searchTerms": "TITLE-ABS-KEY(\"network\") AND SUBJAREA(SOCI) AND PUBYEAR = 2004", "@startPage": "0"},"link": [{"@_fa": "true", "@ref": "self", "@href": "https://api.elsevier.com/content/search/scopus?start=0&count=25&query=TITLE-ABS-KEY%28%22network%22%29+AND+SUBJAREA%28SOCI%29+AND+PUBYEAR+%3D+2004&apiKey=27d953b4b546791964ebeb768d13e61f&view=STANDARD", "@type": "application/json"},{"@_fa": "true", "@ref": "first", "@href": "https://api.elsevier.com/content/search/scopus?start=0&count=25&query=TITLE-ABS-KEY%28%22network%22%29+AND+SUBJAREA%28SOCI%29+AND+PUBYEAR+%3D+2004&apiKey=27d953b4b546791964ebeb768d13e61f&view=STANDARD", "@type": "application/json"},{"@_fa": "true", "@ref": "next", "@href": "https://api.elsevier.com/content/search/scopus?start=25&count=25&query=TITLE-ABS-KEY%28%22network%22%29+AND+SUBJAREA%28SOCI%29+AND+PUBYEAR+%3D+2004&apiKey=27d953b4b546791964ebeb768d13e61f&view=STANDARD", "@type": "application/json"},{"@_fa": "true", "@ref": "last", "@href": "https://api.elsevier.com/content/search/scopus?start=3518&count=25&query=TITLE-ABS-KEY%28%22network%22%29+AND+SUBJAREA%28SOCI%29+AND+PUBYEAR+%3D+2004&apiKey=27d953b4b546791964ebeb768d13e61f&view=STANDARD", "@type": "application/json"}],"entry": [{"@_fa": "true", "link": [{"@_fa": "true", "@ref": "self", "@href": "https://api.elsevier.com/content/abstract/scopus_id/10644277969"},{"@_fa": "true", "@ref": "author-affiliation", "@href": "https://api.elsevier.com/content/abstract/scopus_id/10644277969?field=author,affiliation"},{"@_fa": "true", "@ref": "scopus", "@href": "https://www.scopus.com/inward/record.uri?partnerID=HzOxMe3b&scp=10644277969&origin=inward"},{"@_fa": "true", "@ref": "scopus-citedby", "@href": "https://www.scopus.com/inward/citedby.uri?partnerID=HzOxMe3b&scp=10644277969&origin=inward"}],"prism:url":"https://api.elsevier.com/content/abstract/scopus_id/10644277969","dc:identifier":"SCOPUS_ID:10644277969","eid":"2-s2.0-10644277969","dc:title":"A tool for supporting web-based empirical research: Providing a basis for web design guidelines","dc:creator":"Barrick J.","prism:publicationName":"IEEE International Professional Communication Conference","prism:pageRange":"189-194","prism:coverDate":"2004-12-28","prism:coverDisplayDate":"2004","citedby-count":"5","affiliation": [{"@_fa": "true", "affilname":"University of Washington, Seattle","affiliation-city":"Seattle","affiliation-country":"United States"}],"prism:aggregationType":"Conference Proceeding","subtype":"cp","subtypeDescription":"Conference Paper","source-id":"110577","openaccess":"0","openaccessFlag":false},{"@_fa": "true", "link": [{"@_fa": "true", "@ref": "self", "@href": "https://api.elsevier.com/content/abstract/scopus_id/84862155708"},{"@_fa": "true", "@ref": "author-affiliation", "@href": "https://api.elsevier.com/content/abstract/scopus_id/84862155708?field=author,affiliation"},{"@_fa": "true", "@ref": "scopus", "@href": "https://www.scopus.com/inward/record.uri?partnerID=HzOxMe3b&scp=84862155708&origin=inward"},{"@_fa": "true", "@ref": "scopus-citedby", "@href": "https://www.scopus.com/inward/citedby.uri?partnerID=HzOxMe3b&scp=84862155708&origin=inward"}],"prism:url":"https://api.elsevier.com/content/abstract/scopus_id/84862155708","dc:identifier":"SCOPUS_ID:84862155708","eid":"2-s2.0-84862155708","dc:title":"Sociocognitive aspects of proverb use in a Mexican transnational social network","dc:creator":"Barajas E.","prism:publicationName":"Latino Language and Literacy in Ethnolinguistic Chicago","prism:isbn": [{"@_fa": "true", "$" :"1410612074"},{"@_fa": "true", "$" :"9781410612076"}],"prism:pageRange":"55-77","prism:coverDate":"2004-12-27","prism:coverDisplayDate":"December 27, 2004","prism:doi":"10.4324/9781410612076","citedby-count":"1","affiliation": [{"@_fa": "true", "affilname":"Texas A and M University","affiliation-city":"College Station","affiliation-country":"United States"}],"prism:aggregationType":"Book","subtype":"ch","subtypeDescription":"Chapter","source-id":"21100351400","openaccess":"0","openaccessFlag":false},{"@_fa": "true", "link": [{"@_fa": "true", "@ref": "self", "@href": "https://api.elsevier.com/content/abstract/scopus_id/10444283398"},{"@_fa": "true", "@ref": "author-affiliation", "@href": "https://api.elsevier.com/content/abstract/scopus_id/10444283398?field=author,affiliation"},{"@_fa": "true", "@ref": "scopus", "@href": "https://www.scopus.com/inward/record.uri?partnerID=HzOxMe3b&scp=10444283398&origin=inward"},{"@_fa": "true", "@ref": "scopus-citedby", "@href": "https://www.scopus.com/inward/citedby.uri?partnerID=HzOxMe3b&scp=10444283398&origin=inward"}],"prism:url":"https://api.elsevier.com/content/abstract/scopus_id/10444283398","dc:identifier":"SCOPUS_ID:10444283398","eid":"2-s2.0-10444283398","dc:title":"Program partnerships for global literacy in professional communication","dc:creator":"Starke-Meyerring D.","prism:publicationName":"IEEE International Professional Communication Conference","prism:pageRange":"19-22","prism:coverDate":"2004-12-27","prism:coverDisplayDate":"2004","citedby-count":"0","affiliation": [{"@_fa": "true", "affilname":"McGill University","affiliation-city":"Montreal","affiliation-country":"Canada"}],"prism:aggregationType":"Conference Proceeding","subtype":"cp","subtypeDescription":"Conference Paper","source-id":"110577","openaccess":"0","openaccessFlag":false},{"@_fa": "true", "link": [{"@_fa": "true", "@ref": "self", "@href": "https://api.elsevier.com/content/abstract/scopus_id/84909281267"},{"@_fa": "true", "@ref": "author-affiliation", "@href": "https://api.elsevier.com/content/abstract/scopus_id/84909281267?field=author,affiliation"},{"@_fa": "true", "@ref": "scopus", "@href": "https://www.scopus.com/inward/record.uri?partnerID=HzOxMe3b&scp=84909281267&origin=inward"},{"@_fa": "true", "@ref": "scopus-citedby", "@href": "https://www.scopus.com/inward/citedby.uri?partnerID=HzOxMe3b&scp=84909281267&origin=inward"}],"prism:url":"https://api.elsevier.com/content/abstract/scopus_id/84909281267","dc:identifier":"SCOPUS_ID:84909281267","eid":"2-s2.0-84909281267","dc:title":"Contesting the iron fist: Advocacy networks and police violence in democratic Argentina and Chile","dc:creator":"Claudio F.","prism:publicationName":"Contesting the Iron Fist: Advocacy Networks and Police Violence in Democratic Argentina and Chile","prism:isbn": [{"@_fa": "true", "$" :"0203312996"},{"@_fa": "true", "$" :"9780203312995"}],"prism:pageRange":"1-183","prism:coverDate":"2004-12-26","prism:coverDisplayDate":"December 26, 2004","prism:doi":"10.4324/9780203312995","citedby-count":"1","affiliation": [{"@_fa": "true", "affilname":"Faculty of Social Science","affiliation-city":null,"affiliation-country":"Chile"}],"prism:aggregationType":"Book","subtype":"bk","subtypeDescription":"Book","source-id":"21100344941","openaccess":"0","openaccessFlag":false},{"@_fa": "true", "link": [{"@_fa": "true", "@ref": "self", "@href": "https://api.elsevier.com/content/abstract/scopus_id/10444279178"},{"@_fa": "true", "@ref": "author-affiliation", "@href": "https://api.elsevier.com/content/abstract/scopus_id/10444279178?field=author,affiliation"},{"@_fa": "true", "@ref": "scopus", "@href": "https://www.scopus.com/inward/record.uri?partnerID=HzOxMe3b&scp=10444279178&origin=inward"},{"@_fa": "true", "@ref": "scopus-citedby", "@href": "https://www.scopus.com/inward/citedby.uri?partnerID=HzOxMe3b&scp=10444279178&origin=inward"}],"prism:url":"https://api.elsevier.com/content/abstract/scopus_id/10444279178","dc:identifier":"SCOPUS_ID:10444279178","eid":"2-s2.0-10444279178","dc:title":"Texts in context: Afro-Colombian women's activism in the Pacific Lowlands of Colombia","dc:creator":"Asher K.","prism:publicationName":"Feminist Review","prism:issn":"01417789","prism:issueIdentifier":"78","prism:pageRange":"38-55","prism:coverDate":"2004-12-24","prism:coverDisplayDate":"2004","prism:doi":"10.1057/palgrave.fr.9400189","citedby-count":"10","affiliation": [{"@_fa": "true", "affilname":"Clark University","affiliation-city":"Worcester","affiliation-country":"United States"}],"prism:aggregationType":"Journal","subtype":"re","subtypeDescription":"Review","source-id":"23596","openaccess":"0","openaccessFlag":false},{"@_fa": "true", "link": [{"@_fa": "true", "@ref": "self", "@href": "https://api.elsevier.com/content/abstract/scopus_id/84906202431"},{"@_fa": "true", "@ref": "author-affiliation", "@href": "https://api.elsevier.com/content/abstract/scopus_id/84906202431?field=author,affiliation"},{"@_fa": "true", "@ref": "scopus", "@href": "https://www.scopus.com/inward/record.uri?partnerID=HzOxMe3b&scp=84906202431&origin=inward"},{"@_fa": "true", "@ref": "scopus-citedby", "@href": "https://www.scopus.com/inward/citedby.uri?partnerID=HzOxMe3b&scp=84906202431&origin=inward"}],"prism:url":"https://api.elsevier.com/content/abstract/scopus_id/84906202431","dc:identifier":"SCOPUS_ID:84906202431","eid":"2-s2.0-84906202431","dc:title":"Transnational connections and the arab gulf","dc:creator":"Al-Rasheed M.","prism:publicationName":"Transnational Connections and the Arab Gulf","prism:isbn": [{"@_fa": "true", "$" :"0203397932"},{"@_fa": "true", "$" :"9780203397930"}],"prism:pageRange":"1-189","prism:coverDate":"2004-12-23","prism:coverDisplayDate":"23 December 2004","prism:doi":"10.4324/9780203397930","citedby-count":"15","affiliation": [{"@_fa": "true", "affilname":"King's College London","affiliation-city":"London","affiliation-country":"United Kingdom"}],"prism:aggregationType":"Book","subtype":"bk","subtypeDescription":"Book","source-id":"21100330611","openaccess":"0","openaccessFlag":false},{"@_fa": "true", "link": [{"@_fa": "true", "@ref": "self", "@href": "https://api.elsevier.com/content/abstract/scopus_id/84909253627"},{"@_fa": "true", "@ref": "author-affiliation", "@href": "https://api.elsevier.com/content/abstract/scopus_id/84909253627?field=author,affiliation"},{"@_fa": "true", "@ref": "scopus", "@href": "https://www.scopus.com/inward/record.uri?partnerID=HzOxMe3b&scp=84909253627&origin=inward"},{"@_fa": "true", "@ref": "scopus-citedby", "@href": "https://www.scopus.com/inward/citedby.uri?partnerID=HzOxMe3b&scp=84909253627&origin=inward"}],"prism:url":"https://api.elsevier.com/content/abstract/scopus_id/84909253627","dc:identifier":"SCOPUS_ID:84909253627","eid":"2-s2.0-84909253627","dc:title":"Stratification: Social division and inequality","dc:creator":"Bottero W.","prism:publicationName":"Stratification: Social Division and Inequality","prism:isbn": [{"@_fa": "true", "$" :"0203339363"},{"@_fa": "true", "$" :"9780203339367"}],"prism:pageRange":"1-283","prism:coverDate":"2004-12-23","prism:coverDisplayDate":"December 23, 2004","prism:doi":"10.4324/9780203339367","citedby-count":"90","affiliation": [{"@_fa": "true", "affilname":"University of Southampton","affiliation-city":"Southampton","affiliation-country":"United Kingdom"}],"prism:aggregationType":"Book","subtype":"bk","subtypeDescription":"Book","source-id":"21100340253","openaccess":"0","openaccessFlag":false},{"@_fa": "true", "link": [{"@_fa": "true", "@ref": "self", "@href": "https://api.elsevier.com/content/abstract/scopus_id/84958865723"},{"@_fa": "true", "@ref": "author-affiliation", "@href": "https://api.elsevier.com/content/abstract/scopus_id/84958865723?field=author,affiliation"},{"@_fa": "true", "@ref": "scopus", "@href": "https://www.scopus.com/inward/record.uri?partnerID=HzOxMe3b&scp=84958865723&origin=inward"},{"@_fa": "true", "@ref": "scopus-citedby", "@href": "https://www.scopus.com/inward/citedby.uri?partnerID=HzOxMe3b&scp=84958865723&origin=inward"}],"prism:url":"https://api.elsevier.com/content/abstract/scopus_id/84958865723","dc:identifier":"SCOPUS_ID:84958865723","eid":"2-s2.0-84958865723","dc:title":"Problematising 'semiotic resource'","dc:creator":"Fei V.","prism:publicationName":"Interpretation and Understanding","prism:isbn": [{"@_fa": "true", "$" :"9789027232069"},{"@_fa": "true", "$" :"9789027275158"}],"prism:pageRange":"51-63","prism:coverDate":"2004-12-23","prism:coverDisplayDate":"December 23, 2004","prism:doi":"10.1075/ddcs.6.05fei","citedby-count":"1","affiliation": [{"@_fa": "true", "affilname":"National University of Singapore","affiliation-city":"Singapore City","affiliation-country":"Singapore"}],"prism:aggregationType":"Book","subtype":"ch","subtypeDescription":"Chapter","source-id":"5800208953","openaccess":"0","openaccessFlag":false},{"@_fa": "true", "link": [{"@_fa": "true", "@ref": "self", "@href": "https://api.elsevier.com/content/abstract/scopus_id/10344239452"},{"@_fa": "true", "@ref": "author-affiliation", "@href": "https://api.elsevier.com/content/abstract/scopus_id/10344239452?field=author,affiliation"},{"@_fa": "true", "@ref": "scopus", "@href": "https://www.scopus.com/inward/record.uri?partnerID=HzOxMe3b&scp=10344239452&origin=inward"},{"@_fa": "true", "@ref": "scopus-citedby", "@href": "https://www.scopus.com/inward/citedby.uri?partnerID=HzOxMe3b&scp=10344239452&origin=inward"}],"prism:url":"https://api.elsevier.com/content/abstract/scopus_id/10344239452","dc:identifier":"SCOPUS_ID:10344239452","eid":"2-s2.0-10344239452","dc:title":"Project Northland in Croatia: A community-based adolescent alcohol prevention intervention","dc:creator":"Abatemarco D.","prism:publicationName":"Journal of Drug Education","prism:issn":"00472379","prism:volume":"34","prism:issueIdentifier":"2","prism:pageRange":"167-178","prism:coverDate":"2004-12-23","prism:coverDisplayDate":"2004","prism:doi":"10.2190/HKLN-EXWB-8QPX-W8B8","citedby-count":"9","affiliation": [{"@_fa": "true", "affilname":"Rutgers School of Public Health","affiliation-city":"Piscataway","affiliation-country":"United States"}],"pubmed-id":"15638217","prism:aggregationType":"Journal","subtype":"ar","subtypeDescription":"Article","source-id":"25314","openaccess":"0","openaccessFlag":false},{"@_fa": "true", "link": [{"@_fa": "true", "@ref": "self", "@href": "https://api.elsevier.com/content/abstract/scopus_id/34247655731"},{"@_fa": "true", "@ref": "author-affiliation", "@href": "https://api.elsevier.com/content/abstract/scopus_id/34247655731?field=author,affiliation"},{"@_fa": "true", "@ref": "scopus", "@href": "https://www.scopus.com/inward/record.uri?partnerID=HzOxMe3b&scp=34247655731&origin=inward"},{"@_fa": "true", "@ref": "scopus-citedby", "@href": "https://www.scopus.com/inward/citedby.uri?partnerID=HzOxMe3b&scp=34247655731&origin=inward"}],"prism:url":"https://api.elsevier.com/content/abstract/scopus_id/34247655731","dc:identifier":"SCOPUS_ID:34247655731","eid":"2-s2.0-34247655731","dc:title":"Dónde están los huevos? Surviving in times of economic hardship: Cuban mothers, the state, and making ends meet","dc:creator":"Burwell R.","prism:publicationName":"Journal of Poverty","prism:issn":"10875549","prism:eIssn":"15407608","prism:volume":"8","prism:issueIdentifier":"4","prism:pageRange":"75-95","prism:coverDate":"2004-12-22","prism:coverDisplayDate":"22 December 2004","prism:doi":"10.1300/J134v08n04_05","citedby-count":"0","affiliation": [{"@_fa": "true", "affilname":"University of Notre Dame","affiliation-city":"Notre Dame","affiliation-country":"United States"}],"prism:aggregationType":"Journal","subtype":"ar","subtypeDescription":"Article","source-id":"4700152755","openaccess":"0","openaccessFlag":false},{"@_fa": "true", "link": [{"@_fa": "true", "@ref": "self", "@href": "https://api.elsevier.com/content/abstract/scopus_id/85023945449"},{"@_fa": "true", "@ref": "author-affiliation", "@href": "https://api.elsevier.com/content/abstract/scopus_id/85023945449?field=author,affiliation"},{"@_fa": "true", "@ref": "scopus", "@href": "https://www.scopus.com/inward/record.uri?partnerID=HzOxMe3b&scp=85023945449&origin=inward"},{"@_fa": "true", "@ref": "scopus-citedby", "@href": "https://www.scopus.com/inward/citedby.uri?partnerID=HzOxMe3b&scp=85023945449&origin=inward"}],"prism:url":"https://api.elsevier.com/content/abstract/scopus_id/85023945449","dc:identifier":"SCOPUS_ID:85023945449","eid":"2-s2.0-85023945449","dc:title":"Partnering with the community: A women's health network for multicultural communities","dc:creator":"Shipman J.","prism:publicationName":"Journal of Consumer Health on the Internet","prism:issn":"15398285","prism:eIssn":"15398293","prism:volume":"8","prism:issueIdentifier":"4","prism:pageRange":"27-39","prism:coverDate":"2004-12-21","prism:coverDisplayDate":"21 December 2004","prism:doi":"10.1300/J381v08n04_03","citedby-count":"0","affiliation": [{"@_fa": "true", "affilname":"Virginia Commonwealth University","affiliation-city":"Richmond","affiliation-country":"United States"}],"prism:aggregationType":"Journal","subtype":"ar","subtypeDescription":"Article","source-id":"4700152747","openaccess":"0","openaccessFlag":false},{"@_fa": "true", "link": [{"@_fa": "true", "@ref": "self", "@href": "https://api.elsevier.com/content/abstract/scopus_id/10044260995"},{"@_fa": "true", "@ref": "author-affiliation", "@href": "https://api.elsevier.com/content/abstract/scopus_id/10044260995?field=author,affiliation"},{"@_fa": "true", "@ref": "scopus", "@href": "https://www.scopus.com/inward/record.uri?partnerID=HzOxMe3b&scp=10044260995&origin=inward"},{"@_fa": "true", "@ref": "scopus-citedby", "@href": "https://www.scopus.com/inward/citedby.uri?partnerID=HzOxMe3b&scp=10044260995&origin=inward"}],"prism:url":"https://api.elsevier.com/content/abstract/scopus_id/10044260995","dc:identifier":"SCOPUS_ID:10044260995","eid":"2-s2.0-10044260995","dc:title":"Executive committee of the InterAcademy Medical Panel (IAMP). Mother-Child Health International Research Network (MCH-IRN)","dc:creator":"Challoner D.","prism:publicationName":"Bulletin de l'Academie Nationale de Medecine","prism:issn":"00014079","prism:volume":"188","prism:issueIdentifier":"5","prism:pageRange":"837-841","prism:coverDate":"2004-12-20","prism:coverDisplayDate":"2004","citedby-count":"0","prism:aggregationType":"Journal","subtype":"cp","subtypeDescription":"Conference Paper","source-id":"26496","openaccess":"0","openaccessFlag":false},{"@_fa": "true", "link": [{"@_fa": "true", "@ref": "self", "@href": "https://api.elsevier.com/content/abstract/scopus_id/10044262042"},{"@_fa": "true", "@ref": "author-affiliation", "@href": "https://api.elsevier.com/content/abstract/scopus_id/10044262042?field=author,affiliation"},{"@_fa": "true", "@ref": "scopus", "@href": "https://www.scopus.com/inward/record.uri?partnerID=HzOxMe3b&scp=10044262042&origin=inward"},{"@_fa": "true", "@ref": "scopus-citedby", "@href": "https://www.scopus.com/inward/citedby.uri?partnerID=HzOxMe3b&scp=10044262042&origin=inward"}],"prism:url":"https://api.elsevier.com/content/abstract/scopus_id/10044262042","dc:identifier":"SCOPUS_ID:10044262042","eid":"2-s2.0-10044262042","dc:title":"Orphan lung diseases: From curiosity to solicitude","dc:creator":"Cordier J.","prism:publicationName":"Bulletin de l'Academie Nationale de Medecine","prism:issn":"00014079","prism:volume":"188","prism:issueIdentifier":"5","prism:pageRange":"755-765","prism:coverDate":"2004-12-20","prism:coverDisplayDate":"2004","citedby-count":"1","pubmed-id":"15656236","prism:aggregationType":"Journal","subtype":"ar","subtypeDescription":"Article","source-id":"26496","openaccess":"0","openaccessFlag":false},{"@_fa": "true", "link": [{"@_fa": "true", "@ref": "self", "@href": "https://api.elsevier.com/content/abstract/scopus_id/10044242674"},{"@_fa": "true", "@ref": "author-affiliation", "@href": "https://api.elsevier.com/content/abstract/scopus_id/10044242674?field=author,affiliation"},{"@_fa": "true", "@ref": "scopus", "@href": "https://www.scopus.com/inward/record.uri?partnerID=HzOxMe3b&scp=10044242674&origin=inward"},{"@_fa": "true", "@ref": "scopus-citedby", "@href": "https://www.scopus.com/inward/citedby.uri?partnerID=HzOxMe3b&scp=10044242674&origin=inward"}],"prism:url":"https://api.elsevier.com/content/abstract/scopus_id/10044242674","dc:identifier":"SCOPUS_ID:10044242674","eid":"2-s2.0-10044242674","dc:title":"International civil society cooperation on migrants' rights: Perspectives from an NGO network","dc:creator":"Gencianos G.","prism:publicationName":"European Journal of Migration and Law","prism:issn":"1388364X","prism:volume":"6","prism:issueIdentifier":"2","prism:pageRange":"147-155","prism:coverDate":"2004-12-17","prism:coverDisplayDate":"2004","prism:doi":"10.1163/1571816042885932","citedby-count":"2","prism:aggregationType":"Journal","subtype":"re","subtypeDescription":"Review","source-id":"26216","openaccess":"0","openaccessFlag":false},{"@_fa": "true", "link": [{"@_fa": "true", "@ref": "self", "@href": "https://api.elsevier.com/content/abstract/scopus_id/10044248650"},{"@_fa": "true", "@ref": "author-affiliation", "@href": "https://api.elsevier.com/content/abstract/scopus_id/10044248650?field=author,affiliation"},{"@_fa": "true", "@ref": "scopus", "@href": "https://www.scopus.com/inward/record.uri?partnerID=HzOxMe3b&scp=10044248650&origin=inward"},{"@_fa": "true", "@ref": "scopus-citedby", "@href": "https://www.scopus.com/inward/citedby.uri?partnerID=HzOxMe3b&scp=10044248650&origin=inward"}],"prism:url":"https://api.elsevier.com/content/abstract/scopus_id/10044248650","dc:identifier":"SCOPUS_ID:10044248650","eid":"2-s2.0-10044248650","dc:title":"Automation in developing technical documentation of telecommunication networks","dc:creator":"Šarić S.","prism:publicationName":"Promet - Traffic - Traffico","prism:issn":"03535320","prism:volume":"16","prism:issueIdentifier":"5","prism:pageRange":"257-262","prism:coverDate":"2004-12-17","prism:coverDisplayDate":"2004","citedby-count":"0","prism:aggregationType":"Journal","subtype":"re","subtypeDescription":"Review","source-id":"16909","openaccess":"0","openaccessFlag":false},{"@_fa": "true", "link": [{"@_fa": "true", "@ref": "self", "@href": "https://api.elsevier.com/content/abstract/scopus_id/10044269915"},{"@_fa": "true", "@ref": "author-affiliation", "@href": "https://api.elsevier.com/content/abstract/scopus_id/10044269915?field=author,affiliation"},{"@_fa": "true", "@ref": "scopus", "@href": "https://www.scopus.com/inward/record.uri?partnerID=HzOxMe3b&scp=10044269915&origin=inward"},{"@_fa": "true", "@ref": "scopus-citedby", "@href": "https://www.scopus.com/inward/citedby.uri?partnerID=HzOxMe3b&scp=10044269915&origin=inward"}],"prism:url":"https://api.elsevier.com/content/abstract/scopus_id/10044269915","dc:identifier":"SCOPUS_ID:10044269915","eid":"2-s2.0-10044269915","dc:title":"Spreadsheet applications in electrical engineering: A review","dc:creator":"Chehab A.","prism:publicationName":"International Journal of Engineering Education","prism:issn":"0949149X","prism:volume":"20","prism:issueIdentifier":"6","prism:pageRange":"902-908","prism:coverDate":"2004-12-17","prism:coverDisplayDate":"2004","citedby-count":"10","affiliation": [{"@_fa": "true", "affilname":"American University of Beirut","affiliation-city":"Beirut","affiliation-country":"Lebanon"}],"prism:aggregationType":"Journal","subtype":"re","subtypeDescription":"Review","source-id":"12345","openaccess":"0","openaccessFlag":false},{"@_fa": "true", "link": [{"@_fa": "true", "@ref": "self", "@href": "https://api.elsevier.com/content/abstract/scopus_id/10044243834"},{"@_fa": "true", "@ref": "author-affiliation", "@href": "https://api.elsevier.com/content/abstract/scopus_id/10044243834?field=author,affiliation"},{"@_fa": "true", "@ref": "scopus", "@href": "https://www.scopus.com/inward/record.uri?partnerID=HzOxMe3b&scp=10044243834&origin=inward"},{"@_fa": "true", "@ref": "scopus-citedby", "@href": "https://www.scopus.com/inward/citedby.uri?partnerID=HzOxMe3b&scp=10044243834&origin=inward"}],"prism:url":"https://api.elsevier.com/content/abstract/scopus_id/10044243834","dc:identifier":"SCOPUS_ID:10044243834","eid":"2-s2.0-10044243834","dc:title":"Screening and assessing a capstone senior design project: Video compression and error concealment over the internet","dc:creator":"Salama P.","prism:publicationName":"International Journal of Engineering Education","prism:issn":"0949149X","prism:volume":"20","prism:issueIdentifier":"6","prism:pageRange":"1055-1064","prism:coverDate":"2004-12-17","prism:coverDisplayDate":"2004","citedby-count":"3","affiliation": [{"@_fa": "true", "affilname":"Indiana University-Purdue University Indianapolis","affiliation-city":"Indianapolis","affiliation-country":"United States"}],"prism:aggregationType":"Journal","subtype":"ar","subtypeDescription":"Article","source-id":"12345","openaccess":"0","openaccessFlag":false},{"@_fa": "true", "link": [{"@_fa": "true", "@ref": "self", "@href": "https://api.elsevier.com/content/abstract/scopus_id/10044229482"},{"@_fa": "true", "@ref": "author-affiliation", "@href": "https://api.elsevier.com/content/abstract/scopus_id/10044229482?field=author,affiliation"},{"@_fa": "true", "@ref": "scopus", "@href": "https://www.scopus.com/inward/record.uri?partnerID=HzOxMe3b&scp=10044229482&origin=inward"},{"@_fa": "true", "@ref": "scopus-citedby", "@href": "https://www.scopus.com/inward/citedby.uri?partnerID=HzOxMe3b&scp=10044229482&origin=inward"}],"prism:url":"https://api.elsevier.com/content/abstract/scopus_id/10044229482","dc:identifier":"SCOPUS_ID:10044229482","eid":"2-s2.0-10044229482","dc:title":"Spreadsheets in chemical engineering education - A tool in process design and process integration","dc:creator":"Ferreira E.","prism:publicationName":"International Journal of Engineering Education","prism:issn":"0949149X","prism:volume":"20","prism:issueIdentifier":"6","prism:pageRange":"928-938","prism:coverDate":"2004-12-17","prism:coverDisplayDate":"2004","citedby-count":"17","prism:aggregationType":"Journal","subtype":"ar","subtypeDescription":"Article","source-id":"12345","openaccess":"0","openaccessFlag":false},{"@_fa": "true", "link": [{"@_fa": "true", "@ref": "self", "@href": "https://api.elsevier.com/content/abstract/scopus_id/34248599618"},{"@_fa": "true", "@ref": "author-affiliation", "@href": "https://api.elsevier.com/content/abstract/scopus_id/34248599618?field=author,affiliation"},{"@_fa": "true", "@ref": "scopus", "@href": "https://www.scopus.com/inward/record.uri?partnerID=HzOxMe3b&scp=34248599618&origin=inward"},{"@_fa": "true", "@ref": "scopus-citedby", "@href": "https://www.scopus.com/inward/citedby.uri?partnerID=HzOxMe3b&scp=34248599618&origin=inward"}],"prism:url":"https://api.elsevier.com/content/abstract/scopus_id/34248599618","dc:identifier":"SCOPUS_ID:34248599618","eid":"2-s2.0-34248599618","dc:title":"Managing bullying and managing difference: A case study of one secondary school","dc:creator":"Dixon R.","prism:publicationName":"Journal of School Violence","prism:issn":"15388220","prism:eIssn":"15388239","prism:volume":"3","prism:issueIdentifier":"4","prism:pageRange":"17-39","prism:coverDate":"2004-12-17","prism:coverDisplayDate":"17 December 2004","prism:doi":"10.1300/J202v03n04_03","citedby-count":"4","affiliation": [{"@_fa": "true", "affilname":"Birkbeck University of London","affiliation-city":"London","affiliation-country":"United Kingdom"}],"prism:aggregationType":"Journal","subtype":"ar","subtypeDescription":"Article","source-id":"4700152736","openaccess":"0","openaccessFlag":false},{"@_fa": "true", "link": [{"@_fa": "true", "@ref": "self", "@href": "https://api.elsevier.com/content/abstract/scopus_id/11244335447"},{"@_fa": "true", "@ref": "author-affiliation", "@href": "https://api.elsevier.com/content/abstract/scopus_id/11244335447?field=author,affiliation"},{"@_fa": "true", "@ref": "scopus", "@href": "https://www.scopus.com/inward/record.uri?partnerID=HzOxMe3b&scp=11244335447&origin=inward"},{"@_fa": "true", "@ref": "scopus-citedby", "@href": "https://www.scopus.com/inward/citedby.uri?partnerID=HzOxMe3b&scp=11244335447&origin=inward"}],"prism:url":"https://api.elsevier.com/content/abstract/scopus_id/11244335447","dc:identifier":"SCOPUS_ID:11244335447","eid":"2-s2.0-11244335447","dc:title":"Helping young children to see what is relevant and why: Supporting cognitive change in earth science using analogy","dc:creator":"Blake A.","prism:publicationName":"International Journal of Science Education","prism:issn":"09500693","prism:volume":"26","prism:issueIdentifier":"15","prism:pageRange":"1855-1873","prism:coverDate":"2004-12-17","prism:coverDisplayDate":"17 December 2004","prism:doi":"10.1080/0950069042000266173","citedby-count":"19","affiliation": [{"@_fa": "true", "affilname":"Newcastle University, United Kingdom","affiliation-city":"Newcastle","affiliation-country":"United Kingdom"}],"prism:aggregationType":"Journal","subtype":"ar","subtypeDescription":"Article","source-id":"12694","openaccess":"0","openaccessFlag":false},{"@_fa": "true", "link": [{"@_fa": "true", "@ref": "self", "@href": "https://api.elsevier.com/content/abstract/scopus_id/10044280610"},{"@_fa": "true", "@ref": "author-affiliation", "@href": "https://api.elsevier.com/content/abstract/scopus_id/10044280610?field=author,affiliation"},{"@_fa": "true", "@ref": "scopus", "@href": "https://www.scopus.com/inward/record.uri?partnerID=HzOxMe3b&scp=10044280610&origin=inward"},{"@_fa": "true", "@ref": "scopus-citedby", "@href": "https://www.scopus.com/inward/citedby.uri?partnerID=HzOxMe3b&scp=10044280610&origin=inward"}],"prism:url":"https://api.elsevier.com/content/abstract/scopus_id/10044280610","dc:identifier":"SCOPUS_ID:10044280610","eid":"2-s2.0-10044280610","dc:title":"The impact of using excel macros for teaching simulation input and output analysis","dc:creator":"Court M.","prism:publicationName":"International Journal of Engineering Education","prism:issn":"0949149X","prism:volume":"20","prism:issueIdentifier":"6","prism:pageRange":"966-973","prism:coverDate":"2004-12-17","prism:coverDisplayDate":"2004","citedby-count":"3","prism:aggregationType":"Journal","subtype":"ar","subtypeDescription":"Article","source-id":"12345","openaccess":"0","openaccessFlag":false},{"@_fa": "true", "link": [{"@_fa": "true", "@ref": "self", "@href": "https://api.elsevier.com/content/abstract/scopus_id/10044264528"},{"@_fa": "true", "@ref": "author-affiliation", "@href": "https://api.elsevier.com/content/abstract/scopus_id/10044264528?field=author,affiliation"},{"@_fa": "true", "@ref": "scopus", "@href": "https://www.scopus.com/inward/record.uri?partnerID=HzOxMe3b&scp=10044264528&origin=inward"},{"@_fa": "true", "@ref": "scopus-citedby", "@href": "https://www.scopus.com/inward/citedby.uri?partnerID=HzOxMe3b&scp=10044264528&origin=inward"}],"prism:url":"https://api.elsevier.com/content/abstract/scopus_id/10044264528","dc:identifier":"SCOPUS_ID:10044264528","eid":"2-s2.0-10044264528","dc:title":"A spreadsheet-based method for thermal radiation calculations","dc:creator":"Jordan P.","prism:publicationName":"International Journal of Engineering Education","prism:issn":"0949149X","prism:volume":"20","prism:issueIdentifier":"6","prism:pageRange":"991-998","prism:coverDate":"2004-12-17","prism:coverDisplayDate":"2004","citedby-count":"7","affiliation": [{"@_fa": "true", "affilname":"University of Canterbury","affiliation-city":"Christchurch","affiliation-country":"New Zealand"}],"prism:aggregationType":"Journal","subtype":"ar","subtypeDescription":"Article","source-id":"12345","openaccess":"0","openaccessFlag":false},{"@_fa": "true", "link": [{"@_fa": "true", "@ref": "self", "@href": "https://api.elsevier.com/content/abstract/scopus_id/12344307459"},{"@_fa": "true", "@ref": "author-affiliation", "@href": "https://api.elsevier.com/content/abstract/scopus_id/12344307459?field=author,affiliation"},{"@_fa": "true", "@ref": "scopus", "@href": "https://www.scopus.com/inward/record.uri?partnerID=HzOxMe3b&scp=12344307459&origin=inward"},{"@_fa": "true", "@ref": "scopus-citedby", "@href": "https://www.scopus.com/inward/citedby.uri?partnerID=HzOxMe3b&scp=12344307459&origin=inward"}],"prism:url":"https://api.elsevier.com/content/abstract/scopus_id/12344307459","dc:identifier":"SCOPUS_ID:12344307459","eid":"2-s2.0-12344307459","dc:title":"International leadership development through web-based learning","dc:creator":"Robertson J.","prism:publicationName":"International Electronic Journal for Leadership in Learning","prism:issn":"12069620","prism:volume":"8","prism:pageRange":null,"prism:coverDate":"2004-12-17","prism:coverDisplayDate":"17 December 2004","citedby-count":"2","prism:aggregationType":"Journal","subtype":"re","subtypeDescription":"Review","source-id":"12060","openaccess":"0","openaccessFlag":false},{"@_fa": "true", "link": [{"@_fa": "true", "@ref": "self", "@href": "https://api.elsevier.com/content/abstract/scopus_id/84909112816"},{"@_fa": "true", "@ref": "author-affiliation", "@href": "https://api.elsevier.com/content/abstract/scopus_id/84909112816?field=author,affiliation"},{"@_fa": "true", "@ref": "scopus", "@href": "https://www.scopus.com/inward/record.uri?partnerID=HzOxMe3b&scp=84909112816&origin=inward"},{"@_fa": "true", "@ref": "scopus-citedby", "@href": "https://www.scopus.com/inward/citedby.uri?partnerID=HzOxMe3b&scp=84909112816&origin=inward"}],"prism:url":"https://api.elsevier.com/content/abstract/scopus_id/84909112816","dc:identifier":"SCOPUS_ID:84909112816","eid":"2-s2.0-84909112816","dc:title":"The Social Context of Ageing: A Textbook of Gerontology","dc:creator":"Victor C.","prism:publicationName":"The Social Context of Ageing: A Textbook of Gerontology","prism:isbn": [{"@_fa": "true", "$" :"0203338596"},{"@_fa": "true", "$" :"9780203338599"}],"prism:pageRange":"1-309","prism:coverDate":"2004-12-16","prism:coverDisplayDate":"December 16, 2004","prism:doi":"10.4324/9780203338599","citedby-count":"29","affiliation": [{"@_fa": "true", "affilname":"University of Reading","affiliation-city":"Reading","affiliation-country":"United Kingdom"}],"prism:aggregationType":"Book","subtype":"bk","subtypeDescription":"Book","source-id":"21100343697","openaccess":"0","openaccessFlag":false},{"@_fa": "true", "link": [{"@_fa": "true", "@ref": "self", "@href": "https://api.elsevier.com/content/abstract/scopus_id/9744227240"},{"@_fa": "true", "@ref": "author-affiliation", "@href": "https://api.elsevier.com/content/abstract/scopus_id/9744227240?field=author,affiliation"},{"@_fa": "true", "@ref": "scopus", "@href": "https://www.scopus.com/inward/record.uri?partnerID=HzOxMe3b&scp=9744227240&origin=inward"},{"@_fa": "true", "@ref": "scopus-citedby", "@href": "https://www.scopus.com/inward/citedby.uri?partnerID=HzOxMe3b&scp=9744227240&origin=inward"}],"prism:url":"https://api.elsevier.com/content/abstract/scopus_id/9744227240","dc:identifier":"SCOPUS_ID:9744227240","eid":"2-s2.0-9744227240","dc:title":"Caves and karst sites of Poland as a contribution to geological heritage of Central Europe","dc:creator":"Urban J.","prism:publicationName":"Polish Geological Institute Special Papers","prism:issn":"15079791","prism:volume":"13","prism:pageRange":"89-96","prism:coverDate":"2004-12-15","prism:coverDisplayDate":"2004","citedby-count":"2","affiliation": [{"@_fa": "true", "affilname":"Institute of Nature Conservation of the Polish Academy of Sciences","affiliation-city":"Krakow","affiliation-country":"Poland"}],"prism:aggregationType":"Journal","subtype":"ar","subtypeDescription":"Article","source-id":"25752","openaccess":"0","openaccessFlag":false}]}}