{"search-results":{"opensearch:totalResults":"869","opensearch:startIndex":"0","opensearch:itemsPerPage":"25","opensearch:Query":{"@role": "request", "@searchTerms": "TITLE-ABS-KEY(\"network\") AND SUBJAREA(SOCI) AND PUBYEAR = 1991", "@startPage": "0"},"link": [{"@_fa": "true", "@ref": "self", "@href": "https://api.elsevier.com/content/search/scopus?start=0&count=25&query=TITLE-ABS-KEY%28%22network%22%29+AND+SUBJAREA%28SOCI%29+AND+PUBYEAR+%3D+1991&apiKey=27d953b4b546791964ebeb768d13e61f&view=STANDARD", "@type": "application/json"},{"@_fa": "true", "@ref": "first", "@href": "https://api.elsevier.com/content/search/scopus?start=0&count=25&query=TITLE-ABS-KEY%28%22network%22%29+AND+SUBJAREA%28SOCI%29+AND+PUBYEAR+%3D+1991&apiKey=27d953b4b546791964ebeb768d13e61f&view=STANDARD", "@type": "application/json"},{"@_fa": "true", "@ref": "next", "@href": "https://api.elsevier.com/content/search/scopus?start=25&count=25&query=TITLE-ABS-KEY%28%22network%22%29+AND+SUBJAREA%28SOCI%29+AND+PUBYEAR+%3D+1991&apiKey=27d953b4b546791964ebeb768d13e61f&view=STANDARD", "@type": "application/json"},{"@_fa": "true", "@ref": "last", "@href": "https://api.elsevier.com/content/search/scopus?start=844&count=25&query=TITLE-ABS-KEY%28%22network%22%29+AND+SUBJAREA%28SOCI%29+AND+PUBYEAR+%3D+1991&apiKey=27d953b4b546791964ebeb768d13e61f&view=STANDARD", "@type": "application/json"}],"entry": [{"@_fa": "true", "link": [{"@_fa": "true", "@ref": "self", "@href": "https://api.elsevier.com/content/abstract/scopus_id/84939600258"},{"@_fa": "true", "@ref": "author-affiliation", "@href": "https://api.elsevier.com/content/abstract/scopus_id/84939600258?field=author,affiliation"},{"@_fa": "true", "@ref": "scopus", "@href": "https://www.scopus.com/inward/record.uri?partnerID=HzOxMe3b&scp=84939600258&origin=inward"},{"@_fa": "true", "@ref": "scopus-citedby", "@href": "https://www.scopus.com/inward/citedby.uri?partnerID=HzOxMe3b&scp=84939600258&origin=inward"}],"prism:url":"https://api.elsevier.com/content/abstract/scopus_id/84939600258","dc:identifier":"SCOPUS_ID:84939600258","eid":"2-s2.0-84939600258","dc:title":"'one thing leads to another': The impact of a technological innovation in six new south wales public libraries","dc:creator":"Willard P.","prism:publicationName":"Public Library Quarterly","prism:issn":"01616846","prism:eIssn":"15411540","prism:volume":"11","prism:issueIdentifier":"3","prism:pageRange":"37-52","prism:coverDate":"1991-12-17","prism:coverDisplayDate":"17 December 1991","prism:doi":"10.1300/J118v11n03_04","citedby-count":"1","prism:aggregationType":"Journal","subtype":"ar","subtypeDescription":"Article","source-id":"4700152731","openaccess":"0","openaccessFlag":false},{"@_fa": "true", "link": [{"@_fa": "true", "@ref": "self", "@href": "https://api.elsevier.com/content/abstract/scopus_id/84928439371"},{"@_fa": "true", "@ref": "author-affiliation", "@href": "https://api.elsevier.com/content/abstract/scopus_id/84928439371?field=author,affiliation"},{"@_fa": "true", "@ref": "scopus", "@href": "https://www.scopus.com/inward/record.uri?partnerID=HzOxMe3b&scp=84928439371&origin=inward"},{"@_fa": "true", "@ref": "scopus-citedby", "@href": "https://www.scopus.com/inward/citedby.uri?partnerID=HzOxMe3b&scp=84928439371&origin=inward"}],"prism:url":"https://api.elsevier.com/content/abstract/scopus_id/84928439371","dc:identifier":"SCOPUS_ID:84928439371","eid":"2-s2.0-84928439371","dc:title":"Awareness of resources for visually impaired older adults among the aging network","dc:creator":"Stuen C.","prism:publicationName":"Journal of Gerontological Social Work","prism:issn":"01634372","prism:eIssn":"15404048","prism:volume":"17","prism:issueIdentifier":"3-4","prism:pageRange":"165-179","prism:coverDate":"1991-12-10","prism:coverDisplayDate":"10 December 1991","prism:doi":"10.1300/J083v17n03_13","citedby-count":"6","affiliation": [{"@_fa": "true", "affilname":"Lighthouse Inc.","affiliation-city":"New York","affiliation-country":"United States"}],"prism:aggregationType":"Journal","subtype":"ar","subtypeDescription":"Article","source-id":"29553","openaccess":"0","openaccessFlag":false},{"@_fa": "true", "link": [{"@_fa": "true", "@ref": "self", "@href": "https://api.elsevier.com/content/abstract/scopus_id/0026308057"},{"@_fa": "true", "@ref": "author-affiliation", "@href": "https://api.elsevier.com/content/abstract/scopus_id/0026308057?field=author,affiliation"},{"@_fa": "true", "@ref": "scopus", "@href": "https://www.scopus.com/inward/record.uri?partnerID=HzOxMe3b&scp=0026308057&origin=inward"},{"@_fa": "true", "@ref": "scopus-citedby", "@href": "https://www.scopus.com/inward/citedby.uri?partnerID=HzOxMe3b&scp=0026308057&origin=inward"}],"prism:url":"https://api.elsevier.com/content/abstract/scopus_id/0026308057","dc:identifier":"SCOPUS_ID:0026308057","eid":"2-s2.0-0026308057","dc:title":"Urban landscape networks: An ecological planning framework","dc:creator":"Cook E.","prism:publicationName":"Landscape Research","prism:issn":"01426397","prism:eIssn":"14699710","prism:volume":"16","prism:issueIdentifier":"3","prism:pageRange":"7-15","prism:coverDate":"1991-12-01","prism:coverDisplayDate":"1 December 1991","prism:doi":"10.1080/01426399108706345","citedby-count":"36","prism:aggregationType":"Journal","subtype":"ar","subtypeDescription":"Article","source-id":"90549","openaccess":"0","openaccessFlag":false},{"@_fa": "true", "link": [{"@_fa": "true", "@ref": "self", "@href": "https://api.elsevier.com/content/abstract/scopus_id/84975966060"},{"@_fa": "true", "@ref": "author-affiliation", "@href": "https://api.elsevier.com/content/abstract/scopus_id/84975966060?field=author,affiliation"},{"@_fa": "true", "@ref": "scopus", "@href": "https://www.scopus.com/inward/record.uri?partnerID=HzOxMe3b&scp=84975966060&origin=inward"},{"@_fa": "true", "@ref": "scopus-citedby", "@href": "https://www.scopus.com/inward/citedby.uri?partnerID=HzOxMe3b&scp=84975966060&origin=inward"}],"prism:url":"https://api.elsevier.com/content/abstract/scopus_id/84975966060","dc:identifier":"SCOPUS_ID:84975966060","eid":"2-s2.0-84975966060","dc:title":"Meaning and Structure in Social Movements: Mapping the Network of National Canadian Women's Organizations","dc:creator":"Phillips S.","prism:publicationName":"Canadian Journal of Political Science","prism:issn":"00084239","prism:eIssn":"17449324","prism:volume":"24","prism:issueIdentifier":"4","prism:pageRange":"755-782","prism:coverDate":"1991-12-01","prism:coverDisplayDate":"1 December 1991","prism:doi":"10.1017/S0008423900005655","citedby-count":"27","affiliation": [{"@_fa": "true", "affilname":"Carleton University","affiliation-city":"Ottawa","affiliation-country":"Canada"}],"prism:aggregationType":"Journal","subtype":"ar","subtypeDescription":"Article","source-id":"16772","openaccess":"0","openaccessFlag":false},{"@_fa": "true", "link": [{"@_fa": "true", "@ref": "self", "@href": "https://api.elsevier.com/content/abstract/scopus_id/0026383193"},{"@_fa": "true", "@ref": "author-affiliation", "@href": "https://api.elsevier.com/content/abstract/scopus_id/0026383193?field=author,affiliation"},{"@_fa": "true", "@ref": "scopus", "@href": "https://www.scopus.com/inward/record.uri?partnerID=HzOxMe3b&scp=0026383193&origin=inward"},{"@_fa": "true", "@ref": "scopus-citedby", "@href": "https://www.scopus.com/inward/citedby.uri?partnerID=HzOxMe3b&scp=0026383193&origin=inward"}],"prism:url":"https://api.elsevier.com/content/abstract/scopus_id/0026383193","dc:identifier":"SCOPUS_ID:0026383193","eid":"2-s2.0-0026383193","dc:title":"Neural network implementations for sonar signal processing","dc:creator":"Sims T.","prism:publicationName":"Proceedings of the Annual Meeting - Institute of Navigation","prism:pageRange":"265-274","prism:coverDate":"1991-12-01","prism:coverDisplayDate":"1991","citedby-count":"0","prism:aggregationType":"Conference Proceeding","subtype":"cp","subtypeDescription":"Conference Paper","source-id":"56833","openaccess":"0","openaccessFlag":false},{"@_fa": "true", "link": [{"@_fa": "true", "@ref": "self", "@href": "https://api.elsevier.com/content/abstract/scopus_id/71149108460"},{"@_fa": "true", "@ref": "author-affiliation", "@href": "https://api.elsevier.com/content/abstract/scopus_id/71149108460?field=author,affiliation"},{"@_fa": "true", "@ref": "scopus", "@href": "https://www.scopus.com/inward/record.uri?partnerID=HzOxMe3b&scp=71149108460&origin=inward"},{"@_fa": "true", "@ref": "scopus-citedby", "@href": "https://www.scopus.com/inward/citedby.uri?partnerID=HzOxMe3b&scp=71149108460&origin=inward"}],"prism:url":"https://api.elsevier.com/content/abstract/scopus_id/71149108460","dc:identifier":"SCOPUS_ID:71149108460","eid":"2-s2.0-71149108460","dc:title":"Online catalog maintenance: The role of networks, computers, and local institutions","dc:creator":"Mifflin I.","prism:publicationName":"Information Technology and Libraries","prism:issn":"07309295","prism:volume":"10","prism:issueIdentifier":"4","prism:pageRange":"263-274","prism:coverDate":"1991-12-01","prism:coverDisplayDate":"1991","citedby-count":"2","affiliation": [{"@_fa": "true", "affilname":"Washington State University Pullman","affiliation-city":"Pullman","affiliation-country":"United States"}],"prism:aggregationType":"Journal","subtype":"ar","subtypeDescription":"Article","source-id":"12709","openaccess":"0","openaccessFlag":false},{"@_fa": "true", "link": [{"@_fa": "true", "@ref": "self", "@href": "https://api.elsevier.com/content/abstract/scopus_id/0009085433"},{"@_fa": "true", "@ref": "author-affiliation", "@href": "https://api.elsevier.com/content/abstract/scopus_id/0009085433?field=author,affiliation"},{"@_fa": "true", "@ref": "scopus", "@href": "https://www.scopus.com/inward/record.uri?partnerID=HzOxMe3b&scp=0009085433&origin=inward"},{"@_fa": "true", "@ref": "scopus-citedby", "@href": "https://www.scopus.com/inward/citedby.uri?partnerID=HzOxMe3b&scp=0009085433&origin=inward"}],"prism:url":"https://api.elsevier.com/content/abstract/scopus_id/0009085433","dc:identifier":"SCOPUS_ID:0009085433","eid":"2-s2.0-0009085433","dc:title":"Ready for prime time: Network series devoted to working women in the 1980s","dc:creator":"Atkin D.","prism:publicationName":"Sex Roles","prism:issn":"03600025","prism:eIssn":"15732762","prism:volume":"25","prism:issueIdentifier":"11-12","prism:pageRange":"677-685","prism:coverDate":"1991-12-01","prism:coverDisplayDate":"December 1991","prism:doi":"10.1007/BF00289571","citedby-count":"15","affiliation": [{"@_fa": "true", "affilname":"Cleveland State University","affiliation-city":"Cleveland","affiliation-country":"United States"}],"prism:aggregationType":"Journal","subtype":"ar","subtypeDescription":"Article","source-id":"14798","openaccess":"0","openaccessFlag":false},{"@_fa": "true", "link": [{"@_fa": "true", "@ref": "self", "@href": "https://api.elsevier.com/content/abstract/scopus_id/44949286188"},{"@_fa": "true", "@ref": "author-affiliation", "@href": "https://api.elsevier.com/content/abstract/scopus_id/44949286188?field=author,affiliation"},{"@_fa": "true", "@ref": "scopus", "@href": "https://www.scopus.com/inward/record.uri?partnerID=HzOxMe3b&scp=44949286188&origin=inward"},{"@_fa": "true", "@ref": "scopus-citedby", "@href": "https://www.scopus.com/inward/citedby.uri?partnerID=HzOxMe3b&scp=44949286188&origin=inward"},{"@_fa": "true", "@ref": "full-text", "@href": "https://api.elsevier.com/content/article/eid/1-s2.0-016073839190084O"}],"prism:url":"https://api.elsevier.com/content/abstract/scopus_id/44949286188","dc:identifier":"SCOPUS_ID:44949286188","eid":"2-s2.0-44949286188","dc:title":"Personal network as a business strategy","dc:creator":"Steene A.","prism:publicationName":"Annals of Tourism Research","prism:issn":"01607383","prism:volume":"18","prism:issueIdentifier":"4","prism:pageRange":"666-668","prism:coverDate":"1991-12-01","prism:coverDisplayDate":"1991","pii":"016073839190084O","citedby-count":"1","prism:aggregationType":"Journal","subtype":"ar","subtypeDescription":"Article","source-id":"30718","openaccess":"0","openaccessFlag":false},{"@_fa": "true", "link": [{"@_fa": "true", "@ref": "self", "@href": "https://api.elsevier.com/content/abstract/scopus_id/0026264098"},{"@_fa": "true", "@ref": "author-affiliation", "@href": "https://api.elsevier.com/content/abstract/scopus_id/0026264098?field=author,affiliation"},{"@_fa": "true", "@ref": "scopus", "@href": "https://www.scopus.com/inward/record.uri?partnerID=HzOxMe3b&scp=0026264098&origin=inward"},{"@_fa": "true", "@ref": "scopus-citedby", "@href": "https://www.scopus.com/inward/citedby.uri?partnerID=HzOxMe3b&scp=0026264098&origin=inward"}],"prism:url":"https://api.elsevier.com/content/abstract/scopus_id/0026264098","dc:identifier":"SCOPUS_ID:0026264098","eid":"2-s2.0-0026264098","dc:title":"French-UK Workshop on the Advances in Operational Control of Water Distribution Networks","prism:publicationName":"Civil Engineering Systems","prism:issn":"02630257","prism:volume":"8","prism:issueIdentifier":"4","prism:pageRange":"187-257","prism:coverDate":"1991-12-01","prism:coverDisplayDate":"December 1991","citedby-count":"0","prism:aggregationType":"Conference Proceeding","subtype":"cr","subtypeDescription":"Conference Review","source-id":"33252","openaccess":"0","openaccessFlag":false},{"@_fa": "true", "link": [{"@_fa": "true", "@ref": "self", "@href": "https://api.elsevier.com/content/abstract/scopus_id/0026264524"},{"@_fa": "true", "@ref": "author-affiliation", "@href": "https://api.elsevier.com/content/abstract/scopus_id/0026264524?field=author,affiliation"},{"@_fa": "true", "@ref": "scopus", "@href": "https://www.scopus.com/inward/record.uri?partnerID=HzOxMe3b&scp=0026264524&origin=inward"},{"@_fa": "true", "@ref": "scopus-citedby", "@href": "https://www.scopus.com/inward/citedby.uri?partnerID=HzOxMe3b&scp=0026264524&origin=inward"}],"prism:url":"https://api.elsevier.com/content/abstract/scopus_id/0026264524","dc:identifier":"SCOPUS_ID:0026264524","eid":"2-s2.0-0026264524","dc:title":"State Estimation and Leak Detection in Water Distribution Networks","dc:creator":"Carpentier P.","prism:publicationName":"Civil Engineering Systems","prism:issn":"02630257","prism:volume":"8","prism:issueIdentifier":"4","prism:pageRange":"247-257","prism:coverDate":"1991-12-01","prism:coverDisplayDate":"1 December 1991","prism:doi":"10.1080/02630259108970634","citedby-count":"22","prism:aggregationType":"Journal","subtype":"ar","subtypeDescription":"Article","source-id":"33252","openaccess":"0","openaccessFlag":false},{"@_fa": "true", "link": [{"@_fa": "true", "@ref": "self", "@href": "https://api.elsevier.com/content/abstract/scopus_id/0026371768"},{"@_fa": "true", "@ref": "author-affiliation", "@href": "https://api.elsevier.com/content/abstract/scopus_id/0026371768?field=author,affiliation"},{"@_fa": "true", "@ref": "scopus", "@href": "https://www.scopus.com/inward/record.uri?partnerID=HzOxMe3b&scp=0026371768&origin=inward"},{"@_fa": "true", "@ref": "scopus-citedby", "@href": "https://www.scopus.com/inward/citedby.uri?partnerID=HzOxMe3b&scp=0026371768&origin=inward"}],"prism:url":"https://api.elsevier.com/content/abstract/scopus_id/0026371768","dc:identifier":"SCOPUS_ID:0026371768","eid":"2-s2.0-0026371768","dc:title":"Development of computer-based interlocking system for the DC traction substation","dc:creator":"Ito J.","prism:publicationName":"Quarterly Report of RTRI (Railway Technical Research Institute) (Japan)","prism:issn":"00339008","prism:volume":"32","prism:issueIdentifier":"4","prism:pageRange":"218-226","prism:coverDate":"1991-12-01","prism:coverDisplayDate":"December 1991","citedby-count":"0","prism:aggregationType":"Report","subtype":"rp","subtypeDescription":"Report","source-id":"25732","openaccess":"0","openaccessFlag":false},{"@_fa": "true", "link": [{"@_fa": "true", "@ref": "self", "@href": "https://api.elsevier.com/content/abstract/scopus_id/0039623871"},{"@_fa": "true", "@ref": "author-affiliation", "@href": "https://api.elsevier.com/content/abstract/scopus_id/0039623871?field=author,affiliation"},{"@_fa": "true", "@ref": "scopus", "@href": "https://www.scopus.com/inward/record.uri?partnerID=HzOxMe3b&scp=0039623871&origin=inward"},{"@_fa": "true", "@ref": "scopus-citedby", "@href": "https://www.scopus.com/inward/citedby.uri?partnerID=HzOxMe3b&scp=0039623871&origin=inward"}],"prism:url":"https://api.elsevier.com/content/abstract/scopus_id/0039623871","dc:identifier":"SCOPUS_ID:0039623871","eid":"2-s2.0-0039623871","dc:title":"ALEPH: Israel's research library network: Background, evolution, and implications for networking in a small country","dc:creator":"Lazinger S.","prism:publicationName":"Information Technology and Libraries","prism:issn":"07309295","prism:volume":"10","prism:issueIdentifier":"4","prism:pageRange":"275-291","prism:coverDate":"1991-12-01","prism:coverDisplayDate":"1991","citedby-count":"10","prism:aggregationType":"Journal","subtype":"ar","subtypeDescription":"Article","source-id":"12709","openaccess":"0","openaccessFlag":false},{"@_fa": "true", "link": [{"@_fa": "true", "@ref": "self", "@href": "https://api.elsevier.com/content/abstract/scopus_id/0026361607"},{"@_fa": "true", "@ref": "author-affiliation", "@href": "https://api.elsevier.com/content/abstract/scopus_id/0026361607?field=author,affiliation"},{"@_fa": "true", "@ref": "scopus", "@href": "https://www.scopus.com/inward/record.uri?partnerID=HzOxMe3b&scp=0026361607&origin=inward"},{"@_fa": "true", "@ref": "scopus-citedby", "@href": "https://www.scopus.com/inward/citedby.uri?partnerID=HzOxMe3b&scp=0026361607&origin=inward"}],"prism:url":"https://api.elsevier.com/content/abstract/scopus_id/0026361607","dc:identifier":"SCOPUS_ID:0026361607","eid":"2-s2.0-0026361607","dc:title":"Antitrust problems and solutions to meet the demand for transplantable organs.","dc:creator":"Hawley C.","prism:publicationName":"University of Illinois Law Review","prism:issn":"02769948","prism:volume":"1991","prism:issueIdentifier":"4","prism:pageRange":"1101-1133","prism:coverDate":"1991-12-01","prism:coverDisplayDate":"1991","citedby-count":"0","pubmed-id":"11652235","prism:aggregationType":"Journal","subtype":"ar","subtypeDescription":"Article","source-id":"21644","openaccess":"0","openaccessFlag":false},{"@_fa": "true", "link": [{"@_fa": "true", "@ref": "self", "@href": "https://api.elsevier.com/content/abstract/scopus_id/0026072798"},{"@_fa": "true", "@ref": "author-affiliation", "@href": "https://api.elsevier.com/content/abstract/scopus_id/0026072798?field=author,affiliation"},{"@_fa": "true", "@ref": "scopus", "@href": "https://www.scopus.com/inward/record.uri?partnerID=HzOxMe3b&scp=0026072798&origin=inward"},{"@_fa": "true", "@ref": "scopus-citedby", "@href": "https://www.scopus.com/inward/citedby.uri?partnerID=HzOxMe3b&scp=0026072798&origin=inward"}],"prism:url":"https://api.elsevier.com/content/abstract/scopus_id/0026072798","dc:identifier":"SCOPUS_ID:0026072798","eid":"2-s2.0-0026072798","dc:title":"The use of court records in the reconstruction of village networks: A comparative perspective1","dc:creator":"Barkey K.","prism:publicationName":"International Journal of Comparative Sociology","prism:issn":"00207152","prism:volume":"32","prism:issueIdentifier":"1-2","prism:pageRange":"195-216","prism:coverDate":"1991-12-01","prism:coverDisplayDate":"1991","prism:doi":"10.1163/002071591X00104","citedby-count":"2","affiliation": [{"@_fa": "true", "affilname":"Columbia University in the City of New York","affiliation-city":"New York","affiliation-country":"United States"}],"prism:aggregationType":"Journal","subtype":"ar","subtypeDescription":"Article","source-id":"72639","openaccess":"0","openaccessFlag":false},{"@_fa": "true", "link": [{"@_fa": "true", "@ref": "self", "@href": "https://api.elsevier.com/content/abstract/scopus_id/0040877229"},{"@_fa": "true", "@ref": "author-affiliation", "@href": "https://api.elsevier.com/content/abstract/scopus_id/0040877229?field=author,affiliation"},{"@_fa": "true", "@ref": "scopus", "@href": "https://www.scopus.com/inward/record.uri?partnerID=HzOxMe3b&scp=0040877229&origin=inward"},{"@_fa": "true", "@ref": "scopus-citedby", "@href": "https://www.scopus.com/inward/citedby.uri?partnerID=HzOxMe3b&scp=0040877229&origin=inward"}],"prism:url":"https://api.elsevier.com/content/abstract/scopus_id/0040877229","dc:identifier":"SCOPUS_ID:0040877229","eid":"2-s2.0-0040877229","dc:title":"The development of the national research and education network","dc:creator":"Corbin R.","prism:publicationName":"Information Technology and Libraries","prism:issn":"07309295","prism:volume":"10","prism:issueIdentifier":"3","prism:pageRange":"212-220","prism:coverDate":"1991-12-01","prism:coverDisplayDate":"1991","citedby-count":"2","affiliation": [{"@_fa": "true", "affilname":"University of California, San Diego","affiliation-city":"San Diego","affiliation-country":"United States"}],"prism:aggregationType":"Journal","subtype":"ar","subtypeDescription":"Article","source-id":"12709","openaccess":"0","openaccessFlag":false},{"@_fa": "true", "link": [{"@_fa": "true", "@ref": "self", "@href": "https://api.elsevier.com/content/abstract/scopus_id/0026275254"},{"@_fa": "true", "@ref": "author-affiliation", "@href": "https://api.elsevier.com/content/abstract/scopus_id/0026275254?field=author,affiliation"},{"@_fa": "true", "@ref": "scopus", "@href": "https://www.scopus.com/inward/record.uri?partnerID=HzOxMe3b&scp=0026275254&origin=inward"},{"@_fa": "true", "@ref": "scopus-citedby", "@href": "https://www.scopus.com/inward/citedby.uri?partnerID=HzOxMe3b&scp=0026275254&origin=inward"}],"prism:url":"https://api.elsevier.com/content/abstract/scopus_id/0026275254","dc:identifier":"SCOPUS_ID:0026275254","eid":"2-s2.0-0026275254","dc:title":"Long-term support and personal adjustment of adolescent and older mothers.","dc:creator":"Schilmoeller G.","prism:publicationName":"Adolescence","prism:issn":"00018449","prism:volume":"26","prism:issueIdentifier":"104","prism:pageRange":"787-797","prism:coverDate":"1991-12-01","prism:coverDisplayDate":"December 1991","citedby-count":"14","affiliation": [{"@_fa": "true", "affilname":"University of Maine","affiliation-city":"Orono","affiliation-country":"United States"}],"pubmed-id":"1789166","prism:aggregationType":"Journal","subtype":"ar","subtypeDescription":"Article","source-id":"23800","openaccess":"0","openaccessFlag":false},{"@_fa": "true", "link": [{"@_fa": "true", "@ref": "self", "@href": "https://api.elsevier.com/content/abstract/scopus_id/0026408178"},{"@_fa": "true", "@ref": "author-affiliation", "@href": "https://api.elsevier.com/content/abstract/scopus_id/0026408178?field=author,affiliation"},{"@_fa": "true", "@ref": "scopus", "@href": "https://www.scopus.com/inward/record.uri?partnerID=HzOxMe3b&scp=0026408178&origin=inward"},{"@_fa": "true", "@ref": "scopus-citedby", "@href": "https://www.scopus.com/inward/citedby.uri?partnerID=HzOxMe3b&scp=0026408178&origin=inward"}],"prism:url":"https://api.elsevier.com/content/abstract/scopus_id/0026408178","dc:identifier":"SCOPUS_ID:0026408178","eid":"2-s2.0-0026408178","dc:title":"The coordination of distributed active messages in a dynamic network topology","dc:creator":"Geesink L.","prism:publicationName":"Computer Journal","prism:issn":"00104620","prism:volume":"34","prism:issueIdentifier":"6","prism:pageRange":"542-550","prism:coverDate":"1991-12-01","prism:coverDisplayDate":"December 1991","prism:doi":"10.1093/comjnl/34.6.542","citedby-count":"0","prism:aggregationType":"Journal","subtype":"ar","subtypeDescription":"Article","source-id":"23792","openaccess":"1","openaccessFlag":true},{"@_fa": "true", "link": [{"@_fa": "true", "@ref": "self", "@href": "https://api.elsevier.com/content/abstract/scopus_id/77951489627"},{"@_fa": "true", "@ref": "author-affiliation", "@href": "https://api.elsevier.com/content/abstract/scopus_id/77951489627?field=author,affiliation"},{"@_fa": "true", "@ref": "scopus", "@href": "https://www.scopus.com/inward/record.uri?partnerID=HzOxMe3b&scp=77951489627&origin=inward"},{"@_fa": "true", "@ref": "scopus-citedby", "@href": "https://www.scopus.com/inward/citedby.uri?partnerID=HzOxMe3b&scp=77951489627&origin=inward"}],"prism:url":"https://api.elsevier.com/content/abstract/scopus_id/77951489627","dc:identifier":"SCOPUS_ID:77951489627","eid":"2-s2.0-77951489627","dc:title":"Legal information systems and other law-related databases in Germany, Austria, and Switzerland","dc:creator":"Müller H.","prism:publicationName":"Law Library Journal","prism:issn":"00239283","prism:volume":"83","prism:issueIdentifier":"2","prism:pageRange":"253-264","prism:coverDate":"1991-12-01","prism:coverDisplayDate":"1991","citedby-count":"0","affiliation": [{"@_fa": "true", "affilname":"Max Planck Institut fur Auslandisches Offentliches Recht Und Volkerrecht","affiliation-city":"Heidelberg","affiliation-country":"Germany"}],"prism:aggregationType":"Journal","subtype":"cp","subtypeDescription":"Conference Paper","source-id":"13399","openaccess":"0","openaccessFlag":false},{"@_fa": "true", "link": [{"@_fa": "true", "@ref": "self", "@href": "https://api.elsevier.com/content/abstract/scopus_id/77951473835"},{"@_fa": "true", "@ref": "author-affiliation", "@href": "https://api.elsevier.com/content/abstract/scopus_id/77951473835?field=author,affiliation"},{"@_fa": "true", "@ref": "scopus", "@href": "https://www.scopus.com/inward/record.uri?partnerID=HzOxMe3b&scp=77951473835&origin=inward"},{"@_fa": "true", "@ref": "scopus-citedby", "@href": "https://www.scopus.com/inward/citedby.uri?partnerID=HzOxMe3b&scp=77951473835&origin=inward"}],"prism:url":"https://api.elsevier.com/content/abstract/scopus_id/77951473835","dc:identifier":"SCOPUS_ID:77951473835","eid":"2-s2.0-77951473835","dc:title":"Building a national law library to serve the world legal community","dc:creator":"Price M.","prism:publicationName":"Law Library Journal","prism:issn":"00239283","prism:volume":"83","prism:issueIdentifier":"2","prism:pageRange":"225-229","prism:coverDate":"1991-12-01","prism:coverDisplayDate":"1991","citedby-count":"0","prism:aggregationType":"Journal","subtype":"re","subtypeDescription":"Review","source-id":"13399","openaccess":"0","openaccessFlag":false},{"@_fa": "true", "link": [{"@_fa": "true", "@ref": "self", "@href": "https://api.elsevier.com/content/abstract/scopus_id/71149092232"},{"@_fa": "true", "@ref": "author-affiliation", "@href": "https://api.elsevier.com/content/abstract/scopus_id/71149092232?field=author,affiliation"},{"@_fa": "true", "@ref": "scopus", "@href": "https://www.scopus.com/inward/record.uri?partnerID=HzOxMe3b&scp=71149092232&origin=inward"},{"@_fa": "true", "@ref": "scopus-citedby", "@href": "https://www.scopus.com/inward/citedby.uri?partnerID=HzOxMe3b&scp=71149092232&origin=inward"}],"prism:url":"https://api.elsevier.com/content/abstract/scopus_id/71149092232","dc:identifier":"SCOPUS_ID:71149092232","eid":"2-s2.0-71149092232","dc:title":"Reader use of a nationwide research library network: Local OPAC vs. remote files","dc:creator":"Lazinger S.","prism:publicationName":"Information Technology and Libraries","prism:issn":"07309295","prism:volume":"10","prism:issueIdentifier":"3","prism:pageRange":"192-200","prism:coverDate":"1991-12-01","prism:coverDisplayDate":"1991","citedby-count":"0","prism:aggregationType":"Journal","subtype":"ar","subtypeDescription":"Article","source-id":"12709","openaccess":"0","openaccessFlag":false},{"@_fa": "true", "link": [{"@_fa": "true", "@ref": "self", "@href": "https://api.elsevier.com/content/abstract/scopus_id/2442732451"},{"@_fa": "true", "@ref": "author-affiliation", "@href": "https://api.elsevier.com/content/abstract/scopus_id/2442732451?field=author,affiliation"},{"@_fa": "true", "@ref": "scopus", "@href": "https://www.scopus.com/inward/record.uri?partnerID=HzOxMe3b&scp=2442732451&origin=inward"},{"@_fa": "true", "@ref": "scopus-citedby", "@href": "https://www.scopus.com/inward/citedby.uri?partnerID=HzOxMe3b&scp=2442732451&origin=inward"}],"prism:url":"https://api.elsevier.com/content/abstract/scopus_id/2442732451","dc:identifier":"SCOPUS_ID:2442732451","eid":"2-s2.0-2442732451","dc:title":"Ritual polity and economy: The transactional network of an imperial temple in medieval south india","dc:creator":"Heitzman J.","prism:publicationName":"Journal of the Economic and Social History of the Orient","prism:issn":"00224995","prism:volume":"34","prism:issueIdentifier":"1","prism:pageRange":"23-54","prism:coverDate":"1991-12-01","prism:coverDisplayDate":"1991","prism:doi":"10.1163/156852091X00157","citedby-count":"11","prism:aggregationType":"Journal","subtype":"ar","subtypeDescription":"Article","source-id":"5600153382","openaccess":"0","openaccessFlag":false},{"@_fa": "true", "link": [{"@_fa": "true", "@ref": "self", "@href": "https://api.elsevier.com/content/abstract/scopus_id/0000184013"},{"@_fa": "true", "@ref": "author-affiliation", "@href": "https://api.elsevier.com/content/abstract/scopus_id/0000184013?field=author,affiliation"},{"@_fa": "true", "@ref": "scopus", "@href": "https://www.scopus.com/inward/record.uri?partnerID=HzOxMe3b&scp=0000184013&origin=inward"},{"@_fa": "true", "@ref": "scopus-citedby", "@href": "https://www.scopus.com/inward/citedby.uri?partnerID=HzOxMe3b&scp=0000184013&origin=inward"}],"prism:url":"https://api.elsevier.com/content/abstract/scopus_id/0000184013","dc:identifier":"SCOPUS_ID:0000184013","eid":"2-s2.0-0000184013","dc:title":"ATLAS/ti - A prototype for the support of text interpretation","dc:creator":"Muhr T.","prism:publicationName":"Qualitative Sociology","prism:issn":"01620436","prism:eIssn":"15737837","prism:volume":"14","prism:issueIdentifier":"4","prism:pageRange":"349-371","prism:coverDate":"1991-12-01","prism:coverDisplayDate":"December 1991","prism:doi":"10.1007/BF00989645","citedby-count":"165","affiliation": [{"@_fa": "true", "affilname":"Technical University of Berlin","affiliation-city":"Berlin","affiliation-country":"Germany"}],"prism:aggregationType":"Journal","subtype":"ar","subtypeDescription":"Article","source-id":"16842","openaccess":"0","openaccessFlag":false},{"@_fa": "true", "link": [{"@_fa": "true", "@ref": "self", "@href": "https://api.elsevier.com/content/abstract/scopus_id/0026268130"},{"@_fa": "true", "@ref": "author-affiliation", "@href": "https://api.elsevier.com/content/abstract/scopus_id/0026268130?field=author,affiliation"},{"@_fa": "true", "@ref": "scopus", "@href": "https://www.scopus.com/inward/record.uri?partnerID=HzOxMe3b&scp=0026268130&origin=inward"},{"@_fa": "true", "@ref": "scopus-citedby", "@href": "https://www.scopus.com/inward/citedby.uri?partnerID=HzOxMe3b&scp=0026268130&origin=inward"}],"prism:url":"https://api.elsevier.com/content/abstract/scopus_id/0026268130","dc:identifier":"SCOPUS_ID:0026268130","eid":"2-s2.0-0026268130","dc:title":"Towards the Implementation of a General Purpose Package for the Optimization of Water Supply and Distribution Systems","dc:creator":"Ulanicki B.","prism:publicationName":"Civil Engineering Systems","prism:issn":"02630257","prism:volume":"8","prism:issueIdentifier":"4","prism:pageRange":"213-218","prism:coverDate":"1991-12-01","prism:coverDisplayDate":"1 December 1991","prism:doi":"10.1080/02630259108970629","citedby-count":"1","affiliation": [{"@_fa": "true", "affilname":"De Montfort University","affiliation-city":"Leicester","affiliation-country":"United Kingdom"}],"prism:aggregationType":"Journal","subtype":"ar","subtypeDescription":"Article","source-id":"33252","openaccess":"0","openaccessFlag":false},{"@_fa": "true", "link": [{"@_fa": "true", "@ref": "self", "@href": "https://api.elsevier.com/content/abstract/scopus_id/0026390092"},{"@_fa": "true", "@ref": "author-affiliation", "@href": "https://api.elsevier.com/content/abstract/scopus_id/0026390092?field=author,affiliation"},{"@_fa": "true", "@ref": "scopus", "@href": "https://www.scopus.com/inward/record.uri?partnerID=HzOxMe3b&scp=0026390092&origin=inward"},{"@_fa": "true", "@ref": "scopus-citedby", "@href": "https://www.scopus.com/inward/citedby.uri?partnerID=HzOxMe3b&scp=0026390092&origin=inward"}],"prism:url":"https://api.elsevier.com/content/abstract/scopus_id/0026390092","dc:identifier":"SCOPUS_ID:0026390092","eid":"2-s2.0-0026390092","dc:title":"'Master of the impossible' aims to run Texas TGVs in 1998","dc:creator":"Anon","prism:publicationName":"Railway Gazette International","prism:issn":"03735346","prism:volume":"147","prism:issueIdentifier":"12","prism:pageRange":"871","prism:coverDate":"1991-12-01","prism:coverDisplayDate":"December 1991","citedby-count":"0","prism:aggregationType":"Journal","subtype":"ar","subtypeDescription":"Article","source-id":"25730","openaccess":"0","openaccessFlag":false},{"@_fa": "true", "link": [{"@_fa": "true", "@ref": "self", "@href": "https://api.elsevier.com/content/abstract/scopus_id/0026267908"},{"@_fa": "true", "@ref": "author-affiliation", "@href": "https://api.elsevier.com/content/abstract/scopus_id/0026267908?field=author,affiliation"},{"@_fa": "true", "@ref": "scopus", "@href": "https://www.scopus.com/inward/record.uri?partnerID=HzOxMe3b&scp=0026267908&origin=inward"},{"@_fa": "true", "@ref": "scopus-citedby", "@href": "https://www.scopus.com/inward/citedby.uri?partnerID=HzOxMe3b&scp=0026267908&origin=inward"}],"prism:url":"https://api.elsevier.com/content/abstract/scopus_id/0026267908","dc:identifier":"SCOPUS_ID:0026267908","eid":"2-s2.0-0026267908","dc:title":"The Water Movements Centre","dc:creator":"Lepoutre C.","prism:publicationName":"Civil Engineering Systems","prism:issn":"02630257","prism:volume":"8","prism:issueIdentifier":"4","prism:pageRange":"187-190","prism:coverDate":"1991-12-01","prism:coverDisplayDate":"1 December 1991","prism:doi":"10.1080/02630259108970625","citedby-count":"0","prism:aggregationType":"Journal","subtype":"ar","subtypeDescription":"Article","source-id":"33252","openaccess":"0","openaccessFlag":false}]}}