{"search-results":{"opensearch:totalResults":"2355","opensearch:startIndex":"0","opensearch:itemsPerPage":"25","opensearch:Query":{"@role": "request", "@searchTerms": "TITLE-ABS-KEY(\"network\") AND SUBJAREA(SOCI) AND PUBYEAR = 2000", "@startPage": "0"},"link": [{"@_fa": "true", "@ref": "self", "@href": "https://api.elsevier.com/content/search/scopus?start=0&count=25&query=TITLE-ABS-KEY%28%22network%22%29+AND+SUBJAREA%28SOCI%29+AND+PUBYEAR+%3D+2000&apiKey=27d953b4b546791964ebeb768d13e61f&view=STANDARD", "@type": "application/json"},{"@_fa": "true", "@ref": "first", "@href": "https://api.elsevier.com/content/search/scopus?start=0&count=25&query=TITLE-ABS-KEY%28%22network%22%29+AND+SUBJAREA%28SOCI%29+AND+PUBYEAR+%3D+2000&apiKey=27d953b4b546791964ebeb768d13e61f&view=STANDARD", "@type": "application/json"},{"@_fa": "true", "@ref": "next", "@href": "https://api.elsevier.com/content/search/scopus?start=25&count=25&query=TITLE-ABS-KEY%28%22network%22%29+AND+SUBJAREA%28SOCI%29+AND+PUBYEAR+%3D+2000&apiKey=27d953b4b546791964ebeb768d13e61f&view=STANDARD", "@type": "application/json"},{"@_fa": "true", "@ref": "last", "@href": "https://api.elsevier.com/content/search/scopus?start=2330&count=25&query=TITLE-ABS-KEY%28%22network%22%29+AND+SUBJAREA%28SOCI%29+AND+PUBYEAR+%3D+2000&apiKey=27d953b4b546791964ebeb768d13e61f&view=STANDARD", "@type": "application/json"}],"entry": [{"@_fa": "true", "link": [{"@_fa": "true", "@ref": "self", "@href": "https://api.elsevier.com/content/abstract/scopus_id/68949110668"},{"@_fa": "true", "@ref": "author-affiliation", "@href": "https://api.elsevier.com/content/abstract/scopus_id/68949110668?field=author,affiliation"},{"@_fa": "true", "@ref": "scopus", "@href": "https://www.scopus.com/inward/record.uri?partnerID=HzOxMe3b&scp=68949110668&origin=inward"},{"@_fa": "true", "@ref": "scopus-citedby", "@href": "https://www.scopus.com/inward/citedby.uri?partnerID=HzOxMe3b&scp=68949110668&origin=inward"}],"prism:url":"https://api.elsevier.com/content/abstract/scopus_id/68949110668","dc:identifier":"SCOPUS_ID:68949110668","eid":"2-s2.0-68949110668","dc:title":"True confessions: The real impact of regional library networks","dc:creator":"Carver D.","prism:publicationName":"Technical Services Quarterly","prism:issn":"07317131","prism:volume":"18","prism:issueIdentifier":"1","prism:pageRange":"13-23","prism:coverDate":"2000-12-23","prism:coverDisplayDate":"23 December 2000","prism:doi":"10.1300/J124v18n01_02","citedby-count":"3","prism:aggregationType":"Journal","subtype":"ar","subtypeDescription":"Article","source-id":"4700152722","openaccess":"0","openaccessFlag":false},{"@_fa": "true", "link": [{"@_fa": "true", "@ref": "self", "@href": "https://api.elsevier.com/content/abstract/scopus_id/84937319900"},{"@_fa": "true", "@ref": "author-affiliation", "@href": "https://api.elsevier.com/content/abstract/scopus_id/84937319900?field=author,affiliation"},{"@_fa": "true", "@ref": "scopus", "@href": "https://www.scopus.com/inward/record.uri?partnerID=HzOxMe3b&scp=84937319900&origin=inward"},{"@_fa": "true", "@ref": "scopus-citedby", "@href": "https://www.scopus.com/inward/citedby.uri?partnerID=HzOxMe3b&scp=84937319900&origin=inward"}],"prism:url":"https://api.elsevier.com/content/abstract/scopus_id/84937319900","dc:identifier":"SCOPUS_ID:84937319900","eid":"2-s2.0-84937319900","dc:title":"Quality of Life Satisfaction Among Black Women 75 Years and Older","dc:creator":"Martin-Combs C.","prism:publicationName":"Journal of Gerontological Social Work","prism:issn":"01634372","prism:eIssn":"15404048","prism:volume":"34","prism:issueIdentifier":"1","prism:pageRange":"63-80","prism:coverDate":"2000-12-18","prism:coverDisplayDate":"18 December 2000","prism:doi":"10.1300/J083v34n01_05","citedby-count":"4","affiliation": [{"@_fa": "true", "affilname":"Stony Brook University","affiliation-city":"Stony Brook","affiliation-country":"United States"}],"prism:aggregationType":"Journal","subtype":"ar","subtypeDescription":"Article","source-id":"29553","openaccess":"0","openaccessFlag":false},{"@_fa": "true", "link": [{"@_fa": "true", "@ref": "self", "@href": "https://api.elsevier.com/content/abstract/scopus_id/0033660402"},{"@_fa": "true", "@ref": "author-affiliation", "@href": "https://api.elsevier.com/content/abstract/scopus_id/0033660402?field=author,affiliation"},{"@_fa": "true", "@ref": "scopus", "@href": "https://www.scopus.com/inward/record.uri?partnerID=HzOxMe3b&scp=0033660402&origin=inward"},{"@_fa": "true", "@ref": "scopus-citedby", "@href": "https://www.scopus.com/inward/citedby.uri?partnerID=HzOxMe3b&scp=0033660402&origin=inward"},{"@_fa": "true", "@ref": "full-text", "@href": "https://api.elsevier.com/content/article/eid/1-s2.0-S0741832900001087"}],"prism:url":"https://api.elsevier.com/content/abstract/scopus_id/0033660402","dc:identifier":"SCOPUS_ID:0033660402","eid":"2-s2.0-0033660402","dc:title":"Prenatal alcohol exposure decreases the number of nitric oxide synthase positive neurons in rat superior colliculus and periaqueductal gray","dc:creator":"Phillips D.","prism:publicationName":"Alcohol","prism:issn":"07418329","prism:volume":"22","prism:issueIdentifier":"2","prism:pageRange":"75-84","prism:coverDate":"2000-12-18","prism:coverDisplayDate":"2000","prism:doi":"10.1016/S0741-8329(00)00108-7","pii":"S0741832900001087","citedby-count":"7","affiliation": [{"@_fa": "true", "affilname":"Montana State University","affiliation-city":"Bozeman","affiliation-country":"United States"}],"pubmed-id":"11113621","prism:aggregationType":"Journal","subtype":"ar","subtypeDescription":"Article","source-id":"24785","openaccess":"0","openaccessFlag":false},{"@_fa": "true", "link": [{"@_fa": "true", "@ref": "self", "@href": "https://api.elsevier.com/content/abstract/scopus_id/0034672781"},{"@_fa": "true", "@ref": "author-affiliation", "@href": "https://api.elsevier.com/content/abstract/scopus_id/0034672781?field=author,affiliation"},{"@_fa": "true", "@ref": "scopus", "@href": "https://www.scopus.com/inward/record.uri?partnerID=HzOxMe3b&scp=0034672781&origin=inward"},{"@_fa": "true", "@ref": "scopus-citedby", "@href": "https://www.scopus.com/inward/citedby.uri?partnerID=HzOxMe3b&scp=0034672781&origin=inward"},{"@_fa": "true", "@ref": "full-text", "@href": "https://api.elsevier.com/content/article/eid/1-s2.0-S027795360000109X"}],"prism:url":"https://api.elsevier.com/content/abstract/scopus_id/0034672781","dc:identifier":"SCOPUS_ID:0034672781","eid":"2-s2.0-0034672781","dc:title":"Evaluating effectiveness of syringe exchange programmes: Current issues and future prospects","dc:creator":"Bastos F.","prism:publicationName":"Social Science and Medicine","prism:issn":"02779536","prism:volume":"51","prism:issueIdentifier":"12","prism:pageRange":"1771-1782","prism:coverDate":"2000-12-15","prism:coverDisplayDate":"15 December 2000","prism:doi":"10.1016/S0277-9536(00)00109-X","pii":"S027795360000109X","citedby-count":"124","affiliation": [{"@_fa": "true", "affilname":"Fundacao Oswaldo Cruz","affiliation-city":"Rio de Janeiro","affiliation-country":"Brazil"}],"pubmed-id":"11128265","prism:aggregationType":"Journal","subtype":"ar","subtypeDescription":"Article","source-id":"18983","openaccess":"0","openaccessFlag":false},{"@_fa": "true", "link": [{"@_fa": "true", "@ref": "self", "@href": "https://api.elsevier.com/content/abstract/scopus_id/0033663294"},{"@_fa": "true", "@ref": "author-affiliation", "@href": "https://api.elsevier.com/content/abstract/scopus_id/0033663294?field=author,affiliation"},{"@_fa": "true", "@ref": "scopus", "@href": "https://www.scopus.com/inward/record.uri?partnerID=HzOxMe3b&scp=0033663294&origin=inward"},{"@_fa": "true", "@ref": "scopus-citedby", "@href": "https://www.scopus.com/inward/citedby.uri?partnerID=HzOxMe3b&scp=0033663294&origin=inward"}],"prism:url":"https://api.elsevier.com/content/abstract/scopus_id/0033663294","dc:identifier":"SCOPUS_ID:0033663294","eid":"2-s2.0-0033663294","dc:title":"Thinking about the production and consumption of long-term care in Britain: Does gender still matter?","dc:creator":"Ungerson C.","prism:publicationName":"Journal of Social Policy","prism:issn":"00472794","prism:volume":"29","prism:issueIdentifier":"4","prism:pageRange":"623-643","prism:coverDate":"2000-12-14","prism:coverDisplayDate":"2000","prism:doi":"10.1017/S0047279400006061","citedby-count":"54","prism:aggregationType":"Journal","subtype":"ar","subtypeDescription":"Article","source-id":"12282","openaccess":"0","openaccessFlag":false},{"@_fa": "true", "link": [{"@_fa": "true", "@ref": "self", "@href": "https://api.elsevier.com/content/abstract/scopus_id/0033673239"},{"@_fa": "true", "@ref": "author-affiliation", "@href": "https://api.elsevier.com/content/abstract/scopus_id/0033673239?field=author,affiliation"},{"@_fa": "true", "@ref": "scopus", "@href": "https://www.scopus.com/inward/record.uri?partnerID=HzOxMe3b&scp=0033673239&origin=inward"},{"@_fa": "true", "@ref": "scopus-citedby", "@href": "https://www.scopus.com/inward/citedby.uri?partnerID=HzOxMe3b&scp=0033673239&origin=inward"}],"prism:url":"https://api.elsevier.com/content/abstract/scopus_id/0033673239","dc:identifier":"SCOPUS_ID:0033673239","eid":"2-s2.0-0033673239","dc:title":"Demands on the farm road system in agricultural regions of the New German federal State","dc:creator":"Diemann R.","prism:publicationName":"Zeitschrift fur Kulturtechnik und Landentwicklung","prism:issn":"0934666X","prism:volume":"41","prism:issueIdentifier":"6","prism:pageRange":"253-258","prism:coverDate":"2000-12-14","prism:coverDisplayDate":"2000","citedby-count":"0","prism:aggregationType":"Journal","subtype":"ar","subtypeDescription":"Article","source-id":"32037","openaccess":"0","openaccessFlag":false},{"@_fa": "true", "link": [{"@_fa": "true", "@ref": "self", "@href": "https://api.elsevier.com/content/abstract/scopus_id/0033673115"},{"@_fa": "true", "@ref": "author-affiliation", "@href": "https://api.elsevier.com/content/abstract/scopus_id/0033673115?field=author,affiliation"},{"@_fa": "true", "@ref": "scopus", "@href": "https://www.scopus.com/inward/record.uri?partnerID=HzOxMe3b&scp=0033673115&origin=inward"},{"@_fa": "true", "@ref": "scopus-citedby", "@href": "https://www.scopus.com/inward/citedby.uri?partnerID=HzOxMe3b&scp=0033673115&origin=inward"}],"prism:url":"https://api.elsevier.com/content/abstract/scopus_id/0033673115","dc:identifier":"SCOPUS_ID:0033673115","eid":"2-s2.0-0033673115","dc:title":"Full mode and attribution mode in environmental analysis","dc:creator":"Udo De Haes H.","prism:publicationName":"Journal of Industrial Ecology","prism:issn":"10881980","prism:volume":"4","prism:issueIdentifier":"1","prism:pageRange":"45-56","prism:coverDate":"2000-12-13","prism:coverDisplayDate":"2000","citedby-count":"26","affiliation": [{"@_fa": "true", "affilname":"Leiden University","affiliation-city":"Leiden","affiliation-country":"Netherlands"}],"prism:aggregationType":"Journal","subtype":"re","subtypeDescription":"Review","source-id":"23411","openaccess":"0","openaccessFlag":false},{"@_fa": "true", "link": [{"@_fa": "true", "@ref": "self", "@href": "https://api.elsevier.com/content/abstract/scopus_id/0033646082"},{"@_fa": "true", "@ref": "author-affiliation", "@href": "https://api.elsevier.com/content/abstract/scopus_id/0033646082?field=author,affiliation"},{"@_fa": "true", "@ref": "scopus", "@href": "https://www.scopus.com/inward/record.uri?partnerID=HzOxMe3b&scp=0033646082&origin=inward"},{"@_fa": "true", "@ref": "scopus-citedby", "@href": "https://www.scopus.com/inward/citedby.uri?partnerID=HzOxMe3b&scp=0033646082&origin=inward"},{"@_fa": "true", "@ref": "full-text", "@href": "https://api.elsevier.com/content/article/eid/1-s2.0-S0962629800000512"}],"prism:url":"https://api.elsevier.com/content/abstract/scopus_id/0033646082","dc:identifier":"SCOPUS_ID:0033646082","eid":"2-s2.0-0033646082","dc:title":"Democratisation without representation? The power and political strategies of a rural elite in north India","dc:creator":"Jeffrey C.","prism:publicationName":"Political Geography","prism:issn":"09626298","prism:volume":"19","prism:issueIdentifier":"8","prism:pageRange":"1013-1036","prism:coverDate":"2000-12-12","prism:coverDisplayDate":"2000","prism:doi":"10.1016/S0962-6298(00)00051-2","pii":"S0962629800000512","citedby-count":"43","affiliation": [{"@_fa": "true", "affilname":"University of Edinburgh","affiliation-city":"Edinburgh","affiliation-country":"United Kingdom"}],"prism:aggregationType":"Journal","subtype":"ar","subtypeDescription":"Article","source-id":"22857","openaccess":"0","openaccessFlag":false},{"@_fa": "true", "link": [{"@_fa": "true", "@ref": "self", "@href": "https://api.elsevier.com/content/abstract/scopus_id/0033657611"},{"@_fa": "true", "@ref": "author-affiliation", "@href": "https://api.elsevier.com/content/abstract/scopus_id/0033657611?field=author,affiliation"},{"@_fa": "true", "@ref": "scopus", "@href": "https://www.scopus.com/inward/record.uri?partnerID=HzOxMe3b&scp=0033657611&origin=inward"},{"@_fa": "true", "@ref": "scopus-citedby", "@href": "https://www.scopus.com/inward/citedby.uri?partnerID=HzOxMe3b&scp=0033657611&origin=inward"},{"@_fa": "true", "@ref": "full-text", "@href": "https://api.elsevier.com/content/article/eid/1-s2.0-S0261379499000323"}],"prism:url":"https://api.elsevier.com/content/abstract/scopus_id/0033657611","dc:identifier":"SCOPUS_ID:0033657611","eid":"2-s2.0-0033657611","dc:title":"Talk as a political context: Conversation and electoral change in British elections, 1992-1997","dc:creator":"Pattie C.","prism:publicationName":"Electoral Studies","prism:issn":"02613794","prism:volume":"20","prism:issueIdentifier":"1","prism:pageRange":"17-40","prism:coverDate":"2000-12-12","prism:coverDisplayDate":"2000","prism:doi":"10.1016/S0261-3794(99)00032-3","pii":"S0261379499000323","citedby-count":"27","affiliation": [{"@_fa": "true", "affilname":"University of Sheffield","affiliation-city":"Sheffield","affiliation-country":"United Kingdom"}],"prism:aggregationType":"Journal","subtype":"ar","subtypeDescription":"Article","source-id":"16114","openaccess":"0","openaccessFlag":false},{"@_fa": "true", "link": [{"@_fa": "true", "@ref": "self", "@href": "https://api.elsevier.com/content/abstract/scopus_id/0033646155"},{"@_fa": "true", "@ref": "author-affiliation", "@href": "https://api.elsevier.com/content/abstract/scopus_id/0033646155?field=author,affiliation"},{"@_fa": "true", "@ref": "scopus", "@href": "https://www.scopus.com/inward/record.uri?partnerID=HzOxMe3b&scp=0033646155&origin=inward"},{"@_fa": "true", "@ref": "scopus-citedby", "@href": "https://www.scopus.com/inward/citedby.uri?partnerID=HzOxMe3b&scp=0033646155&origin=inward"}],"prism:url":"https://api.elsevier.com/content/abstract/scopus_id/0033646155","dc:identifier":"SCOPUS_ID:0033646155","eid":"2-s2.0-0033646155","dc:title":"Inter-firm knowledge management practices for technology and new product development in discontinuous innovation","dc:creator":"Ding H.","prism:publicationName":"International Journal of Technology Management","prism:issn":"02675730","prism:volume":"20","prism:issueIdentifier":"5-8","prism:pageRange":"588-600","prism:coverDate":"2000-12-11","prism:coverDisplayDate":"2000","citedby-count":"25","affiliation": [{"@_fa": "true", "affilname":"Lally School of Management","affiliation-city":"Troy","affiliation-country":"United States"},{"@_fa": "true", "affilname":"Soochow University, Taipei","affiliation-city":"Taipei","affiliation-country":"Taiwan"},{"@_fa": "true", "affilname":"George Washington University","affiliation-city":"Washington","affiliation-country":"United States"}],"prism:aggregationType":"Journal","subtype":"ar","subtypeDescription":"Article","source-id":"12763","openaccess":"0","openaccessFlag":false},{"@_fa": "true", "link": [{"@_fa": "true", "@ref": "self", "@href": "https://api.elsevier.com/content/abstract/scopus_id/0033680501"},{"@_fa": "true", "@ref": "author-affiliation", "@href": "https://api.elsevier.com/content/abstract/scopus_id/0033680501?field=author,affiliation"},{"@_fa": "true", "@ref": "scopus", "@href": "https://www.scopus.com/inward/record.uri?partnerID=HzOxMe3b&scp=0033680501&origin=inward"},{"@_fa": "true", "@ref": "scopus-citedby", "@href": "https://www.scopus.com/inward/citedby.uri?partnerID=HzOxMe3b&scp=0033680501&origin=inward"},{"@_fa": "true", "@ref": "full-text", "@href": "https://api.elsevier.com/content/article/eid/1-s2.0-S0145213400002040"}],"prism:url":"https://api.elsevier.com/content/abstract/scopus_id/0033680501","dc:identifier":"SCOPUS_ID:0033680501","eid":"2-s2.0-0033680501","dc:title":"The use of telemedicine in child sexual abuse evaluations","dc:creator":"Kellogg N.","prism:publicationName":"Child Abuse and Neglect","prism:issn":"01452134","prism:volume":"24","prism:issueIdentifier":"12","prism:pageRange":"1601-1612","prism:coverDate":"2000-12-07","prism:coverDisplayDate":"2000","prism:doi":"10.1016/S0145-2134(00)00204-0","pii":"S0145213400002040","citedby-count":"17","affiliation": [{"@_fa": "true", "affilname":"University of Texas at San Antonio","affiliation-city":"San Antonio","affiliation-country":"United States"},{"@_fa": "true", "affilname":"Alamo Children's Advocacy Center","affiliation-city":"San Antonio","affiliation-country":"United States"}],"pubmed-id":"11197038","prism:aggregationType":"Journal","subtype":"ar","subtypeDescription":"Article","source-id":"24451","openaccess":"0","openaccessFlag":false},{"@_fa": "true", "link": [{"@_fa": "true", "@ref": "self", "@href": "https://api.elsevier.com/content/abstract/scopus_id/0033711051"},{"@_fa": "true", "@ref": "author-affiliation", "@href": "https://api.elsevier.com/content/abstract/scopus_id/0033711051?field=author,affiliation"},{"@_fa": "true", "@ref": "scopus", "@href": "https://www.scopus.com/inward/record.uri?partnerID=HzOxMe3b&scp=0033711051&origin=inward"},{"@_fa": "true", "@ref": "scopus-citedby", "@href": "https://www.scopus.com/inward/citedby.uri?partnerID=HzOxMe3b&scp=0033711051&origin=inward"}],"prism:url":"https://api.elsevier.com/content/abstract/scopus_id/0033711051","dc:identifier":"SCOPUS_ID:0033711051","eid":"2-s2.0-0033711051","dc:title":"Is the gatekeeper just another buggy whip?","dc:creator":"Newcomer L.","prism:publicationName":"American Journal of Managed Care","prism:issn":"10880224","prism:volume":"6","prism:issueIdentifier":"11","prism:pageRange":"1253-1254","prism:coverDate":"2000-12-07","prism:coverDisplayDate":"2000","citedby-count":"2","pubmed-id":"11185850","prism:aggregationType":"Journal","subtype":"ed","subtypeDescription":"Editorial","source-id":"69138","openaccess":"0","openaccessFlag":false},{"@_fa": "true", "link": [{"@_fa": "true", "@ref": "self", "@href": "https://api.elsevier.com/content/abstract/scopus_id/0034569099"},{"@_fa": "true", "@ref": "author-affiliation", "@href": "https://api.elsevier.com/content/abstract/scopus_id/0034569099?field=author,affiliation"},{"@_fa": "true", "@ref": "scopus", "@href": "https://www.scopus.com/inward/record.uri?partnerID=HzOxMe3b&scp=0034569099&origin=inward"},{"@_fa": "true", "@ref": "scopus-citedby", "@href": "https://www.scopus.com/inward/citedby.uri?partnerID=HzOxMe3b&scp=0034569099&origin=inward"}],"prism:url":"https://api.elsevier.com/content/abstract/scopus_id/0034569099","dc:identifier":"SCOPUS_ID:0034569099","eid":"2-s2.0-0034569099","dc:title":"Museums, friends, and lovers in the new south: Laura’s web, 1909-1931","dc:creator":"Sears J.","prism:publicationName":"Journal of Homosexuality","prism:issn":"00918369","prism:eIssn":"15403602","prism:volume":"40","prism:issueIdentifier":"1","prism:pageRange":"105-144","prism:coverDate":"2000-12-07","prism:coverDisplayDate":"7 December 2000","prism:doi":"10.1300/J082v40n01_05","citedby-count":"2","affiliation": [{"@_fa": "true", "affilname":"Harvard University","affiliation-city":"Cambridge","affiliation-country":"United States"}],"pubmed-id":"11195662","prism:aggregationType":"Journal","subtype":"ar","subtypeDescription":"Article","source-id":"29972","openaccess":"0","openaccessFlag":false},{"@_fa": "true", "link": [{"@_fa": "true", "@ref": "self", "@href": "https://api.elsevier.com/content/abstract/scopus_id/0033695472"},{"@_fa": "true", "@ref": "author-affiliation", "@href": "https://api.elsevier.com/content/abstract/scopus_id/0033695472?field=author,affiliation"},{"@_fa": "true", "@ref": "scopus", "@href": "https://www.scopus.com/inward/record.uri?partnerID=HzOxMe3b&scp=0033695472&origin=inward"},{"@_fa": "true", "@ref": "scopus-citedby", "@href": "https://www.scopus.com/inward/citedby.uri?partnerID=HzOxMe3b&scp=0033695472&origin=inward"},{"@_fa": "true", "@ref": "full-text", "@href": "https://api.elsevier.com/content/article/eid/1-s2.0-S0264837700000314"}],"prism:url":"https://api.elsevier.com/content/abstract/scopus_id/0033695472","dc:identifier":"SCOPUS_ID:0033695472","eid":"2-s2.0-0033695472","dc:title":"Implementing EU biodiversity policy: UK experiences","dc:creator":"Ledoux L.","prism:publicationName":"Land Use Policy","prism:issn":"02648377","prism:volume":"17","prism:issueIdentifier":"4","prism:pageRange":"257-268","prism:coverDate":"2000-12-07","prism:coverDisplayDate":"2000","prism:doi":"10.1016/S0264-8377(00)00031-4","pii":"S0264837700000314","citedby-count":"57","affiliation": [{"@_fa": "true", "affilname":"University of East Anglia","affiliation-city":"Norwich","affiliation-country":"United Kingdom"}],"prism:aggregationType":"Journal","subtype":"ar","subtypeDescription":"Article","source-id":"14500","openaccess":"0","openaccessFlag":false},{"@_fa": "true", "link": [{"@_fa": "true", "@ref": "self", "@href": "https://api.elsevier.com/content/abstract/scopus_id/0033695332"},{"@_fa": "true", "@ref": "author-affiliation", "@href": "https://api.elsevier.com/content/abstract/scopus_id/0033695332?field=author,affiliation"},{"@_fa": "true", "@ref": "scopus", "@href": "https://www.scopus.com/inward/record.uri?partnerID=HzOxMe3b&scp=0033695332&origin=inward"},{"@_fa": "true", "@ref": "scopus-citedby", "@href": "https://www.scopus.com/inward/citedby.uri?partnerID=HzOxMe3b&scp=0033695332&origin=inward"}],"prism:url":"https://api.elsevier.com/content/abstract/scopus_id/0033695332","dc:identifier":"SCOPUS_ID:0033695332","eid":"2-s2.0-0033695332","dc:title":"The experience and performance of community health centers under managed care","dc:creator":"Stacy N.","prism:publicationName":"American Journal of Managed Care","prism:issn":"10880224","prism:volume":"6","prism:issueIdentifier":"11","prism:pageRange":"1229-1239","prism:coverDate":"2000-12-07","prism:coverDisplayDate":"2000","citedby-count":"2","pubmed-id":"11185848","prism:aggregationType":"Journal","subtype":"ar","subtypeDescription":"Article","source-id":"69138","openaccess":"0","openaccessFlag":false},{"@_fa": "true", "link": [{"@_fa": "true", "@ref": "self", "@href": "https://api.elsevier.com/content/abstract/scopus_id/0033724828"},{"@_fa": "true", "@ref": "author-affiliation", "@href": "https://api.elsevier.com/content/abstract/scopus_id/0033724828?field=author,affiliation"},{"@_fa": "true", "@ref": "scopus", "@href": "https://www.scopus.com/inward/record.uri?partnerID=HzOxMe3b&scp=0033724828&origin=inward"},{"@_fa": "true", "@ref": "scopus-citedby", "@href": "https://www.scopus.com/inward/citedby.uri?partnerID=HzOxMe3b&scp=0033724828&origin=inward"}],"prism:url":"https://api.elsevier.com/content/abstract/scopus_id/0033724828","dc:identifier":"SCOPUS_ID:0033724828","eid":"2-s2.0-0033724828","dc:title":"Visits to primary care physicians and to specialists under gatekeeper and point-of-service arrangements","dc:creator":"Joyce G.","prism:publicationName":"American Journal of Managed Care","prism:issn":"10880224","prism:volume":"6","prism:issueIdentifier":"11","prism:pageRange":"1189-1196","prism:coverDate":"2000-12-07","prism:coverDisplayDate":"2000","citedby-count":"33","pubmed-id":"11185844","prism:aggregationType":"Journal","subtype":"ar","subtypeDescription":"Article","source-id":"69138","openaccess":"0","openaccessFlag":false},{"@_fa": "true", "link": [{"@_fa": "true", "@ref": "self", "@href": "https://api.elsevier.com/content/abstract/scopus_id/0033708798"},{"@_fa": "true", "@ref": "author-affiliation", "@href": "https://api.elsevier.com/content/abstract/scopus_id/0033708798?field=author,affiliation"},{"@_fa": "true", "@ref": "scopus", "@href": "https://www.scopus.com/inward/record.uri?partnerID=HzOxMe3b&scp=0033708798&origin=inward"},{"@_fa": "true", "@ref": "scopus-citedby", "@href": "https://www.scopus.com/inward/citedby.uri?partnerID=HzOxMe3b&scp=0033708798&origin=inward"}],"prism:url":"https://api.elsevier.com/content/abstract/scopus_id/0033708798","dc:identifier":"SCOPUS_ID:0033708798","eid":"2-s2.0-0033708798","dc:title":"Supply curves for urban road networks","dc:creator":"May A.","prism:publicationName":"Journal of Transport Economics and Policy","prism:issn":"00225258","prism:volume":"34","prism:issueIdentifier":"3","prism:pageRange":"261-290","prism:coverDate":"2000-12-05","prism:coverDisplayDate":"2000","citedby-count":"16","prism:aggregationType":"Journal","subtype":"ar","subtypeDescription":"Article","source-id":"18900","openaccess":"0","openaccessFlag":false},{"@_fa": "true", "link": [{"@_fa": "true", "@ref": "self", "@href": "https://api.elsevier.com/content/abstract/scopus_id/0033711966"},{"@_fa": "true", "@ref": "author-affiliation", "@href": "https://api.elsevier.com/content/abstract/scopus_id/0033711966?field=author,affiliation"},{"@_fa": "true", "@ref": "scopus", "@href": "https://www.scopus.com/inward/record.uri?partnerID=HzOxMe3b&scp=0033711966&origin=inward"},{"@_fa": "true", "@ref": "scopus-citedby", "@href": "https://www.scopus.com/inward/citedby.uri?partnerID=HzOxMe3b&scp=0033711966&origin=inward"}],"prism:url":"https://api.elsevier.com/content/abstract/scopus_id/0033711966","dc:identifier":"SCOPUS_ID:0033711966","eid":"2-s2.0-0033711966","dc:title":"Dynamic thresholds for controlling encoding and retrieval operations in localist (or distributed) neural networks: The need for biologically plausible implementations","dc:creator":"Pickering A.","prism:publicationName":"Behavioral and Brain Sciences","prism:issn":"0140525X","prism:volume":"23","prism:issueIdentifier":"4","prism:pageRange":"488-489","prism:coverDate":"2000-12-04","prism:coverDisplayDate":"2000","prism:doi":"10.1017/S0140525X00463351","citedby-count":"0","affiliation": [{"@_fa": "true", "affilname":"St George's University of London","affiliation-city":"London","affiliation-country":"United Kingdom"}],"prism:aggregationType":"Journal","subtype":"sh","subtypeDescription":"Short Survey","source-id":"12108","openaccess":"0","openaccessFlag":false},{"@_fa": "true", "link": [{"@_fa": "true", "@ref": "self", "@href": "https://api.elsevier.com/content/abstract/scopus_id/0033695422"},{"@_fa": "true", "@ref": "author-affiliation", "@href": "https://api.elsevier.com/content/abstract/scopus_id/0033695422?field=author,affiliation"},{"@_fa": "true", "@ref": "scopus", "@href": "https://www.scopus.com/inward/record.uri?partnerID=HzOxMe3b&scp=0033695422&origin=inward"},{"@_fa": "true", "@ref": "scopus-citedby", "@href": "https://www.scopus.com/inward/citedby.uri?partnerID=HzOxMe3b&scp=0033695422&origin=inward"}],"prism:url":"https://api.elsevier.com/content/abstract/scopus_id/0033695422","dc:identifier":"SCOPUS_ID:0033695422","eid":"2-s2.0-0033695422","dc:title":"Connectionist modelling in psychology: A localist manifesto","dc:creator":"Page M.","prism:publicationName":"Behavioral and Brain Sciences","prism:issn":"0140525X","prism:volume":"23","prism:issueIdentifier":"4","prism:pageRange":"443-467","prism:coverDate":"2000-12-04","prism:coverDisplayDate":"2000","prism:doi":"10.1017/S0140525X00003356","citedby-count":"157","pubmed-id":"11301541","prism:aggregationType":"Journal","subtype":"re","subtypeDescription":"Review","source-id":"12108","openaccess":"0","openaccessFlag":false},{"@_fa": "true", "link": [{"@_fa": "true", "@ref": "self", "@href": "https://api.elsevier.com/content/abstract/scopus_id/0033694579"},{"@_fa": "true", "@ref": "author-affiliation", "@href": "https://api.elsevier.com/content/abstract/scopus_id/0033694579?field=author,affiliation"},{"@_fa": "true", "@ref": "scopus", "@href": "https://www.scopus.com/inward/record.uri?partnerID=HzOxMe3b&scp=0033694579&origin=inward"},{"@_fa": "true", "@ref": "scopus-citedby", "@href": "https://www.scopus.com/inward/citedby.uri?partnerID=HzOxMe3b&scp=0033694579&origin=inward"}],"prism:url":"https://api.elsevier.com/content/abstract/scopus_id/0033694579","dc:identifier":"SCOPUS_ID:0033694579","eid":"2-s2.0-0033694579","dc:title":"Efficiency, information theory, and neural representations","dc:creator":"Devlin J.","prism:publicationName":"Behavioral and Brain Sciences","prism:issn":"0140525X","prism:volume":"23","prism:issueIdentifier":"4","prism:pageRange":"475-476","prism:coverDate":"2000-12-04","prism:coverDisplayDate":"2000","prism:doi":"10.1017/S0140525X00303351","citedby-count":"0","prism:aggregationType":"Journal","subtype":"sh","subtypeDescription":"Short Survey","source-id":"12108","openaccess":"0","openaccessFlag":false},{"@_fa": "true", "link": [{"@_fa": "true", "@ref": "self", "@href": "https://api.elsevier.com/content/abstract/scopus_id/0033700943"},{"@_fa": "true", "@ref": "author-affiliation", "@href": "https://api.elsevier.com/content/abstract/scopus_id/0033700943?field=author,affiliation"},{"@_fa": "true", "@ref": "scopus", "@href": "https://www.scopus.com/inward/record.uri?partnerID=HzOxMe3b&scp=0033700943&origin=inward"},{"@_fa": "true", "@ref": "scopus-citedby", "@href": "https://www.scopus.com/inward/citedby.uri?partnerID=HzOxMe3b&scp=0033700943&origin=inward"}],"prism:url":"https://api.elsevier.com/content/abstract/scopus_id/0033700943","dc:identifier":"SCOPUS_ID:0033700943","eid":"2-s2.0-0033700943","dc:title":"Ground-penetrating radar for network-level concrete deck repair management","dc:creator":"Barnes C.","prism:publicationName":"Journal of Transportation Engineering","prism:issn":"0733947X","prism:volume":"126","prism:issueIdentifier":"3","prism:pageRange":"257-262","prism:coverDate":"2000-12-03","prism:coverDisplayDate":"2000","prism:doi":"10.1061/(ASCE)0733-947X(2000)126:3(257)","citedby-count":"32","affiliation": [{"@_fa": "true", "affilname":"Dalhousie University","affiliation-city":"Halifax","affiliation-country":"Canada"}],"prism:aggregationType":"Journal","subtype":"ar","subtypeDescription":"Article","source-id":"18908","openaccess":"0","openaccessFlag":false},{"@_fa": "true", "link": [{"@_fa": "true", "@ref": "self", "@href": "https://api.elsevier.com/content/abstract/scopus_id/0033750597"},{"@_fa": "true", "@ref": "author-affiliation", "@href": "https://api.elsevier.com/content/abstract/scopus_id/0033750597?field=author,affiliation"},{"@_fa": "true", "@ref": "scopus", "@href": "https://www.scopus.com/inward/record.uri?partnerID=HzOxMe3b&scp=0033750597&origin=inward"},{"@_fa": "true", "@ref": "scopus-citedby", "@href": "https://www.scopus.com/inward/citedby.uri?partnerID=HzOxMe3b&scp=0033750597&origin=inward"}],"prism:url":"https://api.elsevier.com/content/abstract/scopus_id/0033750597","dc:identifier":"SCOPUS_ID:0033750597","eid":"2-s2.0-0033750597","dc:title":"Freight flow forecasting - an application to New Jersey highways","dc:creator":"Boilé M.","prism:publicationName":"Transportation Quarterly","prism:issn":"02789434","prism:volume":"54","prism:issueIdentifier":"2","prism:pageRange":"159-170","prism:coverDate":"2000-12-03","prism:coverDisplayDate":"2000","citedby-count":"0","affiliation": [{"@_fa": "true", "affilname":"Lafayette College","affiliation-city":"Easton","affiliation-country":"United States"}],"prism:aggregationType":"Journal","subtype":"ar","subtypeDescription":"Article","source-id":"20872","openaccess":"0","openaccessFlag":false},{"@_fa": "true", "link": [{"@_fa": "true", "@ref": "self", "@href": "https://api.elsevier.com/content/abstract/scopus_id/0033750605"},{"@_fa": "true", "@ref": "author-affiliation", "@href": "https://api.elsevier.com/content/abstract/scopus_id/0033750605?field=author,affiliation"},{"@_fa": "true", "@ref": "scopus", "@href": "https://www.scopus.com/inward/record.uri?partnerID=HzOxMe3b&scp=0033750605&origin=inward"},{"@_fa": "true", "@ref": "scopus-citedby", "@href": "https://www.scopus.com/inward/citedby.uri?partnerID=HzOxMe3b&scp=0033750605&origin=inward"}],"prism:url":"https://api.elsevier.com/content/abstract/scopus_id/0033750605","dc:identifier":"SCOPUS_ID:0033750605","eid":"2-s2.0-0033750605","dc:title":"Advanced IT can buy commercial success","dc:creator":"Gallamore R.","prism:publicationName":"Railway Gazette International","prism:issn":"03735346","prism:volume":"156","prism:issueIdentifier":"5","prism:pageRange":null,"prism:coverDate":"2000-12-03","prism:coverDisplayDate":"2000","citedby-count":"0","prism:aggregationType":"Journal","subtype":"ar","subtypeDescription":"Article","source-id":"25730","openaccess":"0","openaccessFlag":false},{"@_fa": "true", "link": [{"@_fa": "true", "@ref": "self", "@href": "https://api.elsevier.com/content/abstract/scopus_id/0033691189"},{"@_fa": "true", "@ref": "author-affiliation", "@href": "https://api.elsevier.com/content/abstract/scopus_id/0033691189?field=author,affiliation"},{"@_fa": "true", "@ref": "scopus", "@href": "https://www.scopus.com/inward/record.uri?partnerID=HzOxMe3b&scp=0033691189&origin=inward"},{"@_fa": "true", "@ref": "scopus-citedby", "@href": "https://www.scopus.com/inward/citedby.uri?partnerID=HzOxMe3b&scp=0033691189&origin=inward"}],"prism:url":"https://api.elsevier.com/content/abstract/scopus_id/0033691189","dc:identifier":"SCOPUS_ID:0033691189","eid":"2-s2.0-0033691189","dc:title":"Virtual enterprises and virtual economy: manifestations and policy challenges","dc:creator":"Lefebvre L.","prism:publicationName":"International Journal of Technology Management","prism:issn":"02675730","prism:volume":"20","prism:issueIdentifier":"1","prism:pageRange":"58-71","prism:coverDate":"2000-12-03","prism:coverDisplayDate":"2000","citedby-count":"4","affiliation": [{"@_fa": "true", "affilname":"Polytechnique Montréal","affiliation-city":"Montreal","affiliation-country":"Canada"}],"prism:aggregationType":"Journal","subtype":"ar","subtypeDescription":"Article","source-id":"12763","openaccess":"0","openaccessFlag":false},{"@_fa": "true", "link": [{"@_fa": "true", "@ref": "self", "@href": "https://api.elsevier.com/content/abstract/scopus_id/0033700672"},{"@_fa": "true", "@ref": "author-affiliation", "@href": "https://api.elsevier.com/content/abstract/scopus_id/0033700672?field=author,affiliation"},{"@_fa": "true", "@ref": "scopus", "@href": "https://www.scopus.com/inward/record.uri?partnerID=HzOxMe3b&scp=0033700672&origin=inward"},{"@_fa": "true", "@ref": "scopus-citedby", "@href": "https://www.scopus.com/inward/citedby.uri?partnerID=HzOxMe3b&scp=0033700672&origin=inward"}],"prism:url":"https://api.elsevier.com/content/abstract/scopus_id/0033700672","dc:identifier":"SCOPUS_ID:0033700672","eid":"2-s2.0-0033700672","dc:title":"Towards the post-Fordist economy: emerging organizational models","dc:creator":"Belussi F.","prism:publicationName":"International Journal of Technology Management","prism:issn":"02675730","prism:volume":"20","prism:issueIdentifier":"1","prism:pageRange":"20-43","prism:coverDate":"2000-12-03","prism:coverDisplayDate":"2000","citedby-count":"7","affiliation": [{"@_fa": "true", "affilname":"Università degli Studi di Padova","affiliation-city":"Padua","affiliation-country":"Italy"}],"prism:aggregationType":"Journal","subtype":"ar","subtypeDescription":"Article","source-id":"12763","openaccess":"0","openaccessFlag":false}]}}