{"search-results":{"opensearch:totalResults":"130","opensearch:startIndex":"0","opensearch:itemsPerPage":"25","opensearch:Query":{"@role": "request", "@searchTerms": "TITLE-ABS-KEY(\"network\") AND SUBJAREA(SOCI) AND PUBYEAR = 1977", "@startPage": "0"},"link": [{"@_fa": "true", "@ref": "self", "@href": "https://api.elsevier.com/content/search/scopus?start=0&count=25&query=TITLE-ABS-KEY%28%22network%22%29+AND+SUBJAREA%28SOCI%29+AND+PUBYEAR+%3D+1977&apiKey=27d953b4b546791964ebeb768d13e61f&view=STANDARD", "@type": "application/json"},{"@_fa": "true", "@ref": "first", "@href": "https://api.elsevier.com/content/search/scopus?start=0&count=25&query=TITLE-ABS-KEY%28%22network%22%29+AND+SUBJAREA%28SOCI%29+AND+PUBYEAR+%3D+1977&apiKey=27d953b4b546791964ebeb768d13e61f&view=STANDARD", "@type": "application/json"},{"@_fa": "true", "@ref": "next", "@href": "https://api.elsevier.com/content/search/scopus?start=25&count=25&query=TITLE-ABS-KEY%28%22network%22%29+AND+SUBJAREA%28SOCI%29+AND+PUBYEAR+%3D+1977&apiKey=27d953b4b546791964ebeb768d13e61f&view=STANDARD", "@type": "application/json"},{"@_fa": "true", "@ref": "last", "@href": "https://api.elsevier.com/content/search/scopus?start=105&count=25&query=TITLE-ABS-KEY%28%22network%22%29+AND+SUBJAREA%28SOCI%29+AND+PUBYEAR+%3D+1977&apiKey=27d953b4b546791964ebeb768d13e61f&view=STANDARD", "@type": "application/json"}],"entry": [{"@_fa": "true", "link": [{"@_fa": "true", "@ref": "self", "@href": "https://api.elsevier.com/content/abstract/scopus_id/5844251209"},{"@_fa": "true", "@ref": "author-affiliation", "@href": "https://api.elsevier.com/content/abstract/scopus_id/5844251209?field=author,affiliation"},{"@_fa": "true", "@ref": "scopus", "@href": "https://www.scopus.com/inward/record.uri?partnerID=HzOxMe3b&scp=5844251209&origin=inward"},{"@_fa": "true", "@ref": "scopus-citedby", "@href": "https://www.scopus.com/inward/citedby.uri?partnerID=HzOxMe3b&scp=5844251209&origin=inward"}],"prism:url":"https://api.elsevier.com/content/abstract/scopus_id/5844251209","dc:identifier":"SCOPUS_ID:5844251209","eid":"2-s2.0-5844251209","dc:title":"The importance of attitudes in the decision to use mass transit","dc:creator":"Gilbert G.","prism:publicationName":"Transportation","prism:issn":"00494488","prism:eIssn":"15729435","prism:volume":"6","prism:issueIdentifier":"4","prism:pageRange":"321-332","prism:coverDate":"1977-12-01","prism:coverDisplayDate":"December 1977","prism:doi":"10.1007/BF00148797","citedby-count":"19","prism:aggregationType":"Journal","subtype":"ar","subtypeDescription":"Article","source-id":"20864","openaccess":"0","openaccessFlag":false},{"@_fa": "true", "link": [{"@_fa": "true", "@ref": "self", "@href": "https://api.elsevier.com/content/abstract/scopus_id/34248023539"},{"@_fa": "true", "@ref": "author-affiliation", "@href": "https://api.elsevier.com/content/abstract/scopus_id/34248023539?field=author,affiliation"},{"@_fa": "true", "@ref": "scopus", "@href": "https://www.scopus.com/inward/record.uri?partnerID=HzOxMe3b&scp=34248023539&origin=inward"},{"@_fa": "true", "@ref": "scopus-citedby", "@href": "https://www.scopus.com/inward/citedby.uri?partnerID=HzOxMe3b&scp=34248023539&origin=inward"}],"prism:url":"https://api.elsevier.com/content/abstract/scopus_id/34248023539","dc:identifier":"SCOPUS_ID:34248023539","eid":"2-s2.0-34248023539","dc:title":"Presidents on television: The effects of instant analysis","dc:creator":"Paletz D.","prism:publicationName":"Public Opinion Quarterly","prism:issn":"0033362X","prism:volume":"41","prism:issueIdentifier":"4","prism:pageRange":"488-497","prism:coverDate":"1977-12-01","prism:coverDisplayDate":"December 1977","prism:doi":"10.1086/268409","citedby-count":"6","affiliation": [{"@_fa": "true", "affilname":"Duke University","affiliation-city":"Durham","affiliation-country":"United States"}],"prism:aggregationType":"Journal","subtype":"ar","subtypeDescription":"Article","source-id":"23574","openaccess":"0","openaccessFlag":false},{"@_fa": "true", "link": [{"@_fa": "true", "@ref": "self", "@href": "https://api.elsevier.com/content/abstract/scopus_id/7044229431"},{"@_fa": "true", "@ref": "author-affiliation", "@href": "https://api.elsevier.com/content/abstract/scopus_id/7044229431?field=author,affiliation"},{"@_fa": "true", "@ref": "scopus", "@href": "https://www.scopus.com/inward/record.uri?partnerID=HzOxMe3b&scp=7044229431&origin=inward"},{"@_fa": "true", "@ref": "scopus-citedby", "@href": "https://www.scopus.com/inward/citedby.uri?partnerID=HzOxMe3b&scp=7044229431&origin=inward"}],"prism:url":"https://api.elsevier.com/content/abstract/scopus_id/7044229431","dc:identifier":"SCOPUS_ID:7044229431","eid":"2-s2.0-7044229431","dc:title":"Environmental traffic management - The end of the road?","dc:creator":"McKee W.","prism:publicationName":"Transportation","prism:issn":"00494488","prism:eIssn":"15729435","prism:volume":"6","prism:issueIdentifier":"4","prism:pageRange":"365-377","prism:coverDate":"1977-12-01","prism:coverDisplayDate":"December 1977","prism:doi":"10.1007/BF00148800","citedby-count":"9","prism:aggregationType":"Journal","subtype":"ar","subtypeDescription":"Article","source-id":"20864","openaccess":"0","openaccessFlag":false},{"@_fa": "true", "link": [{"@_fa": "true", "@ref": "self", "@href": "https://api.elsevier.com/content/abstract/scopus_id/84954855800"},{"@_fa": "true", "@ref": "author-affiliation", "@href": "https://api.elsevier.com/content/abstract/scopus_id/84954855800?field=author,affiliation"},{"@_fa": "true", "@ref": "scopus", "@href": "https://www.scopus.com/inward/record.uri?partnerID=HzOxMe3b&scp=84954855800&origin=inward"},{"@_fa": "true", "@ref": "scopus-citedby", "@href": "https://www.scopus.com/inward/citedby.uri?partnerID=HzOxMe3b&scp=84954855800&origin=inward"}],"prism:url":"https://api.elsevier.com/content/abstract/scopus_id/84954855800","dc:identifier":"SCOPUS_ID:84954855800","eid":"2-s2.0-84954855800","dc:title":"Video in education: The next five years?","dc:creator":"Dieuzeide H.","prism:publicationName":"Journal of Educational Television","prism:issn":"02607417","prism:volume":"3","prism:issueIdentifier":"4","prism:pageRange":"130-132","prism:coverDate":"1977-12-01","prism:coverDisplayDate":"1 December 1977","prism:doi":"10.1080/1358165770030409","citedby-count":"0","prism:aggregationType":"Journal","subtype":"ar","subtypeDescription":"Article","source-id":"21100429284","openaccess":"0","openaccessFlag":false},{"@_fa": "true", "link": [{"@_fa": "true", "@ref": "self", "@href": "https://api.elsevier.com/content/abstract/scopus_id/0017653898"},{"@_fa": "true", "@ref": "author-affiliation", "@href": "https://api.elsevier.com/content/abstract/scopus_id/0017653898?field=author,affiliation"},{"@_fa": "true", "@ref": "scopus", "@href": "https://www.scopus.com/inward/record.uri?partnerID=HzOxMe3b&scp=0017653898&origin=inward"},{"@_fa": "true", "@ref": "scopus-citedby", "@href": "https://www.scopus.com/inward/citedby.uri?partnerID=HzOxMe3b&scp=0017653898&origin=inward"}],"prism:url":"https://api.elsevier.com/content/abstract/scopus_id/0017653898","dc:identifier":"SCOPUS_ID:0017653898","eid":"2-s2.0-0017653898","dc:title":"Social competencies in the developmentally disabled: some suggestions for research and training","dc:creator":"Brody G.","prism:publicationName":"Mental Retardation","prism:issn":"00476765","prism:volume":"15","prism:issueIdentifier":"4","prism:pageRange":"41-43","prism:coverDate":"1977-12-01","prism:coverDisplayDate":"1977","citedby-count":"6","affiliation": [{"@_fa": "true", "affilname":"The University of Georgia","affiliation-city":"Athens","affiliation-country":"United States"}],"pubmed-id":"895517","prism:aggregationType":"Journal","subtype":"ar","subtypeDescription":"Article","source-id":"22643","openaccess":"0","openaccessFlag":false},{"@_fa": "true", "link": [{"@_fa": "true", "@ref": "self", "@href": "https://api.elsevier.com/content/abstract/scopus_id/0017680065"},{"@_fa": "true", "@ref": "author-affiliation", "@href": "https://api.elsevier.com/content/abstract/scopus_id/0017680065?field=author,affiliation"},{"@_fa": "true", "@ref": "scopus", "@href": "https://www.scopus.com/inward/record.uri?partnerID=HzOxMe3b&scp=0017680065&origin=inward"},{"@_fa": "true", "@ref": "scopus-citedby", "@href": "https://www.scopus.com/inward/citedby.uri?partnerID=HzOxMe3b&scp=0017680065&origin=inward"}],"prism:url":"https://api.elsevier.com/content/abstract/scopus_id/0017680065","dc:identifier":"SCOPUS_ID:0017680065","eid":"2-s2.0-0017680065","dc:title":"Bus policy - Conclusions from a case study","dc:creator":"Buchanan C.","prism:publicationName":"Transportation","prism:issn":"00494488","prism:eIssn":"15729435","prism:volume":"6","prism:issueIdentifier":"4","prism:pageRange":"333-343","prism:coverDate":"1977-12-01","prism:coverDisplayDate":"December 1977","prism:doi":"10.1007/BF00148798","citedby-count":"0","prism:aggregationType":"Journal","subtype":"ar","subtypeDescription":"Article","source-id":"20864","openaccess":"0","openaccessFlag":false},{"@_fa": "true", "link": [{"@_fa": "true", "@ref": "self", "@href": "https://api.elsevier.com/content/abstract/scopus_id/34250299835"},{"@_fa": "true", "@ref": "author-affiliation", "@href": "https://api.elsevier.com/content/abstract/scopus_id/34250299835?field=author,affiliation"},{"@_fa": "true", "@ref": "scopus", "@href": "https://www.scopus.com/inward/record.uri?partnerID=HzOxMe3b&scp=34250299835&origin=inward"},{"@_fa": "true", "@ref": "scopus-citedby", "@href": "https://www.scopus.com/inward/citedby.uri?partnerID=HzOxMe3b&scp=34250299835&origin=inward"}],"prism:url":"https://api.elsevier.com/content/abstract/scopus_id/34250299835","dc:identifier":"SCOPUS_ID:34250299835","eid":"2-s2.0-34250299835","dc:title":"Counseling and advisory service for adult learners: An Open University perspective","dc:creator":"Sewart D.","prism:publicationName":"International Review of Education","prism:issn":"00208566","prism:eIssn":"15730638","prism:volume":"23","prism:issueIdentifier":"4","prism:pageRange":"425-437","prism:coverDate":"1977-12-01","prism:coverDisplayDate":"December 1977","prism:doi":"10.1007/BF00609138","citedby-count":"2","prism:aggregationType":"Journal","subtype":"ar","subtypeDescription":"Article","source-id":"12695","openaccess":"0","openaccessFlag":false},{"@_fa": "true", "link": [{"@_fa": "true", "@ref": "self", "@href": "https://api.elsevier.com/content/abstract/scopus_id/0010467848"},{"@_fa": "true", "@ref": "author-affiliation", "@href": "https://api.elsevier.com/content/abstract/scopus_id/0010467848?field=author,affiliation"},{"@_fa": "true", "@ref": "scopus", "@href": "https://www.scopus.com/inward/record.uri?partnerID=HzOxMe3b&scp=0010467848&origin=inward"},{"@_fa": "true", "@ref": "scopus-citedby", "@href": "https://www.scopus.com/inward/citedby.uri?partnerID=HzOxMe3b&scp=0010467848&origin=inward"}],"prism:url":"https://api.elsevier.com/content/abstract/scopus_id/0010467848","dc:identifier":"SCOPUS_ID:0010467848","eid":"2-s2.0-0010467848","dc:title":"The bereavement of parents and their search for meaning","dc:creator":"Craig Y.","prism:publicationName":"British Journal of Social Work","prism:issn":"00453102","prism:volume":"7","prism:issueIdentifier":"1","prism:pageRange":"41-54","prism:coverDate":"1977-12-01","prism:coverDisplayDate":"1977","citedby-count":"16","affiliation": [{"@_fa": "true", "affilname":"National group of bereaved parents","affiliation-city":null,"affiliation-country":null}],"prism:aggregationType":"Journal","subtype":"ar","subtypeDescription":"Article","source-id":"28710","openaccess":"0","openaccessFlag":false},{"@_fa": "true", "link": [{"@_fa": "true", "@ref": "self", "@href": "https://api.elsevier.com/content/abstract/scopus_id/85032172497"},{"@_fa": "true", "@ref": "author-affiliation", "@href": "https://api.elsevier.com/content/abstract/scopus_id/85032172497?field=author,affiliation"},{"@_fa": "true", "@ref": "scopus", "@href": "https://www.scopus.com/inward/record.uri?partnerID=HzOxMe3b&scp=85032172497&origin=inward"},{"@_fa": "true", "@ref": "scopus-citedby", "@href": "https://www.scopus.com/inward/citedby.uri?partnerID=HzOxMe3b&scp=85032172497&origin=inward"}],"prism:url":"https://api.elsevier.com/content/abstract/scopus_id/85032172497","dc:identifier":"SCOPUS_ID:85032172497","eid":"2-s2.0-85032172497","dc:title":"The use of electronic mail for user services","dc:creator":"Lathrop G.","prism:publicationName":"Proceedings ACM SIGUCCS User Services Conference","prism:volume":"Part F130773","prism:pageRange":"89-94","prism:coverDate":"1977-11-06","prism:coverDisplayDate":"6 November 1977","prism:doi":"10.1145/800101.803276","citedby-count":"0","affiliation": [{"@_fa": "true", "affilname":"Stanford University","affiliation-city":"Palo Alto","affiliation-country":"United States"}],"prism:aggregationType":"Conference Proceeding","subtype":"cp","subtypeDescription":"Conference Paper","source-id":"21100835662","openaccess":"0","openaccessFlag":false},{"@_fa": "true", "link": [{"@_fa": "true", "@ref": "self", "@href": "https://api.elsevier.com/content/abstract/scopus_id/85032227440"},{"@_fa": "true", "@ref": "author-affiliation", "@href": "https://api.elsevier.com/content/abstract/scopus_id/85032227440?field=author,affiliation"},{"@_fa": "true", "@ref": "scopus", "@href": "https://www.scopus.com/inward/record.uri?partnerID=HzOxMe3b&scp=85032227440&origin=inward"},{"@_fa": "true", "@ref": "scopus-citedby", "@href": "https://www.scopus.com/inward/citedby.uri?partnerID=HzOxMe3b&scp=85032227440&origin=inward"}],"prism:url":"https://api.elsevier.com/content/abstract/scopus_id/85032227440","dc:identifier":"SCOPUS_ID:85032227440","eid":"2-s2.0-85032227440","dc:title":"Computing futures","dc:creator":"Bonney J.","prism:publicationName":"Proceedings ACM SIGUCCS User Services Conference","prism:volume":"Part F130773","prism:pageRange":"249-251","prism:coverDate":"1977-11-06","prism:coverDisplayDate":"6 November 1977","prism:doi":"10.1145/800101.803307","citedby-count":"0","affiliation": [{"@_fa": "true", "affilname":"Massachusetts Institute of Technology","affiliation-city":"Cambridge","affiliation-country":"United States"}],"prism:aggregationType":"Conference Proceeding","subtype":"cp","subtypeDescription":"Conference Paper","source-id":"21100835662","openaccess":"0","openaccessFlag":false},{"@_fa": "true", "link": [{"@_fa": "true", "@ref": "self", "@href": "https://api.elsevier.com/content/abstract/scopus_id/85032184805"},{"@_fa": "true", "@ref": "author-affiliation", "@href": "https://api.elsevier.com/content/abstract/scopus_id/85032184805?field=author,affiliation"},{"@_fa": "true", "@ref": "scopus", "@href": "https://www.scopus.com/inward/record.uri?partnerID=HzOxMe3b&scp=85032184805&origin=inward"},{"@_fa": "true", "@ref": "scopus-citedby", "@href": "https://www.scopus.com/inward/citedby.uri?partnerID=HzOxMe3b&scp=85032184805&origin=inward"}],"prism:url":"https://api.elsevier.com/content/abstract/scopus_id/85032184805","dc:identifier":"SCOPUS_ID:85032184805","eid":"2-s2.0-85032184805","dc:title":"The avail system","dc:creator":"Cromer A.","prism:publicationName":"Proceedings ACM SIGUCCS User Services Conference","prism:volume":"Part F130773","prism:pageRange":"106-116","prism:coverDate":"1977-11-06","prism:coverDisplayDate":"6 November 1977","prism:doi":"10.1145/800101.803278","citedby-count":"0","affiliation": [{"@_fa": "true", "affilname":"University of Louisville","affiliation-city":"Louisville","affiliation-country":"United States"}],"prism:aggregationType":"Conference Proceeding","subtype":"cp","subtypeDescription":"Conference Paper","source-id":"21100835662","openaccess":"0","openaccessFlag":false},{"@_fa": "true", "link": [{"@_fa": "true", "@ref": "self", "@href": "https://api.elsevier.com/content/abstract/scopus_id/85032199065"},{"@_fa": "true", "@ref": "author-affiliation", "@href": "https://api.elsevier.com/content/abstract/scopus_id/85032199065?field=author,affiliation"},{"@_fa": "true", "@ref": "scopus", "@href": "https://www.scopus.com/inward/record.uri?partnerID=HzOxMe3b&scp=85032199065&origin=inward"},{"@_fa": "true", "@ref": "scopus-citedby", "@href": "https://www.scopus.com/inward/citedby.uri?partnerID=HzOxMe3b&scp=85032199065&origin=inward"}],"prism:url":"https://api.elsevier.com/content/abstract/scopus_id/85032199065","dc:identifier":"SCOPUS_ID:85032199065","eid":"2-s2.0-85032199065","dc:title":"Experiences with a data set security system in a university environment","dc:creator":"Springer G.","prism:publicationName":"Proceedings ACM SIGUCCS User Services Conference","prism:volume":"Part F130773","prism:pageRange":"218-227","prism:coverDate":"1977-11-06","prism:coverDisplayDate":"6 November 1977","prism:doi":"10.1145/800101.803301","citedby-count":"0","affiliation": [{"@_fa": "true", "affilname":"University of Missouri-Columbia","affiliation-city":"Columbia","affiliation-country":"United States"}],"prism:aggregationType":"Conference Proceeding","subtype":"cp","subtypeDescription":"Conference Paper","source-id":"21100835662","openaccess":"0","openaccessFlag":false},{"@_fa": "true", "link": [{"@_fa": "true", "@ref": "self", "@href": "https://api.elsevier.com/content/abstract/scopus_id/85032198569"},{"@_fa": "true", "@ref": "author-affiliation", "@href": "https://api.elsevier.com/content/abstract/scopus_id/85032198569?field=author,affiliation"},{"@_fa": "true", "@ref": "scopus", "@href": "https://www.scopus.com/inward/record.uri?partnerID=HzOxMe3b&scp=85032198569&origin=inward"},{"@_fa": "true", "@ref": "scopus-citedby", "@href": "https://www.scopus.com/inward/citedby.uri?partnerID=HzOxMe3b&scp=85032198569&origin=inward"}],"prism:url":"https://api.elsevier.com/content/abstract/scopus_id/85032198569","dc:identifier":"SCOPUS_ID:85032198569","eid":"2-s2.0-85032198569","dc:title":"Promoting academic computing: Description of a faculty intern program","dc:creator":"Just S.","prism:publicationName":"Proceedings ACM SIGUCCS User Services Conference","prism:volume":"Part F130773","prism:pageRange":"3-4","prism:coverDate":"1977-11-06","prism:coverDisplayDate":"6 November 1977","prism:doi":"10.1145/800101.803254","citedby-count":"0","affiliation": [{"@_fa": "true", "affilname":"New Jersey Educational Computer Network, Inc.","affiliation-city":"New Brunswick","affiliation-country":"United States"}],"prism:aggregationType":"Conference Proceeding","subtype":"cp","subtypeDescription":"Conference Paper","source-id":"21100835662","openaccess":"0","openaccessFlag":false},{"@_fa": "true", "link": [{"@_fa": "true", "@ref": "self", "@href": "https://api.elsevier.com/content/abstract/scopus_id/0017557499"},{"@_fa": "true", "@ref": "author-affiliation", "@href": "https://api.elsevier.com/content/abstract/scopus_id/0017557499?field=author,affiliation"},{"@_fa": "true", "@ref": "scopus", "@href": "https://www.scopus.com/inward/record.uri?partnerID=HzOxMe3b&scp=0017557499&origin=inward"},{"@_fa": "true", "@ref": "scopus-citedby", "@href": "https://www.scopus.com/inward/citedby.uri?partnerID=HzOxMe3b&scp=0017557499&origin=inward"}],"prism:url":"https://api.elsevier.com/content/abstract/scopus_id/0017557499","dc:identifier":"SCOPUS_ID:0017557499","eid":"2-s2.0-0017557499","dc:title":"Standard Oil's computer network makes health management possible.","dc:creator":"Kerr P.","prism:publicationName":"Occupational health &amp; safety (Waco, Tex.)","prism:issn":"03624064","prism:volume":"46","prism:issueIdentifier":"6","prism:pageRange":"44-46","prism:coverDate":"1977-11-01","prism:coverDisplayDate":"November 1977","citedby-count":"0","pubmed-id":"593630","prism:aggregationType":"Journal","subtype":"ar","subtypeDescription":"Article","source-id":"29782","openaccess":"0","openaccessFlag":false},{"@_fa": "true", "link": [{"@_fa": "true", "@ref": "self", "@href": "https://api.elsevier.com/content/abstract/scopus_id/0017550536"},{"@_fa": "true", "@ref": "author-affiliation", "@href": "https://api.elsevier.com/content/abstract/scopus_id/0017550536?field=author,affiliation"},{"@_fa": "true", "@ref": "scopus", "@href": "https://www.scopus.com/inward/record.uri?partnerID=HzOxMe3b&scp=0017550536&origin=inward"},{"@_fa": "true", "@ref": "scopus-citedby", "@href": "https://www.scopus.com/inward/citedby.uri?partnerID=HzOxMe3b&scp=0017550536&origin=inward"}],"prism:url":"https://api.elsevier.com/content/abstract/scopus_id/0017550536","dc:identifier":"SCOPUS_ID:0017550536","eid":"2-s2.0-0017550536","dc:title":"The price of privacy in the social dynamics of child abuse.","dc:creator":"Garbarino J.","prism:publicationName":"Child welfare","prism:issn":"00094021","prism:volume":"56","prism:issueIdentifier":"9","prism:pageRange":"565-575","prism:coverDate":"1977-11-01","prism:coverDisplayDate":"November 1977","citedby-count":"45","pubmed-id":"913171","prism:aggregationType":"Journal","subtype":"ar","subtypeDescription":"Article","source-id":"29185","openaccess":"0","openaccessFlag":false},{"@_fa": "true", "link": [{"@_fa": "true", "@ref": "self", "@href": "https://api.elsevier.com/content/abstract/scopus_id/0000280206"},{"@_fa": "true", "@ref": "author-affiliation", "@href": "https://api.elsevier.com/content/abstract/scopus_id/0000280206?field=author,affiliation"},{"@_fa": "true", "@ref": "scopus", "@href": "https://www.scopus.com/inward/record.uri?partnerID=HzOxMe3b&scp=0000280206&origin=inward"},{"@_fa": "true", "@ref": "scopus-citedby", "@href": "https://www.scopus.com/inward/citedby.uri?partnerID=HzOxMe3b&scp=0000280206&origin=inward"}],"prism:url":"https://api.elsevier.com/content/abstract/scopus_id/0000280206","dc:identifier":"SCOPUS_ID:0000280206","eid":"2-s2.0-0000280206","dc:title":"Changes in Drainage Networks since 1820, Southern Tablelands, N.S.W.","dc:creator":"Eyles R.","prism:publicationName":"Australian Geographer","prism:issn":"00049182","prism:eIssn":"14653311","prism:volume":"13","prism:issueIdentifier":"6","prism:pageRange":"377-386","prism:coverDate":"1977-11-01","prism:coverDisplayDate":"1 November 1977","prism:doi":"10.1080/00049187708702716","citedby-count":"96","prism:aggregationType":"Journal","subtype":"ar","subtypeDescription":"Article","source-id":"27511","openaccess":"0","openaccessFlag":false},{"@_fa": "true", "link": [{"@_fa": "true", "@ref": "self", "@href": "https://api.elsevier.com/content/abstract/scopus_id/84872030494"},{"@_fa": "true", "@ref": "author-affiliation", "@href": "https://api.elsevier.com/content/abstract/scopus_id/84872030494?field=author,affiliation"},{"@_fa": "true", "@ref": "scopus", "@href": "https://www.scopus.com/inward/record.uri?partnerID=HzOxMe3b&scp=84872030494&origin=inward"},{"@_fa": "true", "@ref": "scopus-citedby", "@href": "https://www.scopus.com/inward/citedby.uri?partnerID=HzOxMe3b&scp=84872030494&origin=inward"}],"prism:url":"https://api.elsevier.com/content/abstract/scopus_id/84872030494","dc:identifier":"SCOPUS_ID:84872030494","eid":"2-s2.0-84872030494","dc:title":"How Far Free? International Networks of Constraint upon National Education Policy in the Third World","dc:creator":"Thompson A.","prism:publicationName":"Comparative Education","prism:issn":"03050068","prism:eIssn":"13600486","prism:volume":"13","prism:issueIdentifier":"3","prism:pageRange":"155-168","prism:coverDate":"1977-10-01","prism:coverDisplayDate":"1 October 1977","prism:doi":"10.1080/0305006770130102b","citedby-count":"7","prism:aggregationType":"Journal","subtype":"ar","subtypeDescription":"Article","source-id":"12855","openaccess":"0","openaccessFlag":false},{"@_fa": "true", "link": [{"@_fa": "true", "@ref": "self", "@href": "https://api.elsevier.com/content/abstract/scopus_id/52449145764"},{"@_fa": "true", "@ref": "author-affiliation", "@href": "https://api.elsevier.com/content/abstract/scopus_id/52449145764?field=author,affiliation"},{"@_fa": "true", "@ref": "scopus", "@href": "https://www.scopus.com/inward/record.uri?partnerID=HzOxMe3b&scp=52449145764&origin=inward"},{"@_fa": "true", "@ref": "scopus-citedby", "@href": "https://www.scopus.com/inward/citedby.uri?partnerID=HzOxMe3b&scp=52449145764&origin=inward"}],"prism:url":"https://api.elsevier.com/content/abstract/scopus_id/52449145764","dc:identifier":"SCOPUS_ID:52449145764","eid":"2-s2.0-52449145764","dc:title":"Teaching conceptual networks","dc:creator":"Markle S.","prism:publicationName":"Journal of Instructional Development","prism:issn":"01622641","prism:volume":"1","prism:issueIdentifier":"1","prism:pageRange":"13-17","prism:coverDate":"1977-09-01","prism:coverDisplayDate":"September 1977","prism:doi":"10.1007/BF02904310","citedby-count":"5","affiliation": [{"@_fa": "true", "affilname":"University of Illinois at Chicago","affiliation-city":"Chicago","affiliation-country":"United States"}],"prism:aggregationType":"Journal","subtype":"ar","subtypeDescription":"Article","source-id":"12100156855","openaccess":"0","openaccessFlag":false},{"@_fa": "true", "link": [{"@_fa": "true", "@ref": "self", "@href": "https://api.elsevier.com/content/abstract/scopus_id/51649169026"},{"@_fa": "true", "@ref": "author-affiliation", "@href": "https://api.elsevier.com/content/abstract/scopus_id/51649169026?field=author,affiliation"},{"@_fa": "true", "@ref": "scopus", "@href": "https://www.scopus.com/inward/record.uri?partnerID=HzOxMe3b&scp=51649169026&origin=inward"},{"@_fa": "true", "@ref": "scopus-citedby", "@href": "https://www.scopus.com/inward/citedby.uri?partnerID=HzOxMe3b&scp=51649169026&origin=inward"}],"prism:url":"https://api.elsevier.com/content/abstract/scopus_id/51649169026","dc:identifier":"SCOPUS_ID:51649169026","eid":"2-s2.0-51649169026","dc:title":"Networks hold the line","dc:creator":"Schneider J.","prism:publicationName":"Society","prism:issn":"01472011","prism:eIssn":"19364725","prism:volume":"14","prism:issueIdentifier":"6","prism:pageRange":"9-17","prism:coverDate":"1977-09-01","prism:coverDisplayDate":"September 1977","prism:doi":"10.1007/BF02712511","citedby-count":"0","prism:aggregationType":"Journal","subtype":"re","subtypeDescription":"Review","source-id":"26481","openaccess":"0","openaccessFlag":false},{"@_fa": "true", "link": [{"@_fa": "true", "@ref": "self", "@href": "https://api.elsevier.com/content/abstract/scopus_id/79958511377"},{"@_fa": "true", "@ref": "author-affiliation", "@href": "https://api.elsevier.com/content/abstract/scopus_id/79958511377?field=author,affiliation"},{"@_fa": "true", "@ref": "scopus", "@href": "https://www.scopus.com/inward/record.uri?partnerID=HzOxMe3b&scp=79958511377&origin=inward"},{"@_fa": "true", "@ref": "scopus-citedby", "@href": "https://www.scopus.com/inward/citedby.uri?partnerID=HzOxMe3b&scp=79958511377&origin=inward"}],"prism:url":"https://api.elsevier.com/content/abstract/scopus_id/79958511377","dc:identifier":"SCOPUS_ID:79958511377","eid":"2-s2.0-79958511377","dc:title":"South of the border: The nbc and cbs radio networks and the latin american venture, 1930-1942","dc:creator":"Deihl E.","prism:publicationName":"Communication Quarterly","prism:issn":"01463373","prism:eIssn":"17464102","prism:volume":"25","prism:issueIdentifier":"4","prism:pageRange":"2-12","prism:coverDate":"1977-09-01","prism:coverDisplayDate":"1 September 1977","prism:doi":"10.1080/01463377709369265","citedby-count":"5","affiliation": [{"@_fa": "true", "affilname":"Northern Illinois University","affiliation-city":"DeKalb","affiliation-country":"United States"}],"prism:aggregationType":"Journal","subtype":"ar","subtypeDescription":"Article","source-id":"5600154339","openaccess":"0","openaccessFlag":false},{"@_fa": "true", "link": [{"@_fa": "true", "@ref": "self", "@href": "https://api.elsevier.com/content/abstract/scopus_id/34248023328"},{"@_fa": "true", "@ref": "author-affiliation", "@href": "https://api.elsevier.com/content/abstract/scopus_id/34248023328?field=author,affiliation"},{"@_fa": "true", "@ref": "scopus", "@href": "https://www.scopus.com/inward/record.uri?partnerID=HzOxMe3b&scp=34248023328&origin=inward"},{"@_fa": "true", "@ref": "scopus-citedby", "@href": "https://www.scopus.com/inward/citedby.uri?partnerID=HzOxMe3b&scp=34248023328&origin=inward"}],"prism:url":"https://api.elsevier.com/content/abstract/scopus_id/34248023328","dc:identifier":"SCOPUS_ID:34248023328","eid":"2-s2.0-34248023328","dc:title":"Network traps: An exposition of sociological structuralism","dc:creator":"Willigan J.","prism:publicationName":"Quality and Quantity","prism:issn":"00335177","prism:eIssn":"15737845","prism:volume":"11","prism:issueIdentifier":"3","prism:pageRange":"231-258","prism:coverDate":"1977-09-01","prism:coverDisplayDate":"September 1977","prism:doi":"10.1007/BF00138838","citedby-count":"0","affiliation": [{"@_fa": "true", "affilname":"University of Utah","affiliation-city":"Salt Lake City","affiliation-country":"United States"}],"prism:aggregationType":"Journal","subtype":"ar","subtypeDescription":"Article","source-id":"19372","openaccess":"0","openaccessFlag":false},{"@_fa": "true", "link": [{"@_fa": "true", "@ref": "self", "@href": "https://api.elsevier.com/content/abstract/scopus_id/34250292083"},{"@_fa": "true", "@ref": "author-affiliation", "@href": "https://api.elsevier.com/content/abstract/scopus_id/34250292083?field=author,affiliation"},{"@_fa": "true", "@ref": "scopus", "@href": "https://www.scopus.com/inward/record.uri?partnerID=HzOxMe3b&scp=34250292083&origin=inward"},{"@_fa": "true", "@ref": "scopus-citedby", "@href": "https://www.scopus.com/inward/citedby.uri?partnerID=HzOxMe3b&scp=34250292083&origin=inward"}],"prism:url":"https://api.elsevier.com/content/abstract/scopus_id/34250292083","dc:identifier":"SCOPUS_ID:34250292083","eid":"2-s2.0-34250292083","dc:title":"Learning networks among administrators of human service institutions","dc:creator":"Saunders J.","prism:publicationName":"American Journal of Community Psychology","prism:issn":"00910562","prism:eIssn":"15732770","prism:volume":"5","prism:issueIdentifier":"3","prism:pageRange":"269-276","prism:coverDate":"1977-09-01","prism:coverDisplayDate":"September 1977","prism:doi":"10.1007/BF00884694","citedby-count":"5","affiliation": [{"@_fa": "true", "affilname":"Yale University","affiliation-city":"New Haven","affiliation-country":"United States"}],"prism:aggregationType":"Journal","subtype":"ar","subtypeDescription":"Article","source-id":"16925","openaccess":"0","openaccessFlag":false},{"@_fa": "true", "link": [{"@_fa": "true", "@ref": "self", "@href": "https://api.elsevier.com/content/abstract/scopus_id/84963186149"},{"@_fa": "true", "@ref": "author-affiliation", "@href": "https://api.elsevier.com/content/abstract/scopus_id/84963186149?field=author,affiliation"},{"@_fa": "true", "@ref": "scopus", "@href": "https://www.scopus.com/inward/record.uri?partnerID=HzOxMe3b&scp=84963186149&origin=inward"},{"@_fa": "true", "@ref": "scopus-citedby", "@href": "https://www.scopus.com/inward/citedby.uri?partnerID=HzOxMe3b&scp=84963186149&origin=inward"}],"prism:url":"https://api.elsevier.com/content/abstract/scopus_id/84963186149","dc:identifier":"SCOPUS_ID:84963186149","eid":"2-s2.0-84963186149","dc:title":"The devon ETV service","dc:creator":"Webster B.","prism:publicationName":"Journal of Educational Television","prism:issn":"02607417","prism:volume":"3","prism:issueIdentifier":"3","prism:pageRange":"83-84","prism:coverDate":"1977-09-01","prism:coverDisplayDate":"1 September 1977","prism:doi":"10.1080/1358165770030305","citedby-count":"0","affiliation": [{"@_fa": "true", "affilname":"Devon ETV Service","affiliation-city":null,"affiliation-country":"United Kingdom"}],"prism:aggregationType":"Journal","subtype":"ar","subtypeDescription":"Article","source-id":"21100429284","openaccess":"0","openaccessFlag":false},{"@_fa": "true", "link": [{"@_fa": "true", "@ref": "self", "@href": "https://api.elsevier.com/content/abstract/scopus_id/84982359157"},{"@_fa": "true", "@ref": "author-affiliation", "@href": "https://api.elsevier.com/content/abstract/scopus_id/84982359157?field=author,affiliation"},{"@_fa": "true", "@ref": "scopus", "@href": "https://www.scopus.com/inward/record.uri?partnerID=HzOxMe3b&scp=84982359157&origin=inward"},{"@_fa": "true", "@ref": "scopus-citedby", "@href": "https://www.scopus.com/inward/citedby.uri?partnerID=HzOxMe3b&scp=84982359157&origin=inward"}],"prism:url":"https://api.elsevier.com/content/abstract/scopus_id/84982359157","dc:identifier":"SCOPUS_ID:84982359157","eid":"2-s2.0-84982359157","dc:title":"Some archaeological correlates of ranked societies","dc:creator":"Peebles C.","prism:publicationName":"American Antiquity","prism:issn":"00027316","prism:volume":"42","prism:issueIdentifier":"3","prism:pageRange":"421-448","prism:coverDate":"1977-07-01","prism:coverDisplayDate":"1 July 1977","prism:doi":"10.2307/279066","citedby-count":"312","affiliation": [{"@_fa": "true", "affilname":"University of Michigan, Ann Arbor","affiliation-city":"Ann Arbor","affiliation-country":"United States"}],"prism:aggregationType":"Journal","subtype":"re","subtypeDescription":"Review","source-id":"40554","openaccess":"0","openaccessFlag":false},{"@_fa": "true", "link": [{"@_fa": "true", "@ref": "self", "@href": "https://api.elsevier.com/content/abstract/scopus_id/34250289122"},{"@_fa": "true", "@ref": "author-affiliation", "@href": "https://api.elsevier.com/content/abstract/scopus_id/34250289122?field=author,affiliation"},{"@_fa": "true", "@ref": "scopus", "@href": "https://www.scopus.com/inward/record.uri?partnerID=HzOxMe3b&scp=34250289122&origin=inward"},{"@_fa": "true", "@ref": "scopus-citedby", "@href": "https://www.scopus.com/inward/citedby.uri?partnerID=HzOxMe3b&scp=34250289122&origin=inward"}],"prism:url":"https://api.elsevier.com/content/abstract/scopus_id/34250289122","dc:identifier":"SCOPUS_ID:34250289122","eid":"2-s2.0-34250289122","dc:title":"The applied geographer and the steady state society: the case of the new towns","dc:creator":"House J.","prism:publicationName":"GeoJournal","prism:issn":"03432521","prism:eIssn":"15729893","prism:volume":"1","prism:issueIdentifier":"4","prism:pageRange":"15-24","prism:coverDate":"1977-07-01","prism:coverDisplayDate":"July 1977","prism:doi":"10.1007/BF00845197","citedby-count":"1","affiliation": [{"@_fa": "true", "affilname":"University of Oxford","affiliation-city":"Oxford","affiliation-country":"United Kingdom"}],"prism:aggregationType":"Journal","subtype":"ar","subtypeDescription":"Article","source-id":"28772","openaccess":"0","openaccessFlag":false}]}}