{"search-results":{"opensearch:totalResults":"271","opensearch:startIndex":"0","opensearch:itemsPerPage":"25","opensearch:Query":{"@role": "request", "@searchTerms": "TITLE-ABS-KEY(\"network\") AND SUBJAREA(SOCI) AND PUBYEAR = 1980", "@startPage": "0"},"link": [{"@_fa": "true", "@ref": "self", "@href": "https://api.elsevier.com/content/search/scopus?start=0&count=25&query=TITLE-ABS-KEY%28%22network%22%29+AND+SUBJAREA%28SOCI%29+AND+PUBYEAR+%3D+1980&apiKey=27d953b4b546791964ebeb768d13e61f&view=STANDARD", "@type": "application/json"},{"@_fa": "true", "@ref": "first", "@href": "https://api.elsevier.com/content/search/scopus?start=0&count=25&query=TITLE-ABS-KEY%28%22network%22%29+AND+SUBJAREA%28SOCI%29+AND+PUBYEAR+%3D+1980&apiKey=27d953b4b546791964ebeb768d13e61f&view=STANDARD", "@type": "application/json"},{"@_fa": "true", "@ref": "next", "@href": "https://api.elsevier.com/content/search/scopus?start=25&count=25&query=TITLE-ABS-KEY%28%22network%22%29+AND+SUBJAREA%28SOCI%29+AND+PUBYEAR+%3D+1980&apiKey=27d953b4b546791964ebeb768d13e61f&view=STANDARD", "@type": "application/json"},{"@_fa": "true", "@ref": "last", "@href": "https://api.elsevier.com/content/search/scopus?start=246&count=25&query=TITLE-ABS-KEY%28%22network%22%29+AND+SUBJAREA%28SOCI%29+AND+PUBYEAR+%3D+1980&apiKey=27d953b4b546791964ebeb768d13e61f&view=STANDARD", "@type": "application/json"}],"entry": [{"@_fa": "true", "link": [{"@_fa": "true", "@ref": "self", "@href": "https://api.elsevier.com/content/abstract/scopus_id/55249084982"},{"@_fa": "true", "@ref": "author-affiliation", "@href": "https://api.elsevier.com/content/abstract/scopus_id/55249084982?field=author,affiliation"},{"@_fa": "true", "@ref": "scopus", "@href": "https://www.scopus.com/inward/record.uri?partnerID=HzOxMe3b&scp=55249084982&origin=inward"},{"@_fa": "true", "@ref": "scopus-citedby", "@href": "https://www.scopus.com/inward/citedby.uri?partnerID=HzOxMe3b&scp=55249084982&origin=inward"}],"prism:url":"https://api.elsevier.com/content/abstract/scopus_id/55249084982","dc:identifier":"SCOPUS_ID:55249084982","eid":"2-s2.0-55249084982","dc:title":"Consulting in the library network environment","dc:creator":"Markuson B.","prism:publicationName":"Library Trends","prism:issn":"00242594","prism:volume":"28","prism:issueIdentifier":"3","prism:pageRange":"437-455","prism:coverDate":"1980-12-01","prism:coverDisplayDate":"December 1980","citedby-count":"0","affiliation": [{"@_fa": "true", "affilname":"Indiana Cooperative Library Services Authority (INCOLSA)","affiliation-city":"Indianapolis","affiliation-country":"United States"}],"prism:aggregationType":"Journal","subtype":"ar","subtypeDescription":"Article","source-id":"14066","openaccess":"0","openaccessFlag":false},{"@_fa": "true", "link": [{"@_fa": "true", "@ref": "self", "@href": "https://api.elsevier.com/content/abstract/scopus_id/33847087588"},{"@_fa": "true", "@ref": "author-affiliation", "@href": "https://api.elsevier.com/content/abstract/scopus_id/33847087588?field=author,affiliation"},{"@_fa": "true", "@ref": "scopus", "@href": "https://www.scopus.com/inward/record.uri?partnerID=HzOxMe3b&scp=33847087588&origin=inward"},{"@_fa": "true", "@ref": "scopus-citedby", "@href": "https://www.scopus.com/inward/citedby.uri?partnerID=HzOxMe3b&scp=33847087588&origin=inward"}],"prism:url":"https://api.elsevier.com/content/abstract/scopus_id/33847087588","dc:identifier":"SCOPUS_ID:33847087588","eid":"2-s2.0-33847087588","dc:title":"Scientific instrument network expands activities","prism:publicationName":"Journal of Chemical Education","prism:issn":"00219584","prism:volume":"57","prism:issueIdentifier":"11","prism:pageRange":"818","prism:coverDate":"1980-12-01","prism:coverDisplayDate":"1980","citedby-count":"0","prism:aggregationType":"Journal","subtype":"ar","subtypeDescription":"Article","source-id":"24169","openaccess":"0","openaccessFlag":false},{"@_fa": "true", "link": [{"@_fa": "true", "@ref": "self", "@href": "https://api.elsevier.com/content/abstract/scopus_id/34250249155"},{"@_fa": "true", "@ref": "author-affiliation", "@href": "https://api.elsevier.com/content/abstract/scopus_id/34250249155?field=author,affiliation"},{"@_fa": "true", "@ref": "scopus", "@href": "https://www.scopus.com/inward/record.uri?partnerID=HzOxMe3b&scp=34250249155&origin=inward"},{"@_fa": "true", "@ref": "scopus-citedby", "@href": "https://www.scopus.com/inward/citedby.uri?partnerID=HzOxMe3b&scp=34250249155&origin=inward"}],"prism:url":"https://api.elsevier.com/content/abstract/scopus_id/34250249155","dc:identifier":"SCOPUS_ID:34250249155","eid":"2-s2.0-34250249155","dc:title":"Dynamics of equilibrating processes in disequilibrated spatial interaction networks","dc:creator":"Dejon B.","prism:publicationName":"Papers of the Regional Science Association","prism:issn":"10568190","prism:eIssn":"14355957","prism:volume":"44","prism:issueIdentifier":"1","prism:pageRange":"161-173","prism:coverDate":"1980-12-01","prism:coverDisplayDate":"December 1980","prism:doi":"10.1007/BF01934877","citedby-count":"1","prism:aggregationType":"Journal","subtype":"ar","subtypeDescription":"Article","source-id":"25205","openaccess":"0","openaccessFlag":false},{"@_fa": "true", "link": [{"@_fa": "true", "@ref": "self", "@href": "https://api.elsevier.com/content/abstract/scopus_id/33847086917"},{"@_fa": "true", "@ref": "author-affiliation", "@href": "https://api.elsevier.com/content/abstract/scopus_id/33847086917?field=author,affiliation"},{"@_fa": "true", "@ref": "scopus", "@href": "https://www.scopus.com/inward/record.uri?partnerID=HzOxMe3b&scp=33847086917&origin=inward"},{"@_fa": "true", "@ref": "scopus-citedby", "@href": "https://www.scopus.com/inward/citedby.uri?partnerID=HzOxMe3b&scp=33847086917&origin=inward"}],"prism:url":"https://api.elsevier.com/content/abstract/scopus_id/33847086917","dc:identifier":"SCOPUS_ID:33847086917","eid":"2-s2.0-33847086917","dc:title":"Topics in chemical instrumentation: CIII. A computer information network for users of chemical instrumentation","dc:creator":"Settle F.","prism:publicationName":"Journal of Chemical Education","prism:issn":"00219584","prism:volume":"56","prism:issueIdentifier":"9","prism:pageRange":null,"prism:coverDate":"1980-12-01","prism:coverDisplayDate":"1980","citedby-count":"0","prism:aggregationType":"Journal","subtype":"ar","subtypeDescription":"Article","source-id":"24169","openaccess":"0","openaccessFlag":false},{"@_fa": "true", "link": [{"@_fa": "true", "@ref": "self", "@href": "https://api.elsevier.com/content/abstract/scopus_id/0019097693"},{"@_fa": "true", "@ref": "author-affiliation", "@href": "https://api.elsevier.com/content/abstract/scopus_id/0019097693?field=author,affiliation"},{"@_fa": "true", "@ref": "scopus", "@href": "https://www.scopus.com/inward/record.uri?partnerID=HzOxMe3b&scp=0019097693&origin=inward"},{"@_fa": "true", "@ref": "scopus-citedby", "@href": "https://www.scopus.com/inward/citedby.uri?partnerID=HzOxMe3b&scp=0019097693&origin=inward"}],"prism:url":"https://api.elsevier.com/content/abstract/scopus_id/0019097693","dc:identifier":"SCOPUS_ID:0019097693","eid":"2-s2.0-0019097693","dc:title":"COMPUTER BASED MESSAGING IN A RESEARCH ORGANIZATION.","dc:creator":"Rittenhouse R.","prism:publicationName":"Proceedings of the ASIS Annual Meeting","prism:isbn": [{"@_fa": "true", "$" :"0914236733"}],"prism:volume":"17","prism:pageRange":"38-40","prism:coverDate":"1980-12-01","prism:coverDisplayDate":"1980","citedby-count":"0","prism:aggregationType":"Conference Proceeding","subtype":"cp","subtypeDescription":"Conference Paper","source-id":"31428","openaccess":"0","openaccessFlag":false},{"@_fa": "true", "link": [{"@_fa": "true", "@ref": "self", "@href": "https://api.elsevier.com/content/abstract/scopus_id/0019096429"},{"@_fa": "true", "@ref": "author-affiliation", "@href": "https://api.elsevier.com/content/abstract/scopus_id/0019096429?field=author,affiliation"},{"@_fa": "true", "@ref": "scopus", "@href": "https://www.scopus.com/inward/record.uri?partnerID=HzOxMe3b&scp=0019096429&origin=inward"},{"@_fa": "true", "@ref": "scopus-citedby", "@href": "https://www.scopus.com/inward/citedby.uri?partnerID=HzOxMe3b&scp=0019096429&origin=inward"}],"prism:url":"https://api.elsevier.com/content/abstract/scopus_id/0019096429","dc:identifier":"SCOPUS_ID:0019096429","eid":"2-s2.0-0019096429","dc:title":"COMMUNICATING INFORMATION FOR LIVING SYSTEMS.","dc:creator":"Miller J.","prism:publicationName":"Proceedings of the ASIS Annual Meeting","prism:isbn": [{"@_fa": "true", "$" :"0914236733"}],"prism:volume":"17","prism:pageRange":"132-135","prism:coverDate":"1980-12-01","prism:coverDisplayDate":"1980","citedby-count":"1","prism:aggregationType":"Conference Proceeding","subtype":"cp","subtypeDescription":"Conference Paper","source-id":"31428","openaccess":"0","openaccessFlag":false},{"@_fa": "true", "link": [{"@_fa": "true", "@ref": "self", "@href": "https://api.elsevier.com/content/abstract/scopus_id/43349150841"},{"@_fa": "true", "@ref": "author-affiliation", "@href": "https://api.elsevier.com/content/abstract/scopus_id/43349150841?field=author,affiliation"},{"@_fa": "true", "@ref": "scopus", "@href": "https://www.scopus.com/inward/record.uri?partnerID=HzOxMe3b&scp=43349150841&origin=inward"},{"@_fa": "true", "@ref": "scopus-citedby", "@href": "https://www.scopus.com/inward/citedby.uri?partnerID=HzOxMe3b&scp=43349150841&origin=inward"}],"prism:url":"https://api.elsevier.com/content/abstract/scopus_id/43349150841","dc:identifier":"SCOPUS_ID:43349150841","eid":"2-s2.0-43349150841","dc:title":"Social work for social fitness","dc:creator":"Gammack G.","prism:publicationName":"British Journal of Social Work","prism:issn":"00453102","prism:volume":"10","prism:issueIdentifier":"2","prism:pageRange":"185-206","prism:coverDate":"1980-12-01","prism:coverDisplayDate":"1980","citedby-count":"0","prism:aggregationType":"Journal","subtype":"ar","subtypeDescription":"Article","source-id":"28710","openaccess":"0","openaccessFlag":false},{"@_fa": "true", "link": [{"@_fa": "true", "@ref": "self", "@href": "https://api.elsevier.com/content/abstract/scopus_id/0019104346"},{"@_fa": "true", "@ref": "author-affiliation", "@href": "https://api.elsevier.com/content/abstract/scopus_id/0019104346?field=author,affiliation"},{"@_fa": "true", "@ref": "scopus", "@href": "https://www.scopus.com/inward/record.uri?partnerID=HzOxMe3b&scp=0019104346&origin=inward"},{"@_fa": "true", "@ref": "scopus-citedby", "@href": "https://www.scopus.com/inward/citedby.uri?partnerID=HzOxMe3b&scp=0019104346&origin=inward"}],"prism:url":"https://api.elsevier.com/content/abstract/scopus_id/0019104346","dc:identifier":"SCOPUS_ID:0019104346","eid":"2-s2.0-0019104346","dc:title":"INTELLIGENT TERMINAL FOR ACCESS TO HETEROGENEOUS CHEMICAL INFORMATION SYSTEMS.","dc:creator":"Horowitz A.","prism:publicationName":"Proceedings of the ASIS Annual Meeting","prism:isbn": [{"@_fa": "true", "$" :"0914236733"}],"prism:volume":"17","prism:pageRange":"83-85","prism:coverDate":"1980-12-01","prism:coverDisplayDate":"1980","citedby-count":"4","prism:aggregationType":"Conference Proceeding","subtype":"cp","subtypeDescription":"Conference Paper","source-id":"31428","openaccess":"0","openaccessFlag":false},{"@_fa": "true", "link": [{"@_fa": "true", "@ref": "self", "@href": "https://api.elsevier.com/content/abstract/scopus_id/0019222519"},{"@_fa": "true", "@ref": "author-affiliation", "@href": "https://api.elsevier.com/content/abstract/scopus_id/0019222519?field=author,affiliation"},{"@_fa": "true", "@ref": "scopus", "@href": "https://www.scopus.com/inward/record.uri?partnerID=HzOxMe3b&scp=0019222519&origin=inward"},{"@_fa": "true", "@ref": "scopus-citedby", "@href": "https://www.scopus.com/inward/citedby.uri?partnerID=HzOxMe3b&scp=0019222519&origin=inward"}],"prism:url":"https://api.elsevier.com/content/abstract/scopus_id/0019222519","dc:identifier":"SCOPUS_ID:0019222519","eid":"2-s2.0-0019222519","dc:title":"Occupational health management - by objectives","dc:creator":"Taylor H.","prism:publicationName":"Personnel","prism:issn":"00315702","prism:volume":"57","prism:issueIdentifier":"1","prism:pageRange":"58-64","prism:coverDate":"1980-12-01","prism:coverDisplayDate":"1980","citedby-count":"1","pubmed-id":"10245981","prism:aggregationType":"Journal","subtype":"ar","subtypeDescription":"Article","source-id":"38975","openaccess":"0","openaccessFlag":false},{"@_fa": "true", "link": [{"@_fa": "true", "@ref": "self", "@href": "https://api.elsevier.com/content/abstract/scopus_id/77957207319"},{"@_fa": "true", "@ref": "author-affiliation", "@href": "https://api.elsevier.com/content/abstract/scopus_id/77957207319?field=author,affiliation"},{"@_fa": "true", "@ref": "scopus", "@href": "https://www.scopus.com/inward/record.uri?partnerID=HzOxMe3b&scp=77957207319&origin=inward"},{"@_fa": "true", "@ref": "scopus-citedby", "@href": "https://www.scopus.com/inward/citedby.uri?partnerID=HzOxMe3b&scp=77957207319&origin=inward"}],"prism:url":"https://api.elsevier.com/content/abstract/scopus_id/77957207319","dc:identifier":"SCOPUS_ID:77957207319","eid":"2-s2.0-77957207319","dc:title":"Adaptive significance of intra- and interspecific differences in the feeding repertoires of cichlid fishes","dc:creator":"Liem K.","prism:publicationName":"Integrative and Comparative Biology","prism:issn":"15407063","prism:volume":"20","prism:issueIdentifier":"1","prism:pageRange":"295-314","prism:coverDate":"1980-12-01","prism:coverDisplayDate":"1980","prism:doi":"10.1093/icb/20.1.295","citedby-count":"256","prism:aggregationType":"Journal","subtype":"ar","subtypeDescription":"Article","source-id":"22023","openaccess":"1","openaccessFlag":true},{"@_fa": "true", "link": [{"@_fa": "true", "@ref": "self", "@href": "https://api.elsevier.com/content/abstract/scopus_id/0642291957"},{"@_fa": "true", "@ref": "author-affiliation", "@href": "https://api.elsevier.com/content/abstract/scopus_id/0642291957?field=author,affiliation"},{"@_fa": "true", "@ref": "scopus", "@href": "https://www.scopus.com/inward/record.uri?partnerID=HzOxMe3b&scp=0642291957&origin=inward"},{"@_fa": "true", "@ref": "scopus-citedby", "@href": "https://www.scopus.com/inward/citedby.uri?partnerID=HzOxMe3b&scp=0642291957&origin=inward"}],"prism:url":"https://api.elsevier.com/content/abstract/scopus_id/0642291957","dc:identifier":"SCOPUS_ID:0642291957","eid":"2-s2.0-0642291957","dc:title":"An online associative query modification methodology","dc:creator":"Preece S.","prism:publicationName":"Online Information Review","prism:issn":"14684527","prism:volume":"4","prism:issueIdentifier":"4","prism:pageRange":"375-382","prism:coverDate":"1980-12-01","prism:coverDisplayDate":"December 1980","citedby-count":"2","affiliation": [{"@_fa": "true", "affilname":"University of Illinois at Urbana-Champaign","affiliation-city":"Urbana","affiliation-country":"United States"}],"prism:aggregationType":"Journal","subtype":"ar","subtypeDescription":"Article","source-id":"15386","openaccess":"0","openaccessFlag":false},{"@_fa": "true", "link": [{"@_fa": "true", "@ref": "self", "@href": "https://api.elsevier.com/content/abstract/scopus_id/36149044245"},{"@_fa": "true", "@ref": "author-affiliation", "@href": "https://api.elsevier.com/content/abstract/scopus_id/36149044245?field=author,affiliation"},{"@_fa": "true", "@ref": "scopus", "@href": "https://www.scopus.com/inward/record.uri?partnerID=HzOxMe3b&scp=36149044245&origin=inward"},{"@_fa": "true", "@ref": "scopus-citedby", "@href": "https://www.scopus.com/inward/citedby.uri?partnerID=HzOxMe3b&scp=36149044245&origin=inward"}],"prism:url":"https://api.elsevier.com/content/abstract/scopus_id/36149044245","dc:identifier":"SCOPUS_ID:36149044245","eid":"2-s2.0-36149044245","dc:title":"The project Scotia competition","dc:creator":"Ellington H.","prism:publicationName":"Physics Education","prism:issn":"00319120","prism:volume":"15","prism:issueIdentifier":"4","prism:pageRange":"220-222","prism:coverDate":"1980-12-01","prism:coverDisplayDate":"1980","prism:doi":"10.1088/0031-9120/15/4/004","citedby-count":"1","prism:aggregationType":"Journal","subtype":"ar","subtypeDescription":"Article","article-number":"004","source-id":"144982","openaccess":"0","openaccessFlag":false},{"@_fa": "true", "link": [{"@_fa": "true", "@ref": "self", "@href": "https://api.elsevier.com/content/abstract/scopus_id/55249120545"},{"@_fa": "true", "@ref": "author-affiliation", "@href": "https://api.elsevier.com/content/abstract/scopus_id/55249120545?field=author,affiliation"},{"@_fa": "true", "@ref": "scopus", "@href": "https://www.scopus.com/inward/record.uri?partnerID=HzOxMe3b&scp=55249120545&origin=inward"},{"@_fa": "true", "@ref": "scopus-citedby", "@href": "https://www.scopus.com/inward/citedby.uri?partnerID=HzOxMe3b&scp=55249120545&origin=inward"}],"prism:url":"https://api.elsevier.com/content/abstract/scopus_id/55249120545","dc:identifier":"SCOPUS_ID:55249120545","eid":"2-s2.0-55249120545","dc:title":"Toward an integrated information system of public administration","dc:creator":"Okazawa K.","prism:publicationName":"Library and Information Science","prism:issn":"03734447","prism:volume":"1980","prism:issueIdentifier":"18","prism:pageRange":"103-122","prism:coverDate":"1980-12-01","prism:coverDisplayDate":"1980","citedby-count":"0","prism:aggregationType":"Journal","subtype":"ar","subtypeDescription":"Article","source-id":"13970","openaccess":"0","openaccessFlag":false},{"@_fa": "true", "link": [{"@_fa": "true", "@ref": "self", "@href": "https://api.elsevier.com/content/abstract/scopus_id/56249132188"},{"@_fa": "true", "@ref": "author-affiliation", "@href": "https://api.elsevier.com/content/abstract/scopus_id/56249132188?field=author,affiliation"},{"@_fa": "true", "@ref": "scopus", "@href": "https://www.scopus.com/inward/record.uri?partnerID=HzOxMe3b&scp=56249132188&origin=inward"},{"@_fa": "true", "@ref": "scopus-citedby", "@href": "https://www.scopus.com/inward/citedby.uri?partnerID=HzOxMe3b&scp=56249132188&origin=inward"}],"prism:url":"https://api.elsevier.com/content/abstract/scopus_id/56249132188","dc:identifier":"SCOPUS_ID:56249132188","eid":"2-s2.0-56249132188","dc:title":"Evolution of the acquisitions/circulation interface at the Atlanta Public Library","dc:creator":"Eaton N.","prism:publicationName":"Library Collections, Acquisition and Technical Services","prism:issn":"14649055","prism:volume":"4","prism:issueIdentifier":"1","prism:pageRange":"29-37","prism:coverDate":"1980-12-01","prism:coverDisplayDate":"1980","citedby-count":"0","prism:aggregationType":"Journal","subtype":"re","subtypeDescription":"Review","source-id":"13992","openaccess":"0","openaccessFlag":false},{"@_fa": "true", "link": [{"@_fa": "true", "@ref": "self", "@href": "https://api.elsevier.com/content/abstract/scopus_id/55249109618"},{"@_fa": "true", "@ref": "author-affiliation", "@href": "https://api.elsevier.com/content/abstract/scopus_id/55249109618?field=author,affiliation"},{"@_fa": "true", "@ref": "scopus", "@href": "https://www.scopus.com/inward/record.uri?partnerID=HzOxMe3b&scp=55249109618&origin=inward"},{"@_fa": "true", "@ref": "scopus-citedby", "@href": "https://www.scopus.com/inward/citedby.uri?partnerID=HzOxMe3b&scp=55249109618&origin=inward"}],"prism:url":"https://api.elsevier.com/content/abstract/scopus_id/55249109618","dc:identifier":"SCOPUS_ID:55249109618","eid":"2-s2.0-55249109618","dc:title":"Structural analysis of physiology journals using Journal Citation Reports 1978 (JCR)","dc:creator":"Yamazaki S.","prism:publicationName":"Library and Information Science","prism:issn":"03734447","prism:volume":"1980","prism:issueIdentifier":"18","prism:pageRange":"195-205","prism:coverDate":"1980-12-01","prism:coverDisplayDate":"1980","citedby-count":"0","prism:aggregationType":"Journal","subtype":"ar","subtypeDescription":"Article","source-id":"13970","openaccess":"0","openaccessFlag":false},{"@_fa": "true", "link": [{"@_fa": "true", "@ref": "self", "@href": "https://api.elsevier.com/content/abstract/scopus_id/77958405214"},{"@_fa": "true", "@ref": "author-affiliation", "@href": "https://api.elsevier.com/content/abstract/scopus_id/77958405214?field=author,affiliation"},{"@_fa": "true", "@ref": "scopus", "@href": "https://www.scopus.com/inward/record.uri?partnerID=HzOxMe3b&scp=77958405214&origin=inward"},{"@_fa": "true", "@ref": "scopus-citedby", "@href": "https://www.scopus.com/inward/citedby.uri?partnerID=HzOxMe3b&scp=77958405214&origin=inward"}],"prism:url":"https://api.elsevier.com/content/abstract/scopus_id/77958405214","dc:identifier":"SCOPUS_ID:77958405214","eid":"2-s2.0-77958405214","dc:title":"Mythophiles' dyscrasia: A comprehensive definition of myth","dc:creator":"Doty W.","prism:publicationName":"Journal of the American Academy of Religion","prism:issn":"00027189","prism:volume":"48","prism:issueIdentifier":"4","prism:pageRange":"531-562","prism:coverDate":"1980-12-01","prism:coverDisplayDate":"December 1980","prism:doi":"10.1093/jaarel/XLVIII.4.531","citedby-count":"3","prism:aggregationType":"Journal","subtype":"ar","subtypeDescription":"Article","source-id":"5600155214","openaccess":"0","openaccessFlag":false},{"@_fa": "true", "link": [{"@_fa": "true", "@ref": "self", "@href": "https://api.elsevier.com/content/abstract/scopus_id/0019167780"},{"@_fa": "true", "@ref": "author-affiliation", "@href": "https://api.elsevier.com/content/abstract/scopus_id/0019167780?field=author,affiliation"},{"@_fa": "true", "@ref": "scopus", "@href": "https://www.scopus.com/inward/record.uri?partnerID=HzOxMe3b&scp=0019167780&origin=inward"},{"@_fa": "true", "@ref": "scopus-citedby", "@href": "https://www.scopus.com/inward/citedby.uri?partnerID=HzOxMe3b&scp=0019167780&origin=inward"}],"prism:url":"https://api.elsevier.com/content/abstract/scopus_id/0019167780","dc:identifier":"SCOPUS_ID:0019167780","eid":"2-s2.0-0019167780","dc:title":"Strategies for enhancing patient compliance","dc:creator":"Becker M.","prism:publicationName":"Journal of Community Health","prism:issn":"00945145","prism:eIssn":"15733610","prism:volume":"6","prism:issueIdentifier":"2","prism:pageRange":"113-135","prism:coverDate":"1980-12-01","prism:coverDisplayDate":"December 1980","prism:doi":"10.1007/BF01318980","citedby-count":"246","pubmed-id":"7204635","prism:aggregationType":"Journal","subtype":"re","subtypeDescription":"Review","source-id":"15877","openaccess":"0","openaccessFlag":false},{"@_fa": "true", "link": [{"@_fa": "true", "@ref": "self", "@href": "https://api.elsevier.com/content/abstract/scopus_id/77957207474"},{"@_fa": "true", "@ref": "author-affiliation", "@href": "https://api.elsevier.com/content/abstract/scopus_id/77957207474?field=author,affiliation"},{"@_fa": "true", "@ref": "scopus", "@href": "https://www.scopus.com/inward/record.uri?partnerID=HzOxMe3b&scp=77957207474&origin=inward"},{"@_fa": "true", "@ref": "scopus-citedby", "@href": "https://www.scopus.com/inward/citedby.uri?partnerID=HzOxMe3b&scp=77957207474&origin=inward"}],"prism:url":"https://api.elsevier.com/content/abstract/scopus_id/77957207474","dc:identifier":"SCOPUS_ID:77957207474","eid":"2-s2.0-77957207474","dc:title":"The definition and recognition of biological adaptation","dc:creator":"Bock W.","prism:publicationName":"Integrative and Comparative Biology","prism:issn":"15407063","prism:volume":"20","prism:issueIdentifier":"1","prism:pageRange":"217-227","prism:coverDate":"1980-12-01","prism:coverDisplayDate":"1980","prism:doi":"10.1093/icb/20.1.217","citedby-count":"155","prism:aggregationType":"Journal","subtype":"ar","subtypeDescription":"Article","source-id":"22023","openaccess":"1","openaccessFlag":true},{"@_fa": "true", "link": [{"@_fa": "true", "@ref": "self", "@href": "https://api.elsevier.com/content/abstract/scopus_id/0041364110"},{"@_fa": "true", "@ref": "author-affiliation", "@href": "https://api.elsevier.com/content/abstract/scopus_id/0041364110?field=author,affiliation"},{"@_fa": "true", "@ref": "scopus", "@href": "https://www.scopus.com/inward/record.uri?partnerID=HzOxMe3b&scp=0041364110&origin=inward"},{"@_fa": "true", "@ref": "scopus-citedby", "@href": "https://www.scopus.com/inward/citedby.uri?partnerID=HzOxMe3b&scp=0041364110&origin=inward"}],"prism:url":"https://api.elsevier.com/content/abstract/scopus_id/0041364110","dc:identifier":"SCOPUS_ID:0041364110","eid":"2-s2.0-0041364110","dc:title":"Functional morphology of the vertebrate visual system an essay on the evolution of complex systems","dc:creator":"Ulinski P.","prism:publicationName":"Integrative and Comparative Biology","prism:issn":"15407063","prism:volume":"20","prism:issueIdentifier":"1","prism:pageRange":"229-246","prism:coverDate":"1980-12-01","prism:coverDisplayDate":"1980","prism:doi":"10.1093/icb/20.1.229","citedby-count":"17","prism:aggregationType":"Journal","subtype":"ar","subtypeDescription":"Article","source-id":"22023","openaccess":"1","openaccessFlag":true},{"@_fa": "true", "link": [{"@_fa": "true", "@ref": "self", "@href": "https://api.elsevier.com/content/abstract/scopus_id/85051541683"},{"@_fa": "true", "@ref": "author-affiliation", "@href": "https://api.elsevier.com/content/abstract/scopus_id/85051541683?field=author,affiliation"},{"@_fa": "true", "@ref": "scopus", "@href": "https://www.scopus.com/inward/record.uri?partnerID=HzOxMe3b&scp=85051541683&origin=inward"},{"@_fa": "true", "@ref": "scopus-citedby", "@href": "https://www.scopus.com/inward/citedby.uri?partnerID=HzOxMe3b&scp=85051541683&origin=inward"}],"prism:url":"https://api.elsevier.com/content/abstract/scopus_id/85051541683","dc:identifier":"SCOPUS_ID:85051541683","eid":"2-s2.0-85051541683","dc:title":"Easy: The microcomputer-based EDUNET access system","dc:creator":"Heller P.","prism:publicationName":"Proceedings ACM SIGUCCS User Services Conference","prism:isbn": [{"@_fa": "true", "$" :"0897910230"}],"prism:pageRange":"51-55","prism:coverDate":"1980-11-16","prism:coverDisplayDate":"16 November 1980","prism:doi":"10.1145/800086.802750","citedby-count":"0","affiliation": [{"@_fa": "true", "affilname":"EDUCOM","affiliation-city":"Princeton","affiliation-country":"United States"}],"prism:aggregationType":"Conference Proceeding","subtype":"cp","subtypeDescription":"Conference Paper","source-id":"21100872744","openaccess":"0","openaccessFlag":false},{"@_fa": "true", "link": [{"@_fa": "true", "@ref": "self", "@href": "https://api.elsevier.com/content/abstract/scopus_id/85051468927"},{"@_fa": "true", "@ref": "author-affiliation", "@href": "https://api.elsevier.com/content/abstract/scopus_id/85051468927?field=author,affiliation"},{"@_fa": "true", "@ref": "scopus", "@href": "https://www.scopus.com/inward/record.uri?partnerID=HzOxMe3b&scp=85051468927&origin=inward"},{"@_fa": "true", "@ref": "scopus-citedby", "@href": "https://www.scopus.com/inward/citedby.uri?partnerID=HzOxMe3b&scp=85051468927&origin=inward"}],"prism:url":"https://api.elsevier.com/content/abstract/scopus_id/85051468927","dc:identifier":"SCOPUS_ID:85051468927","eid":"2-s2.0-85051468927","dc:title":"User services in a network environment","dc:creator":"O'Dell J.","prism:publicationName":"Proceedings ACM SIGUCCS User Services Conference","prism:isbn": [{"@_fa": "true", "$" :"0897910230"}],"prism:pageRange":"45-50","prism:coverDate":"1980-11-16","prism:coverDisplayDate":"16 November 1980","prism:doi":"10.1145/800086.802749","citedby-count":"0","affiliation": [{"@_fa": "true", "affilname":"Lawrence Livermore National Laboratory","affiliation-city":"Livermore","affiliation-country":"United States"}],"prism:aggregationType":"Conference Proceeding","subtype":"cp","subtypeDescription":"Conference Paper","source-id":"21100872744","openaccess":"0","openaccessFlag":false},{"@_fa": "true", "link": [{"@_fa": "true", "@ref": "self", "@href": "https://api.elsevier.com/content/abstract/scopus_id/85051457290"},{"@_fa": "true", "@ref": "author-affiliation", "@href": "https://api.elsevier.com/content/abstract/scopus_id/85051457290?field=author,affiliation"},{"@_fa": "true", "@ref": "scopus", "@href": "https://www.scopus.com/inward/record.uri?partnerID=HzOxMe3b&scp=85051457290&origin=inward"},{"@_fa": "true", "@ref": "scopus-citedby", "@href": "https://www.scopus.com/inward/citedby.uri?partnerID=HzOxMe3b&scp=85051457290&origin=inward"}],"prism:url":"https://api.elsevier.com/content/abstract/scopus_id/85051457290","dc:identifier":"SCOPUS_ID:85051457290","eid":"2-s2.0-85051457290","dc:title":"Network user services and personnel issues","dc:creator":"Luk C.","prism:publicationName":"Proceedings ACM SIGUCCS User Services Conference","prism:isbn": [{"@_fa": "true", "$" :"0897910230"}],"prism:pageRange":"21-26","prism:coverDate":"1980-11-16","prism:coverDisplayDate":"16 November 1980","prism:doi":"10.1145/800086.802745","citedby-count":"0","affiliation": [{"@_fa": "true", "affilname":"Lawrence Livermore National Laboratory","affiliation-city":"Livermore","affiliation-country":"United States"}],"prism:aggregationType":"Conference Proceeding","subtype":"cp","subtypeDescription":"Conference Paper","source-id":"21100872744","openaccess":"0","openaccessFlag":false},{"@_fa": "true", "link": [{"@_fa": "true", "@ref": "self", "@href": "https://api.elsevier.com/content/abstract/scopus_id/85051459015"},{"@_fa": "true", "@ref": "author-affiliation", "@href": "https://api.elsevier.com/content/abstract/scopus_id/85051459015?field=author,affiliation"},{"@_fa": "true", "@ref": "scopus", "@href": "https://www.scopus.com/inward/record.uri?partnerID=HzOxMe3b&scp=85051459015&origin=inward"},{"@_fa": "true", "@ref": "scopus-citedby", "@href": "https://www.scopus.com/inward/citedby.uri?partnerID=HzOxMe3b&scp=85051459015&origin=inward"}],"prism:url":"https://api.elsevier.com/content/abstract/scopus_id/85051459015","dc:identifier":"SCOPUS_ID:85051459015","eid":"2-s2.0-85051459015","dc:title":"A distributed computer approach to I/O rooms","dc:creator":"Tyler J.","prism:publicationName":"Proceedings ACM SIGUCCS User Services Conference","prism:isbn": [{"@_fa": "true", "$" :"0897910230"}],"prism:pageRange":"39-44","prism:coverDate":"1980-11-16","prism:coverDisplayDate":"16 November 1980","prism:doi":"10.1145/800086.802748","citedby-count":"0","affiliation": [{"@_fa": "true", "affilname":"Louisiana State University","affiliation-city":"Baton Rouge","affiliation-country":"United States"}],"prism:aggregationType":"Conference Proceeding","subtype":"cp","subtypeDescription":"Conference Paper","source-id":"21100872744","openaccess":"0","openaccessFlag":false},{"@_fa": "true", "link": [{"@_fa": "true", "@ref": "self", "@href": "https://api.elsevier.com/content/abstract/scopus_id/85051519125"},{"@_fa": "true", "@ref": "author-affiliation", "@href": "https://api.elsevier.com/content/abstract/scopus_id/85051519125?field=author,affiliation"},{"@_fa": "true", "@ref": "scopus", "@href": "https://www.scopus.com/inward/record.uri?partnerID=HzOxMe3b&scp=85051519125&origin=inward"},{"@_fa": "true", "@ref": "scopus-citedby", "@href": "https://www.scopus.com/inward/citedby.uri?partnerID=HzOxMe3b&scp=85051519125&origin=inward"}],"prism:url":"https://api.elsevier.com/content/abstract/scopus_id/85051519125","dc:identifier":"SCOPUS_ID:85051519125","eid":"2-s2.0-85051519125","dc:title":"User services on a restricted/limited budget","dc:creator":"Cromer A.","prism:publicationName":"Proceedings ACM SIGUCCS User Services Conference","prism:isbn": [{"@_fa": "true", "$" :"0897910230"}],"prism:pageRange":"9-12","prism:coverDate":"1980-11-16","prism:coverDisplayDate":"16 November 1980","prism:doi":"10.1145/800086.802742","citedby-count":"0","affiliation": [{"@_fa": "true", "affilname":"University of Louisville","affiliation-city":"Louisville","affiliation-country":"United States"}],"prism:aggregationType":"Conference Proceeding","subtype":"cp","subtypeDescription":"Conference Paper","source-id":"21100872744","openaccess":"0","openaccessFlag":false},{"@_fa": "true", "link": [{"@_fa": "true", "@ref": "self", "@href": "https://api.elsevier.com/content/abstract/scopus_id/84925920776"},{"@_fa": "true", "@ref": "author-affiliation", "@href": "https://api.elsevier.com/content/abstract/scopus_id/84925920776?field=author,affiliation"},{"@_fa": "true", "@ref": "scopus", "@href": "https://www.scopus.com/inward/record.uri?partnerID=HzOxMe3b&scp=84925920776&origin=inward"},{"@_fa": "true", "@ref": "scopus-citedby", "@href": "https://www.scopus.com/inward/citedby.uri?partnerID=HzOxMe3b&scp=84925920776&origin=inward"}],"prism:url":"https://api.elsevier.com/content/abstract/scopus_id/84925920776","dc:identifier":"SCOPUS_ID:84925920776","eid":"2-s2.0-84925920776","dc:title":"Transitivity in stochastic graphs and digraphs","dc:creator":"Frank O.","prism:publicationName":"The Journal of Mathematical Sociology","prism:issn":"0022250X","prism:eIssn":"15455874","prism:volume":"7","prism:issueIdentifier":"2","prism:pageRange":"199-213","prism:coverDate":"1980-11-01","prism:coverDisplayDate":"1 November 1980","prism:doi":"10.1080/0022250X.1980.9989907","citedby-count":"16","affiliation": [{"@_fa": "true", "affilname":"Lunds Universitet","affiliation-city":"Lund","affiliation-country":"Sweden"}],"prism:aggregationType":"Journal","subtype":"ar","subtypeDescription":"Article","source-id":"19349","openaccess":"0","openaccessFlag":false}]}}