{"search-results":{"opensearch:totalResults":"675","opensearch:startIndex":"0","opensearch:itemsPerPage":"25","opensearch:Query":{"@role": "request", "@searchTerms": "TITLE-ABS-KEY(\"network\") AND SUBJAREA(SOCI) AND PUBYEAR = 1989", "@startPage": "0"},"link": [{"@_fa": "true", "@ref": "self", "@href": "https://api.elsevier.com/content/search/scopus?start=0&count=25&query=TITLE-ABS-KEY%28%22network%22%29+AND+SUBJAREA%28SOCI%29+AND+PUBYEAR+%3D+1989&apiKey=27d953b4b546791964ebeb768d13e61f&view=STANDARD", "@type": "application/json"},{"@_fa": "true", "@ref": "first", "@href": "https://api.elsevier.com/content/search/scopus?start=0&count=25&query=TITLE-ABS-KEY%28%22network%22%29+AND+SUBJAREA%28SOCI%29+AND+PUBYEAR+%3D+1989&apiKey=27d953b4b546791964ebeb768d13e61f&view=STANDARD", "@type": "application/json"},{"@_fa": "true", "@ref": "next", "@href": "https://api.elsevier.com/content/search/scopus?start=25&count=25&query=TITLE-ABS-KEY%28%22network%22%29+AND+SUBJAREA%28SOCI%29+AND+PUBYEAR+%3D+1989&apiKey=27d953b4b546791964ebeb768d13e61f&view=STANDARD", "@type": "application/json"},{"@_fa": "true", "@ref": "last", "@href": "https://api.elsevier.com/content/search/scopus?start=650&count=25&query=TITLE-ABS-KEY%28%22network%22%29+AND+SUBJAREA%28SOCI%29+AND+PUBYEAR+%3D+1989&apiKey=27d953b4b546791964ebeb768d13e61f&view=STANDARD", "@type": "application/json"}],"entry": [{"@_fa": "true", "link": [{"@_fa": "true", "@ref": "self", "@href": "https://api.elsevier.com/content/abstract/scopus_id/0024923053"},{"@_fa": "true", "@ref": "author-affiliation", "@href": "https://api.elsevier.com/content/abstract/scopus_id/0024923053?field=author,affiliation"},{"@_fa": "true", "@ref": "scopus", "@href": "https://www.scopus.com/inward/record.uri?partnerID=HzOxMe3b&scp=0024923053&origin=inward"},{"@_fa": "true", "@ref": "scopus-citedby", "@href": "https://www.scopus.com/inward/citedby.uri?partnerID=HzOxMe3b&scp=0024923053&origin=inward"},{"@_fa": "true", "@ref": "full-text", "@href": "https://api.elsevier.com/content/article/eid/1-s2.0-0377221789902270"}],"prism:url":"https://api.elsevier.com/content/abstract/scopus_id/0024923053","dc:identifier":"SCOPUS_ID:0024923053","eid":"2-s2.0-0024923053","dc:title":"An influence matrix for project expediting","dc:creator":"Kouskoulas V.","prism:publicationName":"European Journal of Operational Research","prism:issn":"03772217","prism:volume":"43","prism:issueIdentifier":"3","prism:pageRange":"284-291","prism:coverDate":"1989-12-18","prism:coverDisplayDate":"18 December 1989","prism:doi":"10.1016/0377-2217(89)90227-0","pii":"0377-2217(89)90227-0","citedby-count":"0","prism:aggregationType":"Journal","subtype":"ar","subtypeDescription":"Article","source-id":"22489","openaccess":"0","openaccessFlag":false},{"@_fa": "true", "link": [{"@_fa": "true", "@ref": "self", "@href": "https://api.elsevier.com/content/abstract/scopus_id/64549096311"},{"@_fa": "true", "@ref": "author-affiliation", "@href": "https://api.elsevier.com/content/abstract/scopus_id/64549096311?field=author,affiliation"},{"@_fa": "true", "@ref": "scopus", "@href": "https://www.scopus.com/inward/record.uri?partnerID=HzOxMe3b&scp=64549096311&origin=inward"},{"@_fa": "true", "@ref": "scopus-citedby", "@href": "https://www.scopus.com/inward/citedby.uri?partnerID=HzOxMe3b&scp=64549096311&origin=inward"}],"prism:url":"https://api.elsevier.com/content/abstract/scopus_id/64549096311","dc:identifier":"SCOPUS_ID:64549096311","eid":"2-s2.0-64549096311","dc:title":"The web of shyness: A network analysis of communicative correlates","dc:creator":"Goering E.","prism:publicationName":"Communication Research Reports","prism:issn":"08824096","prism:eIssn":"17464099","prism:volume":"6","prism:issueIdentifier":"2","prism:pageRange":"111-118","prism:coverDate":"1989-12-01","prism:coverDisplayDate":"1 December 1989","prism:doi":"10.1080/08824098909359843","citedby-count":"2","affiliation": [{"@_fa": "true", "affilname":"Purdue University","affiliation-city":"West Lafayette","affiliation-country":"United States"}],"prism:aggregationType":"Journal","subtype":"ar","subtypeDescription":"Article","source-id":"5700155425","openaccess":"0","openaccessFlag":false},{"@_fa": "true", "link": [{"@_fa": "true", "@ref": "self", "@href": "https://api.elsevier.com/content/abstract/scopus_id/0024894233"},{"@_fa": "true", "@ref": "author-affiliation", "@href": "https://api.elsevier.com/content/abstract/scopus_id/0024894233?field=author,affiliation"},{"@_fa": "true", "@ref": "scopus", "@href": "https://www.scopus.com/inward/record.uri?partnerID=HzOxMe3b&scp=0024894233&origin=inward"},{"@_fa": "true", "@ref": "scopus-citedby", "@href": "https://www.scopus.com/inward/citedby.uri?partnerID=HzOxMe3b&scp=0024894233&origin=inward"}],"prism:url":"https://api.elsevier.com/content/abstract/scopus_id/0024894233","dc:identifier":"SCOPUS_ID:0024894233","eid":"2-s2.0-0024894233","dc:title":"Solving a nonlinear bilevel programming model of the equilibrium network design problem for Korea","dc:creator":"Suh S.","prism:publicationName":"Papers of the Regional Science Association","prism:issn":"10568190","prism:eIssn":"14355957","prism:volume":"66","prism:issueIdentifier":"1","prism:pageRange":"47-59","prism:coverDate":"1989-12-01","prism:coverDisplayDate":"December 1989","prism:doi":"10.1007/BF01954295","citedby-count":"3","prism:aggregationType":"Journal","subtype":"ar","subtypeDescription":"Article","source-id":"25205","openaccess":"0","openaccessFlag":false},{"@_fa": "true", "link": [{"@_fa": "true", "@ref": "self", "@href": "https://api.elsevier.com/content/abstract/scopus_id/77950086943"},{"@_fa": "true", "@ref": "author-affiliation", "@href": "https://api.elsevier.com/content/abstract/scopus_id/77950086943?field=author,affiliation"},{"@_fa": "true", "@ref": "scopus", "@href": "https://www.scopus.com/inward/record.uri?partnerID=HzOxMe3b&scp=77950086943&origin=inward"},{"@_fa": "true", "@ref": "scopus-citedby", "@href": "https://www.scopus.com/inward/citedby.uri?partnerID=HzOxMe3b&scp=77950086943&origin=inward"}],"prism:url":"https://api.elsevier.com/content/abstract/scopus_id/77950086943","dc:identifier":"SCOPUS_ID:77950086943","eid":"2-s2.0-77950086943","dc:title":"Networks and school library media centers","dc:creator":"Van Orden P.","prism:publicationName":"Library Resources and Technical Services","prism:issn":"00242527","prism:volume":"33","prism:issueIdentifier":"2","prism:pageRange":"123-133","prism:coverDate":"1989-12-01","prism:coverDisplayDate":"1989","citedby-count":"1","prism:aggregationType":"Journal","subtype":"ar","subtypeDescription":"Article","source-id":"98245","openaccess":"0","openaccessFlag":false},{"@_fa": "true", "link": [{"@_fa": "true", "@ref": "self", "@href": "https://api.elsevier.com/content/abstract/scopus_id/70450031916"},{"@_fa": "true", "@ref": "author-affiliation", "@href": "https://api.elsevier.com/content/abstract/scopus_id/70450031916?field=author,affiliation"},{"@_fa": "true", "@ref": "scopus", "@href": "https://www.scopus.com/inward/record.uri?partnerID=HzOxMe3b&scp=70450031916&origin=inward"},{"@_fa": "true", "@ref": "scopus-citedby", "@href": "https://www.scopus.com/inward/citedby.uri?partnerID=HzOxMe3b&scp=70450031916&origin=inward"}],"prism:url":"https://api.elsevier.com/content/abstract/scopus_id/70450031916","dc:identifier":"SCOPUS_ID:70450031916","eid":"2-s2.0-70450031916","dc:title":"Governing library networks: The quick and the dead for the 1990s","dc:creator":"Billings H.","prism:publicationName":"Library Journal","prism:issn":"03630277","prism:volume":"114","prism:issueIdentifier":"18","prism:pageRange":"49-54","prism:coverDate":"1989-12-01","prism:coverDisplayDate":"1989","citedby-count":"2","prism:aggregationType":"Journal","subtype":"ar","subtypeDescription":"Article","source-id":"14013","openaccess":"0","openaccessFlag":false},{"@_fa": "true", "link": [{"@_fa": "true", "@ref": "self", "@href": "https://api.elsevier.com/content/abstract/scopus_id/0011687349"},{"@_fa": "true", "@ref": "author-affiliation", "@href": "https://api.elsevier.com/content/abstract/scopus_id/0011687349?field=author,affiliation"},{"@_fa": "true", "@ref": "scopus", "@href": "https://www.scopus.com/inward/record.uri?partnerID=HzOxMe3b&scp=0011687349&origin=inward"},{"@_fa": "true", "@ref": "scopus-citedby", "@href": "https://www.scopus.com/inward/citedby.uri?partnerID=HzOxMe3b&scp=0011687349&origin=inward"}],"prism:url":"https://api.elsevier.com/content/abstract/scopus_id/0011687349","dc:identifier":"SCOPUS_ID:0011687349","eid":"2-s2.0-0011687349","dc:title":"Social networks and social service workers","dc:creator":"Sharkey P.","prism:publicationName":"British Journal of Social Work","prism:issn":"00453102","prism:volume":"19","prism:issueIdentifier":"1","prism:pageRange":"387-406","prism:coverDate":"1989-12-01","prism:coverDisplayDate":"1989","citedby-count":"1","affiliation": [{"@_fa": "true", "affilname":"Liverpool John Moores University","affiliation-city":"Liverpool","affiliation-country":"United Kingdom"}],"prism:aggregationType":"Journal","subtype":"ar","subtypeDescription":"Article","source-id":"28710","openaccess":"0","openaccessFlag":false},{"@_fa": "true", "link": [{"@_fa": "true", "@ref": "self", "@href": "https://api.elsevier.com/content/abstract/scopus_id/0024895341"},{"@_fa": "true", "@ref": "author-affiliation", "@href": "https://api.elsevier.com/content/abstract/scopus_id/0024895341?field=author,affiliation"},{"@_fa": "true", "@ref": "scopus", "@href": "https://www.scopus.com/inward/record.uri?partnerID=HzOxMe3b&scp=0024895341&origin=inward"},{"@_fa": "true", "@ref": "scopus-citedby", "@href": "https://www.scopus.com/inward/citedby.uri?partnerID=HzOxMe3b&scp=0024895341&origin=inward"}],"prism:url":"https://api.elsevier.com/content/abstract/scopus_id/0024895341","dc:identifier":"SCOPUS_ID:0024895341","eid":"2-s2.0-0024895341","dc:title":"Managing change in a wide-area network","dc:creator":"Olynyk R.","prism:publicationName":"ACM SIGUCCS User Services Conference XVII '89","prism:isbn": [{"@_fa": "true", "$" :"0897913302"}],"prism:pageRange":"109-114","prism:coverDate":"1989-12-01","prism:coverDisplayDate":"1989","citedby-count":"0","affiliation": [{"@_fa": "true", "affilname":"West Virginia Network for Educational Computing","affiliation-city":"Morgantown","affiliation-country":"United States"}],"prism:aggregationType":"Conference Proceeding","subtype":"cp","subtypeDescription":"Conference Paper","source-id":"30306","openaccess":"0","openaccessFlag":false},{"@_fa": "true", "link": [{"@_fa": "true", "@ref": "self", "@href": "https://api.elsevier.com/content/abstract/scopus_id/0024896173"},{"@_fa": "true", "@ref": "author-affiliation", "@href": "https://api.elsevier.com/content/abstract/scopus_id/0024896173?field=author,affiliation"},{"@_fa": "true", "@ref": "scopus", "@href": "https://www.scopus.com/inward/record.uri?partnerID=HzOxMe3b&scp=0024896173&origin=inward"},{"@_fa": "true", "@ref": "scopus-citedby", "@href": "https://www.scopus.com/inward/citedby.uri?partnerID=HzOxMe3b&scp=0024896173&origin=inward"}],"prism:url":"https://api.elsevier.com/content/abstract/scopus_id/0024896173","dc:identifier":"SCOPUS_ID:0024896173","eid":"2-s2.0-0024896173","dc:title":"The artificial intelligence of urban dynamics: Neural network modeling of urban structure","dc:creator":"White R.","prism:publicationName":"Papers of the Regional Science Association","prism:issn":"10568190","prism:eIssn":"14355957","prism:volume":"67","prism:issueIdentifier":"1","prism:pageRange":"43-53","prism:coverDate":"1989-12-01","prism:coverDisplayDate":"December 1989","prism:doi":"10.1007/BF01934666","citedby-count":"12","affiliation": [{"@_fa": "true", "affilname":"Memorial University of Newfoundland","affiliation-city":"St John's","affiliation-country":"Canada"}],"prism:aggregationType":"Journal","subtype":"ar","subtypeDescription":"Article","source-id":"25205","openaccess":"0","openaccessFlag":false},{"@_fa": "true", "link": [{"@_fa": "true", "@ref": "self", "@href": "https://api.elsevier.com/content/abstract/scopus_id/33845182814"},{"@_fa": "true", "@ref": "author-affiliation", "@href": "https://api.elsevier.com/content/abstract/scopus_id/33845182814?field=author,affiliation"},{"@_fa": "true", "@ref": "scopus", "@href": "https://www.scopus.com/inward/record.uri?partnerID=HzOxMe3b&scp=33845182814&origin=inward"},{"@_fa": "true", "@ref": "scopus-citedby", "@href": "https://www.scopus.com/inward/citedby.uri?partnerID=HzOxMe3b&scp=33845182814&origin=inward"}],"prism:url":"https://api.elsevier.com/content/abstract/scopus_id/33845182814","dc:identifier":"SCOPUS_ID:33845182814","eid":"2-s2.0-33845182814","dc:title":"Reactivity network: Secondary sources for inorganic reactivity information","dc:creator":"Mellon E.","prism:publicationName":"Journal of Chemical Education","prism:issn":"00219584","prism:volume":"66","prism:issueIdentifier":"3","prism:pageRange":"251-256","prism:coverDate":"1989-12-01","prism:coverDisplayDate":"1989","citedby-count":"0","prism:aggregationType":"Journal","subtype":"re","subtypeDescription":"Review","source-id":"24169","openaccess":"0","openaccessFlag":false},{"@_fa": "true", "link": [{"@_fa": "true", "@ref": "self", "@href": "https://api.elsevier.com/content/abstract/scopus_id/84946618650"},{"@_fa": "true", "@ref": "author-affiliation", "@href": "https://api.elsevier.com/content/abstract/scopus_id/84946618650?field=author,affiliation"},{"@_fa": "true", "@ref": "scopus", "@href": "https://www.scopus.com/inward/record.uri?partnerID=HzOxMe3b&scp=84946618650&origin=inward"},{"@_fa": "true", "@ref": "scopus-citedby", "@href": "https://www.scopus.com/inward/citedby.uri?partnerID=HzOxMe3b&scp=84946618650&origin=inward"}],"prism:url":"https://api.elsevier.com/content/abstract/scopus_id/84946618650","dc:identifier":"SCOPUS_ID:84946618650","eid":"2-s2.0-84946618650","dc:title":"Pre-war japanese books on abn (australiain bibliographical network)","dc:creator":"White N.","prism:publicationName":"Japanese Studies","prism:issn":"10371397","prism:eIssn":"14699338","prism:volume":"9","prism:issueIdentifier":"4","prism:pageRange":"62-63","prism:coverDate":"1989-12-01","prism:coverDisplayDate":"1 December 1989","prism:doi":"10.1080/10371398908522045","citedby-count":"0","prism:aggregationType":"Journal","subtype":"re","subtypeDescription":"Review","source-id":"5600152970","openaccess":"0","openaccessFlag":false},{"@_fa": "true", "link": [{"@_fa": "true", "@ref": "self", "@href": "https://api.elsevier.com/content/abstract/scopus_id/33845184645"},{"@_fa": "true", "@ref": "author-affiliation", "@href": "https://api.elsevier.com/content/abstract/scopus_id/33845184645?field=author,affiliation"},{"@_fa": "true", "@ref": "scopus", "@href": "https://www.scopus.com/inward/record.uri?partnerID=HzOxMe3b&scp=33845184645&origin=inward"},{"@_fa": "true", "@ref": "scopus-citedby", "@href": "https://www.scopus.com/inward/citedby.uri?partnerID=HzOxMe3b&scp=33845184645&origin=inward"}],"prism:url":"https://api.elsevier.com/content/abstract/scopus_id/33845184645","dc:identifier":"SCOPUS_ID:33845184645","eid":"2-s2.0-33845184645","dc:title":"On the inclusion of inorganic chemical reactivity in high school chemistry: The reactivity network","dc:creator":"Mellon E.","prism:publicationName":"Journal of Chemical Education","prism:issn":"00219584","prism:volume":"66","prism:issueIdentifier":"3","prism:pageRange":"240-241","prism:coverDate":"1989-12-01","prism:coverDisplayDate":"1989","citedby-count":"0","prism:aggregationType":"Journal","subtype":"re","subtypeDescription":"Review","source-id":"24169","openaccess":"0","openaccessFlag":false},{"@_fa": "true", "link": [{"@_fa": "true", "@ref": "self", "@href": "https://api.elsevier.com/content/abstract/scopus_id/0024854155"},{"@_fa": "true", "@ref": "author-affiliation", "@href": "https://api.elsevier.com/content/abstract/scopus_id/0024854155?field=author,affiliation"},{"@_fa": "true", "@ref": "scopus", "@href": "https://www.scopus.com/inward/record.uri?partnerID=HzOxMe3b&scp=0024854155&origin=inward"},{"@_fa": "true", "@ref": "scopus-citedby", "@href": "https://www.scopus.com/inward/citedby.uri?partnerID=HzOxMe3b&scp=0024854155&origin=inward"}],"prism:url":"https://api.elsevier.com/content/abstract/scopus_id/0024854155","dc:identifier":"SCOPUS_ID:0024854155","eid":"2-s2.0-0024854155","dc:title":"Traffic modelling in Kuwait. 1. Development of a SATURN network database","dc:creator":"McSheen J.","prism:publicationName":"Traffic Engineering &amp; Control","prism:volume":"30","prism:issueIdentifier":"10","prism:pageRange":"466-473","prism:coverDate":"1989-12-01","prism:coverDisplayDate":"1989","citedby-count":"0","affiliation": [{"@_fa": "true", "affilname":"Atkins Global","affiliation-city":"London","affiliation-country":"United Kingdom"}],"prism:aggregationType":"Journal","subtype":"ar","subtypeDescription":"Article","source-id":"27402","openaccess":"0","openaccessFlag":false},{"@_fa": "true", "link": [{"@_fa": "true", "@ref": "self", "@href": "https://api.elsevier.com/content/abstract/scopus_id/0002993408"},{"@_fa": "true", "@ref": "author-affiliation", "@href": "https://api.elsevier.com/content/abstract/scopus_id/0002993408?field=author,affiliation"},{"@_fa": "true", "@ref": "scopus", "@href": "https://www.scopus.com/inward/record.uri?partnerID=HzOxMe3b&scp=0002993408&origin=inward"},{"@_fa": "true", "@ref": "scopus-citedby", "@href": "https://www.scopus.com/inward/citedby.uri?partnerID=HzOxMe3b&scp=0002993408&origin=inward"}],"prism:url":"https://api.elsevier.com/content/abstract/scopus_id/0002993408","dc:identifier":"SCOPUS_ID:0002993408","eid":"2-s2.0-0002993408","dc:title":"A behavioural-based simulation model for urban evacuation","dc:creator":"Stern E.","prism:publicationName":"Papers of the Regional Science Association","prism:issn":"10568190","prism:eIssn":"14355957","prism:volume":"66","prism:issueIdentifier":"1","prism:pageRange":"87-103","prism:coverDate":"1989-12-01","prism:coverDisplayDate":"December 1989","prism:doi":"10.1007/BF01954298","citedby-count":"38","affiliation": [{"@_fa": "true", "affilname":"Ben-Gurion University of the Negev","affiliation-city":"Beer Sheba","affiliation-country":"Israel"}],"prism:aggregationType":"Journal","subtype":"ar","subtypeDescription":"Article","source-id":"25205","openaccess":"0","openaccessFlag":false},{"@_fa": "true", "link": [{"@_fa": "true", "@ref": "self", "@href": "https://api.elsevier.com/content/abstract/scopus_id/0024888970"},{"@_fa": "true", "@ref": "author-affiliation", "@href": "https://api.elsevier.com/content/abstract/scopus_id/0024888970?field=author,affiliation"},{"@_fa": "true", "@ref": "scopus", "@href": "https://www.scopus.com/inward/record.uri?partnerID=HzOxMe3b&scp=0024888970&origin=inward"},{"@_fa": "true", "@ref": "scopus-citedby", "@href": "https://www.scopus.com/inward/citedby.uri?partnerID=HzOxMe3b&scp=0024888970&origin=inward"}],"prism:url":"https://api.elsevier.com/content/abstract/scopus_id/0024888970","dc:identifier":"SCOPUS_ID:0024888970","eid":"2-s2.0-0024888970","dc:title":"Calculation of short circuit currents on electric traction lines","dc:creator":"Russo A.","prism:publicationName":"Ingegneria Ferroviaria","prism:issn":"00200956","prism:volume":"44","prism:issueIdentifier":"12","prism:pageRange":"689-696","prism:coverDate":"1989-12-01","prism:coverDisplayDate":"December 1989","citedby-count":"0","prism:aggregationType":"Journal","subtype":"ar","subtypeDescription":"Article","source-id":"25069","openaccess":"0","openaccessFlag":false},{"@_fa": "true", "link": [{"@_fa": "true", "@ref": "self", "@href": "https://api.elsevier.com/content/abstract/scopus_id/0010781451"},{"@_fa": "true", "@ref": "author-affiliation", "@href": "https://api.elsevier.com/content/abstract/scopus_id/0010781451?field=author,affiliation"},{"@_fa": "true", "@ref": "scopus", "@href": "https://www.scopus.com/inward/record.uri?partnerID=HzOxMe3b&scp=0010781451&origin=inward"},{"@_fa": "true", "@ref": "scopus-citedby", "@href": "https://www.scopus.com/inward/citedby.uri?partnerID=HzOxMe3b&scp=0010781451&origin=inward"}],"prism:url":"https://api.elsevier.com/content/abstract/scopus_id/0010781451","dc:identifier":"SCOPUS_ID:0010781451","eid":"2-s2.0-0010781451","dc:title":"A mathematical programming approach to fitting general graphs","dc:creator":"Klauer K.","prism:publicationName":"Journal of Classification","prism:issn":"01764268","prism:eIssn":"14321343","prism:volume":"6","prism:issueIdentifier":"1","prism:pageRange":"247-270","prism:coverDate":"1989-12-01","prism:coverDisplayDate":"December 1989","prism:doi":"10.1007/BF01908602","citedby-count":"10","affiliation": [{"@_fa": "true", "affilname":"Freie Universität Berlin","affiliation-city":"Berlin","affiliation-country":"Germany"}],"prism:aggregationType":"Journal","subtype":"ar","subtypeDescription":"Article","source-id":"23842","openaccess":"0","openaccessFlag":false},{"@_fa": "true", "link": [{"@_fa": "true", "@ref": "self", "@href": "https://api.elsevier.com/content/abstract/scopus_id/0024884054"},{"@_fa": "true", "@ref": "author-affiliation", "@href": "https://api.elsevier.com/content/abstract/scopus_id/0024884054?field=author,affiliation"},{"@_fa": "true", "@ref": "scopus", "@href": "https://www.scopus.com/inward/record.uri?partnerID=HzOxMe3b&scp=0024884054&origin=inward"},{"@_fa": "true", "@ref": "scopus-citedby", "@href": "https://www.scopus.com/inward/citedby.uri?partnerID=HzOxMe3b&scp=0024884054&origin=inward"}],"prism:url":"https://api.elsevier.com/content/abstract/scopus_id/0024884054","dc:identifier":"SCOPUS_ID:0024884054","eid":"2-s2.0-0024884054","dc:title":"Hong Kong's railways face a dilemma","dc:creator":"Runnacles T.","prism:publicationName":"Railway Gazette International","prism:issn":"03735346","prism:volume":"145","prism:issueIdentifier":"12","prism:pageRange":"905-908","prism:coverDate":"1989-12-01","prism:coverDisplayDate":"December 1989","citedby-count":"0","prism:aggregationType":"Journal","subtype":"ar","subtypeDescription":"Article","source-id":"25730","openaccess":"0","openaccessFlag":false},{"@_fa": "true", "link": [{"@_fa": "true", "@ref": "self", "@href": "https://api.elsevier.com/content/abstract/scopus_id/71149091633"},{"@_fa": "true", "@ref": "author-affiliation", "@href": "https://api.elsevier.com/content/abstract/scopus_id/71149091633?field=author,affiliation"},{"@_fa": "true", "@ref": "scopus", "@href": "https://www.scopus.com/inward/record.uri?partnerID=HzOxMe3b&scp=71149091633&origin=inward"},{"@_fa": "true", "@ref": "scopus-citedby", "@href": "https://www.scopus.com/inward/citedby.uri?partnerID=HzOxMe3b&scp=71149091633&origin=inward"}],"prism:url":"https://api.elsevier.com/content/abstract/scopus_id/71149091633","dc:identifier":"SCOPUS_ID:71149091633","eid":"2-s2.0-71149091633","dc:title":"DOCLINE: A national automated interlibrary loan request routing and referral system","dc:creator":"Dutcher G.","prism:publicationName":"Information Technology and Libraries","prism:issn":"07309295","prism:volume":"8","prism:issueIdentifier":"4","prism:pageRange":"359-370","prism:coverDate":"1989-12-01","prism:coverDisplayDate":"1989","citedby-count":"1","prism:aggregationType":"Journal","subtype":"ar","subtypeDescription":"Article","source-id":"12709","openaccess":"0","openaccessFlag":false},{"@_fa": "true", "link": [{"@_fa": "true", "@ref": "self", "@href": "https://api.elsevier.com/content/abstract/scopus_id/77950099466"},{"@_fa": "true", "@ref": "author-affiliation", "@href": "https://api.elsevier.com/content/abstract/scopus_id/77950099466?field=author,affiliation"},{"@_fa": "true", "@ref": "scopus", "@href": "https://www.scopus.com/inward/record.uri?partnerID=HzOxMe3b&scp=77950099466&origin=inward"},{"@_fa": "true", "@ref": "scopus-citedby", "@href": "https://www.scopus.com/inward/citedby.uri?partnerID=HzOxMe3b&scp=77950099466&origin=inward"}],"prism:url":"https://api.elsevier.com/content/abstract/scopus_id/77950099466","dc:identifier":"SCOPUS_ID:77950099466","eid":"2-s2.0-77950099466","dc:title":"Back to the future: A personal statement on collection development in an information culture","dc:creator":"Welsch E.","prism:publicationName":"Library Resources and Technical Services","prism:issn":"00242527","prism:volume":"33","prism:issueIdentifier":"1","prism:pageRange":"29-36","prism:coverDate":"1989-12-01","prism:coverDisplayDate":"1989","citedby-count":"6","affiliation": [{"@_fa": "true", "affilname":"University of Wisconsin-Madison","affiliation-city":"Madison","affiliation-country":"United States"}],"prism:aggregationType":"Journal","subtype":"ar","subtypeDescription":"Article","source-id":"98245","openaccess":"0","openaccessFlag":false},{"@_fa": "true", "link": [{"@_fa": "true", "@ref": "self", "@href": "https://api.elsevier.com/content/abstract/scopus_id/0024872043"},{"@_fa": "true", "@ref": "author-affiliation", "@href": "https://api.elsevier.com/content/abstract/scopus_id/0024872043?field=author,affiliation"},{"@_fa": "true", "@ref": "scopus", "@href": "https://www.scopus.com/inward/record.uri?partnerID=HzOxMe3b&scp=0024872043&origin=inward"},{"@_fa": "true", "@ref": "scopus-citedby", "@href": "https://www.scopus.com/inward/citedby.uri?partnerID=HzOxMe3b&scp=0024872043&origin=inward"}],"prism:url":"https://api.elsevier.com/content/abstract/scopus_id/0024872043","dc:identifier":"SCOPUS_ID:0024872043","eid":"2-s2.0-0024872043","dc:title":"Challenges facing distance learning. WVNET's mainframe solution","dc:creator":"Kefferstan R.","prism:publicationName":"ACM SIGUCCS User Services Conference XVII '89","prism:isbn": [{"@_fa": "true", "$" :"0897913302"}],"prism:pageRange":"69-73","prism:coverDate":"1989-12-01","prism:coverDisplayDate":"1989","citedby-count":"0","affiliation": [{"@_fa": "true", "affilname":"West Virginia Network for Educational Computing","affiliation-city":"Morgantown","affiliation-country":"United States"}],"prism:aggregationType":"Conference Proceeding","subtype":"cp","subtypeDescription":"Conference Paper","source-id":"30306","openaccess":"0","openaccessFlag":false},{"@_fa": "true", "link": [{"@_fa": "true", "@ref": "self", "@href": "https://api.elsevier.com/content/abstract/scopus_id/0024939506"},{"@_fa": "true", "@ref": "author-affiliation", "@href": "https://api.elsevier.com/content/abstract/scopus_id/0024939506?field=author,affiliation"},{"@_fa": "true", "@ref": "scopus", "@href": "https://www.scopus.com/inward/record.uri?partnerID=HzOxMe3b&scp=0024939506&origin=inward"},{"@_fa": "true", "@ref": "scopus-citedby", "@href": "https://www.scopus.com/inward/citedby.uri?partnerID=HzOxMe3b&scp=0024939506&origin=inward"}],"prism:url":"https://api.elsevier.com/content/abstract/scopus_id/0024939506","dc:identifier":"SCOPUS_ID:0024939506","eid":"2-s2.0-0024939506","dc:title":"Effective post-literacy learning: A question of a national human resource strategy","dc:creator":"Ahmed M.","prism:publicationName":"International Review of Education","prism:issn":"00208566","prism:eIssn":"15730638","prism:volume":"35","prism:issueIdentifier":"4","prism:pageRange":"409-422","prism:coverDate":"1989-12-01","prism:coverDisplayDate":"December 1989","prism:doi":"10.1007/BF00597627","citedby-count":"2","prism:aggregationType":"Journal","subtype":"ar","subtypeDescription":"Article","source-id":"12695","openaccess":"0","openaccessFlag":false},{"@_fa": "true", "link": [{"@_fa": "true", "@ref": "self", "@href": "https://api.elsevier.com/content/abstract/scopus_id/0024788734"},{"@_fa": "true", "@ref": "author-affiliation", "@href": "https://api.elsevier.com/content/abstract/scopus_id/0024788734?field=author,affiliation"},{"@_fa": "true", "@ref": "scopus", "@href": "https://www.scopus.com/inward/record.uri?partnerID=HzOxMe3b&scp=0024788734&origin=inward"},{"@_fa": "true", "@ref": "scopus-citedby", "@href": "https://www.scopus.com/inward/citedby.uri?partnerID=HzOxMe3b&scp=0024788734&origin=inward"}],"prism:url":"https://api.elsevier.com/content/abstract/scopus_id/0024788734","dc:identifier":"SCOPUS_ID:0024788734","eid":"2-s2.0-0024788734","dc:title":"The strategic network position: A feasible model for implementing a decentralized psychiatry","dc:creator":"Sørensen T.","prism:publicationName":"Health Promotion International","prism:issn":"09574824","prism:volume":"4","prism:issueIdentifier":"4","prism:pageRange":"297-304","prism:coverDate":"1989-12-01","prism:coverDisplayDate":"1989","prism:doi":"10.1093/heapro/4.4.297","citedby-count":"7","affiliation": [{"@_fa": "true", "affilname":"Universitetet i Oslo","affiliation-city":"Oslo","affiliation-country":"Norway"}],"prism:aggregationType":"Journal","subtype":"ar","subtypeDescription":"Article","source-id":"21312","openaccess":"0","openaccessFlag":false},{"@_fa": "true", "link": [{"@_fa": "true", "@ref": "self", "@href": "https://api.elsevier.com/content/abstract/scopus_id/0024894583"},{"@_fa": "true", "@ref": "author-affiliation", "@href": "https://api.elsevier.com/content/abstract/scopus_id/0024894583?field=author,affiliation"},{"@_fa": "true", "@ref": "scopus", "@href": "https://www.scopus.com/inward/record.uri?partnerID=HzOxMe3b&scp=0024894583&origin=inward"},{"@_fa": "true", "@ref": "scopus-citedby", "@href": "https://www.scopus.com/inward/citedby.uri?partnerID=HzOxMe3b&scp=0024894583&origin=inward"}],"prism:url":"https://api.elsevier.com/content/abstract/scopus_id/0024894583","dc:identifier":"SCOPUS_ID:0024894583","eid":"2-s2.0-0024894583","dc:title":"Internships link User Services to academic departments","dc:creator":"Raleigh D.","prism:publicationName":"ACM SIGUCCS User Services Conference XVII '89","prism:isbn": [{"@_fa": "true", "$" :"0897913302"}],"prism:pageRange":"133-138","prism:coverDate":"1989-12-01","prism:coverDisplayDate":"1989","citedby-count":"0","affiliation": [{"@_fa": "true", "affilname":"University of Wisconsin-Eau Claire","affiliation-city":"Eau Claire","affiliation-country":"United States"}],"prism:aggregationType":"Conference Proceeding","subtype":"cp","subtypeDescription":"Conference Paper","source-id":"30306","openaccess":"0","openaccessFlag":false},{"@_fa": "true", "link": [{"@_fa": "true", "@ref": "self", "@href": "https://api.elsevier.com/content/abstract/scopus_id/0024803604"},{"@_fa": "true", "@ref": "author-affiliation", "@href": "https://api.elsevier.com/content/abstract/scopus_id/0024803604?field=author,affiliation"},{"@_fa": "true", "@ref": "scopus", "@href": "https://www.scopus.com/inward/record.uri?partnerID=HzOxMe3b&scp=0024803604&origin=inward"},{"@_fa": "true", "@ref": "scopus-citedby", "@href": "https://www.scopus.com/inward/citedby.uri?partnerID=HzOxMe3b&scp=0024803604&origin=inward"}],"prism:url":"https://api.elsevier.com/content/abstract/scopus_id/0024803604","dc:identifier":"SCOPUS_ID:0024803604","eid":"2-s2.0-0024803604","dc:title":"Supportive and problematic social interactions: A social network analysis","dc:creator":"Brenner G.","prism:publicationName":"American Journal of Community Psychology","prism:issn":"00910562","prism:eIssn":"15732770","prism:volume":"17","prism:issueIdentifier":"6","prism:pageRange":"831-836","prism:coverDate":"1989-12-01","prism:coverDisplayDate":"December 1989","prism:doi":"10.1007/BF00922741","citedby-count":"26","affiliation": [{"@_fa": "true", "affilname":"University of Florida","affiliation-city":"Gainesville","affiliation-country":"United States"}],"pubmed-id":"2636542","prism:aggregationType":"Journal","subtype":"ar","subtypeDescription":"Article","source-id":"16925","openaccess":"0","openaccessFlag":false},{"@_fa": "true", "link": [{"@_fa": "true", "@ref": "self", "@href": "https://api.elsevier.com/content/abstract/scopus_id/71149088505"},{"@_fa": "true", "@ref": "author-affiliation", "@href": "https://api.elsevier.com/content/abstract/scopus_id/71149088505?field=author,affiliation"},{"@_fa": "true", "@ref": "scopus", "@href": "https://www.scopus.com/inward/record.uri?partnerID=HzOxMe3b&scp=71149088505&origin=inward"},{"@_fa": "true", "@ref": "scopus-citedby", "@href": "https://www.scopus.com/inward/citedby.uri?partnerID=HzOxMe3b&scp=71149088505&origin=inward"}],"prism:url":"https://api.elsevier.com/content/abstract/scopus_id/71149088505","dc:identifier":"SCOPUS_ID:71149088505","eid":"2-s2.0-71149088505","dc:title":"The development and impact of a global information system","dc:creator":"Kranch D.","prism:publicationName":"Information Technology and Libraries","prism:issn":"07309295","prism:volume":"8","prism:issueIdentifier":"4","prism:pageRange":"384-389","prism:coverDate":"1989-12-01","prism:coverDisplayDate":"1989","citedby-count":"4","affiliation": [{"@_fa": "true", "affilname":"Emory University","affiliation-city":"Atlanta","affiliation-country":"United States"}],"prism:aggregationType":"Journal","subtype":"ar","subtypeDescription":"Article","source-id":"12709","openaccess":"0","openaccessFlag":false},{"@_fa": "true", "link": [{"@_fa": "true", "@ref": "self", "@href": "https://api.elsevier.com/content/abstract/scopus_id/0024891197"},{"@_fa": "true", "@ref": "author-affiliation", "@href": "https://api.elsevier.com/content/abstract/scopus_id/0024891197?field=author,affiliation"},{"@_fa": "true", "@ref": "scopus", "@href": "https://www.scopus.com/inward/record.uri?partnerID=HzOxMe3b&scp=0024891197&origin=inward"},{"@_fa": "true", "@ref": "scopus-citedby", "@href": "https://www.scopus.com/inward/citedby.uri?partnerID=HzOxMe3b&scp=0024891197&origin=inward"}],"prism:url":"https://api.elsevier.com/content/abstract/scopus_id/0024891197","dc:identifier":"SCOPUS_ID:0024891197","eid":"2-s2.0-0024891197","dc:title":"Telephones you can talk to","dc:creator":"Rivlin Z.","prism:publicationName":"IEEE Potentials","prism:issn":"02786648","prism:volume":"8","prism:issueIdentifier":"4","prism:pageRange":"13-16","prism:coverDate":"1989-12-01","prism:coverDisplayDate":"December 1989","prism:doi":"10.1109/45.43028","citedby-count":"0","prism:aggregationType":"Journal","subtype":"ar","subtypeDescription":"Article","source-id":"17299","openaccess":"0","openaccessFlag":false}]}}