{"search-results":{"opensearch:totalResults":"6265","opensearch:startIndex":"0","opensearch:itemsPerPage":"25","opensearch:Query":{"@role": "request", "@searchTerms": "TITLE-ABS-KEY(\"network\") AND SUBJAREA(SOCI) AND PUBYEAR = 2006", "@startPage": "0"},"link": [{"@_fa": "true", "@ref": "self", "@href": "https://api.elsevier.com/content/search/scopus?start=0&count=25&query=TITLE-ABS-KEY%28%22network%22%29+AND+SUBJAREA%28SOCI%29+AND+PUBYEAR+%3D+2006&apiKey=27d953b4b546791964ebeb768d13e61f&view=STANDARD", "@type": "application/json"},{"@_fa": "true", "@ref": "first", "@href": "https://api.elsevier.com/content/search/scopus?start=0&count=25&query=TITLE-ABS-KEY%28%22network%22%29+AND+SUBJAREA%28SOCI%29+AND+PUBYEAR+%3D+2006&apiKey=27d953b4b546791964ebeb768d13e61f&view=STANDARD", "@type": "application/json"},{"@_fa": "true", "@ref": "next", "@href": "https://api.elsevier.com/content/search/scopus?start=25&count=25&query=TITLE-ABS-KEY%28%22network%22%29+AND+SUBJAREA%28SOCI%29+AND+PUBYEAR+%3D+2006&apiKey=27d953b4b546791964ebeb768d13e61f&view=STANDARD", "@type": "application/json"},{"@_fa": "true", "@ref": "last", "@href": "https://api.elsevier.com/content/search/scopus?start=4975&count=25&query=TITLE-ABS-KEY%28%22network%22%29+AND+SUBJAREA%28SOCI%29+AND+PUBYEAR+%3D+2006&apiKey=27d953b4b546791964ebeb768d13e61f&view=STANDARD", "@type": "application/json"}],"entry": [{"@_fa": "true", "link": [{"@_fa": "true", "@ref": "self", "@href": "https://api.elsevier.com/content/abstract/scopus_id/33846140043"},{"@_fa": "true", "@ref": "author-affiliation", "@href": "https://api.elsevier.com/content/abstract/scopus_id/33846140043?field=author,affiliation"},{"@_fa": "true", "@ref": "scopus", "@href": "https://www.scopus.com/inward/record.uri?partnerID=HzOxMe3b&scp=33846140043&origin=inward"},{"@_fa": "true", "@ref": "scopus-citedby", "@href": "https://www.scopus.com/inward/citedby.uri?partnerID=HzOxMe3b&scp=33846140043&origin=inward"}],"prism:url":"https://api.elsevier.com/content/abstract/scopus_id/33846140043","dc:identifier":"SCOPUS_ID:33846140043","eid":"2-s2.0-33846140043","dc:title":"Physical and IT security: The case for convergence","dc:creator":"Kinslow J.","prism:publicationName":"Journal of Security Education","prism:issn":"15507890","prism:eIssn":"15507904","prism:volume":"2","prism:issueIdentifier":"1","prism:pageRange":"75-91","prism:coverDate":"2006-12-29","prism:coverDisplayDate":"29 December 2006","prism:doi":"10.1300/J460v02n01_06","citedby-count":"0","prism:aggregationType":"Journal","subtype":"ar","subtypeDescription":"Article","source-id":"145616","openaccess":"0","openaccessFlag":false},{"@_fa": "true", "link": [{"@_fa": "true", "@ref": "self", "@href": "https://api.elsevier.com/content/abstract/scopus_id/33845769577"},{"@_fa": "true", "@ref": "author-affiliation", "@href": "https://api.elsevier.com/content/abstract/scopus_id/33845769577?field=author,affiliation"},{"@_fa": "true", "@ref": "scopus", "@href": "https://www.scopus.com/inward/record.uri?partnerID=HzOxMe3b&scp=33845769577&origin=inward"},{"@_fa": "true", "@ref": "scopus-citedby", "@href": "https://www.scopus.com/inward/citedby.uri?partnerID=HzOxMe3b&scp=33845769577&origin=inward"}],"prism:url":"https://api.elsevier.com/content/abstract/scopus_id/33845769577","dc:identifier":"SCOPUS_ID:33845769577","eid":"2-s2.0-33845769577","dc:title":"New standard for ITS provides tailored network management","dc:creator":"Van Koningsbruggen P.","prism:publicationName":"Traffic Engineering and Control","prism:issn":"00410683","prism:volume":"47","prism:issueIdentifier":"9","prism:pageRange":null,"prism:coverDate":"2006-12-29","prism:coverDisplayDate":"2006","citedby-count":"0","prism:aggregationType":"Journal","subtype":"re","subtypeDescription":"Review","source-id":"27402","openaccess":"0","openaccessFlag":false},{"@_fa": "true", "link": [{"@_fa": "true", "@ref": "self", "@href": "https://api.elsevier.com/content/abstract/scopus_id/33845780713"},{"@_fa": "true", "@ref": "author-affiliation", "@href": "https://api.elsevier.com/content/abstract/scopus_id/33845780713?field=author,affiliation"},{"@_fa": "true", "@ref": "scopus", "@href": "https://www.scopus.com/inward/record.uri?partnerID=HzOxMe3b&scp=33845780713&origin=inward"},{"@_fa": "true", "@ref": "scopus-citedby", "@href": "https://www.scopus.com/inward/citedby.uri?partnerID=HzOxMe3b&scp=33845780713&origin=inward"}],"prism:url":"https://api.elsevier.com/content/abstract/scopus_id/33845780713","dc:identifier":"SCOPUS_ID:33845780713","eid":"2-s2.0-33845780713","dc:title":"Significant step forward for open standards","dc:creator":"Debell C.","prism:publicationName":"Traffic Engineering and Control","prism:issn":"00410683","prism:volume":"47","prism:issueIdentifier":"7","prism:pageRange":"249","prism:coverDate":"2006-12-29","prism:coverDisplayDate":"2006","citedby-count":"0","prism:aggregationType":"Journal","subtype":"ar","subtypeDescription":"Article","source-id":"27402","openaccess":"0","openaccessFlag":false},{"@_fa": "true", "link": [{"@_fa": "true", "@ref": "self", "@href": "https://api.elsevier.com/content/abstract/scopus_id/33845689576"},{"@_fa": "true", "@ref": "author-affiliation", "@href": "https://api.elsevier.com/content/abstract/scopus_id/33845689576?field=author,affiliation"},{"@_fa": "true", "@ref": "scopus", "@href": "https://www.scopus.com/inward/record.uri?partnerID=HzOxMe3b&scp=33845689576&origin=inward"},{"@_fa": "true", "@ref": "scopus-citedby", "@href": "https://www.scopus.com/inward/citedby.uri?partnerID=HzOxMe3b&scp=33845689576&origin=inward"}],"prism:url":"https://api.elsevier.com/content/abstract/scopus_id/33845689576","dc:identifier":"SCOPUS_ID:33845689576","eid":"2-s2.0-33845689576","dc:title":"GIDEON: The global infectious disease and epidemiology network","dc:creator":"Saimbert M.","prism:publicationName":"Journal of Electronic Resources in Medical Libraries","prism:issn":"15424065","prism:eIssn":"15424073","prism:volume":"3","prism:issueIdentifier":"4","prism:pageRange":"65-75","prism:coverDate":"2006-12-28","prism:coverDisplayDate":"2006","prism:doi":"10.1300/J383v03n04_06","citedby-count":"1","affiliation": [{"@_fa": "true", "affilname":"Rutgers Biomedical and Health Sciences","affiliation-city":"Newark","affiliation-country":"United States"}],"prism:aggregationType":"Journal","subtype":"re","subtypeDescription":"Review","source-id":"4700152748","openaccess":"0","openaccessFlag":false},{"@_fa": "true", "link": [{"@_fa": "true", "@ref": "self", "@href": "https://api.elsevier.com/content/abstract/scopus_id/33845699470"},{"@_fa": "true", "@ref": "author-affiliation", "@href": "https://api.elsevier.com/content/abstract/scopus_id/33845699470?field=author,affiliation"},{"@_fa": "true", "@ref": "scopus", "@href": "https://www.scopus.com/inward/record.uri?partnerID=HzOxMe3b&scp=33845699470&origin=inward"},{"@_fa": "true", "@ref": "scopus-citedby", "@href": "https://www.scopus.com/inward/citedby.uri?partnerID=HzOxMe3b&scp=33845699470&origin=inward"}],"prism:url":"https://api.elsevier.com/content/abstract/scopus_id/33845699470","dc:identifier":"SCOPUS_ID:33845699470","eid":"2-s2.0-33845699470","dc:title":"Time and Motion: How limited travel time constrains mobility","dc:creator":"Metz D.","prism:publicationName":"Traffic Engineering and Control","prism:issn":"00410683","prism:volume":"47","prism:issueIdentifier":"9","prism:pageRange":"374-376","prism:coverDate":"2006-12-28","prism:coverDisplayDate":"2006","citedby-count":"4","prism:aggregationType":"Journal","subtype":"re","subtypeDescription":"Review","source-id":"27402","openaccess":"0","openaccessFlag":false},{"@_fa": "true", "link": [{"@_fa": "true", "@ref": "self", "@href": "https://api.elsevier.com/content/abstract/scopus_id/33845700542"},{"@_fa": "true", "@ref": "author-affiliation", "@href": "https://api.elsevier.com/content/abstract/scopus_id/33845700542?field=author,affiliation"},{"@_fa": "true", "@ref": "scopus", "@href": "https://www.scopus.com/inward/record.uri?partnerID=HzOxMe3b&scp=33845700542&origin=inward"},{"@_fa": "true", "@ref": "scopus-citedby", "@href": "https://www.scopus.com/inward/citedby.uri?partnerID=HzOxMe3b&scp=33845700542&origin=inward"}],"prism:url":"https://api.elsevier.com/content/abstract/scopus_id/33845700542","dc:identifier":"SCOPUS_ID:33845700542","eid":"2-s2.0-33845700542","dc:title":"Modelling MOVA signal control using PCMOVA and microscopic traffic simulation","dc:creator":"Henderson I.","prism:publicationName":"Traffic Engineering and Control","prism:issn":"00410683","prism:volume":"47","prism:issueIdentifier":"3","prism:pageRange":"93-94","prism:coverDate":"2006-12-28","prism:coverDisplayDate":"2006","citedby-count":"1","prism:aggregationType":"Journal","subtype":"ar","subtypeDescription":"Article","source-id":"27402","openaccess":"0","openaccessFlag":false},{"@_fa": "true", "link": [{"@_fa": "true", "@ref": "self", "@href": "https://api.elsevier.com/content/abstract/scopus_id/33845717343"},{"@_fa": "true", "@ref": "author-affiliation", "@href": "https://api.elsevier.com/content/abstract/scopus_id/33845717343?field=author,affiliation"},{"@_fa": "true", "@ref": "scopus", "@href": "https://www.scopus.com/inward/record.uri?partnerID=HzOxMe3b&scp=33845717343&origin=inward"},{"@_fa": "true", "@ref": "scopus-citedby", "@href": "https://www.scopus.com/inward/citedby.uri?partnerID=HzOxMe3b&scp=33845717343&origin=inward"}],"prism:url":"https://api.elsevier.com/content/abstract/scopus_id/33845717343","dc:identifier":"SCOPUS_ID:33845717343","eid":"2-s2.0-33845717343","dc:title":"SCOOT - Managing congestion, control and communications","dc:creator":"Bretherton D.","prism:publicationName":"Traffic Engineering and Control","prism:issn":"00410683","prism:volume":"47","prism:issueIdentifier":"3","prism:pageRange":"88-92","prism:coverDate":"2006-12-28","prism:coverDisplayDate":"2006","citedby-count":"3","prism:aggregationType":"Journal","subtype":"ar","subtypeDescription":"Article","source-id":"27402","openaccess":"0","openaccessFlag":false},{"@_fa": "true", "link": [{"@_fa": "true", "@ref": "self", "@href": "https://api.elsevier.com/content/abstract/scopus_id/33845686723"},{"@_fa": "true", "@ref": "author-affiliation", "@href": "https://api.elsevier.com/content/abstract/scopus_id/33845686723?field=author,affiliation"},{"@_fa": "true", "@ref": "scopus", "@href": "https://www.scopus.com/inward/record.uri?partnerID=HzOxMe3b&scp=33845686723&origin=inward"},{"@_fa": "true", "@ref": "scopus-citedby", "@href": "https://www.scopus.com/inward/citedby.uri?partnerID=HzOxMe3b&scp=33845686723&origin=inward"}],"prism:url":"https://api.elsevier.com/content/abstract/scopus_id/33845686723","dc:identifier":"SCOPUS_ID:33845686723","eid":"2-s2.0-33845686723","dc:title":"Assessing complex schemes with VISSIM microsimulation","dc:creator":"Tonndorf J.","prism:publicationName":"Traffic Engineering and Control","prism:issn":"00410683","prism:volume":"47","prism:issueIdentifier":"3","prism:pageRange":"95","prism:coverDate":"2006-12-28","prism:coverDisplayDate":"2006","citedby-count":"0","prism:aggregationType":"Journal","subtype":"re","subtypeDescription":"Review","source-id":"27402","openaccess":"0","openaccessFlag":false},{"@_fa": "true", "link": [{"@_fa": "true", "@ref": "self", "@href": "https://api.elsevier.com/content/abstract/scopus_id/33845708033"},{"@_fa": "true", "@ref": "author-affiliation", "@href": "https://api.elsevier.com/content/abstract/scopus_id/33845708033?field=author,affiliation"},{"@_fa": "true", "@ref": "scopus", "@href": "https://www.scopus.com/inward/record.uri?partnerID=HzOxMe3b&scp=33845708033&origin=inward"},{"@_fa": "true", "@ref": "scopus-citedby", "@href": "https://www.scopus.com/inward/citedby.uri?partnerID=HzOxMe3b&scp=33845708033&origin=inward"}],"prism:url":"https://api.elsevier.com/content/abstract/scopus_id/33845708033","dc:identifier":"SCOPUS_ID:33845708033","eid":"2-s2.0-33845708033","dc:title":"Evaluating the benefits of MIDAS automatic queue protection","dc:creator":"Tucker S.","prism:publicationName":"Traffic Engineering and Control","prism:issn":"00410683","prism:volume":"47","prism:issueIdentifier":"9","prism:pageRange":"370-373","prism:coverDate":"2006-12-28","prism:coverDisplayDate":"2006","citedby-count":"0","affiliation": [{"@_fa": "true", "affilname":"Highways England","affiliation-city":"Birmingham","affiliation-country":"United Kingdom"}],"prism:aggregationType":"Journal","subtype":"re","subtypeDescription":"Review","source-id":"27402","openaccess":"0","openaccessFlag":false},{"@_fa": "true", "link": [{"@_fa": "true", "@ref": "self", "@href": "https://api.elsevier.com/content/abstract/scopus_id/33845718309"},{"@_fa": "true", "@ref": "author-affiliation", "@href": "https://api.elsevier.com/content/abstract/scopus_id/33845718309?field=author,affiliation"},{"@_fa": "true", "@ref": "scopus", "@href": "https://www.scopus.com/inward/record.uri?partnerID=HzOxMe3b&scp=33845718309&origin=inward"},{"@_fa": "true", "@ref": "scopus-citedby", "@href": "https://www.scopus.com/inward/citedby.uri?partnerID=HzOxMe3b&scp=33845718309&origin=inward"}],"prism:url":"https://api.elsevier.com/content/abstract/scopus_id/33845718309","dc:identifier":"SCOPUS_ID:33845718309","eid":"2-s2.0-33845718309","dc:title":"The vital city: Public analysis, dairies and slaughterhouses in nineteenth-century Britain","dc:creator":"Otter C.","prism:publicationName":"Cultural Geographies","prism:issn":"14744740","prism:volume":"13","prism:issueIdentifier":"4","prism:pageRange":"517-537","prism:coverDate":"2006-12-28","prism:coverDisplayDate":"2006","prism:doi":"10.1191/1474474006cgj373oa","citedby-count":"14","affiliation": [{"@_fa": "true", "affilname":"New York University","affiliation-city":"New York","affiliation-country":"United States"}],"prism:aggregationType":"Journal","subtype":"ar","subtypeDescription":"Article","source-id":"23552","openaccess":"0","openaccessFlag":false},{"@_fa": "true", "link": [{"@_fa": "true", "@ref": "self", "@href": "https://api.elsevier.com/content/abstract/scopus_id/33845626475"},{"@_fa": "true", "@ref": "author-affiliation", "@href": "https://api.elsevier.com/content/abstract/scopus_id/33845626475?field=author,affiliation"},{"@_fa": "true", "@ref": "scopus", "@href": "https://www.scopus.com/inward/record.uri?partnerID=HzOxMe3b&scp=33845626475&origin=inward"},{"@_fa": "true", "@ref": "scopus-citedby", "@href": "https://www.scopus.com/inward/citedby.uri?partnerID=HzOxMe3b&scp=33845626475&origin=inward"}],"prism:url":"https://api.elsevier.com/content/abstract/scopus_id/33845626475","dc:identifier":"SCOPUS_ID:33845626475","eid":"2-s2.0-33845626475","dc:title":"Social networks, social support, and social competencies in children","dc:creator":"Laireiter A.","prism:publicationName":"Zeitschrift fur Entwicklungspsychologie und Padagogische Psychologie","prism:issn":"00498637","prism:volume":"38","prism:issueIdentifier":"2","prism:pageRange":"69-78","prism:coverDate":"2006-12-27","prism:coverDisplayDate":"2006","prism:doi":"10.1026/0049-8637.38.2.69","citedby-count":"2","affiliation": [{"@_fa": "true", "affilname":"Universitat Salzburg","affiliation-city":"Salzburg","affiliation-country":"Austria"}],"prism:aggregationType":"Journal","subtype":"ar","subtypeDescription":"Article","source-id":"15913","openaccess":"0","openaccessFlag":false},{"@_fa": "true", "link": [{"@_fa": "true", "@ref": "self", "@href": "https://api.elsevier.com/content/abstract/scopus_id/33845661584"},{"@_fa": "true", "@ref": "author-affiliation", "@href": "https://api.elsevier.com/content/abstract/scopus_id/33845661584?field=author,affiliation"},{"@_fa": "true", "@ref": "scopus", "@href": "https://www.scopus.com/inward/record.uri?partnerID=HzOxMe3b&scp=33845661584&origin=inward"},{"@_fa": "true", "@ref": "scopus-citedby", "@href": "https://www.scopus.com/inward/citedby.uri?partnerID=HzOxMe3b&scp=33845661584&origin=inward"}],"prism:url":"https://api.elsevier.com/content/abstract/scopus_id/33845661584","dc:identifier":"SCOPUS_ID:33845661584","eid":"2-s2.0-33845661584","dc:title":"Historic of electric rail power supply in the Swiss Bernese Oberland","dc:creator":"Jampen U.","prism:publicationName":"eb - Elektrische Bahnen","prism:issn":"00135437","prism:volume":"104","prism:issueIdentifier":"7","prism:pageRange":"325-329","prism:coverDate":"2006-12-27","prism:coverDisplayDate":"2006","citedby-count":"4","prism:aggregationType":"Trade Journal","subtype":"ar","subtypeDescription":"Article","source-id":"24542","openaccess":"0","openaccessFlag":false},{"@_fa": "true", "link": [{"@_fa": "true", "@ref": "self", "@href": "https://api.elsevier.com/content/abstract/scopus_id/33845608001"},{"@_fa": "true", "@ref": "author-affiliation", "@href": "https://api.elsevier.com/content/abstract/scopus_id/33845608001?field=author,affiliation"},{"@_fa": "true", "@ref": "scopus", "@href": "https://www.scopus.com/inward/record.uri?partnerID=HzOxMe3b&scp=33845608001&origin=inward"},{"@_fa": "true", "@ref": "scopus-citedby", "@href": "https://www.scopus.com/inward/citedby.uri?partnerID=HzOxMe3b&scp=33845608001&origin=inward"}],"prism:url":"https://api.elsevier.com/content/abstract/scopus_id/33845608001","dc:identifier":"SCOPUS_ID:33845608001","eid":"2-s2.0-33845608001","dc:title":"The impacts of network relationships on SMEs' internationalization process","dc:creator":"Zain M.","prism:publicationName":"Thunderbird International Business Review","prism:issn":"10964762","prism:eIssn":"15206874","prism:volume":"48","prism:issueIdentifier":"2","prism:pageRange":"183-205","prism:coverDate":"2006-12-27","prism:coverDisplayDate":"2006","prism:doi":"10.1002/tie.20092","citedby-count":"144","affiliation": [{"@_fa": "true", "affilname":"Qatar University","affiliation-city":"Doha","affiliation-country":"Qatar"}],"prism:aggregationType":"Journal","subtype":"ar","subtypeDescription":"Article","source-id":"145676","openaccess":"0","openaccessFlag":false},{"@_fa": "true", "link": [{"@_fa": "true", "@ref": "self", "@href": "https://api.elsevier.com/content/abstract/scopus_id/33845599619"},{"@_fa": "true", "@ref": "author-affiliation", "@href": "https://api.elsevier.com/content/abstract/scopus_id/33845599619?field=author,affiliation"},{"@_fa": "true", "@ref": "scopus", "@href": "https://www.scopus.com/inward/record.uri?partnerID=HzOxMe3b&scp=33845599619&origin=inward"},{"@_fa": "true", "@ref": "scopus-citedby", "@href": "https://www.scopus.com/inward/citedby.uri?partnerID=HzOxMe3b&scp=33845599619&origin=inward"}],"prism:url":"https://api.elsevier.com/content/abstract/scopus_id/33845599619","dc:identifier":"SCOPUS_ID:33845599619","eid":"2-s2.0-33845599619","dc:title":"The concept of autonomy in the subsidiary management research: A conceptual investigation","dc:creator":"Manolopoulos D.","prism:publicationName":"Journal of Transnational Management","prism:issn":"15475778","prism:eIssn":"15475786","prism:volume":"11","prism:issueIdentifier":"4","prism:pageRange":"45-62","prism:coverDate":"2006-12-27","prism:coverDisplayDate":"2006","prism:doi":"10.1300/J482v11n04_04","citedby-count":"9","affiliation": [{"@_fa": "true", "affilname":"American College of Greece","affiliation-city":null,"affiliation-country":"Greece"}],"prism:aggregationType":"Journal","subtype":"ar","subtypeDescription":"Article","source-id":"11000153705","openaccess":"0","openaccessFlag":false},{"@_fa": "true", "link": [{"@_fa": "true", "@ref": "self", "@href": "https://api.elsevier.com/content/abstract/scopus_id/33845666954"},{"@_fa": "true", "@ref": "author-affiliation", "@href": "https://api.elsevier.com/content/abstract/scopus_id/33845666954?field=author,affiliation"},{"@_fa": "true", "@ref": "scopus", "@href": "https://www.scopus.com/inward/record.uri?partnerID=HzOxMe3b&scp=33845666954&origin=inward"},{"@_fa": "true", "@ref": "scopus-citedby", "@href": "https://www.scopus.com/inward/citedby.uri?partnerID=HzOxMe3b&scp=33845666954&origin=inward"}],"prism:url":"https://api.elsevier.com/content/abstract/scopus_id/33845666954","dc:identifier":"SCOPUS_ID:33845666954","eid":"2-s2.0-33845666954","dc:title":"Digital elevation model based hydro-processing","dc:creator":"Maathuis B.","prism:publicationName":"Geocarto International","prism:issn":"10106049","prism:volume":"21","prism:issueIdentifier":"1","prism:pageRange":"21-26","prism:coverDate":"2006-12-27","prism:coverDisplayDate":"2006","prism:doi":"10.1080/10106040608542370","citedby-count":"24","affiliation": [{"@_fa": "true", "affilname":"Faculty of Geo-Information Science and Earth Observation – ITC","affiliation-city":"Enschede","affiliation-country":"Netherlands"}],"prism:aggregationType":"Journal","subtype":"re","subtypeDescription":"Review","source-id":"28216","openaccess":"0","openaccessFlag":false},{"@_fa": "true", "link": [{"@_fa": "true", "@ref": "self", "@href": "https://api.elsevier.com/content/abstract/scopus_id/33845651684"},{"@_fa": "true", "@ref": "author-affiliation", "@href": "https://api.elsevier.com/content/abstract/scopus_id/33845651684?field=author,affiliation"},{"@_fa": "true", "@ref": "scopus", "@href": "https://www.scopus.com/inward/record.uri?partnerID=HzOxMe3b&scp=33845651684&origin=inward"},{"@_fa": "true", "@ref": "scopus-citedby", "@href": "https://www.scopus.com/inward/citedby.uri?partnerID=HzOxMe3b&scp=33845651684&origin=inward"}],"prism:url":"https://api.elsevier.com/content/abstract/scopus_id/33845651684","dc:identifier":"SCOPUS_ID:33845651684","eid":"2-s2.0-33845651684","dc:title":"Modern propulsion equipment for new Bombay suburban trains","dc:creator":"Schwarz B.","prism:publicationName":"eb - Elektrische Bahnen","prism:issn":"00135437","prism:volume":"104","prism:issueIdentifier":"5","prism:pageRange":"264-269","prism:coverDate":"2006-12-27","prism:coverDisplayDate":"2006","citedby-count":"0","prism:aggregationType":"Trade Journal","subtype":"ar","subtypeDescription":"Article","source-id":"24542","openaccess":"0","openaccessFlag":false},{"@_fa": "true", "link": [{"@_fa": "true", "@ref": "self", "@href": "https://api.elsevier.com/content/abstract/scopus_id/33845639705"},{"@_fa": "true", "@ref": "author-affiliation", "@href": "https://api.elsevier.com/content/abstract/scopus_id/33845639705?field=author,affiliation"},{"@_fa": "true", "@ref": "scopus", "@href": "https://www.scopus.com/inward/record.uri?partnerID=HzOxMe3b&scp=33845639705&origin=inward"},{"@_fa": "true", "@ref": "scopus-citedby", "@href": "https://www.scopus.com/inward/citedby.uri?partnerID=HzOxMe3b&scp=33845639705&origin=inward"}],"prism:url":"https://api.elsevier.com/content/abstract/scopus_id/33845639705","dc:identifier":"SCOPUS_ID:33845639705","eid":"2-s2.0-33845639705","dc:title":"The Berlin Außenring - Electrification and traction power supply","dc:creator":"Koeltzsch W.","prism:publicationName":"eb - Elektrische Bahnen","prism:issn":"00135437","prism:volume":"104","prism:issueIdentifier":"6","prism:pageRange":"284-289","prism:coverDate":"2006-12-27","prism:coverDisplayDate":"2006","citedby-count":"2","prism:aggregationType":"Trade Journal","subtype":"re","subtypeDescription":"Review","source-id":"24542","openaccess":"0","openaccessFlag":false},{"@_fa": "true", "link": [{"@_fa": "true", "@ref": "self", "@href": "https://api.elsevier.com/content/abstract/scopus_id/33845635566"},{"@_fa": "true", "@ref": "author-affiliation", "@href": "https://api.elsevier.com/content/abstract/scopus_id/33845635566?field=author,affiliation"},{"@_fa": "true", "@ref": "scopus", "@href": "https://www.scopus.com/inward/record.uri?partnerID=HzOxMe3b&scp=33845635566&origin=inward"},{"@_fa": "true", "@ref": "scopus-citedby", "@href": "https://www.scopus.com/inward/citedby.uri?partnerID=HzOxMe3b&scp=33845635566&origin=inward"}],"prism:url":"https://api.elsevier.com/content/abstract/scopus_id/33845635566","dc:identifier":"SCOPUS_ID:33845635566","eid":"2-s2.0-33845635566","dc:title":"Voltages and over voltages in the return circuit of DC traction systems","dc:creator":"Altmann M.","prism:publicationName":"eb - Elektrische Bahnen","prism:issn":"00135437","prism:volume":"104","prism:issueIdentifier":"3","prism:pageRange":"129-136","prism:coverDate":"2006-12-27","prism:coverDisplayDate":"2006","citedby-count":"2","prism:aggregationType":"Trade Journal","subtype":"ar","subtypeDescription":"Article","source-id":"24542","openaccess":"0","openaccessFlag":false},{"@_fa": "true", "link": [{"@_fa": "true", "@ref": "self", "@href": "https://api.elsevier.com/content/abstract/scopus_id/33845602142"},{"@_fa": "true", "@ref": "author-affiliation", "@href": "https://api.elsevier.com/content/abstract/scopus_id/33845602142?field=author,affiliation"},{"@_fa": "true", "@ref": "scopus", "@href": "https://www.scopus.com/inward/record.uri?partnerID=HzOxMe3b&scp=33845602142&origin=inward"},{"@_fa": "true", "@ref": "scopus-citedby", "@href": "https://www.scopus.com/inward/citedby.uri?partnerID=HzOxMe3b&scp=33845602142&origin=inward"}],"prism:url":"https://api.elsevier.com/content/abstract/scopus_id/33845602142","dc:identifier":"SCOPUS_ID:33845602142","eid":"2-s2.0-33845602142","dc:title":"Asylum seekers living in the community on Bridging Visa E: Community sector's response to detrimental policies","dc:creator":"McNevin A.","prism:publicationName":"Australian Journal of Social Issues","prism:issn":"01576321","prism:volume":"41","prism:issueIdentifier":"1","prism:pageRange":"125-139","prism:coverDate":"2006-12-27","prism:coverDisplayDate":"2006","citedby-count":"10","prism:aggregationType":"Journal","subtype":"re","subtypeDescription":"Review","source-id":"28625","openaccess":"0","openaccessFlag":false},{"@_fa": "true", "link": [{"@_fa": "true", "@ref": "self", "@href": "https://api.elsevier.com/content/abstract/scopus_id/33845663703"},{"@_fa": "true", "@ref": "author-affiliation", "@href": "https://api.elsevier.com/content/abstract/scopus_id/33845663703?field=author,affiliation"},{"@_fa": "true", "@ref": "scopus", "@href": "https://www.scopus.com/inward/record.uri?partnerID=HzOxMe3b&scp=33845663703&origin=inward"},{"@_fa": "true", "@ref": "scopus-citedby", "@href": "https://www.scopus.com/inward/citedby.uri?partnerID=HzOxMe3b&scp=33845663703&origin=inward"}],"prism:url":"https://api.elsevier.com/content/abstract/scopus_id/33845663703","dc:identifier":"SCOPUS_ID:33845663703","eid":"2-s2.0-33845663703","dc:title":"New vehicle electrical system converters help save energy","dc:creator":"Wimmer D.","prism:publicationName":"eb - Elektrische Bahnen","prism:issn":"00135437","prism:volume":"104","prism:issueIdentifier":"7","prism:pageRange":"319-324","prism:coverDate":"2006-12-27","prism:coverDisplayDate":"2006","citedby-count":"1","prism:aggregationType":"Trade Journal","subtype":"ar","subtypeDescription":"Article","source-id":"24542","openaccess":"0","openaccessFlag":false},{"@_fa": "true", "link": [{"@_fa": "true", "@ref": "self", "@href": "https://api.elsevier.com/content/abstract/scopus_id/33845634676"},{"@_fa": "true", "@ref": "author-affiliation", "@href": "https://api.elsevier.com/content/abstract/scopus_id/33845634676?field=author,affiliation"},{"@_fa": "true", "@ref": "scopus", "@href": "https://www.scopus.com/inward/record.uri?partnerID=HzOxMe3b&scp=33845634676&origin=inward"},{"@_fa": "true", "@ref": "scopus-citedby", "@href": "https://www.scopus.com/inward/citedby.uri?partnerID=HzOxMe3b&scp=33845634676&origin=inward"}],"prism:url":"https://api.elsevier.com/content/abstract/scopus_id/33845634676","dc:identifier":"SCOPUS_ID:33845634676","eid":"2-s2.0-33845634676","dc:title":"Double-deck multiple units type RABe 514 for Zurich about to be taken into passenger service","dc:creator":"Winzer G.","prism:publicationName":"eb - Elektrische Bahnen","prism:issn":"00135437","prism:volume":"104","prism:issueIdentifier":"4","prism:pageRange":"164-170","prism:coverDate":"2006-12-27","prism:coverDisplayDate":"2006","citedby-count":"1","prism:aggregationType":"Trade Journal","subtype":"ar","subtypeDescription":"Article","source-id":"24542","openaccess":"0","openaccessFlag":false},{"@_fa": "true", "link": [{"@_fa": "true", "@ref": "self", "@href": "https://api.elsevier.com/content/abstract/scopus_id/33845521370"},{"@_fa": "true", "@ref": "author-affiliation", "@href": "https://api.elsevier.com/content/abstract/scopus_id/33845521370?field=author,affiliation"},{"@_fa": "true", "@ref": "scopus", "@href": "https://www.scopus.com/inward/record.uri?partnerID=HzOxMe3b&scp=33845521370&origin=inward"},{"@_fa": "true", "@ref": "scopus-citedby", "@href": "https://www.scopus.com/inward/citedby.uri?partnerID=HzOxMe3b&scp=33845521370&origin=inward"}],"prism:url":"https://api.elsevier.com/content/abstract/scopus_id/33845521370","dc:identifier":"SCOPUS_ID:33845521370","eid":"2-s2.0-33845521370","dc:title":"A rapidly reconfigurable computer lab for software engineering security experiments and exercises","dc:creator":"King K.","prism:publicationName":"Software Engineering Education Conference, Proceedings","prism:issn":"10930175","prism:isbn": [{"@_fa": "true", "$" :"0769526470"},{"@_fa": "true", "$" :"9780769526478"}],"prism:volume":"2006","prism:pageRange":null,"prism:coverDate":"2006-12-21","prism:coverDisplayDate":"2006","prism:doi":"10.1109/CSEETW.2006.3","citedby-count":"1","affiliation": [{"@_fa": "true", "affilname":"University of Idaho","affiliation-city":"Moscow","affiliation-country":"United States"}],"prism:aggregationType":"Conference Proceeding","subtype":"cp","subtypeDescription":"Conference Paper","article-number":"1644095","source-id":"18620","openaccess":"0","openaccessFlag":false},{"@_fa": "true", "link": [{"@_fa": "true", "@ref": "self", "@href": "https://api.elsevier.com/content/abstract/scopus_id/33845524713"},{"@_fa": "true", "@ref": "author-affiliation", "@href": "https://api.elsevier.com/content/abstract/scopus_id/33845524713?field=author,affiliation"},{"@_fa": "true", "@ref": "scopus", "@href": "https://www.scopus.com/inward/record.uri?partnerID=HzOxMe3b&scp=33845524713&origin=inward"},{"@_fa": "true", "@ref": "scopus-citedby", "@href": "https://www.scopus.com/inward/citedby.uri?partnerID=HzOxMe3b&scp=33845524713&origin=inward"}],"prism:url":"https://api.elsevier.com/content/abstract/scopus_id/33845524713","dc:identifier":"SCOPUS_ID:33845524713","eid":"2-s2.0-33845524713","dc:title":"Asking the right but hard questions","dc:creator":"Holt G.","prism:publicationName":"Public Library Quarterly","prism:issn":"01616846","prism:eIssn":"15411540","prism:volume":"24","prism:issueIdentifier":"2","prism:pageRange":"77-82","prism:coverDate":"2006-12-21","prism:coverDisplayDate":"2006","prism:doi":"10.1300/J118v24n02_06","citedby-count":"1","prism:aggregationType":"Journal","subtype":"ar","subtypeDescription":"Article","source-id":"4700152731","openaccess":"0","openaccessFlag":false},{"@_fa": "true", "link": [{"@_fa": "true", "@ref": "self", "@href": "https://api.elsevier.com/content/abstract/scopus_id/33845975987"},{"@_fa": "true", "@ref": "author-affiliation", "@href": "https://api.elsevier.com/content/abstract/scopus_id/33845975987?field=author,affiliation"},{"@_fa": "true", "@ref": "scopus", "@href": "https://www.scopus.com/inward/record.uri?partnerID=HzOxMe3b&scp=33845975987&origin=inward"},{"@_fa": "true", "@ref": "scopus-citedby", "@href": "https://www.scopus.com/inward/citedby.uri?partnerID=HzOxMe3b&scp=33845975987&origin=inward"}],"prism:url":"https://api.elsevier.com/content/abstract/scopus_id/33845975987","dc:identifier":"SCOPUS_ID:33845975987","eid":"2-s2.0-33845975987","dc:title":"Social capital as network capital: Looking at the role of social networks among not-for-profits","dc:creator":"Prell C.","prism:publicationName":"Sociological Research Online","prism:eIssn":"13607804","prism:volume":"11","prism:issueIdentifier":"4","prism:pageRange":null,"prism:coverDate":"2006-12-20","prism:coverDisplayDate":"20 December 2006","prism:doi":"10.5153/sro.1419","citedby-count":"7","affiliation": [{"@_fa": "true", "affilname":"University of Sheffield","affiliation-city":"Sheffield","affiliation-country":"United Kingdom"}],"prism:aggregationType":"Journal","subtype":"ar","subtypeDescription":"Article","source-id":"145212","openaccess":"0","openaccessFlag":false},{"@_fa": "true", "link": [{"@_fa": "true", "@ref": "self", "@href": "https://api.elsevier.com/content/abstract/scopus_id/33846022339"},{"@_fa": "true", "@ref": "author-affiliation", "@href": "https://api.elsevier.com/content/abstract/scopus_id/33846022339?field=author,affiliation"},{"@_fa": "true", "@ref": "scopus", "@href": "https://www.scopus.com/inward/record.uri?partnerID=HzOxMe3b&scp=33846022339&origin=inward"},{"@_fa": "true", "@ref": "scopus-citedby", "@href": "https://www.scopus.com/inward/citedby.uri?partnerID=HzOxMe3b&scp=33846022339&origin=inward"}],"prism:url":"https://api.elsevier.com/content/abstract/scopus_id/33846022339","dc:identifier":"SCOPUS_ID:33846022339","eid":"2-s2.0-33846022339","dc:title":"Old, poor and alone in Palestine","dc:creator":"Lazaridis G.","prism:publicationName":"Sociological Research Online","prism:eIssn":"13607804","prism:volume":"11","prism:issueIdentifier":"4","prism:pageRange":null,"prism:coverDate":"2006-12-20","prism:coverDisplayDate":"20 December 2006","citedby-count":"0","affiliation": [{"@_fa": "true", "affilname":"University of Leicester","affiliation-city":"Leicester","affiliation-country":"United Kingdom"}],"prism:aggregationType":"Journal","subtype":"ar","subtypeDescription":"Article","source-id":"145212","openaccess":"0","openaccessFlag":false}]}}