{"search-results":{"opensearch:totalResults":"246","opensearch:startIndex":"0","opensearch:itemsPerPage":"25","opensearch:Query":{"@role": "request", "@searchTerms": "TITLE-ABS-KEY(\"network\") AND SUBJAREA(SOCI) AND PUBYEAR = 1979", "@startPage": "0"},"link": [{"@_fa": "true", "@ref": "self", "@href": "https://api.elsevier.com/content/search/scopus?start=0&count=25&query=TITLE-ABS-KEY%28%22network%22%29+AND+SUBJAREA%28SOCI%29+AND+PUBYEAR+%3D+1979&apiKey=27d953b4b546791964ebeb768d13e61f&view=STANDARD", "@type": "application/json"},{"@_fa": "true", "@ref": "first", "@href": "https://api.elsevier.com/content/search/scopus?start=0&count=25&query=TITLE-ABS-KEY%28%22network%22%29+AND+SUBJAREA%28SOCI%29+AND+PUBYEAR+%3D+1979&apiKey=27d953b4b546791964ebeb768d13e61f&view=STANDARD", "@type": "application/json"},{"@_fa": "true", "@ref": "next", "@href": "https://api.elsevier.com/content/search/scopus?start=25&count=25&query=TITLE-ABS-KEY%28%22network%22%29+AND+SUBJAREA%28SOCI%29+AND+PUBYEAR+%3D+1979&apiKey=27d953b4b546791964ebeb768d13e61f&view=STANDARD", "@type": "application/json"},{"@_fa": "true", "@ref": "last", "@href": "https://api.elsevier.com/content/search/scopus?start=221&count=25&query=TITLE-ABS-KEY%28%22network%22%29+AND+SUBJAREA%28SOCI%29+AND+PUBYEAR+%3D+1979&apiKey=27d953b4b546791964ebeb768d13e61f&view=STANDARD", "@type": "application/json"}],"entry": [{"@_fa": "true", "link": [{"@_fa": "true", "@ref": "self", "@href": "https://api.elsevier.com/content/abstract/scopus_id/84953599388"},{"@_fa": "true", "@ref": "author-affiliation", "@href": "https://api.elsevier.com/content/abstract/scopus_id/84953599388?field=author,affiliation"},{"@_fa": "true", "@ref": "scopus", "@href": "https://www.scopus.com/inward/record.uri?partnerID=HzOxMe3b&scp=84953599388&origin=inward"},{"@_fa": "true", "@ref": "scopus-citedby", "@href": "https://www.scopus.com/inward/citedby.uri?partnerID=HzOxMe3b&scp=84953599388&origin=inward"}],"prism:url":"https://api.elsevier.com/content/abstract/scopus_id/84953599388","dc:identifier":"SCOPUS_ID:84953599388","eid":"2-s2.0-84953599388","dc:title":"Cooperative cataloging and automated bibliographic networks; considerations for public libraries","dc:creator":"Shaw D.","prism:publicationName":"Public Library Quarterly","prism:issn":"01616846","prism:eIssn":"15411540","prism:volume":"1","prism:issueIdentifier":"4","prism:pageRange":"387-397","prism:coverDate":"1979-12-13","prism:coverDisplayDate":"13 December 1979","prism:doi":"10.1300/J118v01n04_06","citedby-count":"0","affiliation": [{"@_fa": "true", "affilname":"Indiana University Libraries","affiliation-city":"Bloomington","affiliation-country":"United States"}],"prism:aggregationType":"Journal","subtype":"ar","subtypeDescription":"Article","source-id":"4700152731","openaccess":"0","openaccessFlag":false},{"@_fa": "true", "link": [{"@_fa": "true", "@ref": "self", "@href": "https://api.elsevier.com/content/abstract/scopus_id/0039705686"},{"@_fa": "true", "@ref": "author-affiliation", "@href": "https://api.elsevier.com/content/abstract/scopus_id/0039705686?field=author,affiliation"},{"@_fa": "true", "@ref": "scopus", "@href": "https://www.scopus.com/inward/record.uri?partnerID=HzOxMe3b&scp=0039705686&origin=inward"},{"@_fa": "true", "@ref": "scopus-citedby", "@href": "https://www.scopus.com/inward/citedby.uri?partnerID=HzOxMe3b&scp=0039705686&origin=inward"}],"prism:url":"https://api.elsevier.com/content/abstract/scopus_id/0039705686","dc:identifier":"SCOPUS_ID:0039705686","eid":"2-s2.0-0039705686","dc:title":"On networks: Network therapy, network intervention and networking","dc:creator":"Speck R.","prism:publicationName":"International Journal of Family Therapy","prism:issn":"01488384","prism:eIssn":"15733335","prism:volume":"1","prism:issueIdentifier":"4","prism:pageRange":"333-337","prism:coverDate":"1979-12-01","prism:coverDisplayDate":"December 1979","prism:doi":"10.1007/BF00924453","citedby-count":"7","prism:aggregationType":"Journal","subtype":"ar","subtypeDescription":"Article","source-id":"6200180151","openaccess":"0","openaccessFlag":false},{"@_fa": "true", "link": [{"@_fa": "true", "@ref": "self", "@href": "https://api.elsevier.com/content/abstract/scopus_id/0041069623"},{"@_fa": "true", "@ref": "author-affiliation", "@href": "https://api.elsevier.com/content/abstract/scopus_id/0041069623?field=author,affiliation"},{"@_fa": "true", "@ref": "scopus", "@href": "https://www.scopus.com/inward/record.uri?partnerID=HzOxMe3b&scp=0041069623&origin=inward"},{"@_fa": "true", "@ref": "scopus-citedby", "@href": "https://www.scopus.com/inward/citedby.uri?partnerID=HzOxMe3b&scp=0041069623&origin=inward"}],"prism:url":"https://api.elsevier.com/content/abstract/scopus_id/0041069623","dc:identifier":"SCOPUS_ID:0041069623","eid":"2-s2.0-0041069623","dc:title":"Problem solving and problem solving networks in chemistry","dc:creator":"Ashmore A.","prism:publicationName":"Journal of Chemical Education","prism:issn":"00219584","prism:volume":"56","prism:issueIdentifier":"6","prism:pageRange":"377-379","prism:coverDate":"1979-12-01","prism:coverDisplayDate":"1979","citedby-count":"23","affiliation": [{"@_fa": "true", "affilname":"University of East Anglia","affiliation-city":"Norwich","affiliation-country":"United Kingdom"}],"prism:aggregationType":"Journal","subtype":"ar","subtypeDescription":"Article","source-id":"24169","openaccess":"0","openaccessFlag":false},{"@_fa": "true", "link": [{"@_fa": "true", "@ref": "self", "@href": "https://api.elsevier.com/content/abstract/scopus_id/34250273896"},{"@_fa": "true", "@ref": "author-affiliation", "@href": "https://api.elsevier.com/content/abstract/scopus_id/34250273896?field=author,affiliation"},{"@_fa": "true", "@ref": "scopus", "@href": "https://www.scopus.com/inward/record.uri?partnerID=HzOxMe3b&scp=34250273896&origin=inward"},{"@_fa": "true", "@ref": "scopus-citedby", "@href": "https://www.scopus.com/inward/citedby.uri?partnerID=HzOxMe3b&scp=34250273896&origin=inward"}],"prism:url":"https://api.elsevier.com/content/abstract/scopus_id/34250273896","dc:identifier":"SCOPUS_ID:34250273896","eid":"2-s2.0-34250273896","dc:title":"A branch-and-bound/flow-equilbrium algorithm for the approximate solution of total cost minimization problems in traffic networks","dc:creator":"Böttcher H.","prism:publicationName":"Papers of the Regional Science Association","prism:issn":"10568190","prism:eIssn":"14355957","prism:volume":"42","prism:issueIdentifier":"1","prism:pageRange":"153-175","prism:coverDate":"1979-12-01","prism:coverDisplayDate":"December 1979","prism:doi":"10.1007/BF01935151","citedby-count":"0","prism:aggregationType":"Journal","subtype":"ar","subtypeDescription":"Article","source-id":"25205","openaccess":"0","openaccessFlag":false},{"@_fa": "true", "link": [{"@_fa": "true", "@ref": "self", "@href": "https://api.elsevier.com/content/abstract/scopus_id/0007927165"},{"@_fa": "true", "@ref": "author-affiliation", "@href": "https://api.elsevier.com/content/abstract/scopus_id/0007927165?field=author,affiliation"},{"@_fa": "true", "@ref": "scopus", "@href": "https://www.scopus.com/inward/record.uri?partnerID=HzOxMe3b&scp=0007927165&origin=inward"},{"@_fa": "true", "@ref": "scopus-citedby", "@href": "https://www.scopus.com/inward/citedby.uri?partnerID=HzOxMe3b&scp=0007927165&origin=inward"}],"prism:url":"https://api.elsevier.com/content/abstract/scopus_id/0007927165","dc:identifier":"SCOPUS_ID:0007927165","eid":"2-s2.0-0007927165","dc:title":"Analysis of the neural network regulating the cardio-renal system in the central nervous system of Helix pomatia L.","dc:creator":"Rozsa K.","prism:publicationName":"Integrative and Comparative Biology","prism:issn":"15407063","prism:volume":"19","prism:issueIdentifier":"1","prism:pageRange":"117-128","prism:coverDate":"1979-12-01","prism:coverDisplayDate":"1979","prism:doi":"10.1093/icb/19.1.117","citedby-count":"32","prism:aggregationType":"Journal","subtype":"ar","subtypeDescription":"Article","source-id":"22023","openaccess":"1","openaccessFlag":true},{"@_fa": "true", "link": [{"@_fa": "true", "@ref": "self", "@href": "https://api.elsevier.com/content/abstract/scopus_id/36149048972"},{"@_fa": "true", "@ref": "author-affiliation", "@href": "https://api.elsevier.com/content/abstract/scopus_id/36149048972?field=author,affiliation"},{"@_fa": "true", "@ref": "scopus", "@href": "https://www.scopus.com/inward/record.uri?partnerID=HzOxMe3b&scp=36149048972&origin=inward"},{"@_fa": "true", "@ref": "scopus-citedby", "@href": "https://www.scopus.com/inward/citedby.uri?partnerID=HzOxMe3b&scp=36149048972&origin=inward"}],"prism:url":"https://api.elsevier.com/content/abstract/scopus_id/36149048972","dc:identifier":"SCOPUS_ID:36149048972","eid":"2-s2.0-36149048972","dc:title":"Optical fibre systems-a reality at last","dc:creator":"Midwinter J.","prism:publicationName":"Physics Education","prism:issn":"00319120","prism:volume":"14","prism:issueIdentifier":"5","prism:pageRange":"292-297","prism:coverDate":"1979-12-01","prism:coverDisplayDate":"1979","prism:doi":"10.1088/0031-9120/14/5/002","citedby-count":"1","prism:aggregationType":"Journal","subtype":"ar","subtypeDescription":"Article","article-number":"002","source-id":"144982","openaccess":"0","openaccessFlag":false},{"@_fa": "true", "link": [{"@_fa": "true", "@ref": "self", "@href": "https://api.elsevier.com/content/abstract/scopus_id/0018758047"},{"@_fa": "true", "@ref": "author-affiliation", "@href": "https://api.elsevier.com/content/abstract/scopus_id/0018758047?field=author,affiliation"},{"@_fa": "true", "@ref": "scopus", "@href": "https://www.scopus.com/inward/record.uri?partnerID=HzOxMe3b&scp=0018758047&origin=inward"},{"@_fa": "true", "@ref": "scopus-citedby", "@href": "https://www.scopus.com/inward/citedby.uri?partnerID=HzOxMe3b&scp=0018758047&origin=inward"}],"prism:url":"https://api.elsevier.com/content/abstract/scopus_id/0018758047","dc:identifier":"SCOPUS_ID:0018758047","eid":"2-s2.0-0018758047","dc:title":"The effect of federal drug law on the incidence of drug abuse","dc:creator":"Anthony J.","prism:publicationName":"Journal of Health Politics, Policy and Law","prism:issn":"03616878","prism:volume":"4","prism:issueIdentifier":"1","prism:pageRange":"87-106","prism:coverDate":"1979-12-01","prism:coverDisplayDate":"1979","citedby-count":"4","pubmed-id":"571884","prism:aggregationType":"Journal","subtype":"ar","subtypeDescription":"Article","source-id":"15931","openaccess":"0","openaccessFlag":false},{"@_fa": "true", "link": [{"@_fa": "true", "@ref": "self", "@href": "https://api.elsevier.com/content/abstract/scopus_id/33845695642"},{"@_fa": "true", "@ref": "author-affiliation", "@href": "https://api.elsevier.com/content/abstract/scopus_id/33845695642?field=author,affiliation"},{"@_fa": "true", "@ref": "scopus", "@href": "https://www.scopus.com/inward/record.uri?partnerID=HzOxMe3b&scp=33845695642&origin=inward"},{"@_fa": "true", "@ref": "scopus-citedby", "@href": "https://www.scopus.com/inward/citedby.uri?partnerID=HzOxMe3b&scp=33845695642&origin=inward"}],"prism:url":"https://api.elsevier.com/content/abstract/scopus_id/33845695642","dc:identifier":"SCOPUS_ID:33845695642","eid":"2-s2.0-33845695642","dc:title":"An eclectic approach to group work with the mentally retarded","dc:creator":"Laterza P.","prism:publicationName":"Social Work with Groups","prism:issn":"01609513","prism:eIssn":"15409481","prism:volume":"2","prism:issueIdentifier":"3","prism:pageRange":"235-245","prism:coverDate":"1979-10-24","prism:coverDisplayDate":"24 October 1979","prism:doi":"10.1300/J009v02n03_04","citedby-count":"7","prism:aggregationType":"Journal","subtype":"ar","subtypeDescription":"Article","source-id":"15035","openaccess":"0","openaccessFlag":false},{"@_fa": "true", "link": [{"@_fa": "true", "@ref": "self", "@href": "https://api.elsevier.com/content/abstract/scopus_id/85051512754"},{"@_fa": "true", "@ref": "author-affiliation", "@href": "https://api.elsevier.com/content/abstract/scopus_id/85051512754?field=author,affiliation"},{"@_fa": "true", "@ref": "scopus", "@href": "https://www.scopus.com/inward/record.uri?partnerID=HzOxMe3b&scp=85051512754&origin=inward"},{"@_fa": "true", "@ref": "scopus-citedby", "@href": "https://www.scopus.com/inward/citedby.uri?partnerID=HzOxMe3b&scp=85051512754&origin=inward"}],"prism:url":"https://api.elsevier.com/content/abstract/scopus_id/85051512754","dc:identifier":"SCOPUS_ID:85051512754","eid":"2-s2.0-85051512754","dc:title":"Planning for remote users","dc:creator":"Craig F.","prism:publicationName":"Proceedings ACM SIGUCCS User Services Conference","prism:isbn": [{"@_fa": "true", "$" :"0897910060"}],"prism:pageRange":"91-99","prism:coverDate":"1979-09-30","prism:coverDisplayDate":"30 September 1979","prism:doi":"10.1145/601889.601937","citedby-count":"0","affiliation": [{"@_fa": "true", "affilname":"Carnegie Mellon University","affiliation-city":"Pittsburgh","affiliation-country":"United States"}],"prism:aggregationType":"Conference Proceeding","subtype":"cp","subtypeDescription":"Conference Paper","source-id":"21100872763","openaccess":"0","openaccessFlag":false},{"@_fa": "true", "link": [{"@_fa": "true", "@ref": "self", "@href": "https://api.elsevier.com/content/abstract/scopus_id/85051569900"},{"@_fa": "true", "@ref": "author-affiliation", "@href": "https://api.elsevier.com/content/abstract/scopus_id/85051569900?field=author,affiliation"},{"@_fa": "true", "@ref": "scopus", "@href": "https://www.scopus.com/inward/record.uri?partnerID=HzOxMe3b&scp=85051569900&origin=inward"},{"@_fa": "true", "@ref": "scopus-citedby", "@href": "https://www.scopus.com/inward/citedby.uri?partnerID=HzOxMe3b&scp=85051569900&origin=inward"}],"prism:url":"https://api.elsevier.com/content/abstract/scopus_id/85051569900","dc:identifier":"SCOPUS_ID:85051569900","eid":"2-s2.0-85051569900","dc:title":"Reports on three EDUNET projects-the common user actions table, spss benchmark jobs and interactive Benchmark jobs","dc:creator":"Little E.","prism:publicationName":"Proceedings ACM SIGUCCS User Services Conference","prism:isbn": [{"@_fa": "true", "$" :"0897910060"}],"prism:pageRange":"28-35","prism:coverDate":"1979-09-30","prism:coverDisplayDate":"30 September 1979","prism:doi":"10.1145/601889.601906","citedby-count":"0","affiliation": [{"@_fa": "true", "affilname":"EDUNET Resources","affiliation-city":"Princeton","affiliation-country":"United States"}],"prism:aggregationType":"Conference Proceeding","subtype":"cp","subtypeDescription":"Conference Paper","source-id":"21100872763","openaccess":"0","openaccessFlag":false},{"@_fa": "true", "link": [{"@_fa": "true", "@ref": "self", "@href": "https://api.elsevier.com/content/abstract/scopus_id/85051536549"},{"@_fa": "true", "@ref": "author-affiliation", "@href": "https://api.elsevier.com/content/abstract/scopus_id/85051536549?field=author,affiliation"},{"@_fa": "true", "@ref": "scopus", "@href": "https://www.scopus.com/inward/record.uri?partnerID=HzOxMe3b&scp=85051536549&origin=inward"},{"@_fa": "true", "@ref": "scopus-citedby", "@href": "https://www.scopus.com/inward/citedby.uri?partnerID=HzOxMe3b&scp=85051536549&origin=inward"}],"prism:url":"https://api.elsevier.com/content/abstract/scopus_id/85051536549","dc:identifier":"SCOPUS_ID:85051536549","eid":"2-s2.0-85051536549","dc:title":"MUR JE a multiple user remote job entry system","dc:creator":"Hobbs J.","prism:publicationName":"Proceedings ACM SIGUCCS User Services Conference","prism:isbn": [{"@_fa": "true", "$" :"0897910060"}],"prism:pageRange":"11-16","prism:coverDate":"1979-09-30","prism:coverDisplayDate":"30 September 1979","prism:doi":"10.1145/601889.601898","citedby-count":"0","affiliation": [{"@_fa": "true", "affilname":"Northwest Missouri State University","affiliation-city":"Maryville","affiliation-country":"United States"}],"prism:aggregationType":"Conference Proceeding","subtype":"cp","subtypeDescription":"Conference Paper","source-id":"21100872763","openaccess":"0","openaccessFlag":false},{"@_fa": "true", "link": [{"@_fa": "true", "@ref": "self", "@href": "https://api.elsevier.com/content/abstract/scopus_id/0018715243"},{"@_fa": "true", "@ref": "author-affiliation", "@href": "https://api.elsevier.com/content/abstract/scopus_id/0018715243?field=author,affiliation"},{"@_fa": "true", "@ref": "scopus", "@href": "https://www.scopus.com/inward/record.uri?partnerID=HzOxMe3b&scp=0018715243&origin=inward"},{"@_fa": "true", "@ref": "scopus-citedby", "@href": "https://www.scopus.com/inward/citedby.uri?partnerID=HzOxMe3b&scp=0018715243&origin=inward"}],"prism:url":"https://api.elsevier.com/content/abstract/scopus_id/0018715243","dc:identifier":"SCOPUS_ID:0018715243","eid":"2-s2.0-0018715243","dc:title":"Clinical use of network analysis for psychiatric and aged populations","dc:creator":"Cohen C.","prism:publicationName":"Community Mental Health Journal","prism:issn":"00103853","prism:eIssn":"15732789","prism:volume":"15","prism:issueIdentifier":"3","prism:pageRange":"203-213","prism:coverDate":"1979-09-01","prism:coverDisplayDate":"September 1979","prism:doi":"10.1007/BF00766008","citedby-count":"31","affiliation": [{"@_fa": "true", "affilname":"NYU Langone Medical Center","affiliation-city":"New York","affiliation-country":"United States"}],"pubmed-id":"509916","prism:aggregationType":"Journal","subtype":"ar","subtypeDescription":"Article","source-id":"29291","openaccess":"0","openaccessFlag":false},{"@_fa": "true", "link": [{"@_fa": "true", "@ref": "self", "@href": "https://api.elsevier.com/content/abstract/scopus_id/0018655557"},{"@_fa": "true", "@ref": "author-affiliation", "@href": "https://api.elsevier.com/content/abstract/scopus_id/0018655557?field=author,affiliation"},{"@_fa": "true", "@ref": "scopus", "@href": "https://www.scopus.com/inward/record.uri?partnerID=HzOxMe3b&scp=0018655557&origin=inward"},{"@_fa": "true", "@ref": "scopus-citedby", "@href": "https://www.scopus.com/inward/citedby.uri?partnerID=HzOxMe3b&scp=0018655557&origin=inward"}],"prism:url":"https://api.elsevier.com/content/abstract/scopus_id/0018655557","dc:identifier":"SCOPUS_ID:0018655557","eid":"2-s2.0-0018655557","dc:title":"Consumer preferences relative to the price and network capability of small urban vehicles","dc:creator":"Burns L.","prism:publicationName":"Transportation","prism:issn":"00494488","prism:eIssn":"15729435","prism:volume":"8","prism:issueIdentifier":"3","prism:pageRange":"219-236","prism:coverDate":"1979-09-01","prism:coverDisplayDate":"September 1979","prism:doi":"10.1007/BF00169989","citedby-count":"0","prism:aggregationType":"Journal","subtype":"ar","subtypeDescription":"Article","source-id":"20864","openaccess":"0","openaccessFlag":false},{"@_fa": "true", "link": [{"@_fa": "true", "@ref": "self", "@href": "https://api.elsevier.com/content/abstract/scopus_id/0018655553"},{"@_fa": "true", "@ref": "author-affiliation", "@href": "https://api.elsevier.com/content/abstract/scopus_id/0018655553?field=author,affiliation"},{"@_fa": "true", "@ref": "scopus", "@href": "https://www.scopus.com/inward/record.uri?partnerID=HzOxMe3b&scp=0018655553&origin=inward"},{"@_fa": "true", "@ref": "scopus-citedby", "@href": "https://www.scopus.com/inward/citedby.uri?partnerID=HzOxMe3b&scp=0018655553&origin=inward"}],"prism:url":"https://api.elsevier.com/content/abstract/scopus_id/0018655553","dc:identifier":"SCOPUS_ID:0018655553","eid":"2-s2.0-0018655553","dc:title":"A graph-theoretic method to quantify the airline route authority","dc:creator":"Chan Y.","prism:publicationName":"Transportation","prism:issn":"00494488","prism:eIssn":"15729435","prism:volume":"8","prism:issueIdentifier":"3","prism:pageRange":"275-291","prism:coverDate":"1979-09-01","prism:coverDisplayDate":"September 1979","prism:doi":"10.1007/BF00169992","citedby-count":"0","affiliation": [{"@_fa": "true", "affilname":"Pennsylvania State University","affiliation-city":"University Park","affiliation-country":"United States"}],"prism:aggregationType":"Journal","subtype":"ar","subtypeDescription":"Article","source-id":"20864","openaccess":"0","openaccessFlag":false},{"@_fa": "true", "link": [{"@_fa": "true", "@ref": "self", "@href": "https://api.elsevier.com/content/abstract/scopus_id/0018523932"},{"@_fa": "true", "@ref": "author-affiliation", "@href": "https://api.elsevier.com/content/abstract/scopus_id/0018523932?field=author,affiliation"},{"@_fa": "true", "@ref": "scopus", "@href": "https://www.scopus.com/inward/record.uri?partnerID=HzOxMe3b&scp=0018523932&origin=inward"},{"@_fa": "true", "@ref": "scopus-citedby", "@href": "https://www.scopus.com/inward/citedby.uri?partnerID=HzOxMe3b&scp=0018523932&origin=inward"}],"prism:url":"https://api.elsevier.com/content/abstract/scopus_id/0018523932","dc:identifier":"SCOPUS_ID:0018523932","eid":"2-s2.0-0018523932","dc:title":"Symptom reports and illness behavior among employed women and homemakers","dc:creator":"Woods N.","prism:publicationName":"Journal of Community Health","prism:issn":"00945145","prism:eIssn":"15733610","prism:volume":"5","prism:issueIdentifier":"1","prism:pageRange":"36-45","prism:coverDate":"1979-09-01","prism:coverDisplayDate":"September 1979","prism:doi":"10.1007/BF01321569","citedby-count":"51","pubmed-id":"500847","prism:aggregationType":"Journal","subtype":"ar","subtypeDescription":"Article","source-id":"15877","openaccess":"0","openaccessFlag":false},{"@_fa": "true", "link": [{"@_fa": "true", "@ref": "self", "@href": "https://api.elsevier.com/content/abstract/scopus_id/84952193312"},{"@_fa": "true", "@ref": "author-affiliation", "@href": "https://api.elsevier.com/content/abstract/scopus_id/84952193312?field=author,affiliation"},{"@_fa": "true", "@ref": "scopus", "@href": "https://www.scopus.com/inward/record.uri?partnerID=HzOxMe3b&scp=84952193312&origin=inward"},{"@_fa": "true", "@ref": "scopus-citedby", "@href": "https://www.scopus.com/inward/citedby.uri?partnerID=HzOxMe3b&scp=84952193312&origin=inward"}],"prism:url":"https://api.elsevier.com/content/abstract/scopus_id/84952193312","dc:identifier":"SCOPUS_ID:84952193312","eid":"2-s2.0-84952193312","dc:title":"Serials Exchange-Minnesota Style","dc:creator":"Osier D.","prism:publicationName":"Serials Librarian","prism:issn":"0361526X","prism:eIssn":"15411095","prism:volume":"3","prism:issueIdentifier":"4","prism:pageRange":"423-427","prism:coverDate":"1979-08-28","prism:coverDisplayDate":"28 August 1979","prism:doi":"10.1080/J123v03n04_09","citedby-count":"0","prism:aggregationType":"Journal","subtype":"le","subtypeDescription":"Letter","source-id":"16610","openaccess":"0","openaccessFlag":false},{"@_fa": "true", "link": [{"@_fa": "true", "@ref": "self", "@href": "https://api.elsevier.com/content/abstract/scopus_id/34248001282"},{"@_fa": "true", "@ref": "author-affiliation", "@href": "https://api.elsevier.com/content/abstract/scopus_id/34248001282?field=author,affiliation"},{"@_fa": "true", "@ref": "scopus", "@href": "https://www.scopus.com/inward/record.uri?partnerID=HzOxMe3b&scp=34248001282&origin=inward"},{"@_fa": "true", "@ref": "scopus-citedby", "@href": "https://www.scopus.com/inward/citedby.uri?partnerID=HzOxMe3b&scp=34248001282&origin=inward"}],"prism:url":"https://api.elsevier.com/content/abstract/scopus_id/34248001282","dc:identifier":"SCOPUS_ID:34248001282","eid":"2-s2.0-34248001282","dc:title":"Allometry in topologic structure of transportation networks","dc:creator":"Bon R.","prism:publicationName":"Quality and Quantity","prism:issn":"00335177","prism:eIssn":"15737845","prism:volume":"13","prism:issueIdentifier":"4","prism:pageRange":"307-326","prism:coverDate":"1979-08-01","prism:coverDisplayDate":"August 1979","prism:doi":"10.1007/BF00188018","citedby-count":"8","affiliation": [{"@_fa": "true", "affilname":"Urban Planning Institute of Slovenia","affiliation-city":"Ljubljana","affiliation-country":"Slovenia"}],"prism:aggregationType":"Journal","subtype":"ar","subtypeDescription":"Article","source-id":"19372","openaccess":"0","openaccessFlag":false},{"@_fa": "true", "link": [{"@_fa": "true", "@ref": "self", "@href": "https://api.elsevier.com/content/abstract/scopus_id/84919099849"},{"@_fa": "true", "@ref": "author-affiliation", "@href": "https://api.elsevier.com/content/abstract/scopus_id/84919099849?field=author,affiliation"},{"@_fa": "true", "@ref": "scopus", "@href": "https://www.scopus.com/inward/record.uri?partnerID=HzOxMe3b&scp=84919099849&origin=inward"},{"@_fa": "true", "@ref": "scopus-citedby", "@href": "https://www.scopus.com/inward/citedby.uri?partnerID=HzOxMe3b&scp=84919099849&origin=inward"}],"prism:url":"https://api.elsevier.com/content/abstract/scopus_id/84919099849","dc:identifier":"SCOPUS_ID:84919099849","eid":"2-s2.0-84919099849","dc:title":"The commission of European Communities’ education policy information network: Prospects and problems in the UK","dc:creator":"Davies J.","prism:publicationName":"Aslib Proceedings","prism:issn":"0001253X","prism:volume":"31","prism:issueIdentifier":"8","prism:pageRange":"392-400","prism:coverDate":"1979-08-01","prism:coverDisplayDate":"1 August 1979","prism:doi":"10.1108/eb050691","citedby-count":"2","affiliation": [{"@_fa": "true", "affilname":"National Foundation for Educational Research","affiliation-city":"Slough","affiliation-country":"United Kingdom"}],"prism:aggregationType":"Conference Proceeding","subtype":"re","subtypeDescription":"Review","source-id":"12804","openaccess":"0","openaccessFlag":false},{"@_fa": "true", "link": [{"@_fa": "true", "@ref": "self", "@href": "https://api.elsevier.com/content/abstract/scopus_id/0018504805"},{"@_fa": "true", "@ref": "author-affiliation", "@href": "https://api.elsevier.com/content/abstract/scopus_id/0018504805?field=author,affiliation"},{"@_fa": "true", "@ref": "scopus", "@href": "https://www.scopus.com/inward/record.uri?partnerID=HzOxMe3b&scp=0018504805&origin=inward"},{"@_fa": "true", "@ref": "scopus-citedby", "@href": "https://www.scopus.com/inward/citedby.uri?partnerID=HzOxMe3b&scp=0018504805&origin=inward"}],"prism:url":"https://api.elsevier.com/content/abstract/scopus_id/0018504805","dc:identifier":"SCOPUS_ID:0018504805","eid":"2-s2.0-0018504805","dc:title":"Latest Developments in Electric Traction within the Belgian Railroad System SCNB.","dc:creator":"Neruez J.","prism:publicationName":"eb - Elektrische Bahnen","prism:issn":"00135437","prism:volume":"77","prism:issueIdentifier":"8","prism:pageRange":"226-232","prism:coverDate":"1979-08-01","prism:coverDisplayDate":"August 1979","citedby-count":"0","prism:aggregationType":"Trade Journal","subtype":"ar","subtypeDescription":"Article","source-id":"24542","openaccess":"0","openaccessFlag":false},{"@_fa": "true", "link": [{"@_fa": "true", "@ref": "self", "@href": "https://api.elsevier.com/content/abstract/scopus_id/0018504806"},{"@_fa": "true", "@ref": "author-affiliation", "@href": "https://api.elsevier.com/content/abstract/scopus_id/0018504806?field=author,affiliation"},{"@_fa": "true", "@ref": "scopus", "@href": "https://www.scopus.com/inward/record.uri?partnerID=HzOxMe3b&scp=0018504806&origin=inward"},{"@_fa": "true", "@ref": "scopus-citedby", "@href": "https://www.scopus.com/inward/citedby.uri?partnerID=HzOxMe3b&scp=0018504806&origin=inward"}],"prism:url":"https://api.elsevier.com/content/abstract/scopus_id/0018504806","dc:identifier":"SCOPUS_ID:0018504806","eid":"2-s2.0-0018504806","dc:title":"Use of an Optimization Program Associated with Development Plans for the Railroad Power Supply Network.","dc:creator":"Hartkopf T.","prism:publicationName":"eb - Elektrische Bahnen","prism:issn":"00135437","prism:volume":"77","prism:issueIdentifier":"8","prism:pageRange":"238-244","prism:coverDate":"1979-08-01","prism:coverDisplayDate":"August 1979","citedby-count":"0","prism:aggregationType":"Trade Journal","subtype":"ar","subtypeDescription":"Article","source-id":"24542","openaccess":"0","openaccessFlag":false},{"@_fa": "true", "link": [{"@_fa": "true", "@ref": "self", "@href": "https://api.elsevier.com/content/abstract/scopus_id/34250267256"},{"@_fa": "true", "@ref": "author-affiliation", "@href": "https://api.elsevier.com/content/abstract/scopus_id/34250267256?field=author,affiliation"},{"@_fa": "true", "@ref": "scopus", "@href": "https://www.scopus.com/inward/record.uri?partnerID=HzOxMe3b&scp=34250267256&origin=inward"},{"@_fa": "true", "@ref": "scopus-citedby", "@href": "https://www.scopus.com/inward/citedby.uri?partnerID=HzOxMe3b&scp=34250267256&origin=inward"}],"prism:url":"https://api.elsevier.com/content/abstract/scopus_id/34250267256","dc:identifier":"SCOPUS_ID:34250267256","eid":"2-s2.0-34250267256","dc:title":"New options for team research via international computer networks","dc:creator":"Dobrov G.","prism:publicationName":"Scientometrics","prism:issn":"01389130","prism:eIssn":"15882861","prism:volume":"1","prism:issueIdentifier":"5-6","prism:pageRange":"387-404","prism:coverDate":"1979-08-01","prism:coverDisplayDate":"August 1979","prism:doi":"10.1007/BF02016658","citedby-count":"3","affiliation": [{"@_fa": "true", "affilname":"International Institute for Applied Systems Analysis, Laxenburg","affiliation-city":"Laxenburg","affiliation-country":"Austria"}],"prism:aggregationType":"Journal","subtype":"ar","subtypeDescription":"Article","source-id":"24222","openaccess":"0","openaccessFlag":false},{"@_fa": "true", "link": [{"@_fa": "true", "@ref": "self", "@href": "https://api.elsevier.com/content/abstract/scopus_id/0018493165"},{"@_fa": "true", "@ref": "author-affiliation", "@href": "https://api.elsevier.com/content/abstract/scopus_id/0018493165?field=author,affiliation"},{"@_fa": "true", "@ref": "scopus", "@href": "https://www.scopus.com/inward/record.uri?partnerID=HzOxMe3b&scp=0018493165&origin=inward"},{"@_fa": "true", "@ref": "scopus-citedby", "@href": "https://www.scopus.com/inward/citedby.uri?partnerID=HzOxMe3b&scp=0018493165&origin=inward"}],"prism:url":"https://api.elsevier.com/content/abstract/scopus_id/0018493165","dc:identifier":"SCOPUS_ID:0018493165","eid":"2-s2.0-0018493165","dc:title":"IMPROVED NETWORK CONTROL BY USING TRANSYT.","dc:creator":"Timmermans W.","prism:publicationName":"Traffic Engineering and Control","prism:issn":"00410683","prism:volume":"20","prism:issueIdentifier":"7","prism:pageRange":"353-356","prism:coverDate":"1979-07-01","prism:coverDisplayDate":"July 1979","citedby-count":"1","prism:aggregationType":"Journal","subtype":"ar","subtypeDescription":"Article","source-id":"27402","openaccess":"0","openaccessFlag":false},{"@_fa": "true", "link": [{"@_fa": "true", "@ref": "self", "@href": "https://api.elsevier.com/content/abstract/scopus_id/0018655281"},{"@_fa": "true", "@ref": "author-affiliation", "@href": "https://api.elsevier.com/content/abstract/scopus_id/0018655281?field=author,affiliation"},{"@_fa": "true", "@ref": "scopus", "@href": "https://www.scopus.com/inward/record.uri?partnerID=HzOxMe3b&scp=0018655281&origin=inward"},{"@_fa": "true", "@ref": "scopus-citedby", "@href": "https://www.scopus.com/inward/citedby.uri?partnerID=HzOxMe3b&scp=0018655281&origin=inward"}],"prism:url":"https://api.elsevier.com/content/abstract/scopus_id/0018655281","dc:identifier":"SCOPUS_ID:0018655281","eid":"2-s2.0-0018655281","dc:title":"Geomorphological models as a tool for environmental studies","dc:creator":"Stäblein G.","prism:publicationName":"GeoJournal","prism:issn":"03432521","prism:eIssn":"15729893","prism:volume":"3","prism:issueIdentifier":"4","prism:pageRange":"379-385","prism:coverDate":"1979-07-01","prism:coverDisplayDate":"July 1979","prism:doi":"10.1007/BF00221240","citedby-count":"0","affiliation": [{"@_fa": "true", "affilname":"Freie Universität Berlin","affiliation-city":"Berlin","affiliation-country":"Germany"}],"prism:aggregationType":"Journal","subtype":"ar","subtypeDescription":"Article","source-id":"28772","openaccess":"0","openaccessFlag":false},{"@_fa": "true", "link": [{"@_fa": "true", "@ref": "self", "@href": "https://api.elsevier.com/content/abstract/scopus_id/0018493166"},{"@_fa": "true", "@ref": "author-affiliation", "@href": "https://api.elsevier.com/content/abstract/scopus_id/0018493166?field=author,affiliation"},{"@_fa": "true", "@ref": "scopus", "@href": "https://www.scopus.com/inward/record.uri?partnerID=HzOxMe3b&scp=0018493166&origin=inward"},{"@_fa": "true", "@ref": "scopus-citedby", "@href": "https://www.scopus.com/inward/citedby.uri?partnerID=HzOxMe3b&scp=0018493166&origin=inward"}],"prism:url":"https://api.elsevier.com/content/abstract/scopus_id/0018493166","dc:identifier":"SCOPUS_ID:0018493166","eid":"2-s2.0-0018493166","dc:title":"ADAPTIVE CONTROL AT AN ISOLATED INTERSECTION - A COMPARATIVE STUDY OF SOME ALGORITHMS.","dc:creator":"de la Breteque L.","prism:publicationName":"Traffic Engineering and Control","prism:issn":"00410683","prism:volume":"20","prism:issueIdentifier":"7","prism:pageRange":"361-363","prism:coverDate":"1979-07-01","prism:coverDisplayDate":"July 1979","citedby-count":"8","prism:aggregationType":"Journal","subtype":"ar","subtypeDescription":"Article","source-id":"27402","openaccess":"0","openaccessFlag":false},{"@_fa": "true", "link": [{"@_fa": "true", "@ref": "self", "@href": "https://api.elsevier.com/content/abstract/scopus_id/84953944967"},{"@_fa": "true", "@ref": "author-affiliation", "@href": "https://api.elsevier.com/content/abstract/scopus_id/84953944967?field=author,affiliation"},{"@_fa": "true", "@ref": "scopus", "@href": "https://www.scopus.com/inward/record.uri?partnerID=HzOxMe3b&scp=84953944967&origin=inward"},{"@_fa": "true", "@ref": "scopus-citedby", "@href": "https://www.scopus.com/inward/citedby.uri?partnerID=HzOxMe3b&scp=84953944967&origin=inward"}],"prism:url":"https://api.elsevier.com/content/abstract/scopus_id/84953944967","dc:identifier":"SCOPUS_ID:84953944967","eid":"2-s2.0-84953944967","dc:title":"Library and information network as infrastructure","dc:creator":"Burgess R.","prism:publicationName":"Public Library Quarterly","prism:issn":"01616846","prism:eIssn":"15411540","prism:volume":"1","prism:issueIdentifier":"2","prism:pageRange":"101-103","prism:coverDate":"1979-06-01","prism:coverDisplayDate":"1 June 1979","prism:doi":"10.1300/J118v01n02_02","citedby-count":"0","prism:aggregationType":"Journal","subtype":"ar","subtypeDescription":"Article","source-id":"4700152731","openaccess":"0","openaccessFlag":false}]}}