{"search-results":{"opensearch:totalResults":"133","opensearch:startIndex":"0","opensearch:itemsPerPage":"25","opensearch:Query":{"@role": "request", "@searchTerms": "TITLE-ABS-KEY(\"network\") AND SUBJAREA(SOCI) AND PUBYEAR = 1974", "@startPage": "0"},"link": [{"@_fa": "true", "@ref": "self", "@href": "https://api.elsevier.com/content/search/scopus?start=0&count=25&query=TITLE-ABS-KEY%28%22network%22%29+AND+SUBJAREA%28SOCI%29+AND+PUBYEAR+%3D+1974&apiKey=27d953b4b546791964ebeb768d13e61f&view=STANDARD", "@type": "application/json"},{"@_fa": "true", "@ref": "first", "@href": "https://api.elsevier.com/content/search/scopus?start=0&count=25&query=TITLE-ABS-KEY%28%22network%22%29+AND+SUBJAREA%28SOCI%29+AND+PUBYEAR+%3D+1974&apiKey=27d953b4b546791964ebeb768d13e61f&view=STANDARD", "@type": "application/json"},{"@_fa": "true", "@ref": "next", "@href": "https://api.elsevier.com/content/search/scopus?start=25&count=25&query=TITLE-ABS-KEY%28%22network%22%29+AND+SUBJAREA%28SOCI%29+AND+PUBYEAR+%3D+1974&apiKey=27d953b4b546791964ebeb768d13e61f&view=STANDARD", "@type": "application/json"},{"@_fa": "true", "@ref": "last", "@href": "https://api.elsevier.com/content/search/scopus?start=108&count=25&query=TITLE-ABS-KEY%28%22network%22%29+AND+SUBJAREA%28SOCI%29+AND+PUBYEAR+%3D+1974&apiKey=27d953b4b546791964ebeb768d13e61f&view=STANDARD", "@type": "application/json"}],"entry": [{"@_fa": "true", "link": [{"@_fa": "true", "@ref": "self", "@href": "https://api.elsevier.com/content/abstract/scopus_id/34250422556"},{"@_fa": "true", "@ref": "author-affiliation", "@href": "https://api.elsevier.com/content/abstract/scopus_id/34250422556?field=author,affiliation"},{"@_fa": "true", "@ref": "scopus", "@href": "https://www.scopus.com/inward/record.uri?partnerID=HzOxMe3b&scp=34250422556&origin=inward"},{"@_fa": "true", "@ref": "scopus-citedby", "@href": "https://www.scopus.com/inward/citedby.uri?partnerID=HzOxMe3b&scp=34250422556&origin=inward"}],"prism:url":"https://api.elsevier.com/content/abstract/scopus_id/34250422556","dc:identifier":"SCOPUS_ID:34250422556","eid":"2-s2.0-34250422556","dc:title":"England: A national network of institutions for innovation","dc:creator":"Corbett A.","prism:publicationName":"Prospects","prism:issn":"00331538","prism:eIssn":"15739090","prism:volume":"4","prism:issueIdentifier":"4","prism:pageRange":"525-534","prism:coverDate":"1974-12-01","prism:coverDisplayDate":"December 1974","prism:doi":"10.1007/BF02217370","citedby-count":"0","prism:aggregationType":"Journal","subtype":"ar","subtypeDescription":"Article","source-id":"24236","openaccess":"0","openaccessFlag":false},{"@_fa": "true", "link": [{"@_fa": "true", "@ref": "self", "@href": "https://api.elsevier.com/content/abstract/scopus_id/33847804449"},{"@_fa": "true", "@ref": "author-affiliation", "@href": "https://api.elsevier.com/content/abstract/scopus_id/33847804449?field=author,affiliation"},{"@_fa": "true", "@ref": "scopus", "@href": "https://www.scopus.com/inward/record.uri?partnerID=HzOxMe3b&scp=33847804449&origin=inward"},{"@_fa": "true", "@ref": "scopus-citedby", "@href": "https://www.scopus.com/inward/citedby.uri?partnerID=HzOxMe3b&scp=33847804449&origin=inward"}],"prism:url":"https://api.elsevier.com/content/abstract/scopus_id/33847804449","dc:identifier":"SCOPUS_ID:33847804449","eid":"2-s2.0-33847804449","dc:title":"The use of networks in organic synthesis","dc:creator":"Zune A.","prism:publicationName":"Journal of Chemical Education","prism:issn":"00219584","prism:volume":"51","prism:issueIdentifier":"1","prism:pageRange":"16-18","prism:coverDate":"1974-12-01","prism:coverDisplayDate":"1974","citedby-count":"0","prism:aggregationType":"Journal","subtype":"ar","subtypeDescription":"Article","source-id":"24169","openaccess":"0","openaccessFlag":false},{"@_fa": "true", "link": [{"@_fa": "true", "@ref": "self", "@href": "https://api.elsevier.com/content/abstract/scopus_id/33847805341"},{"@_fa": "true", "@ref": "author-affiliation", "@href": "https://api.elsevier.com/content/abstract/scopus_id/33847805341?field=author,affiliation"},{"@_fa": "true", "@ref": "scopus", "@href": "https://www.scopus.com/inward/record.uri?partnerID=HzOxMe3b&scp=33847805341&origin=inward"},{"@_fa": "true", "@ref": "scopus-citedby", "@href": "https://www.scopus.com/inward/citedby.uri?partnerID=HzOxMe3b&scp=33847805341&origin=inward"}],"prism:url":"https://api.elsevier.com/content/abstract/scopus_id/33847805341","dc:identifier":"SCOPUS_ID:33847805341","eid":"2-s2.0-33847805341","dc:title":"Network analysis and explicit objectives: Complementary planning tools","dc:creator":"Atkinson G.","prism:publicationName":"Journal of Chemical Education","prism:issn":"00219584","prism:volume":"51","prism:issueIdentifier":"5","prism:pageRange":"324-326","prism:coverDate":"1974-12-01","prism:coverDisplayDate":"1974","citedby-count":"0","affiliation": [{"@_fa": "true", "affilname":"University of Waterloo","affiliation-city":"Waterloo","affiliation-country":"Canada"}],"prism:aggregationType":"Journal","subtype":"ar","subtypeDescription":"Article","source-id":"24169","openaccess":"0","openaccessFlag":false},{"@_fa": "true", "link": [{"@_fa": "true", "@ref": "self", "@href": "https://api.elsevier.com/content/abstract/scopus_id/43449152345"},{"@_fa": "true", "@ref": "author-affiliation", "@href": "https://api.elsevier.com/content/abstract/scopus_id/43449152345?field=author,affiliation"},{"@_fa": "true", "@ref": "scopus", "@href": "https://www.scopus.com/inward/record.uri?partnerID=HzOxMe3b&scp=43449152345&origin=inward"},{"@_fa": "true", "@ref": "scopus-citedby", "@href": "https://www.scopus.com/inward/citedby.uri?partnerID=HzOxMe3b&scp=43449152345&origin=inward"}],"prism:url":"https://api.elsevier.com/content/abstract/scopus_id/43449152345","dc:identifier":"SCOPUS_ID:43449152345","eid":"2-s2.0-43449152345","dc:title":"National pay TV network narrow-casting: A model and simulation of a system serving blacks","dc:creator":"Cummings M.","prism:publicationName":"The Review of Black Political Economy","prism:issn":"00346446","prism:eIssn":"19364814","prism:volume":"5","prism:issueIdentifier":"1","prism:pageRange":"69-94","prism:coverDate":"1974-12-01","prism:coverDisplayDate":"December 1974","prism:doi":"10.1007/BF03040715","citedby-count":"0","prism:aggregationType":"Journal","subtype":"ar","subtypeDescription":"Article","source-id":"24200","openaccess":"0","openaccessFlag":false},{"@_fa": "true", "link": [{"@_fa": "true", "@ref": "self", "@href": "https://api.elsevier.com/content/abstract/scopus_id/0016333367"},{"@_fa": "true", "@ref": "author-affiliation", "@href": "https://api.elsevier.com/content/abstract/scopus_id/0016333367?field=author,affiliation"},{"@_fa": "true", "@ref": "scopus", "@href": "https://www.scopus.com/inward/record.uri?partnerID=HzOxMe3b&scp=0016333367&origin=inward"},{"@_fa": "true", "@ref": "scopus-citedby", "@href": "https://www.scopus.com/inward/citedby.uri?partnerID=HzOxMe3b&scp=0016333367&origin=inward"}],"prism:url":"https://api.elsevier.com/content/abstract/scopus_id/0016333367","dc:identifier":"SCOPUS_ID:0016333367","eid":"2-s2.0-0016333367","dc:title":"Internal-external control, power position, and satisfaction in task-oriented groups","dc:creator":"Hrycenko I.","prism:publicationName":"Journal of Personality and Social Psychology","prism:issn":"00223514","prism:volume":"30","prism:issueIdentifier":"6","prism:pageRange":"871-878","prism:coverDate":"1974-12-01","prism:coverDisplayDate":"December 1974","prism:doi":"10.1037/h0037605","pii":"S0022351407633895","citedby-count":"16","affiliation": [{"@_fa": "true", "affilname":"University of Windsor","affiliation-city":"Windsor","affiliation-country":"Canada"}],"pubmed-id":"4443897","prism:aggregationType":"Journal","subtype":"ar","subtypeDescription":"Article","source-id":"30039","openaccess":"0","openaccessFlag":false},{"@_fa": "true", "link": [{"@_fa": "true", "@ref": "self", "@href": "https://api.elsevier.com/content/abstract/scopus_id/43449155123"},{"@_fa": "true", "@ref": "author-affiliation", "@href": "https://api.elsevier.com/content/abstract/scopus_id/43449155123?field=author,affiliation"},{"@_fa": "true", "@ref": "scopus", "@href": "https://www.scopus.com/inward/record.uri?partnerID=HzOxMe3b&scp=43449155123&origin=inward"},{"@_fa": "true", "@ref": "scopus-citedby", "@href": "https://www.scopus.com/inward/citedby.uri?partnerID=HzOxMe3b&scp=43449155123&origin=inward"}],"prism:url":"https://api.elsevier.com/content/abstract/scopus_id/43449155123","dc:identifier":"SCOPUS_ID:43449155123","eid":"2-s2.0-43449155123","dc:title":"Revenue sharing and substate regionalism in georgia","dc:creator":"Wright C.","prism:publicationName":"The Review of Black Political Economy","prism:issn":"00346446","prism:eIssn":"19364814","prism:volume":"5","prism:issueIdentifier":"1","prism:pageRange":"57-68","prism:coverDate":"1974-12-01","prism:coverDisplayDate":"December 1974","prism:doi":"10.1007/BF03040714","citedby-count":"0","prism:aggregationType":"Journal","subtype":"ar","subtypeDescription":"Article","source-id":"24200","openaccess":"0","openaccessFlag":false},{"@_fa": "true", "link": [{"@_fa": "true", "@ref": "self", "@href": "https://api.elsevier.com/content/abstract/scopus_id/0016359765"},{"@_fa": "true", "@ref": "author-affiliation", "@href": "https://api.elsevier.com/content/abstract/scopus_id/0016359765?field=author,affiliation"},{"@_fa": "true", "@ref": "scopus", "@href": "https://www.scopus.com/inward/record.uri?partnerID=HzOxMe3b&scp=0016359765&origin=inward"},{"@_fa": "true", "@ref": "scopus-citedby", "@href": "https://www.scopus.com/inward/citedby.uri?partnerID=HzOxMe3b&scp=0016359765&origin=inward"}],"prism:url":"https://api.elsevier.com/content/abstract/scopus_id/0016359765","dc:identifier":"SCOPUS_ID:0016359765","eid":"2-s2.0-0016359765","dc:title":"Indirect services and referral system for community mental health centers: Implementation and methods of measurement","dc:creator":"Tippett J.","prism:publicationName":"Community Mental Health Journal","prism:issn":"00103853","prism:eIssn":"15732789","prism:volume":"10","prism:issueIdentifier":"4","prism:pageRange":"450-465","prism:coverDate":"1974-12-01","prism:coverDisplayDate":"December 1974","prism:doi":"10.1007/BF01419981","citedby-count":"1","pubmed-id":"4434729","prism:aggregationType":"Journal","subtype":"ar","subtypeDescription":"Article","source-id":"29291","openaccess":"0","openaccessFlag":false},{"@_fa": "true", "link": [{"@_fa": "true", "@ref": "self", "@href": "https://api.elsevier.com/content/abstract/scopus_id/0016114208"},{"@_fa": "true", "@ref": "author-affiliation", "@href": "https://api.elsevier.com/content/abstract/scopus_id/0016114208?field=author,affiliation"},{"@_fa": "true", "@ref": "scopus", "@href": "https://www.scopus.com/inward/record.uri?partnerID=HzOxMe3b&scp=0016114208&origin=inward"},{"@_fa": "true", "@ref": "scopus-citedby", "@href": "https://www.scopus.com/inward/citedby.uri?partnerID=HzOxMe3b&scp=0016114208&origin=inward"}],"prism:url":"https://api.elsevier.com/content/abstract/scopus_id/0016114208","dc:identifier":"SCOPUS_ID:0016114208","eid":"2-s2.0-0016114208","dc:title":"Preliminary results from an integrated transportation and land use models package","dc:creator":"Putman S.","prism:publicationName":"Transportation","prism:issn":"00494488","prism:eIssn":"15729435","prism:volume":"3","prism:issueIdentifier":"3","prism:pageRange":"193-224","prism:coverDate":"1974-10-01","prism:coverDisplayDate":"October 1974","prism:doi":"10.1007/BF00165487","citedby-count":"12","prism:aggregationType":"Journal","subtype":"ar","subtypeDescription":"Article","source-id":"20864","openaccess":"0","openaccessFlag":false},{"@_fa": "true", "link": [{"@_fa": "true", "@ref": "self", "@href": "https://api.elsevier.com/content/abstract/scopus_id/29844457620"},{"@_fa": "true", "@ref": "author-affiliation", "@href": "https://api.elsevier.com/content/abstract/scopus_id/29844457620?field=author,affiliation"},{"@_fa": "true", "@ref": "scopus", "@href": "https://www.scopus.com/inward/record.uri?partnerID=HzOxMe3b&scp=29844457620&origin=inward"},{"@_fa": "true", "@ref": "scopus-citedby", "@href": "https://www.scopus.com/inward/citedby.uri?partnerID=HzOxMe3b&scp=29844457620&origin=inward"}],"prism:url":"https://api.elsevier.com/content/abstract/scopus_id/29844457620","dc:identifier":"SCOPUS_ID:29844457620","eid":"2-s2.0-29844457620","dc:title":"Forecasting transport development: Testing the utility of a simple regression approach","dc:creator":"Leinbach T.","prism:publicationName":"Transportation","prism:issn":"00494488","prism:eIssn":"15729435","prism:volume":"3","prism:issueIdentifier":"3","prism:pageRange":"243-254","prism:coverDate":"1974-10-01","prism:coverDisplayDate":"October 1974","prism:doi":"10.1007/BF00165489","citedby-count":"2","affiliation": [{"@_fa": "true", "affilname":"University of Vermont","affiliation-city":"Burlington","affiliation-country":"United States"}],"prism:aggregationType":"Journal","subtype":"ar","subtypeDescription":"Article","source-id":"20864","openaccess":"0","openaccessFlag":false},{"@_fa": "true", "link": [{"@_fa": "true", "@ref": "self", "@href": "https://api.elsevier.com/content/abstract/scopus_id/34250417937"},{"@_fa": "true", "@ref": "author-affiliation", "@href": "https://api.elsevier.com/content/abstract/scopus_id/34250417937?field=author,affiliation"},{"@_fa": "true", "@ref": "scopus", "@href": "https://www.scopus.com/inward/record.uri?partnerID=HzOxMe3b&scp=34250417937&origin=inward"},{"@_fa": "true", "@ref": "scopus-citedby", "@href": "https://www.scopus.com/inward/citedby.uri?partnerID=HzOxMe3b&scp=34250417937&origin=inward"}],"prism:url":"https://api.elsevier.com/content/abstract/scopus_id/34250417937","dc:identifier":"SCOPUS_ID:34250417937","eid":"2-s2.0-34250417937","dc:title":"Spatial patterns of the journey-to-work and mass rapid transit in Los Angeles","dc:creator":"Clayton C.","prism:publicationName":"The Annals of Regional Science","prism:issn":"05701864","prism:eIssn":"14320592","prism:volume":"8","prism:issueIdentifier":"3","prism:pageRange":"39-60","prism:coverDate":"1974-10-01","prism:coverDisplayDate":"October 1974","prism:doi":"10.1007/BF01284300","citedby-count":"3","affiliation": [{"@_fa": "true", "affilname":"California State University, Northridge","affiliation-city":"Northridge","affiliation-country":"United States"}],"prism:aggregationType":"Journal","subtype":"ar","subtypeDescription":"Article","source-id":"30715","openaccess":"0","openaccessFlag":false},{"@_fa": "true", "link": [{"@_fa": "true", "@ref": "self", "@href": "https://api.elsevier.com/content/abstract/scopus_id/77958608708"},{"@_fa": "true", "@ref": "author-affiliation", "@href": "https://api.elsevier.com/content/abstract/scopus_id/77958608708?field=author,affiliation"},{"@_fa": "true", "@ref": "scopus", "@href": "https://www.scopus.com/inward/record.uri?partnerID=HzOxMe3b&scp=77958608708&origin=inward"},{"@_fa": "true", "@ref": "scopus-citedby", "@href": "https://www.scopus.com/inward/citedby.uri?partnerID=HzOxMe3b&scp=77958608708&origin=inward"}],"prism:url":"https://api.elsevier.com/content/abstract/scopus_id/77958608708","dc:identifier":"SCOPUS_ID:77958608708","eid":"2-s2.0-77958608708","dc:title":"The thorny oyster and the voice of god: Spondylus and strombus in Andean prehistory","dc:creator":"Paulsen A.","prism:publicationName":"American Antiquity","prism:issn":"00027316","prism:volume":"39","prism:issueIdentifier":"4Part1","prism:pageRange":"597-607","prism:coverDate":"1974-10-01","prism:coverDisplayDate":"1 October 1974","prism:doi":"10.2307/278907","pii":"S0002731600091058","citedby-count":"74","prism:aggregationType":"Journal","subtype":"re","subtypeDescription":"Review","source-id":"40554","openaccess":"0","openaccessFlag":false},{"@_fa": "true", "link": [{"@_fa": "true", "@ref": "self", "@href": "https://api.elsevier.com/content/abstract/scopus_id/0016293463"},{"@_fa": "true", "@ref": "author-affiliation", "@href": "https://api.elsevier.com/content/abstract/scopus_id/0016293463?field=author,affiliation"},{"@_fa": "true", "@ref": "scopus", "@href": "https://www.scopus.com/inward/record.uri?partnerID=HzOxMe3b&scp=0016293463&origin=inward"},{"@_fa": "true", "@ref": "scopus-citedby", "@href": "https://www.scopus.com/inward/citedby.uri?partnerID=HzOxMe3b&scp=0016293463&origin=inward"}],"prism:url":"https://api.elsevier.com/content/abstract/scopus_id/0016293463","dc:identifier":"SCOPUS_ID:0016293463","eid":"2-s2.0-0016293463","dc:title":"Network analysis as a method for the evaluation of service delivery systems","dc:creator":"Burgess J.","prism:publicationName":"Community Mental Health Journal","prism:issn":"00103853","prism:eIssn":"15732789","prism:volume":"10","prism:issueIdentifier":"3","prism:pageRange":"337-344","prism:coverDate":"1974-09-01","prism:coverDisplayDate":"September 1974","prism:doi":"10.1007/BF01410780","citedby-count":"7","affiliation": [{"@_fa": "true", "affilname":"Adolf Meyer Center","affiliation-city":"Decatur","affiliation-country":"United States"}],"pubmed-id":"4370216","prism:aggregationType":"Journal","subtype":"ar","subtypeDescription":"Article","source-id":"29291","openaccess":"0","openaccessFlag":false},{"@_fa": "true", "link": [{"@_fa": "true", "@ref": "self", "@href": "https://api.elsevier.com/content/abstract/scopus_id/84868231867"},{"@_fa": "true", "@ref": "author-affiliation", "@href": "https://api.elsevier.com/content/abstract/scopus_id/84868231867?field=author,affiliation"},{"@_fa": "true", "@ref": "scopus", "@href": "https://www.scopus.com/inward/record.uri?partnerID=HzOxMe3b&scp=84868231867&origin=inward"},{"@_fa": "true", "@ref": "scopus-citedby", "@href": "https://www.scopus.com/inward/citedby.uri?partnerID=HzOxMe3b&scp=84868231867&origin=inward"}],"prism:url":"https://api.elsevier.com/content/abstract/scopus_id/84868231867","dc:identifier":"SCOPUS_ID:84868231867","eid":"2-s2.0-84868231867","dc:title":"Private life and public face: Cultural continuities in the domestic architecture of isfahan","dc:creator":"Gulick J.","prism:publicationName":"Iranian Studies","prism:issn":"00210862","prism:eIssn":"14754819","prism:volume":"7","prism:issueIdentifier":"3-4","prism:pageRange":"629-651","prism:coverDate":"1974-09-01","prism:coverDisplayDate":"1 September 1974","prism:doi":"10.1080/00210867408701482","citedby-count":"5","prism:aggregationType":"Journal","subtype":"ar","subtypeDescription":"Article","source-id":"5600154343","openaccess":"0","openaccessFlag":false},{"@_fa": "true", "link": [{"@_fa": "true", "@ref": "self", "@href": "https://api.elsevier.com/content/abstract/scopus_id/0009718550"},{"@_fa": "true", "@ref": "author-affiliation", "@href": "https://api.elsevier.com/content/abstract/scopus_id/0009718550?field=author,affiliation"},{"@_fa": "true", "@ref": "scopus", "@href": "https://www.scopus.com/inward/record.uri?partnerID=HzOxMe3b&scp=0009718550&origin=inward"},{"@_fa": "true", "@ref": "scopus-citedby", "@href": "https://www.scopus.com/inward/citedby.uri?partnerID=HzOxMe3b&scp=0009718550&origin=inward"}],"prism:url":"https://api.elsevier.com/content/abstract/scopus_id/0009718550","dc:identifier":"SCOPUS_ID:0009718550","eid":"2-s2.0-0009718550","dc:title":"The Cuyamel Caves: Preclassic Sites in Northeast Honduras","dc:creator":"Healy P.","prism:publicationName":"American Antiquity","prism:issn":"00027316","prism:volume":"39","prism:issueIdentifier":"3","prism:pageRange":"435-447","prism:coverDate":"1974-07-01","prism:coverDisplayDate":"1 July 1974","prism:doi":"10.2307/279432","pii":"S0002731600091289","citedby-count":"22","prism:aggregationType":"Journal","subtype":"re","subtypeDescription":"Review","source-id":"40554","openaccess":"0","openaccessFlag":false},{"@_fa": "true", "link": [{"@_fa": "true", "@ref": "self", "@href": "https://api.elsevier.com/content/abstract/scopus_id/0016082078"},{"@_fa": "true", "@ref": "author-affiliation", "@href": "https://api.elsevier.com/content/abstract/scopus_id/0016082078?field=author,affiliation"},{"@_fa": "true", "@ref": "scopus", "@href": "https://www.scopus.com/inward/record.uri?partnerID=HzOxMe3b&scp=0016082078&origin=inward"},{"@_fa": "true", "@ref": "scopus-citedby", "@href": "https://www.scopus.com/inward/citedby.uri?partnerID=HzOxMe3b&scp=0016082078&origin=inward"}],"prism:url":"https://api.elsevier.com/content/abstract/scopus_id/0016082078","dc:identifier":"SCOPUS_ID:0016082078","eid":"2-s2.0-0016082078","dc:title":"Pedestrianisation: London's Oxford Street experiment","dc:creator":"Turner E.","prism:publicationName":"Transportation","prism:issn":"00494488","prism:eIssn":"15729435","prism:volume":"3","prism:issueIdentifier":"2","prism:pageRange":"95-126","prism:coverDate":"1974-07-01","prism:coverDisplayDate":"July 1974","prism:doi":"10.1007/BF00219613","citedby-count":"3","affiliation": [{"@_fa": "true", "affilname":"Greater London Council","affiliation-city":"London","affiliation-country":"United Kingdom"}],"prism:aggregationType":"Journal","subtype":"ar","subtypeDescription":"Article","source-id":"20864","openaccess":"0","openaccessFlag":false},{"@_fa": "true", "link": [{"@_fa": "true", "@ref": "self", "@href": "https://api.elsevier.com/content/abstract/scopus_id/0005237760"},{"@_fa": "true", "@ref": "author-affiliation", "@href": "https://api.elsevier.com/content/abstract/scopus_id/0005237760?field=author,affiliation"},{"@_fa": "true", "@ref": "scopus", "@href": "https://www.scopus.com/inward/record.uri?partnerID=HzOxMe3b&scp=0005237760&origin=inward"},{"@_fa": "true", "@ref": "scopus-citedby", "@href": "https://www.scopus.com/inward/citedby.uri?partnerID=HzOxMe3b&scp=0005237760&origin=inward"}],"prism:url":"https://api.elsevier.com/content/abstract/scopus_id/0005237760","dc:identifier":"SCOPUS_ID:0005237760","eid":"2-s2.0-0005237760","dc:title":"Functional organization of the neural control of circulation in Aplysia","dc:creator":"Mayeri E.","prism:publicationName":"Integrative and Comparative Biology","prism:issn":"15407063","prism:volume":"14","prism:issueIdentifier":"3","prism:pageRange":"943-956","prism:coverDate":"1974-06-01","prism:coverDisplayDate":"June 1974","prism:doi":"10.1093/icb/14.3.943","citedby-count":"4","prism:aggregationType":"Journal","subtype":"ar","subtypeDescription":"Article","source-id":"22023","openaccess":"1","openaccessFlag":true},{"@_fa": "true", "link": [{"@_fa": "true", "@ref": "self", "@href": "https://api.elsevier.com/content/abstract/scopus_id/0000579864"},{"@_fa": "true", "@ref": "author-affiliation", "@href": "https://api.elsevier.com/content/abstract/scopus_id/0000579864?field=author,affiliation"},{"@_fa": "true", "@ref": "scopus", "@href": "https://www.scopus.com/inward/record.uri?partnerID=HzOxMe3b&scp=0000579864&origin=inward"},{"@_fa": "true", "@ref": "scopus-citedby", "@href": "https://www.scopus.com/inward/citedby.uri?partnerID=HzOxMe3b&scp=0000579864&origin=inward"}],"prism:url":"https://api.elsevier.com/content/abstract/scopus_id/0000579864","dc:identifier":"SCOPUS_ID:0000579864","eid":"2-s2.0-0000579864","dc:title":"Feeding in Helisoma trivolvis: The morphological and physiological bases of a fixed action pattern","dc:creator":"Kater S.","prism:publicationName":"Integrative and Comparative Biology","prism:issn":"15407063","prism:volume":"14","prism:issueIdentifier":"3","prism:pageRange":"1017-1036","prism:coverDate":"1974-06-01","prism:coverDisplayDate":"June 1974","prism:doi":"10.1093/icb/14.3.1017","citedby-count":"158","prism:aggregationType":"Journal","subtype":"ar","subtypeDescription":"Article","source-id":"22023","openaccess":"1","openaccessFlag":true},{"@_fa": "true", "link": [{"@_fa": "true", "@ref": "self", "@href": "https://api.elsevier.com/content/abstract/scopus_id/0005360644"},{"@_fa": "true", "@ref": "author-affiliation", "@href": "https://api.elsevier.com/content/abstract/scopus_id/0005360644?field=author,affiliation"},{"@_fa": "true", "@ref": "scopus", "@href": "https://www.scopus.com/inward/record.uri?partnerID=HzOxMe3b&scp=0005360644&origin=inward"},{"@_fa": "true", "@ref": "scopus-citedby", "@href": "https://www.scopus.com/inward/citedby.uri?partnerID=HzOxMe3b&scp=0005360644&origin=inward"}],"prism:url":"https://api.elsevier.com/content/abstract/scopus_id/0005360644","dc:identifier":"SCOPUS_ID:0005360644","eid":"2-s2.0-0005360644","dc:title":"Neural control of interappendage phase during locomotion","dc:creator":"Stein P.","prism:publicationName":"Integrative and Comparative Biology","prism:issn":"15407063","prism:volume":"14","prism:issueIdentifier":"3","prism:pageRange":"1003-1016","prism:coverDate":"1974-06-01","prism:coverDisplayDate":"June 1974","prism:doi":"10.1093/icb/14.3.1003","citedby-count":"42","prism:aggregationType":"Journal","subtype":"ar","subtypeDescription":"Article","source-id":"22023","openaccess":"1","openaccessFlag":true},{"@_fa": "true", "link": [{"@_fa": "true", "@ref": "self", "@href": "https://api.elsevier.com/content/abstract/scopus_id/77957217853"},{"@_fa": "true", "@ref": "author-affiliation", "@href": "https://api.elsevier.com/content/abstract/scopus_id/77957217853?field=author,affiliation"},{"@_fa": "true", "@ref": "scopus", "@href": "https://www.scopus.com/inward/record.uri?partnerID=HzOxMe3b&scp=77957217853&origin=inward"},{"@_fa": "true", "@ref": "scopus-citedby", "@href": "https://www.scopus.com/inward/citedby.uri?partnerID=HzOxMe3b&scp=77957217853&origin=inward"}],"prism:url":"https://api.elsevier.com/content/abstract/scopus_id/77957217853","dc:identifier":"SCOPUS_ID:77957217853","eid":"2-s2.0-77957217853","dc:title":"Structural and functional basis of motor pattern generation in the stomatogastric ganglion of the lobster","dc:creator":"Selverston A.","prism:publicationName":"Integrative and Comparative Biology","prism:issn":"15407063","prism:volume":"14","prism:issueIdentifier":"3","prism:pageRange":"957-972","prism:coverDate":"1974-06-01","prism:coverDisplayDate":"June 1974","prism:doi":"10.1093/icb/14.3.957","citedby-count":"25","prism:aggregationType":"Journal","subtype":"ar","subtypeDescription":"Article","source-id":"22023","openaccess":"1","openaccessFlag":true},{"@_fa": "true", "link": [{"@_fa": "true", "@ref": "self", "@href": "https://api.elsevier.com/content/abstract/scopus_id/77957211083"},{"@_fa": "true", "@ref": "author-affiliation", "@href": "https://api.elsevier.com/content/abstract/scopus_id/77957211083?field=author,affiliation"},{"@_fa": "true", "@ref": "scopus", "@href": "https://www.scopus.com/inward/record.uri?partnerID=HzOxMe3b&scp=77957211083&origin=inward"},{"@_fa": "true", "@ref": "scopus-citedby", "@href": "https://www.scopus.com/inward/citedby.uri?partnerID=HzOxMe3b&scp=77957211083&origin=inward"}],"prism:url":"https://api.elsevier.com/content/abstract/scopus_id/77957211083","dc:identifier":"SCOPUS_ID:77957211083","eid":"2-s2.0-77957211083","dc:title":"Coordination in sponges. The foundations of integration","dc:creator":"De Ceccatty M.","prism:publicationName":"Integrative and Comparative Biology","prism:issn":"15407063","prism:volume":"14","prism:issueIdentifier":"3","prism:pageRange":"895-903","prism:coverDate":"1974-06-01","prism:coverDisplayDate":"June 1974","prism:doi":"10.1093/icb/14.3.895","citedby-count":"41","prism:aggregationType":"Journal","subtype":"ar","subtypeDescription":"Article","source-id":"22023","openaccess":"1","openaccessFlag":true},{"@_fa": "true", "link": [{"@_fa": "true", "@ref": "self", "@href": "https://api.elsevier.com/content/abstract/scopus_id/85059214117"},{"@_fa": "true", "@ref": "author-affiliation", "@href": "https://api.elsevier.com/content/abstract/scopus_id/85059214117?field=author,affiliation"},{"@_fa": "true", "@ref": "scopus", "@href": "https://www.scopus.com/inward/record.uri?partnerID=HzOxMe3b&scp=85059214117&origin=inward"},{"@_fa": "true", "@ref": "scopus-citedby", "@href": "https://www.scopus.com/inward/citedby.uri?partnerID=HzOxMe3b&scp=85059214117&origin=inward"}],"prism:url":"https://api.elsevier.com/content/abstract/scopus_id/85059214117","dc:identifier":"SCOPUS_ID:85059214117","eid":"2-s2.0-85059214117","dc:title":"Tools for planning and designing data communications networks","dc:creator":"Kershenbaum A.","prism:publicationName":"AFIPS Conference Proceedings - 1974 National Computer Conference, AFIPS 1974","prism:pageRange":"583-591","prism:coverDate":"1974-05-06","prism:coverDisplayDate":"6 May 1974","prism:doi":"10.1145/1500175.1500290","citedby-count":"1","affiliation": [{"@_fa": "true", "affilname":"Network Analysis Corporation","affiliation-city":"Glen Cove","affiliation-country":"United States"}],"prism:aggregationType":"Conference Proceeding","subtype":"cp","subtypeDescription":"Conference Paper","source-id":"21100893177","openaccess":"0","openaccessFlag":false},{"@_fa": "true", "link": [{"@_fa": "true", "@ref": "self", "@href": "https://api.elsevier.com/content/abstract/scopus_id/85059217665"},{"@_fa": "true", "@ref": "author-affiliation", "@href": "https://api.elsevier.com/content/abstract/scopus_id/85059217665?field=author,affiliation"},{"@_fa": "true", "@ref": "scopus", "@href": "https://www.scopus.com/inward/record.uri?partnerID=HzOxMe3b&scp=85059217665&origin=inward"},{"@_fa": "true", "@ref": "scopus-citedby", "@href": "https://www.scopus.com/inward/citedby.uri?partnerID=HzOxMe3b&scp=85059217665&origin=inward"}],"prism:url":"https://api.elsevier.com/content/abstract/scopus_id/85059217665","dc:identifier":"SCOPUS_ID:85059217665","eid":"2-s2.0-85059217665","dc:title":"Some computer network interconnection issues","dc:creator":"McKenzie A.","prism:publicationName":"AFIPS Conference Proceedings - 1974 National Computer Conference, AFIPS 1974","prism:pageRange":"857-859","prism:coverDate":"1974-05-06","prism:coverDisplayDate":"6 May 1974","prism:doi":"10.1145/1500175.1500335","citedby-count":"0","affiliation": [{"@_fa": "true", "affilname":"BBN Technologies","affiliation-city":"Cambridge","affiliation-country":"United States"}],"prism:aggregationType":"Conference Proceeding","subtype":"cp","subtypeDescription":"Conference Paper","source-id":"21100893177","openaccess":"0","openaccessFlag":false},{"@_fa": "true", "link": [{"@_fa": "true", "@ref": "self", "@href": "https://api.elsevier.com/content/abstract/scopus_id/84976668766"},{"@_fa": "true", "@ref": "author-affiliation", "@href": "https://api.elsevier.com/content/abstract/scopus_id/84976668766?field=author,affiliation"},{"@_fa": "true", "@ref": "scopus", "@href": "https://www.scopus.com/inward/record.uri?partnerID=HzOxMe3b&scp=84976668766&origin=inward"},{"@_fa": "true", "@ref": "scopus-citedby", "@href": "https://www.scopus.com/inward/citedby.uri?partnerID=HzOxMe3b&scp=84976668766&origin=inward"}],"prism:url":"https://api.elsevier.com/content/abstract/scopus_id/84976668766","dc:identifier":"SCOPUS_ID:84976668766","eid":"2-s2.0-84976668766","dc:title":"On measured behavior of the ARPA network","dc:creator":"Kleinrock L.","prism:publicationName":"AFIPS Conference Proceedings - 1974 National Computer Conference, AFIPS 1974","prism:pageRange":"767-780","prism:coverDate":"1974-05-06","prism:coverDisplayDate":"6 May 1974","prism:doi":"10.1145/1500175.1500320","citedby-count":"5","affiliation": [{"@_fa": "true", "affilname":"University of California, Los Angeles","affiliation-city":"Los Angeles","affiliation-country":"United States"}],"prism:aggregationType":"Conference Proceeding","subtype":"cp","subtypeDescription":"Conference Paper","source-id":"21100893177","openaccess":"0","openaccessFlag":false},{"@_fa": "true", "link": [{"@_fa": "true", "@ref": "self", "@href": "https://api.elsevier.com/content/abstract/scopus_id/85059217319"},{"@_fa": "true", "@ref": "author-affiliation", "@href": "https://api.elsevier.com/content/abstract/scopus_id/85059217319?field=author,affiliation"},{"@_fa": "true", "@ref": "scopus", "@href": "https://www.scopus.com/inward/record.uri?partnerID=HzOxMe3b&scp=85059217319&origin=inward"},{"@_fa": "true", "@ref": "scopus-citedby", "@href": "https://www.scopus.com/inward/citedby.uri?partnerID=HzOxMe3b&scp=85059217319&origin=inward"}],"prism:url":"https://api.elsevier.com/content/abstract/scopus_id/85059217319","dc:identifier":"SCOPUS_ID:85059217319","eid":"2-s2.0-85059217319","dc:title":"New line tariffs and their impact on network design","dc:creator":"Gerla M.","prism:publicationName":"AFIPS Conference Proceedings - 1974 National Computer Conference, AFIPS 1974","prism:pageRange":"577-582","prism:coverDate":"1974-05-06","prism:coverDisplayDate":"6 May 1974","prism:doi":"10.1145/1500175.1500289","citedby-count":"1","affiliation": [{"@_fa": "true", "affilname":"Network Analysis Corporation","affiliation-city":"Glen Cove","affiliation-country":"United States"}],"prism:aggregationType":"Conference Proceeding","subtype":"cp","subtypeDescription":"Conference Paper","source-id":"21100893177","openaccess":"0","openaccessFlag":false},{"@_fa": "true", "link": [{"@_fa": "true", "@ref": "self", "@href": "https://api.elsevier.com/content/abstract/scopus_id/85059212646"},{"@_fa": "true", "@ref": "author-affiliation", "@href": "https://api.elsevier.com/content/abstract/scopus_id/85059212646?field=author,affiliation"},{"@_fa": "true", "@ref": "scopus", "@href": "https://www.scopus.com/inward/record.uri?partnerID=HzOxMe3b&scp=85059212646&origin=inward"},{"@_fa": "true", "@ref": "scopus-citedby", "@href": "https://www.scopus.com/inward/citedby.uri?partnerID=HzOxMe3b&scp=85059212646&origin=inward"}],"prism:url":"https://api.elsevier.com/content/abstract/scopus_id/85059212646","dc:identifier":"SCOPUS_ID:85059212646","eid":"2-s2.0-85059212646","dc:title":"Effective use of data communications hardware","dc:creator":"McGregor P.","prism:publicationName":"AFIPS Conference Proceedings - 1974 National Computer Conference, AFIPS 1974","prism:pageRange":"565-575","prism:coverDate":"1974-05-06","prism:coverDisplayDate":"6 May 1974","prism:doi":"10.1145/1500175.1500288","citedby-count":"1","affiliation": [{"@_fa": "true", "affilname":"Network Analysis Corporation","affiliation-city":"Glen Cove","affiliation-country":"United States"}],"prism:aggregationType":"Conference Proceeding","subtype":"cp","subtypeDescription":"Conference Paper","source-id":"21100893177","openaccess":"0","openaccessFlag":false}]}}