{"search-results":{"opensearch:totalResults":"1754","opensearch:startIndex":"0","opensearch:itemsPerPage":"25","opensearch:Query":{"@role": "request", "@searchTerms": "TITLE-ABS-KEY(\"network\") AND SUBJAREA(SOCI) AND PUBYEAR = 1996", "@startPage": "0"},"link": [{"@_fa": "true", "@ref": "self", "@href": "https://api.elsevier.com/content/search/scopus?start=0&count=25&query=TITLE-ABS-KEY%28%22network%22%29+AND+SUBJAREA%28SOCI%29+AND+PUBYEAR+%3D+1996&apiKey=27d953b4b546791964ebeb768d13e61f&view=STANDARD", "@type": "application/json"},{"@_fa": "true", "@ref": "first", "@href": "https://api.elsevier.com/content/search/scopus?start=0&count=25&query=TITLE-ABS-KEY%28%22network%22%29+AND+SUBJAREA%28SOCI%29+AND+PUBYEAR+%3D+1996&apiKey=27d953b4b546791964ebeb768d13e61f&view=STANDARD", "@type": "application/json"},{"@_fa": "true", "@ref": "next", "@href": "https://api.elsevier.com/content/search/scopus?start=25&count=25&query=TITLE-ABS-KEY%28%22network%22%29+AND+SUBJAREA%28SOCI%29+AND+PUBYEAR+%3D+1996&apiKey=27d953b4b546791964ebeb768d13e61f&view=STANDARD", "@type": "application/json"},{"@_fa": "true", "@ref": "last", "@href": "https://api.elsevier.com/content/search/scopus?start=1729&count=25&query=TITLE-ABS-KEY%28%22network%22%29+AND+SUBJAREA%28SOCI%29+AND+PUBYEAR+%3D+1996&apiKey=27d953b4b546791964ebeb768d13e61f&view=STANDARD", "@type": "application/json"}],"entry": [{"@_fa": "true", "link": [{"@_fa": "true", "@ref": "self", "@href": "https://api.elsevier.com/content/abstract/scopus_id/0029805064"},{"@_fa": "true", "@ref": "author-affiliation", "@href": "https://api.elsevier.com/content/abstract/scopus_id/0029805064?field=author,affiliation"},{"@_fa": "true", "@ref": "scopus", "@href": "https://www.scopus.com/inward/record.uri?partnerID=HzOxMe3b&scp=0029805064&origin=inward"},{"@_fa": "true", "@ref": "scopus-citedby", "@href": "https://www.scopus.com/inward/citedby.uri?partnerID=HzOxMe3b&scp=0029805064&origin=inward"}],"prism:url":"https://api.elsevier.com/content/abstract/scopus_id/0029805064","dc:identifier":"SCOPUS_ID:0029805064","eid":"2-s2.0-0029805064","dc:title":"Legal overview of likely FDA regulation of Internet promotion","dc:creator":"Scheineson M.","prism:publicationName":"Food and Drug Law Journal","prism:issn":"1064590X","prism:volume":"51","prism:issueIdentifier":"4","prism:pageRange":"697-716","prism:coverDate":"1996-12-21","prism:coverDisplayDate":"1996","citedby-count":"8","pubmed-id":"11797736","prism:aggregationType":"Journal","subtype":"re","subtypeDescription":"Review","source-id":"110097","openaccess":"0","openaccessFlag":false},{"@_fa": "true", "link": [{"@_fa": "true", "@ref": "self", "@href": "https://api.elsevier.com/content/abstract/scopus_id/0030595875"},{"@_fa": "true", "@ref": "author-affiliation", "@href": "https://api.elsevier.com/content/abstract/scopus_id/0030595875?field=author,affiliation"},{"@_fa": "true", "@ref": "scopus", "@href": "https://www.scopus.com/inward/record.uri?partnerID=HzOxMe3b&scp=0030595875&origin=inward"},{"@_fa": "true", "@ref": "scopus-citedby", "@href": "https://www.scopus.com/inward/citedby.uri?partnerID=HzOxMe3b&scp=0030595875&origin=inward"}],"prism:url":"https://api.elsevier.com/content/abstract/scopus_id/0030595875","dc:identifier":"SCOPUS_ID:0030595875","eid":"2-s2.0-0030595875","dc:title":"Internet ... isn't just for geeks anymore.","prism:publicationName":"Hospitals &amp; health networks / AHA","prism:issn":"10688838","prism:volume":"70","prism:issueIdentifier":"24","prism:pageRange":"13","prism:coverDate":"1996-12-20","prism:coverDisplayDate":"20 December 1996","citedby-count":"0","pubmed-id":"8994374","prism:aggregationType":"Journal","subtype":"ar","subtypeDescription":"Article","source-id":"13493","openaccess":"0","openaccessFlag":false},{"@_fa": "true", "link": [{"@_fa": "true", "@ref": "self", "@href": "https://api.elsevier.com/content/abstract/scopus_id/0030595874"},{"@_fa": "true", "@ref": "author-affiliation", "@href": "https://api.elsevier.com/content/abstract/scopus_id/0030595874?field=author,affiliation"},{"@_fa": "true", "@ref": "scopus", "@href": "https://www.scopus.com/inward/record.uri?partnerID=HzOxMe3b&scp=0030595874&origin=inward"},{"@_fa": "true", "@ref": "scopus-citedby", "@href": "https://www.scopus.com/inward/citedby.uri?partnerID=HzOxMe3b&scp=0030595874&origin=inward"}],"prism:url":"https://api.elsevier.com/content/abstract/scopus_id/0030595874","dc:identifier":"SCOPUS_ID:0030595874","eid":"2-s2.0-0030595874","dc:title":"Quality watch ... yardsticks for measuring quality are turning up everywhere.","prism:publicationName":"Hospitals &amp; health networks / AHA","prism:issn":"10688838","prism:volume":"70","prism:issueIdentifier":"24","prism:pageRange":"12-13","prism:coverDate":"1996-12-20","prism:coverDisplayDate":"20 December 1996","citedby-count":"0","pubmed-id":"8994372","prism:aggregationType":"Journal","subtype":"ar","subtypeDescription":"Article","source-id":"13493","openaccess":"0","openaccessFlag":false},{"@_fa": "true", "link": [{"@_fa": "true", "@ref": "self", "@href": "https://api.elsevier.com/content/abstract/scopus_id/0030334277"},{"@_fa": "true", "@ref": "author-affiliation", "@href": "https://api.elsevier.com/content/abstract/scopus_id/0030334277?field=author,affiliation"},{"@_fa": "true", "@ref": "scopus", "@href": "https://www.scopus.com/inward/record.uri?partnerID=HzOxMe3b&scp=0030334277&origin=inward"},{"@_fa": "true", "@ref": "scopus-citedby", "@href": "https://www.scopus.com/inward/citedby.uri?partnerID=HzOxMe3b&scp=0030334277&origin=inward"}],"prism:url":"https://api.elsevier.com/content/abstract/scopus_id/0030334277","dc:identifier":"SCOPUS_ID:0030334277","eid":"2-s2.0-0030334277","dc:title":"Identifying and documenting objects and services on the internet: The uniform resource locator","dc:creator":"Delozier E.","prism:publicationName":"Medical Reference Services Quarterly","prism:issn":"02763869","prism:eIssn":"15409597","prism:volume":"15","prism:issueIdentifier":"4","prism:pageRange":"57-62","prism:coverDate":"1996-12-14","prism:coverDisplayDate":"14 December 1996","prism:doi":"10.1300/J115V15N04_05","citedby-count":"0","affiliation": [{"@_fa": "true", "affilname":"Penn State Health Milton S. Hershey Medical Center","affiliation-city":"Hershey","affiliation-country":"United States"}],"pubmed-id":"10164469","prism:aggregationType":"Journal","subtype":"no","subtypeDescription":"Note","source-id":"14721","openaccess":"0","openaccessFlag":false},{"@_fa": "true", "link": [{"@_fa": "true", "@ref": "self", "@href": "https://api.elsevier.com/content/abstract/scopus_id/1542790736"},{"@_fa": "true", "@ref": "author-affiliation", "@href": "https://api.elsevier.com/content/abstract/scopus_id/1542790736?field=author,affiliation"},{"@_fa": "true", "@ref": "scopus", "@href": "https://www.scopus.com/inward/record.uri?partnerID=HzOxMe3b&scp=1542790736&origin=inward"},{"@_fa": "true", "@ref": "scopus-citedby", "@href": "https://www.scopus.com/inward/citedby.uri?partnerID=HzOxMe3b&scp=1542790736&origin=inward"}],"prism:url":"https://api.elsevier.com/content/abstract/scopus_id/1542790736","dc:identifier":"SCOPUS_ID:1542790736","eid":"2-s2.0-1542790736","dc:title":"Computers and medical information: An elective for fourth-year medical students","dc:creator":"Hannigan G.","prism:publicationName":"Medical Reference Services Quarterly","prism:issn":"02763869","prism:eIssn":"15409597","prism:volume":"15","prism:issueIdentifier":"4","prism:pageRange":"81-88","prism:coverDate":"1996-12-14","prism:coverDisplayDate":"14 December 1996","prism:doi":"10.1300/J115V15N04_08","citedby-count":"4","affiliation": [{"@_fa": "true", "affilname":"Texas A and M University","affiliation-city":"College Station","affiliation-country":"United States"}],"pubmed-id":"10164472","prism:aggregationType":"Journal","subtype":"no","subtypeDescription":"Note","source-id":"14721","openaccess":"0","openaccessFlag":false},{"@_fa": "true", "link": [{"@_fa": "true", "@ref": "self", "@href": "https://api.elsevier.com/content/abstract/scopus_id/0030333350"},{"@_fa": "true", "@ref": "author-affiliation", "@href": "https://api.elsevier.com/content/abstract/scopus_id/0030333350?field=author,affiliation"},{"@_fa": "true", "@ref": "scopus", "@href": "https://www.scopus.com/inward/record.uri?partnerID=HzOxMe3b&scp=0030333350&origin=inward"},{"@_fa": "true", "@ref": "scopus-citedby", "@href": "https://www.scopus.com/inward/citedby.uri?partnerID=HzOxMe3b&scp=0030333350&origin=inward"}],"prism:url":"https://api.elsevier.com/content/abstract/scopus_id/0030333350","dc:identifier":"SCOPUS_ID:0030333350","eid":"2-s2.0-0030333350","dc:title":"Health resources on the internet: A basic list","dc:creator":"Judkins D.","prism:publicationName":"Medical Reference Services Quarterly","prism:issn":"02763869","prism:eIssn":"15409597","prism:volume":"15","prism:issueIdentifier":"4","prism:pageRange":"13-20","prism:coverDate":"1996-12-14","prism:coverDisplayDate":"14 December 1996","prism:doi":"10.1300/J115V15N04_02","citedby-count":"2","pubmed-id":"10164466","prism:aggregationType":"Journal","subtype":"ar","subtypeDescription":"Article","source-id":"14721","openaccess":"0","openaccessFlag":false},{"@_fa": "true", "link": [{"@_fa": "true", "@ref": "self", "@href": "https://api.elsevier.com/content/abstract/scopus_id/0030334276"},{"@_fa": "true", "@ref": "author-affiliation", "@href": "https://api.elsevier.com/content/abstract/scopus_id/0030334276?field=author,affiliation"},{"@_fa": "true", "@ref": "scopus", "@href": "https://www.scopus.com/inward/record.uri?partnerID=HzOxMe3b&scp=0030334276&origin=inward"},{"@_fa": "true", "@ref": "scopus-citedby", "@href": "https://www.scopus.com/inward/citedby.uri?partnerID=HzOxMe3b&scp=0030334276&origin=inward"}],"prism:url":"https://api.elsevier.com/content/abstract/scopus_id/0030334276","dc:identifier":"SCOPUS_ID:0030334276","eid":"2-s2.0-0030334276","dc:title":"The literature of women and the acquired immunodeficiency syndrome (AIDS): Implications for collection development and information retrieval","dc:creator":"Gillaspy M.","prism:publicationName":"Medical Reference Services Quarterly","prism:issn":"02763869","prism:eIssn":"15409597","prism:volume":"15","prism:issueIdentifier":"4","prism:pageRange":"21-39","prism:coverDate":"1996-12-14","prism:coverDisplayDate":"14 December 1996","prism:doi":"10.1300/J115V15N04_03","citedby-count":"9","affiliation": [{"@_fa": "true", "affilname":"AIDS Resource Center","affiliation-city":"Dallastown","affiliation-country":"United States"}],"pubmed-id":"10164467","prism:aggregationType":"Journal","subtype":"ar","subtypeDescription":"Article","source-id":"14721","openaccess":"0","openaccessFlag":false},{"@_fa": "true", "link": [{"@_fa": "true", "@ref": "self", "@href": "https://api.elsevier.com/content/abstract/scopus_id/0030347049"},{"@_fa": "true", "@ref": "author-affiliation", "@href": "https://api.elsevier.com/content/abstract/scopus_id/0030347049?field=author,affiliation"},{"@_fa": "true", "@ref": "scopus", "@href": "https://www.scopus.com/inward/record.uri?partnerID=HzOxMe3b&scp=0030347049&origin=inward"},{"@_fa": "true", "@ref": "scopus-citedby", "@href": "https://www.scopus.com/inward/citedby.uri?partnerID=HzOxMe3b&scp=0030347049&origin=inward"}],"prism:url":"https://api.elsevier.com/content/abstract/scopus_id/0030347049","dc:identifier":"SCOPUS_ID:0030347049","eid":"2-s2.0-0030347049","dc:title":"Building the electronic health sciences library for the twenty-first century: The galter library experience","dc:creator":"Shedlock J.","prism:publicationName":"Medical Reference Services Quarterly","prism:issn":"02763869","prism:eIssn":"15409597","prism:volume":"15","prism:issueIdentifier":"4","prism:pageRange":"1-12","prism:coverDate":"1996-12-14","prism:coverDisplayDate":"14 December 1996","prism:doi":"10.1300/J115V15N04_01","citedby-count":"2","affiliation": [{"@_fa": "true", "affilname":"Nonhwestern University","affiliation-city":"Chicago","affiliation-country":"United States"}],"pubmed-id":"10164465","prism:aggregationType":"Journal","subtype":"ar","subtypeDescription":"Article","source-id":"14721","openaccess":"0","openaccessFlag":false},{"@_fa": "true", "link": [{"@_fa": "true", "@ref": "self", "@href": "https://api.elsevier.com/content/abstract/scopus_id/0030424660"},{"@_fa": "true", "@ref": "author-affiliation", "@href": "https://api.elsevier.com/content/abstract/scopus_id/0030424660?field=author,affiliation"},{"@_fa": "true", "@ref": "scopus", "@href": "https://www.scopus.com/inward/record.uri?partnerID=HzOxMe3b&scp=0030424660&origin=inward"},{"@_fa": "true", "@ref": "scopus-citedby", "@href": "https://www.scopus.com/inward/citedby.uri?partnerID=HzOxMe3b&scp=0030424660&origin=inward"}],"prism:url":"https://api.elsevier.com/content/abstract/scopus_id/0030424660","dc:identifier":"SCOPUS_ID:0030424660","eid":"2-s2.0-0030424660","dc:title":"Models of spatial externalities and networks","dc:creator":"Van den Bergh J.","prism:publicationName":"International Journal of Transport Economics","prism:issn":"03918440","prism:volume":"23","prism:issueIdentifier":"2","prism:pageRange":"121-139","prism:coverDate":"1996-12-01","prism:coverDisplayDate":"1996","citedby-count":"0","prism:aggregationType":"Journal","subtype":"ar","subtypeDescription":"Article","source-id":"31912","openaccess":"0","openaccessFlag":false},{"@_fa": "true", "link": [{"@_fa": "true", "@ref": "self", "@href": "https://api.elsevier.com/content/abstract/scopus_id/79958714838"},{"@_fa": "true", "@ref": "author-affiliation", "@href": "https://api.elsevier.com/content/abstract/scopus_id/79958714838?field=author,affiliation"},{"@_fa": "true", "@ref": "scopus", "@href": "https://www.scopus.com/inward/record.uri?partnerID=HzOxMe3b&scp=79958714838&origin=inward"},{"@_fa": "true", "@ref": "scopus-citedby", "@href": "https://www.scopus.com/inward/citedby.uri?partnerID=HzOxMe3b&scp=79958714838&origin=inward"}],"prism:url":"https://api.elsevier.com/content/abstract/scopus_id/79958714838","dc:identifier":"SCOPUS_ID:79958714838","eid":"2-s2.0-79958714838","dc:title":"A network of networks in Latin America","dc:creator":"Ciurlizza A.","prism:publicationName":"Information Development","prism:issn":"02666669","prism:eIssn":"17416469","prism:volume":"12","prism:issueIdentifier":"1","prism:pageRange":"21-25","prism:coverDate":"1996-12-01","prism:coverDisplayDate":"1996","prism:doi":"10.1177/026666699601200107","citedby-count":"0","prism:aggregationType":"Journal","subtype":"ar","subtypeDescription":"Article","source-id":"6400153106","openaccess":"0","openaccessFlag":false},{"@_fa": "true", "link": [{"@_fa": "true", "@ref": "self", "@href": "https://api.elsevier.com/content/abstract/scopus_id/0030440759"},{"@_fa": "true", "@ref": "author-affiliation", "@href": "https://api.elsevier.com/content/abstract/scopus_id/0030440759?field=author,affiliation"},{"@_fa": "true", "@ref": "scopus", "@href": "https://www.scopus.com/inward/record.uri?partnerID=HzOxMe3b&scp=0030440759&origin=inward"},{"@_fa": "true", "@ref": "scopus-citedby", "@href": "https://www.scopus.com/inward/citedby.uri?partnerID=HzOxMe3b&scp=0030440759&origin=inward"}],"prism:url":"https://api.elsevier.com/content/abstract/scopus_id/0030440759","dc:identifier":"SCOPUS_ID:0030440759","eid":"2-s2.0-0030440759","dc:title":"Urban networks - the new approach to inter-communal co-operation and area management","dc:creator":"Spangenberger V.","prism:publicationName":"Raumforschung und Raumordnung","prism:issn":"00340111","prism:volume":"54","prism:issueIdentifier":"5","prism:pageRange":"313-320","prism:coverDate":"1996-12-01","prism:coverDisplayDate":"1996","citedby-count":"1","prism:aggregationType":"Journal","subtype":"ar","subtypeDescription":"Article","source-id":"12452","openaccess":"0","openaccessFlag":false},{"@_fa": "true", "link": [{"@_fa": "true", "@ref": "self", "@href": "https://api.elsevier.com/content/abstract/scopus_id/0030435956"},{"@_fa": "true", "@ref": "author-affiliation", "@href": "https://api.elsevier.com/content/abstract/scopus_id/0030435956?field=author,affiliation"},{"@_fa": "true", "@ref": "scopus", "@href": "https://www.scopus.com/inward/record.uri?partnerID=HzOxMe3b&scp=0030435956&origin=inward"},{"@_fa": "true", "@ref": "scopus-citedby", "@href": "https://www.scopus.com/inward/citedby.uri?partnerID=HzOxMe3b&scp=0030435956&origin=inward"}],"prism:url":"https://api.elsevier.com/content/abstract/scopus_id/0030435956","dc:identifier":"SCOPUS_ID:0030435956","eid":"2-s2.0-0030435956","dc:title":"3D urban models for cellular radio network planning","dc:creator":"Siebe E.","prism:publicationName":"Geo-Informations-Systeme","prism:issn":"09351523","prism:volume":"9","prism:issueIdentifier":"4","prism:pageRange":"21-29","prism:coverDate":"1996-12-01","prism:coverDisplayDate":"1996","citedby-count":"1","prism:aggregationType":"Journal","subtype":"ar","subtypeDescription":"Article","source-id":"21100829247","openaccess":"0","openaccessFlag":false},{"@_fa": "true", "link": [{"@_fa": "true", "@ref": "self", "@href": "https://api.elsevier.com/content/abstract/scopus_id/0030390773"},{"@_fa": "true", "@ref": "author-affiliation", "@href": "https://api.elsevier.com/content/abstract/scopus_id/0030390773?field=author,affiliation"},{"@_fa": "true", "@ref": "scopus", "@href": "https://www.scopus.com/inward/record.uri?partnerID=HzOxMe3b&scp=0030390773&origin=inward"},{"@_fa": "true", "@ref": "scopus-citedby", "@href": "https://www.scopus.com/inward/citedby.uri?partnerID=HzOxMe3b&scp=0030390773&origin=inward"}],"prism:url":"https://api.elsevier.com/content/abstract/scopus_id/0030390773","dc:identifier":"SCOPUS_ID:0030390773","eid":"2-s2.0-0030390773","dc:title":"Networks and embeddedness in the dynamic types of new industrial districts","dc:creator":"Park S.","prism:publicationName":"Progress in Human Geography","prism:issn":"03091325","prism:volume":"20","prism:issueIdentifier":"4","prism:pageRange":"476-493","prism:coverDate":"1996-12-01","prism:coverDisplayDate":"1996","citedby-count":"66","affiliation": [{"@_fa": "true", "affilname":"Seoul National University","affiliation-city":"Seoul","affiliation-country":"South Korea"}],"prism:aggregationType":"Journal","subtype":"ar","subtypeDescription":"Article","source-id":"12442","openaccess":"0","openaccessFlag":false},{"@_fa": "true", "link": [{"@_fa": "true", "@ref": "self", "@href": "https://api.elsevier.com/content/abstract/scopus_id/27844483201"},{"@_fa": "true", "@ref": "author-affiliation", "@href": "https://api.elsevier.com/content/abstract/scopus_id/27844483201?field=author,affiliation"},{"@_fa": "true", "@ref": "scopus", "@href": "https://www.scopus.com/inward/record.uri?partnerID=HzOxMe3b&scp=27844483201&origin=inward"},{"@_fa": "true", "@ref": "scopus-citedby", "@href": "https://www.scopus.com/inward/citedby.uri?partnerID=HzOxMe3b&scp=27844483201&origin=inward"}],"prism:url":"https://api.elsevier.com/content/abstract/scopus_id/27844483201","dc:identifier":"SCOPUS_ID:27844483201","eid":"2-s2.0-27844483201","dc:title":"Developing assessment techniques for statewide electronic networks","dc:creator":"Bertot J.","prism:publicationName":"Proceedings of the ASIS Annual Meeting","prism:issn":"00447870","prism:volume":"33","prism:pageRange":"110-117","prism:coverDate":"1996-12-01","prism:coverDisplayDate":"1996","citedby-count":"5","affiliation": [{"@_fa": "true", "affilname":"University of Maryland, Baltimore County","affiliation-city":"Baltimore","affiliation-country":"United States"}],"prism:aggregationType":"Journal","subtype":"ar","subtypeDescription":"Article","source-id":"31428","openaccess":"0","openaccessFlag":false},{"@_fa": "true", "link": [{"@_fa": "true", "@ref": "self", "@href": "https://api.elsevier.com/content/abstract/scopus_id/84992975015"},{"@_fa": "true", "@ref": "author-affiliation", "@href": "https://api.elsevier.com/content/abstract/scopus_id/84992975015?field=author,affiliation"},{"@_fa": "true", "@ref": "scopus", "@href": "https://www.scopus.com/inward/record.uri?partnerID=HzOxMe3b&scp=84992975015&origin=inward"},{"@_fa": "true", "@ref": "scopus-citedby", "@href": "https://www.scopus.com/inward/citedby.uri?partnerID=HzOxMe3b&scp=84992975015&origin=inward"}],"prism:url":"https://api.elsevier.com/content/abstract/scopus_id/84992975015","dc:identifier":"SCOPUS_ID:84992975015","eid":"2-s2.0-84992975015","dc:title":"Network","prism:publicationName":"Journal of Integrated Care","prism:issn":"14769018","prism:volume":"4","prism:issueIdentifier":"6","prism:pageRange":"211-216","prism:coverDate":"1996-12-01","prism:coverDisplayDate":"1 December 1996","prism:doi":"10.1108/14769018199600031","citedby-count":"0","prism:aggregationType":"Journal","subtype":"re","subtypeDescription":"Review","source-id":"19700201800","openaccess":"0","openaccessFlag":false},{"@_fa": "true", "link": [{"@_fa": "true", "@ref": "self", "@href": "https://api.elsevier.com/content/abstract/scopus_id/0030104965"},{"@_fa": "true", "@ref": "author-affiliation", "@href": "https://api.elsevier.com/content/abstract/scopus_id/0030104965?field=author,affiliation"},{"@_fa": "true", "@ref": "scopus", "@href": "https://www.scopus.com/inward/record.uri?partnerID=HzOxMe3b&scp=0030104965&origin=inward"},{"@_fa": "true", "@ref": "scopus-citedby", "@href": "https://www.scopus.com/inward/citedby.uri?partnerID=HzOxMe3b&scp=0030104965&origin=inward"}],"prism:url":"https://api.elsevier.com/content/abstract/scopus_id/0030104965","dc:identifier":"SCOPUS_ID:0030104965","eid":"2-s2.0-0030104965","dc:title":"A simple analysis of average queueing delay in tree networks","dc:creator":"Modiano E.","prism:publicationName":"IEEE Transactions on Information Theory","prism:issn":"00189448","prism:volume":"42","prism:issueIdentifier":"2","prism:pageRange":"660-664","prism:coverDate":"1996-12-01","prism:coverDisplayDate":"1996","prism:doi":"10.1109/18.485740","pii":"S0018944896010292","citedby-count":"12","affiliation": [{"@_fa": "true", "affilname":"Naval Research Laboratory","affiliation-city":"Washington, D.C.","affiliation-country":"United States"},{"@_fa": "true", "affilname":"MIT Lincoln Laboratory","affiliation-city":"Lexington","affiliation-country":"United States"}],"prism:aggregationType":"Journal","subtype":"ar","subtypeDescription":"Article","source-id":"15107","openaccess":"0","openaccessFlag":false},{"@_fa": "true", "link": [{"@_fa": "true", "@ref": "self", "@href": "https://api.elsevier.com/content/abstract/scopus_id/0030432739"},{"@_fa": "true", "@ref": "author-affiliation", "@href": "https://api.elsevier.com/content/abstract/scopus_id/0030432739?field=author,affiliation"},{"@_fa": "true", "@ref": "scopus", "@href": "https://www.scopus.com/inward/record.uri?partnerID=HzOxMe3b&scp=0030432739&origin=inward"},{"@_fa": "true", "@ref": "scopus-citedby", "@href": "https://www.scopus.com/inward/citedby.uri?partnerID=HzOxMe3b&scp=0030432739&origin=inward"}],"prism:url":"https://api.elsevier.com/content/abstract/scopus_id/0030432739","dc:identifier":"SCOPUS_ID:0030432739","eid":"2-s2.0-0030432739","dc:title":"Transports et aménagement du territoire : Cartographie par images de synthèse d'une métrique réseau","dc:creator":"L'Hostis A.","prism:publicationName":"Mappemonde","prism:issn":"07643470","prism:issueIdentifier":"3","prism:pageRange":"37-43","prism:coverDate":"1996-12-01","prism:coverDisplayDate":"1996","citedby-count":"8","prism:aggregationType":"Journal","subtype":"ar","subtypeDescription":"Article","source-id":"145738","openaccess":"0","openaccessFlag":false},{"@_fa": "true", "link": [{"@_fa": "true", "@ref": "self", "@href": "https://api.elsevier.com/content/abstract/scopus_id/24944541185"},{"@_fa": "true", "@ref": "author-affiliation", "@href": "https://api.elsevier.com/content/abstract/scopus_id/24944541185?field=author,affiliation"},{"@_fa": "true", "@ref": "scopus", "@href": "https://www.scopus.com/inward/record.uri?partnerID=HzOxMe3b&scp=24944541185&origin=inward"},{"@_fa": "true", "@ref": "scopus-citedby", "@href": "https://www.scopus.com/inward/citedby.uri?partnerID=HzOxMe3b&scp=24944541185&origin=inward"}],"prism:url":"https://api.elsevier.com/content/abstract/scopus_id/24944541185","dc:identifier":"SCOPUS_ID:24944541185","eid":"2-s2.0-24944541185","dc:title":"Personal networks of older people in a Delhi neighbourhood","dc:creator":"Chadha N.","prism:publicationName":"Indian Journal of Social Work","prism:issn":"00195634","prism:volume":"57","prism:issueIdentifier":"3","prism:pageRange":"426-428","prism:coverDate":"1996-12-01","prism:coverDisplayDate":"1996","citedby-count":"5","affiliation": [{"@_fa": "true", "affilname":"University of Kentucky","affiliation-city":"Lexington","affiliation-country":"United States"}],"prism:aggregationType":"Journal","subtype":"ar","subtypeDescription":"Article","source-id":"29759","openaccess":"0","openaccessFlag":false},{"@_fa": "true", "link": [{"@_fa": "true", "@ref": "self", "@href": "https://api.elsevier.com/content/abstract/scopus_id/0030456496"},{"@_fa": "true", "@ref": "author-affiliation", "@href": "https://api.elsevier.com/content/abstract/scopus_id/0030456496?field=author,affiliation"},{"@_fa": "true", "@ref": "scopus", "@href": "https://www.scopus.com/inward/record.uri?partnerID=HzOxMe3b&scp=0030456496&origin=inward"},{"@_fa": "true", "@ref": "scopus-citedby", "@href": "https://www.scopus.com/inward/citedby.uri?partnerID=HzOxMe3b&scp=0030456496&origin=inward"}],"prism:url":"https://api.elsevier.com/content/abstract/scopus_id/0030456496","dc:identifier":"SCOPUS_ID:0030456496","eid":"2-s2.0-0030456496","dc:title":"Privatisation in the Baltic states: a new geodetic network for Riga","dc:creator":"Zumments U.","prism:publicationName":"Geomatics Info Magazine","prism:issn":"09281436","prism:volume":"10","prism:issueIdentifier":"5","prism:pageRange":"62-65","prism:coverDate":"1996-12-01","prism:coverDisplayDate":"1996","citedby-count":"0","prism:aggregationType":"Journal","subtype":"ar","subtypeDescription":"Article","source-id":"51696","openaccess":"0","openaccessFlag":false},{"@_fa": "true", "link": [{"@_fa": "true", "@ref": "self", "@href": "https://api.elsevier.com/content/abstract/scopus_id/0242479214"},{"@_fa": "true", "@ref": "author-affiliation", "@href": "https://api.elsevier.com/content/abstract/scopus_id/0242479214?field=author,affiliation"},{"@_fa": "true", "@ref": "scopus", "@href": "https://www.scopus.com/inward/record.uri?partnerID=HzOxMe3b&scp=0242479214&origin=inward"},{"@_fa": "true", "@ref": "scopus-citedby", "@href": "https://www.scopus.com/inward/citedby.uri?partnerID=HzOxMe3b&scp=0242479214&origin=inward"}],"prism:url":"https://api.elsevier.com/content/abstract/scopus_id/0242479214","dc:identifier":"SCOPUS_ID:0242479214","eid":"2-s2.0-0242479214","dc:title":"A bidirectional search approach for restoring circuits in communication networks","dc:creator":"Gyires T.","prism:publicationName":"Journal of Computer Information Systems","prism:issn":"08874417","prism:volume":"37","prism:issueIdentifier":"2","prism:pageRange":"85-93","prism:coverDate":"1996-12-01","prism:coverDisplayDate":"December 1996","citedby-count":"5","affiliation": [{"@_fa": "true", "affilname":"Illinois State University","affiliation-city":"Chicago","affiliation-country":"United States"}],"prism:aggregationType":"Journal","subtype":"ar","subtypeDescription":"Article","source-id":"12373","openaccess":"0","openaccessFlag":false},{"@_fa": "true", "link": [{"@_fa": "true", "@ref": "self", "@href": "https://api.elsevier.com/content/abstract/scopus_id/0030423997"},{"@_fa": "true", "@ref": "author-affiliation", "@href": "https://api.elsevier.com/content/abstract/scopus_id/0030423997?field=author,affiliation"},{"@_fa": "true", "@ref": "scopus", "@href": "https://www.scopus.com/inward/record.uri?partnerID=HzOxMe3b&scp=0030423997&origin=inward"},{"@_fa": "true", "@ref": "scopus-citedby", "@href": "https://www.scopus.com/inward/citedby.uri?partnerID=HzOxMe3b&scp=0030423997&origin=inward"}],"prism:url":"https://api.elsevier.com/content/abstract/scopus_id/0030423997","dc:identifier":"SCOPUS_ID:0030423997","eid":"2-s2.0-0030423997","dc:title":"City networks - Aspects of a new conceptual approach towards regional co-operation and regional development","dc:creator":"Brake K.","prism:publicationName":"Geographische Zeitschrift","prism:issn":"00167479","prism:volume":"84","prism:issueIdentifier":"1","prism:pageRange":"16-26","prism:coverDate":"1996-12-01","prism:coverDisplayDate":"1996","citedby-count":"0","prism:aggregationType":"Journal","subtype":"ar","subtypeDescription":"Article","source-id":"28757","openaccess":"0","openaccessFlag":false},{"@_fa": "true", "link": [{"@_fa": "true", "@ref": "self", "@href": "https://api.elsevier.com/content/abstract/scopus_id/0030327965"},{"@_fa": "true", "@ref": "author-affiliation", "@href": "https://api.elsevier.com/content/abstract/scopus_id/0030327965?field=author,affiliation"},{"@_fa": "true", "@ref": "scopus", "@href": "https://www.scopus.com/inward/record.uri?partnerID=HzOxMe3b&scp=0030327965&origin=inward"},{"@_fa": "true", "@ref": "scopus-citedby", "@href": "https://www.scopus.com/inward/citedby.uri?partnerID=HzOxMe3b&scp=0030327965&origin=inward"}],"prism:url":"https://api.elsevier.com/content/abstract/scopus_id/0030327965","dc:identifier":"SCOPUS_ID:0030327965","eid":"2-s2.0-0030327965","dc:title":"On actor-network theory: A few clarifications","dc:creator":"Latour B.","prism:publicationName":"Soziale Welt","prism:issn":"00386073","prism:volume":"47","prism:issueIdentifier":"4","prism:pageRange":"369-381","prism:coverDate":"1996-12-01","prism:coverDisplayDate":"1996","citedby-count":"549","prism:aggregationType":"Journal","subtype":"re","subtypeDescription":"Review","source-id":"18192","openaccess":"0","openaccessFlag":false},{"@_fa": "true", "link": [{"@_fa": "true", "@ref": "self", "@href": "https://api.elsevier.com/content/abstract/scopus_id/0005434726"},{"@_fa": "true", "@ref": "author-affiliation", "@href": "https://api.elsevier.com/content/abstract/scopus_id/0005434726?field=author,affiliation"},{"@_fa": "true", "@ref": "scopus", "@href": "https://www.scopus.com/inward/record.uri?partnerID=HzOxMe3b&scp=0005434726&origin=inward"},{"@_fa": "true", "@ref": "scopus-citedby", "@href": "https://www.scopus.com/inward/citedby.uri?partnerID=HzOxMe3b&scp=0005434726&origin=inward"}],"prism:url":"https://api.elsevier.com/content/abstract/scopus_id/0005434726","dc:identifier":"SCOPUS_ID:0005434726","eid":"2-s2.0-0005434726","dc:title":"Networks and evaluating public-sector reforms","dc:creator":"Bulder B.","prism:publicationName":"Evaluation","prism:issn":"13563890","prism:eIssn":"14617153","prism:volume":"2","prism:issueIdentifier":"3","prism:pageRange":"261-276","prism:coverDate":"1996-12-01","prism:coverDisplayDate":"1996","prism:doi":"10.1177/135638909600200302","citedby-count":"7","affiliation": [{"@_fa": "true", "affilname":"Utrecht University","affiliation-city":"Utrecht","affiliation-country":"Netherlands"}],"prism:aggregationType":"Journal","subtype":"ar","subtypeDescription":"Article","source-id":"70397","openaccess":"0","openaccessFlag":false},{"@_fa": "true", "link": [{"@_fa": "true", "@ref": "self", "@href": "https://api.elsevier.com/content/abstract/scopus_id/76249130925"},{"@_fa": "true", "@ref": "author-affiliation", "@href": "https://api.elsevier.com/content/abstract/scopus_id/76249130925?field=author,affiliation"},{"@_fa": "true", "@ref": "scopus", "@href": "https://www.scopus.com/inward/record.uri?partnerID=HzOxMe3b&scp=76249130925&origin=inward"},{"@_fa": "true", "@ref": "scopus-citedby", "@href": "https://www.scopus.com/inward/citedby.uri?partnerID=HzOxMe3b&scp=76249130925&origin=inward"}],"prism:url":"https://api.elsevier.com/content/abstract/scopus_id/76249130925","dc:identifier":"SCOPUS_ID:76249130925","eid":"2-s2.0-76249130925","dc:title":"Information economies and an analysis of the networks of corruption","dc:creator":"Cartier-Bresson J.","prism:publicationName":"HERMES","prism:issn":"07679513","prism:eIssn":"19631006","prism:issueIdentifier":"19","prism:pageRange":"211-224","prism:coverDate":"1996-12-01","prism:coverDisplayDate":"1996","citedby-count":"1","prism:aggregationType":"Journal","subtype":"ar","subtypeDescription":"Article","source-id":"28865","openaccess":"0","openaccessFlag":false},{"@_fa": "true", "link": [{"@_fa": "true", "@ref": "self", "@href": "https://api.elsevier.com/content/abstract/scopus_id/79958706482"},{"@_fa": "true", "@ref": "author-affiliation", "@href": "https://api.elsevier.com/content/abstract/scopus_id/79958706482?field=author,affiliation"},{"@_fa": "true", "@ref": "scopus", "@href": "https://www.scopus.com/inward/record.uri?partnerID=HzOxMe3b&scp=79958706482&origin=inward"},{"@_fa": "true", "@ref": "scopus-citedby", "@href": "https://www.scopus.com/inward/citedby.uri?partnerID=HzOxMe3b&scp=79958706482&origin=inward"}],"prism:url":"https://api.elsevier.com/content/abstract/scopus_id/79958706482","dc:identifier":"SCOPUS_ID:79958706482","eid":"2-s2.0-79958706482","dc:title":"Exploiting network information resources for collection development in libraries","dc:creator":"Chaudhry A.","prism:publicationName":"IFLA Journal","prism:issn":"03400352","prism:eIssn":"17452651","prism:volume":"22","prism:issueIdentifier":"3","prism:pageRange":"191-198","prism:coverDate":"1996-12-01","prism:coverDisplayDate":"1996","prism:doi":"10.1177/034003529602200304","citedby-count":"4","prism:aggregationType":"Journal","subtype":"ar","subtypeDescription":"Article","source-id":"16800154717","openaccess":"0","openaccessFlag":false}]}}