{"search-results":{"opensearch:totalResults":"105","opensearch:startIndex":"0","opensearch:itemsPerPage":"25","opensearch:Query":{"@role": "request", "@searchTerms": "TITLE-ABS-KEY(\"network\") AND SUBJAREA(SOCI) AND PUBYEAR = 1973", "@startPage": "0"},"link": [{"@_fa": "true", "@ref": "self", "@href": "https://api.elsevier.com/content/search/scopus?start=0&count=25&query=TITLE-ABS-KEY%28%22network%22%29+AND+SUBJAREA%28SOCI%29+AND+PUBYEAR+%3D+1973&apiKey=27d953b4b546791964ebeb768d13e61f&view=STANDARD", "@type": "application/json"},{"@_fa": "true", "@ref": "first", "@href": "https://api.elsevier.com/content/search/scopus?start=0&count=25&query=TITLE-ABS-KEY%28%22network%22%29+AND+SUBJAREA%28SOCI%29+AND+PUBYEAR+%3D+1973&apiKey=27d953b4b546791964ebeb768d13e61f&view=STANDARD", "@type": "application/json"},{"@_fa": "true", "@ref": "next", "@href": "https://api.elsevier.com/content/search/scopus?start=25&count=25&query=TITLE-ABS-KEY%28%22network%22%29+AND+SUBJAREA%28SOCI%29+AND+PUBYEAR+%3D+1973&apiKey=27d953b4b546791964ebeb768d13e61f&view=STANDARD", "@type": "application/json"},{"@_fa": "true", "@ref": "last", "@href": "https://api.elsevier.com/content/search/scopus?start=80&count=25&query=TITLE-ABS-KEY%28%22network%22%29+AND+SUBJAREA%28SOCI%29+AND+PUBYEAR+%3D+1973&apiKey=27d953b4b546791964ebeb768d13e61f&view=STANDARD", "@type": "application/json"}],"entry": [{"@_fa": "true", "link": [{"@_fa": "true", "@ref": "self", "@href": "https://api.elsevier.com/content/abstract/scopus_id/0015762184"},{"@_fa": "true", "@ref": "author-affiliation", "@href": "https://api.elsevier.com/content/abstract/scopus_id/0015762184?field=author,affiliation"},{"@_fa": "true", "@ref": "scopus", "@href": "https://www.scopus.com/inward/record.uri?partnerID=HzOxMe3b&scp=0015762184&origin=inward"},{"@_fa": "true", "@ref": "scopus-citedby", "@href": "https://www.scopus.com/inward/citedby.uri?partnerID=HzOxMe3b&scp=0015762184&origin=inward"}],"prism:url":"https://api.elsevier.com/content/abstract/scopus_id/0015762184","dc:identifier":"SCOPUS_ID:0015762184","eid":"2-s2.0-0015762184","dc:title":"Community structure constraints on distribution of physicians","dc:creator":"Rushing W.","prism:publicationName":"Health Services Research","prism:issn":"00179124","prism:volume":"8","prism:issueIdentifier":"4","prism:pageRange":"283-297","prism:coverDate":"1973-12-01","prism:coverDisplayDate":"1973","citedby-count":"15","affiliation": [{"@_fa": "true", "affilname":"Vanderbilt University","affiliation-city":"Nashville","affiliation-country":"United States"}],"pubmed-id":"4783752","prism:aggregationType":"Journal","subtype":"ar","subtypeDescription":"Article","source-id":"13408","openaccess":"0","openaccessFlag":false},{"@_fa": "true", "link": [{"@_fa": "true", "@ref": "self", "@href": "https://api.elsevier.com/content/abstract/scopus_id/0015842766"},{"@_fa": "true", "@ref": "author-affiliation", "@href": "https://api.elsevier.com/content/abstract/scopus_id/0015842766?field=author,affiliation"},{"@_fa": "true", "@ref": "scopus", "@href": "https://www.scopus.com/inward/record.uri?partnerID=HzOxMe3b&scp=0015842766&origin=inward"},{"@_fa": "true", "@ref": "scopus-citedby", "@href": "https://www.scopus.com/inward/citedby.uri?partnerID=HzOxMe3b&scp=0015842766&origin=inward"}],"prism:url":"https://api.elsevier.com/content/abstract/scopus_id/0015842766","dc:identifier":"SCOPUS_ID:0015842766","eid":"2-s2.0-0015842766","dc:title":"Hospital organizational performance and size","dc:creator":"Starkweather D.","prism:publicationName":"Inquiry","prism:issn":"00469580","prism:volume":"10","prism:issueIdentifier":"3","prism:pageRange":"10-18","prism:coverDate":"1973-12-01","prism:coverDisplayDate":"1973","citedby-count":"2","pubmed-id":"4269725","prism:aggregationType":"Journal","subtype":"ar","subtypeDescription":"Article","source-id":"14699","openaccess":"0","openaccessFlag":false},{"@_fa": "true", "link": [{"@_fa": "true", "@ref": "self", "@href": "https://api.elsevier.com/content/abstract/scopus_id/84914255425"},{"@_fa": "true", "@ref": "author-affiliation", "@href": "https://api.elsevier.com/content/abstract/scopus_id/84914255425?field=author,affiliation"},{"@_fa": "true", "@ref": "scopus", "@href": "https://www.scopus.com/inward/record.uri?partnerID=HzOxMe3b&scp=84914255425&origin=inward"},{"@_fa": "true", "@ref": "scopus-citedby", "@href": "https://www.scopus.com/inward/citedby.uri?partnerID=HzOxMe3b&scp=84914255425&origin=inward"}],"prism:url":"https://api.elsevier.com/content/abstract/scopus_id/84914255425","dc:identifier":"SCOPUS_ID:84914255425","eid":"2-s2.0-84914255425","dc:title":"Application of geomorphic data to archaeology: A comment","dc:creator":"Weide D.","prism:publicationName":"American Antiquity","prism:issn":"00027316","prism:volume":"38","prism:issueIdentifier":"4","prism:pageRange":"428-431","prism:coverDate":"1973-10-01","prism:coverDisplayDate":"1 October 1973","prism:doi":"10.2307/279148","pii":"S0002731600087023","citedby-count":"2","affiliation": [{"@_fa": "true", "affilname":"University of California, Los Angeles","affiliation-city":"Los Angeles","affiliation-country":"United States"}],"prism:aggregationType":"Journal","subtype":"re","subtypeDescription":"Review","source-id":"40554","openaccess":"0","openaccessFlag":false},{"@_fa": "true", "link": [{"@_fa": "true", "@ref": "self", "@href": "https://api.elsevier.com/content/abstract/scopus_id/34250427457"},{"@_fa": "true", "@ref": "author-affiliation", "@href": "https://api.elsevier.com/content/abstract/scopus_id/34250427457?field=author,affiliation"},{"@_fa": "true", "@ref": "scopus", "@href": "https://www.scopus.com/inward/record.uri?partnerID=HzOxMe3b&scp=34250427457&origin=inward"},{"@_fa": "true", "@ref": "scopus-citedby", "@href": "https://www.scopus.com/inward/citedby.uri?partnerID=HzOxMe3b&scp=34250427457&origin=inward"}],"prism:url":"https://api.elsevier.com/content/abstract/scopus_id/34250427457","dc:identifier":"SCOPUS_ID:34250427457","eid":"2-s2.0-34250427457","dc:title":"A technique for the investigation of scheme benefits in large-scale transport networks","dc:creator":"Foster J.","prism:publicationName":"Transportation","prism:issn":"00494488","prism:eIssn":"15729435","prism:volume":"2","prism:issueIdentifier":"3","prism:pageRange":"321-335","prism:coverDate":"1973-10-01","prism:coverDisplayDate":"October 1973","prism:doi":"10.1007/BF00243360","citedby-count":"1","prism:aggregationType":"Journal","subtype":"ar","subtypeDescription":"Article","source-id":"20864","openaccess":"0","openaccessFlag":false},{"@_fa": "true", "link": [{"@_fa": "true", "@ref": "self", "@href": "https://api.elsevier.com/content/abstract/scopus_id/84949395601"},{"@_fa": "true", "@ref": "author-affiliation", "@href": "https://api.elsevier.com/content/abstract/scopus_id/84949395601?field=author,affiliation"},{"@_fa": "true", "@ref": "scopus", "@href": "https://www.scopus.com/inward/record.uri?partnerID=HzOxMe3b&scp=84949395601&origin=inward"},{"@_fa": "true", "@ref": "scopus-citedby", "@href": "https://www.scopus.com/inward/citedby.uri?partnerID=HzOxMe3b&scp=84949395601&origin=inward"}],"prism:url":"https://api.elsevier.com/content/abstract/scopus_id/84949395601","dc:identifier":"SCOPUS_ID:84949395601","eid":"2-s2.0-84949395601","dc:title":"differences in style and preference","dc:creator":"Belbin M.","prism:publicationName":"Industrial and Commercial Training","prism:issn":"00197858","prism:volume":"5","prism:issueIdentifier":"10","prism:pageRange":"478-479","prism:coverDate":"1973-10-01","prism:coverDisplayDate":"1 October 1973","prism:doi":"10.1108/eb003350","citedby-count":"0","prism:aggregationType":"Journal","subtype":"re","subtypeDescription":"Review","source-id":"145250","openaccess":"0","openaccessFlag":false},{"@_fa": "true", "link": [{"@_fa": "true", "@ref": "self", "@href": "https://api.elsevier.com/content/abstract/scopus_id/84963144401"},{"@_fa": "true", "@ref": "author-affiliation", "@href": "https://api.elsevier.com/content/abstract/scopus_id/84963144401?field=author,affiliation"},{"@_fa": "true", "@ref": "scopus", "@href": "https://www.scopus.com/inward/record.uri?partnerID=HzOxMe3b&scp=84963144401&origin=inward"},{"@_fa": "true", "@ref": "scopus-citedby", "@href": "https://www.scopus.com/inward/citedby.uri?partnerID=HzOxMe3b&scp=84963144401&origin=inward"}],"prism:url":"https://api.elsevier.com/content/abstract/scopus_id/84963144401","dc:identifier":"SCOPUS_ID:84963144401","eid":"2-s2.0-84963144401","dc:title":"Images of colonial port royal, south carolina","dc:creator":"Kovacik C.","prism:publicationName":"Annals of the Association of American Geographers","prism:issn":"00045608","prism:eIssn":"14678306","prism:volume":"63","prism:issueIdentifier":"3","prism:pageRange":"331-340","prism:coverDate":"1973-09-01","prism:coverDisplayDate":"1 September 1973","prism:doi":"10.1111/j.1467-8306.1973.tb00930.x","citedby-count":"5","affiliation": [{"@_fa": "true", "affilname":"University of South Carolina","affiliation-city":"Columbia","affiliation-country":"United States"}],"prism:aggregationType":"Journal","subtype":"ar","subtypeDescription":"Article","source-id":"27492","openaccess":"0","openaccessFlag":false},{"@_fa": "true", "link": [{"@_fa": "true", "@ref": "self", "@href": "https://api.elsevier.com/content/abstract/scopus_id/0003141105"},{"@_fa": "true", "@ref": "author-affiliation", "@href": "https://api.elsevier.com/content/abstract/scopus_id/0003141105?field=author,affiliation"},{"@_fa": "true", "@ref": "scopus", "@href": "https://www.scopus.com/inward/record.uri?partnerID=HzOxMe3b&scp=0003141105&origin=inward"},{"@_fa": "true", "@ref": "scopus-citedby", "@href": "https://www.scopus.com/inward/citedby.uri?partnerID=HzOxMe3b&scp=0003141105&origin=inward"}],"prism:url":"https://api.elsevier.com/content/abstract/scopus_id/0003141105","dc:identifier":"SCOPUS_ID:0003141105","eid":"2-s2.0-0003141105","dc:title":"The structural implications of measurement error in sociometry","dc:creator":"Holland P.","prism:publicationName":"The Journal of Mathematical Sociology","prism:issn":"0022250X","prism:eIssn":"15455874","prism:volume":"3","prism:issueIdentifier":"1","prism:pageRange":"85-111","prism:coverDate":"1973-07-01","prism:coverDisplayDate":"1 July 1973","prism:doi":"10.1080/0022250X.1973.9989825","citedby-count":"122","affiliation": [{"@_fa": "true", "affilname":"National Bureau of Economic Research","affiliation-city":"Cambridge","affiliation-country":"United States"}],"prism:aggregationType":"Journal","subtype":"ar","subtypeDescription":"Article","source-id":"19349","openaccess":"0","openaccessFlag":false},{"@_fa": "true", "link": [{"@_fa": "true", "@ref": "self", "@href": "https://api.elsevier.com/content/abstract/scopus_id/85060216796"},{"@_fa": "true", "@ref": "author-affiliation", "@href": "https://api.elsevier.com/content/abstract/scopus_id/85060216796?field=author,affiliation"},{"@_fa": "true", "@ref": "scopus", "@href": "https://www.scopus.com/inward/record.uri?partnerID=HzOxMe3b&scp=85060216796&origin=inward"},{"@_fa": "true", "@ref": "scopus-citedby", "@href": "https://www.scopus.com/inward/citedby.uri?partnerID=HzOxMe3b&scp=85060216796&origin=inward"}],"prism:url":"https://api.elsevier.com/content/abstract/scopus_id/85060216796","dc:identifier":"SCOPUS_ID:85060216796","eid":"2-s2.0-85060216796","dc:title":"ACCNET — A corporate computer network","dc:creator":"Coleman M.","prism:publicationName":"AFIPS Conference Proceedings - 1973 National Computer Conference and Exposition, AFIPS 1973","prism:pageRange":"133-140","prism:coverDate":"1973-06-04","prism:coverDisplayDate":"4 June 1973","citedby-count":"0","affiliation": [{"@_fa": "true", "affilname":"Alcoa","affiliation-city":"New York","affiliation-country":"United States"}],"prism:aggregationType":"Conference Proceeding","subtype":"cp","subtypeDescription":"Conference Paper","source-id":"21100895307","openaccess":"0","openaccessFlag":false},{"@_fa": "true", "link": [{"@_fa": "true", "@ref": "self", "@href": "https://api.elsevier.com/content/abstract/scopus_id/85060232346"},{"@_fa": "true", "@ref": "author-affiliation", "@href": "https://api.elsevier.com/content/abstract/scopus_id/85060232346?field=author,affiliation"},{"@_fa": "true", "@ref": "scopus", "@href": "https://www.scopus.com/inward/record.uri?partnerID=HzOxMe3b&scp=85060232346&origin=inward"},{"@_fa": "true", "@ref": "scopus-citedby", "@href": "https://www.scopus.com/inward/citedby.uri?partnerID=HzOxMe3b&scp=85060232346&origin=inward"}],"prism:url":"https://api.elsevier.com/content/abstract/scopus_id/85060232346","dc:identifier":"SCOPUS_ID:85060232346","eid":"2-s2.0-85060232346","dc:title":"Avoiding simulation in simulating computer communication networks","dc:creator":"van Slyke R.","prism:publicationName":"AFIPS Conference Proceedings - 1973 National Computer Conference and Exposition, AFIPS 1973","prism:pageRange":"165-169","prism:coverDate":"1973-06-04","prism:coverDisplayDate":"4 June 1973","citedby-count":"0","affiliation": [{"@_fa": "true", "affilname":"Network Analysis Corporation","affiliation-city":"Glen Cove","affiliation-country":"United States"}],"prism:aggregationType":"Conference Proceeding","subtype":"cp","subtypeDescription":"Conference Paper","source-id":"21100895307","openaccess":"0","openaccessFlag":false},{"@_fa": "true", "link": [{"@_fa": "true", "@ref": "self", "@href": "https://api.elsevier.com/content/abstract/scopus_id/85060187375"},{"@_fa": "true", "@ref": "author-affiliation", "@href": "https://api.elsevier.com/content/abstract/scopus_id/85060187375?field=author,affiliation"},{"@_fa": "true", "@ref": "scopus", "@href": "https://www.scopus.com/inward/record.uri?partnerID=HzOxMe3b&scp=85060187375&origin=inward"},{"@_fa": "true", "@ref": "scopus-citedby", "@href": "https://www.scopus.com/inward/citedby.uri?partnerID=HzOxMe3b&scp=85060187375&origin=inward"}],"prism:url":"https://api.elsevier.com/content/abstract/scopus_id/85060187375","dc:identifier":"SCOPUS_ID:85060187375","eid":"2-s2.0-85060187375","dc:title":"Design of tree networks for distributed data","dc:creator":"Casey R.","prism:publicationName":"AFIPS Conference Proceedings - 1973 National Computer Conference and Exposition, AFIPS 1973","prism:pageRange":"251-257","prism:coverDate":"1973-06-04","prism:coverDisplayDate":"4 June 1973","citedby-count":"1","affiliation": [{"@_fa": "true", "affilname":"IBM Almaden Research Center","affiliation-city":"San Jose","affiliation-country":"United States"}],"prism:aggregationType":"Conference Proceeding","subtype":"cp","subtypeDescription":"Conference Paper","source-id":"21100895307","openaccess":"0","openaccessFlag":false},{"@_fa": "true", "link": [{"@_fa": "true", "@ref": "self", "@href": "https://api.elsevier.com/content/abstract/scopus_id/84946341913"},{"@_fa": "true", "@ref": "author-affiliation", "@href": "https://api.elsevier.com/content/abstract/scopus_id/84946341913?field=author,affiliation"},{"@_fa": "true", "@ref": "scopus", "@href": "https://www.scopus.com/inward/record.uri?partnerID=HzOxMe3b&scp=84946341913&origin=inward"},{"@_fa": "true", "@ref": "scopus-citedby", "@href": "https://www.scopus.com/inward/citedby.uri?partnerID=HzOxMe3b&scp=84946341913&origin=inward"}],"prism:url":"https://api.elsevier.com/content/abstract/scopus_id/84946341913","dc:identifier":"SCOPUS_ID:84946341913","eid":"2-s2.0-84946341913","dc:title":"Interactive graphics for computer aided network design","dc:creator":"Franklin J.","prism:publicationName":"AFIPS Conference Proceedings - 1973 National Computer Conference and Exposition, AFIPS 1973","prism:pageRange":"677-683","prism:coverDate":"1973-06-04","prism:coverDisplayDate":"4 June 1973","citedby-count":"1","affiliation": [{"@_fa": "true", "affilname":"The Naval Ordnance Laboratory","affiliation-city":"Silver Spring","affiliation-country":"United States"}],"prism:aggregationType":"Conference Proceeding","subtype":"cp","subtypeDescription":"Conference Paper","source-id":"21100895307","openaccess":"0","openaccessFlag":false},{"@_fa": "true", "link": [{"@_fa": "true", "@ref": "self", "@href": "https://api.elsevier.com/content/abstract/scopus_id/85059173534"},{"@_fa": "true", "@ref": "author-affiliation", "@href": "https://api.elsevier.com/content/abstract/scopus_id/85059173534?field=author,affiliation"},{"@_fa": "true", "@ref": "scopus", "@href": "https://www.scopus.com/inward/record.uri?partnerID=HzOxMe3b&scp=85059173534&origin=inward"},{"@_fa": "true", "@ref": "scopus-citedby", "@href": "https://www.scopus.com/inward/citedby.uri?partnerID=HzOxMe3b&scp=85059173534&origin=inward"}],"prism:url":"https://api.elsevier.com/content/abstract/scopus_id/85059173534","dc:identifier":"SCOPUS_ID:85059173534","eid":"2-s2.0-85059173534","dc:title":"A new minicomputer/multiprocessor for the ARPA network","dc:creator":"Heart F.","prism:publicationName":"AFIPS Conference Proceedings - 1973 National Computer Conference and Exposition, AFIPS 1973","prism:pageRange":"529-537","prism:coverDate":"1973-06-04","prism:coverDisplayDate":"4 June 1973","citedby-count":"6","affiliation": [{"@_fa": "true", "affilname":"BBN Technologies","affiliation-city":"Cambridge","affiliation-country":"United States"}],"prism:aggregationType":"Conference Proceeding","subtype":"cp","subtypeDescription":"Conference Paper","source-id":"21100895307","openaccess":"0","openaccessFlag":false},{"@_fa": "true", "link": [{"@_fa": "true", "@ref": "self", "@href": "https://api.elsevier.com/content/abstract/scopus_id/85060191072"},{"@_fa": "true", "@ref": "author-affiliation", "@href": "https://api.elsevier.com/content/abstract/scopus_id/85060191072?field=author,affiliation"},{"@_fa": "true", "@ref": "scopus", "@href": "https://www.scopus.com/inward/record.uri?partnerID=HzOxMe3b&scp=85060191072&origin=inward"},{"@_fa": "true", "@ref": "scopus-citedby", "@href": "https://www.scopus.com/inward/citedby.uri?partnerID=HzOxMe3b&scp=85060191072&origin=inward"}],"prism:url":"https://api.elsevier.com/content/abstract/scopus_id/85060191072","dc:identifier":"SCOPUS_ID:85060191072","eid":"2-s2.0-85060191072","dc:title":"A non-associative arithmetic for shapes of channel networks","dc:creator":"Dacey M.","prism:publicationName":"AFIPS Conference Proceedings - 1973 National Computer Conference and Exposition, AFIPS 1973","prism:pageRange":"503-508","prism:coverDate":"1973-06-04","prism:coverDisplayDate":"4 June 1973","citedby-count":"0","affiliation": [{"@_fa": "true", "affilname":"Northwestern University","affiliation-city":"Evanston","affiliation-country":"United States"}],"prism:aggregationType":"Conference Proceeding","subtype":"cp","subtypeDescription":"Conference Paper","source-id":"21100895307","openaccess":"0","openaccessFlag":false},{"@_fa": "true", "link": [{"@_fa": "true", "@ref": "self", "@href": "https://api.elsevier.com/content/abstract/scopus_id/85059281911"},{"@_fa": "true", "@ref": "author-affiliation", "@href": "https://api.elsevier.com/content/abstract/scopus_id/85059281911?field=author,affiliation"},{"@_fa": "true", "@ref": "scopus", "@href": "https://www.scopus.com/inward/record.uri?partnerID=HzOxMe3b&scp=85059281911&origin=inward"},{"@_fa": "true", "@ref": "scopus-citedby", "@href": "https://www.scopus.com/inward/citedby.uri?partnerID=HzOxMe3b&scp=85059281911&origin=inward"}],"prism:url":"https://api.elsevier.com/content/abstract/scopus_id/85059281911","dc:identifier":"SCOPUS_ID:85059281911","eid":"2-s2.0-85059281911","dc:title":"Simulation—A tool for performance evaluation in network computers","dc:creator":"Bowdon E.","prism:publicationName":"AFIPS Conference Proceedings - 1973 National Computer Conference and Exposition, AFIPS 1973","prism:pageRange":"121-131","prism:coverDate":"1973-06-04","prism:coverDisplayDate":"4 June 1973","citedby-count":"2","affiliation": [{"@_fa": "true", "affilname":"University of Illinois at Urbana-Champaign","affiliation-city":"Urbana","affiliation-country":"United States"}],"prism:aggregationType":"Conference Proceeding","subtype":"cp","subtypeDescription":"Conference Paper","source-id":"21100895307","openaccess":"0","openaccessFlag":false},{"@_fa": "true", "link": [{"@_fa": "true", "@ref": "self", "@href": "https://api.elsevier.com/content/abstract/scopus_id/85059130799"},{"@_fa": "true", "@ref": "author-affiliation", "@href": "https://api.elsevier.com/content/abstract/scopus_id/85059130799?field=author,affiliation"},{"@_fa": "true", "@ref": "scopus", "@href": "https://www.scopus.com/inward/record.uri?partnerID=HzOxMe3b&scp=85059130799&origin=inward"},{"@_fa": "true", "@ref": "scopus-citedby", "@href": "https://www.scopus.com/inward/citedby.uri?partnerID=HzOxMe3b&scp=85059130799&origin=inward"}],"prism:url":"https://api.elsevier.com/content/abstract/scopus_id/85059130799","dc:identifier":"SCOPUS_ID:85059130799","eid":"2-s2.0-85059130799","dc:title":"A system of APL functions to study computer networks","dc:creator":"Friedman T.","prism:publicationName":"AFIPS Conference Proceedings - 1973 National Computer Conference and Exposition, AFIPS 1973","prism:pageRange":"141-148","prism:coverDate":"1973-06-04","prism:coverDisplayDate":"4 June 1973","citedby-count":"1","affiliation": [{"@_fa": "true", "affilname":"IBM Almaden Research Center","affiliation-city":"San Jose","affiliation-country":"United States"}],"prism:aggregationType":"Conference Proceeding","subtype":"cp","subtypeDescription":"Conference Paper","source-id":"21100895307","openaccess":"0","openaccessFlag":false},{"@_fa": "true", "link": [{"@_fa": "true", "@ref": "self", "@href": "https://api.elsevier.com/content/abstract/scopus_id/85060194690"},{"@_fa": "true", "@ref": "author-affiliation", "@href": "https://api.elsevier.com/content/abstract/scopus_id/85060194690?field=author,affiliation"},{"@_fa": "true", "@ref": "scopus", "@href": "https://www.scopus.com/inward/record.uri?partnerID=HzOxMe3b&scp=85060194690&origin=inward"},{"@_fa": "true", "@ref": "scopus-citedby", "@href": "https://www.scopus.com/inward/citedby.uri?partnerID=HzOxMe3b&scp=85060194690&origin=inward"}],"prism:url":"https://api.elsevier.com/content/abstract/scopus_id/85060194690","dc:identifier":"SCOPUS_ID:85060194690","eid":"2-s2.0-85060194690","dc:title":"A high-level language for use with multi-computer networks","dc:creator":"Kriloff H.","prism:publicationName":"AFIPS Conference Proceedings - 1973 National Computer Conference and Exposition, AFIPS 1973","prism:pageRange":"149-153","prism:coverDate":"1973-06-04","prism:coverDisplayDate":"4 June 1973","citedby-count":"0","affiliation": [{"@_fa": "true", "affilname":"University of Illinois at Chicago","affiliation-city":"Chicago","affiliation-country":"United States"}],"prism:aggregationType":"Conference Proceeding","subtype":"cp","subtypeDescription":"Conference Paper","source-id":"21100895307","openaccess":"0","openaccessFlag":false},{"@_fa": "true", "link": [{"@_fa": "true", "@ref": "self", "@href": "https://api.elsevier.com/content/abstract/scopus_id/85060206776"},{"@_fa": "true", "@ref": "author-affiliation", "@href": "https://api.elsevier.com/content/abstract/scopus_id/85060206776?field=author,affiliation"},{"@_fa": "true", "@ref": "scopus", "@href": "https://www.scopus.com/inward/record.uri?partnerID=HzOxMe3b&scp=85060206776&origin=inward"},{"@_fa": "true", "@ref": "scopus-citedby", "@href": "https://www.scopus.com/inward/citedby.uri?partnerID=HzOxMe3b&scp=85060206776&origin=inward"}],"prism:url":"https://api.elsevier.com/content/abstract/scopus_id/85060206776","dc:identifier":"SCOPUS_ID:85060206776","eid":"2-s2.0-85060206776","dc:title":"The social implications of the use of computers across national boundaries","dc:creator":"Nanus B.","prism:publicationName":"AFIPS Conference Proceedings - 1973 National Computer Conference and Exposition, AFIPS 1973","prism:pageRange":"735-745","prism:coverDate":"1973-06-04","prism:coverDisplayDate":"4 June 1973","citedby-count":"0","affiliation": [{"@_fa": "true", "affilname":"University of Southern California","affiliation-city":"Los Angeles","affiliation-country":"United States"}],"prism:aggregationType":"Conference Proceeding","subtype":"cp","subtypeDescription":"Conference Paper","source-id":"21100895307","openaccess":"0","openaccessFlag":false},{"@_fa": "true", "link": [{"@_fa": "true", "@ref": "self", "@href": "https://api.elsevier.com/content/abstract/scopus_id/85060209120"},{"@_fa": "true", "@ref": "author-affiliation", "@href": "https://api.elsevier.com/content/abstract/scopus_id/85060209120?field=author,affiliation"},{"@_fa": "true", "@ref": "scopus", "@href": "https://www.scopus.com/inward/record.uri?partnerID=HzOxMe3b&scp=85060209120&origin=inward"},{"@_fa": "true", "@ref": "scopus-citedby", "@href": "https://www.scopus.com/inward/citedby.uri?partnerID=HzOxMe3b&scp=85060209120&origin=inward"}],"prism:url":"https://api.elsevier.com/content/abstract/scopus_id/85060209120","dc:identifier":"SCOPUS_ID:85060209120","eid":"2-s2.0-85060209120","dc:title":"AFIPS Conference Proceedings - 1973 National Computer Conference and Exposition, AFIPS 1973","prism:publicationName":"AFIPS Conference Proceedings - 1973 National Computer Conference and Exposition, AFIPS 1973","prism:pageRange":null,"prism:coverDate":"1973-06-04","prism:coverDisplayDate":"4 June 1973","citedby-count":"0","prism:aggregationType":"Conference Proceeding","subtype":"cr","subtypeDescription":"Conference Review","source-id":"21100895307","openaccess":"0","openaccessFlag":false},{"@_fa": "true", "link": [{"@_fa": "true", "@ref": "self", "@href": "https://api.elsevier.com/content/abstract/scopus_id/85060192376"},{"@_fa": "true", "@ref": "author-affiliation", "@href": "https://api.elsevier.com/content/abstract/scopus_id/85060192376?field=author,affiliation"},{"@_fa": "true", "@ref": "scopus", "@href": "https://www.scopus.com/inward/record.uri?partnerID=HzOxMe3b&scp=85060192376&origin=inward"},{"@_fa": "true", "@ref": "scopus-citedby", "@href": "https://www.scopus.com/inward/citedby.uri?partnerID=HzOxMe3b&scp=85060192376&origin=inward"}],"prism:url":"https://api.elsevier.com/content/abstract/scopus_id/85060192376","dc:identifier":"SCOPUS_ID:85060192376","eid":"2-s2.0-85060192376","dc:title":"Optimal file allocation in multi-level storage systems","dc:creator":"Chen P.","prism:publicationName":"AFIPS Conference Proceedings - 1973 National Computer Conference and Exposition, AFIPS 1973","prism:pageRange":"277-282","prism:coverDate":"1973-06-04","prism:coverDisplayDate":"4 June 1973","citedby-count":"0","affiliation": [{"@_fa": "true", "affilname":"Harvard University","affiliation-city":"Cambridge","affiliation-country":"United States"}],"prism:aggregationType":"Conference Proceeding","subtype":"cp","subtypeDescription":"Conference Paper","source-id":"21100895307","openaccess":"0","openaccessFlag":false},{"@_fa": "true", "link": [{"@_fa": "true", "@ref": "self", "@href": "https://api.elsevier.com/content/abstract/scopus_id/85060190015"},{"@_fa": "true", "@ref": "author-affiliation", "@href": "https://api.elsevier.com/content/abstract/scopus_id/85060190015?field=author,affiliation"},{"@_fa": "true", "@ref": "scopus", "@href": "https://www.scopus.com/inward/record.uri?partnerID=HzOxMe3b&scp=85060190015&origin=inward"},{"@_fa": "true", "@ref": "scopus-citedby", "@href": "https://www.scopus.com/inward/citedby.uri?partnerID=HzOxMe3b&scp=85060190015&origin=inward"}],"prism:url":"https://api.elsevier.com/content/abstract/scopus_id/85060190015","dc:identifier":"SCOPUS_ID:85060190015","eid":"2-s2.0-85060190015","dc:title":"Graphics, problem solving and virtual systems","dc:creator":"Dunn R.","prism:publicationName":"AFIPS Conference Proceedings - 1973 National Computer Conference and Exposition, AFIPS 1973","prism:pageRange":"23-30","prism:coverDate":"1973-06-04","prism:coverDisplayDate":"4 June 1973","citedby-count":"0","affiliation": [{"@_fa": "true", "affilname":"U.S. Army Communications and Electronics Command","affiliation-city":"Fort Monmouth","affiliation-country":"United States"}],"prism:aggregationType":"Conference Proceeding","subtype":"cp","subtypeDescription":"Conference Paper","source-id":"21100895307","openaccess":"0","openaccessFlag":false},{"@_fa": "true", "link": [{"@_fa": "true", "@ref": "self", "@href": "https://api.elsevier.com/content/abstract/scopus_id/34250452911"},{"@_fa": "true", "@ref": "author-affiliation", "@href": "https://api.elsevier.com/content/abstract/scopus_id/34250452911?field=author,affiliation"},{"@_fa": "true", "@ref": "scopus", "@href": "https://www.scopus.com/inward/record.uri?partnerID=HzOxMe3b&scp=34250452911&origin=inward"},{"@_fa": "true", "@ref": "scopus-citedby", "@href": "https://www.scopus.com/inward/citedby.uri?partnerID=HzOxMe3b&scp=34250452911&origin=inward"}],"prism:url":"https://api.elsevier.com/content/abstract/scopus_id/34250452911","dc:identifier":"SCOPUS_ID:34250452911","eid":"2-s2.0-34250452911","dc:title":"The state-of-the-art of \"comprehensive\" planning","dc:creator":"Howard J.","prism:publicationName":"Transportation","prism:issn":"00494488","prism:eIssn":"15729435","prism:volume":"1","prism:issueIdentifier":"4","prism:pageRange":"365-377","prism:coverDate":"1973-03-01","prism:coverDisplayDate":"March 1973","prism:doi":"10.1007/BF00172387","citedby-count":"0","prism:aggregationType":"Journal","subtype":"ar","subtypeDescription":"Article","source-id":"20864","openaccess":"0","openaccessFlag":false},{"@_fa": "true", "link": [{"@_fa": "true", "@ref": "self", "@href": "https://api.elsevier.com/content/abstract/scopus_id/0015588103"},{"@_fa": "true", "@ref": "author-affiliation", "@href": "https://api.elsevier.com/content/abstract/scopus_id/0015588103?field=author,affiliation"},{"@_fa": "true", "@ref": "scopus", "@href": "https://www.scopus.com/inward/record.uri?partnerID=HzOxMe3b&scp=0015588103&origin=inward"},{"@_fa": "true", "@ref": "scopus-citedby", "@href": "https://www.scopus.com/inward/citedby.uri?partnerID=HzOxMe3b&scp=0015588103&origin=inward"}],"prism:url":"https://api.elsevier.com/content/abstract/scopus_id/0015588103","dc:identifier":"SCOPUS_ID:0015588103","eid":"2-s2.0-0015588103","dc:title":"Dissemination of Scientific and Technological Information in Canada","dc:creator":"Ember G.","prism:publicationName":"Journal of Chemical Documentation","prism:issn":"00219576","prism:volume":"13","prism:issueIdentifier":"1","prism:pageRange":"4-7","prism:coverDate":"1973-02-01","prism:coverDisplayDate":"1 February 1973","prism:doi":"10.1021/c160048a003","citedby-count":"2","affiliation": [{"@_fa": "true", "affilname":"National Research Council Canada","affiliation-city":"Ottawa ON,","affiliation-country":"Canada"}],"prism:aggregationType":"Journal","subtype":"ar","subtypeDescription":"Article","source-id":"42042","openaccess":"0","openaccessFlag":false},{"@_fa": "true", "link": [{"@_fa": "true", "@ref": "self", "@href": "https://api.elsevier.com/content/abstract/scopus_id/0002591330"},{"@_fa": "true", "@ref": "author-affiliation", "@href": "https://api.elsevier.com/content/abstract/scopus_id/0002591330?field=author,affiliation"},{"@_fa": "true", "@ref": "scopus", "@href": "https://www.scopus.com/inward/record.uri?partnerID=HzOxMe3b&scp=0002591330&origin=inward"},{"@_fa": "true", "@ref": "scopus-citedby", "@href": "https://www.scopus.com/inward/citedby.uri?partnerID=HzOxMe3b&scp=0002591330&origin=inward"}],"prism:url":"https://api.elsevier.com/content/abstract/scopus_id/0002591330","dc:identifier":"SCOPUS_ID:0002591330","eid":"2-s2.0-0002591330","dc:title":"The Network City","dc:creator":"CRAVEN P.","prism:publicationName":"Sociological Inquiry","prism:issn":"00380245","prism:eIssn":"1475682X","prism:volume":"43","prism:issueIdentifier":"3-4","prism:pageRange":"57-88","prism:coverDate":"1973-01-01","prism:coverDisplayDate":"July 1973","prism:doi":"10.1111/j.1475-682X.1973.tb00003.x","citedby-count":"106","affiliation": [{"@_fa": "true", "affilname":"University of Toronto","affiliation-city":"Toronto","affiliation-country":"Canada"}],"prism:aggregationType":"Journal","subtype":"ar","subtypeDescription":"Article","source-id":"18086","openaccess":"0","openaccessFlag":false},{"@_fa": "true", "link": [{"@_fa": "true", "@ref": "self", "@href": "https://api.elsevier.com/content/abstract/scopus_id/84973676999"},{"@_fa": "true", "@ref": "author-affiliation", "@href": "https://api.elsevier.com/content/abstract/scopus_id/84973676999?field=author,affiliation"},{"@_fa": "true", "@ref": "scopus", "@href": "https://www.scopus.com/inward/record.uri?partnerID=HzOxMe3b&scp=84973676999&origin=inward"},{"@_fa": "true", "@ref": "scopus-citedby", "@href": "https://www.scopus.com/inward/citedby.uri?partnerID=HzOxMe3b&scp=84973676999&origin=inward"}],"prism:url":"https://api.elsevier.com/content/abstract/scopus_id/84973676999","dc:identifier":"SCOPUS_ID:84973676999","eid":"2-s2.0-84973676999","dc:title":"Race Relations in Television News: A Content Analysis of the Networks","dc:creator":"Pride R.","prism:publicationName":"Journalism &amp; Mass Communication Quarterly","prism:issn":"10776990","prism:eIssn":"2161430x","prism:volume":"50","prism:issueIdentifier":"2","prism:pageRange":"319-328","prism:coverDate":"1973-01-01","prism:coverDisplayDate":"June 1973","prism:doi":"10.1177/107769907305000215","citedby-count":"5","affiliation": [{"@_fa": "true", "affilname":"Vanderbilt University","affiliation-city":"Nashville","affiliation-country":"United States"}],"prism:aggregationType":"Journal","subtype":"re","subtypeDescription":"Review","source-id":"20687","openaccess":"0","openaccessFlag":false},{"@_fa": "true", "link": [{"@_fa": "true", "@ref": "self", "@href": "https://api.elsevier.com/content/abstract/scopus_id/0007255217"},{"@_fa": "true", "@ref": "author-affiliation", "@href": "https://api.elsevier.com/content/abstract/scopus_id/0007255217?field=author,affiliation"},{"@_fa": "true", "@ref": "scopus", "@href": "https://www.scopus.com/inward/record.uri?partnerID=HzOxMe3b&scp=0007255217&origin=inward"},{"@_fa": "true", "@ref": "scopus-citedby", "@href": "https://www.scopus.com/inward/citedby.uri?partnerID=HzOxMe3b&scp=0007255217&origin=inward"}],"prism:url":"https://api.elsevier.com/content/abstract/scopus_id/0007255217","dc:identifier":"SCOPUS_ID:0007255217","eid":"2-s2.0-0007255217","dc:title":"Everyday Life in Stochastic Networks","dc:creator":"White H.","prism:publicationName":"Sociological Inquiry","prism:issn":"00380245","prism:eIssn":"1475682X","prism:volume":"43","prism:issueIdentifier":"1","prism:pageRange":"43-49","prism:coverDate":"1973-01-01","prism:coverDisplayDate":"January 1973","prism:doi":"10.1111/j.1475-682X.1973.tb01150.x","citedby-count":"17","affiliation": [{"@_fa": "true", "affilname":"Harvard University","affiliation-city":"Cambridge","affiliation-country":"United States"}],"prism:aggregationType":"Journal","subtype":"ar","subtypeDescription":"Article","source-id":"18086","openaccess":"0","openaccessFlag":false}]}}