{"search-results":{"opensearch:totalResults":"515","opensearch:startIndex":"0","opensearch:itemsPerPage":"25","opensearch:Query":{"@role": "request", "@searchTerms": "TITLE-ABS-KEY(\"network\") AND SUBJAREA(SOCI) AND PUBYEAR = 1986", "@startPage": "0"},"link": [{"@_fa": "true", "@ref": "self", "@href": "https://api.elsevier.com/content/search/scopus?start=0&count=25&query=TITLE-ABS-KEY%28%22network%22%29+AND+SUBJAREA%28SOCI%29+AND+PUBYEAR+%3D+1986&apiKey=27d953b4b546791964ebeb768d13e61f&view=STANDARD", "@type": "application/json"},{"@_fa": "true", "@ref": "first", "@href": "https://api.elsevier.com/content/search/scopus?start=0&count=25&query=TITLE-ABS-KEY%28%22network%22%29+AND+SUBJAREA%28SOCI%29+AND+PUBYEAR+%3D+1986&apiKey=27d953b4b546791964ebeb768d13e61f&view=STANDARD", "@type": "application/json"},{"@_fa": "true", "@ref": "next", "@href": "https://api.elsevier.com/content/search/scopus?start=25&count=25&query=TITLE-ABS-KEY%28%22network%22%29+AND+SUBJAREA%28SOCI%29+AND+PUBYEAR+%3D+1986&apiKey=27d953b4b546791964ebeb768d13e61f&view=STANDARD", "@type": "application/json"},{"@_fa": "true", "@ref": "last", "@href": "https://api.elsevier.com/content/search/scopus?start=490&count=25&query=TITLE-ABS-KEY%28%22network%22%29+AND+SUBJAREA%28SOCI%29+AND+PUBYEAR+%3D+1986&apiKey=27d953b4b546791964ebeb768d13e61f&view=STANDARD", "@type": "application/json"}],"entry": [{"@_fa": "true", "link": [{"@_fa": "true", "@ref": "self", "@href": "https://api.elsevier.com/content/abstract/scopus_id/84952218875"},{"@_fa": "true", "@ref": "author-affiliation", "@href": "https://api.elsevier.com/content/abstract/scopus_id/84952218875?field=author,affiliation"},{"@_fa": "true", "@ref": "scopus", "@href": "https://www.scopus.com/inward/record.uri?partnerID=HzOxMe3b&scp=84952218875&origin=inward"},{"@_fa": "true", "@ref": "scopus-citedby", "@href": "https://www.scopus.com/inward/citedby.uri?partnerID=HzOxMe3b&scp=84952218875&origin=inward"}],"prism:url":"https://api.elsevier.com/content/abstract/scopus_id/84952218875","dc:identifier":"SCOPUS_ID:84952218875","eid":"2-s2.0-84952218875","dc:title":"Archival and bibliographic information networks","dc:creator":"Bearman D.","prism:publicationName":"Journal of Library Administration","prism:issn":"01930826","prism:eIssn":"15403564","prism:volume":"7","prism:issueIdentifier":"2-3","prism:pageRange":"99-110","prism:coverDate":"1986-12-17","prism:coverDisplayDate":"17 December 1986","prism:doi":"10.1300/J111v07n02_08","citedby-count":"3","prism:aggregationType":"Journal","subtype":"ar","subtypeDescription":"Article","source-id":"4700152795","openaccess":"0","openaccessFlag":false},{"@_fa": "true", "link": [{"@_fa": "true", "@ref": "self", "@href": "https://api.elsevier.com/content/abstract/scopus_id/84948477601"},{"@_fa": "true", "@ref": "author-affiliation", "@href": "https://api.elsevier.com/content/abstract/scopus_id/84948477601?field=author,affiliation"},{"@_fa": "true", "@ref": "scopus", "@href": "https://www.scopus.com/inward/record.uri?partnerID=HzOxMe3b&scp=84948477601&origin=inward"},{"@_fa": "true", "@ref": "scopus-citedby", "@href": "https://www.scopus.com/inward/citedby.uri?partnerID=HzOxMe3b&scp=84948477601&origin=inward"}],"prism:url":"https://api.elsevier.com/content/abstract/scopus_id/84948477601","dc:identifier":"SCOPUS_ID:84948477601","eid":"2-s2.0-84948477601","dc:title":"Networking in the southeast","dc:creator":"Cravey G.","prism:publicationName":"Technical Services Quarterly","prism:issn":"07317131","prism:volume":"4","prism:issueIdentifier":"1","prism:pageRange":"55-67","prism:coverDate":"1986-12-02","prism:coverDisplayDate":"2 December 1986","prism:doi":"10.1300/J124v04n01_07","citedby-count":"1","prism:aggregationType":"Journal","subtype":"ar","subtypeDescription":"Article","source-id":"4700152722","openaccess":"0","openaccessFlag":false},{"@_fa": "true", "link": [{"@_fa": "true", "@ref": "self", "@href": "https://api.elsevier.com/content/abstract/scopus_id/84948484012"},{"@_fa": "true", "@ref": "author-affiliation", "@href": "https://api.elsevier.com/content/abstract/scopus_id/84948484012?field=author,affiliation"},{"@_fa": "true", "@ref": "scopus", "@href": "https://www.scopus.com/inward/record.uri?partnerID=HzOxMe3b&scp=84948484012&origin=inward"},{"@_fa": "true", "@ref": "scopus-citedby", "@href": "https://www.scopus.com/inward/citedby.uri?partnerID=HzOxMe3b&scp=84948484012&origin=inward"}],"prism:url":"https://api.elsevier.com/content/abstract/scopus_id/84948484012","dc:identifier":"SCOPUS_ID:84948484012","eid":"2-s2.0-84948484012","dc:title":"Archival tape processing: Considerations for a network","dc:creator":"Babel D.","prism:publicationName":"Technical Services Quarterly","prism:issn":"07317131","prism:volume":"4","prism:issueIdentifier":"1","prism:pageRange":"11-18","prism:coverDate":"1986-12-02","prism:coverDisplayDate":"2 December 1986","prism:doi":"10.1300/J124v04n01_03","citedby-count":"1","prism:aggregationType":"Journal","subtype":"ar","subtypeDescription":"Article","source-id":"4700152722","openaccess":"0","openaccessFlag":false},{"@_fa": "true", "link": [{"@_fa": "true", "@ref": "self", "@href": "https://api.elsevier.com/content/abstract/scopus_id/0008245850"},{"@_fa": "true", "@ref": "author-affiliation", "@href": "https://api.elsevier.com/content/abstract/scopus_id/0008245850?field=author,affiliation"},{"@_fa": "true", "@ref": "scopus", "@href": "https://www.scopus.com/inward/record.uri?partnerID=HzOxMe3b&scp=0008245850&origin=inward"},{"@_fa": "true", "@ref": "scopus-citedby", "@href": "https://www.scopus.com/inward/citedby.uri?partnerID=HzOxMe3b&scp=0008245850&origin=inward"}],"prism:url":"https://api.elsevier.com/content/abstract/scopus_id/0008245850","dc:identifier":"SCOPUS_ID:0008245850","eid":"2-s2.0-0008245850","dc:title":"Engaging competent others: A study of the support networks of people with mental handicap","dc:creator":"Atkinson D.","prism:publicationName":"British Journal of Social Work","prism:issn":"00453102","prism:volume":"16","prism:issueIdentifier":"SUPP1","prism:pageRange":"83-101","prism:coverDate":"1986-12-01","prism:coverDisplayDate":"1986","citedby-count":"25","affiliation": [{"@_fa": "true", "affilname":"Open University","affiliation-city":"Milton Keynes","affiliation-country":"United Kingdom"}],"prism:aggregationType":"Journal","subtype":"ar","subtypeDescription":"Article","source-id":"28710","openaccess":"0","openaccessFlag":false},{"@_fa": "true", "link": [{"@_fa": "true", "@ref": "self", "@href": "https://api.elsevier.com/content/abstract/scopus_id/0010067232"},{"@_fa": "true", "@ref": "author-affiliation", "@href": "https://api.elsevier.com/content/abstract/scopus_id/0010067232?field=author,affiliation"},{"@_fa": "true", "@ref": "scopus", "@href": "https://www.scopus.com/inward/record.uri?partnerID=HzOxMe3b&scp=0010067232&origin=inward"},{"@_fa": "true", "@ref": "scopus-citedby", "@href": "https://www.scopus.com/inward/citedby.uri?partnerID=HzOxMe3b&scp=0010067232&origin=inward"}],"prism:url":"https://api.elsevier.com/content/abstract/scopus_id/0010067232","dc:identifier":"SCOPUS_ID:0010067232","eid":"2-s2.0-0010067232","dc:title":"Integrating formal and informal social care-the utilization of social support networks","dc:creator":"Olsen M.","prism:publicationName":"British Journal of Social Work","prism:issn":"00453102","prism:volume":"16","prism:issueIdentifier":"SUPP1","prism:pageRange":"15-22","prism:coverDate":"1986-12-01","prism:coverDisplayDate":"1986","citedby-count":"6","affiliation": [{"@_fa": "true", "affilname":"University of Birmingham","affiliation-city":"Birmingham","affiliation-country":"United Kingdom"}],"prism:aggregationType":"Journal","subtype":"ar","subtypeDescription":"Article","source-id":"28710","openaccess":"0","openaccessFlag":false},{"@_fa": "true", "link": [{"@_fa": "true", "@ref": "self", "@href": "https://api.elsevier.com/content/abstract/scopus_id/0022903141"},{"@_fa": "true", "@ref": "author-affiliation", "@href": "https://api.elsevier.com/content/abstract/scopus_id/0022903141?field=author,affiliation"},{"@_fa": "true", "@ref": "scopus", "@href": "https://www.scopus.com/inward/record.uri?partnerID=HzOxMe3b&scp=0022903141&origin=inward"},{"@_fa": "true", "@ref": "scopus-citedby", "@href": "https://www.scopus.com/inward/citedby.uri?partnerID=HzOxMe3b&scp=0022903141&origin=inward"}],"prism:url":"https://api.elsevier.com/content/abstract/scopus_id/0022903141","dc:identifier":"SCOPUS_ID:0022903141","eid":"2-s2.0-0022903141","dc:title":"PROGRESS IN WIDE-AREA PACKET RADIO.","dc:creator":"Lynch C.","prism:publicationName":"Proceedings of the ASIS Annual Meeting","prism:issn":"00447870","prism:isbn": [{"@_fa": "true", "$" :"0938734148"}],"prism:volume":"23","prism:pageRange":"167-177","prism:coverDate":"1986-12-01","prism:coverDisplayDate":"1986","citedby-count":"2","prism:aggregationType":"Conference Proceeding","subtype":"cp","subtypeDescription":"Conference Paper","source-id":"31428","openaccess":"0","openaccessFlag":false},{"@_fa": "true", "link": [{"@_fa": "true", "@ref": "self", "@href": "https://api.elsevier.com/content/abstract/scopus_id/0022882309"},{"@_fa": "true", "@ref": "author-affiliation", "@href": "https://api.elsevier.com/content/abstract/scopus_id/0022882309?field=author,affiliation"},{"@_fa": "true", "@ref": "scopus", "@href": "https://www.scopus.com/inward/record.uri?partnerID=HzOxMe3b&scp=0022882309&origin=inward"},{"@_fa": "true", "@ref": "scopus-citedby", "@href": "https://www.scopus.com/inward/citedby.uri?partnerID=HzOxMe3b&scp=0022882309&origin=inward"}],"prism:url":"https://api.elsevier.com/content/abstract/scopus_id/0022882309","dc:identifier":"SCOPUS_ID:0022882309","eid":"2-s2.0-0022882309","dc:title":"RAIL NETWORK INFRASTRUCTURES IN THE PERIPHERAL COUNTRIES OF THE EUROPEAN ECONOMIC COMMUNITY.","dc:creator":"Profillidis V.","prism:publicationName":"Rail International","prism:issn":"00208442","prism:volume":"17","prism:issueIdentifier":"12","prism:pageRange":"11-16","prism:coverDate":"1986-12-01","prism:coverDisplayDate":"December 1986","citedby-count":"0","prism:aggregationType":"Journal","subtype":"ar","subtypeDescription":"Article","source-id":"25683","openaccess":"0","openaccessFlag":false},{"@_fa": "true", "link": [{"@_fa": "true", "@ref": "self", "@href": "https://api.elsevier.com/content/abstract/scopus_id/0022956346"},{"@_fa": "true", "@ref": "author-affiliation", "@href": "https://api.elsevier.com/content/abstract/scopus_id/0022956346?field=author,affiliation"},{"@_fa": "true", "@ref": "scopus", "@href": "https://www.scopus.com/inward/record.uri?partnerID=HzOxMe3b&scp=0022956346&origin=inward"},{"@_fa": "true", "@ref": "scopus-citedby", "@href": "https://www.scopus.com/inward/citedby.uri?partnerID=HzOxMe3b&scp=0022956346&origin=inward"}],"prism:url":"https://api.elsevier.com/content/abstract/scopus_id/0022956346","dc:identifier":"SCOPUS_ID:0022956346","eid":"2-s2.0-0022956346","dc:title":"Microprocessors and Automation in Atlantic TGV Trainsets.","dc:creator":"Duquesnoy J.","prism:publicationName":"Revue Generale des Chemins de Fer","prism:issn":"00353183","prism:volume":"105","prism:issueIdentifier":"12","prism:pageRange":"719-730","prism:coverDate":"1986-12-01","prism:coverDisplayDate":"December 1986","citedby-count":"1","prism:aggregationType":"Journal","subtype":"ar","subtypeDescription":"Article","source-id":"55184","openaccess":"0","openaccessFlag":false},{"@_fa": "true", "link": [{"@_fa": "true", "@ref": "self", "@href": "https://api.elsevier.com/content/abstract/scopus_id/0022866813"},{"@_fa": "true", "@ref": "author-affiliation", "@href": "https://api.elsevier.com/content/abstract/scopus_id/0022866813?field=author,affiliation"},{"@_fa": "true", "@ref": "scopus", "@href": "https://www.scopus.com/inward/record.uri?partnerID=HzOxMe3b&scp=0022866813&origin=inward"},{"@_fa": "true", "@ref": "scopus-citedby", "@href": "https://www.scopus.com/inward/citedby.uri?partnerID=HzOxMe3b&scp=0022866813&origin=inward"}],"prism:url":"https://api.elsevier.com/content/abstract/scopus_id/0022866813","dc:identifier":"SCOPUS_ID:0022866813","eid":"2-s2.0-0022866813","dc:title":"E-MAIL USE IN A UNIVERSITY DEPARTMENT OF COMMUNICATION.","dc:creator":"Grieve S.","prism:publicationName":"Proceedings of the ASIS Annual Meeting","prism:issn":"00447870","prism:isbn": [{"@_fa": "true", "$" :"0938734148"}],"prism:volume":"23","prism:pageRange":"96-100","prism:coverDate":"1986-12-01","prism:coverDisplayDate":"1986","citedby-count":"2","affiliation": [{"@_fa": "true", "affilname":"AT&amp;T","affiliation-city":"Dublin","affiliation-country":"United States"}],"prism:aggregationType":"Conference Proceeding","subtype":"cp","subtypeDescription":"Conference Paper","source-id":"31428","openaccess":"0","openaccessFlag":false},{"@_fa": "true", "link": [{"@_fa": "true", "@ref": "self", "@href": "https://api.elsevier.com/content/abstract/scopus_id/0022962678"},{"@_fa": "true", "@ref": "author-affiliation", "@href": "https://api.elsevier.com/content/abstract/scopus_id/0022962678?field=author,affiliation"},{"@_fa": "true", "@ref": "scopus", "@href": "https://www.scopus.com/inward/record.uri?partnerID=HzOxMe3b&scp=0022962678&origin=inward"},{"@_fa": "true", "@ref": "scopus-citedby", "@href": "https://www.scopus.com/inward/citedby.uri?partnerID=HzOxMe3b&scp=0022962678&origin=inward"}],"prism:url":"https://api.elsevier.com/content/abstract/scopus_id/0022962678","dc:identifier":"SCOPUS_ID:0022962678","eid":"2-s2.0-0022962678","dc:title":"Social networks and social competence: Exploring the effects of early adolescent friendships","dc:creator":"Cauce A.","prism:publicationName":"American Journal of Community Psychology","prism:issn":"00910562","prism:eIssn":"15732770","prism:volume":"14","prism:issueIdentifier":"6","prism:pageRange":"607-628","prism:coverDate":"1986-12-01","prism:coverDisplayDate":"December 1986","prism:doi":"10.1007/BF00931339","citedby-count":"111","affiliation": [{"@_fa": "true", "affilname":"University of Washington, Seattle","affiliation-city":"Seattle","affiliation-country":"United States"}],"pubmed-id":"3799553","prism:aggregationType":"Journal","subtype":"ar","subtypeDescription":"Article","source-id":"16925","openaccess":"0","openaccessFlag":false},{"@_fa": "true", "link": [{"@_fa": "true", "@ref": "self", "@href": "https://api.elsevier.com/content/abstract/scopus_id/34248875862"},{"@_fa": "true", "@ref": "author-affiliation", "@href": "https://api.elsevier.com/content/abstract/scopus_id/34248875862?field=author,affiliation"},{"@_fa": "true", "@ref": "scopus", "@href": "https://www.scopus.com/inward/record.uri?partnerID=HzOxMe3b&scp=34248875862&origin=inward"},{"@_fa": "true", "@ref": "scopus-citedby", "@href": "https://www.scopus.com/inward/citedby.uri?partnerID=HzOxMe3b&scp=34248875862&origin=inward"}],"prism:url":"https://api.elsevier.com/content/abstract/scopus_id/34248875862","dc:identifier":"SCOPUS_ID:34248875862","eid":"2-s2.0-34248875862","dc:title":"An editor's expert system","dc:creator":"Dixon G.","prism:publicationName":"Literary and Linguistic Computing","prism:issn":"02681145","prism:volume":"1","prism:issueIdentifier":"3","prism:pageRange":"136-142","prism:coverDate":"1986-12-01","prism:coverDisplayDate":"1986","prism:doi":"10.1093/llc/1.3.136","citedby-count":"0","affiliation": [{"@_fa": "true", "affilname":"Manchester Metropolitan University","affiliation-city":"Manchester","affiliation-country":"United Kingdom"}],"prism:aggregationType":"Journal","subtype":"ar","subtypeDescription":"Article","source-id":"145586","openaccess":"0","openaccessFlag":false},{"@_fa": "true", "link": [{"@_fa": "true", "@ref": "self", "@href": "https://api.elsevier.com/content/abstract/scopus_id/0022994741"},{"@_fa": "true", "@ref": "author-affiliation", "@href": "https://api.elsevier.com/content/abstract/scopus_id/0022994741?field=author,affiliation"},{"@_fa": "true", "@ref": "scopus", "@href": "https://www.scopus.com/inward/record.uri?partnerID=HzOxMe3b&scp=0022994741&origin=inward"},{"@_fa": "true", "@ref": "scopus-citedby", "@href": "https://www.scopus.com/inward/citedby.uri?partnerID=HzOxMe3b&scp=0022994741&origin=inward"}],"prism:url":"https://api.elsevier.com/content/abstract/scopus_id/0022994741","dc:identifier":"SCOPUS_ID:0022994741","eid":"2-s2.0-0022994741","dc:title":"Social support and health: Pathways of influence","dc:creator":"Dean K.","prism:publicationName":"Health Promotion International","prism:issn":"09574824","prism:volume":"1","prism:issueIdentifier":"2","prism:pageRange":"133-150","prism:coverDate":"1986-12-01","prism:coverDisplayDate":"1986","prism:doi":"10.1093/heapro/1.2.133","citedby-count":"18","affiliation": [{"@_fa": "true", "affilname":"Københavns Universitet","affiliation-city":"Copenhagen","affiliation-country":"Denmark"}],"prism:aggregationType":"Journal","subtype":"ar","subtypeDescription":"Article","source-id":"21312","openaccess":"0","openaccessFlag":false},{"@_fa": "true", "link": [{"@_fa": "true", "@ref": "self", "@href": "https://api.elsevier.com/content/abstract/scopus_id/0022874067"},{"@_fa": "true", "@ref": "author-affiliation", "@href": "https://api.elsevier.com/content/abstract/scopus_id/0022874067?field=author,affiliation"},{"@_fa": "true", "@ref": "scopus", "@href": "https://www.scopus.com/inward/record.uri?partnerID=HzOxMe3b&scp=0022874067&origin=inward"},{"@_fa": "true", "@ref": "scopus-citedby", "@href": "https://www.scopus.com/inward/citedby.uri?partnerID=HzOxMe3b&scp=0022874067&origin=inward"}],"prism:url":"https://api.elsevier.com/content/abstract/scopus_id/0022874067","dc:identifier":"SCOPUS_ID:0022874067","eid":"2-s2.0-0022874067","dc:title":"INTERCONNECT TECHNOLOGY AND USER OPTIONS IN STRATEGIC INFORMATION SYSTEM PLANNING.","dc:creator":"Bose A.","prism:publicationName":"Proceedings of the ASIS Annual Meeting","prism:issn":"00447870","prism:isbn": [{"@_fa": "true", "$" :"0938734148"}],"prism:volume":"23","prism:pageRange":"39-43","prism:coverDate":"1986-12-01","prism:coverDisplayDate":"1986","citedby-count":"0","prism:aggregationType":"Conference Proceeding","subtype":"cp","subtypeDescription":"Conference Paper","source-id":"31428","openaccess":"0","openaccessFlag":false},{"@_fa": "true", "link": [{"@_fa": "true", "@ref": "self", "@href": "https://api.elsevier.com/content/abstract/scopus_id/0022842981"},{"@_fa": "true", "@ref": "author-affiliation", "@href": "https://api.elsevier.com/content/abstract/scopus_id/0022842981?field=author,affiliation"},{"@_fa": "true", "@ref": "scopus", "@href": "https://www.scopus.com/inward/record.uri?partnerID=HzOxMe3b&scp=0022842981&origin=inward"},{"@_fa": "true", "@ref": "scopus-citedby", "@href": "https://www.scopus.com/inward/citedby.uri?partnerID=HzOxMe3b&scp=0022842981&origin=inward"}],"prism:url":"https://api.elsevier.com/content/abstract/scopus_id/0022842981","dc:identifier":"SCOPUS_ID:0022842981","eid":"2-s2.0-0022842981","dc:title":"Subsistence settlement systems in the prehistory of southwestern Zambia","dc:creator":"Vogel J.","prism:publicationName":"Human Ecology","prism:issn":"03007839","prism:eIssn":"15729915","prism:volume":"14","prism:issueIdentifier":"4","prism:pageRange":"397-414","prism:coverDate":"1986-12-01","prism:coverDisplayDate":"December 1986","prism:doi":"10.1007/BF00888306","citedby-count":"5","affiliation": [{"@_fa": "true", "affilname":"University of Alabama","affiliation-city":"Tuscaloosa","affiliation-country":"United States"}],"prism:aggregationType":"Journal","subtype":"ar","subtypeDescription":"Article","source-id":"110220","openaccess":"0","openaccessFlag":false},{"@_fa": "true", "link": [{"@_fa": "true", "@ref": "self", "@href": "https://api.elsevier.com/content/abstract/scopus_id/0022842805"},{"@_fa": "true", "@ref": "author-affiliation", "@href": "https://api.elsevier.com/content/abstract/scopus_id/0022842805?field=author,affiliation"},{"@_fa": "true", "@ref": "scopus", "@href": "https://www.scopus.com/inward/record.uri?partnerID=HzOxMe3b&scp=0022842805&origin=inward"},{"@_fa": "true", "@ref": "scopus-citedby", "@href": "https://www.scopus.com/inward/citedby.uri?partnerID=HzOxMe3b&scp=0022842805&origin=inward"}],"prism:url":"https://api.elsevier.com/content/abstract/scopus_id/0022842805","dc:identifier":"SCOPUS_ID:0022842805","eid":"2-s2.0-0022842805","dc:title":"The Mexican \"illegal alien\" commute.","dc:creator":"Decker P.","prism:publicationName":"Migration world magazine","prism:issn":"10585095","prism:volume":"14","prism:issueIdentifier":"3","prism:pageRange":"12-21","prism:coverDate":"1986-12-01","prism:coverDisplayDate":"1986","citedby-count":"1","pubmed-id":"12341273","prism:aggregationType":"Journal","subtype":"ar","subtypeDescription":"Article","source-id":"26897","openaccess":"0","openaccessFlag":false},{"@_fa": "true", "link": [{"@_fa": "true", "@ref": "self", "@href": "https://api.elsevier.com/content/abstract/scopus_id/0022880409"},{"@_fa": "true", "@ref": "author-affiliation", "@href": "https://api.elsevier.com/content/abstract/scopus_id/0022880409?field=author,affiliation"},{"@_fa": "true", "@ref": "scopus", "@href": "https://www.scopus.com/inward/record.uri?partnerID=HzOxMe3b&scp=0022880409&origin=inward"},{"@_fa": "true", "@ref": "scopus-citedby", "@href": "https://www.scopus.com/inward/citedby.uri?partnerID=HzOxMe3b&scp=0022880409&origin=inward"}],"prism:url":"https://api.elsevier.com/content/abstract/scopus_id/0022880409","dc:identifier":"SCOPUS_ID:0022880409","eid":"2-s2.0-0022880409","dc:title":"Electric Traction on the Swedish State Railways in 1985.","dc:creator":"Andersson B.","prism:publicationName":"eb - Elektrische Bahnen","prism:issn":"00135437","prism:volume":"84","prism:issueIdentifier":"8","prism:pageRange":"245-248","prism:coverDate":"1986-12-01","prism:coverDisplayDate":"1986","citedby-count":"1","prism:aggregationType":"Trade Journal","subtype":"ar","subtypeDescription":"Article","source-id":"24542","openaccess":"0","openaccessFlag":false},{"@_fa": "true", "link": [{"@_fa": "true", "@ref": "self", "@href": "https://api.elsevier.com/content/abstract/scopus_id/0023015246"},{"@_fa": "true", "@ref": "author-affiliation", "@href": "https://api.elsevier.com/content/abstract/scopus_id/0023015246?field=author,affiliation"},{"@_fa": "true", "@ref": "scopus", "@href": "https://www.scopus.com/inward/record.uri?partnerID=HzOxMe3b&scp=0023015246&origin=inward"},{"@_fa": "true", "@ref": "scopus-citedby", "@href": "https://www.scopus.com/inward/citedby.uri?partnerID=HzOxMe3b&scp=0023015246&origin=inward"}],"prism:url":"https://api.elsevier.com/content/abstract/scopus_id/0023015246","dc:identifier":"SCOPUS_ID:0023015246","eid":"2-s2.0-0023015246","dc:title":"Multiple Roles, Social Networks, and Women's Well-Being","dc:creator":"Hirsch B.","prism:publicationName":"Journal of Personality and Social Psychology","prism:issn":"00223514","prism:volume":"51","prism:issueIdentifier":"6","prism:pageRange":"1237-1247","prism:coverDate":"1986-12-01","prism:coverDisplayDate":"December 1986","prism:doi":"10.1037/0022-3514.51.6.1237","pii":"S0022351407603070","citedby-count":"63","pubmed-id":"3806359","prism:aggregationType":"Journal","subtype":"ar","subtypeDescription":"Article","source-id":"30039","openaccess":"0","openaccessFlag":false},{"@_fa": "true", "link": [{"@_fa": "true", "@ref": "self", "@href": "https://api.elsevier.com/content/abstract/scopus_id/1542750763"},{"@_fa": "true", "@ref": "author-affiliation", "@href": "https://api.elsevier.com/content/abstract/scopus_id/1542750763?field=author,affiliation"},{"@_fa": "true", "@ref": "scopus", "@href": "https://www.scopus.com/inward/record.uri?partnerID=HzOxMe3b&scp=1542750763&origin=inward"},{"@_fa": "true", "@ref": "scopus-citedby", "@href": "https://www.scopus.com/inward/citedby.uri?partnerID=HzOxMe3b&scp=1542750763&origin=inward"}],"prism:url":"https://api.elsevier.com/content/abstract/scopus_id/1542750763","dc:identifier":"SCOPUS_ID:1542750763","eid":"2-s2.0-1542750763","dc:title":"Theory, politics, and experiment in educational research methodology","dc:creator":"Walker J.","prism:publicationName":"International Review of Education","prism:issn":"00208566","prism:eIssn":"15730638","prism:volume":"32","prism:issueIdentifier":"4","prism:pageRange":"373-387","prism:coverDate":"1986-12-01","prism:coverDisplayDate":"December 1986","prism:doi":"10.1007/BF00597547","citedby-count":"9","prism:aggregationType":"Journal","subtype":"ar","subtypeDescription":"Article","source-id":"12695","openaccess":"0","openaccessFlag":false},{"@_fa": "true", "link": [{"@_fa": "true", "@ref": "self", "@href": "https://api.elsevier.com/content/abstract/scopus_id/0022864552"},{"@_fa": "true", "@ref": "author-affiliation", "@href": "https://api.elsevier.com/content/abstract/scopus_id/0022864552?field=author,affiliation"},{"@_fa": "true", "@ref": "scopus", "@href": "https://www.scopus.com/inward/record.uri?partnerID=HzOxMe3b&scp=0022864552&origin=inward"},{"@_fa": "true", "@ref": "scopus-citedby", "@href": "https://www.scopus.com/inward/citedby.uri?partnerID=HzOxMe3b&scp=0022864552&origin=inward"}],"prism:url":"https://api.elsevier.com/content/abstract/scopus_id/0022864552","dc:identifier":"SCOPUS_ID:0022864552","eid":"2-s2.0-0022864552","dc:title":"EXPECTATIONS ABOUT THE IMPACTS OF ELECTRONIC MESSAGING.","dc:creator":"Rice R.","prism:publicationName":"Proceedings of the ASIS Annual Meeting","prism:issn":"00447870","prism:isbn": [{"@_fa": "true", "$" :"0938734148"}],"prism:volume":"23","prism:pageRange":"271-276","prism:coverDate":"1986-12-01","prism:coverDisplayDate":"1986","citedby-count":"3","prism:aggregationType":"Conference Proceeding","subtype":"cp","subtypeDescription":"Conference Paper","source-id":"31428","openaccess":"0","openaccessFlag":false},{"@_fa": "true", "link": [{"@_fa": "true", "@ref": "self", "@href": "https://api.elsevier.com/content/abstract/scopus_id/0022863227"},{"@_fa": "true", "@ref": "author-affiliation", "@href": "https://api.elsevier.com/content/abstract/scopus_id/0022863227?field=author,affiliation"},{"@_fa": "true", "@ref": "scopus", "@href": "https://www.scopus.com/inward/record.uri?partnerID=HzOxMe3b&scp=0022863227&origin=inward"},{"@_fa": "true", "@ref": "scopus-citedby", "@href": "https://www.scopus.com/inward/citedby.uri?partnerID=HzOxMe3b&scp=0022863227&origin=inward"}],"prism:url":"https://api.elsevier.com/content/abstract/scopus_id/0022863227","dc:identifier":"SCOPUS_ID:0022863227","eid":"2-s2.0-0022863227","dc:title":"Class CS7 and CS8 Electric Locomotives for Passenger Train Service on the Soviet Railways.","dc:creator":"Rachmaninov W.","prism:publicationName":"eb - Elektrische Bahnen","prism:issn":"00135437","prism:volume":"84","prism:issueIdentifier":"2","prism:pageRange":"69-72","prism:coverDate":"1986-12-01","prism:coverDisplayDate":"1986","citedby-count":"1","prism:aggregationType":"Trade Journal","subtype":"ar","subtypeDescription":"Article","source-id":"24542","openaccess":"0","openaccessFlag":false},{"@_fa": "true", "link": [{"@_fa": "true", "@ref": "self", "@href": "https://api.elsevier.com/content/abstract/scopus_id/0022886692"},{"@_fa": "true", "@ref": "author-affiliation", "@href": "https://api.elsevier.com/content/abstract/scopus_id/0022886692?field=author,affiliation"},{"@_fa": "true", "@ref": "scopus", "@href": "https://www.scopus.com/inward/record.uri?partnerID=HzOxMe3b&scp=0022886692&origin=inward"},{"@_fa": "true", "@ref": "scopus-citedby", "@href": "https://www.scopus.com/inward/citedby.uri?partnerID=HzOxMe3b&scp=0022886692&origin=inward"}],"prism:url":"https://api.elsevier.com/content/abstract/scopus_id/0022886692","dc:identifier":"SCOPUS_ID:0022886692","eid":"2-s2.0-0022886692","dc:title":"TRAVEL/TOURISM INFORMATION MIGRATES TO AN ONLINE MODE.","dc:creator":"Moll J.","prism:publicationName":"Proceedings of the ASIS Annual Meeting","prism:issn":"00447870","prism:isbn": [{"@_fa": "true", "$" :"0938734148"}],"prism:volume":"23","prism:pageRange":"220-225","prism:coverDate":"1986-12-01","prism:coverDisplayDate":"1986","citedby-count":"0","prism:aggregationType":"Conference Proceeding","subtype":"cp","subtypeDescription":"Conference Paper","source-id":"31428","openaccess":"0","openaccessFlag":false},{"@_fa": "true", "link": [{"@_fa": "true", "@ref": "self", "@href": "https://api.elsevier.com/content/abstract/scopus_id/0023012369"},{"@_fa": "true", "@ref": "author-affiliation", "@href": "https://api.elsevier.com/content/abstract/scopus_id/0023012369?field=author,affiliation"},{"@_fa": "true", "@ref": "scopus", "@href": "https://www.scopus.com/inward/record.uri?partnerID=HzOxMe3b&scp=0023012369&origin=inward"},{"@_fa": "true", "@ref": "scopus-citedby", "@href": "https://www.scopus.com/inward/citedby.uri?partnerID=HzOxMe3b&scp=0023012369&origin=inward"}],"prism:url":"https://api.elsevier.com/content/abstract/scopus_id/0023012369","dc:identifier":"SCOPUS_ID:0023012369","eid":"2-s2.0-0023012369","dc:title":"Power Supply Installation for New Subway Lines in Hamburg.","dc:creator":"Vielrose E.","prism:publicationName":"eb - Elektrische Bahnen","prism:issn":"00135437","prism:volume":"84","prism:issueIdentifier":"12","prism:pageRange":"380-384, 386","prism:coverDate":"1986-12-01","prism:coverDisplayDate":"1986","citedby-count":"1","prism:aggregationType":"Trade Journal","subtype":"ar","subtypeDescription":"Article","source-id":"24542","openaccess":"0","openaccessFlag":false},{"@_fa": "true", "link": [{"@_fa": "true", "@ref": "self", "@href": "https://api.elsevier.com/content/abstract/scopus_id/0022961582"},{"@_fa": "true", "@ref": "author-affiliation", "@href": "https://api.elsevier.com/content/abstract/scopus_id/0022961582?field=author,affiliation"},{"@_fa": "true", "@ref": "scopus", "@href": "https://www.scopus.com/inward/record.uri?partnerID=HzOxMe3b&scp=0022961582&origin=inward"},{"@_fa": "true", "@ref": "scopus-citedby", "@href": "https://www.scopus.com/inward/citedby.uri?partnerID=HzOxMe3b&scp=0022961582&origin=inward"}],"prism:url":"https://api.elsevier.com/content/abstract/scopus_id/0022961582","dc:identifier":"SCOPUS_ID:0022961582","eid":"2-s2.0-0022961582","dc:title":"Informal control networks and adolescent orientations toward alcohol use.","dc:creator":"Johnson K.","prism:publicationName":"Adolescence","prism:issn":"00018449","prism:volume":"21","prism:issueIdentifier":"84","prism:pageRange":"767-784","prism:coverDate":"1986-12-01","prism:coverDisplayDate":"December 1986","citedby-count":"15","pubmed-id":"3825660","prism:aggregationType":"Journal","subtype":"ar","subtypeDescription":"Article","source-id":"23800","openaccess":"0","openaccessFlag":false},{"@_fa": "true", "link": [{"@_fa": "true", "@ref": "self", "@href": "https://api.elsevier.com/content/abstract/scopus_id/0022920581"},{"@_fa": "true", "@ref": "author-affiliation", "@href": "https://api.elsevier.com/content/abstract/scopus_id/0022920581?field=author,affiliation"},{"@_fa": "true", "@ref": "scopus", "@href": "https://www.scopus.com/inward/record.uri?partnerID=HzOxMe3b&scp=0022920581&origin=inward"},{"@_fa": "true", "@ref": "scopus-citedby", "@href": "https://www.scopus.com/inward/citedby.uri?partnerID=HzOxMe3b&scp=0022920581&origin=inward"}],"prism:url":"https://api.elsevier.com/content/abstract/scopus_id/0022920581","dc:identifier":"SCOPUS_ID:0022920581","eid":"2-s2.0-0022920581","dc:title":"Development of New S-Bahn Self-Propelled Trains for the West Berlin Transit System (BVG).","dc:creator":"Steller G.","prism:publicationName":"eb - Elektrische Bahnen","prism:issn":"00135437","prism:volume":"84","prism:issueIdentifier":"4","prism:pageRange":"107-112, 114","prism:coverDate":"1986-12-01","prism:coverDisplayDate":"1986","citedby-count":"1","prism:aggregationType":"Trade Journal","subtype":"ar","subtypeDescription":"Article","source-id":"24542","openaccess":"0","openaccessFlag":false},{"@_fa": "true", "link": [{"@_fa": "true", "@ref": "self", "@href": "https://api.elsevier.com/content/abstract/scopus_id/0022902418"},{"@_fa": "true", "@ref": "author-affiliation", "@href": "https://api.elsevier.com/content/abstract/scopus_id/0022902418?field=author,affiliation"},{"@_fa": "true", "@ref": "scopus", "@href": "https://www.scopus.com/inward/record.uri?partnerID=HzOxMe3b&scp=0022902418&origin=inward"},{"@_fa": "true", "@ref": "scopus-citedby", "@href": "https://www.scopus.com/inward/citedby.uri?partnerID=HzOxMe3b&scp=0022902418&origin=inward"}],"prism:url":"https://api.elsevier.com/content/abstract/scopus_id/0022902418","dc:identifier":"SCOPUS_ID:0022902418","eid":"2-s2.0-0022902418","dc:title":"Electric Train Operation on the Norwegian State Railways in 1985.","dc:creator":"Moi K.","prism:publicationName":"eb - Elektrische Bahnen","prism:issn":"00135437","prism:volume":"84","prism:issueIdentifier":"7","prism:pageRange":"214-216, 218","prism:coverDate":"1986-12-01","prism:coverDisplayDate":"1986","citedby-count":"1","prism:aggregationType":"Trade Journal","subtype":"ar","subtypeDescription":"Article","source-id":"24542","openaccess":"0","openaccessFlag":false}]}}