{"search-results":{"opensearch:totalResults":"2666","opensearch:startIndex":"0","opensearch:itemsPerPage":"25","opensearch:Query":{"@role": "request", "@searchTerms": "TITLE-ABS-KEY(\"network\") AND SUBJAREA(SOCI) AND PUBYEAR = 2002", "@startPage": "0"},"link": [{"@_fa": "true", "@ref": "self", "@href": "https://api.elsevier.com/content/search/scopus?start=0&count=25&query=TITLE-ABS-KEY%28%22network%22%29+AND+SUBJAREA%28SOCI%29+AND+PUBYEAR+%3D+2002&apiKey=27d953b4b546791964ebeb768d13e61f&view=STANDARD", "@type": "application/json"},{"@_fa": "true", "@ref": "first", "@href": "https://api.elsevier.com/content/search/scopus?start=0&count=25&query=TITLE-ABS-KEY%28%22network%22%29+AND+SUBJAREA%28SOCI%29+AND+PUBYEAR+%3D+2002&apiKey=27d953b4b546791964ebeb768d13e61f&view=STANDARD", "@type": "application/json"},{"@_fa": "true", "@ref": "next", "@href": "https://api.elsevier.com/content/search/scopus?start=25&count=25&query=TITLE-ABS-KEY%28%22network%22%29+AND+SUBJAREA%28SOCI%29+AND+PUBYEAR+%3D+2002&apiKey=27d953b4b546791964ebeb768d13e61f&view=STANDARD", "@type": "application/json"},{"@_fa": "true", "@ref": "last", "@href": "https://api.elsevier.com/content/search/scopus?start=2641&count=25&query=TITLE-ABS-KEY%28%22network%22%29+AND+SUBJAREA%28SOCI%29+AND+PUBYEAR+%3D+2002&apiKey=27d953b4b546791964ebeb768d13e61f&view=STANDARD", "@type": "application/json"}],"entry": [{"@_fa": "true", "link": [{"@_fa": "true", "@ref": "self", "@href": "https://api.elsevier.com/content/abstract/scopus_id/0036459557"},{"@_fa": "true", "@ref": "author-affiliation", "@href": "https://api.elsevier.com/content/abstract/scopus_id/0036459557?field=author,affiliation"},{"@_fa": "true", "@ref": "scopus", "@href": "https://www.scopus.com/inward/record.uri?partnerID=HzOxMe3b&scp=0036459557&origin=inward"},{"@_fa": "true", "@ref": "scopus-citedby", "@href": "https://www.scopus.com/inward/citedby.uri?partnerID=HzOxMe3b&scp=0036459557&origin=inward"}],"prism:url":"https://api.elsevier.com/content/abstract/scopus_id/0036459557","dc:identifier":"SCOPUS_ID:0036459557","eid":"2-s2.0-0036459557","dc:title":"Applicability of the ADA to \"ticket to work\" employment networks","dc:creator":"Blanck P.","prism:publicationName":"Behavioral Sciences and the Law","prism:issn":"07353936","prism:volume":"20","prism:issueIdentifier":"6","prism:pageRange":"621-636","prism:coverDate":"2002-12-31","prism:coverDisplayDate":"2002","prism:doi":"10.1002/bsl.511","citedby-count":"4","pubmed-id":"12465131","prism:aggregationType":"Journal","subtype":"ar","subtypeDescription":"Article","source-id":"12123","openaccess":"0","openaccessFlag":false},{"@_fa": "true", "link": [{"@_fa": "true", "@ref": "self", "@href": "https://api.elsevier.com/content/abstract/scopus_id/0036454349"},{"@_fa": "true", "@ref": "author-affiliation", "@href": "https://api.elsevier.com/content/abstract/scopus_id/0036454349?field=author,affiliation"},{"@_fa": "true", "@ref": "scopus", "@href": "https://www.scopus.com/inward/record.uri?partnerID=HzOxMe3b&scp=0036454349&origin=inward"},{"@_fa": "true", "@ref": "scopus-citedby", "@href": "https://www.scopus.com/inward/citedby.uri?partnerID=HzOxMe3b&scp=0036454349&origin=inward"}],"prism:url":"https://api.elsevier.com/content/abstract/scopus_id/0036454349","dc:identifier":"SCOPUS_ID:0036454349","eid":"2-s2.0-0036454349","dc:title":"A pole balancing cart on an unmodelled terrain","dc:creator":"Tan F.","prism:publicationName":"International Journal of Engineering Education","prism:issn":"0949149X","prism:volume":"18","prism:issueIdentifier":"6","prism:pageRange":"667-673","prism:coverDate":"2002-12-31","prism:coverDisplayDate":"2002","citedby-count":"2","affiliation": [{"@_fa": "true", "affilname":"Nanyang Technological University School of Mechanical &amp; Aerospace Engineering","affiliation-city":"Singapore City","affiliation-country":"Singapore"}],"prism:aggregationType":"Journal","subtype":"ar","subtypeDescription":"Article","source-id":"12345","openaccess":"0","openaccessFlag":false},{"@_fa": "true", "link": [{"@_fa": "true", "@ref": "self", "@href": "https://api.elsevier.com/content/abstract/scopus_id/0036456856"},{"@_fa": "true", "@ref": "author-affiliation", "@href": "https://api.elsevier.com/content/abstract/scopus_id/0036456856?field=author,affiliation"},{"@_fa": "true", "@ref": "scopus", "@href": "https://www.scopus.com/inward/record.uri?partnerID=HzOxMe3b&scp=0036456856&origin=inward"},{"@_fa": "true", "@ref": "scopus-citedby", "@href": "https://www.scopus.com/inward/citedby.uri?partnerID=HzOxMe3b&scp=0036456856&origin=inward"}],"prism:url":"https://api.elsevier.com/content/abstract/scopus_id/0036456856","dc:identifier":"SCOPUS_ID:0036456856","eid":"2-s2.0-0036456856","dc:title":"A remotely accessed HVAC laboratory for distance education","dc:creator":"Hutzel W.","prism:publicationName":"International Journal of Engineering Education","prism:issn":"0949149X","prism:volume":"18","prism:issueIdentifier":"6","prism:pageRange":"711-716","prism:coverDate":"2002-12-31","prism:coverDisplayDate":"2002","citedby-count":"31","affiliation": [{"@_fa": "true", "affilname":"Purdue University","affiliation-city":"West Lafayette","affiliation-country":"United States"}],"prism:aggregationType":"Journal","subtype":"ar","subtypeDescription":"Article","source-id":"12345","openaccess":"0","openaccessFlag":false},{"@_fa": "true", "link": [{"@_fa": "true", "@ref": "self", "@href": "https://api.elsevier.com/content/abstract/scopus_id/0036459364"},{"@_fa": "true", "@ref": "author-affiliation", "@href": "https://api.elsevier.com/content/abstract/scopus_id/0036459364?field=author,affiliation"},{"@_fa": "true", "@ref": "scopus", "@href": "https://www.scopus.com/inward/record.uri?partnerID=HzOxMe3b&scp=0036459364&origin=inward"},{"@_fa": "true", "@ref": "scopus-citedby", "@href": "https://www.scopus.com/inward/citedby.uri?partnerID=HzOxMe3b&scp=0036459364&origin=inward"}],"prism:url":"https://api.elsevier.com/content/abstract/scopus_id/0036459364","dc:identifier":"SCOPUS_ID:0036459364","eid":"2-s2.0-0036459364","dc:title":"Web information seeking and retrieval in digital library contexts: Towards an intelligent agent solution","dc:creator":"Detlor B.","prism:publicationName":"Online Information Review","prism:issn":"14684527","prism:volume":"26","prism:issueIdentifier":"6","prism:pageRange":"404-412","prism:coverDate":"2002-12-31","prism:coverDisplayDate":"2002","prism:doi":"10.1108/14684520210452736","citedby-count":"14","affiliation": [{"@_fa": "true", "affilname":"McMaster University","affiliation-city":"Hamilton","affiliation-country":"Canada"}],"prism:aggregationType":"Journal","subtype":"ar","subtypeDescription":"Article","source-id":"15386","openaccess":"0","openaccessFlag":false},{"@_fa": "true", "link": [{"@_fa": "true", "@ref": "self", "@href": "https://api.elsevier.com/content/abstract/scopus_id/0036443714"},{"@_fa": "true", "@ref": "author-affiliation", "@href": "https://api.elsevier.com/content/abstract/scopus_id/0036443714?field=author,affiliation"},{"@_fa": "true", "@ref": "scopus", "@href": "https://www.scopus.com/inward/record.uri?partnerID=HzOxMe3b&scp=0036443714&origin=inward"},{"@_fa": "true", "@ref": "scopus-citedby", "@href": "https://www.scopus.com/inward/citedby.uri?partnerID=HzOxMe3b&scp=0036443714&origin=inward"}],"prism:url":"https://api.elsevier.com/content/abstract/scopus_id/0036443714","dc:identifier":"SCOPUS_ID:0036443714","eid":"2-s2.0-0036443714","dc:title":"Supply networks in the car industry. Do peripheral economies perform specific tasks? Lessons from the Turkish car industry","dc:creator":"Evren Y.","prism:publicationName":"International Planning Studies","prism:issn":"13563475","prism:volume":"7","prism:issueIdentifier":"4","prism:pageRange":"283-302","prism:coverDate":"2002-12-16","prism:coverDisplayDate":"2002","prism:doi":"10.1080/1356347022000027729","citedby-count":"4","affiliation": [{"@_fa": "true", "affilname":"Yildiz Technical University","affiliation-city":"Istanbul","affiliation-country":"Turkey"}],"prism:aggregationType":"Journal","subtype":"ar","subtypeDescription":"Article","source-id":"13893","openaccess":"0","openaccessFlag":false},{"@_fa": "true", "link": [{"@_fa": "true", "@ref": "self", "@href": "https://api.elsevier.com/content/abstract/scopus_id/85010618491"},{"@_fa": "true", "@ref": "author-affiliation", "@href": "https://api.elsevier.com/content/abstract/scopus_id/85010618491?field=author,affiliation"},{"@_fa": "true", "@ref": "scopus", "@href": "https://www.scopus.com/inward/record.uri?partnerID=HzOxMe3b&scp=85010618491&origin=inward"},{"@_fa": "true", "@ref": "scopus-citedby", "@href": "https://www.scopus.com/inward/citedby.uri?partnerID=HzOxMe3b&scp=85010618491&origin=inward"}],"prism:url":"https://api.elsevier.com/content/abstract/scopus_id/85010618491","dc:identifier":"SCOPUS_ID:85010618491","eid":"2-s2.0-85010618491","dc:title":"Creating a more flexible workforce for libraries–are leadership institutes the answer?","dc:creator":"Maurer M.","prism:publicationName":"Technical Services Quarterly","prism:issn":"07317131","prism:volume":"20","prism:issueIdentifier":"3","prism:pageRange":"1-17","prism:coverDate":"2002-12-03","prism:coverDisplayDate":"3 December 2002","prism:doi":"10.1300/J124v20n03_01","citedby-count":"1","affiliation": [{"@_fa": "true", "affilname":"Kent State University","affiliation-city":"Kent","affiliation-country":"United States"}],"prism:aggregationType":"Journal","subtype":"ar","subtypeDescription":"Article","source-id":"4700152722","openaccess":"0","openaccessFlag":false},{"@_fa": "true", "link": [{"@_fa": "true", "@ref": "self", "@href": "https://api.elsevier.com/content/abstract/scopus_id/0036431799"},{"@_fa": "true", "@ref": "author-affiliation", "@href": "https://api.elsevier.com/content/abstract/scopus_id/0036431799?field=author,affiliation"},{"@_fa": "true", "@ref": "scopus", "@href": "https://www.scopus.com/inward/record.uri?partnerID=HzOxMe3b&scp=0036431799&origin=inward"},{"@_fa": "true", "@ref": "scopus-citedby", "@href": "https://www.scopus.com/inward/citedby.uri?partnerID=HzOxMe3b&scp=0036431799&origin=inward"}],"prism:url":"https://api.elsevier.com/content/abstract/scopus_id/0036431799","dc:identifier":"SCOPUS_ID:0036431799","eid":"2-s2.0-0036431799","dc:title":"Internet use in South Korea","dc:creator":"John Y.","prism:publicationName":"Online Information Review","prism:issn":"14684527","prism:volume":"26","prism:issueIdentifier":"5","prism:pageRange":"335-344","prism:coverDate":"2002-12-02","prism:coverDisplayDate":"2002","prism:doi":"10.1108/14684520210447903","citedby-count":"7","prism:aggregationType":"Journal","subtype":"ar","subtypeDescription":"Article","source-id":"15386","openaccess":"0","openaccessFlag":false},{"@_fa": "true", "link": [{"@_fa": "true", "@ref": "self", "@href": "https://api.elsevier.com/content/abstract/scopus_id/0036428937"},{"@_fa": "true", "@ref": "author-affiliation", "@href": "https://api.elsevier.com/content/abstract/scopus_id/0036428937?field=author,affiliation"},{"@_fa": "true", "@ref": "scopus", "@href": "https://www.scopus.com/inward/record.uri?partnerID=HzOxMe3b&scp=0036428937&origin=inward"},{"@_fa": "true", "@ref": "scopus-citedby", "@href": "https://www.scopus.com/inward/citedby.uri?partnerID=HzOxMe3b&scp=0036428937&origin=inward"}],"prism:url":"https://api.elsevier.com/content/abstract/scopus_id/0036428937","dc:identifier":"SCOPUS_ID:0036428937","eid":"2-s2.0-0036428937","dc:title":"Aiming at quality and coverage combined: Blending physical and virtual union catalogues","dc:creator":"Gatenby J.","prism:publicationName":"Online Information Review","prism:issn":"14684527","prism:volume":"26","prism:issueIdentifier":"5","prism:pageRange":"326-334","prism:coverDate":"2002-12-02","prism:coverDisplayDate":"2002","prism:doi":"10.1108/14684520210447895","citedby-count":"11","prism:aggregationType":"Journal","subtype":"ar","subtypeDescription":"Article","source-id":"15386","openaccess":"0","openaccessFlag":false},{"@_fa": "true", "link": [{"@_fa": "true", "@ref": "self", "@href": "https://api.elsevier.com/content/abstract/scopus_id/0036434171"},{"@_fa": "true", "@ref": "author-affiliation", "@href": "https://api.elsevier.com/content/abstract/scopus_id/0036434171?field=author,affiliation"},{"@_fa": "true", "@ref": "scopus", "@href": "https://www.scopus.com/inward/record.uri?partnerID=HzOxMe3b&scp=0036434171&origin=inward"},{"@_fa": "true", "@ref": "scopus-citedby", "@href": "https://www.scopus.com/inward/citedby.uri?partnerID=HzOxMe3b&scp=0036434171&origin=inward"}],"prism:url":"https://api.elsevier.com/content/abstract/scopus_id/0036434171","dc:identifier":"SCOPUS_ID:0036434171","eid":"2-s2.0-0036434171","dc:title":"Integrating search engines with data mining for customer-oriented information search","dc:creator":"France T.","prism:publicationName":"Information Management and Computer Security","prism:issn":"09685227","prism:volume":"10","prism:issueIdentifier":"5","prism:pageRange":"242-254","prism:coverDate":"2002-12-02","prism:coverDisplayDate":"2002","prism:doi":"10.1108/09685220210446597","citedby-count":"2","affiliation": [{"@_fa": "true", "affilname":"Miami University","affiliation-city":"Oxford","affiliation-country":"United States"}],"prism:aggregationType":"Journal","subtype":"ar","subtypeDescription":"Article","source-id":"19468","openaccess":"0","openaccessFlag":false},{"@_fa": "true", "link": [{"@_fa": "true", "@ref": "self", "@href": "https://api.elsevier.com/content/abstract/scopus_id/0036996529"},{"@_fa": "true", "@ref": "author-affiliation", "@href": "https://api.elsevier.com/content/abstract/scopus_id/0036996529?field=author,affiliation"},{"@_fa": "true", "@ref": "scopus", "@href": "https://www.scopus.com/inward/record.uri?partnerID=HzOxMe3b&scp=0036996529&origin=inward"},{"@_fa": "true", "@ref": "scopus-citedby", "@href": "https://www.scopus.com/inward/citedby.uri?partnerID=HzOxMe3b&scp=0036996529&origin=inward"}],"prism:url":"https://api.elsevier.com/content/abstract/scopus_id/0036996529","dc:identifier":"SCOPUS_ID:0036996529","eid":"2-s2.0-0036996529","dc:title":"The diffusion of military intervention: Testing a network position approach","dc:creator":"Hammarström M.","prism:publicationName":"International Interactions","prism:issn":"03050629","prism:volume":"28","prism:issueIdentifier":"4","prism:pageRange":"355-377","prism:coverDate":"2002-12-01","prism:coverDisplayDate":"2002","prism:doi":"10.1080/03050620214758","citedby-count":"25","affiliation": [{"@_fa": "true", "affilname":"Uppsala Universitet","affiliation-city":"Uppsala","affiliation-country":"Sweden"}],"prism:aggregationType":"Journal","subtype":"ar","subtypeDescription":"Article","source-id":"25794","openaccess":"0","openaccessFlag":false},{"@_fa": "true", "link": [{"@_fa": "true", "@ref": "self", "@href": "https://api.elsevier.com/content/abstract/scopus_id/7644235120"},{"@_fa": "true", "@ref": "author-affiliation", "@href": "https://api.elsevier.com/content/abstract/scopus_id/7644235120?field=author,affiliation"},{"@_fa": "true", "@ref": "scopus", "@href": "https://www.scopus.com/inward/record.uri?partnerID=HzOxMe3b&scp=7644235120&origin=inward"},{"@_fa": "true", "@ref": "scopus-citedby", "@href": "https://www.scopus.com/inward/citedby.uri?partnerID=HzOxMe3b&scp=7644235120&origin=inward"}],"prism:url":"https://api.elsevier.com/content/abstract/scopus_id/7644235120","dc:identifier":"SCOPUS_ID:7644235120","eid":"2-s2.0-7644235120","dc:title":"Operational combat analysis of the Al Qaeda network","dc:creator":"Bunker R.","prism:publicationName":"Low Intensity Conflict and Law Enforcement","prism:issn":"09662847","prism:volume":"11","prism:issueIdentifier":"2-3","prism:pageRange":"316-339","prism:coverDate":"2002-12-01","prism:coverDisplayDate":"December 2002","prism:doi":"10.1080/0966284042000279063","citedby-count":"3","affiliation": [{"@_fa": "true", "affilname":"NLECTC-West","affiliation-city":"Los Angeles","affiliation-country":"United States"}],"prism:aggregationType":"Journal","subtype":"ar","subtypeDescription":"Article","source-id":"26501","openaccess":"0","openaccessFlag":false},{"@_fa": "true", "link": [{"@_fa": "true", "@ref": "self", "@href": "https://api.elsevier.com/content/abstract/scopus_id/0041638821"},{"@_fa": "true", "@ref": "author-affiliation", "@href": "https://api.elsevier.com/content/abstract/scopus_id/0041638821?field=author,affiliation"},{"@_fa": "true", "@ref": "scopus", "@href": "https://www.scopus.com/inward/record.uri?partnerID=HzOxMe3b&scp=0041638821&origin=inward"},{"@_fa": "true", "@ref": "scopus-citedby", "@href": "https://www.scopus.com/inward/citedby.uri?partnerID=HzOxMe3b&scp=0041638821&origin=inward"}],"prism:url":"https://api.elsevier.com/content/abstract/scopus_id/0041638821","dc:identifier":"SCOPUS_ID:0041638821","eid":"2-s2.0-0041638821","dc:title":"Network power in collaborative planning","dc:creator":"Booher D.","prism:publicationName":"Journal of Planning Education and Research","prism:issn":"0739456X","prism:volume":"21","prism:issueIdentifier":"3","prism:pageRange":"221-236","prism:coverDate":"2002-12-01","prism:coverDisplayDate":"2002","prism:doi":"10.1177/0739456X0202100301","citedby-count":"250","affiliation": [{"@_fa": "true", "affilname":"California State University, Sacramento","affiliation-city":"Sacramento","affiliation-country":"United States"}],"prism:aggregationType":"Journal","subtype":"ar","subtypeDescription":"Article","source-id":"13928","openaccess":"0","openaccessFlag":false},{"@_fa": "true", "link": [{"@_fa": "true", "@ref": "self", "@href": "https://api.elsevier.com/content/abstract/scopus_id/0036959936"},{"@_fa": "true", "@ref": "author-affiliation", "@href": "https://api.elsevier.com/content/abstract/scopus_id/0036959936?field=author,affiliation"},{"@_fa": "true", "@ref": "scopus", "@href": "https://www.scopus.com/inward/record.uri?partnerID=HzOxMe3b&scp=0036959936&origin=inward"},{"@_fa": "true", "@ref": "scopus-citedby", "@href": "https://www.scopus.com/inward/citedby.uri?partnerID=HzOxMe3b&scp=0036959936&origin=inward"}],"prism:url":"https://api.elsevier.com/content/abstract/scopus_id/0036959936","dc:identifier":"SCOPUS_ID:0036959936","eid":"2-s2.0-0036959936","dc:title":"Sequential structures in media dialogical networks","dc:creator":"Nekvapil J.","prism:publicationName":"Sociologicky Casopis","prism:issn":"00380288","prism:volume":"38","prism:issueIdentifier":"4","prism:pageRange":"483-500","prism:coverDate":"2002-12-01","prism:coverDisplayDate":"2002","citedby-count":"8","affiliation": [{"@_fa": "true", "affilname":"Technische Universität Chemnitz","affiliation-city":"Chemnitz","affiliation-country":"Germany"},{"@_fa": "true", "affilname":"Ústav Lingvistiky a Ugrofinistiky","affiliation-city":"Prague","affiliation-country":"Czech Republic"},{"@_fa": "true", "affilname":"FF UK","affiliation-city":"Prague","affiliation-country":"Czech Republic"}],"prism:aggregationType":"Journal","subtype":"ar","subtypeDescription":"Article","source-id":"18112","openaccess":"0","openaccessFlag":false},{"@_fa": "true", "link": [{"@_fa": "true", "@ref": "self", "@href": "https://api.elsevier.com/content/abstract/scopus_id/17144446993"},{"@_fa": "true", "@ref": "author-affiliation", "@href": "https://api.elsevier.com/content/abstract/scopus_id/17144446993?field=author,affiliation"},{"@_fa": "true", "@ref": "scopus", "@href": "https://www.scopus.com/inward/record.uri?partnerID=HzOxMe3b&scp=17144446993&origin=inward"},{"@_fa": "true", "@ref": "scopus-citedby", "@href": "https://www.scopus.com/inward/citedby.uri?partnerID=HzOxMe3b&scp=17144446993&origin=inward"}],"prism:url":"https://api.elsevier.com/content/abstract/scopus_id/17144446993","dc:identifier":"SCOPUS_ID:17144446993","eid":"2-s2.0-17144446993","dc:title":"Portable networking laboratory","dc:creator":"Fitzhugh S.","prism:publicationName":"Proceedings - Frontiers in Education Conference","prism:issn":"01905848","prism:volume":"1","prism:pageRange":null,"prism:coverDate":"2002-12-01","prism:coverDisplayDate":"2002","citedby-count":"1","affiliation": [{"@_fa": "true", "affilname":"Rensselaer Hartford Campus","affiliation-city":"Hartford","affiliation-country":"United States"}],"prism:aggregationType":"Conference Proceeding","subtype":"cp","subtypeDescription":"Conference Paper","source-id":"16719","openaccess":"0","openaccessFlag":false},{"@_fa": "true", "link": [{"@_fa": "true", "@ref": "self", "@href": "https://api.elsevier.com/content/abstract/scopus_id/67649221644"},{"@_fa": "true", "@ref": "author-affiliation", "@href": "https://api.elsevier.com/content/abstract/scopus_id/67649221644?field=author,affiliation"},{"@_fa": "true", "@ref": "scopus", "@href": "https://www.scopus.com/inward/record.uri?partnerID=HzOxMe3b&scp=67649221644&origin=inward"},{"@_fa": "true", "@ref": "scopus-citedby", "@href": "https://www.scopus.com/inward/citedby.uri?partnerID=HzOxMe3b&scp=67649221644&origin=inward"}],"prism:url":"https://api.elsevier.com/content/abstract/scopus_id/67649221644","dc:identifier":"SCOPUS_ID:67649221644","eid":"2-s2.0-67649221644","dc:title":"Causality, propensity, and bayesian networks","dc:creator":"Gillies D.","prism:publicationName":"Synthese","prism:issn":"00397857","prism:eIssn":"15730964","prism:volume":"132","prism:issueIdentifier":"1-2","prism:pageRange":"63-88","prism:coverDate":"2002-12-01","prism:coverDisplayDate":"2002","citedby-count":"1","prism:aggregationType":"Journal","subtype":"ar","subtypeDescription":"Article","source-id":"27699","openaccess":"0","openaccessFlag":false},{"@_fa": "true", "link": [{"@_fa": "true", "@ref": "self", "@href": "https://api.elsevier.com/content/abstract/scopus_id/7644225729"},{"@_fa": "true", "@ref": "author-affiliation", "@href": "https://api.elsevier.com/content/abstract/scopus_id/7644225729?field=author,affiliation"},{"@_fa": "true", "@ref": "scopus", "@href": "https://www.scopus.com/inward/record.uri?partnerID=HzOxMe3b&scp=7644225729&origin=inward"},{"@_fa": "true", "@ref": "scopus-citedby", "@href": "https://www.scopus.com/inward/citedby.uri?partnerID=HzOxMe3b&scp=7644225729&origin=inward"}],"prism:url":"https://api.elsevier.com/content/abstract/scopus_id/7644225729","dc:identifier":"SCOPUS_ID:7644225729","eid":"2-s2.0-7644225729","dc:title":"'Brotherhoods' and 'associates': Chechen networks of crime and resistance","dc:creator":"Galeotti M.","prism:publicationName":"Low Intensity Conflict and Law Enforcement","prism:issn":"09662847","prism:volume":"11","prism:issueIdentifier":"2-3","prism:pageRange":"340-352","prism:coverDate":"2002-12-01","prism:coverDisplayDate":"December 2002","prism:doi":"10.1080/0966284042000279072","citedby-count":"14","affiliation": [{"@_fa": "true", "affilname":"Keele University","affiliation-city":"Keele","affiliation-country":"United Kingdom"}],"prism:aggregationType":"Journal","subtype":"ar","subtypeDescription":"Article","source-id":"26501","openaccess":"0","openaccessFlag":false},{"@_fa": "true", "link": [{"@_fa": "true", "@ref": "self", "@href": "https://api.elsevier.com/content/abstract/scopus_id/1142265383"},{"@_fa": "true", "@ref": "author-affiliation", "@href": "https://api.elsevier.com/content/abstract/scopus_id/1142265383?field=author,affiliation"},{"@_fa": "true", "@ref": "scopus", "@href": "https://www.scopus.com/inward/record.uri?partnerID=HzOxMe3b&scp=1142265383&origin=inward"},{"@_fa": "true", "@ref": "scopus-citedby", "@href": "https://www.scopus.com/inward/citedby.uri?partnerID=HzOxMe3b&scp=1142265383&origin=inward"}],"prism:url":"https://api.elsevier.com/content/abstract/scopus_id/1142265383","dc:identifier":"SCOPUS_ID:1142265383","eid":"2-s2.0-1142265383","dc:title":"Building partnerships for African digital libraries: The west African digital library network (WADiLiN)","dc:creator":"Brandt C.","prism:publicationName":"IATUL Proceedings","prism:pageRange":"185-189","prism:coverDate":"2002-12-01","prism:coverDisplayDate":"2002","citedby-count":"0","prism:aggregationType":"Conference Proceeding","subtype":"cp","subtypeDescription":"Conference Paper","source-id":"35976","openaccess":"0","openaccessFlag":false},{"@_fa": "true", "link": [{"@_fa": "true", "@ref": "self", "@href": "https://api.elsevier.com/content/abstract/scopus_id/34247437799"},{"@_fa": "true", "@ref": "author-affiliation", "@href": "https://api.elsevier.com/content/abstract/scopus_id/34247437799?field=author,affiliation"},{"@_fa": "true", "@ref": "scopus", "@href": "https://www.scopus.com/inward/record.uri?partnerID=HzOxMe3b&scp=34247437799&origin=inward"},{"@_fa": "true", "@ref": "scopus-citedby", "@href": "https://www.scopus.com/inward/citedby.uri?partnerID=HzOxMe3b&scp=34247437799&origin=inward"}],"prism:url":"https://api.elsevier.com/content/abstract/scopus_id/34247437799","dc:identifier":"SCOPUS_ID:34247437799","eid":"2-s2.0-34247437799","dc:title":"Social networks from a sociolinguistic perspective: The relationship between characteristics of the social networks of bilingual adolescents and their language proficiency","dc:creator":"Wiklund I.","prism:publicationName":"International Journal of the Sociology of Language","prism:issn":"01652516","prism:eIssn":"16133668","prism:issueIdentifier":"153","prism:pageRange":"53-92","prism:coverDate":"2002-12-01","prism:coverDisplayDate":"2002","citedby-count":"14","prism:aggregationType":"Journal","subtype":"ar","subtypeDescription":"Article","source-id":"22311","openaccess":"0","openaccessFlag":false},{"@_fa": "true", "link": [{"@_fa": "true", "@ref": "self", "@href": "https://api.elsevier.com/content/abstract/scopus_id/0038635084"},{"@_fa": "true", "@ref": "author-affiliation", "@href": "https://api.elsevier.com/content/abstract/scopus_id/0038635084?field=author,affiliation"},{"@_fa": "true", "@ref": "scopus", "@href": "https://www.scopus.com/inward/record.uri?partnerID=HzOxMe3b&scp=0038635084&origin=inward"},{"@_fa": "true", "@ref": "scopus-citedby", "@href": "https://www.scopus.com/inward/citedby.uri?partnerID=HzOxMe3b&scp=0038635084&origin=inward"},{"@_fa": "true", "@ref": "full-text", "@href": "https://api.elsevier.com/content/article/eid/1-s2.0-S1057629002800201"}],"prism:url":"https://api.elsevier.com/content/abstract/scopus_id/0038635084","dc:identifier":"SCOPUS_ID:0038635084","eid":"2-s2.0-0038635084","dc:title":"Social support and social networks: synthesis and review","dc:creator":"Faber A.","prism:publicationName":"Advances in Medical Sociology","prism:issn":"10576290","prism:isbn": [{"@_fa": "true", "$" :"0762308818"},{"@_fa": "true", "$" :"9780762308811"}],"prism:volume":"8","prism:pageRange":"29-72","prism:coverDate":"2002-12-01","prism:coverDisplayDate":"2002","pii":"S1057629002800201","citedby-count":"31","prism:aggregationType":"Book Series","subtype":"ar","subtypeDescription":"Article","source-id":"16879","openaccess":"0","openaccessFlag":false},{"@_fa": "true", "link": [{"@_fa": "true", "@ref": "self", "@href": "https://api.elsevier.com/content/abstract/scopus_id/34247457056"},{"@_fa": "true", "@ref": "author-affiliation", "@href": "https://api.elsevier.com/content/abstract/scopus_id/34247457056?field=author,affiliation"},{"@_fa": "true", "@ref": "scopus", "@href": "https://www.scopus.com/inward/record.uri?partnerID=HzOxMe3b&scp=34247457056&origin=inward"},{"@_fa": "true", "@ref": "scopus-citedby", "@href": "https://www.scopus.com/inward/citedby.uri?partnerID=HzOxMe3b&scp=34247457056&origin=inward"},{"@_fa": "true", "@ref": "full-text", "@href": "https://api.elsevier.com/content/article/eid/1-s2.0-S1057629002800237"}],"prism:url":"https://api.elsevier.com/content/abstract/scopus_id/34247457056","dc:identifier":"SCOPUS_ID:34247457056","eid":"2-s2.0-34247457056","dc:title":"\"Sorry, I forgot\": the role of recall error in longitudinal personal network studies","dc:creator":"Wright E.","prism:publicationName":"Advances in Medical Sociology","prism:issn":"10576290","prism:isbn": [{"@_fa": "true", "$" :"0762308818"},{"@_fa": "true", "$" :"9780762308811"}],"prism:volume":"8","prism:pageRange":"113-129","prism:coverDate":"2002-12-01","prism:coverDisplayDate":"2002","pii":"S1057629002800237","citedby-count":"16","prism:aggregationType":"Book Series","subtype":"ar","subtypeDescription":"Article","source-id":"16879","openaccess":"0","openaccessFlag":false},{"@_fa": "true", "link": [{"@_fa": "true", "@ref": "self", "@href": "https://api.elsevier.com/content/abstract/scopus_id/0036902219"},{"@_fa": "true", "@ref": "author-affiliation", "@href": "https://api.elsevier.com/content/abstract/scopus_id/0036902219?field=author,affiliation"},{"@_fa": "true", "@ref": "scopus", "@href": "https://www.scopus.com/inward/record.uri?partnerID=HzOxMe3b&scp=0036902219&origin=inward"},{"@_fa": "true", "@ref": "scopus-citedby", "@href": "https://www.scopus.com/inward/citedby.uri?partnerID=HzOxMe3b&scp=0036902219&origin=inward"}],"prism:url":"https://api.elsevier.com/content/abstract/scopus_id/0036902219","dc:identifier":"SCOPUS_ID:0036902219","eid":"2-s2.0-0036902219","dc:title":"The minority student achivement network","dc:creator":"Alson A.","prism:publicationName":"Educational Leadership","prism:issn":"00131784","prism:volume":"60","prism:issueIdentifier":"4","prism:pageRange":"76-78","prism:coverDate":"2002-12-01","prism:coverDisplayDate":"December 2002","citedby-count":"2","prism:aggregationType":"Journal","subtype":"ar","subtypeDescription":"Article","source-id":"20746","openaccess":"0","openaccessFlag":false},{"@_fa": "true", "link": [{"@_fa": "true", "@ref": "self", "@href": "https://api.elsevier.com/content/abstract/scopus_id/0036959068"},{"@_fa": "true", "@ref": "author-affiliation", "@href": "https://api.elsevier.com/content/abstract/scopus_id/0036959068?field=author,affiliation"},{"@_fa": "true", "@ref": "scopus", "@href": "https://www.scopus.com/inward/record.uri?partnerID=HzOxMe3b&scp=0036959068&origin=inward"},{"@_fa": "true", "@ref": "scopus-citedby", "@href": "https://www.scopus.com/inward/citedby.uri?partnerID=HzOxMe3b&scp=0036959068&origin=inward"}],"prism:url":"https://api.elsevier.com/content/abstract/scopus_id/0036959068","dc:identifier":"SCOPUS_ID:0036959068","eid":"2-s2.0-0036959068","dc:title":"Myth and mystery of globalization: World trade networks in 1928, 1938, 1960, and 1999","dc:creator":"Su T.","prism:publicationName":"Review","prism:issn":"01479032","prism:volume":"25","prism:issueIdentifier":"4","prism:pageRange":"351-392","prism:coverDate":"2002-12-01","prism:coverDisplayDate":"2002","citedby-count":"2","affiliation": [{"@_fa": "true", "affilname":"California State University, Los Angeles","affiliation-city":"Los Angeles","affiliation-country":"United States"}],"prism:aggregationType":"Journal","subtype":"ar","subtypeDescription":"Article","source-id":"29438","openaccess":"0","openaccessFlag":false},{"@_fa": "true", "link": [{"@_fa": "true", "@ref": "self", "@href": "https://api.elsevier.com/content/abstract/scopus_id/0036931726"},{"@_fa": "true", "@ref": "author-affiliation", "@href": "https://api.elsevier.com/content/abstract/scopus_id/0036931726?field=author,affiliation"},{"@_fa": "true", "@ref": "scopus", "@href": "https://www.scopus.com/inward/record.uri?partnerID=HzOxMe3b&scp=0036931726&origin=inward"},{"@_fa": "true", "@ref": "scopus-citedby", "@href": "https://www.scopus.com/inward/citedby.uri?partnerID=HzOxMe3b&scp=0036931726&origin=inward"}],"prism:url":"https://api.elsevier.com/content/abstract/scopus_id/0036931726","dc:identifier":"SCOPUS_ID:0036931726","eid":"2-s2.0-0036931726","dc:title":"Encouraging political defection: The role of personal discussion networks in partisan desertions to the opposition party and Perot votes in 1992","dc:creator":"Beck P.","prism:publicationName":"Political Behavior","prism:issn":"01909320","prism:volume":"24","prism:issueIdentifier":"4","prism:pageRange":"309-337","prism:coverDate":"2002-12-01","prism:coverDisplayDate":"2002","prism:doi":"10.1023/A:1022549726887","citedby-count":"37","affiliation": [{"@_fa": "true", "affilname":"Ohio State University","affiliation-city":"Columbus","affiliation-country":"United States"}],"prism:aggregationType":"Journal","subtype":"re","subtypeDescription":"Review","source-id":"22832","openaccess":"0","openaccessFlag":false},{"@_fa": "true", "link": [{"@_fa": "true", "@ref": "self", "@href": "https://api.elsevier.com/content/abstract/scopus_id/0036926002"},{"@_fa": "true", "@ref": "author-affiliation", "@href": "https://api.elsevier.com/content/abstract/scopus_id/0036926002?field=author,affiliation"},{"@_fa": "true", "@ref": "scopus", "@href": "https://www.scopus.com/inward/record.uri?partnerID=HzOxMe3b&scp=0036926002&origin=inward"},{"@_fa": "true", "@ref": "scopus-citedby", "@href": "https://www.scopus.com/inward/citedby.uri?partnerID=HzOxMe3b&scp=0036926002&origin=inward"}],"prism:url":"https://api.elsevier.com/content/abstract/scopus_id/0036926002","dc:identifier":"SCOPUS_ID:0036926002","eid":"2-s2.0-0036926002","dc:title":"Network ethnography and the hypermedia organization: New media, new organizations, new methods","dc:creator":"Howard P.","prism:publicationName":"New Media and Society","prism:issn":"14614448","prism:volume":"4","prism:issueIdentifier":"4","prism:pageRange":"550-574","prism:coverDate":"2002-12-01","prism:coverDisplayDate":"December 2002","prism:doi":"10.1177/146144402321466813","citedby-count":"176","affiliation": [{"@_fa": "true", "affilname":"University of Washington, Seattle","affiliation-city":"Seattle","affiliation-country":"United States"}],"prism:aggregationType":"Journal","subtype":"ar","subtypeDescription":"Article","source-id":"16306","openaccess":"0","openaccessFlag":false},{"@_fa": "true", "link": [{"@_fa": "true", "@ref": "self", "@href": "https://api.elsevier.com/content/abstract/scopus_id/7644234209"},{"@_fa": "true", "@ref": "author-affiliation", "@href": "https://api.elsevier.com/content/abstract/scopus_id/7644234209?field=author,affiliation"},{"@_fa": "true", "@ref": "scopus", "@href": "https://www.scopus.com/inward/record.uri?partnerID=HzOxMe3b&scp=7644234209&origin=inward"},{"@_fa": "true", "@ref": "scopus-citedby", "@href": "https://www.scopus.com/inward/citedby.uri?partnerID=HzOxMe3b&scp=7644234209&origin=inward"}],"prism:url":"https://api.elsevier.com/content/abstract/scopus_id/7644234209","dc:identifier":"SCOPUS_ID:7644234209","eid":"2-s2.0-7644234209","dc:title":"Introduction and overview: Why response networks?","dc:creator":"Bunker R.","prism:publicationName":"Low Intensity Conflict and Law Enforcement","prism:issn":"09662847","prism:volume":"11","prism:issueIdentifier":"2-3","prism:pageRange":"171-177","prism:coverDate":"2002-12-01","prism:coverDisplayDate":"December 2002","prism:doi":"10.1080/0966284042000279975","citedby-count":"0","affiliation": [{"@_fa": "true", "affilname":"NLECTC-West","affiliation-city":"Los Angeles","affiliation-country":"United States"}],"prism:aggregationType":"Journal","subtype":"ar","subtypeDescription":"Article","source-id":"26501","openaccess":"0","openaccessFlag":false}]}}