{"search-results":{"opensearch:totalResults":"114","opensearch:startIndex":"0","opensearch:itemsPerPage":"25","opensearch:Query":{"@role": "request", "@searchTerms": "TITLE-ABS-KEY(\"network\") AND SUBJAREA(SOCI) AND PUBYEAR = 1975", "@startPage": "0"},"link": [{"@_fa": "true", "@ref": "self", "@href": "https://api.elsevier.com/content/search/scopus?start=0&count=25&query=TITLE-ABS-KEY%28%22network%22%29+AND+SUBJAREA%28SOCI%29+AND+PUBYEAR+%3D+1975&apiKey=27d953b4b546791964ebeb768d13e61f&view=STANDARD", "@type": "application/json"},{"@_fa": "true", "@ref": "first", "@href": "https://api.elsevier.com/content/search/scopus?start=0&count=25&query=TITLE-ABS-KEY%28%22network%22%29+AND+SUBJAREA%28SOCI%29+AND+PUBYEAR+%3D+1975&apiKey=27d953b4b546791964ebeb768d13e61f&view=STANDARD", "@type": "application/json"},{"@_fa": "true", "@ref": "next", "@href": "https://api.elsevier.com/content/search/scopus?start=25&count=25&query=TITLE-ABS-KEY%28%22network%22%29+AND+SUBJAREA%28SOCI%29+AND+PUBYEAR+%3D+1975&apiKey=27d953b4b546791964ebeb768d13e61f&view=STANDARD", "@type": "application/json"},{"@_fa": "true", "@ref": "last", "@href": "https://api.elsevier.com/content/search/scopus?start=89&count=25&query=TITLE-ABS-KEY%28%22network%22%29+AND+SUBJAREA%28SOCI%29+AND+PUBYEAR+%3D+1975&apiKey=27d953b4b546791964ebeb768d13e61f&view=STANDARD", "@type": "application/json"}],"entry": [{"@_fa": "true", "link": [{"@_fa": "true", "@ref": "self", "@href": "https://api.elsevier.com/content/abstract/scopus_id/77955320144"},{"@_fa": "true", "@ref": "author-affiliation", "@href": "https://api.elsevier.com/content/abstract/scopus_id/77955320144?field=author,affiliation"},{"@_fa": "true", "@ref": "scopus", "@href": "https://www.scopus.com/inward/record.uri?partnerID=HzOxMe3b&scp=77955320144&origin=inward"},{"@_fa": "true", "@ref": "scopus-citedby", "@href": "https://www.scopus.com/inward/citedby.uri?partnerID=HzOxMe3b&scp=77955320144&origin=inward"}],"prism:url":"https://api.elsevier.com/content/abstract/scopus_id/77955320144","dc:identifier":"SCOPUS_ID:77955320144","eid":"2-s2.0-77955320144","dc:title":"Comparative advertising: Perspectives and issues","dc:creator":"Barry T.","prism:publicationName":"Journal of Advertising","prism:issn":"00913367","prism:volume":"4","prism:issueIdentifier":"4","prism:pageRange":"15-20","prism:coverDate":"1975-12-01","prism:coverDisplayDate":"1 December 1975","prism:doi":"10.1080/00913367.1975.10672603","citedby-count":"26","affiliation": [{"@_fa": "true", "affilname":"Southern Methodist University","affiliation-city":"Dallas","affiliation-country":"United States"}],"prism:aggregationType":"Journal","subtype":"ar","subtypeDescription":"Article","source-id":"28179","openaccess":"0","openaccessFlag":false},{"@_fa": "true", "link": [{"@_fa": "true", "@ref": "self", "@href": "https://api.elsevier.com/content/abstract/scopus_id/84953467782"},{"@_fa": "true", "@ref": "author-affiliation", "@href": "https://api.elsevier.com/content/abstract/scopus_id/84953467782?field=author,affiliation"},{"@_fa": "true", "@ref": "scopus", "@href": "https://www.scopus.com/inward/record.uri?partnerID=HzOxMe3b&scp=84953467782&origin=inward"},{"@_fa": "true", "@ref": "scopus-citedby", "@href": "https://www.scopus.com/inward/citedby.uri?partnerID=HzOxMe3b&scp=84953467782&origin=inward"}],"prism:url":"https://api.elsevier.com/content/abstract/scopus_id/84953467782","dc:identifier":"SCOPUS_ID:84953467782","eid":"2-s2.0-84953467782","dc:title":"A course in communication and information retrieval for undergraduate biologists","dc:creator":"Nettlefold B.","prism:publicationName":"Journal of Biological Education","prism:issn":"00219266","prism:eIssn":"21576009","prism:volume":"9","prism:issueIdentifier":"5","prism:pageRange":"201-205","prism:coverDate":"1975-10-01","prism:coverDisplayDate":"1 October 1975","prism:doi":"10.1080/00219266.1975.9654028","citedby-count":"2","affiliation": [{"@_fa": "true", "affilname":"Hannah Research Institute","affiliation-city":"Ayr","affiliation-country":"United Kingdom"}],"prism:aggregationType":"Journal","subtype":"ar","subtypeDescription":"Article","source-id":"29571","openaccess":"0","openaccessFlag":false},{"@_fa": "true", "link": [{"@_fa": "true", "@ref": "self", "@href": "https://api.elsevier.com/content/abstract/scopus_id/84950099871"},{"@_fa": "true", "@ref": "author-affiliation", "@href": "https://api.elsevier.com/content/abstract/scopus_id/84950099871?field=author,affiliation"},{"@_fa": "true", "@ref": "scopus", "@href": "https://www.scopus.com/inward/record.uri?partnerID=HzOxMe3b&scp=84950099871&origin=inward"},{"@_fa": "true", "@ref": "scopus-citedby", "@href": "https://www.scopus.com/inward/citedby.uri?partnerID=HzOxMe3b&scp=84950099871&origin=inward"}],"prism:url":"https://api.elsevier.com/content/abstract/scopus_id/84950099871","dc:identifier":"SCOPUS_ID:84950099871","eid":"2-s2.0-84950099871","dc:title":"The European Information Network for Science and Technology: The first stages","dc:creator":"Giles C.","prism:publicationName":"Aslib Proceedings","prism:issn":"0001253X","prism:volume":"27","prism:issueIdentifier":"9","prism:pageRange":"366-375","prism:coverDate":"1975-09-01","prism:coverDisplayDate":"1 September 1975","prism:doi":"10.1108/eb050523","citedby-count":"1","prism:aggregationType":"Conference Proceeding","subtype":"re","subtypeDescription":"Review","source-id":"12804","openaccess":"0","openaccessFlag":false},{"@_fa": "true", "link": [{"@_fa": "true", "@ref": "self", "@href": "https://api.elsevier.com/content/abstract/scopus_id/10944261610"},{"@_fa": "true", "@ref": "author-affiliation", "@href": "https://api.elsevier.com/content/abstract/scopus_id/10944261610?field=author,affiliation"},{"@_fa": "true", "@ref": "scopus", "@href": "https://www.scopus.com/inward/record.uri?partnerID=HzOxMe3b&scp=10944261610&origin=inward"},{"@_fa": "true", "@ref": "scopus-citedby", "@href": "https://www.scopus.com/inward/citedby.uri?partnerID=HzOxMe3b&scp=10944261610&origin=inward"}],"prism:url":"https://api.elsevier.com/content/abstract/scopus_id/10944261610","dc:identifier":"SCOPUS_ID:10944261610","eid":"2-s2.0-10944261610","dc:title":"Air Transport Growth in Under-Developed Regions","dc:creator":"Holsman A.","prism:publicationName":"Australian Geographer","prism:issn":"00049182","prism:eIssn":"14653311","prism:volume":"13","prism:issueIdentifier":"2","prism:pageRange":"79-90","prism:coverDate":"1975-09-01","prism:coverDisplayDate":"1 September 1975","prism:doi":"10.1080/00049187508702682","citedby-count":"2","prism:aggregationType":"Journal","subtype":"ar","subtypeDescription":"Article","source-id":"27511","openaccess":"0","openaccessFlag":false},{"@_fa": "true", "link": [{"@_fa": "true", "@ref": "self", "@href": "https://api.elsevier.com/content/abstract/scopus_id/84973001482"},{"@_fa": "true", "@ref": "author-affiliation", "@href": "https://api.elsevier.com/content/abstract/scopus_id/84973001482?field=author,affiliation"},{"@_fa": "true", "@ref": "scopus", "@href": "https://www.scopus.com/inward/record.uri?partnerID=HzOxMe3b&scp=84973001482&origin=inward"},{"@_fa": "true", "@ref": "scopus-citedby", "@href": "https://www.scopus.com/inward/citedby.uri?partnerID=HzOxMe3b&scp=84973001482&origin=inward"}],"prism:url":"https://api.elsevier.com/content/abstract/scopus_id/84973001482","dc:identifier":"SCOPUS_ID:84973001482","eid":"2-s2.0-84973001482","dc:title":"Livestock markets in scotland","dc:creator":"Carlyle W.","prism:publicationName":"Annals of the Association of American Geographers","prism:issn":"00045608","prism:eIssn":"14678306","prism:volume":"65","prism:issueIdentifier":"3","prism:pageRange":"449-460","prism:coverDate":"1975-09-01","prism:coverDisplayDate":"1 September 1975","prism:doi":"10.1111/j.1467-8306.1975.tb01052.x","citedby-count":"2","prism:aggregationType":"Journal","subtype":"ar","subtypeDescription":"Article","source-id":"27492","openaccess":"0","openaccessFlag":false},{"@_fa": "true", "link": [{"@_fa": "true", "@ref": "self", "@href": "https://api.elsevier.com/content/abstract/scopus_id/84972979625"},{"@_fa": "true", "@ref": "author-affiliation", "@href": "https://api.elsevier.com/content/abstract/scopus_id/84972979625?field=author,affiliation"},{"@_fa": "true", "@ref": "scopus", "@href": "https://www.scopus.com/inward/record.uri?partnerID=HzOxMe3b&scp=84972979625&origin=inward"},{"@_fa": "true", "@ref": "scopus-citedby", "@href": "https://www.scopus.com/inward/citedby.uri?partnerID=HzOxMe3b&scp=84972979625&origin=inward"}],"prism:url":"https://api.elsevier.com/content/abstract/scopus_id/84972979625","dc:identifier":"SCOPUS_ID:84972979625","eid":"2-s2.0-84972979625","dc:title":"Associations in choropleth map comparison","dc:creator":"Muller J.","prism:publicationName":"Annals of the Association of American Geographers","prism:issn":"00045608","prism:eIssn":"14678306","prism:volume":"65","prism:issueIdentifier":"3","prism:pageRange":"403-413","prism:coverDate":"1975-09-01","prism:coverDisplayDate":"1 September 1975","prism:doi":"10.1111/j.1467-8306.1975.tb01048.x","citedby-count":"8","affiliation": [{"@_fa": "true", "affilname":"The University of Georgia","affiliation-city":"Athens","affiliation-country":"United States"}],"prism:aggregationType":"Journal","subtype":"ar","subtypeDescription":"Article","source-id":"27492","openaccess":"0","openaccessFlag":false},{"@_fa": "true", "link": [{"@_fa": "true", "@ref": "self", "@href": "https://api.elsevier.com/content/abstract/scopus_id/0016643893"},{"@_fa": "true", "@ref": "author-affiliation", "@href": "https://api.elsevier.com/content/abstract/scopus_id/0016643893?field=author,affiliation"},{"@_fa": "true", "@ref": "scopus", "@href": "https://www.scopus.com/inward/record.uri?partnerID=HzOxMe3b&scp=0016643893&origin=inward"},{"@_fa": "true", "@ref": "scopus-citedby", "@href": "https://www.scopus.com/inward/citedby.uri?partnerID=HzOxMe3b&scp=0016643893&origin=inward"}],"prism:url":"https://api.elsevier.com/content/abstract/scopus_id/0016643893","dc:identifier":"SCOPUS_ID:0016643893","eid":"2-s2.0-0016643893","dc:title":"Why academic women do not revolt - Implications for affirmative action","dc:creator":"Liss L.","prism:publicationName":"Sex Roles","prism:issn":"03600025","prism:eIssn":"15732762","prism:volume":"1","prism:issueIdentifier":"3","prism:pageRange":"209-223","prism:coverDate":"1975-09-01","prism:coverDisplayDate":"September 1975","prism:doi":"10.1007/BF00287370","citedby-count":"8","affiliation": [{"@_fa": "true", "affilname":"Lehigh University","affiliation-city":"Bethlehem","affiliation-country":"United States"}],"prism:aggregationType":"Journal","subtype":"ar","subtypeDescription":"Article","source-id":"14798","openaccess":"0","openaccessFlag":false},{"@_fa": "true", "link": [{"@_fa": "true", "@ref": "self", "@href": "https://api.elsevier.com/content/abstract/scopus_id/51649190501"},{"@_fa": "true", "@ref": "author-affiliation", "@href": "https://api.elsevier.com/content/abstract/scopus_id/51649190501?field=author,affiliation"},{"@_fa": "true", "@ref": "scopus", "@href": "https://www.scopus.com/inward/record.uri?partnerID=HzOxMe3b&scp=51649190501&origin=inward"},{"@_fa": "true", "@ref": "scopus-citedby", "@href": "https://www.scopus.com/inward/citedby.uri?partnerID=HzOxMe3b&scp=51649190501&origin=inward"}],"prism:url":"https://api.elsevier.com/content/abstract/scopus_id/51649190501","dc:identifier":"SCOPUS_ID:51649190501","eid":"2-s2.0-51649190501","dc:title":"Pattern across networks","dc:creator":"White H.","prism:publicationName":"Society","prism:issn":"01472011","prism:eIssn":"19364725","prism:volume":"12","prism:issueIdentifier":"5","prism:pageRange":"68-74","prism:coverDate":"1975-07-01","prism:coverDisplayDate":"July 1975","prism:doi":"10.1007/BF02699922","citedby-count":"17","prism:aggregationType":"Journal","subtype":"ar","subtypeDescription":"Article","source-id":"26481","openaccess":"0","openaccessFlag":false},{"@_fa": "true", "link": [{"@_fa": "true", "@ref": "self", "@href": "https://api.elsevier.com/content/abstract/scopus_id/84963154781"},{"@_fa": "true", "@ref": "author-affiliation", "@href": "https://api.elsevier.com/content/abstract/scopus_id/84963154781?field=author,affiliation"},{"@_fa": "true", "@ref": "scopus", "@href": "https://www.scopus.com/inward/record.uri?partnerID=HzOxMe3b&scp=84963154781&origin=inward"},{"@_fa": "true", "@ref": "scopus-citedby", "@href": "https://www.scopus.com/inward/citedby.uri?partnerID=HzOxMe3b&scp=84963154781&origin=inward"}],"prism:url":"https://api.elsevier.com/content/abstract/scopus_id/84963154781","dc:identifier":"SCOPUS_ID:84963154781","eid":"2-s2.0-84963154781","dc:title":"Transportation and the development of malaya","dc:creator":"Leinbach T.","prism:publicationName":"Annals of the Association of American Geographers","prism:issn":"00045608","prism:eIssn":"14678306","prism:volume":"65","prism:issueIdentifier":"2","prism:pageRange":"270-282","prism:coverDate":"1975-06-01","prism:coverDisplayDate":"1 June 1975","prism:doi":"10.1111/j.1467-8306.1975.tb01036.x","citedby-count":"14","prism:aggregationType":"Journal","subtype":"ar","subtypeDescription":"Article","source-id":"27492","openaccess":"0","openaccessFlag":false},{"@_fa": "true", "link": [{"@_fa": "true", "@ref": "self", "@href": "https://api.elsevier.com/content/abstract/scopus_id/0016732027"},{"@_fa": "true", "@ref": "author-affiliation", "@href": "https://api.elsevier.com/content/abstract/scopus_id/0016732027?field=author,affiliation"},{"@_fa": "true", "@ref": "scopus", "@href": "https://www.scopus.com/inward/record.uri?partnerID=HzOxMe3b&scp=0016732027&origin=inward"},{"@_fa": "true", "@ref": "scopus-citedby", "@href": "https://www.scopus.com/inward/citedby.uri?partnerID=HzOxMe3b&scp=0016732027&origin=inward"}],"prism:url":"https://api.elsevier.com/content/abstract/scopus_id/0016732027","dc:identifier":"SCOPUS_ID:0016732027","eid":"2-s2.0-0016732027","dc:title":"Interrelationships between and correlates of psychometric and Piagetian scales of sensorimotor iintelligence","dc:creator":"Gottfried A.","prism:publicationName":"Developmental Psychology","prism:issn":"00121649","prism:volume":"11","prism:issueIdentifier":"3","prism:pageRange":"379-387","prism:coverDate":"1975-05-01","prism:coverDisplayDate":"May 1975","prism:doi":"10.1037/h0076564","pii":"S0012164907610675","citedby-count":"11","prism:aggregationType":"Journal","subtype":"ar","subtypeDescription":"Article","source-id":"13500","openaccess":"0","openaccessFlag":false},{"@_fa": "true", "link": [{"@_fa": "true", "@ref": "self", "@href": "https://api.elsevier.com/content/abstract/scopus_id/34250407384"},{"@_fa": "true", "@ref": "author-affiliation", "@href": "https://api.elsevier.com/content/abstract/scopus_id/34250407384?field=author,affiliation"},{"@_fa": "true", "@ref": "scopus", "@href": "https://www.scopus.com/inward/record.uri?partnerID=HzOxMe3b&scp=34250407384&origin=inward"},{"@_fa": "true", "@ref": "scopus-citedby", "@href": "https://www.scopus.com/inward/citedby.uri?partnerID=HzOxMe3b&scp=34250407384&origin=inward"}],"prism:url":"https://api.elsevier.com/content/abstract/scopus_id/34250407384","dc:identifier":"SCOPUS_ID:34250407384","eid":"2-s2.0-34250407384","dc:title":"A rationale and description of a CAI program to teach the BASIC programming language","dc:creator":"Barr A.","prism:publicationName":"Instructional Science","prism:issn":"00204277","prism:eIssn":"15731952","prism:volume":"4","prism:issueIdentifier":"1","prism:pageRange":"1-31","prism:coverDate":"1975-04-01","prism:coverDisplayDate":"April 1975","prism:doi":"10.1007/BF00157068","citedby-count":"13","affiliation": [{"@_fa": "true", "affilname":"Stanford University","affiliation-city":"Palo Alto","affiliation-country":"United States"}],"prism:aggregationType":"Journal","subtype":"ar","subtypeDescription":"Article","source-id":"21368","openaccess":"0","openaccessFlag":false},{"@_fa": "true", "link": [{"@_fa": "true", "@ref": "self", "@href": "https://api.elsevier.com/content/abstract/scopus_id/0242299014"},{"@_fa": "true", "@ref": "author-affiliation", "@href": "https://api.elsevier.com/content/abstract/scopus_id/0242299014?field=author,affiliation"},{"@_fa": "true", "@ref": "scopus", "@href": "https://www.scopus.com/inward/record.uri?partnerID=HzOxMe3b&scp=0242299014&origin=inward"},{"@_fa": "true", "@ref": "scopus-citedby", "@href": "https://www.scopus.com/inward/citedby.uri?partnerID=HzOxMe3b&scp=0242299014&origin=inward"}],"prism:url":"https://api.elsevier.com/content/abstract/scopus_id/0242299014","dc:identifier":"SCOPUS_ID:0242299014","eid":"2-s2.0-0242299014","dc:title":"The Measurement of Relative Accessibility","dc:creator":"Baxter R.","prism:publicationName":"Regional Studies","prism:issn":"00343404","prism:eIssn":"13600591","prism:volume":"9","prism:issueIdentifier":"1","prism:pageRange":"15-26","prism:coverDate":"1975-03-01","prism:coverDisplayDate":"1 March 1975","prism:doi":"10.1080/09595237500185021","citedby-count":"15","affiliation": [{"@_fa": "true", "affilname":"University of Cambridge","affiliation-city":"Cambridge","affiliation-country":"United Kingdom"}],"prism:aggregationType":"Journal","subtype":"ar","subtypeDescription":"Article","source-id":"15143","openaccess":"0","openaccessFlag":false},{"@_fa": "true", "link": [{"@_fa": "true", "@ref": "self", "@href": "https://api.elsevier.com/content/abstract/scopus_id/0016688999"},{"@_fa": "true", "@ref": "author-affiliation", "@href": "https://api.elsevier.com/content/abstract/scopus_id/0016688999?field=author,affiliation"},{"@_fa": "true", "@ref": "scopus", "@href": "https://www.scopus.com/inward/record.uri?partnerID=HzOxMe3b&scp=0016688999&origin=inward"},{"@_fa": "true", "@ref": "scopus-citedby", "@href": "https://www.scopus.com/inward/citedby.uri?partnerID=HzOxMe3b&scp=0016688999&origin=inward"}],"prism:url":"https://api.elsevier.com/content/abstract/scopus_id/0016688999","dc:identifier":"SCOPUS_ID:0016688999","eid":"2-s2.0-0016688999","dc:title":"Day hospital in the context of a community mental health program","dc:creator":"Silverman W.","prism:publicationName":"Community Mental Health Journal","prism:issn":"00103853","prism:eIssn":"15732789","prism:volume":"11","prism:issueIdentifier":"1","prism:pageRange":"82-90","prism:coverDate":"1975-03-01","prism:coverDisplayDate":"March 1975","prism:doi":"10.1007/BF01420468","citedby-count":"2","affiliation": [{"@_fa": "true", "affilname":"University of Illinois College of Medicine","affiliation-city":"Chicago","affiliation-country":"United States"}],"pubmed-id":"1132226","prism:aggregationType":"Journal","subtype":"ar","subtypeDescription":"Article","source-id":"29291","openaccess":"0","openaccessFlag":false},{"@_fa": "true", "link": [{"@_fa": "true", "@ref": "self", "@href": "https://api.elsevier.com/content/abstract/scopus_id/84948206493"},{"@_fa": "true", "@ref": "author-affiliation", "@href": "https://api.elsevier.com/content/abstract/scopus_id/84948206493?field=author,affiliation"},{"@_fa": "true", "@ref": "scopus", "@href": "https://www.scopus.com/inward/record.uri?partnerID=HzOxMe3b&scp=84948206493&origin=inward"},{"@_fa": "true", "@ref": "scopus-citedby", "@href": "https://www.scopus.com/inward/citedby.uri?partnerID=HzOxMe3b&scp=84948206493&origin=inward"}],"prism:url":"https://api.elsevier.com/content/abstract/scopus_id/84948206493","dc:identifier":"SCOPUS_ID:84948206493","eid":"2-s2.0-84948206493","dc:title":"The consumer and the box","dc:creator":"Hughes A.","prism:publicationName":"Industrial and Commercial Training","prism:issn":"00197858","prism:volume":"7","prism:issueIdentifier":"2","prism:pageRange":"80-82","prism:coverDate":"1975-02-01","prism:coverDisplayDate":"1 February 1975","prism:doi":"10.1108/eb003449","citedby-count":"0","prism:aggregationType":"Journal","subtype":"re","subtypeDescription":"Review","source-id":"145250","openaccess":"0","openaccessFlag":false},{"@_fa": "true", "link": [{"@_fa": "true", "@ref": "self", "@href": "https://api.elsevier.com/content/abstract/scopus_id/84948212779"},{"@_fa": "true", "@ref": "author-affiliation", "@href": "https://api.elsevier.com/content/abstract/scopus_id/84948212779?field=author,affiliation"},{"@_fa": "true", "@ref": "scopus", "@href": "https://www.scopus.com/inward/record.uri?partnerID=HzOxMe3b&scp=84948212779&origin=inward"},{"@_fa": "true", "@ref": "scopus-citedby", "@href": "https://www.scopus.com/inward/citedby.uri?partnerID=HzOxMe3b&scp=84948212779&origin=inward"}],"prism:url":"https://api.elsevier.com/content/abstract/scopus_id/84948212779","dc:identifier":"SCOPUS_ID:84948212779","eid":"2-s2.0-84948212779","dc:title":"The European Connection: International co-operation in the use of information resources","dc:creator":"Appleyard R.","prism:publicationName":"Aslib Proceedings","prism:issn":"0001253X","prism:volume":"27","prism:issueIdentifier":"2","prism:pageRange":"38-47","prism:coverDate":"1975-02-01","prism:coverDisplayDate":"1 February 1975","prism:doi":"10.1108/eb050491","citedby-count":"1","affiliation": [{"@_fa": "true", "affilname":"European Communities Commission","affiliation-city":null,"affiliation-country":"United Kingdom"}],"prism:aggregationType":"Conference Proceeding","subtype":"re","subtypeDescription":"Review","source-id":"12804","openaccess":"0","openaccessFlag":false},{"@_fa": "true", "link": [{"@_fa": "true", "@ref": "self", "@href": "https://api.elsevier.com/content/abstract/scopus_id/84948200298"},{"@_fa": "true", "@ref": "author-affiliation", "@href": "https://api.elsevier.com/content/abstract/scopus_id/84948200298?field=author,affiliation"},{"@_fa": "true", "@ref": "scopus", "@href": "https://www.scopus.com/inward/record.uri?partnerID=HzOxMe3b&scp=84948200298&origin=inward"},{"@_fa": "true", "@ref": "scopus-citedby", "@href": "https://www.scopus.com/inward/citedby.uri?partnerID=HzOxMe3b&scp=84948200298&origin=inward"}],"prism:url":"https://api.elsevier.com/content/abstract/scopus_id/84948200298","dc:identifier":"SCOPUS_ID:84948200298","eid":"2-s2.0-84948200298","dc:title":"Basic bibliographic control: Plans for a world system","dc:creator":"Chaplin A.","prism:publicationName":"Aslib Proceedings","prism:issn":"0001253X","prism:volume":"27","prism:issueIdentifier":"2","prism:pageRange":"48-56","prism:coverDate":"1975-02-01","prism:coverDisplayDate":"1 February 1975","prism:doi":"10.1108/eb050492","citedby-count":"2","prism:aggregationType":"Conference Proceeding","subtype":"re","subtypeDescription":"Review","source-id":"12804","openaccess":"0","openaccessFlag":false},{"@_fa": "true", "link": [{"@_fa": "true", "@ref": "self", "@href": "https://api.elsevier.com/content/abstract/scopus_id/84981971914"},{"@_fa": "true", "@ref": "author-affiliation", "@href": "https://api.elsevier.com/content/abstract/scopus_id/84981971914?field=author,affiliation"},{"@_fa": "true", "@ref": "scopus", "@href": "https://www.scopus.com/inward/record.uri?partnerID=HzOxMe3b&scp=84981971914&origin=inward"},{"@_fa": "true", "@ref": "scopus-citedby", "@href": "https://www.scopus.com/inward/citedby.uri?partnerID=HzOxMe3b&scp=84981971914&origin=inward"}],"prism:url":"https://api.elsevier.com/content/abstract/scopus_id/84981971914","dc:identifier":"SCOPUS_ID:84981971914","eid":"2-s2.0-84981971914","dc:title":"interconnectedness and the duration of connections in several small networks","dc:creator":"HAMMER M.","prism:publicationName":"American Ethnologist","prism:issn":"00940496","prism:eIssn":"15481425","prism:volume":"2","prism:issueIdentifier":"2","prism:pageRange":"297-308","prism:coverDate":"1975-01-01","prism:coverDisplayDate":"May 1975","prism:doi":"10.1525/ae.1975.2.2.02a00070","citedby-count":"12","prism:aggregationType":"Journal","subtype":"ar","subtypeDescription":"Article","source-id":"78019","openaccess":"1","openaccessFlag":true},{"@_fa": "true", "link": [{"@_fa": "true", "@ref": "self", "@href": "https://api.elsevier.com/content/abstract/scopus_id/84970382212"},{"@_fa": "true", "@ref": "author-affiliation", "@href": "https://api.elsevier.com/content/abstract/scopus_id/84970382212?field=author,affiliation"},{"@_fa": "true", "@ref": "scopus", "@href": "https://www.scopus.com/inward/record.uri?partnerID=HzOxMe3b&scp=84970382212&origin=inward"},{"@_fa": "true", "@ref": "scopus-citedby", "@href": "https://www.scopus.com/inward/citedby.uri?partnerID=HzOxMe3b&scp=84970382212&origin=inward"}],"prism:url":"https://api.elsevier.com/content/abstract/scopus_id/84970382212","dc:identifier":"SCOPUS_ID:84970382212","eid":"2-s2.0-84970382212","dc:title":"Problem areas and research networks in science","dc:creator":"Mulkay M.","prism:publicationName":"Sociology","prism:issn":"00380385","prism:volume":"9","prism:issueIdentifier":"2","prism:pageRange":"187-203","prism:coverDate":"1975-01-01","prism:coverDisplayDate":"May 1975","prism:doi":"10.1177/003803857500900201","citedby-count":"113","affiliation": [{"@_fa": "true", "affilname":"University of York","affiliation-city":"York","affiliation-country":"United Kingdom"}],"prism:aggregationType":"Journal","subtype":"ar","subtypeDescription":"Article","source-id":"18130","openaccess":"0","openaccessFlag":false},{"@_fa": "true", "link": [{"@_fa": "true", "@ref": "self", "@href": "https://api.elsevier.com/content/abstract/scopus_id/49649134319"},{"@_fa": "true", "@ref": "author-affiliation", "@href": "https://api.elsevier.com/content/abstract/scopus_id/49649134319?field=author,affiliation"},{"@_fa": "true", "@ref": "scopus", "@href": "https://www.scopus.com/inward/record.uri?partnerID=HzOxMe3b&scp=49649134319&origin=inward"},{"@_fa": "true", "@ref": "scopus-citedby", "@href": "https://www.scopus.com/inward/citedby.uri?partnerID=HzOxMe3b&scp=49649134319&origin=inward"},{"@_fa": "true", "@ref": "full-text", "@href": "https://api.elsevier.com/content/article/eid/1-s2.0-0305900675900069"}],"prism:url":"https://api.elsevier.com/content/abstract/scopus_id/49649134319","dc:identifier":"SCOPUS_ID:49649134319","eid":"2-s2.0-49649134319","dc:title":"Urban networks: The structure of activity patterns","dc:creator":"Cullen I.","prism:publicationName":"Progress in Planning","prism:issn":"03059006","prism:volume":"4","prism:issueIdentifier":"PART 1","prism:pageRange":"1-96","prism:coverDate":"1975-01-01","prism:coverDisplayDate":"1975","prism:doi":"10.1016/0305-9006(75)90006-9","pii":"0305900675900069","citedby-count":"96","affiliation": [{"@_fa": "true", "affilname":"Faculty of Environmental Studies","affiliation-city":"London","affiliation-country":"United Kingdom"}],"prism:aggregationType":"Journal","subtype":"ar","subtypeDescription":"Article","source-id":"15111","openaccess":"0","openaccessFlag":false},{"@_fa": "true", "link": [{"@_fa": "true", "@ref": "self", "@href": "https://api.elsevier.com/content/abstract/scopus_id/84972264179"},{"@_fa": "true", "@ref": "author-affiliation", "@href": "https://api.elsevier.com/content/abstract/scopus_id/84972264179?field=author,affiliation"},{"@_fa": "true", "@ref": "scopus", "@href": "https://www.scopus.com/inward/record.uri?partnerID=HzOxMe3b&scp=84972264179&origin=inward"},{"@_fa": "true", "@ref": "scopus-citedby", "@href": "https://www.scopus.com/inward/citedby.uri?partnerID=HzOxMe3b&scp=84972264179&origin=inward"}],"prism:url":"https://api.elsevier.com/content/abstract/scopus_id/84972264179","dc:identifier":"SCOPUS_ID:84972264179","eid":"2-s2.0-84972264179","dc:title":"Alienation, Urbanisation, and Social Networks in the Sudan","dc:creator":"Lobban R.","prism:publicationName":"The Journal of Modern African Studies","prism:issn":"0022278X","prism:eIssn":"14697777","prism:volume":"13","prism:issueIdentifier":"3","prism:pageRange":"491-500","prism:coverDate":"1975-01-01","prism:coverDisplayDate":"September 1975","prism:doi":"10.1017/S0022278X0005240X","citedby-count":"6","prism:aggregationType":"Journal","subtype":"ar","subtypeDescription":"Article","source-id":"20318","openaccess":"0","openaccessFlag":false},{"@_fa": "true", "link": [{"@_fa": "true", "@ref": "self", "@href": "https://api.elsevier.com/content/abstract/scopus_id/84965853438"},{"@_fa": "true", "@ref": "author-affiliation", "@href": "https://api.elsevier.com/content/abstract/scopus_id/84965853438?field=author,affiliation"},{"@_fa": "true", "@ref": "scopus", "@href": "https://www.scopus.com/inward/record.uri?partnerID=HzOxMe3b&scp=84965853438&origin=inward"},{"@_fa": "true", "@ref": "scopus-citedby", "@href": "https://www.scopus.com/inward/citedby.uri?partnerID=HzOxMe3b&scp=84965853438&origin=inward"}],"prism:url":"https://api.elsevier.com/content/abstract/scopus_id/84965853438","dc:identifier":"SCOPUS_ID:84965853438","eid":"2-s2.0-84965853438","dc:title":"The power network in phoenix: An Application of Smallest Space Analysis","dc:creator":"McLaughlin E.","prism:publicationName":"Critical Sociology","prism:issn":"08969205","prism:eIssn":"15691632","prism:volume":"5","prism:issueIdentifier":"3","prism:pageRange":"185-195","prism:coverDate":"1975-01-01","prism:coverDisplayDate":"April 1975","prism:doi":"10.1177/089692057500500311","citedby-count":"3","affiliation": [{"@_fa": "true", "affilname":"Arizona State University","affiliation-city":"Tempe","affiliation-country":"United States"}],"prism:aggregationType":"Journal","subtype":"ar","subtypeDescription":"Article","source-id":"24848","openaccess":"0","openaccessFlag":false},{"@_fa": "true", "link": [{"@_fa": "true", "@ref": "self", "@href": "https://api.elsevier.com/content/abstract/scopus_id/84965951725"},{"@_fa": "true", "@ref": "author-affiliation", "@href": "https://api.elsevier.com/content/abstract/scopus_id/84965951725?field=author,affiliation"},{"@_fa": "true", "@ref": "scopus", "@href": "https://www.scopus.com/inward/record.uri?partnerID=HzOxMe3b&scp=84965951725&origin=inward"},{"@_fa": "true", "@ref": "scopus-citedby", "@href": "https://www.scopus.com/inward/citedby.uri?partnerID=HzOxMe3b&scp=84965951725&origin=inward"}],"prism:url":"https://api.elsevier.com/content/abstract/scopus_id/84965951725","dc:identifier":"SCOPUS_ID:84965951725","eid":"2-s2.0-84965951725","dc:title":"Social clubs, policy-planning groups, and corporations: A Network Study of Ruling-Class Cohesiveness","dc:creator":"Domhoff G.","prism:publicationName":"Critical Sociology","prism:issn":"08969205","prism:eIssn":"15691632","prism:volume":"5","prism:issueIdentifier":"3","prism:pageRange":"171-184","prism:coverDate":"1975-01-01","prism:coverDisplayDate":"April 1975","prism:doi":"10.1177/089692057500500310","citedby-count":"4","affiliation": [{"@_fa": "true", "affilname":"University of California, Santa Cruz","affiliation-city":"Santa Cruz","affiliation-country":"United States"}],"prism:aggregationType":"Journal","subtype":"ar","subtypeDescription":"Article","source-id":"24848","openaccess":"0","openaccessFlag":false},{"@_fa": "true", "link": [{"@_fa": "true", "@ref": "self", "@href": "https://api.elsevier.com/content/abstract/scopus_id/0016569435"},{"@_fa": "true", "@ref": "author-affiliation", "@href": "https://api.elsevier.com/content/abstract/scopus_id/0016569435?field=author,affiliation"},{"@_fa": "true", "@ref": "scopus", "@href": "https://www.scopus.com/inward/record.uri?partnerID=HzOxMe3b&scp=0016569435&origin=inward"},{"@_fa": "true", "@ref": "scopus-citedby", "@href": "https://www.scopus.com/inward/citedby.uri?partnerID=HzOxMe3b&scp=0016569435&origin=inward"}],"prism:url":"https://api.elsevier.com/content/abstract/scopus_id/0016569435","dc:identifier":"SCOPUS_ID:0016569435","eid":"2-s2.0-0016569435","dc:title":"OPTIMIZATION OF TRAFFIC SIGNAL SETTINGS BY MIXED-INTEGER LINEAR PROGRAMMING - 1. THE NETWORK COORDINATION PROBLEM.","dc:creator":"Gartner N.","prism:publicationName":"Transportation Science","prism:issn":"00411655","prism:volume":"9","prism:issueIdentifier":"n","prism:pageRange":"321-343","prism:coverDate":"1975-01-01","prism:coverDisplayDate":"Nov","citedby-count":"59","prism:aggregationType":"Journal","subtype":"ar","subtypeDescription":"Article","source-id":"20910","openaccess":"0","openaccessFlag":false},{"@_fa": "true", "link": [{"@_fa": "true", "@ref": "self", "@href": "https://api.elsevier.com/content/abstract/scopus_id/0016761715"},{"@_fa": "true", "@ref": "author-affiliation", "@href": "https://api.elsevier.com/content/abstract/scopus_id/0016761715?field=author,affiliation"},{"@_fa": "true", "@ref": "scopus", "@href": "https://www.scopus.com/inward/record.uri?partnerID=HzOxMe3b&scp=0016761715&origin=inward"},{"@_fa": "true", "@ref": "scopus-citedby", "@href": "https://www.scopus.com/inward/citedby.uri?partnerID=HzOxMe3b&scp=0016761715&origin=inward"}],"prism:url":"https://api.elsevier.com/content/abstract/scopus_id/0016761715","dc:identifier":"SCOPUS_ID:0016761715","eid":"2-s2.0-0016761715","dc:title":"The Concept of Personal Network in Clinical Practice","dc:creator":"ERICKSON G.","prism:publicationName":"Family Process","prism:issn":"00147370","prism:eIssn":"15455300","prism:volume":"14","prism:issueIdentifier":"4","prism:pageRange":"487-498","prism:coverDate":"1975-01-01","prism:coverDisplayDate":"December 1975","prism:doi":"10.1111/j.1545-5300.1975.00487.x","citedby-count":"34","affiliation": [{"@_fa": "true", "affilname":"University of York","affiliation-city":"York","affiliation-country":"United Kingdom"},{"@_fa": "true", "affilname":"University of Manitoba","affiliation-city":"Winnipeg","affiliation-country":"Canada"}],"prism:aggregationType":"Journal","subtype":"ar","subtypeDescription":"Article","source-id":"14152","openaccess":"0","openaccessFlag":false},{"@_fa": "true", "link": [{"@_fa": "true", "@ref": "self", "@href": "https://api.elsevier.com/content/abstract/scopus_id/0016562035"},{"@_fa": "true", "@ref": "author-affiliation", "@href": "https://api.elsevier.com/content/abstract/scopus_id/0016562035?field=author,affiliation"},{"@_fa": "true", "@ref": "scopus", "@href": "https://www.scopus.com/inward/record.uri?partnerID=HzOxMe3b&scp=0016562035&origin=inward"},{"@_fa": "true", "@ref": "scopus-citedby", "@href": "https://www.scopus.com/inward/citedby.uri?partnerID=HzOxMe3b&scp=0016562035&origin=inward"}],"prism:url":"https://api.elsevier.com/content/abstract/scopus_id/0016562035","dc:identifier":"SCOPUS_ID:0016562035","eid":"2-s2.0-0016562035","dc:title":"DESIGN OF OPTIMAL TWO-LEVEL LOGIC NETWORKS USING NOR, AND, NAND, OR GATES.","dc:creator":"Frisiani A.","prism:publicationName":"International Journal of Electrical Engineering Education","prism:issn":"00207209","prism:volume":"12","prism:issueIdentifier":"4","prism:pageRange":"318-321","prism:coverDate":"1975-01-01","prism:coverDisplayDate":"Oct","prism:doi":"10.1177/002072097501200411","citedby-count":"0","prism:aggregationType":"Journal","subtype":"ar","subtypeDescription":"Article","source-id":"17966","openaccess":"0","openaccessFlag":false}]}}