{"search-results":{"opensearch:totalResults":"2311","opensearch:startIndex":"0","opensearch:itemsPerPage":"25","opensearch:Query":{"@role": "request", "@searchTerms": "TITLE-ABS-KEY(\"network\") AND SUBJAREA(SOCI) AND PUBYEAR = 2001", "@startPage": "0"},"link": [{"@_fa": "true", "@ref": "self", "@href": "https://api.elsevier.com/content/search/scopus?start=0&count=25&query=TITLE-ABS-KEY%28%22network%22%29+AND+SUBJAREA%28SOCI%29+AND+PUBYEAR+%3D+2001&apiKey=27d953b4b546791964ebeb768d13e61f&view=STANDARD", "@type": "application/json"},{"@_fa": "true", "@ref": "first", "@href": "https://api.elsevier.com/content/search/scopus?start=0&count=25&query=TITLE-ABS-KEY%28%22network%22%29+AND+SUBJAREA%28SOCI%29+AND+PUBYEAR+%3D+2001&apiKey=27d953b4b546791964ebeb768d13e61f&view=STANDARD", "@type": "application/json"},{"@_fa": "true", "@ref": "next", "@href": "https://api.elsevier.com/content/search/scopus?start=25&count=25&query=TITLE-ABS-KEY%28%22network%22%29+AND+SUBJAREA%28SOCI%29+AND+PUBYEAR+%3D+2001&apiKey=27d953b4b546791964ebeb768d13e61f&view=STANDARD", "@type": "application/json"},{"@_fa": "true", "@ref": "last", "@href": "https://api.elsevier.com/content/search/scopus?start=2286&count=25&query=TITLE-ABS-KEY%28%22network%22%29+AND+SUBJAREA%28SOCI%29+AND+PUBYEAR+%3D+2001&apiKey=27d953b4b546791964ebeb768d13e61f&view=STANDARD", "@type": "application/json"}],"entry": [{"@_fa": "true", "link": [{"@_fa": "true", "@ref": "self", "@href": "https://api.elsevier.com/content/abstract/scopus_id/0035198347"},{"@_fa": "true", "@ref": "author-affiliation", "@href": "https://api.elsevier.com/content/abstract/scopus_id/0035198347?field=author,affiliation"},{"@_fa": "true", "@ref": "scopus", "@href": "https://www.scopus.com/inward/record.uri?partnerID=HzOxMe3b&scp=0035198347&origin=inward"},{"@_fa": "true", "@ref": "scopus-citedby", "@href": "https://www.scopus.com/inward/citedby.uri?partnerID=HzOxMe3b&scp=0035198347&origin=inward"}],"prism:url":"https://api.elsevier.com/content/abstract/scopus_id/0035198347","dc:identifier":"SCOPUS_ID:0035198347","eid":"2-s2.0-0035198347","dc:title":"The digital divide in East Asia","dc:creator":"Sidorenko A.","prism:publicationName":"Asian-Pacific Economic Literature","prism:issn":"08189935","prism:volume":"15","prism:issueIdentifier":"2","prism:pageRange":"18-30","prism:coverDate":"2001-12-22","prism:coverDisplayDate":"2001","prism:doi":"10.1111/1467-8411.00103","citedby-count":"17","affiliation": [{"@_fa": "true", "affilname":"Australian National University","affiliation-city":"Canberra","affiliation-country":"Australia"}],"prism:aggregationType":"Journal","subtype":"ar","subtypeDescription":"Article","source-id":"24257","openaccess":"0","openaccessFlag":false},{"@_fa": "true", "link": [{"@_fa": "true", "@ref": "self", "@href": "https://api.elsevier.com/content/abstract/scopus_id/0035205064"},{"@_fa": "true", "@ref": "author-affiliation", "@href": "https://api.elsevier.com/content/abstract/scopus_id/0035205064?field=author,affiliation"},{"@_fa": "true", "@ref": "scopus", "@href": "https://www.scopus.com/inward/record.uri?partnerID=HzOxMe3b&scp=0035205064&origin=inward"},{"@_fa": "true", "@ref": "scopus-citedby", "@href": "https://www.scopus.com/inward/citedby.uri?partnerID=HzOxMe3b&scp=0035205064&origin=inward"}],"prism:url":"https://api.elsevier.com/content/abstract/scopus_id/0035205064","dc:identifier":"SCOPUS_ID:0035205064","eid":"2-s2.0-0035205064","dc:title":"The electronics industries of the Asia-Pacific: Exploiting international production networks for economic development","dc:creator":"Hobday M.","prism:publicationName":"Asian-Pacific Economic Literature","prism:issn":"08189935","prism:volume":"15","prism:issueIdentifier":"1","prism:pageRange":"13-29","prism:coverDate":"2001-12-21","prism:coverDisplayDate":"2001","prism:doi":"10.1111/1467-8411.00092","citedby-count":"45","affiliation": [{"@_fa": "true", "affilname":"University of Sussex","affiliation-city":"Sussex","affiliation-country":"United Kingdom"}],"prism:aggregationType":"Journal","subtype":"ar","subtypeDescription":"Article","source-id":"24257","openaccess":"0","openaccessFlag":false},{"@_fa": "true", "link": [{"@_fa": "true", "@ref": "self", "@href": "https://api.elsevier.com/content/abstract/scopus_id/0035204973"},{"@_fa": "true", "@ref": "author-affiliation", "@href": "https://api.elsevier.com/content/abstract/scopus_id/0035204973?field=author,affiliation"},{"@_fa": "true", "@ref": "scopus", "@href": "https://www.scopus.com/inward/record.uri?partnerID=HzOxMe3b&scp=0035204973&origin=inward"},{"@_fa": "true", "@ref": "scopus-citedby", "@href": "https://www.scopus.com/inward/citedby.uri?partnerID=HzOxMe3b&scp=0035204973&origin=inward"}],"prism:url":"https://api.elsevier.com/content/abstract/scopus_id/0035204973","dc:identifier":"SCOPUS_ID:0035204973","eid":"2-s2.0-0035204973","dc:title":"School and anaemia prevention: Current reality and opportunities - A Tanzanian case study","dc:creator":"Mwanri L.","prism:publicationName":"Health Promotion International","prism:issn":"09574824","prism:volume":"16","prism:issueIdentifier":"4","prism:pageRange":"321-331","prism:coverDate":"2001-12-19","prism:coverDisplayDate":"2001","prism:doi":"10.1093/heapro/16.4.321","citedby-count":"3","affiliation": [{"@_fa": "true", "affilname":"Ministry of Health and Social Welfare Dar es Salaam","affiliation-city":"Dar Es Salaam","affiliation-country":"Tanzania"},{"@_fa": "true", "affilname":"University of South Australia","affiliation-city":"Adelaide","affiliation-country":"Australia"},{"@_fa": "true", "affilname":"Ocean Road Hospital","affiliation-city":"Dar Es Salaam","affiliation-country":"Tanzania"}],"pubmed-id":"11733451","prism:aggregationType":"Journal","subtype":"ar","subtypeDescription":"Article","source-id":"21312","openaccess":"1","openaccessFlag":true},{"@_fa": "true", "link": [{"@_fa": "true", "@ref": "self", "@href": "https://api.elsevier.com/content/abstract/scopus_id/0035199560"},{"@_fa": "true", "@ref": "author-affiliation", "@href": "https://api.elsevier.com/content/abstract/scopus_id/0035199560?field=author,affiliation"},{"@_fa": "true", "@ref": "scopus", "@href": "https://www.scopus.com/inward/record.uri?partnerID=HzOxMe3b&scp=0035199560&origin=inward"},{"@_fa": "true", "@ref": "scopus-citedby", "@href": "https://www.scopus.com/inward/citedby.uri?partnerID=HzOxMe3b&scp=0035199560&origin=inward"}],"prism:url":"https://api.elsevier.com/content/abstract/scopus_id/0035199560","dc:identifier":"SCOPUS_ID:0035199560","eid":"2-s2.0-0035199560","dc:title":"Selections from Sinet - The social indicators network news","dc:creator":"Ferriss A.","prism:publicationName":"Social Indicators Research","prism:issn":"03038300","prism:volume":"56","prism:issueIdentifier":"3","prism:pageRange":"353-358","prism:coverDate":"2001-12-18","prism:coverDisplayDate":"2001","citedby-count":"0","affiliation": [{"@_fa": "true", "affilname":"Emory University","affiliation-city":"Atlanta","affiliation-country":"United States"}],"prism:aggregationType":"Journal","subtype":"ar","subtypeDescription":"Article","source-id":"19391","openaccess":"0","openaccessFlag":false},{"@_fa": "true", "link": [{"@_fa": "true", "@ref": "self", "@href": "https://api.elsevier.com/content/abstract/scopus_id/0035202420"},{"@_fa": "true", "@ref": "author-affiliation", "@href": "https://api.elsevier.com/content/abstract/scopus_id/0035202420?field=author,affiliation"},{"@_fa": "true", "@ref": "scopus", "@href": "https://www.scopus.com/inward/record.uri?partnerID=HzOxMe3b&scp=0035202420&origin=inward"},{"@_fa": "true", "@ref": "scopus-citedby", "@href": "https://www.scopus.com/inward/citedby.uri?partnerID=HzOxMe3b&scp=0035202420&origin=inward"}],"prism:url":"https://api.elsevier.com/content/abstract/scopus_id/0035202420","dc:identifier":"SCOPUS_ID:0035202420","eid":"2-s2.0-0035202420","dc:title":"Agricultural development in the Broad Depression and the Plain of Reeds in the Mekong Delta: Conserving forests or developing rice culture?","dc:creator":"Tanaka K.","prism:publicationName":"Southeast Asian Studies","prism:issn":"05638682","prism:volume":"39","prism:issueIdentifier":"1","prism:pageRange":"137-150","prism:coverDate":"2001-12-17","prism:coverDisplayDate":"2001","citedby-count":"5","pubmed-id":"19205121","prism:aggregationType":"Journal","subtype":"ar","subtypeDescription":"Article","source-id":"26510","openaccess":"0","openaccessFlag":false},{"@_fa": "true", "link": [{"@_fa": "true", "@ref": "self", "@href": "https://api.elsevier.com/content/abstract/scopus_id/0035197570"},{"@_fa": "true", "@ref": "author-affiliation", "@href": "https://api.elsevier.com/content/abstract/scopus_id/0035197570?field=author,affiliation"},{"@_fa": "true", "@ref": "scopus", "@href": "https://www.scopus.com/inward/record.uri?partnerID=HzOxMe3b&scp=0035197570&origin=inward"},{"@_fa": "true", "@ref": "scopus-citedby", "@href": "https://www.scopus.com/inward/citedby.uri?partnerID=HzOxMe3b&scp=0035197570&origin=inward"}],"prism:url":"https://api.elsevier.com/content/abstract/scopus_id/0035197570","dc:identifier":"SCOPUS_ID:0035197570","eid":"2-s2.0-0035197570","dc:title":"Valuing social resources or capitalizing on them? Limits to pro-poor urban governance in nine cities of the south","dc:creator":"Beall J.","prism:publicationName":"International Planning Studies","prism:issn":"13563475","prism:volume":"6","prism:issueIdentifier":"4","prism:pageRange":"357-375","prism:coverDate":"2001-12-13","prism:coverDisplayDate":"2001","prism:doi":"10.1080/13563470120092377","citedby-count":"29","affiliation": [{"@_fa": "true", "affilname":"London School of Economics and Political Science","affiliation-city":"London","affiliation-country":"United Kingdom"}],"prism:aggregationType":"Journal","subtype":"ar","subtypeDescription":"Article","source-id":"13893","openaccess":"0","openaccessFlag":false},{"@_fa": "true", "link": [{"@_fa": "true", "@ref": "self", "@href": "https://api.elsevier.com/content/abstract/scopus_id/0035200640"},{"@_fa": "true", "@ref": "author-affiliation", "@href": "https://api.elsevier.com/content/abstract/scopus_id/0035200640?field=author,affiliation"},{"@_fa": "true", "@ref": "scopus", "@href": "https://www.scopus.com/inward/record.uri?partnerID=HzOxMe3b&scp=0035200640&origin=inward"},{"@_fa": "true", "@ref": "scopus-citedby", "@href": "https://www.scopus.com/inward/citedby.uri?partnerID=HzOxMe3b&scp=0035200640&origin=inward"}],"prism:url":"https://api.elsevier.com/content/abstract/scopus_id/0035200640","dc:identifier":"SCOPUS_ID:0035200640","eid":"2-s2.0-0035200640","dc:title":"Location, networks and firm environmental management practices","dc:creator":"Kassinis G.","prism:publicationName":"Journal of Environmental Planning and Management","prism:issn":"09640568","prism:volume":"44","prism:issueIdentifier":"6","prism:pageRange":"815-832","prism:coverDate":"2001-12-12","prism:coverDisplayDate":"2001","prism:doi":"10.1080/09640560120087589","citedby-count":"9","affiliation": [{"@_fa": "true", "affilname":"University of Cyprus","affiliation-city":"Nicosia","affiliation-country":"Cyprus"}],"prism:aggregationType":"Journal","subtype":"ar","subtypeDescription":"Article","source-id":"23373","openaccess":"0","openaccessFlag":false},{"@_fa": "true", "link": [{"@_fa": "true", "@ref": "self", "@href": "https://api.elsevier.com/content/abstract/scopus_id/0035196579"},{"@_fa": "true", "@ref": "author-affiliation", "@href": "https://api.elsevier.com/content/abstract/scopus_id/0035196579?field=author,affiliation"},{"@_fa": "true", "@ref": "scopus", "@href": "https://www.scopus.com/inward/record.uri?partnerID=HzOxMe3b&scp=0035196579&origin=inward"},{"@_fa": "true", "@ref": "scopus-citedby", "@href": "https://www.scopus.com/inward/citedby.uri?partnerID=HzOxMe3b&scp=0035196579&origin=inward"}],"prism:url":"https://api.elsevier.com/content/abstract/scopus_id/0035196579","dc:identifier":"SCOPUS_ID:0035196579","eid":"2-s2.0-0035196579","dc:title":"Mortality following conjugal bereavement, Belgium 1991-96: The unexpected effect of education","dc:creator":"Lusyne P.","prism:publicationName":"Population Studies","prism:issn":"00324728","prism:volume":"55","prism:issueIdentifier":"3","prism:pageRange":"281-289","prism:coverDate":"2001-12-12","prism:coverDisplayDate":"2001","prism:doi":"10.1080/00324720127701","citedby-count":"25","affiliation": [{"@_fa": "true", "affilname":"Universiteit Gent","affiliation-city":"Ghent","affiliation-country":"Belgium"}],"pubmed-id":"11778620","prism:aggregationType":"Journal","subtype":"ar","subtypeDescription":"Article","source-id":"27393","openaccess":"0","openaccessFlag":false},{"@_fa": "true", "link": [{"@_fa": "true", "@ref": "self", "@href": "https://api.elsevier.com/content/abstract/scopus_id/0035196541"},{"@_fa": "true", "@ref": "author-affiliation", "@href": "https://api.elsevier.com/content/abstract/scopus_id/0035196541?field=author,affiliation"},{"@_fa": "true", "@ref": "scopus", "@href": "https://www.scopus.com/inward/record.uri?partnerID=HzOxMe3b&scp=0035196541&origin=inward"},{"@_fa": "true", "@ref": "scopus-citedby", "@href": "https://www.scopus.com/inward/citedby.uri?partnerID=HzOxMe3b&scp=0035196541&origin=inward"}],"prism:url":"https://api.elsevier.com/content/abstract/scopus_id/0035196541","dc:identifier":"SCOPUS_ID:0035196541","eid":"2-s2.0-0035196541","dc:title":"Conservation and management of the earth heritage resource in Great Britain","dc:creator":"Glasser N.","prism:publicationName":"Journal of Environmental Planning and Management","prism:issn":"09640568","prism:volume":"44","prism:issueIdentifier":"6","prism:pageRange":"889-906","prism:coverDate":"2001-12-12","prism:coverDisplayDate":"2001","prism:doi":"10.1080/09640560120087624","citedby-count":"4","affiliation": [{"@_fa": "true", "affilname":"Aberystwyth University","affiliation-city":"Ceredigion","affiliation-country":"United Kingdom"}],"prism:aggregationType":"Journal","subtype":"ar","subtypeDescription":"Article","source-id":"23373","openaccess":"0","openaccessFlag":false},{"@_fa": "true", "link": [{"@_fa": "true", "@ref": "self", "@href": "https://api.elsevier.com/content/abstract/scopus_id/0035184023"},{"@_fa": "true", "@ref": "author-affiliation", "@href": "https://api.elsevier.com/content/abstract/scopus_id/0035184023?field=author,affiliation"},{"@_fa": "true", "@ref": "scopus", "@href": "https://www.scopus.com/inward/record.uri?partnerID=HzOxMe3b&scp=0035184023&origin=inward"},{"@_fa": "true", "@ref": "scopus-citedby", "@href": "https://www.scopus.com/inward/citedby.uri?partnerID=HzOxMe3b&scp=0035184023&origin=inward"}],"prism:url":"https://api.elsevier.com/content/abstract/scopus_id/0035184023","dc:identifier":"SCOPUS_ID:0035184023","eid":"2-s2.0-0035184023","dc:title":"Comparison of existing triangulation methods for regularly and irregularly spaced height fields","dc:creator":"Wang K.","prism:publicationName":"International Journal of Geographical Information Science","prism:issn":"13658816","prism:volume":"15","prism:issueIdentifier":"8","prism:pageRange":"743-762","prism:coverDate":"2001-12-08","prism:coverDisplayDate":"2001","prism:doi":"10.1080/13658810110074492","citedby-count":"12","affiliation": [{"@_fa": "true", "affilname":"ERDAS Inc.","affiliation-city":"Atlanta","affiliation-country":"United States"}],"prism:aggregationType":"Journal","subtype":"ar","subtypeDescription":"Article","source-id":"28040","openaccess":"0","openaccessFlag":false},{"@_fa": "true", "link": [{"@_fa": "true", "@ref": "self", "@href": "https://api.elsevier.com/content/abstract/scopus_id/0035186530"},{"@_fa": "true", "@ref": "author-affiliation", "@href": "https://api.elsevier.com/content/abstract/scopus_id/0035186530?field=author,affiliation"},{"@_fa": "true", "@ref": "scopus", "@href": "https://www.scopus.com/inward/record.uri?partnerID=HzOxMe3b&scp=0035186530&origin=inward"},{"@_fa": "true", "@ref": "scopus-citedby", "@href": "https://www.scopus.com/inward/citedby.uri?partnerID=HzOxMe3b&scp=0035186530&origin=inward"}],"prism:url":"https://api.elsevier.com/content/abstract/scopus_id/0035186530","dc:identifier":"SCOPUS_ID:0035186530","eid":"2-s2.0-0035186530","dc:title":"Putting sustainable development into practice? The role of local policy partnership networks","dc:creator":"Chatterton P.","prism:publicationName":"Local Environment","prism:issn":"13549839","prism:volume":"6","prism:issueIdentifier":"4","prism:pageRange":"439-452","prism:coverDate":"2001-12-04","prism:coverDisplayDate":"2001","prism:doi":"10.1080/13549830120091725","citedby-count":"21","affiliation": [{"@_fa": "true", "affilname":"Newcastle University, United Kingdom","affiliation-city":"Newcastle","affiliation-country":"United Kingdom"}],"prism:aggregationType":"Journal","subtype":"ar","subtypeDescription":"Article","source-id":"14506","openaccess":"0","openaccessFlag":false},{"@_fa": "true", "link": [{"@_fa": "true", "@ref": "self", "@href": "https://api.elsevier.com/content/abstract/scopus_id/0347238296"},{"@_fa": "true", "@ref": "author-affiliation", "@href": "https://api.elsevier.com/content/abstract/scopus_id/0347238296?field=author,affiliation"},{"@_fa": "true", "@ref": "scopus", "@href": "https://www.scopus.com/inward/record.uri?partnerID=HzOxMe3b&scp=0347238296&origin=inward"},{"@_fa": "true", "@ref": "scopus-citedby", "@href": "https://www.scopus.com/inward/citedby.uri?partnerID=HzOxMe3b&scp=0347238296&origin=inward"}],"prism:url":"https://api.elsevier.com/content/abstract/scopus_id/0347238296","dc:identifier":"SCOPUS_ID:0347238296","eid":"2-s2.0-0347238296","dc:title":"Social Network Analysis by Wasserman and Faust: Its Value and Position in Social Network Analysis","dc:creator":"Tsuji R.","prism:publicationName":"Sociological Theory and Methods","prism:issn":"09131442","prism:volume":"16","prism:issueIdentifier":"2","prism:pageRange":"258-259","prism:coverDate":"2001-12-01","prism:coverDisplayDate":"2001","citedby-count":"1","affiliation": [{"@_fa": "true", "affilname":"University of Tokyo","affiliation-city":"Tokyo","affiliation-country":"Japan"}],"prism:aggregationType":"Journal","subtype":"ar","subtypeDescription":"Article","source-id":"17386","openaccess":"0","openaccessFlag":false},{"@_fa": "true", "link": [{"@_fa": "true", "@ref": "self", "@href": "https://api.elsevier.com/content/abstract/scopus_id/0442295387"},{"@_fa": "true", "@ref": "author-affiliation", "@href": "https://api.elsevier.com/content/abstract/scopus_id/0442295387?field=author,affiliation"},{"@_fa": "true", "@ref": "scopus", "@href": "https://www.scopus.com/inward/record.uri?partnerID=HzOxMe3b&scp=0442295387&origin=inward"},{"@_fa": "true", "@ref": "scopus-citedby", "@href": "https://www.scopus.com/inward/citedby.uri?partnerID=HzOxMe3b&scp=0442295387&origin=inward"}],"prism:url":"https://api.elsevier.com/content/abstract/scopus_id/0442295387","dc:identifier":"SCOPUS_ID:0442295387","eid":"2-s2.0-0442295387","dc:title":"A field study of collaborative work in network management: Implications for interface design","dc:creator":"Chow R.","prism:publicationName":"Proceedings of the Human Factors and Ergonomics Society","prism:issn":"10711813","prism:pageRange":"356-360","prism:coverDate":"2001-12-01","prism:coverDisplayDate":"2001","citedby-count":"3","affiliation": [{"@_fa": "true", "affilname":"University of Toronto","affiliation-city":"Toronto","affiliation-country":"Canada"}],"prism:aggregationType":"Conference Proceeding","subtype":"cp","subtypeDescription":"Conference Paper","source-id":"29757","openaccess":"0","openaccessFlag":false},{"@_fa": "true", "link": [{"@_fa": "true", "@ref": "self", "@href": "https://api.elsevier.com/content/abstract/scopus_id/0035685365"},{"@_fa": "true", "@ref": "author-affiliation", "@href": "https://api.elsevier.com/content/abstract/scopus_id/0035685365?field=author,affiliation"},{"@_fa": "true", "@ref": "scopus", "@href": "https://www.scopus.com/inward/record.uri?partnerID=HzOxMe3b&scp=0035685365&origin=inward"},{"@_fa": "true", "@ref": "scopus-citedby", "@href": "https://www.scopus.com/inward/citedby.uri?partnerID=HzOxMe3b&scp=0035685365&origin=inward"}],"prism:url":"https://api.elsevier.com/content/abstract/scopus_id/0035685365","dc:identifier":"SCOPUS_ID:0035685365","eid":"2-s2.0-0035685365","dc:title":"Gender, networks and Mexico-US migration","dc:creator":"Davis B.","prism:publicationName":"Journal of Development Studies","prism:issn":"00220388","prism:volume":"38","prism:issueIdentifier":"2","prism:pageRange":"1-26","prism:coverDate":"2001-12-01","prism:coverDisplayDate":"2001","prism:doi":"10.1080/00220380412331322251","citedby-count":"41","affiliation": [{"@_fa": "true", "affilname":"University of New England Australia","affiliation-city":"Armidale","affiliation-country":"Australia"}],"prism:aggregationType":"Journal","subtype":"ar","subtypeDescription":"Article","source-id":"14849","openaccess":"0","openaccessFlag":false},{"@_fa": "true", "link": [{"@_fa": "true", "@ref": "self", "@href": "https://api.elsevier.com/content/abstract/scopus_id/1542426083"},{"@_fa": "true", "@ref": "author-affiliation", "@href": "https://api.elsevier.com/content/abstract/scopus_id/1542426083?field=author,affiliation"},{"@_fa": "true", "@ref": "scopus", "@href": "https://www.scopus.com/inward/record.uri?partnerID=HzOxMe3b&scp=1542426083&origin=inward"},{"@_fa": "true", "@ref": "scopus-citedby", "@href": "https://www.scopus.com/inward/citedby.uri?partnerID=HzOxMe3b&scp=1542426083&origin=inward"}],"prism:url":"https://api.elsevier.com/content/abstract/scopus_id/1542426083","dc:identifier":"SCOPUS_ID:1542426083","eid":"2-s2.0-1542426083","dc:title":"Deformation analysis of a geodetic monitoring network","dc:creator":"Setan H.","prism:publicationName":"Geomatica","prism:issn":"11951036","prism:volume":"55","prism:issueIdentifier":"3","prism:pageRange":"333-346","prism:coverDate":"2001-12-01","prism:coverDisplayDate":"2001","citedby-count":"34","prism:aggregationType":"Journal","subtype":"ar","subtypeDescription":"Article","source-id":"22632","openaccess":"0","openaccessFlag":false},{"@_fa": "true", "link": [{"@_fa": "true", "@ref": "self", "@href": "https://api.elsevier.com/content/abstract/scopus_id/0035649334"},{"@_fa": "true", "@ref": "author-affiliation", "@href": "https://api.elsevier.com/content/abstract/scopus_id/0035649334?field=author,affiliation"},{"@_fa": "true", "@ref": "scopus", "@href": "https://www.scopus.com/inward/record.uri?partnerID=HzOxMe3b&scp=0035649334&origin=inward"},{"@_fa": "true", "@ref": "scopus-citedby", "@href": "https://www.scopus.com/inward/citedby.uri?partnerID=HzOxMe3b&scp=0035649334&origin=inward"}],"prism:url":"https://api.elsevier.com/content/abstract/scopus_id/0035649334","dc:identifier":"SCOPUS_ID:0035649334","eid":"2-s2.0-0035649334","dc:title":"Good friends in bad times? Social networks and job search among the unemployed in Sweden","dc:creator":"Korpi T.","prism:publicationName":"Acta Sociologica","prism:issn":"00016993","prism:volume":"44","prism:issueIdentifier":"2","prism:pageRange":"156-169","prism:coverDate":"2001-12-01","prism:coverDisplayDate":"2001","citedby-count":"30","affiliation": [{"@_fa": "true", "affilname":"Swedish Institute for Social Research","affiliation-city":"Stockholm","affiliation-country":"Sweden"}],"prism:aggregationType":"Journal","subtype":"ar","subtypeDescription":"Article","source-id":"16865","openaccess":"0","openaccessFlag":false},{"@_fa": "true", "link": [{"@_fa": "true", "@ref": "self", "@href": "https://api.elsevier.com/content/abstract/scopus_id/34247738340"},{"@_fa": "true", "@ref": "author-affiliation", "@href": "https://api.elsevier.com/content/abstract/scopus_id/34247738340?field=author,affiliation"},{"@_fa": "true", "@ref": "scopus", "@href": "https://www.scopus.com/inward/record.uri?partnerID=HzOxMe3b&scp=34247738340&origin=inward"},{"@_fa": "true", "@ref": "scopus-citedby", "@href": "https://www.scopus.com/inward/citedby.uri?partnerID=HzOxMe3b&scp=34247738340&origin=inward"}],"prism:url":"https://api.elsevier.com/content/abstract/scopus_id/34247738340","dc:identifier":"SCOPUS_ID:34247738340","eid":"2-s2.0-34247738340","dc:title":"La construction sociale de la recherche transnationale sur l'insertion sociale et professionnelle: Le réseau européen de recherche sur l'insertion professionnelle des jeunes","dc:creator":"Raffe D.","prism:publicationName":"Education et Societes","prism:issn":"1373847X","prism:volume":"7","prism:issueIdentifier":"1","prism:pageRange":"111-129","prism:coverDate":"2001-12-01","prism:coverDisplayDate":"2001","prism:doi":"10.3917/es.007.0111","citedby-count":"2","affiliation": [{"@_fa": "true", "affilname":"University of Edinburgh","affiliation-city":"Edinburgh","affiliation-country":"United Kingdom"}],"prism:aggregationType":"Journal","subtype":"ar","subtypeDescription":"Article","source-id":"5600152864","openaccess":"0","openaccessFlag":false},{"@_fa": "true", "link": [{"@_fa": "true", "@ref": "self", "@href": "https://api.elsevier.com/content/abstract/scopus_id/85008756549"},{"@_fa": "true", "@ref": "author-affiliation", "@href": "https://api.elsevier.com/content/abstract/scopus_id/85008756549?field=author,affiliation"},{"@_fa": "true", "@ref": "scopus", "@href": "https://www.scopus.com/inward/record.uri?partnerID=HzOxMe3b&scp=85008756549&origin=inward"},{"@_fa": "true", "@ref": "scopus-citedby", "@href": "https://www.scopus.com/inward/citedby.uri?partnerID=HzOxMe3b&scp=85008756549&origin=inward"}],"prism:url":"https://api.elsevier.com/content/abstract/scopus_id/85008756549","dc:identifier":"SCOPUS_ID:85008756549","eid":"2-s2.0-85008756549","dc:title":"Policy Network Management for Governmental Projects in the U.S.: The Case of the Smart Road Location and Design","dc:creator":"Won Kim D.","prism:publicationName":"International Review of Public Administration","prism:issn":"12294659","prism:eIssn":"2331795","prism:volume":"6","prism:issueIdentifier":"2","prism:pageRange":"61-70","prism:coverDate":"2001-12-01","prism:coverDisplayDate":"1 December 2001","prism:doi":"10.1080/12294659.2001.10804980","citedby-count":"0","affiliation": [{"@_fa": "true", "affilname":"E-Government Research Institute","affiliation-city":null,"affiliation-country":"United States"}],"prism:aggregationType":"Journal","subtype":"ar","subtypeDescription":"Article","source-id":"11700154729","openaccess":"0","openaccessFlag":false},{"@_fa": "true", "link": [{"@_fa": "true", "@ref": "self", "@href": "https://api.elsevier.com/content/abstract/scopus_id/0347938469"},{"@_fa": "true", "@ref": "author-affiliation", "@href": "https://api.elsevier.com/content/abstract/scopus_id/0347938469?field=author,affiliation"},{"@_fa": "true", "@ref": "scopus", "@href": "https://www.scopus.com/inward/record.uri?partnerID=HzOxMe3b&scp=0347938469&origin=inward"},{"@_fa": "true", "@ref": "scopus-citedby", "@href": "https://www.scopus.com/inward/citedby.uri?partnerID=HzOxMe3b&scp=0347938469&origin=inward"}],"prism:url":"https://api.elsevier.com/content/abstract/scopus_id/0347938469","dc:identifier":"SCOPUS_ID:0347938469","eid":"2-s2.0-0347938469","dc:title":"On the simple welfare economics of network externalities","dc:creator":"Yannelis D.","prism:publicationName":"International Journal of Social Economics","prism:issn":"03068293","prism:volume":"28","prism:issueIdentifier":"3-4","prism:pageRange":"344-348","prism:coverDate":"2001-12-01","prism:coverDisplayDate":"2001","citedby-count":"2","prism:aggregationType":"Journal","subtype":"ar","subtypeDescription":"Article","source-id":"23717","openaccess":"0","openaccessFlag":false},{"@_fa": "true", "link": [{"@_fa": "true", "@ref": "self", "@href": "https://api.elsevier.com/content/abstract/scopus_id/52549090162"},{"@_fa": "true", "@ref": "author-affiliation", "@href": "https://api.elsevier.com/content/abstract/scopus_id/52549090162?field=author,affiliation"},{"@_fa": "true", "@ref": "scopus", "@href": "https://www.scopus.com/inward/record.uri?partnerID=HzOxMe3b&scp=52549090162&origin=inward"},{"@_fa": "true", "@ref": "scopus-citedby", "@href": "https://www.scopus.com/inward/citedby.uri?partnerID=HzOxMe3b&scp=52549090162&origin=inward"}],"prism:url":"https://api.elsevier.com/content/abstract/scopus_id/52549090162","dc:identifier":"SCOPUS_ID:52549090162","eid":"2-s2.0-52549090162","dc:title":"Daily mobility and adequacy of the urban transportation network a gis application","dc:creator":"Mondou V.","prism:publicationName":"CyberGeo","prism:issn":"12783366","prism:eIssn":"12783366","prism:volume":"2001","prism:pageRange":null,"prism:coverDate":"2001-12-01","prism:coverDisplayDate":"2001","citedby-count":"5","prism:aggregationType":"Journal","subtype":"cp","subtypeDescription":"Conference Paper","source-id":"4800156303","openaccess":"0","openaccessFlag":false},{"@_fa": "true", "link": [{"@_fa": "true", "@ref": "self", "@href": "https://api.elsevier.com/content/abstract/scopus_id/0035556230"},{"@_fa": "true", "@ref": "author-affiliation", "@href": "https://api.elsevier.com/content/abstract/scopus_id/0035556230?field=author,affiliation"},{"@_fa": "true", "@ref": "scopus", "@href": "https://www.scopus.com/inward/record.uri?partnerID=HzOxMe3b&scp=0035556230&origin=inward"},{"@_fa": "true", "@ref": "scopus-citedby", "@href": "https://www.scopus.com/inward/citedby.uri?partnerID=HzOxMe3b&scp=0035556230&origin=inward"}],"prism:url":"https://api.elsevier.com/content/abstract/scopus_id/0035556230","dc:identifier":"SCOPUS_ID:0035556230","eid":"2-s2.0-0035556230","dc:title":"Development policy or development","dc:creator":"Elsenhans H.","prism:publicationName":"Asien Afrika Lateinamerika","prism:issn":"03233790","prism:volume":"29","prism:issueIdentifier":"5","prism:pageRange":"495-523","prism:coverDate":"2001-12-01","prism:coverDisplayDate":"2001","citedby-count":"0","affiliation": [{"@_fa": "true", "affilname":"Universität Leipzig","affiliation-city":"Leipzig","affiliation-country":"Germany"}],"prism:aggregationType":"Journal","subtype":"ar","subtypeDescription":"Article","source-id":"30745","openaccess":"0","openaccessFlag":false},{"@_fa": "true", "link": [{"@_fa": "true", "@ref": "self", "@href": "https://api.elsevier.com/content/abstract/scopus_id/0035674069"},{"@_fa": "true", "@ref": "author-affiliation", "@href": "https://api.elsevier.com/content/abstract/scopus_id/0035674069?field=author,affiliation"},{"@_fa": "true", "@ref": "scopus", "@href": "https://www.scopus.com/inward/record.uri?partnerID=HzOxMe3b&scp=0035674069&origin=inward"},{"@_fa": "true", "@ref": "scopus-citedby", "@href": "https://www.scopus.com/inward/citedby.uri?partnerID=HzOxMe3b&scp=0035674069&origin=inward"}],"prism:url":"https://api.elsevier.com/content/abstract/scopus_id/0035674069","dc:identifier":"SCOPUS_ID:0035674069","eid":"2-s2.0-0035674069","dc:title":"Developing software for urban transportation network analysis based on Win32","dc:creator":"Zhao T.","prism:publicationName":"Gongku Jiaotong Keji/Journal of Highway and Transportation Research and Development","prism:issn":"10020268","prism:volume":"18","prism:issueIdentifier":"6","prism:pageRange":"61-64","prism:coverDate":"2001-12-01","prism:coverDisplayDate":"2001","citedby-count":"0","affiliation": [{"@_fa": "true", "affilname":"Beijing Jiaotong University","affiliation-city":"Beijing","affiliation-country":"China"}],"prism:aggregationType":"Journal","subtype":"ar","subtypeDescription":"Article","source-id":"36043","openaccess":"0","openaccessFlag":false},{"@_fa": "true", "link": [{"@_fa": "true", "@ref": "self", "@href": "https://api.elsevier.com/content/abstract/scopus_id/0035288330"},{"@_fa": "true", "@ref": "author-affiliation", "@href": "https://api.elsevier.com/content/abstract/scopus_id/0035288330?field=author,affiliation"},{"@_fa": "true", "@ref": "scopus", "@href": "https://www.scopus.com/inward/record.uri?partnerID=HzOxMe3b&scp=0035288330&origin=inward"},{"@_fa": "true", "@ref": "scopus-citedby", "@href": "https://www.scopus.com/inward/citedby.uri?partnerID=HzOxMe3b&scp=0035288330&origin=inward"}],"prism:url":"https://api.elsevier.com/content/abstract/scopus_id/0035288330","dc:identifier":"SCOPUS_ID:0035288330","eid":"2-s2.0-0035288330","dc:title":"Should ethics consultants use telemedicine? A comment on pronovost and Williams","dc:creator":"Howe E.","prism:publicationName":"Journal of Clinical Ethics","prism:issn":"10467890","prism:volume":"12","prism:issueIdentifier":"1","prism:pageRange":"73-79","prism:coverDate":"2001-12-01","prism:coverDisplayDate":"2001","citedby-count":"0","pubmed-id":"11428160","prism:aggregationType":"Journal","subtype":"ar","subtypeDescription":"Article","source-id":"15869","openaccess":"0","openaccessFlag":false},{"@_fa": "true", "link": [{"@_fa": "true", "@ref": "self", "@href": "https://api.elsevier.com/content/abstract/scopus_id/0035555957"},{"@_fa": "true", "@ref": "author-affiliation", "@href": "https://api.elsevier.com/content/abstract/scopus_id/0035555957?field=author,affiliation"},{"@_fa": "true", "@ref": "scopus", "@href": "https://www.scopus.com/inward/record.uri?partnerID=HzOxMe3b&scp=0035555957&origin=inward"},{"@_fa": "true", "@ref": "scopus-citedby", "@href": "https://www.scopus.com/inward/citedby.uri?partnerID=HzOxMe3b&scp=0035555957&origin=inward"}],"prism:url":"https://api.elsevier.com/content/abstract/scopus_id/0035555957","dc:identifier":"SCOPUS_ID:0035555957","eid":"2-s2.0-0035555957","dc:title":"Future mobile internet access","dc:creator":"Kubach U.","prism:publicationName":"Geo-Informations-Systeme","prism:issn":"09351523","prism:volume":"14","prism:issueIdentifier":"9","prism:pageRange":"30-34","prism:coverDate":"2001-12-01","prism:coverDisplayDate":"2001","citedby-count":"1","affiliation": [{"@_fa": "true", "affilname":"Universität Stuttgart","affiliation-city":"Stuttgart","affiliation-country":"Germany"}],"prism:aggregationType":"Journal","subtype":"ar","subtypeDescription":"Article","source-id":"21100829247","openaccess":"0","openaccessFlag":false},{"@_fa": "true", "link": [{"@_fa": "true", "@ref": "self", "@href": "https://api.elsevier.com/content/abstract/scopus_id/0035670542"},{"@_fa": "true", "@ref": "author-affiliation", "@href": "https://api.elsevier.com/content/abstract/scopus_id/0035670542?field=author,affiliation"},{"@_fa": "true", "@ref": "scopus", "@href": "https://www.scopus.com/inward/record.uri?partnerID=HzOxMe3b&scp=0035670542&origin=inward"},{"@_fa": "true", "@ref": "scopus-citedby", "@href": "https://www.scopus.com/inward/citedby.uri?partnerID=HzOxMe3b&scp=0035670542&origin=inward"}],"prism:url":"https://api.elsevier.com/content/abstract/scopus_id/0035670542","dc:identifier":"SCOPUS_ID:0035670542","eid":"2-s2.0-0035670542","dc:title":"Multi-relative factor forecast of vehicle population by neural network","dc:creator":"Zhou Q.","prism:publicationName":"Gongku Jiaotong Keji/Journal of Highway and Transportation Research and Development","prism:issn":"10020268","prism:volume":"18","prism:issueIdentifier":"6","prism:pageRange":"126-129","prism:coverDate":"2001-12-01","prism:coverDisplayDate":"2001","citedby-count":"5","affiliation": [{"@_fa": "true", "affilname":"Changsha Communications University","affiliation-city":"Changsha","affiliation-country":"China"}],"prism:aggregationType":"Journal","subtype":"ar","subtypeDescription":"Article","source-id":"36043","openaccess":"0","openaccessFlag":false}]}}