{"search-results":{"opensearch:totalResults":"113","opensearch:startIndex":"0","opensearch:itemsPerPage":"25","opensearch:Query":{"@role": "request", "@searchTerms": "TITLE-ABS-KEY(\"patronage\") AND SUBJAREA(SOCI) AND PUBYEAR = 2019", "@startPage": "0"},"link": [{"@_fa": "true", "@ref": "self", "@href": "https://api.elsevier.com/content/search/scopus?start=0&count=25&query=TITLE-ABS-KEY%28%22patronage%22%29+AND+SUBJAREA%28SOCI%29+AND+PUBYEAR+%3D+2019&apiKey=27d953b4b546791964ebeb768d13e61f&view=STANDARD", "@type": "application/json"},{"@_fa": "true", "@ref": "first", "@href": "https://api.elsevier.com/content/search/scopus?start=0&count=25&query=TITLE-ABS-KEY%28%22patronage%22%29+AND+SUBJAREA%28SOCI%29+AND+PUBYEAR+%3D+2019&apiKey=27d953b4b546791964ebeb768d13e61f&view=STANDARD", "@type": "application/json"},{"@_fa": "true", "@ref": "next", "@href": "https://api.elsevier.com/content/search/scopus?start=25&count=25&query=TITLE-ABS-KEY%28%22patronage%22%29+AND+SUBJAREA%28SOCI%29+AND+PUBYEAR+%3D+2019&apiKey=27d953b4b546791964ebeb768d13e61f&view=STANDARD", "@type": "application/json"},{"@_fa": "true", "@ref": "last", "@href": "https://api.elsevier.com/content/search/scopus?start=88&count=25&query=TITLE-ABS-KEY%28%22patronage%22%29+AND+SUBJAREA%28SOCI%29+AND+PUBYEAR+%3D+2019&apiKey=27d953b4b546791964ebeb768d13e61f&view=STANDARD", "@type": "application/json"}],"entry": [{"@_fa": "true", "link": [{"@_fa": "true", "@ref": "self", "@href": "https://api.elsevier.com/content/abstract/scopus_id/85064617902"},{"@_fa": "true", "@ref": "author-affiliation", "@href": "https://api.elsevier.com/content/abstract/scopus_id/85064617902?field=author,affiliation"},{"@_fa": "true", "@ref": "scopus", "@href": "https://www.scopus.com/inward/record.uri?partnerID=HzOxMe3b&scp=85064617902&origin=inward"},{"@_fa": "true", "@ref": "scopus-citedby", "@href": "https://www.scopus.com/inward/citedby.uri?partnerID=HzOxMe3b&scp=85064617902&origin=inward"},{"@_fa": "true", "@ref": "full-text", "@href": "https://api.elsevier.com/content/article/eid/1-s2.0-S026151771930072X"}],"prism:url":"https://api.elsevier.com/content/abstract/scopus_id/85064617902","dc:identifier":"SCOPUS_ID:85064617902","eid":"2-s2.0-85064617902","dc:title":"Evolving customer expectations of hospitality services: Differences in attribute effects on satisfaction and Re-Patronage","dc:creator":"Hu F.","prism:publicationName":"Tourism Management","prism:issn":"02615177","prism:volume":"74","prism:pageRange":"345-357","prism:coverDate":"2019-10-01","prism:coverDisplayDate":"October 2019","prism:doi":"10.1016/j.tourman.2019.04.010","pii":"S026151771930072X","citedby-count":"0","affiliation": [{"@_fa": "true", "affilname":"Universität Hamburg","affiliation-city":"Hamburg","affiliation-country":"Germany"},{"@_fa": "true", "affilname":"Zhejiang Normal University","affiliation-city":"Jinhua","affiliation-country":"China"}],"prism:aggregationType":"Journal","subtype":"ar","subtypeDescription":"Article","source-id":"16547","openaccess":"0","openaccessFlag":false},{"@_fa": "true", "link": [{"@_fa": "true", "@ref": "self", "@href": "https://api.elsevier.com/content/abstract/scopus_id/85066402412"},{"@_fa": "true", "@ref": "author-affiliation", "@href": "https://api.elsevier.com/content/abstract/scopus_id/85066402412?field=author,affiliation"},{"@_fa": "true", "@ref": "scopus", "@href": "https://www.scopus.com/inward/record.uri?partnerID=HzOxMe3b&scp=85066402412&origin=inward"},{"@_fa": "true", "@ref": "scopus-citedby", "@href": "https://www.scopus.com/inward/citedby.uri?partnerID=HzOxMe3b&scp=85066402412&origin=inward"},{"@_fa": "true", "@ref": "full-text", "@href": "https://api.elsevier.com/content/article/eid/1-s2.0-S030438781831099X"}],"prism:url":"https://api.elsevier.com/content/abstract/scopus_id/85066402412","dc:identifier":"SCOPUS_ID:85066402412","eid":"2-s2.0-85066402412","dc:title":"African leaders and the geography of China's foreign assistance","dc:creator":"Dreher A.","prism:publicationName":"Journal of Development Economics","prism:issn":"03043878","prism:volume":"140","prism:pageRange":"44-71","prism:coverDate":"2019-09-01","prism:coverDisplayDate":"September 2019","prism:doi":"10.1016/j.jdeveco.2019.04.003","pii":"S030438781831099X","citedby-count":"0","affiliation": [{"@_fa": "true", "affilname":"KOF Swiss Economic Institute, ETH Zürich","affiliation-city":"Zürich","affiliation-country":"Switzerland"},{"@_fa": "true", "affilname":"Universität Göttingen","affiliation-city":"Gottingen","affiliation-country":"Germany"},{"@_fa": "true", "affilname":"Universität Heidelberg","affiliation-city":"Heidelberg","affiliation-country":"Germany"},{"@_fa": "true", "affilname":"Centre for Economic Policy Research, London","affiliation-city":"London","affiliation-country":"United Kingdom"},{"@_fa": "true", "affilname":"CESifo","affiliation-city":"Bayreuth","affiliation-country":"Germany"}],"prism:aggregationType":"Journal","subtype":"ar","subtypeDescription":"Article","source-id":"14834","openaccess":"0","openaccessFlag":false},{"@_fa": "true", "link": [{"@_fa": "true", "@ref": "self", "@href": "https://api.elsevier.com/content/abstract/scopus_id/85063042864"},{"@_fa": "true", "@ref": "author-affiliation", "@href": "https://api.elsevier.com/content/abstract/scopus_id/85063042864?field=author,affiliation"},{"@_fa": "true", "@ref": "scopus", "@href": "https://www.scopus.com/inward/record.uri?partnerID=HzOxMe3b&scp=85063042864&origin=inward"},{"@_fa": "true", "@ref": "scopus-citedby", "@href": "https://www.scopus.com/inward/citedby.uri?partnerID=HzOxMe3b&scp=85063042864&origin=inward"}],"prism:url":"https://api.elsevier.com/content/abstract/scopus_id/85063042864","dc:identifier":"SCOPUS_ID:85063042864","eid":"2-s2.0-85063042864","dc:title":"Asymmetric mutual dependence between the state and capitalists in China","dc:creator":"Zhang C.","prism:publicationName":"Politics and Society","prism:issn":"00323292","prism:eIssn":"15527514","prism:volume":"47","prism:issueIdentifier":"2","prism:pageRange":"149-176","prism:coverDate":"2019-06-01","prism:coverDisplayDate":"1 June 2019","prism:doi":"10.1177/0032329219833282","citedby-count":"0","affiliation": [{"@_fa": "true", "affilname":"Peking University","affiliation-city":"Beijing","affiliation-country":"China"}],"prism:aggregationType":"Journal","subtype":"ar","subtypeDescription":"Article","source-id":"23439","openaccess":"0","openaccessFlag":false},{"@_fa": "true", "link": [{"@_fa": "true", "@ref": "self", "@href": "https://api.elsevier.com/content/abstract/scopus_id/85065255182"},{"@_fa": "true", "@ref": "author-affiliation", "@href": "https://api.elsevier.com/content/abstract/scopus_id/85065255182?field=author,affiliation"},{"@_fa": "true", "@ref": "scopus", "@href": "https://www.scopus.com/inward/record.uri?partnerID=HzOxMe3b&scp=85065255182&origin=inward"},{"@_fa": "true", "@ref": "scopus-citedby", "@href": "https://www.scopus.com/inward/citedby.uri?partnerID=HzOxMe3b&scp=85065255182&origin=inward"}],"prism:url":"https://api.elsevier.com/content/abstract/scopus_id/85065255182","dc:identifier":"SCOPUS_ID:85065255182","eid":"2-s2.0-85065255182","dc:title":"Engineering popular support for long-ruling parties: The role of clientelism","dc:creator":"Zeng Q.","prism:publicationName":"Japanese Journal of Political Science","prism:issn":"14681099","prism:eIssn":"14740060","prism:volume":"20","prism:issueIdentifier":"2","prism:pageRange":"75-92","prism:coverDate":"2019-06-01","prism:coverDisplayDate":"1 June 2019","prism:doi":"10.1017/S146810991900001X","pii":"S146810991900001X","citedby-count":"0","affiliation": [{"@_fa": "true", "affilname":"Fudan University","affiliation-city":"Shanghai","affiliation-country":"China"}],"prism:aggregationType":"Journal","subtype":"ar","subtypeDescription":"Article","source-id":"12600154765","openaccess":"1","openaccessFlag":true},{"@_fa": "true", "link": [{"@_fa": "true", "@ref": "self", "@href": "https://api.elsevier.com/content/abstract/scopus_id/85064084896"},{"@_fa": "true", "@ref": "author-affiliation", "@href": "https://api.elsevier.com/content/abstract/scopus_id/85064084896?field=author,affiliation"},{"@_fa": "true", "@ref": "scopus", "@href": "https://www.scopus.com/inward/record.uri?partnerID=HzOxMe3b&scp=85064084896&origin=inward"},{"@_fa": "true", "@ref": "scopus-citedby", "@href": "https://www.scopus.com/inward/citedby.uri?partnerID=HzOxMe3b&scp=85064084896&origin=inward"},{"@_fa": "true", "@ref": "full-text", "@href": "https://api.elsevier.com/content/article/eid/1-s2.0-S0965856418311054"}],"prism:url":"https://api.elsevier.com/content/abstract/scopus_id/85064084896","dc:identifier":"SCOPUS_ID:85064084896","eid":"2-s2.0-85064084896","dc:title":"Modeling passengers’ loyalty to public transit in a two-dimensional framework: A case study in Xiamen, China","dc:creator":"Sun S.","prism:publicationName":"Transportation Research Part A: Policy and Practice","prism:issn":"09658564","prism:volume":"124","prism:pageRange":"295-309","prism:coverDate":"2019-06-01","prism:coverDisplayDate":"June 2019","prism:doi":"10.1016/j.tra.2019.04.007","pii":"S0965856418311054","citedby-count":"0","affiliation": [{"@_fa": "true", "affilname":"Dalian Maritime University","affiliation-city":"Dalian","affiliation-country":"China"}],"prism:aggregationType":"Journal","subtype":"ar","subtypeDescription":"Article","source-id":"20891","openaccess":"0","openaccessFlag":false},{"@_fa": "true", "link": [{"@_fa": "true", "@ref": "self", "@href": "https://api.elsevier.com/content/abstract/scopus_id/85061013048"},{"@_fa": "true", "@ref": "author-affiliation", "@href": "https://api.elsevier.com/content/abstract/scopus_id/85061013048?field=author,affiliation"},{"@_fa": "true", "@ref": "scopus", "@href": "https://www.scopus.com/inward/record.uri?partnerID=HzOxMe3b&scp=85061013048&origin=inward"},{"@_fa": "true", "@ref": "scopus-citedby", "@href": "https://www.scopus.com/inward/citedby.uri?partnerID=HzOxMe3b&scp=85061013048&origin=inward"}],"prism:url":"https://api.elsevier.com/content/abstract/scopus_id/85061013048","dc:identifier":"SCOPUS_ID:85061013048","eid":"2-s2.0-85061013048","dc:title":"A tribe and its states: Yemen’s 1972 Bayḥan massacre revisited","dc:creator":"Brandt M.","prism:publicationName":"Middle Eastern Studies","prism:issn":"00263206","prism:eIssn":"17437881","prism:volume":"55","prism:issueIdentifier":"3","prism:pageRange":"319-338","prism:coverDate":"2019-05-04","prism:coverDisplayDate":"4 May 2019","prism:doi":"10.1080/00263206.2018.1540415","citedby-count":"0","affiliation": [{"@_fa": "true", "affilname":"Osterreichische Akademie Der Wissenschaften","affiliation-city":"Vienna","affiliation-country":"Austria"}],"prism:aggregationType":"Journal","subtype":"ar","subtypeDescription":"Article","source-id":"26143","openaccess":"0","openaccessFlag":false},{"@_fa": "true", "link": [{"@_fa": "true", "@ref": "self", "@href": "https://api.elsevier.com/content/abstract/scopus_id/85060807524"},{"@_fa": "true", "@ref": "author-affiliation", "@href": "https://api.elsevier.com/content/abstract/scopus_id/85060807524?field=author,affiliation"},{"@_fa": "true", "@ref": "scopus", "@href": "https://www.scopus.com/inward/record.uri?partnerID=HzOxMe3b&scp=85060807524&origin=inward"},{"@_fa": "true", "@ref": "scopus-citedby", "@href": "https://www.scopus.com/inward/citedby.uri?partnerID=HzOxMe3b&scp=85060807524&origin=inward"}],"prism:url":"https://api.elsevier.com/content/abstract/scopus_id/85060807524","dc:identifier":"SCOPUS_ID:85060807524","eid":"2-s2.0-85060807524","dc:title":"Regime type versus patronal politics: a comparison of “ardent democrats” in Kazakhstan and Kyrgyzstan","dc:creator":"Junisbai B.","prism:publicationName":"Post-Soviet Affairs","prism:issn":"1060586X","prism:volume":"35","prism:issueIdentifier":"3","prism:pageRange":"240-257","prism:coverDate":"2019-05-04","prism:coverDisplayDate":"4 May 2019","prism:doi":"10.1080/1060586X.2019.1568144","citedby-count":"0","affiliation": [{"@_fa": "true", "affilname":"Pitzer College","affiliation-city":"Claremont","affiliation-country":"United States"}],"prism:aggregationType":"Journal","subtype":"ar","subtypeDescription":"Article","source-id":"25654","openaccess":"0","openaccessFlag":false},{"@_fa": "true", "link": [{"@_fa": "true", "@ref": "self", "@href": "https://api.elsevier.com/content/abstract/scopus_id/85061076750"},{"@_fa": "true", "@ref": "author-affiliation", "@href": "https://api.elsevier.com/content/abstract/scopus_id/85061076750?field=author,affiliation"},{"@_fa": "true", "@ref": "scopus", "@href": "https://www.scopus.com/inward/record.uri?partnerID=HzOxMe3b&scp=85061076750&origin=inward"},{"@_fa": "true", "@ref": "scopus-citedby", "@href": "https://www.scopus.com/inward/citedby.uri?partnerID=HzOxMe3b&scp=85061076750&origin=inward"},{"@_fa": "true", "@ref": "full-text", "@href": "https://api.elsevier.com/content/article/eid/1-s2.0-S0305750X19300178"}],"prism:url":"https://api.elsevier.com/content/abstract/scopus_id/85061076750","dc:identifier":"SCOPUS_ID:85061076750","eid":"2-s2.0-85061076750","dc:title":"Post-clientelistic initiatives in a patronage democracy: The distributive politics of India's MGNREGA","dc:creator":"Das U.","prism:publicationName":"World Development","prism:issn":"0305750X","prism:eIssn":"18735991","prism:volume":"117","prism:pageRange":"239-252","prism:coverDate":"2019-05-01","prism:coverDisplayDate":"May 2019","prism:doi":"10.1016/j.worlddev.2019.01.011","pii":"S0305750X19300178","citedby-count":"0","affiliation": [{"@_fa": "true", "affilname":"University of Pennsylvania","affiliation-city":"Philadelphia","affiliation-country":"United States"}],"prism:aggregationType":"Journal","subtype":"ar","subtypeDescription":"Article","source-id":"30060","openaccess":"0","openaccessFlag":false},{"@_fa": "true", "link": [{"@_fa": "true", "@ref": "self", "@href": "https://api.elsevier.com/content/abstract/scopus_id/85059632524"},{"@_fa": "true", "@ref": "author-affiliation", "@href": "https://api.elsevier.com/content/abstract/scopus_id/85059632524?field=author,affiliation"},{"@_fa": "true", "@ref": "scopus", "@href": "https://www.scopus.com/inward/record.uri?partnerID=HzOxMe3b&scp=85059632524&origin=inward"},{"@_fa": "true", "@ref": "scopus-citedby", "@href": "https://www.scopus.com/inward/citedby.uri?partnerID=HzOxMe3b&scp=85059632524&origin=inward"}],"prism:url":"https://api.elsevier.com/content/abstract/scopus_id/85059632524","dc:identifier":"SCOPUS_ID:85059632524","eid":"2-s2.0-85059632524","dc:title":"In-Group Loyalty and the Punishment of Corruption","dc:creator":"Solaz H.","prism:publicationName":"Comparative Political Studies","prism:issn":"00104140","prism:eIssn":"15523829","prism:volume":"52","prism:issueIdentifier":"6","prism:pageRange":"896-926","prism:coverDate":"2019-05-01","prism:coverDisplayDate":"1 May 2019","prism:doi":"10.1177/0010414018797951","citedby-count":"0","affiliation": [{"@_fa": "true", "affilname":"Vrije Universiteit Amsterdam","affiliation-city":"Amsterdam","affiliation-country":"Netherlands"}],"prism:aggregationType":"Journal","subtype":"ar","subtypeDescription":"Article","source-id":"13447","openaccess":"1","openaccessFlag":true},{"@_fa": "true", "link": [{"@_fa": "true", "@ref": "self", "@href": "https://api.elsevier.com/content/abstract/scopus_id/85058651009"},{"@_fa": "true", "@ref": "author-affiliation", "@href": "https://api.elsevier.com/content/abstract/scopus_id/85058651009?field=author,affiliation"},{"@_fa": "true", "@ref": "scopus", "@href": "https://www.scopus.com/inward/record.uri?partnerID=HzOxMe3b&scp=85058651009&origin=inward"},{"@_fa": "true", "@ref": "scopus-citedby", "@href": "https://www.scopus.com/inward/citedby.uri?partnerID=HzOxMe3b&scp=85058651009&origin=inward"}],"prism:url":"https://api.elsevier.com/content/abstract/scopus_id/85058651009","dc:identifier":"SCOPUS_ID:85058651009","eid":"2-s2.0-85058651009","dc:title":"Socialist Workhorse to Capitalist Powerhouse: Developing a Modern Chinese Commercial Fleet in the Pre-Reform Era","dc:creator":"McMillan G.","prism:publicationName":"Modern China","prism:issn":"00977004","prism:eIssn":"15526836","prism:volume":"45","prism:issueIdentifier":"3","prism:pageRange":"316-349","prism:coverDate":"2019-05-01","prism:coverDisplayDate":"1 May 2019","prism:doi":"10.1177/0097700418797603","citedby-count":"0","affiliation": [{"@_fa": "true", "affilname":"Astrup Fearnley A S","affiliation-city":"Hong Kong","affiliation-country":"Hong Kong"}],"prism:aggregationType":"Journal","subtype":"ar","subtypeDescription":"Article","source-id":"16996","openaccess":"0","openaccessFlag":false},{"@_fa": "true", "link": [{"@_fa": "true", "@ref": "self", "@href": "https://api.elsevier.com/content/abstract/scopus_id/85058101412"},{"@_fa": "true", "@ref": "author-affiliation", "@href": "https://api.elsevier.com/content/abstract/scopus_id/85058101412?field=author,affiliation"},{"@_fa": "true", "@ref": "scopus", "@href": "https://www.scopus.com/inward/record.uri?partnerID=HzOxMe3b&scp=85058101412&origin=inward"},{"@_fa": "true", "@ref": "scopus-citedby", "@href": "https://www.scopus.com/inward/citedby.uri?partnerID=HzOxMe3b&scp=85058101412&origin=inward"}],"prism:url":"https://api.elsevier.com/content/abstract/scopus_id/85058101412","dc:identifier":"SCOPUS_ID:85058101412","eid":"2-s2.0-85058101412","dc:title":"Institutional environments and the livelihood impacts of voluntary sustainability standards: A Village-based analysis from southern Sumatra's coffee sector","dc:creator":"Bray J.","prism:publicationName":"Singapore Journal of Tropical Geography","prism:issn":"01297619","prism:eIssn":"14679493","prism:volume":"40","prism:issueIdentifier":"2","prism:pageRange":"291-311","prism:coverDate":"2019-05-01","prism:coverDisplayDate":"May 2019","prism:doi":"10.1111/sjtg.12275","citedby-count":"0","affiliation": [{"@_fa": "true", "affilname":"The University of Sydney","affiliation-city":"Sydney","affiliation-country":"Australia"}],"prism:aggregationType":"Journal","subtype":"ar","subtypeDescription":"Article","source-id":"12652","openaccess":"0","openaccessFlag":false},{"@_fa": "true", "link": [{"@_fa": "true", "@ref": "self", "@href": "https://api.elsevier.com/content/abstract/scopus_id/85061916760"},{"@_fa": "true", "@ref": "author-affiliation", "@href": "https://api.elsevier.com/content/abstract/scopus_id/85061916760?field=author,affiliation"},{"@_fa": "true", "@ref": "scopus", "@href": "https://www.scopus.com/inward/record.uri?partnerID=HzOxMe3b&scp=85061916760&origin=inward"},{"@_fa": "true", "@ref": "scopus-citedby", "@href": "https://www.scopus.com/inward/citedby.uri?partnerID=HzOxMe3b&scp=85061916760&origin=inward"},{"@_fa": "true", "@ref": "full-text", "@href": "https://api.elsevier.com/content/article/eid/1-s2.0-S1389934118300832"}],"prism:url":"https://api.elsevier.com/content/abstract/scopus_id/85061916760","dc:identifier":"SCOPUS_ID:85061916760","eid":"2-s2.0-85061916760","dc:title":"Determining the effectiveness of forest landscape governance: A case study from the Sendang landscape, South Sumatra","dc:creator":"Sari D.","prism:publicationName":"Forest Policy and Economics","prism:issn":"13899341","prism:volume":"102","prism:pageRange":"17-28","prism:coverDate":"2019-05-01","prism:coverDisplayDate":"May 2019","prism:doi":"10.1016/j.forpol.2019.01.014","pii":"S1389934118300832","citedby-count":"0","affiliation": [{"@_fa": "true", "affilname":"James Cook University, Australia","affiliation-city":"Townsville","affiliation-country":"Australia"},{"@_fa": "true", "affilname":"The Supreme Audit Board of Indonesia","affiliation-city":"Jakarta","affiliation-country":"Indonesia"}],"prism:aggregationType":"Journal","subtype":"ar","subtypeDescription":"Article","source-id":"22223","openaccess":"0","openaccessFlag":false},{"@_fa": "true", "link": [{"@_fa": "true", "@ref": "self", "@href": "https://api.elsevier.com/content/abstract/scopus_id/85044441904"},{"@_fa": "true", "@ref": "author-affiliation", "@href": "https://api.elsevier.com/content/abstract/scopus_id/85044441904?field=author,affiliation"},{"@_fa": "true", "@ref": "scopus", "@href": "https://www.scopus.com/inward/record.uri?partnerID=HzOxMe3b&scp=85044441904&origin=inward"},{"@_fa": "true", "@ref": "scopus-citedby", "@href": "https://www.scopus.com/inward/citedby.uri?partnerID=HzOxMe3b&scp=85044441904&origin=inward"}],"prism:url":"https://api.elsevier.com/content/abstract/scopus_id/85044441904","dc:identifier":"SCOPUS_ID:85044441904","eid":"2-s2.0-85044441904","dc:title":"Developing natural lakes for socio-economic development: the case of Nike lake Enugu state, Nigeria","dc:creator":"Amalu T.","prism:publicationName":"GeoJournal","prism:issn":"03432521","prism:eIssn":"15729893","prism:volume":"84","prism:issueIdentifier":"2","prism:pageRange":"519-531","prism:coverDate":"2019-04-15","prism:coverDisplayDate":"15 April 2019","prism:doi":"10.1007/s10708-018-9873-4","citedby-count":"0","affiliation": [{"@_fa": "true", "affilname":"University of Calabar","affiliation-city":"Calabar","affiliation-country":"Nigeria"}],"prism:aggregationType":"Journal","subtype":"ar","subtypeDescription":"Article","source-id":"28772","openaccess":"0","openaccessFlag":false},{"@_fa": "true", "link": [{"@_fa": "true", "@ref": "self", "@href": "https://api.elsevier.com/content/abstract/scopus_id/85062902113"},{"@_fa": "true", "@ref": "author-affiliation", "@href": "https://api.elsevier.com/content/abstract/scopus_id/85062902113?field=author,affiliation"},{"@_fa": "true", "@ref": "scopus", "@href": "https://www.scopus.com/inward/record.uri?partnerID=HzOxMe3b&scp=85062902113&origin=inward"},{"@_fa": "true", "@ref": "scopus-citedby", "@href": "https://www.scopus.com/inward/citedby.uri?partnerID=HzOxMe3b&scp=85062902113&origin=inward"}],"prism:url":"https://api.elsevier.com/content/abstract/scopus_id/85062902113","dc:identifier":"SCOPUS_ID:85062902113","eid":"2-s2.0-85062902113","dc:title":"Enhancing consumer satisfaction and retail patronage through brand experience, cognitive pleasure, and shopping enjoyment: A comparison between lifestyle and product-centric displays","dc:creator":"Sina A.","prism:publicationName":"Journal of Global Fashion Marketing","prism:issn":"20932685","prism:eIssn":"23254483","prism:volume":"10","prism:issueIdentifier":"2","prism:pageRange":"129-144","prism:coverDate":"2019-04-03","prism:coverDisplayDate":"3 April 2019","prism:doi":"10.1080/20932685.2019.1573698","citedby-count":"0","affiliation": [{"@_fa": "true", "affilname":"University of Minnesota Twin Cities","affiliation-city":"Minneapolis","affiliation-country":"United States"}],"prism:aggregationType":"Journal","subtype":"ar","subtypeDescription":"Article","source-id":"21100435972","openaccess":"0","openaccessFlag":false},{"@_fa": "true", "link": [{"@_fa": "true", "@ref": "self", "@href": "https://api.elsevier.com/content/abstract/scopus_id/85063093247"},{"@_fa": "true", "@ref": "author-affiliation", "@href": "https://api.elsevier.com/content/abstract/scopus_id/85063093247?field=author,affiliation"},{"@_fa": "true", "@ref": "scopus", "@href": "https://www.scopus.com/inward/record.uri?partnerID=HzOxMe3b&scp=85063093247&origin=inward"},{"@_fa": "true", "@ref": "scopus-citedby", "@href": "https://www.scopus.com/inward/citedby.uri?partnerID=HzOxMe3b&scp=85063093247&origin=inward"}],"prism:url":"https://api.elsevier.com/content/abstract/scopus_id/85063093247","dc:identifier":"SCOPUS_ID:85063093247","eid":"2-s2.0-85063093247","dc:title":"The Buffalo and the Squirrel: moral authority and the limits of patronage in Kiambu County’s 2017 gubernatorial race","dc:creator":"Lockwood P.","prism:publicationName":"Journal of Eastern African Studies","prism:issn":"17531055","prism:eIssn":"17531063","prism:volume":"13","prism:issueIdentifier":"2","prism:pageRange":"353-370","prism:coverDate":"2019-04-03","prism:coverDisplayDate":"3 April 2019","prism:doi":"10.1080/17531055.2019.1592332","citedby-count":"2","affiliation": [{"@_fa": "true", "affilname":"University of Cambridge","affiliation-city":"Cambridge","affiliation-country":"United Kingdom"}],"prism:aggregationType":"Journal","subtype":"ar","subtypeDescription":"Article","source-id":"17900156739","openaccess":"0","openaccessFlag":false},{"@_fa": "true", "link": [{"@_fa": "true", "@ref": "self", "@href": "https://api.elsevier.com/content/abstract/scopus_id/85064699514"},{"@_fa": "true", "@ref": "author-affiliation", "@href": "https://api.elsevier.com/content/abstract/scopus_id/85064699514?field=author,affiliation"},{"@_fa": "true", "@ref": "scopus", "@href": "https://www.scopus.com/inward/record.uri?partnerID=HzOxMe3b&scp=85064699514&origin=inward"},{"@_fa": "true", "@ref": "scopus-citedby", "@href": "https://www.scopus.com/inward/citedby.uri?partnerID=HzOxMe3b&scp=85064699514&origin=inward"}],"prism:url":"https://api.elsevier.com/content/abstract/scopus_id/85064699514","dc:identifier":"SCOPUS_ID:85064699514","eid":"2-s2.0-85064699514","dc:title":"Understanding the political goals of non-binding resolutions: evidence from the Mexican Chamber of Deputies","dc:creator":"Ponce A.","prism:publicationName":"Journal of Legislative Studies","prism:issn":"13572334","prism:eIssn":"17439337","prism:volume":"25","prism:issueIdentifier":"2","prism:pageRange":"229-249","prism:coverDate":"2019-04-03","prism:coverDisplayDate":"3 April 2019","prism:doi":"10.1080/13572334.2019.1603207","citedby-count":"0","affiliation": [{"@_fa": "true", "affilname":"Centro de Investigacion y Docencia Economicas A.C.","affiliation-city":"Mexico City","affiliation-country":"Mexico"}],"prism:aggregationType":"Journal","subtype":"ar","subtypeDescription":"Article","source-id":"5600156029","openaccess":"0","openaccessFlag":false},{"@_fa": "true", "link": [{"@_fa": "true", "@ref": "self", "@href": "https://api.elsevier.com/content/abstract/scopus_id/85064694637"},{"@_fa": "true", "@ref": "author-affiliation", "@href": "https://api.elsevier.com/content/abstract/scopus_id/85064694637?field=author,affiliation"},{"@_fa": "true", "@ref": "scopus", "@href": "https://www.scopus.com/inward/record.uri?partnerID=HzOxMe3b&scp=85064694637&origin=inward"},{"@_fa": "true", "@ref": "scopus-citedby", "@href": "https://www.scopus.com/inward/citedby.uri?partnerID=HzOxMe3b&scp=85064694637&origin=inward"}],"prism:url":"https://api.elsevier.com/content/abstract/scopus_id/85064694637","dc:identifier":"SCOPUS_ID:85064694637","eid":"2-s2.0-85064694637","dc:title":"The Early Texts of the Cult of Saint Guthlac","dc:creator":"Wragg S.","prism:publicationName":"English Studies","prism:issn":"0013838X","prism:eIssn":"17444217","prism:volume":"100","prism:issueIdentifier":"3","prism:pageRange":"253-272","prism:coverDate":"2019-04-03","prism:coverDisplayDate":"3 April 2019","prism:doi":"10.1080/0013838X.2018.1558700","citedby-count":"0","affiliation": [{"@_fa": "true", "affilname":"St George’s College","affiliation-city":"Chertsey","affiliation-country":"United Kingdom"}],"prism:aggregationType":"Journal","subtype":"ar","subtypeDescription":"Article","source-id":"20625","openaccess":"0","openaccessFlag":false},{"@_fa": "true", "link": [{"@_fa": "true", "@ref": "self", "@href": "https://api.elsevier.com/content/abstract/scopus_id/85060596582"},{"@_fa": "true", "@ref": "author-affiliation", "@href": "https://api.elsevier.com/content/abstract/scopus_id/85060596582?field=author,affiliation"},{"@_fa": "true", "@ref": "scopus", "@href": "https://www.scopus.com/inward/record.uri?partnerID=HzOxMe3b&scp=85060596582&origin=inward"},{"@_fa": "true", "@ref": "scopus-citedby", "@href": "https://www.scopus.com/inward/citedby.uri?partnerID=HzOxMe3b&scp=85060596582&origin=inward"}],"prism:url":"https://api.elsevier.com/content/abstract/scopus_id/85060596582","dc:identifier":"SCOPUS_ID:85060596582","eid":"2-s2.0-85060596582","dc:title":"Repression, co-optation and insurgency: Pakistan’s FATA, Southern Thailand and Papua, Indonesia","dc:creator":"Wilson C.","prism:publicationName":"Third World Quarterly","prism:issn":"01436597","prism:eIssn":"13602241","prism:volume":"40","prism:issueIdentifier":"4","prism:pageRange":"710-726","prism:coverDate":"2019-04-03","prism:coverDisplayDate":"3 April 2019","prism:doi":"10.1080/01436597.2018.1557012","citedby-count":"0","affiliation": [{"@_fa": "true", "affilname":"University of Auckland","affiliation-city":"Auckland","affiliation-country":"New Zealand"}],"prism:aggregationType":"Journal","subtype":"ar","subtypeDescription":"Article","source-id":"15471","openaccess":"0","openaccessFlag":false},{"@_fa": "true", "link": [{"@_fa": "true", "@ref": "self", "@href": "https://api.elsevier.com/content/abstract/scopus_id/85063324646"},{"@_fa": "true", "@ref": "author-affiliation", "@href": "https://api.elsevier.com/content/abstract/scopus_id/85063324646?field=author,affiliation"},{"@_fa": "true", "@ref": "scopus", "@href": "https://www.scopus.com/inward/record.uri?partnerID=HzOxMe3b&scp=85063324646&origin=inward"},{"@_fa": "true", "@ref": "scopus-citedby", "@href": "https://www.scopus.com/inward/citedby.uri?partnerID=HzOxMe3b&scp=85063324646&origin=inward"}],"prism:url":"https://api.elsevier.com/content/abstract/scopus_id/85063324646","dc:identifier":"SCOPUS_ID:85063324646","eid":"2-s2.0-85063324646","dc:title":"A lesson in patronage: King henry iii, the knights templar, and a royal mausoleum at the temple church in london","dc:creator":"Stewart Z.","prism:publicationName":"Speculum","prism:issn":"00387134","prism:eIssn":"20408072","prism:volume":"94","prism:issueIdentifier":"2","prism:pageRange":null,"prism:coverDate":"2019-04-01","prism:coverDisplayDate":"1 April 2019","prism:doi":"10.1086/702246,","citedby-count":"0","affiliation": [{"@_fa": "true", "affilname":"Texas A and M University","affiliation-city":"College Station","affiliation-country":"United States"}],"prism:aggregationType":"Journal","subtype":"no","subtypeDescription":"Note","source-id":"21213","openaccess":"0","openaccessFlag":false},{"@_fa": "true", "link": [{"@_fa": "true", "@ref": "self", "@href": "https://api.elsevier.com/content/abstract/scopus_id/85062324244"},{"@_fa": "true", "@ref": "author-affiliation", "@href": "https://api.elsevier.com/content/abstract/scopus_id/85062324244?field=author,affiliation"},{"@_fa": "true", "@ref": "scopus", "@href": "https://www.scopus.com/inward/record.uri?partnerID=HzOxMe3b&scp=85062324244&origin=inward"},{"@_fa": "true", "@ref": "scopus-citedby", "@href": "https://www.scopus.com/inward/citedby.uri?partnerID=HzOxMe3b&scp=85062324244&origin=inward"}],"prism:url":"https://api.elsevier.com/content/abstract/scopus_id/85062324244","dc:identifier":"SCOPUS_ID:85062324244","eid":"2-s2.0-85062324244","dc:title":"Economic institutions and autocratic breakdown: Monetary constraints and fiscal spending in dominant-party regimes","dc:creator":"Bodea C.","prism:publicationName":"Journal of Politics","prism:issn":"00223816","prism:eIssn":"14682508","prism:volume":"81","prism:issueIdentifier":"2","prism:pageRange":"601-615","prism:coverDate":"2019-04-01","prism:coverDisplayDate":"1 April 2019","prism:doi":"10.1086/701831","citedby-count":"0","affiliation": [{"@_fa": "true", "affilname":"Michigan State University","affiliation-city":"East Lansing","affiliation-country":"United States"}],"prism:aggregationType":"Journal","subtype":"ar","subtypeDescription":"Article","source-id":"20333","openaccess":"0","openaccessFlag":false},{"@_fa": "true", "link": [{"@_fa": "true", "@ref": "self", "@href": "https://api.elsevier.com/content/abstract/scopus_id/85059457311"},{"@_fa": "true", "@ref": "author-affiliation", "@href": "https://api.elsevier.com/content/abstract/scopus_id/85059457311?field=author,affiliation"},{"@_fa": "true", "@ref": "scopus", "@href": "https://www.scopus.com/inward/record.uri?partnerID=HzOxMe3b&scp=85059457311&origin=inward"},{"@_fa": "true", "@ref": "scopus-citedby", "@href": "https://www.scopus.com/inward/citedby.uri?partnerID=HzOxMe3b&scp=85059457311&origin=inward"},{"@_fa": "true", "@ref": "full-text", "@href": "https://api.elsevier.com/content/article/eid/1-s2.0-S2214790X1830220X"}],"prism:url":"https://api.elsevier.com/content/abstract/scopus_id/85059457311","dc:identifier":"SCOPUS_ID:85059457311","eid":"2-s2.0-85059457311","dc:title":"The political economy of oil in the Democratic Republic of Congo (DRC): Corruption and regime control","dc:creator":"Titeca K.","prism:publicationName":"Extractive Industries and Society","prism:issn":"2214790X","prism:volume":"6","prism:issueIdentifier":"2","prism:pageRange":"542-551","prism:coverDate":"2019-04-01","prism:coverDisplayDate":"April 2019","prism:doi":"10.1016/j.exis.2018.12.003","pii":"S2214790X1830220X","citedby-count":"0","affiliation": [{"@_fa": "true", "affilname":"Universiteit Antwerpen","affiliation-city":"Antwerpen","affiliation-country":"Belgium"}],"prism:aggregationType":"Journal","subtype":"ar","subtypeDescription":"Article","source-id":"21100305261","openaccess":"0","openaccessFlag":false},{"@_fa": "true", "link": [{"@_fa": "true", "@ref": "self", "@href": "https://api.elsevier.com/content/abstract/scopus_id/85064871925"},{"@_fa": "true", "@ref": "author-affiliation", "@href": "https://api.elsevier.com/content/abstract/scopus_id/85064871925?field=author,affiliation"},{"@_fa": "true", "@ref": "scopus", "@href": "https://www.scopus.com/inward/record.uri?partnerID=HzOxMe3b&scp=85064871925&origin=inward"},{"@_fa": "true", "@ref": "scopus-citedby", "@href": "https://www.scopus.com/inward/citedby.uri?partnerID=HzOxMe3b&scp=85064871925&origin=inward"}],"prism:url":"https://api.elsevier.com/content/abstract/scopus_id/85064871925","dc:identifier":"SCOPUS_ID:85064871925","eid":"2-s2.0-85064871925","dc:title":"Scraping Public Co-Occurrences for Statistical Network Analysis of Political Elites","dc:creator":"Mahdavi P.","prism:publicationName":"Political Science Research and Methods","prism:issn":"20498470","prism:eIssn":"20498489","prism:volume":"7","prism:issueIdentifier":"2","prism:pageRange":"385-392","prism:coverDate":"2019-04-01","prism:coverDisplayDate":"1 April 2019","prism:doi":"10.1017/psrm.2017.28","pii":"S2049847017000280","citedby-count":"0","affiliation": [{"@_fa": "true", "affilname":"Georgetown University","affiliation-city":"Washington, D.C.","affiliation-country":"United States"}],"prism:aggregationType":"Journal","subtype":"re","subtypeDescription":"Review","source-id":"21100870919","openaccess":"0","openaccessFlag":false},{"@_fa": "true", "link": [{"@_fa": "true", "@ref": "self", "@href": "https://api.elsevier.com/content/abstract/scopus_id/85064105820"},{"@_fa": "true", "@ref": "author-affiliation", "@href": "https://api.elsevier.com/content/abstract/scopus_id/85064105820?field=author,affiliation"},{"@_fa": "true", "@ref": "scopus", "@href": "https://www.scopus.com/inward/record.uri?partnerID=HzOxMe3b&scp=85064105820&origin=inward"},{"@_fa": "true", "@ref": "scopus-citedby", "@href": "https://www.scopus.com/inward/citedby.uri?partnerID=HzOxMe3b&scp=85064105820&origin=inward"}],"prism:url":"https://api.elsevier.com/content/abstract/scopus_id/85064105820","dc:identifier":"SCOPUS_ID:85064105820","eid":"2-s2.0-85064105820","dc:title":"Improving Parliamentary Scrutiny of Public Appointments","dc:creator":"Hazell R.","prism:publicationName":"Parliamentary Affairs","prism:issn":"00312290","prism:eIssn":"14602482","prism:volume":"72","prism:issueIdentifier":"2","prism:pageRange":"223-244","prism:coverDate":"2019-04-01","prism:coverDisplayDate":"1 April 2019","prism:doi":"10.1093/pa/gsy017","citedby-count":"0","affiliation": [{"@_fa": "true", "affilname":"UCL","affiliation-city":"London","affiliation-country":"United Kingdom"}],"prism:aggregationType":"Journal","subtype":"ar","subtypeDescription":"Article","source-id":"22222","openaccess":"0","openaccessFlag":false},{"@_fa": "true", "link": [{"@_fa": "true", "@ref": "self", "@href": "https://api.elsevier.com/content/abstract/scopus_id/85064266950"},{"@_fa": "true", "@ref": "author-affiliation", "@href": "https://api.elsevier.com/content/abstract/scopus_id/85064266950?field=author,affiliation"},{"@_fa": "true", "@ref": "scopus", "@href": "https://www.scopus.com/inward/record.uri?partnerID=HzOxMe3b&scp=85064266950&origin=inward"},{"@_fa": "true", "@ref": "scopus-citedby", "@href": "https://www.scopus.com/inward/citedby.uri?partnerID=HzOxMe3b&scp=85064266950&origin=inward"},{"@_fa": "true", "@ref": "full-text", "@href": "https://api.elsevier.com/content/article/eid/1-s2.0-S0966692318306768"}],"prism:url":"https://api.elsevier.com/content/abstract/scopus_id/85064266950","dc:identifier":"SCOPUS_ID:85064266950","eid":"2-s2.0-85064266950","dc:title":"Using walkability measures to identify train stations with the potential to become transit oriented developments located in walkable neighbourhoods","dc:creator":"Jeffrey D.","prism:publicationName":"Journal of Transport Geography","prism:issn":"09666923","prism:volume":"76","prism:pageRange":"221-231","prism:coverDate":"2019-04-01","prism:coverDisplayDate":"April 2019","prism:doi":"10.1016/j.jtrangeo.2019.03.009","pii":"S0966692318306768","citedby-count":"0","affiliation": [{"@_fa": "true", "affilname":"University of Melbourne","affiliation-city":"Parkville","affiliation-country":"Australia"}],"prism:aggregationType":"Journal","subtype":"ar","subtypeDescription":"Article","source-id":"29295","openaccess":"1","openaccessFlag":true},{"@_fa": "true", "link": [{"@_fa": "true", "@ref": "self", "@href": "https://api.elsevier.com/content/abstract/scopus_id/85062862636"},{"@_fa": "true", "@ref": "author-affiliation", "@href": "https://api.elsevier.com/content/abstract/scopus_id/85062862636?field=author,affiliation"},{"@_fa": "true", "@ref": "scopus", "@href": "https://www.scopus.com/inward/record.uri?partnerID=HzOxMe3b&scp=85062862636&origin=inward"},{"@_fa": "true", "@ref": "scopus-citedby", "@href": "https://www.scopus.com/inward/citedby.uri?partnerID=HzOxMe3b&scp=85062862636&origin=inward"}],"prism:url":"https://api.elsevier.com/content/abstract/scopus_id/85062862636","dc:identifier":"SCOPUS_ID:85062862636","eid":"2-s2.0-85062862636","dc:title":"Why Ethnic Subaltern-Led Parties Crowd Out Armed Organizations: Explaining Maoist Violence in India","dc:creator":"Chandra K.","prism:publicationName":"World Politics","prism:issn":"00438871","prism:eIssn":"10863338","prism:volume":"71","prism:issueIdentifier":"2","prism:pageRange":"367-416","prism:coverDate":"2019-04-01","prism:coverDisplayDate":"1 April 2019","prism:doi":"10.1017/S004388711800028X","pii":"S004388711800028X","citedby-count":"1","affiliation": [{"@_fa": "true", "affilname":"New York University","affiliation-city":"New York","affiliation-country":"United States"}],"prism:aggregationType":"Journal","subtype":"ar","subtypeDescription":"Article","source-id":"25725","openaccess":"0","openaccessFlag":false}]}}