{"search-results":{"opensearch:totalResults":"7619","opensearch:startIndex":"0","opensearch:itemsPerPage":"25","opensearch:Query":{"@role": "request", "@searchTerms": "TITLE-ABS-KEY(\"networks\") AND SUBJAREA(SOCI) AND PUBYEAR = 2019", "@startPage": "0"},"link": [{"@_fa": "true", "@ref": "self", "@href": "https://api.elsevier.com/content/search/scopus?start=0&count=25&query=TITLE-ABS-KEY%28%22networks%22%29+AND+SUBJAREA%28SOCI%29+AND+PUBYEAR+%3D+2019&apiKey=27d953b4b546791964ebeb768d13e61f&view=STANDARD", "@type": "application/json"},{"@_fa": "true", "@ref": "first", "@href": "https://api.elsevier.com/content/search/scopus?start=0&count=25&query=TITLE-ABS-KEY%28%22networks%22%29+AND+SUBJAREA%28SOCI%29+AND+PUBYEAR+%3D+2019&apiKey=27d953b4b546791964ebeb768d13e61f&view=STANDARD", "@type": "application/json"},{"@_fa": "true", "@ref": "next", "@href": "https://api.elsevier.com/content/search/scopus?start=25&count=25&query=TITLE-ABS-KEY%28%22networks%22%29+AND+SUBJAREA%28SOCI%29+AND+PUBYEAR+%3D+2019&apiKey=27d953b4b546791964ebeb768d13e61f&view=STANDARD", "@type": "application/json"},{"@_fa": "true", "@ref": "last", "@href": "https://api.elsevier.com/content/search/scopus?start=4975&count=25&query=TITLE-ABS-KEY%28%22networks%22%29+AND+SUBJAREA%28SOCI%29+AND+PUBYEAR+%3D+2019&apiKey=27d953b4b546791964ebeb768d13e61f&view=STANDARD", "@type": "application/json"}],"entry": [{"@_fa": "true", "link": [{"@_fa": "true", "@ref": "self", "@href": "https://api.elsevier.com/content/abstract/scopus_id/85059113726"},{"@_fa": "true", "@ref": "author-affiliation", "@href": "https://api.elsevier.com/content/abstract/scopus_id/85059113726?field=author,affiliation"},{"@_fa": "true", "@ref": "scopus", "@href": "https://www.scopus.com/inward/record.uri?partnerID=HzOxMe3b&scp=85059113726&origin=inward"},{"@_fa": "true", "@ref": "scopus-citedby", "@href": "https://www.scopus.com/inward/citedby.uri?partnerID=HzOxMe3b&scp=85059113726&origin=inward"}],"prism:url":"https://api.elsevier.com/content/abstract/scopus_id/85059113726","dc:identifier":"SCOPUS_ID:85059113726","eid":"2-s2.0-85059113726","dc:title":"Forecasting the urban expansion effects on the design storm hydrograph and sediment yield using artificial neural networks","dc:creator":"Myronidis D.","prism:publicationName":"Water (Switzerland)","prism:eIssn":"20734441","prism:volume":"11","prism:issueIdentifier":"1","prism:pageRange":null,"prism:coverDate":"2019-12-24","prism:coverDisplayDate":"24 December 2019","prism:doi":"10.3390/w11010031","citedby-count":"2","affiliation": [{"@_fa": "true", "affilname":"Aristotle University of Thessaloniki","affiliation-city":"Thessaloniki","affiliation-country":"Greece"}],"prism:aggregationType":"Journal","subtype":"ar","subtypeDescription":"Article","article-number":"31","source-id":"21100255400","openaccess":"1","openaccessFlag":true},{"@_fa": "true", "link": [{"@_fa": "true", "@ref": "self", "@href": "https://api.elsevier.com/content/abstract/scopus_id/85015645443"},{"@_fa": "true", "@ref": "author-affiliation", "@href": "https://api.elsevier.com/content/abstract/scopus_id/85015645443?field=author,affiliation"},{"@_fa": "true", "@ref": "scopus", "@href": "https://www.scopus.com/inward/record.uri?partnerID=HzOxMe3b&scp=85015645443&origin=inward"},{"@_fa": "true", "@ref": "scopus-citedby", "@href": "https://www.scopus.com/inward/citedby.uri?partnerID=HzOxMe3b&scp=85015645443&origin=inward"}],"prism:url":"https://api.elsevier.com/content/abstract/scopus_id/85015645443","dc:identifier":"SCOPUS_ID:85015645443","eid":"2-s2.0-85015645443","dc:title":"Evolution of domestic airport networks: a review and comparative analysis","dc:creator":"Wandelt S.","prism:publicationName":"Transportmetrica B","prism:issn":"21680566","prism:eIssn":"21680582","prism:volume":"7","prism:issueIdentifier":"1","prism:pageRange":"1-17","prism:coverDate":"2019-12-23","prism:coverDisplayDate":"23 December 2019","prism:doi":"10.1080/21680566.2017.1301274","citedby-count":"2","affiliation": [{"@_fa": "true", "affilname":"Beihang University","affiliation-city":"Beijing","affiliation-country":"China"},{"@_fa": "true", "affilname":"Humboldt-Universität zu Berlin","affiliation-city":"Berlin","affiliation-country":"Germany"}],"prism:aggregationType":"Journal","subtype":"ar","subtypeDescription":"Article","source-id":"21100241736","openaccess":"0","openaccessFlag":false},{"@_fa": "true", "link": [{"@_fa": "true", "@ref": "self", "@href": "https://api.elsevier.com/content/abstract/scopus_id/85021050453"},{"@_fa": "true", "@ref": "author-affiliation", "@href": "https://api.elsevier.com/content/abstract/scopus_id/85021050453?field=author,affiliation"},{"@_fa": "true", "@ref": "scopus", "@href": "https://www.scopus.com/inward/record.uri?partnerID=HzOxMe3b&scp=85021050453&origin=inward"},{"@_fa": "true", "@ref": "scopus-citedby", "@href": "https://www.scopus.com/inward/citedby.uri?partnerID=HzOxMe3b&scp=85021050453&origin=inward"}],"prism:url":"https://api.elsevier.com/content/abstract/scopus_id/85021050453","dc:identifier":"SCOPUS_ID:85021050453","eid":"2-s2.0-85021050453","dc:title":"Analysis of one-way and two-way street configurations on urban grid networks","dc:creator":"Ortigosa J.","prism:publicationName":"Transportmetrica B","prism:issn":"21680566","prism:eIssn":"21680582","prism:volume":"7","prism:issueIdentifier":"1","prism:pageRange":"61-81","prism:coverDate":"2019-12-23","prism:coverDisplayDate":"23 December 2019","prism:doi":"10.1080/21680566.2017.1337528","citedby-count":"0","affiliation": [{"@_fa": "true", "affilname":"ETH Zürich","affiliation-city":"Zurich ZH,","affiliation-country":"Switzerland"}],"prism:aggregationType":"Journal","subtype":"ar","subtypeDescription":"Article","source-id":"21100241736","openaccess":"0","openaccessFlag":false},{"@_fa": "true", "link": [{"@_fa": "true", "@ref": "self", "@href": "https://api.elsevier.com/content/abstract/scopus_id/85024501234"},{"@_fa": "true", "@ref": "author-affiliation", "@href": "https://api.elsevier.com/content/abstract/scopus_id/85024501234?field=author,affiliation"},{"@_fa": "true", "@ref": "scopus", "@href": "https://www.scopus.com/inward/record.uri?partnerID=HzOxMe3b&scp=85024501234&origin=inward"},{"@_fa": "true", "@ref": "scopus-citedby", "@href": "https://www.scopus.com/inward/citedby.uri?partnerID=HzOxMe3b&scp=85024501234&origin=inward"}],"prism:url":"https://api.elsevier.com/content/abstract/scopus_id/85024501234","dc:identifier":"SCOPUS_ID:85024501234","eid":"2-s2.0-85024501234","dc:title":"Modelling and managing bus service regularity with influence of prevailing traffic","dc:creator":"Chow A.","prism:publicationName":"Transportmetrica B","prism:issn":"21680566","prism:eIssn":"21680582","prism:volume":"7","prism:issueIdentifier":"1","prism:pageRange":"82-106","prism:coverDate":"2019-12-23","prism:coverDisplayDate":"23 December 2019","prism:doi":"10.1080/21680566.2017.1353450","citedby-count":"2","affiliation": [{"@_fa": "true", "affilname":"UCL","affiliation-city":"London","affiliation-country":"United Kingdom"}],"prism:aggregationType":"Journal","subtype":"ar","subtypeDescription":"Article","source-id":"21100241736","openaccess":"0","openaccessFlag":false},{"@_fa": "true", "link": [{"@_fa": "true", "@ref": "self", "@href": "https://api.elsevier.com/content/abstract/scopus_id/85059333172"},{"@_fa": "true", "@ref": "author-affiliation", "@href": "https://api.elsevier.com/content/abstract/scopus_id/85059333172?field=author,affiliation"},{"@_fa": "true", "@ref": "scopus", "@href": "https://www.scopus.com/inward/record.uri?partnerID=HzOxMe3b&scp=85059333172&origin=inward"},{"@_fa": "true", "@ref": "scopus-citedby", "@href": "https://www.scopus.com/inward/citedby.uri?partnerID=HzOxMe3b&scp=85059333172&origin=inward"}],"prism:url":"https://api.elsevier.com/content/abstract/scopus_id/85059333172","dc:identifier":"SCOPUS_ID:85059333172","eid":"2-s2.0-85059333172","dc:title":"The centre and the periphery: Productivity and the global networked public sphere","dc:creator":"Sekloča P.","prism:publicationName":"TripleC","prism:eIssn":"1726670X","prism:volume":"17","prism:issueIdentifier":"1","prism:pageRange":"1-18","prism:coverDate":"2019-12-07","prism:coverDisplayDate":"7 December 2019","prism:doi":"10.31269/triplec.v17i1.1062","citedby-count":"0","affiliation": [{"@_fa": "true", "affilname":"University of Primorska","affiliation-city":"Koper","affiliation-country":"Slovenia"}],"prism:aggregationType":"Journal","subtype":"ar","subtypeDescription":"Article","source-id":"19700183008","openaccess":"1","openaccessFlag":true},{"@_fa": "true", "link": [{"@_fa": "true", "@ref": "self", "@href": "https://api.elsevier.com/content/abstract/scopus_id/85066047395"},{"@_fa": "true", "@ref": "author-affiliation", "@href": "https://api.elsevier.com/content/abstract/scopus_id/85066047395?field=author,affiliation"},{"@_fa": "true", "@ref": "scopus", "@href": "https://www.scopus.com/inward/record.uri?partnerID=HzOxMe3b&scp=85066047395&origin=inward"},{"@_fa": "true", "@ref": "scopus-citedby", "@href": "https://www.scopus.com/inward/citedby.uri?partnerID=HzOxMe3b&scp=85066047395&origin=inward"}],"prism:url":"https://api.elsevier.com/content/abstract/scopus_id/85066047395","dc:identifier":"SCOPUS_ID:85066047395","eid":"2-s2.0-85066047395","dc:title":"Community detection in large-scale social networks: state-of-the-art and future directions","dc:creator":"Azaouzi M.","prism:publicationName":"Social Network Analysis and Mining","prism:issn":"18695450","prism:eIssn":"18695469","prism:volume":"9","prism:issueIdentifier":"1","prism:pageRange":null,"prism:coverDate":"2019-12-01","prism:coverDisplayDate":"1 December 2019","prism:doi":"10.1007/s13278-019-0566-x","citedby-count":"0","affiliation": [{"@_fa": "true", "affilname":"Université de Sousse","affiliation-city":"Sousse","affiliation-country":"Tunisia"}],"prism:aggregationType":"Journal","subtype":"ar","subtypeDescription":"Article","article-number":"23","source-id":"19700177337","openaccess":"0","openaccessFlag":false},{"@_fa": "true", "link": [{"@_fa": "true", "@ref": "self", "@href": "https://api.elsevier.com/content/abstract/scopus_id/85064535320"},{"@_fa": "true", "@ref": "author-affiliation", "@href": "https://api.elsevier.com/content/abstract/scopus_id/85064535320?field=author,affiliation"},{"@_fa": "true", "@ref": "scopus", "@href": "https://www.scopus.com/inward/record.uri?partnerID=HzOxMe3b&scp=85064535320&origin=inward"},{"@_fa": "true", "@ref": "scopus-citedby", "@href": "https://www.scopus.com/inward/citedby.uri?partnerID=HzOxMe3b&scp=85064535320&origin=inward"}],"prism:url":"https://api.elsevier.com/content/abstract/scopus_id/85064535320","dc:identifier":"SCOPUS_ID:85064535320","eid":"2-s2.0-85064535320","dc:title":"Network-aware privacy risk estimation in online social networks","dc:creator":"Pensa R.","prism:publicationName":"Social Network Analysis and Mining","prism:issn":"18695450","prism:eIssn":"18695469","prism:volume":"9","prism:issueIdentifier":"1","prism:pageRange":null,"prism:coverDate":"2019-12-01","prism:coverDisplayDate":"1 December 2019","prism:doi":"10.1007/s13278-019-0558-x","citedby-count":"0","affiliation": [{"@_fa": "true", "affilname":"Università degli Studi di Torino","affiliation-city":"Turin","affiliation-country":"Italy"}],"prism:aggregationType":"Journal","subtype":"ar","subtypeDescription":"Article","article-number":"15","source-id":"19700177337","openaccess":"0","openaccessFlag":false},{"@_fa": "true", "link": [{"@_fa": "true", "@ref": "self", "@href": "https://api.elsevier.com/content/abstract/scopus_id/85063522739"},{"@_fa": "true", "@ref": "author-affiliation", "@href": "https://api.elsevier.com/content/abstract/scopus_id/85063522739?field=author,affiliation"},{"@_fa": "true", "@ref": "scopus", "@href": "https://www.scopus.com/inward/record.uri?partnerID=HzOxMe3b&scp=85063522739&origin=inward"},{"@_fa": "true", "@ref": "scopus-citedby", "@href": "https://www.scopus.com/inward/citedby.uri?partnerID=HzOxMe3b&scp=85063522739&origin=inward"}],"prism:url":"https://api.elsevier.com/content/abstract/scopus_id/85063522739","dc:identifier":"SCOPUS_ID:85063522739","eid":"2-s2.0-85063522739","dc:title":"Detecting intrinsic communities in evolving networks","dc:creator":"Nath K.","prism:publicationName":"Social Network Analysis and Mining","prism:issn":"18695450","prism:eIssn":"18695469","prism:volume":"9","prism:issueIdentifier":"1","prism:pageRange":null,"prism:coverDate":"2019-12-01","prism:coverDisplayDate":"1 December 2019","prism:doi":"10.1007/s13278-019-0552-3","citedby-count":"0","affiliation": [{"@_fa": "true", "affilname":"North-Eastern Hill University","affiliation-city":"Shillong","affiliation-country":"India"}],"prism:aggregationType":"Journal","subtype":"ar","subtypeDescription":"Article","article-number":"13","source-id":"19700177337","openaccess":"0","openaccessFlag":false},{"@_fa": "true", "link": [{"@_fa": "true", "@ref": "self", "@href": "https://api.elsevier.com/content/abstract/scopus_id/85060249814"},{"@_fa": "true", "@ref": "author-affiliation", "@href": "https://api.elsevier.com/content/abstract/scopus_id/85060249814?field=author,affiliation"},{"@_fa": "true", "@ref": "scopus", "@href": "https://www.scopus.com/inward/record.uri?partnerID=HzOxMe3b&scp=85060249814&origin=inward"},{"@_fa": "true", "@ref": "scopus-citedby", "@href": "https://www.scopus.com/inward/citedby.uri?partnerID=HzOxMe3b&scp=85060249814&origin=inward"}],"prism:url":"https://api.elsevier.com/content/abstract/scopus_id/85060249814","dc:identifier":"SCOPUS_ID:85060249814","eid":"2-s2.0-85060249814","dc:title":"Diachronic equivalence: an examination of the international news network","dc:creator":"Barnett G.","prism:publicationName":"Social Network Analysis and Mining","prism:issn":"18695450","prism:eIssn":"18695469","prism:volume":"9","prism:issueIdentifier":"1","prism:pageRange":null,"prism:coverDate":"2019-12-01","prism:coverDisplayDate":"1 December 2019","prism:doi":"10.1007/s13278-019-0549-y","citedby-count":"0","affiliation": [{"@_fa": "true", "affilname":"University of California, Davis","affiliation-city":"Davis","affiliation-country":"United States"}],"prism:aggregationType":"Journal","subtype":"ar","subtypeDescription":"Article","article-number":"6","source-id":"19700177337","openaccess":"0","openaccessFlag":false},{"@_fa": "true", "link": [{"@_fa": "true", "@ref": "self", "@href": "https://api.elsevier.com/content/abstract/scopus_id/85064040075"},{"@_fa": "true", "@ref": "author-affiliation", "@href": "https://api.elsevier.com/content/abstract/scopus_id/85064040075?field=author,affiliation"},{"@_fa": "true", "@ref": "scopus", "@href": "https://www.scopus.com/inward/record.uri?partnerID=HzOxMe3b&scp=85064040075&origin=inward"},{"@_fa": "true", "@ref": "scopus-citedby", "@href": "https://www.scopus.com/inward/citedby.uri?partnerID=HzOxMe3b&scp=85064040075&origin=inward"}],"prism:url":"https://api.elsevier.com/content/abstract/scopus_id/85064040075","dc:identifier":"SCOPUS_ID:85064040075","eid":"2-s2.0-85064040075","dc:title":"Using network motifs to characterize temporal network evolution leading to diffusion inhibition","dc:creator":"Sarkar S.","prism:publicationName":"Social Network Analysis and Mining","prism:issn":"18695450","prism:eIssn":"18695469","prism:volume":"9","prism:issueIdentifier":"1","prism:pageRange":null,"prism:coverDate":"2019-12-01","prism:coverDisplayDate":"1 December 2019","prism:doi":"10.1007/s13278-019-0556-z","citedby-count":"0","affiliation": [{"@_fa": "true", "affilname":"Arizona State University","affiliation-city":"Tempe","affiliation-country":"United States"}],"prism:aggregationType":"Journal","subtype":"ar","subtypeDescription":"Article","article-number":"14","source-id":"19700177337","openaccess":"0","openaccessFlag":false},{"@_fa": "true", "link": [{"@_fa": "true", "@ref": "self", "@href": "https://api.elsevier.com/content/abstract/scopus_id/85061494406"},{"@_fa": "true", "@ref": "author-affiliation", "@href": "https://api.elsevier.com/content/abstract/scopus_id/85061494406?field=author,affiliation"},{"@_fa": "true", "@ref": "scopus", "@href": "https://www.scopus.com/inward/record.uri?partnerID=HzOxMe3b&scp=85061494406&origin=inward"},{"@_fa": "true", "@ref": "scopus-citedby", "@href": "https://www.scopus.com/inward/citedby.uri?partnerID=HzOxMe3b&scp=85061494406&origin=inward"}],"prism:url":"https://api.elsevier.com/content/abstract/scopus_id/85061494406","dc:identifier":"SCOPUS_ID:85061494406","eid":"2-s2.0-85061494406","dc:title":"A quest for the structure of intra- and postoperative surgical team networks: does the small-world property evolve over time?","dc:creator":"Ebadi A.","prism:publicationName":"Social Network Analysis and Mining","prism:issn":"18695450","prism:eIssn":"18695469","prism:volume":"9","prism:issueIdentifier":"1","prism:pageRange":null,"prism:coverDate":"2019-12-01","prism:coverDisplayDate":"1 December 2019","prism:doi":"10.1007/s13278-019-0550-5","citedby-count":"0","affiliation": [{"@_fa": "true", "affilname":"University of Florida","affiliation-city":"Gainesville","affiliation-country":"United States"}],"prism:aggregationType":"Journal","subtype":"ar","subtypeDescription":"Article","article-number":"7","source-id":"19700177337","openaccess":"0","openaccessFlag":false},{"@_fa": "true", "link": [{"@_fa": "true", "@ref": "self", "@href": "https://api.elsevier.com/content/abstract/scopus_id/85064335992"},{"@_fa": "true", "@ref": "author-affiliation", "@href": "https://api.elsevier.com/content/abstract/scopus_id/85064335992?field=author,affiliation"},{"@_fa": "true", "@ref": "scopus", "@href": "https://www.scopus.com/inward/record.uri?partnerID=HzOxMe3b&scp=85064335992&origin=inward"},{"@_fa": "true", "@ref": "scopus-citedby", "@href": "https://www.scopus.com/inward/citedby.uri?partnerID=HzOxMe3b&scp=85064335992&origin=inward"}],"prism:url":"https://api.elsevier.com/content/abstract/scopus_id/85064335992","dc:identifier":"SCOPUS_ID:85064335992","eid":"2-s2.0-85064335992","dc:title":"‘Altın Günü’: migrant women’s social protection networks","dc:creator":"Bilecen B.","prism:publicationName":"Comparative Migration Studies","prism:eIssn":"2214594X","prism:volume":"7","prism:issueIdentifier":"1","prism:pageRange":null,"prism:coverDate":"2019-12-01","prism:coverDisplayDate":"1 December 2019","prism:doi":"10.1186/s40878-019-0114-x","citedby-count":"0","affiliation": [{"@_fa": "true", "affilname":"Universität Bielefeld","affiliation-city":"Bielefeld","affiliation-country":"Germany"},{"@_fa": "true", "affilname":"University of Groningen","affiliation-city":"Groningen","affiliation-country":"Netherlands"}],"prism:aggregationType":"Journal","subtype":"ar","subtypeDescription":"Article","article-number":"11","source-id":"21100899442","openaccess":"1","openaccessFlag":true},{"@_fa": "true", "link": [{"@_fa": "true", "@ref": "self", "@href": "https://api.elsevier.com/content/abstract/scopus_id/85057879177"},{"@_fa": "true", "@ref": "author-affiliation", "@href": "https://api.elsevier.com/content/abstract/scopus_id/85057879177?field=author,affiliation"},{"@_fa": "true", "@ref": "scopus", "@href": "https://www.scopus.com/inward/record.uri?partnerID=HzOxMe3b&scp=85057879177&origin=inward"},{"@_fa": "true", "@ref": "scopus-citedby", "@href": "https://www.scopus.com/inward/citedby.uri?partnerID=HzOxMe3b&scp=85057879177&origin=inward"}],"prism:url":"https://api.elsevier.com/content/abstract/scopus_id/85057879177","dc:identifier":"SCOPUS_ID:85057879177","eid":"2-s2.0-85057879177","dc:title":"Modeling memetics using edge diversity","dc:creator":"Gupta Y.","prism:publicationName":"Social Network Analysis and Mining","prism:issn":"18695450","prism:eIssn":"18695469","prism:volume":"9","prism:issueIdentifier":"1","prism:pageRange":null,"prism:coverDate":"2019-12-01","prism:coverDisplayDate":"1 December 2019","prism:doi":"10.1007/s13278-018-0546-6","citedby-count":"0","affiliation": [{"@_fa": "true", "affilname":"Indian Institute of Technology Ropar","affiliation-city":"Rupnagar","affiliation-country":"India"}],"prism:aggregationType":"Journal","subtype":"ar","subtypeDescription":"Article","article-number":"2","source-id":"19700177337","openaccess":"0","openaccessFlag":false},{"@_fa": "true", "link": [{"@_fa": "true", "@ref": "self", "@href": "https://api.elsevier.com/content/abstract/scopus_id/85060861861"},{"@_fa": "true", "@ref": "author-affiliation", "@href": "https://api.elsevier.com/content/abstract/scopus_id/85060861861?field=author,affiliation"},{"@_fa": "true", "@ref": "scopus", "@href": "https://www.scopus.com/inward/record.uri?partnerID=HzOxMe3b&scp=85060861861&origin=inward"},{"@_fa": "true", "@ref": "scopus-citedby", "@href": "https://www.scopus.com/inward/citedby.uri?partnerID=HzOxMe3b&scp=85060861861&origin=inward"}],"prism:url":"https://api.elsevier.com/content/abstract/scopus_id/85060861861","dc:identifier":"SCOPUS_ID:85060861861","eid":"2-s2.0-85060861861","dc:title":"TMT social capital, network position and innovation: the nature of micro-macro links","dc:creator":"Zheng G.","prism:publicationName":"Frontiers of Business Research in China","prism:issn":"16737326","prism:eIssn":"16737431","prism:volume":"13","prism:issueIdentifier":"1","prism:pageRange":null,"prism:coverDate":"2019-12-01","prism:coverDisplayDate":"1 December 2019","prism:doi":"10.1186/s11782-019-0047-0","citedby-count":"0","affiliation": [{"@_fa": "true", "affilname":"Renmin University of China","affiliation-city":"Beijing","affiliation-country":"China"}],"prism:aggregationType":"Journal","subtype":"ar","subtypeDescription":"Article","article-number":"3","source-id":"7400153103","openaccess":"1","openaccessFlag":true},{"@_fa": "true", "link": [{"@_fa": "true", "@ref": "self", "@href": "https://api.elsevier.com/content/abstract/scopus_id/85059677391"},{"@_fa": "true", "@ref": "author-affiliation", "@href": "https://api.elsevier.com/content/abstract/scopus_id/85059677391?field=author,affiliation"},{"@_fa": "true", "@ref": "scopus", "@href": "https://www.scopus.com/inward/record.uri?partnerID=HzOxMe3b&scp=85059677391&origin=inward"},{"@_fa": "true", "@ref": "scopus-citedby", "@href": "https://www.scopus.com/inward/citedby.uri?partnerID=HzOxMe3b&scp=85059677391&origin=inward"}],"prism:url":"https://api.elsevier.com/content/abstract/scopus_id/85059677391","dc:identifier":"SCOPUS_ID:85059677391","eid":"2-s2.0-85059677391","dc:title":"Safety assessment of Czech motorways and national roads","dc:creator":"Ambros J.","prism:publicationName":"European Transport Research Review","prism:issn":"18670717","prism:eIssn":"18668887","prism:volume":"11","prism:issueIdentifier":"1","prism:pageRange":null,"prism:coverDate":"2019-12-01","prism:coverDisplayDate":"1 December 2019","prism:doi":"10.1186/s12544-018-0328-2","citedby-count":"0","affiliation": [{"@_fa": "true", "affilname":"Transport Research Centre (CDV)","affiliation-city":"Brno","affiliation-country":"Czech Republic"}],"prism:aggregationType":"Journal","subtype":"ar","subtypeDescription":"Article","article-number":"1","source-id":"19400158557","openaccess":"1","openaccessFlag":true},{"@_fa": "true", "link": [{"@_fa": "true", "@ref": "self", "@href": "https://api.elsevier.com/content/abstract/scopus_id/85065579093"},{"@_fa": "true", "@ref": "author-affiliation", "@href": "https://api.elsevier.com/content/abstract/scopus_id/85065579093?field=author,affiliation"},{"@_fa": "true", "@ref": "scopus", "@href": "https://www.scopus.com/inward/record.uri?partnerID=HzOxMe3b&scp=85065579093&origin=inward"},{"@_fa": "true", "@ref": "scopus-citedby", "@href": "https://www.scopus.com/inward/citedby.uri?partnerID=HzOxMe3b&scp=85065579093&origin=inward"}],"prism:url":"https://api.elsevier.com/content/abstract/scopus_id/85065579093","dc:identifier":"SCOPUS_ID:85065579093","eid":"2-s2.0-85065579093","dc:title":"FCMiner: mining functional communities in social networks","dc:creator":"Tennakoon T.","prism:publicationName":"Social Network Analysis and Mining","prism:issn":"18695450","prism:eIssn":"18695469","prism:volume":"9","prism:issueIdentifier":"1","prism:pageRange":null,"prism:coverDate":"2019-12-01","prism:coverDisplayDate":"1 December 2019","prism:doi":"10.1007/s13278-019-0565-y","citedby-count":"0","affiliation": [{"@_fa": "true", "affilname":"Queensland University of Technology QUT","affiliation-city":"Brisbane","affiliation-country":"Australia"}],"prism:aggregationType":"Journal","subtype":"ar","subtypeDescription":"Article","article-number":"20","source-id":"19700177337","openaccess":"0","openaccessFlag":false},{"@_fa": "true", "link": [{"@_fa": "true", "@ref": "self", "@href": "https://api.elsevier.com/content/abstract/scopus_id/85058836239"},{"@_fa": "true", "@ref": "author-affiliation", "@href": "https://api.elsevier.com/content/abstract/scopus_id/85058836239?field=author,affiliation"},{"@_fa": "true", "@ref": "scopus", "@href": "https://www.scopus.com/inward/record.uri?partnerID=HzOxMe3b&scp=85058836239&origin=inward"},{"@_fa": "true", "@ref": "scopus-citedby", "@href": "https://www.scopus.com/inward/citedby.uri?partnerID=HzOxMe3b&scp=85058836239&origin=inward"}],"prism:url":"https://api.elsevier.com/content/abstract/scopus_id/85058836239","dc:identifier":"SCOPUS_ID:85058836239","eid":"2-s2.0-85058836239","dc:title":"A heuristic approach to estimate nodes’ closeness rank using the properties of real world networks","dc:creator":"Saxena A.","prism:publicationName":"Social Network Analysis and Mining","prism:issn":"18695450","prism:eIssn":"18695469","prism:volume":"9","prism:issueIdentifier":"1","prism:pageRange":null,"prism:coverDate":"2019-12-01","prism:coverDisplayDate":"1 December 2019","prism:doi":"10.1007/s13278-018-0545-7","citedby-count":"0","affiliation": [{"@_fa": "true", "affilname":"Indian Institute of Technology Ropar","affiliation-city":"Rupnagar","affiliation-country":"India"}],"prism:aggregationType":"Journal","subtype":"ar","subtypeDescription":"Article","article-number":"3","source-id":"19700177337","openaccess":"0","openaccessFlag":false},{"@_fa": "true", "link": [{"@_fa": "true", "@ref": "self", "@href": "https://api.elsevier.com/content/abstract/scopus_id/85063078915"},{"@_fa": "true", "@ref": "author-affiliation", "@href": "https://api.elsevier.com/content/abstract/scopus_id/85063078915?field=author,affiliation"},{"@_fa": "true", "@ref": "scopus", "@href": "https://www.scopus.com/inward/record.uri?partnerID=HzOxMe3b&scp=85063078915&origin=inward"},{"@_fa": "true", "@ref": "scopus-citedby", "@href": "https://www.scopus.com/inward/citedby.uri?partnerID=HzOxMe3b&scp=85063078915&origin=inward"}],"prism:url":"https://api.elsevier.com/content/abstract/scopus_id/85063078915","dc:identifier":"SCOPUS_ID:85063078915","eid":"2-s2.0-85063078915","dc:title":"Joint inference of user community and interest patterns in social interaction networks","dc:creator":"Sadri A.","prism:publicationName":"Social Network Analysis and Mining","prism:issn":"18695450","prism:eIssn":"18695469","prism:volume":"9","prism:issueIdentifier":"1","prism:pageRange":null,"prism:coverDate":"2019-12-01","prism:coverDisplayDate":"1 December 2019","prism:doi":"10.1007/s13278-019-0551-4","citedby-count":"0","affiliation": [{"@_fa": "true", "affilname":"Florida International University","affiliation-city":"Miami","affiliation-country":"United States"}],"prism:aggregationType":"Journal","subtype":"ar","subtypeDescription":"Article","article-number":"11","source-id":"19700177337","openaccess":"0","openaccessFlag":false},{"@_fa": "true", "link": [{"@_fa": "true", "@ref": "self", "@href": "https://api.elsevier.com/content/abstract/scopus_id/85059441988"},{"@_fa": "true", "@ref": "author-affiliation", "@href": "https://api.elsevier.com/content/abstract/scopus_id/85059441988?field=author,affiliation"},{"@_fa": "true", "@ref": "scopus", "@href": "https://www.scopus.com/inward/record.uri?partnerID=HzOxMe3b&scp=85059441988&origin=inward"},{"@_fa": "true", "@ref": "scopus-citedby", "@href": "https://www.scopus.com/inward/citedby.uri?partnerID=HzOxMe3b&scp=85059441988&origin=inward"}],"prism:url":"https://api.elsevier.com/content/abstract/scopus_id/85059441988","dc:identifier":"SCOPUS_ID:85059441988","eid":"2-s2.0-85059441988","dc:title":"A gradient-based methodology for optimizing time for influence diffusion in social networks","dc:creator":"More J.","prism:publicationName":"Social Network Analysis and Mining","prism:issn":"18695450","prism:eIssn":"18695469","prism:volume":"9","prism:issueIdentifier":"1","prism:pageRange":null,"prism:coverDate":"2019-12-01","prism:coverDisplayDate":"1 December 2019","prism:doi":"10.1007/s13278-018-0548-4","citedby-count":"0","affiliation": [{"@_fa": "true", "affilname":"Ramrao Adik Institute of Technology","affiliation-city":"Navi Mumbai","affiliation-country":"India"}],"prism:aggregationType":"Journal","subtype":"ar","subtypeDescription":"Article","article-number":"5","source-id":"19700177337","openaccess":"0","openaccessFlag":false},{"@_fa": "true", "link": [{"@_fa": "true", "@ref": "self", "@href": "https://api.elsevier.com/content/abstract/scopus_id/85063135914"},{"@_fa": "true", "@ref": "author-affiliation", "@href": "https://api.elsevier.com/content/abstract/scopus_id/85063135914?field=author,affiliation"},{"@_fa": "true", "@ref": "scopus", "@href": "https://www.scopus.com/inward/record.uri?partnerID=HzOxMe3b&scp=85063135914&origin=inward"},{"@_fa": "true", "@ref": "scopus-citedby", "@href": "https://www.scopus.com/inward/citedby.uri?partnerID=HzOxMe3b&scp=85063135914&origin=inward"}],"prism:url":"https://api.elsevier.com/content/abstract/scopus_id/85063135914","dc:identifier":"SCOPUS_ID:85063135914","eid":"2-s2.0-85063135914","dc:title":"An efficient method to detect communities in social networks using DBSCAN algorithm","dc:creator":"Khatoon M.","prism:publicationName":"Social Network Analysis and Mining","prism:issn":"18695450","prism:eIssn":"18695469","prism:volume":"9","prism:issueIdentifier":"1","prism:pageRange":null,"prism:coverDate":"2019-12-01","prism:coverDisplayDate":"1 December 2019","prism:doi":"10.1007/s13278-019-0554-1","citedby-count":"0","affiliation": [{"@_fa": "true", "affilname":"B.S.Abdur Rahman University","affiliation-city":"Chennai","affiliation-country":"India"}],"prism:aggregationType":"Journal","subtype":"ar","subtypeDescription":"Article","article-number":"9","source-id":"19700177337","openaccess":"0","openaccessFlag":false},{"@_fa": "true", "link": [{"@_fa": "true", "@ref": "self", "@href": "https://api.elsevier.com/content/abstract/scopus_id/85064950832"},{"@_fa": "true", "@ref": "author-affiliation", "@href": "https://api.elsevier.com/content/abstract/scopus_id/85064950832?field=author,affiliation"},{"@_fa": "true", "@ref": "scopus", "@href": "https://www.scopus.com/inward/record.uri?partnerID=HzOxMe3b&scp=85064950832&origin=inward"},{"@_fa": "true", "@ref": "scopus-citedby", "@href": "https://www.scopus.com/inward/citedby.uri?partnerID=HzOxMe3b&scp=85064950832&origin=inward"}],"prism:url":"https://api.elsevier.com/content/abstract/scopus_id/85064950832","dc:identifier":"SCOPUS_ID:85064950832","eid":"2-s2.0-85064950832","dc:title":"Beyond social chit chat? Analysing the social practice of a mobile messaging service on a higher education teacher development course","dc:creator":"Tyrer C.","prism:publicationName":"International Journal of Educational Technology in Higher Education","prism:eIssn":"23659440","prism:volume":"16","prism:issueIdentifier":"1","prism:pageRange":null,"prism:coverDate":"2019-12-01","prism:coverDisplayDate":"1 December 2019","prism:doi":"10.1186/s41239-019-0143-4","citedby-count":"0","affiliation": [{"@_fa": "true", "affilname":"Lancaster University","affiliation-city":"Lancaster","affiliation-country":"United Kingdom"}],"prism:aggregationType":"Journal","subtype":"ar","subtypeDescription":"Article","article-number":"13","source-id":"21100466714","openaccess":"1","openaccessFlag":true},{"@_fa": "true", "link": [{"@_fa": "true", "@ref": "self", "@href": "https://api.elsevier.com/content/abstract/scopus_id/85062950276"},{"@_fa": "true", "@ref": "author-affiliation", "@href": "https://api.elsevier.com/content/abstract/scopus_id/85062950276?field=author,affiliation"},{"@_fa": "true", "@ref": "scopus", "@href": "https://www.scopus.com/inward/record.uri?partnerID=HzOxMe3b&scp=85062950276&origin=inward"},{"@_fa": "true", "@ref": "scopus-citedby", "@href": "https://www.scopus.com/inward/citedby.uri?partnerID=HzOxMe3b&scp=85062950276&origin=inward"}],"prism:url":"https://api.elsevier.com/content/abstract/scopus_id/85062950276","dc:identifier":"SCOPUS_ID:85062950276","eid":"2-s2.0-85062950276","dc:title":"Character level embedding with deep convolutional neural network for text normalization of unstructured data for Twitter sentiment analysis","dc:creator":"Arora M.","prism:publicationName":"Social Network Analysis and Mining","prism:issn":"18695450","prism:eIssn":"18695469","prism:volume":"9","prism:issueIdentifier":"1","prism:pageRange":null,"prism:coverDate":"2019-12-01","prism:coverDisplayDate":"1 December 2019","prism:doi":"10.1007/s13278-019-0557-y","citedby-count":"0","affiliation": [{"@_fa": "true", "affilname":"Institute of Engineering &amp; Technology, Lucknow","affiliation-city":"Lucknow","affiliation-country":"India"}],"prism:aggregationType":"Journal","subtype":"ar","subtypeDescription":"Article","article-number":"12","source-id":"19700177337","openaccess":"0","openaccessFlag":false},{"@_fa": "true", "link": [{"@_fa": "true", "@ref": "self", "@href": "https://api.elsevier.com/content/abstract/scopus_id/85059312201"},{"@_fa": "true", "@ref": "author-affiliation", "@href": "https://api.elsevier.com/content/abstract/scopus_id/85059312201?field=author,affiliation"},{"@_fa": "true", "@ref": "scopus", "@href": "https://www.scopus.com/inward/record.uri?partnerID=HzOxMe3b&scp=85059312201&origin=inward"},{"@_fa": "true", "@ref": "scopus-citedby", "@href": "https://www.scopus.com/inward/citedby.uri?partnerID=HzOxMe3b&scp=85059312201&origin=inward"}],"prism:url":"https://api.elsevier.com/content/abstract/scopus_id/85059312201","dc:identifier":"SCOPUS_ID:85059312201","eid":"2-s2.0-85059312201","dc:title":"“How do you advance here? how do you survive?” an exploration of underrepresented minority faculty perceptions of mentoring modalities","dc:creator":"Espino M.","prism:publicationName":"Review of Higher Education","prism:issn":"01625748","prism:eIssn":"10907009","prism:volume":"42","prism:issueIdentifier":"2","prism:pageRange":"457-484","prism:coverDate":"2019-12-01","prism:coverDisplayDate":"Winter 2019","prism:doi":"10.1353/rhe.2019.0003","citedby-count":"0","affiliation": [{"@_fa": "true", "affilname":"University of Maryland","affiliation-city":"College Park","affiliation-country":"United States"}],"prism:aggregationType":"Journal","subtype":"ar","subtypeDescription":"Article","source-id":"20738","openaccess":"0","openaccessFlag":false},{"@_fa": "true", "link": [{"@_fa": "true", "@ref": "self", "@href": "https://api.elsevier.com/content/abstract/scopus_id/85064178767"},{"@_fa": "true", "@ref": "author-affiliation", "@href": "https://api.elsevier.com/content/abstract/scopus_id/85064178767?field=author,affiliation"},{"@_fa": "true", "@ref": "scopus", "@href": "https://www.scopus.com/inward/record.uri?partnerID=HzOxMe3b&scp=85064178767&origin=inward"},{"@_fa": "true", "@ref": "scopus-citedby", "@href": "https://www.scopus.com/inward/citedby.uri?partnerID=HzOxMe3b&scp=85064178767&origin=inward"}],"prism:url":"https://api.elsevier.com/content/abstract/scopus_id/85064178767","dc:identifier":"SCOPUS_ID:85064178767","eid":"2-s2.0-85064178767","dc:title":"Developing an automated method for the application of lidar in iumat land-use model: Analysis of land-use changes using building-form parameterization, GIS, and artificial neural networks","dc:creator":"Farzinmoghadam M.","prism:publicationName":"Journal of Green Building","prism:issn":"15526100","prism:eIssn":"19434618","prism:volume":"14","prism:issueIdentifier":"1","prism:pageRange":"1-30","prism:coverDate":"2019-12-01","prism:coverDisplayDate":"Winter 2019","prism:doi":"10.3992/1943-4618.14.1.1","citedby-count":"0","affiliation": [{"@_fa": "true", "affilname":"Worcester Polytechnic Institute","affiliation-city":"Worcester","affiliation-country":"United States"}],"prism:aggregationType":"Journal","subtype":"ar","subtypeDescription":"Article","source-id":"19700174747","openaccess":"0","openaccessFlag":false},{"@_fa": "true", "link": [{"@_fa": "true", "@ref": "self", "@href": "https://api.elsevier.com/content/abstract/scopus_id/85063345945"},{"@_fa": "true", "@ref": "author-affiliation", "@href": "https://api.elsevier.com/content/abstract/scopus_id/85063345945?field=author,affiliation"},{"@_fa": "true", "@ref": "scopus", "@href": "https://www.scopus.com/inward/record.uri?partnerID=HzOxMe3b&scp=85063345945&origin=inward"},{"@_fa": "true", "@ref": "scopus-citedby", "@href": "https://www.scopus.com/inward/citedby.uri?partnerID=HzOxMe3b&scp=85063345945&origin=inward"}],"prism:url":"https://api.elsevier.com/content/abstract/scopus_id/85063345945","dc:identifier":"SCOPUS_ID:85063345945","eid":"2-s2.0-85063345945","dc:title":"The informal economy and post-socialism: Imbricated perspectives on labor, the state, and social embeddedness","dc:creator":"Morris J.","prism:publicationName":"Demokratizatsiya","prism:issn":"10746846","prism:volume":"27","prism:issueIdentifier":"1","prism:pageRange":"9-30","prism:coverDate":"2019-12-01","prism:coverDisplayDate":"December 2019","citedby-count":"1","affiliation": [{"@_fa": "true", "affilname":"Aarhus Universitet","affiliation-city":"Aarhus","affiliation-country":"Denmark"}],"prism:aggregationType":"Journal","subtype":"re","subtypeDescription":"Review","source-id":"15561","openaccess":"0","openaccessFlag":false}]}}