{"search-results":{"opensearch:totalResults":"17641","opensearch:startIndex":"0","opensearch:itemsPerPage":"25","opensearch:Query":{"@role": "request", "@searchTerms": "TITLE-ABS-KEY(\"networks\") AND SUBJAREA(SOCI) AND PUBYEAR = 2018", "@startPage": "0"},"link": [{"@_fa": "true", "@ref": "self", "@href": "https://api.elsevier.com/content/search/scopus?start=0&count=25&query=TITLE-ABS-KEY%28%22networks%22%29+AND+SUBJAREA%28SOCI%29+AND+PUBYEAR+%3D+2018&apiKey=27d953b4b546791964ebeb768d13e61f&view=STANDARD", "@type": "application/json"},{"@_fa": "true", "@ref": "first", "@href": "https://api.elsevier.com/content/search/scopus?start=0&count=25&query=TITLE-ABS-KEY%28%22networks%22%29+AND+SUBJAREA%28SOCI%29+AND+PUBYEAR+%3D+2018&apiKey=27d953b4b546791964ebeb768d13e61f&view=STANDARD", "@type": "application/json"},{"@_fa": "true", "@ref": "next", "@href": "https://api.elsevier.com/content/search/scopus?start=25&count=25&query=TITLE-ABS-KEY%28%22networks%22%29+AND+SUBJAREA%28SOCI%29+AND+PUBYEAR+%3D+2018&apiKey=27d953b4b546791964ebeb768d13e61f&view=STANDARD", "@type": "application/json"},{"@_fa": "true", "@ref": "last", "@href": "https://api.elsevier.com/content/search/scopus?start=4975&count=25&query=TITLE-ABS-KEY%28%22networks%22%29+AND+SUBJAREA%28SOCI%29+AND+PUBYEAR+%3D+2018&apiKey=27d953b4b546791964ebeb768d13e61f&view=STANDARD", "@type": "application/json"}],"entry": [{"@_fa": "true", "link": [{"@_fa": "true", "@ref": "self", "@href": "https://api.elsevier.com/content/abstract/scopus_id/85061546959"},{"@_fa": "true", "@ref": "author-affiliation", "@href": "https://api.elsevier.com/content/abstract/scopus_id/85061546959?field=author,affiliation"},{"@_fa": "true", "@ref": "scopus", "@href": "https://www.scopus.com/inward/record.uri?partnerID=HzOxMe3b&scp=85061546959&origin=inward"},{"@_fa": "true", "@ref": "scopus-citedby", "@href": "https://www.scopus.com/inward/citedby.uri?partnerID=HzOxMe3b&scp=85061546959&origin=inward"}],"prism:url":"https://api.elsevier.com/content/abstract/scopus_id/85061546959","dc:identifier":"SCOPUS_ID:85061546959","eid":"2-s2.0-85061546959","dc:title":"Energy-Saving Solution for Future Cellular Systems","dc:creator":"Elkazzi R.","prism:publicationName":"2018 4th International Conference on Renewable Energies for Developing Countries, REDEC 2018","prism:isbn": [{"@_fa": "true", "$" :"9781538646656"}],"prism:pageRange":null,"prism:coverDate":"2018-12-31","prism:coverDisplayDate":"31 December 2018","prism:doi":"10.1109/REDEC.2018.8597671","citedby-count":"0","affiliation": [{"@_fa": "true", "affilname":"Holy Spirit University of Kaslik (USEK)","affiliation-city":"Jounieh","affiliation-country":"Lebanon"}],"prism:aggregationType":"Conference Proceeding","subtype":"cp","subtypeDescription":"Conference Paper","article-number":"8597671","source-id":"21100898509","openaccess":"0","openaccessFlag":false},{"@_fa": "true", "link": [{"@_fa": "true", "@ref": "self", "@href": "https://api.elsevier.com/content/abstract/scopus_id/85064864807"},{"@_fa": "true", "@ref": "author-affiliation", "@href": "https://api.elsevier.com/content/abstract/scopus_id/85064864807?field=author,affiliation"},{"@_fa": "true", "@ref": "scopus", "@href": "https://www.scopus.com/inward/record.uri?partnerID=HzOxMe3b&scp=85064864807&origin=inward"},{"@_fa": "true", "@ref": "scopus-citedby", "@href": "https://www.scopus.com/inward/citedby.uri?partnerID=HzOxMe3b&scp=85064864807&origin=inward"}],"prism:url":"https://api.elsevier.com/content/abstract/scopus_id/85064864807","dc:identifier":"SCOPUS_ID:85064864807","eid":"2-s2.0-85064864807","dc:title":"Néologismes dans les médias sociaux chinois: Comment les traduire en français?","dc:creator":"Zhang L.","prism:publicationName":"Babel","prism:issn":"05219744","prism:eIssn":"15699668","prism:volume":"64","prism:issueIdentifier":"5-6","prism:pageRange":"763-776","prism:coverDate":"2018-12-31","prism:coverDisplayDate":"31 December 2018","prism:doi":"10.1075/babel.00069.zha","citedby-count":"0","affiliation": [{"@_fa": "true", "affilname":"Zhejiang Gongshang University","affiliation-city":"Hangzhou","affiliation-country":"China"}],"prism:aggregationType":"Journal","subtype":"re","subtypeDescription":"Review","source-id":"5700181946","openaccess":"0","openaccessFlag":false},{"@_fa": "true", "link": [{"@_fa": "true", "@ref": "self", "@href": "https://api.elsevier.com/content/abstract/scopus_id/85061802397"},{"@_fa": "true", "@ref": "author-affiliation", "@href": "https://api.elsevier.com/content/abstract/scopus_id/85061802397?field=author,affiliation"},{"@_fa": "true", "@ref": "scopus", "@href": "https://www.scopus.com/inward/record.uri?partnerID=HzOxMe3b&scp=85061802397&origin=inward"},{"@_fa": "true", "@ref": "scopus-citedby", "@href": "https://www.scopus.com/inward/citedby.uri?partnerID=HzOxMe3b&scp=85061802397&origin=inward"}],"prism:url":"https://api.elsevier.com/content/abstract/scopus_id/85061802397","dc:identifier":"SCOPUS_ID:85061802397","eid":"2-s2.0-85061802397","dc:title":"Connectivity reliabilitsy of container shipping network of the 21st century maritime silk road","dc:creator":"Xing M.","prism:publicationName":"5th International Conference on Industrial Economics System and Industrial Security Engineering, IEIS 2018 - Proceeding","prism:isbn": [{"@_fa": "true", "$" :"9781538669686"}],"prism:pageRange":null,"prism:coverDate":"2018-12-31","prism:coverDisplayDate":"31 December 2018","prism:doi":"10.1109/IEIS.2018.8598142","citedby-count":"0","affiliation": [{"@_fa": "true", "affilname":"Beijing Jiaotong University","affiliation-city":"Beijing","affiliation-country":"China"}],"prism:aggregationType":"Conference Proceeding","subtype":"cp","subtypeDescription":"Conference Paper","article-number":"8598142","source-id":"21100898953","openaccess":"0","openaccessFlag":false},{"@_fa": "true", "link": [{"@_fa": "true", "@ref": "self", "@href": "https://api.elsevier.com/content/abstract/scopus_id/85061838036"},{"@_fa": "true", "@ref": "author-affiliation", "@href": "https://api.elsevier.com/content/abstract/scopus_id/85061838036?field=author,affiliation"},{"@_fa": "true", "@ref": "scopus", "@href": "https://www.scopus.com/inward/record.uri?partnerID=HzOxMe3b&scp=85061838036&origin=inward"},{"@_fa": "true", "@ref": "scopus-citedby", "@href": "https://www.scopus.com/inward/citedby.uri?partnerID=HzOxMe3b&scp=85061838036&origin=inward"}],"prism:url":"https://api.elsevier.com/content/abstract/scopus_id/85061838036","dc:identifier":"SCOPUS_ID:85061838036","eid":"2-s2.0-85061838036","dc:title":"Teacher resource network evaluation system research based on competency model","dc:creator":"Yin X.","prism:publicationName":"5th International Conference on Industrial Economics System and Industrial Security Engineering, IEIS 2018 - Proceeding","prism:isbn": [{"@_fa": "true", "$" :"9781538669686"}],"prism:pageRange":null,"prism:coverDate":"2018-12-31","prism:coverDisplayDate":"31 December 2018","prism:doi":"10.1109/IEIS.2018.8598114","citedby-count":"0","affiliation": [{"@_fa": "true", "affilname":"Beijing Jiaotong University","affiliation-city":"Beijing","affiliation-country":"China"}],"prism:aggregationType":"Conference Proceeding","subtype":"cp","subtypeDescription":"Conference Paper","article-number":"8598114","source-id":"21100898953","openaccess":"0","openaccessFlag":false},{"@_fa": "true", "link": [{"@_fa": "true", "@ref": "self", "@href": "https://api.elsevier.com/content/abstract/scopus_id/85061555493"},{"@_fa": "true", "@ref": "author-affiliation", "@href": "https://api.elsevier.com/content/abstract/scopus_id/85061555493?field=author,affiliation"},{"@_fa": "true", "@ref": "scopus", "@href": "https://www.scopus.com/inward/record.uri?partnerID=HzOxMe3b&scp=85061555493&origin=inward"},{"@_fa": "true", "@ref": "scopus-citedby", "@href": "https://www.scopus.com/inward/citedby.uri?partnerID=HzOxMe3b&scp=85061555493&origin=inward"}],"prism:url":"https://api.elsevier.com/content/abstract/scopus_id/85061555493","dc:identifier":"SCOPUS_ID:85061555493","eid":"2-s2.0-85061555493","dc:title":"Impact of Considering Variable Battery Power Profile of Electric Vehicles on the Distribution Network","dc:creator":"El-Bayeh C.","prism:publicationName":"2018 4th International Conference on Renewable Energies for Developing Countries, REDEC 2018","prism:isbn": [{"@_fa": "true", "$" :"9781538646656"}],"prism:pageRange":null,"prism:coverDate":"2018-12-31","prism:coverDisplayDate":"31 December 2018","prism:doi":"10.1109/REDEC.2018.8597742","citedby-count":"0","prism:aggregationType":"Conference Proceeding","subtype":"cp","subtypeDescription":"Conference Paper","article-number":"8597742","source-id":"21100898509","openaccess":"0","openaccessFlag":false},{"@_fa": "true", "link": [{"@_fa": "true", "@ref": "self", "@href": "https://api.elsevier.com/content/abstract/scopus_id/85061538277"},{"@_fa": "true", "@ref": "author-affiliation", "@href": "https://api.elsevier.com/content/abstract/scopus_id/85061538277?field=author,affiliation"},{"@_fa": "true", "@ref": "scopus", "@href": "https://www.scopus.com/inward/record.uri?partnerID=HzOxMe3b&scp=85061538277&origin=inward"},{"@_fa": "true", "@ref": "scopus-citedby", "@href": "https://www.scopus.com/inward/citedby.uri?partnerID=HzOxMe3b&scp=85061538277&origin=inward"}],"prism:url":"https://api.elsevier.com/content/abstract/scopus_id/85061538277","dc:identifier":"SCOPUS_ID:85061538277","eid":"2-s2.0-85061538277","dc:title":"Mixed-Integer Optimization for Volt/VAr Control in Radial Networks","dc:creator":"Knaiber M.","prism:publicationName":"2018 4th International Conference on Renewable Energies for Developing Countries, REDEC 2018","prism:isbn": [{"@_fa": "true", "$" :"9781538646656"}],"prism:pageRange":null,"prism:coverDate":"2018-12-31","prism:coverDisplayDate":"31 December 2018","prism:doi":"10.1109/REDEC.2018.8598089","citedby-count":"0","affiliation": [{"@_fa": "true", "affilname":"American University of Beirut","affiliation-city":"Beirut","affiliation-country":"Lebanon"}],"prism:aggregationType":"Conference Proceeding","subtype":"cp","subtypeDescription":"Conference Paper","article-number":"8598089","source-id":"21100898509","openaccess":"0","openaccessFlag":false},{"@_fa": "true", "link": [{"@_fa": "true", "@ref": "self", "@href": "https://api.elsevier.com/content/abstract/scopus_id/85048595342"},{"@_fa": "true", "@ref": "author-affiliation", "@href": "https://api.elsevier.com/content/abstract/scopus_id/85048595342?field=author,affiliation"},{"@_fa": "true", "@ref": "scopus", "@href": "https://www.scopus.com/inward/record.uri?partnerID=HzOxMe3b&scp=85048595342&origin=inward"},{"@_fa": "true", "@ref": "scopus-citedby", "@href": "https://www.scopus.com/inward/citedby.uri?partnerID=HzOxMe3b&scp=85048595342&origin=inward"},{"@_fa": "true", "@ref": "full-text", "@href": "https://api.elsevier.com/content/article/eid/1-s2.0-S0264275117314014"}],"prism:url":"https://api.elsevier.com/content/abstract/scopus_id/85048595342","dc:identifier":"SCOPUS_ID:85048595342","eid":"2-s2.0-85048595342","dc:title":"High-speed rail network development and winner and loser cities in megaregions: The case study of Yangtze River Delta, China","dc:creator":"Wang L.","prism:publicationName":"Cities","prism:issn":"02642751","prism:volume":"83","prism:pageRange":"71-82","prism:coverDate":"2018-12-31","prism:coverDisplayDate":"31 December 2018","prism:doi":"10.1016/j.cities.2018.06.010","pii":"S0264275117314014","citedby-count":"3","affiliation": [{"@_fa": "true", "affilname":"Nanjing Institute of Geography and Limnology Chinese Academy of Sciences","affiliation-city":"Nanjing","affiliation-country":"China"},{"@_fa": "true", "affilname":"University of Manchester","affiliation-city":"Manchester","affiliation-country":"United Kingdom"}],"prism:aggregationType":"Journal","subtype":"ar","subtypeDescription":"Article","source-id":"16956","openaccess":"0","openaccessFlag":false},{"@_fa": "true", "link": [{"@_fa": "true", "@ref": "self", "@href": "https://api.elsevier.com/content/abstract/scopus_id/85061534812"},{"@_fa": "true", "@ref": "author-affiliation", "@href": "https://api.elsevier.com/content/abstract/scopus_id/85061534812?field=author,affiliation"},{"@_fa": "true", "@ref": "scopus", "@href": "https://www.scopus.com/inward/record.uri?partnerID=HzOxMe3b&scp=85061534812&origin=inward"},{"@_fa": "true", "@ref": "scopus-citedby", "@href": "https://www.scopus.com/inward/citedby.uri?partnerID=HzOxMe3b&scp=85061534812&origin=inward"}],"prism:url":"https://api.elsevier.com/content/abstract/scopus_id/85061534812","dc:identifier":"SCOPUS_ID:85061534812","eid":"2-s2.0-85061534812","dc:title":"Integrating a High Solar Combi-Plus System using PCM Storage in a Smart Network: KSA Case Study","dc:creator":"Hmadi M.","prism:publicationName":"2018 4th International Conference on Renewable Energies for Developing Countries, REDEC 2018","prism:isbn": [{"@_fa": "true", "$" :"9781538646656"}],"prism:pageRange":null,"prism:coverDate":"2018-12-31","prism:coverDisplayDate":"31 December 2018","prism:doi":"10.1109/REDEC.2018.8598126","citedby-count":"0","affiliation": [{"@_fa": "true", "affilname":"Saint Joseph University","affiliation-city":"Beirut","affiliation-country":"Lebanon"}],"prism:aggregationType":"Conference Proceeding","subtype":"cp","subtypeDescription":"Conference Paper","article-number":"8598126","source-id":"21100898509","openaccess":"0","openaccessFlag":false},{"@_fa": "true", "link": [{"@_fa": "true", "@ref": "self", "@href": "https://api.elsevier.com/content/abstract/scopus_id/85061375963"},{"@_fa": "true", "@ref": "author-affiliation", "@href": "https://api.elsevier.com/content/abstract/scopus_id/85061375963?field=author,affiliation"},{"@_fa": "true", "@ref": "scopus", "@href": "https://www.scopus.com/inward/record.uri?partnerID=HzOxMe3b&scp=85061375963&origin=inward"},{"@_fa": "true", "@ref": "scopus-citedby", "@href": "https://www.scopus.com/inward/citedby.uri?partnerID=HzOxMe3b&scp=85061375963&origin=inward"}],"prism:url":"https://api.elsevier.com/content/abstract/scopus_id/85061375963","dc:identifier":"SCOPUS_ID:85061375963","eid":"2-s2.0-85061375963","dc:title":"A compact Non-Invasive Wearable Vital Signal Monitoring System","dc:creator":"Wei Y.","prism:publicationName":"Asia Pacific Conference on Postgraduate Research in Microelectronics and Electronics","prism:issn":"21592144","prism:eIssn":"21592160","prism:isbn": [{"@_fa": "true", "$" :"9781538695913"}],"prism:volume":"2018-October","prism:pageRange":"55-59","prism:coverDate":"2018-12-31","prism:coverDisplayDate":"31 December 2018","prism:doi":"10.1109/PRIMEASIA.2018.8597778","citedby-count":"0","affiliation": [{"@_fa": "true", "affilname":"University of Electronic Science and Technology of China","affiliation-city":"Chengdu","affiliation-country":"China"}],"prism:aggregationType":"Conference Proceeding","subtype":"cp","subtypeDescription":"Conference Paper","article-number":"8597778","source-id":"20500195432","openaccess":"0","openaccessFlag":false},{"@_fa": "true", "link": [{"@_fa": "true", "@ref": "self", "@href": "https://api.elsevier.com/content/abstract/scopus_id/85062721198"},{"@_fa": "true", "@ref": "author-affiliation", "@href": "https://api.elsevier.com/content/abstract/scopus_id/85062721198?field=author,affiliation"},{"@_fa": "true", "@ref": "scopus", "@href": "https://www.scopus.com/inward/record.uri?partnerID=HzOxMe3b&scp=85062721198&origin=inward"},{"@_fa": "true", "@ref": "scopus-citedby", "@href": "https://www.scopus.com/inward/citedby.uri?partnerID=HzOxMe3b&scp=85062721198&origin=inward"}],"prism:url":"https://api.elsevier.com/content/abstract/scopus_id/85062721198","dc:identifier":"SCOPUS_ID:85062721198","eid":"2-s2.0-85062721198","dc:title":"Imperial Standard Time","dc:creator":"Gordon G.","prism:publicationName":"European Journal of International Law","prism:issn":"09385428","prism:eIssn":"14643596","prism:volume":"29","prism:issueIdentifier":"4","prism:pageRange":"1197-1222","prism:coverDate":"2018-12-31","prism:coverDisplayDate":"31 December 2018","prism:doi":"10.1093/ejil/chy068","citedby-count":"0","affiliation": [{"@_fa": "true", "affilname":"University of Amsterdam","affiliation-city":"Amsterdam","affiliation-country":"Netherlands"}],"prism:aggregationType":"Journal","subtype":"re","subtypeDescription":"Review","source-id":"145598","openaccess":"0","openaccessFlag":false},{"@_fa": "true", "link": [{"@_fa": "true", "@ref": "self", "@href": "https://api.elsevier.com/content/abstract/scopus_id/85061827213"},{"@_fa": "true", "@ref": "author-affiliation", "@href": "https://api.elsevier.com/content/abstract/scopus_id/85061827213?field=author,affiliation"},{"@_fa": "true", "@ref": "scopus", "@href": "https://www.scopus.com/inward/record.uri?partnerID=HzOxMe3b&scp=85061827213&origin=inward"},{"@_fa": "true", "@ref": "scopus-citedby", "@href": "https://www.scopus.com/inward/citedby.uri?partnerID=HzOxMe3b&scp=85061827213&origin=inward"}],"prism:url":"https://api.elsevier.com/content/abstract/scopus_id/85061827213","dc:identifier":"SCOPUS_ID:85061827213","eid":"2-s2.0-85061827213","dc:title":"Systematic analysis and evaluation of internet industry security","dc:creator":"Guo Y.","prism:publicationName":"5th International Conference on Industrial Economics System and Industrial Security Engineering, IEIS 2018 - Proceeding","prism:isbn": [{"@_fa": "true", "$" :"9781538669686"}],"prism:pageRange":null,"prism:coverDate":"2018-12-31","prism:coverDisplayDate":"31 December 2018","prism:doi":"10.1109/IEIS.2018.8597823","citedby-count":"0","affiliation": [{"@_fa": "true", "affilname":"Beijing Jiaotong University","affiliation-city":"Beijing","affiliation-country":"China"}],"prism:aggregationType":"Conference Proceeding","subtype":"cp","subtypeDescription":"Conference Paper","article-number":"8597823","source-id":"21100898953","openaccess":"0","openaccessFlag":false},{"@_fa": "true", "link": [{"@_fa": "true", "@ref": "self", "@href": "https://api.elsevier.com/content/abstract/scopus_id/85061831153"},{"@_fa": "true", "@ref": "author-affiliation", "@href": "https://api.elsevier.com/content/abstract/scopus_id/85061831153?field=author,affiliation"},{"@_fa": "true", "@ref": "scopus", "@href": "https://www.scopus.com/inward/record.uri?partnerID=HzOxMe3b&scp=85061831153&origin=inward"},{"@_fa": "true", "@ref": "scopus-citedby", "@href": "https://www.scopus.com/inward/citedby.uri?partnerID=HzOxMe3b&scp=85061831153&origin=inward"}],"prism:url":"https://api.elsevier.com/content/abstract/scopus_id/85061831153","dc:identifier":"SCOPUS_ID:85061831153","eid":"2-s2.0-85061831153","dc:title":"The order prediction of a catering O2O enterprise based on the combined ARIMA-BP model","dc:creator":"Lin Q.","prism:publicationName":"5th International Conference on Industrial Economics System and Industrial Security Engineering, IEIS 2018 - Proceeding","prism:isbn": [{"@_fa": "true", "$" :"9781538669686"}],"prism:pageRange":null,"prism:coverDate":"2018-12-31","prism:coverDisplayDate":"31 December 2018","prism:doi":"10.1109/IEIS.2018.8597986","citedby-count":"0","affiliation": [{"@_fa": "true", "affilname":"Beijing Jiaotong University","affiliation-city":"Beijing","affiliation-country":"China"}],"prism:aggregationType":"Conference Proceeding","subtype":"cp","subtypeDescription":"Conference Paper","article-number":"8597986","source-id":"21100898953","openaccess":"0","openaccessFlag":false},{"@_fa": "true", "link": [{"@_fa": "true", "@ref": "self", "@href": "https://api.elsevier.com/content/abstract/scopus_id/85061830347"},{"@_fa": "true", "@ref": "author-affiliation", "@href": "https://api.elsevier.com/content/abstract/scopus_id/85061830347?field=author,affiliation"},{"@_fa": "true", "@ref": "scopus", "@href": "https://www.scopus.com/inward/record.uri?partnerID=HzOxMe3b&scp=85061830347&origin=inward"},{"@_fa": "true", "@ref": "scopus-citedby", "@href": "https://www.scopus.com/inward/citedby.uri?partnerID=HzOxMe3b&scp=85061830347&origin=inward"}],"prism:url":"https://api.elsevier.com/content/abstract/scopus_id/85061830347","dc:identifier":"SCOPUS_ID:85061830347","eid":"2-s2.0-85061830347","dc:title":"Do Chinese HSR promote economy?","dc:creator":"Zhang M.","prism:publicationName":"5th International Conference on Industrial Economics System and Industrial Security Engineering, IEIS 2018 - Proceeding","prism:isbn": [{"@_fa": "true", "$" :"9781538669686"}],"prism:pageRange":null,"prism:coverDate":"2018-12-31","prism:coverDisplayDate":"31 December 2018","prism:doi":"10.1109/IEIS.2018.8597663","citedby-count":"0","affiliation": [{"@_fa": "true", "affilname":"Beijing Jiaotong University","affiliation-city":"Beijing","affiliation-country":"China"}],"prism:aggregationType":"Conference Proceeding","subtype":"cp","subtypeDescription":"Conference Paper","article-number":"8597663","source-id":"21100898953","openaccess":"0","openaccessFlag":false},{"@_fa": "true", "link": [{"@_fa": "true", "@ref": "self", "@href": "https://api.elsevier.com/content/abstract/scopus_id/85049333006"},{"@_fa": "true", "@ref": "author-affiliation", "@href": "https://api.elsevier.com/content/abstract/scopus_id/85049333006?field=author,affiliation"},{"@_fa": "true", "@ref": "scopus", "@href": "https://www.scopus.com/inward/record.uri?partnerID=HzOxMe3b&scp=85049333006&origin=inward"},{"@_fa": "true", "@ref": "scopus-citedby", "@href": "https://www.scopus.com/inward/citedby.uri?partnerID=HzOxMe3b&scp=85049333006&origin=inward"},{"@_fa": "true", "@ref": "full-text", "@href": "https://api.elsevier.com/content/article/eid/1-s2.0-S0264275117307874"}],"prism:url":"https://api.elsevier.com/content/abstract/scopus_id/85049333006","dc:identifier":"SCOPUS_ID:85049333006","eid":"2-s2.0-85049333006","dc:title":"Cities at risk? Exploring the synergies between smartphones and everyday vulnerabilities","dc:creator":"Amankwaa E.","prism:publicationName":"Cities","prism:issn":"02642751","prism:volume":"83","prism:pageRange":"129-139","prism:coverDate":"2018-12-31","prism:coverDisplayDate":"31 December 2018","prism:doi":"10.1016/j.cities.2018.06.015","pii":"S0264275117307874","citedby-count":"1","affiliation": [{"@_fa": "true", "affilname":"University of Ghana","affiliation-city":"Legon","affiliation-country":"Ghana"}],"prism:aggregationType":"Journal","subtype":"ar","subtypeDescription":"Article","source-id":"16956","openaccess":"0","openaccessFlag":false},{"@_fa": "true", "link": [{"@_fa": "true", "@ref": "self", "@href": "https://api.elsevier.com/content/abstract/scopus_id/85061547821"},{"@_fa": "true", "@ref": "author-affiliation", "@href": "https://api.elsevier.com/content/abstract/scopus_id/85061547821?field=author,affiliation"},{"@_fa": "true", "@ref": "scopus", "@href": "https://www.scopus.com/inward/record.uri?partnerID=HzOxMe3b&scp=85061547821&origin=inward"},{"@_fa": "true", "@ref": "scopus-citedby", "@href": "https://www.scopus.com/inward/citedby.uri?partnerID=HzOxMe3b&scp=85061547821&origin=inward"}],"prism:url":"https://api.elsevier.com/content/abstract/scopus_id/85061547821","dc:identifier":"SCOPUS_ID:85061547821","eid":"2-s2.0-85061547821","dc:title":"Optimal PMU placement for reverse power flow detection","dc:creator":"Rammal Z.","prism:publicationName":"2018 4th International Conference on Renewable Energies for Developing Countries, REDEC 2018","prism:isbn": [{"@_fa": "true", "$" :"9781538646656"}],"prism:pageRange":null,"prism:coverDate":"2018-12-31","prism:coverDisplayDate":"31 December 2018","prism:doi":"10.1109/REDEC.2018.8597975","citedby-count":"0","affiliation": [{"@_fa": "true", "affilname":"Université Libanaise","affiliation-city":"Beirut","affiliation-country":"Lebanon"},{"@_fa": "true", "affilname":"Saint Joseph University","affiliation-city":"Beirut","affiliation-country":"Lebanon"}],"prism:aggregationType":"Conference Proceeding","subtype":"cp","subtypeDescription":"Conference Paper","article-number":"8597975","source-id":"21100898509","openaccess":"0","openaccessFlag":false},{"@_fa": "true", "link": [{"@_fa": "true", "@ref": "self", "@href": "https://api.elsevier.com/content/abstract/scopus_id/85061780812"},{"@_fa": "true", "@ref": "author-affiliation", "@href": "https://api.elsevier.com/content/abstract/scopus_id/85061780812?field=author,affiliation"},{"@_fa": "true", "@ref": "scopus", "@href": "https://www.scopus.com/inward/record.uri?partnerID=HzOxMe3b&scp=85061780812&origin=inward"},{"@_fa": "true", "@ref": "scopus-citedby", "@href": "https://www.scopus.com/inward/citedby.uri?partnerID=HzOxMe3b&scp=85061780812&origin=inward"}],"prism:url":"https://api.elsevier.com/content/abstract/scopus_id/85061780812","dc:identifier":"SCOPUS_ID:85061780812","eid":"2-s2.0-85061780812","dc:title":"Recycling modes of power batteries of new energy vehicles based on principal behavior","dc:creator":"Jia Y.","prism:publicationName":"5th International Conference on Industrial Economics System and Industrial Security Engineering, IEIS 2018 - Proceeding","prism:isbn": [{"@_fa": "true", "$" :"9781538669686"}],"prism:pageRange":null,"prism:coverDate":"2018-12-31","prism:coverDisplayDate":"31 December 2018","prism:doi":"10.1109/IEIS.2018.8598048","citedby-count":"0","affiliation": [{"@_fa": "true", "affilname":"Jiangxi University of Science and Technology","affiliation-city":"Ganzhou","affiliation-country":"China"}],"prism:aggregationType":"Conference Proceeding","subtype":"cp","subtypeDescription":"Conference Paper","article-number":"8598048","source-id":"21100898953","openaccess":"0","openaccessFlag":false},{"@_fa": "true", "link": [{"@_fa": "true", "@ref": "self", "@href": "https://api.elsevier.com/content/abstract/scopus_id/85048561474"},{"@_fa": "true", "@ref": "author-affiliation", "@href": "https://api.elsevier.com/content/abstract/scopus_id/85048561474?field=author,affiliation"},{"@_fa": "true", "@ref": "scopus", "@href": "https://www.scopus.com/inward/record.uri?partnerID=HzOxMe3b&scp=85048561474&origin=inward"},{"@_fa": "true", "@ref": "scopus-citedby", "@href": "https://www.scopus.com/inward/citedby.uri?partnerID=HzOxMe3b&scp=85048561474&origin=inward"},{"@_fa": "true", "@ref": "full-text", "@href": "https://api.elsevier.com/content/article/eid/1-s2.0-S0264275117310855"}],"prism:url":"https://api.elsevier.com/content/abstract/scopus_id/85048561474","dc:identifier":"SCOPUS_ID:85048561474","eid":"2-s2.0-85048561474","dc:title":"The unaffordable city: Housing and transit in North American cities","dc:creator":"Kramer A.","prism:publicationName":"Cities","prism:issn":"02642751","prism:volume":"83","prism:pageRange":"1-10","prism:coverDate":"2018-12-31","prism:coverDisplayDate":"31 December 2018","prism:doi":"10.1016/j.cities.2018.05.013","pii":"S0264275117310855","citedby-count":"1","affiliation": [{"@_fa": "true", "affilname":"University of Toronto","affiliation-city":"Toronto","affiliation-country":"Canada"}],"prism:aggregationType":"Journal","subtype":"ar","subtypeDescription":"Article","source-id":"16956","openaccess":"0","openaccessFlag":false},{"@_fa": "true", "link": [{"@_fa": "true", "@ref": "self", "@href": "https://api.elsevier.com/content/abstract/scopus_id/85061560064"},{"@_fa": "true", "@ref": "author-affiliation", "@href": "https://api.elsevier.com/content/abstract/scopus_id/85061560064?field=author,affiliation"},{"@_fa": "true", "@ref": "scopus", "@href": "https://www.scopus.com/inward/record.uri?partnerID=HzOxMe3b&scp=85061560064&origin=inward"},{"@_fa": "true", "@ref": "scopus-citedby", "@href": "https://www.scopus.com/inward/citedby.uri?partnerID=HzOxMe3b&scp=85061560064&origin=inward"}],"prism:url":"https://api.elsevier.com/content/abstract/scopus_id/85061560064","dc:identifier":"SCOPUS_ID:85061560064","eid":"2-s2.0-85061560064","dc:title":"A Unified Platform for Simplifying the Design for Small-Scale Solar and Wind Energy Installations in Lebanon","dc:creator":"Keyrouz F.","prism:publicationName":"2018 4th International Conference on Renewable Energies for Developing Countries, REDEC 2018","prism:isbn": [{"@_fa": "true", "$" :"9781538646656"}],"prism:pageRange":null,"prism:coverDate":"2018-12-31","prism:coverDisplayDate":"31 December 2018","prism:doi":"10.1109/REDEC.2018.8598116","citedby-count":"0","affiliation": [{"@_fa": "true", "affilname":"Notre Dame University, Lebanon","affiliation-city":"Zouk Mosbeh","affiliation-country":"Lebanon"}],"prism:aggregationType":"Conference Proceeding","subtype":"cp","subtypeDescription":"Conference Paper","article-number":"8598116","source-id":"21100898509","openaccess":"0","openaccessFlag":false},{"@_fa": "true", "link": [{"@_fa": "true", "@ref": "self", "@href": "https://api.elsevier.com/content/abstract/scopus_id/85061374899"},{"@_fa": "true", "@ref": "author-affiliation", "@href": "https://api.elsevier.com/content/abstract/scopus_id/85061374899?field=author,affiliation"},{"@_fa": "true", "@ref": "scopus", "@href": "https://www.scopus.com/inward/record.uri?partnerID=HzOxMe3b&scp=85061374899&origin=inward"},{"@_fa": "true", "@ref": "scopus-citedby", "@href": "https://www.scopus.com/inward/citedby.uri?partnerID=HzOxMe3b&scp=85061374899&origin=inward"}],"prism:url":"https://api.elsevier.com/content/abstract/scopus_id/85061374899","dc:identifier":"SCOPUS_ID:85061374899","eid":"2-s2.0-85061374899","dc:title":"A Compact Wearable System for Detection of Plantar Pressure for Diabetic Foot Prevention","dc:creator":"You Z.","prism:publicationName":"Asia Pacific Conference on Postgraduate Research in Microelectronics and Electronics","prism:issn":"21592144","prism:eIssn":"21592160","prism:isbn": [{"@_fa": "true", "$" :"9781538695913"}],"prism:volume":"2018-October","prism:pageRange":"64-67","prism:coverDate":"2018-12-31","prism:coverDisplayDate":"31 December 2018","prism:doi":"10.1109/PRIMEASIA.2018.8597990","citedby-count":"0","affiliation": [{"@_fa": "true", "affilname":"University of Electronic Science and Technology of China","affiliation-city":"Chengdu","affiliation-country":"China"}],"prism:aggregationType":"Conference Proceeding","subtype":"cp","subtypeDescription":"Conference Paper","article-number":"8597990","source-id":"20500195432","openaccess":"0","openaccessFlag":false},{"@_fa": "true", "link": [{"@_fa": "true", "@ref": "self", "@href": "https://api.elsevier.com/content/abstract/scopus_id/85061544171"},{"@_fa": "true", "@ref": "author-affiliation", "@href": "https://api.elsevier.com/content/abstract/scopus_id/85061544171?field=author,affiliation"},{"@_fa": "true", "@ref": "scopus", "@href": "https://www.scopus.com/inward/record.uri?partnerID=HzOxMe3b&scp=85061544171&origin=inward"},{"@_fa": "true", "@ref": "scopus-citedby", "@href": "https://www.scopus.com/inward/citedby.uri?partnerID=HzOxMe3b&scp=85061544171&origin=inward"}],"prism:url":"https://api.elsevier.com/content/abstract/scopus_id/85061544171","dc:identifier":"SCOPUS_ID:85061544171","eid":"2-s2.0-85061544171","dc:title":"Novel Multilevel Soft Constraints at Homes for Improving the Integration of Plug-in Electric Vehicles","dc:creator":"El-Bayeh C.","prism:publicationName":"2018 4th International Conference on Renewable Energies for Developing Countries, REDEC 2018","prism:isbn": [{"@_fa": "true", "$" :"9781538646656"}],"prism:pageRange":null,"prism:coverDate":"2018-12-31","prism:coverDisplayDate":"31 December 2018","prism:doi":"10.1109/REDEC.2018.8598151","citedby-count":"0","affiliation": [{"@_fa": "true", "affilname":"École de Technologie Supérieure","affiliation-city":"Montreal","affiliation-country":"Canada"}],"prism:aggregationType":"Conference Proceeding","subtype":"cp","subtypeDescription":"Conference Paper","article-number":"8598151","source-id":"21100898509","openaccess":"0","openaccessFlag":false},{"@_fa": "true", "link": [{"@_fa": "true", "@ref": "self", "@href": "https://api.elsevier.com/content/abstract/scopus_id/85053162454"},{"@_fa": "true", "@ref": "author-affiliation", "@href": "https://api.elsevier.com/content/abstract/scopus_id/85053162454?field=author,affiliation"},{"@_fa": "true", "@ref": "scopus", "@href": "https://www.scopus.com/inward/record.uri?partnerID=HzOxMe3b&scp=85053162454&origin=inward"},{"@_fa": "true", "@ref": "scopus-citedby", "@href": "https://www.scopus.com/inward/citedby.uri?partnerID=HzOxMe3b&scp=85053162454&origin=inward"},{"@_fa": "true", "@ref": "full-text", "@href": "https://api.elsevier.com/content/article/eid/1-s2.0-S0264275117314658"}],"prism:url":"https://api.elsevier.com/content/abstract/scopus_id/85053162454","dc:identifier":"SCOPUS_ID:85053162454","eid":"2-s2.0-85053162454","dc:title":"The effects of social ties on rural-urban migrants’ intention to settle in cities in China","dc:creator":"Huang X.","prism:publicationName":"Cities","prism:issn":"02642751","prism:volume":"83","prism:pageRange":"203-212","prism:coverDate":"2018-12-31","prism:coverDisplayDate":"31 December 2018","prism:doi":"10.1016/j.cities.2018.06.023","pii":"S0264275117314658","citedby-count":"5","affiliation": [{"@_fa": "true", "affilname":"Sun Yat-Sen University","affiliation-city":"Guangzhou","affiliation-country":"China"}],"prism:aggregationType":"Journal","subtype":"ar","subtypeDescription":"Article","source-id":"16956","openaccess":"0","openaccessFlag":false},{"@_fa": "true", "link": [{"@_fa": "true", "@ref": "self", "@href": "https://api.elsevier.com/content/abstract/scopus_id/85064279439"},{"@_fa": "true", "@ref": "author-affiliation", "@href": "https://api.elsevier.com/content/abstract/scopus_id/85064279439?field=author,affiliation"},{"@_fa": "true", "@ref": "scopus", "@href": "https://www.scopus.com/inward/record.uri?partnerID=HzOxMe3b&scp=85064279439&origin=inward"},{"@_fa": "true", "@ref": "scopus-citedby", "@href": "https://www.scopus.com/inward/citedby.uri?partnerID=HzOxMe3b&scp=85064279439&origin=inward"}],"prism:url":"https://api.elsevier.com/content/abstract/scopus_id/85064279439","dc:identifier":"SCOPUS_ID:85064279439","eid":"2-s2.0-85064279439","dc:title":"Determinant factor for quality green open space assessment in Malaysia","dc:creator":"Malek N.","prism:publicationName":"Journal of Design and Built Environment","prism:issn":"18234208","prism:eIssn":"22321500","prism:volume":"18","prism:issueIdentifier":"2","prism:pageRange":"26-36","prism:coverDate":"2018-12-31","prism:coverDisplayDate":"31 December 2018","citedby-count":"0","affiliation": [{"@_fa": "true", "affilname":"Universiti Teknologi MARA","affiliation-city":"Shah Alam","affiliation-country":"Malaysia"}],"prism:aggregationType":"Journal","subtype":"ar","subtypeDescription":"Article","source-id":"21100435282","openaccess":"0","openaccessFlag":false},{"@_fa": "true", "link": [{"@_fa": "true", "@ref": "self", "@href": "https://api.elsevier.com/content/abstract/scopus_id/85056337150"},{"@_fa": "true", "@ref": "author-affiliation", "@href": "https://api.elsevier.com/content/abstract/scopus_id/85056337150?field=author,affiliation"},{"@_fa": "true", "@ref": "scopus", "@href": "https://www.scopus.com/inward/record.uri?partnerID=HzOxMe3b&scp=85056337150&origin=inward"},{"@_fa": "true", "@ref": "scopus-citedby", "@href": "https://www.scopus.com/inward/citedby.uri?partnerID=HzOxMe3b&scp=85056337150&origin=inward"}],"prism:url":"https://api.elsevier.com/content/abstract/scopus_id/85056337150","dc:identifier":"SCOPUS_ID:85056337150","eid":"2-s2.0-85056337150","dc:title":"A market of distrust: toward a cultural sociology of unofficial exchanges between patients and doctors in China","dc:creator":"Chan C.","prism:publicationName":"Theory and Society","prism:issn":"03042421","prism:eIssn":"15737853","prism:volume":"47","prism:issueIdentifier":"6","prism:pageRange":"737-772","prism:coverDate":"2018-12-30","prism:coverDisplayDate":"30 December 2018","prism:doi":"10.1007/s11186-018-09332-2","citedby-count":"0","affiliation": [{"@_fa": "true", "affilname":"The University of Hong Kong","affiliation-city":"Pokfulam","affiliation-country":"Hong Kong"}],"prism:aggregationType":"Journal","subtype":"ar","subtypeDescription":"Article","source-id":"18697","openaccess":"0","openaccessFlag":false},{"@_fa": "true", "link": [{"@_fa": "true", "@ref": "self", "@href": "https://api.elsevier.com/content/abstract/scopus_id/85059352377"},{"@_fa": "true", "@ref": "author-affiliation", "@href": "https://api.elsevier.com/content/abstract/scopus_id/85059352377?field=author,affiliation"},{"@_fa": "true", "@ref": "scopus", "@href": "https://www.scopus.com/inward/record.uri?partnerID=HzOxMe3b&scp=85059352377&origin=inward"},{"@_fa": "true", "@ref": "scopus-citedby", "@href": "https://www.scopus.com/inward/citedby.uri?partnerID=HzOxMe3b&scp=85059352377&origin=inward"}],"prism:url":"https://api.elsevier.com/content/abstract/scopus_id/85059352377","dc:identifier":"SCOPUS_ID:85059352377","eid":"2-s2.0-85059352377","dc:title":"Optimal microgrid topology design and siting of distributed generation sources using a multi-objective substrate Layer Coral Reefs Optimization Algorithm","dc:creator":"Jiménez-Fernández S.","prism:publicationName":"Sustainability (Switzerland)","prism:eIssn":"20711050","prism:volume":"11","prism:issueIdentifier":"1","prism:pageRange":null,"prism:coverDate":"2018-12-30","prism:coverDisplayDate":"30 December 2018","prism:doi":"10.3390/su11010169","citedby-count":"0","affiliation": [{"@_fa": "true", "affilname":"Universidad de Alcala","affiliation-city":"Alcala de Henares","affiliation-country":"Spain"}],"prism:aggregationType":"Journal","subtype":"ar","subtypeDescription":"Article","article-number":"169","source-id":"21100240100","openaccess":"1","openaccessFlag":true},{"@_fa": "true", "link": [{"@_fa": "true", "@ref": "self", "@href": "https://api.elsevier.com/content/abstract/scopus_id/85059354241"},{"@_fa": "true", "@ref": "author-affiliation", "@href": "https://api.elsevier.com/content/abstract/scopus_id/85059354241?field=author,affiliation"},{"@_fa": "true", "@ref": "scopus", "@href": "https://www.scopus.com/inward/record.uri?partnerID=HzOxMe3b&scp=85059354241&origin=inward"},{"@_fa": "true", "@ref": "scopus-citedby", "@href": "https://www.scopus.com/inward/citedby.uri?partnerID=HzOxMe3b&scp=85059354241&origin=inward"}],"prism:url":"https://api.elsevier.com/content/abstract/scopus_id/85059354241","dc:identifier":"SCOPUS_ID:85059354241","eid":"2-s2.0-85059354241","dc:title":"Sustainable growth and token economy design: The case of Steemit","dc:creator":"Kim M.","prism:publicationName":"Sustainability (Switzerland)","prism:eIssn":"20711050","prism:volume":"11","prism:issueIdentifier":"1","prism:pageRange":null,"prism:coverDate":"2018-12-30","prism:coverDisplayDate":"30 December 2018","prism:doi":"10.3390/su11010167","citedby-count":"1","affiliation": [{"@_fa": "true", "affilname":"Seoul School of Sciences and Technologies (aSSIST)","affiliation-city":"Seoul","affiliation-country":"South Korea"}],"prism:aggregationType":"Journal","subtype":"ar","subtypeDescription":"Article","article-number":"167","source-id":"21100240100","openaccess":"1","openaccessFlag":true}]}}