{"search-results":{"opensearch:totalResults":"12584","opensearch:startIndex":"0","opensearch:itemsPerPage":"25","opensearch:Query":{"@role": "request", "@searchTerms": "TITLE-ABS-KEY(\"networks\") AND SUBJAREA(SOCI) AND PUBYEAR = 2011", "@startPage": "0"},"link": [{"@_fa": "true", "@ref": "self", "@href": "https://api.elsevier.com/content/search/scopus?start=0&count=25&query=TITLE-ABS-KEY%28%22networks%22%29+AND+SUBJAREA%28SOCI%29+AND+PUBYEAR+%3D+2011&apiKey=27d953b4b546791964ebeb768d13e61f&view=STANDARD", "@type": "application/json"},{"@_fa": "true", "@ref": "first", "@href": "https://api.elsevier.com/content/search/scopus?start=0&count=25&query=TITLE-ABS-KEY%28%22networks%22%29+AND+SUBJAREA%28SOCI%29+AND+PUBYEAR+%3D+2011&apiKey=27d953b4b546791964ebeb768d13e61f&view=STANDARD", "@type": "application/json"},{"@_fa": "true", "@ref": "next", "@href": "https://api.elsevier.com/content/search/scopus?start=25&count=25&query=TITLE-ABS-KEY%28%22networks%22%29+AND+SUBJAREA%28SOCI%29+AND+PUBYEAR+%3D+2011&apiKey=27d953b4b546791964ebeb768d13e61f&view=STANDARD", "@type": "application/json"},{"@_fa": "true", "@ref": "last", "@href": "https://api.elsevier.com/content/search/scopus?start=4975&count=25&query=TITLE-ABS-KEY%28%22networks%22%29+AND+SUBJAREA%28SOCI%29+AND+PUBYEAR+%3D+2011&apiKey=27d953b4b546791964ebeb768d13e61f&view=STANDARD", "@type": "application/json"}],"entry": [{"@_fa": "true", "link": [{"@_fa": "true", "@ref": "self", "@href": "https://api.elsevier.com/content/abstract/scopus_id/84986064597"},{"@_fa": "true", "@ref": "author-affiliation", "@href": "https://api.elsevier.com/content/abstract/scopus_id/84986064597?field=author,affiliation"},{"@_fa": "true", "@ref": "scopus", "@href": "https://www.scopus.com/inward/record.uri?partnerID=HzOxMe3b&scp=84986064597&origin=inward"},{"@_fa": "true", "@ref": "scopus-citedby", "@href": "https://www.scopus.com/inward/citedby.uri?partnerID=HzOxMe3b&scp=84986064597&origin=inward"}],"prism:url":"https://api.elsevier.com/content/abstract/scopus_id/84986064597","dc:identifier":"SCOPUS_ID:84986064597","eid":"2-s2.0-84986064597","dc:title":"Irish universities: Male-dominated? Limits and possibilities for change?","dc:creator":"O'Connor P.","prism:publicationName":"Equality, Diversity and Inclusion: An International Journal","prism:issn":"20407149","prism:eIssn":"17587093","prism:volume":"31","prism:issueIdentifier":"1","prism:pageRange":"83-96","prism:coverDate":"2011-12-30","prism:coverDisplayDate":"30 December 2011","prism:doi":"10.1108/02610151211199236","citedby-count":"4","affiliation": [{"@_fa": "true", "affilname":"University of Limerick","affiliation-city":"Limerick","affiliation-country":"Ireland"}],"prism:aggregationType":"Journal","subtype":"ar","subtypeDescription":"Article","source-id":"19900191744","openaccess":"0","openaccessFlag":false},{"@_fa": "true", "link": [{"@_fa": "true", "@ref": "self", "@href": "https://api.elsevier.com/content/abstract/scopus_id/84455183057"},{"@_fa": "true", "@ref": "author-affiliation", "@href": "https://api.elsevier.com/content/abstract/scopus_id/84455183057?field=author,affiliation"},{"@_fa": "true", "@ref": "scopus", "@href": "https://www.scopus.com/inward/record.uri?partnerID=HzOxMe3b&scp=84455183057&origin=inward"},{"@_fa": "true", "@ref": "scopus-citedby", "@href": "https://www.scopus.com/inward/citedby.uri?partnerID=HzOxMe3b&scp=84455183057&origin=inward"}],"prism:url":"https://api.elsevier.com/content/abstract/scopus_id/84455183057","dc:identifier":"SCOPUS_ID:84455183057","eid":"2-s2.0-84455183057","dc:title":"Home system-Biometric privacy and identity management","dc:creator":"Volner R.","prism:publicationName":"Proceedings - International Carnahan Conference on Security Technology","prism:issn":"10716572","prism:isbn": [{"@_fa": "true", "$" :"9781457709029"}],"prism:pageRange":null,"prism:coverDate":"2011-12-29","prism:coverDisplayDate":"2011","prism:doi":"10.1109/CCST.2011.6095891","citedby-count":"0","prism:aggregationType":"Conference Proceeding","subtype":"cp","subtypeDescription":"Conference Paper","article-number":"06095891","source-id":"145377","openaccess":"0","openaccessFlag":false},{"@_fa": "true", "link": [{"@_fa": "true", "@ref": "self", "@href": "https://api.elsevier.com/content/abstract/scopus_id/84455210306"},{"@_fa": "true", "@ref": "author-affiliation", "@href": "https://api.elsevier.com/content/abstract/scopus_id/84455210306?field=author,affiliation"},{"@_fa": "true", "@ref": "scopus", "@href": "https://www.scopus.com/inward/record.uri?partnerID=HzOxMe3b&scp=84455210306&origin=inward"},{"@_fa": "true", "@ref": "scopus-citedby", "@href": "https://www.scopus.com/inward/citedby.uri?partnerID=HzOxMe3b&scp=84455210306&origin=inward"}],"prism:url":"https://api.elsevier.com/content/abstract/scopus_id/84455210306","dc:identifier":"SCOPUS_ID:84455210306","eid":"2-s2.0-84455210306","dc:title":"Design and prototyping of framework for automated continuous malware collection and analysis","dc:creator":"Takeda K.","prism:publicationName":"Proceedings - International Carnahan Conference on Security Technology","prism:issn":"10716572","prism:isbn": [{"@_fa": "true", "$" :"9781457709029"}],"prism:pageRange":null,"prism:coverDate":"2011-12-29","prism:coverDisplayDate":"2011","prism:doi":"10.1109/CCST.2011.6095922","citedby-count":"0","affiliation": [{"@_fa": "true", "affilname":"Keio University","affiliation-city":"Tokyo","affiliation-country":"Japan"}],"prism:aggregationType":"Conference Proceeding","subtype":"cp","subtypeDescription":"Conference Paper","article-number":"06095922","source-id":"145377","openaccess":"0","openaccessFlag":false},{"@_fa": "true", "link": [{"@_fa": "true", "@ref": "self", "@href": "https://api.elsevier.com/content/abstract/scopus_id/84455210301"},{"@_fa": "true", "@ref": "author-affiliation", "@href": "https://api.elsevier.com/content/abstract/scopus_id/84455210301?field=author,affiliation"},{"@_fa": "true", "@ref": "scopus", "@href": "https://www.scopus.com/inward/record.uri?partnerID=HzOxMe3b&scp=84455210301&origin=inward"},{"@_fa": "true", "@ref": "scopus-citedby", "@href": "https://www.scopus.com/inward/citedby.uri?partnerID=HzOxMe3b&scp=84455210301&origin=inward"}],"prism:url":"https://api.elsevier.com/content/abstract/scopus_id/84455210301","dc:identifier":"SCOPUS_ID:84455210301","eid":"2-s2.0-84455210301","dc:title":"Quantum signature scheme for vehicular networks using entangled states","dc:creator":"Lin T.","prism:publicationName":"Proceedings - International Carnahan Conference on Security Technology","prism:issn":"10716572","prism:isbn": [{"@_fa": "true", "$" :"9781457709029"}],"prism:pageRange":null,"prism:coverDate":"2011-12-29","prism:coverDisplayDate":"2011","prism:doi":"10.1109/CCST.2011.6095929","citedby-count":"4","affiliation": [{"@_fa": "true", "affilname":"Lan Yang Institute of Technology","affiliation-city":"Taipei","affiliation-country":"Taiwan"}],"prism:aggregationType":"Conference Proceeding","subtype":"cp","subtypeDescription":"Conference Paper","article-number":"06095929","source-id":"145377","openaccess":"0","openaccessFlag":false},{"@_fa": "true", "link": [{"@_fa": "true", "@ref": "self", "@href": "https://api.elsevier.com/content/abstract/scopus_id/84455190223"},{"@_fa": "true", "@ref": "author-affiliation", "@href": "https://api.elsevier.com/content/abstract/scopus_id/84455190223?field=author,affiliation"},{"@_fa": "true", "@ref": "scopus", "@href": "https://www.scopus.com/inward/record.uri?partnerID=HzOxMe3b&scp=84455190223&origin=inward"},{"@_fa": "true", "@ref": "scopus-citedby", "@href": "https://www.scopus.com/inward/citedby.uri?partnerID=HzOxMe3b&scp=84455190223&origin=inward"}],"prism:url":"https://api.elsevier.com/content/abstract/scopus_id/84455190223","dc:identifier":"SCOPUS_ID:84455190223","eid":"2-s2.0-84455190223","dc:title":"Quantum circuits and quantum message integrity","dc:creator":"Lin T.","prism:publicationName":"Proceedings - International Carnahan Conference on Security Technology","prism:issn":"10716572","prism:isbn": [{"@_fa": "true", "$" :"9781457709029"}],"prism:pageRange":null,"prism:coverDate":"2011-12-29","prism:coverDisplayDate":"2011","prism:doi":"10.1109/CCST.2011.6095928","citedby-count":"2","affiliation": [{"@_fa": "true", "affilname":"Lan Yang Institute of Technology","affiliation-city":"Taipei","affiliation-country":"Taiwan"}],"prism:aggregationType":"Conference Proceeding","subtype":"cp","subtypeDescription":"Conference Paper","article-number":"06095928","source-id":"145377","openaccess":"0","openaccessFlag":false},{"@_fa": "true", "link": [{"@_fa": "true", "@ref": "self", "@href": "https://api.elsevier.com/content/abstract/scopus_id/84455210310"},{"@_fa": "true", "@ref": "author-affiliation", "@href": "https://api.elsevier.com/content/abstract/scopus_id/84455210310?field=author,affiliation"},{"@_fa": "true", "@ref": "scopus", "@href": "https://www.scopus.com/inward/record.uri?partnerID=HzOxMe3b&scp=84455210310&origin=inward"},{"@_fa": "true", "@ref": "scopus-citedby", "@href": "https://www.scopus.com/inward/citedby.uri?partnerID=HzOxMe3b&scp=84455210310&origin=inward"}],"prism:url":"https://api.elsevier.com/content/abstract/scopus_id/84455210310","dc:identifier":"SCOPUS_ID:84455210310","eid":"2-s2.0-84455210310","dc:title":"The objective image quality criteria and QoE in the security technology","dc:creator":"Ibekwe M.","prism:publicationName":"Proceedings - International Carnahan Conference on Security Technology","prism:issn":"10716572","prism:isbn": [{"@_fa": "true", "$" :"9781457709029"}],"prism:pageRange":null,"prism:coverDate":"2011-12-29","prism:coverDisplayDate":"2011","prism:doi":"10.1109/CCST.2011.6095896","citedby-count":"1","affiliation": [{"@_fa": "true", "affilname":"Ceské vysoké ucení technické v Praze","affiliation-city":"Prague","affiliation-country":"Czech Republic"}],"prism:aggregationType":"Conference Proceeding","subtype":"cp","subtypeDescription":"Conference Paper","article-number":"06095896","source-id":"145377","openaccess":"0","openaccessFlag":false},{"@_fa": "true", "link": [{"@_fa": "true", "@ref": "self", "@href": "https://api.elsevier.com/content/abstract/scopus_id/84455210289"},{"@_fa": "true", "@ref": "author-affiliation", "@href": "https://api.elsevier.com/content/abstract/scopus_id/84455210289?field=author,affiliation"},{"@_fa": "true", "@ref": "scopus", "@href": "https://www.scopus.com/inward/record.uri?partnerID=HzOxMe3b&scp=84455210289&origin=inward"},{"@_fa": "true", "@ref": "scopus-citedby", "@href": "https://www.scopus.com/inward/citedby.uri?partnerID=HzOxMe3b&scp=84455210289&origin=inward"}],"prism:url":"https://api.elsevier.com/content/abstract/scopus_id/84455210289","dc:identifier":"SCOPUS_ID:84455210289","eid":"2-s2.0-84455210289","dc:title":"Dynamic signature verification and the human biometric sensor interaction model","dc:creator":"Brockly M.","prism:publicationName":"Proceedings - International Carnahan Conference on Security Technology","prism:issn":"10716572","prism:isbn": [{"@_fa": "true", "$" :"9781457709029"}],"prism:pageRange":null,"prism:coverDate":"2011-12-29","prism:coverDisplayDate":"2011","prism:doi":"10.1109/CCST.2011.6095937","citedby-count":"7","affiliation": [{"@_fa": "true", "affilname":"Purdue University","affiliation-city":"West Lafayette","affiliation-country":"United States"}],"prism:aggregationType":"Conference Proceeding","subtype":"cp","subtypeDescription":"Conference Paper","article-number":"06095937","source-id":"145377","openaccess":"0","openaccessFlag":false},{"@_fa": "true", "link": [{"@_fa": "true", "@ref": "self", "@href": "https://api.elsevier.com/content/abstract/scopus_id/84455190271"},{"@_fa": "true", "@ref": "author-affiliation", "@href": "https://api.elsevier.com/content/abstract/scopus_id/84455190271?field=author,affiliation"},{"@_fa": "true", "@ref": "scopus", "@href": "https://www.scopus.com/inward/record.uri?partnerID=HzOxMe3b&scp=84455190271&origin=inward"},{"@_fa": "true", "@ref": "scopus-citedby", "@href": "https://www.scopus.com/inward/citedby.uri?partnerID=HzOxMe3b&scp=84455190271&origin=inward"}],"prism:url":"https://api.elsevier.com/content/abstract/scopus_id/84455190271","dc:identifier":"SCOPUS_ID:84455190271","eid":"2-s2.0-84455190271","dc:title":"Time series distances measures to analyze in-air signatures to authenticate users on mobile phones","dc:creator":"Guerra-Casanova J.","prism:publicationName":"Proceedings - International Carnahan Conference on Security Technology","prism:issn":"10716572","prism:isbn": [{"@_fa": "true", "$" :"9781457709029"}],"prism:pageRange":null,"prism:coverDate":"2011-12-29","prism:coverDisplayDate":"2011","prism:doi":"10.1109/CCST.2011.6095931","citedby-count":"9","affiliation": [{"@_fa": "true", "affilname":"Universidad Politécnica de Madrid","affiliation-city":"Madrid","affiliation-country":"Spain"}],"prism:aggregationType":"Conference Proceeding","subtype":"cp","subtypeDescription":"Conference Paper","article-number":"06095931","source-id":"145377","openaccess":"0","openaccessFlag":false},{"@_fa": "true", "link": [{"@_fa": "true", "@ref": "self", "@href": "https://api.elsevier.com/content/abstract/scopus_id/84455174684"},{"@_fa": "true", "@ref": "author-affiliation", "@href": "https://api.elsevier.com/content/abstract/scopus_id/84455174684?field=author,affiliation"},{"@_fa": "true", "@ref": "scopus", "@href": "https://www.scopus.com/inward/record.uri?partnerID=HzOxMe3b&scp=84455174684&origin=inward"},{"@_fa": "true", "@ref": "scopus-citedby", "@href": "https://www.scopus.com/inward/citedby.uri?partnerID=HzOxMe3b&scp=84455174684&origin=inward"}],"prism:url":"https://api.elsevier.com/content/abstract/scopus_id/84455174684","dc:identifier":"SCOPUS_ID:84455174684","eid":"2-s2.0-84455174684","dc:title":"How global trends will force governments to change the way they regulate in the 21st century","dc:creator":"A'Hearn T.","prism:publicationName":"Environmental Law and Management","prism:issn":"10676058","prism:volume":"23","prism:issueIdentifier":"4","prism:pageRange":"204-207","prism:coverDate":"2011-12-29","prism:coverDisplayDate":"2011","citedby-count":"0","prism:aggregationType":"Journal","subtype":"cp","subtypeDescription":"Conference Paper","source-id":"15802","openaccess":"0","openaccessFlag":false},{"@_fa": "true", "link": [{"@_fa": "true", "@ref": "self", "@href": "https://api.elsevier.com/content/abstract/scopus_id/84455210352"},{"@_fa": "true", "@ref": "author-affiliation", "@href": "https://api.elsevier.com/content/abstract/scopus_id/84455210352?field=author,affiliation"},{"@_fa": "true", "@ref": "scopus", "@href": "https://www.scopus.com/inward/record.uri?partnerID=HzOxMe3b&scp=84455210352&origin=inward"},{"@_fa": "true", "@ref": "scopus-citedby", "@href": "https://www.scopus.com/inward/citedby.uri?partnerID=HzOxMe3b&scp=84455210352&origin=inward"}],"prism:url":"https://api.elsevier.com/content/abstract/scopus_id/84455210352","dc:identifier":"SCOPUS_ID:84455210352","eid":"2-s2.0-84455210352","dc:title":"Analysis of handwritten signature performances using mobile devices","dc:creator":"Mendaza-Ormaza A.","prism:publicationName":"Proceedings - International Carnahan Conference on Security Technology","prism:issn":"10716572","prism:isbn": [{"@_fa": "true", "$" :"9781457709029"}],"prism:pageRange":null,"prism:coverDate":"2011-12-29","prism:coverDisplayDate":"2011","prism:doi":"10.1109/CCST.2011.6095930","citedby-count":"9","affiliation": [{"@_fa": "true", "affilname":"Universidad Carlos III de Madrid","affiliation-city":"Madrid","affiliation-country":"Spain"}],"prism:aggregationType":"Conference Proceeding","subtype":"cp","subtypeDescription":"Conference Paper","article-number":"06095930","source-id":"145377","openaccess":"0","openaccessFlag":false},{"@_fa": "true", "link": [{"@_fa": "true", "@ref": "self", "@href": "https://api.elsevier.com/content/abstract/scopus_id/84455174681"},{"@_fa": "true", "@ref": "author-affiliation", "@href": "https://api.elsevier.com/content/abstract/scopus_id/84455174681?field=author,affiliation"},{"@_fa": "true", "@ref": "scopus", "@href": "https://www.scopus.com/inward/record.uri?partnerID=HzOxMe3b&scp=84455174681&origin=inward"},{"@_fa": "true", "@ref": "scopus-citedby", "@href": "https://www.scopus.com/inward/citedby.uri?partnerID=HzOxMe3b&scp=84455174681&origin=inward"}],"prism:url":"https://api.elsevier.com/content/abstract/scopus_id/84455174681","dc:identifier":"SCOPUS_ID:84455174681","eid":"2-s2.0-84455174681","dc:title":"The year's hottest cases reviewed - Part 2 nature conservation, village greens and contaminated land","dc:creator":"Byrne G.","prism:publicationName":"Environmental Law and Management","prism:issn":"10676058","prism:volume":"23","prism:issueIdentifier":"4","prism:pageRange":"241-248","prism:coverDate":"2011-12-29","prism:coverDisplayDate":"2011","citedby-count":"0","prism:aggregationType":"Journal","subtype":"cp","subtypeDescription":"Conference Paper","source-id":"15802","openaccess":"0","openaccessFlag":false},{"@_fa": "true", "link": [{"@_fa": "true", "@ref": "self", "@href": "https://api.elsevier.com/content/abstract/scopus_id/84455211565"},{"@_fa": "true", "@ref": "author-affiliation", "@href": "https://api.elsevier.com/content/abstract/scopus_id/84455211565?field=author,affiliation"},{"@_fa": "true", "@ref": "scopus", "@href": "https://www.scopus.com/inward/record.uri?partnerID=HzOxMe3b&scp=84455211565&origin=inward"},{"@_fa": "true", "@ref": "scopus-citedby", "@href": "https://www.scopus.com/inward/citedby.uri?partnerID=HzOxMe3b&scp=84455211565&origin=inward"}],"prism:url":"https://api.elsevier.com/content/abstract/scopus_id/84455211565","dc:identifier":"SCOPUS_ID:84455211565","eid":"2-s2.0-84455211565","dc:title":"The development of a methodology for the evaluation of Wide Area Detection Systems (WADS)","dc:creator":"Jones B.","prism:publicationName":"Proceedings - International Carnahan Conference on Security Technology","prism:issn":"10716572","prism:isbn": [{"@_fa": "true", "$" :"9781457709029"}],"prism:pageRange":null,"prism:coverDate":"2011-12-29","prism:coverDisplayDate":"2011","prism:doi":"10.1109/CCST.2011.6095893","citedby-count":"1","affiliation": [{"@_fa": "true", "affilname":"Home Office Centre for Applied Science and Technology","affiliation-city":null,"affiliation-country":"United Kingdom"}],"prism:aggregationType":"Conference Proceeding","subtype":"cp","subtypeDescription":"Conference Paper","article-number":"06095893","source-id":"145377","openaccess":"0","openaccessFlag":false},{"@_fa": "true", "link": [{"@_fa": "true", "@ref": "self", "@href": "https://api.elsevier.com/content/abstract/scopus_id/84455211588"},{"@_fa": "true", "@ref": "author-affiliation", "@href": "https://api.elsevier.com/content/abstract/scopus_id/84455211588?field=author,affiliation"},{"@_fa": "true", "@ref": "scopus", "@href": "https://www.scopus.com/inward/record.uri?partnerID=HzOxMe3b&scp=84455211588&origin=inward"},{"@_fa": "true", "@ref": "scopus-citedby", "@href": "https://www.scopus.com/inward/citedby.uri?partnerID=HzOxMe3b&scp=84455211588&origin=inward"}],"prism:url":"https://api.elsevier.com/content/abstract/scopus_id/84455211588","dc:identifier":"SCOPUS_ID:84455211588","eid":"2-s2.0-84455211588","dc:title":"A theoretical implementation of blended program analysis for virus signature extraction","dc:creator":"Sharma V.","prism:publicationName":"Proceedings - International Carnahan Conference on Security Technology","prism:issn":"10716572","prism:isbn": [{"@_fa": "true", "$" :"9781457709029"}],"prism:pageRange":null,"prism:coverDate":"2011-12-29","prism:coverDisplayDate":"2011","prism:doi":"10.1109/CCST.2011.6095879","citedby-count":"1","prism:aggregationType":"Conference Proceeding","subtype":"cp","subtypeDescription":"Conference Paper","article-number":"06095879","source-id":"145377","openaccess":"0","openaccessFlag":false},{"@_fa": "true", "link": [{"@_fa": "true", "@ref": "self", "@href": "https://api.elsevier.com/content/abstract/scopus_id/84455190182"},{"@_fa": "true", "@ref": "author-affiliation", "@href": "https://api.elsevier.com/content/abstract/scopus_id/84455190182?field=author,affiliation"},{"@_fa": "true", "@ref": "scopus", "@href": "https://www.scopus.com/inward/record.uri?partnerID=HzOxMe3b&scp=84455190182&origin=inward"},{"@_fa": "true", "@ref": "scopus-citedby", "@href": "https://www.scopus.com/inward/citedby.uri?partnerID=HzOxMe3b&scp=84455190182&origin=inward"}],"prism:url":"https://api.elsevier.com/content/abstract/scopus_id/84455190182","dc:identifier":"SCOPUS_ID:84455190182","eid":"2-s2.0-84455190182","dc:title":"Strong authentication using dynamic biometric signature","dc:creator":"Smejkal V.","prism:publicationName":"Proceedings - International Carnahan Conference on Security Technology","prism:issn":"10716572","prism:isbn": [{"@_fa": "true", "$" :"9781457709029"}],"prism:pageRange":null,"prism:coverDate":"2011-12-29","prism:coverDisplayDate":"2011","prism:doi":"10.1109/CCST.2011.6095952","citedby-count":"7","prism:aggregationType":"Conference Proceeding","subtype":"cp","subtypeDescription":"Conference Paper","article-number":"06095952","source-id":"145377","openaccess":"0","openaccessFlag":false},{"@_fa": "true", "link": [{"@_fa": "true", "@ref": "self", "@href": "https://api.elsevier.com/content/abstract/scopus_id/84255188993"},{"@_fa": "true", "@ref": "author-affiliation", "@href": "https://api.elsevier.com/content/abstract/scopus_id/84255188993?field=author,affiliation"},{"@_fa": "true", "@ref": "scopus", "@href": "https://www.scopus.com/inward/record.uri?partnerID=HzOxMe3b&scp=84255188993&origin=inward"},{"@_fa": "true", "@ref": "scopus-citedby", "@href": "https://www.scopus.com/inward/citedby.uri?partnerID=HzOxMe3b&scp=84255188993&origin=inward"}],"prism:url":"https://api.elsevier.com/content/abstract/scopus_id/84255188993","dc:identifier":"SCOPUS_ID:84255188993","eid":"2-s2.0-84255188993","dc:title":"The performance of blacklisting in ad hoc networks with unidirectional links","dc:creator":"Jayasinghe S.","prism:publicationName":"Australasian Telecommunication Networks and Applications Conference, ATNAC 2011","prism:isbn": [{"@_fa": "true", "$" :"9781457717109"}],"prism:pageRange":null,"prism:coverDate":"2011-12-28","prism:coverDisplayDate":"2011","prism:doi":"10.1109/ATNAC.2011.6096634","citedby-count":"0","prism:aggregationType":"Conference Proceeding","subtype":"cp","subtypeDescription":"Conference Paper","article-number":"6096634","source-id":"21000195611","openaccess":"0","openaccessFlag":false},{"@_fa": "true", "link": [{"@_fa": "true", "@ref": "self", "@href": "https://api.elsevier.com/content/abstract/scopus_id/84255195465"},{"@_fa": "true", "@ref": "author-affiliation", "@href": "https://api.elsevier.com/content/abstract/scopus_id/84255195465?field=author,affiliation"},{"@_fa": "true", "@ref": "scopus", "@href": "https://www.scopus.com/inward/record.uri?partnerID=HzOxMe3b&scp=84255195465&origin=inward"},{"@_fa": "true", "@ref": "scopus-citedby", "@href": "https://www.scopus.com/inward/citedby.uri?partnerID=HzOxMe3b&scp=84255195465&origin=inward"}],"prism:url":"https://api.elsevier.com/content/abstract/scopus_id/84255195465","dc:identifier":"SCOPUS_ID:84255195465","eid":"2-s2.0-84255195465","dc:title":"Vertical handoff decision and network merit for integrated wireless and mobile networks","dc:creator":"Kunarak S.","prism:publicationName":"Australasian Telecommunication Networks and Applications Conference, ATNAC 2011","prism:isbn": [{"@_fa": "true", "$" :"9781457717109"}],"prism:pageRange":null,"prism:coverDate":"2011-12-28","prism:coverDisplayDate":"2011","prism:doi":"10.1109/ATNAC.2011.6096635","citedby-count":"4","affiliation": [{"@_fa": "true", "affilname":"King Mongkuts University of Technology Thonburi","affiliation-city":"Bangkok","affiliation-country":"Thailand"}],"prism:aggregationType":"Conference Proceeding","subtype":"cp","subtypeDescription":"Conference Paper","article-number":"6096635","source-id":"21000195611","openaccess":"0","openaccessFlag":false},{"@_fa": "true", "link": [{"@_fa": "true", "@ref": "self", "@href": "https://api.elsevier.com/content/abstract/scopus_id/84255178523"},{"@_fa": "true", "@ref": "author-affiliation", "@href": "https://api.elsevier.com/content/abstract/scopus_id/84255178523?field=author,affiliation"},{"@_fa": "true", "@ref": "scopus", "@href": "https://www.scopus.com/inward/record.uri?partnerID=HzOxMe3b&scp=84255178523&origin=inward"},{"@_fa": "true", "@ref": "scopus-citedby", "@href": "https://www.scopus.com/inward/citedby.uri?partnerID=HzOxMe3b&scp=84255178523&origin=inward"}],"prism:url":"https://api.elsevier.com/content/abstract/scopus_id/84255178523","dc:identifier":"SCOPUS_ID:84255178523","eid":"2-s2.0-84255178523","dc:title":"Analysis of trust enhancement for cooperative communication in wireless networks","dc:creator":"Khan R.","prism:publicationName":"Proceedings of 2011 6th International Conference on Telecommunication Systems, Services, and Applications, TSSA 2011","prism:isbn": [{"@_fa": "true", "$" :"9781457714429"}],"prism:pageRange":"209-214","prism:coverDate":"2011-12-28","prism:coverDisplayDate":"2011","prism:doi":"10.1109/TSSA.2011.6095436","citedby-count":"0","affiliation": [{"@_fa": "true", "affilname":"Aalto University","affiliation-city":"Espoo","affiliation-country":"Finland"}],"prism:aggregationType":"Conference Proceeding","subtype":"cp","subtypeDescription":"Conference Paper","article-number":"6095436","source-id":"21000195612","openaccess":"0","openaccessFlag":false},{"@_fa": "true", "link": [{"@_fa": "true", "@ref": "self", "@href": "https://api.elsevier.com/content/abstract/scopus_id/84255201016"},{"@_fa": "true", "@ref": "author-affiliation", "@href": "https://api.elsevier.com/content/abstract/scopus_id/84255201016?field=author,affiliation"},{"@_fa": "true", "@ref": "scopus", "@href": "https://www.scopus.com/inward/record.uri?partnerID=HzOxMe3b&scp=84255201016&origin=inward"},{"@_fa": "true", "@ref": "scopus-citedby", "@href": "https://www.scopus.com/inward/citedby.uri?partnerID=HzOxMe3b&scp=84255201016&origin=inward"}],"prism:url":"https://api.elsevier.com/content/abstract/scopus_id/84255201016","dc:identifier":"SCOPUS_ID:84255201016","eid":"2-s2.0-84255201016","dc:title":"Experiences from the MANIAC Challenge","dc:creator":"Will H.","prism:publicationName":"Australasian Telecommunication Networks and Applications Conference, ATNAC 2011","prism:isbn": [{"@_fa": "true", "$" :"9781457717109"}],"prism:pageRange":null,"prism:coverDate":"2011-12-28","prism:coverDisplayDate":"2011","prism:doi":"10.1109/ATNAC.2011.6096629","citedby-count":"0","affiliation": [{"@_fa": "true", "affilname":"Freie Universität Berlin","affiliation-city":"Berlin","affiliation-country":"Germany"}],"prism:aggregationType":"Conference Proceeding","subtype":"cp","subtypeDescription":"Conference Paper","article-number":"6096629","source-id":"21000195611","openaccess":"0","openaccessFlag":false},{"@_fa": "true", "link": [{"@_fa": "true", "@ref": "self", "@href": "https://api.elsevier.com/content/abstract/scopus_id/84255200935"},{"@_fa": "true", "@ref": "author-affiliation", "@href": "https://api.elsevier.com/content/abstract/scopus_id/84255200935?field=author,affiliation"},{"@_fa": "true", "@ref": "scopus", "@href": "https://www.scopus.com/inward/record.uri?partnerID=HzOxMe3b&scp=84255200935&origin=inward"},{"@_fa": "true", "@ref": "scopus-citedby", "@href": "https://www.scopus.com/inward/citedby.uri?partnerID=HzOxMe3b&scp=84255200935&origin=inward"}],"prism:url":"https://api.elsevier.com/content/abstract/scopus_id/84255200935","dc:identifier":"SCOPUS_ID:84255200935","eid":"2-s2.0-84255200935","dc:title":"A geocasting technique in an IEEE802.11p based vehicular ad hoc network for road traffic management","dc:creator":"Javed M.","prism:publicationName":"Australasian Telecommunication Networks and Applications Conference, ATNAC 2011","prism:isbn": [{"@_fa": "true", "$" :"9781457717109"}],"prism:pageRange":null,"prism:coverDate":"2011-12-28","prism:coverDisplayDate":"2011","prism:doi":"10.1109/ATNAC.2011.6096639","citedby-count":"5","affiliation": [{"@_fa": "true", "affilname":"University of Newcastle, Australia","affiliation-city":"Callaghan","affiliation-country":"Australia"}],"prism:aggregationType":"Conference Proceeding","subtype":"cp","subtypeDescription":"Conference Paper","article-number":"6096639","source-id":"21000195611","openaccess":"0","openaccessFlag":false},{"@_fa": "true", "link": [{"@_fa": "true", "@ref": "self", "@href": "https://api.elsevier.com/content/abstract/scopus_id/84255200980"},{"@_fa": "true", "@ref": "author-affiliation", "@href": "https://api.elsevier.com/content/abstract/scopus_id/84255200980?field=author,affiliation"},{"@_fa": "true", "@ref": "scopus", "@href": "https://www.scopus.com/inward/record.uri?partnerID=HzOxMe3b&scp=84255200980&origin=inward"},{"@_fa": "true", "@ref": "scopus-citedby", "@href": "https://www.scopus.com/inward/citedby.uri?partnerID=HzOxMe3b&scp=84255200980&origin=inward"}],"prism:url":"https://api.elsevier.com/content/abstract/scopus_id/84255200980","dc:identifier":"SCOPUS_ID:84255200980","eid":"2-s2.0-84255200980","dc:title":"A correlative study of cooperation enforcement mechanisms","dc:creator":"Shivshankar S.","prism:publicationName":"Australasian Telecommunication Networks and Applications Conference, ATNAC 2011","prism:isbn": [{"@_fa": "true", "$" :"9781457717109"}],"prism:pageRange":null,"prism:coverDate":"2011-12-28","prism:coverDisplayDate":"2011","prism:doi":"10.1109/ATNAC.2011.6096640","citedby-count":"3","affiliation": [{"@_fa": "true", "affilname":"The University of Sydney","affiliation-city":"Sydney","affiliation-country":"Australia"}],"prism:aggregationType":"Conference Proceeding","subtype":"cp","subtypeDescription":"Conference Paper","article-number":"6096640","source-id":"21000195611","openaccess":"0","openaccessFlag":false},{"@_fa": "true", "link": [{"@_fa": "true", "@ref": "self", "@href": "https://api.elsevier.com/content/abstract/scopus_id/84255178703"},{"@_fa": "true", "@ref": "author-affiliation", "@href": "https://api.elsevier.com/content/abstract/scopus_id/84255178703?field=author,affiliation"},{"@_fa": "true", "@ref": "scopus", "@href": "https://www.scopus.com/inward/record.uri?partnerID=HzOxMe3b&scp=84255178703&origin=inward"},{"@_fa": "true", "@ref": "scopus-citedby", "@href": "https://www.scopus.com/inward/citedby.uri?partnerID=HzOxMe3b&scp=84255178703&origin=inward"}],"prism:url":"https://api.elsevier.com/content/abstract/scopus_id/84255178703","dc:identifier":"SCOPUS_ID:84255178703","eid":"2-s2.0-84255178703","dc:title":"Australasian Telecommunication Networks and Applications Conference, ATNAC 2011","prism:publicationName":"Australasian Telecommunication Networks and Applications Conference, ATNAC 2011","prism:isbn": [{"@_fa": "true", "$" :"9781457717109"}],"prism:pageRange":null,"prism:coverDate":"2011-12-28","prism:coverDisplayDate":"2011","citedby-count":"0","prism:aggregationType":"Conference Proceeding","subtype":"cr","subtypeDescription":"Conference Review","source-id":"21000195611","openaccess":"0","openaccessFlag":false},{"@_fa": "true", "link": [{"@_fa": "true", "@ref": "self", "@href": "https://api.elsevier.com/content/abstract/scopus_id/84255194520"},{"@_fa": "true", "@ref": "author-affiliation", "@href": "https://api.elsevier.com/content/abstract/scopus_id/84255194520?field=author,affiliation"},{"@_fa": "true", "@ref": "scopus", "@href": "https://www.scopus.com/inward/record.uri?partnerID=HzOxMe3b&scp=84255194520&origin=inward"},{"@_fa": "true", "@ref": "scopus-citedby", "@href": "https://www.scopus.com/inward/citedby.uri?partnerID=HzOxMe3b&scp=84255194520&origin=inward"}],"prism:url":"https://api.elsevier.com/content/abstract/scopus_id/84255194520","dc:identifier":"SCOPUS_ID:84255194520","eid":"2-s2.0-84255194520","dc:title":"Enabling Dynamic Topologies in communication networks","dc:creator":"Aldraho A.","prism:publicationName":"Australasian Telecommunication Networks and Applications Conference, ATNAC 2011","prism:isbn": [{"@_fa": "true", "$" :"9781457717109"}],"prism:pageRange":null,"prism:coverDate":"2011-12-28","prism:coverDisplayDate":"2011","prism:doi":"10.1109/ATNAC.2011.6096667","citedby-count":"1","affiliation": [{"@_fa": "true", "affilname":"University of Southern Queensland","affiliation-city":"Toowoomba","affiliation-country":"Australia"}],"prism:aggregationType":"Conference Proceeding","subtype":"cp","subtypeDescription":"Conference Paper","article-number":"6096667","source-id":"21000195611","openaccess":"0","openaccessFlag":false},{"@_fa": "true", "link": [{"@_fa": "true", "@ref": "self", "@href": "https://api.elsevier.com/content/abstract/scopus_id/84255195449"},{"@_fa": "true", "@ref": "author-affiliation", "@href": "https://api.elsevier.com/content/abstract/scopus_id/84255195449?field=author,affiliation"},{"@_fa": "true", "@ref": "scopus", "@href": "https://www.scopus.com/inward/record.uri?partnerID=HzOxMe3b&scp=84255195449&origin=inward"},{"@_fa": "true", "@ref": "scopus-citedby", "@href": "https://www.scopus.com/inward/citedby.uri?partnerID=HzOxMe3b&scp=84255195449&origin=inward"}],"prism:url":"https://api.elsevier.com/content/abstract/scopus_id/84255195449","dc:identifier":"SCOPUS_ID:84255195449","eid":"2-s2.0-84255195449","dc:title":"A packet scheduling scheme for 4G wireless access systems aiming to maximize revenue for the telecom carriers","dc:creator":"Mohammed H.","prism:publicationName":"Australasian Telecommunication Networks and Applications Conference, ATNAC 2011","prism:isbn": [{"@_fa": "true", "$" :"9781457717109"}],"prism:pageRange":null,"prism:coverDate":"2011-12-28","prism:coverDisplayDate":"2011","prism:doi":"10.1109/ATNAC.2011.6096641","citedby-count":"0","prism:aggregationType":"Conference Proceeding","subtype":"cp","subtypeDescription":"Conference Paper","article-number":"6096641","source-id":"21000195611","openaccess":"0","openaccessFlag":false},{"@_fa": "true", "link": [{"@_fa": "true", "@ref": "self", "@href": "https://api.elsevier.com/content/abstract/scopus_id/84255163233"},{"@_fa": "true", "@ref": "author-affiliation", "@href": "https://api.elsevier.com/content/abstract/scopus_id/84255163233?field=author,affiliation"},{"@_fa": "true", "@ref": "scopus", "@href": "https://www.scopus.com/inward/record.uri?partnerID=HzOxMe3b&scp=84255163233&origin=inward"},{"@_fa": "true", "@ref": "scopus-citedby", "@href": "https://www.scopus.com/inward/citedby.uri?partnerID=HzOxMe3b&scp=84255163233&origin=inward"}],"prism:url":"https://api.elsevier.com/content/abstract/scopus_id/84255163233","dc:identifier":"SCOPUS_ID:84255163233","eid":"2-s2.0-84255163233","dc:title":"Delay Tolerant Social Networking (DTSN): Dual architecture for DTN based social networking","dc:creator":"Vijayanathan J.","prism:publicationName":"Proceedings of 2011 6th International Conference on Telecommunication Systems, Services, and Applications, TSSA 2011","prism:isbn": [{"@_fa": "true", "$" :"9781457714429"}],"prism:pageRange":"55-58","prism:coverDate":"2011-12-28","prism:coverDisplayDate":"2011","prism:doi":"10.1109/TSSA.2011.6095405","citedby-count":"1","affiliation": [{"@_fa": "true", "affilname":"Easwari Engineering College","affiliation-city":"Chennai","affiliation-country":"India"}],"prism:aggregationType":"Conference Proceeding","subtype":"cp","subtypeDescription":"Conference Paper","article-number":"6095405","source-id":"21000195612","openaccess":"0","openaccessFlag":false},{"@_fa": "true", "link": [{"@_fa": "true", "@ref": "self", "@href": "https://api.elsevier.com/content/abstract/scopus_id/84255209115"},{"@_fa": "true", "@ref": "author-affiliation", "@href": "https://api.elsevier.com/content/abstract/scopus_id/84255209115?field=author,affiliation"},{"@_fa": "true", "@ref": "scopus", "@href": "https://www.scopus.com/inward/record.uri?partnerID=HzOxMe3b&scp=84255209115&origin=inward"},{"@_fa": "true", "@ref": "scopus-citedby", "@href": "https://www.scopus.com/inward/citedby.uri?partnerID=HzOxMe3b&scp=84255209115&origin=inward"}],"prism:url":"https://api.elsevier.com/content/abstract/scopus_id/84255209115","dc:identifier":"SCOPUS_ID:84255209115","eid":"2-s2.0-84255209115","dc:title":"A survey on backbone formation algorithms for Wireless Sensor Networks: (A new classification)","dc:creator":"Asgarnezhad R.","prism:publicationName":"Australasian Telecommunication Networks and Applications Conference, ATNAC 2011","prism:isbn": [{"@_fa": "true", "$" :"9781457717109"}],"prism:pageRange":null,"prism:coverDate":"2011-12-28","prism:coverDisplayDate":"2011","prism:doi":"10.1109/ATNAC.2011.6096632","citedby-count":"4","affiliation": [{"@_fa": "true", "affilname":"Islamic Azad University, Arak Branch","affiliation-city":"Arak","affiliation-country":"Iran"}],"prism:aggregationType":"Conference Proceeding","subtype":"cp","subtypeDescription":"Conference Paper","article-number":"6096632","source-id":"21000195611","openaccess":"0","openaccessFlag":false}]}}