{"search-results":{"opensearch:totalResults":"14258","opensearch:startIndex":"0","opensearch:itemsPerPage":"25","opensearch:Query":{"@role": "request", "@searchTerms": "TITLE-ABS-KEY(\"networks\") AND SUBJAREA(SOCI) AND PUBYEAR = 2015", "@startPage": "0"},"link": [{"@_fa": "true", "@ref": "self", "@href": "https://api.elsevier.com/content/search/scopus?start=0&count=25&query=TITLE-ABS-KEY%28%22networks%22%29+AND+SUBJAREA%28SOCI%29+AND+PUBYEAR+%3D+2015&apiKey=27d953b4b546791964ebeb768d13e61f&view=STANDARD", "@type": "application/json"},{"@_fa": "true", "@ref": "first", "@href": "https://api.elsevier.com/content/search/scopus?start=0&count=25&query=TITLE-ABS-KEY%28%22networks%22%29+AND+SUBJAREA%28SOCI%29+AND+PUBYEAR+%3D+2015&apiKey=27d953b4b546791964ebeb768d13e61f&view=STANDARD", "@type": "application/json"},{"@_fa": "true", "@ref": "next", "@href": "https://api.elsevier.com/content/search/scopus?start=25&count=25&query=TITLE-ABS-KEY%28%22networks%22%29+AND+SUBJAREA%28SOCI%29+AND+PUBYEAR+%3D+2015&apiKey=27d953b4b546791964ebeb768d13e61f&view=STANDARD", "@type": "application/json"},{"@_fa": "true", "@ref": "last", "@href": "https://api.elsevier.com/content/search/scopus?start=4975&count=25&query=TITLE-ABS-KEY%28%22networks%22%29+AND+SUBJAREA%28SOCI%29+AND+PUBYEAR+%3D+2015&apiKey=27d953b4b546791964ebeb768d13e61f&view=STANDARD", "@type": "application/json"}],"entry": [{"@_fa": "true", "link": [{"@_fa": "true", "@ref": "self", "@href": "https://api.elsevier.com/content/abstract/scopus_id/85051709409"},{"@_fa": "true", "@ref": "author-affiliation", "@href": "https://api.elsevier.com/content/abstract/scopus_id/85051709409?field=author,affiliation"},{"@_fa": "true", "@ref": "scopus", "@href": "https://www.scopus.com/inward/record.uri?partnerID=HzOxMe3b&scp=85051709409&origin=inward"},{"@_fa": "true", "@ref": "scopus-citedby", "@href": "https://www.scopus.com/inward/citedby.uri?partnerID=HzOxMe3b&scp=85051709409&origin=inward"}],"prism:url":"https://api.elsevier.com/content/abstract/scopus_id/85051709409","dc:identifier":"SCOPUS_ID:85051709409","eid":"2-s2.0-85051709409","dc:title":"Embedding the “Black Box”: A reformulated social capital theory for the exploration of socio-physical linkages","dc:creator":"Parsons L.","prism:publicationName":"Cogent Social Sciences","prism:eIssn":"23311886","prism:volume":"1","prism:issueIdentifier":"1","prism:pageRange":null,"prism:coverDate":"2015-12-31","prism:coverDisplayDate":"31 December 2015","prism:doi":"10.1080/23311886.2015.1079352","citedby-count":"1","affiliation": [{"@_fa": "true", "affilname":"King's College London","affiliation-city":"London","affiliation-country":"United Kingdom"}],"prism:aggregationType":"Journal","subtype":"ar","subtypeDescription":"Article","article-number":"1079352","source-id":"21100872366","openaccess":"1","openaccessFlag":true},{"@_fa": "true", "link": [{"@_fa": "true", "@ref": "self", "@href": "https://api.elsevier.com/content/abstract/scopus_id/85036234409"},{"@_fa": "true", "@ref": "author-affiliation", "@href": "https://api.elsevier.com/content/abstract/scopus_id/85036234409?field=author,affiliation"},{"@_fa": "true", "@ref": "scopus", "@href": "https://www.scopus.com/inward/record.uri?partnerID=HzOxMe3b&scp=85036234409&origin=inward"},{"@_fa": "true", "@ref": "scopus-citedby", "@href": "https://www.scopus.com/inward/citedby.uri?partnerID=HzOxMe3b&scp=85036234409&origin=inward"}],"prism:url":"https://api.elsevier.com/content/abstract/scopus_id/85036234409","dc:identifier":"SCOPUS_ID:85036234409","eid":"2-s2.0-85036234409","dc:title":"Society of things: An alternative vision of Internet of things","dc:creator":"Karimova G.","prism:publicationName":"Cogent Social Sciences","prism:eIssn":"23311886","prism:volume":"1","prism:issueIdentifier":"1","prism:pageRange":null,"prism:coverDate":"2015-12-31","prism:coverDisplayDate":"31 December 2015","prism:doi":"10.1080/23311886.2015.1115654","citedby-count":"2","affiliation": [{"@_fa": "true", "affilname":"KIMEP University","affiliation-city":"Almaty","affiliation-country":"Kazakhstan"}],"prism:aggregationType":"Journal","subtype":"ar","subtypeDescription":"Article","article-number":"1115654","source-id":"21100872366","openaccess":"1","openaccessFlag":true},{"@_fa": "true", "link": [{"@_fa": "true", "@ref": "self", "@href": "https://api.elsevier.com/content/abstract/scopus_id/84964038446"},{"@_fa": "true", "@ref": "author-affiliation", "@href": "https://api.elsevier.com/content/abstract/scopus_id/84964038446?field=author,affiliation"},{"@_fa": "true", "@ref": "scopus", "@href": "https://www.scopus.com/inward/record.uri?partnerID=HzOxMe3b&scp=84964038446&origin=inward"},{"@_fa": "true", "@ref": "scopus-citedby", "@href": "https://www.scopus.com/inward/citedby.uri?partnerID=HzOxMe3b&scp=84964038446&origin=inward"}],"prism:url":"https://api.elsevier.com/content/abstract/scopus_id/84964038446","dc:identifier":"SCOPUS_ID:84964038446","eid":"2-s2.0-84964038446","dc:title":"Traffic flow forecasting research based on Bayesian normalized Elman neural network","dc:creator":"Ma W.","prism:publicationName":"2015 IEEE Signal Processing and Signal Processing Education Workshop, SP/SPE 2015","prism:isbn": [{"@_fa": "true", "$" :"9781467391696"}],"prism:pageRange":"426-430","prism:coverDate":"2015-12-30","prism:coverDisplayDate":"30 December 2015","prism:doi":"10.1109/DSP-SPE.2015.7369592","citedby-count":"3","affiliation": [{"@_fa": "true", "affilname":"Harbin Institute of Technology","affiliation-city":"Harbin","affiliation-country":"China"}],"prism:aggregationType":"Conference Proceeding","subtype":"cp","subtypeDescription":"Conference Paper","article-number":"7369592","source-id":"21100456123","openaccess":"0","openaccessFlag":false},{"@_fa": "true", "link": [{"@_fa": "true", "@ref": "self", "@href": "https://api.elsevier.com/content/abstract/scopus_id/84964063083"},{"@_fa": "true", "@ref": "author-affiliation", "@href": "https://api.elsevier.com/content/abstract/scopus_id/84964063083?field=author,affiliation"},{"@_fa": "true", "@ref": "scopus", "@href": "https://www.scopus.com/inward/record.uri?partnerID=HzOxMe3b&scp=84964063083&origin=inward"},{"@_fa": "true", "@ref": "scopus-citedby", "@href": "https://www.scopus.com/inward/citedby.uri?partnerID=HzOxMe3b&scp=84964063083&origin=inward"}],"prism:url":"https://api.elsevier.com/content/abstract/scopus_id/84964063083","dc:identifier":"SCOPUS_ID:84964063083","eid":"2-s2.0-84964063083","dc:title":"Evaluating the performance of max current AC-DCT based colored digital image fusion for Visual Sensor Network's","dc:creator":"Begill A.","prism:publicationName":"2015 IEEE Signal Processing and Signal Processing Education Workshop, SP/SPE 2015","prism:isbn": [{"@_fa": "true", "$" :"9781467391696"}],"prism:pageRange":"397-402","prism:coverDate":"2015-12-30","prism:coverDisplayDate":"30 December 2015","prism:doi":"10.1109/DSP-SPE.2015.7369587","citedby-count":"0","affiliation": [{"@_fa": "true", "affilname":"DAV University","affiliation-city":"Jalandhar","affiliation-country":"India"}],"prism:aggregationType":"Conference Proceeding","subtype":"cp","subtypeDescription":"Conference Paper","article-number":"7369587","source-id":"21100456123","openaccess":"0","openaccessFlag":false},{"@_fa": "true", "link": [{"@_fa": "true", "@ref": "self", "@href": "https://api.elsevier.com/content/abstract/scopus_id/84964012401"},{"@_fa": "true", "@ref": "author-affiliation", "@href": "https://api.elsevier.com/content/abstract/scopus_id/84964012401?field=author,affiliation"},{"@_fa": "true", "@ref": "scopus", "@href": "https://www.scopus.com/inward/record.uri?partnerID=HzOxMe3b&scp=84964012401&origin=inward"},{"@_fa": "true", "@ref": "scopus-citedby", "@href": "https://www.scopus.com/inward/citedby.uri?partnerID=HzOxMe3b&scp=84964012401&origin=inward"}],"prism:url":"https://api.elsevier.com/content/abstract/scopus_id/84964012401","dc:identifier":"SCOPUS_ID:84964012401","eid":"2-s2.0-84964012401","dc:title":"Mapping Arabic acoustic parameters to their articulatory features using neural networks","dc:creator":"Alotaibi Y.","prism:publicationName":"2015 IEEE Signal Processing and Signal Processing Education Workshop, SP/SPE 2015","prism:isbn": [{"@_fa": "true", "$" :"9781467391696"}],"prism:pageRange":"409-414","prism:coverDate":"2015-12-30","prism:coverDisplayDate":"30 December 2015","prism:doi":"10.1109/DSP-SPE.2015.7369589","citedby-count":"0","affiliation": [{"@_fa": "true", "affilname":"King Saud University","affiliation-city":"Riyadh","affiliation-country":"Saudi Arabia"}],"prism:aggregationType":"Conference Proceeding","subtype":"cp","subtypeDescription":"Conference Paper","article-number":"7369589","source-id":"21100456123","openaccess":"0","openaccessFlag":false},{"@_fa": "true", "link": [{"@_fa": "true", "@ref": "self", "@href": "https://api.elsevier.com/content/abstract/scopus_id/84963676462"},{"@_fa": "true", "@ref": "author-affiliation", "@href": "https://api.elsevier.com/content/abstract/scopus_id/84963676462?field=author,affiliation"},{"@_fa": "true", "@ref": "scopus", "@href": "https://www.scopus.com/inward/record.uri?partnerID=HzOxMe3b&scp=84963676462&origin=inward"},{"@_fa": "true", "@ref": "scopus-citedby", "@href": "https://www.scopus.com/inward/citedby.uri?partnerID=HzOxMe3b&scp=84963676462&origin=inward"}],"prism:url":"https://api.elsevier.com/content/abstract/scopus_id/84963676462","dc:identifier":"SCOPUS_ID:84963676462","eid":"2-s2.0-84963676462","dc:title":"Creating behavior-based rules for snort based on Bayesian network learning algorithms","dc:creator":"Jongsawat N.","prism:publicationName":"Proceedings 2015 International Conference on Science and Technology, TICST 2015","prism:isbn": [{"@_fa": "true", "$" :"9781467376709"}],"prism:pageRange":"267-270","prism:coverDate":"2015-12-30","prism:coverDisplayDate":"30 December 2015","prism:doi":"10.1109/TICST.2015.7369369","citedby-count":"0","affiliation": [{"@_fa": "true", "affilname":"Rajamangala University of Technology Thanyaburi (RMUTT)","affiliation-city":"Pathum Thani","affiliation-country":"Thailand"}],"prism:aggregationType":"Conference Proceeding","subtype":"cp","subtypeDescription":"Conference Paper","article-number":"7369369","source-id":"21100455641","openaccess":"0","openaccessFlag":false},{"@_fa": "true", "link": [{"@_fa": "true", "@ref": "self", "@href": "https://api.elsevier.com/content/abstract/scopus_id/84964049672"},{"@_fa": "true", "@ref": "author-affiliation", "@href": "https://api.elsevier.com/content/abstract/scopus_id/84964049672?field=author,affiliation"},{"@_fa": "true", "@ref": "scopus", "@href": "https://www.scopus.com/inward/record.uri?partnerID=HzOxMe3b&scp=84964049672&origin=inward"},{"@_fa": "true", "@ref": "scopus-citedby", "@href": "https://www.scopus.com/inward/citedby.uri?partnerID=HzOxMe3b&scp=84964049672&origin=inward"}],"prism:url":"https://api.elsevier.com/content/abstract/scopus_id/84964049672","dc:identifier":"SCOPUS_ID:84964049672","eid":"2-s2.0-84964049672","dc:title":"The performance limit for distributed Bayesian estimation with identical one-bit quantizers","dc:creator":"Li X.","prism:publicationName":"2015 IEEE Signal Processing and Signal Processing Education Workshop, SP/SPE 2015","prism:isbn": [{"@_fa": "true", "$" :"9781467391696"}],"prism:pageRange":"19-24","prism:coverDate":"2015-12-30","prism:coverDisplayDate":"30 December 2015","prism:doi":"10.1109/DSP-SPE.2015.7369521","citedby-count":"1","affiliation": [{"@_fa": "true", "affilname":"Boise State University","affiliation-city":"Boise","affiliation-country":"United States"}],"prism:aggregationType":"Conference Proceeding","subtype":"cp","subtypeDescription":"Conference Paper","article-number":"7369521","source-id":"21100456123","openaccess":"0","openaccessFlag":false},{"@_fa": "true", "link": [{"@_fa": "true", "@ref": "self", "@href": "https://api.elsevier.com/content/abstract/scopus_id/84963640926"},{"@_fa": "true", "@ref": "author-affiliation", "@href": "https://api.elsevier.com/content/abstract/scopus_id/84963640926?field=author,affiliation"},{"@_fa": "true", "@ref": "scopus", "@href": "https://www.scopus.com/inward/record.uri?partnerID=HzOxMe3b&scp=84963640926&origin=inward"},{"@_fa": "true", "@ref": "scopus-citedby", "@href": "https://www.scopus.com/inward/citedby.uri?partnerID=HzOxMe3b&scp=84963640926&origin=inward"}],"prism:url":"https://api.elsevier.com/content/abstract/scopus_id/84963640926","dc:identifier":"SCOPUS_ID:84963640926","eid":"2-s2.0-84963640926","dc:title":"Fractional order oscillators with single non-zero transmission matrix element","dc:creator":"Said L.","prism:publicationName":"Proceedings 2015 International Conference on Science and Technology, TICST 2015","prism:isbn": [{"@_fa": "true", "$" :"9781467376709"}],"prism:pageRange":"56-60","prism:coverDate":"2015-12-30","prism:coverDisplayDate":"30 December 2015","prism:doi":"10.1109/TICST.2015.7369340","citedby-count":"2","affiliation": [{"@_fa": "true", "affilname":"German University in Cairo","affiliation-city":"Cairo","affiliation-country":"Egypt"}],"prism:aggregationType":"Conference Proceeding","subtype":"cp","subtypeDescription":"Conference Paper","article-number":"7369340","source-id":"21100455641","openaccess":"0","openaccessFlag":false},{"@_fa": "true", "link": [{"@_fa": "true", "@ref": "self", "@href": "https://api.elsevier.com/content/abstract/scopus_id/84964001365"},{"@_fa": "true", "@ref": "author-affiliation", "@href": "https://api.elsevier.com/content/abstract/scopus_id/84964001365?field=author,affiliation"},{"@_fa": "true", "@ref": "scopus", "@href": "https://www.scopus.com/inward/record.uri?partnerID=HzOxMe3b&scp=84964001365&origin=inward"},{"@_fa": "true", "@ref": "scopus-citedby", "@href": "https://www.scopus.com/inward/citedby.uri?partnerID=HzOxMe3b&scp=84964001365&origin=inward"}],"prism:url":"https://api.elsevier.com/content/abstract/scopus_id/84964001365","dc:identifier":"SCOPUS_ID:84964001365","eid":"2-s2.0-84964001365","dc:title":"A neural bio-inspired scheme for head pose recognition","dc:creator":"Eustacio O.","prism:publicationName":"2015 IEEE Signal Processing and Signal Processing Education Workshop, SP/SPE 2015","prism:isbn": [{"@_fa": "true", "$" :"9781467391696"}],"prism:pageRange":"403-408","prism:coverDate":"2015-12-30","prism:coverDisplayDate":"30 December 2015","prism:doi":"10.1109/DSP-SPE.2015.7369588","citedby-count":"1","affiliation": [{"@_fa": "true", "affilname":"Chihuahua Institute of Technology","affiliation-city":"Chihuahua","affiliation-country":"Mexico"}],"prism:aggregationType":"Conference Proceeding","subtype":"cp","subtypeDescription":"Conference Paper","article-number":"7369588","source-id":"21100456123","openaccess":"0","openaccessFlag":false},{"@_fa": "true", "link": [{"@_fa": "true", "@ref": "self", "@href": "https://api.elsevier.com/content/abstract/scopus_id/84964005774"},{"@_fa": "true", "@ref": "author-affiliation", "@href": "https://api.elsevier.com/content/abstract/scopus_id/84964005774?field=author,affiliation"},{"@_fa": "true", "@ref": "scopus", "@href": "https://www.scopus.com/inward/record.uri?partnerID=HzOxMe3b&scp=84964005774&origin=inward"},{"@_fa": "true", "@ref": "scopus-citedby", "@href": "https://www.scopus.com/inward/citedby.uri?partnerID=HzOxMe3b&scp=84964005774&origin=inward"}],"prism:url":"https://api.elsevier.com/content/abstract/scopus_id/84964005774","dc:identifier":"SCOPUS_ID:84964005774","eid":"2-s2.0-84964005774","dc:title":"Relay misbehavior detection for robust diversity combining in cooperative communications","dc:creator":"Wang T.","prism:publicationName":"2015 IEEE Signal Processing and Signal Processing Education Workshop, SP/SPE 2015","prism:isbn": [{"@_fa": "true", "$" :"9781467391696"}],"prism:pageRange":"184-189","prism:coverDate":"2015-12-30","prism:coverDisplayDate":"30 December 2015","prism:doi":"10.1109/DSP-SPE.2015.7369550","citedby-count":"0","affiliation": [{"@_fa": "true", "affilname":"National Sun Yat-Sen University Taiwan","affiliation-city":"Kaohsiung","affiliation-country":"Taiwan"}],"prism:aggregationType":"Conference Proceeding","subtype":"cp","subtypeDescription":"Conference Paper","article-number":"7369550","source-id":"21100456123","openaccess":"0","openaccessFlag":false},{"@_fa": "true", "link": [{"@_fa": "true", "@ref": "self", "@href": "https://api.elsevier.com/content/abstract/scopus_id/84964007998"},{"@_fa": "true", "@ref": "author-affiliation", "@href": "https://api.elsevier.com/content/abstract/scopus_id/84964007998?field=author,affiliation"},{"@_fa": "true", "@ref": "scopus", "@href": "https://www.scopus.com/inward/record.uri?partnerID=HzOxMe3b&scp=84964007998&origin=inward"},{"@_fa": "true", "@ref": "scopus-citedby", "@href": "https://www.scopus.com/inward/citedby.uri?partnerID=HzOxMe3b&scp=84964007998&origin=inward"}],"prism:url":"https://api.elsevier.com/content/abstract/scopus_id/84964007998","dc:identifier":"SCOPUS_ID:84964007998","eid":"2-s2.0-84964007998","dc:title":"A reconfigurable optically connected beamformer and correlator processing node for SKA","dc:creator":"Hampson G.","prism:publicationName":"2015 IEEE Signal Processing and Signal Processing Education Workshop, SP/SPE 2015","prism:isbn": [{"@_fa": "true", "$" :"9781467391696"}],"prism:pageRange":"267-271","prism:coverDate":"2015-12-30","prism:coverDisplayDate":"30 December 2015","prism:doi":"10.1109/DSP-SPE.2015.7369564","citedby-count":"0","affiliation": [{"@_fa": "true", "affilname":"CSIRO Astronomy and Space Science","affiliation-city":null,"affiliation-country":"Australia"}],"prism:aggregationType":"Conference Proceeding","subtype":"cp","subtypeDescription":"Conference Paper","article-number":"7369564","source-id":"21100456123","openaccess":"0","openaccessFlag":false},{"@_fa": "true", "link": [{"@_fa": "true", "@ref": "self", "@href": "https://api.elsevier.com/content/abstract/scopus_id/84963642462"},{"@_fa": "true", "@ref": "author-affiliation", "@href": "https://api.elsevier.com/content/abstract/scopus_id/84963642462?field=author,affiliation"},{"@_fa": "true", "@ref": "scopus", "@href": "https://www.scopus.com/inward/record.uri?partnerID=HzOxMe3b&scp=84963642462&origin=inward"},{"@_fa": "true", "@ref": "scopus-citedby", "@href": "https://www.scopus.com/inward/citedby.uri?partnerID=HzOxMe3b&scp=84963642462&origin=inward"}],"prism:url":"https://api.elsevier.com/content/abstract/scopus_id/84963642462","dc:identifier":"SCOPUS_ID:84963642462","eid":"2-s2.0-84963642462","dc:title":"Anomalous STLF for Indonesia power system using artificial neural network","dc:creator":"Mulyadi Y.","prism:publicationName":"Proceedings 2015 International Conference on Science and Technology, TICST 2015","prism:isbn": [{"@_fa": "true", "$" :"9781467376709"}],"prism:pageRange":"1-4","prism:coverDate":"2015-12-30","prism:coverDisplayDate":"30 December 2015","prism:doi":"10.1109/TICST.2015.7369331","citedby-count":"2","affiliation": [{"@_fa": "true", "affilname":"Universitas Pendidikan Indonesia","affiliation-city":"Bandung","affiliation-country":"Indonesia"}],"prism:aggregationType":"Conference Proceeding","subtype":"cp","subtypeDescription":"Conference Paper","article-number":"7369331","source-id":"21100455641","openaccess":"0","openaccessFlag":false},{"@_fa": "true", "link": [{"@_fa": "true", "@ref": "self", "@href": "https://api.elsevier.com/content/abstract/scopus_id/84963995271"},{"@_fa": "true", "@ref": "author-affiliation", "@href": "https://api.elsevier.com/content/abstract/scopus_id/84963995271?field=author,affiliation"},{"@_fa": "true", "@ref": "scopus", "@href": "https://www.scopus.com/inward/record.uri?partnerID=HzOxMe3b&scp=84963995271&origin=inward"},{"@_fa": "true", "@ref": "scopus-citedby", "@href": "https://www.scopus.com/inward/citedby.uri?partnerID=HzOxMe3b&scp=84963995271&origin=inward"}],"prism:url":"https://api.elsevier.com/content/abstract/scopus_id/84963995271","dc:identifier":"SCOPUS_ID:84963995271","eid":"2-s2.0-84963995271","dc:title":"Impact of common observations in parallel distributed detection","dc:creator":"Chen H.","prism:publicationName":"2015 IEEE Signal Processing and Signal Processing Education Workshop, SP/SPE 2015","prism:isbn": [{"@_fa": "true", "$" :"9781467391696"}],"prism:pageRange":"95-100","prism:coverDate":"2015-12-30","prism:coverDisplayDate":"30 December 2015","prism:doi":"10.1109/DSP-SPE.2015.7369534","citedby-count":"0","affiliation": [{"@_fa": "true", "affilname":"Boise State University","affiliation-city":"Boise","affiliation-country":"United States"}],"prism:aggregationType":"Conference Proceeding","subtype":"cp","subtypeDescription":"Conference Paper","article-number":"7369534","source-id":"21100456123","openaccess":"0","openaccessFlag":false},{"@_fa": "true", "link": [{"@_fa": "true", "@ref": "self", "@href": "https://api.elsevier.com/content/abstract/scopus_id/84963642508"},{"@_fa": "true", "@ref": "author-affiliation", "@href": "https://api.elsevier.com/content/abstract/scopus_id/84963642508?field=author,affiliation"},{"@_fa": "true", "@ref": "scopus", "@href": "https://www.scopus.com/inward/record.uri?partnerID=HzOxMe3b&scp=84963642508&origin=inward"},{"@_fa": "true", "@ref": "scopus-citedby", "@href": "https://www.scopus.com/inward/citedby.uri?partnerID=HzOxMe3b&scp=84963642508&origin=inward"}],"prism:url":"https://api.elsevier.com/content/abstract/scopus_id/84963642508","dc:identifier":"SCOPUS_ID:84963642508","eid":"2-s2.0-84963642508","dc:title":"LEACH protocol based design for effective energy utilization in wireless sensor networks","dc:creator":"Subramanian G.","prism:publicationName":"Proceedings 2015 International Conference on Science and Technology, TICST 2015","prism:isbn": [{"@_fa": "true", "$" :"9781467376709"}],"prism:pageRange":"385-389","prism:coverDate":"2015-12-30","prism:coverDisplayDate":"30 December 2015","prism:doi":"10.1109/TICST.2015.7369391","citedby-count":"7","affiliation": [{"@_fa": "true", "affilname":"Manipal Academy of Higher Education, Dubai Campus","affiliation-city":"Dubai","affiliation-country":"United Arab Emirates"}],"prism:aggregationType":"Conference Proceeding","subtype":"cp","subtypeDescription":"Conference Paper","article-number":"7369391","source-id":"21100455641","openaccess":"0","openaccessFlag":false},{"@_fa": "true", "link": [{"@_fa": "true", "@ref": "self", "@href": "https://api.elsevier.com/content/abstract/scopus_id/84963690290"},{"@_fa": "true", "@ref": "author-affiliation", "@href": "https://api.elsevier.com/content/abstract/scopus_id/84963690290?field=author,affiliation"},{"@_fa": "true", "@ref": "scopus", "@href": "https://www.scopus.com/inward/record.uri?partnerID=HzOxMe3b&scp=84963690290&origin=inward"},{"@_fa": "true", "@ref": "scopus-citedby", "@href": "https://www.scopus.com/inward/citedby.uri?partnerID=HzOxMe3b&scp=84963690290&origin=inward"}],"prism:url":"https://api.elsevier.com/content/abstract/scopus_id/84963690290","dc:identifier":"SCOPUS_ID:84963690290","eid":"2-s2.0-84963690290","dc:title":"Bandwidth reduction in SNMP monitoring system with bloom filter using lossless compression","dc:creator":"Kiatdherarat W.","prism:publicationName":"Proceedings 2015 International Conference on Science and Technology, TICST 2015","prism:isbn": [{"@_fa": "true", "$" :"9781467376709"}],"prism:pageRange":"381-384","prism:coverDate":"2015-12-30","prism:coverDisplayDate":"30 December 2015","prism:doi":"10.1109/TICST.2015.7369390","citedby-count":"0","affiliation": [{"@_fa": "true", "affilname":"King Mongkut's University of Technology North Bangkok","affiliation-city":"Bangkok","affiliation-country":"Thailand"}],"prism:aggregationType":"Conference Proceeding","subtype":"cp","subtypeDescription":"Conference Paper","article-number":"7369390","source-id":"21100455641","openaccess":"0","openaccessFlag":false},{"@_fa": "true", "link": [{"@_fa": "true", "@ref": "self", "@href": "https://api.elsevier.com/content/abstract/scopus_id/84964049682"},{"@_fa": "true", "@ref": "author-affiliation", "@href": "https://api.elsevier.com/content/abstract/scopus_id/84964049682?field=author,affiliation"},{"@_fa": "true", "@ref": "scopus", "@href": "https://www.scopus.com/inward/record.uri?partnerID=HzOxMe3b&scp=84964049682&origin=inward"},{"@_fa": "true", "@ref": "scopus-citedby", "@href": "https://www.scopus.com/inward/citedby.uri?partnerID=HzOxMe3b&scp=84964049682&origin=inward"}],"prism:url":"https://api.elsevier.com/content/abstract/scopus_id/84964049682","dc:identifier":"SCOPUS_ID:84964049682","eid":"2-s2.0-84964049682","dc:title":"Impact of timing and frequency offsets on multicarrier waveform candidates for 5G","dc:creator":"Aminjavaheri A.","prism:publicationName":"2015 IEEE Signal Processing and Signal Processing Education Workshop, SP/SPE 2015","prism:isbn": [{"@_fa": "true", "$" :"9781467391696"}],"prism:pageRange":"178-183","prism:coverDate":"2015-12-30","prism:coverDisplayDate":"30 December 2015","prism:doi":"10.1109/DSP-SPE.2015.7369549","citedby-count":"57","affiliation": [{"@_fa": "true", "affilname":"University of Utah","affiliation-city":"Salt Lake City","affiliation-country":"United States"}],"prism:aggregationType":"Conference Proceeding","subtype":"cp","subtypeDescription":"Conference Paper","article-number":"7369549","source-id":"21100456123","openaccess":"0","openaccessFlag":false},{"@_fa": "true", "link": [{"@_fa": "true", "@ref": "self", "@href": "https://api.elsevier.com/content/abstract/scopus_id/84964033692"},{"@_fa": "true", "@ref": "author-affiliation", "@href": "https://api.elsevier.com/content/abstract/scopus_id/84964033692?field=author,affiliation"},{"@_fa": "true", "@ref": "scopus", "@href": "https://www.scopus.com/inward/record.uri?partnerID=HzOxMe3b&scp=84964033692&origin=inward"},{"@_fa": "true", "@ref": "scopus-citedby", "@href": "https://www.scopus.com/inward/citedby.uri?partnerID=HzOxMe3b&scp=84964033692&origin=inward"}],"prism:url":"https://api.elsevier.com/content/abstract/scopus_id/84964033692","dc:identifier":"SCOPUS_ID:84964033692","eid":"2-s2.0-84964033692","dc:title":"Deep emotion recognition using prosodic and spectral feature extraction and classification based on cross validation and bootstrap","dc:creator":"Sharma A.","prism:publicationName":"2015 IEEE Signal Processing and Signal Processing Education Workshop, SP/SPE 2015","prism:isbn": [{"@_fa": "true", "$" :"9781467391696"}],"prism:pageRange":"421-425","prism:coverDate":"2015-12-30","prism:coverDisplayDate":"30 December 2015","prism:doi":"10.1109/DSP-SPE.2015.7369591","citedby-count":"2","affiliation": [{"@_fa": "true", "affilname":"Georgia Institute of Technology","affiliation-city":"Atlanta","affiliation-country":"United States"}],"prism:aggregationType":"Conference Proceeding","subtype":"cp","subtypeDescription":"Conference Paper","article-number":"7369591","source-id":"21100456123","openaccess":"0","openaccessFlag":false},{"@_fa": "true", "link": [{"@_fa": "true", "@ref": "self", "@href": "https://api.elsevier.com/content/abstract/scopus_id/84964067843"},{"@_fa": "true", "@ref": "author-affiliation", "@href": "https://api.elsevier.com/content/abstract/scopus_id/84964067843?field=author,affiliation"},{"@_fa": "true", "@ref": "scopus", "@href": "https://www.scopus.com/inward/record.uri?partnerID=HzOxMe3b&scp=84964067843&origin=inward"},{"@_fa": "true", "@ref": "scopus-citedby", "@href": "https://www.scopus.com/inward/citedby.uri?partnerID=HzOxMe3b&scp=84964067843&origin=inward"}],"prism:url":"https://api.elsevier.com/content/abstract/scopus_id/84964067843","dc:identifier":"SCOPUS_ID:84964067843","eid":"2-s2.0-84964067843","dc:title":"The Cross-Ambiguity Function for emitter location and radar - Practical issues for time discretization","dc:creator":"Schatzman J.","prism:publicationName":"2015 IEEE Signal Processing and Signal Processing Education Workshop, SP/SPE 2015","prism:isbn": [{"@_fa": "true", "$" :"9781467391696"}],"prism:pageRange":"243-248","prism:coverDate":"2015-12-30","prism:coverDisplayDate":"30 December 2015","prism:doi":"10.1109/DSP-SPE.2015.7369560","citedby-count":"2","affiliation": [{"@_fa": "true", "affilname":"University of Colorado at Denver","affiliation-city":"Denver","affiliation-country":"United States"}],"prism:aggregationType":"Conference Proceeding","subtype":"cp","subtypeDescription":"Conference Paper","article-number":"7369560","source-id":"21100456123","openaccess":"0","openaccessFlag":false},{"@_fa": "true", "link": [{"@_fa": "true", "@ref": "self", "@href": "https://api.elsevier.com/content/abstract/scopus_id/84964043737"},{"@_fa": "true", "@ref": "author-affiliation", "@href": "https://api.elsevier.com/content/abstract/scopus_id/84964043737?field=author,affiliation"},{"@_fa": "true", "@ref": "scopus", "@href": "https://www.scopus.com/inward/record.uri?partnerID=HzOxMe3b&scp=84964043737&origin=inward"},{"@_fa": "true", "@ref": "scopus-citedby", "@href": "https://www.scopus.com/inward/citedby.uri?partnerID=HzOxMe3b&scp=84964043737&origin=inward"}],"prism:url":"https://api.elsevier.com/content/abstract/scopus_id/84964043737","dc:identifier":"SCOPUS_ID:84964043737","eid":"2-s2.0-84964043737","dc:title":"You're crossing the line: Localizing border crossings using wireless RF links","dc:creator":"Hillyard P.","prism:publicationName":"2015 IEEE Signal Processing and Signal Processing Education Workshop, SP/SPE 2015","prism:isbn": [{"@_fa": "true", "$" :"9781467391696"}],"prism:pageRange":"249-254","prism:coverDate":"2015-12-30","prism:coverDisplayDate":"30 December 2015","prism:doi":"10.1109/DSP-SPE.2015.7369561","citedby-count":"3","affiliation": [{"@_fa": "true", "affilname":"University of Utah","affiliation-city":"Salt Lake City","affiliation-country":"United States"}],"prism:aggregationType":"Conference Proceeding","subtype":"cp","subtypeDescription":"Conference Paper","article-number":"7369561","source-id":"21100456123","openaccess":"0","openaccessFlag":false},{"@_fa": "true", "link": [{"@_fa": "true", "@ref": "self", "@href": "https://api.elsevier.com/content/abstract/scopus_id/84963657292"},{"@_fa": "true", "@ref": "author-affiliation", "@href": "https://api.elsevier.com/content/abstract/scopus_id/84963657292?field=author,affiliation"},{"@_fa": "true", "@ref": "scopus", "@href": "https://www.scopus.com/inward/record.uri?partnerID=HzOxMe3b&scp=84963657292&origin=inward"},{"@_fa": "true", "@ref": "scopus-citedby", "@href": "https://www.scopus.com/inward/citedby.uri?partnerID=HzOxMe3b&scp=84963657292&origin=inward"}],"prism:url":"https://api.elsevier.com/content/abstract/scopus_id/84963657292","dc:identifier":"SCOPUS_ID:84963657292","eid":"2-s2.0-84963657292","dc:title":"Development of CHCP systems in urban areas: An opportunity to increase power generation efficiency and mitigate CO<inf>2</inf> emission","dc:creator":"Mobini M.","prism:publicationName":"Proceedings 2015 International Conference on Science and Technology, TICST 2015","prism:isbn": [{"@_fa": "true", "$" :"9781467376709"}],"prism:pageRange":"508-514","prism:coverDate":"2015-12-30","prism:coverDisplayDate":"30 December 2015","prism:doi":"10.1109/TICST.2015.7369407","citedby-count":"1","affiliation": [{"@_fa": "true", "affilname":"Shahid Beheshti University","affiliation-city":"Tehran","affiliation-country":"Iran"}],"prism:aggregationType":"Conference Proceeding","subtype":"cp","subtypeDescription":"Conference Paper","article-number":"7369407","source-id":"21100455641","openaccess":"0","openaccessFlag":false},{"@_fa": "true", "link": [{"@_fa": "true", "@ref": "self", "@href": "https://api.elsevier.com/content/abstract/scopus_id/84961255363"},{"@_fa": "true", "@ref": "author-affiliation", "@href": "https://api.elsevier.com/content/abstract/scopus_id/84961255363?field=author,affiliation"},{"@_fa": "true", "@ref": "scopus", "@href": "https://www.scopus.com/inward/record.uri?partnerID=HzOxMe3b&scp=84961255363&origin=inward"},{"@_fa": "true", "@ref": "scopus-citedby", "@href": "https://www.scopus.com/inward/citedby.uri?partnerID=HzOxMe3b&scp=84961255363&origin=inward"}],"prism:url":"https://api.elsevier.com/content/abstract/scopus_id/84961255363","dc:identifier":"SCOPUS_ID:84961255363","eid":"2-s2.0-84961255363","dc:title":"Exotic spices in flux: Archaeobotanical material from medieval and early modern sites of the Czech lands (Czech Republic)","dc:creator":"Preusz M.","prism:publicationName":"Interdisciplinaria Archaeologica","prism:issn":"1804848X","prism:eIssn":"23361220","prism:volume":"6","prism:issueIdentifier":"2","prism:pageRange":"223-236","prism:coverDate":"2015-12-29","prism:coverDisplayDate":"29 December 2015","citedby-count":"3","affiliation": [{"@_fa": "true", "affilname":"Jihoceská Univerzita v Ceských Budejovicích","affiliation-city":"České Budějovice","affiliation-country":"Czech Republic"}],"prism:aggregationType":"Journal","subtype":"ar","subtypeDescription":"Article","source-id":"21100379760","openaccess":"0","openaccessFlag":false},{"@_fa": "true", "link": [{"@_fa": "true", "@ref": "self", "@href": "https://api.elsevier.com/content/abstract/scopus_id/84952802725"},{"@_fa": "true", "@ref": "author-affiliation", "@href": "https://api.elsevier.com/content/abstract/scopus_id/84952802725?field=author,affiliation"},{"@_fa": "true", "@ref": "scopus", "@href": "https://www.scopus.com/inward/record.uri?partnerID=HzOxMe3b&scp=84952802725&origin=inward"},{"@_fa": "true", "@ref": "scopus-citedby", "@href": "https://www.scopus.com/inward/citedby.uri?partnerID=HzOxMe3b&scp=84952802725&origin=inward"}],"prism:url":"https://api.elsevier.com/content/abstract/scopus_id/84952802725","dc:identifier":"SCOPUS_ID:84952802725","eid":"2-s2.0-84952802725","dc:title":"Molecular Mechanism underlying PRMT1 Dimerization for SAM Binding and Methylase Activity","dc:creator":"Zhou R.","prism:publicationName":"Journal of Chemical Information and Modeling","prism:issn":"15499596","prism:eIssn":"15205142","prism:volume":"55","prism:issueIdentifier":"12","prism:pageRange":"2623-2632","prism:coverDate":"2015-12-28","prism:coverDisplayDate":"28 December 2015","prism:doi":"10.1021/acs.jcim.5b00454","citedby-count":"12","affiliation": [{"@_fa": "true", "affilname":"Shanghai Institute of Materia Medica, Chinese Academy of Sciences","affiliation-city":"Shanghai","affiliation-country":"China"},{"@_fa": "true", "affilname":"Soochow University","affiliation-city":"Suzhou","affiliation-country":"China"}],"pubmed-id":"26562720","prism:aggregationType":"Journal","subtype":"ar","subtypeDescription":"Article","source-id":"130080","openaccess":"0","openaccessFlag":false},{"@_fa": "true", "link": [{"@_fa": "true", "@ref": "self", "@href": "https://api.elsevier.com/content/abstract/scopus_id/84952802750"},{"@_fa": "true", "@ref": "author-affiliation", "@href": "https://api.elsevier.com/content/abstract/scopus_id/84952802750?field=author,affiliation"},{"@_fa": "true", "@ref": "scopus", "@href": "https://www.scopus.com/inward/record.uri?partnerID=HzOxMe3b&scp=84952802750&origin=inward"},{"@_fa": "true", "@ref": "scopus-citedby", "@href": "https://www.scopus.com/inward/citedby.uri?partnerID=HzOxMe3b&scp=84952802750&origin=inward"}],"prism:url":"https://api.elsevier.com/content/abstract/scopus_id/84952802750","dc:identifier":"SCOPUS_ID:84952802750","eid":"2-s2.0-84952802750","dc:title":"Target-Based Drug Repositioning Using Large-Scale Chemical-Protein Interactome Data","dc:creator":"Sawada R.","prism:publicationName":"Journal of Chemical Information and Modeling","prism:issn":"15499596","prism:eIssn":"15205142","prism:volume":"55","prism:issueIdentifier":"12","prism:pageRange":"2717-2730","prism:coverDate":"2015-12-28","prism:coverDisplayDate":"28 December 2015","prism:doi":"10.1021/acs.jcim.5b00330","citedby-count":"17","affiliation": [{"@_fa": "true", "affilname":"Kyushu University","affiliation-city":"Fukuoka","affiliation-country":"Japan"}],"pubmed-id":"26580494","prism:aggregationType":"Journal","subtype":"ar","subtypeDescription":"Article","source-id":"130080","openaccess":"0","openaccessFlag":false},{"@_fa": "true", "link": [{"@_fa": "true", "@ref": "self", "@href": "https://api.elsevier.com/content/abstract/scopus_id/84932193701"},{"@_fa": "true", "@ref": "author-affiliation", "@href": "https://api.elsevier.com/content/abstract/scopus_id/84932193701?field=author,affiliation"},{"@_fa": "true", "@ref": "scopus", "@href": "https://www.scopus.com/inward/record.uri?partnerID=HzOxMe3b&scp=84932193701&origin=inward"},{"@_fa": "true", "@ref": "scopus-citedby", "@href": "https://www.scopus.com/inward/citedby.uri?partnerID=HzOxMe3b&scp=84932193701&origin=inward"}],"prism:url":"https://api.elsevier.com/content/abstract/scopus_id/84932193701","dc:identifier":"SCOPUS_ID:84932193701","eid":"2-s2.0-84932193701","dc:title":"Quantitative modeling of dose-response and drug combination based on pathway network","dc:creator":"Gu J.","prism:publicationName":"Journal of Cheminformatics","prism:eIssn":"17582946","prism:volume":"7","prism:issueIdentifier":"1","prism:pageRange":"1-10","prism:coverDate":"2015-12-25","prism:coverDisplayDate":"25 December 2015","prism:doi":"10.1186/s13321-015-0066-6","citedby-count":"10","affiliation": [{"@_fa": "true", "affilname":"College of Chemistry and Molecular Engineering, Peking University","affiliation-city":"Beijing","affiliation-country":"China"}],"prism:aggregationType":"Journal","subtype":"ar","subtypeDescription":"Article","source-id":"19600157322","openaccess":"1","openaccessFlag":true},{"@_fa": "true", "link": [{"@_fa": "true", "@ref": "self", "@href": "https://api.elsevier.com/content/abstract/scopus_id/84969951495"},{"@_fa": "true", "@ref": "author-affiliation", "@href": "https://api.elsevier.com/content/abstract/scopus_id/84969951495?field=author,affiliation"},{"@_fa": "true", "@ref": "scopus", "@href": "https://www.scopus.com/inward/record.uri?partnerID=HzOxMe3b&scp=84969951495&origin=inward"},{"@_fa": "true", "@ref": "scopus-citedby", "@href": "https://www.scopus.com/inward/citedby.uri?partnerID=HzOxMe3b&scp=84969951495&origin=inward"}],"prism:url":"https://api.elsevier.com/content/abstract/scopus_id/84969951495","dc:identifier":"SCOPUS_ID:84969951495","eid":"2-s2.0-84969951495","dc:title":"Epidemic routing in vehicular delay-tolerant networks: The use of heterogeneous conditions to increase packet delivery ratio","dc:creator":"Hernandez R.","prism:publicationName":"2015 IEEE 1st International Smart Cities Conference, ISC2 2015","prism:isbn": [{"@_fa": "true", "$" :"9781467365529"}],"prism:pageRange":null,"prism:coverDate":"2015-12-24","prism:coverDisplayDate":"24 December 2015","prism:doi":"10.1109/ISC2.2015.7366199","citedby-count":"3","affiliation": [{"@_fa": "true", "affilname":"Tecnológico de Monterrey, Querétaro","affiliation-city":"Queretaro","affiliation-country":"Mexico"}],"prism:aggregationType":"Conference Proceeding","subtype":"cp","subtypeDescription":"Conference Paper","article-number":"7366199","source-id":"21100463121","openaccess":"0","openaccessFlag":false}]}}