{"search-results":{"opensearch:totalResults":"11167","opensearch:startIndex":"0","opensearch:itemsPerPage":"25","opensearch:Query":{"@role": "request", "@searchTerms": "TITLE-ABS-KEY(\"networks\") AND SUBJAREA(SOCI) AND PUBYEAR = 2013", "@startPage": "0"},"link": [{"@_fa": "true", "@ref": "self", "@href": "https://api.elsevier.com/content/search/scopus?start=0&count=25&query=TITLE-ABS-KEY%28%22networks%22%29+AND+SUBJAREA%28SOCI%29+AND+PUBYEAR+%3D+2013&apiKey=27d953b4b546791964ebeb768d13e61f&view=STANDARD", "@type": "application/json"},{"@_fa": "true", "@ref": "first", "@href": "https://api.elsevier.com/content/search/scopus?start=0&count=25&query=TITLE-ABS-KEY%28%22networks%22%29+AND+SUBJAREA%28SOCI%29+AND+PUBYEAR+%3D+2013&apiKey=27d953b4b546791964ebeb768d13e61f&view=STANDARD", "@type": "application/json"},{"@_fa": "true", "@ref": "next", "@href": "https://api.elsevier.com/content/search/scopus?start=25&count=25&query=TITLE-ABS-KEY%28%22networks%22%29+AND+SUBJAREA%28SOCI%29+AND+PUBYEAR+%3D+2013&apiKey=27d953b4b546791964ebeb768d13e61f&view=STANDARD", "@type": "application/json"},{"@_fa": "true", "@ref": "last", "@href": "https://api.elsevier.com/content/search/scopus?start=4975&count=25&query=TITLE-ABS-KEY%28%22networks%22%29+AND+SUBJAREA%28SOCI%29+AND+PUBYEAR+%3D+2013&apiKey=27d953b4b546791964ebeb768d13e61f&view=STANDARD", "@type": "application/json"}],"entry": [{"@_fa": "true", "link": [{"@_fa": "true", "@ref": "self", "@href": "https://api.elsevier.com/content/abstract/scopus_id/84891069837"},{"@_fa": "true", "@ref": "author-affiliation", "@href": "https://api.elsevier.com/content/abstract/scopus_id/84891069837?field=author,affiliation"},{"@_fa": "true", "@ref": "scopus", "@href": "https://www.scopus.com/inward/record.uri?partnerID=HzOxMe3b&scp=84891069837&origin=inward"},{"@_fa": "true", "@ref": "scopus-citedby", "@href": "https://www.scopus.com/inward/citedby.uri?partnerID=HzOxMe3b&scp=84891069837&origin=inward"}],"prism:url":"https://api.elsevier.com/content/abstract/scopus_id/84891069837","dc:identifier":"SCOPUS_ID:84891069837","eid":"2-s2.0-84891069837","dc:title":"Innovation in European Vocational Education and Training: Network learning in England, Finland and Germany","dc:creator":"Heikkilä E.","prism:publicationName":"Research in Comparative and International Education","prism:eIssn":"17454999","prism:volume":"8","prism:issueIdentifier":"4","prism:pageRange":"428-436","prism:coverDate":"2013-12-31","prism:coverDisplayDate":"2013","prism:doi":"10.2304/rcie.2013.8.4.428","citedby-count":"0","prism:aggregationType":"Journal","subtype":"ar","subtypeDescription":"Article","source-id":"18400156722","openaccess":"0","openaccessFlag":false},{"@_fa": "true", "link": [{"@_fa": "true", "@ref": "self", "@href": "https://api.elsevier.com/content/abstract/scopus_id/84944402852"},{"@_fa": "true", "@ref": "author-affiliation", "@href": "https://api.elsevier.com/content/abstract/scopus_id/84944402852?field=author,affiliation"},{"@_fa": "true", "@ref": "scopus", "@href": "https://www.scopus.com/inward/record.uri?partnerID=HzOxMe3b&scp=84944402852&origin=inward"},{"@_fa": "true", "@ref": "scopus-citedby", "@href": "https://www.scopus.com/inward/citedby.uri?partnerID=HzOxMe3b&scp=84944402852&origin=inward"}],"prism:url":"https://api.elsevier.com/content/abstract/scopus_id/84944402852","dc:identifier":"SCOPUS_ID:84944402852","eid":"2-s2.0-84944402852","dc:title":"MOOCs: Exploiting networks for the education of the masses or just a trend?","dc:creator":"Camilleri V.","prism:publicationName":"The Social Classroom: Integrating Social Network Use in Education","prism:isbn": [{"@_fa": "true", "$" :"9781466649057"},{"@_fa": "true", "$" :"1466649046"},{"@_fa": "true", "$" :"9781466649040"}],"prism:pageRange":"348-366","prism:coverDate":"2013-12-31","prism:coverDisplayDate":"December 31, 2013","prism:doi":"10.4018/978-1-4666-4904-0.ch018","citedby-count":"8","affiliation": [{"@_fa": "true", "affilname":"L-Università ta' Malta","affiliation-city":"Msida","affiliation-country":"Malta"}],"prism:aggregationType":"Book","subtype":"ch","subtypeDescription":"Chapter","source-id":"21100420361","openaccess":"0","openaccessFlag":false},{"@_fa": "true", "link": [{"@_fa": "true", "@ref": "self", "@href": "https://api.elsevier.com/content/abstract/scopus_id/84956711725"},{"@_fa": "true", "@ref": "author-affiliation", "@href": "https://api.elsevier.com/content/abstract/scopus_id/84956711725?field=author,affiliation"},{"@_fa": "true", "@ref": "scopus", "@href": "https://www.scopus.com/inward/record.uri?partnerID=HzOxMe3b&scp=84956711725&origin=inward"},{"@_fa": "true", "@ref": "scopus-citedby", "@href": "https://www.scopus.com/inward/citedby.uri?partnerID=HzOxMe3b&scp=84956711725&origin=inward"}],"prism:url":"https://api.elsevier.com/content/abstract/scopus_id/84956711725","dc:identifier":"SCOPUS_ID:84956711725","eid":"2-s2.0-84956711725","dc:title":"Agent-based modeling for carpooling","dc:creator":"Knapen L.","prism:publicationName":"Data Science and Simulation in Transportation Research","prism:isbn": [{"@_fa": "true", "$" :"9781466649217"},{"@_fa": "true", "$" :"1466649208"},{"@_fa": "true", "$" :"9781466649200"}],"prism:pageRange":"232-258","prism:coverDate":"2013-12-31","prism:coverDisplayDate":"December 31, 2013","prism:doi":"10.4018/978-1-4666-4920-0.ch012","citedby-count":"0","affiliation": [{"@_fa": "true", "affilname":"Universiteit Hasselt","affiliation-city":"Diepenbeek","affiliation-country":"Belgium"}],"prism:aggregationType":"Book","subtype":"ch","subtypeDescription":"Chapter","source-id":"21100442814","openaccess":"0","openaccessFlag":false},{"@_fa": "true", "link": [{"@_fa": "true", "@ref": "self", "@href": "https://api.elsevier.com/content/abstract/scopus_id/84945413696"},{"@_fa": "true", "@ref": "author-affiliation", "@href": "https://api.elsevier.com/content/abstract/scopus_id/84945413696?field=author,affiliation"},{"@_fa": "true", "@ref": "scopus", "@href": "https://www.scopus.com/inward/record.uri?partnerID=HzOxMe3b&scp=84945413696&origin=inward"},{"@_fa": "true", "@ref": "scopus-citedby", "@href": "https://www.scopus.com/inward/citedby.uri?partnerID=HzOxMe3b&scp=84945413696&origin=inward"}],"prism:url":"https://api.elsevier.com/content/abstract/scopus_id/84945413696","dc:identifier":"SCOPUS_ID:84945413696","eid":"2-s2.0-84945413696","dc:title":"Personal learning environments and social networks in the traditional school system: An applied case study in the greek educational system","dc:creator":"Manolis C.","prism:publicationName":"The Social Classroom: Integrating Social Network Use in Education","prism:isbn": [{"@_fa": "true", "$" :"9781466649057"},{"@_fa": "true", "$" :"1466649046"},{"@_fa": "true", "$" :"9781466649040"}],"prism:pageRange":"417-440","prism:coverDate":"2013-12-31","prism:coverDisplayDate":"December 31, 2013","prism:doi":"10.4018/978-1-4666-4904-0.ch021","citedby-count":"0","affiliation": [{"@_fa": "true", "affilname":"University of Athens","affiliation-city":"Athens","affiliation-country":"Greece"}],"prism:aggregationType":"Book","subtype":"ch","subtypeDescription":"Chapter","source-id":"21100420361","openaccess":"0","openaccessFlag":false},{"@_fa": "true", "link": [{"@_fa": "true", "@ref": "self", "@href": "https://api.elsevier.com/content/abstract/scopus_id/84945355031"},{"@_fa": "true", "@ref": "author-affiliation", "@href": "https://api.elsevier.com/content/abstract/scopus_id/84945355031?field=author,affiliation"},{"@_fa": "true", "@ref": "scopus", "@href": "https://www.scopus.com/inward/record.uri?partnerID=HzOxMe3b&scp=84945355031&origin=inward"},{"@_fa": "true", "@ref": "scopus-citedby", "@href": "https://www.scopus.com/inward/citedby.uri?partnerID=HzOxMe3b&scp=84945355031&origin=inward"}],"prism:url":"https://api.elsevier.com/content/abstract/scopus_id/84945355031","dc:identifier":"SCOPUS_ID:84945355031","eid":"2-s2.0-84945355031","dc:title":"The Social Classroom: Integrating Social Network Use in Education","dc:creator":"Mallia G.","prism:publicationName":"The Social Classroom: Integrating Social Network Use in Education","prism:isbn": [{"@_fa": "true", "$" :"9781466649057"},{"@_fa": "true", "$" :"1466649046"},{"@_fa": "true", "$" :"9781466649040"}],"prism:pageRange":"1-532","prism:coverDate":"2013-12-31","prism:coverDisplayDate":"December 31, 2013","prism:doi":"10.4018/978-1-4666-4904-0","citedby-count":"5","affiliation": [{"@_fa": "true", "affilname":"L-Università ta' Malta","affiliation-city":"Msida","affiliation-country":"Malta"}],"prism:aggregationType":"Book","subtype":"bk","subtypeDescription":"Book","source-id":"21100420361","openaccess":"0","openaccessFlag":false},{"@_fa": "true", "link": [{"@_fa": "true", "@ref": "self", "@href": "https://api.elsevier.com/content/abstract/scopus_id/84956719780"},{"@_fa": "true", "@ref": "author-affiliation", "@href": "https://api.elsevier.com/content/abstract/scopus_id/84956719780?field=author,affiliation"},{"@_fa": "true", "@ref": "scopus", "@href": "https://www.scopus.com/inward/record.uri?partnerID=HzOxMe3b&scp=84956719780&origin=inward"},{"@_fa": "true", "@ref": "scopus-citedby", "@href": "https://www.scopus.com/inward/citedby.uri?partnerID=HzOxMe3b&scp=84956719780&origin=inward"}],"prism:url":"https://api.elsevier.com/content/abstract/scopus_id/84956719780","dc:identifier":"SCOPUS_ID:84956719780","eid":"2-s2.0-84956719780","dc:title":"Adding electric vehicle modeling capability to an agent-based transport simulation","dc:creator":"Waraich R.","prism:publicationName":"Data Science and Simulation in Transportation Research","prism:isbn": [{"@_fa": "true", "$" :"9781466649217"},{"@_fa": "true", "$" :"1466649208"},{"@_fa": "true", "$" :"9781466649200"}],"prism:pageRange":"282-319","prism:coverDate":"2013-12-31","prism:coverDisplayDate":"December 31, 2013","prism:doi":"10.4018/978-1-4666-4920-0.ch014","citedby-count":"5","affiliation": [{"@_fa": "true", "affilname":"ETH Zürich","affiliation-city":"Zurich ZH,","affiliation-country":"Switzerland"}],"prism:aggregationType":"Book","subtype":"ch","subtypeDescription":"Chapter","source-id":"21100442814","openaccess":"0","openaccessFlag":false},{"@_fa": "true", "link": [{"@_fa": "true", "@ref": "self", "@href": "https://api.elsevier.com/content/abstract/scopus_id/84945383238"},{"@_fa": "true", "@ref": "author-affiliation", "@href": "https://api.elsevier.com/content/abstract/scopus_id/84945383238?field=author,affiliation"},{"@_fa": "true", "@ref": "scopus", "@href": "https://www.scopus.com/inward/record.uri?partnerID=HzOxMe3b&scp=84945383238&origin=inward"},{"@_fa": "true", "@ref": "scopus-citedby", "@href": "https://www.scopus.com/inward/citedby.uri?partnerID=HzOxMe3b&scp=84945383238&origin=inward"}],"prism:url":"https://api.elsevier.com/content/abstract/scopus_id/84945383238","dc:identifier":"SCOPUS_ID:84945383238","eid":"2-s2.0-84945383238","dc:title":"Diigo, collaborative knowledge acquisition, and social networks of graduate-level coursework","dc:creator":"Fenn J.","prism:publicationName":"The Social Classroom: Integrating Social Network Use in Education","prism:isbn": [{"@_fa": "true", "$" :"9781466649057"},{"@_fa": "true", "$" :"1466649046"},{"@_fa": "true", "$" :"9781466649040"}],"prism:pageRange":"293-310","prism:coverDate":"2013-12-31","prism:coverDisplayDate":"December 31, 2013","prism:doi":"10.4018/978-1-4666-4904-0.ch015","citedby-count":"0","affiliation": [{"@_fa": "true", "affilname":"University of Oregon","affiliation-city":"Eugene","affiliation-country":"United States"}],"prism:aggregationType":"Book","subtype":"ch","subtypeDescription":"Chapter","source-id":"21100420361","openaccess":"0","openaccessFlag":false},{"@_fa": "true", "link": [{"@_fa": "true", "@ref": "self", "@href": "https://api.elsevier.com/content/abstract/scopus_id/84944937099"},{"@_fa": "true", "@ref": "author-affiliation", "@href": "https://api.elsevier.com/content/abstract/scopus_id/84944937099?field=author,affiliation"},{"@_fa": "true", "@ref": "scopus", "@href": "https://www.scopus.com/inward/record.uri?partnerID=HzOxMe3b&scp=84944937099&origin=inward"},{"@_fa": "true", "@ref": "scopus-citedby", "@href": "https://www.scopus.com/inward/citedby.uri?partnerID=HzOxMe3b&scp=84944937099&origin=inward"}],"prism:url":"https://api.elsevier.com/content/abstract/scopus_id/84944937099","dc:identifier":"SCOPUS_ID:84944937099","eid":"2-s2.0-84944937099","dc:title":"An overview of e-government technological divide in developing countries","dc:creator":"Oyekunle R.","prism:publicationName":"Technology Development and Platform Enhancements for Successful Global E-Government Design","prism:isbn": [{"@_fa": "true", "$" :"9781466649019"},{"@_fa": "true", "$" :"1466649003"},{"@_fa": "true", "$" :"9781466649002"}],"prism:pageRange":"307-321","prism:coverDate":"2013-12-31","prism:coverDisplayDate":"December 31, 2013","prism:doi":"10.4018/978-1-4666-4900-2.ch016","citedby-count":"0","prism:aggregationType":"Book","subtype":"ch","subtypeDescription":"Chapter","source-id":"21100419024","openaccess":"0","openaccessFlag":false},{"@_fa": "true", "link": [{"@_fa": "true", "@ref": "self", "@href": "https://api.elsevier.com/content/abstract/scopus_id/84944386923"},{"@_fa": "true", "@ref": "author-affiliation", "@href": "https://api.elsevier.com/content/abstract/scopus_id/84944386923?field=author,affiliation"},{"@_fa": "true", "@ref": "scopus", "@href": "https://www.scopus.com/inward/record.uri?partnerID=HzOxMe3b&scp=84944386923&origin=inward"},{"@_fa": "true", "@ref": "scopus-citedby", "@href": "https://www.scopus.com/inward/citedby.uri?partnerID=HzOxMe3b&scp=84944386923&origin=inward"}],"prism:url":"https://api.elsevier.com/content/abstract/scopus_id/84944386923","dc:identifier":"SCOPUS_ID:84944386923","eid":"2-s2.0-84944386923","dc:title":"Designing learning in social online learning environments: A process-oriented approach","dc:creator":"Bonanno P.","prism:publicationName":"The Social Classroom: Integrating Social Network Use in Education","prism:isbn": [{"@_fa": "true", "$" :"9781466649057"},{"@_fa": "true", "$" :"1466649046"},{"@_fa": "true", "$" :"9781466649040"}],"prism:pageRange":"40-61","prism:coverDate":"2013-12-31","prism:coverDisplayDate":"December 31, 2013","prism:doi":"10.4018/978-1-4666-4904-0.ch003","citedby-count":"7","affiliation": [{"@_fa": "true", "affilname":"L-Università ta' Malta","affiliation-city":"Msida","affiliation-country":"Malta"}],"prism:aggregationType":"Book","subtype":"ch","subtypeDescription":"Chapter","source-id":"21100420361","openaccess":"0","openaccessFlag":false},{"@_fa": "true", "link": [{"@_fa": "true", "@ref": "self", "@href": "https://api.elsevier.com/content/abstract/scopus_id/84904562550"},{"@_fa": "true", "@ref": "author-affiliation", "@href": "https://api.elsevier.com/content/abstract/scopus_id/84904562550?field=author,affiliation"},{"@_fa": "true", "@ref": "scopus", "@href": "https://www.scopus.com/inward/record.uri?partnerID=HzOxMe3b&scp=84904562550&origin=inward"},{"@_fa": "true", "@ref": "scopus-citedby", "@href": "https://www.scopus.com/inward/citedby.uri?partnerID=HzOxMe3b&scp=84904562550&origin=inward"}],"prism:url":"https://api.elsevier.com/content/abstract/scopus_id/84904562550","dc:identifier":"SCOPUS_ID:84904562550","eid":"2-s2.0-84904562550","dc:title":"Large-scale agent-based models for transportation network management under unplanned events","dc:creator":"Zhao Y.","prism:publicationName":"Data Science and Simulation in Transportation Research","prism:isbn": [{"@_fa": "true", "$" :"9781466649217"},{"@_fa": "true", "$" :"1466649208"},{"@_fa": "true", "$" :"9781466649200"}],"prism:pageRange":"206-231","prism:coverDate":"2013-12-31","prism:coverDisplayDate":"December 31, 2013","prism:doi":"10.4018/978-1-4666-4920-0.ch011","citedby-count":"1","affiliation": [{"@_fa": "true", "affilname":"University at Buffalo, State University of New York","affiliation-city":"Buffalo","affiliation-country":"United States"}],"prism:aggregationType":"Book","subtype":"ch","subtypeDescription":"Chapter","source-id":"21100442814","openaccess":"0","openaccessFlag":false},{"@_fa": "true", "link": [{"@_fa": "true", "@ref": "self", "@href": "https://api.elsevier.com/content/abstract/scopus_id/84956751235"},{"@_fa": "true", "@ref": "author-affiliation", "@href": "https://api.elsevier.com/content/abstract/scopus_id/84956751235?field=author,affiliation"},{"@_fa": "true", "@ref": "scopus", "@href": "https://www.scopus.com/inward/record.uri?partnerID=HzOxMe3b&scp=84956751235&origin=inward"},{"@_fa": "true", "@ref": "scopus-citedby", "@href": "https://www.scopus.com/inward/citedby.uri?partnerID=HzOxMe3b&scp=84956751235&origin=inward"}],"prism:url":"https://api.elsevier.com/content/abstract/scopus_id/84956751235","dc:identifier":"SCOPUS_ID:84956751235","eid":"2-s2.0-84956751235","dc:title":"Impacts of electric mobility on the electric grid","dc:creator":"Fraile-Ardanuy J.","prism:publicationName":"Data Science and Simulation in Transportation Research","prism:isbn": [{"@_fa": "true", "$" :"9781466649217"},{"@_fa": "true", "$" :"1466649208"},{"@_fa": "true", "$" :"9781466649200"}],"prism:pageRange":"319-340","prism:coverDate":"2013-12-31","prism:coverDisplayDate":"December 31, 2013","prism:doi":"10.4018/978-1-4666-4920-0.ch015","citedby-count":"0","affiliation": [{"@_fa": "true", "affilname":"Universidad Politécnica de Madrid","affiliation-city":"Madrid","affiliation-country":"Spain"},{"@_fa": "true", "affilname":"Special Technologies Applied to Telecommunications (TEAT) Department","affiliation-city":null,"affiliation-country":"Spain"}],"prism:aggregationType":"Book","subtype":"ch","subtypeDescription":"Chapter","source-id":"21100442814","openaccess":"0","openaccessFlag":false},{"@_fa": "true", "link": [{"@_fa": "true", "@ref": "self", "@href": "https://api.elsevier.com/content/abstract/scopus_id/84956712217"},{"@_fa": "true", "@ref": "author-affiliation", "@href": "https://api.elsevier.com/content/abstract/scopus_id/84956712217?field=author,affiliation"},{"@_fa": "true", "@ref": "scopus", "@href": "https://www.scopus.com/inward/record.uri?partnerID=HzOxMe3b&scp=84956712217&origin=inward"},{"@_fa": "true", "@ref": "scopus-citedby", "@href": "https://www.scopus.com/inward/citedby.uri?partnerID=HzOxMe3b&scp=84956712217&origin=inward"}],"prism:url":"https://api.elsevier.com/content/abstract/scopus_id/84956712217","dc:identifier":"SCOPUS_ID:84956712217","eid":"2-s2.0-84956712217","dc:title":"Mobility profiling","dc:creator":"Nanni M.","prism:publicationName":"Data Science and Simulation in Transportation Research","prism:isbn": [{"@_fa": "true", "$" :"9781466649217"},{"@_fa": "true", "$" :"1466649208"},{"@_fa": "true", "$" :"9781466649200"}],"prism:pageRange":"1-29","prism:coverDate":"2013-12-31","prism:coverDisplayDate":"December 31, 2013","prism:doi":"10.4018/978-1-4666-4920-0.ch001","citedby-count":"0","affiliation": [{"@_fa": "true", "affilname":"Consiglio Nazionale delle Ricerche","affiliation-city":"Rome","affiliation-country":"Italy"}],"prism:aggregationType":"Book","subtype":"ch","subtypeDescription":"Chapter","source-id":"21100442814","openaccess":"0","openaccessFlag":false},{"@_fa": "true", "link": [{"@_fa": "true", "@ref": "self", "@href": "https://api.elsevier.com/content/abstract/scopus_id/84956709098"},{"@_fa": "true", "@ref": "author-affiliation", "@href": "https://api.elsevier.com/content/abstract/scopus_id/84956709098?field=author,affiliation"},{"@_fa": "true", "@ref": "scopus", "@href": "https://www.scopus.com/inward/record.uri?partnerID=HzOxMe3b&scp=84956709098&origin=inward"},{"@_fa": "true", "@ref": "scopus-citedby", "@href": "https://www.scopus.com/inward/citedby.uri?partnerID=HzOxMe3b&scp=84956709098&origin=inward"}],"prism:url":"https://api.elsevier.com/content/abstract/scopus_id/84956709098","dc:identifier":"SCOPUS_ID:84956709098","eid":"2-s2.0-84956709098","dc:title":"Transnational immigration and family context: What teachers should know","dc:creator":"Hersi A.","prism:publicationName":"Cross-Cultural Considerations in the Education of Young Immigrant Learners","prism:isbn": [{"@_fa": "true", "$" :"9781466649293"},{"@_fa": "true", "$" :"1466649283"},{"@_fa": "true", "$" :"9781466649286"}],"prism:pageRange":"162-174","prism:coverDate":"2013-12-31","prism:coverDisplayDate":"December 31, 2013","prism:doi":"10.4018/978-1-4666-4928-6.ch010","citedby-count":"0","affiliation": [{"@_fa": "true", "affilname":"Loyola University Maryland","affiliation-city":"Baltimore","affiliation-country":"United States"}],"prism:aggregationType":"Book","subtype":"ch","subtypeDescription":"Chapter","source-id":"21100442398","openaccess":"0","openaccessFlag":false},{"@_fa": "true", "link": [{"@_fa": "true", "@ref": "self", "@href": "https://api.elsevier.com/content/abstract/scopus_id/84956769343"},{"@_fa": "true", "@ref": "author-affiliation", "@href": "https://api.elsevier.com/content/abstract/scopus_id/84956769343?field=author,affiliation"},{"@_fa": "true", "@ref": "scopus", "@href": "https://www.scopus.com/inward/record.uri?partnerID=HzOxMe3b&scp=84956769343&origin=inward"},{"@_fa": "true", "@ref": "scopus-citedby", "@href": "https://www.scopus.com/inward/citedby.uri?partnerID=HzOxMe3b&scp=84956769343&origin=inward"}],"prism:url":"https://api.elsevier.com/content/abstract/scopus_id/84956769343","dc:identifier":"SCOPUS_ID:84956769343","eid":"2-s2.0-84956769343","dc:title":"The evolution from electric grid to smart grid","dc:creator":"Fraile-Ardanuy J.","prism:publicationName":"Data Science and Simulation in Transportation Research","prism:isbn": [{"@_fa": "true", "$" :"9781466649217"},{"@_fa": "true", "$" :"1466649208"},{"@_fa": "true", "$" :"9781466649200"}],"prism:pageRange":"259-281","prism:coverDate":"2013-12-31","prism:coverDisplayDate":"December 31, 2013","prism:doi":"10.4018/978-1-4666-4920-0.ch013","citedby-count":"1","affiliation": [{"@_fa": "true", "affilname":"Universidad Politécnica de Madrid","affiliation-city":"Madrid","affiliation-country":"Spain"},{"@_fa": "true", "affilname":"Special Technologies Applied to Telecommunications (TEAT) Department","affiliation-city":null,"affiliation-country":"Spain"}],"prism:aggregationType":"Book","subtype":"ch","subtypeDescription":"Chapter","source-id":"21100442814","openaccess":"0","openaccessFlag":false},{"@_fa": "true", "link": [{"@_fa": "true", "@ref": "self", "@href": "https://api.elsevier.com/content/abstract/scopus_id/84945124869"},{"@_fa": "true", "@ref": "author-affiliation", "@href": "https://api.elsevier.com/content/abstract/scopus_id/84945124869?field=author,affiliation"},{"@_fa": "true", "@ref": "scopus", "@href": "https://www.scopus.com/inward/record.uri?partnerID=HzOxMe3b&scp=84945124869&origin=inward"},{"@_fa": "true", "@ref": "scopus-citedby", "@href": "https://www.scopus.com/inward/citedby.uri?partnerID=HzOxMe3b&scp=84945124869&origin=inward"}],"prism:url":"https://api.elsevier.com/content/abstract/scopus_id/84945124869","dc:identifier":"SCOPUS_ID:84945124869","eid":"2-s2.0-84945124869","dc:title":"Blended learning to support alternative teacher certification","dc:creator":"Anthony A.","prism:publicationName":"Practical Applications and Experiences in K-20 Blended Learning Environments","prism:isbn": [{"@_fa": "true", "$" :"9781466649132"},{"@_fa": "true", "$" :"1466649127"},{"@_fa": "true", "$" :"9781466649125"}],"prism:pageRange":"225-237","prism:coverDate":"2013-12-31","prism:coverDisplayDate":"December 31, 2013","prism:doi":"10.4018/978-1-4666-4912-5.ch015","citedby-count":"1","affiliation": [{"@_fa": "true", "affilname":"Ohio State University","affiliation-city":"Columbus","affiliation-country":"United States"}],"prism:aggregationType":"Book","subtype":"ch","subtypeDescription":"Chapter","source-id":"21100419262","openaccess":"0","openaccessFlag":false},{"@_fa": "true", "link": [{"@_fa": "true", "@ref": "self", "@href": "https://api.elsevier.com/content/abstract/scopus_id/84891133868"},{"@_fa": "true", "@ref": "author-affiliation", "@href": "https://api.elsevier.com/content/abstract/scopus_id/84891133868?field=author,affiliation"},{"@_fa": "true", "@ref": "scopus", "@href": "https://www.scopus.com/inward/record.uri?partnerID=HzOxMe3b&scp=84891133868&origin=inward"},{"@_fa": "true", "@ref": "scopus-citedby", "@href": "https://www.scopus.com/inward/citedby.uri?partnerID=HzOxMe3b&scp=84891133868&origin=inward"}],"prism:url":"https://api.elsevier.com/content/abstract/scopus_id/84891133868","dc:identifier":"SCOPUS_ID:84891133868","eid":"2-s2.0-84891133868","dc:title":"We've come a long way, baby, or have we?","dc:creator":"Hill K.","prism:publicationName":"Journal of Organizational Culture, Communications and Conflict","prism:issn":"15440508","prism:eIssn":"19394691","prism:volume":"17","prism:issueIdentifier":"2","prism:pageRange":"29-36","prism:coverDate":"2013-12-31","prism:coverDisplayDate":"2013","citedby-count":"0","affiliation": [{"@_fa": "true", "affilname":"Sam Houston State University","affiliation-city":"Huntsville","affiliation-country":"United States"}],"prism:aggregationType":"Journal","subtype":"ar","subtypeDescription":"Article","source-id":"19700175177","openaccess":"0","openaccessFlag":false},{"@_fa": "true", "link": [{"@_fa": "true", "@ref": "self", "@href": "https://api.elsevier.com/content/abstract/scopus_id/84945404445"},{"@_fa": "true", "@ref": "author-affiliation", "@href": "https://api.elsevier.com/content/abstract/scopus_id/84945404445?field=author,affiliation"},{"@_fa": "true", "@ref": "scopus", "@href": "https://www.scopus.com/inward/record.uri?partnerID=HzOxMe3b&scp=84945404445&origin=inward"},{"@_fa": "true", "@ref": "scopus-citedby", "@href": "https://www.scopus.com/inward/citedby.uri?partnerID=HzOxMe3b&scp=84945404445&origin=inward"}],"prism:url":"https://api.elsevier.com/content/abstract/scopus_id/84945404445","dc:identifier":"SCOPUS_ID:84945404445","eid":"2-s2.0-84945404445","dc:title":"Teachers' use of social networking sites for continuing professional development","dc:creator":"Xerri D.","prism:publicationName":"The Social Classroom: Integrating Social Network Use in Education","prism:isbn": [{"@_fa": "true", "$" :"9781466649057"},{"@_fa": "true", "$" :"1466649046"},{"@_fa": "true", "$" :"9781466649040"}],"prism:pageRange":"441-464","prism:coverDate":"2013-12-31","prism:coverDisplayDate":"December 31, 2013","prism:doi":"10.4018/978-1-4666-4904-0.ch022","citedby-count":"6","affiliation": [{"@_fa": "true", "affilname":"L-Università ta' Malta","affiliation-city":"Msida","affiliation-country":"Malta"},{"@_fa": "true", "affilname":"University of York","affiliation-city":"York","affiliation-country":"United Kingdom"}],"prism:aggregationType":"Book","subtype":"ch","subtypeDescription":"Chapter","source-id":"21100420361","openaccess":"0","openaccessFlag":false},{"@_fa": "true", "link": [{"@_fa": "true", "@ref": "self", "@href": "https://api.elsevier.com/content/abstract/scopus_id/84944413338"},{"@_fa": "true", "@ref": "author-affiliation", "@href": "https://api.elsevier.com/content/abstract/scopus_id/84944413338?field=author,affiliation"},{"@_fa": "true", "@ref": "scopus", "@href": "https://www.scopus.com/inward/record.uri?partnerID=HzOxMe3b&scp=84944413338&origin=inward"},{"@_fa": "true", "@ref": "scopus-citedby", "@href": "https://www.scopus.com/inward/citedby.uri?partnerID=HzOxMe3b&scp=84944413338&origin=inward"}],"prism:url":"https://api.elsevier.com/content/abstract/scopus_id/84944413338","dc:identifier":"SCOPUS_ID:84944413338","eid":"2-s2.0-84944413338","dc:title":"The ethical dilemmas of social networking sites in classroom contexts","dc:creator":"Auld G.","prism:publicationName":"The Social Classroom: Integrating Social Network Use in Education","prism:isbn": [{"@_fa": "true", "$" :"9781466649057"},{"@_fa": "true", "$" :"1466649046"},{"@_fa": "true", "$" :"9781466649040"}],"prism:pageRange":"192-207","prism:coverDate":"2013-12-31","prism:coverDisplayDate":"December 31, 2013","prism:doi":"10.4018/978-1-4666-4904-0.ch010","citedby-count":"7","affiliation": [{"@_fa": "true", "affilname":"Deakin University","affiliation-city":"Geelong","affiliation-country":"Australia"}],"prism:aggregationType":"Book","subtype":"ch","subtypeDescription":"Chapter","source-id":"21100420361","openaccess":"0","openaccessFlag":false},{"@_fa": "true", "link": [{"@_fa": "true", "@ref": "self", "@href": "https://api.elsevier.com/content/abstract/scopus_id/84944391006"},{"@_fa": "true", "@ref": "author-affiliation", "@href": "https://api.elsevier.com/content/abstract/scopus_id/84944391006?field=author,affiliation"},{"@_fa": "true", "@ref": "scopus", "@href": "https://www.scopus.com/inward/record.uri?partnerID=HzOxMe3b&scp=84944391006&origin=inward"},{"@_fa": "true", "@ref": "scopus-citedby", "@href": "https://www.scopus.com/inward/citedby.uri?partnerID=HzOxMe3b&scp=84944391006&origin=inward"}],"prism:url":"https://api.elsevier.com/content/abstract/scopus_id/84944391006","dc:identifier":"SCOPUS_ID:84944391006","eid":"2-s2.0-84944391006","dc:title":"Preparing your digital legacy: Assessing awareness of digital natives","dc:creator":"Braman J.","prism:publicationName":"The Social Classroom: Integrating Social Network Use in Education","prism:isbn": [{"@_fa": "true", "$" :"9781466649057"},{"@_fa": "true", "$" :"1466649046"},{"@_fa": "true", "$" :"9781466649040"}],"prism:pageRange":"208-223","prism:coverDate":"2013-12-31","prism:coverDisplayDate":"December 31, 2013","prism:doi":"10.4018/978-1-4666-4904-0.ch011","citedby-count":"8","affiliation": [{"@_fa": "true", "affilname":"Towson University","affiliation-city":"Towson","affiliation-country":"United States"}],"prism:aggregationType":"Book","subtype":"ch","subtypeDescription":"Chapter","source-id":"21100420361","openaccess":"0","openaccessFlag":false},{"@_fa": "true", "link": [{"@_fa": "true", "@ref": "self", "@href": "https://api.elsevier.com/content/abstract/scopus_id/84891779874"},{"@_fa": "true", "@ref": "author-affiliation", "@href": "https://api.elsevier.com/content/abstract/scopus_id/84891779874?field=author,affiliation"},{"@_fa": "true", "@ref": "scopus", "@href": "https://www.scopus.com/inward/record.uri?partnerID=HzOxMe3b&scp=84891779874&origin=inward"},{"@_fa": "true", "@ref": "scopus-citedby", "@href": "https://www.scopus.com/inward/citedby.uri?partnerID=HzOxMe3b&scp=84891779874&origin=inward"}],"prism:url":"https://api.elsevier.com/content/abstract/scopus_id/84891779874","dc:identifier":"SCOPUS_ID:84891779874","eid":"2-s2.0-84891779874","dc:title":"The fall, existence and a restoration model of community bazaars along the tha Chin river","dc:creator":"Sriwichien K.","prism:publicationName":"Asian Social Science","prism:issn":"19112017","prism:eIssn":"19112025","prism:volume":"10","prism:issueIdentifier":"1","prism:pageRange":"257-264","prism:coverDate":"2013-12-31","prism:coverDisplayDate":"31 December 2013","prism:doi":"10.5539/ass.v10n1p257","citedby-count":"0","affiliation": [{"@_fa": "true", "affilname":"Mahasarakham University","affiliation-city":"Mahasarakham","affiliation-country":"Thailand"}],"prism:aggregationType":"Journal","subtype":"ar","subtypeDescription":"Article","source-id":"21100198464","openaccess":"0","openaccessFlag":false},{"@_fa": "true", "link": [{"@_fa": "true", "@ref": "self", "@href": "https://api.elsevier.com/content/abstract/scopus_id/84891135533"},{"@_fa": "true", "@ref": "author-affiliation", "@href": "https://api.elsevier.com/content/abstract/scopus_id/84891135533?field=author,affiliation"},{"@_fa": "true", "@ref": "scopus", "@href": "https://www.scopus.com/inward/record.uri?partnerID=HzOxMe3b&scp=84891135533&origin=inward"},{"@_fa": "true", "@ref": "scopus-citedby", "@href": "https://www.scopus.com/inward/citedby.uri?partnerID=HzOxMe3b&scp=84891135533&origin=inward"}],"prism:url":"https://api.elsevier.com/content/abstract/scopus_id/84891135533","dc:identifier":"SCOPUS_ID:84891135533","eid":"2-s2.0-84891135533","dc:title":"Quality in the rendering of health services: Parameters for measurement","dc:creator":"Vargas González V.","prism:publicationName":"Revista de Ciencias Sociales","prism:issn":"13159518","prism:volume":"19","prism:issueIdentifier":"4","prism:pageRange":"663-671","prism:coverDate":"2013-12-31","prism:coverDisplayDate":"2013","citedby-count":"0","affiliation": [{"@_fa": "true", "affilname":"Universidad Del Zulia","affiliation-city":"Maracaibo","affiliation-country":"Venezuela"}],"prism:aggregationType":"Journal","subtype":"ar","subtypeDescription":"Article","source-id":"5600152899","openaccess":"0","openaccessFlag":false},{"@_fa": "true", "link": [{"@_fa": "true", "@ref": "self", "@href": "https://api.elsevier.com/content/abstract/scopus_id/84893292237"},{"@_fa": "true", "@ref": "author-affiliation", "@href": "https://api.elsevier.com/content/abstract/scopus_id/84893292237?field=author,affiliation"},{"@_fa": "true", "@ref": "scopus", "@href": "https://www.scopus.com/inward/record.uri?partnerID=HzOxMe3b&scp=84893292237&origin=inward"},{"@_fa": "true", "@ref": "scopus-citedby", "@href": "https://www.scopus.com/inward/citedby.uri?partnerID=HzOxMe3b&scp=84893292237&origin=inward"}],"prism:url":"https://api.elsevier.com/content/abstract/scopus_id/84893292237","dc:identifier":"SCOPUS_ID:84893292237","eid":"2-s2.0-84893292237","dc:title":"New discourse dynamics in Twitter political communication","dc:creator":"Mancera Rueda A.","prism:publicationName":"Circulo de Linguistica Aplicada a la Comunicacion","prism:eIssn":"15764737","prism:volume":"56","prism:pageRange":"53-80","prism:coverDate":"2013-12-31","prism:coverDisplayDate":"31 December 2013","prism:doi":"10.5209/rev-CLAC.2013.v56.43867","citedby-count":"6","affiliation": [{"@_fa": "true", "affilname":"University of Seville","affiliation-city":"Sevilla","affiliation-country":"Spain"}],"prism:aggregationType":"Journal","subtype":"ar","subtypeDescription":"Article","source-id":"19700200924","openaccess":"0","openaccessFlag":false},{"@_fa": "true", "link": [{"@_fa": "true", "@ref": "self", "@href": "https://api.elsevier.com/content/abstract/scopus_id/84926256994"},{"@_fa": "true", "@ref": "author-affiliation", "@href": "https://api.elsevier.com/content/abstract/scopus_id/84926256994?field=author,affiliation"},{"@_fa": "true", "@ref": "scopus", "@href": "https://www.scopus.com/inward/record.uri?partnerID=HzOxMe3b&scp=84926256994&origin=inward"},{"@_fa": "true", "@ref": "scopus-citedby", "@href": "https://www.scopus.com/inward/citedby.uri?partnerID=HzOxMe3b&scp=84926256994&origin=inward"}],"prism:url":"https://api.elsevier.com/content/abstract/scopus_id/84926256994","dc:identifier":"SCOPUS_ID:84926256994","eid":"2-s2.0-84926256994","dc:title":"Implantable Drug Delivery Systems","dc:creator":"Solorio L.","prism:publicationName":"Engineering Polymer Systems for Improved Drug Delivery","prism:isbn": [{"@_fa": "true", "$" :"9781118747896"},{"@_fa": "true", "$" :"9781118098479"}],"prism:volume":"9781118098479","prism:pageRange":"189-225","prism:coverDate":"2013-12-31","prism:coverDisplayDate":"December 31, 2013","prism:doi":"10.1002/9781118747896.ch7","citedby-count":"1","affiliation": [{"@_fa": "true", "affilname":"Case Western Reserve University","affiliation-city":"Cleveland","affiliation-country":"United States"}],"prism:aggregationType":"Book","subtype":"ch","subtypeDescription":"Chapter","source-id":"21100383766","openaccess":"0","openaccessFlag":false},{"@_fa": "true", "link": [{"@_fa": "true", "@ref": "self", "@href": "https://api.elsevier.com/content/abstract/scopus_id/84891138170"},{"@_fa": "true", "@ref": "author-affiliation", "@href": "https://api.elsevier.com/content/abstract/scopus_id/84891138170?field=author,affiliation"},{"@_fa": "true", "@ref": "scopus", "@href": "https://www.scopus.com/inward/record.uri?partnerID=HzOxMe3b&scp=84891138170&origin=inward"},{"@_fa": "true", "@ref": "scopus-citedby", "@href": "https://www.scopus.com/inward/citedby.uri?partnerID=HzOxMe3b&scp=84891138170&origin=inward"}],"prism:url":"https://api.elsevier.com/content/abstract/scopus_id/84891138170","dc:identifier":"SCOPUS_ID:84891138170","eid":"2-s2.0-84891138170","dc:title":"Two treatments of the origin of ridge topography in the Kuraiskaya depression of Gornyi Altai","dc:creator":"Khon A.","prism:publicationName":"Geography and Natural Resources","prism:issn":"18753728","prism:volume":"34","prism:issueIdentifier":"4","prism:pageRange":"401-406","prism:coverDate":"2013-12-31","prism:coverDisplayDate":"2013","prism:doi":"10.1134/S1875372813040161","citedby-count":"0","affiliation": [{"@_fa": "true", "affilname":"Institute of Monitoring of Climatic and Ecological Systems Siberian Branch of the Russian Academy of Sciences","affiliation-city":"Tomsk","affiliation-country":"Russian Federation"}],"prism:aggregationType":"Journal","subtype":"ar","subtypeDescription":"Article","source-id":"11700154716","openaccess":"0","openaccessFlag":false},{"@_fa": "true", "link": [{"@_fa": "true", "@ref": "self", "@href": "https://api.elsevier.com/content/abstract/scopus_id/84956779242"},{"@_fa": "true", "@ref": "author-affiliation", "@href": "https://api.elsevier.com/content/abstract/scopus_id/84956779242?field=author,affiliation"},{"@_fa": "true", "@ref": "scopus", "@href": "https://www.scopus.com/inward/record.uri?partnerID=HzOxMe3b&scp=84956779242&origin=inward"},{"@_fa": "true", "@ref": "scopus-citedby", "@href": "https://www.scopus.com/inward/citedby.uri?partnerID=HzOxMe3b&scp=84956779242&origin=inward"}],"prism:url":"https://api.elsevier.com/content/abstract/scopus_id/84956779242","dc:identifier":"SCOPUS_ID:84956779242","eid":"2-s2.0-84956779242","dc:title":"Electric vehicles in the smart grid","dc:creator":"De Ridder F.","prism:publicationName":"Data Science and Simulation in Transportation Research","prism:isbn": [{"@_fa": "true", "$" :"9781466649217"},{"@_fa": "true", "$" :"1466649208"},{"@_fa": "true", "$" :"9781466649200"}],"prism:pageRange":"340-363","prism:coverDate":"2013-12-31","prism:coverDisplayDate":"December 31, 2013","prism:doi":"10.4018/978-1-4666-4920-0.ch016","citedby-count":"1","affiliation": [{"@_fa": "true", "affilname":"EnergyVille","affiliation-city":"Genk","affiliation-country":"Belgium"}],"prism:aggregationType":"Book","subtype":"ch","subtypeDescription":"Chapter","source-id":"21100442814","openaccess":"0","openaccessFlag":false}]}}