{"search-results":{"opensearch:totalResults":"11786","opensearch:startIndex":"0","opensearch:itemsPerPage":"25","opensearch:Query":{"@role": "request", "@searchTerms": "TITLE-ABS-KEY(\"networks\") AND SUBJAREA(SOCI) AND PUBYEAR = 2010", "@startPage": "0"},"link": [{"@_fa": "true", "@ref": "self", "@href": "https://api.elsevier.com/content/search/scopus?start=0&count=25&query=TITLE-ABS-KEY%28%22networks%22%29+AND+SUBJAREA%28SOCI%29+AND+PUBYEAR+%3D+2010&apiKey=27d953b4b546791964ebeb768d13e61f&view=STANDARD", "@type": "application/json"},{"@_fa": "true", "@ref": "first", "@href": "https://api.elsevier.com/content/search/scopus?start=0&count=25&query=TITLE-ABS-KEY%28%22networks%22%29+AND+SUBJAREA%28SOCI%29+AND+PUBYEAR+%3D+2010&apiKey=27d953b4b546791964ebeb768d13e61f&view=STANDARD", "@type": "application/json"},{"@_fa": "true", "@ref": "next", "@href": "https://api.elsevier.com/content/search/scopus?start=25&count=25&query=TITLE-ABS-KEY%28%22networks%22%29+AND+SUBJAREA%28SOCI%29+AND+PUBYEAR+%3D+2010&apiKey=27d953b4b546791964ebeb768d13e61f&view=STANDARD", "@type": "application/json"},{"@_fa": "true", "@ref": "last", "@href": "https://api.elsevier.com/content/search/scopus?start=4975&count=25&query=TITLE-ABS-KEY%28%22networks%22%29+AND+SUBJAREA%28SOCI%29+AND+PUBYEAR+%3D+2010&apiKey=27d953b4b546791964ebeb768d13e61f&view=STANDARD", "@type": "application/json"}],"entry": [{"@_fa": "true", "link": [{"@_fa": "true", "@ref": "self", "@href": "https://api.elsevier.com/content/abstract/scopus_id/78650589156"},{"@_fa": "true", "@ref": "author-affiliation", "@href": "https://api.elsevier.com/content/abstract/scopus_id/78650589156?field=author,affiliation"},{"@_fa": "true", "@ref": "scopus", "@href": "https://www.scopus.com/inward/record.uri?partnerID=HzOxMe3b&scp=78650589156&origin=inward"},{"@_fa": "true", "@ref": "scopus-citedby", "@href": "https://www.scopus.com/inward/citedby.uri?partnerID=HzOxMe3b&scp=78650589156&origin=inward"}],"prism:url":"https://api.elsevier.com/content/abstract/scopus_id/78650589156","dc:identifier":"SCOPUS_ID:78650589156","eid":"2-s2.0-78650589156","dc:title":"Performance evaluation of TCP variants using media independent handover in heterogeneous network","dc:creator":"Tiwari V.","prism:publicationName":"2010 International Conference on Computer and Communication Technology, ICCCT-2010","prism:isbn": [{"@_fa": "true", "$" :"9781424490349"}],"prism:pageRange":"367-370","prism:coverDate":"2010-12-31","prism:coverDisplayDate":"2010","prism:doi":"10.1109/ICCCT.2010.5640500","citedby-count":"2","affiliation": [{"@_fa": "true", "affilname":"Medi-Caps Institute of Technology and Management","affiliation-city":"Indore","affiliation-country":"India"}],"prism:aggregationType":"Conference Proceeding","subtype":"cp","subtypeDescription":"Conference Paper","article-number":"5640500","source-id":"19700183095","openaccess":"0","openaccessFlag":false},{"@_fa": "true", "link": [{"@_fa": "true", "@ref": "self", "@href": "https://api.elsevier.com/content/abstract/scopus_id/78650596189"},{"@_fa": "true", "@ref": "author-affiliation", "@href": "https://api.elsevier.com/content/abstract/scopus_id/78650596189?field=author,affiliation"},{"@_fa": "true", "@ref": "scopus", "@href": "https://www.scopus.com/inward/record.uri?partnerID=HzOxMe3b&scp=78650596189&origin=inward"},{"@_fa": "true", "@ref": "scopus-citedby", "@href": "https://www.scopus.com/inward/citedby.uri?partnerID=HzOxMe3b&scp=78650596189&origin=inward"}],"prism:url":"https://api.elsevier.com/content/abstract/scopus_id/78650596189","dc:identifier":"SCOPUS_ID:78650596189","eid":"2-s2.0-78650596189","dc:title":"Opportunities and threats by mobile platforms: The (new) role of mobile network operators","dc:creator":"Stanoevska-Slabeva K.","prism:publicationName":"2010 14th Int. Conference on Intelligence in Next Generation Networks: \"Weaving Applications Into the Network Fabric\", ICIN 2010 - 2nd Int. Workshop on Business Models for Mobile Platforms, BMMP 10","prism:isbn": [{"@_fa": "true", "$" :"9781424474455"}],"prism:pageRange":null,"prism:coverDate":"2010-12-31","prism:coverDisplayDate":"2010","prism:doi":"10.1109/ICIN.2010.5640892","citedby-count":"4","affiliation": [{"@_fa": "true", "affilname":"Universität St. Gallen","affiliation-city":"St Gallen","affiliation-country":"Switzerland"},{"@_fa": "true", "affilname":"Universite de Neuchatel","affiliation-city":"Neuchatel","affiliation-country":"Switzerland"}],"prism:aggregationType":"Conference Proceeding","subtype":"cp","subtypeDescription":"Conference Paper","article-number":"5640892","source-id":"19700183089","openaccess":"0","openaccessFlag":false},{"@_fa": "true", "link": [{"@_fa": "true", "@ref": "self", "@href": "https://api.elsevier.com/content/abstract/scopus_id/78650591483"},{"@_fa": "true", "@ref": "author-affiliation", "@href": "https://api.elsevier.com/content/abstract/scopus_id/78650591483?field=author,affiliation"},{"@_fa": "true", "@ref": "scopus", "@href": "https://www.scopus.com/inward/record.uri?partnerID=HzOxMe3b&scp=78650591483&origin=inward"},{"@_fa": "true", "@ref": "scopus-citedby", "@href": "https://www.scopus.com/inward/citedby.uri?partnerID=HzOxMe3b&scp=78650591483&origin=inward"}],"prism:url":"https://api.elsevier.com/content/abstract/scopus_id/78650591483","dc:identifier":"SCOPUS_ID:78650591483","eid":"2-s2.0-78650591483","dc:title":"Privacy leaks in mobile phone internet access","dc:creator":"Mulliner C.","prism:publicationName":"2010 14th Int. Conference on Intelligence in Next Generation Networks: \"Weaving Applications Into the Network Fabric\", ICIN 2010 - 2nd Int. Workshop on Business Models for Mobile Platforms, BMMP 10","prism:isbn": [{"@_fa": "true", "$" :"9781424474455"}],"prism:pageRange":null,"prism:coverDate":"2010-12-31","prism:coverDisplayDate":"2010","prism:doi":"10.1109/ICIN.2010.5640939","citedby-count":"6","affiliation": [{"@_fa": "true", "affilname":"Technical University of Berlin","affiliation-city":"Berlin","affiliation-country":"Germany"}],"prism:aggregationType":"Conference Proceeding","subtype":"cp","subtypeDescription":"Conference Paper","article-number":"5640939","source-id":"19700183089","openaccess":"0","openaccessFlag":false},{"@_fa": "true", "link": [{"@_fa": "true", "@ref": "self", "@href": "https://api.elsevier.com/content/abstract/scopus_id/78650597561"},{"@_fa": "true", "@ref": "author-affiliation", "@href": "https://api.elsevier.com/content/abstract/scopus_id/78650597561?field=author,affiliation"},{"@_fa": "true", "@ref": "scopus", "@href": "https://www.scopus.com/inward/record.uri?partnerID=HzOxMe3b&scp=78650597561&origin=inward"},{"@_fa": "true", "@ref": "scopus-citedby", "@href": "https://www.scopus.com/inward/citedby.uri?partnerID=HzOxMe3b&scp=78650597561&origin=inward"}],"prism:url":"https://api.elsevier.com/content/abstract/scopus_id/78650597561","dc:identifier":"SCOPUS_ID:78650597561","eid":"2-s2.0-78650597561","dc:title":"What is cyberinfrastructure?","dc:creator":"Stewart C.","prism:publicationName":"Proceedings ACM SIGUCCS User Services Conference","prism:isbn": [{"@_fa": "true", "$" :"9781450300032"}],"prism:pageRange":"37-44","prism:coverDate":"2010-12-31","prism:coverDisplayDate":"2010","prism:doi":"10.1145/1878335.1878347","citedby-count":"21","affiliation": [{"@_fa": "true", "affilname":"Indiana University","affiliation-city":"Bloomington","affiliation-country":"United States"},{"@_fa": "true", "affilname":"University Information Technology Services","affiliation-city":null,"affiliation-country":"United States"}],"prism:aggregationType":"Conference Proceeding","subtype":"cp","subtypeDescription":"Conference Paper","source-id":"30306","openaccess":"0","openaccessFlag":false},{"@_fa": "true", "link": [{"@_fa": "true", "@ref": "self", "@href": "https://api.elsevier.com/content/abstract/scopus_id/78650595966"},{"@_fa": "true", "@ref": "author-affiliation", "@href": "https://api.elsevier.com/content/abstract/scopus_id/78650595966?field=author,affiliation"},{"@_fa": "true", "@ref": "scopus", "@href": "https://www.scopus.com/inward/record.uri?partnerID=HzOxMe3b&scp=78650595966&origin=inward"},{"@_fa": "true", "@ref": "scopus-citedby", "@href": "https://www.scopus.com/inward/citedby.uri?partnerID=HzOxMe3b&scp=78650595966&origin=inward"}],"prism:url":"https://api.elsevier.com/content/abstract/scopus_id/78650595966","dc:identifier":"SCOPUS_ID:78650595966","eid":"2-s2.0-78650595966","dc:title":"Emerging mobile communication technologies for health","dc:creator":"Kumar B.","prism:publicationName":"2010 International Conference on Computer and Communication Technology, ICCCT-2010","prism:isbn": [{"@_fa": "true", "$" :"9781424490349"}],"prism:pageRange":"828-832","prism:coverDate":"2010-12-31","prism:coverDisplayDate":"2010","prism:doi":"10.1109/ICCCT.2010.5640393","citedby-count":"19","affiliation": [{"@_fa": "true", "affilname":"Motilal Nehru National Institute of Technology Allahabad","affiliation-city":"Allahabad","affiliation-country":"India"}],"prism:aggregationType":"Conference Proceeding","subtype":"cp","subtypeDescription":"Conference Paper","article-number":"5640393","source-id":"19700183095","openaccess":"0","openaccessFlag":false},{"@_fa": "true", "link": [{"@_fa": "true", "@ref": "self", "@href": "https://api.elsevier.com/content/abstract/scopus_id/78650619995"},{"@_fa": "true", "@ref": "author-affiliation", "@href": "https://api.elsevier.com/content/abstract/scopus_id/78650619995?field=author,affiliation"},{"@_fa": "true", "@ref": "scopus", "@href": "https://www.scopus.com/inward/record.uri?partnerID=HzOxMe3b&scp=78650619995&origin=inward"},{"@_fa": "true", "@ref": "scopus-citedby", "@href": "https://www.scopus.com/inward/citedby.uri?partnerID=HzOxMe3b&scp=78650619995&origin=inward"}],"prism:url":"https://api.elsevier.com/content/abstract/scopus_id/78650619995","dc:identifier":"SCOPUS_ID:78650619995","eid":"2-s2.0-78650619995","dc:title":"Moving the entire service logic to the network to facilitate IMS-based services introduction","dc:creator":"Lin H.","prism:publicationName":"2010 14th Int. Conference on Intelligence in Next Generation Networks: \"Weaving Applications Into the Network Fabric\", ICIN 2010 - 2nd Int. Workshop on Business Models for Mobile Platforms, BMMP 10","prism:isbn": [{"@_fa": "true", "$" :"9781424474455"}],"prism:pageRange":null,"prism:coverDate":"2010-12-31","prism:coverDisplayDate":"2010","prism:doi":"10.1109/ICIN.2010.5640898","citedby-count":"0","affiliation": [{"@_fa": "true", "affilname":"Orange Labs","affiliation-city":"Issy-les-Moulineaux","affiliation-country":"France"}],"prism:aggregationType":"Conference Proceeding","subtype":"cp","subtypeDescription":"Conference Paper","article-number":"5640898","source-id":"19700183089","openaccess":"0","openaccessFlag":false},{"@_fa": "true", "link": [{"@_fa": "true", "@ref": "self", "@href": "https://api.elsevier.com/content/abstract/scopus_id/78650623862"},{"@_fa": "true", "@ref": "author-affiliation", "@href": "https://api.elsevier.com/content/abstract/scopus_id/78650623862?field=author,affiliation"},{"@_fa": "true", "@ref": "scopus", "@href": "https://www.scopus.com/inward/record.uri?partnerID=HzOxMe3b&scp=78650623862&origin=inward"},{"@_fa": "true", "@ref": "scopus-citedby", "@href": "https://www.scopus.com/inward/citedby.uri?partnerID=HzOxMe3b&scp=78650623862&origin=inward"}],"prism:url":"https://api.elsevier.com/content/abstract/scopus_id/78650623862","dc:identifier":"SCOPUS_ID:78650623862","eid":"2-s2.0-78650623862","dc:title":"KIT's campus computer system by virtual machine technology and integrated Identity service","dc:creator":"Masuda H.","prism:publicationName":"Proceedings ACM SIGUCCS User Services Conference","prism:isbn": [{"@_fa": "true", "$" :"9781450300032"}],"prism:pageRange":"251-256","prism:coverDate":"2010-12-31","prism:coverDisplayDate":"2010","prism:doi":"10.1145/1878335.1878398","citedby-count":"3","prism:aggregationType":"Conference Proceeding","subtype":"cp","subtypeDescription":"Conference Paper","source-id":"30306","openaccess":"0","openaccessFlag":false},{"@_fa": "true", "link": [{"@_fa": "true", "@ref": "self", "@href": "https://api.elsevier.com/content/abstract/scopus_id/78650592399"},{"@_fa": "true", "@ref": "author-affiliation", "@href": "https://api.elsevier.com/content/abstract/scopus_id/78650592399?field=author,affiliation"},{"@_fa": "true", "@ref": "scopus", "@href": "https://www.scopus.com/inward/record.uri?partnerID=HzOxMe3b&scp=78650592399&origin=inward"},{"@_fa": "true", "@ref": "scopus-citedby", "@href": "https://www.scopus.com/inward/citedby.uri?partnerID=HzOxMe3b&scp=78650592399&origin=inward"}],"prism:url":"https://api.elsevier.com/content/abstract/scopus_id/78650592399","dc:identifier":"SCOPUS_ID:78650592399","eid":"2-s2.0-78650592399","dc:title":"Evaluation of morphometric parameters derived from ASTER and SRTM DEM - A study on Bandihole sub-watershed basin in Karnataka","dc:creator":"Ahmed S.","prism:publicationName":"Journal of the Indian Society of Remote Sensing","prism:issn":"0255660X","prism:eIssn":"09743006","prism:volume":"38","prism:issueIdentifier":"2","prism:pageRange":"227-238","prism:coverDate":"2010-12-31","prism:coverDisplayDate":"2010","prism:doi":"10.1007/s12524-010-0029-3","citedby-count":"17","affiliation": [{"@_fa": "true", "affilname":"Kuvempu University","affiliation-city":"Shimoga","affiliation-country":"India"}],"prism:aggregationType":"Journal","subtype":"ar","subtypeDescription":"Article","source-id":"26648","openaccess":"0","openaccessFlag":false},{"@_fa": "true", "link": [{"@_fa": "true", "@ref": "self", "@href": "https://api.elsevier.com/content/abstract/scopus_id/78650603422"},{"@_fa": "true", "@ref": "author-affiliation", "@href": "https://api.elsevier.com/content/abstract/scopus_id/78650603422?field=author,affiliation"},{"@_fa": "true", "@ref": "scopus", "@href": "https://www.scopus.com/inward/record.uri?partnerID=HzOxMe3b&scp=78650603422&origin=inward"},{"@_fa": "true", "@ref": "scopus-citedby", "@href": "https://www.scopus.com/inward/citedby.uri?partnerID=HzOxMe3b&scp=78650603422&origin=inward"}],"prism:url":"https://api.elsevier.com/content/abstract/scopus_id/78650603422","dc:identifier":"SCOPUS_ID:78650603422","eid":"2-s2.0-78650603422","dc:title":"Reduce costs by reducing power: Navigating the conflict between administering computers and being 'green'","dc:creator":"Felthousen M.","prism:publicationName":"Proceedings ACM SIGUCCS User Services Conference","prism:isbn": [{"@_fa": "true", "$" :"9781450300032"}],"prism:pageRange":"113-119","prism:coverDate":"2010-12-31","prism:coverDisplayDate":"2010","prism:doi":"10.1145/1878335.1878366","citedby-count":"0","prism:aggregationType":"Conference Proceeding","subtype":"cp","subtypeDescription":"Conference Paper","source-id":"30306","openaccess":"0","openaccessFlag":false},{"@_fa": "true", "link": [{"@_fa": "true", "@ref": "self", "@href": "https://api.elsevier.com/content/abstract/scopus_id/78650609479"},{"@_fa": "true", "@ref": "author-affiliation", "@href": "https://api.elsevier.com/content/abstract/scopus_id/78650609479?field=author,affiliation"},{"@_fa": "true", "@ref": "scopus", "@href": "https://www.scopus.com/inward/record.uri?partnerID=HzOxMe3b&scp=78650609479&origin=inward"},{"@_fa": "true", "@ref": "scopus-citedby", "@href": "https://www.scopus.com/inward/citedby.uri?partnerID=HzOxMe3b&scp=78650609479&origin=inward"}],"prism:url":"https://api.elsevier.com/content/abstract/scopus_id/78650609479","dc:identifier":"SCOPUS_ID:78650609479","eid":"2-s2.0-78650609479","dc:title":"Naming and framing in Belgian politics: An analysis of the representation of politicians and the political state of affairs during the 2007 government formation period in the Belgian press","dc:creator":"Temmerman M.","prism:publicationName":"Belgian Journal of Linguistics","prism:issn":"07745141","prism:eIssn":"15699676","prism:volume":"24","prism:issueIdentifier":"1","prism:pageRange":"120-138","prism:coverDate":"2010-12-31","prism:coverDisplayDate":"2010","prism:doi":"10.1075/bjl.24.06tem","citedby-count":"4","affiliation": [{"@_fa": "true", "affilname":"Erasmus University College Brussels","affiliation-city":"Brussels","affiliation-country":"Belgium"}],"prism:aggregationType":"Journal","subtype":"re","subtypeDescription":"Review","source-id":"5800207802","openaccess":"0","openaccessFlag":false},{"@_fa": "true", "link": [{"@_fa": "true", "@ref": "self", "@href": "https://api.elsevier.com/content/abstract/scopus_id/78650618404"},{"@_fa": "true", "@ref": "author-affiliation", "@href": "https://api.elsevier.com/content/abstract/scopus_id/78650618404?field=author,affiliation"},{"@_fa": "true", "@ref": "scopus", "@href": "https://www.scopus.com/inward/record.uri?partnerID=HzOxMe3b&scp=78650618404&origin=inward"},{"@_fa": "true", "@ref": "scopus-citedby", "@href": "https://www.scopus.com/inward/citedby.uri?partnerID=HzOxMe3b&scp=78650618404&origin=inward"}],"prism:url":"https://api.elsevier.com/content/abstract/scopus_id/78650618404","dc:identifier":"SCOPUS_ID:78650618404","eid":"2-s2.0-78650618404","dc:title":"Transformations of Vietnamese shrimp aquaculture policy: Empirical evidence from the Mekong Delta","dc:creator":"Ha T.","prism:publicationName":"Environment and Planning C: Government and Policy","prism:issn":"0263774X","prism:eIssn":"14723425","prism:volume":"28","prism:issueIdentifier":"6","prism:pageRange":"1101-1119","prism:coverDate":"2010-12-31","prism:coverDisplayDate":"2010","prism:doi":"10.1068/c09194","citedby-count":"27","affiliation": [{"@_fa": "true", "affilname":"Wageningen University and Research Centre","affiliation-city":"Wageningen","affiliation-country":"Netherlands"},{"@_fa": "true", "affilname":"Vietnam Forestry University","affiliation-city":"Hanoi","affiliation-country":"Viet Nam"}],"prism:aggregationType":"Journal","subtype":"ar","subtypeDescription":"Article","source-id":"14610","openaccess":"0","openaccessFlag":false},{"@_fa": "true", "link": [{"@_fa": "true", "@ref": "self", "@href": "https://api.elsevier.com/content/abstract/scopus_id/78650590539"},{"@_fa": "true", "@ref": "author-affiliation", "@href": "https://api.elsevier.com/content/abstract/scopus_id/78650590539?field=author,affiliation"},{"@_fa": "true", "@ref": "scopus", "@href": "https://www.scopus.com/inward/record.uri?partnerID=HzOxMe3b&scp=78650590539&origin=inward"},{"@_fa": "true", "@ref": "scopus-citedby", "@href": "https://www.scopus.com/inward/citedby.uri?partnerID=HzOxMe3b&scp=78650590539&origin=inward"}],"prism:url":"https://api.elsevier.com/content/abstract/scopus_id/78650590539","dc:identifier":"SCOPUS_ID:78650590539","eid":"2-s2.0-78650590539","dc:title":"Walking to a transport stop and its influence on commuting","dc:creator":"Ivan I.","prism:publicationName":"Geografie-Sbornik CGS","prism:issn":"12120014","prism:volume":"115","prism:issueIdentifier":"4","prism:pageRange":"393-412","prism:coverDate":"2010-12-31","prism:coverDisplayDate":"2010","citedby-count":"7","affiliation": [{"@_fa": "true", "affilname":"VSB – Technical University of Ostrava","affiliation-city":"Ostrava","affiliation-country":"Czech Republic"}],"prism:aggregationType":"Journal","subtype":"ar","subtypeDescription":"Article","source-id":"27649","openaccess":"0","openaccessFlag":false},{"@_fa": "true", "link": [{"@_fa": "true", "@ref": "self", "@href": "https://api.elsevier.com/content/abstract/scopus_id/78650612685"},{"@_fa": "true", "@ref": "author-affiliation", "@href": "https://api.elsevier.com/content/abstract/scopus_id/78650612685?field=author,affiliation"},{"@_fa": "true", "@ref": "scopus", "@href": "https://www.scopus.com/inward/record.uri?partnerID=HzOxMe3b&scp=78650612685&origin=inward"},{"@_fa": "true", "@ref": "scopus-citedby", "@href": "https://www.scopus.com/inward/citedby.uri?partnerID=HzOxMe3b&scp=78650612685&origin=inward"}],"prism:url":"https://api.elsevier.com/content/abstract/scopus_id/78650612685","dc:identifier":"SCOPUS_ID:78650612685","eid":"2-s2.0-78650612685","dc:title":"ALCM: Automatic land cover mapping","dc:creator":"Kumar A.","prism:publicationName":"Journal of the Indian Society of Remote Sensing","prism:issn":"0255660X","prism:eIssn":"09743006","prism:volume":"38","prism:issueIdentifier":"2","prism:pageRange":"239-245","prism:coverDate":"2010-12-31","prism:coverDisplayDate":"2010","prism:doi":"10.1007/s12524-010-0030-x","citedby-count":"12","affiliation": [{"@_fa": "true", "affilname":"Indian Institute of Remote Sensing","affiliation-city":"Dehradun","affiliation-country":"India"}],"prism:aggregationType":"Journal","subtype":"ar","subtypeDescription":"Article","source-id":"26648","openaccess":"0","openaccessFlag":false},{"@_fa": "true", "link": [{"@_fa": "true", "@ref": "self", "@href": "https://api.elsevier.com/content/abstract/scopus_id/78650615747"},{"@_fa": "true", "@ref": "author-affiliation", "@href": "https://api.elsevier.com/content/abstract/scopus_id/78650615747?field=author,affiliation"},{"@_fa": "true", "@ref": "scopus", "@href": "https://www.scopus.com/inward/record.uri?partnerID=HzOxMe3b&scp=78650615747&origin=inward"},{"@_fa": "true", "@ref": "scopus-citedby", "@href": "https://www.scopus.com/inward/citedby.uri?partnerID=HzOxMe3b&scp=78650615747&origin=inward"}],"prism:url":"https://api.elsevier.com/content/abstract/scopus_id/78650615747","dc:identifier":"SCOPUS_ID:78650615747","eid":"2-s2.0-78650615747","dc:title":"Implementing a new PC setup policy -or- how i learned to stop worrying and give up symantec ghost","dc:creator":"Denk J.","prism:publicationName":"Proceedings ACM SIGUCCS User Services Conference","prism:isbn": [{"@_fa": "true", "$" :"9781450300032"}],"prism:pageRange":"171-173","prism:coverDate":"2010-12-31","prism:coverDisplayDate":"2010","prism:doi":"10.1145/1878335.1878378","citedby-count":"0","prism:aggregationType":"Conference Proceeding","subtype":"cp","subtypeDescription":"Conference Paper","source-id":"30306","openaccess":"0","openaccessFlag":false},{"@_fa": "true", "link": [{"@_fa": "true", "@ref": "self", "@href": "https://api.elsevier.com/content/abstract/scopus_id/78650619938"},{"@_fa": "true", "@ref": "author-affiliation", "@href": "https://api.elsevier.com/content/abstract/scopus_id/78650619938?field=author,affiliation"},{"@_fa": "true", "@ref": "scopus", "@href": "https://www.scopus.com/inward/record.uri?partnerID=HzOxMe3b&scp=78650619938&origin=inward"},{"@_fa": "true", "@ref": "scopus-citedby", "@href": "https://www.scopus.com/inward/citedby.uri?partnerID=HzOxMe3b&scp=78650619938&origin=inward"}],"prism:url":"https://api.elsevier.com/content/abstract/scopus_id/78650619938","dc:identifier":"SCOPUS_ID:78650619938","eid":"2-s2.0-78650619938","dc:title":"Charting a course for software licensing and distribution","dc:creator":"Cooper M.","prism:publicationName":"Proceedings ACM SIGUCCS User Services Conference","prism:isbn": [{"@_fa": "true", "$" :"9781450300032"}],"prism:pageRange":"153-156","prism:coverDate":"2010-12-31","prism:coverDisplayDate":"2010","prism:doi":"10.1145/1878335.1878375","citedby-count":"2","prism:aggregationType":"Conference Proceeding","subtype":"cp","subtypeDescription":"Conference Paper","source-id":"30306","openaccess":"0","openaccessFlag":false},{"@_fa": "true", "link": [{"@_fa": "true", "@ref": "self", "@href": "https://api.elsevier.com/content/abstract/scopus_id/78650589652"},{"@_fa": "true", "@ref": "author-affiliation", "@href": "https://api.elsevier.com/content/abstract/scopus_id/78650589652?field=author,affiliation"},{"@_fa": "true", "@ref": "scopus", "@href": "https://www.scopus.com/inward/record.uri?partnerID=HzOxMe3b&scp=78650589652&origin=inward"},{"@_fa": "true", "@ref": "scopus-citedby", "@href": "https://www.scopus.com/inward/citedby.uri?partnerID=HzOxMe3b&scp=78650589652&origin=inward"}],"prism:url":"https://api.elsevier.com/content/abstract/scopus_id/78650589652","dc:identifier":"SCOPUS_ID:78650589652","eid":"2-s2.0-78650589652","dc:title":"The syntax-lexicon continuum in Construction Grammar: A case study of English communication verbs","dc:creator":"Boas H.","prism:publicationName":"Belgian Journal of Linguistics","prism:issn":"07745141","prism:eIssn":"15699676","prism:volume":"24","prism:issueIdentifier":"1","prism:pageRange":"54-82","prism:coverDate":"2010-12-31","prism:coverDisplayDate":"2010","prism:doi":"10.1075/bjl.24.03boa","citedby-count":"21","affiliation": [{"@_fa": "true", "affilname":"University of Texas at Austin","affiliation-city":"Austin","affiliation-country":"United States"}],"prism:aggregationType":"Journal","subtype":"re","subtypeDescription":"Review","source-id":"5800207802","openaccess":"0","openaccessFlag":false},{"@_fa": "true", "link": [{"@_fa": "true", "@ref": "self", "@href": "https://api.elsevier.com/content/abstract/scopus_id/78650612879"},{"@_fa": "true", "@ref": "author-affiliation", "@href": "https://api.elsevier.com/content/abstract/scopus_id/78650612879?field=author,affiliation"},{"@_fa": "true", "@ref": "scopus", "@href": "https://www.scopus.com/inward/record.uri?partnerID=HzOxMe3b&scp=78650612879&origin=inward"},{"@_fa": "true", "@ref": "scopus-citedby", "@href": "https://www.scopus.com/inward/citedby.uri?partnerID=HzOxMe3b&scp=78650612879&origin=inward"}],"prism:url":"https://api.elsevier.com/content/abstract/scopus_id/78650612879","dc:identifier":"SCOPUS_ID:78650612879","eid":"2-s2.0-78650612879","dc:title":"From \"teaching technologies\" to \"teaching innovation\": A conference changes with the times","dc:creator":"Mateik D.","prism:publicationName":"Proceedings ACM SIGUCCS User Services Conference","prism:isbn": [{"@_fa": "true", "$" :"9781450300032"}],"prism:pageRange":"29-32","prism:coverDate":"2010-12-31","prism:coverDisplayDate":"2010","prism:doi":"10.1145/1878335.1878345","citedby-count":"2","prism:aggregationType":"Conference Proceeding","subtype":"cp","subtypeDescription":"Conference Paper","source-id":"30306","openaccess":"0","openaccessFlag":false},{"@_fa": "true", "link": [{"@_fa": "true", "@ref": "self", "@href": "https://api.elsevier.com/content/abstract/scopus_id/78650593034"},{"@_fa": "true", "@ref": "author-affiliation", "@href": "https://api.elsevier.com/content/abstract/scopus_id/78650593034?field=author,affiliation"},{"@_fa": "true", "@ref": "scopus", "@href": "https://www.scopus.com/inward/record.uri?partnerID=HzOxMe3b&scp=78650593034&origin=inward"},{"@_fa": "true", "@ref": "scopus-citedby", "@href": "https://www.scopus.com/inward/citedby.uri?partnerID=HzOxMe3b&scp=78650593034&origin=inward"}],"prism:url":"https://api.elsevier.com/content/abstract/scopus_id/78650593034","dc:identifier":"SCOPUS_ID:78650593034","eid":"2-s2.0-78650593034","dc:title":"A sideways approach to data security and privacy awareness","dc:creator":"Dunnavant S.","prism:publicationName":"Proceedings ACM SIGUCCS User Services Conference","prism:isbn": [{"@_fa": "true", "$" :"9781450300032"}],"prism:pageRange":"195-197","prism:coverDate":"2010-12-31","prism:coverDisplayDate":"2010","prism:doi":"10.1145/1878335.1878384","citedby-count":"0","prism:aggregationType":"Conference Proceeding","subtype":"cp","subtypeDescription":"Conference Paper","source-id":"30306","openaccess":"0","openaccessFlag":false},{"@_fa": "true", "link": [{"@_fa": "true", "@ref": "self", "@href": "https://api.elsevier.com/content/abstract/scopus_id/78650566187"},{"@_fa": "true", "@ref": "author-affiliation", "@href": "https://api.elsevier.com/content/abstract/scopus_id/78650566187?field=author,affiliation"},{"@_fa": "true", "@ref": "scopus", "@href": "https://www.scopus.com/inward/record.uri?partnerID=HzOxMe3b&scp=78650566187&origin=inward"},{"@_fa": "true", "@ref": "scopus-citedby", "@href": "https://www.scopus.com/inward/citedby.uri?partnerID=HzOxMe3b&scp=78650566187&origin=inward"}],"prism:url":"https://api.elsevier.com/content/abstract/scopus_id/78650566187","dc:identifier":"SCOPUS_ID:78650566187","eid":"2-s2.0-78650566187","dc:title":"AODV and OLSR routing protocols for wireless ad-hoc and mesh networks","dc:creator":"Kumar S.","prism:publicationName":"2010 International Conference on Computer and Communication Technology, ICCCT-2010","prism:isbn": [{"@_fa": "true", "$" :"9781424490349"}],"prism:pageRange":"402-407","prism:coverDate":"2010-12-30","prism:coverDisplayDate":"2010","prism:doi":"10.1109/ICCCT.2010.5640508","citedby-count":"10","affiliation": [{"@_fa": "true", "affilname":"Punjabi University","affiliation-city":"Patiala","affiliation-country":"India"}],"prism:aggregationType":"Conference Proceeding","subtype":"cp","subtypeDescription":"Conference Paper","article-number":"5640508","source-id":"19700183095","openaccess":"0","openaccessFlag":false},{"@_fa": "true", "link": [{"@_fa": "true", "@ref": "self", "@href": "https://api.elsevier.com/content/abstract/scopus_id/78650552245"},{"@_fa": "true", "@ref": "author-affiliation", "@href": "https://api.elsevier.com/content/abstract/scopus_id/78650552245?field=author,affiliation"},{"@_fa": "true", "@ref": "scopus", "@href": "https://www.scopus.com/inward/record.uri?partnerID=HzOxMe3b&scp=78650552245&origin=inward"},{"@_fa": "true", "@ref": "scopus-citedby", "@href": "https://www.scopus.com/inward/citedby.uri?partnerID=HzOxMe3b&scp=78650552245&origin=inward"}],"prism:url":"https://api.elsevier.com/content/abstract/scopus_id/78650552245","dc:identifier":"SCOPUS_ID:78650552245","eid":"2-s2.0-78650552245","dc:title":"A study on control method of movable nodes for sensor networks","dc:creator":"Sekita I.","prism:publicationName":"2010 14th Int. Conference on Intelligence in Next Generation Networks: \"Weaving Applications Into the Network Fabric\", ICIN 2010 - 2nd Int. Workshop on Business Models for Mobile Platforms, BMMP 10","prism:isbn": [{"@_fa": "true", "$" :"9781424474455"}],"prism:pageRange":null,"prism:coverDate":"2010-12-30","prism:coverDisplayDate":"2010","prism:doi":"10.1109/ICIN.2010.5640913","citedby-count":"0","affiliation": [{"@_fa": "true", "affilname":"Shibaura Institute of Technology","affiliation-city":"Tokyo","affiliation-country":"Japan"}],"prism:aggregationType":"Conference Proceeding","subtype":"cp","subtypeDescription":"Conference Paper","article-number":"5640913","source-id":"19700183089","openaccess":"0","openaccessFlag":false},{"@_fa": "true", "link": [{"@_fa": "true", "@ref": "self", "@href": "https://api.elsevier.com/content/abstract/scopus_id/78650580618"},{"@_fa": "true", "@ref": "author-affiliation", "@href": "https://api.elsevier.com/content/abstract/scopus_id/78650580618?field=author,affiliation"},{"@_fa": "true", "@ref": "scopus", "@href": "https://www.scopus.com/inward/record.uri?partnerID=HzOxMe3b&scp=78650580618&origin=inward"},{"@_fa": "true", "@ref": "scopus-citedby", "@href": "https://www.scopus.com/inward/citedby.uri?partnerID=HzOxMe3b&scp=78650580618&origin=inward"}],"prism:url":"https://api.elsevier.com/content/abstract/scopus_id/78650580618","dc:identifier":"SCOPUS_ID:78650580618","eid":"2-s2.0-78650580618","dc:title":"IMS transit functionality: The missing link","dc:creator":"Noldus R.","prism:publicationName":"2010 14th Int. Conference on Intelligence in Next Generation Networks: \"Weaving Applications Into the Network Fabric\", ICIN 2010 - 2nd Int. Workshop on Business Models for Mobile Platforms, BMMP 10","prism:isbn": [{"@_fa": "true", "$" :"9781424474455"}],"prism:pageRange":null,"prism:coverDate":"2010-12-30","prism:coverDisplayDate":"2010","prism:doi":"10.1109/ICIN.2010.5640949","citedby-count":"2","prism:aggregationType":"Conference Proceeding","subtype":"cp","subtypeDescription":"Conference Paper","article-number":"5640949","source-id":"19700183089","openaccess":"0","openaccessFlag":false},{"@_fa": "true", "link": [{"@_fa": "true", "@ref": "self", "@href": "https://api.elsevier.com/content/abstract/scopus_id/78650553469"},{"@_fa": "true", "@ref": "author-affiliation", "@href": "https://api.elsevier.com/content/abstract/scopus_id/78650553469?field=author,affiliation"},{"@_fa": "true", "@ref": "scopus", "@href": "https://www.scopus.com/inward/record.uri?partnerID=HzOxMe3b&scp=78650553469&origin=inward"},{"@_fa": "true", "@ref": "scopus-citedby", "@href": "https://www.scopus.com/inward/citedby.uri?partnerID=HzOxMe3b&scp=78650553469&origin=inward"}],"prism:url":"https://api.elsevier.com/content/abstract/scopus_id/78650553469","dc:identifier":"SCOPUS_ID:78650553469","eid":"2-s2.0-78650553469","dc:title":"Enhancing the efficiency of secure network monitoring through mobile agents","dc:creator":"Srivastava S.","prism:publicationName":"2010 International Conference on Computer and Communication Technology, ICCCT-2010","prism:isbn": [{"@_fa": "true", "$" :"9781424490349"}],"prism:pageRange":"141-148","prism:coverDate":"2010-12-30","prism:coverDisplayDate":"2010","prism:doi":"10.1109/ICCCT.2010.5640412","citedby-count":"5","affiliation": [{"@_fa": "true", "affilname":"Indian Institute of Information Technology, Allahabad","affiliation-city":"Allahabad","affiliation-country":"India"}],"prism:aggregationType":"Conference Proceeding","subtype":"cp","subtypeDescription":"Conference Paper","article-number":"5640412","source-id":"19700183095","openaccess":"0","openaccessFlag":false},{"@_fa": "true", "link": [{"@_fa": "true", "@ref": "self", "@href": "https://api.elsevier.com/content/abstract/scopus_id/78650540505"},{"@_fa": "true", "@ref": "author-affiliation", "@href": "https://api.elsevier.com/content/abstract/scopus_id/78650540505?field=author,affiliation"},{"@_fa": "true", "@ref": "scopus", "@href": "https://www.scopus.com/inward/record.uri?partnerID=HzOxMe3b&scp=78650540505&origin=inward"},{"@_fa": "true", "@ref": "scopus-citedby", "@href": "https://www.scopus.com/inward/citedby.uri?partnerID=HzOxMe3b&scp=78650540505&origin=inward"}],"prism:url":"https://api.elsevier.com/content/abstract/scopus_id/78650540505","dc:identifier":"SCOPUS_ID:78650540505","eid":"2-s2.0-78650540505","dc:title":"An empirical study on the factors influencing college students' network learning efficacy","dc:creator":"Luo M.","prism:publicationName":"Proceedings - 2010 International Conference on Artificial Intelligence and Education, ICAIE 2010","prism:isbn": [{"@_fa": "true", "$" :"9781424469338"}],"prism:pageRange":"379-382","prism:coverDate":"2010-12-30","prism:coverDisplayDate":"2010","prism:doi":"10.1109/ICAIE.2010.5641092","citedby-count":"0","prism:aggregationType":"Conference Proceeding","subtype":"cp","subtypeDescription":"Conference Paper","article-number":"5641092","source-id":"19700183088","openaccess":"0","openaccessFlag":false},{"@_fa": "true", "link": [{"@_fa": "true", "@ref": "self", "@href": "https://api.elsevier.com/content/abstract/scopus_id/78650526296"},{"@_fa": "true", "@ref": "author-affiliation", "@href": "https://api.elsevier.com/content/abstract/scopus_id/78650526296?field=author,affiliation"},{"@_fa": "true", "@ref": "scopus", "@href": "https://www.scopus.com/inward/record.uri?partnerID=HzOxMe3b&scp=78650526296&origin=inward"},{"@_fa": "true", "@ref": "scopus-citedby", "@href": "https://www.scopus.com/inward/citedby.uri?partnerID=HzOxMe3b&scp=78650526296&origin=inward"}],"prism:url":"https://api.elsevier.com/content/abstract/scopus_id/78650526296","dc:identifier":"SCOPUS_ID:78650526296","eid":"2-s2.0-78650526296","dc:title":"An analysis of internet integrated mobile adhoc networks","dc:creator":"Kumar P.","prism:publicationName":"2010 International Conference on Computer and Communication Technology, ICCCT-2010","prism:isbn": [{"@_fa": "true", "$" :"9781424490349"}],"prism:pageRange":"52-55","prism:coverDate":"2010-12-30","prism:coverDisplayDate":"2010","prism:doi":"10.1109/ICCCT.2010.5640410","citedby-count":"1","affiliation": [{"@_fa": "true", "affilname":"National Institute of Technology Hamirpur","affiliation-city":"Hamirpur","affiliation-country":"India"}],"prism:aggregationType":"Conference Proceeding","subtype":"cp","subtypeDescription":"Conference Paper","article-number":"5640410","source-id":"19700183095","openaccess":"0","openaccessFlag":false},{"@_fa": "true", "link": [{"@_fa": "true", "@ref": "self", "@href": "https://api.elsevier.com/content/abstract/scopus_id/78650563910"},{"@_fa": "true", "@ref": "author-affiliation", "@href": "https://api.elsevier.com/content/abstract/scopus_id/78650563910?field=author,affiliation"},{"@_fa": "true", "@ref": "scopus", "@href": "https://www.scopus.com/inward/record.uri?partnerID=HzOxMe3b&scp=78650563910&origin=inward"},{"@_fa": "true", "@ref": "scopus-citedby", "@href": "https://www.scopus.com/inward/citedby.uri?partnerID=HzOxMe3b&scp=78650563910&origin=inward"}],"prism:url":"https://api.elsevier.com/content/abstract/scopus_id/78650563910","dc:identifier":"SCOPUS_ID:78650563910","eid":"2-s2.0-78650563910","dc:title":"Architecture for sensor networks in cyber-physical system","dc:creator":"Garay J.","prism:publicationName":"2010 IEEE Latin-American Conference on Communications, LATINCOM 2010 - Conference Proceedings","prism:isbn": [{"@_fa": "true", "$" :"9781424471720"}],"prism:pageRange":null,"prism:coverDate":"2010-12-30","prism:coverDisplayDate":"2010","prism:doi":"10.1109/LATINCOM.2010.5641126","citedby-count":"3","affiliation": [{"@_fa": "true", "affilname":"Universidade de Sao Paulo - USP","affiliation-city":"Sao Paulo","affiliation-country":"Brazil"}],"prism:aggregationType":"Conference Proceeding","subtype":"cp","subtypeDescription":"Conference Paper","article-number":"5641126","source-id":"19700183094","openaccess":"0","openaccessFlag":false}]}}