{"search-results":{"opensearch:totalResults":"11865","opensearch:startIndex":"0","opensearch:itemsPerPage":"25","opensearch:Query":{"@role": "request", "@searchTerms": "TITLE-ABS-KEY(\"networks\") AND SUBJAREA(SOCI) AND PUBYEAR = 2009", "@startPage": "0"},"link": [{"@_fa": "true", "@ref": "self", "@href": "https://api.elsevier.com/content/search/scopus?start=0&count=25&query=TITLE-ABS-KEY%28%22networks%22%29+AND+SUBJAREA%28SOCI%29+AND+PUBYEAR+%3D+2009&apiKey=27d953b4b546791964ebeb768d13e61f&view=STANDARD", "@type": "application/json"},{"@_fa": "true", "@ref": "first", "@href": "https://api.elsevier.com/content/search/scopus?start=0&count=25&query=TITLE-ABS-KEY%28%22networks%22%29+AND+SUBJAREA%28SOCI%29+AND+PUBYEAR+%3D+2009&apiKey=27d953b4b546791964ebeb768d13e61f&view=STANDARD", "@type": "application/json"},{"@_fa": "true", "@ref": "next", "@href": "https://api.elsevier.com/content/search/scopus?start=25&count=25&query=TITLE-ABS-KEY%28%22networks%22%29+AND+SUBJAREA%28SOCI%29+AND+PUBYEAR+%3D+2009&apiKey=27d953b4b546791964ebeb768d13e61f&view=STANDARD", "@type": "application/json"},{"@_fa": "true", "@ref": "last", "@href": "https://api.elsevier.com/content/search/scopus?start=4975&count=25&query=TITLE-ABS-KEY%28%22networks%22%29+AND+SUBJAREA%28SOCI%29+AND+PUBYEAR+%3D+2009&apiKey=27d953b4b546791964ebeb768d13e61f&view=STANDARD", "@type": "application/json"}],"entry": [{"@_fa": "true", "link": [{"@_fa": "true", "@ref": "self", "@href": "https://api.elsevier.com/content/abstract/scopus_id/72449185057"},{"@_fa": "true", "@ref": "author-affiliation", "@href": "https://api.elsevier.com/content/abstract/scopus_id/72449185057?field=author,affiliation"},{"@_fa": "true", "@ref": "scopus", "@href": "https://www.scopus.com/inward/record.uri?partnerID=HzOxMe3b&scp=72449185057&origin=inward"},{"@_fa": "true", "@ref": "scopus-citedby", "@href": "https://www.scopus.com/inward/citedby.uri?partnerID=HzOxMe3b&scp=72449185057&origin=inward"}],"prism:url":"https://api.elsevier.com/content/abstract/scopus_id/72449185057","dc:identifier":"SCOPUS_ID:72449185057","eid":"2-s2.0-72449185057","dc:title":"Hispanic farmers and farmworkers: Social networks, institutional exclusion, and climate vulnerability in Southeastern Arizona","dc:creator":"Squez-león M.","prism:publicationName":"American Anthropologist","prism:issn":"00027294","prism:eIssn":"15481433","prism:volume":"111","prism:issueIdentifier":"3","prism:pageRange":"289-301","prism:coverDate":"2009-12-31","prism:coverDisplayDate":"2009","prism:doi":"10.1111/j.1548-1433.2009.01133.x","citedby-count":"28","affiliation": [{"@_fa": "true", "affilname":"University of Arizona","affiliation-city":"Tucson","affiliation-country":"United States"}],"prism:aggregationType":"Journal","subtype":"ar","subtypeDescription":"Article","source-id":"32845","openaccess":"0","openaccessFlag":false},{"@_fa": "true", "link": [{"@_fa": "true", "@ref": "self", "@href": "https://api.elsevier.com/content/abstract/scopus_id/72749122511"},{"@_fa": "true", "@ref": "author-affiliation", "@href": "https://api.elsevier.com/content/abstract/scopus_id/72749122511?field=author,affiliation"},{"@_fa": "true", "@ref": "scopus", "@href": "https://www.scopus.com/inward/record.uri?partnerID=HzOxMe3b&scp=72749122511&origin=inward"},{"@_fa": "true", "@ref": "scopus-citedby", "@href": "https://www.scopus.com/inward/citedby.uri?partnerID=HzOxMe3b&scp=72749122511&origin=inward"}],"prism:url":"https://api.elsevier.com/content/abstract/scopus_id/72749122511","dc:identifier":"SCOPUS_ID:72749122511","eid":"2-s2.0-72749122511","dc:title":"The effects of local disorder on the electronic structures of amorphous semiconductor GaAs","dc:creator":"Wang L.","prism:publicationName":"34th International Conference on Infrared, Millimeter, and Terahertz Waves, IRMMW-THz 2009","prism:isbn": [{"@_fa": "true", "$" :"9781424454174"}],"prism:pageRange":null,"prism:coverDate":"2009-12-31","prism:coverDisplayDate":"2009","prism:doi":"10.1109/ICIMW.2009.5324742","citedby-count":"0","affiliation": [{"@_fa": "true", "affilname":"Shanghai Institute of Technical Physics Chinese Academy of Sciences","affiliation-city":"Shanghai","affiliation-country":"China"}],"prism:aggregationType":"Conference Proceeding","subtype":"cp","subtypeDescription":"Conference Paper","article-number":"5324742","source-id":"19500157319","openaccess":"0","openaccessFlag":false},{"@_fa": "true", "link": [{"@_fa": "true", "@ref": "self", "@href": "https://api.elsevier.com/content/abstract/scopus_id/72749100512"},{"@_fa": "true", "@ref": "author-affiliation", "@href": "https://api.elsevier.com/content/abstract/scopus_id/72749100512?field=author,affiliation"},{"@_fa": "true", "@ref": "scopus", "@href": "https://www.scopus.com/inward/record.uri?partnerID=HzOxMe3b&scp=72749100512&origin=inward"},{"@_fa": "true", "@ref": "scopus-citedby", "@href": "https://www.scopus.com/inward/citedby.uri?partnerID=HzOxMe3b&scp=72749100512&origin=inward"}],"prism:url":"https://api.elsevier.com/content/abstract/scopus_id/72749100512","dc:identifier":"SCOPUS_ID:72749100512","eid":"2-s2.0-72749100512","dc:title":"Multi-beam antenna at Q band","dc:creator":"Xiang B.","prism:publicationName":"34th International Conference on Infrared, Millimeter, and Terahertz Waves, IRMMW-THz 2009","prism:isbn": [{"@_fa": "true", "$" :"9781424454174"}],"prism:pageRange":null,"prism:coverDate":"2009-12-31","prism:coverDisplayDate":"2009","prism:doi":"10.1109/ICIMW.2009.5324966","citedby-count":"4","affiliation": [{"@_fa": "true", "affilname":"Southeast University","affiliation-city":"Nanjing","affiliation-country":"China"}],"prism:aggregationType":"Conference Proceeding","subtype":"cp","subtypeDescription":"Conference Paper","article-number":"5324966","source-id":"19500157319","openaccess":"0","openaccessFlag":false},{"@_fa": "true", "link": [{"@_fa": "true", "@ref": "self", "@href": "https://api.elsevier.com/content/abstract/scopus_id/72749125009"},{"@_fa": "true", "@ref": "author-affiliation", "@href": "https://api.elsevier.com/content/abstract/scopus_id/72749125009?field=author,affiliation"},{"@_fa": "true", "@ref": "scopus", "@href": "https://www.scopus.com/inward/record.uri?partnerID=HzOxMe3b&scp=72749125009&origin=inward"},{"@_fa": "true", "@ref": "scopus-citedby", "@href": "https://www.scopus.com/inward/citedby.uri?partnerID=HzOxMe3b&scp=72749125009&origin=inward"}],"prism:url":"https://api.elsevier.com/content/abstract/scopus_id/72749125009","dc:identifier":"SCOPUS_ID:72749125009","eid":"2-s2.0-72749125009","dc:title":"Hydration effect on dynamics of biomolecules in reverse micelles in the terahertz frequency range","dc:creator":"Murakami H.","prism:publicationName":"34th International Conference on Infrared, Millimeter, and Terahertz Waves, IRMMW-THz 2009","prism:isbn": [{"@_fa": "true", "$" :"9781424454174"}],"prism:pageRange":null,"prism:coverDate":"2009-12-31","prism:coverDisplayDate":"2009","prism:doi":"10.1109/ICIMW.2009.5325766","citedby-count":"0","affiliation": [{"@_fa": "true", "affilname":"Japan Atomic Energy Agency Kansai Photon Science Institute","affiliation-city":"Souraku District","affiliation-country":"Japan"},{"@_fa": "true", "affilname":"Japan Atomic Energy Agency","affiliation-city":"Kashiwa","affiliation-country":"Japan"}],"prism:aggregationType":"Conference Proceeding","subtype":"cp","subtypeDescription":"Conference Paper","article-number":"5325766","source-id":"19500157319","openaccess":"0","openaccessFlag":false},{"@_fa": "true", "link": [{"@_fa": "true", "@ref": "self", "@href": "https://api.elsevier.com/content/abstract/scopus_id/72749083201"},{"@_fa": "true", "@ref": "author-affiliation", "@href": "https://api.elsevier.com/content/abstract/scopus_id/72749083201?field=author,affiliation"},{"@_fa": "true", "@ref": "scopus", "@href": "https://www.scopus.com/inward/record.uri?partnerID=HzOxMe3b&scp=72749083201&origin=inward"},{"@_fa": "true", "@ref": "scopus-citedby", "@href": "https://www.scopus.com/inward/citedby.uri?partnerID=HzOxMe3b&scp=72749083201&origin=inward"}],"prism:url":"https://api.elsevier.com/content/abstract/scopus_id/72749083201","dc:identifier":"SCOPUS_ID:72749083201","eid":"2-s2.0-72749083201","dc:title":"Ultra-wideband components using a microstrip-to-CPS balun","dc:creator":"Kim Y.","prism:publicationName":"34th International Conference on Infrared, Millimeter, and Terahertz Waves, IRMMW-THz 2009","prism:isbn": [{"@_fa": "true", "$" :"9781424454174"}],"prism:pageRange":null,"prism:coverDate":"2009-12-31","prism:coverDisplayDate":"2009","prism:doi":"10.1109/ICIMW.2009.5325695","citedby-count":"3","affiliation": [{"@_fa": "true", "affilname":"Kyungpook National University","affiliation-city":"Daegu","affiliation-country":"South Korea"}],"prism:aggregationType":"Conference Proceeding","subtype":"cp","subtypeDescription":"Conference Paper","article-number":"5325695","source-id":"19500157319","openaccess":"0","openaccessFlag":false},{"@_fa": "true", "link": [{"@_fa": "true", "@ref": "self", "@href": "https://api.elsevier.com/content/abstract/scopus_id/72749122029"},{"@_fa": "true", "@ref": "author-affiliation", "@href": "https://api.elsevier.com/content/abstract/scopus_id/72749122029?field=author,affiliation"},{"@_fa": "true", "@ref": "scopus", "@href": "https://www.scopus.com/inward/record.uri?partnerID=HzOxMe3b&scp=72749122029&origin=inward"},{"@_fa": "true", "@ref": "scopus-citedby", "@href": "https://www.scopus.com/inward/citedby.uri?partnerID=HzOxMe3b&scp=72749122029&origin=inward"}],"prism:url":"https://api.elsevier.com/content/abstract/scopus_id/72749122029","dc:identifier":"SCOPUS_ID:72749122029","eid":"2-s2.0-72749122029","dc:title":"A novel method to monitor the storage stability of pharmaceutical tablets using terahertz time-domain spectroscopy","dc:creator":"Nativivat V.","prism:publicationName":"34th International Conference on Infrared, Millimeter, and Terahertz Waves, IRMMW-THz 2009","prism:isbn": [{"@_fa": "true", "$" :"9781424454174"}],"prism:pageRange":null,"prism:coverDate":"2009-12-31","prism:coverDisplayDate":"2009","prism:doi":"10.1109/ICIMW.2009.5324640","citedby-count":"0","prism:aggregationType":"Conference Proceeding","subtype":"cp","subtypeDescription":"Conference Paper","article-number":"5324640","source-id":"19500157319","openaccess":"0","openaccessFlag":false},{"@_fa": "true", "link": [{"@_fa": "true", "@ref": "self", "@href": "https://api.elsevier.com/content/abstract/scopus_id/72749085881"},{"@_fa": "true", "@ref": "author-affiliation", "@href": "https://api.elsevier.com/content/abstract/scopus_id/72749085881?field=author,affiliation"},{"@_fa": "true", "@ref": "scopus", "@href": "https://www.scopus.com/inward/record.uri?partnerID=HzOxMe3b&scp=72749085881&origin=inward"},{"@_fa": "true", "@ref": "scopus-citedby", "@href": "https://www.scopus.com/inward/citedby.uri?partnerID=HzOxMe3b&scp=72749085881&origin=inward"}],"prism:url":"https://api.elsevier.com/content/abstract/scopus_id/72749085881","dc:identifier":"SCOPUS_ID:72749085881","eid":"2-s2.0-72749085881","dc:title":"3D-Terahertz-tomography for material inspection and security","dc:creator":"Quast H.","prism:publicationName":"34th International Conference on Infrared, Millimeter, and Terahertz Waves, IRMMW-THz 2009","prism:isbn": [{"@_fa": "true", "$" :"9781424454174"}],"prism:pageRange":null,"prism:coverDate":"2009-12-31","prism:coverDisplayDate":"2009","prism:doi":"10.1109/ICIMW.2009.5325639","citedby-count":"27","prism:aggregationType":"Conference Proceeding","subtype":"cp","subtypeDescription":"Conference Paper","article-number":"5325639","source-id":"19500157319","openaccess":"0","openaccessFlag":false},{"@_fa": "true", "link": [{"@_fa": "true", "@ref": "self", "@href": "https://api.elsevier.com/content/abstract/scopus_id/72749112407"},{"@_fa": "true", "@ref": "author-affiliation", "@href": "https://api.elsevier.com/content/abstract/scopus_id/72749112407?field=author,affiliation"},{"@_fa": "true", "@ref": "scopus", "@href": "https://www.scopus.com/inward/record.uri?partnerID=HzOxMe3b&scp=72749112407&origin=inward"},{"@_fa": "true", "@ref": "scopus-citedby", "@href": "https://www.scopus.com/inward/citedby.uri?partnerID=HzOxMe3b&scp=72749112407&origin=inward"}],"prism:url":"https://api.elsevier.com/content/abstract/scopus_id/72749112407","dc:identifier":"SCOPUS_ID:72749112407","eid":"2-s2.0-72749112407","dc:title":"Novel millimeter wave sensor concepts for energy, environment, and national security","dc:creator":"Sundaram S.","prism:publicationName":"34th International Conference on Infrared, Millimeter, and Terahertz Waves, IRMMW-THz 2009","prism:isbn": [{"@_fa": "true", "$" :"9781424454174"}],"prism:pageRange":null,"prism:coverDate":"2009-12-31","prism:coverDisplayDate":"2009","prism:doi":"10.1109/ICIMW.2009.5325536","citedby-count":"0","affiliation": [{"@_fa": "true", "affilname":"Pacific Northwest National Laboratory","affiliation-city":"Richland","affiliation-country":"United States"}],"prism:aggregationType":"Conference Proceeding","subtype":"cp","subtypeDescription":"Conference Paper","article-number":"5325536","source-id":"19500157319","openaccess":"0","openaccessFlag":false},{"@_fa": "true", "link": [{"@_fa": "true", "@ref": "self", "@href": "https://api.elsevier.com/content/abstract/scopus_id/72749103511"},{"@_fa": "true", "@ref": "author-affiliation", "@href": "https://api.elsevier.com/content/abstract/scopus_id/72749103511?field=author,affiliation"},{"@_fa": "true", "@ref": "scopus", "@href": "https://www.scopus.com/inward/record.uri?partnerID=HzOxMe3b&scp=72749103511&origin=inward"},{"@_fa": "true", "@ref": "scopus-citedby", "@href": "https://www.scopus.com/inward/citedby.uri?partnerID=HzOxMe3b&scp=72749103511&origin=inward"}],"prism:url":"https://api.elsevier.com/content/abstract/scopus_id/72749103511","dc:identifier":"SCOPUS_ID:72749103511","eid":"2-s2.0-72749103511","dc:title":"Applications of terahertz spectroscopy","dc:creator":"Zhang C.","prism:publicationName":"34th International Conference on Infrared, Millimeter, and Terahertz Waves, IRMMW-THz 2009","prism:isbn": [{"@_fa": "true", "$" :"9781424454174"}],"prism:pageRange":null,"prism:coverDate":"2009-12-31","prism:coverDisplayDate":"2009","prism:doi":"10.1109/ICIMW.2009.5325682","citedby-count":"2","prism:aggregationType":"Conference Proceeding","subtype":"cp","subtypeDescription":"Conference Paper","article-number":"5325682","source-id":"19500157319","openaccess":"0","openaccessFlag":false},{"@_fa": "true", "link": [{"@_fa": "true", "@ref": "self", "@href": "https://api.elsevier.com/content/abstract/scopus_id/72749109441"},{"@_fa": "true", "@ref": "author-affiliation", "@href": "https://api.elsevier.com/content/abstract/scopus_id/72749109441?field=author,affiliation"},{"@_fa": "true", "@ref": "scopus", "@href": "https://www.scopus.com/inward/record.uri?partnerID=HzOxMe3b&scp=72749109441&origin=inward"},{"@_fa": "true", "@ref": "scopus-citedby", "@href": "https://www.scopus.com/inward/citedby.uri?partnerID=HzOxMe3b&scp=72749109441&origin=inward"}],"prism:url":"https://api.elsevier.com/content/abstract/scopus_id/72749109441","dc:identifier":"SCOPUS_ID:72749109441","eid":"2-s2.0-72749109441","dc:title":"High power table - Top THz free electron laser and its application","dc:creator":"Jeong Y.","prism:publicationName":"34th International Conference on Infrared, Millimeter, and Terahertz Waves, IRMMW-THz 2009","prism:isbn": [{"@_fa": "true", "$" :"9781424454174"}],"prism:pageRange":null,"prism:coverDate":"2009-12-31","prism:coverDisplayDate":"2009","prism:doi":"10.1109/ICIMW.2009.5325512","citedby-count":"1","affiliation": [{"@_fa": "true", "affilname":"Korea Atomic Energy Research Institute","affiliation-city":"Daejeon","affiliation-country":"South Korea"}],"prism:aggregationType":"Conference Proceeding","subtype":"cp","subtypeDescription":"Conference Paper","article-number":"5325512","source-id":"19500157319","openaccess":"0","openaccessFlag":false},{"@_fa": "true", "link": [{"@_fa": "true", "@ref": "self", "@href": "https://api.elsevier.com/content/abstract/scopus_id/72749123584"},{"@_fa": "true", "@ref": "author-affiliation", "@href": "https://api.elsevier.com/content/abstract/scopus_id/72749123584?field=author,affiliation"},{"@_fa": "true", "@ref": "scopus", "@href": "https://www.scopus.com/inward/record.uri?partnerID=HzOxMe3b&scp=72749123584&origin=inward"},{"@_fa": "true", "@ref": "scopus-citedby", "@href": "https://www.scopus.com/inward/citedby.uri?partnerID=HzOxMe3b&scp=72749123584&origin=inward"}],"prism:url":"https://api.elsevier.com/content/abstract/scopus_id/72749123584","dc:identifier":"SCOPUS_ID:72749123584","eid":"2-s2.0-72749123584","dc:title":"Potential of natural gas utilization in eastern Serbia","dc:creator":"Ivezić D.","prism:publicationName":"Istrazivanja i Projektovanja za Privredu","prism:issn":"14514117","prism:volume":"7","prism:issueIdentifier":"25","prism:pageRange":"49-58","prism:coverDate":"2009-12-31","prism:coverDisplayDate":"2009","citedby-count":"1","affiliation": [{"@_fa": "true", "affilname":"Rudarsko-geološki Fakultet","affiliation-city":"Belgrade","affiliation-country":"Macedonia"}],"prism:aggregationType":"Journal","subtype":"ar","subtypeDescription":"Article","source-id":"4100151613","openaccess":"0","openaccessFlag":false},{"@_fa": "true", "link": [{"@_fa": "true", "@ref": "self", "@href": "https://api.elsevier.com/content/abstract/scopus_id/72649106468"},{"@_fa": "true", "@ref": "author-affiliation", "@href": "https://api.elsevier.com/content/abstract/scopus_id/72649106468?field=author,affiliation"},{"@_fa": "true", "@ref": "scopus", "@href": "https://www.scopus.com/inward/record.uri?partnerID=HzOxMe3b&scp=72649106468&origin=inward"},{"@_fa": "true", "@ref": "scopus-citedby", "@href": "https://www.scopus.com/inward/citedby.uri?partnerID=HzOxMe3b&scp=72649106468&origin=inward"}],"prism:url":"https://api.elsevier.com/content/abstract/scopus_id/72649106468","dc:identifier":"SCOPUS_ID:72649106468","eid":"2-s2.0-72649106468","dc:title":"Spatial mobility of knowledge: A proposal for a more realistic communication model","dc:creator":"Meusburger P.","prism:publicationName":"DISP","prism:issn":"02513625","prism:eIssn":"02513625","prism:volume":"177","prism:issueIdentifier":"2","prism:pageRange":"29-39","prism:coverDate":"2009-12-30","prism:coverDisplayDate":"2009","citedby-count":"23","affiliation": [{"@_fa": "true", "affilname":"Universität Heidelberg","affiliation-city":"Heidelberg","affiliation-country":"Germany"}],"prism:aggregationType":"Journal","subtype":"ar","subtypeDescription":"Article","source-id":"4000148818","openaccess":"0","openaccessFlag":false},{"@_fa": "true", "link": [{"@_fa": "true", "@ref": "self", "@href": "https://api.elsevier.com/content/abstract/scopus_id/72649099267"},{"@_fa": "true", "@ref": "author-affiliation", "@href": "https://api.elsevier.com/content/abstract/scopus_id/72649099267?field=author,affiliation"},{"@_fa": "true", "@ref": "scopus", "@href": "https://www.scopus.com/inward/record.uri?partnerID=HzOxMe3b&scp=72649099267&origin=inward"},{"@_fa": "true", "@ref": "scopus-citedby", "@href": "https://www.scopus.com/inward/citedby.uri?partnerID=HzOxMe3b&scp=72649099267&origin=inward"}],"prism:url":"https://api.elsevier.com/content/abstract/scopus_id/72649099267","dc:identifier":"SCOPUS_ID:72649099267","eid":"2-s2.0-72649099267","dc:title":"Guest Editorial: Complex affinities - Current spatial developments in the context of knowledge and network dynamics","dc:creator":"Matthiesen U.","prism:publicationName":"DISP","prism:issn":"02513625","prism:eIssn":"02513625","prism:volume":"177","prism:issueIdentifier":"2","prism:pageRange":"5-9","prism:coverDate":"2009-12-30","prism:coverDisplayDate":"2009","citedby-count":"0","prism:aggregationType":"Journal","subtype":"ed","subtypeDescription":"Editorial","source-id":"4000148818","openaccess":"0","openaccessFlag":false},{"@_fa": "true", "link": [{"@_fa": "true", "@ref": "self", "@href": "https://api.elsevier.com/content/abstract/scopus_id/84952646784"},{"@_fa": "true", "@ref": "author-affiliation", "@href": "https://api.elsevier.com/content/abstract/scopus_id/84952646784?field=author,affiliation"},{"@_fa": "true", "@ref": "scopus", "@href": "https://www.scopus.com/inward/record.uri?partnerID=HzOxMe3b&scp=84952646784&origin=inward"},{"@_fa": "true", "@ref": "scopus-citedby", "@href": "https://www.scopus.com/inward/citedby.uri?partnerID=HzOxMe3b&scp=84952646784&origin=inward"}],"prism:url":"https://api.elsevier.com/content/abstract/scopus_id/84952646784","dc:identifier":"SCOPUS_ID:84952646784","eid":"2-s2.0-84952646784","dc:title":"The Family Group Conference in ChildWelfare: A View from New Zealand","dc:creator":"Mckenzie M.","prism:publicationName":"Gender and Child Welfare in Society","prism:isbn": [{"@_fa": "true", "$" :"9780470684771"},{"@_fa": "true", "$" :"9780470681862"}],"prism:pageRange":"223-246","prism:coverDate":"2009-12-30","prism:coverDisplayDate":"December 30, 2009","prism:doi":"10.1002/9780470684771.ch9","citedby-count":"0","affiliation": [{"@_fa": "true", "affilname":"University of Otago","affiliation-city":"Dunedin","affiliation-country":"New Zealand"}],"prism:aggregationType":"Book","subtype":"ch","subtypeDescription":"Chapter","source-id":"21100433400","openaccess":"0","openaccessFlag":false},{"@_fa": "true", "link": [{"@_fa": "true", "@ref": "self", "@href": "https://api.elsevier.com/content/abstract/scopus_id/72649103949"},{"@_fa": "true", "@ref": "author-affiliation", "@href": "https://api.elsevier.com/content/abstract/scopus_id/72649103949?field=author,affiliation"},{"@_fa": "true", "@ref": "scopus", "@href": "https://www.scopus.com/inward/record.uri?partnerID=HzOxMe3b&scp=72649103949&origin=inward"},{"@_fa": "true", "@ref": "scopus-citedby", "@href": "https://www.scopus.com/inward/citedby.uri?partnerID=HzOxMe3b&scp=72649103949&origin=inward"}],"prism:url":"https://api.elsevier.com/content/abstract/scopus_id/72649103949","dc:identifier":"SCOPUS_ID:72649103949","eid":"2-s2.0-72649103949","dc:title":"KnowledgeScapes : A new conceptual approach and selected empirical findings from recent research on knowledge milieus and knowledge networks","dc:creator":"Matthiesen U.","prism:publicationName":"DISP","prism:issn":"02513625","prism:eIssn":"02513625","prism:volume":"177","prism:issueIdentifier":"2","prism:pageRange":"10-28","prism:coverDate":"2009-12-30","prism:coverDisplayDate":"2009","citedby-count":"8","affiliation": [{"@_fa": "true", "affilname":"Humboldt-Universität zu Berlin","affiliation-city":"Berlin","affiliation-country":"Germany"},{"@_fa": "true", "affilname":"Institut für Europäische Ethnologie","affiliation-city":"Berlin","affiliation-country":"Germany"}],"prism:aggregationType":"Journal","subtype":"ar","subtypeDescription":"Article","source-id":"4000148818","openaccess":"0","openaccessFlag":false},{"@_fa": "true", "link": [{"@_fa": "true", "@ref": "self", "@href": "https://api.elsevier.com/content/abstract/scopus_id/72649090927"},{"@_fa": "true", "@ref": "author-affiliation", "@href": "https://api.elsevier.com/content/abstract/scopus_id/72649090927?field=author,affiliation"},{"@_fa": "true", "@ref": "scopus", "@href": "https://www.scopus.com/inward/record.uri?partnerID=HzOxMe3b&scp=72649090927&origin=inward"},{"@_fa": "true", "@ref": "scopus-citedby", "@href": "https://www.scopus.com/inward/citedby.uri?partnerID=HzOxMe3b&scp=72649090927&origin=inward"}],"prism:url":"https://api.elsevier.com/content/abstract/scopus_id/72649090927","dc:identifier":"SCOPUS_ID:72649090927","eid":"2-s2.0-72649090927","dc:title":"Invest in employability","dc:creator":"Ross J.","prism:publicationName":"OECD Observer","prism:issn":"00297054","prism:issueIdentifier":"274","prism:pageRange":"15-16","prism:coverDate":"2009-12-30","prism:coverDisplayDate":"2009","citedby-count":"0","prism:aggregationType":"Journal","subtype":"ar","subtypeDescription":"Article","source-id":"24160","openaccess":"0","openaccessFlag":false},{"@_fa": "true", "link": [{"@_fa": "true", "@ref": "self", "@href": "https://api.elsevier.com/content/abstract/scopus_id/72649090810"},{"@_fa": "true", "@ref": "author-affiliation", "@href": "https://api.elsevier.com/content/abstract/scopus_id/72649090810?field=author,affiliation"},{"@_fa": "true", "@ref": "scopus", "@href": "https://www.scopus.com/inward/record.uri?partnerID=HzOxMe3b&scp=72649090810&origin=inward"},{"@_fa": "true", "@ref": "scopus-citedby", "@href": "https://www.scopus.com/inward/citedby.uri?partnerID=HzOxMe3b&scp=72649090810&origin=inward"}],"prism:url":"https://api.elsevier.com/content/abstract/scopus_id/72649090810","dc:identifier":"SCOPUS_ID:72649090810","eid":"2-s2.0-72649090810","dc:title":"Towards a new reserve currency system?","dc:creator":"Reisen H.","prism:publicationName":"OECD Observer","prism:issn":"00297054","prism:issueIdentifier":"274","prism:pageRange":"25-27","prism:coverDate":"2009-12-30","prism:coverDisplayDate":"2009","citedby-count":"1","affiliation": [{"@_fa": "true", "affilname":"L'Organisation de Coopération et de Développement Economiques","affiliation-city":"Paris","affiliation-country":"France"}],"prism:aggregationType":"Journal","subtype":"ar","subtypeDescription":"Article","source-id":"24160","openaccess":"0","openaccessFlag":false},{"@_fa": "true", "link": [{"@_fa": "true", "@ref": "self", "@href": "https://api.elsevier.com/content/abstract/scopus_id/72549115685"},{"@_fa": "true", "@ref": "author-affiliation", "@href": "https://api.elsevier.com/content/abstract/scopus_id/72549115685?field=author,affiliation"},{"@_fa": "true", "@ref": "scopus", "@href": "https://www.scopus.com/inward/record.uri?partnerID=HzOxMe3b&scp=72549115685&origin=inward"},{"@_fa": "true", "@ref": "scopus-citedby", "@href": "https://www.scopus.com/inward/citedby.uri?partnerID=HzOxMe3b&scp=72549115685&origin=inward"}],"prism:url":"https://api.elsevier.com/content/abstract/scopus_id/72549115685","dc:identifier":"SCOPUS_ID:72549115685","eid":"2-s2.0-72549115685","dc:title":"Multimedia and games incorporating student modeling for education","dc:creator":"Cheng I.","prism:publicationName":"International Workshop on Technology for Education, T4E'09","prism:isbn": [{"@_fa": "true", "$" :"9781424455058"}],"prism:pageRange":"91-94","prism:coverDate":"2009-12-29","prism:coverDisplayDate":"2009","prism:doi":"10.1109/T4E.2009.5314111","citedby-count":"3","affiliation": [{"@_fa": "true", "affilname":"University of Alberta","affiliation-city":"Edmonton","affiliation-country":"Canada"}],"prism:aggregationType":"Conference Proceeding","subtype":"cp","subtypeDescription":"Conference Paper","article-number":"5314111","source-id":"19500157210","openaccess":"0","openaccessFlag":false},{"@_fa": "true", "link": [{"@_fa": "true", "@ref": "self", "@href": "https://api.elsevier.com/content/abstract/scopus_id/72549107401"},{"@_fa": "true", "@ref": "author-affiliation", "@href": "https://api.elsevier.com/content/abstract/scopus_id/72549107401?field=author,affiliation"},{"@_fa": "true", "@ref": "scopus", "@href": "https://www.scopus.com/inward/record.uri?partnerID=HzOxMe3b&scp=72549107401&origin=inward"},{"@_fa": "true", "@ref": "scopus-citedby", "@href": "https://www.scopus.com/inward/citedby.uri?partnerID=HzOxMe3b&scp=72549107401&origin=inward"}],"prism:url":"https://api.elsevier.com/content/abstract/scopus_id/72549107401","dc:identifier":"SCOPUS_ID:72549107401","eid":"2-s2.0-72549107401","dc:title":"A case study in estimating the area of informal trail development and associated impacts caused by mountain bike activity in John Forrest National Park, Western Australia","dc:creator":"Newsome D.","prism:publicationName":"Journal of Ecotourism","prism:issn":"14724049","prism:volume":"8","prism:issueIdentifier":"3","prism:pageRange":"237-253","prism:coverDate":"2009-12-29","prism:coverDisplayDate":"2009","prism:doi":"10.1080/14724040802538308","citedby-count":"37","prism:aggregationType":"Journal","subtype":"ar","subtypeDescription":"Article","source-id":"14809","openaccess":"0","openaccessFlag":false},{"@_fa": "true", "link": [{"@_fa": "true", "@ref": "self", "@href": "https://api.elsevier.com/content/abstract/scopus_id/72549096875"},{"@_fa": "true", "@ref": "author-affiliation", "@href": "https://api.elsevier.com/content/abstract/scopus_id/72549096875?field=author,affiliation"},{"@_fa": "true", "@ref": "scopus", "@href": "https://www.scopus.com/inward/record.uri?partnerID=HzOxMe3b&scp=72549096875&origin=inward"},{"@_fa": "true", "@ref": "scopus-citedby", "@href": "https://www.scopus.com/inward/citedby.uri?partnerID=HzOxMe3b&scp=72549096875&origin=inward"}],"prism:url":"https://api.elsevier.com/content/abstract/scopus_id/72549096875","dc:identifier":"SCOPUS_ID:72549096875","eid":"2-s2.0-72549096875","dc:title":"Patenting standards - A case for US antitrust law or a call for recognizing immanent public policy limitations to the exploitation rights conferred by the patent act?","dc:creator":"Chronopoulos A.","prism:publicationName":"IIC International Review of Intellectual Property and Competition Law","prism:issn":"00189855","prism:volume":"40","prism:issueIdentifier":"7","prism:pageRange":"782-816","prism:coverDate":"2009-12-29","prism:coverDisplayDate":"2009","citedby-count":"5","affiliation": [{"@_fa": "true", "affilname":"LL.M.","affiliation-city":"Munich","affiliation-country":"Germany"}],"prism:aggregationType":"Journal","subtype":"ar","subtypeDescription":"Article","source-id":"39526","openaccess":"0","openaccessFlag":false},{"@_fa": "true", "link": [{"@_fa": "true", "@ref": "self", "@href": "https://api.elsevier.com/content/abstract/scopus_id/72549099368"},{"@_fa": "true", "@ref": "author-affiliation", "@href": "https://api.elsevier.com/content/abstract/scopus_id/72549099368?field=author,affiliation"},{"@_fa": "true", "@ref": "scopus", "@href": "https://www.scopus.com/inward/record.uri?partnerID=HzOxMe3b&scp=72549099368&origin=inward"},{"@_fa": "true", "@ref": "scopus-citedby", "@href": "https://www.scopus.com/inward/citedby.uri?partnerID=HzOxMe3b&scp=72549099368&origin=inward"}],"prism:url":"https://api.elsevier.com/content/abstract/scopus_id/72549099368","dc:identifier":"SCOPUS_ID:72549099368","eid":"2-s2.0-72549099368","dc:title":"2009 eCrime Researchers Summit, eCRIME '09","prism:publicationName":"2009 eCrime Researchers Summit, eCRIME '09","prism:isbn": [{"@_fa": "true", "$" :"9781424446261"}],"prism:pageRange":null,"prism:coverDate":"2009-12-29","prism:coverDisplayDate":"2009","citedby-count":"0","prism:aggregationType":"Conference Proceeding","subtype":"cr","subtypeDescription":"Conference Review","source-id":"19500157221","openaccess":"0","openaccessFlag":false},{"@_fa": "true", "link": [{"@_fa": "true", "@ref": "self", "@href": "https://api.elsevier.com/content/abstract/scopus_id/76049121848"},{"@_fa": "true", "@ref": "author-affiliation", "@href": "https://api.elsevier.com/content/abstract/scopus_id/76049121848?field=author,affiliation"},{"@_fa": "true", "@ref": "scopus", "@href": "https://www.scopus.com/inward/record.uri?partnerID=HzOxMe3b&scp=76049121848&origin=inward"},{"@_fa": "true", "@ref": "scopus-citedby", "@href": "https://www.scopus.com/inward/citedby.uri?partnerID=HzOxMe3b&scp=76049121848&origin=inward"}],"prism:url":"https://api.elsevier.com/content/abstract/scopus_id/76049121848","dc:identifier":"SCOPUS_ID:76049121848","eid":"2-s2.0-76049121848","dc:title":"The ethics of \"commercial bribery\": Integrative social contract theory meets transaction cost economics","dc:creator":"Johnsen D.","prism:publicationName":"Journal of Business Ethics","prism:issn":"01674544","prism:eIssn":"15730697","prism:volume":"88","prism:issueIdentifier":"SUPPL. 4","prism:pageRange":"791-803","prism:coverDate":"2009-12-29","prism:coverDisplayDate":"2009","prism:doi":"10.1007/s10551-009-0323-6","citedby-count":"14","affiliation": [{"@_fa": "true", "affilname":"George Mason University, Arlington Campus","affiliation-city":"Arlington","affiliation-country":"United States"}],"prism:aggregationType":"Journal","subtype":"ar","subtypeDescription":"Article","source-id":"23859","openaccess":"0","openaccessFlag":false},{"@_fa": "true", "link": [{"@_fa": "true", "@ref": "self", "@href": "https://api.elsevier.com/content/abstract/scopus_id/72549116870"},{"@_fa": "true", "@ref": "author-affiliation", "@href": "https://api.elsevier.com/content/abstract/scopus_id/72549116870?field=author,affiliation"},{"@_fa": "true", "@ref": "scopus", "@href": "https://www.scopus.com/inward/record.uri?partnerID=HzOxMe3b&scp=72549116870&origin=inward"},{"@_fa": "true", "@ref": "scopus-citedby", "@href": "https://www.scopus.com/inward/citedby.uri?partnerID=HzOxMe3b&scp=72549116870&origin=inward"}],"prism:url":"https://api.elsevier.com/content/abstract/scopus_id/72549116870","dc:identifier":"SCOPUS_ID:72549116870","eid":"2-s2.0-72549116870","dc:title":"Evaluation of a sustainable urban transport system through the use of the transecon methodology","dc:creator":"Basbas S.","prism:publicationName":"International Journal of Sustainable Development and Planning","prism:issn":"17437601","prism:eIssn":"1743761X","prism:volume":"4","prism:issueIdentifier":"1","prism:pageRange":"18-34","prism:coverDate":"2009-12-29","prism:coverDisplayDate":"2009","prism:doi":"10.2495/SDP-V4-N1-18-34","citedby-count":"6","affiliation": [{"@_fa": "true", "affilname":"Aristotle University of Thessaloniki","affiliation-city":"Thessaloniki","affiliation-country":"Greece"}],"prism:aggregationType":"Journal","subtype":"ar","subtypeDescription":"Article","source-id":"5200153101","openaccess":"1","openaccessFlag":true},{"@_fa": "true", "link": [{"@_fa": "true", "@ref": "self", "@href": "https://api.elsevier.com/content/abstract/scopus_id/72449145001"},{"@_fa": "true", "@ref": "author-affiliation", "@href": "https://api.elsevier.com/content/abstract/scopus_id/72449145001?field=author,affiliation"},{"@_fa": "true", "@ref": "scopus", "@href": "https://www.scopus.com/inward/record.uri?partnerID=HzOxMe3b&scp=72449145001&origin=inward"},{"@_fa": "true", "@ref": "scopus-citedby", "@href": "https://www.scopus.com/inward/citedby.uri?partnerID=HzOxMe3b&scp=72449145001&origin=inward"}],"prism:url":"https://api.elsevier.com/content/abstract/scopus_id/72449145001","dc:identifier":"SCOPUS_ID:72449145001","eid":"2-s2.0-72449145001","dc:title":"Moodle platform for online tutoring during internships","dc:creator":"Maciel D.","prism:publicationName":"Medical Education","prism:issn":"03080110","prism:eIssn":"13652923","prism:volume":"43","prism:issueIdentifier":"11","prism:pageRange":"1113-1114","prism:coverDate":"2009-12-28","prism:coverDisplayDate":"2009","prism:doi":"10.1111/j.1365-2923.2009.03462.x","citedby-count":"5","pubmed-id":"19874524","prism:aggregationType":"Journal","subtype":"sh","subtypeDescription":"Short Survey","source-id":"17806","openaccess":"1","openaccessFlag":true},{"@_fa": "true", "link": [{"@_fa": "true", "@ref": "self", "@href": "https://api.elsevier.com/content/abstract/scopus_id/72449158666"},{"@_fa": "true", "@ref": "author-affiliation", "@href": "https://api.elsevier.com/content/abstract/scopus_id/72449158666?field=author,affiliation"},{"@_fa": "true", "@ref": "scopus", "@href": "https://www.scopus.com/inward/record.uri?partnerID=HzOxMe3b&scp=72449158666&origin=inward"},{"@_fa": "true", "@ref": "scopus-citedby", "@href": "https://www.scopus.com/inward/citedby.uri?partnerID=HzOxMe3b&scp=72449158666&origin=inward"}],"prism:url":"https://api.elsevier.com/content/abstract/scopus_id/72449158666","dc:identifier":"SCOPUS_ID:72449158666","eid":"2-s2.0-72449158666","dc:title":"Discovery, infiltration, and denial of service in a process control system wireless network","dc:creator":"Reaves B.","prism:publicationName":"2009 eCrime Researchers Summit, eCRIME '09","prism:isbn": [{"@_fa": "true", "$" :"9781424446261"}],"prism:pageRange":null,"prism:coverDate":"2009-12-28","prism:coverDisplayDate":"2009","prism:doi":"10.1109/ECRIME.2009.5342612","citedby-count":"12","affiliation": [{"@_fa": "true", "affilname":"Mississippi State University","affiliation-city":"Starkville","affiliation-country":"United States"}],"prism:aggregationType":"Conference Proceeding","subtype":"cp","subtypeDescription":"Conference Paper","article-number":"5342612","source-id":"19500157221","openaccess":"0","openaccessFlag":false}]}}