{"search-results":{"opensearch:totalResults":"40","opensearch:startIndex":"0","opensearch:itemsPerPage":"25","opensearch:Query":{"@role": "request", "@searchTerms": "TITLE-ABS-KEY(\"clientelism\") AND SUBJAREA(SOCI) AND PUBYEAR = 2011", "@startPage": "0"},"link": [{"@_fa": "true", "@ref": "self", "@href": "https://api.elsevier.com/content/search/scopus?start=0&count=25&query=TITLE-ABS-KEY%28%22clientelism%22%29+AND+SUBJAREA%28SOCI%29+AND+PUBYEAR+%3D+2011&apiKey=27d953b4b546791964ebeb768d13e61f&view=COMPLETE", "@type": "application/json"},{"@_fa": "true", "@ref": "first", "@href": "https://api.elsevier.com/content/search/scopus?start=0&count=25&query=TITLE-ABS-KEY%28%22clientelism%22%29+AND+SUBJAREA%28SOCI%29+AND+PUBYEAR+%3D+2011&apiKey=27d953b4b546791964ebeb768d13e61f&view=COMPLETE", "@type": "application/json"},{"@_fa": "true", "@ref": "next", "@href": "https://api.elsevier.com/content/search/scopus?start=25&count=25&query=TITLE-ABS-KEY%28%22clientelism%22%29+AND+SUBJAREA%28SOCI%29+AND+PUBYEAR+%3D+2011&apiKey=27d953b4b546791964ebeb768d13e61f&view=COMPLETE", "@type": "application/json"},{"@_fa": "true", "@ref": "last", "@href": "https://api.elsevier.com/content/search/scopus?start=15&count=25&query=TITLE-ABS-KEY%28%22clientelism%22%29+AND+SUBJAREA%28SOCI%29+AND+PUBYEAR+%3D+2011&apiKey=27d953b4b546791964ebeb768d13e61f&view=COMPLETE", "@type": "application/json"}],"entry": [{"@_fa": "true", "link": [{"@_fa": "true", "@ref": "self", "@href": "https://api.elsevier.com/content/abstract/scopus_id/84880020127"},{"@_fa": "true", "@ref": "author-affiliation", "@href": "https://api.elsevier.com/content/abstract/scopus_id/84880020127?field=author,affiliation"},{"@_fa": "true", "@ref": "scopus", "@href": "https://www.scopus.com/inward/record.uri?partnerID=HzOxMe3b&scp=84880020127&origin=inward"},{"@_fa": "true", "@ref": "scopus-citedby", "@href": "https://www.scopus.com/inward/citedby.uri?partnerID=HzOxMe3b&scp=84880020127&origin=inward"}],"prism:url":"https://api.elsevier.com/content/abstract/scopus_id/84880020127","dc:identifier":"SCOPUS_ID:84880020127","eid":"2-s2.0-84880020127","dc:title":"Catia sees you: Community television, clientelism, and the state in the Chávez era","dc:creator":"Schiller N.","prism:publicationName":"Venezuela's Bolivarian Democracy: Participation, Politics, and Culture under Chávez","prism:isbn": [{"@_fa": "true", "$" :"9780822350248"}],"prism:pageRange":"104-130","prism:coverDate":"2011-12-01","prism:coverDisplayDate":"2011","dc:description":"In the sociologist Javier Auyero's critique of the paradigm of clientelism, he argues that \"'political clientelism' has been one of the strongest and most recurrent images in the study of political practices of the poor-urban and rural alike-in Latin America, almost to the point of becoming a sort of 'metonymic prison' for this part of the Americas\" (1999, 297). As Auyero notes, scholars typically define political clientelism as the hierarchical relationships through which impoverished \"clients\" exchange their political loyalty for political, economic, or cultural resources from elite \"patrons\" who are usually politicians. My aim in this chapter is a prison-break of sorts. I examine how leaders from Catia TVe, Caracas's most prominent community media outlet, responded to an attack on one of their producers in order to reflect critically on the usefulness of the analytic category of clientelism. © 2011 by Duke University Press. All Rights Reserved.","citedby-count":"17","prism:aggregationType":"Book","subtype":"ch","subtypeDescription":"Chapter","author-count":{"@limit": "100", "@total": "1", "$" :"1"},"author": [{"@_fa": "true", "@seq": "1", "author-url":"https://api.elsevier.com/content/author/author_id/35337988900","authid":"35337988900","authname":"Schiller N.","surname":"Schiller","given-name":"Naomi","initials":"N.","afid": [{"@_fa": "true", "$" :"60030398"}]}],"source-id":"21100296730","fund-no":"undefined","openaccess":"0","openaccessFlag":false},{"@_fa": "true", "link": [{"@_fa": "true", "@ref": "self", "@href": "https://api.elsevier.com/content/abstract/scopus_id/84857525798"},{"@_fa": "true", "@ref": "author-affiliation", "@href": "https://api.elsevier.com/content/abstract/scopus_id/84857525798?field=author,affiliation"},{"@_fa": "true", "@ref": "scopus", "@href": "https://www.scopus.com/inward/record.uri?partnerID=HzOxMe3b&scp=84857525798&origin=inward"},{"@_fa": "true", "@ref": "scopus-citedby", "@href": "https://www.scopus.com/inward/citedby.uri?partnerID=HzOxMe3b&scp=84857525798&origin=inward"}],"prism:url":"https://api.elsevier.com/content/abstract/scopus_id/84857525798","dc:identifier":"SCOPUS_ID:84857525798","eid":"2-s2.0-84857525798","dc:title":"The real and symbolic importance of food in war: Hunger pains and big men's bellies in Sierra Leone","dc:creator":"Shepler S.","prism:publicationName":"Africa Today","prism:issn":"00019887","prism:eIssn":"15271978","prism:volume":"58","prism:issueIdentifier":"2","prism:pageRange":"42-56","prism:coverDate":"2011-12-01","prism:coverDisplayDate":"2011","dc:description":"This paper explores the central material and symbolic role of food, during and after the eleven-year war (1991-2002) in Sierra Leone, West Africa. In postconflict Sierra Leone, food is often central to narratives about the wartime experience. The point of this work is to use food as a medium to talk about the everyday experiences of the war and to foreground quotidian suffering over the spectacular. I investigate the cultural meaning of food with respect to sociality, reciprocity, and political clientelism. The idiom of food is used to describe the greediness of politicians deemed responsible for the war, as well as personal stories of wartime privation told with reference to hunger. The everyday strategies of food finding under rebel control and in refugee and IDP camps make up the narratives of shifting personal agency under shifting moral regimes. Finally, new methods of food preparation with new ingredients serve as everyday reminders of innovation during displacement and a new cosmopolitanism.","citedby-count":"12","affiliation": [{"@_fa": "true", "affiliation-url":"https://api.elsevier.com/content/affiliation/affiliation_id/60020420","afid":"60020420","affilname":"American University","affiliation-city":"Washington","affiliation-country":"United States"}],"prism:aggregationType":"Journal","subtype":"ar","subtypeDescription":"Article","author-count":{"@limit": "100", "@total": "1", "$" :"1"},"author": [{"@_fa": "true", "@seq": "1", "author-url":"https://api.elsevier.com/content/author/author_id/36661384200","authid":"36661384200","authname":"Shepler S.","surname":"Shepler","given-name":"Susan","initials":"S.","afid": [{"@_fa": "true", "$" :"60020420"}]}],"source-id":"15024","fund-no":"undefined","openaccess":"0","openaccessFlag":false},{"@_fa": "true", "link": [{"@_fa": "true", "@ref": "self", "@href": "https://api.elsevier.com/content/abstract/scopus_id/84861405233"},{"@_fa": "true", "@ref": "author-affiliation", "@href": "https://api.elsevier.com/content/abstract/scopus_id/84861405233?field=author,affiliation"},{"@_fa": "true", "@ref": "scopus", "@href": "https://www.scopus.com/inward/record.uri?partnerID=HzOxMe3b&scp=84861405233&origin=inward"},{"@_fa": "true", "@ref": "scopus-citedby", "@href": "https://www.scopus.com/inward/citedby.uri?partnerID=HzOxMe3b&scp=84861405233&origin=inward"}],"prism:url":"https://api.elsevier.com/content/abstract/scopus_id/84861405233","dc:identifier":"SCOPUS_ID:84861405233","eid":"2-s2.0-84861405233","dc:title":"Society-State relationships, citizen participation and political clientelism inside programs that combat poverty. the case of Bolsa Familia in Brazil","dc:creator":"Hevia F.","prism:publicationName":"America Latina Hoy","prism:issn":"11302887","prism:volume":"57","prism:pageRange":"205-238","prism:coverDate":"2011-12-01","prism:coverDisplayDate":"2011","dc:description":"Relations between poor people and the government that creates the Programa Bolsa Familia at Brazil may be summarized in two dimensions: 1) favor direct relationships without the intervention of collective action and 2) are distant relations in terms of type of interaction and communication between the authorities and beneficiaries. While there are instances of formal social control, operation of the program makes minimal intermediation and highly institutional and civic organizations have little room to act and to represent the beneficiaries of Bolsa Familia in institutionalized interfaces. Direct links generate positive effect low levels of political patronage vote buying and coercion, but also generate unintended effects such as the lack of program operation, difficulty to defend themselves collectively by irregularities and create an active citizenry. © Ediciones Universidad de Salamanca.","citedby-count":"3","affiliation": [{"@_fa": "true", "affiliation-url":"https://api.elsevier.com/content/affiliation/affiliation_id/60092759","afid":"60092759","affilname":"Centro de Investigaciones y Estudios Superiores en Antropología Social, Tlalpan","affiliation-city":"Tlalpan","affiliation-country":"Mexico"}],"prism:aggregationType":"Journal","subtype":"ar","subtypeDescription":"Article","author-count":{"@limit": "100", "@total": "1", "$" :"1"},"author": [{"@_fa": "true", "@seq": "1", "author-url":"https://api.elsevier.com/content/author/author_id/23667106900","authid":"23667106900","authname":"Hevia F.","surname":"Hevia","given-name":"Felipe J.","initials":"F.J.","afid": [{"@_fa": "true", "$" :"60092759"}]}],"authkeywords":"Citizen participation | Civil society | Clientelism | Social policy | State-Society relations","source-id":"19700169837","fund-no":"undefined","openaccess":"0","openaccessFlag":false},{"@_fa": "true", "link": [{"@_fa": "true", "@ref": "self", "@href": "https://api.elsevier.com/content/abstract/scopus_id/84881513780"},{"@_fa": "true", "@ref": "author-affiliation", "@href": "https://api.elsevier.com/content/abstract/scopus_id/84881513780?field=author,affiliation"},{"@_fa": "true", "@ref": "scopus", "@href": "https://www.scopus.com/inward/record.uri?partnerID=HzOxMe3b&scp=84881513780&origin=inward"},{"@_fa": "true", "@ref": "scopus-citedby", "@href": "https://www.scopus.com/inward/citedby.uri?partnerID=HzOxMe3b&scp=84881513780&origin=inward"}],"prism:url":"https://api.elsevier.com/content/abstract/scopus_id/84881513780","dc:identifier":"SCOPUS_ID:84881513780","eid":"2-s2.0-84881513780","dc:title":"The misiones of the Chávez government","dc:creator":"Hawkins K.","prism:publicationName":"Venezuela's Bolivarian Democracy: Participation, Politics, and Culture under Chávez","prism:isbn": [{"@_fa": "true", "$" :"9780822350248"}],"prism:pageRange":"186-218","prism:coverDate":"2011-12-01","prism:coverDisplayDate":"2011","dc:description":"The goal of several contributors to this volume is to determine whether Chavismo and the Bolivarian Revolution are capable of creating the kind of participatory democracy the movement advocates or if instead there is some reversion to traditional forms of clientelism and top-down control. Each of these contributors affirms that the answer to this question is not an exclusive choice but is instead a matter of degree and variability. For example, they show that in many regards the movement's programs and organizations (community media, Urban Land Committees, neighborhood associations, and so on) demonstrate autonomy, but that in other areas these programs and organizations have the potential for and sometimes show signs of submitting to party bosses and Chávez himself. They also show that the strength of local identities differs across and within organizations and across time, and that financial incentives are increasingly present but vary considerably in their size and effect. © 2011 by Duke University Press. All Rights Reserved.","citedby-count":"16","affiliation": [{"@_fa": "true", "affiliation-url":"https://api.elsevier.com/content/affiliation/affiliation_id/60010261","afid":"60010261","affilname":"Washington University in St. Louis","affiliation-city":"St Louis","affiliation-country":"United States"},{"@_fa": "true", "affiliation-url":"https://api.elsevier.com/content/affiliation/affiliation_id/60006832","afid":"60006832","affilname":"Brigham Young University","affiliation-city":"Provo","affiliation-country":"United States"}],"prism:aggregationType":"Book","subtype":"ch","subtypeDescription":"Chapter","author-count":{"@limit": "100", "@total": "3", "$" :"3"},"author": [{"@_fa": "true", "@seq": "1", "author-url":"https://api.elsevier.com/content/author/author_id/7102085412","authid":"7102085412","authname":"Hawkins K.","surname":"Hawkins","given-name":"Kirk A.","initials":"K.A.","afid": [{"@_fa": "true", "$" :"60006832"}]},{"@_fa": "true", "@seq": "2", "author-url":"https://api.elsevier.com/content/author/author_id/56229232500","authid":"56229232500","authname":"Rosas G.","surname":"Rosas","given-name":"Guillermo","initials":"G.","afid": [{"@_fa": "true", "$" :"60010261"}]},{"@_fa": "true", "@seq": "3", "author-url":"https://api.elsevier.com/content/author/author_id/56069274300","authid":"56069274300","authname":"Johnson M.","surname":"Johnson","given-name":"Michael E.","initials":"M.E."}],"source-id":"21100296730","fund-no":"undefined","openaccess":"0","openaccessFlag":false},{"@_fa": "true", "link": [{"@_fa": "true", "@ref": "self", "@href": "https://api.elsevier.com/content/abstract/scopus_id/84856875316"},{"@_fa": "true", "@ref": "author-affiliation", "@href": "https://api.elsevier.com/content/abstract/scopus_id/84856875316?field=author,affiliation"},{"@_fa": "true", "@ref": "scopus", "@href": "https://www.scopus.com/inward/record.uri?partnerID=HzOxMe3b&scp=84856875316&origin=inward"},{"@_fa": "true", "@ref": "scopus-citedby", "@href": "https://www.scopus.com/inward/citedby.uri?partnerID=HzOxMe3b&scp=84856875316&origin=inward"}],"prism:url":"https://api.elsevier.com/content/abstract/scopus_id/84856875316","dc:identifier":"SCOPUS_ID:84856875316","eid":"2-s2.0-84856875316","dc:title":"Political fixers and the rise of Hindu nationalism in Gujarat, India: Lubricating a patronage democracy","dc:creator":"Berenschot W.","prism:publicationName":"South Asia: Journal of South Asia Studies","prism:issn":"00856401","prism:eIssn":"14790270","prism:volume":"34","prism:issueIdentifier":"3","prism:pageRange":"382-401","prism:coverDate":"2011-12-01","prism:coverDisplayDate":"1 December 2011","prism:doi":"10.1080/00856401.2011.620552","dc:description":"Political fixers are intermediaries who use political contacts and knowledge of official procedures to facilitate the interaction between citizens and state institutions. Fixers have become a prominent feature of India's democracy as facilitators of clientelistic exchanges between voters and politicians. Through a discussion of the functioning of political fixers in Gujarat's main city, Ahmedabad, this article argues that changes in voting behaviour can be explained by looking at (changes in) the way political fixers provide access to state resources. I argue that Hindu nationalist organisations managed to gain popularity among backward castes in Gujarat because of the dependence of these communities on political fixers. As the networks of older political fixers collapsed, Hindu nationalist organisations could win a local following by offering political fixers from backward castes new channels to access state resources. © 2011 South Asian Studies Association of Australia.","citedby-count":"13","affiliation": [{"@_fa": "true", "affiliation-url":"https://api.elsevier.com/content/affiliation/affiliation_id/60004442","afid":"60004442","affilname":"Royal Netherlands Institute of Southeast Asian and Caribbean Studies KITLV - KNAW","affiliation-city":"Leiden","affiliation-country":"Netherlands"}],"prism:aggregationType":"Journal","subtype":"ar","subtypeDescription":"Article","author-count":{"@limit": "100", "@total": "1", "$" :"1"},"author": [{"@_fa": "true", "@seq": "1", "author-url":"https://api.elsevier.com/content/author/author_id/36514190400","authid":"36514190400","authname":"Berenschot W.","surname":"Berenschot","given-name":"Ward","initials":"W.","afid": [{"@_fa": "true", "$" :"60004442"}]}],"authkeywords":"Clientelism | corruption | Dalits | democracy | Gujarat | Hindu nationalism | India | local state | political fixers","source-id":"17086","fund-no":"undefined","openaccess":"0","openaccessFlag":false},{"@_fa": "true", "link": [{"@_fa": "true", "@ref": "self", "@href": "https://api.elsevier.com/content/abstract/scopus_id/84855878864"},{"@_fa": "true", "@ref": "author-affiliation", "@href": "https://api.elsevier.com/content/abstract/scopus_id/84855878864?field=author,affiliation"},{"@_fa": "true", "@ref": "scopus", "@href": "https://www.scopus.com/inward/record.uri?partnerID=HzOxMe3b&scp=84855878864&origin=inward"},{"@_fa": "true", "@ref": "scopus-citedby", "@href": "https://www.scopus.com/inward/citedby.uri?partnerID=HzOxMe3b&scp=84855878864&origin=inward"}],"prism:url":"https://api.elsevier.com/content/abstract/scopus_id/84855878864","dc:identifier":"SCOPUS_ID:84855878864","eid":"2-s2.0-84855878864","dc:title":"Icelandic capitalism - From statism to neoliberalism and financial collapse","dc:creator":"Ólafsson S.","prism:publicationName":"Comparative Social Research","prism:issn":"01956310","prism:isbn": [{"@_fa": "true", "$" :"9780857247773"}],"prism:volume":"28","prism:pageRange":"1-51","prism:coverDate":"2011-12-01","prism:coverDisplayDate":"2011","prism:doi":"10.1108/S0195-6310(2011)0000028005","dc:description":"This chapter maps the political economy characteristics of Icelandic society in the post-war period. It shows how the period of statism from the early part of the 20th century, with a strong legacy of protectionism and clientelism, changed up to the present. A major turning point came with a shift towards more liberal mixed economy in 1960, which progressed through the 1980s. That was a period of very high growth rates in an egalitarian society. During the 1990s the political economy became significantly more influenced by neoliberal policies, which can be associated with the buildup of an excessive bubble economy in the 2000s. A new policy emphasis in a new environment of globalized finance, of which Iceland became an active part from 1995, in conjunction with a generally lax attitude of laissez faire in public administration, seems to have made possible rather unusual excesses in speculation and debt accumulation. That eventually led to the dramatic collapse of Iceland's financial system in October 2008. In the wake followed a deep recession. The chapter sets this long-term development into a broad societal context, taking account of political power constellations and changes in politics, the labour market and living conditions. Copyright © 2011 by Emerald Group Publishing Limited.","citedby-count":"14","affiliation": [{"@_fa": "true", "affiliation-url":"https://api.elsevier.com/content/affiliation/affiliation_id/60071113","afid":"60071113","affilname":"Haskoli Islands","affiliation-city":"Reykjavik","affiliation-country":"Iceland"}],"prism:aggregationType":"Book Series","subtype":"ar","subtypeDescription":"Article","author-count":{"@limit": "100", "@total": "1", "$" :"1"},"author": [{"@_fa": "true", "@seq": "1", "author-url":"https://api.elsevier.com/content/author/author_id/24169517100","authid":"24169517100","authname":"Ólafsson S.","surname":"Ólafsson","given-name":"Stefán","initials":"S.","afid": [{"@_fa": "true", "$" :"60071113"}]}],"source-id":"17651","fund-no":"undefined","openaccess":"0","openaccessFlag":false},{"@_fa": "true", "link": [{"@_fa": "true", "@ref": "self", "@href": "https://api.elsevier.com/content/abstract/scopus_id/84858599141"},{"@_fa": "true", "@ref": "author-affiliation", "@href": "https://api.elsevier.com/content/abstract/scopus_id/84858599141?field=author,affiliation"},{"@_fa": "true", "@ref": "scopus", "@href": "https://www.scopus.com/inward/record.uri?partnerID=HzOxMe3b&scp=84858599141&origin=inward"},{"@_fa": "true", "@ref": "scopus-citedby", "@href": "https://www.scopus.com/inward/citedby.uri?partnerID=HzOxMe3b&scp=84858599141&origin=inward"}],"prism:url":"https://api.elsevier.com/content/abstract/scopus_id/84858599141","dc:identifier":"SCOPUS_ID:84858599141","eid":"2-s2.0-84858599141","dc:title":"Citizenship and democratisation in Brazil's favelas: The end of the dream?","dc:creator":"Ireland R.","prism:publicationName":"Journal of Iberian and Latin American Research","prism:issn":"13260219","prism:eIssn":"21519668","prism:volume":"17","prism:issueIdentifier":"2","prism:pageRange":"147-162","prism:coverDate":"2011-12-01","prism:coverDisplayDate":"December 2011","dc:description":"From the later 1970s through to the end of the military government in Brazil (1985), many social scientists saw signs of a new form of citizenship and a deepening of democracy emerging in favela residents' associations. Some maintained the dream, even as it became clear that the restoration of party politics, pervasive clientelism, and effects of economic globalisation tended to corrode and isolate the associations. Over the decades, however, the dream has been further shattered by studies, mainly of favelas in Rio de Janeiro, which show the associations destroyed or enfeebled in the course of drug wars and the dynamics of 'the militarisation of urban marginality' (Loïc Wacquant). This paper reviews several of these studies, and concedes much to them. However, a basis for maintaining the dream is found in a shift of focus from residents' associations in particular favelas to networks and a 'new institutionality' in urban politics. © 2011 Association of Iberian and Latin American Studies of Australasia (AILASA).","citedby-count":"1","affiliation": [{"@_fa": "true", "affiliation-url":"https://api.elsevier.com/content/affiliation/affiliation_id/60006925","afid":"60006925","affilname":"La Trobe University","affiliation-city":"Melbourne","affiliation-country":"Australia"}],"prism:aggregationType":"Journal","subtype":"re","subtypeDescription":"Review","author-count":{"@limit": "100", "@total": "1", "$" :"1"},"author": [{"@_fa": "true", "@seq": "1", "author-url":"https://api.elsevier.com/content/author/author_id/7005098088","authid":"7005098088","authname":"Ireland R.","surname":"Ireland","given-name":"Rowan","initials":"R.","afid": [{"@_fa": "true", "$" :"60006925"}]}],"authkeywords":"Citizenship | Civil society | Deepening of democracy | Favelas | Militarisation of poverty | Popular movements | Precariat | Residents' associations","source-id":"19900192529","fund-no":"undefined","openaccess":"0","openaccessFlag":false},{"@_fa": "true", "link": [{"@_fa": "true", "@ref": "self", "@href": "https://api.elsevier.com/content/abstract/scopus_id/84858397191"},{"@_fa": "true", "@ref": "author-affiliation", "@href": "https://api.elsevier.com/content/abstract/scopus_id/84858397191?field=author,affiliation"},{"@_fa": "true", "@ref": "scopus", "@href": "https://www.scopus.com/inward/record.uri?partnerID=HzOxMe3b&scp=84858397191&origin=inward"},{"@_fa": "true", "@ref": "scopus-citedby", "@href": "https://www.scopus.com/inward/citedby.uri?partnerID=HzOxMe3b&scp=84858397191&origin=inward"}],"prism:url":"https://api.elsevier.com/content/abstract/scopus_id/84858397191","dc:identifier":"SCOPUS_ID:84858397191","eid":"2-s2.0-84858397191","dc:title":"Exceeding (low) expectations: Autonomy, bureaucratic integrity, and capacity in the 2010 elections","dc:creator":"Calimbahin C.","prism:publicationName":"Philippine Political Science Journal","prism:issn":"01154451","prism:eIssn":"2165025X","prism:volume":"32","prism:issueIdentifier":"55","prism:pageRange":"103-126","prism:coverDate":"2011-12-01","prism:coverDisplayDate":"2011","prism:doi":"10.1080/01154451.2011.9723533","dc:description":"Building quality democracy takes time. It requires a constant review of the performance of institutions that are tasked to deliver in concrete ways the democratic ideal. Improving democratic institutions requires sustained reform efforts. Election administration and election commissions need to be examined against this backdrop of broader democratization issues. Given the importance of election administration in the study of democratic processes, there are very few studies that focus on election administration. By focusing on a specific institution tasked to replicate the ideals of democracy such as the COMELEC, this study offers insights into a deeper understanding of autonomy, bureaucratic integrity and capacity. Though mostly overlooked, election administration plays a vital role in the study of broader democratization questions. Elections promise continuity and stability. But if election administration is done poorly due to the lack of autonomy, integrity, and capacity then it becomes an unsettling and destabilizing exercise. With democratic structures in place for years, the Philippines continues to have problems with the most basic elements of election administration: accuracy in maintaining voter lists, counting votes and adjudicating disputes. The COMELEC oversees election administration, serving as referee and gatekeeper in the Philippines' electoral arena. The COMELEC is a constitutional commission with ostensible autonomy and power, yet it is also a bureaucracy. The May 2010 election was the first automated election in the Philippines. Widely regarded as a success, there were many issues and incidents that show it was also business as usual for COMELEC. The speed of the canvass count astounded the voting populace, and perhaps operators, but the May 2010 election continues to show embedded problems within the commission that needs to be addressed in order to strengthen the COMELEC as an institution that can provide election administration efficiently and accurately in subsequent elections.","citedby-count":"5","prism:aggregationType":"Journal","subtype":"re","subtypeDescription":"Review","author-count":{"@limit": "100", "@total": "1", "$" :"1"},"author": [{"@_fa": "true", "@seq": "1", "author-url":"https://api.elsevier.com/content/author/author_id/55102934500","authid":"55102934500","authname":"Calimbahin C.","surname":"Calimbahin","given-name":"Cleo","initials":"C."}],"authkeywords":"Bureaucratic reform | Clientelism | COMELEC | Corruption | Democratization | Election administration | Elections | Political institution | State capacity","source-id":"21100199322","fund-no":"undefined","openaccess":"0","openaccessFlag":false},{"@_fa": "true", "link": [{"@_fa": "true", "@ref": "self", "@href": "https://api.elsevier.com/content/abstract/scopus_id/84857884229"},{"@_fa": "true", "@ref": "author-affiliation", "@href": "https://api.elsevier.com/content/abstract/scopus_id/84857884229?field=author,affiliation"},{"@_fa": "true", "@ref": "scopus", "@href": "https://www.scopus.com/inward/record.uri?partnerID=HzOxMe3b&scp=84857884229&origin=inward"},{"@_fa": "true", "@ref": "scopus-citedby", "@href": "https://www.scopus.com/inward/citedby.uri?partnerID=HzOxMe3b&scp=84857884229&origin=inward"}],"prism:url":"https://api.elsevier.com/content/abstract/scopus_id/84857884229","dc:identifier":"SCOPUS_ID:84857884229","eid":"2-s2.0-84857884229","dc:title":"Inequality and political clientelism: Evidence from South India","dc:creator":"Markussen T.","prism:publicationName":"Journal of Development Studies","prism:issn":"00220388","prism:eIssn":"17439140","prism:volume":"47","prism:issueIdentifier":"11","prism:pageRange":"1721-1738","prism:coverDate":"2011-11-01","prism:coverDisplayDate":"November 2011","prism:doi":"10.1080/00220388.2011.561330","dc:description":"Political parties can be vehicles for economic and social development in poor countries. They can also serve as rent seeking instruments. Uncovering how parties function is therefore key to establishing the preconditions for good governance. The article discusses when and why clientelism on the basis of party affiliation may arise. Operationally, party-based clientelism is defined as a bias of public policy in favour of members of the governing political party. In a sample of local governments in India, party-based clientelism is shown to exist in two out of four states and to be strongly affected by economic inequality. © 2011 Taylor and Francis Group, LLC.","citedby-count":"15","affiliation": [{"@_fa": "true", "affiliation-url":"https://api.elsevier.com/content/affiliation/affiliation_id/60030840","afid":"60030840","affilname":"Københavns Universitet","affiliation-city":"Copenhagen","affiliation-country":"Denmark"}],"prism:aggregationType":"Journal","subtype":"ar","subtypeDescription":"Article","author-count":{"@limit": "100", "@total": "1", "$" :"1"},"author": [{"@_fa": "true", "@seq": "1", "author-url":"https://api.elsevier.com/content/author/author_id/56570868700","authid":"56570868700","authname":"Markussen T.","surname":"Markussen","given-name":"Thomas","initials":"T.","afid": [{"@_fa": "true", "$" :"60030840"}]}],"source-id":"14849","fund-no":"undefined","openaccess":"0","openaccessFlag":false},{"@_fa": "true", "link": [{"@_fa": "true", "@ref": "self", "@href": "https://api.elsevier.com/content/abstract/scopus_id/84861727204"},{"@_fa": "true", "@ref": "author-affiliation", "@href": "https://api.elsevier.com/content/abstract/scopus_id/84861727204?field=author,affiliation"},{"@_fa": "true", "@ref": "scopus", "@href": "https://www.scopus.com/inward/record.uri?partnerID=HzOxMe3b&scp=84861727204&origin=inward"},{"@_fa": "true", "@ref": "scopus-citedby", "@href": "https://www.scopus.com/inward/citedby.uri?partnerID=HzOxMe3b&scp=84861727204&origin=inward"}],"prism:url":"https://api.elsevier.com/content/abstract/scopus_id/84861727204","dc:identifier":"SCOPUS_ID:84861727204","eid":"2-s2.0-84861727204","dc:title":"The peril and promise of noodles and beer: Condemnation of patronage and hybrid political frameworks in \"post-neoliberal\" Cochabamba, Bolivia","dc:creator":"Shakow M.","prism:publicationName":"Political and Legal Anthropology Review","prism:issn":"10816976","prism:eIssn":"15552934","prism:volume":"34","prism:issueIdentifier":"2","prism:pageRange":"315-336","prism:coverDate":"2011-11-01","prism:coverDisplayDate":"November 2011","prism:doi":"10.1111/j.1555-2934.2011.01168.x","dc:description":"In this article, I analyze Bolivians' public condemnations of patronage-the buying of political support with jobs or favors-over the past decade. The rise of indigenous and leftist governments in Latin America has led many to hope for a transition from neoliberalism. In Bolivia, the new Morales government has promised to effect this transition in part by rooting out clientelismo and peguismo (patronage job seeking), long a mainstay of Bolivian politics. I argue, however, that at the level of everyday practice, Bolivians engage hybrid ideals-of patronage, populism, state capitalism, liberalism, and left-indigenist democracy. Focusing on debates over patronage in the central Bolivian Cochabamba region, I show that most people who denounced patronage were unable to avoid others' counterdenunciations that they were buscapegas (patronage seekers). Furthermore, while residents of Sacaba often expressed a yearning for ideological purity by denouncing patronage, they also used the language of patron-client reciprocity to assert demands for radical democracy. © 2011 by the American Anthropological Association.","citedby-count":"6","affiliation": [{"@_fa": "true", "affiliation-url":"https://api.elsevier.com/content/affiliation/affiliation_id/60003915","afid":"60003915","affilname":"Vanderbilt University","affiliation-city":"Nashville","affiliation-country":"United States"}],"prism:aggregationType":"Journal","subtype":"ar","subtypeDescription":"Article","author-count":{"@limit": "100", "@total": "1", "$" :"1"},"author": [{"@_fa": "true", "@seq": "1", "author-url":"https://api.elsevier.com/content/author/author_id/55236545800","authid":"55236545800","authname":"Shakow M.","surname":"Shakow","given-name":"Miriam","initials":"M.","afid": [{"@_fa": "true", "$" :"60003915"}]}],"authkeywords":"Articulation | Bolivia | Clientelism | Cochabamba | Hybridity | Neoliberalism | Patronage | Prebendalism | Transition","source-id":"19900188955","fund-no":"undefined","openaccess":"0","openaccessFlag":false},{"@_fa": "true", "link": [{"@_fa": "true", "@ref": "self", "@href": "https://api.elsevier.com/content/abstract/scopus_id/80055110449"},{"@_fa": "true", "@ref": "author-affiliation", "@href": "https://api.elsevier.com/content/abstract/scopus_id/80055110449?field=author,affiliation"},{"@_fa": "true", "@ref": "scopus", "@href": "https://www.scopus.com/inward/record.uri?partnerID=HzOxMe3b&scp=80055110449&origin=inward"},{"@_fa": "true", "@ref": "scopus-citedby", "@href": "https://www.scopus.com/inward/citedby.uri?partnerID=HzOxMe3b&scp=80055110449&origin=inward"}],"prism:url":"https://api.elsevier.com/content/abstract/scopus_id/80055110449","dc:identifier":"SCOPUS_ID:80055110449","eid":"2-s2.0-80055110449","dc:title":"Who votes in africa? an examination of electoral participation in 10 african countries","dc:creator":"Kuenzi M.","prism:publicationName":"Party Politics","prism:issn":"13540688","prism:eIssn":"14603683","prism:volume":"17","prism:issueIdentifier":"6","prism:pageRange":"767-799","prism:coverDate":"2011-11-01","prism:coverDisplayDate":"November 2011","prism:doi":"10.1177/1354068810376779","dc:description":"The question 'Who votes in Africa?' has yet to receive significant attention. We use Afrobarometer survey data to assess the determinants of voting for over 17,000 voting-age adults in 10 African countries. We find that Africans are driven by many of the same forces as their counterparts elsewhere. The agencies of mobilization are important in determining who votes in these countries. Notably, identifying with a political party is one of the most important predictors of voting. Thus, although political parties may have questionable democratic credentials in many African countries, ultimately, political parties serve the function of getting citizens to the polls. Certain attitudes also influence individuals' decisions of whether to vote, including support for democracy. Among the demographic variables, age registers a significant, positive relationship with voting. Interestingly, the study's findings regarding the socio-economic status (SES) model are contradictory. Educated Africans in these countries are significantly more likely to vote than their less educated counterparts, as the SES model would lead one to expect. Contrary to what one would expect based on the SES model, more impoverished Africans are also significantly more likely to vote than their wealthier counterparts. In addition, the institutional and political context influences individuals' propensities to vote. © The Author(s) 2010.","citedby-count":"24","affiliation": [{"@_fa": "true", "affiliation-url":"https://api.elsevier.com/content/affiliation/affiliation_id/60031892","afid":"60031892","affilname":"University of Nevada, Las Vegas","affiliation-city":"Las Vegas","affiliation-country":"United States"}],"prism:aggregationType":"Journal","subtype":"ar","subtypeDescription":"Article","author-count":{"@limit": "100", "@total": "2", "$" :"2"},"author": [{"@_fa": "true", "@seq": "1", "author-url":"https://api.elsevier.com/content/author/author_id/57202977359","authid":"57202977359","authname":"Kuenzi M.","surname":"Kuenzi","given-name":"Michelle","initials":"M.","afid": [{"@_fa": "true", "$" :"60031892"}]},{"@_fa": "true", "@seq": "2", "author-url":"https://api.elsevier.com/content/author/author_id/6507788483","authid":"6507788483","authname":"Lambright G.","surname":"Lambright","given-name":"Gina M.S.","initials":"G.M.S.","afid": [{"@_fa": "true", "$" :"60031892"}]}],"authkeywords":"Africa | citizens | clientelism | political participation | statistical analysis","source-id":"67863","fund-no":"undefined","openaccess":"0","openaccessFlag":false},{"@_fa": "true", "link": [{"@_fa": "true", "@ref": "self", "@href": "https://api.elsevier.com/content/abstract/scopus_id/80053011301"},{"@_fa": "true", "@ref": "author-affiliation", "@href": "https://api.elsevier.com/content/abstract/scopus_id/80053011301?field=author,affiliation"},{"@_fa": "true", "@ref": "scopus", "@href": "https://www.scopus.com/inward/record.uri?partnerID=HzOxMe3b&scp=80053011301&origin=inward"},{"@_fa": "true", "@ref": "scopus-citedby", "@href": "https://www.scopus.com/inward/citedby.uri?partnerID=HzOxMe3b&scp=80053011301&origin=inward"}],"prism:url":"https://api.elsevier.com/content/abstract/scopus_id/80053011301","dc:identifier":"SCOPUS_ID:80053011301","eid":"2-s2.0-80053011301","dc:title":"'Up close and personal' - how does local democracy help the poor access the state? stories of accountability and clientelism in Johannesburg","dc:creator":"Bénit-Gbaffou C.","prism:publicationName":"Journal of Asian and African Studies","prism:issn":"00219096","prism:eIssn":"17452538","prism:volume":"46","prism:issueIdentifier":"5","prism:pageRange":"453-464","prism:coverDate":"2011-10-01","prism:coverDisplayDate":"October 2011","prism:doi":"10.1177/0021909611415998","dc:description":"The paper revisits participation and decentralization in relation to local clientelism, arguing that they share the personalization of links between residents and the state and the local possibility to adapt state policies. The line between decentralization-participation on the one hand, and clientelism on the other, is therefore easily blurred. The paper then argues that clientelism is not per se anti-democratic, some forms allow for local and immediate accountability of politicians. However, in most cases, it contributes to fragment or sedate local organizations or social movements and it prevents contestation of existing policies and dominant power structures. The paper thus challenges the idea that the promotion of decentralization and participatory institutions intrinsically leads to more democratic forms of government. © The Author(s) 2011.","citedby-count":"26","affiliation": [{"@_fa": "true", "affiliation-url":"https://api.elsevier.com/content/affiliation/affiliation_id/60016218","afid":"60016218","affilname":"University of Witwatersrand","affiliation-city":"Johannesburg","affiliation-country":"South Africa"}],"prism:aggregationType":"Journal","subtype":"ar","subtypeDescription":"Article","author-count":{"@limit": "100", "@total": "1", "$" :"1"},"author": [{"@_fa": "true", "@seq": "1", "author-url":"https://api.elsevier.com/content/author/author_id/24070010900","authid":"24070010900","authname":"Bénit-Gbaffou C.","surname":"Bénit-Gbaffou","given-name":"Claire","initials":"C.","afid": [{"@_fa": "true", "$" :"60016218"}]}],"authkeywords":"Accountability | clientelism | decentralization | Johannesburg | participation | South Africa","source-id":"15593","fund-no":"undefined","openaccess":"0","openaccessFlag":false},{"@_fa": "true", "link": [{"@_fa": "true", "@ref": "self", "@href": "https://api.elsevier.com/content/abstract/scopus_id/80053219693"},{"@_fa": "true", "@ref": "author-affiliation", "@href": "https://api.elsevier.com/content/abstract/scopus_id/80053219693?field=author,affiliation"},{"@_fa": "true", "@ref": "scopus", "@href": "https://www.scopus.com/inward/record.uri?partnerID=HzOxMe3b&scp=80053219693&origin=inward"},{"@_fa": "true", "@ref": "scopus-citedby", "@href": "https://www.scopus.com/inward/citedby.uri?partnerID=HzOxMe3b&scp=80053219693&origin=inward"}],"prism:url":"https://api.elsevier.com/content/abstract/scopus_id/80053219693","dc:identifier":"SCOPUS_ID:80053219693","eid":"2-s2.0-80053219693","dc:title":"Effective opposition strategies: Collective goods or clientelism?","dc:creator":"Weghorst K.","prism:publicationName":"Democratization","prism:issn":"13510347","prism:eIssn":"1743890X","prism:volume":"18","prism:issueIdentifier":"5","prism:pageRange":"1193-1214","prism:coverDate":"2011-10-01","prism:coverDisplayDate":"October 2011","prism:doi":"10.1080/13510347.2011.603483","dc:description":"What makes opposition parties win elections in sub-Saharan Africa? The literature on voters in Africa tells us that ballots are won over by clientelism rather than economic development, thus undermining the quality of collective goods provision and democratic accountability. We challenge this notion drawing insight from the December 2008 Ghanaian elections in which the National Democratic Congress came back to power after eight years as an opposition party. Using two surveys carried out before and after the elections, we analyse voters' retrospective sanctioning and prospective selection of incumbent and opposition candidates for legislative office. Our findings show that vote-buying and purely clientelistic appeals are insufficient to win elections and that Ghanaian voters value development when choosing political leaders and hold influential retrospective evaluations of performance. The evidence suggests that clientelism as an electoral strategy may be ubiquitous in emerging democracies, but as voters gain greater experience in choosing political leaders and longer-term information about retrospective performance, its utility may diminish over time. © 2011 Taylor & Francis.","citedby-count":"23","affiliation": [{"@_fa": "true", "affiliation-url":"https://api.elsevier.com/content/affiliation/affiliation_id/60013959","afid":"60013959","affilname":"University of Florida","affiliation-city":"Gainesville","affiliation-country":"United States"}],"prism:aggregationType":"Journal","subtype":"ar","subtypeDescription":"Article","author-count":{"@limit": "100", "@total": "2", "$" :"2"},"author": [{"@_fa": "true", "@seq": "1", "author-url":"https://api.elsevier.com/content/author/author_id/51663981700","authid":"51663981700","authname":"Weghorst K.","surname":"Weghorst","given-name":"Keith R.","initials":"K.R.","afid": [{"@_fa": "true", "$" :"60013959"}]},{"@_fa": "true", "@seq": "2", "author-url":"https://api.elsevier.com/content/author/author_id/7102306064","authid":"7102306064","authname":"Lindberg S.","surname":"Lindberg","given-name":"Staffan I.","initials":"S.I.","afid": [{"@_fa": "true", "$" :"60013959"}]}],"authkeywords":"Accountability | Clientelism | Democratization | Economic development | Elections | Ghana | Opposition parties | Voting","source-id":"24034","fund-acr":"DFID","fund-no":"undefined","fund-sponsor":"Department for International Development, UK Government","openaccess":"0","openaccessFlag":false},{"@_fa": "true", "link": [{"@_fa": "true", "@ref": "self", "@href": "https://api.elsevier.com/content/abstract/scopus_id/84877909956"},{"@_fa": "true", "@ref": "author-affiliation", "@href": "https://api.elsevier.com/content/abstract/scopus_id/84877909956?field=author,affiliation"},{"@_fa": "true", "@ref": "scopus", "@href": "https://www.scopus.com/inward/record.uri?partnerID=HzOxMe3b&scp=84877909956&origin=inward"},{"@_fa": "true", "@ref": "scopus-citedby", "@href": "https://www.scopus.com/inward/citedby.uri?partnerID=HzOxMe3b&scp=84877909956&origin=inward"}],"prism:url":"https://api.elsevier.com/content/abstract/scopus_id/84877909956","dc:identifier":"SCOPUS_ID:84877909956","eid":"2-s2.0-84877909956","dc:title":"Negotiating Statehood in a Hybrid Political Order: The Case of Somaliland","dc:creator":"Renders M.","prism:publicationName":"Negotiating Statehood: Dynamics of Power and Domination in Africa","prism:isbn": [{"@_fa": "true", "$" :"9781444338683"}],"prism:pageRange":"177-199","prism:coverDate":"2011-09-21","prism:coverDisplayDate":"21 September 2011","prism:doi":"10.1002/9781444395587.ch9","citedby-count":"3","affiliation": [{"@_fa": "true", "affiliation-url":"https://api.elsevier.com/content/affiliation/affiliation_id/60033316","afid":"60033316","affilname":"Universiteit Gent","affiliation-city":"Ghent","affiliation-country":"Belgium"},{"@_fa": "true", "affiliation-url":"https://api.elsevier.com/content/affiliation/affiliation_id/60014264","afid":"60014264","affilname":"Universität Duisburg-Essen","affiliation-city":"Essen","affiliation-country":"Germany"}],"prism:aggregationType":"Book","subtype":"ch","subtypeDescription":"Chapter","author-count":{"@limit": "100", "@total": "2", "$" :"2"},"author": [{"@_fa": "true", "@seq": "1", "author-url":"https://api.elsevier.com/content/author/author_id/36860163900","authid":"36860163900","authname":"Renders M.","surname":"Renders","given-name":"Marleen","initials":"M.","afid": [{"@_fa": "true", "$" :"60033316"}]},{"@_fa": "true", "@seq": "2", "author-url":"https://api.elsevier.com/content/author/author_id/26323362400","authid":"26323362400","authname":"Terlinden U.","surname":"Terlinden","given-name":"Ulf","initials":"U.","afid": [{"@_fa": "true", "$" :"60014264"}]}],"authkeywords":"Borama conference, a Somaliland consciousness | Evolution of Somaliland's HPO | Hargeisa-based politicians, businessmen | Hybridity, beyond institutions | Negotiating statehood | Negotiating statehood, Somaliland | Non-recognized de facto state | Perfect laboratory of statehood, Africa | Somali National Movement (SNM) | State building, and clientelism","source-id":"21100261587","fund-no":"undefined","openaccess":"0","openaccessFlag":false},{"@_fa": "true", "link": [{"@_fa": "true", "@ref": "self", "@href": "https://api.elsevier.com/content/abstract/scopus_id/80051818443"},{"@_fa": "true", "@ref": "author-affiliation", "@href": "https://api.elsevier.com/content/abstract/scopus_id/80051818443?field=author,affiliation"},{"@_fa": "true", "@ref": "scopus", "@href": "https://www.scopus.com/inward/record.uri?partnerID=HzOxMe3b&scp=80051818443&origin=inward"},{"@_fa": "true", "@ref": "scopus-citedby", "@href": "https://www.scopus.com/inward/citedby.uri?partnerID=HzOxMe3b&scp=80051818443&origin=inward"}],"prism:url":"https://api.elsevier.com/content/abstract/scopus_id/80051818443","dc:identifier":"SCOPUS_ID:80051818443","eid":"2-s2.0-80051818443","dc:title":"Clientelism and conceptual stretching: Differentiating among concepts and among analytical levels","dc:creator":"Hilgers T.","prism:publicationName":"Theory and Society","prism:issn":"03042421","prism:eIssn":"15737853","prism:volume":"40","prism:issueIdentifier":"5","prism:pageRange":"567-588","prism:coverDate":"2011-09-01","prism:coverDisplayDate":"September 2011","prism:doi":"10.1007/s11186-011-9152-6","dc:description":"The concept of clientelism has lost descriptive power. It has become indistinguishable from neighboring concepts and is applied across analytical levels. Using Gerring's (Polity 31:357-393, 1999) characterization of a \"good\" concept, I establish the core attributes of clientelism, which, in addition to being an interest-maximizing exchange, involves longevity, diffuseness, face-to-face contact, and inequality. Using secondary sources and fieldwork data, I differentiate clientelism from concepts such as vote-buying and corruption and determine its analytical position at the microsociological level. I argue that labeling sociopolitical systems as clientelistic is awkward since, operating at a higher analytical level, they have characteristics beyond microsociological clientelism and they affect the political nature of the clientelism they contain. I conclude that differentiating clientelism by confining it to the microsociological level will aid theory-building. © 2011 Springer Science+Business Media B.V.","citedby-count":"34","affiliation": [{"@_fa": "true", "affiliation-url":"https://api.elsevier.com/content/affiliation/affiliation_id/60033154","afid":"60033154","affilname":"Concordia University","affiliation-city":"Montreal","affiliation-country":"Canada"}],"prism:aggregationType":"Journal","subtype":"ar","subtypeDescription":"Article","author-count":{"@limit": "100", "@total": "1", "$" :"1"},"author": [{"@_fa": "true", "@seq": "1", "author-url":"https://api.elsevier.com/content/author/author_id/26636998900","authid":"26636998900","authname":"Hilgers T.","surname":"Hilgers","given-name":"Tina","initials":"T.","afid": [{"@_fa": "true", "$" :"60033154"}]}],"authkeywords":"Clientelism | Concept building | Neo-patrimonialism | Political machines | Vote-buying","source-id":"18697","fund-acr":"SSHRC","fund-no":"undefined","fund-sponsor":"Social Sciences and Humanities Research Council of Canada","openaccess":"0","openaccessFlag":false},{"@_fa": "true", "link": [{"@_fa": "true", "@ref": "self", "@href": "https://api.elsevier.com/content/abstract/scopus_id/84455200741"},{"@_fa": "true", "@ref": "author-affiliation", "@href": "https://api.elsevier.com/content/abstract/scopus_id/84455200741?field=author,affiliation"},{"@_fa": "true", "@ref": "scopus", "@href": "https://www.scopus.com/inward/record.uri?partnerID=HzOxMe3b&scp=84455200741&origin=inward"},{"@_fa": "true", "@ref": "scopus-citedby", "@href": "https://www.scopus.com/inward/citedby.uri?partnerID=HzOxMe3b&scp=84455200741&origin=inward"}],"prism:url":"https://api.elsevier.com/content/abstract/scopus_id/84455200741","dc:identifier":"SCOPUS_ID:84455200741","eid":"2-s2.0-84455200741","dc:title":"Poor people's lives and politics - the things a political ethnographer knows (and doesn't) after 15 years of fieldwork","dc:creator":"Auyero J.","prism:publicationName":"Sociologias","prism:issn":"15174522","prism:issueIdentifier":"28","prism:pageRange":"126-164","prism:coverDate":"2011-09-01","prism:coverDisplayDate":"September 2011","dc:description":"Reflecting on a decade and a half of ethnographic fieldwork, this article examines the lessons learned while attempting to scrutinize the political dynamics among the urban poor. It begins with an analysis of the limitations of the concept of political clientelism to understand what really goes on when votes are \"exchanged\" for resources. It then studies the recursive relationship between patronage and collective action - two political phenomena typically seen as antagonistic to each other. The paper then elaborates on the notion of \"the gray zone\" - as the area of clandestine connections between perpetrators of violence and established political authorities. The article finishes with an examination of two themes that have been surprisingly absent in the research on the urban poor, environmental suffering and the politics of waiting.","citedby-count":"2","affiliation": [{"@_fa": "true", "affiliation-url":"https://api.elsevier.com/content/affiliation/affiliation_id/108253496","afid":"108253496","affilname":"Universidade do Texas","affiliation-city":"Austin","affiliation-country":"United States"}],"prism:aggregationType":"Journal","subtype":"ar","subtypeDescription":"Article","author-count":{"@limit": "100", "@total": "1", "$" :"1"},"author": [{"@_fa": "true", "@seq": "1", "author-url":"https://api.elsevier.com/content/author/author_id/6602210641","authid":"6602210641","authname":"Auyero J.","surname":"Auyero","given-name":"Javier","initials":"J.","afid": [{"@_fa": "true", "$" :"108253496"}]}],"authkeywords":"Clientelism | Collective action | Environmental suffering | Patronage | Political ethnography | Politics of the poors | Politics of waiting","source-id":"4700153602","fund-no":"undefined","openaccess":"0","openaccessFlag":false},{"@_fa": "true", "link": [{"@_fa": "true", "@ref": "self", "@href": "https://api.elsevier.com/content/abstract/scopus_id/80052648273"},{"@_fa": "true", "@ref": "author-affiliation", "@href": "https://api.elsevier.com/content/abstract/scopus_id/80052648273?field=author,affiliation"},{"@_fa": "true", "@ref": "scopus", "@href": "https://www.scopus.com/inward/record.uri?partnerID=HzOxMe3b&scp=80052648273&origin=inward"},{"@_fa": "true", "@ref": "scopus-citedby", "@href": "https://www.scopus.com/inward/citedby.uri?partnerID=HzOxMe3b&scp=80052648273&origin=inward"}],"prism:url":"https://api.elsevier.com/content/abstract/scopus_id/80052648273","dc:identifier":"SCOPUS_ID:80052648273","eid":"2-s2.0-80052648273","dc:title":"Albania and the EU: From isolation to integration","dc:creator":"Panagiotou R.","prism:publicationName":"Journal of Balkan and Near Eastern Studies","prism:issn":"19448953","prism:eIssn":"19448961","prism:volume":"13","prism:issueIdentifier":"3","prism:pageRange":"357-374","prism:coverDate":"2011-09-01","prism:coverDisplayDate":"September 2011","prism:doi":"10.1080/19448953.2011.590361","dc:description":"Albania's application for membership to the European Union in April 2009 was a major landmark for a country that less than 20 years ago had emerged from communist rule as the poorest, most isolated, and most repressive state in Europe. Albania has made integration into EU structures the pinnacle of its transition process. While significant progress towards this goal has been made on many fronts, tremendous roadblocks still lie ahead on its road to EU accession. Albania must accelerate the momentum for deeper political, economic and social reform, and must renew its commitment to profound restructuring and change. The most crucial areas will be strengthening democracy and ensuring free and fair elections, respecting and enforcing the rule of law, and fighting against the phenomena of clientelism, corruption and bribery. © 2011 Taylor & Francis.","citedby-count":"1","affiliation": [{"@_fa": "true", "affiliation-url":"https://api.elsevier.com/content/affiliation/affiliation_id/60061142","afid":"60061142","affilname":"Centre of Planning and Economic Research","affiliation-city":"Athens","affiliation-country":"Greece"}],"prism:aggregationType":"Journal","subtype":"ar","subtypeDescription":"Article","author-count":{"@limit": "100", "@total": "1", "$" :"1"},"author": [{"@_fa": "true", "@seq": "1", "author-url":"https://api.elsevier.com/content/author/author_id/6506748684","authid":"6506748684","authname":"Panagiotou R.","surname":"Panagiotou","given-name":"Ritsa","initials":"R.","afid": [{"@_fa": "true", "$" :"60061142"}]}],"source-id":"19600166403","fund-no":"undefined","openaccess":"0","openaccessFlag":false},{"@_fa": "true", "link": [{"@_fa": "true", "@ref": "self", "@href": "https://api.elsevier.com/content/abstract/scopus_id/80052668569"},{"@_fa": "true", "@ref": "author-affiliation", "@href": "https://api.elsevier.com/content/abstract/scopus_id/80052668569?field=author,affiliation"},{"@_fa": "true", "@ref": "scopus", "@href": "https://www.scopus.com/inward/record.uri?partnerID=HzOxMe3b&scp=80052668569&origin=inward"},{"@_fa": "true", "@ref": "scopus-citedby", "@href": "https://www.scopus.com/inward/citedby.uri?partnerID=HzOxMe3b&scp=80052668569&origin=inward"}],"prism:url":"https://api.elsevier.com/content/abstract/scopus_id/80052668569","dc:identifier":"SCOPUS_ID:80052668569","eid":"2-s2.0-80052668569","dc:title":"Distinctiveness of administrative reform in Greece, Italy, Portugal and Spain. Common characteristics of context, administrations and reforms","dc:creator":"Kickert W.","prism:publicationName":"Public Administration","prism:issn":"00333298","prism:eIssn":"14679299","prism:volume":"89","prism:issueIdentifier":"3","prism:pageRange":"801-818","prism:coverDate":"2011-09-01","prism:coverDisplayDate":"September 2011","prism:doi":"10.1111/j.1467-9299.2010.01862.x","dc:description":"This article, the final part of the symposium, concentrates on the common characteristics of Southern European states and administrations that can explain the distinctiveness of the reforms there. First, we briefly consider the theoretical aspect of the country papers, that is, historical institutionalism. We then briefly review some common features of contextual factors such as welfare state, economy and civic culture. This is followed by a discussion of some typical characteristics of Southern European administrations: legalism, politicization and clientelism. Finally, we discuss some common features of reform in Southern Europe. Reform in the region encompasses not only new public management; other reforms have also occurred. However, political polarization means these countries lack the stability necessary to implement and carry out reform effectively. In terms of improvement in quality, efficiency and client orientation of public service provision, the far-reaching politicization of the civil service gives a distinctive twist to any such claims. © 2011 The Author. Public Administration © 2011 Blackwell Publishing Ltd.","citedby-count":"39","affiliation": [{"@_fa": "true", "affiliation-url":"https://api.elsevier.com/content/affiliation/affiliation_id/60022265","afid":"60022265","affilname":"Erasmus University Rotterdam","affiliation-city":"Rotterdam","affiliation-country":"Netherlands"}],"prism:aggregationType":"Journal","subtype":"ar","subtypeDescription":"Article","author-count":{"@limit": "100", "@total": "1", "$" :"1"},"author": [{"@_fa": "true", "@seq": "1", "author-url":"https://api.elsevier.com/content/author/author_id/6603150788","authid":"6603150788","authname":"Kickert W.","surname":"Kickert","given-name":"Walter","initials":"W.","afid": [{"@_fa": "true", "$" :"60022265"}]}],"source-id":"17162","fund-no":"undefined","openaccess":"0","openaccessFlag":false},{"@_fa": "true", "link": [{"@_fa": "true", "@ref": "self", "@href": "https://api.elsevier.com/content/abstract/scopus_id/81255161331"},{"@_fa": "true", "@ref": "author-affiliation", "@href": "https://api.elsevier.com/content/abstract/scopus_id/81255161331?field=author,affiliation"},{"@_fa": "true", "@ref": "scopus", "@href": "https://www.scopus.com/inward/record.uri?partnerID=HzOxMe3b&scp=81255161331&origin=inward"},{"@_fa": "true", "@ref": "scopus-citedby", "@href": "https://www.scopus.com/inward/citedby.uri?partnerID=HzOxMe3b&scp=81255161331&origin=inward"}],"prism:url":"https://api.elsevier.com/content/abstract/scopus_id/81255161331","dc:identifier":"SCOPUS_ID:81255161331","eid":"2-s2.0-81255161331","dc:title":"The constituency orientation of modern TDs","dc:creator":"O'Leary E.","prism:publicationName":"Irish Political Studies","prism:issn":"07907184","prism:eIssn":"17439078","prism:volume":"26","prism:issueIdentifier":"3","prism:pageRange":"329-343","prism:coverDate":"2011-09-01","prism:coverDisplayDate":"September 2011","prism:doi":"10.1080/07907184.2011.593737","dc:description":"For the past 20 years academics referring to the constituency caseload of Teachta Dálas (TDs) have in the main been forced to use data that were collected and analysed during a period which is now of limited comparability. This paper presents an analysis of twenty-first century TDs and their caseload. An analysis of how technological advancements and societal changes have altered the caseload of TDs will be explored. This is relevant because some had argued that the modernisation of society would decrease their level of constituency work. A profile of the constituents who contact TDs and the nature of their cases will be presented as will an outline of how they divide their time. Furthermore, this paper will also assess how TDs view their role as a broker and how influential their intervention can actually be in representations made on behalf of their constituents. This paper sets out to bridge the gap between research conducted during the 1970s and 1980s and the present day. Furthermore, it intends both to dispel and to enhance many longheld perceptions regarding the Irish TD. © 2011 Political Studies Association of Ireland.","citedby-count":"13","affiliation": [{"@_fa": "true", "affiliation-url":"https://api.elsevier.com/content/affiliation/affiliation_id/60025160","afid":"60025160","affilname":"University College Cork","affiliation-city":"Cork","affiliation-country":"Ireland"}],"prism:aggregationType":"Journal","subtype":"ar","subtypeDescription":"Article","author-count":{"@limit": "100", "@total": "1", "$" :"1"},"author": [{"@_fa": "true", "@seq": "1", "author-url":"https://api.elsevier.com/content/author/author_id/54393912400","authid":"54393912400","authname":"O'Leary E.","surname":"O'Leary","given-name":"Eimear","initials":"E.","afid": [{"@_fa": "true", "$" :"60025160"}]}],"authkeywords":"Brokerage politics | Clientelism | Constituency caseload | Legislative work | Representation","source-id":"5800170866","fund-no":"undefined","openaccess":"0","openaccessFlag":false},{"@_fa": "true", "link": [{"@_fa": "true", "@ref": "self", "@href": "https://api.elsevier.com/content/abstract/scopus_id/84855841001"},{"@_fa": "true", "@ref": "author-affiliation", "@href": "https://api.elsevier.com/content/abstract/scopus_id/84855841001?field=author,affiliation"},{"@_fa": "true", "@ref": "scopus", "@href": "https://www.scopus.com/inward/record.uri?partnerID=HzOxMe3b&scp=84855841001&origin=inward"},{"@_fa": "true", "@ref": "scopus-citedby", "@href": "https://www.scopus.com/inward/citedby.uri?partnerID=HzOxMe3b&scp=84855841001&origin=inward"}],"prism:url":"https://api.elsevier.com/content/abstract/scopus_id/84855841001","dc:identifier":"SCOPUS_ID:84855841001","eid":"2-s2.0-84855841001","dc:title":"Portraiture and Proximity: 'Official' Artists and the State-ization of the Market in Post-Soviet Kazakhstan","dc:creator":"Nauruzbayeva Z.","prism:publicationName":"Ethnos","prism:issn":"00141844","prism:eIssn":"1469588X","prism:volume":"76","prism:issueIdentifier":"3","prism:pageRange":"375-397","prism:coverDate":"2011-09-01","prism:coverDisplayDate":"September 2011","prism:doi":"10.1080/00141844.2011.580355","dc:description":"This article traces the production and circulation of state officials' portraits in post-Soviet Kazakhstan, as visual artists engaged in the cultivation of an art market after the dismantling of socialist-era state sponsorship. I argue that these portraits of the president and other high-ranking officials should be considered as an instance of commercialisation of art. Portraiture invoked proximity of artists to their powerful sitters, government officials, and consequently made artists' work more attractive to a particular kind of domestic buyer. Furthermore, I argue that these practices of commodification enable an understanding of how socialist-era legacies of state sponsorship have converted into the logics of proximity to power. The Soviet-era personalistic connections to bureaucrats have transformed into the means for representation of artwork's market value in contemporary Kazakhstan. As such, Soviet legacies of clientelism have rendered state icons as significant authenticators of commercial value and therefore central to the emerging market. © 2011 Copyright Routledge Journals, Taylor and Francis.","citedby-count":"4","affiliation": [{"@_fa": "true", "affiliation-url":"https://api.elsevier.com/content/affiliation/affiliation_id/60012708","afid":"60012708","affilname":"Stanford University","affiliation-city":"Palo Alto","affiliation-country":"United States"}],"prism:aggregationType":"Journal","subtype":"ar","subtypeDescription":"Article","author-count":{"@limit": "100", "@total": "1", "$" :"1"},"author": [{"@_fa": "true", "@seq": "1", "author-url":"https://api.elsevier.com/content/author/author_id/54895129300","authid":"54895129300","authname":"Nauruzbayeva Z.","surname":"Nauruzbayeva","given-name":"Zhanara","initials":"Z.","afid": [{"@_fa": "true", "$" :"60012708"}]}],"authkeywords":"art | commodification | Kazakhstan | Market | postsocialism | privatisation | state","source-id":"16601","fund-no":"undefined","fund-sponsor":"U.S. Department of State","openaccess":"0","openaccessFlag":false},{"@_fa": "true", "link": [{"@_fa": "true", "@ref": "self", "@href": "https://api.elsevier.com/content/abstract/scopus_id/79960255035"},{"@_fa": "true", "@ref": "author-affiliation", "@href": "https://api.elsevier.com/content/abstract/scopus_id/79960255035?field=author,affiliation"},{"@_fa": "true", "@ref": "scopus", "@href": "https://www.scopus.com/inward/record.uri?partnerID=HzOxMe3b&scp=79960255035&origin=inward"},{"@_fa": "true", "@ref": "scopus-citedby", "@href": "https://www.scopus.com/inward/citedby.uri?partnerID=HzOxMe3b&scp=79960255035&origin=inward"}],"prism:url":"https://api.elsevier.com/content/abstract/scopus_id/79960255035","dc:identifier":"SCOPUS_ID:79960255035","eid":"2-s2.0-79960255035","dc:title":"Rule of law reforms in the shadow of clientelism: The limits of the EU's transformative power in romania","dc:creator":"Mendelski M.","prism:publicationName":"Polish Sociological Review","prism:issn":"12311413","prism:volume":"174","prism:issueIdentifier":"2","prism:pageRange":"235-353","prism:coverDate":"2011-07-18","prism:coverDisplayDate":"2011","dc:description":"This study examines the role of the European Union (EU) and domestic actors in the development of the rule of law (judicial quality) in Romania between 2000 and 2009. This study offers an empirical analysis of rule of law development across two key dimensions (1. judicial capacity, 2. judicial impartiality). The findings of the study show that, while the reform actions of domestic change agents and the EU led to improvement on the judicial capacity dimension of the rule of law (efficiency-related aspects), there was considerable persistence on the judicial impartiality dimension (power-related aspects). The limited transformative power of the EU is explained by the strong resistance of clientelistic veto players, who captured the reform process and undermined the creation of de facto rule of law.","citedby-count":"6","affiliation": [{"@_fa": "true", "affiliation-url":"https://api.elsevier.com/content/affiliation/affiliation_id/60072562","afid":"60072562","affilname":"University of Luxembourg","affiliation-city":"Luxembourg","affiliation-country":"Luxembourg"}],"prism:aggregationType":"Journal","subtype":"ar","subtypeDescription":"Article","author-count":{"@limit": "100", "@total": "1", "$" :"1"},"author": [{"@_fa": "true", "@seq": "1", "author-url":"https://api.elsevier.com/content/author/author_id/42862110000","authid":"42862110000","authname":"Mendelski M.","surname":"Mendelski","given-name":"Martin","initials":"M.","afid": [{"@_fa": "true", "$" :"60072562"}]}],"authkeywords":"Clientelism | EU conditionality | Romania | Rule of law | State capture","source-id":"5600153242","fund-no":"undefined","openaccess":"0","openaccessFlag":false},{"@_fa": "true", "link": [{"@_fa": "true", "@ref": "self", "@href": "https://api.elsevier.com/content/abstract/scopus_id/79960736850"},{"@_fa": "true", "@ref": "author-affiliation", "@href": "https://api.elsevier.com/content/abstract/scopus_id/79960736850?field=author,affiliation"},{"@_fa": "true", "@ref": "scopus", "@href": "https://www.scopus.com/inward/record.uri?partnerID=HzOxMe3b&scp=79960736850&origin=inward"},{"@_fa": "true", "@ref": "scopus-citedby", "@href": "https://www.scopus.com/inward/citedby.uri?partnerID=HzOxMe3b&scp=79960736850&origin=inward"}],"prism:url":"https://api.elsevier.com/content/abstract/scopus_id/79960736850","dc:identifier":"SCOPUS_ID:79960736850","eid":"2-s2.0-79960736850","dc:title":"The microfoundations of political clientelism: Lessons from the Argentine case","dc:creator":"Szwarcberg M.","prism:publicationName":"Working Paper of the Helen Kellogg Institute for International Studies","prism:issueIdentifier":"377","prism:pageRange":"1-28","prism:coverDate":"2011-07-01","prism:coverDisplayDate":"July 2011","dc:description":"This paper challenges the assumption that parties and candidates with access to material benefits will always distribute goods to low-income voters in exchange for electoral support. I claim that a candidate's capacity to turn to clientelistic strategies of mobilization is a necessary but insufficient condition to explain his or her decision to use clientelism. Besides having access to material resources and a network of party activists to distribute goods to potential voters, candidates have to prefer to use clientelism to mobilize voters. In studying candidates' capacities and preferences to use clientelism, the paper provides an account of the microfoundations of political clientelism in Argentina. By combining quantitative and qualitative data at the municipal level, I find that the number of pragmatist candidates, who are capable of using clientelism and prefer to turn to these strategies, is almost equaled by the number of idealist candidates who, although capable, prefer not to use clientelism.","citedby-count":"0","affiliation": [{"@_fa": "true", "affiliation-url":"https://api.elsevier.com/content/affiliation/affiliation_id/60029278","afid":"60029278","affilname":"University of Chicago","affiliation-city":"Chicago","affiliation-country":"United States"},{"@_fa": "true", "affiliation-url":"https://api.elsevier.com/content/affiliation/affiliation_id/111295508","afid":"111295508","affilname":"National Institute for Public Administration","affiliation-city":null,"affiliation-country":null}],"prism:aggregationType":"Journal","subtype":"ar","subtypeDescription":"Article","author-count":{"@limit": "100", "@total": "1", "$" :"1"},"author": [{"@_fa": "true", "@seq": "1", "author-url":"https://api.elsevier.com/content/author/author_id/47161626500","authid":"47161626500","authname":"Szwarcberg M.","surname":"Szwarcberg","given-name":"Mariela","initials":"M.","afid": [{"@_fa": "true", "$" :"60029278"},{"@_fa": "true", "$" :"111295508"}]}],"source-id":"31602","fund-no":"undefined","openaccess":"0","openaccessFlag":false},{"@_fa": "true", "link": [{"@_fa": "true", "@ref": "self", "@href": "https://api.elsevier.com/content/abstract/scopus_id/79957985009"},{"@_fa": "true", "@ref": "author-affiliation", "@href": "https://api.elsevier.com/content/abstract/scopus_id/79957985009?field=author,affiliation"},{"@_fa": "true", "@ref": "scopus", "@href": "https://www.scopus.com/inward/record.uri?partnerID=HzOxMe3b&scp=79957985009&origin=inward"},{"@_fa": "true", "@ref": "scopus-citedby", "@href": "https://www.scopus.com/inward/citedby.uri?partnerID=HzOxMe3b&scp=79957985009&origin=inward"}],"prism:url":"https://api.elsevier.com/content/abstract/scopus_id/79957985009","dc:identifier":"SCOPUS_ID:79957985009","eid":"2-s2.0-79957985009","dc:title":"Models of Clientelism and Policy Change: The Case of Conditional Cash Transfer Programmes in Mexico and Brazil","dc:creator":"Ansell A.","prism:publicationName":"Bulletin of Latin American Research","prism:issn":"02613050","prism:eIssn":"14709856","prism:volume":"30","prism:issueIdentifier":"3","prism:pageRange":"298-312","prism:coverDate":"2011-07-01","prism:coverDisplayDate":"July 2011","prism:doi":"10.1111/j.1470-9856.2010.00497.x","dc:description":"Clientelist systems vary, and this variation influences the adoption and evolution of conditional cash transfer (CCT) programmes. We find that vertically integrated, corporatist clientelism in Mexico and more locally oriented, bossist clientelism in Brazil differentially shape the choices of governments to turn piecemeal, discretionary CCTs into more expansive and secure benefits. © 2011 The Authors. Bulletin of Latin American Research © 2011 Society for Latin American Studies.","citedby-count":"8","affiliation": [{"@_fa": "true", "affiliation-url":"https://api.elsevier.com/content/affiliation/affiliation_id/60029216","afid":"60029216","affilname":"Monmouth University","affiliation-city":"West Long Branch","affiliation-country":"United States"}],"prism:aggregationType":"Journal","subtype":"ar","subtypeDescription":"Article","author-count":{"@limit": "100", "@total": "2", "$" :"2"},"author": [{"@_fa": "true", "@seq": "1", "author-url":"https://api.elsevier.com/content/author/author_id/35423491000","authid":"35423491000","authname":"Ansell A.","surname":"Ansell","given-name":"Aaron","initials":"A.","afid": [{"@_fa": "true", "$" :"60029216"}]},{"@_fa": "true", "@seq": "2", "author-url":"https://api.elsevier.com/content/author/author_id/36856149600","authid":"36856149600","authname":"Mitchell K.","surname":"Mitchell","given-name":"Ken","initials":"K.","afid": [{"@_fa": "true", "$" :"60029216"}]}],"authkeywords":"Brazil | Clientelism | Conditional cash cransfers | Mexico | Social development","source-id":"25322","fund-no":"undefined","openaccess":"0","openaccessFlag":false},{"@_fa": "true", "link": [{"@_fa": "true", "@ref": "self", "@href": "https://api.elsevier.com/content/abstract/scopus_id/79958731410"},{"@_fa": "true", "@ref": "author-affiliation", "@href": "https://api.elsevier.com/content/abstract/scopus_id/79958731410?field=author,affiliation"},{"@_fa": "true", "@ref": "scopus", "@href": "https://www.scopus.com/inward/record.uri?partnerID=HzOxMe3b&scp=79958731410&origin=inward"},{"@_fa": "true", "@ref": "scopus-citedby", "@href": "https://www.scopus.com/inward/citedby.uri?partnerID=HzOxMe3b&scp=79958731410&origin=inward"}],"prism:url":"https://api.elsevier.com/content/abstract/scopus_id/79958731410","dc:identifier":"SCOPUS_ID:79958731410","eid":"2-s2.0-79958731410","dc:title":"Executive elections in the arab world: When and how do they matter","dc:creator":"Brownlee J.","prism:publicationName":"Comparative Political Studies","prism:issn":"00104140","prism:eIssn":"15523829","prism:volume":"44","prism:issueIdentifier":"7","prism:pageRange":"807-828","prism:coverDate":"2011-07-01","prism:coverDisplayDate":"July 2011","prism:doi":"10.1177/0010414011402034","dc:description":"Although elections loom large in the study of nondemocracies, scholars continue debating what function those elections play. This article sets evidence from the Arab world in a global context to evaluate three theorized roles for elections: safety valve, patronage network, and performance ritual. Executive elections in the Middle East and North Africa remain less common and less competitive than polls in sub-Saharan Africa and Asia. This profile is largely consistent with the observable implications of leading theories. The data, though, also show theoretically rich differences. Although levels of competition and participation in Yemen, Tunisia, and Algeria fit expectations about elections being safety valves or political spectacles, Egypt's presidential election stands apart, with exceptionally meager public involvement. In such circumstances, where competition and turnout are both unusually low, other social and political phenomena may matter more than elections for regime survival, resource distribution, and the manifestation of state power. © The Author(s) 2011.","citedby-count":"23","affiliation": [{"@_fa": "true", "affiliation-url":"https://api.elsevier.com/content/affiliation/affiliation_id/60013372","afid":"60013372","affilname":"University of Texas at Austin","affiliation-city":"Austin","affiliation-country":"United States"}],"prism:aggregationType":"Journal","subtype":"ar","subtypeDescription":"Article","author-count":{"@limit": "100", "@total": "1", "$" :"1"},"author": [{"@_fa": "true", "@seq": "1", "author-url":"https://api.elsevier.com/content/author/author_id/23484195100","authid":"23484195100","authname":"Brownlee J.","surname":"Brownlee","given-name":"Jason","initials":"J.","afid": [{"@_fa": "true", "$" :"60013372"}]}],"authkeywords":"authoritarianism | clientelism | democratization | elections | hybrid regimes | institutions","source-id":"13447","fund-no":"undefined","openaccess":"0","openaccessFlag":false},{"@_fa": "true", "link": [{"@_fa": "true", "@ref": "self", "@href": "https://api.elsevier.com/content/abstract/scopus_id/79959351834"},{"@_fa": "true", "@ref": "author-affiliation", "@href": "https://api.elsevier.com/content/abstract/scopus_id/79959351834?field=author,affiliation"},{"@_fa": "true", "@ref": "scopus", "@href": "https://www.scopus.com/inward/record.uri?partnerID=HzOxMe3b&scp=79959351834&origin=inward"},{"@_fa": "true", "@ref": "scopus-citedby", "@href": "https://www.scopus.com/inward/citedby.uri?partnerID=HzOxMe3b&scp=79959351834&origin=inward"}],"prism:url":"https://api.elsevier.com/content/abstract/scopus_id/79959351834","dc:identifier":"SCOPUS_ID:79959351834","eid":"2-s2.0-79959351834","dc:title":"Political parties and their manifestos: Inferring party policy positions in Malawi since 1994","dc:creator":"Mpesi A.","prism:publicationName":"Forum for Development Studies","prism:issn":"08039410","prism:volume":"38","prism:issueIdentifier":"1","prism:pageRange":"25-41","prism:coverDate":"2011-06-24","prism:coverDisplayDate":"2011","prism:doi":"10.1080/08039410.2011.560182","dc:description":"Since the reintroduction of multiparty democracy in 1993, political parties in Malawi have been at the centre of 'ideology and policy positions debate'. It has been argued that political parties lack substantive ideologies, and that their policy positions are almost identical. This article makes further contribution to this debate. It mainly focuses on differences and similarities in issue saliency across two main parties and across three general elections, 1994, 1999 and 2004 as reflected in their electoral manifestos. Second, the article, looks at policy commitment by examining whether ideas in the electoral manifestos are reflected in decisions taken by the parties in power. In this second aspect, the article only looks at whether the intentions of the manifesto are brought onto the government agenda as opposed to examining the merits or demerits of a particular policy commitment. With the evidence presented, the article demonstrates that there are some small but significant differences in issue salience across parties and across elections. The article concludes that on the account of electoral campaign, electoral manifestos do not play an important role of attracting voters. Party identity, patronage, and clientelism continue to dominate the electoral campaign in Malawi. © 2011 Norwegian Institute of International Affairs (NUPI).","citedby-count":"5","affiliation": [{"@_fa": "true", "affiliation-url":"https://api.elsevier.com/content/affiliation/affiliation_id/110755044","afid":"110755044","affilname":"Lingadzi House","affiliation-city":null,"affiliation-country":"Malawi"}],"prism:aggregationType":"Journal","subtype":"ar","subtypeDescription":"Article","author-count":{"@limit": "100", "@total": "1", "$" :"1"},"author": [{"@_fa": "true", "@seq": "1", "author-url":"https://api.elsevier.com/content/author/author_id/42661802700","authid":"42661802700","authname":"Mpesi A.","surname":"Mpesi","given-name":"Andrew Mabvuto","initials":"A.M.","afid": [{"@_fa": "true", "$" :"110755044"}]}],"authkeywords":"Electoral manifestos | Issues salience | Policy commitment | Policy positions | Political parties","source-id":"14192","fund-no":"undefined","openaccess":"0","openaccessFlag":false}]}}