{"search-results":{"opensearch:totalResults":"36","opensearch:startIndex":"0","opensearch:itemsPerPage":"25","opensearch:Query":{"@role": "request", "@searchTerms": "TITLE-ABS-KEY(\"clientelism\") AND SUBJAREA(SOCI) AND PUBYEAR = 2010", "@startPage": "0"},"link": [{"@_fa": "true", "@ref": "self", "@href": "https://api.elsevier.com/content/search/scopus?start=0&count=25&query=TITLE-ABS-KEY%28%22clientelism%22%29+AND+SUBJAREA%28SOCI%29+AND+PUBYEAR+%3D+2010&apiKey=27d953b4b546791964ebeb768d13e61f&view=COMPLETE", "@type": "application/json"},{"@_fa": "true", "@ref": "first", "@href": "https://api.elsevier.com/content/search/scopus?start=0&count=25&query=TITLE-ABS-KEY%28%22clientelism%22%29+AND+SUBJAREA%28SOCI%29+AND+PUBYEAR+%3D+2010&apiKey=27d953b4b546791964ebeb768d13e61f&view=COMPLETE", "@type": "application/json"},{"@_fa": "true", "@ref": "next", "@href": "https://api.elsevier.com/content/search/scopus?start=25&count=25&query=TITLE-ABS-KEY%28%22clientelism%22%29+AND+SUBJAREA%28SOCI%29+AND+PUBYEAR+%3D+2010&apiKey=27d953b4b546791964ebeb768d13e61f&view=COMPLETE", "@type": "application/json"},{"@_fa": "true", "@ref": "last", "@href": "https://api.elsevier.com/content/search/scopus?start=11&count=25&query=TITLE-ABS-KEY%28%22clientelism%22%29+AND+SUBJAREA%28SOCI%29+AND+PUBYEAR+%3D+2010&apiKey=27d953b4b546791964ebeb768d13e61f&view=COMPLETE", "@type": "application/json"}],"entry": [{"@_fa": "true", "link": [{"@_fa": "true", "@ref": "self", "@href": "https://api.elsevier.com/content/abstract/scopus_id/78649484220"},{"@_fa": "true", "@ref": "author-affiliation", "@href": "https://api.elsevier.com/content/abstract/scopus_id/78649484220?field=author,affiliation"},{"@_fa": "true", "@ref": "scopus", "@href": "https://www.scopus.com/inward/record.uri?partnerID=HzOxMe3b&scp=78649484220&origin=inward"},{"@_fa": "true", "@ref": "scopus-citedby", "@href": "https://www.scopus.com/inward/citedby.uri?partnerID=HzOxMe3b&scp=78649484220&origin=inward"}],"prism:url":"https://api.elsevier.com/content/abstract/scopus_id/78649484220","dc:identifier":"SCOPUS_ID:78649484220","eid":"2-s2.0-78649484220","dc:title":"To refrain from capitalism or to improve it? the importance of equity during crisis","dc:creator":"Guogis A.","prism:publicationName":"Filosofija, Sociologija","prism:issn":"02357186","prism:volume":"21","prism:issueIdentifier":"2","prism:pageRange":"83-91","prism:coverDate":"2010-12-02","prism:coverDisplayDate":"2010","dc:description":"The article deals with the last decades' shift of the Western world to liberal capitalism values when the significance of privatization, liberalization, globalization and New Public Management has sufficiently risen. Earlier, such rather specific regions as the Nordic countries, Latin America, Eastern and Southern Asia had introduced many elements similar to the Anglo-Saxon experience. Many Eastern European countries, upon rejecting totalitarian regimes, in fact without compromises have chosen the path of Western liberal capitalism, although this way was hindered by communist heritage, corruption and clientelism. However, not everybody in the world agreed with such a change of the economic-social paradigm. Mostly in the West, the intellectual critics of the system appeared, representing modern economic, political, social and cultural-philosophical theories. The economic crisis of 2008-2010 shook the world and promoted a radical criticism of capitalism. One of such critics is the Italian left-wing sociologist Franco Berardi (Bifo) who considers the contemporary economic system as dead and only artificially stimulated. The real values, according to F. Berardi, must be not economic consumption and alienated work for satisfying one's needs, but spiritual and emotional values which can direct psychic energy towards the joy of life autonomous from capitalism. F. Berardi contrasts autonomy with the whole exhausted contemporary capitalist system which, in his opinion, does not have possibilities to expand. The article deals with the issue of refraining from capitalism which, according to the author, is not fruitful, because it is possible to \"improve\" capitalism by imposing more equity (social justice). The author sees the biggest problem in society's division into \"winners\" and \"loosers\" who have no relations at all. Capitalism creates not only globalization, which is useful to the \"winners\", but also its antipode - glocalization - which imprisons a large part of population in geographically restricted social ghettos because of income, education, competence, age differences, illnesses and disability. The system's efficiency criterion, besides the well-known 3-E conception, should be the fourth E (equity), when it is necessary to pay attention to the problems of marginal groups. In order to reach social justice, it is necessary to implement new methods of social sciences, such as participatory research and benchmarking research. It is necessary to improve methods of public administration, first of all social administration methods, in order to provide efficiency for the benefit of social reintegration. It is necessary to diminish public administration \"transaction costs\" and \"asymmetrical information\". Not only the well-known New Public Management methods, such as \"quality management\" or clients' satisfaction surveys, but also less known methods such as global budgeting or priority planning should be used. New Public Management should be expanded or timely changed by New Governance values which supplement or change economic calculation by civil participation, democracy, active non-governmental activities, transparency and absence of corruption, diminishing of social exclusion. © Lietuvos moksl? akademija, 2010.","citedby-count":"0","affiliation": [{"@_fa": "true", "affiliation-url":"https://api.elsevier.com/content/affiliation/affiliation_id/60061999","afid":"60061999","affilname":"Mykolas Romeris University","affiliation-city":"Vilnius","affiliation-country":"Lithuania"}],"prism:aggregationType":"Journal","subtype":"ar","subtypeDescription":"Article","author-count":{"@limit": "100", "@total": "1", "$" :"1"},"author": [{"@_fa": "true", "@seq": "1", "author-url":"https://api.elsevier.com/content/author/author_id/14419656100","authid":"14419656100","authname":"Guogis A.","surname":"Guogis","given-name":"Arvydas","initials":"A.","afid": [{"@_fa": "true", "$" :"60061999"}]}],"authkeywords":"Capitalism | Crisis | Equity | Liberalization | New social administration methods | New social research methods","source-id":"11600153664","fund-no":"undefined","openaccess":"0","openaccessFlag":false},{"@_fa": "true", "link": [{"@_fa": "true", "@ref": "self", "@href": "https://api.elsevier.com/content/abstract/scopus_id/78649807458"},{"@_fa": "true", "@ref": "author-affiliation", "@href": "https://api.elsevier.com/content/abstract/scopus_id/78649807458?field=author,affiliation"},{"@_fa": "true", "@ref": "scopus", "@href": "https://www.scopus.com/inward/record.uri?partnerID=HzOxMe3b&scp=78649807458&origin=inward"},{"@_fa": "true", "@ref": "scopus-citedby", "@href": "https://www.scopus.com/inward/citedby.uri?partnerID=HzOxMe3b&scp=78649807458&origin=inward"},{"@_fa": "true", "@ref": "full-text", "@href": "https://api.elsevier.com/content/article/eid/1-s2.0-S0261379410000843"}],"prism:url":"https://api.elsevier.com/content/abstract/scopus_id/78649807458","dc:identifier":"SCOPUS_ID:78649807458","eid":"2-s2.0-78649807458","dc:title":"District magnitude and voter turnout a multi-level analysis of self-reported voting in the 32 Dominican Republic districts","dc:creator":"Jacobs K.","prism:publicationName":"Electoral Studies","prism:issn":"02613794","prism:volume":"29","prism:issueIdentifier":"4","prism:pageRange":"704-718","prism:coverDate":"2010-12-01","prism:coverDisplayDate":"December 2010","prism:doi":"10.1016/j.electstud.2010.07.007","pii":"S0261379410000843","dc:description":"Although studies of electoral participation in established democracies are abundant, little attention has been devoted to Latin American democracies and few studies combine individual-level and contextual-level variables. We focus on electoral participation in 32 districts of a Latin American democracy, the Dominican Republic. Our research question is: how to explain the different impact of district magnitude in Latin America? Most importantly, we find that it has a negative effect on electoral participation whereas theories based on established democracies would predict the opposite. We argue that the negative effect is caused by the stronger influence of clientelism in smaller districts, which surfaces at less salient elections. This argument accounts for previously unexplained findings in studies of Latin America. © 2010 Elsevier Ltd.","citedby-count":"12","affiliation": [{"@_fa": "true", "affiliation-url":"https://api.elsevier.com/content/affiliation/affiliation_id/60016529","afid":"60016529","affilname":"Radboud University Nijmegen","affiliation-city":"Nijmegen","affiliation-country":"Netherlands"}],"prism:aggregationType":"Journal","subtype":"ar","subtypeDescription":"Article","author-count":{"@limit": "100", "@total": "2", "$" :"2"},"author": [{"@_fa": "true", "@seq": "1", "author-url":"https://api.elsevier.com/content/author/author_id/36337857100","authid":"36337857100","authname":"Jacobs K.","surname":"Jacobs","given-name":"Kristof","initials":"K.","afid": [{"@_fa": "true", "$" :"60016529"}]},{"@_fa": "true", "@seq": "2", "author-url":"https://api.elsevier.com/content/author/author_id/24722302300","authid":"24722302300","authname":"Spierings N.","surname":"Spierings","given-name":"Niels","initials":"N.","afid": [{"@_fa": "true", "$" :"60016529"},{"@_fa": "true", "$" :"60016529"}]}],"authkeywords":"District magnitude | Dominican Republic | Electoral participation | Latin America | Multilevel analysis | New democracies | Voter turnout","source-id":"16114","fund-no":"undefined","openaccess":"0","openaccessFlag":false},{"@_fa": "true", "link": [{"@_fa": "true", "@ref": "self", "@href": "https://api.elsevier.com/content/abstract/scopus_id/79751507134"},{"@_fa": "true", "@ref": "author-affiliation", "@href": "https://api.elsevier.com/content/abstract/scopus_id/79751507134?field=author,affiliation"},{"@_fa": "true", "@ref": "scopus", "@href": "https://www.scopus.com/inward/record.uri?partnerID=HzOxMe3b&scp=79751507134&origin=inward"},{"@_fa": "true", "@ref": "scopus-citedby", "@href": "https://www.scopus.com/inward/citedby.uri?partnerID=HzOxMe3b&scp=79751507134&origin=inward"}],"prism:url":"https://api.elsevier.com/content/abstract/scopus_id/79751507134","dc:identifier":"SCOPUS_ID:79751507134","eid":"2-s2.0-79751507134","dc:title":"Sources of political corruption in a democratic system: On party corruption","dc:creator":"Ravlić S.","prism:publicationName":"Zbornik Pravnog Fakulteta u Zagrebu","prism:issn":"03502058","prism:volume":"60","prism:issueIdentifier":"6","prism:pageRange":"1241-1264","prism:coverDate":"2010-12-01","prism:coverDisplayDate":"December 2010","dc:description":"The paper considers the link between professional electoral parties as the predominant type of modern political parties and the growth of political corruption in European countries. This type of party originally emerged as a result of the transformation of mass parties in European democracies in the 1970's and 1980's. Examples show that its predominance has led to an increase in the level of corruption in a number of countries, and in some it has led to the setting up of a system of corruption whose institutional centre is the parties themselves. In the second part of the paper the author analyzes the relationship between parties and corruption in countries in transition, focusing mostly on South-East Europe, in particular on Croatia. In these countries there was no tradition of mass parties, and the newly established parties developed as professional electoral parties, with great potential for clientelism and corruption. In South-East Europe corruption is systemic, and the parties are its main institutional source, and this is in fact is the main characteristic of corruption in Croatia.","citedby-count":"1","affiliation": [{"@_fa": "true", "affiliation-url":"https://api.elsevier.com/content/affiliation/affiliation_id/60008408","afid":"60008408","affilname":"University of Zagreb","affiliation-city":"Zagreb","affiliation-country":"Croatia"}],"prism:aggregationType":"Journal","subtype":"ar","subtypeDescription":"Article","author-count":{"@limit": "100", "@total": "1", "$" :"1"},"author": [{"@_fa": "true", "@seq": "1", "author-url":"https://api.elsevier.com/content/author/author_id/6507823159","authid":"6507823159","authname":"Ravlić S.","surname":"Ravlić","given-name":"Slaven","initials":"S.","afid": [{"@_fa": "true", "$" :"60008408"}]}],"authkeywords":"Mass party | Party corruption | Political corruption | Professional electoral party","source-id":"90482","fund-no":"undefined","openaccess":"0","openaccessFlag":false},{"@_fa": "true", "link": [{"@_fa": "true", "@ref": "self", "@href": "https://api.elsevier.com/content/abstract/scopus_id/84898565324"},{"@_fa": "true", "@ref": "author-affiliation", "@href": "https://api.elsevier.com/content/abstract/scopus_id/84898565324?field=author,affiliation"},{"@_fa": "true", "@ref": "scopus", "@href": "https://www.scopus.com/inward/record.uri?partnerID=HzOxMe3b&scp=84898565324&origin=inward"},{"@_fa": "true", "@ref": "scopus-citedby", "@href": "https://www.scopus.com/inward/citedby.uri?partnerID=HzOxMe3b&scp=84898565324&origin=inward"}],"prism:url":"https://api.elsevier.com/content/abstract/scopus_id/84898565324","dc:identifier":"SCOPUS_ID:84898565324","eid":"2-s2.0-84898565324","dc:title":"Poverty of democracy: The institutional roots of political participation in Mexico","dc:creator":"Holzner C.","prism:publicationName":"Poverty of Democracy: The Institutional Roots of Political Participation in Mexico","prism:isbn": [{"@_fa": "true", "$" :"9780822960782"}],"prism:pageRange":"1-281","prism:coverDate":"2010-12-01","prism:coverDisplayDate":"2010","dc:description":"Political participation rates have declined steadily in Mexico since the 1990s. The decline has been most severe among the poor, producing a stratified pattern that more and more mirrors Mexico's severe socioeconomic inequalities. Poverty of Democracy examines the political marginalization of Mexico's poor despite their key role in the struggle for democracy. Claudio A. Holzner uses case study evidence drawn from eight years of fieldwork in Oaxaca, and from national surveys to show how the institutionalization of a free-market democracy created a political system that discourages the political participation of Mexico's poor by limiting their access to politicians at the local and national level. Though clean elections bolster political activity, Holzner shows that at the local level, and particularly in Mexico's poorest regions, deeply rooted enclaves of authoritarianism and clientelism still constrict people's political opportunities.To explain this phenomenon, Holzner develops an institutional theory in which party systems, state-society linkages, and public policies are the key determinants of citizen political activity. These institutions shape patterns of political participation by conferring and distributing resources, motivating or discouraging an interest in politics, and by affecting the incentives citizens from different income groups have for targeting the state with political activity. Holzner's study sheds light on a disturbing trend in Latin America (and globally), in which neoliberal systems exacerbate political and economic disparities and create institutions that translate economic inequalities into political ones. Copyright © 2010, University of Pittsburgh Press. All rights reserved.","citedby-count":"23","affiliation": [{"@_fa": "true", "affiliation-url":"https://api.elsevier.com/content/affiliation/affiliation_id/60015543","afid":"60015543","affilname":"University of Pittsburgh","affiliation-city":"Pittsburgh","affiliation-country":"United States"}],"prism:aggregationType":"Book","subtype":"bk","subtypeDescription":"Book","author-count":{"@limit": "100", "@total": "1", "$" :"1"},"author": [{"@_fa": "true", "@seq": "1", "author-url":"https://api.elsevier.com/content/author/author_id/16480291000","authid":"16480291000","authname":"Holzner C.","surname":"Holzner","given-name":"Claudio A.","initials":"C.A.","afid": [{"@_fa": "true", "$" :"60015543"}]}],"source-id":"21100304714","fund-no":"undefined","openaccess":"0","openaccessFlag":false},{"@_fa": "true", "link": [{"@_fa": "true", "@ref": "self", "@href": "https://api.elsevier.com/content/abstract/scopus_id/77958589173"},{"@_fa": "true", "@ref": "author-affiliation", "@href": "https://api.elsevier.com/content/abstract/scopus_id/77958589173?field=author,affiliation"},{"@_fa": "true", "@ref": "scopus", "@href": "https://www.scopus.com/inward/record.uri?partnerID=HzOxMe3b&scp=77958589173&origin=inward"},{"@_fa": "true", "@ref": "scopus-citedby", "@href": "https://www.scopus.com/inward/citedby.uri?partnerID=HzOxMe3b&scp=77958589173&origin=inward"}],"prism:url":"https://api.elsevier.com/content/abstract/scopus_id/77958589173","dc:identifier":"SCOPUS_ID:77958589173","eid":"2-s2.0-77958589173","dc:title":"Notables, clientelism and the politics of change in Morocco","dc:creator":"Liddell J.","prism:publicationName":"Journal of North African Studies","prism:issn":"13629387","prism:eIssn":"17439345","prism:volume":"15","prism:issueIdentifier":"3","prism:pageRange":"315-331","prism:coverDate":"2010-11-01","prism:coverDisplayDate":"2010","prism:doi":"10.1080/13629380903175438","dc:description":"Morocco's political party landscape has long been one of the most dynamic in the Arab region. Parties have led intense periods of opposition and played an instrumental role in the independence movement. Rather than acting as agents for change and development, however, most parties today are little more then loose alliances of elites dominated by patron-client relations. Building on the literature on Moroccan political culture, I will use the role of notables in Moroccan politics as a touchstone for demonstrating the primacy of clientelism and personalism over ideology and institutions in Moroccan politics. The bulk of this article will be devoted to two case studies analysing (a) the role of notables in the 2007 legislative elections, and (b) the creation of the new Party for Authenticity and Modernity by the king's close friend, Fouad Ali El Himma. Together, these cases will show the resilience of notables as a means to securing support and representation, as well as the ways in which new initiatives reproduce dominant patterns of behaviour under varying contexts. Finally, a concluding discussion will question whether political reform is likely to come from parties or the parliament at all. Specific attention will be given to the incentive structures influencing the behaviour of political elites. © 2010 Taylor & Francis.","citedby-count":"13","affiliation": [{"@_fa": "true", "affiliation-url":"https://api.elsevier.com/content/affiliation/affiliation_id/109625232","afid":"109625232","affilname":"The Project on Middle East Democracy, Inc.","affiliation-city":"Washington","affiliation-country":"United States"}],"prism:aggregationType":"Journal","subtype":"ar","subtypeDescription":"Article","author-count":{"@limit": "100", "@total": "1", "$" :"1"},"author": [{"@_fa": "true", "@seq": "1", "author-url":"https://api.elsevier.com/content/author/author_id/36600588200","authid":"36600588200","authname":"Liddell J.","surname":"Liddell","given-name":"James","initials":"J.","afid": [{"@_fa": "true", "$" :"109625232"}]}],"authkeywords":"Elites | Notables | Patron-client relations | Political culture","source-id":"19096","fund-no":"undefined","fund-sponsor":"United States Agency for International Development","openaccess":"0","openaccessFlag":false},{"@_fa": "true", "link": [{"@_fa": "true", "@ref": "self", "@href": "https://api.elsevier.com/content/abstract/scopus_id/78249290573"},{"@_fa": "true", "@ref": "author-affiliation", "@href": "https://api.elsevier.com/content/abstract/scopus_id/78249290573?field=author,affiliation"},{"@_fa": "true", "@ref": "scopus", "@href": "https://www.scopus.com/inward/record.uri?partnerID=HzOxMe3b&scp=78249290573&origin=inward"},{"@_fa": "true", "@ref": "scopus-citedby", "@href": "https://www.scopus.com/inward/citedby.uri?partnerID=HzOxMe3b&scp=78249290573&origin=inward"}],"prism:url":"https://api.elsevier.com/content/abstract/scopus_id/78249290573","dc:identifier":"SCOPUS_ID:78249290573","eid":"2-s2.0-78249290573","dc:title":"What do they know of India who only india know? The uses of comparative politics","dc:creator":"Manor J.","prism:publicationName":"Commonwealth and Comparative Politics","prism:issn":"14662043","prism:eIssn":"17439094","prism:volume":"48","prism:issueIdentifier":"4","prism:pageRange":"505-516","prism:coverDate":"2010-11-01","prism:coverDisplayDate":"November 2010","prism:doi":"10.1080/14662043.2010.522038","dc:description":"When a political system is compared with others, one can learn fundamentally important things about it, which remain obscure or even invisible when it is studied in isolation. This paper illustrates this point by considering India. It focuses on several themes: the radical redistribution of power that has occurred there since 1989; two key consequences of that change; post-clientelist strategies used by Indian politicians in efforts to secure re-election; the emergence of small-time political entrepreneurs at the local level; and the fluidity of political identities. The article concludes with a discussion of the limited opportunities that colleagues in India have to undertake international comparisons, and a proposed partial solution to that problem. © 2010 Taylor & Francis.","citedby-count":"15","affiliation": [{"@_fa": "true", "affiliation-url":"https://api.elsevier.com/content/affiliation/affiliation_id/60033387","afid":"60033387","affilname":"University of London","affiliation-city":"London","affiliation-country":"United Kingdom"}],"prism:aggregationType":"Journal","subtype":"ar","subtypeDescription":"Article","author-count":{"@limit": "100", "@total": "1", "$" :"1"},"author": [{"@_fa": "true", "@seq": "1", "author-url":"https://api.elsevier.com/content/author/author_id/6603942843","authid":"6603942843","authname":"Manor J.","surname":"Manor","given-name":"James","initials":"J.","afid": [{"@_fa": "true", "$" :"60033387"}]}],"authkeywords":"Clientelism | Comparative politics | Indentities | India | Political entrepreneurs","source-id":"23925","fund-no":"undefined","openaccess":"0","openaccessFlag":false},{"@_fa": "true", "link": [{"@_fa": "true", "@ref": "self", "@href": "https://api.elsevier.com/content/abstract/scopus_id/77957603149"},{"@_fa": "true", "@ref": "author-affiliation", "@href": "https://api.elsevier.com/content/abstract/scopus_id/77957603149?field=author,affiliation"},{"@_fa": "true", "@ref": "scopus", "@href": "https://www.scopus.com/inward/record.uri?partnerID=HzOxMe3b&scp=77957603149&origin=inward"},{"@_fa": "true", "@ref": "scopus-citedby", "@href": "https://www.scopus.com/inward/citedby.uri?partnerID=HzOxMe3b&scp=77957603149&origin=inward"}],"prism:url":"https://api.elsevier.com/content/abstract/scopus_id/77957603149","dc:identifier":"SCOPUS_ID:77957603149","eid":"2-s2.0-77957603149","dc:title":"Political clientelism and rural development in south-western Nigeria","dc:creator":"Omobowale A.","prism:publicationName":"Africa","prism:issn":"00019720","prism:eIssn":"17500184","prism:volume":"80","prism:issueIdentifier":"3","prism:pageRange":"453-472","prism:coverDate":"2010-10-11","prism:coverDisplayDate":"2010","prism:doi":"10.3366/E0001972010001567","dc:description":"In spite of the universality of clientelism, it is often seen as a peculiar aspect of Third World politics, one which inevitably stifles development. This study examines clientelistic relationships in south-western Nigeria and their possible impact on rural development, with a special focus on Ibadan. It finds that rural clients attract the attention of the political class to promote the exchange of goods for loyalty through associations that afford clients a sort of cohesive power and a common front, the basis of their relevance in the politicalclientelistic chain. This clientelistic chain also serves as the channel through which development projects are conceived and implemented. But since the projects provided only serve symbolic purposes, they easily collapse: clients may have the opportunity of changing patrons, but they remain subservient to the political/economic elite. Thus rural underdevelopment persists in spite of a continual inflow of development projects (and goods).","citedby-count":"4","affiliation": [{"@_fa": "true", "affiliation-url":"https://api.elsevier.com/content/affiliation/affiliation_id/60006270","afid":"60006270","affilname":"University of Ibadan","affiliation-city":"Ibadan","affiliation-country":"Nigeria"}],"prism:aggregationType":"Journal","subtype":"ar","subtypeDescription":"Article","author-count":{"@limit": "100", "@total": "2", "$" :"2"},"author": [{"@_fa": "true", "@seq": "1", "author-url":"https://api.elsevier.com/content/author/author_id/17346725000","authid":"17346725000","authname":"Omobowale A.","surname":"Omobowale","given-name":"Ayokunle Olumuyiwa","initials":"A.O.","afid": [{"@_fa": "true", "$" :"60006270"}]},{"@_fa": "true", "@seq": "2", "author-url":"https://api.elsevier.com/content/author/author_id/6505718551","authid":"6505718551","authname":"Olutayo A.","surname":"Olutayo","given-name":"Akinpelu Olanrewaju","initials":"A.O.","afid": [{"@_fa": "true", "$" :"60006270"}]}],"source-id":"18463","fund-no":"undefined","openaccess":"0","openaccessFlag":false},{"@_fa": "true", "link": [{"@_fa": "true", "@ref": "self", "@href": "https://api.elsevier.com/content/abstract/scopus_id/78651226375"},{"@_fa": "true", "@ref": "author-affiliation", "@href": "https://api.elsevier.com/content/abstract/scopus_id/78651226375?field=author,affiliation"},{"@_fa": "true", "@ref": "scopus", "@href": "https://www.scopus.com/inward/record.uri?partnerID=HzOxMe3b&scp=78651226375&origin=inward"},{"@_fa": "true", "@ref": "scopus-citedby", "@href": "https://www.scopus.com/inward/citedby.uri?partnerID=HzOxMe3b&scp=78651226375&origin=inward"}],"prism:url":"https://api.elsevier.com/content/abstract/scopus_id/78651226375","dc:identifier":"SCOPUS_ID:78651226375","eid":"2-s2.0-78651226375","dc:title":"Contestation et patronage: Intersections et interactions au microscope","dc:creator":"Auyero J.","prism:publicationName":"Revue Internationale de Politique Comparee","prism:issn":"13700731","prism:volume":"17","prism:issueIdentifier":"2","prism:pageRange":"71-102","prism:coverDate":"2010-10-05","prism:coverDisplayDate":"5 October 2010","prism:doi":"10.3917/ripc.172.0071","dc:description":"Based on ethnographic reanalysis and on current qualitative research on poor people's politics, this article argues that routine patronage politics and nonroutine collective action should be examined not as opposite and conflicting political phenomena but as dynamic processes that often establish recursive relationships. Through a series of case studies conducted in contemporary Argentina, this article examines four instances in which patronage and collective action intersect and interact: network breakdown, patron's certification, clandestine support, and reaction to threat. These four scenarios demonstrate that more than two opposing spheres of action or two different forms of sociability, patronage, and contentious politics can be mutually imbricated. Either when it malfunctions or when it thrives, clientelism may lie at the root of collective action.","citedby-count":"6","prism:aggregationType":"Journal","subtype":"ar","subtypeDescription":"Article","author-count":{"@limit": "100", "@total": "3", "$" :"3"},"author": [{"@_fa": "true", "@seq": "1", "author-url":"https://api.elsevier.com/content/author/author_id/6602210641","authid":"6602210641","authname":"Auyero J.","surname":"Auyero","given-name":"Javier","initials":"J."},{"@_fa": "true", "@seq": "2", "author-url":"https://api.elsevier.com/content/author/author_id/35320129600","authid":"35320129600","authname":"Lapegna P.","surname":"Lapegna","given-name":"Pablo","initials":"P."},{"@_fa": "true", "@seq": "3", "author-url":"https://api.elsevier.com/content/author/author_id/36761344300","authid":"36761344300","authname":"Page Poma F.","surname":"Page Poma","given-name":"Fernanda","initials":"F."}],"source-id":"5700161893","fund-no":"undefined","openaccess":"0","openaccessFlag":false},{"@_fa": "true", "link": [{"@_fa": "true", "@ref": "self", "@href": "https://api.elsevier.com/content/abstract/scopus_id/77956834003"},{"@_fa": "true", "@ref": "author-affiliation", "@href": "https://api.elsevier.com/content/abstract/scopus_id/77956834003?field=author,affiliation"},{"@_fa": "true", "@ref": "scopus", "@href": "https://www.scopus.com/inward/record.uri?partnerID=HzOxMe3b&scp=77956834003&origin=inward"},{"@_fa": "true", "@ref": "scopus-citedby", "@href": "https://www.scopus.com/inward/citedby.uri?partnerID=HzOxMe3b&scp=77956834003&origin=inward"}],"prism:url":"https://api.elsevier.com/content/abstract/scopus_id/77956834003","dc:identifier":"SCOPUS_ID:77956834003","eid":"2-s2.0-77956834003","dc:title":"Twenty-first century clientelism? State and community on the Isle of Rum, Scotland","dc:creator":"Thompson N.","prism:publicationName":"Sociologia Ruralis","prism:issn":"00380199","prism:eIssn":"14679523","prism:volume":"50","prism:issueIdentifier":"4","prism:pageRange":"352-369","prism:coverDate":"2010-10-01","prism:coverDisplayDate":"October 2010","prism:doi":"10.1111/j.1467-9523.2010.00509.x","dc:description":"This article utilises the concept of the clientelist countryside to examine the similarities and differences between areas dominated by private estates and areas dominated by large public land holdings. While the paternalistic countryside has been widely studied in England, there has been little in-depth work on the clientelist countryside. Drawing on empirical work on the Isle of Rum, located off the west coast of Scotland, the article argues that there are important differences between paternalistic and clientelist countryside typologies. Rum has a population of 31 and is wholly owned by the statutory nature conservation agency, Scottish Natural Heritage. The article illustrates how this public status structures a whole set of social and economic relations between those who live and work there and those who have a professional involvement on Rum. State ownership has created a situation where those who live on the island are divided by their differing conceptions of their professional, community and individual responsibilities. The article concludes by highlighting four key points of differentiation between the paternalistic and clientelist countryside. © 2010 The Authors. Sociologia Ruralis © 2010 European Society for Rural Sociology.","citedby-count":"2","affiliation": [{"@_fa": "true", "affiliation-url":"https://api.elsevier.com/content/affiliation/affiliation_id/60006222","afid":"60006222","affilname":"Newcastle University, United Kingdom","affiliation-city":"Newcastle","affiliation-country":"United Kingdom"}],"prism:aggregationType":"Journal","subtype":"ar","subtypeDescription":"Article","author-count":{"@limit": "100", "@total": "2", "$" :"2"},"author": [{"@_fa": "true", "@seq": "1", "author-url":"https://api.elsevier.com/content/author/author_id/14033650200","authid":"14033650200","authname":"Thompson N.","surname":"Thompson","given-name":"Nicola","initials":"N.","afid": [{"@_fa": "true", "$" :"60006222"}]},{"@_fa": "true", "@seq": "2", "author-url":"https://api.elsevier.com/content/author/author_id/17134488200","authid":"17134488200","authname":"Atterton J.","surname":"Atterton","given-name":"Jane","initials":"J.","afid": [{"@_fa": "true", "$" :"60006222"}]}],"source-id":"18062","fund-no":"undefined","openaccess":"1","openaccessFlag":true},{"@_fa": "true", "link": [{"@_fa": "true", "@ref": "self", "@href": "https://api.elsevier.com/content/abstract/scopus_id/78049481415"},{"@_fa": "true", "@ref": "author-affiliation", "@href": "https://api.elsevier.com/content/abstract/scopus_id/78049481415?field=author,affiliation"},{"@_fa": "true", "@ref": "scopus", "@href": "https://www.scopus.com/inward/record.uri?partnerID=HzOxMe3b&scp=78049481415&origin=inward"},{"@_fa": "true", "@ref": "scopus-citedby", "@href": "https://www.scopus.com/inward/citedby.uri?partnerID=HzOxMe3b&scp=78049481415&origin=inward"}],"prism:url":"https://api.elsevier.com/content/abstract/scopus_id/78049481415","dc:identifier":"SCOPUS_ID:78049481415","eid":"2-s2.0-78049481415","dc:title":"Is there an extended family of Mediterranean welfare states?","dc:creator":"Gal J.","prism:publicationName":"Journal of European Social Policy","prism:issn":"09589287","prism:eIssn":"14617269","prism:volume":"20","prism:issueIdentifier":"4","prism:pageRange":"283-300","prism:coverDate":"2010-10-01","prism:coverDisplayDate":"October 2010","prism:doi":"10.1177/0958928710374374","dc:description":"The goal of this article is to suggest that an extended family of Mediterranean welfare states exists and that it consists of eight different nations, some of which have been ignored in the ongoing discourse on Mediterranean welfare states. More specifically, it is claimed that the extended family of Mediterranean welfare states includes Cyprus, Greece, Israel, Italy, Malta, Spain, Portugal and Turkey. The article underscores a number of features common to members of this extended family of welfare states. Finally, three overarching themes that, in the past and present, appear to underlie the commonalities of Mediterranean welfare states and that can offer potential fruitful avenues for further study will be identified and discussed. These are religion, family and the role of clientelist-particularist relations in the structuring and functioning of welfare state institutions. © The Author(s), 2009.","citedby-count":"96","affiliation": [{"@_fa": "true", "affiliation-url":"https://api.elsevier.com/content/affiliation/affiliation_id/60007903","afid":"60007903","affilname":"Hebrew University of Jerusalem","affiliation-city":"Jerusalem","affiliation-country":"Israel"}],"prism:aggregationType":"Journal","subtype":"ar","subtypeDescription":"Article","author-count":{"@limit": "100", "@total": "1", "$" :"1"},"author": [{"@_fa": "true", "@seq": "1", "author-url":"https://api.elsevier.com/content/author/author_id/7102185891","authid":"7102185891","authname":"Gal J.","surname":"Gal","given-name":"John","initials":"J.","afid": [{"@_fa": "true", "$" :"60007903"}]}],"authkeywords":"clientelism | family | Mediterranean | religion | welfare state","source-id":"26350","fund-no":"undefined","openaccess":"0","openaccessFlag":false},{"@_fa": "true", "link": [{"@_fa": "true", "@ref": "self", "@href": "https://api.elsevier.com/content/abstract/scopus_id/77957875450"},{"@_fa": "true", "@ref": "author-affiliation", "@href": "https://api.elsevier.com/content/abstract/scopus_id/77957875450?field=author,affiliation"},{"@_fa": "true", "@ref": "scopus", "@href": "https://www.scopus.com/inward/record.uri?partnerID=HzOxMe3b&scp=77957875450&origin=inward"},{"@_fa": "true", "@ref": "scopus-citedby", "@href": "https://www.scopus.com/inward/citedby.uri?partnerID=HzOxMe3b&scp=77957875450&origin=inward"}],"prism:url":"https://api.elsevier.com/content/abstract/scopus_id/77957875450","dc:identifier":"SCOPUS_ID:77957875450","eid":"2-s2.0-77957875450","dc:title":"Nigerian elections and the neopatrimonial paradox: In search of the social contract","dc:creator":"Kew D.","prism:publicationName":"Journal of Contemporary African Studies","prism:issn":"02589001","prism:eIssn":"14699397","prism:volume":"28","prism:issueIdentifier":"4","prism:pageRange":"499-521","prism:coverDate":"2010-10-01","prism:coverDisplayDate":"October 2010","prism:doi":"10.1080/02589001.2010.512744","pii":"927631264","dc:description":"A review of a half century of Nigerian elections demonstrates the inextricable link between the Social Contract and election quality in the country. Ultimately, both must move forward if credible elections are to be sustained over the long term, for without a strong sense of public responsibility, power-holders are inclined to manipulate electoral systems to produce favourable outcomes. Nigeria initially enjoyed an 'ethnic contract' under which post-independence elites felt some obligation to care for the public interests of their ethnic constituents, but by the late 1980s the ethnic contract had largely given way to a more personal, neopatrimonial pattern of politics. Consequently, election quality has declined in every general election since 1993. As the 2011 elections fast approach, advocates of election reform must widen their scope to support the development of a viable political opposition that has an interest in credible elections and, ultimately, can help to build a national Social Contract. © 2010 The Institute of Social and Economic Research.","citedby-count":"5","affiliation": [{"@_fa": "true", "affiliation-url":"https://api.elsevier.com/content/affiliation/affiliation_id/60024063","afid":"60024063","affilname":"University of Massachusetts Boston","affiliation-city":"Boston","affiliation-country":"United States"}],"prism:aggregationType":"Journal","subtype":"ar","subtypeDescription":"Article","author-count":{"@limit": "100", "@total": "1", "$" :"1"},"author": [{"@_fa": "true", "@seq": "1", "author-url":"https://api.elsevier.com/content/author/author_id/24076507800","authid":"24076507800","authname":"Kew D.","surname":"Kew","given-name":"Darren","initials":"D.","afid": [{"@_fa": "true", "$" :"60024063"}]}],"authkeywords":"clientelism | elections | ethnicity | neopatrimonialism | social contract","source-id":"27665","fund-no":"undefined","openaccess":"0","openaccessFlag":false},{"@_fa": "true", "link": [{"@_fa": "true", "@ref": "self", "@href": "https://api.elsevier.com/content/abstract/scopus_id/78650079165"},{"@_fa": "true", "@ref": "author-affiliation", "@href": "https://api.elsevier.com/content/abstract/scopus_id/78650079165?field=author,affiliation"},{"@_fa": "true", "@ref": "scopus", "@href": "https://www.scopus.com/inward/record.uri?partnerID=HzOxMe3b&scp=78650079165&origin=inward"},{"@_fa": "true", "@ref": "scopus-citedby", "@href": "https://www.scopus.com/inward/citedby.uri?partnerID=HzOxMe3b&scp=78650079165&origin=inward"}],"prism:url":"https://api.elsevier.com/content/abstract/scopus_id/78650079165","dc:identifier":"SCOPUS_ID:78650079165","eid":"2-s2.0-78650079165","dc:title":"Patrões e clientes ou redistribuição entre iguais?: Uma revisão sobre clientelismo político e suas transposições contextuais","dc:creator":"Colabella L.","prism:publicationName":"Mana: Estudos de Antropologia Social","prism:issn":"01049313","prism:volume":"16","prism:issueIdentifier":"2","prism:pageRange":"287-310","prism:coverDate":"2010-10-01","prism:coverDisplayDate":"October 2010","dc:description":"This article focuses on the ways in which a candidate running for city councillor and representing the Peronist party organized the distribution of public resources (social plans and food programs) in La Matanza, a district in the west of Greater Buenos Aires, during the 2005 election campaign. The first part describes the personal trajectory of the candidate and some of the neighbours dependent on him. The second part examines how this leading figure rallied election campaigners and the meaning invested in their behaviours during a series of events - including the opening of a 'soup kitchen' and the election day itself. The text also identifies the constraints imposed on these actors and the implications associated with their compliance (or failure to comply) with mutual obligations. This analysis enables a clearer understanding of the dynamics and complexity of the processes regulating vast political circuits in which State resources are redistributed in exchange for votes on the outskirts of Greater Buenos Aires.","citedby-count":"0","affiliation": [{"@_fa": "true", "affiliation-url":"https://api.elsevier.com/content/affiliation/affiliation_id/60000036","afid":"60000036","affilname":"Universidade Federal do Rio de Janeiro","affiliation-city":"Rio de Janeiro","affiliation-country":"Brazil"}],"prism:aggregationType":"Journal","subtype":"ar","subtypeDescription":"Article","author-count":{"@limit": "100", "@total": "1", "$" :"1"},"author": [{"@_fa": "true", "@seq": "1", "author-url":"https://api.elsevier.com/content/author/author_id/36674582800","authid":"36674582800","authname":"Colabella L.","surname":"Colabella","given-name":"Laura","initials":"L.","afid": [{"@_fa": "true", "$" :"60000036"}]}],"authkeywords":"Campaigners | Clientelism | La Matanza | Neighbours | Politics | Visit","source-id":"5100154602","fund-no":"undefined","openaccess":"0","openaccessFlag":false},{"@_fa": "true", "link": [{"@_fa": "true", "@ref": "self", "@href": "https://api.elsevier.com/content/abstract/scopus_id/78649356449"},{"@_fa": "true", "@ref": "author-affiliation", "@href": "https://api.elsevier.com/content/abstract/scopus_id/78649356449?field=author,affiliation"},{"@_fa": "true", "@ref": "scopus", "@href": "https://www.scopus.com/inward/record.uri?partnerID=HzOxMe3b&scp=78649356449&origin=inward"},{"@_fa": "true", "@ref": "scopus-citedby", "@href": "https://www.scopus.com/inward/citedby.uri?partnerID=HzOxMe3b&scp=78649356449&origin=inward"}],"prism:url":"https://api.elsevier.com/content/abstract/scopus_id/78649356449","dc:identifier":"SCOPUS_ID:78649356449","eid":"2-s2.0-78649356449","dc:title":"Poverty, inequality and the challenges of pro-poor governance in Bangladesh","dc:creator":"Afsar R.","prism:publicationName":"Journal of South Asian Development","prism:issn":"09731741","prism:eIssn":"09731733","prism:volume":"5","prism:issueIdentifier":"2","prism:pageRange":"187-219","prism:coverDate":"2010-10-01","prism:coverDisplayDate":"October 2010","prism:doi":"10.1177/097317411000500201","dc:description":"Weak governance as a result of clientelist practice is often considered as the single-most important factor behind the growing inequality and persistent poverty in Bangladesh. Using a rights-based approach (RBA), this article examines regional disparity, central-local relations and the scope for peoples' participation under the existing rules and practices. It also sheds light on the cultural aspects of governance constituted of trust, social solidarity and institutional connectivity using an empirical data set generated from a census of six villages in Bangladesh backed by a triangulation of the qualitative and quantitative research tools. It has demonstrated that the rising inter- and intra-regional inequality is an outcome of inequitable distribution of public goods and services confirming the clientelist syndrome of the government. Further, excessive control by the national government impedes innovation and efficient delivery of services by the local bodies, which ultimately hampers pro-poor growth. One of the most important findings of this study is the emergence of the school as the most trusted institution in the village. On the basis of the study, it can also be argued that social capital does not always lead to a positive-sum outcome, rather it can be turned to a zero-sum game depending on the socio-cultural contexts and other factors such as the overall level of literacy of the villagers, strong networks both within and outside the village among other factors.","citedby-count":"6","prism:aggregationType":"Journal","subtype":"ar","subtypeDescription":"Article","author-count":{"@limit": "100", "@total": "1", "$" :"1"},"author": [{"@_fa": "true", "@seq": "1", "author-url":"https://api.elsevier.com/content/author/author_id/6603289496","authid":"6603289496","authname":"Afsar R.","surname":"Afsar","given-name":"Rita","initials":"R.","afid": [{"@_fa": "true", "$" :"60018865"},{"@_fa": "true", "$" :"101438835"}]}],"authkeywords":"Clientelism | collective action | good governance | local level institutions | pro-poor growth | rights-based approach (RBA) | social capital","source-id":"17600155208","fund-no":"undefined","openaccess":"0","openaccessFlag":false},{"@_fa": "true", "link": [{"@_fa": "true", "@ref": "self", "@href": "https://api.elsevier.com/content/abstract/scopus_id/77956505020"},{"@_fa": "true", "@ref": "author-affiliation", "@href": "https://api.elsevier.com/content/abstract/scopus_id/77956505020?field=author,affiliation"},{"@_fa": "true", "@ref": "scopus", "@href": "https://www.scopus.com/inward/record.uri?partnerID=HzOxMe3b&scp=77956505020&origin=inward"},{"@_fa": "true", "@ref": "scopus-citedby", "@href": "https://www.scopus.com/inward/citedby.uri?partnerID=HzOxMe3b&scp=77956505020&origin=inward"}],"prism:url":"https://api.elsevier.com/content/abstract/scopus_id/77956505020","dc:identifier":"SCOPUS_ID:77956505020","eid":"2-s2.0-77956505020","dc:title":"South European Atlas: Sorting through the trash: The waste management crisis in Southern Italy","dc:creator":"Pasotti E.","prism:publicationName":"South European Society and Politics","prism:issn":"13608746","prism:eIssn":"17439612","prism:volume":"15","prism:issueIdentifier":"2","prism:pageRange":"289-307","prism:coverDate":"2010-09-17","prism:coverDisplayDate":"2010","prism:doi":"10.1080/13608740903497733","dc:description":"In recent years, waste collection and disposal have met unprecedented challenges in southern Italy. Illegal dumping is widespread, and waste trafficking is a key activity of organised crime. At the same time, landfills approach capacity. Yet, the transition to industrial treatment and recycling is slow. This paper examines the political reasons for a delay that deeply impacts on citizens' welfare, with a focus on the regions of Campania and Sicily. After tracing the process of elite decision-making, it argues that while the two regions face different institutional features the crisis is explained in both cases by institutional proliferation, clientelism and fragile executives favouring political expedience over technical expertise. © 2010 Taylor & Francis.","citedby-count":"17","affiliation": [{"@_fa": "true", "affiliation-url":"https://api.elsevier.com/content/affiliation/affiliation_id/60024941","afid":"60024941","affilname":"University of California, Santa Cruz","affiliation-city":"Santa Cruz","affiliation-country":"United States"}],"prism:aggregationType":"Journal","subtype":"ar","subtypeDescription":"Article","author-count":{"@limit": "100", "@total": "1", "$" :"1"},"author": [{"@_fa": "true", "@seq": "1", "author-url":"https://api.elsevier.com/content/author/author_id/16426055100","authid":"16426055100","authname":"Pasotti E.","surname":"Pasotti","given-name":"Eleonora","initials":"E.","afid": [{"@_fa": "true", "$" :"60024941"}]}],"authkeywords":"Corruption | Garbage collection | Naples | Organised crime | Public policy | Sicily","source-id":"28082","fund-no":"undefined","openaccess":"0","openaccessFlag":false},{"@_fa": "true", "link": [{"@_fa": "true", "@ref": "self", "@href": "https://api.elsevier.com/content/abstract/scopus_id/77956238209"},{"@_fa": "true", "@ref": "author-affiliation", "@href": "https://api.elsevier.com/content/abstract/scopus_id/77956238209?field=author,affiliation"},{"@_fa": "true", "@ref": "scopus", "@href": "https://www.scopus.com/inward/record.uri?partnerID=HzOxMe3b&scp=77956238209&origin=inward"},{"@_fa": "true", "@ref": "scopus-citedby", "@href": "https://www.scopus.com/inward/citedby.uri?partnerID=HzOxMe3b&scp=77956238209&origin=inward"}],"prism:url":"https://api.elsevier.com/content/abstract/scopus_id/77956238209","dc:identifier":"SCOPUS_ID:77956238209","eid":"2-s2.0-77956238209","dc:title":"The role of International clientelism in the national factionalism of Palestine","dc:creator":"Tuastad D.","prism:publicationName":"Third World Quarterly","prism:issn":"01436597","prism:eIssn":"13602241","prism:volume":"31","prism:issueIdentifier":"5","prism:pageRange":"791-802","prism:coverDate":"2010-09-08","prism:coverDisplayDate":"2010","prism:doi":"10.1080/01436597.2010.503569","dc:description":"In this article I investigate the role of the international community's policy in the national factionalism in Palestine. I attempt to illuminate how international policy has contributed to the sustaining of internecine Palestinian violence as Fatah, which lost the elections in 2005 and 2006, has been motivated not to hand over power. In the process of selecting allies in the fight against Islamist terrorism, the epitomic undemocratic feature of Arab political culture, clientelism, has been promoted over democracy. Hamas seizing power in Gaza in 2007 probably resulted from the need to tame unruly militant groups which were sponsored by leaders of the Palestinian Fatah party, which again were supported by Western powers. To understand the national splitting in Palestine there is a need to analyse the interconnection between warlords, local clientelism and international clientelism. © 2010 Third World Quarterly.","citedby-count":"7","affiliation": [{"@_fa": "true", "affiliation-url":"https://api.elsevier.com/content/affiliation/affiliation_id/60031105","afid":"60031105","affilname":"International Peace Research Institute, Oslo","affiliation-city":"Oslo","affiliation-country":"Norway"}],"prism:aggregationType":"Journal","subtype":"ar","subtypeDescription":"Article","author-count":{"@limit": "100", "@total": "1", "$" :"1"},"author": [{"@_fa": "true", "@seq": "1", "author-url":"https://api.elsevier.com/content/author/author_id/14051270100","authid":"14051270100","authname":"Tuastad D.","surname":"Tuastad","given-name":"Dag","initials":"D.","afid": [{"@_fa": "true", "$" :"60031105"}]}],"source-id":"15471","fund-no":"undefined","openaccess":"0","openaccessFlag":false},{"@_fa": "true", "link": [{"@_fa": "true", "@ref": "self", "@href": "https://api.elsevier.com/content/abstract/scopus_id/79959698321"},{"@_fa": "true", "@ref": "author-affiliation", "@href": "https://api.elsevier.com/content/abstract/scopus_id/79959698321?field=author,affiliation"},{"@_fa": "true", "@ref": "scopus", "@href": "https://www.scopus.com/inward/record.uri?partnerID=HzOxMe3b&scp=79959698321&origin=inward"},{"@_fa": "true", "@ref": "scopus-citedby", "@href": "https://www.scopus.com/inward/citedby.uri?partnerID=HzOxMe3b&scp=79959698321&origin=inward"}],"prism:url":"https://api.elsevier.com/content/abstract/scopus_id/79959698321","dc:identifier":"SCOPUS_ID:79959698321","eid":"2-s2.0-79959698321","dc:title":"A city for the temporary? Political economy and urban planning in Darwin, Australia","dc:creator":"Carson D.","prism:publicationName":"Urban Policy and Research","prism:issn":"08111146","prism:eIssn":"14767244","prism:volume":"28","prism:issueIdentifier":"3","prism:pageRange":"293-310","prism:coverDate":"2010-09-01","prism:coverDisplayDate":"September 2010","prism:doi":"10.1080/08111146.2010.509886","dc:description":"Darwin, in Australia's Northern Territory, faces urban planning challenges consistent with those reported in 'resource peripheries' around the world. The city has recently experienced strong population growth associated with resources and construction projects, and an increase in public sector workers sent to address the challenges faced by remote (particularly Indigenous) populations. The Northern Territory Government is determined to foster further growth, and promotes 'major projects' in urban development as the key. Analysis of the public debates about two recent major projects (the Waterfront Development and the Lyons residential development) reveal a planning process consistent with the clientelism observed by Rayner and Howlett (2009) in resource peripheries in Canada. The risks of clientelism are both the marginalisation of important internal publics and the institutionalisation of 'temporariness' as the driver of growth. Shifting to a more consultative planning process might help stimulate internal development, but could also put at risk the relationships that the Northern Territory Government has established with external investors. © 2010 Editorial Board, Urban Policy and Research.","citedby-count":"18","affiliation": [{"@_fa": "true", "affiliation-url":"https://api.elsevier.com/content/affiliation/affiliation_id/60019870","afid":"60019870","affilname":"James Cook University, Australia","affiliation-city":"Townsville","affiliation-country":"Australia"},{"@_fa": "true", "affiliation-url":"https://api.elsevier.com/content/affiliation/affiliation_id/60004655","afid":"60004655","affilname":"Charles Darwin University","affiliation-city":"Darwin","affiliation-country":"Australia"}],"prism:aggregationType":"Journal","subtype":"ar","subtypeDescription":"Article","author-count":{"@limit": "100", "@total": "3", "$" :"3"},"author": [{"@_fa": "true", "@seq": "1", "author-url":"https://api.elsevier.com/content/author/author_id/23990075200","authid":"23990075200","authname":"Carson D.","surname":"Carson","given-name":"Dean","initials":"D.","afid": [{"@_fa": "true", "$" :"60004655"}]},{"@_fa": "true", "@seq": "2", "author-url":"https://api.elsevier.com/content/author/author_id/36096191500","authid":"36096191500","authname":"Schmallegger D.","surname":"Schmallegger","given-name":"Doris","initials":"D.","afid": [{"@_fa": "true", "$" :"60019870"}]},{"@_fa": "true", "@seq": "3", "author-url":"https://api.elsevier.com/content/author/author_id/41861368400","authid":"41861368400","authname":"Harwood S.","surname":"Harwood","given-name":"Sharon","initials":"S.","afid": [{"@_fa": "true", "$" :"60004655"}]}],"authkeywords":"Clientelism | Darwin | Resource peripheries | Temporariness | Urban planning","source-id":"19700170462","fund-no":"undefined","openaccess":"0","openaccessFlag":false},{"@_fa": "true", "link": [{"@_fa": "true", "@ref": "self", "@href": "https://api.elsevier.com/content/abstract/scopus_id/78751491658"},{"@_fa": "true", "@ref": "author-affiliation", "@href": "https://api.elsevier.com/content/abstract/scopus_id/78751491658?field=author,affiliation"},{"@_fa": "true", "@ref": "scopus", "@href": "https://www.scopus.com/inward/record.uri?partnerID=HzOxMe3b&scp=78751491658&origin=inward"},{"@_fa": "true", "@ref": "scopus-citedby", "@href": "https://www.scopus.com/inward/citedby.uri?partnerID=HzOxMe3b&scp=78751491658&origin=inward"}],"prism:url":"https://api.elsevier.com/content/abstract/scopus_id/78751491658","dc:identifier":"SCOPUS_ID:78751491658","eid":"2-s2.0-78751491658","dc:title":"Rusfeti and political patronage in the Republic of Cyprus","dc:creator":"Faustmann H.","prism:publicationName":"Cyprus Review","prism:issn":"10152881","prism:volume":"22","prism:issueIdentifier":"2","prism:pageRange":"269-289","prism:coverDate":"2010-09-01","prism:coverDisplayDate":"September 2010","dc:description":"This article analyses the roots, transformations and current workings of political patronage in the Republic of Cyprus during the fifty years since the country's independence. It attempts to assess how politicians and political parties during the various presidencies have managed to establish their far reaching control over many aspects of Cypriot society through a highly sophisticated system of favours (rusfeti). The establishment of clientelistic relationships between the citizen on the one side and politicians and political parties on the other is at the centre of the analysis. The primary but by far not only areas where clientelistic relationships are formed through rusfeti are the public sector and the semi-governmental organisations where parties and politicians are most capable of exercising influence. It will be argued that a Cyprus Consensus has been established between the political parties but also between individual politicians and a large number of the citizens that sustains and perpetuates the firmly entrenched structures and widespread clientelistic practices as a mutually beneficial arrangement for all sides involved. Political patronage undermines the principle of meritocracy and has led to the establishment of oversized and privileged public and semi-governmental sectors at the expense of the wider Cypriot public, which is footing an increasing bill that the Republic of Cyprus might soon be unable to afford.","citedby-count":"20","prism:aggregationType":"Journal","subtype":"ar","subtypeDescription":"Article","author-count":{"@limit": "100", "@total": "1", "$" :"1"},"author": [{"@_fa": "true", "@seq": "1", "author-url":"https://api.elsevier.com/content/author/author_id/23024487000","authid":"23024487000","authname":"Faustmann H.","surname":"Faustmann","given-name":"Hubert","initials":"H."}],"authkeywords":"Clientelism | Cyprus consensus | Party patronage | Political parties | Political patronage | Public service | Rusfeti | Semi-governmental sector","source-id":"145698","fund-no":"undefined","openaccess":"0","openaccessFlag":false},{"@_fa": "true", "link": [{"@_fa": "true", "@ref": "self", "@href": "https://api.elsevier.com/content/abstract/scopus_id/84857604218"},{"@_fa": "true", "@ref": "author-affiliation", "@href": "https://api.elsevier.com/content/abstract/scopus_id/84857604218?field=author,affiliation"},{"@_fa": "true", "@ref": "scopus", "@href": "https://www.scopus.com/inward/record.uri?partnerID=HzOxMe3b&scp=84857604218&origin=inward"},{"@_fa": "true", "@ref": "scopus-citedby", "@href": "https://www.scopus.com/inward/citedby.uri?partnerID=HzOxMe3b&scp=84857604218&origin=inward"}],"prism:url":"https://api.elsevier.com/content/abstract/scopus_id/84857604218","dc:identifier":"SCOPUS_ID:84857604218","eid":"2-s2.0-84857604218","dc:title":"Anti-corruption in Slovakia: The role of civil society","dc:creator":"Pawelke A.","prism:publicationName":"Romanian Journal of Political Science","prism:issn":"1582456X","prism:volume":"10","prism:issueIdentifier":"SPEC. ISSUE","prism:pageRange":"96-117","prism:coverDate":"2010-09-01","prism:coverDisplayDate":"September 2010","dc:description":"Practitioners and academics alike consider a strong civil society as key to combating corruption. However, there is only limited evidence of the effectiveness of civil society as an anti-corruption actor. Although having received more attention in recent years, the role of civil society in anti-corruption continues to be an under-researched topic, and it remains largely unclear what role civil society can and should play in the fight against corruption. The Slovak Republic experienced widespread corruption extending to every aspect of public life in the post-communist years of the 1990s. In the 1998 national elections, the Slovaks voted a new government into office which, in the early and mid 2000s, implemented far-reaching reforms leading to a substantial reduction in the levels of corruption. It was hoped that joining the EU in 2004 would result in an irrevocable shift away from the bad habits of the past. Yet, following EU accession and with a new government in power, the Slovak public has witnessed a slide backwards into the very habits of cronyism, clientelism and favouritism in recent years. Slovakia's civil society has played an important role in the fight against corruption. Anticorruption NGOs have raised awareness for the negative effects of corruption, advocated for important legislative changes and, together with the Slovak media, have taken on the role of a watchdog by controlling and monitoring the government's activities. An assessment of the current capability of the third sector shows that despite increasingly unfavourable political and legal conditions, Slovakia's civil society remains among the most vibrant and dynamic in Central and Eastern Europe. Anti-corruption NGOs seem to be well-equipped to continue playing an important role in tackling corruption. However, facing a declining public interest in advocacy campaigns in general and NGO anti-corruption work in particular, civil society organisations and donors need to rethink their strategies. NGOs should consider moving away from broad anti-corruption campaigns to more targeted approaches in specific areas by involving those actors who are directly affected by corrupt practices. Now that the negative effects of corruption have been widely recognized, there is a strong likelihood that those groups who suffer from a certain type of corruption show interest in investing in anti-corruption and join civil society-led networks. Donors need to widen the focus of their support programs where necessary. Many potential anti-corruption players such as trade unions, business associations or lawyers have received little attention, and private sector involvement has been largely absent in anti-corruption activities in the past. While administrative corruption could be reduced substantially in the past years, widespread political corruption still poses a major problem, exemplified by the many highlevel corruption scandals. Slovakia's civil society actors have been very innovative in tackling political corruption and should continue their activities in the field of collecting information, monitoring the government and disclosing corruption scandals. Donors should consider increasing the financial support for watchdog NGOs since many face severe difficulties in funding their activities.","citedby-count":"4","affiliation": [{"@_fa": "true", "affiliation-url":"https://api.elsevier.com/content/affiliation/affiliation_id/110150630","afid":"110150630","affilname":"Hertie School of Governance","affiliation-city":null,"affiliation-country":"Germany"}],"prism:aggregationType":"Journal","subtype":"ar","subtypeDescription":"Article","author-count":{"@limit": "100", "@total": "1", "$" :"1"},"author": [{"@_fa": "true", "@seq": "1", "author-url":"https://api.elsevier.com/content/author/author_id/22935491100","authid":"22935491100","authname":"Pawelke A.","surname":"Pawelke","given-name":"Andreas","initials":"A.","afid": [{"@_fa": "true", "$" :"110150630"}]}],"source-id":"19900192704","fund-no":"undefined","openaccess":"0","openaccessFlag":false},{"@_fa": "true", "link": [{"@_fa": "true", "@ref": "self", "@href": "https://api.elsevier.com/content/abstract/scopus_id/77955350369"},{"@_fa": "true", "@ref": "author-affiliation", "@href": "https://api.elsevier.com/content/abstract/scopus_id/77955350369?field=author,affiliation"},{"@_fa": "true", "@ref": "scopus", "@href": "https://www.scopus.com/inward/record.uri?partnerID=HzOxMe3b&scp=77955350369&origin=inward"},{"@_fa": "true", "@ref": "scopus-citedby", "@href": "https://www.scopus.com/inward/citedby.uri?partnerID=HzOxMe3b&scp=77955350369&origin=inward"}],"prism:url":"https://api.elsevier.com/content/abstract/scopus_id/77955350369","dc:identifier":"SCOPUS_ID:77955350369","eid":"2-s2.0-77955350369","dc:title":"Institutional legitimacy and Russian news: Case studies of four regional newspapers","dc:creator":"Lowrey W.","prism:publicationName":"Political Communication","prism:issn":"10584609","prism:eIssn":"10917675","prism:volume":"27","prism:issueIdentifier":"3","prism:pageRange":"275-288","prism:coverDate":"2010-08-13","prism:coverDisplayDate":"2010","prism:doi":"10.1080/10584609.2010.494282","dc:description":"This article explores institutional influences on Russian news media at the regional level and adopts a new institutional approach to help explain media's response to increased control by local elites. Media in the province operate partly in a clientelist system in which journalists and their organizations provide services to political and economic elites in the region in exchange for desperately needed resources. The poor economic condition of the province and the strongly centralized local government help explain the media's dependency on elite patrons. Yet, the clientelist model is not a perfect fit. Strong influence by local powers tends to erode newspapers' public legitimacy, which both newspapers and the area's elite also need. To stem this erosion, news organizations attempt to buffer themselves from clientelist influences by pursuing practices that reflect the legal-rational ideal type. They pursue ceremonial, skin-deep scrutiny of officials; they engage in artificial forum \"roundtables\" with officials; and they emphasize the publication of many brief stories to connote progressiveness. Journalists also maintain connections across news organizations, which undermines the organizational boundaries of the newspapers and helps patrons establish individual relationships with journalists, but also allows some semblance of an occupational community. © Taylor & Francis Group, LLC.","citedby-count":"12","affiliation": [{"@_fa": "true", "affiliation-url":"https://api.elsevier.com/content/affiliation/affiliation_id/60025371","afid":"60025371","affilname":"University of Alabama","affiliation-city":"Tuscaloosa","affiliation-country":"United States"},{"@_fa": "true", "affiliation-url":"https://api.elsevier.com/content/affiliation/affiliation_id/60009841","afid":"60009841","affilname":"Central Michigan University","affiliation-city":"Mount Pleasant","affiliation-country":"United States"}],"prism:aggregationType":"Journal","subtype":"ar","subtypeDescription":"Article","author-count":{"@limit": "100", "@total": "2", "$" :"2"},"author": [{"@_fa": "true", "@seq": "1", "author-url":"https://api.elsevier.com/content/author/author_id/10641020100","authid":"10641020100","authname":"Lowrey W.","surname":"Lowrey","given-name":"Wilson","initials":"W.","afid": [{"@_fa": "true", "$" :"60025371"}]},{"@_fa": "true", "@seq": "2", "author-url":"https://api.elsevier.com/content/author/author_id/36102151300","authid":"36102151300","authname":"Erzikova E.","surname":"Erzikova","given-name":"Elina","initials":"E.","afid": [{"@_fa": "true", "$" :"60009841"}]}],"authkeywords":"Clientelism | Institutionalism | Russian journalism","source-id":"22838","fund-no":"undefined","openaccess":"0","openaccessFlag":false},{"@_fa": "true", "link": [{"@_fa": "true", "@ref": "self", "@href": "https://api.elsevier.com/content/abstract/scopus_id/77954956005"},{"@_fa": "true", "@ref": "author-affiliation", "@href": "https://api.elsevier.com/content/abstract/scopus_id/77954956005?field=author,affiliation"},{"@_fa": "true", "@ref": "scopus", "@href": "https://www.scopus.com/inward/record.uri?partnerID=HzOxMe3b&scp=77954956005&origin=inward"},{"@_fa": "true", "@ref": "scopus-citedby", "@href": "https://www.scopus.com/inward/citedby.uri?partnerID=HzOxMe3b&scp=77954956005&origin=inward"}],"prism:url":"https://api.elsevier.com/content/abstract/scopus_id/77954956005","dc:identifier":"SCOPUS_ID:77954956005","eid":"2-s2.0-77954956005","dc:title":"Access to power versus exercise of power reconceptualizing the quality of democracy in latin America","dc:creator":"Mazzuca S.","prism:publicationName":"Studies in Comparative International Development","prism:issn":"00393606","prism:volume":"45","prism:issueIdentifier":"3","prism:pageRange":"334-357","prism:coverDate":"2010-07-19","prism:coverDisplayDate":"2010","prism:doi":"10.1007/s12116-010-9069-5","dc:description":"Research on comparative democratization has recently expanded its focus to issues of institutional quality: clientelism, corruption, abuse of executive decree authority, and weak checks and balances. However, problems of institutional quality are so different from those involved in regime transitions that it is unproductive to treat them as part of the same macro-process, democratization. Whereas regime transitions are changes in the form of access to power, problems of institutional quality involve the exercise of power. Abuses in the exercise of power affecting institutional quality are best characterized not as indicators of authoritarianism and deficiencies in democratization but as reflecting-in Weberian terms-patrimonialism and failures in bureaucratization. Moreover, struggles over the exercise of power involve causes, mechanisms, and actors that can be quite distinct from those at play in conflicts over access to power. The proposed analytical framework centered on the distinction between access and exercise enhances conceptual clarity and provides a stronger theoretical basis for tackling fundamental questions about politics in Latin America, including the failure of democratization to curb clientelism and foster other improvements of institutional quality, and the prospects of democratic stability under patrimonial administrations. © 2010 Springer Science+Business Media, LLC.","citedby-count":"43","affiliation": [{"@_fa": "true", "affiliation-url":"https://api.elsevier.com/content/affiliation/affiliation_id/60100185","afid":"60100185","affilname":"Weatherhead Center for International Affairs, Cambridge","affiliation-city":"Cambridge","affiliation-country":"United States"}],"prism:aggregationType":"Journal","subtype":"ar","subtypeDescription":"Article","author-count":{"@limit": "100", "@total": "1", "$" :"1"},"author": [{"@_fa": "true", "@seq": "1", "author-url":"https://api.elsevier.com/content/author/author_id/36169432100","authid":"36169432100","authname":"Mazzuca S.","surname":"Mazzuca","given-name":"Sebastián L.","initials":"S.L.","afid": [{"@_fa": "true", "$" :"60100185"}]}],"authkeywords":"Bureaucratization | Clientelism | Democratization | Latin America | Patrimonialism | Political regime | Quality of democracy","source-id":"26587","fund-no":"undefined","openaccess":"0","openaccessFlag":false},{"@_fa": "true", "link": [{"@_fa": "true", "@ref": "self", "@href": "https://api.elsevier.com/content/abstract/scopus_id/77954669146"},{"@_fa": "true", "@ref": "author-affiliation", "@href": "https://api.elsevier.com/content/abstract/scopus_id/77954669146?field=author,affiliation"},{"@_fa": "true", "@ref": "scopus", "@href": "https://www.scopus.com/inward/record.uri?partnerID=HzOxMe3b&scp=77954669146&origin=inward"},{"@_fa": "true", "@ref": "scopus-citedby", "@href": "https://www.scopus.com/inward/citedby.uri?partnerID=HzOxMe3b&scp=77954669146&origin=inward"}],"prism:url":"https://api.elsevier.com/content/abstract/scopus_id/77954669146","dc:identifier":"SCOPUS_ID:77954669146","eid":"2-s2.0-77954669146","dc:title":"Bricks and mortar clientelism: Sectarianism and the logics of welfare allocation in Lebanon","dc:creator":"Cammett M.","prism:publicationName":"World Politics","prism:issn":"00438871","prism:eIssn":"10863338","prism:volume":"62","prism:issueIdentifier":"3","prism:pageRange":"381-421","prism:coverDate":"2010-07-01","prism:coverDisplayDate":"July 2010","prism:doi":"10.1017/S0043887110000080","citedby-count":"77","prism:aggregationType":"Journal","subtype":"ar","subtypeDescription":"Article","author-count":{"@limit": "100", "@total": "2", "$" :"2"},"author": [{"@_fa": "true", "@seq": "1", "author-url":"https://api.elsevier.com/content/author/author_id/8660216900","authid":"8660216900","authname":"Cammett M.","surname":"Cammett","given-name":"Melani","initials":"M."},{"@_fa": "true", "@seq": "2", "author-url":"https://api.elsevier.com/content/author/author_id/57207636111","authid":"57207636111","authname":"Issar S.","surname":"Issar","given-name":"Sukriti","initials":"S."}],"source-id":"25725","fund-no":"undefined","fund-sponsor":"Smith Richardson Foundation","openaccess":"1","openaccessFlag":true},{"@_fa": "true", "link": [{"@_fa": "true", "@ref": "self", "@href": "https://api.elsevier.com/content/abstract/scopus_id/77952942028"},{"@_fa": "true", "@ref": "author-affiliation", "@href": "https://api.elsevier.com/content/abstract/scopus_id/77952942028?field=author,affiliation"},{"@_fa": "true", "@ref": "scopus", "@href": "https://www.scopus.com/inward/record.uri?partnerID=HzOxMe3b&scp=77952942028&origin=inward"},{"@_fa": "true", "@ref": "scopus-citedby", "@href": "https://www.scopus.com/inward/citedby.uri?partnerID=HzOxMe3b&scp=77952942028&origin=inward"}],"prism:url":"https://api.elsevier.com/content/abstract/scopus_id/77952942028","dc:identifier":"SCOPUS_ID:77952942028","eid":"2-s2.0-77952942028","dc:title":"The political economy of authoritarian single-party dominance","dc:creator":"Greene K.","prism:publicationName":"Comparative Political Studies","prism:issn":"00104140","prism:eIssn":"15523829","prism:volume":"43","prism:issueIdentifier":"7","prism:pageRange":"807-834","prism:coverDate":"2010-06-10","prism:coverDisplayDate":"2010","prism:doi":"10.1177/0010414009332462","dc:description":"Why do authoritarian dominant parties, once established, continue to win elections or lose power? Employing a time-series cross-national analysis of election outcomes and two country case studies, the author shows that dominant parties endure despite poor economic performance, voter demand for new parties, and sufficiently permissive electoral institutions. Instead, the author demonstrates that dominant parties continue to win when they can politicize public resources, and they fail when privatizations put the state's fiscal power out of their reach.The argument has implications for the fate of dominant parties, transitions to democracy in competitive authoritarian regimes, and the study of incumbency advantages and electoral fairness in comparative politics. © The Author(s) 2010.","citedby-count":"79","affiliation": [{"@_fa": "true", "affiliation-url":"https://api.elsevier.com/content/affiliation/affiliation_id/60013372","afid":"60013372","affilname":"University of Texas at Austin","affiliation-city":"Austin","affiliation-country":"United States"}],"prism:aggregationType":"Journal","subtype":"ar","subtypeDescription":"Article","author-count":{"@limit": "100", "@total": "1", "$" :"1"},"author": [{"@_fa": "true", "@seq": "1", "author-url":"https://api.elsevier.com/content/author/author_id/7101722648","authid":"7101722648","authname":"Greene K.","surname":"Greene","given-name":"Kenneth F.","initials":"K.F.","afid": [{"@_fa": "true", "$" :"60013372"}]}],"authkeywords":"Clientelism | Party competition | Patronage | Privatization | Single-party dominance","source-id":"13447","fund-no":"undefined","openaccess":"0","openaccessFlag":false},{"@_fa": "true", "link": [{"@_fa": "true", "@ref": "self", "@href": "https://api.elsevier.com/content/abstract/scopus_id/78649458314"},{"@_fa": "true", "@ref": "author-affiliation", "@href": "https://api.elsevier.com/content/abstract/scopus_id/78649458314?field=author,affiliation"},{"@_fa": "true", "@ref": "scopus", "@href": "https://www.scopus.com/inward/record.uri?partnerID=HzOxMe3b&scp=78649458314&origin=inward"},{"@_fa": "true", "@ref": "scopus-citedby", "@href": "https://www.scopus.com/inward/citedby.uri?partnerID=HzOxMe3b&scp=78649458314&origin=inward"}],"prism:url":"https://api.elsevier.com/content/abstract/scopus_id/78649458314","dc:identifier":"SCOPUS_ID:78649458314","eid":"2-s2.0-78649458314","dc:title":"From Militancy to Clientelism: Labor Union Strategies and Membership Trajectories in Contemporary Chile","dc:creator":"Palacios-Valladares I.","prism:publicationName":"Latin American Politics and Society","prism:issn":"1531426X","prism:volume":"52","prism:issueIdentifier":"2","prism:pageRange":"73-102","prism:coverDate":"2010-06-01","prism:coverDisplayDate":"June 2010","prism:doi":"10.1111/j.1548-2456.2010.00082.x","dc:description":"For the past 30 years, Chilean unionism has been shrinking. Through a comparison of the membership trajectories of 26 unions in two firms between 1990 and 2004, this article explains why some unions defied this trend and how their success affected overall union density in their firms. It argues that the unions that experienced the most favorable membership outcomes were those that, at key junctures of firm restructuring, earliest or most aggressively established a partnership relationship with management. However, in a context of great labor weakness, these cases of union accommodation took the form of exclusive patron-client exchanges, which exacerbated collective action problems and further eroded union density. © 2010 University of Miami.","citedby-count":"5","affiliation": [{"@_fa": "true", "affiliation-url":"https://api.elsevier.com/content/affiliation/affiliation_id/60017717","afid":"60017717","affilname":"The University of North Carolina System","affiliation-city":"Chapel Hill","affiliation-country":"United States"}],"prism:aggregationType":"Journal","subtype":"ar","subtypeDescription":"Article","author-count":{"@limit": "100", "@total": "1", "$" :"1"},"author": [{"@_fa": "true", "@seq": "1", "author-url":"https://api.elsevier.com/content/author/author_id/36646393300","authid":"36646393300","authname":"Palacios-Valladares I.","surname":"Palacios-Valladares","given-name":"Indira","initials":"I.","afid": [{"@_fa": "true", "$" :"60017717"}]}],"source-id":"26459","fund-no":"undefined","openaccess":"0","openaccessFlag":false},{"@_fa": "true", "link": [{"@_fa": "true", "@ref": "self", "@href": "https://api.elsevier.com/content/abstract/scopus_id/77956533089"},{"@_fa": "true", "@ref": "author-affiliation", "@href": "https://api.elsevier.com/content/abstract/scopus_id/77956533089?field=author,affiliation"},{"@_fa": "true", "@ref": "scopus", "@href": "https://www.scopus.com/inward/record.uri?partnerID=HzOxMe3b&scp=77956533089&origin=inward"},{"@_fa": "true", "@ref": "scopus-citedby", "@href": "https://www.scopus.com/inward/citedby.uri?partnerID=HzOxMe3b&scp=77956533089&origin=inward"}],"prism:url":"https://api.elsevier.com/content/abstract/scopus_id/77956533089","dc:identifier":"SCOPUS_ID:77956533089","eid":"2-s2.0-77956533089","dc:title":"Federalism, electoral dynamics and public policies in Brazil: A typology and some hypotheses","dc:creator":"Borges A.","prism:publicationName":"Sociologias","prism:issn":"15174522","prism:issueIdentifier":"24","prism:pageRange":"120-157","prism:coverDate":"2010-05-01","prism:coverDisplayDate":"May 2010","dc:description":"This paper proposes a typological model to provide further understanding of the connection between public policies and electoral dynamics in a federal democracy in which the power to formulate and implement public policies is relatively decentralized. More generally, this typology of public policies is intended to move beyond the traditional dichotomies of political science - clientelism vs. universalism / catch-all parties vs. programmatic parties - offering a new analytical perspective, with a non-dualistic approach. The typology classifies public policies according to two dimensions: the criteria for allocation of resources (partisan or universal) and the nature of the goods and services produced (private or public). From the intersection of the two dimensions, the paper defines four types of strategies for the implementation of public policies: clientelism, distributive policy, policy targeting and universalism. It also proposes some hypotheses to explain the choices of public policy made by the state governments. The article takes into account three types of explanatory factors: horizontal political competition (between political parties), vertical competition (between the spheres of government), and the socio-economic and demographic context.","citedby-count":"2","affiliation": [{"@_fa": "true", "affiliation-url":"https://api.elsevier.com/content/affiliation/affiliation_id/60024989","afid":"60024989","affilname":"Universidade de Brasília","affiliation-city":"Brasilia","affiliation-country":"Brazil"}],"prism:aggregationType":"Journal","subtype":"ar","subtypeDescription":"Article","author-count":{"@limit": "100", "@total": "1", "$" :"1"},"author": [{"@_fa": "true", "@seq": "1", "author-url":"https://api.elsevier.com/content/author/author_id/36241426200","authid":"36241426200","authname":"Borges A.","surname":"Borges","given-name":"André","initials":"A.","afid": [{"@_fa": "true", "$" :"60024989"}]}],"authkeywords":"Clientelism | Electoral competition | Federalism | Public policies | State government","source-id":"4700153602","fund-no":"undefined","openaccess":"0","openaccessFlag":false},{"@_fa": "true", "link": [{"@_fa": "true", "@ref": "self", "@href": "https://api.elsevier.com/content/abstract/scopus_id/78650064989"},{"@_fa": "true", "@ref": "author-affiliation", "@href": "https://api.elsevier.com/content/abstract/scopus_id/78650064989?field=author,affiliation"},{"@_fa": "true", "@ref": "scopus", "@href": "https://www.scopus.com/inward/record.uri?partnerID=HzOxMe3b&scp=78650064989&origin=inward"},{"@_fa": "true", "@ref": "scopus-citedby", "@href": "https://www.scopus.com/inward/citedby.uri?partnerID=HzOxMe3b&scp=78650064989&origin=inward"}],"prism:url":"https://api.elsevier.com/content/abstract/scopus_id/78650064989","dc:identifier":"SCOPUS_ID:78650064989","eid":"2-s2.0-78650064989","dc:title":"Democracy without parties? Some lessons from Peru","dc:creator":"Crabtree J.","prism:publicationName":"Journal of Latin American Studies","prism:issn":"0022216X","prism:eIssn":"1469767X","prism:volume":"42","prism:issueIdentifier":"2","prism:pageRange":"357-382","prism:coverDate":"2010-05-01","prism:coverDisplayDate":"May 2010","prism:doi":"10.1017/S0022216X10000477","pii":"S0022216X10000477","dc:description":"Thirty years on from Peru's return to democracy in 1980, the country's record with democratisation has been chequered. Not only was the process of 'consolidation' reversed in the 1990s under the Fujimori government, but the degree to which durable linkages have been established between state and society is very limited. More than in most countries of Latin America, the party system has failed to fulfil the representative role allotted to it in the literature, a role that cannot easily be assumed by other sorts of institution. It is therefore an important case study for those concerned with the more structural obstacles to the development of representative politics. The article seeks to look at some key issues affecting party development: the chimera of consolidation, the persistence of clientelism and patrimonialism, the interaction with social movements and the significance of political culture. Copyright © Cambridge University Press 2010.","citedby-count":"10","affiliation": [{"@_fa": "true", "affiliation-url":"https://api.elsevier.com/content/affiliation/affiliation_id/60026851","afid":"60026851","affilname":"University of Oxford","affiliation-city":"Oxford","affiliation-country":"United Kingdom"}],"prism:aggregationType":"Journal","subtype":"re","subtypeDescription":"Review","author-count":{"@limit": "100", "@total": "1", "$" :"1"},"author": [{"@_fa": "true", "@seq": "1", "author-url":"https://api.elsevier.com/content/author/author_id/57198379786","authid":"57198379786","authname":"Crabtree J.","surname":"Crabtree","given-name":"John","initials":"J.","afid": [{"@_fa": "true", "$" :"60026851"}]}],"authkeywords":"clientelism | democratisation | party development | Peru | political culture | social movements","source-id":"26288","fund-no":"undefined","openaccess":"0","openaccessFlag":false}]}}