{"search-results":{"opensearch:totalResults":"86","opensearch:startIndex":"0","opensearch:itemsPerPage":"25","opensearch:Query":{"@role": "request", "@searchTerms": "TITLE-ABS-KEY(\"clientelism\") AND SUBJAREA(SOCI) AND PUBYEAR = 2015", "@startPage": "0"},"link": [{"@_fa": "true", "@ref": "self", "@href": "https://api.elsevier.com/content/search/scopus?start=0&count=25&query=TITLE-ABS-KEY%28%22clientelism%22%29+AND+SUBJAREA%28SOCI%29+AND+PUBYEAR+%3D+2015&apiKey=27d953b4b546791964ebeb768d13e61f&view=COMPLETE", "@type": "application/json"},{"@_fa": "true", "@ref": "first", "@href": "https://api.elsevier.com/content/search/scopus?start=0&count=25&query=TITLE-ABS-KEY%28%22clientelism%22%29+AND+SUBJAREA%28SOCI%29+AND+PUBYEAR+%3D+2015&apiKey=27d953b4b546791964ebeb768d13e61f&view=COMPLETE", "@type": "application/json"},{"@_fa": "true", "@ref": "next", "@href": "https://api.elsevier.com/content/search/scopus?start=25&count=25&query=TITLE-ABS-KEY%28%22clientelism%22%29+AND+SUBJAREA%28SOCI%29+AND+PUBYEAR+%3D+2015&apiKey=27d953b4b546791964ebeb768d13e61f&view=COMPLETE", "@type": "application/json"},{"@_fa": "true", "@ref": "last", "@href": "https://api.elsevier.com/content/search/scopus?start=61&count=25&query=TITLE-ABS-KEY%28%22clientelism%22%29+AND+SUBJAREA%28SOCI%29+AND+PUBYEAR+%3D+2015&apiKey=27d953b4b546791964ebeb768d13e61f&view=COMPLETE", "@type": "application/json"}],"entry": [{"@_fa": "true", "link": [{"@_fa": "true", "@ref": "self", "@href": "https://api.elsevier.com/content/abstract/scopus_id/84949908493"},{"@_fa": "true", "@ref": "author-affiliation", "@href": "https://api.elsevier.com/content/abstract/scopus_id/84949908493?field=author,affiliation"},{"@_fa": "true", "@ref": "scopus", "@href": "https://www.scopus.com/inward/record.uri?partnerID=HzOxMe3b&scp=84949908493&origin=inward"},{"@_fa": "true", "@ref": "scopus-citedby", "@href": "https://www.scopus.com/inward/citedby.uri?partnerID=HzOxMe3b&scp=84949908493&origin=inward"}],"prism:url":"https://api.elsevier.com/content/abstract/scopus_id/84949908493","dc:identifier":"SCOPUS_ID:84949908493","eid":"2-s2.0-84949908493","dc:title":"Contractors politicians and local populations in Cameroon. Between patronage and mutual exchanges","dc:creator":"Nguegang R.","prism:publicationName":"Cahiers d'Etudes Africaines","prism:issn":"00080055","prism:eIssn":"17775353","prism:volume":"220","prism:issueIdentifier":"4","prism:pageRange":"811-836","prism:coverDate":"2015-12-09","prism:coverDisplayDate":"9 December 2015","dc:description":"© Éditions de l'EHESS. Tous droits réservés pour tous pays. In Cameroon, there is mutual exchange between entrepreneurs and local populations. Economic entrepreneurs can use their economic resources to become political entrepreneurs. After accumulating their resources, they distribute gifts to the local populations. Through these gifts, they create friendly relations with local authorities and the population, who in return thank them and will eventually vote for them when they stand as candidates during elections. This strategy enables them to become mayors or parliamentarians in their locality, thus political entrepreneurs.","citedby-count":"0","affiliation": [{"@_fa": "true", "affiliation-url":"https://api.elsevier.com/content/affiliation/affiliation_id/101899254","afid":"101899254","affilname":"Université de Douala","affiliation-city":null,"affiliation-country":"France"}],"prism:aggregationType":"Journal","subtype":"re","subtypeDescription":"Review","author-count":{"@limit": "100", "@total": "1", "$" :"1"},"author": [{"@_fa": "true", "@seq": "1", "author-url":"https://api.elsevier.com/content/author/author_id/57003363000","authid":"57003363000","authname":"Nguegang R.","surname":"Nguegang","given-name":"Ramses Tsana","initials":"R.T.","afid": [{"@_fa": "true", "$" :"101899254"}]}],"source-id":"36166","fund-no":"undefined","openaccess":"0","openaccessFlag":false},{"@_fa": "true", "link": [{"@_fa": "true", "@ref": "self", "@href": "https://api.elsevier.com/content/abstract/scopus_id/84962038993"},{"@_fa": "true", "@ref": "author-affiliation", "@href": "https://api.elsevier.com/content/abstract/scopus_id/84962038993?field=author,affiliation"},{"@_fa": "true", "@ref": "scopus", "@href": "https://www.scopus.com/inward/record.uri?partnerID=HzOxMe3b&scp=84962038993&origin=inward"},{"@_fa": "true", "@ref": "scopus-citedby", "@href": "https://www.scopus.com/inward/citedby.uri?partnerID=HzOxMe3b&scp=84962038993&origin=inward"}],"prism:url":"https://api.elsevier.com/content/abstract/scopus_id/84962038993","dc:identifier":"SCOPUS_ID:84962038993","eid":"2-s2.0-84962038993","dc:title":"The Kozole Rule: Profile of a Slovenian film-maker","dc:creator":"Debeljak E.","prism:publicationName":"Film International","prism:issn":"16516826","prism:eIssn":"20403801","prism:volume":"13","prism:issueIdentifier":"4","prism:pageRange":"122-126","prism:coverDate":"2015-12-01","prism:coverDisplayDate":"1 December 2015","prism:doi":"10.1386/fiin.13.4.122_7","citedby-count":"0","prism:aggregationType":"Journal","subtype":"no","subtypeDescription":"Note","author-count":{"@limit": "100", "@total": "1", "$" :"1"},"author": [{"@_fa": "true", "@seq": "1", "author-url":"https://api.elsevier.com/content/author/author_id/57188641971","authid":"57188641971","authname":"Debeljak E.","surname":"Debeljak","given-name":"Erica Johnson","initials":"E.J."}],"authkeywords":"Clientelism | Ljubljana | Night Life | Scandal | Slovenian Girl | Usodni telefon","source-id":"21100218017","fund-no":"undefined","openaccess":"0","openaccessFlag":false},{"@_fa": "true", "link": [{"@_fa": "true", "@ref": "self", "@href": "https://api.elsevier.com/content/abstract/scopus_id/84956895194"},{"@_fa": "true", "@ref": "author-affiliation", "@href": "https://api.elsevier.com/content/abstract/scopus_id/84956895194?field=author,affiliation"},{"@_fa": "true", "@ref": "scopus", "@href": "https://www.scopus.com/inward/record.uri?partnerID=HzOxMe3b&scp=84956895194&origin=inward"},{"@_fa": "true", "@ref": "scopus-citedby", "@href": "https://www.scopus.com/inward/citedby.uri?partnerID=HzOxMe3b&scp=84956895194&origin=inward"}],"prism:url":"https://api.elsevier.com/content/abstract/scopus_id/84956895194","dc:identifier":"SCOPUS_ID:84956895194","eid":"2-s2.0-84956895194","dc:title":"The turn of the offended: Clientelism in the wake of El Salvador's 2009 elections","dc:creator":"Montoya A.","prism:publicationName":"Social Analysis","prism:issn":"0155977X","prism:eIssn":"15585727","prism:volume":"59","prism:issueIdentifier":"4","prism:pageRange":"101-118","prism:coverDate":"2015-12-01","prism:coverDisplayDate":"Winter 2015","prism:doi":"10.3167/sa.2015.590407","dc:description":"© Berghahn Journals. This article explores how the affective dynamics involved in elections and routine politics might inform us about the conditions of possibility of specific political imaginaries. It builds upon research conducted during and after El Salvador’s 2009 presidential election. Passions ran high among Salvadorans on both the left and the right that electoral season, as allusions to wartime elicited unsettled divisions and offenses. For many left-wing and disaffected Salvadorans, the victory of the Farabundo Martí National Liberation Front—a former guerrilla organization—opened up a political horizon that had been closed during the post-war era. Salvadorans’ post-election engagement with state officials and FMLN leaders through clientelist practices evidenced their desire for qualitative state transformation and the extent to which they conceive of themselves as citizens through the state.","citedby-count":"1","affiliation": [{"@_fa": "true", "affiliation-url":"https://api.elsevier.com/content/affiliation/affiliation_id/60033387","afid":"60033387","affilname":"University of London","affiliation-city":"London","affiliation-country":"United Kingdom"}],"prism:aggregationType":"Journal","subtype":"ar","subtypeDescription":"Article","author-count":{"@limit": "100", "@total": "1", "$" :"1"},"author": [{"@_fa": "true", "@seq": "1", "author-url":"https://api.elsevier.com/content/author/author_id/56810697400","authid":"56810697400","authname":"Montoya A.","surname":"Montoya","given-name":"Ainhoa","initials":"A.","afid": [{"@_fa": "true", "$" :"60033387"}]}],"authkeywords":"Affective milieu | Clientelism | Elections | Hope | Political horizon | Political imaginaries | The state | Wartime","source-id":"5600153131","fund-no":"undefined","openaccess":"0","openaccessFlag":false},{"@_fa": "true", "link": [{"@_fa": "true", "@ref": "self", "@href": "https://api.elsevier.com/content/abstract/scopus_id/84949861471"},{"@_fa": "true", "@ref": "author-affiliation", "@href": "https://api.elsevier.com/content/abstract/scopus_id/84949861471?field=author,affiliation"},{"@_fa": "true", "@ref": "scopus", "@href": "https://www.scopus.com/inward/record.uri?partnerID=HzOxMe3b&scp=84949861471&origin=inward"},{"@_fa": "true", "@ref": "scopus-citedby", "@href": "https://www.scopus.com/inward/citedby.uri?partnerID=HzOxMe3b&scp=84949861471&origin=inward"}],"prism:url":"https://api.elsevier.com/content/abstract/scopus_id/84949861471","dc:identifier":"SCOPUS_ID:84949861471","eid":"2-s2.0-84949861471","dc:title":"Clients and Communities: The Political Economy of Party Network Organization and Development in India's Urban Slums","dc:creator":"Auerbach A.","prism:publicationName":"World Politics","prism:issn":"00438871","prism:eIssn":"10863338","prism:volume":"68","prism:issueIdentifier":"1","prism:pageRange":"111-148","prism:coverDate":"2015-11-02","prism:coverDisplayDate":"2 November 2015","prism:doi":"10.1017/S0043887115000313","pii":"S0043887115000313","citedby-count":"34","affiliation": [{"@_fa": "true", "affiliation-url":"https://api.elsevier.com/content/affiliation/affiliation_id/60020420","afid":"60020420","affilname":"American University","affiliation-city":"Washington","affiliation-country":"United States"}],"prism:aggregationType":"Journal","subtype":"re","subtypeDescription":"Review","author-count":{"@limit": "100", "@total": "1", "$" :"1"},"author": [{"@_fa": "true", "@seq": "1", "author-url":"https://api.elsevier.com/content/author/author_id/56846771300","authid":"56846771300","authname":"Auerbach A.","surname":"Auerbach","given-name":"Adam Michael","initials":"A.M.","afid": [{"@_fa": "true", "$" :"60020420"}]}],"source-id":"25725","fund-no":"undefined","openaccess":"0","openaccessFlag":false},{"@_fa": "true", "link": [{"@_fa": "true", "@ref": "self", "@href": "https://api.elsevier.com/content/abstract/scopus_id/84938082720"},{"@_fa": "true", "@ref": "author-affiliation", "@href": "https://api.elsevier.com/content/abstract/scopus_id/84938082720?field=author,affiliation"},{"@_fa": "true", "@ref": "scopus", "@href": "https://www.scopus.com/inward/record.uri?partnerID=HzOxMe3b&scp=84938082720&origin=inward"},{"@_fa": "true", "@ref": "scopus-citedby", "@href": "https://www.scopus.com/inward/citedby.uri?partnerID=HzOxMe3b&scp=84938082720&origin=inward"},{"@_fa": "true", "@ref": "full-text", "@href": "https://api.elsevier.com/content/article/eid/1-s2.0-S0304387815000814"}],"prism:url":"https://api.elsevier.com/content/abstract/scopus_id/84938082720","dc:identifier":"SCOPUS_ID:84938082720","eid":"2-s2.0-84938082720","dc:title":"Buying votes versus supplying public services: Political incentives to under-invest in pro-poor policies","dc:creator":"Khemani S.","prism:publicationName":"Journal of Development Economics","prism:issn":"03043878","prism:volume":"117","prism:pageRange":"84-93","prism:coverDate":"2015-11-01","prism:coverDisplayDate":"November 01, 2015","prism:doi":"10.1016/j.jdeveco.2015.07.002","pii":"S0304387815000814","dc:description":"© 2015. This paper provides evidence that vote buying in poor democracies is associated with lower investments in broadly delivered public services that have been shown to disproportionately benefit the poor. Using detailed data around the local institutional context in the Philippines, the paper shows how the correlation can be interpreted as arising in equilibrium under conditions of clientelism, when political strategies emphasize the provision of targeted benefits in exchange for political support. In places where households report more vote buying, government records show that municipalities invest less in basic health services for mothers and children; and, a higher percentage of children are recorded as severely under-weight. Corroborating evidence is provided using Afrobarometer surveys across 33 countries. Taken together, the evidence shows that where politicians purchase political support through targeted transfers, they are likely to trade it off against the provision of broader public services on which poor people rely.","citedby-count":"12","affiliation": [{"@_fa": "true", "affiliation-url":"https://api.elsevier.com/content/affiliation/affiliation_id/60112834","afid":"60112834","affilname":"The World Bank, USA","affiliation-city":"Washington","affiliation-country":"United States"}],"prism:aggregationType":"Journal","subtype":"ar","subtypeDescription":"Article","author-count":{"@limit": "100", "@total": "1", "$" :"1"},"author": [{"@_fa": "true", "@seq": "1", "author-url":"https://api.elsevier.com/content/author/author_id/8603592200","authid":"8603592200","authname":"Khemani S.","surname":"Khemani","given-name":"Stuti","initials":"S.","afid": [{"@_fa": "true", "$" :"60112834"}]}],"authkeywords":"Clientelism | Pro-poor services | Public health | Vote buying","source-id":"14834","fund-no":"undefined","openaccess":"0","openaccessFlag":false},{"@_fa": "true", "link": [{"@_fa": "true", "@ref": "self", "@href": "https://api.elsevier.com/content/abstract/scopus_id/84944680537"},{"@_fa": "true", "@ref": "author-affiliation", "@href": "https://api.elsevier.com/content/abstract/scopus_id/84944680537?field=author,affiliation"},{"@_fa": "true", "@ref": "scopus", "@href": "https://www.scopus.com/inward/record.uri?partnerID=HzOxMe3b&scp=84944680537&origin=inward"},{"@_fa": "true", "@ref": "scopus-citedby", "@href": "https://www.scopus.com/inward/citedby.uri?partnerID=HzOxMe3b&scp=84944680537&origin=inward"}],"prism:url":"https://api.elsevier.com/content/abstract/scopus_id/84944680537","dc:identifier":"SCOPUS_ID:84944680537","eid":"2-s2.0-84944680537","dc:title":"Electoral violence in Bangladesh: Does a confrontational bipolar political system matter?","dc:creator":"Mozahidul Islam M.","prism:publicationName":"Commonwealth and Comparative Politics","prism:issn":"14662043","prism:eIssn":"17439094","prism:volume":"53","prism:issueIdentifier":"4","prism:pageRange":"359-380","prism:coverDate":"2015-10-02","prism:coverDisplayDate":"2 October 2015","prism:doi":"10.1080/14662043.2015.1089001","dc:description":"© 2015 Taylor  &  Francis. Focusing on the confrontational bipolar political system of Bangladesh, this paper attempts to examine electoral violence, electoral accountability, and the challenge of a ‘credible’ election. In order to understand the electoral environment and the failure of peaceful power transition, the paper addresses the following question: How does the confrontational bipolar political system of Bangladesh promote electoral violence? A key objective is to examine how political behaviour, focusing on a winner-takes-all power game, promotes electoral violence in Bangladesh. The paper aims to construct an advanced conceptual and practical understanding of issues related to elections, violence, and the political culture of Bangladesh.","citedby-count":"6","affiliation": [{"@_fa": "true", "affiliation-url":"https://api.elsevier.com/content/affiliation/affiliation_id/60028220","afid":"60028220","affilname":"North South University","affiliation-city":"Dhaka-1229","affiliation-country":"Bangladesh"}],"prism:aggregationType":"Journal","subtype":"ar","subtypeDescription":"Article","author-count":{"@limit": "100", "@total": "1", "$" :"1"},"author": [{"@_fa": "true", "@seq": "1", "author-url":"https://api.elsevier.com/content/author/author_id/56912412500","authid":"56912412500","authname":"Mozahidul Islam M.","surname":"Mozahidul Islam","given-name":"Mohammad","initials":"M.","afid": [{"@_fa": "true", "$" :"60028220"}]}],"authkeywords":"Bangladeshi politics | clientelism | democratisation | electoral violence | patronage politics | political violence","source-id":"23925","fund-no":"undefined","openaccess":"0","openaccessFlag":false},{"@_fa": "true", "link": [{"@_fa": "true", "@ref": "self", "@href": "https://api.elsevier.com/content/abstract/scopus_id/84958937335"},{"@_fa": "true", "@ref": "author-affiliation", "@href": "https://api.elsevier.com/content/abstract/scopus_id/84958937335?field=author,affiliation"},{"@_fa": "true", "@ref": "scopus", "@href": "https://www.scopus.com/inward/record.uri?partnerID=HzOxMe3b&scp=84958937335&origin=inward"},{"@_fa": "true", "@ref": "scopus-citedby", "@href": "https://www.scopus.com/inward/citedby.uri?partnerID=HzOxMe3b&scp=84958937335&origin=inward"}],"prism:url":"https://api.elsevier.com/content/abstract/scopus_id/84958937335","dc:identifier":"SCOPUS_ID:84958937335","eid":"2-s2.0-84958937335","dc:title":"From Dayton to Brussels via Tuzla: post-2014 economic restructuring as europeanization discourse/practice in Bosnia and Herzegovina","dc:creator":"Majstorović D.","prism:publicationName":"Journal of Southeast European and Black Sea","prism:issn":"14683857","prism:eIssn":"17439639","prism:volume":"15","prism:issueIdentifier":"4","prism:pageRange":"661-682","prism:coverDate":"2015-10-02","prism:coverDisplayDate":"2 October 2015","prism:doi":"10.1080/14683857.2015.1126093","dc:description":"© 2016 Taylor  &  Francis. The political and economic transformations of peacebuilding and state-building efforts in post-Dayton Bosnia–Herzegovina (BiH) have resulted in a dysfunctional, divided and impoverished country in social crisis. Both international and local political elites have tried to manage the crisis, the former through financial aid in combination with externally imposed measures and the latter through institutionalized ethnic nationalism and clientelism; both approaches were made possible by the Dayton Peace Accords. Articulating a demand for greater social justice, the 2014 protests and plenums rejected both ethnic division and the corruption of post-Dayton political economy. This was rightfully seen as a threat by most Bosnian politicians, and appeared to represent an opening for a new reform agenda by the EU. This was most visible in its ‘Compact for Growth and Jobs’, which aimed to revitalize BiH’s path to European integration. We argue that the Compact and the responses to it offer a useful diagnostic to gauge how the post-Dayton political field has shifted since the events of 2014. In this article, we analyse the Compact and its critics, point out their blind spots and discuss what this reveals about the possibility for wider social change in the wake of the 2014 protests and plenums – in other words, thinking Bosnia’s future beyond Dayton and Brussels, via Tuzla.","citedby-count":"10","affiliation": [{"@_fa": "true", "affiliation-url":"https://api.elsevier.com/content/affiliation/affiliation_id/60104200","afid":"60104200","affilname":"University of Banja Luka","affiliation-city":"Banja Luka","affiliation-country":"Serbia"},{"@_fa": "true", "affiliation-url":"https://api.elsevier.com/content/affiliation/affiliation_id/60030835","afid":"60030835","affilname":"University of Alberta","affiliation-city":"Edmonton","affiliation-country":"Canada"}],"prism:aggregationType":"Journal","subtype":"ar","subtypeDescription":"Article","author-count":{"@limit": "100", "@total": "3", "$" :"3"},"author": [{"@_fa": "true", "@seq": "1", "author-url":"https://api.elsevier.com/content/author/author_id/21743209200","authid":"21743209200","authname":"Majstorović D.","surname":"Majstorović","given-name":"Danijela","initials":"D.","afid": [{"@_fa": "true", "$" :"60104200"},{"@_fa": "true", "$" :"60104200"}]},{"@_fa": "true", "@seq": "2", "author-url":"https://api.elsevier.com/content/author/author_id/57044864700","authid":"57044864700","authname":"Vučkovac Z.","surname":"Vučkovac","given-name":"Zoran","initials":"Z.","afid": [{"@_fa": "true", "$" :"60030835"}]},{"@_fa": "true", "@seq": "3", "author-url":"https://api.elsevier.com/content/author/author_id/57044850100","authid":"57044850100","authname":"Pepić A.","surname":"Pepić","given-name":"Anđela","initials":"A.","afid": [{"@_fa": "true", "$" :"60104200"},{"@_fa": "true", "$" :"60104200"}]}],"authkeywords":"Bosnia–Herzegovina | citizenship | discourse analysis | neoliberalism","source-id":"5700163885","fund-no":"undefined","openaccess":"0","openaccessFlag":false},{"@_fa": "true", "link": [{"@_fa": "true", "@ref": "self", "@href": "https://api.elsevier.com/content/abstract/scopus_id/84960492813"},{"@_fa": "true", "@ref": "author-affiliation", "@href": "https://api.elsevier.com/content/abstract/scopus_id/84960492813?field=author,affiliation"},{"@_fa": "true", "@ref": "scopus", "@href": "https://www.scopus.com/inward/record.uri?partnerID=HzOxMe3b&scp=84960492813&origin=inward"},{"@_fa": "true", "@ref": "scopus-citedby", "@href": "https://www.scopus.com/inward/citedby.uri?partnerID=HzOxMe3b&scp=84960492813&origin=inward"}],"prism:url":"https://api.elsevier.com/content/abstract/scopus_id/84960492813","dc:identifier":"SCOPUS_ID:84960492813","eid":"2-s2.0-84960492813","dc:title":"Clientelism a stumbling block for democratization?: Lessons from Mexico","dc:creator":"Seffer K.","prism:publicationName":"Latin American Perspectives","prism:issn":"0094582X","prism:eIssn":"1552678X","prism:volume":"42","prism:issueIdentifier":"5","prism:pageRange":"198-215","prism:coverDate":"2015-09-01","prism:coverDisplayDate":"September 2015","prism:doi":"10.1177/0094582X14547511","dc:description":"© 2014 Latin American Perspectives. Clientelism is a form of social conflict management and as such is more than mere vote buying or a way of undermining rational-legal systems. Integrating clientelism into the debate over the transition to democracy makes it possible to explain the outcomes of stagnating political transition processes. Under the condition of labor surplus, clientelism hinders political inclusion by undermining the class-based organizations that might challenge the privileged access of the elite to resources. Consideration of clientelism helps explain the case of Mexico, which has been classified as a deviant case in transition research because two transition processes there, at the beginning and the end of the twentieth century, did not end in complete democratization.","citedby-count":"1","affiliation": [{"@_fa": "true", "affiliation-url":"https://api.elsevier.com/content/affiliation/affiliation_id/118250865","afid":"118250865","affilname":"University of Leipzig","affiliation-city":"Leipzig","affiliation-country":"United States"}],"prism:aggregationType":"Journal","subtype":"ar","subtypeDescription":"Article","author-count":{"@limit": "100", "@total": "1", "$" :"1"},"author": [{"@_fa": "true", "@seq": "1", "author-url":"https://api.elsevier.com/content/author/author_id/57164799600","authid":"57164799600","authname":"Seffer K.","surname":"Seffer","given-name":"Kristin","initials":"K.","afid": [{"@_fa": "true", "$" :"118250865"}]}],"authkeywords":"Clientelism | Corporatism | Democratization | Mexico | Transition","source-id":"27731","fund-no":"undefined","openaccess":"0","openaccessFlag":false},{"@_fa": "true", "link": [{"@_fa": "true", "@ref": "self", "@href": "https://api.elsevier.com/content/abstract/scopus_id/84975230447"},{"@_fa": "true", "@ref": "author-affiliation", "@href": "https://api.elsevier.com/content/abstract/scopus_id/84975230447?field=author,affiliation"},{"@_fa": "true", "@ref": "scopus", "@href": "https://www.scopus.com/inward/record.uri?partnerID=HzOxMe3b&scp=84975230447&origin=inward"},{"@_fa": "true", "@ref": "scopus-citedby", "@href": "https://www.scopus.com/inward/citedby.uri?partnerID=HzOxMe3b&scp=84975230447&origin=inward"}],"prism:url":"https://api.elsevier.com/content/abstract/scopus_id/84975230447","dc:identifier":"SCOPUS_ID:84975230447","eid":"2-s2.0-84975230447","dc:title":"What the Macedonian phone-tapping scandal tells us about clientelism in the media","dc:creator":"Micevski I.","prism:publicationName":"International Journal of Digital Television","prism:eIssn":"20404182","prism:volume":"6","prism:issueIdentifier":"3","prism:pageRange":"319-326","prism:coverDate":"2015-09-01","prism:coverDisplayDate":"1 September 2015","prism:doi":"10.1386/jdtv.6.3.319_1","dc:description":"© 2015 Intellect Ltd Reviews. We focus on the method of rule of the last Macedonian government led by the rightwing VMRO-DPMNE with respect to (TV) media-political clientelism. An ongoing phone-tapping scandal has made overt what past research has only suggested was taking place-that the new ‘phase’ of the patron-broker-client relationships in the country has suppressed rational legal authority to the extent that it has shaken the very core of state institutions’ legitimacy. Since 2006, a reordered media-political clientelism gradually enabled the emergence of a propagandistic media setting, which in turn facilitated a lack of public resistance to party’s colonization of the state and enabled its move towards an authoritarian fashion of rule. We claim here that in the regime’s manner of rule, the journalists and media professionals played the role of both victims and collaborators.","citedby-count":"0","affiliation": [{"@_fa": "true", "affiliation-url":"https://api.elsevier.com/content/affiliation/affiliation_id/116874510","afid":"116874510","affilname":"School of Journalism and Public Relations","affiliation-city":null,"affiliation-country":"Macedonia"},{"@_fa": "true", "affiliation-url":"https://api.elsevier.com/content/affiliation/affiliation_id/101430803","afid":"101430803","affilname":"St. Cyril and Methodius University","affiliation-city":null,"affiliation-country":"Macedonia"}],"prism:aggregationType":"Journal","subtype":"ar","subtypeDescription":"Article","author-count":{"@limit": "100", "@total": "2", "$" :"2"},"author": [{"@_fa": "true", "@seq": "1", "author-url":"https://api.elsevier.com/content/author/author_id/57189854663","authid":"57189854663","authname":"Micevski I.","surname":"Micevski","given-name":"Igor","initials":"I.","afid": [{"@_fa": "true", "$" :"101430803"}]},{"@_fa": "true", "@seq": "2", "author-url":"https://api.elsevier.com/content/author/author_id/57189845962","authid":"57189845962","authname":"Trpevska S.","surname":"Trpevska","given-name":"Snezana","initials":"S.","afid": [{"@_fa": "true", "$" :"116874510"}]}],"authkeywords":"Clientelism | DUI | Hybrid regime | Macedonia | Media | Phone-tapping | SDSM | State capture | VMRO-DPMNE","source-id":"21100200623","fund-no":"undefined","openaccess":"0","openaccessFlag":false},{"@_fa": "true", "link": [{"@_fa": "true", "@ref": "self", "@href": "https://api.elsevier.com/content/abstract/scopus_id/84938420200"},{"@_fa": "true", "@ref": "author-affiliation", "@href": "https://api.elsevier.com/content/abstract/scopus_id/84938420200?field=author,affiliation"},{"@_fa": "true", "@ref": "scopus", "@href": "https://www.scopus.com/inward/record.uri?partnerID=HzOxMe3b&scp=84938420200&origin=inward"},{"@_fa": "true", "@ref": "scopus-citedby", "@href": "https://www.scopus.com/inward/citedby.uri?partnerID=HzOxMe3b&scp=84938420200&origin=inward"},{"@_fa": "true", "@ref": "full-text", "@href": "https://api.elsevier.com/content/article/eid/1-s2.0-S0261379415000517"}],"prism:url":"https://api.elsevier.com/content/abstract/scopus_id/84938420200","dc:identifier":"SCOPUS_ID:84938420200","eid":"2-s2.0-84938420200","dc:title":"The 2014 parliamentary elections in Solomon Islands","dc:creator":"Wood T.","prism:publicationName":"Electoral Studies","prism:issn":"02613794","prism:volume":"39","prism:pageRange":"153-158","prism:coverDate":"2015-09-01","prism:coverDisplayDate":"September 01, 2015","prism:doi":"10.1016/j.electstud.2015.03.006","pii":"S0261379415000517","citedby-count":"2","affiliation": [{"@_fa": "true", "affiliation-url":"https://api.elsevier.com/content/affiliation/affiliation_id/60008950","afid":"60008950","affilname":"Australian National University","affiliation-city":"Canberra","affiliation-country":"Australia"}],"prism:aggregationType":"Journal","subtype":"ar","subtypeDescription":"Article","author-count":{"@limit": "100", "@total": "1", "$" :"1"},"author": [{"@_fa": "true", "@seq": "1", "author-url":"https://api.elsevier.com/content/author/author_id/7402253242","authid":"7402253242","authname":"Wood T.","surname":"Wood","given-name":"Terence","initials":"T.","afid": [{"@_fa": "true", "$" :"60008950"}]}],"authkeywords":"Clientelism | Electoral politics | Post-conflict elections | Solomon Islands | Voter behaviour","source-id":"16114","fund-no":"undefined","fund-sponsor":"Australian National University","openaccess":"0","openaccessFlag":false},{"@_fa": "true", "link": [{"@_fa": "true", "@ref": "self", "@href": "https://api.elsevier.com/content/abstract/scopus_id/85036037697"},{"@_fa": "true", "@ref": "author-affiliation", "@href": "https://api.elsevier.com/content/abstract/scopus_id/85036037697?field=author,affiliation"},{"@_fa": "true", "@ref": "scopus", "@href": "https://www.scopus.com/inward/record.uri?partnerID=HzOxMe3b&scp=85036037697&origin=inward"},{"@_fa": "true", "@ref": "scopus-citedby", "@href": "https://www.scopus.com/inward/citedby.uri?partnerID=HzOxMe3b&scp=85036037697&origin=inward"}],"prism:url":"https://api.elsevier.com/content/abstract/scopus_id/85036037697","dc:identifier":"SCOPUS_ID:85036037697","eid":"2-s2.0-85036037697","dc:title":"Regional powers, clientelism and state. Ethnographies of power and politics in Córdoba (Colombia)","dc:creator":"Qcampo G.","prism:publicationName":"Memorias","prism:eIssn":"17948886","prism:issueIdentifier":"27","prism:pageRange":"i-vii","prism:coverDate":"2015-09-01","prism:coverDisplayDate":"September-December 2015","citedby-count":"0","affiliation": [{"@_fa": "true", "affiliation-url":"https://api.elsevier.com/content/affiliation/affiliation_id/60064735","afid":"60064735","affilname":"Universidad del Magdalena","affiliation-city":"Santa Marta","affiliation-country":"Colombia"},{"@_fa": "true", "affiliation-url":"https://api.elsevier.com/content/affiliation/affiliation_id/119840153","afid":"119840153","affilname":"Observatorio Para el Desarrollo la Convivencia y el Fortalecimiento Institucional (ODECOFI)","affiliation-city":null,"affiliation-country":"Colombia"}],"prism:aggregationType":"Journal","subtype":"re","subtypeDescription":"Review","author-count":{"@limit": "100", "@total": "2", "$" :"2"},"author": [{"@_fa": "true", "@seq": "1", "author-url":"https://api.elsevier.com/content/author/author_id/57105597900","authid":"57105597900","authname":"Qcampo G.","surname":"Qcampo","given-name":"Gloria Isabel","initials":"G.I.","afid": [{"@_fa": "true", "$" :"119840153"}]},{"@_fa": "true", "@seq": "2", "author-url":"https://api.elsevier.com/content/author/author_id/57104903600","authid":"57104903600","authname":"Caro I.","surname":"Caro","given-name":"Iorge Enrique Eliad","initials":"I.E.E.","afid": [{"@_fa": "true", "$" :"60064735"}]}],"source-id":"21100371223","fund-no":"undefined","openaccess":"0","openaccessFlag":false},{"@_fa": "true", "link": [{"@_fa": "true", "@ref": "self", "@href": "https://api.elsevier.com/content/abstract/scopus_id/84927655621"},{"@_fa": "true", "@ref": "author-affiliation", "@href": "https://api.elsevier.com/content/abstract/scopus_id/84927655621?field=author,affiliation"},{"@_fa": "true", "@ref": "scopus", "@href": "https://www.scopus.com/inward/record.uri?partnerID=HzOxMe3b&scp=84927655621&origin=inward"},{"@_fa": "true", "@ref": "scopus-citedby", "@href": "https://www.scopus.com/inward/citedby.uri?partnerID=HzOxMe3b&scp=84927655621&origin=inward"},{"@_fa": "true", "@ref": "full-text", "@href": "https://api.elsevier.com/content/article/eid/1-s2.0-S0261379415000529"}],"prism:url":"https://api.elsevier.com/content/abstract/scopus_id/84927655621","dc:identifier":"SCOPUS_ID:84927655621","eid":"2-s2.0-84927655621","dc:title":"Fertilizer and votes: Does strategic economic policy explain the 2009 Malawi election?","dc:creator":"Brazys S.","prism:publicationName":"Electoral Studies","prism:issn":"02613794","prism:volume":"39","prism:pageRange":"39-55","prism:coverDate":"2015-09-01","prism:coverDisplayDate":"September 01, 2015","prism:doi":"10.1016/j.electstud.2015.03.007","pii":"S0261379415000529","dc:description":"© 2015 Elsevier Ltd. Ethno-regional voting cleavages have featured in a number of sub-Saharan African states during the third wave of democratization. While these voting patterns are well studied, there have been few attempts to understand if pan-ethno-regional coalition building based on targeted economic policies can be employed to secure national electoral coalitions. We examine the 2009 Malawian parliamentary elections where a newly-formed national party used its incumbent position to promote an economic policy based on food security in order to overcome traditional ethno-regional voting patterns. After presenting a formal model of an optimal allocation of an economic resource to induce vote-switching, we use district-level data in a system of equations approach finding that this strategic allocation did indeed contribute to the nation-wide electoral victory.","citedby-count":"6","affiliation": [{"@_fa": "true", "affiliation-url":"https://api.elsevier.com/content/affiliation/affiliation_id/60077518","afid":"60077518","affilname":"GOAL Ireland","affiliation-city":"Dublin","affiliation-country":"Ireland"},{"@_fa": "true", "affiliation-url":"https://api.elsevier.com/content/affiliation/affiliation_id/60005141","afid":"60005141","affilname":"University College Dublin","affiliation-city":"Dublin","affiliation-country":"Ireland"}],"prism:aggregationType":"Journal","subtype":"ar","subtypeDescription":"Article","author-count":{"@limit": "100", "@total": "3", "$" :"3"},"author": [{"@_fa": "true", "@seq": "1", "author-url":"https://api.elsevier.com/content/author/author_id/36349907700","authid":"36349907700","authname":"Brazys S.","surname":"Brazys","given-name":"Samuel","initials":"S.","afid": [{"@_fa": "true", "$" :"60005141"}]},{"@_fa": "true", "@seq": "2", "author-url":"https://api.elsevier.com/content/author/author_id/56592385900","authid":"56592385900","authname":"Heaney P.","surname":"Heaney","given-name":"Peter","initials":"P.","afid": [{"@_fa": "true", "$" :"60077518"}]},{"@_fa": "true", "@seq": "3", "author-url":"https://api.elsevier.com/content/author/author_id/56823801900","authid":"56823801900","authname":"Walsh P.","surname":"Walsh","given-name":"Patrick Paul","initials":"P.P.","afid": [{"@_fa": "true", "$" :"60005141"}]}],"authkeywords":"Africa | Clientelism | Elections | Ethno-regional | Identity politics | Prebendalism","source-id":"16114","fund-no":"undefined","openaccess":"0","openaccessFlag":false},{"@_fa": "true", "link": [{"@_fa": "true", "@ref": "self", "@href": "https://api.elsevier.com/content/abstract/scopus_id/84957725299"},{"@_fa": "true", "@ref": "author-affiliation", "@href": "https://api.elsevier.com/content/abstract/scopus_id/84957725299?field=author,affiliation"},{"@_fa": "true", "@ref": "scopus", "@href": "https://www.scopus.com/inward/record.uri?partnerID=HzOxMe3b&scp=84957725299&origin=inward"},{"@_fa": "true", "@ref": "scopus-citedby", "@href": "https://www.scopus.com/inward/citedby.uri?partnerID=HzOxMe3b&scp=84957725299&origin=inward"}],"prism:url":"https://api.elsevier.com/content/abstract/scopus_id/84957725299","dc:identifier":"SCOPUS_ID:84957725299","eid":"2-s2.0-84957725299","dc:title":"Mediating between state and citizens: the significance of the informal politics of third-party representation in the global south","dc:creator":"Piper L.","prism:publicationName":"Citizenship Studies","prism:issn":"13621025","prism:eIssn":"14693593","prism:volume":"19","prism:issueIdentifier":"6-7","prism:pageRange":"696-713","prism:coverDate":"2015-08-18","prism:coverDisplayDate":"18 August 2015","prism:doi":"10.1080/13621025.2015.1053794","dc:description":"© 2015 Taylor  &  Francis. This article argues that we should take more seriously the role of intermediaries in relationships between states and citizens in the global south. More specifically it holds that the practice of mediation, the third party representation of citizens to states and vice versa, is a widespread and important political practice in this context. Largely distinct from the contentious politics and popular mobilisation of social movements, mediation is more a politics of negotiation and bargaining by representatives. Developed as an emergent analysis from multiple case studies, mediation is a broad concept that includes practices that at other times might be described as lobbying, clientelism and coercion, but that we conceptualise in terms of claiming legitimacy to speak for the poor and marginalised, and theorise in terms of a democratic deficit between formal political institutions and these groups. In addition to identifying different kinds of mediators, the article categorises mediation in terms of the orientation and nature of various mediatory practices. Lastly, the article identifies at least three explanations for mediation including the endurance of pre-democratic political relations and practices, new forms of social exclusion in post-colonial democracies and the erosion of state authority brought about by neo-liberal policies and globalisation.","citedby-count":"4","affiliation": [{"@_fa": "true", "affiliation-url":"https://api.elsevier.com/content/affiliation/affiliation_id/60031569","afid":"60031569","affilname":"University of the Western Cape","affiliation-city":"Bellville","affiliation-country":"South Africa"},{"@_fa": "true", "affiliation-url":"https://api.elsevier.com/content/affiliation/affiliation_id/60016849","afid":"60016849","affilname":"University of Toronto","affiliation-city":"Toronto","affiliation-country":"Canada"}],"prism:aggregationType":"Journal","subtype":"ar","subtypeDescription":"Article","author-count":{"@limit": "100", "@total": "2", "$" :"2"},"author": [{"@_fa": "true", "@seq": "1", "author-url":"https://api.elsevier.com/content/author/author_id/7005968314","authid":"7005968314","authname":"Piper L.","surname":"Piper","given-name":"Laurence","initials":"L.","afid": [{"@_fa": "true", "$" :"60031569"}]},{"@_fa": "true", "@seq": "2", "author-url":"https://api.elsevier.com/content/author/author_id/6504033212","authid":"6504033212","authname":"von Lieres B.","surname":"von Lieres","given-name":"Bettina","initials":"B.","afid": [{"@_fa": "true", "$" :"60016849"},{"@_fa": "true", "$" :"60031569"}]}],"authkeywords":"citizenship | clientelism | democratic deficit | representation | state–society relations","source-id":"16886","fund-no":"undefined","openaccess":"0","openaccessFlag":false},{"@_fa": "true", "link": [{"@_fa": "true", "@ref": "self", "@href": "https://api.elsevier.com/content/abstract/scopus_id/84928798890"},{"@_fa": "true", "@ref": "author-affiliation", "@href": "https://api.elsevier.com/content/abstract/scopus_id/84928798890?field=author,affiliation"},{"@_fa": "true", "@ref": "scopus", "@href": "https://www.scopus.com/inward/record.uri?partnerID=HzOxMe3b&scp=84928798890&origin=inward"},{"@_fa": "true", "@ref": "scopus-citedby", "@href": "https://www.scopus.com/inward/citedby.uri?partnerID=HzOxMe3b&scp=84928798890&origin=inward"}],"prism:url":"https://api.elsevier.com/content/abstract/scopus_id/84928798890","dc:identifier":"SCOPUS_ID:84928798890","eid":"2-s2.0-84928798890","dc:title":"The economics and implications of moratoria on tourism accommodation development as a rejuvenation tool in mature tourism destinations","dc:creator":"Hernández-Martín R.","prism:publicationName":"Journal of Sustainable Tourism","prism:issn":"09669582","prism:eIssn":"17477646","prism:volume":"23","prism:issueIdentifier":"6","prism:pageRange":"881-899","prism:coverDate":"2015-07-03","prism:coverDisplayDate":"3 July 2015","prism:doi":"10.1080/09669582.2015.1027212","dc:description":"© 2015 Taylor  &  Francis. This paper fills a literature gap on the economic rationale and implications of moratoria on accommodation development in mature tourism destinations. Moratoria are government-led capacity controls, which reduce market competition and seek to create economic rents. The paper provides a comprehensive set of economic foundations justifying the enactment of moratoria in situations characterised by over-capacity, low profitability, little innovation, environmental damage, strategic behaviour and sectoral imbalances. It notes that the implementation of these controls could be related to regulatory capture, rent seeking and clientelism. While capacity controls can restrain tourism over-expansion and can help fix some of its undesirable consequences, they may lead to multiple and varied unforeseen effects on the rejuvenation process and on the rest of the economy, issues also addressed in the paper. Moratoria relate to the concept of de-growth, which is a highly contested area of discussion. A moratorium does not ensure renovation of private and public capital or maintain the natural environment. It may give rise to detrimental strategies by firms, opening up room for corruption. To be effective, a moratorium must be accompanied by complementary policies, besides being coherently embodied in a broader tourism and regional rejuvenation strategy.","citedby-count":"5","affiliation": [{"@_fa": "true", "affiliation-url":"https://api.elsevier.com/content/affiliation/affiliation_id/60003044","afid":"60003044","affilname":"Universidad de la Laguna","affiliation-city":"San Cristobal de La Laguna","affiliation-country":"Spain"}],"prism:aggregationType":"Journal","subtype":"ar","subtypeDescription":"Article","author-count":{"@limit": "100", "@total": "3", "$" :"3"},"author": [{"@_fa": "true", "@seq": "1", "author-url":"https://api.elsevier.com/content/author/author_id/35102229300","authid":"35102229300","authname":"Hernández-Martín R.","surname":"Hernández-Martín","given-name":"Raúl","initials":"R.","afid": [{"@_fa": "true", "$" :"60003044"}]},{"@_fa": "true", "@seq": "2", "author-url":"https://api.elsevier.com/content/author/author_id/6506016881","authid":"6506016881","authname":"Álvarez-Albelo C.","surname":"Álvarez-Albelo","given-name":"Carmen D.","initials":"C.D.","afid": [{"@_fa": "true", "$" :"60003044"}]},{"@_fa": "true", "@seq": "3", "author-url":"https://api.elsevier.com/content/author/author_id/6504069642","authid":"6504069642","authname":"Padrón-Fumero N.","surname":"Padrón-Fumero","given-name":"Noemi","initials":"N.","afid": [{"@_fa": "true", "$" :"60003044"}]}],"authkeywords":"capacity controls | de-growth, mature tourism destinations | moratorium on accommodation | rejuvenation policies","source-id":"14811","fund-no":"undefined","openaccess":"0","openaccessFlag":false},{"@_fa": "true", "link": [{"@_fa": "true", "@ref": "self", "@href": "https://api.elsevier.com/content/abstract/scopus_id/85040697604"},{"@_fa": "true", "@ref": "author-affiliation", "@href": "https://api.elsevier.com/content/abstract/scopus_id/85040697604?field=author,affiliation"},{"@_fa": "true", "@ref": "scopus", "@href": "https://www.scopus.com/inward/record.uri?partnerID=HzOxMe3b&scp=85040697604&origin=inward"},{"@_fa": "true", "@ref": "scopus-citedby", "@href": "https://www.scopus.com/inward/citedby.uri?partnerID=HzOxMe3b&scp=85040697604&origin=inward"}],"prism:url":"https://api.elsevier.com/content/abstract/scopus_id/85040697604","dc:identifier":"SCOPUS_ID:85040697604","eid":"2-s2.0-85040697604","dc:title":"Participative urban master plan: The challenges of democratic management of the urban policy in the municipality of Joinville (SC)","dc:creator":"Camargo L.","prism:publicationName":"Revista Brasileira de Gestao e Desenvolvimento Regional","prism:eIssn":"1809239X","prism:volume":"11","prism:issueIdentifier":"2","prism:pageRange":"292-311","prism:coverDate":"2015-06-26","prism:coverDisplayDate":"26 June 2015","dc:description":"© 2015, Universidade de Taubate. All rights reserved. This paper presents the analysis of the perceptions and conceptions of technicians who led the development of the Master Plan of Joinville/ SC, on popular participation. It is intended by this analysis to draw reflections on the process of elaboration of municipal master plans and to contribute for building guidelines for similar events. Based on a theoretical framework of social participation, social representations and urban policies, the analytical results are organized in two subcategories: the first deals with technical insights about the conduction of the Master Plan participative process; and the second directed to their conceptions on participation and democracy. In this context we understand that there is a strong concern to avoid practices based on traditional political culture, marked by historical addictions own patrimonialism and clientelism, in building participatory master plans.","citedby-count":"0","affiliation": [{"@_fa": "true", "affiliation-url":"https://api.elsevier.com/content/affiliation/affiliation_id/60015580","afid":"60015580","affilname":"Universidade do Sul de Santa Catarina","affiliation-city":"Tubarao","affiliation-country":"Brazil"},{"@_fa": "true", "affiliation-url":"https://api.elsevier.com/content/affiliation/affiliation_id/60008088","afid":"60008088","affilname":"Universidade de Sao Paulo - USP","affiliation-city":"Sao Paulo","affiliation-country":"Brazil"}],"prism:aggregationType":"Journal","subtype":"ar","subtypeDescription":"Article","author-count":{"@limit": "100", "@total": "2", "$" :"2"},"author": [{"@_fa": "true", "@seq": "1", "author-url":"https://api.elsevier.com/content/author/author_id/57200294616","authid":"57200294616","authname":"Camargo L.","surname":"Camargo","given-name":"Liamara Tansini","initials":"L.T.","afid": [{"@_fa": "true", "$" :"60015580"}]},{"@_fa": "true", "@seq": "2", "author-url":"https://api.elsevier.com/content/author/author_id/54937041100","authid":"54937041100","authname":"Moraes S.","surname":"Moraes","given-name":"Sergio Torres","initials":"S.T.","afid": [{"@_fa": "true", "$" :"60008088"}]}],"authkeywords":"Popular participation | Social Representations | Urban master plan","source-id":"7200153148","fund-no":"undefined","openaccess":"0","openaccessFlag":false},{"@_fa": "true", "link": [{"@_fa": "true", "@ref": "self", "@href": "https://api.elsevier.com/content/abstract/scopus_id/84967211760"},{"@_fa": "true", "@ref": "author-affiliation", "@href": "https://api.elsevier.com/content/abstract/scopus_id/84967211760?field=author,affiliation"},{"@_fa": "true", "@ref": "scopus", "@href": "https://www.scopus.com/inward/record.uri?partnerID=HzOxMe3b&scp=84967211760&origin=inward"},{"@_fa": "true", "@ref": "scopus-citedby", "@href": "https://www.scopus.com/inward/citedby.uri?partnerID=HzOxMe3b&scp=84967211760&origin=inward"}],"prism:url":"https://api.elsevier.com/content/abstract/scopus_id/84967211760","dc:identifier":"SCOPUS_ID:84967211760","eid":"2-s2.0-84967211760","dc:title":"Clientelism","dc:creator":"Briquet J.","prism:publicationName":"The Routledge Handbook of Contemporary Italy: History, Politics, Society","prism:isbn": [{"@_fa": "true", "$" :"9781317487548"},{"@_fa": "true", "$" :"9780415604178"}],"prism:pageRange":"252-261","prism:coverDate":"2015-05-15","prism:coverDisplayDate":"May 15, 2015","prism:doi":"10.4324/9781315709970","citedby-count":"0","affiliation": [{"@_fa": "true", "affiliation-url":"https://api.elsevier.com/content/affiliation/affiliation_id/60021260","afid":"60021260","affilname":"Universite Paris 1 Pantheon-Sorbonne","affiliation-city":"Paris","affiliation-country":"France"}],"prism:aggregationType":"Book","subtype":"ch","subtypeDescription":"Chapter","author-count":{"@limit": "100", "@total": "1", "$" :"1"},"author": [{"@_fa": "true", "@seq": "1", "author-url":"https://api.elsevier.com/content/author/author_id/27967543100","authid":"27967543100","authname":"Briquet J.","surname":"Briquet","given-name":"Jean Louis","initials":"J.L.","afid": [{"@_fa": "true", "$" :"60021260"}]}],"source-id":"21100457465","fund-no":"undefined","openaccess":"0","openaccessFlag":false},{"@_fa": "true", "link": [{"@_fa": "true", "@ref": "self", "@href": "https://api.elsevier.com/content/abstract/scopus_id/84931011202"},{"@_fa": "true", "@ref": "author-affiliation", "@href": "https://api.elsevier.com/content/abstract/scopus_id/84931011202?field=author,affiliation"},{"@_fa": "true", "@ref": "scopus", "@href": "https://www.scopus.com/inward/record.uri?partnerID=HzOxMe3b&scp=84931011202&origin=inward"},{"@_fa": "true", "@ref": "scopus-citedby", "@href": "https://www.scopus.com/inward/citedby.uri?partnerID=HzOxMe3b&scp=84931011202&origin=inward"}],"prism:url":"https://api.elsevier.com/content/abstract/scopus_id/84931011202","dc:identifier":"SCOPUS_ID:84931011202","eid":"2-s2.0-84931011202","dc:title":"Informal networks as sources of human (In)security in the south caucasus","dc:creator":"Aliyev H.","prism:publicationName":"Global Change, Peace and Security","prism:issn":"14781158","prism:eIssn":"14781166","prism:volume":"27","prism:issueIdentifier":"2","prism:pageRange":"191-206","prism:coverDate":"2015-05-04","prism:coverDisplayDate":"4 May 2015","prism:doi":"10.1080/14781158.2015.1019844","dc:description":"© 2015 Taylor  &  Francis. In contrast to numerous studies on exogenous mechanisms of human security – such as the provision of human security by international actors – this study examines the role of informal networks in providing ‘freedoms from want’ and ‘freedoms from fear’ to the population. With the primary focus on post-communist South Caucasus (Armenia, Azerbaijan and Georgia) this article conducts a rigorous examination of informal networks’ critical function as sources of human (in)security since the breakup of the Soviet Union. Based on a combination of openended elite (expert) interviews, field observation and closed-ended survey data, this study demonstrates that apart from the informal networks’ crucial role in generating social capital and functioning as indispensable social safety nets, they also exacerbate human insecurity by cementing the traditions of clientelism and corruption that are deeply entrenched in the region.","citedby-count":"5","affiliation": [{"@_fa": "true", "affiliation-url":"https://api.elsevier.com/content/affiliation/affiliation_id/60017311","afid":"60017311","affilname":"University of Otago","affiliation-city":"Dunedin","affiliation-country":"New Zealand"},{"@_fa": "true", "affiliation-url":"https://api.elsevier.com/content/affiliation/affiliation_id/60008293","afid":"60008293","affilname":"University of Bremen","affiliation-city":"Bremen","affiliation-country":"Germany"}],"prism:aggregationType":"Journal","subtype":"ar","subtypeDescription":"Article","author-count":{"@limit": "100", "@total": "1", "$" :"1"},"author": [{"@_fa": "true", "@seq": "1", "author-url":"https://api.elsevier.com/content/author/author_id/55588370900","authid":"55588370900","authname":"Aliyev H.","surname":"Aliyev","given-name":"Huseyn","initials":"H.","afid": [{"@_fa": "true", "$" :"60008293"},{"@_fa": "true", "$" :"60017311"}]}],"authkeywords":"Human security | Informal networking | South caucasus | ‘freedom from fear’ | ‘freedom from want’","source-id":"5700165092","fund-no":"undefined","openaccess":"0","openaccessFlag":false},{"@_fa": "true", "link": [{"@_fa": "true", "@ref": "self", "@href": "https://api.elsevier.com/content/abstract/scopus_id/84918796120"},{"@_fa": "true", "@ref": "author-affiliation", "@href": "https://api.elsevier.com/content/abstract/scopus_id/84918796120?field=author,affiliation"},{"@_fa": "true", "@ref": "scopus", "@href": "https://www.scopus.com/inward/record.uri?partnerID=HzOxMe3b&scp=84918796120&origin=inward"},{"@_fa": "true", "@ref": "scopus-citedby", "@href": "https://www.scopus.com/inward/citedby.uri?partnerID=HzOxMe3b&scp=84918796120&origin=inward"},{"@_fa": "true", "@ref": "full-text", "@href": "https://api.elsevier.com/content/article/eid/1-s2.0-S0304387814001229"}],"prism:url":"https://api.elsevier.com/content/abstract/scopus_id/84918796120","dc:identifier":"SCOPUS_ID:84918796120","eid":"2-s2.0-84918796120","dc:title":"Vote suppression and insecure property rights","dc:creator":"Castañeda Dower P.","prism:publicationName":"Journal of Development Economics","prism:issn":"03043878","prism:volume":"114","prism:pageRange":"1-19","prism:coverDate":"2015-05-01","prism:coverDisplayDate":"May 01, 2015","prism:doi":"10.1016/j.jdeveco.2014.11.003","pii":"S0304387814001229","dc:description":"© 2014 Elsevier B.V. While it is commonly understood that land is a political tool, there is surprisingly little empirical research on how insecure property rights affect political outcomes. In this paper, we show how a dominant political party can use insecure property rights to ensure politically compliant voter behavior and how this power is frustrated after the introduction of a land certification program. We test this hypothesis on data covering 10,000 Mexican municipal elections during the country's democratic transition. Exploiting the gradual rollout of a large-scale land certification program, we find that land titles significantly raised the number of votes for the main opposition parties. Importantly, this effect disappears once the dominant party, the Institutional Revolutionary Party (PRI), has already lost at least one election in the municipality. These results provide an additional explanation of the PRI's downfall and, more generally, illuminate the relationship between political power, institutions and resource allocation.","citedby-count":"2","affiliation": [{"@_fa": "true", "affiliation-url":"https://api.elsevier.com/content/affiliation/affiliation_id/60027279","afid":"60027279","affilname":"New Economic School","affiliation-city":"Moscow","affiliation-country":"Russian Federation"},{"@_fa": "true", "affiliation-url":"https://api.elsevier.com/content/affiliation/affiliation_id/60005300","afid":"60005300","affilname":"Oberlin College","affiliation-city":"Oberlin","affiliation-country":"United States"}],"prism:aggregationType":"Journal","subtype":"ar","subtypeDescription":"Article","author-count":{"@limit": "100", "@total": "2", "$" :"2"},"author": [{"@_fa": "true", "@seq": "1", "author-url":"https://api.elsevier.com/content/author/author_id/55675922500","authid":"55675922500","authname":"Castañeda Dower P.","surname":"Castañeda Dower","given-name":"Paul","initials":"P.","afid": [{"@_fa": "true", "$" :"60027279"}]},{"@_fa": "true", "@seq": "2", "author-url":"https://api.elsevier.com/content/author/author_id/24366999400","authid":"24366999400","authname":"Pfutze T.","surname":"Pfutze","given-name":"Tobias","initials":"T.","afid": [{"@_fa": "true", "$" :"60005300"}]}],"authkeywords":"Clientelism | Ejido | Land reform | Mexico | PRI | Property rights","source-id":"14834","fund-no":"undefined","openaccess":"0","openaccessFlag":false},{"@_fa": "true", "link": [{"@_fa": "true", "@ref": "self", "@href": "https://api.elsevier.com/content/abstract/scopus_id/85043435321"},{"@_fa": "true", "@ref": "author-affiliation", "@href": "https://api.elsevier.com/content/abstract/scopus_id/85043435321?field=author,affiliation"},{"@_fa": "true", "@ref": "scopus", "@href": "https://www.scopus.com/inward/record.uri?partnerID=HzOxMe3b&scp=85043435321&origin=inward"},{"@_fa": "true", "@ref": "scopus-citedby", "@href": "https://www.scopus.com/inward/citedby.uri?partnerID=HzOxMe3b&scp=85043435321&origin=inward"},{"@_fa": "true", "@ref": "full-text", "@href": "https://api.elsevier.com/content/article/eid/3-s2.0-B9780080970868121476"}],"prism:url":"https://api.elsevier.com/content/abstract/scopus_id/85043435321","dc:identifier":"SCOPUS_ID:85043435321","eid":"2-s2.0-85043435321","dc:title":"Socialist Societies: Anthropological Aspects","dc:creator":"Verdery K.","prism:publicationName":"International Encyclopedia of the Social &amp; Behavioral Sciences: Second Edition","prism:isbn": [{"@_fa": "true", "$" :"9780080970875"},{"@_fa": "true", "$" :"9780080970868"}],"prism:pageRange":"849-853","prism:coverDate":"2015-03-26","prism:coverDisplayDate":"26 March 2015","prism:doi":"10.1016/B978-0-08-097086-8.12147-6","pii":"B9780080970868121476","dc:description":"© 2015 Elsevier Ltd. All rights reserved. Socialist societies constitute a class of modern societies loosely sharing certain formal similarities in their political, property, and production regimes. They tended toward political monopoly by a Communist Party, a predominance of collective or state property forms, and centrally organized economic production toward redistributive goals. Over time, these formal features were modified by systemic reforms and everyday practices of both citizens and elites, including clientelism, kinship and ritual practices, gift-giving, and other self-forming behaviors. Socialist systems diminished many inequalities yet created new forms of hierarchy.","citedby-count":"0","affiliation": [{"@_fa": "true", "affiliation-url":"https://api.elsevier.com/content/affiliation/affiliation_id/60007033","afid":"60007033","affilname":"City University of New York","affiliation-city":"New York","affiliation-country":"United States"}],"prism:aggregationType":"Book","subtype":"ch","subtypeDescription":"Chapter","author-count":{"@limit": "100", "@total": "1", "$" :"1"},"author": [{"@_fa": "true", "@seq": "1", "author-url":"https://api.elsevier.com/content/author/author_id/6603085766","authid":"6603085766","authname":"Verdery K.","surname":"Verdery","given-name":"Katherine","initials":"K.","afid": [{"@_fa": "true", "$" :"60007033"}]}],"authkeywords":"Clientelism | Communist party | Consumption, in socialism | Eastern Europe | Economies of shortage | People's Republic of China | Planning, in socialism | Property, in socialism | Redistribution | Rights in people | Second economy | Socialism | Soft budget constraints | Soviet Union","source-id":"21100854651","fund-no":"undefined","openaccess":"0","openaccessFlag":false},{"@_fa": "true", "link": [{"@_fa": "true", "@ref": "self", "@href": "https://api.elsevier.com/content/abstract/scopus_id/85043439462"},{"@_fa": "true", "@ref": "author-affiliation", "@href": "https://api.elsevier.com/content/abstract/scopus_id/85043439462?field=author,affiliation"},{"@_fa": "true", "@ref": "scopus", "@href": "https://www.scopus.com/inward/record.uri?partnerID=HzOxMe3b&scp=85043439462&origin=inward"},{"@_fa": "true", "@ref": "scopus-citedby", "@href": "https://www.scopus.com/inward/citedby.uri?partnerID=HzOxMe3b&scp=85043439462&origin=inward"},{"@_fa": "true", "@ref": "full-text", "@href": "https://api.elsevier.com/content/article/eid/3-s2.0-B9780080970868121257"}],"prism:url":"https://api.elsevier.com/content/abstract/scopus_id/85043439462","dc:identifier":"SCOPUS_ID:85043439462","eid":"2-s2.0-85043439462","dc:title":"Patron-Client Relations, Social and Anthropological Study of","dc:creator":"Roniger L.","prism:publicationName":"International Encyclopedia of the Social &amp; Behavioral Sciences: Second Edition","prism:isbn": [{"@_fa": "true", "$" :"9780080970875"},{"@_fa": "true", "$" :"9780080970868"}],"prism:pageRange":"603-606","prism:coverDate":"2015-03-26","prism:coverDisplayDate":"26 March 2015","prism:doi":"10.1016/B978-0-08-097086-8.12125-7","pii":"B9780080970868121257","dc:description":"© 2015 Elsevier Ltd. All rights reserved. Patron\"client relations (PCR) involve asymmetric but mutually beneficial, open-ended transactions based on the differential control by individuals or groups over the access and flow of resources in stratified societies. Patrons provide selective access to resources they control, or place themselves or the clients in positions from which they can divert resources in their favor. In exchange, the clients are supposed to provide resources and services, while sometimes boosting the patron's reputation. The study of PCR has revealed the persisting impact of hierarchical networks in contemporary societies, contributing to the reevaluation of paradigms in social science. Debates continue about the institutional viability and significance of PCR and clientelism in late modernity.","citedby-count":"0","affiliation": [{"@_fa": "true", "affiliation-url":"https://api.elsevier.com/content/affiliation/affiliation_id/60033114","afid":"60033114","affilname":"Wake Forest University","affiliation-city":"Winston Salem","affiliation-country":"United States"},{"@_fa": "true", "affiliation-url":"https://api.elsevier.com/content/affiliation/affiliation_id/60007903","afid":"60007903","affilname":"Hebrew University of Jerusalem","affiliation-city":"Jerusalem","affiliation-country":"Israel"}],"prism:aggregationType":"Book","subtype":"ch","subtypeDescription":"Chapter","author-count":{"@limit": "100", "@total": "1", "$" :"1"},"author": [{"@_fa": "true", "@seq": "1", "author-url":"https://api.elsevier.com/content/author/author_id/8633781000","authid":"8633781000","authname":"Roniger L.","surname":"Roniger","given-name":"Luis","initials":"L.","afid": [{"@_fa": "true", "$" :"60033114"},{"@_fa": "true", "$" :"60007903"}]}],"authkeywords":"Clientelism | Hierarchical networks in modern societies | Patron\"client relations | Public accountability | Social exchange","source-id":"21100854651","fund-no":"undefined","openaccess":"0","openaccessFlag":false},{"@_fa": "true", "link": [{"@_fa": "true", "@ref": "self", "@href": "https://api.elsevier.com/content/abstract/scopus_id/85043424574"},{"@_fa": "true", "@ref": "author-affiliation", "@href": "https://api.elsevier.com/content/abstract/scopus_id/85043424574?field=author,affiliation"},{"@_fa": "true", "@ref": "scopus", "@href": "https://www.scopus.com/inward/record.uri?partnerID=HzOxMe3b&scp=85043424574&origin=inward"},{"@_fa": "true", "@ref": "scopus-citedby", "@href": "https://www.scopus.com/inward/citedby.uri?partnerID=HzOxMe3b&scp=85043424574&origin=inward"},{"@_fa": "true", "@ref": "full-text", "@href": "https://api.elsevier.com/content/article/eid/3-s2.0-B9780080970868120203"}],"prism:url":"https://api.elsevier.com/content/abstract/scopus_id/85043424574","dc:identifier":"SCOPUS_ID:85043424574","eid":"2-s2.0-85043424574","dc:title":"Southeast Asia: Sociocultural Aspects","dc:creator":"Evers H.","prism:publicationName":"International Encyclopedia of the Social &amp; Behavioral Sciences: Second Edition","prism:isbn": [{"@_fa": "true", "$" :"9780080970875"},{"@_fa": "true", "$" :"9780080970868"}],"prism:pageRange":"70-74","prism:coverDate":"2015-03-26","prism:coverDisplayDate":"26 March 2015","prism:doi":"10.1016/B978-0-08-097086-8.12020-3","pii":"B9780080970868120203","dc:description":"© 2015 Elsevier Ltd. All rights reserved. Southeast Asia is a very diverse region in terms of societies, languages, and cultures. Pluralism, loose structure, and highly ritualized political systems have been identified as typically Southeast Asian. Boundaries between ethnic groups are blurred, and ethnic classifications vary. Religious diversity has been increased by external religious movements and fundamentalist Buddhism, Christianity, and Islam. Social class formation has produced an increasing gap between the rich and the poor, as well as ethnic clientelism and power struggles between strategic groups. Strategies to develop a knowledge-based economy are widely followed to achieve developed-nation status.","citedby-count":"0","affiliation": [{"@_fa": "true", "affiliation-url":"https://api.elsevier.com/content/affiliation/affiliation_id/60072089","afid":"60072089","affilname":"UNIVERSITI BRUNEI DARUSSALAM","affiliation-city":"Bandar Seri Begawan","affiliation-country":"Brunei Darussalam"}],"prism:aggregationType":"Book","subtype":"ch","subtypeDescription":"Chapter","author-count":{"@limit": "100", "@total": "1", "$" :"1"},"author": [{"@_fa": "true", "@seq": "1", "author-url":"https://api.elsevier.com/content/author/author_id/7005664632","authid":"7005664632","authname":"Evers H.","surname":"Evers","given-name":"Hans Dieter","initials":"H.D.","afid": [{"@_fa": "true", "$" :"60072089"}]}],"authkeywords":"Asia | Buddhism | Class | Culture | Diaspora | Ethnic groups | Ethnicity | Gender | Islam | Plural societies | Religion | Society | Southeast Asian Studies | Strategic groups | Values","source-id":"21100854651","fund-no":"undefined","openaccess":"0","openaccessFlag":false},{"@_fa": "true", "link": [{"@_fa": "true", "@ref": "self", "@href": "https://api.elsevier.com/content/abstract/scopus_id/85043428434"},{"@_fa": "true", "@ref": "author-affiliation", "@href": "https://api.elsevier.com/content/abstract/scopus_id/85043428434?field=author,affiliation"},{"@_fa": "true", "@ref": "scopus", "@href": "https://www.scopus.com/inward/record.uri?partnerID=HzOxMe3b&scp=85043428434&origin=inward"},{"@_fa": "true", "@ref": "scopus-citedby", "@href": "https://www.scopus.com/inward/citedby.uri?partnerID=HzOxMe3b&scp=85043428434&origin=inward"},{"@_fa": "true", "@ref": "full-text", "@href": "https://api.elsevier.com/content/article/eid/3-s2.0-B9780080970868750057"}],"prism:url":"https://api.elsevier.com/content/abstract/scopus_id/85043428434","dc:identifier":"SCOPUS_ID:85043428434","eid":"2-s2.0-85043428434","dc:title":"Corruption: Political and Public Aspects","dc:creator":"Mungiu-Pippidi A.","prism:publicationName":"International Encyclopedia of the Social &amp; Behavioral Sciences: Second Edition","prism:isbn": [{"@_fa": "true", "$" :"9780080970875"},{"@_fa": "true", "$" :"9780080970868"}],"prism:pageRange":"12-20","prism:coverDate":"2015-03-26","prism:coverDisplayDate":"26 March 2015","prism:doi":"10.1016/B978-0-08-097086-8.75005-7","pii":"B9780080970868750057","dc:description":"© 2015 Elsevier Ltd All rights reserved. The interest of social science, media, and policymakers for corruption has exploded after 1990 due to increasing evidence that corruption is accountable for poor growth and chronic underdevelopment. This had impressive policy consequences: by 2012, no less than 161 state parties had adopted the United Nations Convention against Corruption (UNCAC), which was put into force on 14 December 2005. This article discusses the various conceptualizations of corruption as an individual behavior as well as a governance regime (particularism), the evolution of Western thought until the adoption of ethical universalism as universal governance norm (with UNCAC) and the performance of countries in establishing control of corruption in historical and contemporary times.","citedby-count":"0","affiliation": [{"@_fa": "true", "affiliation-url":"https://api.elsevier.com/content/affiliation/affiliation_id/60102536","afid":"60102536","affilname":"Hertie School of Governance GmbH","affiliation-city":"Berlin","affiliation-country":"Germany"}],"prism:aggregationType":"Book","subtype":"ch","subtypeDescription":"Chapter","author-count":{"@limit": "100", "@total": "1", "$" :"1"},"author": [{"@_fa": "true", "@seq": "1", "author-url":"https://api.elsevier.com/content/author/author_id/6507436990","authid":"6507436990","authname":"Mungiu-Pippidi A.","surname":"Mungiu-Pippidi","given-name":"Alina","initials":"A.","afid": [{"@_fa": "true", "$" :"60102536"}]}],"authkeywords":"Accountability | Clientelism | Corruption | Ethical universalism | Favoritism | Modernization | Nepotism | Particularism | Patronage | Public office | State capture | Transparency","source-id":"21100854651","fund-no":"undefined","openaccess":"0","openaccessFlag":false},{"@_fa": "true", "link": [{"@_fa": "true", "@ref": "self", "@href": "https://api.elsevier.com/content/abstract/scopus_id/84910639487"},{"@_fa": "true", "@ref": "author-affiliation", "@href": "https://api.elsevier.com/content/abstract/scopus_id/84910639487?field=author,affiliation"},{"@_fa": "true", "@ref": "scopus", "@href": "https://www.scopus.com/inward/record.uri?partnerID=HzOxMe3b&scp=84910639487&origin=inward"},{"@_fa": "true", "@ref": "scopus-citedby", "@href": "https://www.scopus.com/inward/citedby.uri?partnerID=HzOxMe3b&scp=84910639487&origin=inward"},{"@_fa": "true", "@ref": "full-text", "@href": "https://api.elsevier.com/content/article/eid/1-s2.0-S0305750X14003039"}],"prism:url":"https://api.elsevier.com/content/abstract/scopus_id/84910639487","dc:identifier":"SCOPUS_ID:84910639487","eid":"2-s2.0-84910639487","dc:title":"Does political activism and affiliation affect allocation of benefits in the rural employment guarantee program: Evidence from West Bengal, India","dc:creator":"Das U.","prism:publicationName":"World Development","prism:issn":"0305750X","prism:volume":"67","prism:pageRange":"202-217","prism:coverDate":"2015-03-01","prism:coverDisplayDate":"March 01, 2015","prism:doi":"10.1016/j.worlddev.2014.10.009","pii":"S0305750X14003039","dc:description":"© 2014 Elsevier Ltd. The paper investigates prevalence of political clientelism in allocation of benefits under the rural employment guarantee program, currently implemented in India. Using survey data collected from some villages of West Bengal, it is found that households, which are politically active and supporters of the local ruling political party, are more likely to receive the benefits in terms of participation, number of days of work and earnings from the program. Qualitative evidence corroborates the findings. The study shows predominance of political favoritism under the program and lays emphasis on reducing rationing and enhancing awareness of the entitlements to curb this practice.","citedby-count":"16","affiliation": [{"@_fa": "true", "affiliation-url":"https://api.elsevier.com/content/affiliation/affiliation_id/60023312","afid":"60023312","affilname":"Indira Gandhi Institute of Development Research","affiliation-city":"Mumbai","affiliation-country":"India"}],"prism:aggregationType":"Journal","subtype":"ar","subtypeDescription":"Article","author-count":{"@limit": "100", "@total": "1", "$" :"1"},"author": [{"@_fa": "true", "@seq": "1", "author-url":"https://api.elsevier.com/content/author/author_id/55655334100","authid":"55655334100","authname":"Das U.","surname":"Das","given-name":"Upasak","initials":"U.","afid": [{"@_fa": "true", "$" :"60023312"}]}],"authkeywords":"India | MGNREGA | Political activity | Political clientelism | West Bengal","source-id":"30060","fund-no":"undefined","openaccess":"0","openaccessFlag":false},{"@_fa": "true", "link": [{"@_fa": "true", "@ref": "self", "@href": "https://api.elsevier.com/content/abstract/scopus_id/84918783175"},{"@_fa": "true", "@ref": "author-affiliation", "@href": "https://api.elsevier.com/content/abstract/scopus_id/84918783175?field=author,affiliation"},{"@_fa": "true", "@ref": "scopus", "@href": "https://www.scopus.com/inward/record.uri?partnerID=HzOxMe3b&scp=84918783175&origin=inward"},{"@_fa": "true", "@ref": "scopus-citedby", "@href": "https://www.scopus.com/inward/citedby.uri?partnerID=HzOxMe3b&scp=84918783175&origin=inward"},{"@_fa": "true", "@ref": "full-text", "@href": "https://api.elsevier.com/content/article/eid/1-s2.0-S0261379414001152"}],"prism:url":"https://api.elsevier.com/content/abstract/scopus_id/84918783175","dc:identifier":"SCOPUS_ID:84918783175","eid":"2-s2.0-84918783175","dc:title":"Clientelism and the personal vote in Indonesia","dc:creator":"Allen N.","prism:publicationName":"Electoral Studies","prism:issn":"02613794","prism:volume":"37","prism:pageRange":"73-85","prism:coverDate":"2015-03-01","prism:coverDisplayDate":"March 01, 2015","prism:doi":"10.1016/j.electstud.2014.10.005","pii":"S0261379414001152","dc:description":"© 2014 Elsevier Ltd. The personal vote literature proceeds from the assumption that personalism has an independent effect on policy outcomes. Institutions appear as exogenous variables that structure incentives for personalism, and the personalism of electoral competition effects legislator behavior once in office. This paper finds that existing state spending and prevailing patterns of policy implementation can have an independent effect on the personalism of political competition. When political fortunes depend on the personal vote, and candidates can promise to deliver clientelistic benefits to voters, both voters and candidates have an incentive to enter an enduring patron-client relationship. The clientelistic appeal, however, is only credible if voters expect the winning candidate will have goods to deliver once in office. The empirical section leverages cross-district variance in electoral personalism in Indonesia. It connects preference voting rates to pre-existing patterns of sub-national state spending. In electoral districts where the state played a dominant role in the economy, voters and candidates tended to form the type of patron-client bonds that resulted in high levels of preference voting.","citedby-count":"7","affiliation": [{"@_fa": "true", "affiliation-url":"https://api.elsevier.com/content/affiliation/affiliation_id/60010365","afid":"60010365","affilname":"The University of British Columbia","affiliation-city":"Vancouver","affiliation-country":"Canada"}],"prism:aggregationType":"Journal","subtype":"ar","subtypeDescription":"Article","author-count":{"@limit": "100", "@total": "1", "$" :"1"},"author": [{"@_fa": "true", "@seq": "1", "author-url":"https://api.elsevier.com/content/author/author_id/56179593500","authid":"56179593500","authname":"Allen N.","surname":"Allen","given-name":"Nathan W.","initials":"N.W.","afid": [{"@_fa": "true", "$" :"60010365"}]}],"authkeywords":"Candidates | Clientelism | Electoral institutions | Indonesia | Personal vote","source-id":"16114","fund-no":"undefined","openaccess":"0","openaccessFlag":false},{"@_fa": "true", "link": [{"@_fa": "true", "@ref": "self", "@href": "https://api.elsevier.com/content/abstract/scopus_id/84925164299"},{"@_fa": "true", "@ref": "author-affiliation", "@href": "https://api.elsevier.com/content/abstract/scopus_id/84925164299?field=author,affiliation"},{"@_fa": "true", "@ref": "scopus", "@href": "https://www.scopus.com/inward/record.uri?partnerID=HzOxMe3b&scp=84925164299&origin=inward"},{"@_fa": "true", "@ref": "scopus-citedby", "@href": "https://www.scopus.com/inward/citedby.uri?partnerID=HzOxMe3b&scp=84925164299&origin=inward"}],"prism:url":"https://api.elsevier.com/content/abstract/scopus_id/84925164299","dc:identifier":"SCOPUS_ID:84925164299","eid":"2-s2.0-84925164299","dc:title":"Community participation and local governance in Bangladesh","dc:creator":"Waheduzzaman W.","prism:publicationName":"Australian Journal of Political Science","prism:issn":"10361146","prism:eIssn":"1558108X","prism:volume":"50","prism:issueIdentifier":"1","prism:pageRange":"128-147","prism:coverDate":"2015-01-02","prism:coverDisplayDate":"2 January 2015","prism:doi":"10.1080/10361146.2014.989194","dc:description":"© 2015, Australian Political Studies Association. As a condition of receiving foreign aid, developing country governments have actively tried to achieve pro-people development through community participation in local-level development projects. Based on a case study of Bangladesh, this article analyses the impact of community participation on the various governance-related issues such as accountability, transparency, responsiveness and predictability during the implementation of such projects. The empirical findings reveal that efforts to achieve such objectives have mostly been futile, leaving community participation in the local governance process as an inchoate and piecemeal affair. Political manipulation, clientelism and inadequate governance structure and processes have been the key stumbling blocks contributing to such failures. This study provides important insights into governance at the local level, implying that greater awareness and participation are needed to formulate and implement effective community-based local governance in developing countries such as Bangladesh.","citedby-count":"3","affiliation": [{"@_fa": "true", "affiliation-url":"https://api.elsevier.com/content/affiliation/affiliation_id/60030804","afid":"60030804","affilname":"Swinburne University of Technology","affiliation-city":"Melbourne","affiliation-country":"Australia"},{"@_fa": "true", "affiliation-url":"https://api.elsevier.com/content/affiliation/affiliation_id/60011362","afid":"60011362","affilname":"RMIT University","affiliation-city":"Melbourne","affiliation-country":"Australia"}],"prism:aggregationType":"Journal","subtype":"ar","subtypeDescription":"Article","author-count":{"@limit": "100", "@total": "2", "$" :"2"},"author": [{"@_fa": "true", "@seq": "1", "author-url":"https://api.elsevier.com/content/author/author_id/56123753000","authid":"56123753000","authname":"Waheduzzaman W.","surname":"Waheduzzaman","given-name":"Wahed","initials":"W.","afid": [{"@_fa": "true", "$" :"60030804"}]},{"@_fa": "true", "@seq": "2", "author-url":"https://api.elsevier.com/content/author/author_id/17342052100","authid":"17342052100","authname":"As-Saber S.","surname":"As-Saber","given-name":"Sharif","initials":"S.","afid": [{"@_fa": "true", "$" :"60011362"}]}],"authkeywords":"Bangladesh | community participation | governance | local government","source-id":"15731","fund-no":"undefined","openaccess":"0","openaccessFlag":false}]}}