{"search-results":{"opensearch:totalResults":"7","opensearch:startIndex":"0","opensearch:itemsPerPage":"7","opensearch:Query":{"@role": "request", "@searchTerms": "TITLE-ABS-KEY(\"clientelism\") AND SUBJAREA(SOCI) AND PUBYEAR = 1992", "@startPage": "0"},"link": [{"@_fa": "true", "@ref": "self", "@href": "https://api.elsevier.com/content/search/scopus?start=0&count=25&query=TITLE-ABS-KEY%28%22clientelism%22%29+AND+SUBJAREA%28SOCI%29+AND+PUBYEAR+%3D+1992&apiKey=27d953b4b546791964ebeb768d13e61f&view=COMPLETE", "@type": "application/json"},{"@_fa": "true", "@ref": "first", "@href": "https://api.elsevier.com/content/search/scopus?start=0&count=25&query=TITLE-ABS-KEY%28%22clientelism%22%29+AND+SUBJAREA%28SOCI%29+AND+PUBYEAR+%3D+1992&apiKey=27d953b4b546791964ebeb768d13e61f&view=COMPLETE", "@type": "application/json"}],"entry": [{"@_fa": "true", "link": [{"@_fa": "true", "@ref": "self", "@href": "https://api.elsevier.com/content/abstract/scopus_id/0027069047"},{"@_fa": "true", "@ref": "author-affiliation", "@href": "https://api.elsevier.com/content/abstract/scopus_id/0027069047?field=author,affiliation"},{"@_fa": "true", "@ref": "scopus", "@href": "https://www.scopus.com/inward/record.uri?partnerID=HzOxMe3b&scp=0027069047&origin=inward"},{"@_fa": "true", "@ref": "scopus-citedby", "@href": "https://www.scopus.com/inward/citedby.uri?partnerID=HzOxMe3b&scp=0027069047&origin=inward"}],"prism:url":"https://api.elsevier.com/content/abstract/scopus_id/0027069047","dc:identifier":"SCOPUS_ID:0027069047","eid":"2-s2.0-0027069047","dc:title":"Elections and political change in kenya","dc:creator":"Hornsby C.","prism:publicationName":"The Journal of Commonwealth &amp; Comparative Politics","prism:issn":"03063631","prism:volume":"30","prism:issueIdentifier":"2","prism:pageRange":"172-199","prism:coverDate":"1992-07-01","prism:coverDisplayDate":"1 July 1992","prism:doi":"10.1080/14662049208447631","citedby-count":"13","affiliation": [{"@_fa": "true", "affiliation-url":"https://api.elsevier.com/content/affiliation/affiliation_id/60030210","afid":"60030210","affilname":"Keele University","affiliation-city":"Keele","affiliation-country":"United Kingdom"}],"prism:aggregationType":"Journal","subtype":"ar","subtypeDescription":"Article","author-count":{"@limit": "100", "@total": "2", "$" :"2"},"author": [{"@_fa": "true", "@seq": "1", "author-url":"https://api.elsevier.com/content/author/author_id/6602249803","authid":"6602249803","authname":"Hornsby C.","surname":"Hornsby","given-name":"Charles","initials":"C.","afid": [{"@_fa": "true", "$" :"60030210"}]},{"@_fa": "true", "@seq": "2", "author-url":"https://api.elsevier.com/content/author/author_id/6505847324","authid":"6505847324","authname":"Throup D.","surname":"Throup","given-name":"David","initials":"D.","afid": [{"@_fa": "true", "$" :"60030210"}]}],"source-id":"31670","fund-no":"undefined","openaccess":"0","openaccessFlag":false},{"@_fa": "true", "link": [{"@_fa": "true", "@ref": "self", "@href": "https://api.elsevier.com/content/abstract/scopus_id/0027046724"},{"@_fa": "true", "@ref": "author-affiliation", "@href": "https://api.elsevier.com/content/abstract/scopus_id/0027046724?field=author,affiliation"},{"@_fa": "true", "@ref": "scopus", "@href": "https://www.scopus.com/inward/record.uri?partnerID=HzOxMe3b&scp=0027046724&origin=inward"},{"@_fa": "true", "@ref": "scopus-citedby", "@href": "https://www.scopus.com/inward/citedby.uri?partnerID=HzOxMe3b&scp=0027046724&origin=inward"}],"prism:url":"https://api.elsevier.com/content/abstract/scopus_id/0027046724","dc:identifier":"SCOPUS_ID:0027046724","eid":"2-s2.0-0027046724","dc:title":"The mechanisms of accommodation: Bolivia, 1952-71","dc:creator":"Garcia Arganaras F.","prism:publicationName":"Review (Binghamton, NY)","prism:volume":"15","prism:issueIdentifier":"2","prism:pageRange":"257-308","prism:coverDate":"1992-01-01","prism:coverDisplayDate":"1992","dc:description":"A characterization of the \"prebendary-corporatist state form'- one in which mechanisms of domination and control combine coercive and semicoercive relations such as militarism and clientelism - is offered. After a brief development of the concept, the major historical, political, and economic factors in Bolivian state policies from 1952-71 are analyzed. -Author","citedby-count":"2","prism:aggregationType":"Journal","subtype":"ar","subtypeDescription":"Article","author-count":{"@limit": "100", "@total": "1", "$" :"1"},"author": [{"@_fa": "true", "@seq": "1", "author-url":"https://api.elsevier.com/content/author/author_id/6507970825","authid":"6507970825","authname":"Garcia Arganaras F.","surname":"Garcia Arganaras","given-name":"F.","initials":"F."}],"source-id":"29438","fund-no":"undefined","openaccess":"0","openaccessFlag":false},{"@_fa": "true", "link": [{"@_fa": "true", "@ref": "self", "@href": "https://api.elsevier.com/content/abstract/scopus_id/0027008580"},{"@_fa": "true", "@ref": "author-affiliation", "@href": "https://api.elsevier.com/content/abstract/scopus_id/0027008580?field=author,affiliation"},{"@_fa": "true", "@ref": "scopus", "@href": "https://www.scopus.com/inward/record.uri?partnerID=HzOxMe3b&scp=0027008580&origin=inward"},{"@_fa": "true", "@ref": "scopus-citedby", "@href": "https://www.scopus.com/inward/citedby.uri?partnerID=HzOxMe3b&scp=0027008580&origin=inward"}],"prism:url":"https://api.elsevier.com/content/abstract/scopus_id/0027008580","dc:identifier":"SCOPUS_ID:0027008580","eid":"2-s2.0-0027008580","dc:title":"From protest to programs: neighborhood associations in a Brazilian municipality","dc:creator":"Ferguson B.","prism:publicationName":"Grassroots Development","prism:issn":"07336608","prism:volume":"16","prism:issueIdentifier":"1","prism:pageRange":"12-21","prism:coverDate":"1992-01-01","prism:coverDisplayDate":"1992","dc:description":"This article examines how an electoral alliance in the Brazilian municipality of Cambe between a reform mayor and neighborhood groups has weakened the strangle hold of clientelism, strengthened community organization, and encourage residents to move beyond protest to participate in designing and implementing development programs. -from Author","citedby-count":"1","pubmed-id":"12286184","prism:aggregationType":"Trade Journal","subtype":"ar","subtypeDescription":"Article","author-count":{"@limit": "100", "@total": "1", "$" :"1"},"author": [{"@_fa": "true", "@seq": "1", "author-url":"https://api.elsevier.com/content/author/author_id/7201610852","authid":"7201610852","authname":"Ferguson B.","surname":"Ferguson","given-name":"B. W.","initials":"B.W."}],"source-id":"14220","fund-no":"undefined","openaccess":"0","openaccessFlag":false},{"@_fa": "true", "link": [{"@_fa": "true", "@ref": "self", "@href": "https://api.elsevier.com/content/abstract/scopus_id/0027065201"},{"@_fa": "true", "@ref": "author-affiliation", "@href": "https://api.elsevier.com/content/abstract/scopus_id/0027065201?field=author,affiliation"},{"@_fa": "true", "@ref": "scopus", "@href": "https://www.scopus.com/inward/record.uri?partnerID=HzOxMe3b&scp=0027065201&origin=inward"},{"@_fa": "true", "@ref": "scopus-citedby", "@href": "https://www.scopus.com/inward/citedby.uri?partnerID=HzOxMe3b&scp=0027065201&origin=inward"}],"prism:url":"https://api.elsevier.com/content/abstract/scopus_id/0027065201","dc:identifier":"SCOPUS_ID:0027065201","eid":"2-s2.0-0027065201","dc:title":"Corruption and clientelism in Mali and Eastern Europe: points of comparison","dc:creator":"Amselle J.","prism:publicationName":"Cahiers d'Etudes Africaines","prism:issn":"00080055","prism:volume":"128","prism:pageRange":"629-642","prism:coverDate":"1992-01-01","prism:coverDisplayDate":"1992","dc:description":"Under despotic, patrimonial or neopatrimonial governments, the contradiction between modernist appearances and interpersonal relations serves as the grounds for an analysis of corruption, nepotism and maladministration. However such an analysis projects a moralizing, modern view on phenomena grounded in another logic. Rather than comparing two sets - the West versus Africa and Eastern Europe - term by term, we should first define the domains of corruption and of clientage in each set. Corruption and clientelism, when part of the way governments work, have a place identical to that of the conception of primitive societies without writing. In both cases, a logic of ascription and stigmatization is at work. -English summary","citedby-count":"7","prism:aggregationType":"Journal","subtype":"ar","subtypeDescription":"Article","author-count":{"@limit": "100", "@total": "1", "$" :"1"},"author": [{"@_fa": "true", "@seq": "1", "author-url":"https://api.elsevier.com/content/author/author_id/6505852890","authid":"6505852890","authname":"Amselle J.","surname":"Amselle","given-name":"J. L.","initials":"J.L."}],"source-id":"36166","fund-no":"undefined","openaccess":"0","openaccessFlag":false},{"@_fa": "true", "link": [{"@_fa": "true", "@ref": "self", "@href": "https://api.elsevier.com/content/abstract/scopus_id/84980210312"},{"@_fa": "true", "@ref": "author-affiliation", "@href": "https://api.elsevier.com/content/abstract/scopus_id/84980210312?field=author,affiliation"},{"@_fa": "true", "@ref": "scopus", "@href": "https://www.scopus.com/inward/record.uri?partnerID=HzOxMe3b&scp=84980210312&origin=inward"},{"@_fa": "true", "@ref": "scopus-citedby", "@href": "https://www.scopus.com/inward/citedby.uri?partnerID=HzOxMe3b&scp=84980210312&origin=inward"}],"prism:url":"https://api.elsevier.com/content/abstract/scopus_id/84980210312","dc:identifier":"SCOPUS_ID:84980210312","eid":"2-s2.0-84980210312","dc:title":"Dimensions and types of policy networks","dc:creator":"VAN WAARDEN F.","prism:publicationName":"European Journal of Political Research","prism:issn":"03044130","prism:eIssn":"14756765","prism:volume":"21","prism:issueIdentifier":"1-2","prism:pageRange":"29-52","prism:coverDate":"1992-01-01","prism:coverDisplayDate":"February 1992","prism:doi":"10.1111/j.1475-6765.1992.tb00287.x","dc:description":"Abstract. The paper offers a refined and systematic concept of state‐business relations based on the ‘policy network’idea. The major dimensions of policy networks are presented as (1) number and type of actors, (2) function of networks, (3) structure, (4) institutionalization, (5) rules of conduct, (6) power relations, (7) actor strategies. Certain popular conventional policy making arrangements (e. g. sectoral corporation, sponsored pluralism, clientelism) are examined in terms of the network dimensions. Copyright © 1992, Wiley Blackwell. All rights reserved","citedby-count":"261","affiliation": [{"@_fa": "true", "affiliation-url":"https://api.elsevier.com/content/affiliation/affiliation_id/60025525","afid":"60025525","affilname":"Universität Konstanz","affiliation-city":"Konstanz","affiliation-country":"Germany"}],"prism:aggregationType":"Journal","subtype":"ar","subtypeDescription":"Article","author-count":{"@limit": "100", "@total": "1", "$" :"1"},"author": [{"@_fa": "true", "@seq": "1", "author-url":"https://api.elsevier.com/content/author/author_id/6506638787","authid":"6506638787","authname":"VAN WAARDEN F.","surname":"VAN WAARDEN","given-name":"FRANS","initials":"F.","afid": [{"@_fa": "true", "$" :"60025525"}]}],"source-id":"18437","fund-no":"undefined","openaccess":"0","openaccessFlag":false},{"@_fa": "true", "link": [{"@_fa": "true", "@ref": "self", "@href": "https://api.elsevier.com/content/abstract/scopus_id/0027072726"},{"@_fa": "true", "@ref": "author-affiliation", "@href": "https://api.elsevier.com/content/abstract/scopus_id/0027072726?field=author,affiliation"},{"@_fa": "true", "@ref": "scopus", "@href": "https://www.scopus.com/inward/record.uri?partnerID=HzOxMe3b&scp=0027072726&origin=inward"},{"@_fa": "true", "@ref": "scopus-citedby", "@href": "https://www.scopus.com/inward/citedby.uri?partnerID=HzOxMe3b&scp=0027072726&origin=inward"}],"prism:url":"https://api.elsevier.com/content/abstract/scopus_id/0027072726","dc:identifier":"SCOPUS_ID:0027072726","eid":"2-s2.0-0027072726","dc:title":"Explaining sociopolitical change in Latin America: the case of Mexico","dc:creator":"Brachet-Marquez V.","prism:publicationName":"Latin American Research Review","prism:issn":"00238791","prism:volume":"27","prism:issueIdentifier":"3","prism:pageRange":"91-122","prism:coverDate":"1992-01-01","prism:coverDisplayDate":"1992","dc:description":"Despite visible signs of wear, the Mexican political system in the early 1990s still appears to be defying political change. This article proposes first to reassess the potential for analyzing political change of the models that were available to analysts when they began to turn to this problem. The discussion next examines the ways in which these models have influenced current debates on political change and then shows what benefits could be derived from their more systematic use. Four broad paradigms are defined: the clientelistic perspective, the pluralist perspective, the authoritarian-corporatist view, and the class view. -from Author","citedby-count":"12","prism:aggregationType":"Journal","subtype":"ar","subtypeDescription":"Article","author-count":{"@limit": "100", "@total": "1", "$" :"1"},"author": [{"@_fa": "true", "@seq": "1", "author-url":"https://api.elsevier.com/content/author/author_id/56000887800","authid":"56000887800","authname":"Brachet-Marquez V.","surname":"Brachet-Marquez","given-name":"V.","initials":"V."}],"source-id":"27733","fund-no":"undefined","openaccess":"0","openaccessFlag":false},{"@_fa": "true", "link": [{"@_fa": "true", "@ref": "self", "@href": "https://api.elsevier.com/content/abstract/scopus_id/0026471820"},{"@_fa": "true", "@ref": "author-affiliation", "@href": "https://api.elsevier.com/content/abstract/scopus_id/0026471820?field=author,affiliation"},{"@_fa": "true", "@ref": "scopus", "@href": "https://www.scopus.com/inward/record.uri?partnerID=HzOxMe3b&scp=0026471820&origin=inward"},{"@_fa": "true", "@ref": "scopus-citedby", "@href": "https://www.scopus.com/inward/citedby.uri?partnerID=HzOxMe3b&scp=0026471820&origin=inward"}],"prism:url":"https://api.elsevier.com/content/abstract/scopus_id/0026471820","dc:identifier":"SCOPUS_ID:0026471820","eid":"2-s2.0-0026471820","dc:title":"PROFESSIONALISM AND PUBLIC POLICY MAKING IN GREECE: THE INFLUENCE OF ENGINEERS IN THE LOCAL GOVERNMENT REFORMS","dc:creator":"CHRISTOFILOPOULOU P.","prism:publicationName":"Public Administration","prism:issn":"00333298","prism:eIssn":"14679299","prism:volume":"70","prism:issueIdentifier":"1","prism:pageRange":"99-118","prism:coverDate":"1992-01-01","prism:coverDisplayDate":"March 1992","prism:doi":"10.1111/j.1467-9299.1992.tb00928.x","dc:description":"The influence of Professionals in the formulation of public policies has been an issue of scientific research in the past decade. In this article we deal with a less examined as of this issue. Professional influence is analysed in the context of Greek public policy, where the intensely centralized administration is dominated by the demands of political clientelism. Focusing on the case of the influence of peers in local government reform between 1974 and 1989, the article reveals the role of Trofessiondism in the hesitant decentraiization of functions and resources to local authorities and the initiation of institutions that have allowed the birth and development of new organizations at the central and the local level. Given the shift towards partydirected patronage and the intense party politiciza‐tion of professional and trade organizations, the central state aparatus and the local authorities in post‐dictatorship Greece, professional influence in putlic policies is seen to be closely related to the rise of professionals in party hierarchies. The catalytic role of professionals in the promotion of reform policies reducing organizational diversity and fragmentation is understood within the context of the contradiction between the need to adapt state structures and practices in a rapidl changing international environment and the preservation of traditional political and acyministrative forces in key positions of the power structure. Copyright © 1992, Wiley Blackwell. All rights reserved","citedby-count":"3","prism:aggregationType":"Journal","subtype":"ar","subtypeDescription":"Article","author-count":{"@limit": "100", "@total": "1", "$" :"1"},"author": [{"@_fa": "true", "@seq": "1", "author-url":"https://api.elsevier.com/content/author/author_id/6505458693","authid":"6505458693","authname":"CHRISTOFILOPOULOU P.","surname":"CHRISTOFILOPOULOU","given-name":"PWKEVY","initials":"P."}],"source-id":"17162","fund-no":"undefined","openaccess":"0","openaccessFlag":false}]}}