{"search-results":{"opensearch:totalResults":"6","opensearch:startIndex":"0","opensearch:itemsPerPage":"6","opensearch:Query":{"@role": "request", "@searchTerms": "TITLE-ABS-KEY(\"clientelism\") AND SUBJAREA(SOCI) AND PUBYEAR = 1983", "@startPage": "0"},"link": [{"@_fa": "true", "@ref": "self", "@href": "https://api.elsevier.com/content/search/scopus?start=0&count=25&query=TITLE-ABS-KEY%28%22clientelism%22%29+AND+SUBJAREA%28SOCI%29+AND+PUBYEAR+%3D+1983&apiKey=27d953b4b546791964ebeb768d13e61f&view=COMPLETE", "@type": "application/json"},{"@_fa": "true", "@ref": "first", "@href": "https://api.elsevier.com/content/search/scopus?start=0&count=25&query=TITLE-ABS-KEY%28%22clientelism%22%29+AND+SUBJAREA%28SOCI%29+AND+PUBYEAR+%3D+1983&apiKey=27d953b4b546791964ebeb768d13e61f&view=COMPLETE", "@type": "application/json"}],"entry": [{"@_fa": "true", "link": [{"@_fa": "true", "@ref": "self", "@href": "https://api.elsevier.com/content/abstract/scopus_id/6144235296"},{"@_fa": "true", "@ref": "author-affiliation", "@href": "https://api.elsevier.com/content/abstract/scopus_id/6144235296?field=author,affiliation"},{"@_fa": "true", "@ref": "scopus", "@href": "https://www.scopus.com/inward/record.uri?partnerID=HzOxMe3b&scp=6144235296&origin=inward"},{"@_fa": "true", "@ref": "scopus-citedby", "@href": "https://www.scopus.com/inward/citedby.uri?partnerID=HzOxMe3b&scp=6144235296&origin=inward"}],"prism:url":"https://api.elsevier.com/content/abstract/scopus_id/6144235296","dc:identifier":"SCOPUS_ID:6144235296","eid":"2-s2.0-6144235296","dc:title":"Overcrowded policymaking: Some British and European reflections","dc:creator":"Richardson J.","prism:publicationName":"Policy Sciences","prism:issn":"00322687","prism:eIssn":"15730891","prism:volume":"15","prism:issueIdentifier":"3","prism:pageRange":"247-268","prism:coverDate":"1983-04-01","prism:coverDisplayDate":"April 1983","prism:doi":"10.1007/BF00136827","dc:description":"In practice many descriptions of the policy process appear to be more or less related to two main features of policymaking and implementing systems. (1) A government's approach to problem solving in terms of either an anticipatory or a reactive approach. (2) A government's relationship to other actors in the policymaking and implementing process. The interaction between these two features is defined as \"policy style.\" In the British case, the policy style is best characterized as bureaucratic accommodation, with five overlapping features - sectorization, clientelism, consultation and negotiation, the institutionalization of compromise, and the development of exchange relationships. This policy style, which is typical of much of Western Europe, leads to the overcrowding of the policy process and makes policy change more difficult. © 1983 Elsevier Science Publishers B.V.","citedby-count":"7","affiliation": [{"@_fa": "true", "affiliation-url":"https://api.elsevier.com/content/affiliation/affiliation_id/60024724","afid":"60024724","affilname":"University of Strathclyde","affiliation-city":"Glasgow","affiliation-country":"United Kingdom"},{"@_fa": "true", "affiliation-url":"https://api.elsevier.com/content/affiliation/affiliation_id/60015875","afid":"60015875","affilname":"University of Aberdeen","affiliation-city":"Aberdeen","affiliation-country":"United Kingdom"}],"prism:aggregationType":"Journal","subtype":"ar","subtypeDescription":"Article","author-count":{"@limit": "100", "@total": "2", "$" :"2"},"author": [{"@_fa": "true", "@seq": "1", "author-url":"https://api.elsevier.com/content/author/author_id/7404377532","authid":"7404377532","authname":"Richardson J.","surname":"Richardson","given-name":"J. J.","initials":"J.J.","afid": [{"@_fa": "true", "$" :"60024724"}]},{"@_fa": "true", "@seq": "2", "author-url":"https://api.elsevier.com/content/author/author_id/16476892200","authid":"16476892200","authname":"Jordan A.","surname":"Jordan","given-name":"A. G.","initials":"A.G.","afid": [{"@_fa": "true", "$" :"60015875"}]}],"source-id":"22773","fund-no":"undefined","openaccess":"0","openaccessFlag":false},{"@_fa": "true", "link": [{"@_fa": "true", "@ref": "self", "@href": "https://api.elsevier.com/content/abstract/scopus_id/84982763246"},{"@_fa": "true", "@ref": "author-affiliation", "@href": "https://api.elsevier.com/content/abstract/scopus_id/84982763246?field=author,affiliation"},{"@_fa": "true", "@ref": "scopus", "@href": "https://www.scopus.com/inward/record.uri?partnerID=HzOxMe3b&scp=84982763246&origin=inward"},{"@_fa": "true", "@ref": "scopus-citedby", "@href": "https://www.scopus.com/inward/citedby.uri?partnerID=HzOxMe3b&scp=84982763246&origin=inward"}],"prism:url":"https://api.elsevier.com/content/abstract/scopus_id/84982763246","dc:identifier":"SCOPUS_ID:84982763246","eid":"2-s2.0-84982763246","dc:title":"Clientelism","dc:creator":"Poggi G.","prism:publicationName":"Political Studies","prism:issn":"00323217","prism:eIssn":"14679248","prism:volume":"31","prism:issueIdentifier":"4","prism:pageRange":"662-667","prism:coverDate":"1983-01-01","prism:coverDisplayDate":"December 1983","prism:doi":"10.1111/j.1467-9248.1983.tb01361.x","citedby-count":"6","prism:aggregationType":"Journal","subtype":"ar","subtypeDescription":"Article","author-count":{"@limit": "100", "@total": "1", "$" :"1"},"author": [{"@_fa": "true", "@seq": "1", "author-url":"https://api.elsevier.com/content/author/author_id/57188916064","authid":"57188916064","authname":"Poggi G.","surname":"Poggi","given-name":"Gianfranco","initials":"G.","afid": [{"@_fa": "true", "$" :"60027272"}]}],"source-id":"22890","fund-no":"undefined","openaccess":"0","openaccessFlag":false},{"@_fa": "true", "link": [{"@_fa": "true", "@ref": "self", "@href": "https://api.elsevier.com/content/abstract/scopus_id/84971792384"},{"@_fa": "true", "@ref": "author-affiliation", "@href": "https://api.elsevier.com/content/abstract/scopus_id/84971792384?field=author,affiliation"},{"@_fa": "true", "@ref": "scopus", "@href": "https://www.scopus.com/inward/record.uri?partnerID=HzOxMe3b&scp=84971792384&origin=inward"},{"@_fa": "true", "@ref": "scopus-citedby", "@href": "https://www.scopus.com/inward/citedby.uri?partnerID=HzOxMe3b&scp=84971792384&origin=inward"}],"prism:url":"https://api.elsevier.com/content/abstract/scopus_id/84971792384","dc:identifier":"SCOPUS_ID:84971792384","eid":"2-s2.0-84971792384","dc:title":"Modern patron-client relations and historical clientelism: Some clues from ancient Republican Rome","dc:creator":"Roniger L.","prism:publicationName":"European Journal of Sociology","prism:issn":"00039756","prism:eIssn":"14740583","prism:volume":"24","prism:issueIdentifier":"1","prism:pageRange":"63-95","prism:coverDate":"1983-01-01","prism:coverDisplayDate":"1983","prism:doi":"10.1017/S0003975600003969","citedby-count":"7","prism:aggregationType":"Journal","subtype":"ar","subtypeDescription":"Article","author-count":{"@limit": "100", "@total": "1", "$" :"1"},"author": [{"@_fa": "true", "@seq": "1", "author-url":"https://api.elsevier.com/content/author/author_id/8633781000","authid":"8633781000","authname":"Roniger L.","surname":"Roniger","given-name":"Luis","initials":"L."}],"source-id":"14402","fund-no":"undefined","openaccess":"0","openaccessFlag":false},{"@_fa": "true", "link": [{"@_fa": "true", "@ref": "self", "@href": "https://api.elsevier.com/content/abstract/scopus_id/84973744321"},{"@_fa": "true", "@ref": "author-affiliation", "@href": "https://api.elsevier.com/content/abstract/scopus_id/84973744321?field=author,affiliation"},{"@_fa": "true", "@ref": "scopus", "@href": "https://www.scopus.com/inward/record.uri?partnerID=HzOxMe3b&scp=84973744321&origin=inward"},{"@_fa": "true", "@ref": "scopus-citedby", "@href": "https://www.scopus.com/inward/citedby.uri?partnerID=HzOxMe3b&scp=84973744321&origin=inward"}],"prism:url":"https://api.elsevier.com/content/abstract/scopus_id/84973744321","dc:identifier":"SCOPUS_ID:84973744321","eid":"2-s2.0-84973744321","dc:title":"Political clientelism in political studies:Retrospect and Prospects","dc:creator":"Landé C.","prism:publicationName":"International Political Science Review","prism:issn":"01925121","prism:eIssn":"1460373X","prism:volume":"4","prism:issueIdentifier":"4","prism:pageRange":"435-454","prism:coverDate":"1983-01-01","prism:coverDisplayDate":"October 1983","prism:doi":"10.1177/019251218300400403","dc:description":"This article assesses the state of research on political clientelism by examining two collections of recent articles on that subject. It finds that the collections include many descriptions of change in the nature of patron-client relationships as well as some models of political systems containing clientelist components and some two-case comparisons. But the collections contain no reports on attempts to test hypotheses concerning clientelism in a systematic fashion. This is explained in large part by the nature of patron-client relationships and other dyadic structures: They are amorphous, latent, elusive, and ubiquitous, and have certain problems of conception and explanation. The systematic testing of hypotheses will require ways to measure dyadic structures. Such measurement should first be carried out at the middle or institutional level of political systems. It is suggested that dyads may be identified and measured most easily if they are conceived as addenda attached to institutionalized relationships or structures. © 1983, Sage Publications. All rights reserved.","citedby-count":"31","affiliation": [{"@_fa": "true", "affiliation-url":"https://api.elsevier.com/content/affiliation/affiliation_id/100675184","afid":"100675184","affilname":"University of Kansas","affiliation-city":"Wichita","affiliation-country":"United States"}],"prism:aggregationType":"Journal","subtype":"ar","subtypeDescription":"Article","author-count":{"@limit": "100", "@total": "1", "$" :"1"},"author": [{"@_fa": "true", "@seq": "1", "author-url":"https://api.elsevier.com/content/author/author_id/6602910097","authid":"6602910097","authname":"Landé C.","surname":"Landé","given-name":"Carl H.","initials":"C.H.","afid": [{"@_fa": "true", "$" :"100675184"}]}],"source-id":"25833","fund-no":"undefined","openaccess":"0","openaccessFlag":false},{"@_fa": "true", "link": [{"@_fa": "true", "@ref": "self", "@href": "https://api.elsevier.com/content/abstract/scopus_id/84970113518"},{"@_fa": "true", "@ref": "author-affiliation", "@href": "https://api.elsevier.com/content/abstract/scopus_id/84970113518?field=author,affiliation"},{"@_fa": "true", "@ref": "scopus", "@href": "https://www.scopus.com/inward/record.uri?partnerID=HzOxMe3b&scp=84970113518&origin=inward"},{"@_fa": "true", "@ref": "scopus-citedby", "@href": "https://www.scopus.com/inward/citedby.uri?partnerID=HzOxMe3b&scp=84970113518&origin=inward"}],"prism:url":"https://api.elsevier.com/content/abstract/scopus_id/84970113518","dc:identifier":"SCOPUS_ID:84970113518","eid":"2-s2.0-84970113518","dc:title":"Bases of elite support for a regime: Race, Ideology, and Clientelism as Bases for Leaders in Guyana and Trinidad","dc:creator":"Hintzen P.","prism:publicationName":"Comparative Political Studies","prism:issn":"00104140","prism:eIssn":"15523829","prism:volume":"16","prism:issueIdentifier":"3","prism:pageRange":"363-391","prism:coverDate":"1983-01-01","prism:coverDisplayDate":"October 1983","prism:doi":"10.1177/0010414083016003004","dc:description":"The attitudes, patterns of alignments, and composition of the most powerful and influential leaders in Guyana and Trinidad—selected by a two-stage positional-reputational method—are compared and the findings related to the different developmental strategies adopted by the two governments: third world socialism in the case of Guyana, and capitalism in the Trinidadian case. It is shown that clientelistic co-optation and, to a lesser extent, appeals to race can and do overcome ideologically rooted opposition to a ruling party; however, when the regime's ideological position, as reflected in its policies, is compatible with elite interests, the importance of race and clientelism declines, except for co-optation of leaders representing lower class interests. In both countries, the composition of the group of elites shows a proliferation of those representing middle- and upper-class socioeconomic sectors of the society. © 1983, SAGE PUBLICATIONS. All rights reserved.","citedby-count":"0","affiliation": [{"@_fa": "true", "affiliation-url":"https://api.elsevier.com/content/affiliation/affiliation_id/60025038","afid":"60025038","affilname":"University of California, Berkeley","affiliation-city":"Berkeley","affiliation-country":"United States"}],"prism:aggregationType":"Journal","subtype":"ar","subtypeDescription":"Article","author-count":{"@limit": "100", "@total": "1", "$" :"1"},"author": [{"@_fa": "true", "@seq": "1", "author-url":"https://api.elsevier.com/content/author/author_id/7003575126","authid":"7003575126","authname":"Hintzen P.","surname":"Hintzen","given-name":"Percy C.","initials":"P.C.","afid": [{"@_fa": "true", "$" :"60025038"}]}],"source-id":"13447","fund-no":"undefined","openaccess":"0","openaccessFlag":false},{"@_fa": "true", "link": [{"@_fa": "true", "@ref": "self", "@href": "https://api.elsevier.com/content/abstract/scopus_id/84972691434"},{"@_fa": "true", "@ref": "author-affiliation", "@href": "https://api.elsevier.com/content/abstract/scopus_id/84972691434?field=author,affiliation"},{"@_fa": "true", "@ref": "scopus", "@href": "https://www.scopus.com/inward/record.uri?partnerID=HzOxMe3b&scp=84972691434&origin=inward"},{"@_fa": "true", "@ref": "scopus-citedby", "@href": "https://www.scopus.com/inward/citedby.uri?partnerID=HzOxMe3b&scp=84972691434&origin=inward"}],"prism:url":"https://api.elsevier.com/content/abstract/scopus_id/84972691434","dc:identifier":"SCOPUS_ID:84972691434","eid":"2-s2.0-84972691434","dc:title":"Everyday forms of class struggle between ex-patrons and ex-clients","dc:creator":"Scott J.","prism:publicationName":"International Political Science Review","prism:issn":"01925121","prism:eIssn":"1460373X","prism:volume":"4","prism:issueIdentifier":"4","prism:pageRange":"537-556","prism:coverDate":"1983-01-01","prism:coverDisplayDate":"October 1983","prism:doi":"10.1177/019251218300400407","dc:description":"The green revolution in Malaysia, as elsewhere, has produced higher incomes and economic security for large farmers, and stagnant or declining incomes for the poor. In the case reported here, the advent of double-cropping, new tenure systems, and combine harvesting has allowed wealthy villagers to strip away the employment, land rental, and social concessions on which the traditional patron-client relations were based. Islamic charity has also been curtailed now that the rich have little need for the services of the poor. As a consequence, class relations have become more acrimonious. This takes the form of gossip and character assassination in which the immediate agents of change (rather than those more distant) are blamed and in which accusations of stinginess and tightfistedness prevail. The violation of the norms of generosity and reciprocity on which the ideology of clientelism rests leads to a form of class consciousness that stresses the personal, moral failings of the ex-patron class. © 1983, Sage Publications. All rights reserved.","citedby-count":"1","affiliation": [{"@_fa": "true", "affiliation-url":"https://api.elsevier.com/content/affiliation/affiliation_id/60005455","afid":"60005455","affilname":"Yale University","affiliation-city":"New Haven","affiliation-country":"United States"}],"prism:aggregationType":"Journal","subtype":"ar","subtypeDescription":"Article","author-count":{"@limit": "100", "@total": "1", "$" :"1"},"author": [{"@_fa": "true", "@seq": "1", "author-url":"https://api.elsevier.com/content/author/author_id/57151716400","authid":"57151716400","authname":"Scott J.","surname":"Scott","given-name":"James C.","initials":"J.C.","afid": [{"@_fa": "true", "$" :"60005455"}]}],"source-id":"25833","fund-no":"undefined","openaccess":"0","openaccessFlag":false}]}}