{"search-results":{"opensearch:totalResults":"110","opensearch:startIndex":"0","opensearch:itemsPerPage":"25","opensearch:Query":{"@role": "request", "@searchTerms": "TITLE-ABS-KEY(\"clientelism\") AND SUBJAREA(SOCI) AND PUBYEAR = 2017", "@startPage": "0"},"link": [{"@_fa": "true", "@ref": "self", "@href": "https://api.elsevier.com/content/search/scopus?start=0&count=25&query=TITLE-ABS-KEY%28%22clientelism%22%29+AND+SUBJAREA%28SOCI%29+AND+PUBYEAR+%3D+2017&apiKey=27d953b4b546791964ebeb768d13e61f&view=COMPLETE", "@type": "application/json"},{"@_fa": "true", "@ref": "first", "@href": "https://api.elsevier.com/content/search/scopus?start=0&count=25&query=TITLE-ABS-KEY%28%22clientelism%22%29+AND+SUBJAREA%28SOCI%29+AND+PUBYEAR+%3D+2017&apiKey=27d953b4b546791964ebeb768d13e61f&view=COMPLETE", "@type": "application/json"},{"@_fa": "true", "@ref": "next", "@href": "https://api.elsevier.com/content/search/scopus?start=25&count=25&query=TITLE-ABS-KEY%28%22clientelism%22%29+AND+SUBJAREA%28SOCI%29+AND+PUBYEAR+%3D+2017&apiKey=27d953b4b546791964ebeb768d13e61f&view=COMPLETE", "@type": "application/json"},{"@_fa": "true", "@ref": "last", "@href": "https://api.elsevier.com/content/search/scopus?start=85&count=25&query=TITLE-ABS-KEY%28%22clientelism%22%29+AND+SUBJAREA%28SOCI%29+AND+PUBYEAR+%3D+2017&apiKey=27d953b4b546791964ebeb768d13e61f&view=COMPLETE", "@type": "application/json"}],"entry": [{"@_fa": "true", "link": [{"@_fa": "true", "@ref": "self", "@href": "https://api.elsevier.com/content/abstract/scopus_id/85039172481"},{"@_fa": "true", "@ref": "author-affiliation", "@href": "https://api.elsevier.com/content/abstract/scopus_id/85039172481?field=author,affiliation"},{"@_fa": "true", "@ref": "scopus", "@href": "https://www.scopus.com/inward/record.uri?partnerID=HzOxMe3b&scp=85039172481&origin=inward"},{"@_fa": "true", "@ref": "scopus-citedby", "@href": "https://www.scopus.com/inward/citedby.uri?partnerID=HzOxMe3b&scp=85039172481&origin=inward"}],"prism:url":"https://api.elsevier.com/content/abstract/scopus_id/85039172481","dc:identifier":"SCOPUS_ID:85039172481","eid":"2-s2.0-85039172481","dc:title":"Proportional Representation, Large District Magnitude and Closed Lists","dc:creator":"Buben R.","prism:publicationName":"World Political Science","prism:eIssn":"23634782","prism:volume":"13","prism:issueIdentifier":"2","prism:pageRange":"151-191","prism:coverDate":"2017-12-20","prism:coverDisplayDate":"20 December 2017","prism:doi":"10.1515/wps-2017-0007","dc:description":"© 2017 Walter de Gruyter GmbH, Berlin/Boston. Choosing the type of electoral system in new democracies has become a contested issue for social scientists as well as for political actors. Contrary to the state of the public debate on the issue, the article advances the position from a multidisciplinary standpoint (political science, historical sociology, economics) that proportional representation with large districts and closed lists performs better on a variety of key indicators. We review recent literature on the performance of electoral systems especially in post-communist and Latin American democracies. The article identifies the centripetal theory of democracy as a normative basis for our institutional prescriptions and discusses how distinct types of political representation relate to the debate on electoral systems. We focus especially on four main concerns commonly associated with proportional representation (the rise of \"extremist\" parties, government instability, party system deconsolidation, and corruption and clientelism). Contrary to much of the public debate on electoral systems, we conclude that further steps towards personalization (by opening lists or reducing district magnitude) are not advisable.","citedby-count":"0","affiliation": [{"@_fa": "true", "affiliation-url":"https://api.elsevier.com/content/affiliation/affiliation_id/60016605","afid":"60016605","affilname":"Charles University","affiliation-city":"Prague Praha","affiliation-country":"Czech Republic"},{"@_fa": "true", "affiliation-url":"https://api.elsevier.com/content/affiliation/affiliation_id/60000474","afid":"60000474","affilname":"Univerzita Hradec Králové","affiliation-city":"Hradec Kralove","affiliation-country":"Czech Republic"}],"prism:aggregationType":"Journal","subtype":"ar","subtypeDescription":"Article","author-count":{"@limit": "100", "@total": "2", "$" :"2"},"author": [{"@_fa": "true", "@seq": "1", "author-url":"https://api.elsevier.com/content/author/author_id/57200082179","authid":"57200082179","authname":"Buben R.","surname":"Buben","given-name":"Radek","initials":"R.","afid": [{"@_fa": "true", "$" :"60016605"}]},{"@_fa": "true", "@seq": "2", "author-url":"https://api.elsevier.com/content/author/author_id/23473626100","authid":"23473626100","authname":"Kouba K.","surname":"Kouba","given-name":"Karel","initials":"K.","afid": [{"@_fa": "true", "$" :"60000474"}]}],"authkeywords":"democracy | electoral systems | Latin America | post-communist countries | proportional representation","source-id":"21100462919","fund-no":"undefined","fund-sponsor":"Charles Babbage Institute, University of Minnesota","openaccess":"0","openaccessFlag":false},{"@_fa": "true", "link": [{"@_fa": "true", "@ref": "self", "@href": "https://api.elsevier.com/content/abstract/scopus_id/85040819125"},{"@_fa": "true", "@ref": "author-affiliation", "@href": "https://api.elsevier.com/content/abstract/scopus_id/85040819125?field=author,affiliation"},{"@_fa": "true", "@ref": "scopus", "@href": "https://www.scopus.com/inward/record.uri?partnerID=HzOxMe3b&scp=85040819125&origin=inward"},{"@_fa": "true", "@ref": "scopus-citedby", "@href": "https://www.scopus.com/inward/citedby.uri?partnerID=HzOxMe3b&scp=85040819125&origin=inward"}],"prism:url":"https://api.elsevier.com/content/abstract/scopus_id/85040819125","dc:identifier":"SCOPUS_ID:85040819125","eid":"2-s2.0-85040819125","dc:title":"Clientelism and corruption in context of low statehood, a mutualistic relationship","dc:creator":"Díaz E.","prism:publicationName":"Revista de Sociologia e Politica","prism:issn":"01044478","prism:eIssn":"16789873","prism:volume":"25","prism:issueIdentifier":"64","prism:pageRange":"73-98","prism:coverDate":"2017-12-01","prism:coverDisplayDate":"1 December 2017","prism:doi":"10.1590/1678-987317256406","dc:description":"This article aims to investigate the type of relationship between political clientelism and corruption in contexts of low stateness. The article proposes that both corruption and clientelism are two distinct phenomena with their own characteristics and that although they are distinguishable at the theoretical level, empirical level is difficult to distinguish. In contexts of low statehood a relationship of mutualism is established since the networks that compose them overlap, communicate and benefit each other. In order to meet the research objective, a qualitative methodology was used. Specifically, 30 interviews were carried out in depth (9 municipal authorities, 4 municipal officials, 14 presidents of social and community organizations and 3 suppliers Of goods and services to the municipality). The context in which the investigation was carried out were three municipalities of the Region of the Araucanía in Chile that present a low degree of stateness. The content of the interviews were analyzed from the phenomenological analysis seeking to explain and describe the relations between clientelism and corruption. Among the main results obtained is that there is a type of relationship that can be very beneficial, that is to say, mutualistic, between clientelism and corruption. The article pretends to be an empirical contribution to the discussion about the relations that are established between political clientelism and corruption in certain contexts. At the same time, the concepts of political clientelism and corruption are understood as a social phenomenon that disrupt the formality of processes and therefore are not confined to phenomena that are necessarily linked to illegality. In other words, they are concepts that are understood as being detached from a moral connotation.","citedby-count":"0","affiliation": [{"@_fa": "true", "affiliation-url":"https://api.elsevier.com/content/affiliation/affiliation_id/60025749","afid":"60025749","affilname":"Universidad Católica de Temuco","affiliation-city":"Temuco","affiliation-country":"Chile"},{"@_fa": "true", "affiliation-url":"https://api.elsevier.com/content/affiliation/affiliation_id/60012464","afid":"60012464","affilname":"Universidad de Chile","affiliation-city":"Santiago","affiliation-country":"Chile"}],"prism:aggregationType":"Journal","subtype":"ar","subtypeDescription":"Article","author-count":{"@limit": "100", "@total": "2", "$" :"2"},"author": [{"@_fa": "true", "@seq": "1", "author-url":"https://api.elsevier.com/content/author/author_id/57200324931","authid":"57200324931","authname":"Díaz E.","surname":"Díaz","given-name":"Emilio Moya","initials":"E.M.","afid": [{"@_fa": "true", "$" :"60012464"}]},{"@_fa": "true", "@seq": "2", "author-url":"https://api.elsevier.com/content/author/author_id/57200321919","authid":"57200321919","authname":"Raimán D.","surname":"Raimán","given-name":"Daniel Paillama Z.","initials":"D.P.Z.","afid": [{"@_fa": "true", "$" :"60025749"}]}],"authkeywords":"Chile | Clientelism | Corruption | Phenomenological analysis | Statehood","source-id":"5200152619","fund-no":"undefined","fund-sponsor":"Inter-American Development Bank","openaccess":"1","openaccessFlag":true},{"@_fa": "true", "link": [{"@_fa": "true", "@ref": "self", "@href": "https://api.elsevier.com/content/abstract/scopus_id/85040935434"},{"@_fa": "true", "@ref": "author-affiliation", "@href": "https://api.elsevier.com/content/abstract/scopus_id/85040935434?field=author,affiliation"},{"@_fa": "true", "@ref": "scopus", "@href": "https://www.scopus.com/inward/record.uri?partnerID=HzOxMe3b&scp=85040935434&origin=inward"},{"@_fa": "true", "@ref": "scopus-citedby", "@href": "https://www.scopus.com/inward/citedby.uri?partnerID=HzOxMe3b&scp=85040935434&origin=inward"}],"prism:url":"https://api.elsevier.com/content/abstract/scopus_id/85040935434","dc:identifier":"SCOPUS_ID:85040935434","eid":"2-s2.0-85040935434","dc:title":"The 2017 pilkada (local elections) in Indonesia: Clientelism, programmatic politics and social networks","dc:creator":"Aspinall E.","prism:publicationName":"Contemporary Southeast Asia","prism:issn":"0129797X","prism:volume":"39","prism:issueIdentifier":"3","prism:pageRange":"417-426","prism:coverDate":"2017-12-01","prism:coverDisplayDate":"December 2017","prism:doi":"10.1355/cs39-3a","citedby-count":"1","affiliation": [{"@_fa": "true", "affiliation-url":"https://api.elsevier.com/content/affiliation/affiliation_id/60069380","afid":"60069380","affilname":"Universitas Gadjah Mada","affiliation-city":"Yogyakarta","affiliation-country":"Indonesia"},{"@_fa": "true", "affiliation-url":"https://api.elsevier.com/content/affiliation/affiliation_id/60008950","afid":"60008950","affilname":"Australian National University","affiliation-city":"Canberra","affiliation-country":"Australia"}],"prism:aggregationType":"Journal","subtype":"ar","subtypeDescription":"Article","author-count":{"@limit": "100", "@total": "2", "$" :"2"},"author": [{"@_fa": "true", "@seq": "1", "author-url":"https://api.elsevier.com/content/author/author_id/13606854800","authid":"13606854800","authname":"Aspinall E.","surname":"Aspinall","given-name":"Edward","initials":"E.","afid": [{"@_fa": "true", "$" :"60008950"}]},{"@_fa": "true", "@seq": "2", "author-url":"https://api.elsevier.com/content/author/author_id/57200339605","authid":"57200339605","authname":"Mas’Udi W.","surname":"Mas’Udi","given-name":"Wawan","initials":"W.","afid": [{"@_fa": "true", "$" :"60069380"}]}],"source-id":"13519","fund-no":"DP140103114","fund-sponsor":"Australian Research Council","openaccess":"0","openaccessFlag":false},{"@_fa": "true", "link": [{"@_fa": "true", "@ref": "self", "@href": "https://api.elsevier.com/content/abstract/scopus_id/85047993214"},{"@_fa": "true", "@ref": "author-affiliation", "@href": "https://api.elsevier.com/content/abstract/scopus_id/85047993214?field=author,affiliation"},{"@_fa": "true", "@ref": "scopus", "@href": "https://www.scopus.com/inward/record.uri?partnerID=HzOxMe3b&scp=85047993214&origin=inward"},{"@_fa": "true", "@ref": "scopus-citedby", "@href": "https://www.scopus.com/inward/citedby.uri?partnerID=HzOxMe3b&scp=85047993214&origin=inward"}],"prism:url":"https://api.elsevier.com/content/abstract/scopus_id/85047993214","dc:identifier":"SCOPUS_ID:85047993214","eid":"2-s2.0-85047993214","dc:title":"Electoral clientelism as status affirmation in Africa: Evidence from Ghana","dc:creator":"Gadjanova E.","prism:publicationName":"Journal of Modern African Studies","prism:issn":"0022278X","prism:eIssn":"14697777","prism:volume":"55","prism:issueIdentifier":"4","prism:pageRange":"593-621","prism:coverDate":"2017-12-01","prism:coverDisplayDate":"1 December 2017","prism:doi":"10.1017/S0022278X17000416","pii":"S0022278X17000416","dc:description":"Copyright © 2017 Cambridge University Press. Why does electoral clientelism persist when ballots are secret and elections are competitive? The provision of material rewards during campaigns is seen as the standard way politicians secure votes in 'patronage democracies'. Yet monitoring clientelistic bargains is difficult when voting is secret, several competitors may provide material inducements simultaneously, voters view such inducements as gifts and not obligations, and candidates' records are more credible signals of future performance. I argue that where elections are competitive and voters expect gifts, candidates engage in a two-pronged strategy: affirm their own status through public displays of wealth, and undermine opponents' rewards by matching inducements or encouraging voters to break reciprocity norms. In result, neither side's gifts are sufficient for a win, and parties are forced to pursue different linkage mechanisms to voters. One such mechanism involves defining and targeting broader constituencies through policy proposals. Micro-level data from Ghana confirm these expectations. The theory is better suited to environments where candidates' past records are known to constituents than existing explanations, and accounts for the apparent contradiction between the ubiquity of campaign clientelism in Sub-Saharan Africa and recent empirical findings that performance evaluations and non-contingent incentives matter most to voters.","citedby-count":"2","affiliation": [{"@_fa": "true", "affiliation-url":"https://api.elsevier.com/content/affiliation/affiliation_id/60013245","afid":"60013245","affilname":"Max Planck Institut zur Erforschung multireligiöser und multiethnischer Gesellschaften","affiliation-city":"Gottingen","affiliation-country":"Germany"}],"prism:aggregationType":"Journal","subtype":"re","subtypeDescription":"Review","author-count":{"@limit": "100", "@total": "1", "$" :"1"},"author": [{"@_fa": "true", "@seq": "1", "author-url":"https://api.elsevier.com/content/author/author_id/55831134600","authid":"55831134600","authname":"Gadjanova E.","surname":"Gadjanova","given-name":"Elena","initials":"E.","afid": [{"@_fa": "true", "$" :"60013245"}]}],"source-id":"20318","fund-acr":"Princeton","fund-no":"undefined","fund-sponsor":"Princeton University","openaccess":"0","openaccessFlag":false},{"@_fa": "true", "link": [{"@_fa": "true", "@ref": "self", "@href": "https://api.elsevier.com/content/abstract/scopus_id/85040923884"},{"@_fa": "true", "@ref": "author-affiliation", "@href": "https://api.elsevier.com/content/abstract/scopus_id/85040923884?field=author,affiliation"},{"@_fa": "true", "@ref": "scopus", "@href": "https://www.scopus.com/inward/record.uri?partnerID=HzOxMe3b&scp=85040923884&origin=inward"},{"@_fa": "true", "@ref": "scopus-citedby", "@href": "https://www.scopus.com/inward/citedby.uri?partnerID=HzOxMe3b&scp=85040923884&origin=inward"}],"prism:url":"https://api.elsevier.com/content/abstract/scopus_id/85040923884","dc:identifier":"SCOPUS_ID:85040923884","eid":"2-s2.0-85040923884","dc:title":"Adaptation and continuities in clientelism in a fishing community in Takalar, South Sulawesi","dc:creator":"Haryanto","prism:publicationName":"Contemporary Southeast Asia","prism:issn":"0129797X","prism:volume":"39","prism:issueIdentifier":"3","prism:pageRange":"511-531","prism:coverDate":"2017-12-01","prism:coverDisplayDate":"December 2017","prism:doi":"10.1355/cs39-3f","dc:description":"© 2017 ISEAS - Yusof Ishak Institute. This article examines clientelistic politics during a local election in a fishing community in South Sulawesi, Indonesia. Numerous studies have identified Indonesia’s fishing communities as locations of hierarchical social relations characterized by patron-client relations connecting boat owners and other traders with fishers, in which the latter are frequently deeply indebted to the former. Through a study of the 2017 local election in Takalar district, this article demonstrates that these social patterns are readily transferred to the political sphere, giving rise to a form of traditional brokerage in which coastal patrons act on behalf of candidates to direct their clients’ voting behaviour. At the same time, coastal villages also saw significant patrimonial brokerage, in which the key actors were state officials, and political brokerage in which candidates formed campaign teams involving miscellaneous political and social networks and local community leaders. Distribution of patronage, in the form of money, goods and favours, was widespread. This article thus illustrates the complexity and competitiveness of contemporary clientelistic politics in Indonesia, including in a community in which traditional forms of clientelism are deeply entrenched.","citedby-count":"0","affiliation": [{"@_fa": "true", "affiliation-url":"https://api.elsevier.com/content/affiliation/affiliation_id/60069390","afid":"60069390","affilname":"Hasanuddin University","affiliation-city":"Makassar","affiliation-country":"Indonesia"}],"prism:aggregationType":"Journal","subtype":"ar","subtypeDescription":"Article","author-count":{"@limit": "100", "@total": "1", "$" :"1"},"author": [{"@_fa": "true", "@seq": "1", "author-url":"https://api.elsevier.com/content/author/author_id/57200334993","authid":"57200334993","authname":"Haryanto","surname":"Haryanto","given-name":null,"initials":null,"afid": [{"@_fa": "true", "$" :"60069390"}]}],"authkeywords":"Brokerage | Clientelism | Fisheries | Indonesia | Local elections","source-id":"13519","fund-no":"undefined","openaccess":"0","openaccessFlag":false},{"@_fa": "true", "link": [{"@_fa": "true", "@ref": "self", "@href": "https://api.elsevier.com/content/abstract/scopus_id/85040945188"},{"@_fa": "true", "@ref": "author-affiliation", "@href": "https://api.elsevier.com/content/abstract/scopus_id/85040945188?field=author,affiliation"},{"@_fa": "true", "@ref": "scopus", "@href": "https://www.scopus.com/inward/record.uri?partnerID=HzOxMe3b&scp=85040945188&origin=inward"},{"@_fa": "true", "@ref": "scopus-citedby", "@href": "https://www.scopus.com/inward/citedby.uri?partnerID=HzOxMe3b&scp=85040945188&origin=inward"}],"prism:url":"https://api.elsevier.com/content/abstract/scopus_id/85040945188","dc:identifier":"SCOPUS_ID:85040945188","eid":"2-s2.0-85040945188","dc:title":"The power of female brokers: Local elections in North Aceh","dc:creator":"Darwin R.","prism:publicationName":"Contemporary Southeast Asia","prism:issn":"0129797X","prism:volume":"39","prism:issueIdentifier":"3","prism:pageRange":"532-551","prism:coverDate":"2017-12-01","prism:coverDisplayDate":"December 2017","prism:doi":"10.1355/cs39-3g","dc:description":"© 2017 ISEAS - Yusof Ishak Institute. Electoral politics in developing democracies, including Indonesia, tend to be characterized by clientelism. Women’s position within clientelist relationships is usually discussed in terms of being objects of exploitation rather than being active political agents. This article offers a different perspective, showing that women exercised considerable agency as brokers in the 2017 election in the district of North Aceh. Aceh’s culture has been shaped by colonial history, religiosity and experience of secessionist conflict and the 2004 tsunami. Together, these forces have reconstituted the space for women in politics, providing new opportunities for agency despite patriarchal structures and expectations. The analysis here shows that women brokers exercised significant autonomy in decisionmaking in the two most successful campaigns in this election, and they played critical roles as connectors, distributors and mobilizers. In doing so, they reached out both to men and women, and targeted the former using much the same methods as their male counterparts, the latter by using female-centred networks, appeals, gifts and language.","citedby-count":"0","affiliation": [{"@_fa": "true", "affiliation-url":"https://api.elsevier.com/content/affiliation/affiliation_id/60107288","afid":"60107288","affilname":"Universitas Islam Negeri Ar-Raniry","affiliation-city":"Banda Aceh","affiliation-country":"Indonesia"}],"prism:aggregationType":"Journal","subtype":"ar","subtypeDescription":"Article","author-count":{"@limit": "100", "@total": "1", "$" :"1"},"author": [{"@_fa": "true", "@seq": "1", "author-url":"https://api.elsevier.com/content/author/author_id/57200331498","authid":"57200331498","authname":"Darwin R.","surname":"Darwin","given-name":"Rizkika Lhena","initials":"R.L.","afid": [{"@_fa": "true", "$" :"60107288"}]}],"authkeywords":"Clientelism | Female agency | Female brokers | Gender relations | Local elections","source-id":"13519","fund-no":"undefined","openaccess":"0","openaccessFlag":false},{"@_fa": "true", "link": [{"@_fa": "true", "@ref": "self", "@href": "https://api.elsevier.com/content/abstract/scopus_id/85025453950"},{"@_fa": "true", "@ref": "author-affiliation", "@href": "https://api.elsevier.com/content/abstract/scopus_id/85025453950?field=author,affiliation"},{"@_fa": "true", "@ref": "scopus", "@href": "https://www.scopus.com/inward/record.uri?partnerID=HzOxMe3b&scp=85025453950&origin=inward"},{"@_fa": "true", "@ref": "scopus-citedby", "@href": "https://www.scopus.com/inward/citedby.uri?partnerID=HzOxMe3b&scp=85025453950&origin=inward"}],"prism:url":"https://api.elsevier.com/content/abstract/scopus_id/85025453950","dc:identifier":"SCOPUS_ID:85025453950","eid":"2-s2.0-85025453950","dc:title":"Co-Investment and Clientelism as Informal Institutions: Beyond ‘Good Enough’ Property Rights Protection","dc:creator":"Hamilton-Hart N.","prism:publicationName":"Studies in Comparative International Development","prism:issn":"00393606","prism:volume":"52","prism:issueIdentifier":"4","prism:pageRange":"416-435","prism:coverDate":"2017-12-01","prism:coverDisplayDate":"1 December 2017","prism:doi":"10.1007/s12116-017-9250-1","dc:description":"© 2017, Springer Science+Business Media, LLC. How do we explain high rates of investment in the production of oil palm in Indonesia under conditions of legal uncertainty and uneven protection of property rights? This article argues that what are commonly seen as deficiencies in the formal institutional environment actually enabled investment, but only when informal institutions were able to provide investor assurances. Although the finding that informal institutions provide investor assurances is not new, this study addresses outstanding questions about how such informal institutions work. An examination of the micro-level details of informal institutions in the oil palm industry shows that informal institutions frequently grouped under umbrella terms such as ‘patronage’ or ‘relational ties’ are not uniform. Rather, two types of informal relational tie operate to provide investor assurances: clientelistic and co-investment. Although they serve similar purposes, clientelistic ties work well only under restrictive conditions and are vulnerable to decay. Co-investment, in contrast, is a more robust informal institution, especially when political power is fragmented. Although co-investment provides investor assurances under conditions of legal uncertainty, it remains a particularistic solution and does not guarantee generalized public interest protections.","citedby-count":"0","affiliation": [{"@_fa": "true", "affiliation-url":"https://api.elsevier.com/content/affiliation/affiliation_id/60005686","afid":"60005686","affilname":"University of Auckland","affiliation-city":"Auckland","affiliation-country":"New Zealand"},{"@_fa": "true", "affiliation-url":"https://api.elsevier.com/content/affiliation/affiliation_id/112683212","afid":"112683212","affilname":"Independent scholar","affiliation-city":"Auckland","affiliation-country":"New Zealand"}],"prism:aggregationType":"Journal","subtype":"ar","subtypeDescription":"Article","author-count":{"@limit": "100", "@total": "2", "$" :"2"},"author": [{"@_fa": "true", "@seq": "1", "author-url":"https://api.elsevier.com/content/author/author_id/6507129694","authid":"6507129694","authname":"Hamilton-Hart N.","surname":"Hamilton-Hart","given-name":"Natasha","initials":"N.","afid": [{"@_fa": "true", "$" :"60005686"}]},{"@_fa": "true", "@seq": "2", "author-url":"https://api.elsevier.com/content/author/author_id/56053451100","authid":"56053451100","authname":"Palmer B.","surname":"Palmer","given-name":"Blair","initials":"B.","afid": [{"@_fa": "true", "$" :"112683212"}]}],"authkeywords":"Clientelism | Indonesia | Informal institutions | Palm oil | Property rights | Rents","source-id":"26587","fund-no":"3700883","fund-sponsor":"University of Auckland","openaccess":"0","openaccessFlag":false},{"@_fa": "true", "link": [{"@_fa": "true", "@ref": "self", "@href": "https://api.elsevier.com/content/abstract/scopus_id/85040924508"},{"@_fa": "true", "@ref": "author-affiliation", "@href": "https://api.elsevier.com/content/abstract/scopus_id/85040924508?field=author,affiliation"},{"@_fa": "true", "@ref": "scopus", "@href": "https://www.scopus.com/inward/record.uri?partnerID=HzOxMe3b&scp=85040924508&origin=inward"},{"@_fa": "true", "@ref": "scopus-citedby", "@href": "https://www.scopus.com/inward/citedby.uri?partnerID=HzOxMe3b&scp=85040924508&origin=inward"}],"prism:url":"https://api.elsevier.com/content/abstract/scopus_id/85040924508","dc:identifier":"SCOPUS_ID:85040924508","eid":"2-s2.0-85040924508","dc:title":"Programmatic politics and voter preferences: The 2017 election in Kulon Progo, Yogyakarta","dc:creator":"Mas’Udi W.","prism:publicationName":"Contemporary Southeast Asia","prism:issn":"0129797X","prism:volume":"39","prism:issueIdentifier":"3","prism:pageRange":"449-469","prism:coverDate":"2017-12-01","prism:coverDisplayDate":"December 2017","prism:doi":"10.1355/cs39-3c","dc:description":"© 2017 ISEAS - Yusof Ishak Institute. Vote buying and patronage distribution have become widespread in Indonesian elections. Yet, it is also evident that some candidates use programmatic strategies to compete. Drawing on the case of the 2017 election in Kulon Progo district, Yogyakarta Special Region, and using a combination of qualitative and quantitative methods, this article seeks to explain why the incumbent opted out of vote buying and similar clientelistic strategies and why voters supported his programmatic approach. We show that the incumbent prepared vote buying as a fallback strategy but did not activate it. He was able to make this choice because he faced little competition and had invested politically in programmatic policies, though he was also assisted by his ability to manipulate his proximity with the Yogyakarta Sultanate for electoral purposes. This article shows that Indonesian voters can be highly appreciative of programmatic approaches, rather than simply being the “ballot-sellers” they are often assumed to be in the literature on money politics and patronage. In this case, moreover, programmatic success produced a less competitive election that in turn created the possibility for the incumbent candidate to opt out of clientelism.","citedby-count":"0","affiliation": [{"@_fa": "true", "affiliation-url":"https://api.elsevier.com/content/affiliation/affiliation_id/60069380","afid":"60069380","affilname":"Universitas Gadjah Mada","affiliation-city":"Yogyakarta","affiliation-country":"Indonesia"}],"prism:aggregationType":"Journal","subtype":"ar","subtypeDescription":"Article","author-count":{"@limit": "100", "@total": "2", "$" :"2"},"author": [{"@_fa": "true", "@seq": "1", "author-url":"https://api.elsevier.com/content/author/author_id/57200339605","authid":"57200339605","authname":"Mas’Udi W.","surname":"Mas’Udi","given-name":"Wawan","initials":"W.","afid": [{"@_fa": "true", "$" :"60069380"}]},{"@_fa": "true", "@seq": "2", "author-url":"https://api.elsevier.com/content/author/author_id/56364987100","authid":"56364987100","authname":"Kurniawan N.","surname":"Kurniawan","given-name":"Nanang Indra","initials":"N.I.","afid": [{"@_fa": "true", "$" :"60069380"}]}],"authkeywords":"Local elections | Patronage | Programmatic politics | Vote buying | Voting preferences","source-id":"13519","fund-no":"undefined","openaccess":"0","openaccessFlag":false},{"@_fa": "true", "link": [{"@_fa": "true", "@ref": "self", "@href": "https://api.elsevier.com/content/abstract/scopus_id/85040917323"},{"@_fa": "true", "@ref": "author-affiliation", "@href": "https://api.elsevier.com/content/abstract/scopus_id/85040917323?field=author,affiliation"},{"@_fa": "true", "@ref": "scopus", "@href": "https://www.scopus.com/inward/record.uri?partnerID=HzOxMe3b&scp=85040917323&origin=inward"},{"@_fa": "true", "@ref": "scopus-citedby", "@href": "https://www.scopus.com/inward/citedby.uri?partnerID=HzOxMe3b&scp=85040917323&origin=inward"}],"prism:url":"https://api.elsevier.com/content/abstract/scopus_id/85040917323","dc:identifier":"SCOPUS_ID:85040917323","eid":"2-s2.0-85040917323","dc:title":"When the supporters do not support: Politicizing a soccer fan club in an Indonesian election","dc:creator":"Permana Y.","prism:publicationName":"Contemporary Southeast Asia","prism:issn":"0129797X","prism:volume":"39","prism:issueIdentifier":"3","prism:pageRange":"552-573","prism:coverDate":"2017-12-01","prism:coverDisplayDate":"December 2017","prism:doi":"10.1355/cs39-3h","dc:description":"© 2017 ISEAS - Yusof Ishak Institute. In the study of local politics in Indonesia, researchers have begun to turn their attention to the role of sporting organizations such as football clubs and their fans. It is widely believed in local communities that football is closely linked to politics, given that it has been observed that almost any form of social network can be used for electoral purposes in Indonesia. Supporters’ clubs are a site where masses of ordinary people congregate, with a fanaticism which could offer lucrative political returns for politicians able to translate that passion into votes. However, thus far, the literature on Indonesian local politics provides little information on how football supporters are mobilized politically at the grassroots. This study therefore tests the proposition that football fan clubs can be used for electoral mobilization by way of a close study of one such club, Aremania, in the 2017 local election in the city of Batu, East Java. The analysis confounds expectations, showing that this fan club was not readily converted into a vote bank, largely as a consequence of its egalitarian organizational pattern and culture. At least in some cases, therefore, it seems that football clubs are one rare category of social group in Indonesia that is resistant to political mobilization. The argument is sharpened by way of a comparison with Argentina, where football supporters’ clubs are more hierarchically organized and more closely linked to politics.","citedby-count":"0","affiliation": [{"@_fa": "true", "affiliation-url":"https://api.elsevier.com/content/affiliation/affiliation_id/60069394","afid":"60069394","affilname":"Lembaga Ilmu Pengetahuan Indonesia","affiliation-city":"Jakarta","affiliation-country":"Indonesia"}],"prism:aggregationType":"Journal","subtype":"ar","subtypeDescription":"Article","author-count":{"@limit": "100", "@total": "1", "$" :"1"},"author": [{"@_fa": "true", "@seq": "1", "author-url":"https://api.elsevier.com/content/author/author_id/57200333334","authid":"57200333334","authname":"Permana Y.","surname":"Permana","given-name":"Yogi Setya","initials":"Y.S.","afid": [{"@_fa": "true", "$" :"60069394"}]}],"authkeywords":"Electoral clientelism | Football | Identity | Local elections | Supporters’ clubs","source-id":"13519","fund-no":"undefined","openaccess":"0","openaccessFlag":false},{"@_fa": "true", "link": [{"@_fa": "true", "@ref": "self", "@href": "https://api.elsevier.com/content/abstract/scopus_id/85067221557"},{"@_fa": "true", "@ref": "author-affiliation", "@href": "https://api.elsevier.com/content/abstract/scopus_id/85067221557?field=author,affiliation"},{"@_fa": "true", "@ref": "scopus", "@href": "https://www.scopus.com/inward/record.uri?partnerID=HzOxMe3b&scp=85067221557&origin=inward"},{"@_fa": "true", "@ref": "scopus-citedby", "@href": "https://www.scopus.com/inward/citedby.uri?partnerID=HzOxMe3b&scp=85067221557&origin=inward"}],"prism:url":"https://api.elsevier.com/content/abstract/scopus_id/85067221557","dc:identifier":"SCOPUS_ID:85067221557","eid":"2-s2.0-85067221557","dc:title":"Political clientelism and development: A preliminary analysis","dc:creator":"Lemarchand R.","prism:publicationName":"Analyzing the Third World: Essays from Comparative Politics","prism:isbn": [{"@_fa": "true", "$" :"9781351319638"},{"@_fa": "true", "$" :"9780367098995"}],"prism:pageRange":"120-145","prism:coverDate":"2017-11-30","prism:coverDisplayDate":"30 November 2017","prism:doi":"10.4324/9781351319645","citedby-count":"0","affiliation": [{"@_fa": "true", "affiliation-url":"https://api.elsevier.com/content/affiliation/affiliation_id/60013959","afid":"60013959","affilname":"University of Florida","affiliation-city":"Gainesville","affiliation-country":"United States"}],"prism:aggregationType":"Book","subtype":"ch","subtypeDescription":"Chapter","author-count":{"@limit": "100", "@total": "2", "$" :"2"},"author": [{"@_fa": "true", "@seq": "1", "author-url":"https://api.elsevier.com/content/author/author_id/6508019829","authid":"6508019829","authname":"Lemarchand R.","surname":"Lemarchand","given-name":"Rene","initials":"R.","afid": [{"@_fa": "true", "$" :"60013959"}]},{"@_fa": "true", "@seq": "2", "author-url":"https://api.elsevier.com/content/author/author_id/57209290788","authid":"57209290788","authname":"Legg K.","surname":"Legg","given-name":"Keith","initials":"K.","afid": [{"@_fa": "true", "$" :"60013959"}]}],"source-id":"21100911846","fund-no":"undefined","openaccess":"0","openaccessFlag":false},{"@_fa": "true", "link": [{"@_fa": "true", "@ref": "self", "@href": "https://api.elsevier.com/content/abstract/scopus_id/85030158034"},{"@_fa": "true", "@ref": "author-affiliation", "@href": "https://api.elsevier.com/content/abstract/scopus_id/85030158034?field=author,affiliation"},{"@_fa": "true", "@ref": "scopus", "@href": "https://www.scopus.com/inward/record.uri?partnerID=HzOxMe3b&scp=85030158034&origin=inward"},{"@_fa": "true", "@ref": "scopus-citedby", "@href": "https://www.scopus.com/inward/citedby.uri?partnerID=HzOxMe3b&scp=85030158034&origin=inward"}],"prism:url":"https://api.elsevier.com/content/abstract/scopus_id/85030158034","dc:identifier":"SCOPUS_ID:85030158034","eid":"2-s2.0-85030158034","dc:title":"The practice of political rights and patron–client relations: a case study of a party in Armenia","dc:creator":"Baghdasaryan M.","prism:publicationName":"Citizenship Studies","prism:issn":"13621025","prism:eIssn":"14693593","prism:volume":"21","prism:issueIdentifier":"8","prism:pageRange":"1034-1051","prism:coverDate":"2017-11-17","prism:coverDisplayDate":"17 November 2017","prism:doi":"10.1080/13621025.2017.1380603","dc:description":"© 2017 Informa UK Limited, trading as Taylor  &  Francis Group. This article investigates how patron–client relations impact the practice of citizens’ political rights, including the rights of free and voluntary suffrage and party membership, in Armenia. It presents a case study of a pervasive clientelist network reaching from a powerful patron, the founder of a political party, to intermediaries in positions of authority, and large numbers of citizens. It illustrates how politicians use the informal power of directors/managers of private and state organizations and bureaucrats over citizens’ social security in order to maintain power. Referring to the debate on coexistence or contradictions between political citizenship and clientelism, the article highlights the importance of clarifying if the notion of political citizenship is used in normative or in descriptive terms. It argues that in descriptive terms patron–client relations strongly impact the practice of citizens’ political rights in Armenia. Furthermore, in normative terms, in this case study clientelist relations involved various illicit activities and violations of citizens’ political rights.","citedby-count":"0","affiliation": [{"@_fa": "true", "affiliation-url":"https://api.elsevier.com/content/affiliation/affiliation_id/60009787","afid":"60009787","affilname":"Max Planck Institute for Social Anthropology","affiliation-city":"Halle","affiliation-country":"Germany"}],"prism:aggregationType":"Journal","subtype":"ar","subtypeDescription":"Article","author-count":{"@limit": "100", "@total": "1", "$" :"1"},"author": [{"@_fa": "true", "@seq": "1", "author-url":"https://api.elsevier.com/content/author/author_id/42761063800","authid":"42761063800","authname":"Baghdasaryan M.","surname":"Baghdasaryan","given-name":"Milena","initials":"M.","afid": [{"@_fa": "true", "$" :"60009787"}]}],"authkeywords":"bureaucracy | citizenship | Clientelism | informal | political | post-Soviet | rights","source-id":"16886","fund-no":"undefined","openaccess":"1","openaccessFlag":true},{"@_fa": "true", "link": [{"@_fa": "true", "@ref": "self", "@href": "https://api.elsevier.com/content/abstract/scopus_id/85046930197"},{"@_fa": "true", "@ref": "author-affiliation", "@href": "https://api.elsevier.com/content/abstract/scopus_id/85046930197?field=author,affiliation"},{"@_fa": "true", "@ref": "scopus", "@href": "https://www.scopus.com/inward/record.uri?partnerID=HzOxMe3b&scp=85046930197&origin=inward"},{"@_fa": "true", "@ref": "scopus-citedby", "@href": "https://www.scopus.com/inward/citedby.uri?partnerID=HzOxMe3b&scp=85046930197&origin=inward"}],"prism:url":"https://api.elsevier.com/content/abstract/scopus_id/85046930197","dc:identifier":"SCOPUS_ID:85046930197","eid":"2-s2.0-85046930197","dc:title":"Money for votes: The causes and consequences of electoral clientelism in africa","dc:creator":"Kramon E.","prism:publicationName":"Money for Votes: The Causes and Consequences of Electoral Clientelism in Africa","prism:isbn": [{"@_fa": "true", "$" :"9781108149839"},{"@_fa": "true", "$" :"9781107193727"}],"prism:pageRange":"1-231","prism:coverDate":"2017-11-02","prism:coverDisplayDate":"2 November 2017","prism:doi":"10.1017/9781108149839","dc:description":"© Cambridge University Press 2018. All rights reserved. Politicians distribute money to voters during campaigns in many low-income democracies. Many observers call this practice 'vote buying'. Money for Votes develops an alternative theory of electoral clientelism that emphasizes the role of monetary handouts in conveying information to voters, helping politicians enhance the credibility of their promises to deliver development resources and particularistic benefits to their constituents. Supported by interviews, experiments, and surveys in Kenya, and additional evidence from qualitative and survey data from elsewhere in Africa, the study tests the implications of this argument, and traces the consequences of electoral clientelism for voter behaviour, ethnic politics, public goods provision, and democratic accountability. Ultimately, the book suggests that the relationship of electoral clientelism to the quality of democracy is far more nuanced than our instincts might suggest.","citedby-count":"4","affiliation": [{"@_fa": "true", "affiliation-url":"https://api.elsevier.com/content/affiliation/affiliation_id/60003088","afid":"60003088","affilname":"George Washington University","affiliation-city":"Washington, D.C.","affiliation-country":"United States"}],"prism:aggregationType":"Book","subtype":"bk","subtypeDescription":"Book","author-count":{"@limit": "100", "@total": "1", "$" :"1"},"author": [{"@_fa": "true", "@seq": "1", "author-url":"https://api.elsevier.com/content/author/author_id/47061248900","authid":"47061248900","authname":"Kramon E.","surname":"Kramon","given-name":"Eric","initials":"E.","afid": [{"@_fa": "true", "$" :"60003088"}]}],"source-id":"21100860303","fund-no":"undefined","openaccess":"0","openaccessFlag":false},{"@_fa": "true", "link": [{"@_fa": "true", "@ref": "self", "@href": "https://api.elsevier.com/content/abstract/scopus_id/85030857810"},{"@_fa": "true", "@ref": "author-affiliation", "@href": "https://api.elsevier.com/content/abstract/scopus_id/85030857810?field=author,affiliation"},{"@_fa": "true", "@ref": "scopus", "@href": "https://www.scopus.com/inward/record.uri?partnerID=HzOxMe3b&scp=85030857810&origin=inward"},{"@_fa": "true", "@ref": "scopus-citedby", "@href": "https://www.scopus.com/inward/citedby.uri?partnerID=HzOxMe3b&scp=85030857810&origin=inward"}],"prism:url":"https://api.elsevier.com/content/abstract/scopus_id/85030857810","dc:identifier":"SCOPUS_ID:85030857810","eid":"2-s2.0-85030857810","dc:title":"The political economy of unfinished development projects: Corruption, clientelism, or collective choice?","dc:creator":"Williams M.","prism:publicationName":"American Political Science Review","prism:issn":"00030554","prism:eIssn":"15375943","prism:volume":"111","prism:issueIdentifier":"4","prism:pageRange":"705-723","prism:coverDate":"2017-11-01","prism:coverDisplayDate":"1 November 2017","prism:doi":"10.1017/S0003055417000351","pii":"S0003055417000351","dc:description":"Copyright © American Political Science Association 2017. Development projects like schools and latrines are popular with politicians and voters alike, yet many developing countries are littered with half-finished projects that were abandoned mid-construction. Using an original database of over 14,000 small development projects in Ghana, I estimate that one-third of projects that start are never completed, consuming nearly one-fifth of all local government investment. I develop a theory of project noncompletion as the outcome of a dynamically inconsistent collective choice process among political actors facing commitment problems in contexts of limited resources. I find evidence consistent with key predictions of this theory, but inconsistent with alternative explanations based on corruption or clientelism. I show that fiscal institutions can increase completion rates by mitigating the operational consequences of these collective choice failures. These findings have theoretical and methodological implications for distributive politics, the design of intergovernmental transfers and aid, and the development of state capacity.","citedby-count":"6","affiliation": [{"@_fa": "true", "affiliation-url":"https://api.elsevier.com/content/affiliation/affiliation_id/60115350","afid":"60115350","affilname":"University of Oxford, Blavatnik School of Government","affiliation-city":"Oxford","affiliation-country":"United Kingdom"}],"prism:aggregationType":"Journal","subtype":"ar","subtypeDescription":"Article","author-count":{"@limit": "100", "@total": "1", "$" :"1"},"author": [{"@_fa": "true", "@seq": "1", "author-url":"https://api.elsevier.com/content/author/author_id/57207923502","authid":"57207923502","authname":"Williams M.","surname":"Williams","given-name":"Martin J.","initials":"M.J.","afid": [{"@_fa": "true", "$" :"60115350"}]}],"source-id":"15557","fund-acr":"Princeton","fund-no":"S0003055417000351a.pdf","fund-sponsor":"Princeton University","openaccess":"0","openaccessFlag":false},{"@_fa": "true", "link": [{"@_fa": "true", "@ref": "self", "@href": "https://api.elsevier.com/content/abstract/scopus_id/85036652211"},{"@_fa": "true", "@ref": "author-affiliation", "@href": "https://api.elsevier.com/content/abstract/scopus_id/85036652211?field=author,affiliation"},{"@_fa": "true", "@ref": "scopus", "@href": "https://www.scopus.com/inward/record.uri?partnerID=HzOxMe3b&scp=85036652211&origin=inward"},{"@_fa": "true", "@ref": "scopus-citedby", "@href": "https://www.scopus.com/inward/citedby.uri?partnerID=HzOxMe3b&scp=85036652211&origin=inward"}],"prism:url":"https://api.elsevier.com/content/abstract/scopus_id/85036652211","dc:identifier":"SCOPUS_ID:85036652211","eid":"2-s2.0-85036652211","dc:title":"Mongolia in the 2016-17 electoral cycle: The blessings of patronage","dc:creator":"Radchenko S.","prism:publicationName":"Asian Survey","prism:issn":"00044687","prism:eIssn":"1533838X","prism:volume":"57","prism:issueIdentifier":"6","prism:pageRange":"1032-1057","prism:coverDate":"2017-11-01","prism:coverDisplayDate":"November-December 2017","prism:doi":"10.1525/AS.2017.57.6.1032","dc:description":"© 2017 by The Regents of the University of California. All rights reserved. This paper examines the full cycle of political power transitions and the dynamics of party competition during the 2016 parliamentary and 2017 presidential elections in Mongolia. It argues that the existence of multiple interlinked patronage networks and factionalism explains the persistence of the electoral democracy in Mongolia. The article focuses on the internal politics of the Democratic Party.","citedby-count":"4","affiliation": [{"@_fa": "true", "affiliation-url":"https://api.elsevier.com/content/affiliation/affiliation_id/60023998","afid":"60023998","affilname":"Cardiff University","affiliation-city":"Cardiff","affiliation-country":"United Kingdom"},{"@_fa": "true", "affiliation-url":"https://api.elsevier.com/content/affiliation/affiliation_id/60010365","afid":"60010365","affilname":"The University of British Columbia","affiliation-city":"Vancouver","affiliation-country":"Canada"}],"prism:aggregationType":"Journal","subtype":"ar","subtypeDescription":"Article","author-count":{"@limit": "100", "@total": "2", "$" :"2"},"author": [{"@_fa": "true", "@seq": "1", "author-url":"https://api.elsevier.com/content/author/author_id/38661779400","authid":"38661779400","authname":"Radchenko S.","surname":"Radchenko","given-name":"Sergey","initials":"S.","afid": [{"@_fa": "true", "$" :"60023998"}]},{"@_fa": "true", "@seq": "2", "author-url":"https://api.elsevier.com/content/author/author_id/57198489374","authid":"57198489374","authname":"Jargalsaikhan M.","surname":"Jargalsaikhan","given-name":"Mendee","initials":"M.","afid": [{"@_fa": "true", "$" :"60010365"}]}],"authkeywords":"Clientelism | Democracy | Elections | Mongolia | Party politics | Patronage","source-id":"15713","fund-no":"undefined","openaccess":"0","openaccessFlag":false},{"@_fa": "true", "link": [{"@_fa": "true", "@ref": "self", "@href": "https://api.elsevier.com/content/abstract/scopus_id/85030216822"},{"@_fa": "true", "@ref": "author-affiliation", "@href": "https://api.elsevier.com/content/abstract/scopus_id/85030216822?field=author,affiliation"},{"@_fa": "true", "@ref": "scopus", "@href": "https://www.scopus.com/inward/record.uri?partnerID=HzOxMe3b&scp=85030216822&origin=inward"},{"@_fa": "true", "@ref": "scopus-citedby", "@href": "https://www.scopus.com/inward/citedby.uri?partnerID=HzOxMe3b&scp=85030216822&origin=inward"}],"prism:url":"https://api.elsevier.com/content/abstract/scopus_id/85030216822","dc:identifier":"SCOPUS_ID:85030216822","eid":"2-s2.0-85030216822","dc:title":"Measuring political agenda setting and representation in Turkey: Introducing a new approach and data set","dc:creator":"Bulut A.","prism:publicationName":"Party Politics","prism:issn":"13540688","prism:eIssn":"14603683","prism:volume":"23","prism:issueIdentifier":"6","prism:pageRange":"717-730","prism:coverDate":"2017-11-01","prism:coverDisplayDate":"1 November 2017","prism:doi":"10.1177/1354068815625232","dc:description":"© 2016, © The Author(s) 2016. This article introduces a novel data set on the agenda of the Turkish legislature and political parties. Using the Comparative Agendas Project approach, we trace political issue attention over an 11–year-period (2003–2013). By topic coding various political activities, this approach illustrates the dynamics of the Turkish political agenda and the issue attention of the political parties, and, therefore, sheds new empirical light on the dynamics of Turkish legislative politics and party competition. In this article, we explain the construction of the data set from data collection to coding, describe its features, and provide examples of possible applications.","citedby-count":"3","affiliation": [{"@_fa": "true", "affiliation-url":"https://api.elsevier.com/content/affiliation/affiliation_id/60023355","afid":"60023355","affilname":"Karadeniz Teknik Üniversitesi","affiliation-city":"Trabzon","affiliation-country":"Turkey"}],"prism:aggregationType":"Journal","subtype":"ar","subtypeDescription":"Article","author-count":{"@limit": "100", "@total": "1", "$" :"1"},"author": [{"@_fa": "true", "@seq": "1", "author-url":"https://api.elsevier.com/content/author/author_id/57164542600","authid":"57164542600","authname":"Bulut A.","surname":"Bulut","given-name":"Alper T.","initials":"A.T.","afid": [{"@_fa": "true", "$" :"60023355"}]}],"authkeywords":"agenda setting | clientelism | content analysis | political parties | Turkey","source-id":"67863","fund-no":"undefined","openaccess":"0","openaccessFlag":false},{"@_fa": "true", "link": [{"@_fa": "true", "@ref": "self", "@href": "https://api.elsevier.com/content/abstract/scopus_id/85031902141"},{"@_fa": "true", "@ref": "author-affiliation", "@href": "https://api.elsevier.com/content/abstract/scopus_id/85031902141?field=author,affiliation"},{"@_fa": "true", "@ref": "scopus", "@href": "https://www.scopus.com/inward/record.uri?partnerID=HzOxMe3b&scp=85031902141&origin=inward"},{"@_fa": "true", "@ref": "scopus-citedby", "@href": "https://www.scopus.com/inward/citedby.uri?partnerID=HzOxMe3b&scp=85031902141&origin=inward"}],"prism:url":"https://api.elsevier.com/content/abstract/scopus_id/85031902141","dc:identifier":"SCOPUS_ID:85031902141","eid":"2-s2.0-85031902141","dc:title":"The reformists: Kalahi and the performances of local government officials in Bohol, Philippines","dc:creator":"Poncin E.","prism:publicationName":"Third World Quarterly","prism:issn":"01436597","prism:eIssn":"13602241","prism:pageRange":"1-15","prism:coverDate":"2017-10-24","prism:coverDisplayDate":"24 October 2017","prism:doi":"10.1080/01436597.2017.1389267","dc:description":"© 2017 Southseries Inc., www.thirdworldquarterly.com To make sense of the gap between the theory and practice of community-driven development (CDD), development scholars and practitioners have proposed that the success of interventions is relative to the reform-mindedness of local government officials. This article sheds some light on the good governance performances of local government officials as part of the CDD programme Kalahi in the province of Bohol, Philippines. It highlights that locally, mayors who styled themselves as reformists enjoyed heightened power and electoral victories. In parallel, the province experienced a pattern of ‘growth with immiserisation’ and persistent political clientelism wrapped in a discourse of pro-poor development.","citedby-count":"0","affiliation": [{"@_fa": "true", "affiliation-url":"https://api.elsevier.com/content/affiliation/affiliation_id/119667357","afid":"119667357","affilname":"Independent Scholar","affiliation-city":"Pully","affiliation-country":"Switzerland"}],"prism:aggregationType":"Journal","subtype":"undefined","subtypeDescription":null,"author-count":{"@limit": "100", "@total": "1", "$" :"1"},"author": [{"@_fa": "true", "@seq": "1", "author-url":"https://api.elsevier.com/content/author/author_id/57196118888","authid":"57196118888","authname":"Poncin E.","surname":"Poncin","given-name":"Emmanuelle","initials":"E.","afid": [{"@_fa": "true", "$" :"119667357"}]}],"authkeywords":"corruption and transparency | decentralisation | Governance | participation and power | Southeast Asia | World Bank","source-id":"15471","fund-no":"undefined","openaccess":"0","openaccessFlag":false},{"@_fa": "true", "link": [{"@_fa": "true", "@ref": "self", "@href": "https://api.elsevier.com/content/abstract/scopus_id/84991037069"},{"@_fa": "true", "@ref": "author-affiliation", "@href": "https://api.elsevier.com/content/abstract/scopus_id/84991037069?field=author,affiliation"},{"@_fa": "true", "@ref": "scopus", "@href": "https://www.scopus.com/inward/record.uri?partnerID=HzOxMe3b&scp=84991037069&origin=inward"},{"@_fa": "true", "@ref": "scopus-citedby", "@href": "https://www.scopus.com/inward/citedby.uri?partnerID=HzOxMe3b&scp=84991037069&origin=inward"}],"prism:url":"https://api.elsevier.com/content/abstract/scopus_id/84991037069","dc:identifier":"SCOPUS_ID:84991037069","eid":"2-s2.0-84991037069","dc:title":"At a Crossroads or Caught in the Crossfire?: Crime coverage concerns for democracy in Portugal, Spain, and Italy","dc:creator":"Patterson M.","prism:publicationName":"Journalism Practice","prism:issn":"17512786","prism:eIssn":"17512794","prism:volume":"11","prism:issueIdentifier":"9","prism:pageRange":"1079-1100","prism:coverDate":"2017-10-21","prism:coverDisplayDate":"21 October 2017","prism:doi":"10.1080/17512786.2016.1234944","dc:description":"© 2016 Informa UK Limited, trading as Taylor  &  Francis Group. This study of crime reporting shows that keeping crime records secret hurts democratic consolidation. While many reporters and journalism experts interviewed claimed to value the presumption of innocence, at the same time, many skirted legal restrictions and ethical codes. Police and prosecutors supplied leaks, and reporters sought further information from witnesses. This porous secrecy leads to publication of rumors and unreliable eye-witness accounts. Four exacerbating factors affect this reporting method: widespread “clientelism,” a partisan news media, an alternative definition of “public interest,” and weak professionalism.","citedby-count":"0","affiliation": [{"@_fa": "true", "affiliation-url":"https://api.elsevier.com/content/affiliation/affiliation_id/60012641","afid":"60012641","affilname":"Duquesne University","affiliation-city":"Pittsburgh","affiliation-country":"United States"},{"@_fa": "true", "affiliation-url":"https://api.elsevier.com/content/affiliation/affiliation_id/60010884","afid":"60010884","affilname":"Western University","affiliation-city":"London","affiliation-country":"Canada"},{"@_fa": "true", "affiliation-url":"https://api.elsevier.com/content/affiliation/affiliation_id/60001741","afid":"60001741","affilname":"Universidad Carlos III de Madrid","affiliation-city":"Madrid","affiliation-country":"Spain"}],"prism:aggregationType":"Journal","subtype":"ar","subtypeDescription":"Article","author-count":{"@limit": "100", "@total": "3", "$" :"3"},"author": [{"@_fa": "true", "@seq": "1", "author-url":"https://api.elsevier.com/content/author/author_id/57190221612","authid":"57190221612","authname":"Patterson M.","surname":"Patterson","given-name":"Maggie Jones","initials":"M.J.","afid": [{"@_fa": "true", "$" :"60012641"}]},{"@_fa": "true", "@seq": "2", "author-url":"https://api.elsevier.com/content/author/author_id/57191496048","authid":"57191496048","authname":"Smith Fullerton R.","surname":"Smith Fullerton","given-name":"Romayne","initials":"R.","afid": [{"@_fa": "true", "$" :"60010884"}]},{"@_fa": "true", "@seq": "3", "author-url":"https://api.elsevier.com/content/author/author_id/57191495484","authid":"57191495484","authname":"Tuñón Navarro J.","surname":"Tuñón Navarro","given-name":"Jorge","initials":"J.","afid": [{"@_fa": "true", "$" :"60001741"}]}],"authkeywords":"clientelism | crime | journalism | leaks | police | presumption of innocence | prosecutors | public records | secrecy","source-id":"11600153484","fund-no":"undefined","openaccess":"0","openaccessFlag":false},{"@_fa": "true", "link": [{"@_fa": "true", "@ref": "self", "@href": "https://api.elsevier.com/content/abstract/scopus_id/85030834527"},{"@_fa": "true", "@ref": "author-affiliation", "@href": "https://api.elsevier.com/content/abstract/scopus_id/85030834527?field=author,affiliation"},{"@_fa": "true", "@ref": "scopus", "@href": "https://www.scopus.com/inward/record.uri?partnerID=HzOxMe3b&scp=85030834527&origin=inward"},{"@_fa": "true", "@ref": "scopus-citedby", "@href": "https://www.scopus.com/inward/citedby.uri?partnerID=HzOxMe3b&scp=85030834527&origin=inward"}],"prism:url":"https://api.elsevier.com/content/abstract/scopus_id/85030834527","dc:identifier":"SCOPUS_ID:85030834527","eid":"2-s2.0-85030834527","dc:title":"Connectivity, Clientelism and Public Provision","dc:creator":"Shami M.","prism:publicationName":"British Journal of Political Science","prism:issn":"00071234","prism:eIssn":"14692112","prism:pageRange":"1-24","prism:coverDate":"2017-10-04","prism:coverDisplayDate":"4 October 2017","prism:doi":"10.1017/S0007123417000254","pii":"S0007123417000254","dc:description":"© Cambridge University Press 2017 In many developing countries the rural poor often depend on patrons to act as brokers in order to get public provision from the government. The broker facilitates provision in return for securing peasants’ votes for politicians. Yet, low bargaining power of peasants allows patrons to appropriate public resources for themselves. I propose increasing peasants’ bargaining power by connecting them to markets outside their village. Making use of a natural experiment found in the construction of a motorway in Pakistan, I find public provision to be significantly higher in connected villages when compared to those which are isolated. Moreover, I find that the beneficial impact of connectivity is felt most strongly by the lower classes, who are most vulnerable to exploitation when isolated.","citedby-count":"1","prism:aggregationType":"Journal","subtype":"undefined","subtypeDescription":null,"author-count":{"@limit": "100", "@total": "1", "$" :"1"},"author": [{"@_fa": "true", "@seq": "1", "author-url":"https://api.elsevier.com/content/author/author_id/54881104900","authid":"54881104900","authname":"Shami M.","surname":"Shami","given-name":"Mahvish","initials":"M."}],"authkeywords":"bargaining power | Pakistan | patronage politics | patron–client networks | public provision","source-id":"16232","fund-no":"undefined","openaccess":"0","openaccessFlag":false},{"@_fa": "true", "link": [{"@_fa": "true", "@ref": "self", "@href": "https://api.elsevier.com/content/abstract/scopus_id/85026263966"},{"@_fa": "true", "@ref": "author-affiliation", "@href": "https://api.elsevier.com/content/abstract/scopus_id/85026263966?field=author,affiliation"},{"@_fa": "true", "@ref": "scopus", "@href": "https://www.scopus.com/inward/record.uri?partnerID=HzOxMe3b&scp=85026263966&origin=inward"},{"@_fa": "true", "@ref": "scopus-citedby", "@href": "https://www.scopus.com/inward/citedby.uri?partnerID=HzOxMe3b&scp=85026263966&origin=inward"}],"prism:url":"https://api.elsevier.com/content/abstract/scopus_id/85026263966","dc:identifier":"SCOPUS_ID:85026263966","eid":"2-s2.0-85026263966","dc:title":"Representation and Exclusion in Partial Democracies: The Role of Civil Society Organisations","dc:creator":"Brett E.","prism:publicationName":"Journal of Development Studies","prism:issn":"00220388","prism:eIssn":"17439140","prism:volume":"53","prism:issueIdentifier":"10","prism:pageRange":"1539-1544","prism:coverDate":"2017-10-03","prism:coverDisplayDate":"3 October 2017","prism:doi":"10.1080/00220388.2017.1344647","dc:description":"© 2017 Informa UK Limited, trading as Taylor  &  Francis Group. The ‘third democratic wave’ that rose in the 1990s has receded in many countries, as incumbent regimes have manipulated electoral processes and regressive political movements have exploited class, ethnic and sectarian antagonisms to undermine political order. Such events have led many to question the importance of democratic processes. The papers in this special section challenge both the uncritical advocates and over-critical naysayers of the third wave by treating democratisation as a long-term and contested transition from closed to open access societies, where elections represent a necessary but not sufficient mechanism to guarantee representation for excluded groups. The three papers focus on the critical role of civil society organisations (CSOs) in securing representation for marginal actors, drawing on the cases of Bangladesh and Uganda. In doing so the contributions illustrate the challenges that CSOs confront in situations marked by the problems of clientelism, capture and exclusion.","citedby-count":"1","affiliation": [{"@_fa": "true", "affiliation-url":"https://api.elsevier.com/content/affiliation/affiliation_id/60003059","afid":"60003059","affilname":"London School of Economics and Political Science","affiliation-city":"London","affiliation-country":"United Kingdom"}],"prism:aggregationType":"Journal","subtype":"ar","subtypeDescription":"Article","author-count":{"@limit": "100", "@total": "1", "$" :"1"},"author": [{"@_fa": "true", "@seq": "1", "author-url":"https://api.elsevier.com/content/author/author_id/7006918210","authid":"7006918210","authname":"Brett E.","surname":"Brett","given-name":"E. A.","initials":"E.A.","afid": [{"@_fa": "true", "$" :"60003059"}]}],"source-id":"14849","fund-no":"undefined","openaccess":"0","openaccessFlag":false},{"@_fa": "true", "link": [{"@_fa": "true", "@ref": "self", "@href": "https://api.elsevier.com/content/abstract/scopus_id/85011599041"},{"@_fa": "true", "@ref": "author-affiliation", "@href": "https://api.elsevier.com/content/abstract/scopus_id/85011599041?field=author,affiliation"},{"@_fa": "true", "@ref": "scopus", "@href": "https://www.scopus.com/inward/record.uri?partnerID=HzOxMe3b&scp=85011599041&origin=inward"},{"@_fa": "true", "@ref": "scopus-citedby", "@href": "https://www.scopus.com/inward/citedby.uri?partnerID=HzOxMe3b&scp=85011599041&origin=inward"}],"prism:url":"https://api.elsevier.com/content/abstract/scopus_id/85011599041","dc:identifier":"SCOPUS_ID:85011599041","eid":"2-s2.0-85011599041","dc:title":"Organising and Representing the Poor in a Clientelistic Democracy: the Decline of Radical NGOs in Bangladesh","dc:creator":"Lewis D.","prism:publicationName":"Journal of Development Studies","prism:issn":"00220388","prism:eIssn":"17439140","prism:volume":"53","prism:issueIdentifier":"10","prism:pageRange":"1545-1567","prism:coverDate":"2017-10-03","prism:coverDisplayDate":"3 October 2017","prism:doi":"10.1080/00220388.2017.1279732","dc:description":"© 2017 Informa UK Limited, trading as Taylor  &  Francis Group. This paper examines the political role of radical development NGOs that emerged in Bangladesh to challenge the marginalisation of subordinate groups and strengthen democratic processes. After briefly introducing the political context of Bangladesh and its NGOs, the paper identifies and defines a radical NGO sub-sector. It then reviews the activities of these organisations during the pre-1990 military government era and during the subsequent period of electoral democracy. Some important achievements are identified, but also many failures that have led to decline, leaving behind an NGO sector dominated by credit and service delivery organisations. The paper then explains this decline by focusing on three inter-related factors: (i) an institutional setting dominated by clientelistic structures that have undermined efforts to build horizontal alliances among excluded groups in civil society, or links between NGOs and political parties; (ii) a shift in donor support from mobilisation to market-based service delivery agencies; and (iii) internal structures that have generated legitimacy and accountability problems by encouraging elite capture, co-option and personalised leadership in the radical sub-sector. It concludes with some brief reflections on the main implications of these failures.","citedby-count":"3","affiliation": [{"@_fa": "true", "affiliation-url":"https://api.elsevier.com/content/affiliation/affiliation_id/60003059","afid":"60003059","affilname":"London School of Economics and Political Science","affiliation-city":"London","affiliation-country":"United Kingdom"}],"prism:aggregationType":"Journal","subtype":"ar","subtypeDescription":"Article","author-count":{"@limit": "100", "@total": "1", "$" :"1"},"author": [{"@_fa": "true", "@seq": "1", "author-url":"https://api.elsevier.com/content/author/author_id/55742516500","authid":"55742516500","authname":"Lewis D.","surname":"Lewis","given-name":"David","initials":"D.","afid": [{"@_fa": "true", "$" :"60003059"}]}],"source-id":"14849","fund-no":"RES-155-25-0064","fund-sponsor":"Nuffield Foundation","openaccess":"0","openaccessFlag":false},{"@_fa": "true", "link": [{"@_fa": "true", "@ref": "self", "@href": "https://api.elsevier.com/content/abstract/scopus_id/85011928347"},{"@_fa": "true", "@ref": "author-affiliation", "@href": "https://api.elsevier.com/content/abstract/scopus_id/85011928347?field=author,affiliation"},{"@_fa": "true", "@ref": "scopus", "@href": "https://www.scopus.com/inward/record.uri?partnerID=HzOxMe3b&scp=85011928347&origin=inward"},{"@_fa": "true", "@ref": "scopus-citedby", "@href": "https://www.scopus.com/inward/citedby.uri?partnerID=HzOxMe3b&scp=85011928347&origin=inward"}],"prism:url":"https://api.elsevier.com/content/abstract/scopus_id/85011928347","dc:identifier":"SCOPUS_ID:85011928347","eid":"2-s2.0-85011928347","dc:title":"Land governance as grey zone: the political incentives of land reform implementation in Africa","dc:creator":"Kjær A.","prism:publicationName":"Commonwealth and Comparative Politics","prism:issn":"14662043","prism:eIssn":"17439094","prism:volume":"55","prism:issueIdentifier":"4","prism:pageRange":"426-443","prism:coverDate":"2017-10-02","prism:coverDisplayDate":"2 October 2017","prism:doi":"10.1080/14662043.2017.1272876","dc:description":"© 2017 Informa UK Limited, trading as Taylor  &  Francis Group. Weak state capacity has often been in focus when explaining why land reform in sub-Saharan Africa is not implemented. However, an analysis of the deeper politics of land reform brings our attention to a set of incentives which allow rules governing land to be open to interpretation. This article demonstrates that in Uganda, the need to maintain the ruling coalition in a clientelist political settlement to build electoral support, and the desire to attract economic investors, constitute political incentives to maintain land governance as a grey zone, even if there is apparent political will to implement land reforms.","citedby-count":"2","affiliation": [{"@_fa": "true", "affiliation-url":"https://api.elsevier.com/content/affiliation/affiliation_id/60029616","afid":"60029616","affilname":"Aarhus Universitet","affiliation-city":"Aarhus","affiliation-country":"Denmark"}],"prism:aggregationType":"Journal","subtype":"ar","subtypeDescription":"Article","author-count":{"@limit": "100", "@total": "1", "$" :"1"},"author": [{"@_fa": "true", "@seq": "1", "author-url":"https://api.elsevier.com/content/author/author_id/7005447177","authid":"7005447177","authname":"Kjær A.","surname":"Kjær","given-name":"Anne Mette","initials":"A.M.","afid": [{"@_fa": "true", "$" :"60029616"}]}],"authkeywords":"Africa | grey zone | Land governance | political incentives | Uganda","source-id":"23925","fund-no":"undefined","openaccess":"0","openaccessFlag":false},{"@_fa": "true", "link": [{"@_fa": "true", "@ref": "self", "@href": "https://api.elsevier.com/content/abstract/scopus_id/85038006891"},{"@_fa": "true", "@ref": "author-affiliation", "@href": "https://api.elsevier.com/content/abstract/scopus_id/85038006891?field=author,affiliation"},{"@_fa": "true", "@ref": "scopus", "@href": "https://www.scopus.com/inward/record.uri?partnerID=HzOxMe3b&scp=85038006891&origin=inward"},{"@_fa": "true", "@ref": "scopus-citedby", "@href": "https://www.scopus.com/inward/citedby.uri?partnerID=HzOxMe3b&scp=85038006891&origin=inward"}],"prism:url":"https://api.elsevier.com/content/abstract/scopus_id/85038006891","dc:identifier":"SCOPUS_ID:85038006891","eid":"2-s2.0-85038006891","dc:title":"Political Parties and Grassroots Clientelist Strategies in Urban Turkey: One Neighbourhood at a Time","dc:creator":"Ark-Yıldırım C.","prism:publicationName":"South European Society and Politics","prism:issn":"13608746","prism:eIssn":"17439612","prism:volume":"22","prism:issueIdentifier":"4","prism:pageRange":"473-490","prism:coverDate":"2017-10-02","prism:coverDisplayDate":"2 October 2017","prism:doi":"10.1080/13608746.2017.1406431","dc:description":"© 2017 Informa UK Limited, trading as Taylor  &  Francis Group. Both principal Turkish political parties make extensive use of patron–client networks, but in very different ways. The CHP relies on competing local brokers and synchronous vote buying. The AKP is at the centre of a network of public and private funding turning social policy to clientelist ends. Socially anchored AKP activists link the party to voters, allowing it to target social assistance for political advantage and take credit for improvement in local conditions. The case presented in this paper provides a natural experiment suggesting that this distinction is an important explanation for the AKP’s electoral success in low-income urban areas.","citedby-count":"2","affiliation": [{"@_fa": "true", "affiliation-url":"https://api.elsevier.com/content/affiliation/affiliation_id/60028502","afid":"60028502","affilname":"Istanbul Üniversitesi","affiliation-city":"Istanbul","affiliation-country":"Turkey"}],"prism:aggregationType":"Journal","subtype":"ar","subtypeDescription":"Article","author-count":{"@limit": "100", "@total": "1", "$" :"1"},"author": [{"@_fa": "true", "@seq": "1", "author-url":"https://api.elsevier.com/content/author/author_id/57199397226","authid":"57199397226","authname":"Ark-Yıldırım C.","surname":"Ark-Yıldırım","given-name":"Ceren","initials":"C.","afid": [{"@_fa": "true", "$" :"60028502"}]}],"authkeywords":"AKP | CHP | Clientelism | local networks | political patronage | urban politics","source-id":"28082","fund-no":"undefined","openaccess":"0","openaccessFlag":false},{"@_fa": "true", "link": [{"@_fa": "true", "@ref": "self", "@href": "https://api.elsevier.com/content/abstract/scopus_id/85029684744"},{"@_fa": "true", "@ref": "author-affiliation", "@href": "https://api.elsevier.com/content/abstract/scopus_id/85029684744?field=author,affiliation"},{"@_fa": "true", "@ref": "scopus", "@href": "https://www.scopus.com/inward/record.uri?partnerID=HzOxMe3b&scp=85029684744&origin=inward"},{"@_fa": "true", "@ref": "scopus-citedby", "@href": "https://www.scopus.com/inward/citedby.uri?partnerID=HzOxMe3b&scp=85029684744&origin=inward"}],"prism:url":"https://api.elsevier.com/content/abstract/scopus_id/85029684744","dc:identifier":"SCOPUS_ID:85029684744","eid":"2-s2.0-85029684744","dc:title":"Ambivalent outcomes of statebuilding: multiplication of brokers and educational expansion in the Democratic Republic of Congo (2004–13)","dc:creator":"Brandt C.","prism:publicationName":"Review of African Political Economy","prism:issn":"03056244","prism:eIssn":"17401720","prism:volume":"44","prism:issueIdentifier":"154","prism:pageRange":"624-642","prism:coverDate":"2017-10-02","prism:coverDisplayDate":"2 October 2017","prism:doi":"10.1080/03056244.2017.1367920","dc:description":"© 2017 ROAPE Publications Ltd. This empirical article explores how the interaction between two key aspects of statebuilding (democratisation and decentralisation) and existing forms of governance in the Democratic Republic of Congo led to a multiplication in numbers of political and administrative brokers. Furthermore, it investigates how these brokers construct their roles well beyond official mandates. Responding to local demands, they circumvent formal procedures in order to obtain decrees accrediting public primary and secondary schools. As a result, the number of public schools has almost tripled since the early 2000s. Building on qualitative and quantitative empirical data, the article thus reveals that democratisation and decentralisation can reproduce clientelist structures. However, it also uncovers changing socio-spatial dynamics: certain historically neglected and conflict-affected districts have particularly benefited from brokers’ involvement. Despite these positive aspects, the article further illustrates how these outcomes counteract other central administrative and political objectives.","citedby-count":"1","affiliation": [{"@_fa": "true", "affiliation-url":"https://api.elsevier.com/content/affiliation/affiliation_id/60002483","afid":"60002483","affilname":"University of Amsterdam","affiliation-city":"Amsterdam","affiliation-country":"Netherlands"}],"prism:aggregationType":"Journal","subtype":"ar","subtypeDescription":"Article","author-count":{"@limit": "100", "@total": "1", "$" :"1"},"author": [{"@_fa": "true", "@seq": "1", "author-url":"https://api.elsevier.com/content/author/author_id/57195740093","authid":"57195740093","authname":"Brandt C.","surname":"Brandt","given-name":"Cyril Owen","initials":"C.O.","afid": [{"@_fa": "true", "$" :"60002483"}]}],"authkeywords":"broker | clientelism | Democratic Republic of Congo (DRC) | educational expansion | permanent provocation | statebuilding","source-id":"27938","fund-no":"undefined","openaccess":"0","openaccessFlag":false},{"@_fa": "true", "link": [{"@_fa": "true", "@ref": "self", "@href": "https://api.elsevier.com/content/abstract/scopus_id/85032664532"},{"@_fa": "true", "@ref": "author-affiliation", "@href": "https://api.elsevier.com/content/abstract/scopus_id/85032664532?field=author,affiliation"},{"@_fa": "true", "@ref": "scopus", "@href": "https://www.scopus.com/inward/record.uri?partnerID=HzOxMe3b&scp=85032664532&origin=inward"},{"@_fa": "true", "@ref": "scopus-citedby", "@href": "https://www.scopus.com/inward/citedby.uri?partnerID=HzOxMe3b&scp=85032664532&origin=inward"}],"prism:url":"https://api.elsevier.com/content/abstract/scopus_id/85032664532","dc:identifier":"SCOPUS_ID:85032664532","eid":"2-s2.0-85032664532","dc:title":"Clientelism and ethnic divisions in African countries","dc:creator":"Isaksson A.","prism:publicationName":"African Affairs","prism:issn":"00019909","prism:eIssn":"14682621","prism:volume":"116","prism:issueIdentifier":"465","prism:pageRange":"621-647","prism:coverDate":"2017-10-01","prism:coverDisplayDate":"1 October 2017","prism:doi":"10.1093/afraf/adx028","dc:description":"© The Author 2017. Published by Oxford University Press on behalf of Royal African Society. All rights reserved. This article investigates the commonly assumed link between ethnic divisions and clientelism in African politics by examining the role of contextual ethnic divisions and specific ethnic affiliations in shaping attitudes towards clientelism. The empirical findings, drawing on quantitative data for 38,293 survey respondents across 25 African countries suggest important country heterogeneity, but also highlight some regularities. In particular, the ethnic composition of the population in the area of residence, rather than the individual's own ethnic affiliation, is important in shaping support for clientelism. Individuals living in a region where the majority of the population is the president's co-ethnics tend to be more supportive of clientelism, regardless of their own ethnic affiliation. The wide coverage of the results makes them especially interesting; while a number of studies suggest ethnically based targeted transfers in specific sectors or settings, this study explores the links between different forms of ethnic divisions and support for clientelism in a large multi-country African sample.","citedby-count":"2","affiliation": [{"@_fa": "true", "affiliation-url":"https://api.elsevier.com/content/affiliation/affiliation_id/60016437","afid":"60016437","affilname":"Göteborgs Universitet","affiliation-city":"Gothenburg","affiliation-country":"Sweden"},{"@_fa": "true", "affiliation-url":"https://api.elsevier.com/content/affiliation/affiliation_id/60008141","afid":"60008141","affilname":"Örebro Universitet","affiliation-city":"Orebro","affiliation-country":"Sweden"}],"prism:aggregationType":"Journal","subtype":"ar","subtypeDescription":"Article","author-count":{"@limit": "100", "@total": "2", "$" :"2"},"author": [{"@_fa": "true", "@seq": "1", "author-url":"https://api.elsevier.com/content/author/author_id/57201539379","authid":"57201539379","authname":"Isaksson A.","surname":"Isaksson","given-name":"Ann Sofie","initials":"A.S.","afid": [{"@_fa": "true", "$" :"60008141"}]},{"@_fa": "true", "@seq": "2", "author-url":"https://api.elsevier.com/content/author/author_id/6603956505","authid":"6603956505","authname":"Bigsten A.","surname":"Bigsten","given-name":"Arne","initials":"A.","afid": [{"@_fa": "true", "$" :"60016437"}]}],"source-id":"15039","fund-no":"undefined","openaccess":"0","openaccessFlag":false},{"@_fa": "true", "link": [{"@_fa": "true", "@ref": "self", "@href": "https://api.elsevier.com/content/abstract/scopus_id/85044295173"},{"@_fa": "true", "@ref": "author-affiliation", "@href": "https://api.elsevier.com/content/abstract/scopus_id/85044295173?field=author,affiliation"},{"@_fa": "true", "@ref": "scopus", "@href": "https://www.scopus.com/inward/record.uri?partnerID=HzOxMe3b&scp=85044295173&origin=inward"},{"@_fa": "true", "@ref": "scopus-citedby", "@href": "https://www.scopus.com/inward/citedby.uri?partnerID=HzOxMe3b&scp=85044295173&origin=inward"}],"prism:url":"https://api.elsevier.com/content/abstract/scopus_id/85044295173","dc:identifier":"SCOPUS_ID:85044295173","eid":"2-s2.0-85044295173","dc:title":"Loyalty premiums: Vote prices and political support in a dominant-party regime","dc:creator":"Conroy-Krutz J.","prism:publicationName":"Comparative Politics","prism:issn":"00104159","prism:eIssn":"21516227","prism:volume":"50","prism:issueIdentifier":"1","prism:pageRange":"1-20","prism:coverDate":"2017-10-01","prism:coverDisplayDate":"October 2017","dc:description":"© 2017 City University of New York. All rights reserved. While electoral clientelism is common, we know little about what determines vote prices, which often vary significantly within country-elections. Extant literature offers differing predictions of whether supporters of the incumbent or outsiders receive highervalue outlays. I expect past supporters of the incumbent charge higher prices, as their ability to threaten defection helps them extract \"loyalty premiums.\" Further, incumbentallied brokers will seek to provide higher payments to followers, to maintain their own networks, while parties will be loath to make high-value payments to outsiders, which might only encourage opponents' turnout. Analyzing original panel data from Uganda, I find that ruling-party affiliates' reports of vote prices are significantly higher than others', suggesting that electoral clientelist strategies reward loyalty, at least in noncompetitive settings.","citedby-count":"1","affiliation": [{"@_fa": "true", "affiliation-url":"https://api.elsevier.com/content/affiliation/affiliation_id/60031707","afid":"60031707","affilname":"Michigan State University","affiliation-city":"East Lansing","affiliation-country":"United States"}],"prism:aggregationType":"Journal","subtype":"re","subtypeDescription":"Review","author-count":{"@limit": "100", "@total": "1", "$" :"1"},"author": [{"@_fa": "true", "@seq": "1", "author-url":"https://api.elsevier.com/content/author/author_id/55481210200","authid":"55481210200","authname":"Conroy-Krutz J.","surname":"Conroy-Krutz","given-name":"Jeffrey","initials":"J.","afid": [{"@_fa": "true", "$" :"60031707"}]}],"source-id":"13448","fund-no":"undefined","openaccess":"0","openaccessFlag":false}]}}