{"search-results":{"opensearch:totalResults":"49","opensearch:startIndex":"0","opensearch:itemsPerPage":"25","opensearch:Query":{"@role": "request", "@searchTerms": "TITLE-ABS-KEY(\"clientelism\") AND SUBJAREA(SOCI) AND PUBYEAR = 2019", "@startPage": "0"},"link": [{"@_fa": "true", "@ref": "self", "@href": "https://api.elsevier.com/content/search/scopus?start=0&count=25&query=TITLE-ABS-KEY%28%22clientelism%22%29+AND+SUBJAREA%28SOCI%29+AND+PUBYEAR+%3D+2019&apiKey=27d953b4b546791964ebeb768d13e61f&view=COMPLETE", "@type": "application/json"},{"@_fa": "true", "@ref": "first", "@href": "https://api.elsevier.com/content/search/scopus?start=0&count=25&query=TITLE-ABS-KEY%28%22clientelism%22%29+AND+SUBJAREA%28SOCI%29+AND+PUBYEAR+%3D+2019&apiKey=27d953b4b546791964ebeb768d13e61f&view=COMPLETE", "@type": "application/json"},{"@_fa": "true", "@ref": "next", "@href": "https://api.elsevier.com/content/search/scopus?start=25&count=25&query=TITLE-ABS-KEY%28%22clientelism%22%29+AND+SUBJAREA%28SOCI%29+AND+PUBYEAR+%3D+2019&apiKey=27d953b4b546791964ebeb768d13e61f&view=COMPLETE", "@type": "application/json"},{"@_fa": "true", "@ref": "last", "@href": "https://api.elsevier.com/content/search/scopus?start=24&count=25&query=TITLE-ABS-KEY%28%22clientelism%22%29+AND+SUBJAREA%28SOCI%29+AND+PUBYEAR+%3D+2019&apiKey=27d953b4b546791964ebeb768d13e61f&view=COMPLETE", "@type": "application/json"}],"entry": [{"@_fa": "true", "link": [{"@_fa": "true", "@ref": "self", "@href": "https://api.elsevier.com/content/abstract/scopus_id/85059907610"},{"@_fa": "true", "@ref": "author-affiliation", "@href": "https://api.elsevier.com/content/abstract/scopus_id/85059907610?field=author,affiliation"},{"@_fa": "true", "@ref": "scopus", "@href": "https://www.scopus.com/inward/record.uri?partnerID=HzOxMe3b&scp=85059907610&origin=inward"},{"@_fa": "true", "@ref": "scopus-citedby", "@href": "https://www.scopus.com/inward/citedby.uri?partnerID=HzOxMe3b&scp=85059907610&origin=inward"}],"prism:url":"https://api.elsevier.com/content/abstract/scopus_id/85059907610","dc:identifier":"SCOPUS_ID:85059907610","eid":"2-s2.0-85059907610","dc:title":"Do deep pockets have more political influence?—the size of private enterprises and their strategy selection in resolving administrative disputes","dc:creator":"Ji Y.","prism:publicationName":"Journal of Chinese Sociology","prism:eIssn":"21982635","prism:volume":"6","prism:issueIdentifier":"1","prism:pageRange":null,"prism:coverDate":"2019-12-01","prism:coverDisplayDate":"1 December 2019","prism:doi":"10.1186/s40711-018-0091-8","dc:description":"© 2019, The Author(s). Fitting multivariate models to the China Private Enterprises Survey (2006) data, this article reveals the differentiation of state-business relationship as a function of a private enterprise’s economic capital, thereby to a certain extend challenges the dominant paradigm of clientelism. When resolving disputes with the government, private enterprises with more economic capital are more likely to directly contact the government agency, displaying greater political privilege. On the other hand, private enterprises with middle-range economic capital show higher preference to take advantage of business associations or particularistic relationships. However, instead of economic capital, it is the Communist Party membership of private entrepreneurs that influences their contentious strategies. There is also regional variation in the selection of strategies. This article casts doubt on the existence of a “capitalist class” in China. Under the specific context of the Chinese society, characteristics of the private economy influence the path by which economic power transforms to political power.","citedby-count":"0","affiliation": [{"@_fa": "true", "affiliation-url":"https://api.elsevier.com/content/affiliation/affiliation_id/60023813","afid":"60023813","affilname":"Shanghai University","affiliation-city":"Shanghai","affiliation-country":"China"},{"@_fa": "true", "affiliation-url":"https://api.elsevier.com/content/affiliation/affiliation_id/60003970","afid":"60003970","affilname":"Zhejiang University","affiliation-city":"Hangzhou","affiliation-country":"China"}],"prism:aggregationType":"Journal","subtype":"ar","subtypeDescription":"Article","author-count":{"@limit": "100", "@total": "2", "$" :"2"},"author": [{"@_fa": "true", "@seq": "1", "author-url":"https://api.elsevier.com/content/author/author_id/57205402751","authid":"57205402751","authname":"Ji Y.","surname":"Ji","given-name":"Yingying","initials":"Y.","afid": [{"@_fa": "true", "$" :"60023813"}]},{"@_fa": "true", "@seq": "2", "author-url":"https://api.elsevier.com/content/author/author_id/57208155853","authid":"57208155853","authname":"Fan X.","surname":"Fan","given-name":"Xiaoguang","initials":"X.","afid": [{"@_fa": "true", "$" :"60003970"}]}],"authkeywords":"Bargaining power | Business associations | Clientelism | Economic capital | State-business relationship","article-number":"2","source-id":"21100873341","fund-no":"17CSH074","openaccess":"1","openaccessFlag":true},{"@_fa": "true", "link": [{"@_fa": "true", "@ref": "self", "@href": "https://api.elsevier.com/content/abstract/scopus_id/85066978015"},{"@_fa": "true", "@ref": "author-affiliation", "@href": "https://api.elsevier.com/content/abstract/scopus_id/85066978015?field=author,affiliation"},{"@_fa": "true", "@ref": "scopus", "@href": "https://www.scopus.com/inward/record.uri?partnerID=HzOxMe3b&scp=85066978015&origin=inward"},{"@_fa": "true", "@ref": "scopus-citedby", "@href": "https://www.scopus.com/inward/citedby.uri?partnerID=HzOxMe3b&scp=85066978015&origin=inward"},{"@_fa": "true", "@ref": "full-text", "@href": "https://api.elsevier.com/content/article/eid/1-s2.0-S0305750X1930141X"}],"prism:url":"https://api.elsevier.com/content/abstract/scopus_id/85066978015","dc:identifier":"SCOPUS_ID:85066978015","eid":"2-s2.0-85066978015","dc:title":"Explaining regional variation in local governance: Clientelism and state-dependency in Indonesia","dc:creator":"Berenschot W.","prism:publicationName":"World Development","prism:issn":"0305750X","prism:eIssn":"18735991","prism:volume":"122","prism:pageRange":"233-244","prism:coverDate":"2019-10-01","prism:coverDisplayDate":"October 2019","prism:doi":"10.1016/j.worlddev.2019.05.021","pii":"S0305750X1930141X","dc:description":"© 2019 Elsevier Ltd What explains the varied quality of local governance? The worldwide trend to decentralize the responsibilities and budgets of governments has made this question particularly urgent, spurring research that emphasizes the importance of local leadership, civil society and democratic accountability. In this paper we provide an approach to study how informal dimensions of politics impact public service delivery. We seek to explain the varied quality of local governance across Indonesia by focusing on the way in which local economic conditions foster clientelistic practices. To this end we integrate ethnographic fieldwork, an expert survey as well as cross-district statistical regression analyses of local government performance. We argue that the degree of state dependency of local economies impacts the quality of local governance because politicians in state-dependent economies face less constraints when engaging in clientelistic practices. We test this argument through a two-step regression analysis for the period 1999–2013 in which we relate a measure of the quality of public service delivery to expert assessments of the character of local politics, controlling for the potential effects of various local socio-economic and government budget indicators. We find that observed patterns in the variation of the quality of local governance in Indonesia indeed correspond with both variation in perceived intensity of clientelistic practices, as well as the degree of state dependency of local economies. These results suggest that interventions to strengthen local governance need to be attuned to the character of local economies.","citedby-count":"0","affiliation": [{"@_fa": "true", "affiliation-url":"https://api.elsevier.com/content/affiliation/affiliation_id/60008734","afid":"60008734","affilname":"Vrije Universiteit Amsterdam","affiliation-city":"Amsterdam","affiliation-country":"Netherlands"},{"@_fa": "true", "affiliation-url":"https://api.elsevier.com/content/affiliation/affiliation_id/60004442","afid":"60004442","affilname":"Royal Netherlands Institute of Southeast Asian and Caribbean Studies KITLV - KNAW","affiliation-city":"Leiden","affiliation-country":"Netherlands"}],"prism:aggregationType":"Journal","subtype":"ar","subtypeDescription":"Article","author-count":{"@limit": "100", "@total": "2", "$" :"2"},"author": [{"@_fa": "true", "@seq": "1", "author-url":"https://api.elsevier.com/content/author/author_id/36514190400","authid":"36514190400","authname":"Berenschot W.","surname":"Berenschot","given-name":"Ward","initials":"W.","afid": [{"@_fa": "true", "$" :"60004442"}]},{"@_fa": "true", "@seq": "2", "author-url":"https://api.elsevier.com/content/author/author_id/7102374401","authid":"7102374401","authname":"Mulder P.","surname":"Mulder","given-name":"Peter","initials":"P.","afid": [{"@_fa": "true", "$" :"60008734"}]}],"authkeywords":"Clientelism | Indonesia | Local economies | Local governance | Regional variation","source-id":"30060","fund-no":"JRP56","fund-sponsor":"Koninklijke Nederlandse Akademie van Wetenschappen","openaccess":"0","openaccessFlag":false},{"@_fa": "true", "link": [{"@_fa": "true", "@ref": "self", "@href": "https://api.elsevier.com/content/abstract/scopus_id/85066402412"},{"@_fa": "true", "@ref": "author-affiliation", "@href": "https://api.elsevier.com/content/abstract/scopus_id/85066402412?field=author,affiliation"},{"@_fa": "true", "@ref": "scopus", "@href": "https://www.scopus.com/inward/record.uri?partnerID=HzOxMe3b&scp=85066402412&origin=inward"},{"@_fa": "true", "@ref": "scopus-citedby", "@href": "https://www.scopus.com/inward/citedby.uri?partnerID=HzOxMe3b&scp=85066402412&origin=inward"},{"@_fa": "true", "@ref": "full-text", "@href": "https://api.elsevier.com/content/article/eid/1-s2.0-S030438781831099X"}],"prism:url":"https://api.elsevier.com/content/abstract/scopus_id/85066402412","dc:identifier":"SCOPUS_ID:85066402412","eid":"2-s2.0-85066402412","dc:title":"African leaders and the geography of China's foreign assistance","dc:creator":"Dreher A.","prism:publicationName":"Journal of Development Economics","prism:issn":"03043878","prism:volume":"140","prism:pageRange":"44-71","prism:coverDate":"2019-09-01","prism:coverDisplayDate":"September 2019","prism:doi":"10.1016/j.jdeveco.2019.04.003","pii":"S030438781831099X","dc:description":"© 2019 Elsevier B.V. We investigate whether foreign aid from China is prone to political capture in aid-receiving countries. Specifically, we examine whether more Chinese aid is allocated to the birth regions of political leaders, controlling for indicators of need and various fixed effects. We collect data on 117 African leaders' birthplaces and geocode 1650 Chinese development projects across 2969 physical locations in Africa from 2000 to 2012. Our econometric results show that political leaders' birth regions receive substantially larger financial flows from China in the years when they hold power compared to what the same region receives at other times. We find evidence that these biases are a consequence of electoral competition: Chinese aid disproportionately benefits politically privileged regions in country-years when incumbents face upcoming elections and when electoral competitiveness is high. We observe no such pattern of favoritism in the spatial distribution of World Bank development projects.","citedby-count":"0","affiliation": [{"@_fa": "true", "affiliation-url":"https://api.elsevier.com/content/affiliation/affiliation_id/60103083","afid":"60103083","affilname":"KOF Swiss Economic Institute, ETH Zürich","affiliation-city":"Zürich","affiliation-country":"Switzerland"},{"@_fa": "true", "affiliation-url":"https://api.elsevier.com/content/affiliation/affiliation_id/60074077","afid":"60074077","affilname":"Institut für Weltwirtschaft an der Universität Kiel","affiliation-city":"Kiel","affiliation-country":"Germany"},{"@_fa": "true", "affiliation-url":"https://api.elsevier.com/content/affiliation/affiliation_id/60031514","afid":"60031514","affilname":"Universität Göttingen","affiliation-city":"Gottingen","affiliation-country":"Germany"},{"@_fa": "true", "affiliation-url":"https://api.elsevier.com/content/affiliation/affiliation_id/60027873","afid":"60027873","affilname":"Center for Global Development","affiliation-city":"Washington, D.C.","affiliation-country":"United States"},{"@_fa": "true", "affiliation-url":"https://api.elsevier.com/content/affiliation/affiliation_id/60027786","afid":"60027786","affilname":"Universität St. Gallen","affiliation-city":"St Gallen","affiliation-country":"Switzerland"},{"@_fa": "true", "affiliation-url":"https://api.elsevier.com/content/affiliation/affiliation_id/60023725","afid":"60023725","affilname":"Helmut Schmidt University - University of the Federal Armed Forces Hamburg","affiliation-city":"Hamburg","affiliation-country":"Germany"},{"@_fa": "true", "affiliation-url":"https://api.elsevier.com/content/affiliation/affiliation_id/60019578","afid":"60019578","affilname":"Monash University","affiliation-city":"Melbourne","affiliation-country":"Australia"},{"@_fa": "true", "affiliation-url":"https://api.elsevier.com/content/affiliation/affiliation_id/60016908","afid":"60016908","affilname":"Universität Heidelberg","affiliation-city":"Heidelberg","affiliation-country":"Germany"},{"@_fa": "true", "affiliation-url":"https://api.elsevier.com/content/affiliation/affiliation_id/60016621","afid":"60016621","affilname":"Centre for Economic Policy Research, London","affiliation-city":"London","affiliation-country":"United Kingdom"},{"@_fa": "true", "affiliation-url":"https://api.elsevier.com/content/affiliation/affiliation_id/60016114","afid":"60016114","affilname":"The College of William and Mary","affiliation-city":"Williamsburg","affiliation-country":"United States"},{"@_fa": "true", "affiliation-url":"https://api.elsevier.com/content/affiliation/affiliation_id/100816707","afid":"100816707","affilname":"CESifo","affiliation-city":"Bayreuth","affiliation-country":"Germany"}],"prism:aggregationType":"Journal","subtype":"ar","subtypeDescription":"Article","author-count":{"@limit": "100", "@total": "6", "$" :"6"},"author": [{"@_fa": "true", "@seq": "1", "author-url":"https://api.elsevier.com/content/author/author_id/7005096134","authid":"7005096134","authname":"Dreher A.","surname":"Dreher","given-name":"Axel","initials":"A.","afid": [{"@_fa": "true", "$" :"60016908"},{"@_fa": "true", "$" :"60103083"},{"@_fa": "true", "$" :"60016621"},{"@_fa": "true", "$" :"60031514"},{"@_fa": "true", "$" :"100816707"}]},{"@_fa": "true", "@seq": "2", "author-url":"https://api.elsevier.com/content/author/author_id/55582918500","authid":"55582918500","authname":"Fuchs A.","surname":"Fuchs","given-name":"Andreas","initials":"A.","afid": [{"@_fa": "true", "$" :"60023725"},{"@_fa": "true", "$" :"60074077"}]},{"@_fa": "true", "@seq": "3", "author-url":"https://api.elsevier.com/content/author/author_id/14019507900","authid":"14019507900","authname":"Hodler R.","surname":"Hodler","given-name":"Roland","initials":"R.","afid": [{"@_fa": "true", "$" :"60016621"},{"@_fa": "true", "$" :"100816707"},{"@_fa": "true", "$" :"60027786"}]},{"@_fa": "true", "@seq": "4", "author-url":"https://api.elsevier.com/content/author/author_id/12345100200","authid":"12345100200","authname":"Parks B.","surname":"Parks","given-name":"Bradley C.","initials":"B.C.","afid": [{"@_fa": "true", "$" :"60016114"},{"@_fa": "true", "$" :"60027873"}]},{"@_fa": "true", "@seq": "5", "author-url":"https://api.elsevier.com/content/author/author_id/23019769000","authid":"23019769000","authname":"Raschky P.","surname":"Raschky","given-name":"Paul A.","initials":"P.A.","afid": [{"@_fa": "true", "$" :"60019578"}]},{"@_fa": "true", "@seq": "6", "author-url":"https://api.elsevier.com/content/author/author_id/7102518126","authid":"7102518126","authname":"Tierney M.","surname":"Tierney","given-name":"Michael J.","initials":"M.J.","afid": [{"@_fa": "true", "$" :"60016114"}]}],"authkeywords":"Africa | aid allocation | aid on demand | China | clientelism | favoritism | foreign aid | georeferenced data | Official Development Assistance | patronage | political capture | spatial analysis","source-id":"14834","fund-no":"DP150100061","fund-sponsor":"William and Flora Hewlett Foundation","openaccess":"0","openaccessFlag":false},{"@_fa": "true", "link": [{"@_fa": "true", "@ref": "self", "@href": "https://api.elsevier.com/content/abstract/scopus_id/85066799072"},{"@_fa": "true", "@ref": "author-affiliation", "@href": "https://api.elsevier.com/content/abstract/scopus_id/85066799072?field=author,affiliation"},{"@_fa": "true", "@ref": "scopus", "@href": "https://www.scopus.com/inward/record.uri?partnerID=HzOxMe3b&scp=85066799072&origin=inward"},{"@_fa": "true", "@ref": "scopus-citedby", "@href": "https://www.scopus.com/inward/citedby.uri?partnerID=HzOxMe3b&scp=85066799072&origin=inward"}],"prism:url":"https://api.elsevier.com/content/abstract/scopus_id/85066799072","dc:identifier":"SCOPUS_ID:85066799072","eid":"2-s2.0-85066799072","dc:title":"Electoral Consequences of Colonial Invention: Brokers, Chiefs, and Distribution in Northern Ghana","dc:creator":"Nathan N.","prism:publicationName":"World Politics","prism:issn":"00438871","prism:eIssn":"10863338","prism:volume":"71","prism:issueIdentifier":"3","prism:pageRange":"417-456","prism:coverDate":"2019-07-01","prism:coverDisplayDate":"1 July 2019","prism:doi":"10.1017/S0043887119000030","dc:description":"Copyright © Trustees of Princeton University 2019. This article studies the effects of traditional chiefs - a common type of broker - on voters' ability to extract state resources from politicians. Using original data from Northern Ghana, the author shows that chieftaincy positions invented by colonial authorities are especially prone to capture, leaving voters worse off compared both to more accountable chiefs whose authority dates to the precolonial period and to voters who lack formal chiefs who can serve as brokers. The latter comparison exploits exogenous assignment of ethnic groups to the colonial invention of chieftaincy in the late nineteenth century. The findings suggest that whether voters benefit from brokers amidst clientelistic electoral competition depends on the accountability relationship between brokers and their clients.","citedby-count":"1","affiliation": [{"@_fa": "true", "affiliation-url":"https://api.elsevier.com/content/affiliation/affiliation_id/60025778","afid":"60025778","affilname":"University of Michigan, Ann Arbor","affiliation-city":"Ann Arbor","affiliation-country":"United States"}],"prism:aggregationType":"Journal","subtype":"ar","subtypeDescription":"Article","author-count":{"@limit": "100", "@total": "1", "$" :"1"},"author": [{"@_fa": "true", "@seq": "1", "author-url":"https://api.elsevier.com/content/author/author_id/55489168900","authid":"55489168900","authname":"Nathan N.","surname":"Nathan","given-name":"Noah L.","initials":"N.L.","afid": [{"@_fa": "true", "$" :"60025778"}]}],"authkeywords":"brokers | clientelism | colonialism | distributive politics | Ghana | Key WordsAfrica | traditional chiefs","source-id":"25725","fund-no":"undefined","openaccess":"1","openaccessFlag":true},{"@_fa": "true", "link": [{"@_fa": "true", "@ref": "self", "@href": "https://api.elsevier.com/content/abstract/scopus_id/85065255182"},{"@_fa": "true", "@ref": "author-affiliation", "@href": "https://api.elsevier.com/content/abstract/scopus_id/85065255182?field=author,affiliation"},{"@_fa": "true", "@ref": "scopus", "@href": "https://www.scopus.com/inward/record.uri?partnerID=HzOxMe3b&scp=85065255182&origin=inward"},{"@_fa": "true", "@ref": "scopus-citedby", "@href": "https://www.scopus.com/inward/citedby.uri?partnerID=HzOxMe3b&scp=85065255182&origin=inward"}],"prism:url":"https://api.elsevier.com/content/abstract/scopus_id/85065255182","dc:identifier":"SCOPUS_ID:85065255182","eid":"2-s2.0-85065255182","dc:title":"Engineering popular support for long-ruling parties: The role of clientelism","dc:creator":"Zeng Q.","prism:publicationName":"Japanese Journal of Political Science","prism:issn":"14681099","prism:eIssn":"14740060","prism:volume":"20","prism:issueIdentifier":"2","prism:pageRange":"75-92","prism:coverDate":"2019-06-01","prism:coverDisplayDate":"1 June 2019","prism:doi":"10.1017/S146810991900001X","pii":"S146810991900001X","dc:description":"© 2019 Cambridge University Press. In electorally contested regimes, the incumbent party often uses clientelist exchanges to stay in power long after its underlying electoral support has evaporated. Existing studies failed to examine how the role of clientelism changes with the increasing tenure of the incumbent party. Combining data from the Afrobarometer project and information about partisan turnover, this article shows that the longer a party has remained in power, the more clientelist exchanges in the form of club goods and patronage will serve to bolster popular support for the ruling party. This is mainly because lengthy party duration facilitates the politicization of bureaucracy and other state resources essential for clientelist exchanges. Understanding the evolving role of clientelism under electoral contestation has profound implications for the study of phenomena such as dominant-party rule and democratic erosion.","citedby-count":"0","affiliation": [{"@_fa": "true", "affiliation-url":"https://api.elsevier.com/content/affiliation/affiliation_id/60009860","afid":"60009860","affilname":"Fudan University","affiliation-city":"Shanghai","affiliation-country":"China"}],"prism:aggregationType":"Journal","subtype":"ar","subtypeDescription":"Article","author-count":{"@limit": "100", "@total": "1", "$" :"1"},"author": [{"@_fa": "true", "@seq": "1", "author-url":"https://api.elsevier.com/content/author/author_id/56973139500","authid":"56973139500","authname":"Zeng Q.","surname":"Zeng","given-name":"Qingjie","initials":"Q.","afid": [{"@_fa": "true", "$" :"60009860"}]}],"authkeywords":"Clientelism | dominant party | incumbency advantage | party duration | voter support","source-id":"12600154765","fund-no":"undefined","openaccess":"1","openaccessFlag":true},{"@_fa": "true", "link": [{"@_fa": "true", "@ref": "self", "@href": "https://api.elsevier.com/content/abstract/scopus_id/85052491114"},{"@_fa": "true", "@ref": "author-affiliation", "@href": "https://api.elsevier.com/content/abstract/scopus_id/85052491114?field=author,affiliation"},{"@_fa": "true", "@ref": "scopus", "@href": "https://www.scopus.com/inward/record.uri?partnerID=HzOxMe3b&scp=85052491114&origin=inward"},{"@_fa": "true", "@ref": "scopus-citedby", "@href": "https://www.scopus.com/inward/citedby.uri?partnerID=HzOxMe3b&scp=85052491114&origin=inward"}],"prism:url":"https://api.elsevier.com/content/abstract/scopus_id/85052491114","dc:identifier":"SCOPUS_ID:85052491114","eid":"2-s2.0-85052491114","dc:title":"Ethnic Group Inequality, Partisan Networks, and Political Clientelism","dc:creator":"Wang Y.","prism:publicationName":"Political Research Quarterly","prism:issn":"10659129","prism:volume":"72","prism:issueIdentifier":"2","prism:pageRange":"329-341","prism:coverDate":"2019-06-01","prism:coverDisplayDate":"1 June 2019","prism:doi":"10.1177/1065912918789283","dc:description":"© 2018 University of Utah. How do ethnic group divisions affect parties’ linkage strategies? The provision of private or local club goods favoring co-ethnics by politicians has been well documented in the literature. However, whether clientelism tends to be more widespread in ethnically highly fragmented societies has not been systematically examined. Utilizing a dataset that includes information on more than 450 parties in eighty competitive party systems, we show that the mere presence of multiple ethnic groups does not lead to more clientelistic exchange. Nevertheless, in countries characterized by high levels of economic inequality between politically relevant ethnic groups, parties are more likely to rely on clientelistic strategies to attract votes. In addition, this positive relationship between ethnic income inequality and clientelism is contingent on parties’ ties to ethnic social networks. Specifically, in ethnically unequal societies, parties that can rely on existing ethnic organizations particularly engage in clientelistic modes of electoral mobilization.","citedby-count":"0","affiliation": [{"@_fa": "true", "affiliation-url":"https://api.elsevier.com/content/affiliation/affiliation_id/60014982","afid":"60014982","affilname":"National Cheng Kung University","affiliation-city":"Tainan","affiliation-country":"Taiwan"},{"@_fa": "true", "affiliation-url":"https://api.elsevier.com/content/affiliation/affiliation_id/60007275","afid":"60007275","affilname":"Hendrix College","affiliation-city":"Conway","affiliation-country":"United States"}],"prism:aggregationType":"Journal","subtype":"ar","subtypeDescription":"Article","author-count":{"@limit": "100", "@total": "2", "$" :"2"},"author": [{"@_fa": "true", "@seq": "1", "author-url":"https://api.elsevier.com/content/author/author_id/35792703700","authid":"35792703700","authname":"Wang Y.","surname":"Wang","given-name":"Yi Ting","initials":"Y.T.","afid": [{"@_fa": "true", "$" :"60014982"}]},{"@_fa": "true", "@seq": "2", "author-url":"https://api.elsevier.com/content/author/author_id/56029830600","authid":"56029830600","authname":"Kolev K.","surname":"Kolev","given-name":"Kiril","initials":"K.","afid": [{"@_fa": "true", "$" :"60007275"}]}],"authkeywords":"clientelism | ethnicity | inequality | political parties","source-id":"22867","fund-no":"undefined","fund-sponsor":"Duke University","openaccess":"0","openaccessFlag":false},{"@_fa": "true", "link": [{"@_fa": "true", "@ref": "self", "@href": "https://api.elsevier.com/content/abstract/scopus_id/85064874644"},{"@_fa": "true", "@ref": "author-affiliation", "@href": "https://api.elsevier.com/content/abstract/scopus_id/85064874644?field=author,affiliation"},{"@_fa": "true", "@ref": "scopus", "@href": "https://www.scopus.com/inward/record.uri?partnerID=HzOxMe3b&scp=85064874644&origin=inward"},{"@_fa": "true", "@ref": "scopus-citedby", "@href": "https://www.scopus.com/inward/citedby.uri?partnerID=HzOxMe3b&scp=85064874644&origin=inward"},{"@_fa": "true", "@ref": "full-text", "@href": "https://api.elsevier.com/content/article/eid/1-s2.0-S0967067X19300170"}],"prism:url":"https://api.elsevier.com/content/abstract/scopus_id/85064874644","dc:identifier":"SCOPUS_ID:85064874644","eid":"2-s2.0-85064874644","dc:title":"Neo-patrimonial practices and sustainability of authoritarian regimes in Eurasia","dc:creator":"Shkel S.","prism:publicationName":"Communist and Post-Communist Studies","prism:issn":"0967067X","prism:volume":"52","prism:issueIdentifier":"2","prism:pageRange":"169-176","prism:coverDate":"2019-06-01","prism:coverDisplayDate":"June 2019","prism:doi":"10.1016/j.postcomstud.2019.04.002","pii":"S0967067X19300170","dc:description":"© 2019 The Regents of the University of California The article analyzes authoritarian regimes within the post-Soviet territory in terms of informal practices (clannishness, clientelism and patronage) and their characteristics used by political leaders to form a power coalition. It has been argued that any of these informal practices determine a power coalition of a certain size, which is consequential for regime sustainability. Power coalitions formed on the basis of a clan-like nature is the least effective way to retain power and generally leads to regime destabilization. Clientelism, which allows for forming a power coalition on a wider basis, is a more effective strategy in terms of regime sustainability. Maximum regime sustainability is reached when patronage practices are used, which require more material resources and are only accessible to a limited number of wealthy states.","citedby-count":"0","affiliation": [{"@_fa": "true", "affiliation-url":"https://api.elsevier.com/content/affiliation/affiliation_id/60023914","afid":"60023914","affilname":"Perm State University","affiliation-city":"Perm Perm Krai,","affiliation-country":"Russian Federation"}],"prism:aggregationType":"Journal","subtype":"ar","subtypeDescription":"Article","author-count":{"@limit": "100", "@total": "1", "$" :"1"},"author": [{"@_fa": "true", "@seq": "1", "author-url":"https://api.elsevier.com/content/author/author_id/56747984200","authid":"56747984200","authname":"Shkel S.","surname":"Shkel","given-name":"Stanislav N.","initials":"S.N.","afid": [{"@_fa": "true", "$" :"60023914"}]}],"authkeywords":"Authoritarianism | Clannishness | Clientelism | Neo-patriomonialism | Patronage | Political regimes | The post-soviet territory","source-id":"13435","fund-no":"19-011-00430","fund-sponsor":"Российский Фонд Фундаментальных Исследований (РФФИ)","openaccess":"0","openaccessFlag":false},{"@_fa": "true", "link": [{"@_fa": "true", "@ref": "self", "@href": "https://api.elsevier.com/content/abstract/scopus_id/85063042864"},{"@_fa": "true", "@ref": "author-affiliation", "@href": "https://api.elsevier.com/content/abstract/scopus_id/85063042864?field=author,affiliation"},{"@_fa": "true", "@ref": "scopus", "@href": "https://www.scopus.com/inward/record.uri?partnerID=HzOxMe3b&scp=85063042864&origin=inward"},{"@_fa": "true", "@ref": "scopus-citedby", "@href": "https://www.scopus.com/inward/citedby.uri?partnerID=HzOxMe3b&scp=85063042864&origin=inward"}],"prism:url":"https://api.elsevier.com/content/abstract/scopus_id/85063042864","dc:identifier":"SCOPUS_ID:85063042864","eid":"2-s2.0-85063042864","dc:title":"Asymmetric mutual dependence between the state and capitalists in China","dc:creator":"Zhang C.","prism:publicationName":"Politics and Society","prism:issn":"00323292","prism:eIssn":"15527514","prism:volume":"47","prism:issueIdentifier":"2","prism:pageRange":"149-176","prism:coverDate":"2019-06-01","prism:coverDisplayDate":"1 June 2019","prism:doi":"10.1177/0032329219833282","dc:description":"© The Author(s) 2019. China has for almost four decades been experiencing a market transition and an associated tax state transition, leading to the emergence of capitalists who increasingly control economic resources and serve as important sources of tax revenue. Some theories suggest that these changes should give capitalists political power. From the perspective of the taxation institution, using a mechanism-based case study, this article investigates whether China’s emerging capitalists have gained bargaining power with the party-state. Findings suggest that hidden bargaining, patron-clientelism, legislature co-optation, and legal repression constrain their bargaining power. The underinstitutionalized taxation system has co-opted the capitalists through patronage and, more important, deterrence, thereby building an asymmetric mutual dependence between the local state and capital owners.","citedby-count":"0","affiliation": [{"@_fa": "true", "affiliation-url":"https://api.elsevier.com/content/affiliation/affiliation_id/60014966","afid":"60014966","affilname":"Peking University","affiliation-city":"Beijing","affiliation-country":"China"}],"prism:aggregationType":"Journal","subtype":"ar","subtypeDescription":"Article","author-count":{"@limit": "100", "@total": "1", "$" :"1"},"author": [{"@_fa": "true", "@seq": "1", "author-url":"https://api.elsevier.com/content/author/author_id/56593790700","authid":"56593790700","authname":"Zhang C.","surname":"Zhang","given-name":"Changdong","initials":"C.","afid": [{"@_fa": "true", "$" :"60014966"}]}],"authkeywords":"Co-optation via deterrence | Mutual dependence | Tax state transition | Taxation","source-id":"23439","fund-no":"undefined","openaccess":"0","openaccessFlag":false},{"@_fa": "true", "link": [{"@_fa": "true", "@ref": "self", "@href": "https://api.elsevier.com/content/abstract/scopus_id/85058681440"},{"@_fa": "true", "@ref": "author-affiliation", "@href": "https://api.elsevier.com/content/abstract/scopus_id/85058681440?field=author,affiliation"},{"@_fa": "true", "@ref": "scopus", "@href": "https://www.scopus.com/inward/record.uri?partnerID=HzOxMe3b&scp=85058681440&origin=inward"},{"@_fa": "true", "@ref": "scopus-citedby", "@href": "https://www.scopus.com/inward/citedby.uri?partnerID=HzOxMe3b&scp=85058681440&origin=inward"}],"prism:url":"https://api.elsevier.com/content/abstract/scopus_id/85058681440","dc:identifier":"SCOPUS_ID:85058681440","eid":"2-s2.0-85058681440","dc:title":"Conceptualising capitalism in the twenty-first century: the BRICs and the European periphery<sup>*</sup>","dc:creator":"Vasileva-Dienes A.","prism:publicationName":"Contemporary Politics","prism:issn":"13569775","prism:eIssn":"14693631","prism:volume":"25","prism:issueIdentifier":"3","prism:pageRange":"255-275","prism:coverDate":"2019-05-27","prism:coverDisplayDate":"27 May 2019","prism:doi":"10.1080/13569775.2018.1555746","dc:description":"© 2018, © 2018 The Author(s). Published by Informa UK Limited, trading as Taylor  &  Francis Group. The paper provides a conceptual framework of the Special Issue by theorising and analysing the evolving nature of capitalism in emerging economies and the European periphery today. The conventional conceptual tools of comparative capitalism provide a useful structure for the analysis but have not been up to the task of capturing the changing nature of capitalism in the globalised world, in particular the rise of the emerging powers as well as their current crises. Neither do the conventional tools allow one to capture the developments in the political economies of the European periphery since the Eurozone crisis and the advent of austerity policy. In order to adequately assess these developments we need to rethink the comparative capitalism framework in the global context. To do so, we propose a more dynamic conceptual approach better suited to capturing the changing nature of political economies in and beyond the OECD world. We build upon Uwe Becker's open Varieties of Capitalism framework, among other approaches. Our theoretical conceptualisation highlights five aspects: (1) the role of the state as a central force organising the market (2) patrimonialism, understood as a distinct structural mode of political-economic organisation based on clientelism, patronage and informal relations between actors (3) policies and political institutions (4) the role of ideas, and (5) pressures from globalisation and economic crises.","citedby-count":"2","affiliation": [{"@_fa": "true", "affiliation-url":"https://api.elsevier.com/content/affiliation/affiliation_id/60019674","afid":"60019674","affilname":"Boston University","affiliation-city":"Boston","affiliation-country":"United States"},{"@_fa": "true", "affiliation-url":"https://api.elsevier.com/content/affiliation/affiliation_id/60002483","afid":"60002483","affilname":"University of Amsterdam","affiliation-city":"Amsterdam","affiliation-country":"Netherlands"},{"@_fa": "true", "affiliation-url":"https://api.elsevier.com/content/affiliation/affiliation_id/121835933","afid":"121835933","affilname":"Friedrich-Ebert-Stiftung","affiliation-city":"Vienna","affiliation-country":"Austria"}],"prism:aggregationType":"Journal","subtype":"ar","subtypeDescription":"Article","author-count":{"@limit": "100", "@total": "2", "$" :"2"},"author": [{"@_fa": "true", "@seq": "1", "author-url":"https://api.elsevier.com/content/author/author_id/57205124868","authid":"57205124868","authname":"Vasileva-Dienes A.","surname":"Vasileva-Dienes","given-name":"Alexandra","initials":"A.","afid": [{"@_fa": "true", "$" :"60002483"},{"@_fa": "true", "$" :"121835933"}]},{"@_fa": "true", "@seq": "2", "author-url":"https://api.elsevier.com/content/author/author_id/7202393998","authid":"7202393998","authname":"Schmidt V.","surname":"Schmidt","given-name":"Vivien A.","initials":"V.A.","afid": [{"@_fa": "true", "$" :"60019674"}]}],"authkeywords":"BRICs | Comparative capitalism | patrimonialism | varieties of capitalism","source-id":"5600155004","fund-no":"undefined","openaccess":"1","openaccessFlag":true},{"@_fa": "true", "link": [{"@_fa": "true", "@ref": "self", "@href": "https://api.elsevier.com/content/abstract/scopus_id/85065167741"},{"@_fa": "true", "@ref": "author-affiliation", "@href": "https://api.elsevier.com/content/abstract/scopus_id/85065167741?field=author,affiliation"},{"@_fa": "true", "@ref": "scopus", "@href": "https://www.scopus.com/inward/record.uri?partnerID=HzOxMe3b&scp=85065167741&origin=inward"},{"@_fa": "true", "@ref": "scopus-citedby", "@href": "https://www.scopus.com/inward/citedby.uri?partnerID=HzOxMe3b&scp=85065167741&origin=inward"}],"prism:url":"https://api.elsevier.com/content/abstract/scopus_id/85065167741","dc:identifier":"SCOPUS_ID:85065167741","eid":"2-s2.0-85065167741","dc:title":"Ethnic group institutions and electoral clientelism","dc:creator":"Kramon E.","prism:publicationName":"Party Politics","prism:issn":"13540688","prism:eIssn":"14603683","prism:volume":"25","prism:issueIdentifier":"3","prism:pageRange":"435-447","prism:coverDate":"2019-05-01","prism:coverDisplayDate":"1 May 2019","prism:doi":"10.1177/1354068817728212","dc:description":"© The Author(s) 2017. Individual electoral clientelism involves the allocation of handouts to voters around elections. Why is this strategy common in some contexts but not in others? This article demonstrates that ethnic group institutional structure helps to explain this variation. Where ethnic groups are organized hierarchically and have centralized leadership, politicians leverage this infrastructure to mobilize voters wholesale. Where they are not, politicians forge linkages directly with voters, resulting in more electoral clientelism. I provide evidence from a set of African countries, where there is variation in the social structure of ethnic and religious groups. I show that electoral clientelism is more widespread in countries where ethnic groups have a decentralized organization. An individual-level analysis of electoral clientelism in 15 African countries further shows that members of decentralized groups are most likely to receive electoral handouts. The findings contribute to the comparative literature on clientelism and highlight how the organizational structure of intermediaries can shape strategies of clientelism.","citedby-count":"1","affiliation": [{"@_fa": "true", "affiliation-url":"https://api.elsevier.com/content/affiliation/affiliation_id/60003088","afid":"60003088","affilname":"George Washington University","affiliation-city":"Washington, D.C.","affiliation-country":"United States"}],"prism:aggregationType":"Journal","subtype":"ar","subtypeDescription":"Article","author-count":{"@limit": "100", "@total": "1", "$" :"1"},"author": [{"@_fa": "true", "@seq": "1", "author-url":"https://api.elsevier.com/content/author/author_id/47061248900","authid":"47061248900","authname":"Kramon E.","surname":"Kramon","given-name":"Eric","initials":"E.","afid": [{"@_fa": "true", "$" :"60003088"}]}],"authkeywords":"clientelism | elections | ethnic politics | traditional leaders | vote buying","source-id":"67863","fund-no":"undefined","openaccess":"0","openaccessFlag":false},{"@_fa": "true", "link": [{"@_fa": "true", "@ref": "self", "@href": "https://api.elsevier.com/content/abstract/scopus_id/85058364915"},{"@_fa": "true", "@ref": "author-affiliation", "@href": "https://api.elsevier.com/content/abstract/scopus_id/85058364915?field=author,affiliation"},{"@_fa": "true", "@ref": "scopus", "@href": "https://www.scopus.com/inward/record.uri?partnerID=HzOxMe3b&scp=85058364915&origin=inward"},{"@_fa": "true", "@ref": "scopus-citedby", "@href": "https://www.scopus.com/inward/citedby.uri?partnerID=HzOxMe3b&scp=85058364915&origin=inward"}],"prism:url":"https://api.elsevier.com/content/abstract/scopus_id/85058364915","dc:identifier":"SCOPUS_ID:85058364915","eid":"2-s2.0-85058364915","dc:title":"Markets in votes: Alienability, strict secrecy, and political clientelism","dc:creator":"Maloberti N.","prism:publicationName":"Politics, Philosophy and Economics","prism:issn":"1470594X","prism:eIssn":"17413060","prism:volume":"18","prism:issueIdentifier":"2","prism:pageRange":"193-215","prism:coverDate":"2019-05-01","prism:coverDisplayDate":"1 May 2019","prism:doi":"10.1177/1470594X18809068","dc:description":"© The Author(s) 2018. Standard rationales for the illegality of markets in votes are based on concerns over the undue influence of wealth and the erosion of civic responsibility that would result from the commodification of votes. I present an alternative rationale based on how the mere alienability of votes alters the strategic setting faced by political actors. The inalienability of votes ensure the strict secrecy of voting, that is, the inability of voters to communicate credibly to others the content of their votes. In doing so, it diminishes the credibility of all political actors’ clientelistic promises to reciprocate. By drastically reducing the transaction costs of vote exchanges, the legality of markets in votes would thus exacerbate the detrimental effects of political clientelism on the quality of democratic governments.","citedby-count":"0","affiliation": [{"@_fa": "true", "affiliation-url":"https://api.elsevier.com/content/affiliation/affiliation_id/100471629","afid":"100471629","affilname":"Liberty Fund","affiliation-city":"Indianapolis","affiliation-country":"United States"}],"prism:aggregationType":"Journal","subtype":"ar","subtypeDescription":"Article","author-count":{"@limit": "100", "@total": "1", "$" :"1"},"author": [{"@_fa": "true", "@seq": "1", "author-url":"https://api.elsevier.com/content/author/author_id/35303117100","authid":"35303117100","authname":"Maloberti N.","surname":"Maloberti","given-name":"Nicolás","initials":"N.","afid": [{"@_fa": "true", "$" :"100471629"}]}],"authkeywords":"alienability | clientelism | limits of markets | markets in votes | strict secrecy","source-id":"5700163963","fund-no":"undefined","openaccess":"0","openaccessFlag":false},{"@_fa": "true", "link": [{"@_fa": "true", "@ref": "self", "@href": "https://api.elsevier.com/content/abstract/scopus_id/85061076750"},{"@_fa": "true", "@ref": "author-affiliation", "@href": "https://api.elsevier.com/content/abstract/scopus_id/85061076750?field=author,affiliation"},{"@_fa": "true", "@ref": "scopus", "@href": "https://www.scopus.com/inward/record.uri?partnerID=HzOxMe3b&scp=85061076750&origin=inward"},{"@_fa": "true", "@ref": "scopus-citedby", "@href": "https://www.scopus.com/inward/citedby.uri?partnerID=HzOxMe3b&scp=85061076750&origin=inward"},{"@_fa": "true", "@ref": "full-text", "@href": "https://api.elsevier.com/content/article/eid/1-s2.0-S0305750X19300178"}],"prism:url":"https://api.elsevier.com/content/abstract/scopus_id/85061076750","dc:identifier":"SCOPUS_ID:85061076750","eid":"2-s2.0-85061076750","dc:title":"Post-clientelistic initiatives in a patronage democracy: The distributive politics of India's MGNREGA","dc:creator":"Das U.","prism:publicationName":"World Development","prism:issn":"0305750X","prism:eIssn":"18735991","prism:volume":"117","prism:pageRange":"239-252","prism:coverDate":"2019-05-01","prism:coverDisplayDate":"May 2019","prism:doi":"10.1016/j.worlddev.2019.01.011","pii":"S0305750X19300178","dc:description":"© 2019 Elsevier Ltd This article analyzes the distributive politics of India's (and the world's) largest workfare program, the Mahatma Gandhi National Rural Employment Guarantee Act. We use a unique dataset that includes census and MGNREGA implementation data at the single-constituency level for the state of Andhra Pradesh (2009–17) across an entire election cycle (2009–14). Using regression analysis, we find that the ruling party does not use the program to buy votes neither in swing, nor in core areas of support, as we find the distribution of jobs to be ‘post-clientelistic’. We explain this result – surprising in a ‘patronage democracy’ – with the lobbying power of big farmers, an important special interest group in India's political economy. Our analysis also shows that the ruling party's distributive strategy consists of compressing job generation in core constituencies, in order to expand expenditure on materials needed for the execution of the projects. In this way, the ruling party can channel resources to contractors, who fund the electoral campaign of the party in return as our qualitative evidence suggests. The article reinforces arguments that predict that political parties will target core areas of support and develops a bi-dimensional model of clientelism that highlights the role of contractors and opaque electoral rules in determining distributive strategies.","citedby-count":"0","affiliation": [{"@_fa": "true", "affiliation-url":"https://api.elsevier.com/content/affiliation/affiliation_id/60017161","afid":"60017161","affilname":"National University of Singapore","affiliation-city":"Singapore City","affiliation-country":"Singapore"},{"@_fa": "true", "affiliation-url":"https://api.elsevier.com/content/affiliation/affiliation_id/60006297","afid":"60006297","affilname":"University of Pennsylvania","affiliation-city":"Philadelphia","affiliation-country":"United States"}],"prism:aggregationType":"Journal","subtype":"ar","subtypeDescription":"Article","author-count":{"@limit": "100", "@total": "2", "$" :"2"},"author": [{"@_fa": "true", "@seq": "1", "author-url":"https://api.elsevier.com/content/author/author_id/55655334100","authid":"55655334100","authname":"Das U.","surname":"Das","given-name":"Upasak","initials":"U.","afid": [{"@_fa": "true", "$" :"60006297"}]},{"@_fa": "true", "@seq": "2", "author-url":"https://api.elsevier.com/content/author/author_id/55119876200","authid":"55119876200","authname":"Maiorano D.","surname":"Maiorano","given-name":"Diego","initials":"D.","afid": [{"@_fa": "true", "$" :"60017161"}]}],"authkeywords":"Andhra Pradesh | Clientelism | India | MGNREGA | Mixed methods | Patronage democracy","source-id":"30060","fund-no":"2015-01245","fund-sponsor":"Vetenskapsrådet","openaccess":"0","openaccessFlag":false},{"@_fa": "true", "link": [{"@_fa": "true", "@ref": "self", "@href": "https://api.elsevier.com/content/abstract/scopus_id/85064605103"},{"@_fa": "true", "@ref": "author-affiliation", "@href": "https://api.elsevier.com/content/abstract/scopus_id/85064605103?field=author,affiliation"},{"@_fa": "true", "@ref": "scopus", "@href": "https://www.scopus.com/inward/record.uri?partnerID=HzOxMe3b&scp=85064605103&origin=inward"},{"@_fa": "true", "@ref": "scopus-citedby", "@href": "https://www.scopus.com/inward/citedby.uri?partnerID=HzOxMe3b&scp=85064605103&origin=inward"}],"prism:url":"https://api.elsevier.com/content/abstract/scopus_id/85064605103","dc:identifier":"SCOPUS_ID:85064605103","eid":"2-s2.0-85064605103","dc:title":"Precolonial citizenship in South Sulawesi","dc:creator":"Henley D.","prism:publicationName":"Citizenship Studies","prism:issn":"13621025","prism:eIssn":"14693593","prism:volume":"23","prism:issueIdentifier":"3","prism:pageRange":"240-255","prism:coverDate":"2019-04-03","prism:coverDisplayDate":"3 April 2019","prism:doi":"10.1080/13621025.2019.1603271","dc:description":"© 2019, © 2019 The Author(s). Published by Informa UK Limited, trading as Taylor  &  Francis Group. Citizenship is a difficult concept to apply to non-Western societies. The idea of citizenship has its origins in Ancient Athens and Republican Rome, its modern form having been shaped by the French Revolution and the nationalisms of nineteenth- and twentieth-century Europe. Yet the idea of a social contract between members of a society and their leaders is also found in non-Western societies. The notion of integrated rights and duties of free individuals has existed for centuries among the Bugis and Makasar peoples of South Sulawesi, Indonesia. In this paper, concepts and practices developed by the Bugis and Makasar are compared against Classical Greek and Roman citizenship, and the status of Bugis women is briefly examined. In conclusion, it is argued that an important contractual principle that has its origins in patron-client relations was fundamental to the foundation of the South Sulawesi states and to their economic and social well-being.","citedby-count":"0","affiliation": [{"@_fa": "true", "affiliation-url":"https://api.elsevier.com/content/affiliation/affiliation_id/60071491","afid":"60071491","affilname":"University of the Philippines Diliman","affiliation-city":"Quezon City","affiliation-country":"Philippines"},{"@_fa": "true", "affiliation-url":"https://api.elsevier.com/content/affiliation/affiliation_id/60019816","afid":"60019816","affilname":"Leiden University","affiliation-city":"Leiden","affiliation-country":"Netherlands"}],"prism:aggregationType":"Journal","subtype":"ar","subtypeDescription":"Article","author-count":{"@limit": "100", "@total": "2", "$" :"2"},"author": [{"@_fa": "true", "@seq": "1", "author-url":"https://api.elsevier.com/content/author/author_id/56186808900","authid":"56186808900","authname":"Henley D.","surname":"Henley","given-name":"David","initials":"D.","afid": [{"@_fa": "true", "$" :"60019816"}]},{"@_fa": "true", "@seq": "2", "author-url":"https://api.elsevier.com/content/author/author_id/24741129400","authid":"24741129400","authname":"Caldwell I.","surname":"Caldwell","given-name":"Ian","initials":"I.","afid": [{"@_fa": "true", "$" :"60071491"}]}],"authkeywords":"Bugis | Citizenship | clientelism | contract | democracy | Makasar","source-id":"16886","fund-no":"undefined","openaccess":"1","openaccessFlag":true},{"@_fa": "true", "link": [{"@_fa": "true", "@ref": "self", "@href": "https://api.elsevier.com/content/abstract/scopus_id/85061896502"},{"@_fa": "true", "@ref": "author-affiliation", "@href": "https://api.elsevier.com/content/abstract/scopus_id/85061896502?field=author,affiliation"},{"@_fa": "true", "@ref": "scopus", "@href": "https://www.scopus.com/inward/record.uri?partnerID=HzOxMe3b&scp=85061896502&origin=inward"},{"@_fa": "true", "@ref": "scopus-citedby", "@href": "https://www.scopus.com/inward/citedby.uri?partnerID=HzOxMe3b&scp=85061896502&origin=inward"}],"prism:url":"https://api.elsevier.com/content/abstract/scopus_id/85061896502","dc:identifier":"SCOPUS_ID:85061896502","eid":"2-s2.0-85061896502","dc:title":"Ironic political reforms: elected senators, party-list MPs, and family rule in Thailand","dc:creator":"Nishizaki Y.","prism:publicationName":"Critical Asian Studies","prism:issn":"14672715","prism:eIssn":"14726033","prism:volume":"51","prism:issueIdentifier":"2","prism:pageRange":"210-231","prism:coverDate":"2019-04-03","prism:coverDisplayDate":"3 April 2019","prism:doi":"10.1080/14672715.2019.1574596","dc:description":"© 2019, © 2019 BCAS, Inc. An elected Senate and the party-list system are two institutional innovations of the 1997 Thai Constitution designed to support political reforms. This paper sheds light on one unintended effect of these reforms: they have allowed scores of political families to maintain or even tighten their grip on Parliament. Combining aggregate data and case studies, this paper shows that a sizable number of elected senators and party-list parliamentary members are related, by birth or marriage, to other parliament members elected in the post-1932 period. The well-intended reforms have concentrated parliamentary power in the hands of these families, many of which represent the excesses of Thailand’s full-blown electoral democracy. The survival and resilience of these families diminish reform opportunities by further entrenching corruption, clientelism, violence, and electoral fraud, as well as by deepening dynastic rule that militates against political pluralism and inclusiveness.","citedby-count":"0","affiliation": [{"@_fa": "true", "affiliation-url":"https://api.elsevier.com/content/affiliation/affiliation_id/60017161","afid":"60017161","affilname":"National University of Singapore","affiliation-city":"Singapore City","affiliation-country":"Singapore"}],"prism:aggregationType":"Journal","subtype":"ar","subtypeDescription":"Article","author-count":{"@limit": "100", "@total": "1", "$" :"1"},"author": [{"@_fa": "true", "@seq": "1", "author-url":"https://api.elsevier.com/content/author/author_id/24171660500","authid":"24171660500","authname":"Nishizaki Y.","surname":"Nishizaki","given-name":"Yoshinori","initials":"Y.","afid": [{"@_fa": "true", "$" :"60017161"}]}],"authkeywords":"electoral reforms | party list | political families | Senate | Thailand","source-id":"23971","fund-no":"R-108-000-056-112","fund-sponsor":"National University of Singapore","openaccess":"0","openaccessFlag":false},{"@_fa": "true", "link": [{"@_fa": "true", "@ref": "self", "@href": "https://api.elsevier.com/content/abstract/scopus_id/85047915680"},{"@_fa": "true", "@ref": "author-affiliation", "@href": "https://api.elsevier.com/content/abstract/scopus_id/85047915680?field=author,affiliation"},{"@_fa": "true", "@ref": "scopus", "@href": "https://www.scopus.com/inward/record.uri?partnerID=HzOxMe3b&scp=85047915680&origin=inward"},{"@_fa": "true", "@ref": "scopus-citedby", "@href": "https://www.scopus.com/inward/citedby.uri?partnerID=HzOxMe3b&scp=85047915680&origin=inward"}],"prism:url":"https://api.elsevier.com/content/abstract/scopus_id/85047915680","dc:identifier":"SCOPUS_ID:85047915680","eid":"2-s2.0-85047915680","dc:title":"Selective Consent and Dissent: Professional Response to Reform in the Post-Crisis Greek NHS","dc:creator":"Bolton S.","prism:publicationName":"Work, Employment and Society","prism:issn":"09500170","prism:volume":"33","prism:issueIdentifier":"2","prism:pageRange":"262-279","prism:coverDate":"2019-04-01","prism:coverDisplayDate":"1 April 2019","prism:doi":"10.1177/0950017018774244","dc:description":"© The Author(s) 2018. Utilising the sociology of the professions as an analytical framework, the article explores the response of the Greek medical profession to state-imposed managerialism during times of economic recession and socio-political turbulence. It is argued that the case of southern welfare states, permeated by clientelism and corruption, underpins a distinct form of professional–state relations, currently missing from relevant theoretical discussions. Rich qualitative data collected from practising hospital doctors in Greece reveal a willingness to concede elements of clinical autonomy in exchange for the minimisation of the role of a corrupt state in the organisation of the Greek National Health Service.","citedby-count":"0","affiliation": [{"@_fa": "true", "affiliation-url":"https://api.elsevier.com/content/affiliation/affiliation_id/60025200","afid":"60025200","affilname":"University of Stirling","affiliation-city":"Stirling","affiliation-country":"United Kingdom"}],"prism:aggregationType":"Journal","subtype":"ar","subtypeDescription":"Article","author-count":{"@limit": "100", "@total": "3", "$" :"3"},"author": [{"@_fa": "true", "@seq": "1", "author-url":"https://api.elsevier.com/content/author/author_id/7102315329","authid":"7102315329","authname":"Bolton S.","surname":"Bolton","given-name":"Sharon C.","initials":"S.C.","afid": [{"@_fa": "true", "$" :"60025200"}]},{"@_fa": "true", "@seq": "2", "author-url":"https://api.elsevier.com/content/author/author_id/57202340438","authid":"57202340438","authname":"Charalampopoulos V.","surname":"Charalampopoulos","given-name":"Vasilis","initials":"V.","afid": [{"@_fa": "true", "$" :"60025200"}]},{"@_fa": "true", "@seq": "3", "author-url":"https://api.elsevier.com/content/author/author_id/56672946600","authid":"56672946600","authname":"Skountridaki L.","surname":"Skountridaki","given-name":"Lila","initials":"L.","afid": [{"@_fa": "true", "$" :"60025200"}]}],"authkeywords":"Clientelism | doctors | Greek National Healthcare Service | managerialism | professional power","source-id":"19251","fund-no":"undefined","openaccess":"0","openaccessFlag":false},{"@_fa": "true", "link": [{"@_fa": "true", "@ref": "self", "@href": "https://api.elsevier.com/content/abstract/scopus_id/85064506917"},{"@_fa": "true", "@ref": "author-affiliation", "@href": "https://api.elsevier.com/content/abstract/scopus_id/85064506917?field=author,affiliation"},{"@_fa": "true", "@ref": "scopus", "@href": "https://www.scopus.com/inward/record.uri?partnerID=HzOxMe3b&scp=85064506917&origin=inward"},{"@_fa": "true", "@ref": "scopus-citedby", "@href": "https://www.scopus.com/inward/citedby.uri?partnerID=HzOxMe3b&scp=85064506917&origin=inward"}],"prism:url":"https://api.elsevier.com/content/abstract/scopus_id/85064506917","dc:identifier":"SCOPUS_ID:85064506917","eid":"2-s2.0-85064506917","dc:title":"Creating Authoritarian Clientelism: Poland After 2015","dc:creator":"Markowski R.","prism:publicationName":"Hague Journal on the Rule of Law","prism:issn":"18764045","prism:eIssn":"18764053","prism:volume":"11","prism:issueIdentifier":"1","prism:pageRange":"111-132","prism:coverDate":"2019-04-01","prism:coverDisplayDate":"1 April 2019","prism:doi":"10.1007/s40803-018-0082-5","dc:description":"© 2018, The Author(s). Since the 2015 elections, Poland has ‘enjoyed’ the attention of social sciences—political science in particular—to an extent greater than at any time since the period of “Solidarity” in the early 1980s. In contrast to that period, Poland’s idiosyncratic development over the last two and a half years can hardly be said to play the function of a normative role model. Political developments in Poland in recent times devolve into two stories: one of profound civilizational, economic and social development prior to the 2015 elections; the other of an unexpected and sudden shift toward the dismantling of the liberal democratic system after the Law and Justice (PiS) party came to power in late 2015. The first part of this article describes the most important features of pre-2015 political developments in Poland and identifies key determinants of vote choice in the 2015 parliamentary election in Poland. In brief, this analysis shows two things: that there was no ‘demand’ for systemic change at these elections, and that support for the winning party was mainly determined by socio-cultural factors rather than economic ones. The second part of the article aims to answer the question of why the PiS government has embarked on a course of political action that violates both the abstract principles of liberal democracy and concrete, binding provisions of Poland’s 1997 Constitution. Several theoretical and speculative ideas are offered in answer to this question.","citedby-count":"0","affiliation": [{"@_fa": "true", "affiliation-url":"https://api.elsevier.com/content/affiliation/affiliation_id/60031620","afid":"60031620","affilname":"SWPS Uniwersytet Humanistycznospołeczny","affiliation-city":"Warsaw","affiliation-country":"Poland"}],"prism:aggregationType":"Journal","subtype":"ar","subtypeDescription":"Article","author-count":{"@limit": "100", "@total": "1", "$" :"1"},"author": [{"@_fa": "true", "@seq": "1", "author-url":"https://api.elsevier.com/content/author/author_id/6604022181","authid":"6604022181","authname":"Markowski R.","surname":"Markowski","given-name":"Radoslaw","initials":"R.","afid": [{"@_fa": "true", "$" :"60031620"}]}],"authkeywords":"Authoritarian clientelism | Elections | Political legacies | Theories of transition","source-id":"21100286942","fund-no":"undefined","openaccess":"1","openaccessFlag":true},{"@_fa": "true", "link": [{"@_fa": "true", "@ref": "self", "@href": "https://api.elsevier.com/content/abstract/scopus_id/85062862636"},{"@_fa": "true", "@ref": "author-affiliation", "@href": "https://api.elsevier.com/content/abstract/scopus_id/85062862636?field=author,affiliation"},{"@_fa": "true", "@ref": "scopus", "@href": "https://www.scopus.com/inward/record.uri?partnerID=HzOxMe3b&scp=85062862636&origin=inward"},{"@_fa": "true", "@ref": "scopus-citedby", "@href": "https://www.scopus.com/inward/citedby.uri?partnerID=HzOxMe3b&scp=85062862636&origin=inward"}],"prism:url":"https://api.elsevier.com/content/abstract/scopus_id/85062862636","dc:identifier":"SCOPUS_ID:85062862636","eid":"2-s2.0-85062862636","dc:title":"Why Ethnic Subaltern-Led Parties Crowd Out Armed Organizations: Explaining Maoist Violence in India","dc:creator":"Chandra K.","prism:publicationName":"World Politics","prism:issn":"00438871","prism:eIssn":"10863338","prism:volume":"71","prism:issueIdentifier":"2","prism:pageRange":"367-416","prism:coverDate":"2019-04-01","prism:coverDisplayDate":"1 April 2019","prism:doi":"10.1017/S004388711800028X","pii":"S004388711800028X","dc:description":"Copyright © Trustees of Princeton University 2019. This article asks why some Indian districts experience chronic Maoist violence while others do not. The answer helps to explain India's Maoist civil war, which is the product of the accumulation of violence in a few districts, as well as to generate a new hypothesis about the causes of civil war more generally. The authors argue that, other things equal, the emergence of subaltern-led parties at the critical juncture before armed organizations enter crowds them out: the stronger the presence of subaltern-led political parties in a district at this juncture, the lower the likelihood of experiencing chronic armed violence subsequently. They develop their argument through field research and test its main prediction using an original, district-level data set on subaltern incorporation and Maoist violence in India between 1967 and 2008. The article contributes a new, party-based explanation to the literatures on both civil war and Maoist violence in India. It also introduces new district-level data on the Maoist movement and on the incorporation of subaltern ethnic groups by political parties in India.","citedby-count":"1","affiliation": [{"@_fa": "true", "affiliation-url":"https://api.elsevier.com/content/affiliation/affiliation_id/60021784","afid":"60021784","affilname":"New York University","affiliation-city":"New York","affiliation-country":"United States"},{"@_fa": "true", "affiliation-url":"https://api.elsevier.com/content/affiliation/affiliation_id/60014439","afid":"60014439","affilname":"University of California, Davis","affiliation-city":"Davis","affiliation-country":"United States"}],"prism:aggregationType":"Journal","subtype":"ar","subtypeDescription":"Article","author-count":{"@limit": "100", "@total": "2", "$" :"2"},"author": [{"@_fa": "true", "@seq": "1", "author-url":"https://api.elsevier.com/content/author/author_id/24281021700","authid":"24281021700","authname":"Chandra K.","surname":"Chandra","given-name":"Kanchan","initials":"K.","afid": [{"@_fa": "true", "$" :"60021784"}]},{"@_fa": "true", "@seq": "2", "author-url":"https://api.elsevier.com/content/author/author_id/55820025300","authid":"55820025300","authname":"García-Ponce O.","surname":"García-Ponce","given-name":"Omar","initials":"O.","afid": [{"@_fa": "true", "$" :"60014439"}]}],"authkeywords":"clientelism | ethnic parties | India | left | Maoist | parties | patronage | violence | Wordscivil war","source-id":"25725","fund-no":"undefined","openaccess":"0","openaccessFlag":false},{"@_fa": "true", "link": [{"@_fa": "true", "@ref": "self", "@href": "https://api.elsevier.com/content/abstract/scopus_id/85057992750"},{"@_fa": "true", "@ref": "author-affiliation", "@href": "https://api.elsevier.com/content/abstract/scopus_id/85057992750?field=author,affiliation"},{"@_fa": "true", "@ref": "scopus", "@href": "https://www.scopus.com/inward/record.uri?partnerID=HzOxMe3b&scp=85057992750&origin=inward"},{"@_fa": "true", "@ref": "scopus-citedby", "@href": "https://www.scopus.com/inward/citedby.uri?partnerID=HzOxMe3b&scp=85057992750&origin=inward"}],"prism:url":"https://api.elsevier.com/content/abstract/scopus_id/85057992750","dc:identifier":"SCOPUS_ID:85057992750","eid":"2-s2.0-85057992750","dc:title":"Challenging corruption and clientelism in post-conflict and developing states","dc:creator":"Singh D.","prism:publicationName":"Crime, Law and Social Change","prism:issn":"09254994","prism:eIssn":"15730751","prism:volume":"71","prism:issueIdentifier":"2","prism:pageRange":"197-216","prism:coverDate":"2019-03-21","prism:coverDisplayDate":"21 March 2019","prism:doi":"10.1007/s10611-018-9807-6","dc:description":"© 2018, Springer Nature B.V. Corruption and clientelism in the government, security and judicial institutions of developing and war-torn countries seriously affects the poor and hinders state effectiveness to deliver services, the rule of law and security. This article provides an overview of systemic corruption, patronage and nepotism; petty bribery (administrative corruption); and state capture. This is followed by an analysis of international anti-corruption strategies as a response to curb these mentioned drivers of corruption. Subsequently, comparative methods are prescribed to compare corruption in various countries. Initially, cases of strong political will to fulfil anti-corruption reform in Hong Kong and Singapore are covered. These are compared with several cases of narco-states infiltrated from powerful drug cartels perverting the judiciary, the rule of law and security are presented to identify the main challenges of namely state capture and systemic corruption. Public administration reform, civil service reform and meritocracy and pay reform are addressed as further strategies to curb corruption. The final part provides a roadmap of anti-corruption strategy based on the main causes and practices of corruption, and reform efforts to mitigate them, as identified in the paper. This is based on four areas: raising awareness; prevention; prosecution and sanctions; and detection. The purpose of such an approach is to provide solutions based on the main forms of corruption and clientelism, as analysed in the paper.","citedby-count":"0","affiliation": [{"@_fa": "true", "affiliation-url":"https://api.elsevier.com/content/affiliation/affiliation_id/60025655","afid":"60025655","affilname":"University of Teesside","affiliation-city":"Middlesbrough","affiliation-country":"United Kingdom"}],"prism:aggregationType":"Journal","subtype":"ar","subtypeDescription":"Article","author-count":{"@limit": "100", "@total": "1", "$" :"1"},"author": [{"@_fa": "true", "@seq": "1", "author-url":"https://api.elsevier.com/content/author/author_id/56378074600","authid":"56378074600","authname":"Singh D.","surname":"Singh","given-name":"Danny","initials":"D.","afid": [{"@_fa": "true", "$" :"60025655"}]}],"source-id":"19637","fund-no":"undefined","openaccess":"0","openaccessFlag":false},{"@_fa": "true", "link": [{"@_fa": "true", "@ref": "self", "@href": "https://api.elsevier.com/content/abstract/scopus_id/85065186320"},{"@_fa": "true", "@ref": "author-affiliation", "@href": "https://api.elsevier.com/content/abstract/scopus_id/85065186320?field=author,affiliation"},{"@_fa": "true", "@ref": "scopus", "@href": "https://www.scopus.com/inward/record.uri?partnerID=HzOxMe3b&scp=85065186320&origin=inward"},{"@_fa": "true", "@ref": "scopus-citedby", "@href": "https://www.scopus.com/inward/citedby.uri?partnerID=HzOxMe3b&scp=85065186320&origin=inward"}],"prism:url":"https://api.elsevier.com/content/abstract/scopus_id/85065186320","dc:identifier":"SCOPUS_ID:85065186320","eid":"2-s2.0-85065186320","dc:title":"Does Participatory Planning Promise Too Much? Global Discourses and the Glass Ceiling of Participation in Urban Malawi","dc:creator":"Refstie H.","prism:publicationName":"Planning Theory and Practice","prism:issn":"14649357","prism:eIssn":"1470000X","prism:volume":"20","prism:issueIdentifier":"2","prism:pageRange":"241-257","prism:coverDate":"2019-03-15","prism:coverDisplayDate":"15 March 2019","prism:doi":"10.1080/14649357.2019.1606928","dc:description":"© 2019, © 2019 Informa UK Limited, trading as Taylor  &  Francis Group. This article discusses how global ideas on co-production and citizenship built from below are translated into community mobilization and participatory planning practices in urban Malawi. It shows how limited national and local resources, disconnections from national and urban policies of redistribution, and a local politics shaped by both clientelism and democratic reforms create a glass ceiling for what global models of community mobilization and participation are able to achieve. It calls for a more systematic and empirically diverse research agenda to better understand how participatory discourses and practices embedded in grassroots organizing are transferred and mediated in place.","citedby-count":"0","affiliation": [{"@_fa": "true", "affiliation-url":"https://api.elsevier.com/content/affiliation/affiliation_id/60015565","afid":"60015565","affilname":"Norsk institutt for by-og regionforskning","affiliation-city":"Oslo","affiliation-country":"Norway"},{"@_fa": "true", "affiliation-url":"https://api.elsevier.com/content/affiliation/affiliation_id/60013141","afid":"60013141","affilname":"Norges Teknisk-Naturvitenskapelige Universitet","affiliation-city":"Trondheim","affiliation-country":"Norway"}],"prism:aggregationType":"Journal","subtype":"ar","subtypeDescription":"Article","author-count":{"@limit": "100", "@total": "2", "$" :"2"},"author": [{"@_fa": "true", "@seq": "1", "author-url":"https://api.elsevier.com/content/author/author_id/55251756300","authid":"55251756300","authname":"Refstie H.","surname":"Refstie","given-name":"Hilde","initials":"H.","afid": [{"@_fa": "true", "$" :"60013141"}]},{"@_fa": "true", "@seq": "2", "author-url":"https://api.elsevier.com/content/author/author_id/7801549072","authid":"7801549072","authname":"Millstein M.","surname":"Millstein","given-name":"Marianne","initials":"M.","afid": [{"@_fa": "true", "$" :"60015565"}]}],"authkeywords":"citizenship | Malawi | participatory planning | slum upgrading","source-id":"14685","fund-no":"undefined","fund-sponsor":"Oxford Brookes University","openaccess":"0","openaccessFlag":false},{"@_fa": "true", "link": [{"@_fa": "true", "@ref": "self", "@href": "https://api.elsevier.com/content/abstract/scopus_id/85061591284"},{"@_fa": "true", "@ref": "author-affiliation", "@href": "https://api.elsevier.com/content/abstract/scopus_id/85061591284?field=author,affiliation"},{"@_fa": "true", "@ref": "scopus", "@href": "https://www.scopus.com/inward/record.uri?partnerID=HzOxMe3b&scp=85061591284&origin=inward"},{"@_fa": "true", "@ref": "scopus-citedby", "@href": "https://www.scopus.com/inward/citedby.uri?partnerID=HzOxMe3b&scp=85061591284&origin=inward"}],"prism:url":"https://api.elsevier.com/content/abstract/scopus_id/85061591284","dc:identifier":"SCOPUS_ID:85061591284","eid":"2-s2.0-85061591284","dc:title":"Electricity-Centered Clientelism and the Contradictions of Private Solar Microgrids in India","dc:creator":"Balls J.","prism:publicationName":"Annals of the American Association of Geographers","prism:issn":"24694452","prism:eIssn":"24694460","prism:volume":"109","prism:issueIdentifier":"2","prism:pageRange":"465-475","prism:coverDate":"2019-03-04","prism:coverDisplayDate":"4 March 2019","prism:doi":"10.1080/24694452.2018.1535312","dc:description":"© 2019, © 2019 by American Association of Geographers. Most discussions about solar microgrids focus on sustainable energy and development goals and the technical aspects of electricity generation, storage, transmission, and distribution. Very few explicitly examine the ways in which their introduction upsets and reshapes entrenched practices of electoral politics and citizen claim-making around electricity access and development. In India, as in many parts of the world, electricity represents the most visible symbol of economic development and social well-being. Democratic politics in many developing countries are linked to demands for access to electricity. The meshing of electricity, development, and democratic politics in postindependence India has produced a politics of clientelism in which parties have sought to gain voter support with promises of cheap or free electricity. Although this electricity-centered clientelism has expanded supply, it has simultaneously contributed to skewed spatial access, unreliable supply, and high debt burdens for state-owned electricity distribution companies. This article examines histories of clientelism and the contradictions emerging from the introduction of private solar microgrids in rural areas of the northern Indian state of Uttar Pradesh. It shows that although solar microgrids avoid electricity-centered clientelism, significant numbers of poor rural households in their supply areas are both excluded by their user-pays approach and unable to demand fair access through political representatives. The study calls for alternative governance and support programs at local levels that ensure that private solar microgrids can deliver reliable electricity to poor households. Key Words: clientelism, electricity, India, populism, solar microgrids.","citedby-count":"1","affiliation": [{"@_fa": "true", "affiliation-url":"https://api.elsevier.com/content/affiliation/affiliation_id/60026553","afid":"60026553","affilname":"University of Melbourne","affiliation-city":"Parkville","affiliation-country":"Australia"}],"prism:aggregationType":"Journal","subtype":"ar","subtypeDescription":"Article","author-count":{"@limit": "100", "@total": "2", "$" :"2"},"author": [{"@_fa": "true", "@seq": "1", "author-url":"https://api.elsevier.com/content/author/author_id/57206180305","authid":"57206180305","authname":"Balls J.","surname":"Balls","given-name":"Jonathan N.","initials":"J.N.","afid": [{"@_fa": "true", "$" :"60026553"}]},{"@_fa": "true", "@seq": "2", "author-url":"https://api.elsevier.com/content/author/author_id/35758433800","authid":"35758433800","authname":"Fischer H.","surname":"Fischer","given-name":"Harry W.","initials":"H.W.","afid": [{"@_fa": "true", "$" :"60026553"}]}],"source-id":"21100463801","fund-no":"undefined","fund-sponsor":"Munib and Angela Masri Institute of Energy and Natural Resources","openaccess":"0","openaccessFlag":false},{"@_fa": "true", "link": [{"@_fa": "true", "@ref": "self", "@href": "https://api.elsevier.com/content/abstract/scopus_id/85058543232"},{"@_fa": "true", "@ref": "author-affiliation", "@href": "https://api.elsevier.com/content/abstract/scopus_id/85058543232?field=author,affiliation"},{"@_fa": "true", "@ref": "scopus", "@href": "https://www.scopus.com/inward/record.uri?partnerID=HzOxMe3b&scp=85058543232&origin=inward"},{"@_fa": "true", "@ref": "scopus-citedby", "@href": "https://www.scopus.com/inward/citedby.uri?partnerID=HzOxMe3b&scp=85058543232&origin=inward"},{"@_fa": "true", "@ref": "full-text", "@href": "https://api.elsevier.com/content/article/eid/1-s2.0-S0962629817300884"}],"prism:url":"https://api.elsevier.com/content/abstract/scopus_id/85058543232","dc:identifier":"SCOPUS_ID:85058543232","eid":"2-s2.0-85058543232","dc:title":"From sovereignty to technologies of dependency: Rethinking the power relations supporting violence in Brazil","dc:creator":"Hutta J.","prism:publicationName":"Political Geography","prism:issn":"09626298","prism:volume":"69","prism:pageRange":"65-76","prism:coverDate":"2019-03-01","prism:coverDisplayDate":"March 2019","prism:doi":"10.1016/j.polgeo.2018.11.008","pii":"S0962629817300884","dc:description":"© 2018 Elsevier Ltd Discussions in geography and cognate disciplines have considered how contemporary formations of power and politics support and give rise to violence in a range of contexts. Often, these discussions have invoked Foucault's and Agamben's analyses of sovereignty as well as governmentality to show how violence is legitimized by state and non-state actors. Focusing on the Brazilian context, the paper argues that this strand of research, though opening up productive analytic pathways, has largely eclipsed a set of powerful technologies that are structured around dependencies. Such issues of dependency have been particularly pronounced in writings that have proposed an ‘embedded’ approach to violence in Latin American urban contexts. Importantly, whereas Foucault- and Agamben-inspired writings have focused largely on how violence is justified and legitimized, studies emphasizing its embeddedness have brought into relief how violence is concealed and removed from systems of accountability. To describe the dependencies enabling such concealment, though, studies of embedded violence have often relied on the notion of ‘political clientelism’. Interrogating the epistemological assumptions associated with this notion, the paper suggests re-framing relations of dependency as constituted through situated technologies that operate, for instance, through performances of benevolence, racialized and gendered discourses or practices of concealment. This, it is argued, opens the view towards other combinations of power than those of sovereignty, discipline and biopolitics that have commonly been focused in the wake of Agamben and Foucault.","citedby-count":"0","affiliation": [{"@_fa": "true", "affiliation-url":"https://api.elsevier.com/content/affiliation/affiliation_id/60023208","afid":"60023208","affilname":"Universität Bayreuth","affiliation-city":"Bayreuth","affiliation-country":"Germany"}],"prism:aggregationType":"Journal","subtype":"ar","subtypeDescription":"Article","author-count":{"@limit": "100", "@total": "1", "$" :"1"},"author": [{"@_fa": "true", "@seq": "1", "author-url":"https://api.elsevier.com/content/author/author_id/35105113000","authid":"35105113000","authname":"Hutta J.","surname":"Hutta","given-name":"Jan Simon","initials":"J.S.","afid": [{"@_fa": "true", "$" :"60023208"}]}],"authkeywords":"Agamben | Brazil | Clientelism | Dependency | Foucault | Sovereignty | Violence","source-id":"22857","fund-no":"undefined","openaccess":"0","openaccessFlag":false},{"@_fa": "true", "link": [{"@_fa": "true", "@ref": "self", "@href": "https://api.elsevier.com/content/abstract/scopus_id/85052560525"},{"@_fa": "true", "@ref": "author-affiliation", "@href": "https://api.elsevier.com/content/abstract/scopus_id/85052560525?field=author,affiliation"},{"@_fa": "true", "@ref": "scopus", "@href": "https://www.scopus.com/inward/record.uri?partnerID=HzOxMe3b&scp=85052560525&origin=inward"},{"@_fa": "true", "@ref": "scopus-citedby", "@href": "https://www.scopus.com/inward/citedby.uri?partnerID=HzOxMe3b&scp=85052560525&origin=inward"}],"prism:url":"https://api.elsevier.com/content/abstract/scopus_id/85052560525","dc:identifier":"SCOPUS_ID:85052560525","eid":"2-s2.0-85052560525","dc:title":"Social Networks and the Targeting of Vote Buying","dc:creator":"Cruz C.","prism:publicationName":"Comparative Political Studies","prism:issn":"00104140","prism:eIssn":"15523829","prism:volume":"52","prism:issueIdentifier":"3","prism:pageRange":"382-411","prism:coverDate":"2019-03-01","prism:coverDisplayDate":"1 March 2019","prism:doi":"10.1177/0010414018784062","dc:description":"© The Author(s) 2018. The social networks of voters have been shown to facilitate political cooperation and information transmission in established democracies. These same social networks, however, can also make it easier for politicians in new democracies to engage in clientelistic electoral strategies. Using survey data from the Philippines, this article demonstrates that individuals with more friend and family ties are disproportionately targeted for vote buying. This is consistent with the importance of other social factors identified in the literature such as reciprocity, direct ties to politicians, and individual social influence. In addition, this article presents evidence supporting an additional mechanism linking voter social networks to the targeting of vote buying: social network–based monitoring. Voters with larger networks are both more sensitive to the ramifications of reneging on vote buying agreements and are primarily targeted for vote buying in contexts where monitoring is necessary.","citedby-count":"0","affiliation": [{"@_fa": "true", "affiliation-url":"https://api.elsevier.com/content/affiliation/affiliation_id/60010365","afid":"60010365","affilname":"The University of British Columbia","affiliation-city":"Vancouver","affiliation-country":"Canada"}],"prism:aggregationType":"Journal","subtype":"ar","subtypeDescription":"Article","author-count":{"@limit": "100", "@total": "1", "$" :"1"},"author": [{"@_fa": "true", "@seq": "1", "author-url":"https://api.elsevier.com/content/author/author_id/39061272000","authid":"39061272000","authname":"Cruz C.","surname":"Cruz","given-name":"Cesi","initials":"C.","afid": [{"@_fa": "true", "$" :"60010365"}]}],"authkeywords":"and voting behavior | clientelism | elections | political economy | social networks | vote buying","source-id":"13447","fund-no":"undefined","fund-sponsor":"National Science Foundation","openaccess":"0","openaccessFlag":false},{"@_fa": "true", "link": [{"@_fa": "true", "@ref": "self", "@href": "https://api.elsevier.com/content/abstract/scopus_id/85060995756"},{"@_fa": "true", "@ref": "author-affiliation", "@href": "https://api.elsevier.com/content/abstract/scopus_id/85060995756?field=author,affiliation"},{"@_fa": "true", "@ref": "scopus", "@href": "https://www.scopus.com/inward/record.uri?partnerID=HzOxMe3b&scp=85060995756&origin=inward"},{"@_fa": "true", "@ref": "scopus-citedby", "@href": "https://www.scopus.com/inward/citedby.uri?partnerID=HzOxMe3b&scp=85060995756&origin=inward"}],"prism:url":"https://api.elsevier.com/content/abstract/scopus_id/85060995756","dc:identifier":"SCOPUS_ID:85060995756","eid":"2-s2.0-85060995756","dc:title":"Turning the Pushkin Museum into a ‘Russian Tate’: Informal creative labour in a transitional cultural economy (the case of privately funded Moscow art centres)","dc:creator":"Kuleva M.","prism:publicationName":"International Journal of Cultural Studies","prism:issn":"13678779","prism:eIssn":"1460356X","prism:volume":"22","prism:issueIdentifier":"2","prism:pageRange":"281-297","prism:coverDate":"2019-03-01","prism:coverDisplayDate":"1 March 2019","prism:doi":"10.1177/1367877918821236","dc:description":"© The Author(s) 2019. This article investigates the creative work that is now taking place in newly established cultural institutions in Moscow, the non-governmental museums of contemporary art (MoCAs). The exploration of creative work in Russian art centres is of particular interest because it promises to record the transition of the contemporary art market from the Soviet-era cultural monopoly to the market economy, during the real-time formation of new, informal standards of cultural production. The present article evaluates what informality means within these new standards of the organization of creative work: while standing for culture ‘in a new and innovative way’, the new art centres preserve many residues of the ‘old system’, such as the practices of blat, favour-swapping and clientelism. The article is based on an empirical study conducted in 2016 which included 25 in-depth interviews with cultural workers employed full-time, and 20 live observations in offices and exhibition areas of the art centres.","citedby-count":"0","affiliation": [{"@_fa": "true", "affiliation-url":"https://api.elsevier.com/content/affiliation/affiliation_id/60020513","afid":"60020513","affilname":"National Research University Higher School of Economics","affiliation-city":"Moscow","affiliation-country":"Russian Federation"},{"@_fa": "true", "affiliation-url":"https://api.elsevier.com/content/affiliation/affiliation_id/60015595","afid":"60015595","affilname":"Universität Bielefeld","affiliation-city":"Bielefeld","affiliation-country":"Germany"}],"prism:aggregationType":"Journal","subtype":"ar","subtypeDescription":"Article","author-count":{"@limit": "100", "@total": "1", "$" :"1"},"author": [{"@_fa": "true", "@seq": "1", "author-url":"https://api.elsevier.com/content/author/author_id/56893694400","authid":"56893694400","authname":"Kuleva M.","surname":"Kuleva","given-name":"Margarita I.","initials":"M.I.","afid": [{"@_fa": "true", "$" :"60020513"},{"@_fa": "true", "$" :"60015595"}]}],"authkeywords":"art centres | art-managers | creative labour | cultural workers | informal work | Moscow | Russia | transition","source-id":"147232","fund-no":"116-02-0013","openaccess":"0","openaccessFlag":false},{"@_fa": "true", "link": [{"@_fa": "true", "@ref": "self", "@href": "https://api.elsevier.com/content/abstract/scopus_id/85063983798"},{"@_fa": "true", "@ref": "author-affiliation", "@href": "https://api.elsevier.com/content/abstract/scopus_id/85063983798?field=author,affiliation"},{"@_fa": "true", "@ref": "scopus", "@href": "https://www.scopus.com/inward/record.uri?partnerID=HzOxMe3b&scp=85063983798&origin=inward"},{"@_fa": "true", "@ref": "scopus-citedby", "@href": "https://www.scopus.com/inward/citedby.uri?partnerID=HzOxMe3b&scp=85063983798&origin=inward"}],"prism:url":"https://api.elsevier.com/content/abstract/scopus_id/85063983798","dc:identifier":"SCOPUS_ID:85063983798","eid":"2-s2.0-85063983798","dc:title":"VOTING THEIR CONSCIENCE: POVERTY, EDUCATION, SOCIAL PRESSURE and VOTE BUYING in Indonesia","dc:creator":"Pradhanawati A.","prism:publicationName":"Journal of East Asian Studies","prism:issn":"15982408","prism:volume":"19","prism:issueIdentifier":"1","prism:pageRange":"19-38","prism:coverDate":"2019-03-01","prism:coverDisplayDate":"1 March 2019","prism:doi":"10.1017/jea.2018.27","pii":"S1598240818000279","dc:description":"© 2018 East Asia Institute. When citizens are offered cash and gifts by candidates, they can either vote for candidates offering the money, refuse the money, or take the money and vote for whichever candidate they prefer (e.g., vote their conscience). Which citizens vote their conscience versus the other options available to them? This manuscript examines the effect of poverty, education, and social pressure on how citizens in the Central Java city of Semarang, Indonesia react to offers of cash from politicians. We find that poverty and education interact to create important and interesting patterns of responses. The citizens most likely to vote their conscience are those with lower income yet higher levels of formal education whereas higher income, more highly educated citizens are most likely to refuse the money. We also examine factors that create social pressure for citizens to sell their votes by supporting the candidates offering cash.","citedby-count":"0","affiliation": [{"@_fa": "true", "affiliation-url":"https://api.elsevier.com/content/affiliation/affiliation_id/60069392","afid":"60069392","affilname":"Brawijaya University","affiliation-city":"Malang","affiliation-country":"Indonesia"},{"@_fa": "true", "affiliation-url":"https://api.elsevier.com/content/affiliation/affiliation_id/60069385","afid":"60069385","affilname":"Universitas Diponegoro","affiliation-city":"Semarang","affiliation-country":"Indonesia"},{"@_fa": "true", "affiliation-url":"https://api.elsevier.com/content/affiliation/affiliation_id/60008827","afid":"60008827","affilname":"University of Wyoming","affiliation-city":"Laramie","affiliation-country":"United States"}],"prism:aggregationType":"Journal","subtype":"ar","subtypeDescription":"Article","author-count":{"@limit": "100", "@total": "3", "$" :"3"},"author": [{"@_fa": "true", "@seq": "1", "author-url":"https://api.elsevier.com/content/author/author_id/57199153091","authid":"57199153091","authname":"Pradhanawati A.","surname":"Pradhanawati","given-name":"Ari","initials":"A.","afid": [{"@_fa": "true", "$" :"60069385"}]},{"@_fa": "true", "@seq": "2", "author-url":"https://api.elsevier.com/content/author/author_id/57199147488","authid":"57199147488","authname":"Tawakkal G.","surname":"Tawakkal","given-name":"George Towar Ikbal","initials":"G.T.I.","afid": [{"@_fa": "true", "$" :"60069392"}]},{"@_fa": "true", "@seq": "3", "author-url":"https://api.elsevier.com/content/author/author_id/36450544500","authid":"36450544500","authname":"Garner A.","surname":"Garner","given-name":"Andrew D.","initials":"A.D.","afid": [{"@_fa": "true", "$" :"60008827"}]}],"authkeywords":"clientelism | education | elections | Indonesia | public opinion | vote buying","source-id":"5800169167","fund-no":"undefined","openaccess":"0","openaccessFlag":false},{"@_fa": "true", "link": [{"@_fa": "true", "@ref": "self", "@href": "https://api.elsevier.com/content/abstract/scopus_id/85053271737"},{"@_fa": "true", "@ref": "author-affiliation", "@href": "https://api.elsevier.com/content/abstract/scopus_id/85053271737?field=author,affiliation"},{"@_fa": "true", "@ref": "scopus", "@href": "https://www.scopus.com/inward/record.uri?partnerID=HzOxMe3b&scp=85053271737&origin=inward"},{"@_fa": "true", "@ref": "scopus-citedby", "@href": "https://www.scopus.com/inward/citedby.uri?partnerID=HzOxMe3b&scp=85053271737&origin=inward"}],"prism:url":"https://api.elsevier.com/content/abstract/scopus_id/85053271737","dc:identifier":"SCOPUS_ID:85053271737","eid":"2-s2.0-85053271737","dc:title":"Informal democratization: brokers, access to public services and democratic accountability in Indonesia and India","dc:creator":"Berenschot W.","prism:publicationName":"Democratization","prism:issn":"13510347","prism:eIssn":"1743890X","prism:volume":"26","prism:issueIdentifier":"2","prism:pageRange":"208-224","prism:coverDate":"2019-02-17","prism:coverDisplayDate":"17 February 2019","prism:doi":"10.1080/13510347.2018.1512590","dc:description":"© 2018, © 2018 Informa UK Limited, trading as Taylor  &  Francis Group. This article compares the role of brokers in mediating access to public services in India and Indonesia. Brokered state-citizen interaction is generally considered to be detrimental to democratic accountability and governance. Yet recent studies are emphasizing that brokers can also be empowering. Reconciling these contrasting assessments, I argue in this paper that the character of brokerage networks shapes the capacity of citizens to hold their politicians and bureaucrats to account. Employing over two years of ethnographic fieldwork in both India and Indonesia, I develop a comparative framework that compares brokerage networks in terms of their degree of fragmentation, institutionalization and levelling. In Indonesia the versatile and more state-centered nature of brokers networks plays into the hands of incumbents, while the fragmented and more levelled nature of India's brokerage networks strengthens democratic accountability. I use this comparison to advance the argument that the evolution of brokerage networks constitutes an important, yet little-noticed dimension of democratization processes. When citizens gain access to public services through networks that are fragmented, institutionalized and less marked by social hierarchies, politicians and bureaucrats face stronger pressures to perform.","citedby-count":"2","affiliation": [{"@_fa": "true", "affiliation-url":"https://api.elsevier.com/content/affiliation/affiliation_id/60004442","afid":"60004442","affilname":"Royal Netherlands Institute of Southeast Asian and Caribbean Studies KITLV - KNAW","affiliation-city":"Leiden","affiliation-country":"Netherlands"}],"prism:aggregationType":"Journal","subtype":"ar","subtypeDescription":"Article","author-count":{"@limit": "100", "@total": "1", "$" :"1"},"author": [{"@_fa": "true", "@seq": "1", "author-url":"https://api.elsevier.com/content/author/author_id/36514190400","authid":"36514190400","authname":"Berenschot W.","surname":"Berenschot","given-name":"Ward","initials":"W.","afid": [{"@_fa": "true", "$" :"60004442"}]}],"authkeywords":"clientelism | governance | India | Indonesia | Public service delivery","source-id":"24034","fund-no":"451-12-013","fund-sponsor":"Nederlandse Organisatie voor Wetenschappelijk Onderzoek","openaccess":"0","openaccessFlag":false}]}}