{"search-results":{"opensearch:totalResults":"5","opensearch:startIndex":"0","opensearch:itemsPerPage":"5","opensearch:Query":{"@role": "request", "@searchTerms": "TITLE-ABS-KEY(\"clientelism\") AND SUBJAREA(SOCI) AND PUBYEAR = 1985", "@startPage": "0"},"link": [{"@_fa": "true", "@ref": "self", "@href": "https://api.elsevier.com/content/search/scopus?start=0&count=25&query=TITLE-ABS-KEY%28%22clientelism%22%29+AND+SUBJAREA%28SOCI%29+AND+PUBYEAR+%3D+1985&apiKey=27d953b4b546791964ebeb768d13e61f&view=COMPLETE", "@type": "application/json"},{"@_fa": "true", "@ref": "first", "@href": "https://api.elsevier.com/content/search/scopus?start=0&count=25&query=TITLE-ABS-KEY%28%22clientelism%22%29+AND+SUBJAREA%28SOCI%29+AND+PUBYEAR+%3D+1985&apiKey=27d953b4b546791964ebeb768d13e61f&view=COMPLETE", "@type": "application/json"}],"entry": [{"@_fa": "true", "link": [{"@_fa": "true", "@ref": "self", "@href": "https://api.elsevier.com/content/abstract/scopus_id/84974487252"},{"@_fa": "true", "@ref": "author-affiliation", "@href": "https://api.elsevier.com/content/abstract/scopus_id/84974487252?field=author,affiliation"},{"@_fa": "true", "@ref": "scopus", "@href": "https://www.scopus.com/inward/record.uri?partnerID=HzOxMe3b&scp=84974487252&origin=inward"},{"@_fa": "true", "@ref": "scopus-citedby", "@href": "https://www.scopus.com/inward/citedby.uri?partnerID=HzOxMe3b&scp=84974487252&origin=inward"}],"prism:url":"https://api.elsevier.com/content/abstract/scopus_id/84974487252","dc:identifier":"SCOPUS_ID:84974487252","eid":"2-s2.0-84974487252","dc:title":"Communism and clientelism: Rural Politics in China","dc:creator":"Oi J.","prism:publicationName":"World Politics","prism:issn":"00438871","prism:eIssn":"10863338","prism:volume":"37","prism:issueIdentifier":"2","prism:pageRange":"238-266","prism:coverDate":"1985-01-01","prism:coverDisplayDate":"January 1985","prism:doi":"10.2307/2010144","citedby-count":"66","affiliation": [{"@_fa": "true", "affiliation-url":"https://api.elsevier.com/content/affiliation/affiliation_id/60025778","afid":"60025778","affilname":"University of Michigan, Ann Arbor","affiliation-city":"Ann Arbor","affiliation-country":"United States"}],"prism:aggregationType":"Journal","subtype":"ar","subtypeDescription":"Article","author-count":{"@limit": "100", "@total": "1", "$" :"1"},"author": [{"@_fa": "true", "@seq": "1", "author-url":"https://api.elsevier.com/content/author/author_id/57203884055","authid":"57203884055","authname":"Oi J.","surname":"Oi","given-name":"Jean C.","initials":"J.C.","afid": [{"@_fa": "true", "$" :"60025778"}]}],"source-id":"25725","fund-acr":"U-M","fund-no":"undefined","fund-sponsor":"Social Science Research Council","openaccess":"0","openaccessFlag":false},{"@_fa": "true", "link": [{"@_fa": "true", "@ref": "self", "@href": "https://api.elsevier.com/content/abstract/scopus_id/84950425080"},{"@_fa": "true", "@ref": "author-affiliation", "@href": "https://api.elsevier.com/content/abstract/scopus_id/84950425080?field=author,affiliation"},{"@_fa": "true", "@ref": "scopus", "@href": "https://www.scopus.com/inward/record.uri?partnerID=HzOxMe3b&scp=84950425080&origin=inward"},{"@_fa": "true", "@ref": "scopus-citedby", "@href": "https://www.scopus.com/inward/citedby.uri?partnerID=HzOxMe3b&scp=84950425080&origin=inward"}],"prism:url":"https://api.elsevier.com/content/abstract/scopus_id/84950425080","dc:identifier":"SCOPUS_ID:84950425080","eid":"2-s2.0-84950425080","dc:title":"Political clientelism and instability in the philippines","dc:creator":"Neher C.","prism:publicationName":"Asian Affairs","prism:issn":"00927678","prism:eIssn":"19401590","prism:volume":"12","prism:issueIdentifier":"3","prism:pageRange":"1-23","prism:coverDate":"1985-01-01","prism:coverDisplayDate":"Fall 1985","prism:doi":"10.1080/00927678.1985.10553680","citedby-count":"3","prism:aggregationType":"Journal","subtype":"no","subtypeDescription":"Note","author-count":{"@limit": "100", "@total": "1", "$" :"1"},"author": [{"@_fa": "true", "@seq": "1", "author-url":"https://api.elsevier.com/content/author/author_id/6602337272","authid":"6602337272","authname":"Neher C.","surname":"Neher","given-name":"Clark D.","initials":"C.D."}],"source-id":"55037","fund-no":"undefined","openaccess":"0","openaccessFlag":false},{"@_fa": "true", "link": [{"@_fa": "true", "@ref": "self", "@href": "https://api.elsevier.com/content/abstract/scopus_id/0022171749"},{"@_fa": "true", "@ref": "author-affiliation", "@href": "https://api.elsevier.com/content/abstract/scopus_id/0022171749?field=author,affiliation"},{"@_fa": "true", "@ref": "scopus", "@href": "https://www.scopus.com/inward/record.uri?partnerID=HzOxMe3b&scp=0022171749&origin=inward"},{"@_fa": "true", "@ref": "scopus-citedby", "@href": "https://www.scopus.com/inward/citedby.uri?partnerID=HzOxMe3b&scp=0022171749&origin=inward"}],"prism:url":"https://api.elsevier.com/content/abstract/scopus_id/0022171749","dc:identifier":"SCOPUS_ID:0022171749","eid":"2-s2.0-0022171749","dc:title":"Dock workers of the port of Freetown: a case study of African working- class ambivalence ( Sierra Leone).","dc:creator":"Luke D.","prism:publicationName":"Canadian Journal of African Studies","prism:issn":"00083968","prism:volume":"19","prism:issueIdentifier":"3","prism:pageRange":"547-567","prism:coverDate":"1985-01-01","prism:coverDisplayDate":"1985","prism:doi":"10.1080/00083968.1985.10804131","dc:description":"Based on research on Freetown dockers at the Sierra Leone port organization, the case study is concerned with the problem of 'situating' lower-paid workers within the political economy of an African state, when these are workers in a public corporation which is in turn an integral part of a system of political clientelism. Concludes that, first, the rules of operation of a public corporation such as the Port Authority have clearly been affected by the development of a system of political clientelism (and associated corruption) in the post-colonial state in Sierra Leone. Second, a public corporation such as the Port Authority has been less geared to profit-making via surplus appropriation than to providing jobs for political clients. Third, there can be no doubt from socioeconomic indices that the dockers are very much a part of the urban poor, but 'socialist', ideology stressing the proletariat vs the capitalist is not very important. Finally, dockers have had some success in maintaining the accountability of their union organization against clientist incorporation. -from Author","citedby-count":"0","affiliation": [{"@_fa": "true", "affiliation-url":"https://api.elsevier.com/content/affiliation/affiliation_id/60015913","afid":"60015913","affilname":"Dalhousie University","affiliation-city":"Halifax","affiliation-country":"Canada"}],"prism:aggregationType":"Journal","subtype":"ar","subtypeDescription":"Article","author-count":{"@limit": "100", "@total": "1", "$" :"1"},"author": [{"@_fa": "true", "@seq": "1", "author-url":"https://api.elsevier.com/content/author/author_id/7101973064","authid":"7101973064","authname":"Luke D.","surname":"Luke","given-name":"D. F.","initials":"D.F.","afid": [{"@_fa": "true", "$" :"60015913"}]}],"source-id":"25354","fund-no":"undefined","openaccess":"0","openaccessFlag":false},{"@_fa": "true", "link": [{"@_fa": "true", "@ref": "self", "@href": "https://api.elsevier.com/content/abstract/scopus_id/0022200083"},{"@_fa": "true", "@ref": "author-affiliation", "@href": "https://api.elsevier.com/content/abstract/scopus_id/0022200083?field=author,affiliation"},{"@_fa": "true", "@ref": "scopus", "@href": "https://www.scopus.com/inward/record.uri?partnerID=HzOxMe3b&scp=0022200083&origin=inward"},{"@_fa": "true", "@ref": "scopus-citedby", "@href": "https://www.scopus.com/inward/citedby.uri?partnerID=HzOxMe3b&scp=0022200083&origin=inward"}],"prism:url":"https://api.elsevier.com/content/abstract/scopus_id/0022200083","dc:identifier":"SCOPUS_ID:0022200083","eid":"2-s2.0-0022200083","dc:title":"Clientelism and careerism in Irish local government: the persecution of civil servants revisited.","dc:creator":"Collins C.","prism:publicationName":"Economic &amp; Social Review","prism:volume":"16","prism:issueIdentifier":"4","prism:pageRange":"273-286","prism:coverDate":"1985-01-01","prism:coverDisplayDate":"1985","dc:description":"The relationship between elected politicians, local civil servants and the public has been a standard topic of Irish political science for decades. The usual characterisation of the relationship between the voter and the politician as being clientelistic is not questioned, but allegations that the civil servants are also involved in a clientelist network are challenged. Local bureaucrats are recruited in an apolitical manner and have career paths that render them indpendent of the classic local pressures.-Author","citedby-count":"1","affiliation": [{"@_fa": "true", "affiliation-url":"https://api.elsevier.com/content/affiliation/affiliation_id/60020661","afid":"60020661","affilname":"University of Liverpool","affiliation-city":"Liverpool","affiliation-country":"United Kingdom"}],"prism:aggregationType":"Journal","subtype":"ar","subtypeDescription":"Article","author-count":{"@limit": "100", "@total": "1", "$" :"1"},"author": [{"@_fa": "true", "@seq": "1", "author-url":"https://api.elsevier.com/content/author/author_id/7401739887","authid":"7401739887","authname":"Collins C.","surname":"Collins","given-name":"C. A.","initials":"C.A.","afid": [{"@_fa": "true", "$" :"60020661"}]}],"source-id":"19980","fund-no":"undefined","openaccess":"0","openaccessFlag":false},{"@_fa": "true", "link": [{"@_fa": "true", "@ref": "self", "@href": "https://api.elsevier.com/content/abstract/scopus_id/0022264850"},{"@_fa": "true", "@ref": "author-affiliation", "@href": "https://api.elsevier.com/content/abstract/scopus_id/0022264850?field=author,affiliation"},{"@_fa": "true", "@ref": "scopus", "@href": "https://www.scopus.com/inward/record.uri?partnerID=HzOxMe3b&scp=0022264850&origin=inward"},{"@_fa": "true", "@ref": "scopus-citedby", "@href": "https://www.scopus.com/inward/citedby.uri?partnerID=HzOxMe3b&scp=0022264850&origin=inward"},{"@_fa": "true", "@ref": "full-text", "@href": "https://api.elsevier.com/content/article/eid/1-s2.0-0277953685903053"}],"prism:url":"https://api.elsevier.com/content/abstract/scopus_id/0022264850","dc:identifier":"SCOPUS_ID:0022264850","eid":"2-s2.0-0022264850","dc:title":"Populism and health policy: The case of community health volunteers in India","dc:creator":"Jobert B.","prism:publicationName":"Social Science and Medicine","prism:issn":"02779536","prism:volume":"20","prism:issueIdentifier":"1","prism:pageRange":"1-25","prism:coverDate":"1985-01-01","prism:coverDisplayDate":"1985","prism:doi":"10.1016/0277-9536(85)90305-3","pii":"0277953685903053","dc:description":"The Indian Community Health Volunteer (CHV) Scheme is a major large scale experiment in people's participation into primary health care. This study intended to elicit the origins, the formulation and decision making process and the implementation of this programme. The evolution of the CHV programme is a particularly striking example of the contradictions of participation policies in a populist regime. Political awakening of the rural masses makes it absolutely necessary to take action so as to re-direct a portion of state interventions for their benefit. But the determining influence of the dominant classes, in both political and intermediate level bureaucracy of the state apparatus, tends to divert most of the resources made available by the State from their initial object, while inevitable reforms are constantly delayed. Thus the development of a popular participation policy would seem to be the necessary complement to the centre's reform policies. Yet the implementation of this participation policy can be realized only through the intermediary apparatus which must be verified and reoriented. Participation policy is thus distorted in order to reinforce the patronage capacities of existing political apparatus. In its present configuration, the CHV programme would appear first as an effort to constitute a poor-people's medicine circuit, answering the aspirations awakened by a populist political system, and much less the springboard for collective mobilization of communities in order to master their own development. As a whole, the order of priorities has been deeply altered in the course of implementation. The curative action took precedence over preventive action; individual action over collective action. This distortion could be explained both by the nature of people's demand and by the prevalence of clientelism and patronage as mode of political control. © 1985.","citedby-count":"22","affiliation": [{"@_fa": "true", "affiliation-url":"https://api.elsevier.com/content/affiliation/affiliation_id/100551999","afid":"100551999","affilname":"CERAT","affiliation-city":"Saint Martin d'Heres","affiliation-country":"France"}],"pubmed-id":"3975665","prism:aggregationType":"Journal","subtype":"ar","subtypeDescription":"Article","author-count":{"@limit": "100", "@total": "1", "$" :"1"},"author": [{"@_fa": "true", "@seq": "1", "author-url":"https://api.elsevier.com/content/author/author_id/6508081824","authid":"6508081824","authname":"Jobert B.","surname":"Jobert","given-name":"Bruno","initials":"B.","afid": [{"@_fa": "true", "$" :"100551999"}]}],"source-id":"18983","fund-no":"undefined","fund-sponsor":"Fondation Maison des Sciences de l’Homme","openaccess":"0","openaccessFlag":false}]}}