{"search-results":{"opensearch:totalResults":"81","opensearch:startIndex":"0","opensearch:itemsPerPage":"25","opensearch:Query":{"@role": "request", "@searchTerms": "TITLE-ABS-KEY(\"clientelism\") AND SUBJAREA(SOCI) AND PUBYEAR = 2012", "@startPage": "0"},"link": [{"@_fa": "true", "@ref": "self", "@href": "https://api.elsevier.com/content/search/scopus?start=0&count=25&query=TITLE-ABS-KEY%28%22clientelism%22%29+AND+SUBJAREA%28SOCI%29+AND+PUBYEAR+%3D+2012&apiKey=27d953b4b546791964ebeb768d13e61f&view=COMPLETE", "@type": "application/json"},{"@_fa": "true", "@ref": "first", "@href": "https://api.elsevier.com/content/search/scopus?start=0&count=25&query=TITLE-ABS-KEY%28%22clientelism%22%29+AND+SUBJAREA%28SOCI%29+AND+PUBYEAR+%3D+2012&apiKey=27d953b4b546791964ebeb768d13e61f&view=COMPLETE", "@type": "application/json"},{"@_fa": "true", "@ref": "next", "@href": "https://api.elsevier.com/content/search/scopus?start=25&count=25&query=TITLE-ABS-KEY%28%22clientelism%22%29+AND+SUBJAREA%28SOCI%29+AND+PUBYEAR+%3D+2012&apiKey=27d953b4b546791964ebeb768d13e61f&view=COMPLETE", "@type": "application/json"},{"@_fa": "true", "@ref": "last", "@href": "https://api.elsevier.com/content/search/scopus?start=56&count=25&query=TITLE-ABS-KEY%28%22clientelism%22%29+AND+SUBJAREA%28SOCI%29+AND+PUBYEAR+%3D+2012&apiKey=27d953b4b546791964ebeb768d13e61f&view=COMPLETE", "@type": "application/json"}],"entry": [{"@_fa": "true", "link": [{"@_fa": "true", "@ref": "self", "@href": "https://api.elsevier.com/content/abstract/scopus_id/84870832389"},{"@_fa": "true", "@ref": "author-affiliation", "@href": "https://api.elsevier.com/content/abstract/scopus_id/84870832389?field=author,affiliation"},{"@_fa": "true", "@ref": "scopus", "@href": "https://www.scopus.com/inward/record.uri?partnerID=HzOxMe3b&scp=84870832389&origin=inward"},{"@_fa": "true", "@ref": "scopus-citedby", "@href": "https://www.scopus.com/inward/citedby.uri?partnerID=HzOxMe3b&scp=84870832389&origin=inward"}],"prism:url":"https://api.elsevier.com/content/abstract/scopus_id/84870832389","dc:identifier":"SCOPUS_ID:84870832389","eid":"2-s2.0-84870832389","dc:title":"Poor people's lives and politics: The things a political ethnographer knows (and doesn't know) after 15 years of fieldwork","dc:creator":"Auyero J.","prism:publicationName":"New Perspectives on Turkey","prism:issn":"13053299","prism:volume":"46","prism:pageRange":"95-127","prism:coverDate":"2012-12-14","prism:coverDisplayDate":"2012","dc:description":"This paper reflects on a decade and a half of ethnographic research on five different topics: patronage politics, the intricate relationship between clientelism and collective action, the role of clandestine connections in politics, urban marginality and environmental suffering, and poor people's waiting as a way of experiencing political domination. The paper examines the contributions that political ethnography can make to a better understanding of these themes and highlights areas for further empirical and theoretical work.","citedby-count":"7","affiliation": [{"@_fa": "true", "affiliation-url":"https://api.elsevier.com/content/affiliation/affiliation_id/60013372","afid":"60013372","affilname":"University of Texas at Austin","affiliation-city":"Austin","affiliation-country":"United States"}],"prism:aggregationType":"Journal","subtype":"ar","subtypeDescription":"Article","author-count":{"@limit": "100", "@total": "1", "$" :"1"},"author": [{"@_fa": "true", "@seq": "1", "author-url":"https://api.elsevier.com/content/author/author_id/6602210641","authid":"6602210641","authname":"Auyero J.","surname":"Auyero","given-name":"Javier","initials":"J.","afid": [{"@_fa": "true", "$" :"60013372"}]}],"authkeywords":"Clandestinity | Clientelism | Collective action | Environmental suffering | Political ethnography","source-id":"17018","fund-no":"undefined","openaccess":"0","openaccessFlag":false},{"@_fa": "true", "link": [{"@_fa": "true", "@ref": "self", "@href": "https://api.elsevier.com/content/abstract/scopus_id/84870761673"},{"@_fa": "true", "@ref": "author-affiliation", "@href": "https://api.elsevier.com/content/abstract/scopus_id/84870761673?field=author,affiliation"},{"@_fa": "true", "@ref": "scopus", "@href": "https://www.scopus.com/inward/record.uri?partnerID=HzOxMe3b&scp=84870761673&origin=inward"},{"@_fa": "true", "@ref": "scopus-citedby", "@href": "https://www.scopus.com/inward/citedby.uri?partnerID=HzOxMe3b&scp=84870761673&origin=inward"}],"prism:url":"https://api.elsevier.com/content/abstract/scopus_id/84870761673","dc:identifier":"SCOPUS_ID:84870761673","eid":"2-s2.0-84870761673","dc:title":"God from the machine? Urban movements meet machine politics in neoliberal Chicago","dc:creator":"Sites W.","prism:publicationName":"Environment and Planning A","prism:issn":"0308518X","prism:eIssn":"14723409","prism:volume":"44","prism:issueIdentifier":"11","prism:pageRange":"2574-2590","prism:coverDate":"2012-12-13","prism:coverDisplayDate":"2012","prism:doi":"10.1068/a44419","dc:description":"This paper examines the anti-Wal-Mart and immigrant rights movements in Chicago in order to understand how local political institutions infl uence dynamics of exclusion and incorporation. Tracing the post-1970s reconfi guration of the city's machine politics, I argue that a mayor-centered neoclientelism has enabled the local state to fl exibly manage the political challenges posed by movements. This analysis seeks to contribute to broader conceptions of contemporary urban governance, suggesting how a 'deviant' set of local institutions may facilitate the sort of hybridized formations upon which a neoliberal politics relies. © 2012 Pion and its Licensors. © 2012 Pion and its Licensors.","citedby-count":"5","affiliation": [{"@_fa": "true", "affiliation-url":"https://api.elsevier.com/content/affiliation/affiliation_id/60029278","afid":"60029278","affilname":"University of Chicago","affiliation-city":"Chicago","affiliation-country":"United States"}],"prism:aggregationType":"Journal","subtype":"ar","subtypeDescription":"Article","author-count":{"@limit": "100", "@total": "1", "$" :"1"},"author": [{"@_fa": "true", "@seq": "1", "author-url":"https://api.elsevier.com/content/author/author_id/23398800500","authid":"23398800500","authname":"Sites W.","surname":"Sites","given-name":"William","initials":"W.","afid": [{"@_fa": "true", "$" :"60029278"}]}],"authkeywords":"Chicago | Clientelism | Ethnicity | Machine politics | Movements | Neoliberalism | Urban politics","source-id":"13272","fund-no":"undefined","openaccess":"0","openaccessFlag":false},{"@_fa": "true", "link": [{"@_fa": "true", "@ref": "self", "@href": "https://api.elsevier.com/content/abstract/scopus_id/84870471268"},{"@_fa": "true", "@ref": "author-affiliation", "@href": "https://api.elsevier.com/content/abstract/scopus_id/84870471268?field=author,affiliation"},{"@_fa": "true", "@ref": "scopus", "@href": "https://www.scopus.com/inward/record.uri?partnerID=HzOxMe3b&scp=84870471268&origin=inward"},{"@_fa": "true", "@ref": "scopus-citedby", "@href": "https://www.scopus.com/inward/citedby.uri?partnerID=HzOxMe3b&scp=84870471268&origin=inward"}],"prism:url":"https://api.elsevier.com/content/abstract/scopus_id/84870471268","dc:identifier":"SCOPUS_ID:84870471268","eid":"2-s2.0-84870471268","dc:title":"The development of indigenous territorial claims and the response of the state in Panama","dc:creator":"Herrera F.","prism:publicationName":"Quaderns de l'Institut Catala d'Antropologia","prism:issn":"02115557","prism:eIssn":"16968298","prism:volume":"17","prism:issueIdentifier":"1","prism:pageRange":"44-59","prism:coverDate":"2012-12-07","prism:coverDisplayDate":"2012","dc:description":"This article discusses the development of the indigenous comarca system, a territorial model in place since 1983, but with antecedents in the 19th and 20th centuries, including the Indian reservation system borrowed from the North American experience. The analysis begins in 1977 with a focus on the process that led to the acceptance of the comarca as a territorial unit in the context of a political culture in which clientelism and tolerance were the principal values; continues through the negotiations between the government and indigenous representatives that resulted in the establishment of a legal framework for the five comarcas, and the delaying tactics used by economic interests and the state itself under the military government (1968-1989); and finally, examines the new model of collective lands (tierras colectivas) created for small and geographically dispersed populations. © QUADERNS-E DE L'ICA.","citedby-count":"7","prism:aggregationType":"Journal","subtype":"ar","subtypeDescription":"Article","author-count":{"@limit": "100", "@total": "1", "$" :"1"},"author": [{"@_fa": "true", "@seq": "1", "author-url":"https://api.elsevier.com/content/author/author_id/55509078100","authid":"55509078100","authname":"Herrera F.","surname":"Herrera","given-name":"Francisco","initials":"F.","afid": [{"@_fa": "true", "$" :"60105337"}]}],"authkeywords":"Clientelism | Colective lands | Comarcas | Conservatives | Indian reservation | Liberals","source-id":"21100204304","fund-no":"undefined","openaccess":"0","openaccessFlag":false},{"@_fa": "true", "link": [{"@_fa": "true", "@ref": "self", "@href": "https://api.elsevier.com/content/abstract/scopus_id/84874068611"},{"@_fa": "true", "@ref": "author-affiliation", "@href": "https://api.elsevier.com/content/abstract/scopus_id/84874068611?field=author,affiliation"},{"@_fa": "true", "@ref": "scopus", "@href": "https://www.scopus.com/inward/record.uri?partnerID=HzOxMe3b&scp=84874068611&origin=inward"},{"@_fa": "true", "@ref": "scopus-citedby", "@href": "https://www.scopus.com/inward/citedby.uri?partnerID=HzOxMe3b&scp=84874068611&origin=inward"}],"prism:url":"https://api.elsevier.com/content/abstract/scopus_id/84874068611","dc:identifier":"SCOPUS_ID:84874068611","eid":"2-s2.0-84874068611","dc:title":"Rooted in urban poverty? Failed modernization and terrorism","dc:creator":"Meierrieks D.","prism:publicationName":"Peace Economics, Peace Science and Public Policy","prism:issn":"10792457","prism:eIssn":"15548597","prism:volume":"18","prism:issueIdentifier":"3","prism:pageRange":null,"prism:coverDate":"2012-12-01","prism:coverDisplayDate":"December 2012","prism:doi":"10.1515/peps-2012-0009","dc:description":"This contribution finds that urban (but not rural) poverty fuels domestic and anti-U.S. terrorism in 43 developing countries. It argues that urban poverty aids non-state groups which use terrorism as a means to capture rents and consolidate popular support.","citedby-count":"3","affiliation": [{"@_fa": "true", "affiliation-url":"https://api.elsevier.com/content/affiliation/affiliation_id/60020238","afid":"60020238","affilname":"Universität Paderborn","affiliation-city":"Paderborn","affiliation-country":"Germany"}],"prism:aggregationType":"Journal","subtype":"cp","subtypeDescription":"Conference Paper","author-count":{"@limit": "100", "@total": "1", "$" :"1"},"author": [{"@_fa": "true", "@seq": "1", "author-url":"https://api.elsevier.com/content/author/author_id/26666997100","authid":"26666997100","authname":"Meierrieks D.","surname":"Meierrieks","given-name":"Daniel","initials":"D.","afid": [{"@_fa": "true", "$" :"60020238"}]}],"authkeywords":"Anti-Americanism | Clientelism | Terrorism | Urban poverty","source-id":"22273","fund-no":"undefined","openaccess":"0","openaccessFlag":false},{"@_fa": "true", "link": [{"@_fa": "true", "@ref": "self", "@href": "https://api.elsevier.com/content/abstract/scopus_id/84878333995"},{"@_fa": "true", "@ref": "author-affiliation", "@href": "https://api.elsevier.com/content/abstract/scopus_id/84878333995?field=author,affiliation"},{"@_fa": "true", "@ref": "scopus", "@href": "https://www.scopus.com/inward/record.uri?partnerID=HzOxMe3b&scp=84878333995&origin=inward"},{"@_fa": "true", "@ref": "scopus-citedby", "@href": "https://www.scopus.com/inward/citedby.uri?partnerID=HzOxMe3b&scp=84878333995&origin=inward"}],"prism:url":"https://api.elsevier.com/content/abstract/scopus_id/84878333995","dc:identifier":"SCOPUS_ID:84878333995","eid":"2-s2.0-84878333995","dc:title":"Clientelism and Slovenian public administration reform","dc:creator":"Prijon L.","prism:publicationName":"Polish Sociological Review","prism:issn":"12311413","prism:volume":"180","prism:issueIdentifier":"4","prism:pageRange":"545-560","prism:coverDate":"2012-12-01","prism:coverDisplayDate":"2012","dc:description":"Since disintegration of former Yugoslavia, Slovenia applied series of reforms in all spheres of life, including public administration. The main reform was contracted on introduction of modern trends in public administration. The article discusses main reforms of Slovenian public administration and their efficiency to change the bureaucratic system into an effective modern one. However, the article aims to understand modern Slovenian public administration within the elitist approach, which seems to explain certain malfunctions of Slovenian public administration after these reforms.","citedby-count":"6","affiliation": [{"@_fa": "true", "affiliation-url":"https://api.elsevier.com/content/affiliation/affiliation_id/110267435","afid":"110267435","affilname":"School of Advanced Social Studies","affiliation-city":"Nova Gorica","affiliation-country":"Slovenia"}],"prism:aggregationType":"Trade Journal","subtype":"ar","subtypeDescription":"Article","author-count":{"@limit": "100", "@total": "1", "$" :"1"},"author": [{"@_fa": "true", "@seq": "1", "author-url":"https://api.elsevier.com/content/author/author_id/55750190000","authid":"55750190000","authname":"Prijon L.","surname":"Prijon","given-name":"Lea","initials":"L.","afid": [{"@_fa": "true", "$" :"110267435"}]}],"authkeywords":"Bureaucracy | Elite | Post-communist reforms | Public administration | Slovenia","source-id":"5600153242","fund-no":"undefined","openaccess":"0","openaccessFlag":false},{"@_fa": "true", "link": [{"@_fa": "true", "@ref": "self", "@href": "https://api.elsevier.com/content/abstract/scopus_id/84878333459"},{"@_fa": "true", "@ref": "author-affiliation", "@href": "https://api.elsevier.com/content/abstract/scopus_id/84878333459?field=author,affiliation"},{"@_fa": "true", "@ref": "scopus", "@href": "https://www.scopus.com/inward/record.uri?partnerID=HzOxMe3b&scp=84878333459&origin=inward"},{"@_fa": "true", "@ref": "scopus-citedby", "@href": "https://www.scopus.com/inward/citedby.uri?partnerID=HzOxMe3b&scp=84878333459&origin=inward"}],"prism:url":"https://api.elsevier.com/content/abstract/scopus_id/84878333459","dc:identifier":"SCOPUS_ID:84878333459","eid":"2-s2.0-84878333459","dc:title":"The political power of 'clientelism'. Interactions between citizens and MP's in Paris, 1893-1914","dc:creator":"Beyen M.","prism:publicationName":"Stadsgeschiedenis","prism:issn":"18720676","prism:volume":"7","prism:issueIdentifier":"1","prism:pageRange":"74-85","prism:coverDate":"2012-12-01","prism:coverDisplayDate":"2012","dc:description":"Personal interactions between citizens and their mp's are often labeled as 'clientelist', and therefore discarded from the field of political history. Focusing on the concrete contacts of two mp's (Marcel Sembat and Paul Painlevé) with their constituents in early twentieth century Paris, this contribution suggests that these interactions could also provoke genuinely political dynamics. The context of a modern capital appeared to be very appropriate for these dynamics to arise and develop, since it not only provided geographical proximity between the citizens, the deputies and the national institutions, but also facilitated the circulation of political knowledge. Because of these political dynamics, personal interactions had an impact both on the careers of the mp's and on the evolution of the French welfare state.","citedby-count":"2","prism:aggregationType":"Journal","subtype":"ar","subtypeDescription":"Article","author-count":{"@limit": "100", "@total": "1", "$" :"1"},"author": [{"@_fa": "true", "@seq": "1", "author-url":"https://api.elsevier.com/content/author/author_id/26033236800","authid":"26033236800","authname":"Beyen M.","surname":"Beyen","given-name":"Marnix","initials":"M."}],"source-id":"21100215917","fund-no":"undefined","openaccess":"0","openaccessFlag":false},{"@_fa": "true", "link": [{"@_fa": "true", "@ref": "self", "@href": "https://api.elsevier.com/content/abstract/scopus_id/84870562764"},{"@_fa": "true", "@ref": "author-affiliation", "@href": "https://api.elsevier.com/content/abstract/scopus_id/84870562764?field=author,affiliation"},{"@_fa": "true", "@ref": "scopus", "@href": "https://www.scopus.com/inward/record.uri?partnerID=HzOxMe3b&scp=84870562764&origin=inward"},{"@_fa": "true", "@ref": "scopus-citedby", "@href": "https://www.scopus.com/inward/citedby.uri?partnerID=HzOxMe3b&scp=84870562764&origin=inward"}],"prism:url":"https://api.elsevier.com/content/abstract/scopus_id/84870562764","dc:identifier":"SCOPUS_ID:84870562764","eid":"2-s2.0-84870562764","dc:title":"Historical legacies, clientelism and the capacity to fight: Exploring pathways to regime tenure in Tanzania","dc:creator":"Whitehead R.","prism:publicationName":"Democratization","prism:issn":"13510347","prism:eIssn":"1743890X","prism:volume":"19","prism:issueIdentifier":"6","prism:pageRange":"1086-1116","prism:coverDate":"2012-12-01","prism:coverDisplayDate":"December 2012","prism:doi":"10.1080/13510347.2011.626913","dc:description":"While regimes in countries like Cameroon, Guinea, Togo and Tanzania have survived the transition from single to multiparty rule, this article suggests two unique characteristics for the case of regime tenure in Tanzania. First, while transitions in other cases were characterized by widespread protests and/or popular opposition movements, opposition in Tanzania's transition environment was minuscule by comparison. Secondly, while repression is still widespread in Tanzania, overt repression appears to be less prevalent in Tanzania when compared to most other strong tenure cases. This study first explores the comparative role of overt repression as a viable explanation for the strong tenure of the Chama Cha Mapinduzi (CCM). Upon closer examination, however, the article argues that accounting for the structures and processes that shape the capacities of political actors to engage in political battles might provide for a more complete appreciation of the CCM's ability to remain the country's dominant political actor, despite the multiparty transition. © 2012 Copyright Taylor and Francis Group, LLC.","citedby-count":"5","affiliation": [{"@_fa": "true", "affiliation-url":"https://api.elsevier.com/content/affiliation/affiliation_id/60030398","afid":"60030398","affilname":"Temple University","affiliation-city":"Philadelphia","affiliation-country":"United States"}],"prism:aggregationType":"Journal","subtype":"ar","subtypeDescription":"Article","author-count":{"@limit": "100", "@total": "1", "$" :"1"},"author": [{"@_fa": "true", "@seq": "1", "author-url":"https://api.elsevier.com/content/author/author_id/55511156800","authid":"55511156800","authname":"Whitehead R.","surname":"Whitehead","given-name":"Richard","initials":"R.","afid": [{"@_fa": "true", "$" :"60030398"}]}],"authkeywords":"Africa | democratization | parties | regimes | Tanzania","source-id":"24034","fund-no":"undefined","openaccess":"0","openaccessFlag":false},{"@_fa": "true", "link": [{"@_fa": "true", "@ref": "self", "@href": "https://api.elsevier.com/content/abstract/scopus_id/84871253422"},{"@_fa": "true", "@ref": "author-affiliation", "@href": "https://api.elsevier.com/content/abstract/scopus_id/84871253422?field=author,affiliation"},{"@_fa": "true", "@ref": "scopus", "@href": "https://www.scopus.com/inward/record.uri?partnerID=HzOxMe3b&scp=84871253422&origin=inward"},{"@_fa": "true", "@ref": "scopus-citedby", "@href": "https://www.scopus.com/inward/citedby.uri?partnerID=HzOxMe3b&scp=84871253422&origin=inward"}],"prism:url":"https://api.elsevier.com/content/abstract/scopus_id/84871253422","dc:identifier":"SCOPUS_ID:84871253422","eid":"2-s2.0-84871253422","dc:title":"A Christian Politics of Friendship on a Brazilian Frontier","dc:creator":"Lebner A.","prism:publicationName":"Ethnos","prism:issn":"00141844","prism:eIssn":"1469588X","prism:volume":"77","prism:issueIdentifier":"4","prism:pageRange":"496-517","prism:coverDate":"2012-12-01","prism:coverDisplayDate":"December 2012","prism:doi":"10.1080/00141844.2011.610512","dc:description":"This paper explores ethnography of municipal elections, promise-making and miracles to show how Christians problematise both friendship and politics on a settler frontier in Brazilian Amazonia. Bringing these themes together generates new anthropological perspectives on each, while complimenting Derrida's critique of Schmitt's friend-enemy distinction - his definition of the political. Yet the main ethnographic point complicates the argument that both Schmitt and Brazilianist anthropologists critiquing clientelism have made: that Christianity reflects and legitimises the political order. In contrast, I show how the problem of friendship, produced through Christian concerns with presence, legitimises and deligitimises politics at once. The overarching message is that politics, friendship (sociality) and Christianity - usually kept analytically separate - are uniquely clarified where they intersect, as they pass through persons, who foreground and background these domains themselves. © 2012 Copyright Routledge Journals, Taylor and Francis.","citedby-count":"1","affiliation": [{"@_fa": "true", "affiliation-url":"https://api.elsevier.com/content/affiliation/affiliation_id/60016849","afid":"60016849","affilname":"University of Toronto","affiliation-city":"Toronto","affiliation-country":"Canada"}],"prism:aggregationType":"Journal","subtype":"ar","subtypeDescription":"Article","author-count":{"@limit": "100", "@total": "1", "$" :"1"},"author": [{"@_fa": "true", "@seq": "1", "author-url":"https://api.elsevier.com/content/author/author_id/55531034000","authid":"55531034000","authname":"Lebner A.","surname":"Lebner","given-name":"Ashley B.","initials":"A.B.","afid": [{"@_fa": "true", "$" :"60016849"}]}],"authkeywords":"Brazil | Christianity | friendship | miracles | political theology | politics","source-id":"16601","fund-no":"undefined","fund-sponsor":"Social Sciences and Humanities Research Council of Canada","openaccess":"0","openaccessFlag":false},{"@_fa": "true", "link": [{"@_fa": "true", "@ref": "self", "@href": "https://api.elsevier.com/content/abstract/scopus_id/84900705743"},{"@_fa": "true", "@ref": "author-affiliation", "@href": "https://api.elsevier.com/content/abstract/scopus_id/84900705743?field=author,affiliation"},{"@_fa": "true", "@ref": "scopus", "@href": "https://www.scopus.com/inward/record.uri?partnerID=HzOxMe3b&scp=84900705743&origin=inward"},{"@_fa": "true", "@ref": "scopus-citedby", "@href": "https://www.scopus.com/inward/citedby.uri?partnerID=HzOxMe3b&scp=84900705743&origin=inward"}],"prism:url":"https://api.elsevier.com/content/abstract/scopus_id/84900705743","dc:identifier":"SCOPUS_ID:84900705743","eid":"2-s2.0-84900705743","dc:title":"Urban informality reconsidered in a neoliberal context: Gecekondu, identity, poverty and islamic philanthropism in Turkey","dc:creator":"Demirtaş-Milz N.","prism:publicationName":"Urban Informalities: Reflections on the Formal and Informal","prism:isbn": [{"@_fa": "true", "$" :"9781409441328"}],"prism:pageRange":"29-50","prism:coverDate":"2012-12-01","prism:coverDisplayDate":"2012","dc:description":"Under the impact of various strategies of neoliberal governance, informality has extended its space at all levels of urban politics in the last three decades in Turkey. Drawing upon a dialogue between the empirical findings of a qualitative research conducted on socio-spatial history of an Ankara gecekondu (squatter) neighbourhood and the transformed context of urban politics in the neoliberal era, this chapter attempts to trace informality in practices of state on one side and the neighbourhood community on the other. Identity policies accompanying depoliticisation policies of the post-1980 military intervention; urban entrepreneurialism/clientelism accompanying neoliberal urban land policies; and philanthropic/Islamist social assistance schemes accompanying the policies of dismantling welfare state, will be discussed with reference to their fragmentary impacts on urban poor, along socioeconomic and ethnic lines. All these dynamics as part of a neoliberal urban regime make ethnicity (sectarian identities in this particular case) relevant to poverty and deprivations of all kinds. Unlike certain approaches celebrating informality as providing tactics and spaces of existence for urban poor within the system, this chapter offers a more cautious reading of informality.","citedby-count":"0","affiliation": [{"@_fa": "true", "affiliation-url":"https://api.elsevier.com/content/affiliation/affiliation_id/60020241","afid":"60020241","affilname":"Izmir Ekonomi Universitesi","affiliation-city":"Izmir","affiliation-country":"Turkey"}],"prism:aggregationType":"Book","subtype":"ch","subtypeDescription":"Chapter","author-count":{"@limit": "100", "@total": "1", "$" :"1"},"author": [{"@_fa": "true", "@seq": "1", "author-url":"https://api.elsevier.com/content/author/author_id/55598556500","authid":"55598556500","authname":"Demirtaş-Milz N.","surname":"Demirtaş-Milz","given-name":"Neslihan","initials":"N.","afid": [{"@_fa": "true", "$" :"60020241"}]}],"source-id":"21100313462","fund-no":"undefined","openaccess":"0","openaccessFlag":false},{"@_fa": "true", "link": [{"@_fa": "true", "@ref": "self", "@href": "https://api.elsevier.com/content/abstract/scopus_id/84876247045"},{"@_fa": "true", "@ref": "author-affiliation", "@href": "https://api.elsevier.com/content/abstract/scopus_id/84876247045?field=author,affiliation"},{"@_fa": "true", "@ref": "scopus", "@href": "https://www.scopus.com/inward/record.uri?partnerID=HzOxMe3b&scp=84876247045&origin=inward"},{"@_fa": "true", "@ref": "scopus-citedby", "@href": "https://www.scopus.com/inward/citedby.uri?partnerID=HzOxMe3b&scp=84876247045&origin=inward"}],"prism:url":"https://api.elsevier.com/content/abstract/scopus_id/84876247045","dc:identifier":"SCOPUS_ID:84876247045","eid":"2-s2.0-84876247045","dc:title":"Notables and notabilisation in France, 19<sup>th</sup>-20<sup>th</sup> centuries","dc:creator":"Briquet J.","prism:publicationName":"Ricerche di Storia Politica","prism:issn":"11209526","prism:issueIdentifier":"3","prism:pageRange":"279-293","prism:coverDate":"2012-12-01","prism:coverDisplayDate":"December 2012","prism:doi":"10.1412/38516","dc:description":"The article explores the uses and meanings of the notion of notable adopted by social history and political sociology with regard to political élites in France since the beginning of the 19th century. In contrast to a restrictive conception of the term, used to describe the social and economic elite, which monopolized political power during the first half of 19th century, it is argued that the modernisation of French politics during the Third Republic did not necessarily lead to the \"end of the notables\". Part of the new republican elite adopted practices of the old notables (patronage, personalized relationships with their electors, mediation between their territory and state administrators). The notables as a homogeneous social group certainly disappeared; but power was exercised in ways similar to those of the old notables, adapting it to the new political configuration and preserving it until today.","citedby-count":"2","affiliation": [{"@_fa": "true", "affiliation-url":"https://api.elsevier.com/content/affiliation/affiliation_id/60021260","afid":"60021260","affilname":"Universite Paris 1 Pantheon-Sorbonne","affiliation-city":"Paris","affiliation-country":"France"}],"prism:aggregationType":"Journal","subtype":"re","subtypeDescription":"Review","author-count":{"@limit": "100", "@total": "1", "$" :"1"},"author": [{"@_fa": "true", "@seq": "1", "author-url":"https://api.elsevier.com/content/author/author_id/27967543100","authid":"27967543100","authname":"Briquet J.","surname":"Briquet","given-name":"Jean Louis","initials":"J.L.","afid": [{"@_fa": "true", "$" :"60021260"}]}],"authkeywords":"Clientelism | France | Notable | Political elites | Republicanisation","source-id":"21100201773","fund-no":"undefined","openaccess":"0","openaccessFlag":false},{"@_fa": "true", "link": [{"@_fa": "true", "@ref": "self", "@href": "https://api.elsevier.com/content/abstract/scopus_id/84876238987"},{"@_fa": "true", "@ref": "author-affiliation", "@href": "https://api.elsevier.com/content/abstract/scopus_id/84876238987?field=author,affiliation"},{"@_fa": "true", "@ref": "scopus", "@href": "https://www.scopus.com/inward/record.uri?partnerID=HzOxMe3b&scp=84876238987&origin=inward"},{"@_fa": "true", "@ref": "scopus-citedby", "@href": "https://www.scopus.com/inward/citedby.uri?partnerID=HzOxMe3b&scp=84876238987&origin=inward"}],"prism:url":"https://api.elsevier.com/content/abstract/scopus_id/84876238987","dc:identifier":"SCOPUS_ID:84876238987","eid":"2-s2.0-84876238987","dc:title":"Notables in liberal Spain: From the beginnings of constitutional liberalism to the crisis of the party system","dc:creator":"Muñoz J.","prism:publicationName":"Ricerche di Storia Politica","prism:issn":"11209526","prism:issueIdentifier":"3","prism:pageRange":"315-326","prism:coverDate":"2012-12-01","prism:coverDisplayDate":"December 2012","prism:doi":"10.1412/38518","dc:description":"The article offers an introduction to the conceptual definition of the category of notable in Spanish historiography. The first part of the article discusses the shift from the citizen-individual, a political category first articulated at Cadiz, to the notable-dominated model of the citizen-owner, backed and controlled by the political parties and the census system. The second part of the article focuses on the role played by notables in the creation and maintenance, through elections, of the «cacique» network. Special attention is paid to highlighting the array of pressures and relations between national caciques, dominated by powerful notables in government power, and local caciques, dominated by local notables and their patronage networks. Finally, the article offers a causal explanation of the persistence over time of the influence of the notables until the crisis of the party system that took place in the 1920s.","citedby-count":"0","affiliation": [{"@_fa": "true", "affiliation-url":"https://api.elsevier.com/content/affiliation/affiliation_id/113532726","afid":"113532726","affilname":"Centro de Ciencas Humanas y Sociales","affiliation-city":"Madrid","affiliation-country":"Spain"}],"prism:aggregationType":"Journal","subtype":"ar","subtypeDescription":"Article","author-count":{"@limit": "100", "@total": "1", "$" :"1"},"author": [{"@_fa": "true", "@seq": "1", "author-url":"https://api.elsevier.com/content/author/author_id/54420820800","authid":"54420820800","authname":"Muñoz J.","surname":"Muñoz","given-name":"Juan Antonio Inarejos","initials":"J.A.I.","afid": [{"@_fa": "true", "$" :"113532726"}]}],"authkeywords":"Bossism | Clientelism | Elections | Liberalism | Notables","source-id":"21100201773","fund-no":"undefined","openaccess":"0","openaccessFlag":false},{"@_fa": "true", "link": [{"@_fa": "true", "@ref": "self", "@href": "https://api.elsevier.com/content/abstract/scopus_id/84871387048"},{"@_fa": "true", "@ref": "author-affiliation", "@href": "https://api.elsevier.com/content/abstract/scopus_id/84871387048?field=author,affiliation"},{"@_fa": "true", "@ref": "scopus", "@href": "https://www.scopus.com/inward/record.uri?partnerID=HzOxMe3b&scp=84871387048&origin=inward"},{"@_fa": "true", "@ref": "scopus-citedby", "@href": "https://www.scopus.com/inward/citedby.uri?partnerID=HzOxMe3b&scp=84871387048&origin=inward"}],"prism:url":"https://api.elsevier.com/content/abstract/scopus_id/84871387048","dc:identifier":"SCOPUS_ID:84871387048","eid":"2-s2.0-84871387048","dc:title":"Mediating and getting 'burnt' in the gap: Politics and brokerage in a Recife slum, Brazil","dc:creator":"Koster M.","prism:publicationName":"Critique of Anthropology","prism:issn":"0308275X","prism:eIssn":"14603721","prism:volume":"32","prism:issueIdentifier":"4","prism:pageRange":"479-497","prism:coverDate":"2012-12-01","prism:coverDisplayDate":"December 2012","prism:doi":"10.1177/0308275X12456643","dc:description":"This article takes a fresh look at political brokerage as a complex, provisional and contested phenomenon. Although brokerage has received little recent attention, I show how it remains critical to understanding the urban poor's involvement in electoral politics. The article focuses on how local community leaders in a Recife slum, Brazil, operate as brokers during elections. Here, they have to deal with the different interests of their patrons (politicians) and their clients (their fellow slum dwellers), and also with the latter's contradictory views on electoral politics. Slum dwellers combine a positive image, in which electoral politics provides access to resources, with a negative image, in which it contaminates all those involved, including the brokers. Further, by showing how these slum dwellers perceive electoral politics as coming from 'another world', this study counters the still prevalent functionalist understandings of brokerage which depict brokers as the forgers of a shared moral universe. © The Author(s) 2012 Reprints and permissions: sagepub.co.uk/journalsPermissions.nav.","citedby-count":"20","affiliation": [{"@_fa": "true", "affiliation-url":"https://api.elsevier.com/content/affiliation/affiliation_id/60007989","afid":"60007989","affilname":"Utrecht University","affiliation-city":"Utrecht","affiliation-country":"Netherlands"}],"prism:aggregationType":"Journal","subtype":"ar","subtypeDescription":"Article","author-count":{"@limit": "100", "@total": "1", "$" :"1"},"author": [{"@_fa": "true", "@seq": "1", "author-url":"https://api.elsevier.com/content/author/author_id/38361519900","authid":"38361519900","authname":"Koster M.","surname":"Koster","given-name":"Martijn","initials":"M.","afid": [{"@_fa": "true", "$" :"60007989"}]}],"authkeywords":"Brazil | brokers | citizenship | clientelism | community leaders | democracy | favelas (slums) | politics | Recife","source-id":"38494","fund-no":"undefined","openaccess":"0","openaccessFlag":false},{"@_fa": "true", "link": [{"@_fa": "true", "@ref": "self", "@href": "https://api.elsevier.com/content/abstract/scopus_id/84883614567"},{"@_fa": "true", "@ref": "author-affiliation", "@href": "https://api.elsevier.com/content/abstract/scopus_id/84883614567?field=author,affiliation"},{"@_fa": "true", "@ref": "scopus", "@href": "https://www.scopus.com/inward/record.uri?partnerID=HzOxMe3b&scp=84883614567&origin=inward"},{"@_fa": "true", "@ref": "scopus-citedby", "@href": "https://www.scopus.com/inward/citedby.uri?partnerID=HzOxMe3b&scp=84883614567&origin=inward"}],"prism:url":"https://api.elsevier.com/content/abstract/scopus_id/84883614567","dc:identifier":"SCOPUS_ID:84883614567","eid":"2-s2.0-84883614567","dc:title":"The Duke and Estates: The client and fide lite's lower navarre in the seventeenth and eighteenth centuries","dc:creator":"Augé B.","prism:publicationName":"Parliaments, Estates and Representation","prism:issn":"02606755","prism:eIssn":"1947248X","prism:volume":"32","prism:issueIdentifier":"1","prism:pageRange":"21-36","prism:coverDate":"2012-12-01","prism:coverDisplayDate":"2012","prism:doi":"10.1080/02606755.2012.676787","dc:description":"This is an article about the concepts of clientelism and loyalty in the context of relations between central and local power in France in the seventeenth and eighteenth centuries. The construction of the monarchical state could only be achieved by relying on the loyalty of the nobility networks or the development of local elites. If Versailles became the centre of royal audiences, how could these phenomena occur in the provinces? How could the local agents of the king combine loyalty to their sovereign and the management of their local clients? This study will bring some new elements to these issues. After a state of the art on the definitions of these concepts, our field of study will focus on Lower Navarre and relations conducted between the provincial states of this country with the king's representative, the Governor Duke de Gramont. Beloved of his provincial subjects, he enjoyed in Lower Navarre a very unique position that we will explore, at the intersection of spheres of interest, affection or purely political relations. © 2012 International Commission for the History of Representative and Parliamentary Institutions/Commission Internationale pour l' Histoire des Assemblées d' Etats.","citedby-count":"0","prism:aggregationType":"Journal","subtype":"ar","subtypeDescription":"Article","author-count":{"@limit": "100", "@total": "1", "$" :"1"},"author": [{"@_fa": "true", "@seq": "1", "author-url":"https://api.elsevier.com/content/author/author_id/39161056600","authid":"39161056600","authname":"Augé B.","surname":"Augé","given-name":"Bertrand","initials":"B.","afid": [{"@_fa": "true", "$" :"60027769"}]}],"source-id":"19900191837","fund-no":"undefined","openaccess":"0","openaccessFlag":false},{"@_fa": "true", "link": [{"@_fa": "true", "@ref": "self", "@href": "https://api.elsevier.com/content/abstract/scopus_id/84868338630"},{"@_fa": "true", "@ref": "author-affiliation", "@href": "https://api.elsevier.com/content/abstract/scopus_id/84868338630?field=author,affiliation"},{"@_fa": "true", "@ref": "scopus", "@href": "https://www.scopus.com/inward/record.uri?partnerID=HzOxMe3b&scp=84868338630&origin=inward"},{"@_fa": "true", "@ref": "scopus-citedby", "@href": "https://www.scopus.com/inward/citedby.uri?partnerID=HzOxMe3b&scp=84868338630&origin=inward"}],"prism:url":"https://api.elsevier.com/content/abstract/scopus_id/84868338630","dc:identifier":"SCOPUS_ID:84868338630","eid":"2-s2.0-84868338630","dc:title":"Public policies in rural areas: Visibility and social participation as perspectives of supportive citizenship and health","dc:creator":"Ruiz E.","prism:publicationName":"Physis","prism:issn":"01037331","prism:eIssn":"18094481","prism:volume":"22","prism:issueIdentifier":"3","prism:pageRange":"1191-1209","prism:coverDate":"2012-11-09","prism:coverDisplayDate":"2012","prism:doi":"10.1590/S0103-73312012000300018","dc:description":"This paper aims to stimulate the debate on the role the State takes in the development of a more supportive citizenship and health promotion. It proposes to analyze those relationships through the Theory of Donation and analytical categories such as participation and visibility. It is believed that the use of material and immaterial goods in public policies gives visibility and recognition to the users' needs, enabling the participation and the enlargement of partnerships and solidarity between State-society and society-society. This, in turn, would contribute in achieving rights, empowering health programs and materializing health conceived in a broader way. The reflections here presented come from studies of qualitative approach, which have as locus a rural community of Rio Grande do Sul state, Brazil. Data were produced through interviews, participating observations and focus groups; in the assessment of information it was adopted a thematic analysis. It was possible to see that, on one hand, when policies favor visibility and participation they allow the exercise of citizenship, the development of solidarity ties, and coping in the search of health and social needs. On the other, when they are against citizenship they can also favor immobility and clientelism, (re)producing inequalities. Finally, there has been much progress in terms of public policies, but to achieve a more supportive citizenship, the State must overcome its undemocratic practices, and society must overcome its tutored and conformist public spirit.","citedby-count":"5","affiliation": [{"@_fa": "true", "affiliation-url":"https://api.elsevier.com/content/affiliation/affiliation_id/60102125","afid":"60102125","affilname":"Université de Bordeaux","affiliation-city":"Bordeaux","affiliation-country":"France"},{"@_fa": "true", "affiliation-url":"https://api.elsevier.com/content/affiliation/affiliation_id/60006726","afid":"60006726","affilname":"Universidade Federal do Rio Grande do Sul","affiliation-city":"Porto Alegre","affiliation-country":"Brazil"}],"prism:aggregationType":"Journal","subtype":"ar","subtypeDescription":"Article","author-count":{"@limit": "100", "@total": "2", "$" :"2"},"author": [{"@_fa": "true", "@seq": "1", "author-url":"https://api.elsevier.com/content/author/author_id/55698984500","authid":"55698984500","authname":"Ruiz E.","surname":"Ruiz","given-name":"Eliziane Nicolodi Francescato","initials":"E.N.F.","afid": [{"@_fa": "true", "$" :"60006726"}]},{"@_fa": "true", "@seq": "2", "author-url":"https://api.elsevier.com/content/author/author_id/15052865900","authid":"15052865900","authname":"Gerhardt T.","surname":"Gerhardt","given-name":"Tatiana Engel","initials":"T.E.","afid": [{"@_fa": "true", "$" :"60102125"}]}],"authkeywords":"Citizenship | Donation | Health | Public policies","source-id":"75153","fund-no":"undefined","openaccess":"1","openaccessFlag":true},{"@_fa": "true", "link": [{"@_fa": "true", "@ref": "self", "@href": "https://api.elsevier.com/content/abstract/scopus_id/84867528952"},{"@_fa": "true", "@ref": "author-affiliation", "@href": "https://api.elsevier.com/content/abstract/scopus_id/84867528952?field=author,affiliation"},{"@_fa": "true", "@ref": "scopus", "@href": "https://www.scopus.com/inward/record.uri?partnerID=HzOxMe3b&scp=84867528952&origin=inward"},{"@_fa": "true", "@ref": "scopus-citedby", "@href": "https://www.scopus.com/inward/citedby.uri?partnerID=HzOxMe3b&scp=84867528952&origin=inward"}],"prism:url":"https://api.elsevier.com/content/abstract/scopus_id/84867528952","dc:identifier":"SCOPUS_ID:84867528952","eid":"2-s2.0-84867528952","dc:title":"Clientelistic stability and institutional fragility: The political system in the Dominican Republic (1978-2010)","dc:creator":"Sánchez A.","prism:publicationName":"Latin American Perspectives","prism:issn":"0094582X","prism:eIssn":"1552678X","prism:volume":"39","prism:issueIdentifier":"6","prism:pageRange":"198-211","prism:coverDate":"2012-11-01","prism:coverDisplayDate":"November 2012","prism:doi":"10.1177/0094582X12458770","dc:description":"Since 1978, with the disappearance of the historical caudillos (Joaquín Balaguer, Juan Bosch, and José Francisco Peña Gómez), institutional fragility and electoral power have been the keys to the survival of the political party system in the Dominican Republic. The current parties are more stable but not more institutionalized. The authoritarianism that characterized the Dominican political system from the 1960s until the end of the twentieth century relied for its stability not just on power and repression but on political control through clientelism and prebendalism. These mechanisms served not only as an instrument of social control but also as a strong basis for legitimacy. © 2012 Latin American Perspectives.","citedby-count":"0","affiliation": [{"@_fa": "true", "affiliation-url":"https://api.elsevier.com/content/affiliation/affiliation_id/60107280","afid":"60107280","affilname":"Instituto Tecnológico de Santo Domingo - INTEC","affiliation-city":"Santo Domingo","affiliation-country":"Dominican Republic"},{"@_fa": "true", "affiliation-url":"https://api.elsevier.com/content/affiliation/affiliation_id/60025028","afid":"60025028","affilname":"Universidad de Salamanca","affiliation-city":"Salamanca","affiliation-country":"Spain"},{"@_fa": "true", "affiliation-url":"https://api.elsevier.com/content/affiliation/affiliation_id/113137461","afid":"113137461","affilname":"Iberoamerican University's","affiliation-city":null,"affiliation-country":null}],"prism:aggregationType":"Journal","subtype":"re","subtypeDescription":"Review","author-count":{"@limit": "100", "@total": "2", "$" :"2"},"author": [{"@_fa": "true", "@seq": "1", "author-url":"https://api.elsevier.com/content/author/author_id/57193985772","authid":"57193985772","authname":"Sánchez A.","surname":"Sánchez","given-name":"Ana Belén Benito","initials":"A.B.B.","afid": [{"@_fa": "true", "$" :"60025028"},{"@_fa": "true", "$" :"60107280"}]},{"@_fa": "true", "@seq": "2", "author-url":"https://api.elsevier.com/content/author/author_id/55391389700","authid":"55391389700","authname":"Lozano W.","surname":"Lozano","given-name":"Wilfredo","initials":"W.","afid": [{"@_fa": "true", "$" :"113137461"}]}],"authkeywords":"Clientelism | Dominican Republic | Political system | Transition","source-id":"27731","fund-no":"undefined","openaccess":"0","openaccessFlag":false},{"@_fa": "true", "link": [{"@_fa": "true", "@ref": "self", "@href": "https://api.elsevier.com/content/abstract/scopus_id/84868148502"},{"@_fa": "true", "@ref": "author-affiliation", "@href": "https://api.elsevier.com/content/abstract/scopus_id/84868148502?field=author,affiliation"},{"@_fa": "true", "@ref": "scopus", "@href": "https://www.scopus.com/inward/record.uri?partnerID=HzOxMe3b&scp=84868148502&origin=inward"},{"@_fa": "true", "@ref": "scopus-citedby", "@href": "https://www.scopus.com/inward/citedby.uri?partnerID=HzOxMe3b&scp=84868148502&origin=inward"}],"prism:url":"https://api.elsevier.com/content/abstract/scopus_id/84868148502","dc:identifier":"SCOPUS_ID:84868148502","eid":"2-s2.0-84868148502","dc:title":"The Private Sector and Local Elites: The Experience of Public-Private Partnership in the Water Sector in Tripoli, Lebanon","dc:creator":"Allès C.","prism:publicationName":"Mediterranean Politics","prism:issn":"13629395","prism:eIssn":"17439418","prism:volume":"17","prism:issueIdentifier":"3","prism:pageRange":"394-409","prism:coverDate":"2012-11-01","prism:coverDisplayDate":"November 2012","prism:doi":"10.1080/13629395.2012.725303","dc:description":"As part of a reform of the water sector, the first attempt at public-private partnership (PPP) in Lebanon took place from 2003 to 2007 in the city of Tripoli. A subsidiary of the multinational company Suez-environnement was contracted to manage the drinking water service in the Tripoli Water Authority area. The objective of the contract was to improve domestic water supply services in Tripoli while modernizing the public administration, which, until then, was unable to ensure proper service. This contribution seeks to understand the interactions between the private firm and local elites during this time, in a context deeply marked by clientelism and cronyism. While the literature on delegated water management in developing countries often focuses on institutional aspects, this case study brings politics back into the analysis to understand how the introduction of a private actor affects clientelist networks. © 2012 Copyright Taylor and Francis Group, LLC.","citedby-count":"3","affiliation": [{"@_fa": "true", "affiliation-url":"https://api.elsevier.com/content/affiliation/affiliation_id/60108295","afid":"60108295","affilname":"Groupe de Recherches et d'études sur la Méditerranée et le Moyen-Orient","affiliation-city":"Lyon","affiliation-country":"France"},{"@_fa": "true", "affiliation-url":"https://api.elsevier.com/content/affiliation/affiliation_id/113158282","afid":"113158282","affilname":"L'Institut français du Proche-Orient (IFPO)","affiliation-city":"Beirut","affiliation-country":"Lebanon"}],"prism:aggregationType":"Journal","subtype":"ar","subtypeDescription":"Article","author-count":{"@limit": "100", "@total": "1", "$" :"1"},"author": [{"@_fa": "true", "@seq": "1", "author-url":"https://api.elsevier.com/content/author/author_id/55441548100","authid":"55441548100","authname":"Allès C.","surname":"Allès","given-name":"Christèle","initials":"C.","afid": [{"@_fa": "true", "$" :"60108295"},{"@_fa": "true", "$" :"113158282"}]}],"source-id":"26522","fund-no":"undefined","openaccess":"0","openaccessFlag":false},{"@_fa": "true", "link": [{"@_fa": "true", "@ref": "self", "@href": "https://api.elsevier.com/content/abstract/scopus_id/84867027572"},{"@_fa": "true", "@ref": "author-affiliation", "@href": "https://api.elsevier.com/content/abstract/scopus_id/84867027572?field=author,affiliation"},{"@_fa": "true", "@ref": "scopus", "@href": "https://www.scopus.com/inward/record.uri?partnerID=HzOxMe3b&scp=84867027572&origin=inward"},{"@_fa": "true", "@ref": "scopus-citedby", "@href": "https://www.scopus.com/inward/citedby.uri?partnerID=HzOxMe3b&scp=84867027572&origin=inward"}],"prism:url":"https://api.elsevier.com/content/abstract/scopus_id/84867027572","dc:identifier":"SCOPUS_ID:84867027572","eid":"2-s2.0-84867027572","dc:title":"Uncertainty, political clientelism, and voter turnout in Latin America: Why parties conduct rallies in Argentina","dc:creator":"Szwarcberg M.","prism:publicationName":"Comparative Politics","prism:issn":"00104159","prism:eIssn":"21516227","prism:volume":"45","prism:issueIdentifier":"1","prism:pageRange":"88-106","prism:coverDate":"2012-10-01","prism:coverDisplayDate":"October 2012","prism:doi":"10.5129/001041512802822851","citedby-count":"38","prism:aggregationType":"Journal","subtype":"ar","subtypeDescription":"Article","author-count":{"@limit": "100", "@total": "1", "$" :"1"},"author": [{"@_fa": "true", "@seq": "1", "author-url":"https://api.elsevier.com/content/author/author_id/47161626500","authid":"47161626500","authname":"Szwarcberg M.","surname":"Szwarcberg","given-name":"Mariela","initials":"M."}],"source-id":"13448","fund-no":"undefined","openaccess":"0","openaccessFlag":false},{"@_fa": "true", "link": [{"@_fa": "true", "@ref": "self", "@href": "https://api.elsevier.com/content/abstract/scopus_id/84866540752"},{"@_fa": "true", "@ref": "author-affiliation", "@href": "https://api.elsevier.com/content/abstract/scopus_id/84866540752?field=author,affiliation"},{"@_fa": "true", "@ref": "scopus", "@href": "https://www.scopus.com/inward/record.uri?partnerID=HzOxMe3b&scp=84866540752&origin=inward"},{"@_fa": "true", "@ref": "scopus-citedby", "@href": "https://www.scopus.com/inward/citedby.uri?partnerID=HzOxMe3b&scp=84866540752&origin=inward"}],"prism:url":"https://api.elsevier.com/content/abstract/scopus_id/84866540752","dc:identifier":"SCOPUS_ID:84866540752","eid":"2-s2.0-84866540752","dc:title":"Clientelism, Elites, and the Media in Central and Eastern Europe","dc:creator":"Örnebring H.","prism:publicationName":"International Journal of Press/Politics","prism:issn":"19401612","prism:volume":"17","prism:issueIdentifier":"4","prism:pageRange":"497-515","prism:coverDate":"2012-10-01","prism:coverDisplayDate":"October 2012","prism:doi":"10.1177/1940161212454329","dc:description":"This article argues that the traditional political science definition of clientelism is insufficient for explaining how the media fit in with clientelistic systems in Central and Eastern Europe (CEE). It is suggested that a broader understanding of clientelism, looking in particular at how media are used as elite-to-elite communication tools as well as elite-to-mass communication tools, better explains the place of the media in the clientelistic systems of the CEE nations. Empirically, it is based on a set of 272 elite and expert interviews conducted across ten CEE countries (Bulgaria, the Czech Republic, Estonia, Hungary, Latvia, Lithuania, Poland, Romania, Slovakia, and Slovenia) in 2010 and 2011. The article presents some general findings on the nature and character of the linkages between political elites and the media, and the extent to which such linkages can be considered clientelistic. Then follows a discussion of specific practices of media instrumentalization, charting the many ways in which the media can function as a resource in conflicts and negotiations between clientelistic elite networks, directly as well as indirectly. Particular attention is given to the phenomena of advertorials and kompromat. © The Author(s) 2012.","citedby-count":"27","affiliation": [{"@_fa": "true", "affiliation-url":"https://api.elsevier.com/content/affiliation/affiliation_id/113085725","afid":"113085725","affilname":"European Studies Centre","affiliation-city":"Oxford","affiliation-country":"United Kingdom"}],"prism:aggregationType":"Journal","subtype":"ar","subtypeDescription":"Article","author-count":{"@limit": "100", "@total": "1", "$" :"1"},"author": [{"@_fa": "true", "@seq": "1", "author-url":"https://api.elsevier.com/content/author/author_id/7801450469","authid":"7801450469","authname":"Örnebring H.","surname":"Örnebring","given-name":"Henrik","initials":"H.","afid": [{"@_fa": "true", "$" :"113085725"}]}],"authkeywords":"Central Europe | clientelism | Eastern Europe | journalism","source-id":"10300153306","fund-no":"undefined","openaccess":"0","openaccessFlag":false},{"@_fa": "true", "link": [{"@_fa": "true", "@ref": "self", "@href": "https://api.elsevier.com/content/abstract/scopus_id/84866563639"},{"@_fa": "true", "@ref": "author-affiliation", "@href": "https://api.elsevier.com/content/abstract/scopus_id/84866563639?field=author,affiliation"},{"@_fa": "true", "@ref": "scopus", "@href": "https://www.scopus.com/inward/record.uri?partnerID=HzOxMe3b&scp=84866563639&origin=inward"},{"@_fa": "true", "@ref": "scopus-citedby", "@href": "https://www.scopus.com/inward/citedby.uri?partnerID=HzOxMe3b&scp=84866563639&origin=inward"}],"prism:url":"https://api.elsevier.com/content/abstract/scopus_id/84866563639","dc:identifier":"SCOPUS_ID:84866563639","eid":"2-s2.0-84866563639","dc:title":"Uncommonly Common or Truly Exceptional? An Alternative to the Political System-Based Explanation of the Romanian Mass Media","dc:creator":"Coman I.","prism:publicationName":"International Journal of Press/Politics","prism:issn":"19401612","prism:volume":"17","prism:issueIdentifier":"4","prism:pageRange":"457-479","prism:coverDate":"2012-10-01","prism:coverDisplayDate":"October 2012","prism:doi":"10.1177/1940161212450562","dc:description":"In Romania, the political system, itself an amalgam of systems and still shifting in line with a continually evolving democracy, is only the vessel in which corruption is percolating and not the cause of it; culture is the cause. This is true of the very nature of how instrumentalization, clientelism, and political parallelism have evolved. Romanian clientelism and the political parallelism are often an expression of the powers of the manager-journalist or star journalists and not only of media owners and politicians. This may set the Romania mass media system apart from other systems. © The Author(s) 2012.","citedby-count":"5","affiliation": [{"@_fa": "true", "affiliation-url":"https://api.elsevier.com/content/affiliation/affiliation_id/60015574","afid":"60015574","affilname":"University of Tennessee, Knoxville","affiliation-city":"Knoxville","affiliation-country":"United States"}],"prism:aggregationType":"Journal","subtype":"ar","subtypeDescription":"Article","author-count":{"@limit": "100", "@total": "2", "$" :"2"},"author": [{"@_fa": "true", "@seq": "1", "author-url":"https://api.elsevier.com/content/author/author_id/52363418300","authid":"52363418300","authname":"Coman I.","surname":"Coman","given-name":"Ioana","initials":"I.","afid": [{"@_fa": "true", "$" :"60015574"}]},{"@_fa": "true", "@seq": "2", "author-url":"https://api.elsevier.com/content/author/author_id/36803302200","authid":"36803302200","authname":"Gross P.","surname":"Gross","given-name":"Peter","initials":"P.","afid": [{"@_fa": "true", "$" :"60015574"}]}],"authkeywords":"Central Europe | Eastern Europe | political attitudes","source-id":"10300153306","fund-no":"undefined","openaccess":"0","openaccessFlag":false},{"@_fa": "true", "link": [{"@_fa": "true", "@ref": "self", "@href": "https://api.elsevier.com/content/abstract/scopus_id/84931449661"},{"@_fa": "true", "@ref": "author-affiliation", "@href": "https://api.elsevier.com/content/abstract/scopus_id/84931449661?field=author,affiliation"},{"@_fa": "true", "@ref": "scopus", "@href": "https://www.scopus.com/inward/record.uri?partnerID=HzOxMe3b&scp=84931449661&origin=inward"},{"@_fa": "true", "@ref": "scopus-citedby", "@href": "https://www.scopus.com/inward/citedby.uri?partnerID=HzOxMe3b&scp=84931449661&origin=inward"}],"prism:url":"https://api.elsevier.com/content/abstract/scopus_id/84931449661","dc:identifier":"SCOPUS_ID:84931449661","eid":"2-s2.0-84931449661","dc:title":"Power configuration in the Muslim world: Exploring the post-WWII era","dc:creator":"Quddus S.","prism:publicationName":"The Muslim World in the 21st Century: Space, Power, and Human Development","prism:isbn": [{"@_fa": "true", "$" :"9789400726338"},{"@_fa": "true", "$" :"9400726325"},{"@_fa": "true", "$" :"9789400726321"}],"prism:volume":"9789400726338","prism:pageRange":"159-172","prism:coverDate":"2012-10-01","prism:coverDisplayDate":"1 October 2012","prism:doi":"10.1007/978-94-007-2633-8_8","dc:description":"© 2012 Springer Science+Business Media B.V. All rights reserved. This chapter analyzes the features, trends, and issues related to governmental systems, conflicts and coercion, competition and imposition, and so on in the Muslim majority countries (MMCs). The chapter looks at the styles of governments in the MMCs, and shows how the 'patrimonial' authoritarian governments in the MMCs promote 'clientelism' resulting in 'syncretic' politics of coercion and conflicts. It suggests that many MMCs by virtue of their authoritarian (semiauthoritarian or semidemocratic) government style suffer from conflicts between landed aristocracy and rising industrialists, patron-client politics, 'executive dominance'; and a symbiotic relationship between the military, bureaucracy, and the business elites. The chapter concludes that these factors resulting from external influences and relationships and the built-in institutional difficulties shape power relationships and governance pattern in the MMCs to hamper human development and need to be dealt with diligently for improvements in human development.","citedby-count":"0","affiliation": [{"@_fa": "true", "affiliation-url":"https://api.elsevier.com/content/affiliation/affiliation_id/60016775","afid":"60016775","affilname":"International Islamic University Malaysia","affiliation-city":"Kuala Lumpur","affiliation-country":"Malaysia"}],"prism:aggregationType":"Book","subtype":"ch","subtypeDescription":"Chapter","author-count":{"@limit": "100", "@total": "1", "$" :"1"},"author": [{"@_fa": "true", "@seq": "1", "author-url":"https://api.elsevier.com/content/author/author_id/56690501800","authid":"56690501800","authname":"Quddus S.","surname":"Quddus","given-name":"S. M.Abdul","initials":"S.M.A.","afid": [{"@_fa": "true", "$" :"60016775"}]}],"authkeywords":"Authoritarianism | Clientelism | Democracy | Governance | Patrimonialism | Syncretic politics","source-id":"21100396047","fund-no":"undefined","openaccess":"0","openaccessFlag":false},{"@_fa": "true", "link": [{"@_fa": "true", "@ref": "self", "@href": "https://api.elsevier.com/content/abstract/scopus_id/84868712221"},{"@_fa": "true", "@ref": "author-affiliation", "@href": "https://api.elsevier.com/content/abstract/scopus_id/84868712221?field=author,affiliation"},{"@_fa": "true", "@ref": "scopus", "@href": "https://www.scopus.com/inward/record.uri?partnerID=HzOxMe3b&scp=84868712221&origin=inward"},{"@_fa": "true", "@ref": "scopus-citedby", "@href": "https://www.scopus.com/inward/citedby.uri?partnerID=HzOxMe3b&scp=84868712221&origin=inward"}],"prism:url":"https://api.elsevier.com/content/abstract/scopus_id/84868712221","dc:identifier":"SCOPUS_ID:84868712221","eid":"2-s2.0-84868712221","dc:title":"Making Sense of Greek Austerity","dc:creator":"Rogers C.","prism:publicationName":"Political Quarterly","prism:issn":"00323179","prism:eIssn":"1467923X","prism:volume":"83","prism:issueIdentifier":"4","prism:pageRange":"777-785","prism:coverDate":"2012-10-01","prism:coverDisplayDate":"October 2012","prism:doi":"10.1111/j.1467-923X.2012.02359.x","dc:description":"The process of approving a Greek drawing on funds provided by the international community is now familiar. There is concern about the prospect of securing an agreement between the International Monetary Fund (IMF), the European Union (EU), the European Central Bank (ECB), and Greece, which satisfies all parties. This paper suggests that all parties to the agreement have interests in an orderly resolution of the Greek crisis that keeps Greece in the Eurozone. Furthermore, it argues that disagreements and delay before eleventh-hour agreements can best be explained politically. The paper first demonstrates how Greece, the IMF, and the EU each have a clear interest in finding an orderly solution to the Greek crisis that allows it to remain in the Eurozone. It then outlines the incremental nature of the package and its strategic benefit both for the European banking sector, and governments in Greece and the Eurozone more broadly. © The Authors 2012. The Political Quarterly © The Political Quarterly Publishing Co. Ltd. 2012.","citedby-count":"2","affiliation": [{"@_fa": "true", "affiliation-url":"https://api.elsevier.com/content/affiliation/affiliation_id/60016418","afid":"60016418","affilname":"University of York","affiliation-city":"York","affiliation-country":"United Kingdom"}],"prism:aggregationType":"Journal","subtype":"ar","subtypeDescription":"Article","author-count":{"@limit": "100", "@total": "2", "$" :"2"},"author": [{"@_fa": "true", "@seq": "1", "author-url":"https://api.elsevier.com/content/author/author_id/35148460300","authid":"35148460300","authname":"Rogers C.","surname":"Rogers","given-name":"Chris","initials":"C.","afid": [{"@_fa": "true", "$" :"60016418"}]},{"@_fa": "true", "@seq": "2", "author-url":"https://api.elsevier.com/content/author/author_id/36620031200","authid":"36620031200","authname":"Vasilopoulou S.","surname":"Vasilopoulou","given-name":"Sofia","initials":"S.","afid": [{"@_fa": "true", "$" :"60016418"}]}],"authkeywords":"Austerity | Clientelism | Crisis | Eurozone | Greece | IMF","source-id":"22863","fund-no":"undefined","openaccess":"0","openaccessFlag":false},{"@_fa": "true", "link": [{"@_fa": "true", "@ref": "self", "@href": "https://api.elsevier.com/content/abstract/scopus_id/84905032016"},{"@_fa": "true", "@ref": "author-affiliation", "@href": "https://api.elsevier.com/content/abstract/scopus_id/84905032016?field=author,affiliation"},{"@_fa": "true", "@ref": "scopus", "@href": "https://www.scopus.com/inward/record.uri?partnerID=HzOxMe3b&scp=84905032016&origin=inward"},{"@_fa": "true", "@ref": "scopus-citedby", "@href": "https://www.scopus.com/inward/citedby.uri?partnerID=HzOxMe3b&scp=84905032016&origin=inward"}],"prism:url":"https://api.elsevier.com/content/abstract/scopus_id/84905032016","dc:identifier":"SCOPUS_ID:84905032016","eid":"2-s2.0-84905032016","dc:title":"Party Patronage in Ireland: Changing Parameters","dc:creator":"O'Malley E.","prism:publicationName":"Party Patronage and Party Government in European Democracies","prism:isbn": [{"@_fa": "true", "$" :"9780191741517"},{"@_fa": "true", "$" :"9780199599370"}],"prism:pageRange":null,"prism:coverDate":"2012-09-20","prism:coverDisplayDate":"September 20, 2012","prism:doi":"10.1093/acprof:oso/9780199599370.003.0011","dc:description":"© Petr Kopeckỳ, the estate of Petr Mair, and Maria Spirova 2012. All rights reserved. This chapter looks at the changing parameters of party patronage in Ireland. There are good reasons to expect that party patronage would be extensive, because there is a culture of clientelism and the political system is usually thought of as lacking an ideological division. Though there is evidence of party patronage and that it is politically important, the extent of the patronage is comparatively limited. Furthermore, though the scope for patronage as a means of controlling policy has expanded in recent years with agencification, there is limited evidence that those who control patronage (primarily ministers) do so to control or observe policy. In fact the logic for most appointments seems to be the maintenance of personal networks, tempered by the need to avoid media flak and to prevent damaging mistakes.","citedby-count":"3","prism:aggregationType":"Book","subtype":"ch","subtypeDescription":"Chapter","author-count":{"@limit": "100", "@total": "3", "$" :"3"},"author": [{"@_fa": "true", "@seq": "1", "author-url":"https://api.elsevier.com/content/author/author_id/7004711617","authid":"7004711617","authname":"O'Malley E.","surname":"O'Malley","given-name":"Eoin","initials":"E."},{"@_fa": "true", "@seq": "2", "author-url":"https://api.elsevier.com/content/author/author_id/56566354400","authid":"56566354400","authname":"Quinlan S.","surname":"Quinlan","given-name":"Stephen","initials":"S."},{"@_fa": "true", "@seq": "3", "author-url":"https://api.elsevier.com/content/author/author_id/7005485693","authid":"7005485693","authname":"Mair P.","surname":"Mair","given-name":"Peter","initials":"P."}],"authkeywords":"Agencification | Clientelism | Ireland | Party influence | Party patronage | Political elites | Political networks","source-id":"21100368836","fund-no":"undefined","openaccess":"0","openaccessFlag":false},{"@_fa": "true", "link": [{"@_fa": "true", "@ref": "self", "@href": "https://api.elsevier.com/content/abstract/scopus_id/84883422232"},{"@_fa": "true", "@ref": "author-affiliation", "@href": "https://api.elsevier.com/content/abstract/scopus_id/84883422232?field=author,affiliation"},{"@_fa": "true", "@ref": "scopus", "@href": "https://www.scopus.com/inward/record.uri?partnerID=HzOxMe3b&scp=84883422232&origin=inward"},{"@_fa": "true", "@ref": "scopus-citedby", "@href": "https://www.scopus.com/inward/citedby.uri?partnerID=HzOxMe3b&scp=84883422232&origin=inward"}],"prism:url":"https://api.elsevier.com/content/abstract/scopus_id/84883422232","dc:identifier":"SCOPUS_ID:84883422232","eid":"2-s2.0-84883422232","dc:title":"Give Me Trafika: Party Patronage in the Czech Republic","dc:creator":"Kopecky P.","prism:publicationName":"Party Patronage and Party Government in European Democracies","prism:isbn": [{"@_fa": "true", "$" :"9780191741517"},{"@_fa": "true", "$" :"9780199599370"}],"prism:pageRange":null,"prism:coverDate":"2012-09-20","prism:coverDisplayDate":"September 20, 2012","prism:doi":"10.1093/acprof:oso/9780199599370.003.0005","dc:description":"© Petr Kopeckỳ, the estate of Petr Mair, and Maria Spirova 2012. All rights reserved. This chapter discusses party patronage in the Czech Republic. The central argument of this chapter is that popular discourses overestimate the spread and use of patronage and, to a lesser degree, also that of clientelism in Czech politics. Using the framework, definitions, and measures employed in the volume as a whole, the chapter demonstrates that party patronage is neither particularly pervasive nor predominantly supposed to reward partisans with state jobs, something often implied in the academic studies of the Czech case, and in the country's media and public debates. The chapter also demonstrates that while party patronage is most widespread in ministries, it is relatively evenly spread among different policy areas. The conclusion explores the broader implications of the observed patterns of patronage for understanding party and party government performance.","citedby-count":"12","affiliation": [{"@_fa": "true", "affiliation-url":"https://api.elsevier.com/content/affiliation/affiliation_id/60019816","afid":"60019816","affilname":"Leiden University","affiliation-city":"Leiden","affiliation-country":"Netherlands"}],"prism:aggregationType":"Book","subtype":"ch","subtypeDescription":"Chapter","author-count":{"@limit": "100", "@total": "1", "$" :"1"},"author": [{"@_fa": "true", "@seq": "1", "author-url":"https://api.elsevier.com/content/author/author_id/56220273700","authid":"56220273700","authname":"Kopecky P.","surname":"Kopecky","given-name":"Petr","initials":"P.","afid": [{"@_fa": "true", "$" :"60019816"}]}],"authkeywords":"Czech Republic | Labour code | Ministerial discretion | Party patronage | Party recruitment | Politically connected professionals","source-id":"21100368836","fund-no":"undefined","openaccess":"0","openaccessFlag":false},{"@_fa": "true", "link": [{"@_fa": "true", "@ref": "self", "@href": "https://api.elsevier.com/content/abstract/scopus_id/84921668952"},{"@_fa": "true", "@ref": "author-affiliation", "@href": "https://api.elsevier.com/content/abstract/scopus_id/84921668952?field=author,affiliation"},{"@_fa": "true", "@ref": "scopus", "@href": "https://www.scopus.com/inward/record.uri?partnerID=HzOxMe3b&scp=84921668952&origin=inward"},{"@_fa": "true", "@ref": "scopus-citedby", "@href": "https://www.scopus.com/inward/citedby.uri?partnerID=HzOxMe3b&scp=84921668952&origin=inward"}],"prism:url":"https://api.elsevier.com/content/abstract/scopus_id/84921668952","dc:identifier":"SCOPUS_ID:84921668952","eid":"2-s2.0-84921668952","dc:title":"Party Patronage as an Organizational Resource","dc:creator":"Kopecky P.","prism:publicationName":"Party Patronage and Party Government in European Democracies","prism:isbn": [{"@_fa": "true", "$" :"9780191741517"},{"@_fa": "true", "$" :"9780199599370"}],"prism:pageRange":null,"prism:coverDate":"2012-09-20","prism:coverDisplayDate":"September 20, 2012","prism:doi":"10.1093/acprof:oso/9780199599370.003.0001","dc:description":"© Petr Kopeckỳ, the estate of Petr Mair, and Maria Spirova 2012. All rights reserved. This chapter provides a theoretical and conceptual background to the entire volume. This chapter shows, firstly, that traditional literature associates patronage with electoral strategies and resources, as a form of particularistic exchange between the party and its supporters in which state resources are traded for political support. The chapter hypothesizes that these traditional forms of patronage have declined in contemporary European democracies. Secondly, the chapter elaborates our own perspective on party patronage as an organizational resource, defining it as a power of parties to appoint people to positions in public and semi-public life. Finally, the chapter provides several arguments contending that patronage as an organizational resource is likely to become an increasingly important strategy through which parties in contemporary democracies try to ensure their organizational survival and success. At the same time, the chapter argues that such patronage might increasingly become less identifiable with partisanship in the traditional party government sense of the term.","citedby-count":"20","affiliation": [{"@_fa": "true", "affiliation-url":"https://api.elsevier.com/content/affiliation/affiliation_id/60019816","afid":"60019816","affilname":"Leiden University","affiliation-city":"Leiden","affiliation-country":"Netherlands"}],"prism:aggregationType":"Book","subtype":"ch","subtypeDescription":"Chapter","author-count":{"@limit": "100", "@total": "2", "$" :"2"},"author": [{"@_fa": "true", "@seq": "1", "author-url":"https://api.elsevier.com/content/author/author_id/56220273700","authid":"56220273700","authname":"Kopecky P.","surname":"Kopecky","given-name":"Petr","initials":"P.","afid": [{"@_fa": "true", "$" :"60019816"}]},{"@_fa": "true", "@seq": "2", "author-url":"https://api.elsevier.com/content/author/author_id/7005485693","authid":"7005485693","authname":"Mair P.","surname":"Mair","given-name":"Peter","initials":"P."}],"authkeywords":"Clientelism | Corruption | Electoral resource | Organizational resource | Party patronage","source-id":"21100368836","fund-no":"undefined","openaccess":"0","openaccessFlag":false},{"@_fa": "true", "link": [{"@_fa": "true", "@ref": "self", "@href": "https://api.elsevier.com/content/abstract/scopus_id/84908059008"},{"@_fa": "true", "@ref": "author-affiliation", "@href": "https://api.elsevier.com/content/abstract/scopus_id/84908059008?field=author,affiliation"},{"@_fa": "true", "@ref": "scopus", "@href": "https://www.scopus.com/inward/record.uri?partnerID=HzOxMe3b&scp=84908059008&origin=inward"},{"@_fa": "true", "@ref": "scopus-citedby", "@href": "https://www.scopus.com/inward/citedby.uri?partnerID=HzOxMe3b&scp=84908059008&origin=inward"}],"prism:url":"https://api.elsevier.com/content/abstract/scopus_id/84908059008","dc:identifier":"SCOPUS_ID:84908059008","eid":"2-s2.0-84908059008","dc:title":"Party Patronage in Italy: A Matter for Solitary Leaders","dc:creator":"Di Mascio F.","prism:publicationName":"Party Patronage and Party Government in European Democracies","prism:isbn": [{"@_fa": "true", "$" :"9780191741517"},{"@_fa": "true", "$" :"9780199599370"}],"prism:pageRange":null,"prism:coverDate":"2012-09-20","prism:coverDisplayDate":"September 20, 2012","prism:doi":"10.1093/acprof:oso/9780199599370.003.0012","dc:description":"© Petr Kopeckỳ, the estate of Petr Mair, and Maria Spirova 2012. All rights reserved. This chapter explores the recent trends of patronage in Italy. The empirical analysis reveals still high, albeit decreasing, aggregate levels of political appointments in Italy, while at the same time highlighting a clear-cut shift in the patterns of politicization of the state, stimulated by both party system change and waves of institutional reforms. The clientelist style of patronage politics has diminished in importance as a mechanism of electoral linkage after the collapse of the old party system that occurred in the early 1990s. Nonetheless, the rapid bipolar restructuring of a fragmented and unstable party system encouraged the use of patronage practices aimed at rent-seeking within the state. The empirical analysis also identifies causal mechanisms and processes that explain why contemporary patronage processes are dominated by the party leaders, who exploit the institutional legacy of a weak state in order to cement their own personal power bases.","citedby-count":"3","prism:aggregationType":"Book","subtype":"ch","subtypeDescription":"Chapter","author-count":{"@limit": "100", "@total": "1", "$" :"1"},"author": [{"@_fa": "true", "@seq": "1", "author-url":"https://api.elsevier.com/content/author/author_id/48761176000","authid":"48761176000","authname":"Di Mascio F.","surname":"Di Mascio","given-name":"Fabrizio","initials":"F.","afid": [{"@_fa": "true", "$" :"60021859"}]}],"authkeywords":"Clientelism | Democratic consolidation | Italy | Napoleonic state | Party system institutionalization | Southern Europe | State capture","source-id":"21100368836","fund-no":"undefined","openaccess":"0","openaccessFlag":false}]}}