{"search-results":{"opensearch:totalResults":"1","opensearch:startIndex":"0","opensearch:itemsPerPage":"1","opensearch:Query":{"@role": "request", "@searchTerms": "TITLE-ABS-KEY(\"clientelism\") AND SUBJAREA(SOCI) AND PUBYEAR = 1976", "@startPage": "0"},"link": [{"@_fa": "true", "@ref": "self", "@href": "https://api.elsevier.com/content/search/scopus?start=0&count=25&query=TITLE-ABS-KEY%28%22clientelism%22%29+AND+SUBJAREA%28SOCI%29+AND+PUBYEAR+%3D+1976&apiKey=27d953b4b546791964ebeb768d13e61f&view=COMPLETE", "@type": "application/json"},{"@_fa": "true", "@ref": "first", "@href": "https://api.elsevier.com/content/search/scopus?start=0&count=25&query=TITLE-ABS-KEY%28%22clientelism%22%29+AND+SUBJAREA%28SOCI%29+AND+PUBYEAR+%3D+1976&apiKey=27d953b4b546791964ebeb768d13e61f&view=COMPLETE", "@type": "application/json"}],"entry": [{"@_fa": "true", "link": [{"@_fa": "true", "@ref": "self", "@href": "https://api.elsevier.com/content/abstract/scopus_id/84985846321"},{"@_fa": "true", "@ref": "author-affiliation", "@href": "https://api.elsevier.com/content/abstract/scopus_id/84985846321?field=author,affiliation"},{"@_fa": "true", "@ref": "scopus", "@href": "https://www.scopus.com/inward/record.uri?partnerID=HzOxMe3b&scp=84985846321&origin=inward"},{"@_fa": "true", "@ref": "scopus-citedby", "@href": "https://www.scopus.com/inward/citedby.uri?partnerID=HzOxMe3b&scp=84985846321&origin=inward"}],"prism:url":"https://api.elsevier.com/content/abstract/scopus_id/84985846321","dc:identifier":"SCOPUS_ID:84985846321","eid":"2-s2.0-84985846321","dc:title":"A CONCEPTUAL FRAMEWORK FOR THE STUDY OF CLIENTELISTIC BEHAVIOR","dc:creator":"GRAZIANO L.","prism:publicationName":"European Journal of Political Research","prism:issn":"03044130","prism:eIssn":"14756765","prism:volume":"4","prism:issueIdentifier":"2","prism:pageRange":"149-174","prism:coverDate":"1976-01-01","prism:coverDisplayDate":"June 1976","prism:doi":"10.1111/j.1475-6765.1976.tb00526.x","dc:description":"Current conceptualizations of political clientelism are inadequate on two related grounds: they do not clearly specify the distinctive characteristics of the clientelistic association and the impact of such associations on the development of the political system. The framework here offered, which is based on Homans’ and Blau's exchange theory, is an attempt to meet both analytical requirements. It suggests that a clientelistic association is a dyadically structured grouping based on direct asymmetrical exchange. More importantly, this framework tells us something about the functioning and the pattern of development of a clientelistic system as a whole. On the basis of our scheme, we may predict for such a system a highly individualistic type of political participation, weak legitimation of political leaders, a very fragmented pattern of allocation of political resources and, finally, a process of cooptation of opposition leaders by the party in power. Copyright © 1976, Wiley Blackwell. All rights reserved","citedby-count":"37","affiliation": [{"@_fa": "true", "affiliation-url":"https://api.elsevier.com/content/affiliation/affiliation_id/60010146","afid":"60010146","affilname":"Università degli Studi di Catania","affiliation-city":"Catania","affiliation-country":"Italy"}],"prism:aggregationType":"Journal","subtype":"ar","subtypeDescription":"Article","author-count":{"@limit": "100", "@total": "1", "$" :"1"},"author": [{"@_fa": "true", "@seq": "1", "author-url":"https://api.elsevier.com/content/author/author_id/24301952300","authid":"24301952300","authname":"GRAZIANO L.","surname":"GRAZIANO","given-name":"LUIGI","initials":"L.","afid": [{"@_fa": "true", "$" :"60010146"}]}],"source-id":"18437","fund-no":"undefined","openaccess":"0","openaccessFlag":false}]}}