{"search-results":{"opensearch:totalResults":"19","opensearch:startIndex":"0","opensearch:itemsPerPage":"19","opensearch:Query":{"@role": "request", "@searchTerms": "TITLE-ABS-KEY(\"clientelism\") AND SUBJAREA(SOCI) AND PUBYEAR = 2002", "@startPage": "0"},"link": [{"@_fa": "true", "@ref": "self", "@href": "https://api.elsevier.com/content/search/scopus?start=0&count=25&query=TITLE-ABS-KEY%28%22clientelism%22%29+AND+SUBJAREA%28SOCI%29+AND+PUBYEAR+%3D+2002&apiKey=27d953b4b546791964ebeb768d13e61f&view=COMPLETE", "@type": "application/json"},{"@_fa": "true", "@ref": "first", "@href": "https://api.elsevier.com/content/search/scopus?start=0&count=25&query=TITLE-ABS-KEY%28%22clientelism%22%29+AND+SUBJAREA%28SOCI%29+AND+PUBYEAR+%3D+2002&apiKey=27d953b4b546791964ebeb768d13e61f&view=COMPLETE", "@type": "application/json"}],"entry": [{"@_fa": "true", "link": [{"@_fa": "true", "@ref": "self", "@href": "https://api.elsevier.com/content/abstract/scopus_id/0036983661"},{"@_fa": "true", "@ref": "author-affiliation", "@href": "https://api.elsevier.com/content/abstract/scopus_id/0036983661?field=author,affiliation"},{"@_fa": "true", "@ref": "scopus", "@href": "https://www.scopus.com/inward/record.uri?partnerID=HzOxMe3b&scp=0036983661&origin=inward"},{"@_fa": "true", "@ref": "scopus-citedby", "@href": "https://www.scopus.com/inward/citedby.uri?partnerID=HzOxMe3b&scp=0036983661&origin=inward"}],"prism:url":"https://api.elsevier.com/content/abstract/scopus_id/0036983661","dc:identifier":"SCOPUS_ID:0036983661","eid":"2-s2.0-0036983661","dc:title":"Democratization, elite transition, and violence in Cambodia, 1991-1999","dc:creator":"Roberts D.","prism:publicationName":"Critical Asian Studies","prism:issn":"14672715","prism:volume":"34","prism:issueIdentifier":"4","prism:pageRange":"520-538","prism:coverDate":"2002-12-01","prism:coverDisplayDate":"December 2002","prism:doi":"10.1080/1467271022000035910","dc:description":"This article is concerned with elite management of democratic transition in Cambodia between 1991 and 1999. It surveys the manner in which various elites, dominated by Hun Sen in particular, have viewed the legitimacy of opposition in a political culture characterized by elite authoritarianism, narrow vested interests, and deeply entrenched systems of patronage and clientelism. This view is then located in the wider context of external pressures and mechanisms for the pluralization of their political society. While the paper reveals cultural insights drawn from primary material, it is also framed by a debate on when, why, and how elites do and do not reform away from self-interest and self-aggrandizement and move to fair and impartial representation of wider interest groups.","citedby-count":"23","affiliation": [{"@_fa": "true", "affiliation-url":"https://api.elsevier.com/content/affiliation/affiliation_id/60020730","afid":"60020730","affilname":"Ulster University","affiliation-city":"Coleraine","affiliation-country":"United Kingdom"}],"prism:aggregationType":"Journal","subtype":"ar","subtypeDescription":"Article","author-count":{"@limit": "100", "@total": "1", "$" :"1"},"author": [{"@_fa": "true", "@seq": "1", "author-url":"https://api.elsevier.com/content/author/author_id/55341630400","authid":"55341630400","authname":"Roberts D.","surname":"Roberts","given-name":"David","initials":"D.","afid": [{"@_fa": "true", "$" :"60020730"}]}],"source-id":"23971","fund-no":"undefined","openaccess":"0","openaccessFlag":false},{"@_fa": "true", "link": [{"@_fa": "true", "@ref": "self", "@href": "https://api.elsevier.com/content/abstract/scopus_id/0011210501"},{"@_fa": "true", "@ref": "author-affiliation", "@href": "https://api.elsevier.com/content/abstract/scopus_id/0011210501?field=author,affiliation"},{"@_fa": "true", "@ref": "scopus", "@href": "https://www.scopus.com/inward/record.uri?partnerID=HzOxMe3b&scp=0011210501&origin=inward"},{"@_fa": "true", "@ref": "scopus-citedby", "@href": "https://www.scopus.com/inward/citedby.uri?partnerID=HzOxMe3b&scp=0011210501&origin=inward"}],"prism:url":"https://api.elsevier.com/content/abstract/scopus_id/0011210501","dc:identifier":"SCOPUS_ID:0011210501","eid":"2-s2.0-0011210501","dc:title":"Power and interest on Sumatra's rainforest frontier: Clientelist coalitions, illegal logging and conservation in the Alas Valley","dc:creator":"McCarthy J.","prism:publicationName":"Journal of Southeast Asian Studies","prism:issn":"00224634","prism:eIssn":"14740680","prism:volume":"33","prism:issueIdentifier":"1","prism:pageRange":"77-106","prism:coverDate":"2002-12-01","prism:coverDisplayDate":"2002","prism:doi":"10.1017/S0022463402000048","dc:description":"This article examines the institutional matrix associated with logging and forest pioneering in a district on Sumatra. It draws together theoretical approaches to develop a framework for analysing the operation of competing forms of institutional power and control. The article argues that the governance of local natural resources and the current epidemic of 'illegal logging' can be understood in terms of the particular institutional or socio-political structures found in remote forested areas. © 2002 The National University of Singapore.","citedby-count":"29","affiliation": [{"@_fa": "true", "affiliation-url":"https://api.elsevier.com/content/affiliation/affiliation_id/60030803","afid":"60030803","affilname":"Van Vollenhoven Institute for Law and Administration in Non-Western Countries","affiliation-city":"Leiden","affiliation-country":"Netherlands"}],"prism:aggregationType":"Journal","subtype":"ar","subtypeDescription":"Article","author-count":{"@limit": "100", "@total": "1", "$" :"1"},"author": [{"@_fa": "true", "@seq": "1", "author-url":"https://api.elsevier.com/content/author/author_id/7402958743","authid":"7402958743","authname":"McCarthy J.","surname":"McCarthy","given-name":"John F.","initials":"J.F.","afid": [{"@_fa": "true", "$" :"60030803"}]}],"source-id":"50047","fund-no":"undefined","openaccess":"0","openaccessFlag":false},{"@_fa": "true", "link": [{"@_fa": "true", "@ref": "self", "@href": "https://api.elsevier.com/content/abstract/scopus_id/0038120973"},{"@_fa": "true", "@ref": "author-affiliation", "@href": "https://api.elsevier.com/content/abstract/scopus_id/0038120973?field=author,affiliation"},{"@_fa": "true", "@ref": "scopus", "@href": "https://www.scopus.com/inward/record.uri?partnerID=HzOxMe3b&scp=0038120973&origin=inward"},{"@_fa": "true", "@ref": "scopus-citedby", "@href": "https://www.scopus.com/inward/citedby.uri?partnerID=HzOxMe3b&scp=0038120973&origin=inward"}],"prism:url":"https://api.elsevier.com/content/abstract/scopus_id/0038120973","dc:identifier":"SCOPUS_ID:0038120973","eid":"2-s2.0-0038120973","dc:title":"The presidency and the new political culture","dc:creator":"Clark T.","prism:publicationName":"American Behavioral Scientist","prism:issn":"00027642","prism:volume":"46","prism:issueIdentifier":"4","prism:pageRange":"535-552+443","prism:coverDate":"2002-12-01","prism:coverDisplayDate":"1 December 2002","prism:doi":"10.1177/0002764202238061","dc:description":"A new political culture (NPC) is transforming the presidency. The NPC is redefining the rules by which politics is played and replacing class politics and clientelism/patronage. The NPC includes: (a) transforming the classic Left-Right, (b) explicitly distinguishing social and fiscal/economic issues, (c) increasing emphasis on social issues, (d) growing market individualism and social individualism, (e) questioning the welfare state, (f) increasing issue politics and citizen participation and declining hierarchical political organizations, and (g) growing participation among younger, educated, professional, and affluent individuals and societies. In addition, (a) William Clinton and other recent presidents Illustrate the deeper dynamics, (b) the NPC is international (Blair and Schroeder illustrate), (c) key cultural changes by other leaders and citizens show that presidents match the emergence of the NPC, (d) political parties are key in ignoring or implementing citizen priorities, (e) globalization and the rise of entertainment (foreshadowed by Benjamin) demonstrate NPC preferences, and (f) briefcases and surveys of citizens and cities document key points.","citedby-count":"4","affiliation": [{"@_fa": "true", "affiliation-url":"https://api.elsevier.com/content/affiliation/affiliation_id/60029278","afid":"60029278","affilname":"University of Chicago","affiliation-city":"Chicago","affiliation-country":"United States"}],"prism:aggregationType":"Journal","subtype":"re","subtypeDescription":"Review","author-count":{"@limit": "100", "@total": "1", "$" :"1"},"author": [{"@_fa": "true", "@seq": "1", "author-url":"https://api.elsevier.com/content/author/author_id/7403216635","authid":"7403216635","authname":"Clark T.","surname":"Clark","given-name":"Terry Nichols","initials":"T.N.","afid": [{"@_fa": "true", "$" :"60029278"}]}],"source-id":"24733","fund-no":"undefined","openaccess":"0","openaccessFlag":false},{"@_fa": "true", "link": [{"@_fa": "true", "@ref": "self", "@href": "https://api.elsevier.com/content/abstract/scopus_id/0036719079"},{"@_fa": "true", "@ref": "author-affiliation", "@href": "https://api.elsevier.com/content/abstract/scopus_id/0036719079?field=author,affiliation"},{"@_fa": "true", "@ref": "scopus", "@href": "https://www.scopus.com/inward/record.uri?partnerID=HzOxMe3b&scp=0036719079&origin=inward"},{"@_fa": "true", "@ref": "scopus-citedby", "@href": "https://www.scopus.com/inward/citedby.uri?partnerID=HzOxMe3b&scp=0036719079&origin=inward"}],"prism:url":"https://api.elsevier.com/content/abstract/scopus_id/0036719079","dc:identifier":"SCOPUS_ID:0036719079","eid":"2-s2.0-0036719079","dc:title":"Democracy, decentralization, and clientelism: New relationships and old practices","dc:creator":"García-Guadilla M.","prism:publicationName":"Latin American Perspectives","prism:issn":"0094582X","prism:volume":"29","prism:issueIdentifier":"5","prism:pageRange":"90-109","prism:coverDate":"2002-09-01","prism:coverDisplayDate":"September 2002","prism:doi":"10.1177/0094582X02029005006","dc:description":"This essay examines the political practices observed in the relationships between the state and civil society that developed during the process of decentralization in Venezuela. One of the objectives of the process was transforming the representative democracy established by the National Constitution of 1961 into the participatory democracy institutionalized by the constitution adopted in December 1999. It will analyze whether the practices that maintain the relationship between the decentralized municipality and organized civil society are those of clientelism, semiclientelism, or citizenship, the latter understood as participation in the decision-making process in order to create public policies for the efficient and equitable distribution of scarce resources. Consequently, it will not only identify the new practices but also examine the role that both the old and new practices play in the recently decentralized local structures. The following questions will be explored: Are the practices of clientelism intrinsic to the decentralization model that is being applied in Latin America, or are they a result of an incomplete implementation of that model? Are these practices characteristic of all socio-political actors, or are they differentiated according to social class? Are they a response to the absence of some of the prerequisites for democratic decentralization, such as the existence of democratizing social movements, changes in the political culture or underlying political model, and the transformation of the legal or institutional framework? Is decentralization solely a managerial readjustment, or is it truly a qualitative heightening and strengthening of democracy? Are the practices of clientelism involving social or interest groups a new form of clientelism? And, finally, is this new form of clientelism a product of decentralization in a country that is undergoing a profound political and economic crisis? We will study the practices of the strategic political and social actors on the local government level-the mayor, town council members, neighborhood associations, and administrative bureaucracy-and focus on clientelism, personalism, and absenteeism.","citedby-count":"34","affiliation": [{"@_fa": "true", "affiliation-url":"https://api.elsevier.com/content/affiliation/affiliation_id/60026438","afid":"60026438","affilname":"Universidad Simón Bolívar","affiliation-city":"Caracas","affiliation-country":"Venezuela"}],"prism:aggregationType":"Journal","subtype":"ar","subtypeDescription":"Article","author-count":{"@limit": "100", "@total": "2", "$" :"2"},"author": [{"@_fa": "true", "@seq": "1", "author-url":"https://api.elsevier.com/content/author/author_id/6507098677","authid":"6507098677","authname":"García-Guadilla M.","surname":"García-Guadilla","given-name":"María Pilar","initials":"M.P.","afid": [{"@_fa": "true", "$" :"60026438"}]},{"@_fa": "true", "@seq": "2", "author-url":"https://api.elsevier.com/content/author/author_id/57197136686","authid":"57197136686","authname":"Pérez C.","surname":"Pérez","given-name":"Carlos","initials":"C.","afid": [{"@_fa": "true", "$" :"60026438"}]}],"source-id":"27731","fund-no":"undefined","openaccess":"0","openaccessFlag":false},{"@_fa": "true", "link": [{"@_fa": "true", "@ref": "self", "@href": "https://api.elsevier.com/content/abstract/scopus_id/0036625598"},{"@_fa": "true", "@ref": "author-affiliation", "@href": "https://api.elsevier.com/content/abstract/scopus_id/0036625598?field=author,affiliation"},{"@_fa": "true", "@ref": "scopus", "@href": "https://www.scopus.com/inward/record.uri?partnerID=HzOxMe3b&scp=0036625598&origin=inward"},{"@_fa": "true", "@ref": "scopus-citedby", "@href": "https://www.scopus.com/inward/citedby.uri?partnerID=HzOxMe3b&scp=0036625598&origin=inward"}],"prism:url":"https://api.elsevier.com/content/abstract/scopus_id/0036625598","dc:identifier":"SCOPUS_ID:0036625598","eid":"2-s2.0-0036625598","dc:title":"Drought, clientalism, fatalism and fear in Northeast Brazil","dc:creator":"Kenny M.","prism:publicationName":"Ethics, Place and Environment","prism:issn":"1366879X","prism:volume":"5","prism:issueIdentifier":"2","prism:pageRange":"123-134","prism:coverDate":"2002-06-01","prism:coverDisplayDate":"June 2002","prism:doi":"10.1080/1366879022000020194","dc:description":"Northeast Brazil has been targeted for remedial projects to combat drought for more than 100 years, although drought mitigation policies have been mostly ineffective in reducing vulnerability for the majority of the population. In this paper I review some of the historical and contemporary approaches to drought mitigation and examine the efficacy of mitigation through the aperture of contemporary clientalism and the persistence of asymmetric power relations in democratic Brazil. Although the abertura, political opening, and end of a 20-year military dictatorship allowed for improved civil and political rights and public demonstrations, this 'low-intensity' democracy has had few social and economic reforms that have hampered elite interests, minimized inequity, or empowered the poor. Patronage continues to be the dominant tool for survival, especially in the drought-ridden Northeast, where access to scarce state services is extremely competitive and personal connections determine or facilitate access.","citedby-count":"21","affiliation": [{"@_fa": "true", "affiliation-url":"https://api.elsevier.com/content/affiliation/affiliation_id/60010096","afid":"60010096","affilname":"Eastern Connecticut State University","affiliation-city":"Willimantic","affiliation-country":"United States"}],"prism:aggregationType":"Journal","subtype":"ar","subtypeDescription":"Article","author-count":{"@limit": "100", "@total": "1", "$" :"1"},"author": [{"@_fa": "true", "@seq": "1", "author-url":"https://api.elsevier.com/content/author/author_id/7102616408","authid":"7102616408","authname":"Kenny M.","surname":"Kenny","given-name":"Mary Lorena","initials":"M.L.","afid": [{"@_fa": "true", "$" :"60010096"}]}],"source-id":"23525","fund-no":"undefined","openaccess":"0","openaccessFlag":false},{"@_fa": "true", "link": [{"@_fa": "true", "@ref": "self", "@href": "https://api.elsevier.com/content/abstract/scopus_id/85047685614"},{"@_fa": "true", "@ref": "author-affiliation", "@href": "https://api.elsevier.com/content/abstract/scopus_id/85047685614?field=author,affiliation"},{"@_fa": "true", "@ref": "scopus", "@href": "https://www.scopus.com/inward/record.uri?partnerID=HzOxMe3b&scp=85047685614&origin=inward"},{"@_fa": "true", "@ref": "scopus-citedby", "@href": "https://www.scopus.com/inward/citedby.uri?partnerID=HzOxMe3b&scp=85047685614&origin=inward"}],"prism:url":"https://api.elsevier.com/content/abstract/scopus_id/85047685614","dc:identifier":"SCOPUS_ID:85047685614","eid":"2-s2.0-85047685614","dc:title":"Organizational empowerment versus clientelism","dc:creator":"Chaves M.","prism:publicationName":"Latin American Perspectives","prism:issn":"0094582X","prism:volume":"29","prism:issueIdentifier":"5","prism:pageRange":"7-19","prism:coverDate":"2002-01-01","prism:coverDisplayDate":"September 2002","prism:doi":"10.1177/0094582X0202900502","dc:description":"This neglect of power relations has resulted in an absence of strategies for preventing or mitigating the negative effects of clientelism, the expression of power relations par excellence, despite the fact that development agencies rhetorically decry clientelism for its negative impact on civic culture and the pursuit of development goals. Clientelism is incompatible with technology and modern forms of administration and entrepreneurial organization-in short, with the postindustrial state. These new organizational forms demand ever-higher levels of empowerment and participation by citizens in the realms of institutions and the state and by workers in firms in order to achieve competitiveness and efficiency. In addition, clientelism interferes with the generation of integrative visions of the future. Moreover, it is vulgar in that it promotes the idea of \"every man for himself\" and stimulates the disintegration of state and society. Whereas the democratization process depends on citizens who can think, are free and autonomous in their decisions, and know their rights and duties, the spurious relationship of clientelism obliges them to renounce their rights in favor of those of another.","citedby-count":"7","affiliation": [{"@_fa": "true", "affiliation-url":"https://api.elsevier.com/content/affiliation/affiliation_id/60071924","afid":"60071924","affilname":"Universidad Nacional de Costa Rica","affiliation-city":"Heredia","affiliation-country":"Costa Rica"}],"prism:aggregationType":"Journal","subtype":"ar","subtypeDescription":"Article","author-count":{"@limit": "100", "@total": "2", "$" :"2"},"author": [{"@_fa": "true", "@seq": "1", "author-url":"https://api.elsevier.com/content/author/author_id/7102193426","authid":"7102193426","authname":"Chaves M.","surname":"Chaves","given-name":"Miguel Sobrado","initials":"M.S.","afid": [{"@_fa": "true", "$" :"60071924"}]},{"@_fa": "true", "@seq": "2", "author-url":"https://api.elsevier.com/content/author/author_id/7005831133","authid":"7005831133","authname":"Stoller R.","surname":"Stoller","given-name":"Richard","initials":"R.","afid": [{"@_fa": "true", "$" :"60071924"}]}],"source-id":"27731","fund-no":"undefined","openaccess":"0","openaccessFlag":false},{"@_fa": "true", "link": [{"@_fa": "true", "@ref": "self", "@href": "https://api.elsevier.com/content/abstract/scopus_id/85047684615"},{"@_fa": "true", "@ref": "author-affiliation", "@href": "https://api.elsevier.com/content/abstract/scopus_id/85047684615?field=author,affiliation"},{"@_fa": "true", "@ref": "scopus", "@href": "https://www.scopus.com/inward/record.uri?partnerID=HzOxMe3b&scp=85047684615&origin=inward"},{"@_fa": "true", "@ref": "scopus-citedby", "@href": "https://www.scopus.com/inward/citedby.uri?partnerID=HzOxMe3b&scp=85047684615&origin=inward"}],"prism:url":"https://api.elsevier.com/content/abstract/scopus_id/85047684615","dc:identifier":"SCOPUS_ID:85047684615","eid":"2-s2.0-85047684615","dc:title":"Changing patrons, from politician to drug don: Clientelism in downtown Kingston, Jamaica","dc:creator":"Sives A.","prism:publicationName":"Latin American Perspectives","prism:issn":"0094582X","prism:volume":"29","prism:issueIdentifier":"5","prism:pageRange":"66-89","prism:coverDate":"2002-01-01","prism:coverDisplayDate":"September 2002","prism:doi":"10.1177/0094582X0202900505","dc:description":"Clientelist relationships in the inner-city communities of downtown Kingston and St. Andrew, Jamaica, have seen a tendency toward a change in patrons from the politician to the drug don. This situation is interesting for several reasons. First, clientelism has served to divide the urban working class and led to partisan-political violence that has ensured the continuance of what Martz (1998: 317) has called a \"bi-party hegemony,\" thus serving to perpetuate a capitalist society. Second, the intense divisions that have been fostered by the two political parties highlight the fact that clientelism can be more than a material relationship, contributing to the formation and maintenance of a political identity. Finally, as a former British colony, Jamaica has always been firmly embedded in and directed by global political and economic processes, and these relationships have had an impact on clientelism and on the tendency toward the change just described. Clientelist political relationships are dependent not only on internal political, social, cultural, and economic developments but also on external factors. Having defined clientelism both as a political mechanism and in the Jamaican context, the article examines the linkages between clientelism, violence, and political identity. The first section discusses the economic context within which clientelism develops and the roles of the internal political economy, neoliberalism, and the state in clientelist distribution. The second part explores the specifics of the Jamaican case, highlighting the impact of clientelism on culture and power relationships in the marginalized communities of downtown Kingston and St. Andrew and the complex and blurred transition from political don to drug don.","citedby-count":"40","affiliation": [{"@_fa": "true", "affiliation-url":"https://api.elsevier.com/content/affiliation/affiliation_id/60033387","afid":"60033387","affilname":"University of London","affiliation-city":"London","affiliation-country":"United Kingdom"}],"prism:aggregationType":"Journal","subtype":"ar","subtypeDescription":"Article","author-count":{"@limit": "100", "@total": "1", "$" :"1"},"author": [{"@_fa": "true", "@seq": "1", "author-url":"https://api.elsevier.com/content/author/author_id/8592689600","authid":"8592689600","authname":"Sives A.","surname":"Sives","given-name":"Amanda","initials":"A.","afid": [{"@_fa": "true", "$" :"60033387"}]}],"source-id":"27731","fund-no":"undefined","openaccess":"0","openaccessFlag":false},{"@_fa": "true", "link": [{"@_fa": "true", "@ref": "self", "@href": "https://api.elsevier.com/content/abstract/scopus_id/66149181418"},{"@_fa": "true", "@ref": "author-affiliation", "@href": "https://api.elsevier.com/content/abstract/scopus_id/66149181418?field=author,affiliation"},{"@_fa": "true", "@ref": "scopus", "@href": "https://www.scopus.com/inward/record.uri?partnerID=HzOxMe3b&scp=66149181418&origin=inward"},{"@_fa": "true", "@ref": "scopus-citedby", "@href": "https://www.scopus.com/inward/citedby.uri?partnerID=HzOxMe3b&scp=66149181418&origin=inward"}],"prism:url":"https://api.elsevier.com/content/abstract/scopus_id/66149181418","dc:identifier":"SCOPUS_ID:66149181418","eid":"2-s2.0-66149181418","dc:title":"Political clientelism, developmentalism and postcolonial theory","dc:creator":"Lande C.","prism:publicationName":"Philippine Political Science Journal","prism:issn":"01154451","prism:eIssn":"2165025X","prism:volume":"23","prism:issueIdentifier":"46","prism:pageRange":"119-128","prism:coverDate":"2002-01-01","prism:coverDisplayDate":"December 2002","prism:doi":"10.1080/01154451.2002.9754237","citedby-count":"12","prism:aggregationType":"Journal","subtype":"no","subtypeDescription":"Note","author-count":{"@limit": "100", "@total": "1", "$" :"1"},"author": [{"@_fa": "true", "@seq": "1", "author-url":"https://api.elsevier.com/content/author/author_id/6602910097","authid":"6602910097","authname":"Lande C.","surname":"Lande","given-name":"Carl H.","initials":"C.H."}],"source-id":"21100199322","fund-no":"undefined","openaccess":"0","openaccessFlag":false},{"@_fa": "true", "link": [{"@_fa": "true", "@ref": "self", "@href": "https://api.elsevier.com/content/abstract/scopus_id/0036339187"},{"@_fa": "true", "@ref": "author-affiliation", "@href": "https://api.elsevier.com/content/abstract/scopus_id/0036339187?field=author,affiliation"},{"@_fa": "true", "@ref": "scopus", "@href": "https://www.scopus.com/inward/record.uri?partnerID=HzOxMe3b&scp=0036339187&origin=inward"},{"@_fa": "true", "@ref": "scopus-citedby", "@href": "https://www.scopus.com/inward/citedby.uri?partnerID=HzOxMe3b&scp=0036339187&origin=inward"}],"prism:url":"https://api.elsevier.com/content/abstract/scopus_id/0036339187","dc:identifier":"SCOPUS_ID:0036339187","eid":"2-s2.0-0036339187","dc:title":"Political clientelism and the media: Southern Europe and Latin America in comparative perspective","dc:creator":"Hallin D.","prism:publicationName":"Media, Culture &amp; Society","prism:issn":"01634437","prism:volume":"24","prism:issueIdentifier":"2","prism:pageRange":"175-195","prism:coverDate":"2002-01-01","prism:coverDisplayDate":"March 2002","prism:doi":"10.1177/016344370202400202","dc:description":"This article explores the relationship between political clientelism and the development of media systems in southern Europe and Latin America, considering the cases of Greece, Italy, Spain, Portugal, Mexico, Colombia and Brazil. Common characteristics of the media systems in these countries include low newspaper circulation, a tendency towards political instrumentalization of the media, limited development of journalism as a differentiated and autonomous profession, and regulatory agencies that are at the same time party-politicized and relatively weak. We argue that these media-system characteristics must be understood in relation to a broader history of political clientelism - though a number of forces, including commercialization of media industries and globalization, have tended in recent years to undermine clientelistic relationships. © 2002, Sage Publications. All rights reserved.","citedby-count":"197","affiliation": [{"@_fa": "true", "affiliation-url":"https://api.elsevier.com/content/affiliation/affiliation_id/60030612","afid":"60030612","affilname":"University of California, San Diego","affiliation-city":"San Diego","affiliation-country":"United States"},{"@_fa": "true", "affiliation-url":"https://api.elsevier.com/content/affiliation/affiliation_id/60028900","afid":"60028900","affilname":"National and Kapodistrian University of Athens","affiliation-city":"Athens","affiliation-country":"Greece"}],"prism:aggregationType":"Journal","subtype":"ar","subtypeDescription":"Article","author-count":{"@limit": "100", "@total": "1", "$" :"1"},"author": [{"@_fa": "true", "@seq": "1", "author-url":"https://api.elsevier.com/content/author/author_id/7801380370","authid":"7801380370","authname":"Hallin D.","surname":"Hallin","given-name":"Daniel C.","initials":"D.C.","afid": [{"@_fa": "true", "$" :"60030612"},{"@_fa": "true", "$" :"60028900"}]}],"authkeywords":"journalism | media ownership | political economy | political parties | regulation","source-id":"16192","fund-no":"undefined","openaccess":"0","openaccessFlag":false},{"@_fa": "true", "link": [{"@_fa": "true", "@ref": "self", "@href": "https://api.elsevier.com/content/abstract/scopus_id/0036340350"},{"@_fa": "true", "@ref": "author-affiliation", "@href": "https://api.elsevier.com/content/abstract/scopus_id/0036340350?field=author,affiliation"},{"@_fa": "true", "@ref": "scopus", "@href": "https://www.scopus.com/inward/record.uri?partnerID=HzOxMe3b&scp=0036340350&origin=inward"},{"@_fa": "true", "@ref": "scopus-citedby", "@href": "https://www.scopus.com/inward/citedby.uri?partnerID=HzOxMe3b&scp=0036340350&origin=inward"}],"prism:url":"https://api.elsevier.com/content/abstract/scopus_id/0036340350","dc:identifier":"SCOPUS_ID:0036340350","eid":"2-s2.0-0036340350","dc:title":"Mauritania: Political parties, neo-patrimonialism and democracy","dc:creator":"Marty M.","prism:publicationName":"Democratization","prism:issn":"13510347","prism:volume":"9","prism:issueIdentifier":"3","prism:pageRange":"92-108","prism:coverDate":"2002-01-01","prism:coverDisplayDate":"2002","prism:doi":"10.1080/714000262","dc:description":"The democratization process under way in Mauritania since 1991 seems to be breaking down. This article argues that the obvious neo-patrimonial nature of the regime and the managed transition have limited the possibilities for installing democracy for the time being. President Maouya Sid'Ahmed Ould Taya and his dominant party have encouraged a tribal revival. Clientelism and neo-patrimonial practices have invaded the new institutions. Opposition parties are weak and have difficulty in asserting themselves and the political use of tribalism threatens democracy.","citedby-count":"14","affiliation": [{"@_fa": "true", "affiliation-url":"https://api.elsevier.com/content/affiliation/affiliation_id/60102125","afid":"60102125","affilname":"Université de Bordeaux","affiliation-city":"Bordeaux","affiliation-country":"France"}],"prism:aggregationType":"Journal","subtype":"ar","subtypeDescription":"Article","author-count":{"@limit": "100", "@total": "1", "$" :"1"},"author": [{"@_fa": "true", "@seq": "1", "author-url":"https://api.elsevier.com/content/author/author_id/7101956691","authid":"7101956691","authname":"Marty M.","surname":"Marty","given-name":"Marianne","initials":"M.","afid": [{"@_fa": "true", "$" :"60102125"}]}],"source-id":"24034","fund-no":"undefined","openaccess":"0","openaccessFlag":false},{"@_fa": "true", "link": [{"@_fa": "true", "@ref": "self", "@href": "https://api.elsevier.com/content/abstract/scopus_id/0036337174"},{"@_fa": "true", "@ref": "author-affiliation", "@href": "https://api.elsevier.com/content/abstract/scopus_id/0036337174?field=author,affiliation"},{"@_fa": "true", "@ref": "scopus", "@href": "https://www.scopus.com/inward/record.uri?partnerID=HzOxMe3b&scp=0036337174&origin=inward"},{"@_fa": "true", "@ref": "scopus-citedby", "@href": "https://www.scopus.com/inward/citedby.uri?partnerID=HzOxMe3b&scp=0036337174&origin=inward"}],"prism:url":"https://api.elsevier.com/content/abstract/scopus_id/0036337174","dc:identifier":"SCOPUS_ID:0036337174","eid":"2-s2.0-0036337174","dc:title":"Political parties and democratic consolidation in Africa","dc:creator":"Randall V.","prism:publicationName":"Democratization","prism:issn":"13510347","prism:volume":"9","prism:issueIdentifier":"3","prism:pageRange":"30-52","prism:coverDate":"2002-01-01","prism:coverDisplayDate":"2002","prism:doi":"10.1080/714000266","dc:description":"It has been assumed that African political parties should play a key role in democratic consolidation. This article first assesses their performance in terms of particular democratic functional requirements. Second, it seeks to explain apparent shortcomings in their performance by reference to the imbalance of party systems and 'weakness' of parties, especially opposition parties, and also by reference to certain underlying factors. These include the economic context, weakness of civil society, prevalence of ethnicity as a basis for political mobilization, personalism, clientelism and strong presidencies.","citedby-count":"51","affiliation": [{"@_fa": "true", "affiliation-url":"https://api.elsevier.com/content/affiliation/affiliation_id/60001359","afid":"60001359","affilname":"University of Essex","affiliation-city":"Colchester","affiliation-country":"United Kingdom"}],"prism:aggregationType":"Journal","subtype":"ar","subtypeDescription":"Article","author-count":{"@limit": "100", "@total": "2", "$" :"2"},"author": [{"@_fa": "true", "@seq": "1", "author-url":"https://api.elsevier.com/content/author/author_id/7004265372","authid":"7004265372","authname":"Randall V.","surname":"Randall","given-name":"Vicky","initials":"V.","afid": [{"@_fa": "true", "$" :"60001359"}]},{"@_fa": "true", "@seq": "2", "author-url":"https://api.elsevier.com/content/author/author_id/6603298632","authid":"6603298632","authname":"Svåsand L.","surname":"Svåsand","given-name":"Lars","initials":"L.","afid": [{"@_fa": "true", "$" :"60001359"}]}],"source-id":"24034","fund-no":"undefined","openaccess":"0","openaccessFlag":false},{"@_fa": "true", "link": [{"@_fa": "true", "@ref": "self", "@href": "https://api.elsevier.com/content/abstract/scopus_id/0036627558"},{"@_fa": "true", "@ref": "author-affiliation", "@href": "https://api.elsevier.com/content/abstract/scopus_id/0036627558?field=author,affiliation"},{"@_fa": "true", "@ref": "scopus", "@href": "https://www.scopus.com/inward/record.uri?partnerID=HzOxMe3b&scp=0036627558&origin=inward"},{"@_fa": "true", "@ref": "scopus-citedby", "@href": "https://www.scopus.com/inward/citedby.uri?partnerID=HzOxMe3b&scp=0036627558&origin=inward"}],"prism:url":"https://api.elsevier.com/content/abstract/scopus_id/0036627558","dc:identifier":"SCOPUS_ID:0036627558","eid":"2-s2.0-0036627558","dc:title":"Corruption and clientelism in a 'systemless system': The Europeanization of Maltese political culture","dc:creator":"Mitchell J.","prism:publicationName":"South European Society and Politics","prism:issn":"13608746","prism:volume":"7","prism:issueIdentifier":"1","prism:pageRange":"43-62","prism:coverDate":"2002-01-01","prism:coverDisplayDate":"Summer 2002","prism:doi":"10.1080/714004968","dc:description":"This article raises important questions concerning the deployment of stereotypes about traditional and modern political practices by the Maltese people. These stereotypes are often used to make claims against politicians and the state, reflecting various understandings of what the state (or government) is and does. For the Maltese, reform and modernization are often seen as positive developments. However, they are also fraught with risk, as clientelistic practices and systems of patronage are what make Malta's political system functional. Considering these issues through an anthropological lens, the article exposes an inherent tension in Malta - between the traditionalists and modernizers, that is, between those who wish to see Malta 'moving forward' via a process of Europeanization, and those who prefer to cling to Maltese ways of doing things.","citedby-count":"14","affiliation": [{"@_fa": "true", "affiliation-url":"https://api.elsevier.com/content/affiliation/affiliation_id/60017317","afid":"60017317","affilname":"University of Sussex","affiliation-city":"Sussex","affiliation-country":"United Kingdom"}],"prism:aggregationType":"Journal","subtype":"ar","subtypeDescription":"Article","author-count":{"@limit": "100", "@total": "1", "$" :"1"},"author": [{"@_fa": "true", "@seq": "1", "author-url":"https://api.elsevier.com/content/author/author_id/8341884800","authid":"8341884800","authname":"Mitchell J.","surname":"Mitchell","given-name":"Jon P.","initials":"J.P.","afid": [{"@_fa": "true", "$" :"60017317"}]}],"source-id":"28082","fund-no":"undefined","openaccess":"0","openaccessFlag":false},{"@_fa": "true", "link": [{"@_fa": "true", "@ref": "self", "@href": "https://api.elsevier.com/content/abstract/scopus_id/85047684721"},{"@_fa": "true", "@ref": "author-affiliation", "@href": "https://api.elsevier.com/content/abstract/scopus_id/85047684721?field=author,affiliation"},{"@_fa": "true", "@ref": "scopus", "@href": "https://www.scopus.com/inward/record.uri?partnerID=HzOxMe3b&scp=85047684721&origin=inward"},{"@_fa": "true", "@ref": "scopus-citedby", "@href": "https://www.scopus.com/inward/citedby.uri?partnerID=HzOxMe3b&scp=85047684721&origin=inward"}],"prism:url":"https://api.elsevier.com/content/abstract/scopus_id/85047684721","dc:identifier":"SCOPUS_ID:85047684721","eid":"2-s2.0-85047684721","dc:title":"Clientelism and citizenship: The limits of democratic reform in Sucre, Colombia","dc:creator":"Escobar C.","prism:publicationName":"Latin American Perspectives","prism:issn":"0094582X","prism:volume":"29","prism:issueIdentifier":"5","prism:pageRange":"20-47","prism:coverDate":"2002-01-01","prism:coverDisplayDate":"September 2002","prism:doi":"10.1177/0094582X0202900503","dc:description":"Political reality in Latin America raises important questions about the pre-requisites for democratic citizenship. Popular movements often fail to take advantage of institutional openings and encounter obstacles in transforming their mobilizing power into institutional political power. An analysis of political participation in the Colombian department of Sucre shows that the clientelism that is so widespread in Latin American democracies inhibits the potential power of organized popular groups under new political rules and frustrates the promise of institutional change. First, a precarious economic situation forces important sectors of the population to value the immediate benefits of exchanging their votes over the more long-term and abstract benefits of political representation. Second, the long history of these political practices has created informal institutions based on networks of unequal exchange and has prevented the development of local participatory institutions that could serve as the basis of democratic citizenship. Third, politicians and their political machines have displayed a much greater ability to adapt to changes in political rules and institutions than the proponents of institutional political reforms generally anticipated. The main question I ask in this article is why the relatively successful peasant mobilizations in Sucre did not translate into significant electoral power once the political reforms had created the opportunity for the participation of new political forces. I address this question theoretically by analyzing how clientelist relations impose limits on the exercise of the political rights that citizenship entails and why institutional changes are not always enough to overcome these limits.","citedby-count":"21","affiliation": [{"@_fa": "true", "affiliation-url":"https://api.elsevier.com/content/affiliation/affiliation_id/60030398","afid":"60030398","affilname":"Temple University","affiliation-city":"Philadelphia","affiliation-country":"United States"}],"prism:aggregationType":"Journal","subtype":"ar","subtypeDescription":"Article","author-count":{"@limit": "100", "@total": "1", "$" :"1"},"author": [{"@_fa": "true", "@seq": "1", "author-url":"https://api.elsevier.com/content/author/author_id/55144981200","authid":"55144981200","authname":"Escobar C.","surname":"Escobar","given-name":"Cristina","initials":"C.","afid": [{"@_fa": "true", "$" :"60030398"}]}],"source-id":"27731","fund-no":"undefined","openaccess":"0","openaccessFlag":false},{"@_fa": "true", "link": [{"@_fa": "true", "@ref": "self", "@href": "https://api.elsevier.com/content/abstract/scopus_id/0036139394"},{"@_fa": "true", "@ref": "author-affiliation", "@href": "https://api.elsevier.com/content/abstract/scopus_id/0036139394?field=author,affiliation"},{"@_fa": "true", "@ref": "scopus", "@href": "https://www.scopus.com/inward/record.uri?partnerID=HzOxMe3b&scp=0036139394&origin=inward"},{"@_fa": "true", "@ref": "scopus-citedby", "@href": "https://www.scopus.com/inward/citedby.uri?partnerID=HzOxMe3b&scp=0036139394&origin=inward"}],"prism:url":"https://api.elsevier.com/content/abstract/scopus_id/0036139394","dc:identifier":"SCOPUS_ID:0036139394","eid":"2-s2.0-0036139394","dc:title":"Informal settlements: Production and intervention in twentieth-century Brazil and South Africa","dc:creator":"Huchzermeyer M.","prism:publicationName":"Latin American Perspectives","prism:issn":"0094582X","prism:volume":"29","prism:issueIdentifier":"1","prism:pageRange":"83-105","prism:coverDate":"2002-01-01","prism:coverDisplayDate":"January 2002","prism:doi":"10.1177/0094582X0202900105","dc:description":"The informal settlements or favelas characterizing the cities of Brazil are visible evidence that the political-economic system does not adequately serve the urban population. How has society responded to this constant reminder in urban spatial form? How are these responses translated into intervention policies, and how have these in turn allowed the perpetuation of urban informal settlements? The parallels and contrasts in informal-settlement policy and perpetuation between South Africa and Brazil provide an interesting basis for an exploration of these questions. In this paper I explore how this visible evidence of inequality has been treated. I begin by examining the emergence of informal settlements in Brazil and South Africa, tracing their production in relation to early urban policies and processes of development. I explore the different bases of exclusion of the informal-settlement population from the policy-making process, contrasting the barrier of class in Brazil with that of race in South Africa. I trace the early political tactics of patronage and clientelism in localized intervention efforts, alongside tactics of severe repression. I go on to identify an increasing divergence in informal-settlement policy formulation between South Africa and Brazil since the mid-1970s, with influence by social movements in Brazil contrasting with stronger influence by the business sector in South Africa. Finally, I discuss different interpretations of division and exclusion in Brazil and South Africa, asking how these have informed and supported informal-settlement intervention policy.","citedby-count":"16","affiliation": [{"@_fa": "true", "affiliation-url":"https://api.elsevier.com/content/affiliation/affiliation_id/60016218","afid":"60016218","affilname":"University of Witwatersrand","affiliation-city":"Johannesburg","affiliation-country":"South Africa"}],"prism:aggregationType":"Journal","subtype":"ar","subtypeDescription":"Article","author-count":{"@limit": "100", "@total": "1", "$" :"1"},"author": [{"@_fa": "true", "@seq": "1", "author-url":"https://api.elsevier.com/content/author/author_id/8745073500","authid":"8745073500","authname":"Huchzermeyer M.","surname":"Huchzermeyer","given-name":"Marie","initials":"M.","afid": [{"@_fa": "true", "$" :"60016218"}]}],"source-id":"27731","fund-no":"undefined","openaccess":"0","openaccessFlag":false},{"@_fa": "true", "link": [{"@_fa": "true", "@ref": "self", "@href": "https://api.elsevier.com/content/abstract/scopus_id/0036184057"},{"@_fa": "true", "@ref": "author-affiliation", "@href": "https://api.elsevier.com/content/abstract/scopus_id/0036184057?field=author,affiliation"},{"@_fa": "true", "@ref": "scopus", "@href": "https://www.scopus.com/inward/record.uri?partnerID=HzOxMe3b&scp=0036184057&origin=inward"},{"@_fa": "true", "@ref": "scopus-citedby", "@href": "https://www.scopus.com/inward/citedby.uri?partnerID=HzOxMe3b&scp=0036184057&origin=inward"}],"prism:url":"https://api.elsevier.com/content/abstract/scopus_id/0036184057","dc:identifier":"SCOPUS_ID:0036184057","eid":"2-s2.0-0036184057","dc:title":"Caste, class, and clientelism: A political economy of everyday corruption in rural North India","dc:creator":"Jeffrey C.","prism:publicationName":"Economic Geography","prism:issn":"00130095","prism:volume":"78","prism:issueIdentifier":"1","prism:pageRange":"21-42","prism:coverDate":"2002-01-01","prism:coverDisplayDate":"2002","prism:doi":"10.2307/4140822","dc:description":"Corruption has reemerged as an important issue in research on geography and development, but there has been little research on the relationship between corruption and class reproduction in rural areas of poorer countries. This article presents insights into how low-level economic corruption actually works within institutions that are responsible for purchasing sugarcane in rural western Uttar Pradesh, India, and the role of this corruption in perpetuating material inequalities within rural society. The discussion is based on 12 months of intensive field research on the economic and social strategies of a dominant caste of rich farmers in Meerut District, western Uttar Pradesh. In this article, I note periodic rural protest against the government's mismanagement of sugarcane marketing and corruption and describe everyday, disguised, and discrete forms of corruption that allow rich farmers to obtain privileged access to lucrative marketing opportunities. I also show how discourses surrounding corruption are politicized along the lines of caste and class. I conclude by relating my empirical material to debates on local state-society relations in India. I stress the need to understand corruption with reference to local political economy and the broader distribution of social and economic opportunities in rural society and point to future avenues for geographic research on corruption in the Indian countryside.","citedby-count":"78","affiliation": [{"@_fa": "true", "affiliation-url":"https://api.elsevier.com/content/affiliation/affiliation_id/60027272","afid":"60027272","affilname":"University of Edinburgh","affiliation-city":"Edinburgh","affiliation-country":"United Kingdom"}],"prism:aggregationType":"Journal","subtype":"ar","subtypeDescription":"Article","author-count":{"@limit": "100", "@total": "1", "$" :"1"},"author": [{"@_fa": "true", "@seq": "1", "author-url":"https://api.elsevier.com/content/author/author_id/57204297411","authid":"57204297411","authname":"Jeffrey C.","surname":"Jeffrey","given-name":"Craig","initials":"C.","afid": [{"@_fa": "true", "$" :"60027272"}]}],"authkeywords":"Agriculture | Caste | Class | Clientelism | Corruption | India | Uttar Pradesh","source-id":"28092","fund-no":"undefined","openaccess":"0","openaccessFlag":false},{"@_fa": "true", "link": [{"@_fa": "true", "@ref": "self", "@href": "https://api.elsevier.com/content/abstract/scopus_id/18344415289"},{"@_fa": "true", "@ref": "author-affiliation", "@href": "https://api.elsevier.com/content/abstract/scopus_id/18344415289?field=author,affiliation"},{"@_fa": "true", "@ref": "scopus", "@href": "https://www.scopus.com/inward/record.uri?partnerID=HzOxMe3b&scp=18344415289&origin=inward"},{"@_fa": "true", "@ref": "scopus-citedby", "@href": "https://www.scopus.com/inward/citedby.uri?partnerID=HzOxMe3b&scp=18344415289&origin=inward"}],"prism:url":"https://api.elsevier.com/content/abstract/scopus_id/18344415289","dc:identifier":"SCOPUS_ID:18344415289","eid":"2-s2.0-18344415289","dc:title":"Between commitment and allegiance: Historicizing politics in Senegal","dc:creator":"Dahou T.","prism:publicationName":"Cahiers d'Etudes Africaines","prism:issn":"00080055","prism:volume":"42","prism:issueIdentifier":"3","prism:pageRange":"499-520","prism:coverDate":"2002-01-01","prism:coverDisplayDate":"2002","dc:description":"The special case of Senegal is used to present an alternative approach to the functionalist views applied to the study of contemporary patronage systems. Rationalist theories are criticized by analyzing the genealogy of the concept of factionalism and using the results of fieldwork conducted in the Senegal delta area. At the local level, political allegiances depend on historical and emotionally backed alliances, which weigh more on political coalitions than do interests.","citedby-count":"1","affiliation": [{"@_fa": "true", "affiliation-url":"https://api.elsevier.com/content/affiliation/affiliation_id/101149974","afid":"101149974","affilname":"IFAN-Universite Cheikh Anta Diop","affiliation-city":null,"affiliation-country":"France"}],"prism:aggregationType":"Journal","subtype":"ar","subtypeDescription":"Article","author-count":{"@limit": "100", "@total": "1", "$" :"1"},"author": [{"@_fa": "true", "@seq": "1", "author-url":"https://api.elsevier.com/content/author/author_id/6508338976","authid":"6508338976","authname":"Dahou T.","surname":"Dahou","given-name":"Tarik","initials":"T.","afid": [{"@_fa": "true", "$" :"101149974"}]}],"authkeywords":"Allegiance | Corruption | Development brokers | Emotions | Factionalism | Kinship | Manchester School | Patronage | Politics | Senegal","source-id":"36166","fund-no":"undefined","openaccess":"0","openaccessFlag":false},{"@_fa": "true", "link": [{"@_fa": "true", "@ref": "self", "@href": "https://api.elsevier.com/content/abstract/scopus_id/0036624090"},{"@_fa": "true", "@ref": "author-affiliation", "@href": "https://api.elsevier.com/content/abstract/scopus_id/0036624090?field=author,affiliation"},{"@_fa": "true", "@ref": "scopus", "@href": "https://www.scopus.com/inward/record.uri?partnerID=HzOxMe3b&scp=0036624090&origin=inward"},{"@_fa": "true", "@ref": "scopus-citedby", "@href": "https://www.scopus.com/inward/citedby.uri?partnerID=HzOxMe3b&scp=0036624090&origin=inward"}],"prism:url":"https://api.elsevier.com/content/abstract/scopus_id/0036624090","dc:identifier":"SCOPUS_ID:0036624090","eid":"2-s2.0-0036624090","dc:title":"The political and partisan determinants of patronage in Latin America 1960-1994: A comparative perspective","dc:creator":"Gordin J.","prism:publicationName":"European Journal of Political Research","prism:issn":"03044130","prism:volume":"41","prism:issueIdentifier":"4","prism:pageRange":"513-549","prism:coverDate":"2002-01-01","prism:coverDisplayDate":"June 2002","prism:doi":"10.1111/1475-6765.00021","dc:description":"Countries vary substantially in the level of political patronage exercised in their respective political systems. This article examines how hypotheses generated by the literature on economic, institutional-partisan and electoral factors account for variation in the level of political patronage in Argentina, Brazil, Chile, Colombia, Mexico and Peru. Political patronage - operationalized as the proportion of spending on personnel to total spending, both at the central government and ministerial levels - is examined through a pooled cross-sectional time-series regression. Previous spending on personnel has the most consistent effect on political patronage, while the influence of political variables is more ambiguous. In contrast to conjectures that tie personalism and clientelism, it is shown that the presence of personalist parties in the legislature is negatively associated with patronage spending. Subsequently, the evolution of personnel expenditure in Argentina and Peru is traced, based on qualitative evidence and interview data.","citedby-count":"26","affiliation": [{"@_fa": "true", "affiliation-url":"https://api.elsevier.com/content/affiliation/affiliation_id/60015543","afid":"60015543","affilname":"University of Pittsburgh","affiliation-city":"Pittsburgh","affiliation-country":"United States"}],"prism:aggregationType":"Journal","subtype":"re","subtypeDescription":"Review","author-count":{"@limit": "100", "@total": "1", "$" :"1"},"author": [{"@_fa": "true", "@seq": "1", "author-url":"https://api.elsevier.com/content/author/author_id/8096486800","authid":"8096486800","authname":"Gordin J.","surname":"Gordin","given-name":"Jorge P.","initials":"J.P.","afid": [{"@_fa": "true", "$" :"60015543"}]}],"source-id":"18437","fund-no":"undefined","openaccess":"0","openaccessFlag":false},{"@_fa": "true", "link": [{"@_fa": "true", "@ref": "self", "@href": "https://api.elsevier.com/content/abstract/scopus_id/0036678746"},{"@_fa": "true", "@ref": "author-affiliation", "@href": "https://api.elsevier.com/content/abstract/scopus_id/0036678746?field=author,affiliation"},{"@_fa": "true", "@ref": "scopus", "@href": "https://www.scopus.com/inward/record.uri?partnerID=HzOxMe3b&scp=0036678746&origin=inward"},{"@_fa": "true", "@ref": "scopus-citedby", "@href": "https://www.scopus.com/inward/citedby.uri?partnerID=HzOxMe3b&scp=0036678746&origin=inward"}],"prism:url":"https://api.elsevier.com/content/abstract/scopus_id/0036678746","dc:identifier":"SCOPUS_ID:0036678746","eid":"2-s2.0-0036678746","dc:title":"Pork barreling is not credit claiming or advertising: Campaign finance and the sources of the personal vote in Brazil","dc:creator":"Samuels D.","prism:publicationName":"Journal of Politics","prism:issn":"00223816","prism:volume":"64","prism:issueIdentifier":"3","prism:pageRange":"845-863","prism:coverDate":"2002-01-01","prism:coverDisplayDate":"August 2002","prism:doi":"10.1111/0022-3816.00149","dc:description":"Although observers of Brazilian politics commonly hold that voters reward incumbents for \"bringing home the bacon,\" I provide reasons to question the direct link between pork and electoral success as well as statistical evidence demonstrating the lack of such a link. This generates a puzzle: if pork barreling is ineffective, why do Brazilian deputies spend so much time seeking pork? The answer is that deputies do not trade pork for votes, they trade pork for money: porkbarrel success helps incumbents raise funds from private sector interests that profit from government contracts. In turn, politicians' access to money, not pork, directly affects their electoral prospects. This article provides a new understanding of the electoral connection in Brazil by showing that existing analyses either have overestimated pork's impact or are underdetermined because they have not included measures of campaign finance. The findings should also encourage comparativists interested in perk-barrel polities, clientelism, the personal vote, and campaign behavior more generally to focus attention on the role of money in elections.","citedby-count":"84","affiliation": [{"@_fa": "true", "affiliation-url":"https://api.elsevier.com/content/affiliation/affiliation_id/60029445","afid":"60029445","affilname":"University of Minnesota Twin Cities","affiliation-city":"Minneapolis","affiliation-country":"United States"},{"@_fa": "true", "affiliation-url":"https://api.elsevier.com/content/affiliation/affiliation_id/60005745","afid":"60005745","affilname":"University of Minnesota System","affiliation-city":null,"affiliation-country":"United States"}],"prism:aggregationType":"Journal","subtype":"ar","subtypeDescription":"Article","author-count":{"@limit": "100", "@total": "1", "$" :"1"},"author": [{"@_fa": "true", "@seq": "1", "author-url":"https://api.elsevier.com/content/author/author_id/7005039539","authid":"7005039539","authname":"Samuels D.","surname":"Samuels","given-name":"David J.","initials":"D.J.","afid": [{"@_fa": "true", "$" :"60005745"},{"@_fa": "true", "$" :"60029445"}]}],"source-id":"20333","fund-no":"SBER 963-1784","fund-sponsor":"National Science Foundation","openaccess":"0","openaccessFlag":false},{"@_fa": "true", "link": [{"@_fa": "true", "@ref": "self", "@href": "https://api.elsevier.com/content/abstract/scopus_id/0036956366"},{"@_fa": "true", "@ref": "author-affiliation", "@href": "https://api.elsevier.com/content/abstract/scopus_id/0036956366?field=author,affiliation"},{"@_fa": "true", "@ref": "scopus", "@href": "https://www.scopus.com/inward/record.uri?partnerID=HzOxMe3b&scp=0036956366&origin=inward"},{"@_fa": "true", "@ref": "scopus-citedby", "@href": "https://www.scopus.com/inward/citedby.uri?partnerID=HzOxMe3b&scp=0036956366&origin=inward"}],"prism:url":"https://api.elsevier.com/content/abstract/scopus_id/0036956366","dc:identifier":"SCOPUS_ID:0036956366","eid":"2-s2.0-0036956366","dc:title":"Clientelist Politics: State formation and corruption in Palestine 1994-2000","dc:creator":"Amundsen I.","prism:publicationName":"Report - Chr. Michelsen Institute","prism:issn":"0805505X","prism:issueIdentifier":"17","prism:pageRange":"1-27","prism:coverDate":"2002-01-01","prism:coverDisplayDate":"2002","dc:description":"The state formation process in Palestine started after the Oslo agreements between Israel and Palestine in 1994, which established a Palestinian quasi-state. The process came, however, to an almost complete halt with the onset of the second intifada in late 2000 and definitely with the Israeli reoccupation of the West bank and Gaza in 2002. At the time of writing, Palestine is divided into eight zones, with 120 checkpoints and 220 enclaves, a wall is being built, the economy is in ruins and the Palestinian administration hardly operates. This report argues that despite the authoritarian traits and strengths of the Palestinian National Authority, which could have led to a distinct developmentalist state, the same traits pushed the PNA into corrupt, clientelist practices and fragmentation. The obstacles were almost insurmountable. Palestine had an unsettled international status and an open-ended conflict with Israel over territories and resources, and an enclave economy. Some signs were nevertheless very positive. Initially there was a large degree of national pride and willingness to make huge sacrifices for the purpose of nation reconstruction, a large degree of popular support for the PNA, quite a degree of unity and autonomy within the state leadership (based as it was on the PLO), and a display of government capacities to implement some of the basic policies and reforms necessary for development. However, the clientelist and corrupt practices, together with a weak legal foundation and internal resistance to democratisation, hampered the process of democratisation and participation, restricted the institutionalisation of checks and balances, and opened up for massive criticism and weakened legitimacy of the regime. Thus, PNA failed in fulfilling the pressing need for democratic reforms, including room for participation, institutionalisation and transparency, in order for the Palestinian Authority to gain more legitimacy internally and externally.","citedby-count":"1","prism:aggregationType":"Journal","subtype":"ar","subtypeDescription":"Article","author-count":{"@limit": "100", "@total": "2", "$" :"2"},"author": [{"@_fa": "true", "@seq": "1", "author-url":"https://api.elsevier.com/content/author/author_id/11239532900","authid":"11239532900","authname":"Amundsen I.","surname":"Amundsen","given-name":"Inge","initials":"I."},{"@_fa": "true", "@seq": "2", "author-url":"https://api.elsevier.com/content/author/author_id/6504389488","authid":"6504389488","authname":"Ezbidi B.","surname":"Ezbidi","given-name":"Basem","initials":"B."}],"source-id":"25376","fund-no":"undefined","openaccess":"0","openaccessFlag":false}]}}