{"search-results":{"opensearch:totalResults":"22","opensearch:startIndex":"0","opensearch:itemsPerPage":"22","opensearch:Query":{"@role": "request", "@searchTerms": "TITLE-ABS-KEY(\"clientelism\") AND SUBJAREA(SOCI) AND PUBYEAR = 2005", "@startPage": "0"},"link": [{"@_fa": "true", "@ref": "self", "@href": "https://api.elsevier.com/content/search/scopus?start=0&count=25&query=TITLE-ABS-KEY%28%22clientelism%22%29+AND+SUBJAREA%28SOCI%29+AND+PUBYEAR+%3D+2005&apiKey=27d953b4b546791964ebeb768d13e61f&view=COMPLETE", "@type": "application/json"},{"@_fa": "true", "@ref": "first", "@href": "https://api.elsevier.com/content/search/scopus?start=0&count=25&query=TITLE-ABS-KEY%28%22clientelism%22%29+AND+SUBJAREA%28SOCI%29+AND+PUBYEAR+%3D+2005&apiKey=27d953b4b546791964ebeb768d13e61f&view=COMPLETE", "@type": "application/json"}],"entry": [{"@_fa": "true", "link": [{"@_fa": "true", "@ref": "self", "@href": "https://api.elsevier.com/content/abstract/scopus_id/60949757714"},{"@_fa": "true", "@ref": "author-affiliation", "@href": "https://api.elsevier.com/content/abstract/scopus_id/60949757714?field=author,affiliation"},{"@_fa": "true", "@ref": "scopus", "@href": "https://www.scopus.com/inward/record.uri?partnerID=HzOxMe3b&scp=60949757714&origin=inward"},{"@_fa": "true", "@ref": "scopus-citedby", "@href": "https://www.scopus.com/inward/citedby.uri?partnerID=HzOxMe3b&scp=60949757714&origin=inward"}],"prism:url":"https://api.elsevier.com/content/abstract/scopus_id/60949757714","dc:identifier":"SCOPUS_ID:60949757714","eid":"2-s2.0-60949757714","dc:title":"Informal relations in modern society, patronage and clientelism","dc:creator":"Ma̧czcak A.","prism:publicationName":"Acta Poloniae Historica","prism:issn":"00016829","prism:volume":"91","prism:pageRange":"185-200","prism:coverDate":"2005-12-01","prism:coverDisplayDate":"2005","citedby-count":"0","prism:aggregationType":"Journal","subtype":"cp","subtypeDescription":"Conference Paper","author-count":{"@limit": "100", "@total": "1", "$" :"1"},"author": [{"@_fa": "true", "@seq": "1", "author-url":"https://api.elsevier.com/content/author/author_id/37069170900","authid":"37069170900","authname":"Ma̧czcak A.","surname":"Ma̧czcak","given-name":"Antoni","initials":"A."}],"source-id":"18303","fund-no":"undefined","openaccess":"0","openaccessFlag":false},{"@_fa": "true", "link": [{"@_fa": "true", "@ref": "self", "@href": "https://api.elsevier.com/content/abstract/scopus_id/20444476238"},{"@_fa": "true", "@ref": "author-affiliation", "@href": "https://api.elsevier.com/content/abstract/scopus_id/20444476238?field=author,affiliation"},{"@_fa": "true", "@ref": "scopus", "@href": "https://www.scopus.com/inward/record.uri?partnerID=HzOxMe3b&scp=20444476238&origin=inward"},{"@_fa": "true", "@ref": "scopus-citedby", "@href": "https://www.scopus.com/inward/citedby.uri?partnerID=HzOxMe3b&scp=20444476238&origin=inward"}],"prism:url":"https://api.elsevier.com/content/abstract/scopus_id/20444476238","dc:identifier":"SCOPUS_ID:20444476238","eid":"2-s2.0-20444476238","dc:title":"Semipresidentialism in Ukraine: Institutionalist centrism in rampant clan politics","dc:creator":"Matzuzato K.","prism:publicationName":"Demokratizatsiya","prism:issn":"10746846","prism:volume":"13","prism:issueIdentifier":"1","prism:pageRange":"45-58","prism:coverDate":"2005-12-01","prism:coverDisplayDate":"December 2005","dc:description":"This essay argues that Ukraine chose semipresidentialism because it has much common with the previous communist system of government which divided state functions into political and managerial. Moreover, semipresidentialism fits the clientalistic characteristics of post-Soviet politics since the president can use his prerogative to appoint and dismiss prime ministers to manipulate between various clans. On the other hand, harsh struggles between clans in Ukrainian politics often create a vacuum of initiatives, in which centrists motivated by the logic of institutions and relatively independent from clans' interests play an important role. This is the reason why Ukrainian politics have overcome repeated attempts to shift to a more authoritarian regimes, be it pure presidentialism or parliamentary oligarchy.","citedby-count":"11","affiliation": [{"@_fa": "true", "affiliation-url":"https://api.elsevier.com/content/affiliation/affiliation_id/60014652","afid":"60014652","affilname":"Hokkaido University","affiliation-city":"Sapporo","affiliation-country":"Japan"}],"prism:aggregationType":"Journal","subtype":"ar","subtypeDescription":"Article","author-count":{"@limit": "100", "@total": "1", "$" :"1"},"author": [{"@_fa": "true", "@seq": "1", "author-url":"https://api.elsevier.com/content/author/author_id/8517071300","authid":"8517071300","authname":"Matzuzato K.","surname":"Matzuzato","given-name":"Kimitaka","initials":"K.","afid": [{"@_fa": "true", "$" :"60014652"}]}],"authkeywords":"Clientalism | Constitution | Leonid Kuchma | Semipresidentialism | Ukraine","source-id":"15561","fund-no":"undefined","openaccess":"0","openaccessFlag":false},{"@_fa": "true", "link": [{"@_fa": "true", "@ref": "self", "@href": "https://api.elsevier.com/content/abstract/scopus_id/84901083696"},{"@_fa": "true", "@ref": "author-affiliation", "@href": "https://api.elsevier.com/content/abstract/scopus_id/84901083696?field=author,affiliation"},{"@_fa": "true", "@ref": "scopus", "@href": "https://www.scopus.com/inward/record.uri?partnerID=HzOxMe3b&scp=84901083696&origin=inward"},{"@_fa": "true", "@ref": "scopus-citedby", "@href": "https://www.scopus.com/inward/citedby.uri?partnerID=HzOxMe3b&scp=84901083696&origin=inward"}],"prism:url":"https://api.elsevier.com/content/abstract/scopus_id/84901083696","dc:identifier":"SCOPUS_ID:84901083696","eid":"2-s2.0-84901083696","dc:title":"A new iron law of argentine politics? Partisanship, clientelism, and governability in contemporary Argentina","dc:creator":"Calvo E.","prism:publicationName":"Argentine Democracy: The Politics of Institutional Weakness","prism:isbn": [{"@_fa": "true", "$" :"0271027150"},{"@_fa": "true", "$" :"9780271027166"}],"prism:pageRange":"207-226","prism:coverDate":"2005-12-01","prism:coverDisplayDate":"2005","dc:description":"As Argentina fell once again into economic recession and political crisis in December 2001, President Fernando De la Rúa fled the Presidential Palace in a private helicopter. Food riots, protests, and severe repression resulted in half a dozen deaths, an unknown number of injured, and the burning of some of the National Congress's quarters. Harassed in restaurants, theaters, and even while walking in the streets, politicians escaped from public view while citizens banged pots and pans, shouting, \"Throw everyone out!\" This demand united the middle class, who wanted access to their frozen bank accounts, with the unemployed piqueteros, who were demanding food and jobs from the state. As a result, for the second time in twenty years, economic crisis and political turmoil led to the resignation of a Radical president in Argentina. Copyright © 2005 The Pennsylvania State University. All rights reserved.","citedby-count":"18","affiliation": [{"@_fa": "true", "affiliation-url":"https://api.elsevier.com/content/affiliation/affiliation_id/60030162","afid":"60030162","affilname":"Columbia University in the City of New York","affiliation-city":"New York","affiliation-country":"United States"},{"@_fa": "true", "affiliation-url":"https://api.elsevier.com/content/affiliation/affiliation_id/60005837","afid":"60005837","affilname":"University of Houston","affiliation-city":"Houston","affiliation-country":"United States"}],"prism:aggregationType":"Book","subtype":"ch","subtypeDescription":"Chapter","author-count":{"@limit": "100", "@total": "2", "$" :"2"},"author": [{"@_fa": "true", "@seq": "1", "author-url":"https://api.elsevier.com/content/author/author_id/35723707800","authid":"35723707800","authname":"Calvo E.","surname":"Calvo","given-name":"Ernesto","initials":"E.","afid": [{"@_fa": "true", "$" :"60005837"}]},{"@_fa": "true", "@seq": "2", "author-url":"https://api.elsevier.com/content/author/author_id/7005962066","authid":"7005962066","authname":"Murillo M.","surname":"Murillo","given-name":"María Victoria","initials":"M.V.","afid": [{"@_fa": "true", "$" :"60030162"}]}],"source-id":"21100315671","fund-no":"undefined","openaccess":"0","openaccessFlag":false},{"@_fa": "true", "link": [{"@_fa": "true", "@ref": "self", "@href": "https://api.elsevier.com/content/abstract/scopus_id/31144476586"},{"@_fa": "true", "@ref": "author-affiliation", "@href": "https://api.elsevier.com/content/abstract/scopus_id/31144476586?field=author,affiliation"},{"@_fa": "true", "@ref": "scopus", "@href": "https://www.scopus.com/inward/record.uri?partnerID=HzOxMe3b&scp=31144476586&origin=inward"},{"@_fa": "true", "@ref": "scopus-citedby", "@href": "https://www.scopus.com/inward/citedby.uri?partnerID=HzOxMe3b&scp=31144476586&origin=inward"}],"prism:url":"https://api.elsevier.com/content/abstract/scopus_id/31144476586","dc:identifier":"SCOPUS_ID:31144476586","eid":"2-s2.0-31144476586","dc:title":"The power structure of the Islamic Republic of Iran: Transition from populism to clientelism, and militarization of the government","dc:creator":"Alamdari K.","prism:publicationName":"Third World Quarterly","prism:issn":"01436597","prism:volume":"26","prism:issueIdentifier":"8","prism:pageRange":"1285-1301","prism:coverDate":"2005-11-01","prism:coverDisplayDate":"1 November 2005","prism:doi":"10.1080/01436590500336690","pii":"L520308731345","dc:description":"Since the 1979 revolution, Iran has experienced two non-class power structures - populism and clientelism. Populism, a product of the revolution, helped Ayatollah Khomeini to rule Iran for a decade with absolute power. Clientelism in Iran is linked to Shiism, as well as to a rentier state, and to the revolution, which resulted in many autonomous groups formed in patron-client bonds. Neither clientelism nor Shiism can be analysed using classical class system theory. Instead of horizontal layers of classes, the power structures in both Shi'ism and clientelism are based on vertical columns of rival and autonomous groups. The traditional Shi'a institution of Marja'iyat (source of emulation), has come into conflict with an elected government. The reformist government elected in 1997 failed to deliver on its democratic promises and to end the destructive role of autonomous groups. Therefore, disenchanted with state-sponsored reforms, Iranian society seems to be moving towards pragmatism and utilitarianism, while the political power structure leans towards militarism. © 2005 Third World Quarterly.","citedby-count":"28","affiliation": [{"@_fa": "true", "affiliation-url":"https://api.elsevier.com/content/affiliation/affiliation_id/60030759","afid":"60030759","affilname":"California State University, Los Angeles","affiliation-city":"Los Angeles","affiliation-country":"United States"}],"prism:aggregationType":"Journal","subtype":"ar","subtypeDescription":"Article","author-count":{"@limit": "100", "@total": "1", "$" :"1"},"author": [{"@_fa": "true", "@seq": "1", "author-url":"https://api.elsevier.com/content/author/author_id/11839295500","authid":"11839295500","authname":"Alamdari K.","surname":"Alamdari","given-name":"Kazem","initials":"K.","afid": [{"@_fa": "true", "$" :"60030759"}]}],"source-id":"15471","fund-no":"undefined","openaccess":"0","openaccessFlag":false},{"@_fa": "true", "link": [{"@_fa": "true", "@ref": "self", "@href": "https://api.elsevier.com/content/abstract/scopus_id/32144437238"},{"@_fa": "true", "@ref": "author-affiliation", "@href": "https://api.elsevier.com/content/abstract/scopus_id/32144437238?field=author,affiliation"},{"@_fa": "true", "@ref": "scopus", "@href": "https://www.scopus.com/inward/record.uri?partnerID=HzOxMe3b&scp=32144437238&origin=inward"},{"@_fa": "true", "@ref": "scopus-citedby", "@href": "https://www.scopus.com/inward/citedby.uri?partnerID=HzOxMe3b&scp=32144437238&origin=inward"}],"prism:url":"https://api.elsevier.com/content/abstract/scopus_id/32144437238","dc:identifier":"SCOPUS_ID:32144437238","eid":"2-s2.0-32144437238","dc:title":"Iraqi Kurdistan: Contours of a post-civil war society","dc:creator":"Leezenberg M.","prism:publicationName":"Third World Quarterly","prism:issn":"01436597","prism:volume":"26","prism:issueIdentifier":"4-5 SPEC. ISS.","prism:pageRange":"631-647","prism:coverDate":"2005-10-01","prism:coverDisplayDate":"October 2005","prism:doi":"10.1080/01436590500127867","pii":"G47832X24537913","dc:description":"Iraqi Kurdistan began the road to reconstruction after it became an autonomous region following the 1991 Gulf war. Although many of the difficulties facing post-Saddam Iraq are similar to those facing Iraqi Kurdistan in the early 1990s, the experience of the North cannot be treated mechanically as a model for the country as a whole. The paper traces political and economic developments since 1991 and concludes that many of the factors which led to destabilisation in the North in the 1990s are present today in the rest of Iraq. These include the use of violence to create ethnic and sectarian tensions in pursuit of political ends, dependence on centralised food distribution, and foreign interference. The 1990s also witnessed the emergence of new clientelist networks, which cut across the distinction between state and civil society. The rehabilitation of the oil industry and a geographically fair division of its considerable revenues may hold out the prospect for a peace dividend, but this is not guaranteed unless issues of security, genuine political participation, massive unemployment and clientelism are addressed. © 2005 Third World Quarterly.","citedby-count":"11","affiliation": [{"@_fa": "true", "affiliation-url":"https://api.elsevier.com/content/affiliation/affiliation_id/60002483","afid":"60002483","affilname":"University of Amsterdam","affiliation-city":"Amsterdam","affiliation-country":"Netherlands"}],"prism:aggregationType":"Journal","subtype":"ar","subtypeDescription":"Article","author-count":{"@limit": "100", "@total": "1", "$" :"1"},"author": [{"@_fa": "true", "@seq": "1", "author-url":"https://api.elsevier.com/content/author/author_id/15136077800","authid":"15136077800","authname":"Leezenberg M.","surname":"Leezenberg","given-name":"Michiel","initials":"M.","afid": [{"@_fa": "true", "$" :"60002483"}]}],"source-id":"15471","fund-no":"undefined","openaccess":"0","openaccessFlag":false},{"@_fa": "true", "link": [{"@_fa": "true", "@ref": "self", "@href": "https://api.elsevier.com/content/abstract/scopus_id/28244472287"},{"@_fa": "true", "@ref": "author-affiliation", "@href": "https://api.elsevier.com/content/abstract/scopus_id/28244472287?field=author,affiliation"},{"@_fa": "true", "@ref": "scopus", "@href": "https://www.scopus.com/inward/record.uri?partnerID=HzOxMe3b&scp=28244472287&origin=inward"},{"@_fa": "true", "@ref": "scopus-citedby", "@href": "https://www.scopus.com/inward/citedby.uri?partnerID=HzOxMe3b&scp=28244472287&origin=inward"}],"prism:url":"https://api.elsevier.com/content/abstract/scopus_id/28244472287","dc:identifier":"SCOPUS_ID:28244472287","eid":"2-s2.0-28244472287","dc:title":"A strategic approach to rights: Lessons from clientelism in rural Peru","dc:creator":"Schneider A.","prism:publicationName":"Development Policy Review","prism:issn":"09506764","prism:eIssn":"14677679","prism:volume":"23","prism:issueIdentifier":"5","prism:pageRange":"567-584","prism:coverDate":"2005-09-01","prism:coverDisplayDate":"September 2005","prism:doi":"10.1111/j.1467-7679.2005.00303.x","dc:description":"International norms of social, economic and political rights are presented as a means of transforming social relations in developing countries. Yet, when rights norms are introduced into domestic practice, they do not always produce liberal, democratic results. Instead, rights and local practices of clientelism mix. This article examines this political process in rural Peru. Alternatives to clientelism emerge when NGOs and international development agencies forge strategic and selective coalitions between urban middle-class sectors and the rural poor. This calls for an explicit politics of advancing rights by any means necessary: accepting hybrid forms when inevitable, incorporating excluded groups when possible, and striking alliances that displace traditional elites. © Overseas Development Institute, 2005.","citedby-count":"14","affiliation": [{"@_fa": "true", "affiliation-url":"https://api.elsevier.com/content/affiliation/affiliation_id/60079674","afid":"60079674","affilname":"Institute of Development Studies (IDS), University of Sussex","affiliation-city":"Brighton","affiliation-country":"United Kingdom"},{"@_fa": "true", "affiliation-url":"https://api.elsevier.com/content/affiliation/affiliation_id/102019869","afid":"102019869","affilname":"Central American Women's Network","affiliation-city":null,"affiliation-country":null}],"prism:aggregationType":"Journal","subtype":"ar","subtypeDescription":"Article","author-count":{"@limit": "100", "@total": "2", "$" :"2"},"author": [{"@_fa": "true", "@seq": "1", "author-url":"https://api.elsevier.com/content/author/author_id/14626634800","authid":"14626634800","authname":"Schneider A.","surname":"Schneider","given-name":"Aaron","initials":"A.","afid": [{"@_fa": "true", "$" :"60079674"}]},{"@_fa": "true", "@seq": "2", "author-url":"https://api.elsevier.com/content/author/author_id/9637733100","authid":"9637733100","authname":"Zúniga-Hamlin R.","surname":"Zúniga-Hamlin","given-name":"Rebeca","initials":"R.","afid": [{"@_fa": "true", "$" :"102019869"}]}],"source-id":"14103","fund-no":"undefined","openaccess":"0","openaccessFlag":false},{"@_fa": "true", "link": [{"@_fa": "true", "@ref": "self", "@href": "https://api.elsevier.com/content/abstract/scopus_id/27744553608"},{"@_fa": "true", "@ref": "author-affiliation", "@href": "https://api.elsevier.com/content/abstract/scopus_id/27744553608?field=author,affiliation"},{"@_fa": "true", "@ref": "scopus", "@href": "https://www.scopus.com/inward/record.uri?partnerID=HzOxMe3b&scp=27744553608&origin=inward"},{"@_fa": "true", "@ref": "scopus-citedby", "@href": "https://www.scopus.com/inward/citedby.uri?partnerID=HzOxMe3b&scp=27744553608&origin=inward"}],"prism:url":"https://api.elsevier.com/content/abstract/scopus_id/27744553608","dc:identifier":"SCOPUS_ID:27744553608","eid":"2-s2.0-27744553608","dc:title":"Building state capacity: Reforming Mexican state food aid programmes in the 1990s","dc:creator":"Mitchell K.","prism:publicationName":"Oxford Development Studies","prism:issn":"13600818","prism:eIssn":"14699966","prism:volume":"33","prism:issueIdentifier":"3-4","prism:pageRange":"377-389","prism:coverDate":"2005-09-01","prism:coverDisplayDate":"September 2005","prism:doi":"10.1080/13600810500199194","dc:description":"Recent studies of state food aid to poor households in Mexico by the International Food Policy Research Institute (IFPRI) and Food First point to a rare case of successful second-generation reform in the social sector. This article analyses a critical juncture at the start of the 1990 s in which policy-makers predisposed to reform gained an upper hand and over time improved state capacity in an area in which prolific corruption, middle class and urban favouritism and pervasive partisan clientelism reigned for decades. Across Latin America, crisis-inspired state downsizing (\"first-generation reform\") has given way to a desire to build state capacity (\"second-generation reform\"). To date, the regional record is mixed; however, one thing is certain, the context for first-generation reform - macroeconomic instability and foreign lender conditionality - offers an unsatisfactory guide to why and under what circumstances governments embrace, delay or reject second-generation reform. © 2005 International Development Centre, Oxford.","citedby-count":"1","affiliation": [{"@_fa": "true", "affiliation-url":"https://api.elsevier.com/content/affiliation/affiliation_id/60004152","afid":"60004152","affilname":"Saint Peter's College: The Jesuit College of New Jersey","affiliation-city":"Jersey City","affiliation-country":"United States"}],"prism:aggregationType":"Journal","subtype":"ar","subtypeDescription":"Article","author-count":{"@limit": "100", "@total": "1", "$" :"1"},"author": [{"@_fa": "true", "@seq": "1", "author-url":"https://api.elsevier.com/content/author/author_id/36856149600","authid":"36856149600","authname":"Mitchell K.","surname":"Mitchell","given-name":"Kenneth","initials":"K.","afid": [{"@_fa": "true", "$" :"60004152"}]}],"source-id":"15349","fund-no":"undefined","openaccess":"0","openaccessFlag":false},{"@_fa": "true", "link": [{"@_fa": "true", "@ref": "self", "@href": "https://api.elsevier.com/content/abstract/scopus_id/24944515482"},{"@_fa": "true", "@ref": "author-affiliation", "@href": "https://api.elsevier.com/content/abstract/scopus_id/24944515482?field=author,affiliation"},{"@_fa": "true", "@ref": "scopus", "@href": "https://www.scopus.com/inward/record.uri?partnerID=HzOxMe3b&scp=24944515482&origin=inward"},{"@_fa": "true", "@ref": "scopus-citedby", "@href": "https://www.scopus.com/inward/citedby.uri?partnerID=HzOxMe3b&scp=24944515482&origin=inward"}],"prism:url":"https://api.elsevier.com/content/abstract/scopus_id/24944515482","dc:identifier":"SCOPUS_ID:24944515482","eid":"2-s2.0-24944515482","dc:title":"Pipelines of pork Japanese politics and a model of local opposition party failure","dc:creator":"Scheiner E.","prism:publicationName":"Comparative Political Studies","prism:issn":"00104140","prism:volume":"38","prism:issueIdentifier":"7","prism:pageRange":"799-823","prism:coverDate":"2005-09-01","prism:coverDisplayDate":"September 2005","prism:doi":"10.1177/0010414005277020","dc:description":"The Liberal Democratic Party (LDP) has dominated Japanese politics since 1955, and the party's even greater dominance of subnational level elections is much of the reason why. This article seeks to explain local electoral outcomes in Japan by focusing on two key features of the Japanese political system: the heavy centralization of governmental finances and an emphasis on clientelistic exchange. Because Japan's political system focuses so heavily on the clientelist distribution of goods, local politicians and voters casting ballots in local elections have an incentive to align with parties that have access to the state budget. Because Japan's public funds are primarily controlled by the central government, parties that control the national budget will be the most likely to benefit. In short, Japan's fiscally centralized and clientelist system helps generate for the LDP a near monopoly on local power across most of Japan. © 2005 Sage Publications.","citedby-count":"27","affiliation": [{"@_fa": "true", "affiliation-url":"https://api.elsevier.com/content/affiliation/affiliation_id/60014439","afid":"60014439","affilname":"University of California, Davis","affiliation-city":"Davis","affiliation-country":"United States"}],"prism:aggregationType":"Journal","subtype":"re","subtypeDescription":"Review","author-count":{"@limit": "100", "@total": "1", "$" :"1"},"author": [{"@_fa": "true", "@seq": "1", "author-url":"https://api.elsevier.com/content/author/author_id/6603702966","authid":"6603702966","authname":"Scheiner E.","surname":"Scheiner","given-name":"Ethan","initials":"E.","afid": [{"@_fa": "true", "$" :"60014439"},{"@_fa": "true", "$" :"60014439"}]}],"authkeywords":"Clientelism | Fiscal federalism | Japanese politics | One-party dominance | Party competition","source-id":"13447","fund-no":"undefined","openaccess":"0","openaccessFlag":false},{"@_fa": "true", "link": [{"@_fa": "true", "@ref": "self", "@href": "https://api.elsevier.com/content/abstract/scopus_id/33748677087"},{"@_fa": "true", "@ref": "author-affiliation", "@href": "https://api.elsevier.com/content/abstract/scopus_id/33748677087?field=author,affiliation"},{"@_fa": "true", "@ref": "scopus", "@href": "https://www.scopus.com/inward/record.uri?partnerID=HzOxMe3b&scp=33748677087&origin=inward"},{"@_fa": "true", "@ref": "scopus-citedby", "@href": "https://www.scopus.com/inward/citedby.uri?partnerID=HzOxMe3b&scp=33748677087&origin=inward"}],"prism:url":"https://api.elsevier.com/content/abstract/scopus_id/33748677087","dc:identifier":"SCOPUS_ID:33748677087","eid":"2-s2.0-33748677087","dc:title":"Mafia, antimafia, and the plural cultures of sicily","dc:creator":"Schneider J.","prism:publicationName":"Current Anthropology","prism:issn":"00113204","prism:volume":"46","prism:issueIdentifier":"4","prism:pageRange":"501-520","prism:coverDate":"2005-08-01","prism:coverDisplayDate":"August 2005","prism:doi":"10.1086/431529","dc:description":"Sicily has long been represented in literature and in historical and social science texts as a place that is burdened by cultural values and practices that resist modernity: clientelism and corruption, familism, patriarchy, and lack of trust are said to condemn the island to backwardness. Sicily's association with the mafia adds a further negative image to these representations, an image of organized criminality that is conflated with Sicilian culture in general. Much as in the \"Southern Question\" discourse in Italy and similar constructions of otherness elsewhere, novelists, scholars, and public intellectuals present these characteristics as essential traits - as if there were a homogenized \"Sicilian culture\" that reproduced itself consistently through time. Eric R. Wolf was a brilliant critic of this way of thinking about culture, insisting, rather, that complex historical processes produce differentiated sociocultural forms over time in any given location. Inspired by his example, we trace the differentiated histories of the mafia and antimafia forms in Sicily, analyzing the contrasting values and practices that are specific to each. Our purpose is to represent Sicily as culturally plural and to generate a framework for recognizing and combating the all too common tendency to criminalize entire populations believed to have a common culture. © 2006 by The Wenner-Gren Foundation for Anthropological Research. All rights reserved.","citedby-count":"29","affiliation": [{"@_fa": "true", "affiliation-url":"https://api.elsevier.com/content/affiliation/affiliation_id/60032373","afid":"60032373","affilname":"The Doctorate-Granting Institution of the City University of New York","affiliation-city":"New York","affiliation-country":"United States"},{"@_fa": "true", "affiliation-url":"https://api.elsevier.com/content/affiliation/affiliation_id/60015095","afid":"60015095","affilname":"Fordham University","affiliation-city":"New York","affiliation-country":"United States"}],"prism:aggregationType":"Journal","subtype":"re","subtypeDescription":"Review","author-count":{"@limit": "100", "@total": "2", "$" :"2"},"author": [{"@_fa": "true", "@seq": "1", "author-url":"https://api.elsevier.com/content/author/author_id/55434692700","authid":"55434692700","authname":"Schneider J.","surname":"Schneider","given-name":"Jane","initials":"J.","afid": [{"@_fa": "true", "$" :"60032373"}]},{"@_fa": "true", "@seq": "2", "author-url":"https://api.elsevier.com/content/author/author_id/7402107132","authid":"7402107132","authname":"Schneider P.","surname":"Schneider","given-name":"Peter","initials":"P.","afid": [{"@_fa": "true", "$" :"60015095"}]}],"source-id":"33918","fund-no":"undefined","openaccess":"0","openaccessFlag":false},{"@_fa": "true", "link": [{"@_fa": "true", "@ref": "self", "@href": "https://api.elsevier.com/content/abstract/scopus_id/21744438190"},{"@_fa": "true", "@ref": "author-affiliation", "@href": "https://api.elsevier.com/content/abstract/scopus_id/21744438190?field=author,affiliation"},{"@_fa": "true", "@ref": "scopus", "@href": "https://www.scopus.com/inward/record.uri?partnerID=HzOxMe3b&scp=21744438190&origin=inward"},{"@_fa": "true", "@ref": "scopus-citedby", "@href": "https://www.scopus.com/inward/citedby.uri?partnerID=HzOxMe3b&scp=21744438190&origin=inward"}],"prism:url":"https://api.elsevier.com/content/abstract/scopus_id/21744438190","dc:identifier":"SCOPUS_ID:21744438190","eid":"2-s2.0-21744438190","dc:title":"\"Civil society\" in Malian political debate","dc:creator":"Roy A.","prism:publicationName":"Cahiers d'Etudes Africaines","prism:issn":"00080055","prism:volume":"45","prism:issueIdentifier":"2","prism:pageRange":"573-584","prism:coverDate":"2005-07-19","prism:coverDisplayDate":"2005","dc:description":"Problems in defining \"civil society\" and transposing this concept to a non-Western context (Mali) are examined. What place does \"civil society\" have in the discourses of international institutions and their plans for countries undergoing democratization? Light is shed on the ways that Malian politicians try to adopt this voguish concept. Beyond the talk, attention is drawn to the difficulties encountered in the quest to find a \"native civil society\". Once again, patronage, whether community-based or not, makes it impossible to clearly separate power, public goods and the private sphere - a separation necessary for \"civil society\" to emerge.","citedby-count":"3","affiliation": [{"@_fa": "true", "affiliation-url":"https://api.elsevier.com/content/affiliation/affiliation_id/60025070","afid":"60025070","affilname":"EHESS Ecole des Hautes Etudes en Sciences Sociales","affiliation-city":"Paris","affiliation-country":"France"}],"prism:aggregationType":"Journal","subtype":"ar","subtypeDescription":"Article","author-count":{"@limit": "100", "@total": "1", "$" :"1"},"author": [{"@_fa": "true", "@seq": "1", "author-url":"https://api.elsevier.com/content/author/author_id/55465952400","authid":"55465952400","authname":"Roy A.","surname":"Roy","given-name":"Alexis","initials":"A.","afid": [{"@_fa": "true", "$" :"60025070"}]}],"authkeywords":"Civil society | Clientelism | Decentralization | Democratization | Mali","source-id":"36166","fund-no":"undefined","openaccess":"0","openaccessFlag":false},{"@_fa": "true", "link": [{"@_fa": "true", "@ref": "self", "@href": "https://api.elsevier.com/content/abstract/scopus_id/23744492063"},{"@_fa": "true", "@ref": "author-affiliation", "@href": "https://api.elsevier.com/content/abstract/scopus_id/23744492063?field=author,affiliation"},{"@_fa": "true", "@ref": "scopus", "@href": "https://www.scopus.com/inward/record.uri?partnerID=HzOxMe3b&scp=23744492063&origin=inward"},{"@_fa": "true", "@ref": "scopus-citedby", "@href": "https://www.scopus.com/inward/citedby.uri?partnerID=HzOxMe3b&scp=23744492063&origin=inward"}],"prism:url":"https://api.elsevier.com/content/abstract/scopus_id/23744492063","dc:identifier":"SCOPUS_ID:23744492063","eid":"2-s2.0-23744492063","dc:title":"Zapatismo and urban political practice","dc:creator":"Zugman K.","prism:publicationName":"Latin American Perspectives","prism:issn":"0094582X","prism:volume":"32","prism:issueIdentifier":"4","prism:pageRange":"133-147","prism:coverDate":"2005-07-01","prism:coverDisplayDate":"July 2005","prism:doi":"10.1177/0094582X05278138","dc:description":"On January 1, 1996, the Ejército Zapatista de Liberación Nacional called for the creation of the Frente Zapatista de Liberación Nacional (FZLN), a national civil Zapatista organization that would build a new kind of political movement (EZLN, 1996). This new organization would be built from the ground up by citizens committed to carrying out Zapatista political principles such as mandar obedeciendo or \"rule by obeying.\" As Neil Harvey (1999) points out, the organizing principle of the FZLN was not to win positions of political power but rather to organize so that the government would implement its collective decisions. Instead of being a vanguard that would represent the masses, the FZLN was to become, as the founding member Javier Elorriaga put it, the collector and organizer of the people's proposals (interview, Mexico City, January 13, 2000). The goal was to create a new kind of political consciousness that would act as a counterweight to the corruption and clientelism that have been the legacy not only of the Mexican one-party political system but also of unions, social movements, and the Mexican left. © 2005 Latin American Perspectives.","citedby-count":"6","affiliation": [{"@_fa": "true", "affiliation-url":"https://api.elsevier.com/content/affiliation/affiliation_id/60027557","afid":"60027557","affilname":"CSU Dominguez Hills","affiliation-city":"Carson","affiliation-country":"United States"}],"prism:aggregationType":"Journal","subtype":"ar","subtypeDescription":"Article","author-count":{"@limit": "100", "@total": "1", "$" :"1"},"author": [{"@_fa": "true", "@seq": "1", "author-url":"https://api.elsevier.com/content/author/author_id/8680144000","authid":"8680144000","authname":"Zugman K.","surname":"Zugman","given-name":"Kara Ann","initials":"K.A.","afid": [{"@_fa": "true", "$" :"60027557"}]}],"source-id":"27731","fund-no":"undefined","openaccess":"0","openaccessFlag":false},{"@_fa": "true", "link": [{"@_fa": "true", "@ref": "self", "@href": "https://api.elsevier.com/content/abstract/scopus_id/29144473718"},{"@_fa": "true", "@ref": "author-affiliation", "@href": "https://api.elsevier.com/content/abstract/scopus_id/29144473718?field=author,affiliation"},{"@_fa": "true", "@ref": "scopus", "@href": "https://www.scopus.com/inward/record.uri?partnerID=HzOxMe3b&scp=29144473718&origin=inward"},{"@_fa": "true", "@ref": "scopus-citedby", "@href": "https://www.scopus.com/inward/citedby.uri?partnerID=HzOxMe3b&scp=29144473718&origin=inward"}],"prism:url":"https://api.elsevier.com/content/abstract/scopus_id/29144473718","dc:identifier":"SCOPUS_ID:29144473718","eid":"2-s2.0-29144473718","dc:title":"The reproduction of clientelism in regressing rural Turkey or \"why i became An 'erect ear'<sup>1</sup>?\"","dc:creator":"Ozbudun S.","prism:publicationName":"Dialectical Anthropology","prism:issn":"03044092","prism:volume":"29","prism:issueIdentifier":"2","prism:pageRange":"241-272","prism:coverDate":"2005-06-01","prism:coverDisplayDate":"June 2005","prism:doi":"10.1007/s10624-005-3072-7","dc:description":"This article, based on a field research done in July-August 2002, attempts to explain the popularity of the Nationalistic Action Party (NAP) of conservative and ultra-nationalistic tendencies in the touristic and permissive rural sectors of Datca, a peninsula in southwestern Turkey, by the clientelistic networks it manipulates in the villages. It argues that clientelism, far from being repressed by the integrating structures of the market, is reproduced and even reinforced by the conditions that cause and deepen the rural impoverishment. It also demonstrates the realignment of the rural power structures on the model provided by the now eradicated land ownership system. Dr. Ozbudun is teaching History of Anthropological Thought in the Department of Anthropology, Hacettepe University, Ankara, Turkey. (clientelism, rural structures of power, rural politics). © Springer 2005.","citedby-count":"6","affiliation": [{"@_fa": "true", "affiliation-url":"https://api.elsevier.com/content/affiliation/affiliation_id/60020484","afid":"60020484","affilname":"Hacettepe Üniversitesi","affiliation-city":"Ankara","affiliation-country":"Turkey"}],"prism:aggregationType":"Journal","subtype":"ar","subtypeDescription":"Article","author-count":{"@limit": "100", "@total": "1", "$" :"1"},"author": [{"@_fa": "true", "@seq": "1", "author-url":"https://api.elsevier.com/content/author/author_id/10043467700","authid":"10043467700","authname":"Ozbudun S.","surname":"Ozbudun","given-name":"S.","initials":"S.","afid": [{"@_fa": "true", "$" :"60020484"}]}],"authkeywords":"Clientelism | Intervillage strife | Rural politics | Rural structures of power","source-id":"53135","fund-no":"undefined","openaccess":"0","openaccessFlag":false},{"@_fa": "true", "link": [{"@_fa": "true", "@ref": "self", "@href": "https://api.elsevier.com/content/abstract/scopus_id/19344370217"},{"@_fa": "true", "@ref": "author-affiliation", "@href": "https://api.elsevier.com/content/abstract/scopus_id/19344370217?field=author,affiliation"},{"@_fa": "true", "@ref": "scopus", "@href": "https://www.scopus.com/inward/record.uri?partnerID=HzOxMe3b&scp=19344370217&origin=inward"},{"@_fa": "true", "@ref": "scopus-citedby", "@href": "https://www.scopus.com/inward/citedby.uri?partnerID=HzOxMe3b&scp=19344370217&origin=inward"}],"prism:url":"https://api.elsevier.com/content/abstract/scopus_id/19344370217","dc:identifier":"SCOPUS_ID:19344370217","eid":"2-s2.0-19344370217","dc:title":"Reconceptualizing Clans: Kinship networks and statehood in Kazakhstan","dc:creator":"Schatz E.","prism:publicationName":"Nationalities Papers","prism:issn":"00905992","prism:volume":"33","prism:issueIdentifier":"2","prism:pageRange":"231-254","prism:coverDate":"2005-06-01","prism:coverDisplayDate":"June 2005","prism:doi":"10.1080/00905990500088594","dc:description":"Based on findings from a larger project on kinship politics in Central Asia, this article offers a characterization of clan Politics. (I define clan as a kinship-based social division, a definition that I develop and justify below.) Using evidence from the Kazakhstan case, it calls into question the assumption that when clan relationships persist, they necessarily stand in fundamental opposition to state authority. I do so by making a distinction between clan-based practices that, indeed, serve to undermine the functioning of states (what I call clan clientelism) and practices that, to the contrary, play no such negative role (what I call clan balancing). I argue that the two practices often coexist in the same polity, although the proportions thereof are frequently in dispute - a dispute which generates a discursive political battle of its own. I suggest that clan clientelism, clan balancing, and this discursive political battle surrounding the two are the features that distinguish clan politics from other forms of identity politics. The article's larger purpose is twofold. First, I hope to conceptualize the distinctive political dynamic surrounding one particular kind of identity division. Doing so, I will suggest, calls into question the analytic utility of thinking of \"identity politics\" as more than a cluster of loosely related phenomena. Second, I hope to demonstrate that the role that kinship-based divisions play in modern contexts is a variable; although the usual conceptualizations do not permit it as a possibility, much that is developmentally useful might be harvested from clan divisions. After covering the usual treatment of kinship in the li terature in the first section, I turn in section two to develop a conceptual scheme that distinguishes clan clientelism from clan balancing. In the third section, I use the Kazakhstan case to illustrate the argument. In the final section, I offer implications for further study. The purpose of this article is to probe the plausibility of the conceptual scheme, rather than to perform a determinative test thereof. © 2005 Association for the Study of Nationalities.","citedby-count":"35","affiliation": [{"@_fa": "true", "affiliation-url":"https://api.elsevier.com/content/affiliation/affiliation_id/60029472","afid":"60029472","affilname":"Southern Illinois University at Carbondale","affiliation-city":"Carbondale","affiliation-country":"United States"}],"prism:aggregationType":"Journal","subtype":"ar","subtypeDescription":"Article","author-count":{"@limit": "100", "@total": "1", "$" :"1"},"author": [{"@_fa": "true", "@seq": "1", "author-url":"https://api.elsevier.com/content/author/author_id/6603427521","authid":"6603427521","authname":"Schatz E.","surname":"Schatz","given-name":"Edward","initials":"E.","afid": [{"@_fa": "true", "$" :"60029472"}]}],"source-id":"28256","fund-no":"undefined","openaccess":"0","openaccessFlag":false},{"@_fa": "true", "link": [{"@_fa": "true", "@ref": "self", "@href": "https://api.elsevier.com/content/abstract/scopus_id/19844377276"},{"@_fa": "true", "@ref": "author-affiliation", "@href": "https://api.elsevier.com/content/abstract/scopus_id/19844377276?field=author,affiliation"},{"@_fa": "true", "@ref": "scopus", "@href": "https://www.scopus.com/inward/record.uri?partnerID=HzOxMe3b&scp=19844377276&origin=inward"},{"@_fa": "true", "@ref": "scopus-citedby", "@href": "https://www.scopus.com/inward/citedby.uri?partnerID=HzOxMe3b&scp=19844377276&origin=inward"}],"prism:url":"https://api.elsevier.com/content/abstract/scopus_id/19844377276","dc:identifier":"SCOPUS_ID:19844377276","eid":"2-s2.0-19844377276","dc:title":"A theory of coalitions and clientelism: Coalition politics in Iceland, 1945-2000","dc:creator":"Indridason I.","prism:publicationName":"European Journal of Political Research","prism:issn":"03044130","prism:volume":"44","prism:issueIdentifier":"3","prism:pageRange":"439-464","prism:coverDate":"2005-05-01","prism:coverDisplayDate":"May 2005","prism:doi":"10.1111/j.1475-6765.2005.00234.x","dc:description":"This article serves a dual purpose. First, it provides detailed information about coalition formation and termination in Iceland from 1945 to 2000 following closely the format of Wolfgang Müller and Kaare Strøm (eds), Coalition Politics in Western Europe (New York: Oxford University Press, 2000), which considers the other Western European democracies. The political landscape of Iceland is surveyed, as is the institutional framework that structures the formation of coalitions, coalition governance and cabinet termination while providing complete data for each cabinet. Second, the effects clientelism has on coalition politics through the inflated importance of the executive office are considered. The patterns of coalition politics in the Nordic countries are compared to offer preliminary evidence supporting the theory. © European Consortium for Political Research 2005.","citedby-count":"26","affiliation": [{"@_fa": "true", "affiliation-url":"https://api.elsevier.com/content/affiliation/affiliation_id/60071113","afid":"60071113","affilname":"Haskoli Islands","affiliation-city":"Reykjavik","affiliation-country":"Iceland"}],"prism:aggregationType":"Journal","subtype":"re","subtypeDescription":"Review","author-count":{"@limit": "100", "@total": "1", "$" :"1"},"author": [{"@_fa": "true", "@seq": "1", "author-url":"https://api.elsevier.com/content/author/author_id/6505814650","authid":"6505814650","authname":"Indridason I.","surname":"Indridason","given-name":"Indridi H.","initials":"I.H.","afid": [{"@_fa": "true", "$" :"60071113"},{"@_fa": "true", "$" :"60071113"}]}],"source-id":"18437","fund-no":"undefined","openaccess":"0","openaccessFlag":false},{"@_fa": "true", "link": [{"@_fa": "true", "@ref": "self", "@href": "https://api.elsevier.com/content/abstract/scopus_id/14644438763"},{"@_fa": "true", "@ref": "author-affiliation", "@href": "https://api.elsevier.com/content/abstract/scopus_id/14644438763?field=author,affiliation"},{"@_fa": "true", "@ref": "scopus", "@href": "https://www.scopus.com/inward/record.uri?partnerID=HzOxMe3b&scp=14644438763&origin=inward"},{"@_fa": "true", "@ref": "scopus-citedby", "@href": "https://www.scopus.com/inward/citedby.uri?partnerID=HzOxMe3b&scp=14644438763&origin=inward"}],"prism:url":"https://api.elsevier.com/content/abstract/scopus_id/14644438763","dc:identifier":"SCOPUS_ID:14644438763","eid":"2-s2.0-14644438763","dc:title":"Institutional dualism and international development a revisionist interpretation of good governance","dc:creator":"Brinkerhoff D.","prism:publicationName":"Administration and Society","prism:issn":"00953997","prism:volume":"37","prism:issueIdentifier":"2","prism:pageRange":"199-224","prism:coverDate":"2005-05-01","prism:coverDisplayDate":"May 2005","prism:doi":"10.1177/0095399704272595","dc:description":"This article examines the tensions, trade-offs, and complementarities between so-called good governance and bad governance in international development and draws on U.S. history to comment on current change efforts. Aid donors have ambitious plans to encourage countries to replace corrupt or closed public institutions with more accountable systems. Yet democratic or rational-legal governance does not necessarily represent an improvement over ostensibly improper governance. It is important to bear in mind that certain clientelistic practices have hidden positive functions, such as giving poor people access to resources. Governance institutions are neither bad nor good in themselves; outcomes are what matter. © 2005 Sage Publications.","citedby-count":"44","affiliation": [{"@_fa": "true", "affiliation-url":"https://api.elsevier.com/content/affiliation/affiliation_id/60032205","afid":"60032205","affilname":"RTI International","affiliation-city":"Research Triangle Park","affiliation-country":"United States"},{"@_fa": "true", "affiliation-url":"https://api.elsevier.com/content/affiliation/affiliation_id/60024063","afid":"60024063","affilname":"University of Massachusetts Boston","affiliation-city":"Boston","affiliation-country":"United States"},{"@_fa": "true", "affiliation-url":"https://api.elsevier.com/content/affiliation/affiliation_id/101673340","afid":"101673340","affilname":"John D. McCormack Inst. of Pub. Aff","affiliation-city":null,"affiliation-country":null}],"prism:aggregationType":"Journal","subtype":"ar","subtypeDescription":"Article","author-count":{"@limit": "100", "@total": "2", "$" :"2"},"author": [{"@_fa": "true", "@seq": "1", "author-url":"https://api.elsevier.com/content/author/author_id/6701397397","authid":"6701397397","authname":"Brinkerhoff D.","surname":"Brinkerhoff","given-name":"Derick W.","initials":"D.W.","afid": [{"@_fa": "true", "$" :"60032205"},{"@_fa": "true", "$" :"60032205"}]},{"@_fa": "true", "@seq": "2", "author-url":"https://api.elsevier.com/content/author/author_id/7102737602","authid":"7102737602","authname":"Goldsmith A.","surname":"Goldsmith","given-name":"Arthur A.","initials":"A.A.","afid": [{"@_fa": "true", "$" :"60024063"},{"@_fa": "true", "$" :"60024063"},{"@_fa": "true", "$" :"101673340"}]}],"authkeywords":"Clientelism | Development | Governance","source-id":"16032","fund-no":"undefined","openaccess":"0","openaccessFlag":false},{"@_fa": "true", "link": [{"@_fa": "true", "@ref": "self", "@href": "https://api.elsevier.com/content/abstract/scopus_id/17444380777"},{"@_fa": "true", "@ref": "author-affiliation", "@href": "https://api.elsevier.com/content/abstract/scopus_id/17444380777?field=author,affiliation"},{"@_fa": "true", "@ref": "scopus", "@href": "https://www.scopus.com/inward/record.uri?partnerID=HzOxMe3b&scp=17444380777&origin=inward"},{"@_fa": "true", "@ref": "scopus-citedby", "@href": "https://www.scopus.com/inward/citedby.uri?partnerID=HzOxMe3b&scp=17444380777&origin=inward"}],"prism:url":"https://api.elsevier.com/content/abstract/scopus_id/17444380777","dc:identifier":"SCOPUS_ID:17444380777","eid":"2-s2.0-17444380777","dc:title":"Political representation in Latin America a study of elite-mass congruence in nine countries","dc:creator":"Luna J.","prism:publicationName":"Comparative Political Studies","prism:issn":"00104140","prism:volume":"38","prism:issueIdentifier":"4","prism:pageRange":"388-416","prism:coverDate":"2005-05-01","prism:coverDisplayDate":"May 2005","prism:doi":"10.1177/0010414004273205","dc:description":"The authors combine elite and mass survey data to create indicators of representation for nine nations: Argentina, Bolivia, Brazil, Chile, Colombia, Costa Rica, Ecuador, Mexico, and Uruguay. For the first time, a quantified measure of the extent to which political parties represent voters' policy preferences in these countries is offered. The authors then examine the political, social, and economic correlates of representation. Consistent with extant literature and theory, they find that party system institutionalization and socioeconomic development are positively related to representation. On the other hand, drastic liberalization efforts seem to be associated with lower levels of representation. Furthermore, the authors find that leftist parties contribute to the representative structures of political systems. They also find that perceptions of fraud in an electoral system are correlated at a fairly high level with the indicator of representation: Citizens' subjective perceptions of a system are consistent with its reality. © 2005 Sage Publications.","citedby-count":"75","affiliation": [{"@_fa": "true", "affiliation-url":"https://api.elsevier.com/content/affiliation/affiliation_id/60025111","afid":"60025111","affilname":"The University of North Carolina at Chapel Hill","affiliation-city":"Chapel Hill","affiliation-country":"United States"},{"@_fa": "true", "affiliation-url":"https://api.elsevier.com/content/affiliation/affiliation_id/60014439","afid":"60014439","affilname":"University of California, Davis","affiliation-city":"Davis","affiliation-country":"United States"}],"prism:aggregationType":"Journal","subtype":"ar","subtypeDescription":"Article","author-count":{"@limit": "100", "@total": "2", "$" :"2"},"author": [{"@_fa": "true", "@seq": "1", "author-url":"https://api.elsevier.com/content/author/author_id/15729159900","authid":"15729159900","authname":"Luna J.","surname":"Luna","given-name":"Juan P.","initials":"J.P.","afid": [{"@_fa": "true", "$" :"60025111"}]},{"@_fa": "true", "@seq": "2", "author-url":"https://api.elsevier.com/content/author/author_id/8326742300","authid":"8326742300","authname":"Zechmeister E.","surname":"Zechmeister","given-name":"Elizabeth J.","initials":"E.J.","afid": [{"@_fa": "true", "$" :"60014439"}]}],"authkeywords":"Clientelism | Democracy | Ideology | Issue congruence | Latin America | Representation","source-id":"13447","fund-no":"undefined","openaccess":"0","openaccessFlag":false},{"@_fa": "true", "link": [{"@_fa": "true", "@ref": "self", "@href": "https://api.elsevier.com/content/abstract/scopus_id/18544378868"},{"@_fa": "true", "@ref": "author-affiliation", "@href": "https://api.elsevier.com/content/abstract/scopus_id/18544378868?field=author,affiliation"},{"@_fa": "true", "@ref": "scopus", "@href": "https://www.scopus.com/inward/record.uri?partnerID=HzOxMe3b&scp=18544378868&origin=inward"},{"@_fa": "true", "@ref": "scopus-citedby", "@href": "https://www.scopus.com/inward/citedby.uri?partnerID=HzOxMe3b&scp=18544378868&origin=inward"}],"prism:url":"https://api.elsevier.com/content/abstract/scopus_id/18544378868","dc:identifier":"SCOPUS_ID:18544378868","eid":"2-s2.0-18544378868","dc:title":"Rethinking the greed-grievance nexus: Property rights and the political economy of war in Sri Lanka","dc:creator":"Korf B.","prism:publicationName":"Journal of Peace Research","prism:issn":"00223433","prism:volume":"42","prism:issueIdentifier":"2","prism:pageRange":"201-217","prism:coverDate":"2005-03-01","prism:coverDisplayDate":"March 2005","prism:doi":"10.1177/0022343305050691","dc:description":"The literature on civil wars tends to understand greed and grievances in antagonistic terms of 'either-or'. This article suggests that in the political economy of conflict, greed and grievances may be causally linked and reinforce each other: war (or shadow) economies of combatants and the survival economies of civilians are intertwined. Gains made by conflict entrepreneurs and war profiteers feed grievances about identity, economic inequality, and lack of political power. Once civil war is onset (for whatever reason), the political economy of war produces a self-sustaining logic of clientelism along the lines of perceived 'friends' and 'foes'. These dividing lines get reinforced in everyday political networks of survival. This everyday clientelism, in turn, nourishes grievance discourses along the same lines. These grievances contribute to heighten the motivation for people to fight for 'justice'. In this way, greed produces grievances, which in turn stabilize the war economy and offer economic opportunities for greedy entrepreneurs of violence. Case studies from Sri Lanka on local resource conflicts in the context of civil war support this proposition. They indicate that because of the civil war and the breakdown of state and civic institutions, ethnicity becomes a mechanism for civilian actors to access resources available largely through arbitrary power. Civilians thus become part of the 'game'. In effect, this leads to 'ethnicized entitlements', where the ethnic groups are asymmetrically endowed with bargaining power to access resources, depending upon their affiliation with militant actors and their respective initial power resources. These ethnicized entitlements satisfy greed for some war winners and feed grievances among those at the losing end. © 2005 Journal of Peace Research.","citedby-count":"48","affiliation": [{"@_fa": "true", "affiliation-url":"https://api.elsevier.com/content/affiliation/affiliation_id/60000762","afid":"60000762","affilname":"Humboldt-Universität zu Berlin","affiliation-city":"Berlin","affiliation-country":"Germany"}],"prism:aggregationType":"Journal","subtype":"ar","subtypeDescription":"Article","author-count":{"@limit": "100", "@total": "1", "$" :"1"},"author": [{"@_fa": "true", "@seq": "1", "author-url":"https://api.elsevier.com/content/author/author_id/12241751400","authid":"12241751400","authname":"Korf B.","surname":"Korf","given-name":"Benedikt","initials":"B.","afid": [{"@_fa": "true", "$" :"60000762"}]}],"source-id":"26362","fund-no":"undefined","openaccess":"0","openaccessFlag":false},{"@_fa": "true", "link": [{"@_fa": "true", "@ref": "self", "@href": "https://api.elsevier.com/content/abstract/scopus_id/20044366049"},{"@_fa": "true", "@ref": "author-affiliation", "@href": "https://api.elsevier.com/content/abstract/scopus_id/20044366049?field=author,affiliation"},{"@_fa": "true", "@ref": "scopus", "@href": "https://www.scopus.com/inward/record.uri?partnerID=HzOxMe3b&scp=20044366049&origin=inward"},{"@_fa": "true", "@ref": "scopus-citedby", "@href": "https://www.scopus.com/inward/citedby.uri?partnerID=HzOxMe3b&scp=20044366049&origin=inward"}],"prism:url":"https://api.elsevier.com/content/abstract/scopus_id/20044366049","dc:identifier":"SCOPUS_ID:20044366049","eid":"2-s2.0-20044366049","dc:title":"Introduction: 'Modernisation' and the structural constraints of Greek politics","dc:creator":"Featherstone K.","prism:publicationName":"West European Politics","prism:issn":"01402382","prism:volume":"28","prism:issueIdentifier":"2","prism:pageRange":"223-241","prism:coverDate":"2005-03-01","prism:coverDisplayDate":"March 2005","prism:doi":"10.1080/01402380500058753","dc:description":"Contemporary Greek politics are marked by tensions between pressures for reform and the structural constraints to their realisation. The pressures combine those emanating from processes of Europeanisation (European Union agendas on economic reform, for example) and the domestic demand for 'modernisation' (the agenda of former Premier Simitis). The two have been seen as synonymous in Greece. The resultant tensions have created a fundamental issue of governability: in a number of areas, Greece is une société bloqué. There are systemic weaknesses deriving from the institutional capacity of the state, the regime of 'disjointed corporatism', and cultural practices of clientelism and 'rent-seeking'. These constrain agency and leadership strategies. The analysis places the recent Simitis project in an historical context and attempts to delineate patterns of change and continuity. The reform process has been asymmetrical and uncertain in character. The problem of governance remains and, in turn, it questions the nature of Greece's convergence with the EU. © 2005 Taylor & Francis Group Ltd.","citedby-count":"57","affiliation": [{"@_fa": "true", "affiliation-url":"https://api.elsevier.com/content/affiliation/affiliation_id/60003059","afid":"60003059","affilname":"London School of Economics and Political Science","affiliation-city":"London","affiliation-country":"United Kingdom"}],"prism:aggregationType":"Journal","subtype":"ar","subtypeDescription":"Article","author-count":{"@limit": "100", "@total": "1", "$" :"1"},"author": [{"@_fa": "true", "@seq": "1", "author-url":"https://api.elsevier.com/content/author/author_id/6602094237","authid":"6602094237","authname":"Featherstone K.","surname":"Featherstone","given-name":"Kevin","initials":"K.","afid": [{"@_fa": "true", "$" :"60003059"}]}],"source-id":"25691","fund-no":"undefined","openaccess":"0","openaccessFlag":false},{"@_fa": "true", "link": [{"@_fa": "true", "@ref": "self", "@href": "https://api.elsevier.com/content/abstract/scopus_id/84921059082"},{"@_fa": "true", "@ref": "author-affiliation", "@href": "https://api.elsevier.com/content/abstract/scopus_id/84921059082?field=author,affiliation"},{"@_fa": "true", "@ref": "scopus", "@href": "https://www.scopus.com/inward/record.uri?partnerID=HzOxMe3b&scp=84921059082&origin=inward"},{"@_fa": "true", "@ref": "scopus-citedby", "@href": "https://www.scopus.com/inward/citedby.uri?partnerID=HzOxMe3b&scp=84921059082&origin=inward"}],"prism:url":"https://api.elsevier.com/content/abstract/scopus_id/84921059082","dc:identifier":"SCOPUS_ID:84921059082","eid":"2-s2.0-84921059082","dc:title":"Greece: 'Rationalizing' Constitutional Powers in a Post-dictatorial Country","dc:creator":"Trantas G.","prism:publicationName":"Delegation and Accountability in Parliamentary Democracies","prism:isbn": [{"@_fa": "true", "$" :"9780191602016"},{"@_fa": "true", "$" :"9780198297840"}],"prism:pageRange":null,"prism:coverDate":"2005-01-20","prism:coverDisplayDate":"January 20, 2005","prism:doi":"10.1093/019829784X.003.0011","dc:description":"© Oxford University Press, 2014. The Greek process of delegation is highly institutionalized and exhaustively regulated by the Constitution. The Constitution gives the cabinet strong stability and leverage over the parliament, creating one of the most powerful governments in Western Europe. Clientelistic networks are important in Greece and complicate the delegation chain.","citedby-count":"0","affiliation": [{"@_fa": "true", "affiliation-url":"https://api.elsevier.com/content/affiliation/affiliation_id/60031040","afid":"60031040","affilname":"Umeå Universitet","affiliation-city":"Umea","affiliation-country":"Sweden"},{"@_fa": "true", "affiliation-url":"https://api.elsevier.com/content/affiliation/affiliation_id/60030612","afid":"60030612","affilname":"University of California, San Diego","affiliation-city":"San Diego","affiliation-country":"United States"},{"@_fa": "true", "affiliation-url":"https://api.elsevier.com/content/affiliation/affiliation_id/60028900","afid":"60028900","affilname":"National and Kapodistrian University of Athens","affiliation-city":"Athens","affiliation-country":"Greece"},{"@_fa": "true", "affiliation-url":"https://api.elsevier.com/content/affiliation/affiliation_id/60006341","afid":"60006341","affilname":"Universität Mannheim","affiliation-city":"Mannheim","affiliation-country":"Germany"}],"prism:aggregationType":"Book","subtype":"ch","subtypeDescription":"Chapter","author-count":{"@limit": "100", "@total": "5", "$" :"5"},"author": [{"@_fa": "true", "@seq": "1", "author-url":"https://api.elsevier.com/content/author/author_id/56483274800","authid":"56483274800","authname":"Trantas G.","surname":"Trantas","given-name":"Georgios","initials":"G."},{"@_fa": "true", "@seq": "2", "author-url":"https://api.elsevier.com/content/author/author_id/56483316600","authid":"56483316600","authname":"Zagoriti P.","surname":"Zagoriti","given-name":"Paraskevi","initials":"P.","afid": [{"@_fa": "true", "$" :"60028900"}]},{"@_fa": "true", "@seq": "3", "author-url":"https://api.elsevier.com/content/author/author_id/7102115260","authid":"7102115260","authname":"Bergman T.","surname":"Bergman","given-name":"Torbjörn","initials":"T.","afid": [{"@_fa": "true", "$" :"60031040"}]},{"@_fa": "true", "@seq": "4", "author-url":"https://api.elsevier.com/content/author/author_id/55455002200","authid":"55455002200","authname":"Müller W.","surname":"Müller","given-name":"Wolfgang C.","initials":"W.C.","afid": [{"@_fa": "true", "$" :"60006341"}]},{"@_fa": "true", "@seq": "5", "author-url":"https://api.elsevier.com/content/author/author_id/7005000185","authid":"7005000185","authname":"Strøm K.","surname":"Strøm","given-name":"Kaare","initials":"K.","afid": [{"@_fa": "true", "$" :"60030612"}]}],"authkeywords":"Authoritarian political tradition | Cabinet stability | Civil society | Clientelism | Constitutional reform | Greek-Orthodox church | Institutionalization","source-id":"21100534603","fund-no":"undefined","openaccess":"0","openaccessFlag":false},{"@_fa": "true", "link": [{"@_fa": "true", "@ref": "self", "@href": "https://api.elsevier.com/content/abstract/scopus_id/27744475079"},{"@_fa": "true", "@ref": "author-affiliation", "@href": "https://api.elsevier.com/content/abstract/scopus_id/27744475079?field=author,affiliation"},{"@_fa": "true", "@ref": "scopus", "@href": "https://www.scopus.com/inward/record.uri?partnerID=HzOxMe3b&scp=27744475079&origin=inward"},{"@_fa": "true", "@ref": "scopus-citedby", "@href": "https://www.scopus.com/inward/citedby.uri?partnerID=HzOxMe3b&scp=27744475079&origin=inward"}],"prism:url":"https://api.elsevier.com/content/abstract/scopus_id/27744475079","dc:identifier":"SCOPUS_ID:27744475079","eid":"2-s2.0-27744475079","dc:title":"Administrative hierarchies and networks in the Soviet Union","dc:creator":"Mrowczynski R.","prism:publicationName":"Osteuropa","prism:issn":"00306428","prism:volume":"55","prism:issueIdentifier":"10","prism:pageRange":null,"prism:coverDate":"2005-01-01","prism:coverDisplayDate":"October 2005","dc:description":"The phenomena of post-socialist informality, such as the shadow economy, clientelism or corruption, resulted from the specific structures and means of functioning that arose in socialist socialisation. Analysis of the Soviet Union shows that socialist society functioned along the lines of a decentralised centralisation of economic and social activities. This emerged as unofficial networks of relations within the complex hierarchies of the party-state apparatus formed. The increasing independence of these structures of interaction vis-à-vis the centre was a decisive factor in the collapse of the socialist social order.","citedby-count":"3","affiliation": [{"@_fa": "true", "affiliation-url":"https://api.elsevier.com/content/affiliation/affiliation_id/60004935","afid":"60004935","affilname":"Gottfried Wilhelm Leibniz Universität","affiliation-city":"Hannover","affiliation-country":"Germany"}],"prism:aggregationType":"Journal","subtype":"re","subtypeDescription":"Review","author-count":{"@limit": "100", "@total": "3", "$" :"3"},"author": [{"@_fa": "true", "@seq": "1", "author-url":"https://api.elsevier.com/content/author/author_id/57200757185","authid":"57200757185","authname":"Mrowczynski R.","surname":"Mrowczynski","given-name":"R.","initials":"R.","afid": [{"@_fa": "true", "$" :"60004935"}]},{"@_fa": "true", "@seq": "2", "author-url":"https://api.elsevier.com/content/author/author_id/9235990000","authid":"9235990000","authname":"Knots G.","surname":"Knots","given-name":"G.","initials":"G.","afid": [{"@_fa": "true", "$" :"60004935"}]},{"@_fa": "true", "@seq": "3", "author-url":"https://api.elsevier.com/content/author/author_id/9235990100","authid":"9235990100","authname":"Knoten G.","surname":"Knoten","given-name":"Gordische","initials":"G.","afid": [{"@_fa": "true", "$" :"60004935"}]}],"source-id":"22166","fund-no":"undefined","openaccess":"0","openaccessFlag":false},{"@_fa": "true", "link": [{"@_fa": "true", "@ref": "self", "@href": "https://api.elsevier.com/content/abstract/scopus_id/27744533663"},{"@_fa": "true", "@ref": "author-affiliation", "@href": "https://api.elsevier.com/content/abstract/scopus_id/27744533663?field=author,affiliation"},{"@_fa": "true", "@ref": "scopus", "@href": "https://www.scopus.com/inward/record.uri?partnerID=HzOxMe3b&scp=27744533663&origin=inward"},{"@_fa": "true", "@ref": "scopus-citedby", "@href": "https://www.scopus.com/inward/citedby.uri?partnerID=HzOxMe3b&scp=27744533663&origin=inward"}],"prism:url":"https://api.elsevier.com/content/abstract/scopus_id/27744533663","dc:identifier":"SCOPUS_ID:27744533663","eid":"2-s2.0-27744533663","dc:title":"Clientelism in the neo-patrimonial state strategies for securing regional power in Ukraine","dc:creator":"Zimmer K.","prism:publicationName":"Osteuropa","prism:issn":"00306428","prism:volume":"55","prism:issueIdentifier":"10","prism:pageRange":null,"prism:coverDate":"2005-01-01","prism:coverDisplayDate":"October 2005","dc:description":"Informal rules and practises are omnipresent in Ukrainian politics. Because private life and public office are hardly separated, resources within the state apparatus are abused to power-political ends. This is especially seen in relations between the centre and Ukraine's regions. Control of the Ukrainian regions is secured by the blurring of appointments and budgeting politics on the one hand with elections on the other. Regional politics is a system of redistribution in which the lower levels are formally and informally dependent on the centre and forced to cooperate in clientele form. The return of favours from the centre depends on the successful mobilisation of the electorate during elections.","citedby-count":"7","affiliation": [{"@_fa": "true", "affiliation-url":"https://api.elsevier.com/content/affiliation/affiliation_id/60012556","afid":"60012556","affilname":"Philipps-Universität Marburg","affiliation-city":"Marburg","affiliation-country":"Germany"}],"prism:aggregationType":"Journal","subtype":"re","subtypeDescription":"Review","author-count":{"@limit": "100", "@total": "1", "$" :"1"},"author": [{"@_fa": "true", "@seq": "1", "author-url":"https://api.elsevier.com/content/author/author_id/9235993900","authid":"9235993900","authname":"Zimmer K.","surname":"Zimmer","given-name":"Kerstin","initials":"K.","afid": [{"@_fa": "true", "$" :"60012556"}]}],"source-id":"22166","fund-no":"undefined","openaccess":"0","openaccessFlag":false},{"@_fa": "true", "link": [{"@_fa": "true", "@ref": "self", "@href": "https://api.elsevier.com/content/abstract/scopus_id/84993724924"},{"@_fa": "true", "@ref": "author-affiliation", "@href": "https://api.elsevier.com/content/abstract/scopus_id/84993724924?field=author,affiliation"},{"@_fa": "true", "@ref": "scopus", "@href": "https://www.scopus.com/inward/record.uri?partnerID=HzOxMe3b&scp=84993724924&origin=inward"},{"@_fa": "true", "@ref": "scopus-citedby", "@href": "https://www.scopus.com/inward/citedby.uri?partnerID=HzOxMe3b&scp=84993724924&origin=inward"}],"prism:url":"https://api.elsevier.com/content/abstract/scopus_id/84993724924","dc:identifier":"SCOPUS_ID:84993724924","eid":"2-s2.0-84993724924","dc:title":"‘Waking Up The Sleeping Giant’: Change Management, Policy Transfer and the Search for Collaboration","dc:creator":"Johnston L.","prism:publicationName":"Public Policy and Administration","prism:issn":"09520767","prism:volume":"20","prism:issueIdentifier":"3","prism:pageRange":"69-89","prism:coverDate":"2005-01-01","prism:coverDisplayDate":"July 2005","prism:doi":"10.1177/095207670502000307","dc:description":"This article is situated within the context of the rapidpace ofpublic-sector reform since the 1970s with a focus upon the development of collaborative synergies. Such change, initially stimulated by American management gurus, set forth an ideology to create ‘lean and athletic’ organisations for the modem world - Kanter (1989) referred to these transformations as ‘When Giants Learn to Dance’. Such management principles have since become embedded in the way that we think aboutpublic-sector management, and are embodied in New Labours modernisation and new localism approaches to local government restructuring and the subsequent search for collaborative advantage. Within this context, and using a case study based upon Newcastle City Council between 1997-2005, this article analyses the adoption of a package of measures and associated policy responses, referred to collectively as ‘Waking up the Sleeping Giant’ which emerged as a reaction to the historical governance trends of clientelism, paternalism and fragmentation, which had plagued the development of intra and inter organisational partnerships. This emphasis sought to turn the council into an ‘excellent’ performing local authority, and to create an organisation that learns, continually adapts and develops more permeable internal and external boundaries. It is argued that the adoption of radical overarching management strategies can have an unsettling effect on organisational arenas with implications for the success of current modernisation policy and the successful development of collaboration and partnership working. © 2005, Sage Publications. All rights reserved.","citedby-count":"8","affiliation": [{"@_fa": "true", "affiliation-url":"https://api.elsevier.com/content/affiliation/affiliation_id/60003771","afid":"60003771","affilname":"University of Manchester","affiliation-city":"Manchester","affiliation-country":"United Kingdom"}],"prism:aggregationType":"Journal","subtype":"ar","subtypeDescription":"Article","author-count":{"@limit": "100", "@total": "1", "$" :"1"},"author": [{"@_fa": "true", "@seq": "1", "author-url":"https://api.elsevier.com/content/author/author_id/36785661100","authid":"36785661100","authname":"Johnston L.","surname":"Johnston","given-name":"Lorraine","initials":"L.","afid": [{"@_fa": "true", "$" :"60003771"}]}],"source-id":"5600157642","fund-no":"undefined","openaccess":"0","openaccessFlag":false}]}}