{"search-results":{"opensearch:totalResults":"20","opensearch:startIndex":"0","opensearch:itemsPerPage":"20","opensearch:Query":{"@role": "request", "@searchTerms": "TITLE-ABS-KEY(\"clientelism\") AND SUBJAREA(SOCI) AND PUBYEAR = 2006", "@startPage": "0"},"link": [{"@_fa": "true", "@ref": "self", "@href": "https://api.elsevier.com/content/search/scopus?start=0&count=25&query=TITLE-ABS-KEY%28%22clientelism%22%29+AND+SUBJAREA%28SOCI%29+AND+PUBYEAR+%3D+2006&apiKey=27d953b4b546791964ebeb768d13e61f&view=COMPLETE", "@type": "application/json"},{"@_fa": "true", "@ref": "first", "@href": "https://api.elsevier.com/content/search/scopus?start=0&count=25&query=TITLE-ABS-KEY%28%22clientelism%22%29+AND+SUBJAREA%28SOCI%29+AND+PUBYEAR+%3D+2006&apiKey=27d953b4b546791964ebeb768d13e61f&view=COMPLETE", "@type": "application/json"}],"entry": [{"@_fa": "true", "link": [{"@_fa": "true", "@ref": "self", "@href": "https://api.elsevier.com/content/abstract/scopus_id/33845746262"},{"@_fa": "true", "@ref": "author-affiliation", "@href": "https://api.elsevier.com/content/abstract/scopus_id/33845746262?field=author,affiliation"},{"@_fa": "true", "@ref": "scopus", "@href": "https://www.scopus.com/inward/record.uri?partnerID=HzOxMe3b&scp=33845746262&origin=inward"},{"@_fa": "true", "@ref": "scopus-citedby", "@href": "https://www.scopus.com/inward/citedby.uri?partnerID=HzOxMe3b&scp=33845746262&origin=inward"}],"prism:url":"https://api.elsevier.com/content/abstract/scopus_id/33845746262","dc:identifier":"SCOPUS_ID:33845746262","eid":"2-s2.0-33845746262","dc:title":"Trouble en route: Drug trafficking and clientelism in Rio de Janeiro shantytowns","dc:creator":"Arias E.","prism:publicationName":"Qualitative Sociology","prism:issn":"01620436","prism:eIssn":"15737837","prism:volume":"29","prism:issueIdentifier":"4","prism:pageRange":"427-445","prism:coverDate":"2006-12-01","prism:coverDisplayDate":"December 2006","prism:doi":"10.1007/s11133-006-9033-x","dc:description":"This article examines the ways that endemic drug trafficking has affected local level politics in Rio de Janeiro, Brazil. Drawing on ethnographic analysis of political exchanges in the 1998 national elections in three favelas (shantytowns), I argue that drug trafficking has changed the practice of clientelism. Evidence and analysis in this paper will show that the persistence of drug trafficking in the city has led to the emergence of a two-tiered clientelist system in which politicians make exchanges with traffickers who then, in turn, provide some benefits to favela residents in return for their votes. This results in an arrangement that provides votes to politicians and limited assistance to the poor but does little to build the legitimacy of the political system. © 2006 Springer Science+Business Media, Inc.","citedby-count":"23","affiliation": [{"@_fa": "true", "affiliation-url":"https://api.elsevier.com/content/affiliation/affiliation_id/60014511","afid":"60014511","affilname":"John Jay College of Criminal Justice","affiliation-city":"New York","affiliation-country":"United States"}],"prism:aggregationType":"Journal","subtype":"re","subtypeDescription":"Review","author-count":{"@limit": "100", "@total": "1", "$" :"1"},"author": [{"@_fa": "true", "@seq": "1", "author-url":"https://api.elsevier.com/content/author/author_id/7006334625","authid":"7006334625","authname":"Arias E.","surname":"Arias","given-name":"Enrique Desmond","initials":"E.D.","afid": [{"@_fa": "true", "$" :"60014511"}]}],"authkeywords":"Clientelism | Crime | Drug trafficking | Gangs | Latin America | Politics | Urban politics | Violence","source-id":"16842","fund-no":"undefined","fund-sponsor":"University of Wisconsin-Madison","openaccess":"0","openaccessFlag":false},{"@_fa": "true", "link": [{"@_fa": "true", "@ref": "self", "@href": "https://api.elsevier.com/content/abstract/scopus_id/33846112662"},{"@_fa": "true", "@ref": "author-affiliation", "@href": "https://api.elsevier.com/content/abstract/scopus_id/33846112662?field=author,affiliation"},{"@_fa": "true", "@ref": "scopus", "@href": "https://www.scopus.com/inward/record.uri?partnerID=HzOxMe3b&scp=33846112662&origin=inward"},{"@_fa": "true", "@ref": "scopus-citedby", "@href": "https://www.scopus.com/inward/citedby.uri?partnerID=HzOxMe3b&scp=33846112662&origin=inward"}],"prism:url":"https://api.elsevier.com/content/abstract/scopus_id/33846112662","dc:identifier":"SCOPUS_ID:33846112662","eid":"2-s2.0-33846112662","dc:title":"Differing dynamics of semipresidentialism across Euro/Eurasian borders: Ukraine, Lithuania, Poland, Moldova, and Armenia","dc:creator":"Matsuzato K.","prism:publicationName":"Demokratizatsiya","prism:issn":"10746846","prism:volume":"14","prism:issueIdentifier":"3","prism:pageRange":"317-345","prism:coverDate":"2006-12-01","prism:coverDisplayDate":"2006","prism:doi":"10.3200/DEMO.14.3.317-346","dc:description":"The postcommunist countries that chose semipresidential regimes can be divided into three territorial units. First, the Commonwealth of Independent States countries chose semipresidentialism as a natural evolution of Communist executive diarchy and an instrument to run clientelist politics. New European Union countries (Poland and Lithuania) largely lacked these conditions but found other reasons for semipresidentialism: as a counterbalance against populist tendencies in postcommunist politics and as a mechanism to \"cultivate\" newcomers in politics. It is in the border regions between Eurasia and Europe (in this article Armenia and Moldova) where semipresidential regimes cannot consolidate and continue to experience constant constitutional instability. The Orange Revolution in Ukraine resulted in constitutional amendments that violated constitutional procedural requirements and thus provided another example that the apparent \"enlargement of Europe\" tends to destabilize constitutional processes. Copyright © 2006 Heldref Publications.","citedby-count":"6","affiliation": [{"@_fa": "true", "affiliation-url":"https://api.elsevier.com/content/affiliation/affiliation_id/60014652","afid":"60014652","affilname":"Hokkaido University","affiliation-city":"Sapporo","affiliation-country":"Japan"}],"prism:aggregationType":"Journal","subtype":"ar","subtypeDescription":"Article","author-count":{"@limit": "100", "@total": "1", "$" :"1"},"author": [{"@_fa": "true", "@seq": "1", "author-url":"https://api.elsevier.com/content/author/author_id/6602794791","authid":"6602794791","authname":"Matsuzato K.","surname":"Matsuzato","given-name":"Kimitaka","initials":"K.","afid": [{"@_fa": "true", "$" :"60014652"}]}],"authkeywords":"Clientelism | EU expansion | Institutional choice | Orange Revolution | Postcommunist transition | Semipresidentialism","source-id":"15561","fund-no":"undefined","openaccess":"0","openaccessFlag":false},{"@_fa": "true", "link": [{"@_fa": "true", "@ref": "self", "@href": "https://api.elsevier.com/content/abstract/scopus_id/43249156382"},{"@_fa": "true", "@ref": "author-affiliation", "@href": "https://api.elsevier.com/content/abstract/scopus_id/43249156382?field=author,affiliation"},{"@_fa": "true", "@ref": "scopus", "@href": "https://www.scopus.com/inward/record.uri?partnerID=HzOxMe3b&scp=43249156382&origin=inward"},{"@_fa": "true", "@ref": "scopus-citedby", "@href": "https://www.scopus.com/inward/citedby.uri?partnerID=HzOxMe3b&scp=43249156382&origin=inward"}],"prism:url":"https://api.elsevier.com/content/abstract/scopus_id/43249156382","dc:identifier":"SCOPUS_ID:43249156382","eid":"2-s2.0-43249156382","dc:title":"Émergence d'une culture, déclin d'une profession. Soigner et prévenir au sénégal et en côte-d'ivoire","dc:creator":"Fall A.","prism:publicationName":"Cahiers Internationaux de Sociologie","prism:issn":"00080276","prism:volume":"121","prism:issueIdentifier":"2","prism:pageRange":"239-264","prism:coverDate":"2006-12-01","prism:coverDisplayDate":"2006","prism:doi":"10.3917/cis.121.0239","dc:description":"Drawing on an anthropological approach of tuberculosis and malaria care in West African cities (in Senegal and Ivory Coast), and on an analysis of prevention modes, this paper examines the characteristics of medical work. We first examined the conditions of an anthropological field study in health care centres. The concealment of both patients' singularities and populations' specificities targeted in the prevention messages were then studied. The negotiation of diagnosis and treatment standards, and the underand overestimations of nosocomial risks were also analysed. We also focused on the gap between demands and actual needs for training, and on the relationships between health care pro- Cahiers internationaux de Sociologie, Vol. CXXI [239-264], 2006 viders and patients, which can be modified by the specificities of the disease. We noticed a decay of professionalization, a kind of regulation of relationships between health care workers and patients, and among medical staff, which expresses an emerging medical culture, which is also an organizational culture. Its main features are the delegation of tasks to non-professionals workers, a strategy of conflict management based on clientelism, and the development of routine action.","citedby-count":"1","affiliation": [{"@_fa": "true", "affiliation-url":"https://api.elsevier.com/content/affiliation/affiliation_id/60071540","afid":"60071540","affilname":"Universite Cheikh Anta Diop","affiliation-city":"Dakar","affiliation-country":"Senegal"},{"@_fa": "true", "affiliation-url":"https://api.elsevier.com/content/affiliation/affiliation_id/60002342","afid":"60002342","affilname":"Universite de Provence Aix-Marseille 1","affiliation-city":"Marseille","affiliation-country":"France"}],"prism:aggregationType":"Journal","subtype":"ar","subtypeDescription":"Article","author-count":{"@limit": "100", "@total": "2", "$" :"2"},"author": [{"@_fa": "true", "@seq": "1", "author-url":"https://api.elsevier.com/content/author/author_id/7003943968","authid":"7003943968","authname":"Fall A.","surname":"Fall","given-name":"Abdou Salam","initials":"A.S.","afid": [{"@_fa": "true", "$" :"60071540"}]},{"@_fa": "true", "@seq": "2", "author-url":"https://api.elsevier.com/content/author/author_id/35936744300","authid":"35936744300","authname":"Vidal L.","surname":"Vidal","given-name":"Laurent","initials":"L.","afid": [{"@_fa": "true", "$" :"60002342"}]}],"authkeywords":"Anthropology | Health care providers | Ivory Coast | Professionalization | Senegal","source-id":"5600152907","fund-no":"undefined","openaccess":"0","openaccessFlag":false},{"@_fa": "true", "link": [{"@_fa": "true", "@ref": "self", "@href": "https://api.elsevier.com/content/abstract/scopus_id/33751308197"},{"@_fa": "true", "@ref": "author-affiliation", "@href": "https://api.elsevier.com/content/abstract/scopus_id/33751308197?field=author,affiliation"},{"@_fa": "true", "@ref": "scopus", "@href": "https://www.scopus.com/inward/record.uri?partnerID=HzOxMe3b&scp=33751308197&origin=inward"},{"@_fa": "true", "@ref": "scopus-citedby", "@href": "https://www.scopus.com/inward/citedby.uri?partnerID=HzOxMe3b&scp=33751308197&origin=inward"}],"prism:url":"https://api.elsevier.com/content/abstract/scopus_id/33751308197","dc:identifier":"SCOPUS_ID:33751308197","eid":"2-s2.0-33751308197","dc:title":"Welfare regimes, welfare systems and housing in southern Europe","dc:creator":"Allen J.","prism:publicationName":"European Journal of Housing Policy","prism:issn":"14616718","prism:eIssn":"14733269","prism:volume":"6","prism:issueIdentifier":"3","prism:pageRange":"251-277","prism:coverDate":"2006-12-01","prism:coverDisplayDate":"December 2006","prism:doi":"10.1080/14616710600973102","pii":"Q17TU8J855812735","dc:description":"Are housing provision systems in southern Europe (Italy, Spain, Portugal and Greece) different from those in northern Europe? Answering this question requires a way of theorizing housing systems, which locates them within their broader societal contexts. After setting out some of the key empirical differences between northern and southern, the paper reanalyses Esping-Andersen's work on welfare regimes and reviews housing-specific work using these ideas as a basis for identifying differences between northern and southern European welfare and housing systems. Three key factors emerge from this analysis: the capacity of civil administration, the linkages between formal and informal segments in the labour market, and the operation of extended familial networks in welfare distribution. On this basis, the paper presents a more institutionally robust analysis of the relationships between welfare and housing provision systems in southern Europe. The conclusions address the problems of using welfare regime theory to analyse housing provision as well as some of the specific housing problems associated with socio-economic change in southern Europe.","citedby-count":"40","affiliation": [{"@_fa": "true", "affiliation-url":"https://api.elsevier.com/content/affiliation/affiliation_id/60000508","afid":"60000508","affilname":"University of Westminster","affiliation-city":"London","affiliation-country":"United Kingdom"}],"prism:aggregationType":"Journal","subtype":"ar","subtypeDescription":"Article","author-count":{"@limit": "100", "@total": "1", "$" :"1"},"author": [{"@_fa": "true", "@seq": "1", "author-url":"https://api.elsevier.com/content/author/author_id/55477913100","authid":"55477913100","authname":"Allen J.","surname":"Allen","given-name":"Judith","initials":"J.","afid": [{"@_fa": "true", "$" :"60000508"}]}],"authkeywords":"Clientelism | Extended families | Greece | Housing | Italy | Portugal | Segmented labour markets | Spain | Welfare regimes","source-id":"21100874178","fund-no":"undefined","openaccess":"0","openaccessFlag":false},{"@_fa": "true", "link": [{"@_fa": "true", "@ref": "self", "@href": "https://api.elsevier.com/content/abstract/scopus_id/67649522166"},{"@_fa": "true", "@ref": "author-affiliation", "@href": "https://api.elsevier.com/content/abstract/scopus_id/67649522166?field=author,affiliation"},{"@_fa": "true", "@ref": "scopus", "@href": "https://www.scopus.com/inward/record.uri?partnerID=HzOxMe3b&scp=67649522166&origin=inward"},{"@_fa": "true", "@ref": "scopus-citedby", "@href": "https://www.scopus.com/inward/citedby.uri?partnerID=HzOxMe3b&scp=67649522166&origin=inward"}],"prism:url":"https://api.elsevier.com/content/abstract/scopus_id/67649522166","dc:identifier":"SCOPUS_ID:67649522166","eid":"2-s2.0-67649522166","dc:title":"Macedonia political change without an economic alternative","dc:creator":"Ragaru N.","prism:publicationName":"Courrier des Pays de l'Est","prism:issn":"05900239","prism:volume":"1056","prism:issueIdentifier":"4","prism:pageRange":"232-249","prism:coverDate":"2006-12-01","prism:coverDisplayDate":"2006","dc:description":"The July 5,2006 legislative elections resulted in political change, with the Internal Macedonian Revolutionary Organization - Democratic Party for Macedonian National Unity succeeding the coalition formed by the Social Democratic Alliance of Macedonia and the Albanian Democratic Union for Integration. The failure of the latter is due primarily to mediocre economic results and clientelism, but also to the difficulties in carrying out decentralization. The Albanian member of the coalition better weathered the storm. In economic terms the 2005 GDP showed its strongest growth since 2001 (3.5 %), with a recovery in most sectors of the economy. However, the balance of payments deficit remains alarming and the economy has suffered under the effects of an inflexible austerity policy, a condition for the three-year stand-by credit of 75.8 million dollars granted by the IMF on August 31,2005. IMF pressure could, in particular, affect salaries which registered a 4.2 % rise in 2005. The resulting domestic demand brought a breath of fresh air into the labor market and unemployment, while remaining high, declined 7.9 %. © La Documentation française.","citedby-count":"0","prism:aggregationType":"Journal","subtype":"ar","subtypeDescription":"Article","author-count":{"@limit": "100", "@total": "2", "$" :"2"},"author": [{"@_fa": "true", "@seq": "1", "author-url":"https://api.elsevier.com/content/author/author_id/26656886000","authid":"26656886000","authname":"Ragaru N.","surname":"Ragaru","given-name":"Nadége","initials":"N."},{"@_fa": "true", "@seq": "2", "author-url":"https://api.elsevier.com/content/author/author_id/26656964300","authid":"26656964300","authname":"Slim A.","surname":"Slim","given-name":"Assen","initials":"A."}],"source-id":"18698","fund-no":"undefined","openaccess":"0","openaccessFlag":false},{"@_fa": "true", "link": [{"@_fa": "true", "@ref": "self", "@href": "https://api.elsevier.com/content/abstract/scopus_id/34347395231"},{"@_fa": "true", "@ref": "author-affiliation", "@href": "https://api.elsevier.com/content/abstract/scopus_id/34347395231?field=author,affiliation"},{"@_fa": "true", "@ref": "scopus", "@href": "https://www.scopus.com/inward/record.uri?partnerID=HzOxMe3b&scp=34347395231&origin=inward"},{"@_fa": "true", "@ref": "scopus-citedby", "@href": "https://www.scopus.com/inward/citedby.uri?partnerID=HzOxMe3b&scp=34347395231&origin=inward"}],"prism:url":"https://api.elsevier.com/content/abstract/scopus_id/34347395231","dc:identifier":"SCOPUS_ID:34347395231","eid":"2-s2.0-34347395231","dc:title":"Bureaucracy and pro-poor change","dc:creator":"Cheema A.","prism:publicationName":"PIDE Working Papers","prism:issn":"00788228","prism:issueIdentifier":"3","prism:pageRange":"1-26","prism:coverDate":"2006-12-01","prism:coverDisplayDate":"2006","dc:description":"Based on the premise that a functioning state is a pre-requisite for pro-poor change, it is imperative that we analyse the role of the bureaucracy as a key catalyst in this process. The degree to which the tension between the bureaucratic form of administration and populist politics can be resolved is an important indicator of state success or failure. There is a consensus on the growing disconnect between policy formulation and execution in Pakistan for the last three decades. While parts of this failure can be attributed to political ineptitude - both civil and military, bureaucratic malfeasance, corruption, and incompetence have also been critical in widening this gap. This paper takes a political-economy perspective in analysing the nature and causes of the decline of bureaucratic conduct in Pakistan. It employs a simple political economy model to do this. The model is based on the interlocked relationship between the politicians, the bureaucrats, and the public in terms of service delivery and rent-seeking. The paper then traces developments in the bureaucracy from the post-independence period up until the recent reforms under the Musharraf regime. It appears that over-powering bureaucracy with no accountability, as it existed in the pre-1970 period - is not compatible with the present level of political mobilisation prevalent in the country. This makes it necessary to have an efficient rules-based bureaucracy, which is accountable to a sovereign parliament and an impartial judiciary. It is also important to create a well-knit structure for the bureaucracy so as to protect it from political clientelism that it has been faced with since the 1973 bureaucratic reforms.","citedby-count":"2","affiliation": [{"@_fa": "true", "affiliation-url":"https://api.elsevier.com/content/affiliation/affiliation_id/60042311","afid":"60042311","affilname":"Lahore University of Management Sciences","affiliation-city":"Lahore","affiliation-country":"Pakistan"},{"@_fa": "true", "affiliation-url":"https://api.elsevier.com/content/affiliation/affiliation_id/100508893","afid":"100508893","affilname":"Collective for Social Science Research","affiliation-city":"Karachi","affiliation-country":"Pakistan"}],"prism:aggregationType":"Journal","subtype":"ar","subtypeDescription":"Article","author-count":{"@limit": "100", "@total": "2", "$" :"2"},"author": [{"@_fa": "true", "@seq": "1", "author-url":"https://api.elsevier.com/content/author/author_id/57203775285","authid":"57203775285","authname":"Cheema A.","surname":"Cheema","given-name":"Ali","initials":"A.","afid": [{"@_fa": "true", "$" :"60042311"}]},{"@_fa": "true", "@seq": "2", "author-url":"https://api.elsevier.com/content/author/author_id/57126910700","authid":"57126910700","authname":"Sayeed A.","surname":"Sayeed","given-name":"Asad","initials":"A.","afid": [{"@_fa": "true", "$" :"100508893"}]}],"authkeywords":"Administrative processes in public organisations | Analysis of collective decision-making | Bureaucracy | Corruption | Economic welfare | Microeconomics","source-id":"6500153249","fund-no":"undefined","openaccess":"0","openaccessFlag":false},{"@_fa": "true", "link": [{"@_fa": "true", "@ref": "self", "@href": "https://api.elsevier.com/content/abstract/scopus_id/33751178774"},{"@_fa": "true", "@ref": "author-affiliation", "@href": "https://api.elsevier.com/content/abstract/scopus_id/33751178774?field=author,affiliation"},{"@_fa": "true", "@ref": "scopus", "@href": "https://www.scopus.com/inward/record.uri?partnerID=HzOxMe3b&scp=33751178774&origin=inward"},{"@_fa": "true", "@ref": "scopus-citedby", "@href": "https://www.scopus.com/inward/citedby.uri?partnerID=HzOxMe3b&scp=33751178774&origin=inward"}],"prism:url":"https://api.elsevier.com/content/abstract/scopus_id/33751178774","dc:identifier":"SCOPUS_ID:33751178774","eid":"2-s2.0-33751178774","dc:title":"Consociationalism, corruption and chocolate: Belgian exceptionalism","dc:creator":"Peters B.","prism:publicationName":"West European Politics","prism:issn":"01402382","prism:eIssn":"17439655","prism:volume":"29","prism:issueIdentifier":"5","prism:pageRange":"1079-1092","prism:coverDate":"2006-11-01","prism:coverDisplayDate":"November 2006","prism:doi":"10.1080/01402380600969008","pii":"V2517U205051K565","dc:description":"Governing Belgium is a more complex challenge than governing most other industrialised democracies. The linguistic cleavage and its associated consociationalism, the extremely complex form of federalism, and enduring socio-economic cleavages all pose difficulties for the public sector. Many of the exceptional features of Belgian politics, notably the strength of political parties and perhaps greater clientelism and corruption than found in many other European systems can be seen, however, as means of coping with these complexities and enabling the system to govern.","citedby-count":"21","prism:aggregationType":"Journal","subtype":"ar","subtypeDescription":"Article","author-count":{"@limit": "100", "@total": "1", "$" :"1"},"author": [{"@_fa": "true", "@seq": "1", "author-url":"https://api.elsevier.com/content/author/author_id/7201781634","authid":"7201781634","authname":"Peters B.","surname":"Peters","given-name":"B. Guy","initials":"B.G."}],"source-id":"25691","fund-no":"undefined","openaccess":"0","openaccessFlag":false},{"@_fa": "true", "link": [{"@_fa": "true", "@ref": "self", "@href": "https://api.elsevier.com/content/abstract/scopus_id/33750377123"},{"@_fa": "true", "@ref": "author-affiliation", "@href": "https://api.elsevier.com/content/abstract/scopus_id/33750377123?field=author,affiliation"},{"@_fa": "true", "@ref": "scopus", "@href": "https://www.scopus.com/inward/record.uri?partnerID=HzOxMe3b&scp=33750377123&origin=inward"},{"@_fa": "true", "@ref": "scopus-citedby", "@href": "https://www.scopus.com/inward/citedby.uri?partnerID=HzOxMe3b&scp=33750377123&origin=inward"}],"prism:url":"https://api.elsevier.com/content/abstract/scopus_id/33750377123","dc:identifier":"SCOPUS_ID:33750377123","eid":"2-s2.0-33750377123","dc:title":"From Fome Zero to Bolsa Família: Social policies and poverty alleviation under Lula","dc:creator":"Hall A.","prism:publicationName":"Journal of Latin American Studies","prism:issn":"0022216X","prism:eIssn":"1469767X","prism:volume":"38","prism:issueIdentifier":"4","prism:pageRange":"689-709","prism:coverDate":"2006-11-01","prism:coverDisplayDate":"November 2006","prism:doi":"10.1017/S0022216X0600157X","pii":"S0022216X0600157X","dc:description":"Under the administrations of Fernando Henrique Cardoso (1995-2002) and especially President Lula (2003-), conditional cash transfer (CCT) programmes have become adopted as mainstream social policy in Brazil. This follows a marked trend since the 1990s in Latin America towards the setting up of targeted safety nets to alleviate poverty. Lula consolidated and expanded CCTs, firstly under Fome Zero and later Bolsa Família, now the largest such scheme in the world. Its four sub-programmes (educational stipends to boost school attendance, maternal nutrition, food supplements and a domestic gas subsidy) benefit some 30 million of Brazil's poorest people, with a target of 44 million by 2006. Since 2003, spending on Bolsa Família has risen significantly to consume over one-third of the social assistance budget for the poorest sectors and it remained a flagship policy in the run-up to the presidential elections of October 2006. Although coverage of Bolsa Família is impressive, however, systematic evaluation of its social and economic impacts is still lacking. Evidence from other CCT programmes in Latin America suggests that positive results may be achieved in terms of meeting some immediate needs of the poor. However, there have been many implementation problems. These include poor beneficiary targeting, lack of inter-ministerial coordination, inadequate monitoring, clientelism, weak accountability and alleged political bias. Given the heightened profile of cash transfers in Brazil's social policy agenda, key questions need to be asked. These concern, firstly, the extent to which Bolsa Família does indeed contribute to poverty alleviation; and secondly, whether it creates greater dependence of the poor on government hand-outs and political patronage at the expense of long-term social investment for development. © 2006 Cambridge University Press.","citedby-count":"126","affiliation": [{"@_fa": "true", "affiliation-url":"https://api.elsevier.com/content/affiliation/affiliation_id/60003059","afid":"60003059","affilname":"London School of Economics and Political Science","affiliation-city":"London","affiliation-country":"United Kingdom"}],"prism:aggregationType":"Journal","subtype":"ar","subtypeDescription":"Article","author-count":{"@limit": "100", "@total": "1", "$" :"1"},"author": [{"@_fa": "true", "@seq": "1", "author-url":"https://api.elsevier.com/content/author/author_id/7403288847","authid":"7403288847","authname":"Hall A.","surname":"Hall","given-name":"Anthony","initials":"A.","afid": [{"@_fa": "true", "$" :"60003059"}]}],"source-id":"26288","fund-no":"undefined","openaccess":"0","openaccessFlag":false},{"@_fa": "true", "link": [{"@_fa": "true", "@ref": "self", "@href": "https://api.elsevier.com/content/abstract/scopus_id/34547494224"},{"@_fa": "true", "@ref": "author-affiliation", "@href": "https://api.elsevier.com/content/abstract/scopus_id/34547494224?field=author,affiliation"},{"@_fa": "true", "@ref": "scopus", "@href": "https://www.scopus.com/inward/record.uri?partnerID=HzOxMe3b&scp=34547494224&origin=inward"},{"@_fa": "true", "@ref": "scopus-citedby", "@href": "https://www.scopus.com/inward/citedby.uri?partnerID=HzOxMe3b&scp=34547494224&origin=inward"}],"prism:url":"https://api.elsevier.com/content/abstract/scopus_id/34547494224","dc:identifier":"SCOPUS_ID:34547494224","eid":"2-s2.0-34547494224","dc:title":"The downside of decentralization: Armed clientelism in Colombia","dc:creator":"Eaton K.","prism:publicationName":"Security Studies","prism:issn":"09636412","prism:eIssn":"15561852","prism:volume":"15","prism:issueIdentifier":"4","prism:pageRange":"533-562","prism:coverDate":"2006-10-01","prism:coverDisplayDate":"October 2006","prism:doi":"10.1080/09636410601188463","pii":"770889915","dc:description":"In recent years, decentralization and regional autonomy measures have figured prominently in negotiations designed to end some of the world's most important conflicts, including in Afghanistan, Iraq, and Sudan. Reforms that shift powers to subnational units deserve the attention of those who are trying to promote security via institutional design, but the risks associated with these territorial reforms are considerable. When political and economic resources are transferred to subnational governments in the attempt to create meaningful access to the political system for former combatants, the great risk is that these same resources can be used to finance a continuation of the armed struggle instead. In response to the popularity of territorial reforms in many post-conflict settings, this paper sounds a cautionary note by evaluating the negative impact of decentralization on security in Colombia, site of Latin America's longest and deadliest armed conflict. After analyzing the design decisions of reformers who hoped that decentralization would help end the conflict, I argue that decentralization in fact financed the expansion of armed clientelism by illegal groups on both the left and right. Thanks to the weakness of the police in much of the national territory, guerrillas and paramilitaries have been able to use decentralized resources to destabilize the state, limiting even further its monopoly over the use of force and creating what are in effect parallel states on the left and right.","citedby-count":"38","prism:aggregationType":"Journal","subtype":"ar","subtypeDescription":"Article","author-count":{"@limit": "100", "@total": "1", "$" :"1"},"author": [{"@_fa": "true", "@seq": "1", "author-url":"https://api.elsevier.com/content/author/author_id/7103255833","authid":"7103255833","authname":"Eaton K.","surname":"Eaton","given-name":"Kent","initials":"K."}],"source-id":"28011","fund-no":"undefined","openaccess":"0","openaccessFlag":false},{"@_fa": "true", "link": [{"@_fa": "true", "@ref": "self", "@href": "https://api.elsevier.com/content/abstract/scopus_id/33748453392"},{"@_fa": "true", "@ref": "author-affiliation", "@href": "https://api.elsevier.com/content/abstract/scopus_id/33748453392?field=author,affiliation"},{"@_fa": "true", "@ref": "scopus", "@href": "https://www.scopus.com/inward/record.uri?partnerID=HzOxMe3b&scp=33748453392&origin=inward"},{"@_fa": "true", "@ref": "scopus-citedby", "@href": "https://www.scopus.com/inward/citedby.uri?partnerID=HzOxMe3b&scp=33748453392&origin=inward"},{"@_fa": "true", "@ref": "full-text", "@href": "https://api.elsevier.com/content/article/eid/1-s2.0-S0305750X06001124"}],"prism:url":"https://api.elsevier.com/content/abstract/scopus_id/33748453392","dc:identifier":"SCOPUS_ID:33748453392","eid":"2-s2.0-33748453392","dc:title":"A Comparative Welfare Regime Approach to Global Social Policy","dc:creator":"Wood G.","prism:publicationName":"World Development","prism:issn":"0305750X","prism:volume":"34","prism:issueIdentifier":"10","prism:pageRange":"1696-1712","prism:coverDate":"2006-10-01","prism:coverDisplayDate":"October 2006","prism:doi":"10.1016/j.worlddev.2006.02.001","pii":"S0305750X06001124","dc:description":"Beginning from the framework of welfare state regimes in rich capitalist countries, this article radically redefines it and applies the new model to regions and countries which experience problematic states as well as imperfect markets. A broader, comparative typology of regimes (welfare state, informal security, insecurity) is proposed, which captures the essential relationships between social and cultural conditions, institutional performance, welfare outcomes, and path dependence. Using this model, different regions of the world (East Asia, South Asia, Latin America, and sub-Saharan Africa) are compared. For many poorer, partially capitalized societies, people's security relies informally upon various clientelist relationships. Formalizing rights to security via strategies for de-clientelization becomes a stepping stone to protecting people against the insecurity of markets. © 2006 Elsevier Ltd. All rights reserved.","citedby-count":"138","affiliation": [{"@_fa": "true", "affiliation-url":"https://api.elsevier.com/content/affiliation/affiliation_id/60030480","afid":"60030480","affilname":"University of Bath","affiliation-city":"Bath","affiliation-country":"United Kingdom"}],"prism:aggregationType":"Journal","subtype":"ar","subtypeDescription":"Article","author-count":{"@limit": "100", "@total": "2", "$" :"2"},"author": [{"@_fa": "true", "@seq": "1", "author-url":"https://api.elsevier.com/content/author/author_id/7401950992","authid":"7401950992","authname":"Wood G.","surname":"Wood","given-name":"Geof","initials":"G.","afid": [{"@_fa": "true", "$" :"60030480"}]},{"@_fa": "true", "@seq": "2", "author-url":"https://api.elsevier.com/content/author/author_id/7005676570","authid":"7005676570","authname":"Gough I.","surname":"Gough","given-name":"Ian","initials":"I.","afid": [{"@_fa": "true", "$" :"60030480"}]}],"authkeywords":"Africa | Asia | insecurity | Latin America | social policy | welfare regimes","source-id":"30060","fund-no":"undefined","openaccess":"0","openaccessFlag":false},{"@_fa": "true", "link": [{"@_fa": "true", "@ref": "self", "@href": "https://api.elsevier.com/content/abstract/scopus_id/33750366565"},{"@_fa": "true", "@ref": "author-affiliation", "@href": "https://api.elsevier.com/content/abstract/scopus_id/33750366565?field=author,affiliation"},{"@_fa": "true", "@ref": "scopus", "@href": "https://www.scopus.com/inward/record.uri?partnerID=HzOxMe3b&scp=33750366565&origin=inward"},{"@_fa": "true", "@ref": "scopus-citedby", "@href": "https://www.scopus.com/inward/citedby.uri?partnerID=HzOxMe3b&scp=33750366565&origin=inward"}],"prism:url":"https://api.elsevier.com/content/abstract/scopus_id/33750366565","dc:identifier":"SCOPUS_ID:33750366565","eid":"2-s2.0-33750366565","dc:title":"Nova Scotia politics: Clientelism and John Savage","dc:creator":"MacLeod J.","prism:publicationName":"Canadian Journal of Political Science","prism:issn":"00084239","prism:eIssn":"17449324","prism:volume":"39","prism:issueIdentifier":"3","prism:pageRange":"553-570","prism:coverDate":"2006-09-01","prism:coverDisplayDate":"September 2006","prism:doi":"10.1017/S0008423906060276","pii":"S0008423906060276","dc:description":"This paper is a test of clientelism as an explanatory framework for the challenges faced by the Nova Scotia Liberal government led by Dr. John Savage, 1993-1997. Clientelism, as an explanatory theoretical framework, is a useful tool for interpreting the political events that drove Premier Savage from office only four years after leading his party to a significant majority in the Nova Scotia legislature. The hypothesis presented is that Nova Scotia's political culture supports an environment in which clientelism flourishes. Since the clientelistic dyadic relationship and networks are deeply rooted in the cultural mores of Nova Scotia, they cannot be easily challenged and dismantled by any single political actor or government. Therefore, the Savage government's attempt to capsize this long-established cultural practice is advanced as the prime reason for its failure to endure as a viable administration. © 2006 Canadian Political Science Association (l'Association canadienne de science politique) and/et la Société québécoise de science politique.","citedby-count":"5","affiliation": [{"@_fa": "true", "affiliation-url":"https://api.elsevier.com/content/affiliation/affiliation_id/60004791","afid":"60004791","affilname":"Mount Saint Vincent University","affiliation-city":"Halifax","affiliation-country":"Canada"}],"prism:aggregationType":"Journal","subtype":"re","subtypeDescription":"Review","author-count":{"@limit": "100", "@total": "1", "$" :"1"},"author": [{"@_fa": "true", "@seq": "1", "author-url":"https://api.elsevier.com/content/author/author_id/35924597000","authid":"35924597000","authname":"MacLeod J.","surname":"MacLeod","given-name":"Jeffrey","initials":"J.","afid": [{"@_fa": "true", "$" :"60004791"},{"@_fa": "true", "$" :"60004791"}]}],"source-id":"16772","fund-no":"undefined","openaccess":"0","openaccessFlag":false},{"@_fa": "true", "link": [{"@_fa": "true", "@ref": "self", "@href": "https://api.elsevier.com/content/abstract/scopus_id/33749839998"},{"@_fa": "true", "@ref": "author-affiliation", "@href": "https://api.elsevier.com/content/abstract/scopus_id/33749839998?field=author,affiliation"},{"@_fa": "true", "@ref": "scopus", "@href": "https://www.scopus.com/inward/record.uri?partnerID=HzOxMe3b&scp=33749839998&origin=inward"},{"@_fa": "true", "@ref": "scopus-citedby", "@href": "https://www.scopus.com/inward/citedby.uri?partnerID=HzOxMe3b&scp=33749839998&origin=inward"}],"prism:url":"https://api.elsevier.com/content/abstract/scopus_id/33749839998","dc:identifier":"SCOPUS_ID:33749839998","eid":"2-s2.0-33749839998","dc:title":"The political economy of Indonesian economic reforms: 1983-2000","dc:creator":"Resosudarmo B.","prism:publicationName":"Oxford Development Studies","prism:issn":"13600818","prism:eIssn":"14699966","prism:volume":"34","prism:issueIdentifier":"3","prism:pageRange":"341-355","prism:coverDate":"2006-09-01","prism:coverDisplayDate":"September 2006","prism:doi":"10.1080/13600810600921893","pii":"X3413PV422174T1L","dc:description":"This paper investigates the political economy behind the three economic reforms in Indonesia, in 1983-91, 1994-97 and the reform under the IMF umbrella immediately after the 1997-98 economic crisis. The prevailing belief is that the Indonesian political economy scenario during those periods closely matched that of Weberian patrimonialism, in which the patron-client system was managed personally by Soeharto. Our findings indicate that, whereas economic reform was possible within the patron-client system in the initial stages of economic reform, this was not the case in later stages.","citedby-count":"12","prism:aggregationType":"Journal","subtype":"ar","subtypeDescription":"Article","author-count":{"@limit": "100", "@total": "2", "$" :"2"},"author": [{"@_fa": "true", "@seq": "1", "author-url":"https://api.elsevier.com/content/author/author_id/6602240574","authid":"6602240574","authname":"Resosudarmo B.","surname":"Resosudarmo","given-name":"Budy P.","initials":"B.P."},{"@_fa": "true", "@seq": "2", "author-url":"https://api.elsevier.com/content/author/author_id/6508216715","authid":"6508216715","authname":"Kuncoro A.","surname":"Kuncoro","given-name":"Ari","initials":"A."}],"source-id":"15349","fund-no":"undefined","fund-sponsor":"Australian National University","openaccess":"0","openaccessFlag":false},{"@_fa": "true", "link": [{"@_fa": "true", "@ref": "self", "@href": "https://api.elsevier.com/content/abstract/scopus_id/33746825404"},{"@_fa": "true", "@ref": "author-affiliation", "@href": "https://api.elsevier.com/content/abstract/scopus_id/33746825404?field=author,affiliation"},{"@_fa": "true", "@ref": "scopus", "@href": "https://www.scopus.com/inward/record.uri?partnerID=HzOxMe3b&scp=33746825404&origin=inward"},{"@_fa": "true", "@ref": "scopus-citedby", "@href": "https://www.scopus.com/inward/citedby.uri?partnerID=HzOxMe3b&scp=33746825404&origin=inward"}],"prism:url":"https://api.elsevier.com/content/abstract/scopus_id/33746825404","dc:identifier":"SCOPUS_ID:33746825404","eid":"2-s2.0-33746825404","dc:title":"Calculated risks: Why civic leaders (re)turn to politics","dc:creator":"Choup A.","prism:publicationName":"International Political Science Review","prism:issn":"01925121","prism:eIssn":"1460373X","prism:volume":"27","prism:issueIdentifier":"3","prism:pageRange":"285-300","prism:coverDate":"2006-07-01","prism:coverDisplayDate":"July 2006","prism:doi":"10.1177/0192512106064461","dc:description":"Existing conceptualizations of civil society often emphasize its distinction from political institutions and individuals. This article argues for a systematic review of the relationships between civic and political leaders in Latin America, since many civic leaders turn (or return) to political activities in order to carry out local work better. There exist a variety of nuanced relationships between the civil and the political realms. Examples from civil-political relationships in the Dominican Republic in 1999 illustrate this variety of alliances between civic leaders and political parties and demonstrate that they are not necessarily harmful to the democratic order. © 2006 International Political Science Association SAGE Publications.","citedby-count":"3","affiliation": [{"@_fa": "true", "affiliation-url":"https://api.elsevier.com/content/affiliation/affiliation_id/60001280","afid":"60001280","affilname":"Mills College","affiliation-city":"Oakland","affiliation-country":"United States"}],"prism:aggregationType":"Journal","subtype":"ar","subtypeDescription":"Article","author-count":{"@limit": "100", "@total": "1", "$" :"1"},"author": [{"@_fa": "true", "@seq": "1", "author-url":"https://api.elsevier.com/content/author/author_id/6507037781","authid":"6507037781","authname":"Choup A.","surname":"Choup","given-name":"Anne Marie","initials":"A.M.","afid": [{"@_fa": "true", "$" :"60001280"},{"@_fa": "true", "$" :"60001280"}]}],"authkeywords":"Civic leadership | Civil society | Clientelism | Corporatism | Democratization","source-id":"25833","fund-no":"undefined","openaccess":"0","openaccessFlag":false},{"@_fa": "true", "link": [{"@_fa": "true", "@ref": "self", "@href": "https://api.elsevier.com/content/abstract/scopus_id/33746099231"},{"@_fa": "true", "@ref": "author-affiliation", "@href": "https://api.elsevier.com/content/abstract/scopus_id/33746099231?field=author,affiliation"},{"@_fa": "true", "@ref": "scopus", "@href": "https://www.scopus.com/inward/record.uri?partnerID=HzOxMe3b&scp=33746099231&origin=inward"},{"@_fa": "true", "@ref": "scopus-citedby", "@href": "https://www.scopus.com/inward/citedby.uri?partnerID=HzOxMe3b&scp=33746099231&origin=inward"},{"@_fa": "true", "@ref": "full-text", "@href": "https://api.elsevier.com/content/article/eid/1-s2.0-S0304387806000137"}],"prism:url":"https://api.elsevier.com/content/abstract/scopus_id/33746099231","dc:identifier":"SCOPUS_ID:33746099231","eid":"2-s2.0-33746099231","dc:title":"Political foundations of the resource curse","dc:creator":"Robinson J.","prism:publicationName":"Journal of Development Economics","prism:issn":"03043878","prism:volume":"79","prism:issueIdentifier":"2","prism:pageRange":"447-468","prism:coverDate":"2006-04-01","prism:coverDisplayDate":"April 2006","prism:doi":"10.1016/j.jdeveco.2006.01.008","pii":"S0304387806000137","dc:description":"In this paper we argue that the political incentives that resource endowments generate are the key to understanding whether or not they are a curse. We show: (1) politicians tend to over-extract natural resources relative to the efficient extraction path because they discount the future too much, and (2) resource booms improve the efficiency of the extraction path. However, (3) resource booms, by raising the value of being in power and by providing politicians with more resources which they can use to influence the outcome of elections, increase resource misallocation in the rest of the economy. (4) The overall impact of resource booms on the economy depends critically on institutions since these determine the extent to which political incentives map into policy outcomes. Countries with institutions that promote accountability and state competence will tend to benefit from resource booms since these institutions ameliorate the perverse political incentives that such booms create. Countries without such institutions however may suffer from a resource curse. © 2006 Elsevier B.V. All rights reserved.","citedby-count":"482","affiliation": [{"@_fa": "true", "affiliation-url":"https://api.elsevier.com/content/affiliation/affiliation_id/60013141","afid":"60013141","affilname":"Norges Teknisk-Naturvitenskapelige Universitet","affiliation-city":"Trondheim","affiliation-country":"Norway"},{"@_fa": "true", "affiliation-url":"https://api.elsevier.com/content/affiliation/affiliation_id/60009982","afid":"60009982","affilname":"Harvard University","affiliation-city":"Cambridge","affiliation-country":"United States"},{"@_fa": "true", "affiliation-url":"https://api.elsevier.com/content/affiliation/affiliation_id/60000179","afid":"60000179","affilname":"École Normale Supérieure","affiliation-city":"Paris","affiliation-country":"France"}],"prism:aggregationType":"Journal","subtype":"ar","subtypeDescription":"Article","author-count":{"@limit": "100", "@total": "3", "$" :"3"},"author": [{"@_fa": "true", "@seq": "1", "author-url":"https://api.elsevier.com/content/author/author_id/57198433819","authid":"57198433819","authname":"Robinson J.","surname":"Robinson","given-name":"James A.","initials":"J.A.","afid": [{"@_fa": "true", "$" :"60009982"}]},{"@_fa": "true", "@seq": "2", "author-url":"https://api.elsevier.com/content/author/author_id/6603881325","authid":"6603881325","authname":"Torvik R.","surname":"Torvik","given-name":"Ragnar","initials":"R.","afid": [{"@_fa": "true", "$" :"60013141"}]},{"@_fa": "true", "@seq": "3", "author-url":"https://api.elsevier.com/content/author/author_id/6701522042","authid":"6701522042","authname":"Verdier T.","surname":"Verdier","given-name":"Thierry","initials":"T.","afid": [{"@_fa": "true", "$" :"60000179"}]}],"authkeywords":"Clientelism | Natural resources | Political economy","source-id":"14834","fund-no":"undefined","openaccess":"0","openaccessFlag":false},{"@_fa": "true", "link": [{"@_fa": "true", "@ref": "self", "@href": "https://api.elsevier.com/content/abstract/scopus_id/32444441336"},{"@_fa": "true", "@ref": "author-affiliation", "@href": "https://api.elsevier.com/content/abstract/scopus_id/32444441336?field=author,affiliation"},{"@_fa": "true", "@ref": "scopus", "@href": "https://www.scopus.com/inward/record.uri?partnerID=HzOxMe3b&scp=32444441336&origin=inward"},{"@_fa": "true", "@ref": "scopus-citedby", "@href": "https://www.scopus.com/inward/citedby.uri?partnerID=HzOxMe3b&scp=32444441336&origin=inward"}],"prism:url":"https://api.elsevier.com/content/abstract/scopus_id/32444441336","dc:identifier":"SCOPUS_ID:32444441336","eid":"2-s2.0-32444441336","dc:title":"Dining with devils? Ethnographic enquiries into the conflict - Development nexus in Sri Lanka","dc:creator":"Korf B.","prism:publicationName":"Oxford Development Studies","prism:issn":"13600818","prism:volume":"34","prism:issueIdentifier":"1","prism:pageRange":"47-64","prism:coverDate":"2006-03-01","prism:coverDisplayDate":"March 2006","prism:doi":"10.1080/13600810500495998","pii":"G118650604394","dc:description":"This paper traces the ethnographies of conflict and development in Sri Lanka on two levels of analysis. First, it examines two related discourses in the policy arena of Sri Lanka, one looking at the peace-development nexus, the other at the paradox of welfarism and clientelism in Sri Lanka's polity. Second, it analyses the political field of relief and development practice - its order and disjuncture - as it presented itself during times of ongoing warfare. The empirical studies build on ethnographies of a bilateral German-Sri Lankan development project operating in the war-affected areas of Sri Lanka. Four trajectories of politics and practices in aid and conflict are discussed to illustrate the ambiguities and complexities of multiple perceptions, rules and discourses, which influence the work of aid agencies operating in spaces of military contestation. The analyses suggest that clientelism as a deeply embedded system of ordering and meaning production can be found in both the peaceful areas and the war zones, though in different manifestations. Aid agencies operating in the context of clientelism and ethnicism may need to engage with combatant parties - to \"dine with the devils\" as it has been named - to build space for bringing aid to needy people in war-affected areas. © 2006 International Development Centre, Oxford.","citedby-count":"14","affiliation": [{"@_fa": "true", "affiliation-url":"https://api.elsevier.com/content/affiliation/affiliation_id/60020661","afid":"60020661","affilname":"University of Liverpool","affiliation-city":"Liverpool","affiliation-country":"United Kingdom"}],"prism:aggregationType":"Journal","subtype":"ar","subtypeDescription":"Article","author-count":{"@limit": "100", "@total": "1", "$" :"1"},"author": [{"@_fa": "true", "@seq": "1", "author-url":"https://api.elsevier.com/content/author/author_id/12241751400","authid":"12241751400","authname":"Korf B.","surname":"Korf","given-name":"Benedikt","initials":"B.","afid": [{"@_fa": "true", "$" :"60020661"}]}],"source-id":"15349","fund-no":"undefined","openaccess":"0","openaccessFlag":false},{"@_fa": "true", "link": [{"@_fa": "true", "@ref": "self", "@href": "https://api.elsevier.com/content/abstract/scopus_id/46649097699"},{"@_fa": "true", "@ref": "author-affiliation", "@href": "https://api.elsevier.com/content/abstract/scopus_id/46649097699?field=author,affiliation"},{"@_fa": "true", "@ref": "scopus", "@href": "https://www.scopus.com/inward/record.uri?partnerID=HzOxMe3b&scp=46649097699&origin=inward"},{"@_fa": "true", "@ref": "scopus-citedby", "@href": "https://www.scopus.com/inward/citedby.uri?partnerID=HzOxMe3b&scp=46649097699&origin=inward"}],"prism:url":"https://api.elsevier.com/content/abstract/scopus_id/46649097699","dc:identifier":"SCOPUS_ID:46649097699","eid":"2-s2.0-46649097699","dc:title":"Clientelism and party politics","dc:creator":"Hopkin J.","prism:publicationName":"Handbook of Party Politics","prism:isbn": [{"@_fa": "true", "$" :"9781848608047"},{"@_fa": "true", "$" :"9780761943143"}],"prism:pageRange":"406-412","prism:coverDate":"2006-01-01","prism:coverDisplayDate":"1 January 2006","prism:doi":"10.4135/9781848608047.n35","citedby-count":"15","affiliation": [{"@_fa": "true", "affiliation-url":"https://api.elsevier.com/content/affiliation/affiliation_id/60003059","afid":"60003059","affilname":"London School of Economics and Political Science","affiliation-city":"London","affiliation-country":"United Kingdom"}],"prism:aggregationType":"Book","subtype":"ch","subtypeDescription":"Chapter","author-count":{"@limit": "100", "@total": "1", "$" :"1"},"author": [{"@_fa": "true", "@seq": "1", "author-url":"https://api.elsevier.com/content/author/author_id/56279003600","authid":"56279003600","authname":"Hopkin J.","surname":"Hopkin","given-name":"Jonathan","initials":"J.","afid": [{"@_fa": "true", "$" :"60003059"}]}],"source-id":"21100432531","fund-no":"undefined","openaccess":"0","openaccessFlag":false},{"@_fa": "true", "link": [{"@_fa": "true", "@ref": "self", "@href": "https://api.elsevier.com/content/abstract/scopus_id/85007144494"},{"@_fa": "true", "@ref": "author-affiliation", "@href": "https://api.elsevier.com/content/abstract/scopus_id/85007144494?field=author,affiliation"},{"@_fa": "true", "@ref": "scopus", "@href": "https://www.scopus.com/inward/record.uri?partnerID=HzOxMe3b&scp=85007144494&origin=inward"},{"@_fa": "true", "@ref": "scopus-citedby", "@href": "https://www.scopus.com/inward/citedby.uri?partnerID=HzOxMe3b&scp=85007144494&origin=inward"}],"prism:url":"https://api.elsevier.com/content/abstract/scopus_id/85007144494","dc:identifier":"SCOPUS_ID:85007144494","eid":"2-s2.0-85007144494","dc:title":"Clientelism, corruption and patronage in Greece: a public administration approach","dc:creator":"Papadoulis K.","prism:publicationName":"Teaching Public Administration","prism:issn":"1447394","prism:eIssn":"20478720","prism:volume":"26","prism:issueIdentifier":"1","prism:pageRange":"13-24","prism:coverDate":"2006-01-01","prism:coverDisplayDate":"March 2006","prism:doi":"10.1177/014473940602600102","citedby-count":"2","affiliation": [{"@_fa": "true", "affiliation-url":"https://api.elsevier.com/content/affiliation/affiliation_id/60030988","afid":"60030988","affilname":"Democritus University of Thrace","affiliation-city":"Komotini","affiliation-country":"Greece"}],"prism:aggregationType":"Journal","subtype":"ar","subtypeDescription":"Article","author-count":{"@limit": "100", "@total": "1", "$" :"1"},"author": [{"@_fa": "true", "@seq": "1", "author-url":"https://api.elsevier.com/content/author/author_id/6508316665","authid":"6508316665","authname":"Papadoulis K.","surname":"Papadoulis","given-name":"Konstantinos J.","initials":"K.J.","afid": [{"@_fa": "true", "$" :"60030988"}]}],"source-id":"21100782676","fund-no":"undefined","openaccess":"0","openaccessFlag":false},{"@_fa": "true", "link": [{"@_fa": "true", "@ref": "self", "@href": "https://api.elsevier.com/content/abstract/scopus_id/34248031166"},{"@_fa": "true", "@ref": "author-affiliation", "@href": "https://api.elsevier.com/content/abstract/scopus_id/34248031166?field=author,affiliation"},{"@_fa": "true", "@ref": "scopus", "@href": "https://www.scopus.com/inward/record.uri?partnerID=HzOxMe3b&scp=34248031166&origin=inward"},{"@_fa": "true", "@ref": "scopus-citedby", "@href": "https://www.scopus.com/inward/citedby.uri?partnerID=HzOxMe3b&scp=34248031166&origin=inward"}],"prism:url":"https://api.elsevier.com/content/abstract/scopus_id/34248031166","dc:identifier":"SCOPUS_ID:34248031166","eid":"2-s2.0-34248031166","dc:title":"To oppose or to appease? Parties out of power and the need for real politics in Japan","dc:creator":"Stockwin J.","prism:publicationName":"Japan Forum","prism:issn":"09555803","prism:eIssn":"1469932X","prism:volume":"18","prism:issueIdentifier":"1","prism:pageRange":"115-132","prism:coverDate":"2006-01-01","prism:coverDisplayDate":"March 2006","prism:doi":"10.1080/09555800500498459","dc:description":"Bernard Crick defined politics in terms of discussion and held that discussion entailed opposition. In Japanese politics opposition parties have very rarely replaced in power the dominant Liberal Democratic Party. The tendency for such parties to appease the ruling party has diluted the notion that they ought vigorously to compete for power. Japanese opposition parties have missed a succession of opportunities presented to them since the war. These include the coalition governments of the late 1940s, the Socialist confrontation with the LDP in the late 1950s over renewal of the Japan-US Security Treaty, the ‘Structural Reform’ movement of the early 1960s, the ‘Doi Takako boom’ of 1988–90, the Hosokawa and Hata coalition governments of 1993–4, the New Frontier Party of 1994–7 and the ‘postal privatization’ election of September 2005. Reform of the Lower House electoral system in the mid-1990s has opened the way towards more open and policy-based party politics, and weakened the politics of clientelism. For a while this greatly benefited the Democratic Party, but Prime Minister Koizumi used the defeat of the postal services privatization bill in August 2005 to modernize the LDP, consolidating its grip on power in the September elections. © 2006 BAJS.","citedby-count":"1","affiliation": [{"@_fa": "true", "affiliation-url":"https://api.elsevier.com/content/affiliation/affiliation_id/60026851","afid":"60026851","affilname":"University of Oxford","affiliation-city":"Oxford","affiliation-country":"United Kingdom"}],"prism:aggregationType":"Journal","subtype":"ar","subtypeDescription":"Article","author-count":{"@limit": "100", "@total": "1", "$" :"1"},"author": [{"@_fa": "true", "@seq": "1", "author-url":"https://api.elsevier.com/content/author/author_id/55536098100","authid":"55536098100","authname":"Stockwin J.","surname":"Stockwin","given-name":"J. A.A.","initials":"J.A.A.","afid": [{"@_fa": "true", "$" :"60026851"}]}],"authkeywords":"Clientelism | Crick | Koizumi | Opposition | Ozawa | Reform","source-id":"5700163717","fund-no":"undefined","openaccess":"0","openaccessFlag":false},{"@_fa": "true", "link": [{"@_fa": "true", "@ref": "self", "@href": "https://api.elsevier.com/content/abstract/scopus_id/31144459364"},{"@_fa": "true", "@ref": "author-affiliation", "@href": "https://api.elsevier.com/content/abstract/scopus_id/31144459364?field=author,affiliation"},{"@_fa": "true", "@ref": "scopus", "@href": "https://www.scopus.com/inward/record.uri?partnerID=HzOxMe3b&scp=31144459364&origin=inward"},{"@_fa": "true", "@ref": "scopus-citedby", "@href": "https://www.scopus.com/inward/citedby.uri?partnerID=HzOxMe3b&scp=31144459364&origin=inward"}],"prism:url":"https://api.elsevier.com/content/abstract/scopus_id/31144459364","dc:identifier":"SCOPUS_ID:31144459364","eid":"2-s2.0-31144459364","dc:title":"Cool masculinity: Male clients' sex consumption and business alliance in urban China's sex industry","dc:creator":"Zheng T.","prism:publicationName":"Journal of Contemporary China","prism:issn":"10670564","prism:eIssn":"14699400","prism:volume":"15","prism:issueIdentifier":"46","prism:pageRange":"161-182","prism:coverDate":"2006-01-01","prism:coverDisplayDate":"1 January 2006","prism:doi":"10.1080/10670560500331815","pii":"M6202188765251","dc:description":"Nightclubs emerged in the post-Mao era following the initiation of economic liberalization. Although the consumption of sexual services of hostesses is illegal and subject to different degrees of harassment by local police, the patrons claim that their engagement in sex consumption represents their weapon against the socialist morality and socialist state. In my own analysis, I illustrate how sex consumption is a criterion to evaluate one another's deference, reliability, self-control, and sexual potency. Sex consumption becomes a business ritual for conducting the pre-selection of, and bonding with, potential partners to reach mutual trust in their social alliance in the current Chinese state-clientelism. © 2006 Taylor & Francis.","citedby-count":"52","affiliation": [{"@_fa": "true", "affiliation-url":"https://api.elsevier.com/content/affiliation/affiliation_id/60025800","afid":"60025800","affilname":"State University of New York College at Cortland","affiliation-city":"Cortland","affiliation-country":"United States"},{"@_fa": "true", "affiliation-url":"https://api.elsevier.com/content/affiliation/affiliation_id/60005455","afid":"60005455","affilname":"Yale University","affiliation-city":"New Haven","affiliation-country":"United States"}],"prism:aggregationType":"Journal","subtype":"ar","subtypeDescription":"Article","author-count":{"@limit": "100", "@total": "1", "$" :"1"},"author": [{"@_fa": "true", "@seq": "1", "author-url":"https://api.elsevier.com/content/author/author_id/7201358359","authid":"7201358359","authname":"Zheng T.","surname":"Zheng","given-name":"Tiantian","initials":"T.","afid": [{"@_fa": "true", "$" :"60005455"},{"@_fa": "true", "$" :"60025800"}]}],"source-id":"16474","fund-no":"undefined","openaccess":"0","openaccessFlag":false},{"@_fa": "true", "link": [{"@_fa": "true", "@ref": "self", "@href": "https://api.elsevier.com/content/abstract/scopus_id/33845903383"},{"@_fa": "true", "@ref": "author-affiliation", "@href": "https://api.elsevier.com/content/abstract/scopus_id/33845903383?field=author,affiliation"},{"@_fa": "true", "@ref": "scopus", "@href": "https://www.scopus.com/inward/record.uri?partnerID=HzOxMe3b&scp=33845903383&origin=inward"},{"@_fa": "true", "@ref": "scopus-citedby", "@href": "https://www.scopus.com/inward/citedby.uri?partnerID=HzOxMe3b&scp=33845903383&origin=inward"}],"prism:url":"https://api.elsevier.com/content/abstract/scopus_id/33845903383","dc:identifier":"SCOPUS_ID:33845903383","eid":"2-s2.0-33845903383","dc:title":"La reforma del sistema binominal desde una perspectiva comparada","dc:creator":"Nohlen D.","prism:publicationName":"Revista de Ciencia Politica","prism:issn":"07161417","prism:eIssn":"0718090X","prism:volume":"26","prism:issueIdentifier":"1","prism:pageRange":"191-202","prism:coverDate":"2006-01-01","prism:coverDisplayDate":"2006","prism:doi":"10.4067/S0718-090X2006000100012","dc:description":"Since its introduction by the military regime, Chile's binominal system has continuously been questioned. This is the reason for thinking about an electoral reform, although some of its effects empirically have benefited the democratic development of the country. The same result is obtained, if at a theoretical level- the effects of the binominal system are considered comparatively, applying criteria of evaluation which stem from world wide processes of electoral reform. Nevertheless, some weaknesses of the binominal system concerning the function of representation can be observed. A reform, addressing these weaknesses, should at the same time try to maintain the effectiveness of the system with regard to other functions like concentration and participation. This includes defending the system against critics which focus on phenomena like clientelism, surely caused by other factors than the binominal system. Concerning the design itself, the paper suggests first to define the objectives of a reform, that means forming consensus, and than to work on the technical aspects of the concrete system. Furthermore it reminds academics and legislators of the comparative experience that the electoral system in force is usually the most probable option under the considered alternatives.","citedby-count":"6","affiliation": [{"@_fa": "true", "affiliation-url":"https://api.elsevier.com/content/affiliation/affiliation_id/60016908","afid":"60016908","affilname":"Universität Heidelberg","affiliation-city":"Heidelberg","affiliation-country":"Germany"}],"prism:aggregationType":"Journal","subtype":"ar","subtypeDescription":"Article","author-count":{"@limit": "100", "@total": "1", "$" :"1"},"author": [{"@_fa": "true", "@seq": "1", "author-url":"https://api.elsevier.com/content/author/author_id/25022020900","authid":"25022020900","authname":"Nohlen D.","surname":"Nohlen","given-name":"Dieter","initials":"D.","afid": [{"@_fa": "true", "$" :"60016908"}]}],"source-id":"5100152922","fund-no":"undefined","openaccess":"1","openaccessFlag":true}]}}