{"search-results":{"opensearch:totalResults":"13","opensearch:startIndex":"0","opensearch:itemsPerPage":"13","opensearch:Query":{"@role": "request", "@searchTerms": "TITLE-ABS-KEY(\"clientelism\") AND SUBJAREA(SOCI) AND PUBYEAR = 1999", "@startPage": "0"},"link": [{"@_fa": "true", "@ref": "self", "@href": "https://api.elsevier.com/content/search/scopus?start=0&count=25&query=TITLE-ABS-KEY%28%22clientelism%22%29+AND+SUBJAREA%28SOCI%29+AND+PUBYEAR+%3D+1999&apiKey=27d953b4b546791964ebeb768d13e61f&view=COMPLETE", "@type": "application/json"},{"@_fa": "true", "@ref": "first", "@href": "https://api.elsevier.com/content/search/scopus?start=0&count=25&query=TITLE-ABS-KEY%28%22clientelism%22%29+AND+SUBJAREA%28SOCI%29+AND+PUBYEAR+%3D+1999&apiKey=27d953b4b546791964ebeb768d13e61f&view=COMPLETE", "@type": "application/json"}],"entry": [{"@_fa": "true", "link": [{"@_fa": "true", "@ref": "self", "@href": "https://api.elsevier.com/content/abstract/scopus_id/26044475032"},{"@_fa": "true", "@ref": "author-affiliation", "@href": "https://api.elsevier.com/content/abstract/scopus_id/26044475032?field=author,affiliation"},{"@_fa": "true", "@ref": "scopus", "@href": "https://www.scopus.com/inward/record.uri?partnerID=HzOxMe3b&scp=26044475032&origin=inward"},{"@_fa": "true", "@ref": "scopus-citedby", "@href": "https://www.scopus.com/inward/citedby.uri?partnerID=HzOxMe3b&scp=26044475032&origin=inward"}],"prism:url":"https://api.elsevier.com/content/abstract/scopus_id/26044475032","dc:identifier":"SCOPUS_ID:26044475032","eid":"2-s2.0-26044475032","dc:title":"Political clientelism and sports policy in Greece","dc:creator":"Henry I.","prism:publicationName":"International Review for the Sociology of Sport","prism:issn":"10126902","prism:eIssn":"14617218","prism:volume":"34","prism:issueIdentifier":"1","prism:pageRange":"43-58","prism:coverDate":"1999-12-01","prism:coverDisplayDate":"1999","prism:doi":"10.1177/101269099034001004","dc:description":"This article examines the clientelistic relations which underpinned the activities of the Greek state in the field of sports policy between 1981 and 1993. It focuses on aspects of the patronage that existed between the governments of the two major political parties and some of the national governing bodies (NGBs) that control specific sports. More specifically, the study analyses the forms of political patronage employed in support of sports organizations, the processes through which such patronage is exercised, and the impacts of such support on the budgets of particular NGBs. The study employed structured interviews with key national sporting and political figures and documentary analysis of budgets of NGBs. The article demonstrates how particular parties have systematically favoured certain NGBs when they have been in office. The article concludes with a review of reasons for the continued existence of clientelistic relationships in the contemporary context. © ISSA and SAGE Publications.","citedby-count":"12","affiliation": [{"@_fa": "true", "affiliation-url":"https://api.elsevier.com/content/affiliation/affiliation_id/60000891","afid":"60000891","affilname":"Loughborough University","affiliation-city":"Loughborough","affiliation-country":"United Kingdom"}],"prism:aggregationType":"Journal","subtype":"re","subtypeDescription":"Review","author-count":{"@limit": "100", "@total": "2", "$" :"2"},"author": [{"@_fa": "true", "@seq": "1", "author-url":"https://api.elsevier.com/content/author/author_id/7005794965","authid":"7005794965","authname":"Henry I.","surname":"Henry","given-name":"Ian P.","initials":"I.P.","afid": [{"@_fa": "true", "$" :"60000891"}]},{"@_fa": "true", "@seq": "2", "author-url":"https://api.elsevier.com/content/author/author_id/8509344600","authid":"8509344600","authname":"Nassis P.","surname":"Nassis","given-name":"Pantelis","initials":"P.","afid": [{"@_fa": "true", "$" :"60000891"}]}],"authkeywords":"clientelism | Greece | politics | sports policy","source-id":"147231","fund-no":"undefined","openaccess":"0","openaccessFlag":false},{"@_fa": "true", "link": [{"@_fa": "true", "@ref": "self", "@href": "https://api.elsevier.com/content/abstract/scopus_id/0033234831"},{"@_fa": "true", "@ref": "author-affiliation", "@href": "https://api.elsevier.com/content/abstract/scopus_id/0033234831?field=author,affiliation"},{"@_fa": "true", "@ref": "scopus", "@href": "https://www.scopus.com/inward/record.uri?partnerID=HzOxMe3b&scp=0033234831&origin=inward"},{"@_fa": "true", "@ref": "scopus-citedby", "@href": "https://www.scopus.com/inward/citedby.uri?partnerID=HzOxMe3b&scp=0033234831&origin=inward"}],"prism:url":"https://api.elsevier.com/content/abstract/scopus_id/0033234831","dc:identifier":"SCOPUS_ID:0033234831","eid":"2-s2.0-0033234831","dc:title":"State social work and social citizenship in Britain: From clientelism to consumerism","dc:creator":"Harris J.","prism:publicationName":"British Journal of Social Work","prism:issn":"00453102","prism:volume":"29","prism:issueIdentifier":"6","prism:pageRange":"915-937","prism:coverDate":"1999-12-01","prism:coverDisplayDate":"December 1999","prism:doi":"10.1093/bjsw/29.6.915","dc:description":"Marshall's formulation of 'social citizenship' embodied a depoliticized understanding of what was seen as a given, progressive and irreversible stage of societal development, which encompassed the provision of state social work. A consequence of this approach was the failure to situate social citizenship in a specific political and policy context; in Marshall's case, the post-war British social democratic welfare state. Within this, a more central position was secured for state social work, through its unification and incorporation into bureau-professional regimes which were made responsible for responding to citizens' social needs as clients of the state. The New Right's attack on the institutionalization of social citizenship in bureau-professional regimes included the accusation that state social work had infringed service users' rights and produced a passive, dependent clientele. The New Right's alternative formulation of the 'consumer-citizen' led to the development of a new political consensus on social citizenship. Beginning from an acceptance of this consensus, procedural rights are seen as one way of extending social citizenship in state social work and as a precursor to the possibility of wider participation by service users in its provision.","citedby-count":"48","affiliation": [{"@_fa": "true", "affiliation-url":"https://api.elsevier.com/content/affiliation/affiliation_id/60022020","afid":"60022020","affilname":"The University of Warwick","affiliation-city":"Coventry","affiliation-country":"United Kingdom"}],"prism:aggregationType":"Journal","subtype":"ar","subtypeDescription":"Article","author-count":{"@limit": "100", "@total": "1", "$" :"1"},"author": [{"@_fa": "true", "@seq": "1", "author-url":"https://api.elsevier.com/content/author/author_id/55740165100","authid":"55740165100","authname":"Harris J.","surname":"Harris","given-name":"John","initials":"J.","afid": [{"@_fa": "true", "$" :"60022020"}]}],"source-id":"28710","fund-no":"undefined","openaccess":"0","openaccessFlag":false},{"@_fa": "true", "link": [{"@_fa": "true", "@ref": "self", "@href": "https://api.elsevier.com/content/abstract/scopus_id/0033279172"},{"@_fa": "true", "@ref": "author-affiliation", "@href": "https://api.elsevier.com/content/abstract/scopus_id/0033279172?field=author,affiliation"},{"@_fa": "true", "@ref": "scopus", "@href": "https://www.scopus.com/inward/record.uri?partnerID=HzOxMe3b&scp=0033279172&origin=inward"},{"@_fa": "true", "@ref": "scopus-citedby", "@href": "https://www.scopus.com/inward/citedby.uri?partnerID=HzOxMe3b&scp=0033279172&origin=inward"}],"prism:url":"https://api.elsevier.com/content/abstract/scopus_id/0033279172","dc:identifier":"SCOPUS_ID:0033279172","eid":"2-s2.0-0033279172","dc:title":"Gubernatorial Politics in Sverdlovsk Oblast'","dc:creator":"Startsev Y.","prism:publicationName":"Post-Soviet Affairs","prism:issn":"1060586X","prism:volume":"15","prism:issueIdentifier":"4","prism:pageRange":"336-361","prism:coverDate":"1999-10-01","prism:coverDisplayDate":"1 October 1999","prism:doi":"10.1080/1060586X.1999.10641477","dc:description":"A Russian political scientist provides a detailed examination of politics in the Sverdlovsk oblast' of the Russian Federation. Focus includes Governor Eduard Rossel's efforts to increase the power of regions vis-à-vis Moscow, and Rossel's relations with the region's political and economic elites as well as with neighboring regional leaders. Analysis covers the politics of institutional reform, economic constraints, the politics of regional identity – including organized attempts to construct a Ural identity independent of an all-Russian identity – public attitudes, social protest, opposition politics, and clientelism. © 1999 Taylor & Francis Group, LLC.","citedby-count":"11","affiliation": [{"@_fa": "true", "affiliation-url":"https://api.elsevier.com/content/affiliation/affiliation_id/117904645","afid":"117904645","affilname":"Political Science","affiliation-city":"Yekaterinburg","affiliation-country":"Russian Federation"}],"prism:aggregationType":"Journal","subtype":"ar","subtypeDescription":"Article","author-count":{"@limit": "100", "@total": "1", "$" :"1"},"author": [{"@_fa": "true", "@seq": "1", "author-url":"https://api.elsevier.com/content/author/author_id/57192751307","authid":"57192751307","authname":"Startsev Y.","surname":"Startsev","given-name":"Yaroslav","initials":"Y.","afid": [{"@_fa": "true", "$" :"117904645"}]}],"source-id":"25654","fund-no":"undefined","openaccess":"0","openaccessFlag":false},{"@_fa": "true", "link": [{"@_fa": "true", "@ref": "self", "@href": "https://api.elsevier.com/content/abstract/scopus_id/0033239657"},{"@_fa": "true", "@ref": "author-affiliation", "@href": "https://api.elsevier.com/content/abstract/scopus_id/0033239657?field=author,affiliation"},{"@_fa": "true", "@ref": "scopus", "@href": "https://www.scopus.com/inward/record.uri?partnerID=HzOxMe3b&scp=0033239657&origin=inward"},{"@_fa": "true", "@ref": "scopus-citedby", "@href": "https://www.scopus.com/inward/citedby.uri?partnerID=HzOxMe3b&scp=0033239657&origin=inward"}],"prism:url":"https://api.elsevier.com/content/abstract/scopus_id/0033239657","dc:identifier":"SCOPUS_ID:0033239657","eid":"2-s2.0-0033239657","dc:title":"\"From the client's point(s) of view\": How poor people perceive and evaluate political clientelism","dc:creator":"Auyero J.","prism:publicationName":"Theory and Society","prism:issn":"03042421","prism:volume":"28","prism:issueIdentifier":"2","prism:pageRange":"297-334","prism:coverDate":"1999-01-01","prism:coverDisplayDate":"April 1999","prism:doi":"10.1023/A:1006905214896","citedby-count":"101","affiliation": [{"@_fa": "true", "affiliation-url":"https://api.elsevier.com/content/affiliation/affiliation_id/60026415","afid":"60026415","affilname":"Stony Brook University","affiliation-city":"Stony Brook","affiliation-country":"United States"}],"prism:aggregationType":"Journal","subtype":"re","subtypeDescription":"Review","author-count":{"@limit": "100", "@total": "1", "$" :"1"},"author": [{"@_fa": "true", "@seq": "1", "author-url":"https://api.elsevier.com/content/author/author_id/6602210641","authid":"6602210641","authname":"Auyero J.","surname":"Auyero","given-name":"Javier","initials":"J.","afid": [{"@_fa": "true", "$" :"60026415"}]}],"source-id":"18697","fund-no":"undefined","fund-sponsor":"Ford Foundation","openaccess":"0","openaccessFlag":false},{"@_fa": "true", "link": [{"@_fa": "true", "@ref": "self", "@href": "https://api.elsevier.com/content/abstract/scopus_id/0033481785"},{"@_fa": "true", "@ref": "author-affiliation", "@href": "https://api.elsevier.com/content/abstract/scopus_id/0033481785?field=author,affiliation"},{"@_fa": "true", "@ref": "scopus", "@href": "https://www.scopus.com/inward/record.uri?partnerID=HzOxMe3b&scp=0033481785&origin=inward"},{"@_fa": "true", "@ref": "scopus-citedby", "@href": "https://www.scopus.com/inward/citedby.uri?partnerID=HzOxMe3b&scp=0033481785&origin=inward"}],"prism:url":"https://api.elsevier.com/content/abstract/scopus_id/0033481785","dc:identifier":"SCOPUS_ID:0033481785","eid":"2-s2.0-0033481785","dc:title":"Political clientelism and social exclusion: The case of Gypsies in the Greek town of Sofades","dc:creator":"Marantzidis N.","prism:publicationName":"International Sociology","prism:issn":"02685809","prism:volume":"14","prism:issueIdentifier":"4","prism:pageRange":"443-456","prism:coverDate":"1999-01-01","prism:coverDisplayDate":"December 1999","prism:doi":"10.1177/0268580999014004004","dc:description":"The article relates to two much-discussed concepts in the field of social sciences: clientage relations and social exclusion. Using the city of Sofades in central Greece - where about 2000 Gypsies live - as their empirical research field, the authors attempt the analysis of the following: (1) whether the socially excluded Gypsies of the area form clientage relations, (2) whether their political clientage relations show any particular traits when related to other types of clientage relations and (3) whether political clientage relationships help socially excluded groups surmount their exclusion or not. Even though the dominant theories about clientage relations associate the evolution of those relations with the evolution of a particular society, the study of the clientage relations in Sofades shows that within a society there may coexist more than one type of clientage relationships - from the most traditional to the most modern.","citedby-count":"3","affiliation": [{"@_fa": "true", "affiliation-url":"https://api.elsevier.com/content/affiliation/affiliation_id/60001086","afid":"60001086","affilname":"Panepistimion Makedonias","affiliation-city":"Thessaloniki","affiliation-country":"Greece"}],"prism:aggregationType":"Journal","subtype":"ar","subtypeDescription":"Article","author-count":{"@limit": "100", "@total": "2", "$" :"2"},"author": [{"@_fa": "true", "@seq": "1", "author-url":"https://api.elsevier.com/content/author/author_id/6508306644","authid":"6508306644","authname":"Marantzidis N.","surname":"Marantzidis","given-name":"Nikos","initials":"N.","afid": [{"@_fa": "true", "$" :"60001086"},{"@_fa": "true", "$" :"60001086"}]},{"@_fa": "true", "@seq": "2", "author-url":"https://api.elsevier.com/content/author/author_id/57195928743","authid":"57195928743","authname":"Mavrommatis G.","surname":"Mavrommatis","given-name":"George","initials":"G."}],"authkeywords":"Elections | Gypsies | Integration | Political clientelism | Social exclusion","source-id":"15532","fund-no":"undefined","openaccess":"0","openaccessFlag":false},{"@_fa": "true", "link": [{"@_fa": "true", "@ref": "self", "@href": "https://api.elsevier.com/content/abstract/scopus_id/0032854581"},{"@_fa": "true", "@ref": "author-affiliation", "@href": "https://api.elsevier.com/content/abstract/scopus_id/0032854581?field=author,affiliation"},{"@_fa": "true", "@ref": "scopus", "@href": "https://www.scopus.com/inward/record.uri?partnerID=HzOxMe3b&scp=0032854581&origin=inward"},{"@_fa": "true", "@ref": "scopus-citedby", "@href": "https://www.scopus.com/inward/citedby.uri?partnerID=HzOxMe3b&scp=0032854581&origin=inward"}],"prism:url":"https://api.elsevier.com/content/abstract/scopus_id/0032854581","dc:identifier":"SCOPUS_ID:0032854581","eid":"2-s2.0-0032854581","dc:title":"How the Faroe Islands became an unplannable society","dc:creator":"Justinussen J.","prism:publicationName":"North","prism:issn":"08090432","prism:volume":"10","prism:issueIdentifier":"2-3","prism:pageRange":"16-20","prism:coverDate":"1999-01-01","prism:coverDisplayDate":"1999","dc:description":"For most of its recent history, Faroese politics has been dominated by three 'great debates' - Independence vs. Union, Right vs. Left and Centre vs. Periphery. It has also been haunted by a deeply embedded system of clientelism, which has made rational planning very difficult. In 1989, when the Berlin Wall came down, no one realised the effect it would have on the Faroes. As the Cold War thawed, the Faroe Islands lost their strategic importance, leading the Danes to rethink their 'throw money at them and keep them happy' policy. The Faroe Islands went from being a central link in a North Atlantic defence chain to being a forlorn outpost again. Unfortunately, this coincided with the collapse of the fisheries in 1992. With the economy in tatters the Faroese went to the Danes for help and were shocked when the Danes met them with a get-tough attitude. No more hand-outs without accountability. The Danes demanded sweeping changes to the Faroese political system. They enforced a clearer division between legislative and administrative branches. The government itself was divided into ministries with each minister to be held responsible for his department. The civil service was strengthened. Economic legislation was modernised. Laws concerning fishing rights were changed. Among other effects, it all combined to diminish the capacity of individual patrons to manipulate the central government. The Faroe Islands are in a period of transition. Clientelism seems to be diminishing - though the potential oil boom might cause regional conflicts to flare up. No one knows what is coming, but it is clear that for any national planning to be successful, the rules of clientelism still must be obeyed.","citedby-count":"0","prism:aggregationType":"Journal","subtype":"ar","subtypeDescription":"Article","author-count":{"@limit": "100", "@total": "1", "$" :"1"},"author": [{"@_fa": "true", "@seq": "1", "author-url":"https://api.elsevier.com/content/author/author_id/6504114366","authid":"6504114366","authname":"Justinussen J.","surname":"Justinussen","given-name":"J. C S","initials":"J.C.S."}],"source-id":"89916","fund-no":"undefined","openaccess":"0","openaccessFlag":false},{"@_fa": "true", "link": [{"@_fa": "true", "@ref": "self", "@href": "https://api.elsevier.com/content/abstract/scopus_id/0040812660"},{"@_fa": "true", "@ref": "author-affiliation", "@href": "https://api.elsevier.com/content/abstract/scopus_id/0040812660?field=author,affiliation"},{"@_fa": "true", "@ref": "scopus", "@href": "https://www.scopus.com/inward/record.uri?partnerID=HzOxMe3b&scp=0040812660&origin=inward"},{"@_fa": "true", "@ref": "scopus-citedby", "@href": "https://www.scopus.com/inward/citedby.uri?partnerID=HzOxMe3b&scp=0040812660&origin=inward"}],"prism:url":"https://api.elsevier.com/content/abstract/scopus_id/0040812660","dc:identifier":"SCOPUS_ID:0040812660","eid":"2-s2.0-0040812660","dc:title":"Decentralization, clientelism, and social capital in urban governing: Comparing Belo Horizonte and Salvador","dc:creator":"Boschi R.","prism:publicationName":"Dados","prism:issn":"00115258","prism:volume":"42","prism:issueIdentifier":"4","prism:pageRange":"655-690","prism:coverDate":"1999-01-01","prism:coverDisplayDate":"1999","prism:doi":"10.1590/S0011-52581999000400002","dc:description":"In this comparison of Belo Horizonte's and Salvador's experiences within three arenas of local government, the article focuses on the viability of institutional arrangements based on decentralization and citizen participation. It concludes that the relative success achieved when inaugurating city master plans, participatory budgeting (where civil society has direct input in budget definitions), and sectoral councils (councils for decentralized policy issue areas) is linked to three factors: prior decentralization processes; articulation between different decision-making units; and, above all, the neutralization of clientelistic control mechanisms through the introduction of horizontal loyalty networks and spaces of representation that in the final analysis will foster greater social capital and accountability.","citedby-count":"18","prism:aggregationType":"Journal","subtype":"ar","subtypeDescription":"Article","author-count":{"@limit": "100", "@total": "1", "$" :"1"},"author": [{"@_fa": "true", "@seq": "1", "author-url":"https://api.elsevier.com/content/author/author_id/56798226400","authid":"56798226400","authname":"Boschi R.","surname":"Boschi","given-name":"Renato Raul","initials":"R.R."}],"authkeywords":"Decentralization | Local government | Participation","source-id":"25953","fund-no":"undefined","openaccess":"1","openaccessFlag":true},{"@_fa": "true", "link": [{"@_fa": "true", "@ref": "self", "@href": "https://api.elsevier.com/content/abstract/scopus_id/33745830522"},{"@_fa": "true", "@ref": "author-affiliation", "@href": "https://api.elsevier.com/content/abstract/scopus_id/33745830522?field=author,affiliation"},{"@_fa": "true", "@ref": "scopus", "@href": "https://www.scopus.com/inward/record.uri?partnerID=HzOxMe3b&scp=33745830522&origin=inward"},{"@_fa": "true", "@ref": "scopus-citedby", "@href": "https://www.scopus.com/inward/citedby.uri?partnerID=HzOxMe3b&scp=33745830522&origin=inward"}],"prism:url":"https://api.elsevier.com/content/abstract/scopus_id/33745830522","dc:identifier":"SCOPUS_ID:33745830522","eid":"2-s2.0-33745830522","dc:title":"Relying on Stop-gap Measures: Coping with Unemployment in Greece","dc:creator":"Karakatsanis N.","prism:publicationName":"South European Society and Politics","prism:issn":"13608746","prism:volume":"4","prism:issueIdentifier":"3","prism:pageRange":null,"prism:coverDate":"1999-01-01","prism:coverDisplayDate":"1999","prism:doi":"10.1080/13608740408539588","dc:description":"This article seeks to explain why, despite unprecedented post-war levels of unemployment and extremely ungenerous unemployment benefits, unemployment has not been a major issue of concern for the average Greek voter. It argues that the quid pro quo relations inherent in both Greek political clientelism as well as in personal familism have protected most Greeks - even those in the highest-risk categories - against the negative consequences of unemployment by informally institutionalizing a number of stop-gap measures. But, just as unemployment has reached critical levels, these traditional stop-gap measures are beginning to disappear. The unemployed in Greece will no longer be able to rely on the informal coping mechanisms which have compensated for shortages of public social welfare for so long. As a result, the effects of unemployment are likely to be felt by more Greeks in a more intensified manner in the future.","citedby-count":"2","prism:aggregationType":"Journal","subtype":"ar","subtypeDescription":"Article","author-count":{"@limit": "100", "@total": "1", "$" :"1"},"author": [{"@_fa": "true", "@seq": "1", "author-url":"https://api.elsevier.com/content/author/author_id/6505854786","authid":"6505854786","authname":"Karakatsanis N.","surname":"Karakatsanis","given-name":"Neovi M.","initials":"N.M."}],"source-id":"28082","fund-no":"undefined","openaccess":"0","openaccessFlag":false},{"@_fa": "true", "link": [{"@_fa": "true", "@ref": "self", "@href": "https://api.elsevier.com/content/abstract/scopus_id/0033505215"},{"@_fa": "true", "@ref": "author-affiliation", "@href": "https://api.elsevier.com/content/abstract/scopus_id/0033505215?field=author,affiliation"},{"@_fa": "true", "@ref": "scopus", "@href": "https://www.scopus.com/inward/record.uri?partnerID=HzOxMe3b&scp=0033505215&origin=inward"},{"@_fa": "true", "@ref": "scopus-citedby", "@href": "https://www.scopus.com/inward/citedby.uri?partnerID=HzOxMe3b&scp=0033505215&origin=inward"}],"prism:url":"https://api.elsevier.com/content/abstract/scopus_id/0033505215","dc:identifier":"SCOPUS_ID:0033505215","eid":"2-s2.0-0033505215","dc:title":"Relying on stop-gap measures: Coping with unemployment in Greece","dc:creator":"Karakatsanis N.","prism:publicationName":"South European Society and Politics","prism:issn":"13608746","prism:volume":"4","prism:issueIdentifier":"3","prism:pageRange":"240-262","prism:coverDate":"1999-01-01","prism:coverDisplayDate":"Winter 1999","prism:doi":"10.1080/13608740408539588","dc:description":"This article seeks to explain why, despite unprecedented post-war levels of unemployment and extremely ungenerous unemployment benefits, unemployment has not been a major issue of concern for the average Greek voter. It argues that the quid pro quo relations inherent in both Greek political clientelism as well as personal familism have protected most Greeks - even those in the highest-risk categories - against the negative consequences of unemployment by informally institutionalizing a number of stop-gap measures. But, just as unemployment has reached critical levels, these traditional stop-gap measures are beginning to disappear. The unemployed in Greece will no longer be able to rely on the informal coping mechanisms which have compensated for shortages of public social welfare for so long. As a result, the effects of unemployment are likely to be felt by more Greeks in a more intensified manner in the future.","citedby-count":"2","prism:aggregationType":"Journal","subtype":"ar","subtypeDescription":"Article","author-count":{"@limit": "100", "@total": "1", "$" :"1"},"author": [{"@_fa": "true", "@seq": "1", "author-url":"https://api.elsevier.com/content/author/author_id/6505854786","authid":"6505854786","authname":"Karakatsanis N.","surname":"Karakatsanis","given-name":"Neovi M.","initials":"N.M."}],"source-id":"28082","fund-no":"undefined","openaccess":"0","openaccessFlag":false},{"@_fa": "true", "link": [{"@_fa": "true", "@ref": "self", "@href": "https://api.elsevier.com/content/abstract/scopus_id/0032768051"},{"@_fa": "true", "@ref": "author-affiliation", "@href": "https://api.elsevier.com/content/abstract/scopus_id/0032768051?field=author,affiliation"},{"@_fa": "true", "@ref": "scopus", "@href": "https://www.scopus.com/inward/record.uri?partnerID=HzOxMe3b&scp=0032768051&origin=inward"},{"@_fa": "true", "@ref": "scopus-citedby", "@href": "https://www.scopus.com/inward/citedby.uri?partnerID=HzOxMe3b&scp=0032768051&origin=inward"}],"prism:url":"https://api.elsevier.com/content/abstract/scopus_id/0032768051","dc:identifier":"SCOPUS_ID:0032768051","eid":"2-s2.0-0032768051","dc:title":"Venezuela: Degenerative democracy","dc:creator":"Buxton J.","prism:publicationName":"Democratization","prism:issn":"13510347","prism:volume":"6","prism:issueIdentifier":"1","prism:pageRange":"246-270","prism:coverDate":"1999-01-01","prism:coverDisplayDate":"Spring 1999","prism:doi":"10.1080/13510349908403605","dc:description":"Following a pacted transition to democracy in 1958, Venezuela was viewed as a bedrock of democratic stability in Latin America. High rates of political participation and extensive partisan alignment underlined enduring support for the two dominant parties. Sustained economic growth was enjoyed in the 1960s. But a boom in Venezuela's oil economy in 1974 ended both economic and political stability, leading to corruption and clientelism of massive proportions. Once economic performance began to decline, flaws in the democratic system were revealed. Support for the two main parties had been predicated on their capacity to enact economic redistribution, effectively purchasing support for a 'limited' form of democracy. The emergence of alternative competing parties was inhibited. Notwithstanding the evidence of decay in the political system, powerful vested interests in the maintenance of the political status quo have obstructed measures to improve representation and accountability, culminating in a slide towards democratic deconsolidation.","citedby-count":"6","prism:aggregationType":"Journal","subtype":"ar","subtypeDescription":"Article","author-count":{"@limit": "100", "@total": "1", "$" :"1"},"author": [{"@_fa": "true", "@seq": "1", "author-url":"https://api.elsevier.com/content/author/author_id/12801307100","authid":"12801307100","authname":"Buxton J.","surname":"Buxton","given-name":"Julia","initials":"J."}],"source-id":"24034","fund-no":"undefined","openaccess":"0","openaccessFlag":false},{"@_fa": "true", "link": [{"@_fa": "true", "@ref": "self", "@href": "https://api.elsevier.com/content/abstract/scopus_id/22444453031"},{"@_fa": "true", "@ref": "author-affiliation", "@href": "https://api.elsevier.com/content/abstract/scopus_id/22444453031?field=author,affiliation"},{"@_fa": "true", "@ref": "scopus", "@href": "https://www.scopus.com/inward/record.uri?partnerID=HzOxMe3b&scp=22444453031&origin=inward"},{"@_fa": "true", "@ref": "scopus-citedby", "@href": "https://www.scopus.com/inward/citedby.uri?partnerID=HzOxMe3b&scp=22444453031&origin=inward"}],"prism:url":"https://api.elsevier.com/content/abstract/scopus_id/22444453031","dc:identifier":"SCOPUS_ID:22444453031","eid":"2-s2.0-22444453031","dc:title":"Performing evita: A tale of two peronist women","dc:creator":"Auyero J.","prism:publicationName":"Journal of Contemporary Ethnography","prism:issn":"08912416","prism:volume":"27","prism:issueIdentifier":"4","prism:pageRange":"461-493","prism:coverDate":"1999-01-01","prism:coverDisplayDate":"1999","prism:doi":"10.1177/089124199129023307","dc:description":"Based on the first ethnography of urban political clientelism ever carried out in Argentina, this paper focuses on the public performances of female political brokers belonging to the Peronist Party. Drawing on the analytical tools provided by cultural sociology and the anthropology of performance, the paper explores the way in which brokers, through their \"presentation of the self,\" attempt to foster impressions in their audiences and construct a particular sociodicy of their social place. When appearing in public, brokers (as other politicians) have a plethora of motives for trying to control the image the audience receives of the situation. The article examines some of the common techniques of impression-management utilized by the brokers in front of their audience (mostly poor people), each time they grant a favor, every time they hand out a food package or a needed medicine. © 1999 Saga Publications, Inc.","citedby-count":"9","affiliation": [{"@_fa": "true", "affiliation-url":"https://api.elsevier.com/content/affiliation/affiliation_id/60026415","afid":"60026415","affilname":"Stony Brook University","affiliation-city":"Stony Brook","affiliation-country":"United States"}],"prism:aggregationType":"Journal","subtype":"ar","subtypeDescription":"Article","author-count":{"@limit": "100", "@total": "1", "$" :"1"},"author": [{"@_fa": "true", "@seq": "1", "author-url":"https://api.elsevier.com/content/author/author_id/6602210641","authid":"6602210641","authname":"Auyero J.","surname":"Auyero","given-name":"Javier","initials":"J.","afid": [{"@_fa": "true", "$" :"60026415"}]}],"source-id":"15619","fund-no":"undefined","openaccess":"0","openaccessFlag":false},{"@_fa": "true", "link": [{"@_fa": "true", "@ref": "self", "@href": "https://api.elsevier.com/content/abstract/scopus_id/0033372696"},{"@_fa": "true", "@ref": "author-affiliation", "@href": "https://api.elsevier.com/content/abstract/scopus_id/0033372696?field=author,affiliation"},{"@_fa": "true", "@ref": "scopus", "@href": "https://www.scopus.com/inward/record.uri?partnerID=HzOxMe3b&scp=0033372696&origin=inward"},{"@_fa": "true", "@ref": "scopus-citedby", "@href": "https://www.scopus.com/inward/citedby.uri?partnerID=HzOxMe3b&scp=0033372696&origin=inward"}],"prism:url":"https://api.elsevier.com/content/abstract/scopus_id/0033372696","dc:identifier":"SCOPUS_ID:0033372696","eid":"2-s2.0-0033372696","dc:title":"Fundamental change or no change? The process of constitutionalizing Uganda","dc:creator":"Kjaer M.","prism:publicationName":"Democratization","prism:issn":"13510347","prism:volume":"6","prism:issueIdentifier":"4","prism:pageRange":"93-113","prism:coverDate":"1999-01-01","prism:coverDisplayDate":"Winter 1999","prism:doi":"10.1080/13510349908403634","dc:description":"Formal and informal political institutions in Uganda are examined in order to establish what, and how much has changed since the National Resistance Movement (NRM) led by Yoweri Museveni came to power in 1986. The country's 1995 constitution offers many democratic innovations but it also continues to reflect the informal institution of presidentialism. The presidential tradition has nonetheless changed since Museveni took office: the executive is now more accountable than before. The use of state resources for political legitimation also continues to exist but is no longer a form of outright robbery of the state. Clientelism and 'affective' ties constitute a further informal institution. The 'tribal' features have become stronger since 1986. The persistence of certain informal institutions is confirmed by reference to recent political discourse in Uganda. Thus the NRM government has built relative stability and peace, which are important for constitutional rule, but is simultaneously undermining stability by politicizing ethnicity as well as by placing severe restrictions on opposition party activities. The informal political institutions in Uganda have changed since 1986, but not in a uni-directional manner: some changes support constitutional rule, and some impede it.","citedby-count":"6","affiliation": [{"@_fa": "true", "affiliation-url":"https://api.elsevier.com/content/affiliation/affiliation_id/60029616","afid":"60029616","affilname":"Aarhus Universitet","affiliation-city":"Aarhus","affiliation-country":"Denmark"}],"prism:aggregationType":"Journal","subtype":"ar","subtypeDescription":"Article","author-count":{"@limit": "100", "@total": "1", "$" :"1"},"author": [{"@_fa": "true", "@seq": "1", "author-url":"https://api.elsevier.com/content/author/author_id/36805884600","authid":"36805884600","authname":"Kjaer M.","surname":"Kjaer","given-name":"Mette","initials":"M.","afid": [{"@_fa": "true", "$" :"60029616"}]}],"source-id":"24034","fund-no":"undefined","openaccess":"0","openaccessFlag":false},{"@_fa": "true", "link": [{"@_fa": "true", "@ref": "self", "@href": "https://api.elsevier.com/content/abstract/scopus_id/0032798303"},{"@_fa": "true", "@ref": "author-affiliation", "@href": "https://api.elsevier.com/content/abstract/scopus_id/0032798303?field=author,affiliation"},{"@_fa": "true", "@ref": "scopus", "@href": "https://www.scopus.com/inward/record.uri?partnerID=HzOxMe3b&scp=0032798303&origin=inward"},{"@_fa": "true", "@ref": "scopus-citedby", "@href": "https://www.scopus.com/inward/citedby.uri?partnerID=HzOxMe3b&scp=0032798303&origin=inward"},{"@_fa": "true", "@ref": "full-text", "@href": "https://api.elsevier.com/content/article/eid/1-s2.0-S0149718998000469"}],"prism:url":"https://api.elsevier.com/content/abstract/scopus_id/0032798303","dc:identifier":"SCOPUS_ID:0032798303","eid":"2-s2.0-0032798303","dc:title":"Small and medium enterprise aid programs: Intangible effects and evaluation practice","dc:creator":"Stame N.","prism:publicationName":"Evaluation and Program Planning","prism:issn":"01497189","prism:volume":"22","prism:issueIdentifier":"1","prism:pageRange":"105-111","prism:coverDate":"1999-01-01","prism:coverDisplayDate":"Spring 1999","prism:doi":"10.1016/S0149-7189(98)00046-9","pii":"S0149718998000469","dc:description":"The new understanding of the importance of intangible factors for economic development needs to reorient ways of evaluating programs, so far mainly focused on the causal links between tangible factors like physical investments and the rate of return. Intangible factors can be either means (responsibility, involvement) or goals (innovation, institution building) of programs; they can favor development (trust, cooperation) or deter it (clientelism): evaluators should make an effort to conceptualize them and account for their working. With the help of a scheme that focuses on three dimensions of the relationship between beneficiaries and implementers, different methods of evaluating aid programs to SMEs-for territorial reequilibrium or enterprise creation-were contrasted. With designs aimed at finding out what role the intangible relational means played in specific cultural contexts, it was possible to learn how programs could enhance human capacities of cooperation and exploit latent resources for development.","citedby-count":"7","affiliation": [{"@_fa": "true", "affiliation-url":"https://api.elsevier.com/content/affiliation/affiliation_id/112883810","afid":"112883810","affilname":"Facoltà di Sociologia","affiliation-city":"Rome","affiliation-country":"Italy"}],"prism:aggregationType":"Journal","subtype":"ar","subtypeDescription":"Article","author-count":{"@limit": "100", "@total": "1", "$" :"1"},"author": [{"@_fa": "true", "@seq": "1", "author-url":"https://api.elsevier.com/content/author/author_id/6507895273","authid":"6507895273","authname":"Stame N.","surname":"Stame","given-name":"Nicoletta","initials":"N.","afid": [{"@_fa": "true", "$" :"112883810"}]}],"authkeywords":"Economic development | Intangible factors | Involvement | Responsibility | Small and medium enterprise","source-id":"26602","fund-no":"undefined","openaccess":"0","openaccessFlag":false}]}}