{"search-results":{"opensearch:totalResults":"4","opensearch:startIndex":"0","opensearch:itemsPerPage":"4","opensearch:Query":{"@role": "request", "@searchTerms": "TITLE-ABS-KEY(\"clientelism\") AND SUBJAREA(SOCI) AND PUBYEAR = 1988", "@startPage": "0"},"link": [{"@_fa": "true", "@ref": "self", "@href": "https://api.elsevier.com/content/search/scopus?start=0&count=25&query=TITLE-ABS-KEY%28%22clientelism%22%29+AND+SUBJAREA%28SOCI%29+AND+PUBYEAR+%3D+1988&apiKey=27d953b4b546791964ebeb768d13e61f&view=COMPLETE", "@type": "application/json"},{"@_fa": "true", "@ref": "first", "@href": "https://api.elsevier.com/content/search/scopus?start=0&count=25&query=TITLE-ABS-KEY%28%22clientelism%22%29+AND+SUBJAREA%28SOCI%29+AND+PUBYEAR+%3D+1988&apiKey=27d953b4b546791964ebeb768d13e61f&view=COMPLETE", "@type": "application/json"}],"entry": [{"@_fa": "true", "link": [{"@_fa": "true", "@ref": "self", "@href": "https://api.elsevier.com/content/abstract/scopus_id/84968162961"},{"@_fa": "true", "@ref": "author-affiliation", "@href": "https://api.elsevier.com/content/abstract/scopus_id/84968162961?field=author,affiliation"},{"@_fa": "true", "@ref": "scopus", "@href": "https://www.scopus.com/inward/record.uri?partnerID=HzOxMe3b&scp=84968162961&origin=inward"},{"@_fa": "true", "@ref": "scopus-citedby", "@href": "https://www.scopus.com/inward/citedby.uri?partnerID=HzOxMe3b&scp=84968162961&origin=inward"}],"prism:url":"https://api.elsevier.com/content/abstract/scopus_id/84968162961","dc:identifier":"SCOPUS_ID:84968162961","eid":"2-s2.0-84968162961","dc:title":"Political Clientelism in Japan: The Case of “S”","dc:creator":"Cheng P.","prism:publicationName":"Asian Survey","prism:issn":"00044687","prism:eIssn":"1533838X","prism:volume":"28","prism:issueIdentifier":"4","prism:pageRange":"471-483","prism:coverDate":"1988-01-01","prism:coverDisplayDate":"1988","prism:doi":"10.2307/2644739","citedby-count":"5","affiliation": [{"@_fa": "true", "affiliation-url":"https://api.elsevier.com/content/affiliation/affiliation_id/60026306","afid":"60026306","affilname":"University of Nebraska - Lincoln","affiliation-city":"Lincoln","affiliation-country":"United States"}],"prism:aggregationType":"Journal","subtype":"ar","subtypeDescription":"Article","author-count":{"@limit": "100", "@total": "1", "$" :"1"},"author": [{"@_fa": "true", "@seq": "1", "author-url":"https://api.elsevier.com/content/author/author_id/57198694814","authid":"57198694814","authname":"Cheng P.","surname":"Cheng","given-name":"Peter P.","initials":"P.P.","afid": [{"@_fa": "true", "$" :"60026306"}]}],"source-id":"15713","fund-no":"undefined","openaccess":"0","openaccessFlag":false},{"@_fa": "true", "link": [{"@_fa": "true", "@ref": "self", "@href": "https://api.elsevier.com/content/abstract/scopus_id/0024223872"},{"@_fa": "true", "@ref": "author-affiliation", "@href": "https://api.elsevier.com/content/abstract/scopus_id/0024223872?field=author,affiliation"},{"@_fa": "true", "@ref": "scopus", "@href": "https://www.scopus.com/inward/record.uri?partnerID=HzOxMe3b&scp=0024223872&origin=inward"},{"@_fa": "true", "@ref": "scopus-citedby", "@href": "https://www.scopus.com/inward/citedby.uri?partnerID=HzOxMe3b&scp=0024223872&origin=inward"}],"prism:url":"https://api.elsevier.com/content/abstract/scopus_id/0024223872","dc:identifier":"SCOPUS_ID:0024223872","eid":"2-s2.0-0024223872","dc:title":"The politics of social outlawry in urban Jamaica","dc:creator":"Harrison F.","prism:publicationName":"Urban Anthropology","prism:issn":"08946019","prism:volume":"17","prism:issueIdentifier":"2","prism:pageRange":"259-277","prism:coverDate":"1988-01-01","prism:coverDisplayDate":"1988","dc:description":"The informal economy and patterns of state intervention involving patronage-clientelism and police repression contribute to a fragmented praxis of short-range strategies in Kingston, Jamaican slums. Containment, cooptation and repression, although widespread, are uneven processes often countered by such oblique forms of popular rebellion as social outlawry. An emergent political expression encompassing beliefs and practices which fall outside conventions, social outlawry represents an alternative outlet for many of those alienated from legitimate vehicles of empowerment. While rarely associated with a coherent, long-term political program, outlawry can be viewed as part of a broader political process shaped by the struggles of various segments of Jamaica's population. -from Author","citedby-count":"12","affiliation": [{"@_fa": "true", "affiliation-url":"https://api.elsevier.com/content/affiliation/affiliation_id/60020633","afid":"60020633","affilname":"University of Louisville","affiliation-city":"Louisville","affiliation-country":"United States"}],"prism:aggregationType":"Journal","subtype":"ar","subtypeDescription":"Article","author-count":{"@limit": "100", "@total": "1", "$" :"1"},"author": [{"@_fa": "true", "@seq": "1", "author-url":"https://api.elsevier.com/content/author/author_id/57189252689","authid":"57189252689","authname":"Harrison F.","surname":"Harrison","given-name":"F. V.","initials":"F.V.","afid": [{"@_fa": "true", "$" :"60020633"}]}],"source-id":"98085","fund-no":"undefined","openaccess":"0","openaccessFlag":false},{"@_fa": "true", "link": [{"@_fa": "true", "@ref": "self", "@href": "https://api.elsevier.com/content/abstract/scopus_id/84982371175"},{"@_fa": "true", "@ref": "author-affiliation", "@href": "https://api.elsevier.com/content/abstract/scopus_id/84982371175?field=author,affiliation"},{"@_fa": "true", "@ref": "scopus", "@href": "https://www.scopus.com/inward/record.uri?partnerID=HzOxMe3b&scp=84982371175&origin=inward"},{"@_fa": "true", "@ref": "scopus-citedby", "@href": "https://www.scopus.com/inward/citedby.uri?partnerID=HzOxMe3b&scp=84982371175&origin=inward"}],"prism:url":"https://api.elsevier.com/content/abstract/scopus_id/84982371175","dc:identifier":"SCOPUS_ID:84982371175","eid":"2-s2.0-84982371175","dc:title":"Informal Exchange Networks in Formal Systems: A Theoretical Model","dc:creator":"Lomnitz L.","prism:publicationName":"American Anthropologist","prism:issn":"00027294","prism:eIssn":"15481433","prism:volume":"90","prism:issueIdentifier":"1","prism:pageRange":"42-55","prism:coverDate":"1988-01-01","prism:coverDisplayDate":"March 1988","prism:doi":"10.1525/aa.1988.90.1.02a00030","dc:description":"Studies of the informal economy in the Third World have evolved toward defining the informal sector in relationship to the state. This article analyzes some activities that escape the control of the state, with special attention to centrally planned economies. Informal exchanges include bureaucratic favors (“connections”), clientelism, different forms of corruption, and the “parallel” system of production and marketing. I show that economic laws are not sufficient to understand the logic of these economies. 1988 American Anthropological Association","citedby-count":"138","affiliation": [{"@_fa": "true", "affiliation-url":"https://api.elsevier.com/content/affiliation/affiliation_id/60032442","afid":"60032442","affilname":"Universidad Nacional Autónoma de México","affiliation-city":"Mexico City","affiliation-country":"Mexico"}],"prism:aggregationType":"Journal","subtype":"ar","subtypeDescription":"Article","author-count":{"@limit": "100", "@total": "1", "$" :"1"},"author": [{"@_fa": "true", "@seq": "1", "author-url":"https://api.elsevier.com/content/author/author_id/6603234645","authid":"6603234645","authname":"Lomnitz L.","surname":"Lomnitz","given-name":"Larissa Adler","initials":"L.A.","afid": [{"@_fa": "true", "$" :"60032442"}]}],"source-id":"32845","fund-no":"undefined","openaccess":"0","openaccessFlag":false},{"@_fa": "true", "link": [{"@_fa": "true", "@ref": "self", "@href": "https://api.elsevier.com/content/abstract/scopus_id/0023792199"},{"@_fa": "true", "@ref": "author-affiliation", "@href": "https://api.elsevier.com/content/abstract/scopus_id/0023792199?field=author,affiliation"},{"@_fa": "true", "@ref": "scopus", "@href": "https://www.scopus.com/inward/record.uri?partnerID=HzOxMe3b&scp=0023792199&origin=inward"},{"@_fa": "true", "@ref": "scopus-citedby", "@href": "https://www.scopus.com/inward/citedby.uri?partnerID=HzOxMe3b&scp=0023792199&origin=inward"}],"prism:url":"https://api.elsevier.com/content/abstract/scopus_id/0023792199","dc:identifier":"SCOPUS_ID:0023792199","eid":"2-s2.0-0023792199","dc:title":"The local state and urban local government in Zambia","dc:creator":"Rakodi C.","prism:publicationName":"Public Administration and Development","prism:issn":"02712075","prism:eIssn":"1099162X","prism:volume":"8","prism:issueIdentifier":"1","prism:pageRange":"27-46","prism:coverDate":"1988-01-01","prism:coverDisplayDate":"January/March 1988","prism:doi":"10.1002/pad.4230080104","dc:description":"It is argued, with reference to urban local government in Zambia, particularly in Lusaka, that recent debates on the form and functions of the national state in Africa may be used to illuminate the working of the urban local state. Available evidence on the class interests represented in the urban local state is reviewed, and these interests and their actions with respect to personal accumulation and political clientelism are found to be similar to those found at the national level. The urban local state in Zambia performs functions similar to those which have been revealed by analyses of other countries, although the nature of these functions, and the extent to which they are successfully performed, is influenced by the political and economic context, the institutional framework and especially the constraints imposed by central government on local autonomy. The changes proposed in the 1980 Local Administration Act are outlined, and a preliminary assessment made of the extent to which they are likely to change the form and functions of the urban local state. Copyright © 1988 John Wiley & Sons, Ltd.","citedby-count":"10","affiliation": [{"@_fa": "true", "affiliation-url":"https://api.elsevier.com/content/affiliation/affiliation_id/60103681","afid":"60103681","affilname":"Prifysgol Cymru","affiliation-city":"Cardiff","affiliation-country":"United Kingdom"}],"prism:aggregationType":"Journal","subtype":"ar","subtypeDescription":"Article","author-count":{"@limit": "100", "@total": "1", "$" :"1"},"author": [{"@_fa": "true", "@seq": "1", "author-url":"https://api.elsevier.com/content/author/author_id/7003801684","authid":"7003801684","authname":"Rakodi C.","surname":"Rakodi","given-name":"Carole","initials":"C.","afid": [{"@_fa": "true", "$" :"60103681"}]}],"source-id":"15381","fund-no":"undefined","openaccess":"0","openaccessFlag":false}]}}