{"search-results":{"opensearch:totalResults":"39","opensearch:startIndex":"0","opensearch:itemsPerPage":"25","opensearch:Query":{"@role": "request", "@searchTerms": "TITLE-ABS-KEY(\"clientelism\") AND SUBJAREA(SOCI) AND PUBYEAR = 2009", "@startPage": "0"},"link": [{"@_fa": "true", "@ref": "self", "@href": "https://api.elsevier.com/content/search/scopus?start=0&count=25&query=TITLE-ABS-KEY%28%22clientelism%22%29+AND+SUBJAREA%28SOCI%29+AND+PUBYEAR+%3D+2009&apiKey=27d953b4b546791964ebeb768d13e61f&view=COMPLETE", "@type": "application/json"},{"@_fa": "true", "@ref": "first", "@href": "https://api.elsevier.com/content/search/scopus?start=0&count=25&query=TITLE-ABS-KEY%28%22clientelism%22%29+AND+SUBJAREA%28SOCI%29+AND+PUBYEAR+%3D+2009&apiKey=27d953b4b546791964ebeb768d13e61f&view=COMPLETE", "@type": "application/json"},{"@_fa": "true", "@ref": "next", "@href": "https://api.elsevier.com/content/search/scopus?start=25&count=25&query=TITLE-ABS-KEY%28%22clientelism%22%29+AND+SUBJAREA%28SOCI%29+AND+PUBYEAR+%3D+2009&apiKey=27d953b4b546791964ebeb768d13e61f&view=COMPLETE", "@type": "application/json"},{"@_fa": "true", "@ref": "last", "@href": "https://api.elsevier.com/content/search/scopus?start=14&count=25&query=TITLE-ABS-KEY%28%22clientelism%22%29+AND+SUBJAREA%28SOCI%29+AND+PUBYEAR+%3D+2009&apiKey=27d953b4b546791964ebeb768d13e61f&view=COMPLETE", "@type": "application/json"}],"entry": [{"@_fa": "true", "link": [{"@_fa": "true", "@ref": "self", "@href": "https://api.elsevier.com/content/abstract/scopus_id/71949127892"},{"@_fa": "true", "@ref": "author-affiliation", "@href": "https://api.elsevier.com/content/abstract/scopus_id/71949127892?field=author,affiliation"},{"@_fa": "true", "@ref": "scopus", "@href": "https://www.scopus.com/inward/record.uri?partnerID=HzOxMe3b&scp=71949127892&origin=inward"},{"@_fa": "true", "@ref": "scopus-citedby", "@href": "https://www.scopus.com/inward/citedby.uri?partnerID=HzOxMe3b&scp=71949127892&origin=inward"}],"prism:url":"https://api.elsevier.com/content/abstract/scopus_id/71949127892","dc:identifier":"SCOPUS_ID:71949127892","eid":"2-s2.0-71949127892","dc:title":"Investigative journalism and scandal reporting in the Nigerian press","dc:creator":"Yusha'u M.","prism:publicationName":"Ecquid Novi","prism:issn":"02560054","prism:eIssn":"19420773","prism:volume":"30","prism:issueIdentifier":"2","prism:pageRange":"155-174","prism:coverDate":"2009-12-18","prism:coverDisplayDate":"2009","prism:doi":"10.3368/ajs.30.2.155","dc:description":"Using interviews conducted with Nigerian journalists, this article explores Nigerian journalists' understandings of investigative journalism, and whether they use it to investigate the allegations of corruption scandals against various public officeholders. The results show that Nigerian journalists have a fair understanding of investigative journalism. However, they do not fully agree that it is being practiced. The results also show that clientelism is a feature of journalism practice, and one of the factors that impedes the practice of investigative journalism. The research has identified the challenges militating against the practice of investigating journalism in order to uncover the cases of corruption scandals. Such impediments include poor remuneration, bad working conditions, corruption within the media, and the relationship between publishers and politicians. © 2009 by the Board of Regents of the University of Wisconsin System.","citedby-count":"8","prism:aggregationType":"Journal","subtype":"ar","subtypeDescription":"Article","author-count":{"@limit": "100", "@total": "1", "$" :"1"},"author": [{"@_fa": "true", "@seq": "1", "author-url":"https://api.elsevier.com/content/author/author_id/35220951900","authid":"35220951900","authname":"Yusha'u M.","surname":"Yusha'u","given-name":"Muhammad Jameel","initials":"M.J."}],"authkeywords":"Clientelism | Corruption | Investigative journalism | Nigerian press | Scandal","source-id":"17700156435","fund-no":"undefined","openaccess":"0","openaccessFlag":false},{"@_fa": "true", "link": [{"@_fa": "true", "@ref": "self", "@href": "https://api.elsevier.com/content/abstract/scopus_id/73649103508"},{"@_fa": "true", "@ref": "author-affiliation", "@href": "https://api.elsevier.com/content/abstract/scopus_id/73649103508?field=author,affiliation"},{"@_fa": "true", "@ref": "scopus", "@href": "https://www.scopus.com/inward/record.uri?partnerID=HzOxMe3b&scp=73649103508&origin=inward"},{"@_fa": "true", "@ref": "scopus-citedby", "@href": "https://www.scopus.com/inward/citedby.uri?partnerID=HzOxMe3b&scp=73649103508&origin=inward"}],"prism:url":"https://api.elsevier.com/content/abstract/scopus_id/73649103508","dc:identifier":"SCOPUS_ID:73649103508","eid":"2-s2.0-73649103508","dc:title":"Media in Post-Communist Mongolia challenges and opportunities in the democratization process","dc:creator":"Nielsen P.","prism:publicationName":"Nordicom Review","prism:issn":"14031108","prism:volume":"30","prism:issueIdentifier":"2","prism:pageRange":"19-33","prism:coverDate":"2009-12-01","prism:coverDisplayDate":"2009","dc:description":"The introduction of a liberal media model built on freedom of expression, non-regulation, and free market in Post-Communist Mongolia has lead to a plethora of new media outlets. In a context of external pluralism, the media are key players in dramatic political, social, and cultural changes in Mongolian society. However, due to violations of media freedom, lack of ethical standards as well as market failures in a media market marred with clientelism, the Mongolian media have neither lived up to the ideals of liberal media theory nor been driving forces in the ongoing democratization process. Instead, private and public media, in an unholy alliance, appear more like a lapdog in the service of the political and financial establishment than like a watchdog.","citedby-count":"1","affiliation": [{"@_fa": "true", "affiliation-url":"https://api.elsevier.com/content/affiliation/affiliation_id/60029616","afid":"60029616","affilname":"Aarhus Universitet","affiliation-city":"Aarhus","affiliation-country":"Denmark"}],"prism:aggregationType":"Journal","subtype":"ar","subtypeDescription":"Article","author-count":{"@limit": "100", "@total": "1", "$" :"1"},"author": [{"@_fa": "true", "@seq": "1", "author-url":"https://api.elsevier.com/content/author/author_id/35280042800","authid":"35280042800","authname":"Nielsen P.","surname":"Nielsen","given-name":"Poul Erik","initials":"P.E.","afid": [{"@_fa": "true", "$" :"60029616"}]}],"authkeywords":"Democratization | Liberal media theory | Media freedom | Media institutions | Mongolia | Post-communism","source-id":"5700155017","fund-no":"undefined","openaccess":"0","openaccessFlag":false},{"@_fa": "true", "link": [{"@_fa": "true", "@ref": "self", "@href": "https://api.elsevier.com/content/abstract/scopus_id/77955238697"},{"@_fa": "true", "@ref": "author-affiliation", "@href": "https://api.elsevier.com/content/abstract/scopus_id/77955238697?field=author,affiliation"},{"@_fa": "true", "@ref": "scopus", "@href": "https://www.scopus.com/inward/record.uri?partnerID=HzOxMe3b&scp=77955238697&origin=inward"},{"@_fa": "true", "@ref": "scopus-citedby", "@href": "https://www.scopus.com/inward/citedby.uri?partnerID=HzOxMe3b&scp=77955238697&origin=inward"}],"prism:url":"https://api.elsevier.com/content/abstract/scopus_id/77955238697","dc:identifier":"SCOPUS_ID:77955238697","eid":"2-s2.0-77955238697","dc:title":"The clientelization of ethnicity: Party hegemony and indigenous political subjectivities","dc:creator":"Gordillo G.","prism:publicationName":"Revista Espanola de Antropologia Americana","prism:issn":"05566533","prism:eIssn":"19882718","prism:volume":"39","prism:issueIdentifier":"2","prism:pageRange":"247-262","prism:coverDate":"2009-12-01","prism:coverDisplayDate":"2009","dc:description":"In this article, I examine how the demands and political subjectivities of indigenous people in the Argentinean province of Formosa are intertwined with, and constituted by, party politics. In particular, I analyze how the ethnic dimensions of the mobilizations and political demands by Toba, Pilagá, and Wichí groups are closely configured by the webs of patron-client relations woven by factions of the provincial ruling party, the Partido Justicialista. Rather that implying the subordination of ethnic identities to power relations external to them, this process brings to light the ways in which ethnicity is constituted and reshaped by relations of political do- mination. Further, I examine how what could be called the \"clientelization of ethnicity\" produces both political control and practices of resistance and accommodation, from which indigenous people push for their demands from within the factionalism of the ruling party.","citedby-count":"2","affiliation": [{"@_fa": "true", "affiliation-url":"https://api.elsevier.com/content/affiliation/affiliation_id/60010365","afid":"60010365","affilname":"The University of British Columbia","affiliation-city":"Vancouver","affiliation-country":"Canada"}],"prism:aggregationType":"Journal","subtype":"ar","subtypeDescription":"Article","author-count":{"@limit": "100", "@total": "1", "$" :"1"},"author": [{"@_fa": "true", "@seq": "1", "author-url":"https://api.elsevier.com/content/author/author_id/7006206374","authid":"7006206374","authname":"Gordillo G.","surname":"Gordillo","given-name":"Gastón","initials":"G.","afid": [{"@_fa": "true", "$" :"60010365"}]}],"authkeywords":"Argentina | Clientelism | Ethnicity | Formosa | Gran Chaco | Hegemony | Partido justicialista | Peronism","source-id":"5700176869","fund-no":"undefined","openaccess":"0","openaccessFlag":false},{"@_fa": "true", "link": [{"@_fa": "true", "@ref": "self", "@href": "https://api.elsevier.com/content/abstract/scopus_id/84898277387"},{"@_fa": "true", "@ref": "author-affiliation", "@href": "https://api.elsevier.com/content/abstract/scopus_id/84898277387?field=author,affiliation"},{"@_fa": "true", "@ref": "scopus", "@href": "https://www.scopus.com/inward/record.uri?partnerID=HzOxMe3b&scp=84898277387&origin=inward"},{"@_fa": "true", "@ref": "scopus-citedby", "@href": "https://www.scopus.com/inward/citedby.uri?partnerID=HzOxMe3b&scp=84898277387&origin=inward"}],"prism:url":"https://api.elsevier.com/content/abstract/scopus_id/84898277387","dc:identifier":"SCOPUS_ID:84898277387","eid":"2-s2.0-84898277387","dc:title":"Corruption and democracy in Latin America","dc:creator":"Blake C.","prism:publicationName":"Corruption and Democracy in Latin America","prism:isbn": [{"@_fa": "true", "$" :"0822960230"},{"@_fa": "true", "$" :"9780822960232"}],"prism:pageRange":"1-253","prism:coverDate":"2009-12-01","prism:coverDisplayDate":"2009","dc:description":"Corruption has blurred, and in some cases blinded, the vision of democracy in many Latin American nations. Weakened institutions and policies have facilitated the rise of corrupt leadership, election fraud, bribery, and clientelism. This book presents a groundbreaking national and regional study that provides policy analysis and prescription through a wide-ranging methodological, empirical, and theoretical survey. The contributors offer analysis of key topics, including: factors that differentiate Latin American corruption from that of other regions; the relationship of public policy to corruption in regional perspective; patterns and types of corruption; public opinion and its impact; and corruption's critical links to democracy and governance. Additional chapters present case studies on specific instances of corruption: diverted funds from a social program in Peru; Chilean citizens' attitudes toward corruption; the effects of interparty competition on vote buying in local Brazilian elections; and the determinants of state-level corruption in Mexico under Vicente Fox.The volume concludes with a comparison of the lessons drawn from these essays to the evolution of anticorruption policy in Latin America over the past two decades. It also applies these lessons to the broader study of corruption globally to provide a framework for future research in this crucial area. Copyright © 2009, University of Pittsburgh Press. All rights reserved.","citedby-count":"13","affiliation": [{"@_fa": "true", "affiliation-url":"https://api.elsevier.com/content/affiliation/affiliation_id/60005658","afid":"60005658","affilname":"James Madison University","affiliation-city":"Harrisonburg","affiliation-country":"United States"},{"@_fa": "true", "affiliation-url":"https://api.elsevier.com/content/affiliation/affiliation_id/60000705","afid":"60000705","affilname":"University of South Alabama","affiliation-city":"Mobile","affiliation-country":"United States"},{"@_fa": "true", "affiliation-url":"https://api.elsevier.com/content/affiliation/affiliation_id/100781779","afid":"100781779","affilname":"International Studies Program","affiliation-city":"Mobile","affiliation-country":"United States"}],"prism:aggregationType":"Book","subtype":"bk","subtypeDescription":"Book","author-count":{"@limit": "100", "@total": "2", "$" :"2"},"author": [{"@_fa": "true", "@seq": "1", "author-url":"https://api.elsevier.com/content/author/author_id/7102960871","authid":"7102960871","authname":"Blake C.","surname":"Blake","given-name":"Charles H.","initials":"C.H.","afid": [{"@_fa": "true", "$" :"60005658"}]},{"@_fa": "true", "@seq": "2", "author-url":"https://api.elsevier.com/content/author/author_id/55417931400","authid":"55417931400","authname":"Morris S.","surname":"Morris","given-name":"Stephen D.","initials":"S.D.","afid": [{"@_fa": "true", "$" :"100781779"},{"@_fa": "true", "$" :"60000705"}]}],"source-id":"21100303586","fund-no":"undefined","openaccess":"0","openaccessFlag":false},{"@_fa": "true", "link": [{"@_fa": "true", "@ref": "self", "@href": "https://api.elsevier.com/content/abstract/scopus_id/84916995283"},{"@_fa": "true", "@ref": "author-affiliation", "@href": "https://api.elsevier.com/content/abstract/scopus_id/84916995283?field=author,affiliation"},{"@_fa": "true", "@ref": "scopus", "@href": "https://www.scopus.com/inward/record.uri?partnerID=HzOxMe3b&scp=84916995283&origin=inward"},{"@_fa": "true", "@ref": "scopus-citedby", "@href": "https://www.scopus.com/inward/citedby.uri?partnerID=HzOxMe3b&scp=84916995283&origin=inward"}],"prism:url":"https://api.elsevier.com/content/abstract/scopus_id/84916995283","dc:identifier":"SCOPUS_ID:84916995283","eid":"2-s2.0-84916995283","dc:title":"Patron-client politics and elections in Hong Kong","dc:creator":"Kwong B.","prism:publicationName":"Patron-Client Politics and Elections in Hong Kong","prism:isbn": [{"@_fa": "true", "$" :"020386493X"},{"@_fa": "true", "$" :"9780203864937"}],"prism:volume":"9780203864937","prism:pageRange":"1-156","prism:coverDate":"2009-11-23","prism:coverDisplayDate":"November 23, 2009","prism:doi":"10.4324/9780203864937","dc:description":"© 2010 Bruce Kam-kwan Kwong. All rights reserved. The study of patron-client politics is new to the study of Hong Kong political science. This book examines whether patron-client relations are critical to the electoral victory of candidates; how the political elites cultivate support from clients in order to obtain more votes during local elections; and tests the extent to which whether patron-client relations are crucial in order for candidates to obtain more ballots during elections. Covering patron-client politics and public administration in Hong Kong; the electoral dynamics including the Chief Executive elections and the Legislative Council elections; the cooptation of key elites by using patron-client mechanism; the study of the committees and elites who have been politically co-opted; the appointment mechanisms that have played a crucial role in patron-clientelism; and finally the China factor in the entire processes and politics of patron-client politics. Bruce Kwong finds that the better candidates cultivate patron-client relations, the greater their chance of winning the election; and the smaller the size of the electoral constituency, the greater the impact of patron-client relations. Finally, the book stresses the role of Beijing as a powerful patron shaping the Hong Kong Chief Executive and the latter's clients and analyzes the political implications and long-term consequences of patron-client politics in Hong Kong.","citedby-count":"4","affiliation": [{"@_fa": "true", "affiliation-url":"https://api.elsevier.com/content/affiliation/affiliation_id/60022317","afid":"60022317","affilname":"Universidade de Macau","affiliation-city":"Taipa","affiliation-country":"Macao"}],"prism:aggregationType":"Book","subtype":"bk","subtypeDescription":"Book","author-count":{"@limit": "100", "@total": "1", "$" :"1"},"author": [{"@_fa": "true", "@seq": "1", "author-url":"https://api.elsevier.com/content/author/author_id/18042384800","authid":"18042384800","authname":"Kwong B.","surname":"Kwong","given-name":"Bruce Kam kwan","initials":"B.K.k.","afid": [{"@_fa": "true", "$" :"60022317"}]}],"source-id":"21100351761","fund-no":"undefined","openaccess":"0","openaccessFlag":false},{"@_fa": "true", "link": [{"@_fa": "true", "@ref": "self", "@href": "https://api.elsevier.com/content/abstract/scopus_id/70350755574"},{"@_fa": "true", "@ref": "author-affiliation", "@href": "https://api.elsevier.com/content/abstract/scopus_id/70350755574?field=author,affiliation"},{"@_fa": "true", "@ref": "scopus", "@href": "https://www.scopus.com/inward/record.uri?partnerID=HzOxMe3b&scp=70350755574&origin=inward"},{"@_fa": "true", "@ref": "scopus-citedby", "@href": "https://www.scopus.com/inward/citedby.uri?partnerID=HzOxMe3b&scp=70350755574&origin=inward"}],"prism:url":"https://api.elsevier.com/content/abstract/scopus_id/70350755574","dc:identifier":"SCOPUS_ID:70350755574","eid":"2-s2.0-70350755574","dc:title":"\"Heading for the gun\": Skills and sophistication in an African guerrilla war","dc:creator":"White L.","prism:publicationName":"Comparative Studies in Society and History","prism:issn":"00104175","prism:eIssn":"14752999","prism:volume":"51","prism:issueIdentifier":"2","prism:pageRange":"236-259","prism:coverDate":"2009-11-11","prism:coverDisplayDate":"2009","prism:doi":"10.1017/S0010417509000115","pii":"S0010417509000115","dc:description":"For much of the last seventy-five years African combatants, especially in wars of their own making, have not been seen as masters of the guns they shoot. In Kenya in the 1950s, for example, captured Mau Mau were humiliated: they were taken to shooting ranges where they failed to hit a target with their guns. More recently, rebels in southern Sudan considered guns poor, if effective substitutes for more embodied weapons like spears, while young men in Sierra Leone fought with the weapons at hand such as knives or machetes, because they were too poor to obtain guns. When the armies of Ethiopia and Eritrea fought well and hard with sophisticated weapons, it was said to be the result of Cold War rivalries or national agendas gone berserk. Rhodesia's bush war, Zimbabweans' liberation struggle, suggests something else, a space shaped by technology and clientelism in which guns, most especially guns in guerrilla hands, exemplify very specific European ideas about Africans, that they are skilled and sophisticated. © 2009 Society for the Comparative Study of Society and History.","citedby-count":"4","affiliation": [{"@_fa": "true", "affiliation-url":"https://api.elsevier.com/content/affiliation/affiliation_id/60013959","afid":"60013959","affilname":"University of Florida","affiliation-city":"Gainesville","affiliation-country":"United States"}],"prism:aggregationType":"Journal","subtype":"ar","subtypeDescription":"Article","author-count":{"@limit": "100", "@total": "1", "$" :"1"},"author": [{"@_fa": "true", "@seq": "1", "author-url":"https://api.elsevier.com/content/author/author_id/16556944400","authid":"16556944400","authname":"White L.","surname":"White","given-name":"Luise","initials":"L.","afid": [{"@_fa": "true", "$" :"60013959"}]}],"source-id":"17670","fund-no":"undefined","openaccess":"0","openaccessFlag":false},{"@_fa": "true", "link": [{"@_fa": "true", "@ref": "self", "@href": "https://api.elsevier.com/content/abstract/scopus_id/70350786333"},{"@_fa": "true", "@ref": "author-affiliation", "@href": "https://api.elsevier.com/content/abstract/scopus_id/70350786333?field=author,affiliation"},{"@_fa": "true", "@ref": "scopus", "@href": "https://www.scopus.com/inward/record.uri?partnerID=HzOxMe3b&scp=70350786333&origin=inward"},{"@_fa": "true", "@ref": "scopus-citedby", "@href": "https://www.scopus.com/inward/citedby.uri?partnerID=HzOxMe3b&scp=70350786333&origin=inward"}],"prism:url":"https://api.elsevier.com/content/abstract/scopus_id/70350786333","dc:identifier":"SCOPUS_ID:70350786333","eid":"2-s2.0-70350786333","dc:title":"Active citizenship or passive clientelism? Accountability and development in Solomon Islands","dc:creator":"Cox J.","prism:publicationName":"Development in Practice","prism:issn":"09614524","prism:eIssn":"13649213","prism:volume":"19","prism:issueIdentifier":"8","prism:pageRange":"964-980","prism:coverDate":"2009-11-01","prism:coverDisplayDate":"November 2009","prism:doi":"10.1080/09614520903220784","dc:description":"Active citizenship and participatory community-development approaches have evolved partly in response to perceived aid-dependency among rural communities. In Solomon Islands these methods have met with mixed success. This article reflects on the frustration often felt by local and international development workers when working with rural communities. It questions some of the assumptions that shape the way in which development workers and programmes understand the types of community which make up Solomon Islands. © 2009 Oxfam GB.","citedby-count":"16","affiliation": [{"@_fa": "true", "affiliation-url":"https://api.elsevier.com/content/affiliation/affiliation_id/60026553","afid":"60026553","affilname":"University of Melbourne","affiliation-city":"Parkville","affiliation-country":"Australia"}],"prism:aggregationType":"Journal","subtype":"ar","subtypeDescription":"Article","author-count":{"@limit": "100", "@total": "1", "$" :"1"},"author": [{"@_fa": "true", "@seq": "1", "author-url":"https://api.elsevier.com/content/author/author_id/7404023322","authid":"7404023322","authname":"Cox J.","surname":"Cox","given-name":"John","initials":"J.","afid": [{"@_fa": "true", "$" :"60026553"}]}],"authkeywords":"Civil Society | Oceania and Japan","source-id":"14100","fund-no":"undefined","openaccess":"0","openaccessFlag":false},{"@_fa": "true", "link": [{"@_fa": "true", "@ref": "self", "@href": "https://api.elsevier.com/content/abstract/scopus_id/70350768886"},{"@_fa": "true", "@ref": "author-affiliation", "@href": "https://api.elsevier.com/content/abstract/scopus_id/70350768886?field=author,affiliation"},{"@_fa": "true", "@ref": "scopus", "@href": "https://www.scopus.com/inward/record.uri?partnerID=HzOxMe3b&scp=70350768886&origin=inward"},{"@_fa": "true", "@ref": "scopus-citedby", "@href": "https://www.scopus.com/inward/citedby.uri?partnerID=HzOxMe3b&scp=70350768886&origin=inward"}],"prism:url":"https://api.elsevier.com/content/abstract/scopus_id/70350768886","dc:identifier":"SCOPUS_ID:70350768886","eid":"2-s2.0-70350768886","dc:title":"Resource curse or rentier peace? the ambiguous effects of oil wealth and oil dependence on violent conflict","dc:creator":"Basedau M.","prism:publicationName":"Journal of Peace Research","prism:issn":"00223433","prism:eIssn":"14603578","prism:volume":"46","prism:issueIdentifier":"6","prism:pageRange":"757-776","prism:coverDate":"2009-11-01","prism:coverDisplayDate":"November 2009","prism:doi":"10.1177/0022343309340500","dc:description":"The 'resource curse' hypothesis claims that abundance in natural resources, particularly oil, encourages especially civil war. Natural resources provide both motive and opportunity for conflict and create indirect institutional and economic causes of instability. Contrarily, the theory of the rentier state - largely neglected in the study of peace and war in this respect - suggests that regimes use revenue from abundant resources to buy off peace through patronage, large-scale distributive policies and effective repression. Consequently, such rentier states would tend to be more stable politically and less prone to conflict. These two theories thus imply ambivalent effects of resource abundance on conflict proneness. This article presents part of a solution to this apparent puzzle for the case of oil-producing countries. The key argument is that both resource wealth per capita and resource dependence need to be taken into account, since only the availability of very high per capita revenues from oil allows governments to achieve internal stability. The empirical analysis supports this hypothesis. The findings of multivariate cross-country regressions indicate a U-shaped relationship between oil dependence and civil war onset, while high resource wealth per capita tends to be associated with less violence. The results of a macro-qualitative comparison for a reduced sample of highly dependent oil exporters are even more clearcut. Using the same reduced sample, we find that oil-wealthy countries apparently manage to maintain political stability by a combination of large-scale distribution, high spending on the security apparatus and protection by outsiders. Compared to oil-poor countries and in contradiction to the rentier state theory, the institutions of oil-wealthy countries do not seem to be particularly characterized by patronage and clientelism. © The Author(s), 2009.","citedby-count":"101","affiliation": [{"@_fa": "true", "affiliation-url":"https://api.elsevier.com/content/affiliation/affiliation_id/60077872","afid":"60077872","affilname":"Leibniz-Institut für Globale und Regionale Studien","affiliation-city":"Hamburg","affiliation-country":"Germany"}],"prism:aggregationType":"Journal","subtype":"ar","subtypeDescription":"Article","author-count":{"@limit": "100", "@total": "2", "$" :"2"},"author": [{"@_fa": "true", "@seq": "1", "author-url":"https://api.elsevier.com/content/author/author_id/6507304363","authid":"6507304363","authname":"Basedau M.","surname":"Basedau","given-name":"Matthias","initials":"M.","afid": [{"@_fa": "true", "$" :"60077872"}]},{"@_fa": "true", "@seq": "2", "author-url":"https://api.elsevier.com/content/author/author_id/23035354600","authid":"23035354600","authname":"Lay J.","surname":"Lay","given-name":"Jann","initials":"J.","afid": [{"@_fa": "true", "$" :"60077872"}]}],"source-id":"26362","fund-no":"undefined","openaccess":"0","openaccessFlag":false},{"@_fa": "true", "link": [{"@_fa": "true", "@ref": "self", "@href": "https://api.elsevier.com/content/abstract/scopus_id/70350303854"},{"@_fa": "true", "@ref": "author-affiliation", "@href": "https://api.elsevier.com/content/abstract/scopus_id/70350303854?field=author,affiliation"},{"@_fa": "true", "@ref": "scopus", "@href": "https://www.scopus.com/inward/record.uri?partnerID=HzOxMe3b&scp=70350303854&origin=inward"},{"@_fa": "true", "@ref": "scopus-citedby", "@href": "https://www.scopus.com/inward/citedby.uri?partnerID=HzOxMe3b&scp=70350303854&origin=inward"}],"prism:url":"https://api.elsevier.com/content/abstract/scopus_id/70350303854","dc:identifier":"SCOPUS_ID:70350303854","eid":"2-s2.0-70350303854","dc:title":"Weapons of mass destruction: Land, ethnicity and the 2007 elections in Kenya","dc:creator":"Rutten M.","prism:publicationName":"Journal of Contemporary African Studies","prism:issn":"02589001","prism:eIssn":"14699397","prism:volume":"27","prism:issueIdentifier":"3","prism:pageRange":"305-324","prism:coverDate":"2009-10-28","prism:coverDisplayDate":"2009","prism:doi":"10.1080/02589000903118904","pii":"915760960","dc:description":"A number of political commentators, the media and observers have portrayed the 2007 election violence in Kenya as an ethnic conflict between two of the largest tribal opposing factions: the Kikuyu and the Luo. However, the situation in a multi-ethnic country like Kenya could prove to be much more complicated than one may think. According to Mueller (2008, 186) the violence was a result of weak institutions, mostly overridden by a highly personalised and centralised presidency that does not exercise the autonomy or checks and balances normally associated with democracies and political parties that are not programmatic, driven by ethnic clientism, and have a winner-take-all view of political and its associated economic by-products. Africa Policy Institute (2008) described it as a crisis of democratic transformation typically experienced by countries facing a closely contested election or election dispute. During an interview at the Wilson Centre on 10 January 2008, Maina Kiai said that 'this is not an ethnic conflict; this is a political conflict with ethnic overtones' caused by the lack of transparency in the elections. Githinji and Holmquist (2008, 344) argue that the crisis is best understood not simply as ethnic rivalry for power but rather as a product of rising expectations due to the increase in democratic space in the last five years combined with the frustration of exclusion on the economic and political front. Finally, others are of the opinion that the violence was a spontaneous reaction targeted against Kenya's stolen election. If the historical perspective outlined below is anything to go by, there is more to the violence than solely the perceived ethnic conflict. Kenya's crisis, including the 2007 election violence, has deep historical roots.","citedby-count":"19","affiliation": [{"@_fa": "true", "affiliation-url":"https://api.elsevier.com/content/affiliation/affiliation_id/60048717","afid":"60048717","affilname":"University of Nairobi","affiliation-city":"Nairobi","affiliation-country":"Kenya"},{"@_fa": "true", "affiliation-url":"https://api.elsevier.com/content/affiliation/affiliation_id/100756807","afid":"100756807","affilname":"African Studies Centre","affiliation-city":"Leiden","affiliation-country":"Netherlands"}],"prism:aggregationType":"Journal","subtype":"ar","subtypeDescription":"Article","author-count":{"@limit": "100", "@total": "2", "$" :"2"},"author": [{"@_fa": "true", "@seq": "1", "author-url":"https://api.elsevier.com/content/author/author_id/57202701327","authid":"57202701327","authname":"Rutten M.","surname":"Rutten","given-name":"Marcel","initials":"M.","afid": [{"@_fa": "true", "$" :"100756807"}]},{"@_fa": "true", "@seq": "2", "author-url":"https://api.elsevier.com/content/author/author_id/16230959000","authid":"16230959000","authname":"Owuor S.","surname":"Owuor","given-name":"Sam","initials":"S.","afid": [{"@_fa": "true", "$" :"60048717"}]}],"authkeywords":"Conflict | Ethnic clientism | Ethnicity | Land | Stolen election | Violence","source-id":"27665","fund-no":"undefined","openaccess":"0","openaccessFlag":false},{"@_fa": "true", "link": [{"@_fa": "true", "@ref": "self", "@href": "https://api.elsevier.com/content/abstract/scopus_id/70349884152"},{"@_fa": "true", "@ref": "author-affiliation", "@href": "https://api.elsevier.com/content/abstract/scopus_id/70349884152?field=author,affiliation"},{"@_fa": "true", "@ref": "scopus", "@href": "https://www.scopus.com/inward/record.uri?partnerID=HzOxMe3b&scp=70349884152&origin=inward"},{"@_fa": "true", "@ref": "scopus-citedby", "@href": "https://www.scopus.com/inward/citedby.uri?partnerID=HzOxMe3b&scp=70349884152&origin=inward"}],"prism:url":"https://api.elsevier.com/content/abstract/scopus_id/70349884152","dc:identifier":"SCOPUS_ID:70349884152","eid":"2-s2.0-70349884152","dc:title":"Clientelism, Communitaranism and Territorial Fragmentation in Syria","dc:creator":"Balanche F.","prism:publicationName":"Contrario","prism:issn":"16607880","prism:volume":"11","prism:issueIdentifier":"1","prism:pageRange":"122-150","prism:coverDate":"2009-10-16","prism:coverDisplayDate":"2009","citedby-count":"3","prism:aggregationType":"Journal","subtype":"ar","subtypeDescription":"Article","author-count":{"@limit": "100", "@total": "1", "$" :"1"},"author": [{"@_fa": "true", "@seq": "1", "author-url":"https://api.elsevier.com/content/author/author_id/6506675799","authid":"6506675799","authname":"Balanche F.","surname":"Balanche","given-name":"Fabrice","initials":"F."}],"source-id":"5700161051","fund-no":"undefined","openaccess":"0","openaccessFlag":false},{"@_fa": "true", "link": [{"@_fa": "true", "@ref": "self", "@href": "https://api.elsevier.com/content/abstract/scopus_id/70350614315"},{"@_fa": "true", "@ref": "author-affiliation", "@href": "https://api.elsevier.com/content/abstract/scopus_id/70350614315?field=author,affiliation"},{"@_fa": "true", "@ref": "scopus", "@href": "https://www.scopus.com/inward/record.uri?partnerID=HzOxMe3b&scp=70350614315&origin=inward"},{"@_fa": "true", "@ref": "scopus-citedby", "@href": "https://www.scopus.com/inward/citedby.uri?partnerID=HzOxMe3b&scp=70350614315&origin=inward"}],"prism:url":"https://api.elsevier.com/content/abstract/scopus_id/70350614315","dc:identifier":"SCOPUS_ID:70350614315","eid":"2-s2.0-70350614315","dc:title":"Clientelism and polarized voting: Empirical evidence","dc:creator":"Gërxhani K.","prism:publicationName":"Public Choice","prism:issn":"00485829","prism:volume":"141","prism:issueIdentifier":"3","prism:pageRange":"305-317","prism:coverDate":"2009-10-01","prism:coverDisplayDate":"October 2009","prism:doi":"10.1007/s11127-009-9453-8","dc:description":"One must take country-specific institutional features into account when analyzing former communist countries' transformation process to new political institutions. We do so for post-communist Albania, where the regional and cultural polarization that has existed for centuries has evolved to clientelism in the new democracy. We show how clientelistic parties give rise to very particular voting patterns. These reveal major differences across regions not only in party choice but also in voters' responses to government policies. These responses depend on the party in government and on the region concerned. This is in sharp contrast with results obtained when applying the same model to a large number of more advanced democracies with similar electoral institutions. A proper evaluation of democratization in Albania thus requires looking beyond the formal institutions governing elections and taking clientelism and its effect on voter behavior into account. © The Author(s) 2009.","citedby-count":"6","affiliation": [{"@_fa": "true", "affiliation-url":"https://api.elsevier.com/content/affiliation/affiliation_id/60002483","afid":"60002483","affilname":"University of Amsterdam","affiliation-city":"Amsterdam","affiliation-country":"Netherlands"}],"prism:aggregationType":"Journal","subtype":"ar","subtypeDescription":"Article","author-count":{"@limit": "100", "@total": "2", "$" :"2"},"author": [{"@_fa": "true", "@seq": "1", "author-url":"https://api.elsevier.com/content/author/author_id/7801499059","authid":"7801499059","authname":"Gërxhani K.","surname":"Gërxhani","given-name":"Klarita","initials":"K.","afid": [{"@_fa": "true", "$" :"60002483"}]},{"@_fa": "true", "@seq": "2", "author-url":"https://api.elsevier.com/content/author/author_id/7005694143","authid":"7005694143","authname":"Schram A.","surname":"Schram","given-name":"Arthur","initials":"A.","afid": [{"@_fa": "true", "$" :"60002483"}]}],"authkeywords":"Clientelism | Electoral democracy | Polarization | Vote functions","source-id":"23611","fund-no":"undefined","openaccess":"1","openaccessFlag":true},{"@_fa": "true", "link": [{"@_fa": "true", "@ref": "self", "@href": "https://api.elsevier.com/content/abstract/scopus_id/69949111700"},{"@_fa": "true", "@ref": "author-affiliation", "@href": "https://api.elsevier.com/content/abstract/scopus_id/69949111700?field=author,affiliation"},{"@_fa": "true", "@ref": "scopus", "@href": "https://www.scopus.com/inward/record.uri?partnerID=HzOxMe3b&scp=69949111700&origin=inward"},{"@_fa": "true", "@ref": "scopus-citedby", "@href": "https://www.scopus.com/inward/citedby.uri?partnerID=HzOxMe3b&scp=69949111700&origin=inward"}],"prism:url":"https://api.elsevier.com/content/abstract/scopus_id/69949111700","dc:identifier":"SCOPUS_ID:69949111700","eid":"2-s2.0-69949111700","dc:title":"Women's electoral participation in Egypt: The implications of gender for voter recruitment and mobilization","dc:creator":"Blaydes L.","prism:publicationName":"Middle East Journal","prism:issn":"00263141","prism:volume":"63","prism:issueIdentifier":"3","prism:pageRange":"364-380","prism:coverDate":"2009-09-11","prism:coverDisplayDate":"2009","prism:doi":"10.3751/63.3.11","dc:description":"To what extent do gender considerations impact voter recruitment strategies in Middle Eastern elections? Based on an examination of voting behavior in Egypt, we find that clientelist voter recruitment tends to empower women economically rather than politically as elections provide an opportunity for disadvantaged women to sell their vote to local vote brokers or offer their vote to a local patron in exchange for a future payoff. In contrast, women who vote for Islamist candidates may be able to increase the influence of their political support by creating common knowledge about the popularity of their candidate and by reducing the effectiveness of government repression. © Middle East Institute.","citedby-count":"14","affiliation": [{"@_fa": "true", "affiliation-url":"https://api.elsevier.com/content/affiliation/affiliation_id/60012708","afid":"60012708","affilname":"Stanford University","affiliation-city":"Palo Alto","affiliation-country":"United States"},{"@_fa": "true", "affiliation-url":"https://api.elsevier.com/content/affiliation/affiliation_id/101995783","afid":"101995783","affilname":"British University","affiliation-city":null,"affiliation-country":"Egypt"}],"prism:aggregationType":"Journal","subtype":"ar","subtypeDescription":"Article","author-count":{"@limit": "100", "@total": "2", "$" :"2"},"author": [{"@_fa": "true", "@seq": "1", "author-url":"https://api.elsevier.com/content/author/author_id/6506556076","authid":"6506556076","authname":"Blaydes L.","surname":"Blaydes","given-name":"Lisa","initials":"L.","afid": [{"@_fa": "true", "$" :"60012708"}]},{"@_fa": "true", "@seq": "2", "author-url":"https://api.elsevier.com/content/author/author_id/36713358600","authid":"36713358600","authname":"El Tarouty S.","surname":"El Tarouty","given-name":"Safinaz","initials":"S.","afid": [{"@_fa": "true", "$" :"101995783"}]}],"source-id":"26853","fund-no":"undefined","openaccess":"0","openaccessFlag":false},{"@_fa": "true", "link": [{"@_fa": "true", "@ref": "self", "@href": "https://api.elsevier.com/content/abstract/scopus_id/84924953663"},{"@_fa": "true", "@ref": "author-affiliation", "@href": "https://api.elsevier.com/content/abstract/scopus_id/84924953663?field=author,affiliation"},{"@_fa": "true", "@ref": "scopus", "@href": "https://www.scopus.com/inward/record.uri?partnerID=HzOxMe3b&scp=84924953663&origin=inward"},{"@_fa": "true", "@ref": "scopus-citedby", "@href": "https://www.scopus.com/inward/citedby.uri?partnerID=HzOxMe3b&scp=84924953663&origin=inward"}],"prism:url":"https://api.elsevier.com/content/abstract/scopus_id/84924953663","dc:identifier":"SCOPUS_ID:84924953663","eid":"2-s2.0-84924953663","dc:title":"Political Clientelism","dc:creator":"Stokes S.","prism:publicationName":"The Oxford Handbook of Comparative Politics","prism:isbn": [{"@_fa": "true", "$" :"9780191577482"},{"@_fa": "true", "$" :"9780199566020"}],"prism:pageRange":null,"prism:coverDate":"2009-09-02","prism:coverDisplayDate":"September 02, 2009","prism:doi":"10.1093/oxfordhb/9780199566020.003.0025","dc:description":"© The Several Contributors 2007. All rights reserved. This article studies political clientelism. In the first section, the term clientelism can be defined as giving material goods in return for electoral support, where the criterion of distribution that the patron uses is simply: did you/will you support me? This section includes definitions of vote buying and patronage. The two waves of studies of clientelism and the link between clientelism and commitment are discussed in the subsequent sections. In the latter half of the article, the discussion tries to determine if clients are swing voters or core supporters, and looks at the causes and consequences of clientelism.","citedby-count":"27","affiliation": [{"@_fa": "true", "affiliation-url":"https://api.elsevier.com/content/affiliation/affiliation_id/60005455","afid":"60005455","affilname":"Yale University","affiliation-city":"New Haven","affiliation-country":"United States"}],"prism:aggregationType":"Book","subtype":"ch","subtypeDescription":"Chapter","author-count":{"@limit": "100", "@total": "1", "$" :"1"},"author": [{"@_fa": "true", "@seq": "1", "author-url":"https://api.elsevier.com/content/author/author_id/7101743691","authid":"7101743691","authname":"Stokes S.","surname":"Stokes","given-name":"Susan C.","initials":"S.C.","afid": [{"@_fa": "true", "$" :"60005455"}]}],"authkeywords":"Causes | Commitment | Consequences | Core supporters | Electoral support | Patronage | Political clientelism | Studies | Swing voters | Vote buying","source-id":"21100379754","fund-no":"undefined","openaccess":"0","openaccessFlag":false},{"@_fa": "true", "link": [{"@_fa": "true", "@ref": "self", "@href": "https://api.elsevier.com/content/abstract/scopus_id/69449098190"},{"@_fa": "true", "@ref": "author-affiliation", "@href": "https://api.elsevier.com/content/abstract/scopus_id/69449098190?field=author,affiliation"},{"@_fa": "true", "@ref": "scopus", "@href": "https://www.scopus.com/inward/record.uri?partnerID=HzOxMe3b&scp=69449098190&origin=inward"},{"@_fa": "true", "@ref": "scopus-citedby", "@href": "https://www.scopus.com/inward/citedby.uri?partnerID=HzOxMe3b&scp=69449098190&origin=inward"}],"prism:url":"https://api.elsevier.com/content/abstract/scopus_id/69449098190","dc:identifier":"SCOPUS_ID:69449098190","eid":"2-s2.0-69449098190","dc:title":"Ideology, clientelism and the 'fascistization' of the Italian state: Fascists in the interior ministry police","dc:creator":"Dunnage J.","prism:publicationName":"Journal of Modern Italian Studies","prism:issn":"1354571X","prism:volume":"14","prism:issueIdentifier":"3","prism:pageRange":null,"prism:coverDate":"2009-09-01","prism:coverDisplayDate":"September 2009","prism:doi":"10.1080/13545710903031739","pii":"913887990","dc:description":"This is a study of fascist police personnel under Mussolini's dictatorship. Based on an examination of the personal files of the Interior Ministry police, the article questions how far the recruitment and/or promotion during the mid-to-late 1920s of fascist police officers and officials, several of whom had been involved in the black-shirt movement before the March on Rome, represented an effective 'fascistization' strategy. If their presence led to a 'fascistization' of the police of sorts, they generally distinguished themselves neither as 'good' policemen nor as 'good' fascists. The professional attitudes and ideological outlooks of fascist policemen should be considered in the broader context of clientelism and factionalism which characterized public life in Italy and which played a key role in career advancement in the state. © 2009 Taylor & Francis.","citedby-count":"2","affiliation": [{"@_fa": "true", "affiliation-url":"https://api.elsevier.com/content/affiliation/affiliation_id/60004572","afid":"60004572","affilname":"Swansea University","affiliation-city":"Swansea","affiliation-country":"United Kingdom"}],"prism:aggregationType":"Journal","subtype":"re","subtypeDescription":"Review","author-count":{"@limit": "100", "@total": "1", "$" :"1"},"author": [{"@_fa": "true", "@seq": "1", "author-url":"https://api.elsevier.com/content/author/author_id/26034163800","authid":"26034163800","authname":"Dunnage J.","surname":"Dunnage","given-name":"Jonathan","initials":"J.","afid": [{"@_fa": "true", "$" :"60004572"}]}],"authkeywords":"Clientelism | Fascism | Ideology | Institutional culture | Police","source-id":"15693","fund-no":"undefined","openaccess":"0","openaccessFlag":false},{"@_fa": "true", "link": [{"@_fa": "true", "@ref": "self", "@href": "https://api.elsevier.com/content/abstract/scopus_id/73049110983"},{"@_fa": "true", "@ref": "author-affiliation", "@href": "https://api.elsevier.com/content/abstract/scopus_id/73049110983?field=author,affiliation"},{"@_fa": "true", "@ref": "scopus", "@href": "https://www.scopus.com/inward/record.uri?partnerID=HzOxMe3b&scp=73049110983&origin=inward"},{"@_fa": "true", "@ref": "scopus-citedby", "@href": "https://www.scopus.com/inward/citedby.uri?partnerID=HzOxMe3b&scp=73049110983&origin=inward"}],"prism:url":"https://api.elsevier.com/content/abstract/scopus_id/73049110983","dc:identifier":"SCOPUS_ID:73049110983","eid":"2-s2.0-73049110983","dc:title":"Patronage politics and contentious collective action: A recursive relationship","dc:creator":"Auyero J.","prism:publicationName":"Latin American Politics and Society","prism:issn":"1531426X","prism:volume":"51","prism:issueIdentifier":"3","prism:pageRange":"1-31","prism:coverDate":"2009-09-01","prism:coverDisplayDate":"September 2009","prism:doi":"10.1111/j.1548-2456.2009.00054.x","dc:description":"Based on ethnographic reanalysis and on current qualitative research on poor people's politics, this article argues that routine patronage politics and nonroutine collective action should be examined not as opposite and conflicting political phenomena but as dynamic processes that often establish recursive relationships. Through a series of case studies conducted in contemporary Argentina, this article examines four instances in which patronage and collective action intersect and interact: network breakdown, patron's certification, clandestine support, and reaction to threat. These four scenarios demonstrate that more than two opposing spheres of action or two different forms of sociability, patronage, and contentious politics can be mutually imbricated. Either when it malfunctions or when it thrives, clientelism may lie at the root of collective action. © 2009 University of Miami.","citedby-count":"57","prism:aggregationType":"Journal","subtype":"ar","subtypeDescription":"Article","author-count":{"@limit": "100", "@total": "3", "$" :"3"},"author": [{"@_fa": "true", "@seq": "1", "author-url":"https://api.elsevier.com/content/author/author_id/6602210641","authid":"6602210641","authname":"Auyero J.","surname":"Auyero","given-name":"Javier","initials":"J."},{"@_fa": "true", "@seq": "2", "author-url":"https://api.elsevier.com/content/author/author_id/35320129600","authid":"35320129600","authname":"Lapegna P.","surname":"Lapegna","given-name":"Pablo","initials":"P."},{"@_fa": "true", "@seq": "3", "author-url":"https://api.elsevier.com/content/author/author_id/35320230100","authid":"35320230100","authname":"Poma F.","surname":"Poma","given-name":"Fernanda Page","initials":"F.P."}],"source-id":"26459","fund-no":"undefined","openaccess":"0","openaccessFlag":false},{"@_fa": "true", "link": [{"@_fa": "true", "@ref": "self", "@href": "https://api.elsevier.com/content/abstract/scopus_id/77952246852"},{"@_fa": "true", "@ref": "author-affiliation", "@href": "https://api.elsevier.com/content/abstract/scopus_id/77952246852?field=author,affiliation"},{"@_fa": "true", "@ref": "scopus", "@href": "https://www.scopus.com/inward/record.uri?partnerID=HzOxMe3b&scp=77952246852&origin=inward"},{"@_fa": "true", "@ref": "scopus-citedby", "@href": "https://www.scopus.com/inward/citedby.uri?partnerID=HzOxMe3b&scp=77952246852&origin=inward"}],"prism:url":"https://api.elsevier.com/content/abstract/scopus_id/77952246852","dc:identifier":"SCOPUS_ID:77952246852","eid":"2-s2.0-77952246852","dc:title":"Las misiones educativas: ¿política pública para la inclusión o estrategia para el clientelismo político?","dc:creator":"Mundó M.","prism:publicationName":"Cuadernos del Cendes","prism:issn":"10122508","prism:volume":"26","prism:issueIdentifier":"71","prism:pageRange":"27-65","prism:coverDate":"2009-08-01","prism:coverDisplayDate":"August 2009","dc:description":"Under the name «missions», a set of social programs was implemented in 2003, that has become emblematic of the bolivarian revolution's policy measures towards the excluded, being at the same time a source of legitimation for the ones in power. The emotional appeal accompanying its execution has been a polarization and segmentation factor among the Venezuela society. This essay seeks to systematize and integrate information about the educational missions, following recommendations of public policies analysis and evaluation, considering that sooner or later Venezuelans will have to assess this initiative. In that way they will be able to identify the lessons offered and to discard or incorporate them in the design of institutional strategies, favoring quality learning in the education for all.","citedby-count":"3","affiliation": [{"@_fa": "true", "affiliation-url":"https://api.elsevier.com/content/affiliation/affiliation_id/60001197","afid":"60001197","affilname":"Universidad Central de Venezuela","affiliation-city":"Caracas","affiliation-country":"Venezuela"}],"prism:aggregationType":"Journal","subtype":"ar","subtypeDescription":"Article","author-count":{"@limit": "100", "@total": "1", "$" :"1"},"author": [{"@_fa": "true", "@seq": "1", "author-url":"https://api.elsevier.com/content/author/author_id/36027151900","authid":"36027151900","authname":"Mundó M.","surname":"Mundó","given-name":"Mabel","initials":"M.","afid": [{"@_fa": "true", "$" :"60001197"}]}],"authkeywords":"Education for all | Educational missions | Educational public policies | Inclusion | Literacy | Political clientelism","source-id":"18736","fund-no":"undefined","openaccess":"0","openaccessFlag":false},{"@_fa": "true", "link": [{"@_fa": "true", "@ref": "self", "@href": "https://api.elsevier.com/content/abstract/scopus_id/70349213959"},{"@_fa": "true", "@ref": "author-affiliation", "@href": "https://api.elsevier.com/content/abstract/scopus_id/70349213959?field=author,affiliation"},{"@_fa": "true", "@ref": "scopus", "@href": "https://www.scopus.com/inward/record.uri?partnerID=HzOxMe3b&scp=70349213959&origin=inward"},{"@_fa": "true", "@ref": "scopus-citedby", "@href": "https://www.scopus.com/inward/citedby.uri?partnerID=HzOxMe3b&scp=70349213959&origin=inward"}],"prism:url":"https://api.elsevier.com/content/abstract/scopus_id/70349213959","dc:identifier":"SCOPUS_ID:70349213959","eid":"2-s2.0-70349213959","dc:title":"Look who's talking!: Second thoughts about NGOs as representing civil society","dc:creator":"Holmén H.","prism:publicationName":"Journal of Asian and African Studies","prism:issn":"00219096","prism:eIssn":"17452538","prism:volume":"44","prism:issueIdentifier":"4","prism:pageRange":"429-448","prism:coverDate":"2009-08-01","prism:coverDisplayDate":"August 2009","prism:doi":"10.1177/0021909609105093","dc:description":"Non-governmental organizations (NGOs) are major players in development aid today. It is widely believed they represent civil society and that, for example, the UN and the World Bank would be strengthened if NGOs were given a larger influence over policy formulation and development. As one can hardly speak of an NGO community, the issue of representation is far from easily solved. NGOs often compete for visibility, clients and influence, and representation leaves a lot to be desired. Hence, governments' and inter-governmental institutions' reluctance to accept immediately NGOs as partners, may be necessary for NGOs to become representative and, paradoxically, for strengthening civil society as well. Copyright © 2009 SAGE Publications.","citedby-count":"14","affiliation": [{"@_fa": "true", "affiliation-url":"https://api.elsevier.com/content/affiliation/affiliation_id/60029170","afid":"60029170","affilname":"Lunds Universitet","affiliation-city":"Lund","affiliation-country":"Sweden"},{"@_fa": "true", "affiliation-url":"https://api.elsevier.com/content/affiliation/affiliation_id/60009358","afid":"60009358","affilname":"Linköpings universitet","affiliation-city":"Linkoping","affiliation-country":"Sweden"}],"prism:aggregationType":"Journal","subtype":"ar","subtypeDescription":"Article","author-count":{"@limit": "100", "@total": "2", "$" :"2"},"author": [{"@_fa": "true", "@seq": "1", "author-url":"https://api.elsevier.com/content/author/author_id/6603227396","authid":"6603227396","authname":"Holmén H.","surname":"Holmén","given-name":"Hans","initials":"H.","afid": [{"@_fa": "true", "$" :"60009358"}]},{"@_fa": "true", "@seq": "2", "author-url":"https://api.elsevier.com/content/author/author_id/6507382219","authid":"6507382219","authname":"Jirström M.","surname":"Jirström","given-name":"Magnus","initials":"M.","afid": [{"@_fa": "true", "$" :"60029170"}]}],"authkeywords":"Campaigning | Civil society | Networking | NGO | Representation | Social forum","source-id":"15593","fund-no":"undefined","openaccess":"0","openaccessFlag":false},{"@_fa": "true", "link": [{"@_fa": "true", "@ref": "self", "@href": "https://api.elsevier.com/content/abstract/scopus_id/67651250077"},{"@_fa": "true", "@ref": "author-affiliation", "@href": "https://api.elsevier.com/content/abstract/scopus_id/67651250077?field=author,affiliation"},{"@_fa": "true", "@ref": "scopus", "@href": "https://www.scopus.com/inward/record.uri?partnerID=HzOxMe3b&scp=67651250077&origin=inward"},{"@_fa": "true", "@ref": "scopus-citedby", "@href": "https://www.scopus.com/inward/citedby.uri?partnerID=HzOxMe3b&scp=67651250077&origin=inward"}],"prism:url":"https://api.elsevier.com/content/abstract/scopus_id/67651250077","dc:identifier":"SCOPUS_ID:67651250077","eid":"2-s2.0-67651250077","dc:title":"Competitive clientelism in the middle east","dc:creator":"Lust E.","prism:publicationName":"Journal of Democracy","prism:issn":"10455736","prism:volume":"20","prism:issueIdentifier":"3","prism:pageRange":"122-135","prism:coverDate":"2009-07-31","prism:coverDisplayDate":"2009","citedby-count":"85","affiliation": [{"@_fa": "true", "affiliation-url":"https://api.elsevier.com/content/affiliation/affiliation_id/60005455","afid":"60005455","affilname":"Yale University","affiliation-city":"New Haven","affiliation-country":"United States"}],"prism:aggregationType":"Journal","subtype":"ar","subtypeDescription":"Article","author-count":{"@limit": "100", "@total": "1", "$" :"1"},"author": [{"@_fa": "true", "@seq": "1", "author-url":"https://api.elsevier.com/content/author/author_id/28767753100","authid":"28767753100","authname":"Lust E.","surname":"Lust","given-name":"Ellen","initials":"E.","afid": [{"@_fa": "true", "$" :"60005455"}]}],"source-id":"19877","fund-no":"undefined","openaccess":"0","openaccessFlag":false},{"@_fa": "true", "link": [{"@_fa": "true", "@ref": "self", "@href": "https://api.elsevier.com/content/abstract/scopus_id/77449134461"},{"@_fa": "true", "@ref": "author-affiliation", "@href": "https://api.elsevier.com/content/abstract/scopus_id/77449134461?field=author,affiliation"},{"@_fa": "true", "@ref": "scopus", "@href": "https://www.scopus.com/inward/record.uri?partnerID=HzOxMe3b&scp=77449134461&origin=inward"},{"@_fa": "true", "@ref": "scopus-citedby", "@href": "https://www.scopus.com/inward/citedby.uri?partnerID=HzOxMe3b&scp=77449134461&origin=inward"}],"prism:url":"https://api.elsevier.com/content/abstract/scopus_id/77449134461","dc:identifier":"SCOPUS_ID:77449134461","eid":"2-s2.0-77449134461","dc:title":"The Philippines: Predatory regime, growing authoritarian features","dc:creator":"Quimpo N.","prism:publicationName":"Pacific Review","prism:issn":"09512748","prism:eIssn":"14701332","prism:volume":"22","prism:issueIdentifier":"3","prism:pageRange":"335-353","prism:coverDate":"2009-07-01","prism:coverDisplayDate":"July 2009","prism:doi":"10.1080/09512740903068388","dc:description":"Over the past decade, and especially over the past few years, political corruption, fraud and violence in the Philippines have reached such alarming levels that many Filipinos have grown despondent, even cynical, about their country's political system. Exploring the suitability of the concepts of 'predatory state' and 'patrimonial oligarchic state' to the Philippines, I find that the regime rather than the state is the more appropriate unit of analysis. I argue that the predatory regime, controlled by a rapacious elite, that held sway during the years of the dictator Marcos, has made a comeback in the Philippines. Under the governments of President Joseph Estrada and Gloria Macapagal Arroyo, traditional clientelism has given way to pervasive corruption, a systematic plunder of government resources and the rapid corrosion of public institutions into tools for predation. Instead of just being a throwback to the 'old corruption' of the Marcos era, however, the current predatory regime represents a 'new corruption' adapted to the ways of economic and political liberalization. While not as authoritarian as Marcos' regime, it has growing authoritarian tendencies: centralization of power in the executive; heightened repression; rigged elections; a much weakened rule of law; numerous political appointees in the bureaucracy; and increased influence of the military. A shift to naked authoritarianism, however, cannot be ruled out. As forces for democratic reform are much too weak, the predatory regime may be around for some time or it could give way, at best, to a more traditional clientelist electoral regime. Prospects for democratic consolidation in the Philippines in the near future appear bleak. © 2009 Taylor & Francis.","citedby-count":"49","affiliation": [{"@_fa": "true", "affiliation-url":"https://api.elsevier.com/content/affiliation/affiliation_id/60014256","afid":"60014256","affilname":"University of Tsukuba","affiliation-city":"Tsukuba","affiliation-country":"Japan"}],"prism:aggregationType":"Journal","subtype":"ar","subtypeDescription":"Article","author-count":{"@limit": "100", "@total": "1", "$" :"1"},"author": [{"@_fa": "true", "@seq": "1", "author-url":"https://api.elsevier.com/content/author/author_id/6507414657","authid":"6507414657","authname":"Quimpo N.","surname":"Quimpo","given-name":"Nathan Gilbert","initials":"N.G.","afid": [{"@_fa": "true", "$" :"60014256"}]}],"authkeywords":"Authoritarianism | Corruption | Democracy | Gloria Macapagal Arroyo | Predatory regime | The Philippines","source-id":"80321","fund-no":"undefined","openaccess":"0","openaccessFlag":false},{"@_fa": "true", "link": [{"@_fa": "true", "@ref": "self", "@href": "https://api.elsevier.com/content/abstract/scopus_id/70349332883"},{"@_fa": "true", "@ref": "author-affiliation", "@href": "https://api.elsevier.com/content/abstract/scopus_id/70349332883?field=author,affiliation"},{"@_fa": "true", "@ref": "scopus", "@href": "https://www.scopus.com/inward/record.uri?partnerID=HzOxMe3b&scp=70349332883&origin=inward"},{"@_fa": "true", "@ref": "scopus-citedby", "@href": "https://www.scopus.com/inward/citedby.uri?partnerID=HzOxMe3b&scp=70349332883&origin=inward"}],"prism:url":"https://api.elsevier.com/content/abstract/scopus_id/70349332883","dc:identifier":"SCOPUS_ID:70349332883","eid":"2-s2.0-70349332883","dc:title":"Market reform as a stimulus to particularistic politics","dc:creator":"McMann K.","prism:publicationName":"Comparative Political Studies","prism:issn":"00104140","prism:eIssn":"15523829","prism:volume":"42","prism:issueIdentifier":"7","prism:pageRange":"971-994","prism:coverDate":"2009-07-01","prism:coverDisplayDate":"July 2009","prism:doi":"10.1177/0010414008330601","dc:description":"We know little about how market reform affects political development, especially citizens' behavior. Market reform advocates prescribe that citizens should reduce their reliance on the state, turn to nonstate actors for assistance, and obtain limited state goods and services through their membership in certain social categories, not their particular traits. An analysis of three mass surveys and 232 interviews the author conducted in Central Asia, along with additional data from 24 postcommunist countries, reveals that market reform can have effects opposite from those prescribed: Individuals may make particularistic demands of government officials instead of relying on nonstate actors. This occurs in countries where state economic intervention was substantial and where reforms reduced the state's economic role but failed to develop market-enhancing institutions. Under these conditions individuals informally seek resources from state officials because nonstate actors do not offer substitute resources, and market reform policies discourage reliance on the state. © 2009 SAGE Publications.","citedby-count":"9","affiliation": [{"@_fa": "true", "affiliation-url":"https://api.elsevier.com/content/affiliation/affiliation_id/60000305","afid":"60000305","affilname":"Case Western Reserve University","affiliation-city":"Cleveland","affiliation-country":"United States"}],"prism:aggregationType":"Journal","subtype":"ar","subtypeDescription":"Article","author-count":{"@limit": "100", "@total": "1", "$" :"1"},"author": [{"@_fa": "true", "@seq": "1", "author-url":"https://api.elsevier.com/content/author/author_id/6506876393","authid":"6506876393","authname":"McMann K.","surname":"McMann","given-name":"Kelly M.","initials":"K.M.","afid": [{"@_fa": "true", "$" :"60000305"}]}],"authkeywords":"Bribery | Central Asia | Clientelism | Corruption | Market reform | Postcommunism","source-id":"13447","fund-no":"undefined","openaccess":"0","openaccessFlag":false},{"@_fa": "true", "link": [{"@_fa": "true", "@ref": "self", "@href": "https://api.elsevier.com/content/abstract/scopus_id/70449393801"},{"@_fa": "true", "@ref": "author-affiliation", "@href": "https://api.elsevier.com/content/abstract/scopus_id/70449393801?field=author,affiliation"},{"@_fa": "true", "@ref": "scopus", "@href": "https://www.scopus.com/inward/record.uri?partnerID=HzOxMe3b&scp=70449393801&origin=inward"},{"@_fa": "true", "@ref": "scopus-citedby", "@href": "https://www.scopus.com/inward/citedby.uri?partnerID=HzOxMe3b&scp=70449393801&origin=inward"}],"prism:url":"https://api.elsevier.com/content/abstract/scopus_id/70449393801","dc:identifier":"SCOPUS_ID:70449393801","eid":"2-s2.0-70449393801","dc:title":"Regeneration and economic development in greece: De-industrialisation and uneven development","dc:creator":"Liddle J.","prism:publicationName":"Local Government Studies","prism:issn":"03003930","prism:eIssn":"17439388","prism:volume":"35","prism:issueIdentifier":"3","prism:pageRange":"335-354","prism:coverDate":"2009-06-01","prism:coverDisplayDate":"June 2009","prism:doi":"10.1080/03003930902999472","pii":"912714805","dc:description":"The 2004 Olympic Games showcased Greece on a global stage, with Athens and its hinterland benefiting from massive infrastructure projects. Stringent attempts were made to develop culture, tourism and agriculture, but many urban and rural areas experienced de-industrialisation, not unlike that found in Western Europe. The rural/urban divide within Greece is particularly acute as the Greek islands and farming communities benefited more from Euro-funds than some of their semi-urbanised counterparts. The cases examined in this paper (Kastoria's beaver industry, Lavrion's mining, and textiles and fruit in Naoussa) suffered the loss of markets, poor investment and a shrinking employment base. All three localities had (limited) national policy interventions that ultimately failed, whereas Athens, where the 2004 Olympics were hosted, had massive investment. This paper is framed within global, EU and local policy contexts, to examine specific areas in Greece, and shows that despite numerous EU-driven partnerships for culture, tourism and agriculture across the mainland and Hellenic islands, clientelism, especially within political parties, remains prevalent at all governance levels. The success or otherwise of regeneration efforts was significantly affected by the ways in which elite actors were involved. In summary, the cases illustrate uneven development across Greece by highlighting the role of national and local elites in shaping growth or decline; the significance of political parties and clientelism; different types of partnerships; and levels of intervention and non-intervention. The dynamic interplay of a constellation of factors reveals how regeneration and economic development are played out in specific localities. © 2009 Taylor & Francis.","citedby-count":"6","affiliation": [{"@_fa": "true", "affiliation-url":"https://api.elsevier.com/content/affiliation/affiliation_id/60015138","afid":"60015138","affilname":"University of Nottingham","affiliation-city":"Nottingham","affiliation-country":"United Kingdom"}],"prism:aggregationType":"Journal","subtype":"ar","subtypeDescription":"Article","author-count":{"@limit": "100", "@total": "1", "$" :"1"},"author": [{"@_fa": "true", "@seq": "1", "author-url":"https://api.elsevier.com/content/author/author_id/16316599100","authid":"16316599100","authname":"Liddle J.","surname":"Liddle","given-name":"Joyce","initials":"J.","afid": [{"@_fa": "true", "$" :"60015138"}]}],"authkeywords":"Clientelism | Economic development | Greece | Partnerships | Regeneration","source-id":"18224","fund-no":"undefined","openaccess":"0","openaccessFlag":false},{"@_fa": "true", "link": [{"@_fa": "true", "@ref": "self", "@href": "https://api.elsevier.com/content/abstract/scopus_id/65249108176"},{"@_fa": "true", "@ref": "author-affiliation", "@href": "https://api.elsevier.com/content/abstract/scopus_id/65249108176?field=author,affiliation"},{"@_fa": "true", "@ref": "scopus", "@href": "https://www.scopus.com/inward/record.uri?partnerID=HzOxMe3b&scp=65249108176&origin=inward"},{"@_fa": "true", "@ref": "scopus-citedby", "@href": "https://www.scopus.com/inward/citedby.uri?partnerID=HzOxMe3b&scp=65249108176&origin=inward"}],"prism:url":"https://api.elsevier.com/content/abstract/scopus_id/65249108176","dc:identifier":"SCOPUS_ID:65249108176","eid":"2-s2.0-65249108176","dc:title":"Clientelism versus ideology: Problems of party development in brazil","dc:creator":"Epstein D.","prism:publicationName":"Party Politics","prism:issn":"13540688","prism:eIssn":"14603683","prism:volume":"15","prism:issueIdentifier":"3","prism:pageRange":"335-355","prism:coverDate":"2009-05-01","prism:coverDisplayDate":"May 2009","prism:doi":"10.1177/1354068809102250","dc:description":"Although aggregate data on party competition in Brazil seem hopeful, unsettling trends appear in state-level party systems in the years of the consolidation of Brazilian democracy (the period this article examines extends through the 2002 elections), such as instability and fragmentation, which exceed the extent of problems apparent at the national level. These hamper the informational role parties can play for voters picking from a large number of candidates. While other possible explanations shed little light on these problems, a hypothesis about clientelistic party-building strategies may explain the patterns in party competition across states. Such strategies depend on the distribution of selective benefits, such as patronage or vote-buying, to attract candidates, elicit votes and gain office for the party. Clientelistic party-building strategies provide no extra-material incentive for party cohesion, and may stymie the development of a stable competitive system. Furthermore, it is through clientelism that party clans exercise hegemony over the local political system in some states, promoting an undemocratic monopoly on power. © 2009 SAGE Publications.","citedby-count":"14","affiliation": [{"@_fa": "true", "affiliation-url":"https://api.elsevier.com/content/affiliation/affiliation_id/60009982","afid":"60009982","affilname":"Harvard University","affiliation-city":"Cambridge","affiliation-country":"United States"}],"prism:aggregationType":"Journal","subtype":"ar","subtypeDescription":"Article","author-count":{"@limit": "100", "@total": "1", "$" :"1"},"author": [{"@_fa": "true", "@seq": "1", "author-url":"https://api.elsevier.com/content/author/author_id/26531060300","authid":"26531060300","authname":"Epstein D.","surname":"Epstein","given-name":"Daniel J.","initials":"D.J.","afid": [{"@_fa": "true", "$" :"60009982"}]}],"authkeywords":"Brazil | Clientelism | Political parties | Regional politics","source-id":"67863","fund-no":"undefined","openaccess":"0","openaccessFlag":false},{"@_fa": "true", "link": [{"@_fa": "true", "@ref": "self", "@href": "https://api.elsevier.com/content/abstract/scopus_id/84921661380"},{"@_fa": "true", "@ref": "author-affiliation", "@href": "https://api.elsevier.com/content/abstract/scopus_id/84921661380?field=author,affiliation"},{"@_fa": "true", "@ref": "scopus", "@href": "https://www.scopus.com/inward/record.uri?partnerID=HzOxMe3b&scp=84921661380&origin=inward"},{"@_fa": "true", "@ref": "scopus-citedby", "@href": "https://www.scopus.com/inward/citedby.uri?partnerID=HzOxMe3b&scp=84921661380&origin=inward"}],"prism:url":"https://api.elsevier.com/content/abstract/scopus_id/84921661380","dc:identifier":"SCOPUS_ID:84921661380","eid":"2-s2.0-84921661380","dc:title":"Social Policy, Democracy, and Citizenship in Southern Europe","dc:creator":"García M.","prism:publicationName":"Democracy and the State in the New Southern Europe","prism:isbn": [{"@_fa": "true", "$" :"9780191708008"},{"@_fa": "true", "$" :"9780199202812"}],"prism:pageRange":null,"prism:coverDate":"2009-05-01","prism:coverDisplayDate":"May 01, 2009","prism:doi":"10.1093/acprof:oso/9780199202812.003.0003","dc:description":"© Oxford University Press, 2014. Despite aggregate-level increases in social welfare spending over the three decades following democratization, Southern European countries still do not provide universal coverage for citizens. Southern European welfare regimes remain fragmented, corporatist, and familistic, excluding from coverage of those who cannot secure permanent employment in the formal sector of the economy, especially women and young people who are hired under short-term contracts. The absence of universalistic \"social citizenship\" is a product of corporatist authoritarianism and repression of workers' demands under the previous political regimes, labor-market rigidities, clientelism, and the protection of the privileged status of long-term workers by trade unions. In response to this fragmented and incomplete welfare system, informal, family-based strategies of welfare provision have developed and become widespread in all four countries, with unpaid work in family businesses and an extraordinarily late average age for leaving the parents' home as distinguishing characteristics.","citedby-count":"1","prism:aggregationType":"Book","subtype":"ch","subtypeDescription":"Chapter","author-count":{"@limit": "100", "@total": "2", "$" :"2"},"author": [{"@_fa": "true", "@seq": "1", "author-url":"https://api.elsevier.com/content/author/author_id/12802475600","authid":"12802475600","authname":"García M.","surname":"García","given-name":"Marisol","initials":"M.","afid": [{"@_fa": "true", "$" :"60001576"}]},{"@_fa": "true", "@seq": "2", "author-url":"https://api.elsevier.com/content/author/author_id/6505854786","authid":"6505854786","authname":"Karakatsanis N.","surname":"Karakatsanis","given-name":"Neovi","initials":"N.","afid": [{"@_fa": "true", "$" :"60022122"}]}],"authkeywords":"Clientelism | Corporatism | Entitlement fragmentation | Familism | Labor market segmentation | Social citizenship","source-id":"21100368966","fund-no":"undefined","openaccess":"0","openaccessFlag":false},{"@_fa": "true", "link": [{"@_fa": "true", "@ref": "self", "@href": "https://api.elsevier.com/content/abstract/scopus_id/84921647886"},{"@_fa": "true", "@ref": "author-affiliation", "@href": "https://api.elsevier.com/content/abstract/scopus_id/84921647886?field=author,affiliation"},{"@_fa": "true", "@ref": "scopus", "@href": "https://www.scopus.com/inward/record.uri?partnerID=HzOxMe3b&scp=84921647886&origin=inward"},{"@_fa": "true", "@ref": "scopus-citedby", "@href": "https://www.scopus.com/inward/citedby.uri?partnerID=HzOxMe3b&scp=84921647886&origin=inward"}],"prism:url":"https://api.elsevier.com/content/abstract/scopus_id/84921647886","dc:identifier":"SCOPUS_ID:84921647886","eid":"2-s2.0-84921647886","dc:title":"Old Problems and New Challenges: The Enduring and Changing Functions of Southern European State Bureaucracies 1","dc:creator":"Sotiropoulos D.","prism:publicationName":"Democracy and the State in the New Southern Europe","prism:isbn": [{"@_fa": "true", "$" :"9780191708008"},{"@_fa": "true", "$" :"9780199202812"}],"prism:pageRange":null,"prism:coverDate":"2009-05-01","prism:coverDisplayDate":"May 01, 2009","prism:doi":"10.1093/acprof:oso/9780199202812.003.0005","dc:description":"© Oxford University Press, 2014. Despite variations among Southern European state bureaucracies, there are certain common features of the Southern European bureaucratic model, such as political clientelism at the higher echelons of the bureaucracy and at the entry level; an uneven distribution of resources and infrastructure in the public sector; legal rigidity and excessive legalism; and-with the exception of Spain-lack of an administrative elite. Corruption and inefficiency are also common, but their extent is debatable. During democratic transition and consolidation, Southern European bureaucracies were not \"cleansed\" from collaborators of the authoritarian regimes. In the period of democratic persistence, most attempts at implementing public management reforms in Southern Europe failed. However, decentralization progressed immensely it Italy and Spain, but hardly in Greece and Portugal. Except for Spain, professionalism was not achieved. Even though extensive politicization persists, the traditional features of South European bureaucracies have started fading.","citedby-count":"1","prism:aggregationType":"Book","subtype":"ch","subtypeDescription":"Chapter","author-count":{"@limit": "100", "@total": "1", "$" :"1"},"author": [{"@_fa": "true", "@seq": "1", "author-url":"https://api.elsevier.com/content/author/author_id/7006382756","authid":"7006382756","authname":"Sotiropoulos D.","surname":"Sotiropoulos","given-name":"Dimitri A.","initials":"D.A.","afid": [{"@_fa": "true", "$" :"60028900"}]}],"authkeywords":"Administrative elites | Corruption | Democratic persistence | Inefficiency | Political clientelism | Politicization | Reform failure","source-id":"21100368966","fund-no":"undefined","openaccess":"0","openaccessFlag":false},{"@_fa": "true", "link": [{"@_fa": "true", "@ref": "self", "@href": "https://api.elsevier.com/content/abstract/scopus_id/70449570880"},{"@_fa": "true", "@ref": "author-affiliation", "@href": "https://api.elsevier.com/content/abstract/scopus_id/70449570880?field=author,affiliation"},{"@_fa": "true", "@ref": "scopus", "@href": "https://www.scopus.com/inward/record.uri?partnerID=HzOxMe3b&scp=70449570880&origin=inward"},{"@_fa": "true", "@ref": "scopus-citedby", "@href": "https://www.scopus.com/inward/citedby.uri?partnerID=HzOxMe3b&scp=70449570880&origin=inward"}],"prism:url":"https://api.elsevier.com/content/abstract/scopus_id/70449570880","dc:identifier":"SCOPUS_ID:70449570880","eid":"2-s2.0-70449570880","dc:title":"The patrimonial state and inter-ethnic conflicts in Nigeria","dc:creator":"Ikpe U.","prism:publicationName":"Ethnic and Racial Studies","prism:issn":"01419870","prism:eIssn":"14664356","prism:volume":"32","prism:issueIdentifier":"4","prism:pageRange":"679-697","prism:coverDate":"2009-05-01","prism:coverDisplayDate":"May 2009","prism:doi":"10.1080/01419870802246305","pii":"901412799","dc:description":"Conflicts of various kinds in Nigeria have often been attributed to ethnicity. For instance, communal clashes, electoral violence and so on have all been rooted in ethnicity. However, there is an indirect relationship between, say, inter-party competition and ethnicity. What intervenes between ethnicity as independent variable and conflict as a dependent variable is the patrimonial character of the Nigerian state. Patrimonialism emphasizes personal and clientelist rule in which state officers dispense resources to clients in exchange for loyalty and services. The ease with which state offices are personalized, commoditized and commercialized increases their stakes. This calls for utilization of all imaginable strategies including mobilization of ethnic solidarity by political elites. Ethnic acrimony engendered by one instance of mobilization keeps recurring in other instances to entrench inter-ethnic conflict. © 2009 Taylor & Francis.","citedby-count":"6","affiliation": [{"@_fa": "true", "affiliation-url":"https://api.elsevier.com/content/affiliation/affiliation_id/60023532","afid":"60023532","affilname":"University of Uyo","affiliation-city":"Uyo","affiliation-country":"Nigeria"}],"prism:aggregationType":"Journal","subtype":"ar","subtypeDescription":"Article","author-count":{"@limit": "100", "@total": "1", "$" :"1"},"author": [{"@_fa": "true", "@seq": "1", "author-url":"https://api.elsevier.com/content/author/author_id/35173249600","authid":"35173249600","authname":"Ikpe U.","surname":"Ikpe","given-name":"Ukana B.","initials":"U.B.","afid": [{"@_fa": "true", "$" :"60023532"}]}],"authkeywords":"Clientelism | Conflict | Ethnicity | Neopatrimonialism | Patrimonialism | Prebendalism","source-id":"26124","fund-no":"undefined","openaccess":"0","openaccessFlag":false}]}}