{"search-results":{"opensearch:totalResults":"23","opensearch:startIndex":"0","opensearch:itemsPerPage":"23","opensearch:Query":{"@role": "request", "@searchTerms": "TITLE-ABS-KEY(\"clientelism\") AND SUBJAREA(SOCI) AND PUBYEAR = 2003", "@startPage": "0"},"link": [{"@_fa": "true", "@ref": "self", "@href": "https://api.elsevier.com/content/search/scopus?start=0&count=25&query=TITLE-ABS-KEY%28%22clientelism%22%29+AND+SUBJAREA%28SOCI%29+AND+PUBYEAR+%3D+2003&apiKey=27d953b4b546791964ebeb768d13e61f&view=COMPLETE", "@type": "application/json"},{"@_fa": "true", "@ref": "first", "@href": "https://api.elsevier.com/content/search/scopus?start=0&count=25&query=TITLE-ABS-KEY%28%22clientelism%22%29+AND+SUBJAREA%28SOCI%29+AND+PUBYEAR+%3D+2003&apiKey=27d953b4b546791964ebeb768d13e61f&view=COMPLETE", "@type": "application/json"}],"entry": [{"@_fa": "true", "link": [{"@_fa": "true", "@ref": "self", "@href": "https://api.elsevier.com/content/abstract/scopus_id/2342459004"},{"@_fa": "true", "@ref": "author-affiliation", "@href": "https://api.elsevier.com/content/abstract/scopus_id/2342459004?field=author,affiliation"},{"@_fa": "true", "@ref": "scopus", "@href": "https://www.scopus.com/inward/record.uri?partnerID=HzOxMe3b&scp=2342459004&origin=inward"},{"@_fa": "true", "@ref": "scopus-citedby", "@href": "https://www.scopus.com/inward/citedby.uri?partnerID=HzOxMe3b&scp=2342459004&origin=inward"}],"prism:url":"https://api.elsevier.com/content/abstract/scopus_id/2342459004","dc:identifier":"SCOPUS_ID:2342459004","eid":"2-s2.0-2342459004","dc:title":"Transformation of collective action in Villa el Salvador (Lima): From self-managed community to participative budgeting","dc:creator":"Burgos-Vigna D.","prism:publicationName":"Mondes en Developpement","prism:issn":"03023052","prism:volume":"31","prism:issueIdentifier":"4 124","prism:pageRange":"113-130","prism:coverDate":"2003-12-01","prism:coverDisplayDate":"2003","dc:description":"This work analyzes the collective action of the inhabitants of Villa el Salvador, a \"barriada\" in Lima, by stressing the destructuring of the social fabric that has altered the cohesion of this community since its foundation in 1973. The government policies, the clientelism of some heads of state, as well as the Shining Path and the transformation of the Peruvian political landscape had an impact on the modes of mobilization of the residents of Villa El Salvador. Nevertheless, a community dynamism still exists, as shown by the new forms of collective action that are taking shape in this area (particularly participative budgeting).","citedby-count":"2","affiliation": [{"@_fa": "true", "affiliation-url":"https://api.elsevier.com/content/affiliation/affiliation_id/60025066","afid":"60025066","affilname":"Universite Paris 12 Val de Marne","affiliation-city":"Creteil","affiliation-country":"France"}],"prism:aggregationType":"Journal","subtype":"ar","subtypeDescription":"Article","author-count":{"@limit": "100", "@total": "1", "$" :"1"},"author": [{"@_fa": "true", "@seq": "1", "author-url":"https://api.elsevier.com/content/author/author_id/6507115667","authid":"6507115667","authname":"Burgos-Vigna D.","surname":"Burgos-Vigna","given-name":"Diana","initials":"D.","afid": [{"@_fa": "true", "$" :"60025066"}]}],"authkeywords":"Clientelism | Collective action | Participation | Participative budgeting | Political violence | Self-management","source-id":"14890","fund-no":"undefined","openaccess":"0","openaccessFlag":false},{"@_fa": "true", "link": [{"@_fa": "true", "@ref": "self", "@href": "https://api.elsevier.com/content/abstract/scopus_id/0346318385"},{"@_fa": "true", "@ref": "author-affiliation", "@href": "https://api.elsevier.com/content/abstract/scopus_id/0346318385?field=author,affiliation"},{"@_fa": "true", "@ref": "scopus", "@href": "https://www.scopus.com/inward/record.uri?partnerID=HzOxMe3b&scp=0346318385&origin=inward"},{"@_fa": "true", "@ref": "scopus-citedby", "@href": "https://www.scopus.com/inward/citedby.uri?partnerID=HzOxMe3b&scp=0346318385&origin=inward"}],"prism:url":"https://api.elsevier.com/content/abstract/scopus_id/0346318385","dc:identifier":"SCOPUS_ID:0346318385","eid":"2-s2.0-0346318385","dc:title":"The local publica finance in Galicia: A necessary reform","dc:creator":"Corbacho J.","prism:publicationName":"Revista Galega de Economia","prism:issn":"11322799","prism:volume":"12","prism:issueIdentifier":"1","prism:pageRange":"31-44","prism:coverDate":"2003-12-01","prism:coverDisplayDate":"2003","dc:description":"One feature characterizing the Galician municipalism is its budget and fiscal atrophy. These features came be explained through the existence of a policy of subsidies distributed in a clientlism way. The paper exposes the subsidies organised via agreements and it proposes alternative idea to local public finance in Galicia.","citedby-count":"1","prism:aggregationType":"Journal","subtype":"ar","subtypeDescription":"Article","author-count":{"@limit": "100", "@total": "1", "$" :"1"},"author": [{"@_fa": "true", "@seq": "1", "author-url":"https://api.elsevier.com/content/author/author_id/6603600768","authid":"6603600768","authname":"Corbacho J.","surname":"Corbacho","given-name":"J. Á","initials":"J.A.","afid": [{"@_fa": "true", "$" :"60023610"}]}],"authkeywords":"Budget | Budget stability | Clientelism | Local public finance | Public agreements | Territorial solidarity","source-id":"26283","fund-no":"undefined","openaccess":"0","openaccessFlag":false},{"@_fa": "true", "link": [{"@_fa": "true", "@ref": "self", "@href": "https://api.elsevier.com/content/abstract/scopus_id/0344708505"},{"@_fa": "true", "@ref": "author-affiliation", "@href": "https://api.elsevier.com/content/abstract/scopus_id/0344708505?field=author,affiliation"},{"@_fa": "true", "@ref": "scopus", "@href": "https://www.scopus.com/inward/record.uri?partnerID=HzOxMe3b&scp=0344708505&origin=inward"},{"@_fa": "true", "@ref": "scopus-citedby", "@href": "https://www.scopus.com/inward/citedby.uri?partnerID=HzOxMe3b&scp=0344708505&origin=inward"}],"prism:url":"https://api.elsevier.com/content/abstract/scopus_id/0344708505","dc:identifier":"SCOPUS_ID:0344708505","eid":"2-s2.0-0344708505","dc:title":"Transnationalism, the State, and the Extraterritorial Citizen","dc:creator":"Smith M.","prism:publicationName":"Politics and Society","prism:issn":"00323292","prism:volume":"31","prism:issueIdentifier":"4","prism:pageRange":"467-502","prism:coverDate":"2003-12-01","prism:coverDisplayDate":"December 2003","prism:doi":"10.1177/0032329203256957","dc:description":"Offering a political optic on transnationalism, this article shows how the Partido Acción Nacional from Guanajuato, Mexico, seeks to reconstitute Guanajuatense transnational migrants as clients and funders of state policies, as political subjects with \"dual loyalty\" but limited political autonomy. To co-opt migrants into development projects designed by the state but financed by the migrants, party elites reconfigure the meanings of \"migrant,\" \"region,\" and \"citizen.\" This is contested by migrant leaders whose views of extraterritorial citizenship, translocal community, and party loyalty differ from views of the party elites. The migrants see the state as diverting their energies from true civil society and local development initiatives across borders.","citedby-count":"86","affiliation": [{"@_fa": "true", "affiliation-url":"https://api.elsevier.com/content/affiliation/affiliation_id/60014439","afid":"60014439","affilname":"University of California, Davis","affiliation-city":"Davis","affiliation-country":"United States"}],"prism:aggregationType":"Journal","subtype":"re","subtypeDescription":"Review","author-count":{"@limit": "100", "@total": "1", "$" :"1"},"author": [{"@_fa": "true", "@seq": "1", "author-url":"https://api.elsevier.com/content/author/author_id/57206575669","authid":"57206575669","authname":"Smith M.","surname":"Smith","given-name":"Michael Peter","initials":"M.P.","afid": [{"@_fa": "true", "$" :"60014439"}]}],"authkeywords":"Clientelism | Extraterritorial citizenship | Political transnationalism | Translocality | U.S.-Mexican migration","source-id":"23439","fund-no":"undefined","openaccess":"0","openaccessFlag":false},{"@_fa": "true", "link": [{"@_fa": "true", "@ref": "self", "@href": "https://api.elsevier.com/content/abstract/scopus_id/16544388153"},{"@_fa": "true", "@ref": "author-affiliation", "@href": "https://api.elsevier.com/content/abstract/scopus_id/16544388153?field=author,affiliation"},{"@_fa": "true", "@ref": "scopus", "@href": "https://www.scopus.com/inward/record.uri?partnerID=HzOxMe3b&scp=16544388153&origin=inward"},{"@_fa": "true", "@ref": "scopus-citedby", "@href": "https://www.scopus.com/inward/citedby.uri?partnerID=HzOxMe3b&scp=16544388153&origin=inward"}],"prism:url":"https://api.elsevier.com/content/abstract/scopus_id/16544388153","dc:identifier":"SCOPUS_ID:16544388153","eid":"2-s2.0-16544388153","dc:title":"Al-Akhawayn University: Elites in the Middle Atlas mountains","dc:creator":"Wien P.","prism:publicationName":"Orient","prism:issn":"00305227","prism:volume":"44","prism:issueIdentifier":"4","prism:pageRange":"601-606","prism:coverDate":"2003-12-01","prism:coverDisplayDate":"December 2003","dc:description":"Already under the late King Hassan II Morocco embarked on a reform process to create a more open and competitive society. One of Hassan II's plans was to enhance the educational system, to promote independence from the French model and a reform of the inflexible state university system. To do so the King ordered the foundation of al-Akhawayn University in Ifrane that took place in 1995. It was and is the only English speaking and financially autonomous university on Moroccan soil. Al-Akhawayn is a market oriented elite institution that caters for the upper middle and upper classes, offering a number of stipends to poorer students. The education offered by the university shall create a new and effective group of economists, engineers and civil servants, who are supposed to change the traditional system of clientelism prevailing in the country. The curriculum is based on the model of the American liberal arts college, where students are living in a close campus community and receive training not only in their major subjects, but also in courses that offer introductions to the humanities and social sciences. As a location of elite formation, the university creates a spirit of communality that shapes a specific loyalty among the graduates of this university. This loyalty supersedes internal political differences, while political discussion and freedom of speech is encouraged on campus. This creation of cohesion among a group of future leaders is specifically set against the conventional universities of the country, which have been a breeding ground for political extremism and conflict in the past. Al-Akhawayn is therefore very distinct from these institutions, but at the same time it shall serve as a model for a general Moroccan university reform.","citedby-count":"0","affiliation": [{"@_fa": "true", "affiliation-url":"https://api.elsevier.com/content/affiliation/affiliation_id/60007493","afid":"60007493","affilname":"Universität Bonn","affiliation-city":"Bonn","affiliation-country":"Germany"}],"prism:aggregationType":"Journal","subtype":"ar","subtypeDescription":"Article","author-count":{"@limit": "100", "@total": "1", "$" :"1"},"author": [{"@_fa": "true", "@seq": "1", "author-url":"https://api.elsevier.com/content/author/author_id/8213812600","authid":"8213812600","authname":"Wien P.","surname":"Wien","given-name":"Peter","initials":"P.","afid": [{"@_fa": "true", "$" :"60007493"}]}],"source-id":"5600152983","fund-no":"undefined","openaccess":"0","openaccessFlag":false},{"@_fa": "true", "link": [{"@_fa": "true", "@ref": "self", "@href": "https://api.elsevier.com/content/abstract/scopus_id/84900685630"},{"@_fa": "true", "@ref": "author-affiliation", "@href": "https://api.elsevier.com/content/abstract/scopus_id/84900685630?field=author,affiliation"},{"@_fa": "true", "@ref": "scopus", "@href": "https://www.scopus.com/inward/record.uri?partnerID=HzOxMe3b&scp=84900685630&origin=inward"},{"@_fa": "true", "@ref": "scopus-citedby", "@href": "https://www.scopus.com/inward/citedby.uri?partnerID=HzOxMe3b&scp=84900685630&origin=inward"}],"prism:url":"https://api.elsevier.com/content/abstract/scopus_id/84900685630","dc:identifier":"SCOPUS_ID:84900685630","eid":"2-s2.0-84900685630","dc:title":"Liberalization against democracy: The local politics of economic reform in Tunisia","dc:creator":"King S.","prism:publicationName":"Liberalization against Democracy: The Local Politics of Economic Reform in Tunisia","prism:isbn": [{"@_fa": "true", "$" :"0253342120"},{"@_fa": "true", "$" :"9780253342126"}],"prism:pageRange":"1-161","prism:coverDate":"2003-12-01","prism:coverDisplayDate":"2003","dc:description":"\"... a very important contribution to contemporary debates on economic and political reform in developing countries. Based on interviews King conducted himself, this is an honest, unvarnished examination and critique of propositions that are treated like gospel.\" -- Lisa Anderson In Liberalization against Democracy, Stephen J. King argues that, in contrast to prevailing views, pro-market economic reforms in Tunisia did not foster democratization. Instead, state-led economic liberalization facilitated the reorganization of authoritarian rule and contributed to the subversion of democratic tendencies at both the national and local levels. In addition to King's analysis of neo-liberal economic transformation and regime change at the national level, his book offers a rare local-level analysis of these processes, based on the author's extensive fieldwork in the rural community of Tebourba. King's focus on the local level of analysis is particularly valuable. His community study shows firsthand how local elites have manipulated cultural traditionalism in order to sustain market-oriented reforms. This rich account clearly delineates the pathways by which pro-market reforms in Tunisia have fostered corporatism, clientelism, and authoritarianism. © 2003 by Stephen J. King. All rights reserved.","citedby-count":"40","affiliation": [{"@_fa": "true", "affiliation-url":"https://api.elsevier.com/content/affiliation/affiliation_id/60023927","afid":"60023927","affilname":"Georgetown University","affiliation-city":"Washington, D.C.","affiliation-country":"United States"}],"prism:aggregationType":"Book","subtype":"bk","subtypeDescription":"Book","author-count":{"@limit": "100", "@total": "1", "$" :"1"},"author": [{"@_fa": "true", "@seq": "1", "author-url":"https://api.elsevier.com/content/author/author_id/7403002592","authid":"7403002592","authname":"King S.","surname":"King","given-name":"Stephen J.","initials":"S.J.","afid": [{"@_fa": "true", "$" :"60023927"}]}],"source-id":"21100313393","fund-no":"undefined","openaccess":"0","openaccessFlag":false},{"@_fa": "true", "link": [{"@_fa": "true", "@ref": "self", "@href": "https://api.elsevier.com/content/abstract/scopus_id/0242604803"},{"@_fa": "true", "@ref": "author-affiliation", "@href": "https://api.elsevier.com/content/abstract/scopus_id/0242604803?field=author,affiliation"},{"@_fa": "true", "@ref": "scopus", "@href": "https://www.scopus.com/inward/record.uri?partnerID=HzOxMe3b&scp=0242604803&origin=inward"},{"@_fa": "true", "@ref": "scopus-citedby", "@href": "https://www.scopus.com/inward/citedby.uri?partnerID=HzOxMe3b&scp=0242604803&origin=inward"}],"prism:url":"https://api.elsevier.com/content/abstract/scopus_id/0242604803","dc:identifier":"SCOPUS_ID:0242604803","eid":"2-s2.0-0242604803","dc:title":"Centre Politics in Russia and Ukraine: Patronage, Power and Virtuality","dc:creator":"Protsyk O.","prism:publicationName":"Party Politics","prism:issn":"13540688","prism:volume":"9","prism:issueIdentifier":"6","prism:pageRange":"703-727","prism:coverDate":"2003-11-01","prism:coverDisplayDate":"November 2003","prism:doi":"10.1177/13540688030096003","dc:description":"In this article we examine the manner in which clientelistic and programmatic types of party competition structure centre politics in Russia and Ukraine. The main research focus is on variations in the size of parliamentary factions that claim to be centrist in their ideological orientation. Changes in the composition of centre factions, their voting behaviour and changes in membership size are compared with each other and with a similar analysis for left and right parties. Data from the 1994-8 and 1998-2002 parliamentary terms in Ukraine and the 1993-5 and 1995-9 parliamentary terms in Russia are utilized in the research. Our findings indicate that patterns of rising and falling faction size are closely related to variations in the access of factions to state resources and the extent of voting conformity with executive initiatives, rather than electoral incentives and/or rules of parliamentary procedure.","citedby-count":"35","affiliation": [{"@_fa": "true", "affiliation-url":"https://api.elsevier.com/content/affiliation/affiliation_id/60028897","afid":"60028897","affilname":"University of Ottawa, Canada","affiliation-city":"Ottawa","affiliation-country":"Canada"},{"@_fa": "true", "affiliation-url":"https://api.elsevier.com/content/affiliation/affiliation_id/102008426","afid":"102008426","affilname":"SSEES","affiliation-city":"London","affiliation-country":"United Kingdom"}],"prism:aggregationType":"Journal","subtype":"re","subtypeDescription":"Review","author-count":{"@limit": "100", "@total": "2", "$" :"2"},"author": [{"@_fa": "true", "@seq": "1", "author-url":"https://api.elsevier.com/content/author/author_id/8722256200","authid":"8722256200","authname":"Protsyk O.","surname":"Protsyk","given-name":"Oleh","initials":"O.","afid": [{"@_fa": "true", "$" :"60028897"}]},{"@_fa": "true", "@seq": "2", "author-url":"https://api.elsevier.com/content/author/author_id/55458729400","authid":"55458729400","authname":"Wilson A.","surname":"Wilson","given-name":"Andrew","initials":"A.","afid": [{"@_fa": "true", "$" :"102008426"}]}],"authkeywords":"Clientelism | Parliamentary faction | Russia | Ukraine | Voting","source-id":"67863","fund-no":"undefined","openaccess":"0","openaccessFlag":false},{"@_fa": "true", "link": [{"@_fa": "true", "@ref": "self", "@href": "https://api.elsevier.com/content/abstract/scopus_id/1642501022"},{"@_fa": "true", "@ref": "author-affiliation", "@href": "https://api.elsevier.com/content/abstract/scopus_id/1642501022?field=author,affiliation"},{"@_fa": "true", "@ref": "scopus", "@href": "https://www.scopus.com/inward/record.uri?partnerID=HzOxMe3b&scp=1642501022&origin=inward"},{"@_fa": "true", "@ref": "scopus-citedby", "@href": "https://www.scopus.com/inward/citedby.uri?partnerID=HzOxMe3b&scp=1642501022&origin=inward"}],"prism:url":"https://api.elsevier.com/content/abstract/scopus_id/1642501022","dc:identifier":"SCOPUS_ID:1642501022","eid":"2-s2.0-1642501022","dc:title":"Legacies of a culture of inequality: The Janus face of crime in post-communist countries","dc:creator":"Karstedt S.","prism:publicationName":"Crime, Law and Social Change","prism:issn":"09254994","prism:eIssn":"15730751","prism:volume":"40","prism:issueIdentifier":"2-3","prism:pageRange":"295-320","prism:coverDate":"2003-10-01","prism:coverDisplayDate":"October 2003","prism:doi":"10.1023/A:1025767204705","dc:description":"This paper explores the role of the specific structure and culture of inequality of the communist and post-communist countries in the simultaneous wave of elite crime and violent crime in Central and East Europe. Under the layer of homogeneity, which had been imposed on the region by ethnic cleansing during and after World War II and by the continuous policies of communist regimes, a substructure and subculture of inequality emerged, which became dominant during the transition phase. Among the consequences of the \"hour-glass\" society (Rose) and feudalization of society are closely knit networks at the top and the bottom of society, clientelism as a pattern of linking them, and non-egalitarian and collectivist value patterns. This specific cluster combines factors that contribute to both high-level corruption and violence. Pathways of development during the transition period indicate a bi-partition of the \"geography of crime\" in the region. The relative \"success stories\" of Hungary, Poland and the Czech Republic with both declining rates of corruption and lethal violent crime (homicide) are in stark contrast to many of the successor states of the Soviet Union. It is argued that strong institutions based on civil rights and the rule of law are important factors responsible for this difference.","citedby-count":"51","affiliation": [{"@_fa": "true", "affiliation-url":"https://api.elsevier.com/content/affiliation/affiliation_id/60030210","afid":"60030210","affilname":"Keele University","affiliation-city":"Keele","affiliation-country":"United Kingdom"}],"prism:aggregationType":"Journal","subtype":"ar","subtypeDescription":"Article","author-count":{"@limit": "100", "@total": "1", "$" :"1"},"author": [{"@_fa": "true", "@seq": "1", "author-url":"https://api.elsevier.com/content/author/author_id/55901081800","authid":"55901081800","authname":"Karstedt S.","surname":"Karstedt","given-name":"Susanne","initials":"S.","afid": [{"@_fa": "true", "$" :"60030210"}]}],"source-id":"19637","fund-no":"undefined","openaccess":"0","openaccessFlag":false},{"@_fa": "true", "link": [{"@_fa": "true", "@ref": "self", "@href": "https://api.elsevier.com/content/abstract/scopus_id/1142293088"},{"@_fa": "true", "@ref": "author-affiliation", "@href": "https://api.elsevier.com/content/abstract/scopus_id/1142293088?field=author,affiliation"},{"@_fa": "true", "@ref": "scopus", "@href": "https://www.scopus.com/inward/record.uri?partnerID=HzOxMe3b&scp=1142293088&origin=inward"},{"@_fa": "true", "@ref": "scopus-citedby", "@href": "https://www.scopus.com/inward/citedby.uri?partnerID=HzOxMe3b&scp=1142293088&origin=inward"}],"prism:url":"https://api.elsevier.com/content/abstract/scopus_id/1142293088","dc:identifier":"SCOPUS_ID:1142293088","eid":"2-s2.0-1142293088","dc:title":"Shas between identity construction and clientelist dynamics: The creation of an 'identity clientelism'","dc:creator":"Charbit M.","prism:publicationName":"Nationalism and Ethnic Politics","prism:issn":"13537113","prism:volume":"9","prism:issueIdentifier":"3","prism:pageRange":"102-128","prism:coverDate":"2003-09-01","prism:coverDisplayDate":"September 2003","prism:doi":"10.1080/13537110412331301495","dc:description":"The issue which this article seeks to address is the evolution of clientelist modes of management within a context of political change. Otherwise stated, what is the impact of the Shas movement - an ethno-religious party which was created in the beginning of the 1980s - on the Israeli political culture? More generally, what are the repercussions of global economic change with respect to the identity and political representations of a given group - the Sephardim in Israel? According to us, the Shas movement is trying to adopt the clientelist mode of public funds' distribution, which is entailed by the consociative characteristic of the Israeli social and political system, in order to create an 'avant-garde' through the institutional network of the movement.","citedby-count":"3","affiliation": [{"@_fa": "true", "affiliation-url":"https://api.elsevier.com/content/affiliation/affiliation_id/100607847","afid":"100607847","affilname":"Political Institute of Bordeaux","affiliation-city":"Bordeaux","affiliation-country":"France"}],"prism:aggregationType":"Journal","subtype":"ar","subtypeDescription":"Article","author-count":{"@limit": "100", "@total": "1", "$" :"1"},"author": [{"@_fa": "true", "@seq": "1", "author-url":"https://api.elsevier.com/content/author/author_id/7003936908","authid":"7003936908","authname":"Charbit M.","surname":"Charbit","given-name":"Myriam","initials":"M.","afid": [{"@_fa": "true", "$" :"100607847"}]}],"source-id":"26917","fund-no":"undefined","openaccess":"0","openaccessFlag":false},{"@_fa": "true", "link": [{"@_fa": "true", "@ref": "self", "@href": "https://api.elsevier.com/content/abstract/scopus_id/34548043259"},{"@_fa": "true", "@ref": "author-affiliation", "@href": "https://api.elsevier.com/content/abstract/scopus_id/34548043259?field=author,affiliation"},{"@_fa": "true", "@ref": "scopus", "@href": "https://www.scopus.com/inward/record.uri?partnerID=HzOxMe3b&scp=34548043259&origin=inward"},{"@_fa": "true", "@ref": "scopus-citedby", "@href": "https://www.scopus.com/inward/citedby.uri?partnerID=HzOxMe3b&scp=34548043259&origin=inward"}],"prism:url":"https://api.elsevier.com/content/abstract/scopus_id/34548043259","dc:identifier":"SCOPUS_ID:34548043259","eid":"2-s2.0-34548043259","dc:title":"Informal institutions and comparative politics: A research agenda","dc:creator":"Helmke G.","prism:publicationName":"Working Paper of the Helen Kellogg Institute for International Studies","prism:issueIdentifier":"307","prism:pageRange":null,"prism:coverDate":"2003-09-01","prism:coverDisplayDate":"September 2003","dc:description":"During the 1990s, comparative research on political institutions focused primarily on formal rules. Yet recent studies suggest that an exclusive focus on formal rules is often insufficient, and that informal institutions, ranging from bureaucratic and legislative norms to clientelism and patrimonialism, often have a profound - and systematic - effect on political outcomes. Neglecting these informal institutions thus risks missing many of the \"real\" incentives and constraints that underlie political behavior. This article seeks to move informal institutions from the margins to the mainstream of comparative politics research. It develops an initial framework for studying informal institutions and, importantly, integrating them into comparative institutional analysis. In the conceptual realm, the article attempts to clarify what is meant by \"informal institution\" and then develops a typology of four patterns of formal-informal institutional interaction: complementary, accommodating, competing, and substitutive. In the theoretical realm, the article examines two issues that have been largely unexplored in the literature on informal institutions: the question of why and how informal institutions emerge, and the sources of informal institutions stability and change. A final section explores some of the practical challenges inherent in research on informal institutions, including issues of identification, measurement, and comparison.","citedby-count":"15","prism:aggregationType":"Journal","subtype":"ar","subtypeDescription":"Article","author-count":{"@limit": "100", "@total": "2", "$" :"2"},"author": [{"@_fa": "true", "@seq": "1", "author-url":"https://api.elsevier.com/content/author/author_id/6506745684","authid":"6506745684","authname":"Helmke G.","surname":"Helmke","given-name":"Gretchen","initials":"G.","afid": [{"@_fa": "true", "$" :"60025038"},{"@_fa": "true", "$" :"60029278"},{"@_fa": "true", "$" :"60027165"}]},{"@_fa": "true", "@seq": "2", "author-url":"https://api.elsevier.com/content/author/author_id/7101739864","authid":"7101739864","authname":"Levitsky S.","surname":"Levitsky","given-name":"Steven","initials":"S.","afid": [{"@_fa": "true", "$" :"60009982"}]}],"source-id":"31602","fund-no":"undefined","openaccess":"0","openaccessFlag":false},{"@_fa": "true", "link": [{"@_fa": "true", "@ref": "self", "@href": "https://api.elsevier.com/content/abstract/scopus_id/84906142444"},{"@_fa": "true", "@ref": "author-affiliation", "@href": "https://api.elsevier.com/content/abstract/scopus_id/84906142444?field=author,affiliation"},{"@_fa": "true", "@ref": "scopus", "@href": "https://www.scopus.com/inward/record.uri?partnerID=HzOxMe3b&scp=84906142444&origin=inward"},{"@_fa": "true", "@ref": "scopus-citedby", "@href": "https://www.scopus.com/inward/citedby.uri?partnerID=HzOxMe3b&scp=84906142444&origin=inward"}],"prism:url":"https://api.elsevier.com/content/abstract/scopus_id/84906142444","dc:identifier":"SCOPUS_ID:84906142444","eid":"2-s2.0-84906142444","dc:title":"Clientelism: Facilitating rights and favours","dc:creator":"Collins N.","prism:publicationName":"Public Administration and Public Policy in Ireland: Theory and Methods","prism:isbn": [{"@_fa": "true", "$" :"020340324X"},{"@_fa": "true", "$" :"9780203403242"}],"prism:pageRange":"82-100","prism:coverDate":"2003-07-31","prism:coverDisplayDate":"31 July 2003","prism:doi":"10.4324/9780203403242","citedby-count":"8","prism:aggregationType":"Book","subtype":"ch","subtypeDescription":"Chapter","author-count":{"@limit": "100", "@total": "2", "$" :"2"},"author": [{"@_fa": "true", "@seq": "1", "author-url":"https://api.elsevier.com/content/author/author_id/7103250817","authid":"7103250817","authname":"Collins N.","surname":"Collins","given-name":"Neil","initials":"N.","afid": [{"@_fa": "true", "$" :"60025160"}]},{"@_fa": "true", "@seq": "2", "author-url":"https://api.elsevier.com/content/author/author_id/56329587700","authid":"56329587700","authname":"O'Shea M.","surname":"O'Shea","given-name":"Mary","initials":"M.","afid": [{"@_fa": "true", "$" :"60025160"}]}],"source-id":"21100329921","fund-no":"undefined","openaccess":"0","openaccessFlag":false},{"@_fa": "true", "link": [{"@_fa": "true", "@ref": "self", "@href": "https://api.elsevier.com/content/abstract/scopus_id/0038684073"},{"@_fa": "true", "@ref": "author-affiliation", "@href": "https://api.elsevier.com/content/abstract/scopus_id/0038684073?field=author,affiliation"},{"@_fa": "true", "@ref": "scopus", "@href": "https://www.scopus.com/inward/record.uri?partnerID=HzOxMe3b&scp=0038684073&origin=inward"},{"@_fa": "true", "@ref": "scopus-citedby", "@href": "https://www.scopus.com/inward/citedby.uri?partnerID=HzOxMe3b&scp=0038684073&origin=inward"}],"prism:url":"https://api.elsevier.com/content/abstract/scopus_id/0038684073","dc:identifier":"SCOPUS_ID:0038684073","eid":"2-s2.0-0038684073","dc:title":"Presidentialism and clientelism in Africa's emerging party systems","dc:creator":"van de Walle N.","prism:publicationName":"Journal of Modern African Studies","prism:issn":"0022278X","prism:volume":"41","prism:issueIdentifier":"2","prism:pageRange":"297-321","prism:coverDate":"2003-06-01","prism:coverDisplayDate":"June 2003","prism:doi":"10.1017/S0022278X03004269","dc:description":"This paper analyses the parties and party systems that have begun to emerge in sub-Saharan Africa's fledgling multiparty systems. Using a data base of 87 legislative elections convened in the 1990s, the paper identifies three trends. The position of parties late in the decade is primarily tributary of their performance in the first multiparty election conducted in the early 1990s. Parties that won founding elections are almost invariably still in power. Secondly, the typical emerging party system has consisted of a dominant party surrounded by a large number of small, unstable parties. Thirdly, party cleavages have been overwhelmingly ethno-linguistic in nature, while ideological and programmatic debates have been muted and rare. The second half of the paper provides tentative explanations for these striking patterns. It emphasises the illiberal nature of most of the new African democracies, their characteristic centralisation of power around the presidency, and the pervasive clientelism that structures the relationship between the state and the citizenry. These characteristics shape the incentives faced by individual politicians and thus much of their behaviour.","citedby-count":"263","affiliation": [{"@_fa": "true", "affiliation-url":"https://api.elsevier.com/content/affiliation/affiliation_id/60031707","afid":"60031707","affilname":"Michigan State University","affiliation-city":"East Lansing","affiliation-country":"United States"}],"prism:aggregationType":"Journal","subtype":"ar","subtypeDescription":"Article","author-count":{"@limit": "100", "@total": "1", "$" :"1"},"author": [{"@_fa": "true", "@seq": "1", "author-url":"https://api.elsevier.com/content/author/author_id/6602445672","authid":"6602445672","authname":"van de Walle N.","surname":"van de Walle","given-name":"Nicolas","initials":"N.","afid": [{"@_fa": "true", "$" :"60031707"}]}],"source-id":"20318","fund-no":"undefined","openaccess":"0","openaccessFlag":false},{"@_fa": "true", "link": [{"@_fa": "true", "@ref": "self", "@href": "https://api.elsevier.com/content/abstract/scopus_id/0037383107"},{"@_fa": "true", "@ref": "author-affiliation", "@href": "https://api.elsevier.com/content/abstract/scopus_id/0037383107?field=author,affiliation"},{"@_fa": "true", "@ref": "scopus", "@href": "https://www.scopus.com/inward/record.uri?partnerID=HzOxMe3b&scp=0037383107&origin=inward"},{"@_fa": "true", "@ref": "scopus-citedby", "@href": "https://www.scopus.com/inward/citedby.uri?partnerID=HzOxMe3b&scp=0037383107&origin=inward"}],"prism:url":"https://api.elsevier.com/content/abstract/scopus_id/0037383107","dc:identifier":"SCOPUS_ID:0037383107","eid":"2-s2.0-0037383107","dc:title":"Turkey and the European Union: Modernizing a traditional state?","dc:creator":"Sozen S.","prism:publicationName":"Social Policy and Administration","prism:issn":"01445596","prism:volume":"37","prism:issueIdentifier":"2","prism:pageRange":"108-120","prism:coverDate":"2003-04-01","prism:coverDisplayDate":"April 2003","prism:doi":"10.1111/1467-9515.00328","dc:description":"This paper discusses the difficulties encountered when reforms are attempted to the administration of public policy in Turkey. This discussion is timely, since Turkey has recently stepped up its modernization agenda in its drive to gain membership of the European Union. The paper briefly examines the political and administrative structure of Turkey before discussing the influence of the EU on the country's modernization agenda.","citedby-count":"19","affiliation": [{"@_fa": "true", "affiliation-url":"https://api.elsevier.com/content/affiliation/affiliation_id/60016238","afid":"60016238","affilname":"Anadolu Üniversitesi","affiliation-city":"Eskisehir","affiliation-country":"Turkey"},{"@_fa": "true", "affiliation-url":"https://api.elsevier.com/content/affiliation/affiliation_id/60015138","afid":"60015138","affilname":"University of Nottingham","affiliation-city":"Nottingham","affiliation-country":"United Kingdom"}],"prism:aggregationType":"Journal","subtype":"ar","subtypeDescription":"Article","author-count":{"@limit": "100", "@total": "2", "$" :"2"},"author": [{"@_fa": "true", "@seq": "1", "author-url":"https://api.elsevier.com/content/author/author_id/7003783379","authid":"7003783379","authname":"Sozen S.","surname":"Sozen","given-name":"Süleyman","initials":"S.","afid": [{"@_fa": "true", "$" :"60016238"}]},{"@_fa": "true", "@seq": "2", "author-url":"https://api.elsevier.com/content/author/author_id/57011733800","authid":"57011733800","authname":"Shaw I.","surname":"Shaw","given-name":"Ian","initials":"I.","afid": [{"@_fa": "true", "$" :"60015138"}]}],"authkeywords":"Administration | Clientism | Modernization | Turkey","source-id":"14573","fund-no":"undefined","openaccess":"0","openaccessFlag":false},{"@_fa": "true", "link": [{"@_fa": "true", "@ref": "self", "@href": "https://api.elsevier.com/content/abstract/scopus_id/0037288025"},{"@_fa": "true", "@ref": "author-affiliation", "@href": "https://api.elsevier.com/content/abstract/scopus_id/0037288025?field=author,affiliation"},{"@_fa": "true", "@ref": "scopus", "@href": "https://www.scopus.com/inward/record.uri?partnerID=HzOxMe3b&scp=0037288025&origin=inward"},{"@_fa": "true", "@ref": "scopus-citedby", "@href": "https://www.scopus.com/inward/citedby.uri?partnerID=HzOxMe3b&scp=0037288025&origin=inward"}],"prism:url":"https://api.elsevier.com/content/abstract/scopus_id/0037288025","dc:identifier":"SCOPUS_ID:0037288025","eid":"2-s2.0-0037288025","dc:title":"The umbilical cord that was never cut: The post-dictatorial intimacy between the political elite and the mass media in Greece and Spain","dc:creator":"Papatheodorou F.","prism:publicationName":"European Journal of Communication","prism:issn":"02673231","prism:volume":"18","prism:issueIdentifier":"1","prism:pageRange":"31-54","prism:coverDate":"2003-03-01","prism:coverDisplayDate":"March 2003","prism:doi":"10.1177/0267323103018001225","dc:description":"Market dynamics has led to a dramatic transformation of the Spanish and Greek media systems since the late 1980s, bringing them in line with West European patterns. The current media landscape is, thus, a far cry from the introvert, parochial press and broadcasting systems present in the two countries in the first 15 years of democratic government, when the partisan political control of radio and television and the overpoliticization of the press were dominant features of their media systems. The aim of this article is to analyse the key developments in the media industries of these two Southern European countries and identify the elements of continuity and change through an examination of the interplay between the state, the market and the media. Despite the multiplication of media outlets, it is argued, state policy in the media is determined as ever by the persistent culture of political expediency, typical of the European south, as political elites still seek desperately to influence the content of political coverage.","citedby-count":"44","affiliation": [{"@_fa": "true", "affiliation-url":"https://api.elsevier.com/content/affiliation/affiliation_id/60023998","afid":"60023998","affilname":"Cardiff University","affiliation-city":"Cardiff","affiliation-country":"United Kingdom"},{"@_fa": "true", "affiliation-url":"https://api.elsevier.com/content/affiliation/affiliation_id/100734375","afid":"100734375","affilname":"London","affiliation-city":"London","affiliation-country":"United Kingdom"}],"prism:aggregationType":"Journal","subtype":"re","subtypeDescription":"Review","author-count":{"@limit": "100", "@total": "2", "$" :"2"},"author": [{"@_fa": "true", "@seq": "1", "author-url":"https://api.elsevier.com/content/author/author_id/6507837168","authid":"6507837168","authname":"Papatheodorou F.","surname":"Papatheodorou","given-name":"Fotini","initials":"F.","afid": [{"@_fa": "true", "$" :"100734375"}]},{"@_fa": "true", "@seq": "2", "author-url":"https://api.elsevier.com/content/author/author_id/35882451500","authid":"35882451500","authname":"Machin D.","surname":"Machin","given-name":"David","initials":"D.","afid": [{"@_fa": "true", "$" :"60023998"}]}],"authkeywords":"Channel multiplication | Clientelism | Commercialization | Mediterranean press | Modernization","source-id":"14400","fund-no":"undefined","openaccess":"0","openaccessFlag":false},{"@_fa": "true", "link": [{"@_fa": "true", "@ref": "self", "@href": "https://api.elsevier.com/content/abstract/scopus_id/0037336175"},{"@_fa": "true", "@ref": "author-affiliation", "@href": "https://api.elsevier.com/content/abstract/scopus_id/0037336175?field=author,affiliation"},{"@_fa": "true", "@ref": "scopus", "@href": "https://www.scopus.com/inward/record.uri?partnerID=HzOxMe3b&scp=0037336175&origin=inward"},{"@_fa": "true", "@ref": "scopus-citedby", "@href": "https://www.scopus.com/inward/citedby.uri?partnerID=HzOxMe3b&scp=0037336175&origin=inward"}],"prism:url":"https://api.elsevier.com/content/abstract/scopus_id/0037336175","dc:identifier":"SCOPUS_ID:0037336175","eid":"2-s2.0-0037336175","dc:title":"Obstacles to Mexico City’s democratic transition: Citizens, culture and political relations","dc:creator":"Gaona H.","prism:publicationName":"Development (Basingstoke)","prism:issn":"10116370","prism:eIssn":"02122448","prism:volume":"46","prism:issueIdentifier":"1","prism:pageRange":"102-106","prism:coverDate":"2003-01-01","prism:coverDisplayDate":"March 2003","prism:doi":"10.1177/1011637003046001593","dc:description":"Héctor Tejera Gaona analyses the cultural tensions around the introduction of electoral democracy in Mexico City and its challenge to the traditional clientelism. He looks at the different behaviour of the citizens of the city and concludes that the transition to democracy needs many more cultural changes to succeed. © 2003 The Society for International Development.","citedby-count":"1","affiliation": [{"@_fa": "true", "affiliation-url":"https://api.elsevier.com/content/affiliation/affiliation_id/60028381","afid":"60028381","affilname":"Universidad Autónoma Metropolitana - Iztapalapa","affiliation-city":"Iztapalapa","affiliation-country":"Mexico"}],"prism:aggregationType":"Journal","subtype":"ar","subtypeDescription":"Article","author-count":{"@limit": "100", "@total": "1", "$" :"1"},"author": [{"@_fa": "true", "@seq": "1", "author-url":"https://api.elsevier.com/content/author/author_id/57190957454","authid":"57190957454","authname":"Gaona H.","surname":"Gaona","given-name":"Héctor Tejera","initials":"H.T.","afid": [{"@_fa": "true", "$" :"60028381"}]}],"authkeywords":"Clientelism | Elections | Government | Participation | Political campaigns","source-id":"14090","fund-no":"undefined","openaccess":"0","openaccessFlag":false},{"@_fa": "true", "link": [{"@_fa": "true", "@ref": "self", "@href": "https://api.elsevier.com/content/abstract/scopus_id/0141872355"},{"@_fa": "true", "@ref": "author-affiliation", "@href": "https://api.elsevier.com/content/abstract/scopus_id/0141872355?field=author,affiliation"},{"@_fa": "true", "@ref": "scopus", "@href": "https://www.scopus.com/inward/record.uri?partnerID=HzOxMe3b&scp=0141872355&origin=inward"},{"@_fa": "true", "@ref": "scopus-citedby", "@href": "https://www.scopus.com/inward/citedby.uri?partnerID=HzOxMe3b&scp=0141872355&origin=inward"}],"prism:url":"https://api.elsevier.com/content/abstract/scopus_id/0141872355","dc:identifier":"SCOPUS_ID:0141872355","eid":"2-s2.0-0141872355","dc:title":"Clientelism and voting behavior: Evidence from a field experiment in Benin","dc:creator":"Wantchekon L.","prism:publicationName":"World Politics","prism:issn":"00438871","prism:volume":"55","prism:issueIdentifier":"3","prism:pageRange":"399-422","prism:coverDate":"2003-01-01","prism:coverDisplayDate":"April 2003","prism:doi":"10.1353/wp.2003.0018","dc:description":"The author conducted a field experiment in Benin to investigate the impact of clientelism on voting behavior. In collaboration with four political parties involved in the 2001 presidential elections, clientelist and broad public policy platforms were designed and run in twenty randomly selected villages of an average of 756 registered voters. Using the survey data collected after the elections, the author estimated the effect of each type of message by comparing voting behavior in the villages exposed to clientelism or public policy messages (treatment groups) with voting behavior in the other villages (control groups). The author found that clientelist messages have positive and significant effect in all regions and for all types of candidates. The author also found that public policy messages have a positive and significant effect in the South but a negative and significant effect in the North. In addition, public policy messages seem to hurt incumbents as well as regional candidates. Finally, the evidence indicates that female voters tend to have stronger preference for public policy platforms than male voters.","citedby-count":"309","affiliation": [{"@_fa": "true", "affiliation-url":"https://api.elsevier.com/content/affiliation/affiliation_id/60021784","afid":"60021784","affilname":"New York University","affiliation-city":"New York","affiliation-country":"United States"}],"prism:aggregationType":"Journal","subtype":"ar","subtypeDescription":"Article","author-count":{"@limit": "100", "@total": "1", "$" :"1"},"author": [{"@_fa": "true", "@seq": "1", "author-url":"https://api.elsevier.com/content/author/author_id/6602242326","authid":"6602242326","authname":"Wantchekon L.","surname":"Wantchekon","given-name":"Leonard","initials":"L.","afid": [{"@_fa": "true", "$" :"60021784"}]}],"source-id":"25725","fund-no":"undefined","fund-sponsor":"Yale University","openaccess":"0","openaccessFlag":false},{"@_fa": "true", "link": [{"@_fa": "true", "@ref": "self", "@href": "https://api.elsevier.com/content/abstract/scopus_id/0037412653"},{"@_fa": "true", "@ref": "author-affiliation", "@href": "https://api.elsevier.com/content/abstract/scopus_id/0037412653?field=author,affiliation"},{"@_fa": "true", "@ref": "scopus", "@href": "https://www.scopus.com/inward/record.uri?partnerID=HzOxMe3b&scp=0037412653&origin=inward"},{"@_fa": "true", "@ref": "scopus-citedby", "@href": "https://www.scopus.com/inward/citedby.uri?partnerID=HzOxMe3b&scp=0037412653&origin=inward"}],"prism:url":"https://api.elsevier.com/content/abstract/scopus_id/0037412653","dc:identifier":"SCOPUS_ID:0037412653","eid":"2-s2.0-0037412653","dc:title":"Privatizing the occupation: The political economy of an Oslo development project","dc:creator":"Lagerquist P.","prism:publicationName":"Journal of Palestine Studies","prism:issn":"0377919X","prism:volume":"32","prism:issueIdentifier":"2","prism:pageRange":"5-20","prism:coverDate":"2003-01-01","prism:coverDisplayDate":"Winter 2003","prism:doi":"10.1525/jps.2003.32.2.5","dc:description":"During Oslo, a Palestinian industrial estates scheme sponsored by international donors was marketed as a template for the occupied territories' integration into global markets. This article traces the project's significance as an encounter between donor agendas, development discourses, and the nexus of Israeli security prerogatives and Palestinian clientele politics that shaped Oslo's political economy. It argues that in addition to dubious economics, the scheme provided rent-seeking opportunities to Israeli middlemen arbitrating between Israeli security apparatuses and Palestinian economic elites, both rehearsing a wider tendency of development projects to obscure issues of power and control, and ultimately itself reinvesting a local, colonial genealogy of development as control.","citedby-count":"16","prism:aggregationType":"Journal","subtype":"ar","subtypeDescription":"Article","author-count":{"@limit": "100", "@total": "1", "$" :"1"},"author": [{"@_fa": "true", "@seq": "1", "author-url":"https://api.elsevier.com/content/author/author_id/6507417375","authid":"6507417375","authname":"Lagerquist P.","surname":"Lagerquist","given-name":"Peter","initials":"P."}],"source-id":"26079","fund-no":"undefined","openaccess":"0","openaccessFlag":false},{"@_fa": "true", "link": [{"@_fa": "true", "@ref": "self", "@href": "https://api.elsevier.com/content/abstract/scopus_id/0142121463"},{"@_fa": "true", "@ref": "author-affiliation", "@href": "https://api.elsevier.com/content/abstract/scopus_id/0142121463?field=author,affiliation"},{"@_fa": "true", "@ref": "scopus", "@href": "https://www.scopus.com/inward/record.uri?partnerID=HzOxMe3b&scp=0142121463&origin=inward"},{"@_fa": "true", "@ref": "scopus-citedby", "@href": "https://www.scopus.com/inward/citedby.uri?partnerID=HzOxMe3b&scp=0142121463&origin=inward"}],"prism:url":"https://api.elsevier.com/content/abstract/scopus_id/0142121463","dc:identifier":"SCOPUS_ID:0142121463","eid":"2-s2.0-0142121463","dc:title":"Social correlates of party system demise and populist resurgence in Venezuela","dc:creator":"Roberts K.","prism:publicationName":"Latin American Politics and Society","prism:issn":"1531426X","prism:volume":"45","prism:issueIdentifier":"3","prism:pageRange":"35-58","prism:coverDate":"2003-01-01","prism:coverDisplayDate":"Fall 2003","prism:doi":"10.2307/3177158","dc:description":"Considering its strong, highly institutionalized two-party system, Venezuela was surely one of the least likely countries in Latin America to experience a party system breakdown and populist resurgence. That traditional party system nevertheless was founded on a mixture of corporatist and clientelist linkages to social actors that were unable to withstand the secular decline of the oil economy and several aborted attempts at market liberalization. Successive administrations led by the dominant parties failed to reverse the economic slide, with devastating consequences for the party system as a whole. The party system ultimately rested on insecure structural foundations; and when its social moorings crumbled in the 1990s, the populist movement of Hugo Chávez emerged to fill the political void. This populist resurgence both capitalized on and accelerated the institutional decomposition of the old order.","citedby-count":"60","affiliation": [{"@_fa": "true", "affiliation-url":"https://api.elsevier.com/content/affiliation/affiliation_id/60033021","afid":"60033021","affilname":"University of New Mexico","affiliation-city":"Albuquerque","affiliation-country":"United States"}],"prism:aggregationType":"Journal","subtype":"ar","subtypeDescription":"Article","author-count":{"@limit": "100", "@total": "1", "$" :"1"},"author": [{"@_fa": "true", "@seq": "1", "author-url":"https://api.elsevier.com/content/author/author_id/56090556000","authid":"56090556000","authname":"Roberts K.","surname":"Roberts","given-name":"Kenneth M.","initials":"K.M.","afid": [{"@_fa": "true", "$" :"60033021"}]}],"source-id":"26459","fund-no":"undefined","openaccess":"0","openaccessFlag":false},{"@_fa": "true", "link": [{"@_fa": "true", "@ref": "self", "@href": "https://api.elsevier.com/content/abstract/scopus_id/0037245832"},{"@_fa": "true", "@ref": "author-affiliation", "@href": "https://api.elsevier.com/content/abstract/scopus_id/0037245832?field=author,affiliation"},{"@_fa": "true", "@ref": "scopus", "@href": "https://www.scopus.com/inward/record.uri?partnerID=HzOxMe3b&scp=0037245832&origin=inward"},{"@_fa": "true", "@ref": "scopus-citedby", "@href": "https://www.scopus.com/inward/citedby.uri?partnerID=HzOxMe3b&scp=0037245832&origin=inward"}],"prism:url":"https://api.elsevier.com/content/abstract/scopus_id/0037245832","dc:identifier":"SCOPUS_ID:0037245832","eid":"2-s2.0-0037245832","dc:title":"Limits to democratic development in civil society and the state: The case of Santo Domingo","dc:creator":"Choup A.","prism:publicationName":"Development and Change","prism:issn":"0012155X","prism:volume":"34","prism:issueIdentifier":"1","prism:pageRange":"25-44","prism:coverDate":"2003-01-01","prism:coverDisplayDate":"January 2003","prism:doi":"10.1111/1467-7660.00295","dc:description":"Some scholars see civil society as key to democratization of the political system. In this view, pressure from civil society forces democratization of the state. However, this disregards the fact that changes in civil society's behaviour require changes in political society - changes are reciprocal. The demand-making strategies of grassroots organizations in the Dominican Republic in 1999 provide a good example of this dynamic: the incomplete nature of the democratic transition (specifically, the persistence of paternalism and clientelism) constrained the democratic strategy choices of the civil society organizations. Just as democratization within political society is inconsistent and incomplete, so will be the demand-making strategies of the grassroots towards the state. The Dominican case is of particular interest as it illustrates the blend of personalized and institutionalized elements characteristic of democratic transition.","citedby-count":"7","affiliation": [{"@_fa": "true", "affiliation-url":"https://api.elsevier.com/content/affiliation/affiliation_id/60001280","afid":"60001280","affilname":"Mills College","affiliation-city":"Oakland","affiliation-country":"United States"}],"prism:aggregationType":"Journal","subtype":"ar","subtypeDescription":"Article","author-count":{"@limit": "100", "@total": "1", "$" :"1"},"author": [{"@_fa": "true", "@seq": "1", "author-url":"https://api.elsevier.com/content/author/author_id/6507037781","authid":"6507037781","authname":"Choup A.","surname":"Choup","given-name":"Anne Marie","initials":"A.M.","afid": [{"@_fa": "true", "$" :"60001280"}]}],"source-id":"14091","fund-no":"undefined","openaccess":"0","openaccessFlag":false},{"@_fa": "true", "link": [{"@_fa": "true", "@ref": "self", "@href": "https://api.elsevier.com/content/abstract/scopus_id/0242487730"},{"@_fa": "true", "@ref": "author-affiliation", "@href": "https://api.elsevier.com/content/abstract/scopus_id/0242487730?field=author,affiliation"},{"@_fa": "true", "@ref": "scopus", "@href": "https://www.scopus.com/inward/record.uri?partnerID=HzOxMe3b&scp=0242487730&origin=inward"},{"@_fa": "true", "@ref": "scopus-citedby", "@href": "https://www.scopus.com/inward/citedby.uri?partnerID=HzOxMe3b&scp=0242487730&origin=inward"}],"prism:url":"https://api.elsevier.com/content/abstract/scopus_id/0242487730","dc:identifier":"SCOPUS_ID:0242487730","eid":"2-s2.0-0242487730","dc:title":"How do microfinance organisations become more client-led? Lessons from Latin America","dc:creator":"Cohen M.","prism:publicationName":"IDS Bulletin","prism:issn":"02655012","prism:volume":"34","prism:issueIdentifier":"4","prism:pageRange":"94-105","prism:coverDate":"2003-01-01","prism:coverDisplayDate":"October 2003","prism:doi":"10.1111/j.1759-5436.2003.tb00094.x","dc:description":"The microfinance agenda is increasingly market-driven and, therefore, client-focused. The renewed interest in clients is driven by the industry's concern over competition and drop-outs. This increasing awareness that the customer matters has led MFOs to be more attentive to who their clients are, learning how they use financial services and identifying appropriate products and services that better match the customer's preferences. However, market-led microfinance is not limited to products. For institutions to better serve their clients, organisational restructuring may be required to ensure that their systems and modes of microfinance delivery are more client-responsive. Visits to Imp-Act partner MFOs - CAME in Mexico, ODEF and the COVELO network, a national MFO membership organisation, in Honduras - provide the context for a closer examination of the kinds of evolutionary processes that drive institutions to become more client-led, and thereby more effective financial service providers.","citedby-count":"2","affiliation": [{"@_fa": "true", "affiliation-url":"https://api.elsevier.com/content/affiliation/affiliation_id/60030480","afid":"60030480","affilname":"University of Bath","affiliation-city":"Bath","affiliation-country":"United Kingdom"},{"@_fa": "true", "affiliation-url":"https://api.elsevier.com/content/affiliation/affiliation_id/100515554","afid":"100515554","affilname":"USAID","affiliation-city":"Vienna","affiliation-country":"United States"}],"prism:aggregationType":"Journal","subtype":"ar","subtypeDescription":"Article","author-count":{"@limit": "100", "@total": "2", "$" :"2"},"author": [{"@_fa": "true", "@seq": "1", "author-url":"https://api.elsevier.com/content/author/author_id/55477536300","authid":"55477536300","authname":"Cohen M.","surname":"Cohen","given-name":"Monique","initials":"M.","afid": [{"@_fa": "true", "$" :"100515554"}]},{"@_fa": "true", "@seq": "2", "author-url":"https://api.elsevier.com/content/author/author_id/36179083500","authid":"36179083500","authname":"Wright K.","surname":"Wright","given-name":"Katie","initials":"K.","afid": [{"@_fa": "true", "$" :"60030480"}]}],"source-id":"14746","fund-no":"undefined","openaccess":"0","openaccessFlag":false},{"@_fa": "true", "link": [{"@_fa": "true", "@ref": "self", "@href": "https://api.elsevier.com/content/abstract/scopus_id/67649225410"},{"@_fa": "true", "@ref": "author-affiliation", "@href": "https://api.elsevier.com/content/abstract/scopus_id/67649225410?field=author,affiliation"},{"@_fa": "true", "@ref": "scopus", "@href": "https://www.scopus.com/inward/record.uri?partnerID=HzOxMe3b&scp=67649225410&origin=inward"},{"@_fa": "true", "@ref": "scopus-citedby", "@href": "https://www.scopus.com/inward/citedby.uri?partnerID=HzOxMe3b&scp=67649225410&origin=inward"}],"prism:url":"https://api.elsevier.com/content/abstract/scopus_id/67649225410","dc:identifier":"SCOPUS_ID:67649225410","eid":"2-s2.0-67649225410","dc:title":"Political representation in algeria between clientelistic mediation and predation (1997-2002)","dc:creator":"Hachemaoui M.","prism:publicationName":"Revue Francaise de Science Politique","prism:issn":"00352950","prism:volume":"53","prism:issueIdentifier":"1","prism:pageRange":"35-72","prism:coverDate":"2003-01-01","prism:coverDisplayDate":"2003","prism:doi":"10.3917/rfsp.531.0035","dc:description":"Based on semi-directive interviews with 50 currents Algerian member of Parliament in service, the aim of this article is to build a few hypotheses for a sociology of political representation of June 1997 election. In this analytical framework, it seeks to show that beneath the broken off political game that was central to these elections, there is a social game in which individuals and social groups, party machines, local and central authorities, formal and informal bodies, intermediaries and election brokers carry out a transaction, a social and symbolic exchange over electoral supply, in the melting pot of clientelist relations. The article seeks to prove that much of the parties' capture of the parliamentarians and their election depends on social capital and/or the art of the mobilization of the primordial links. Caught in relations of « reciprocal predation » between State and society that are expressed in the repertory of political clientelism, the Algerian deputies thus become agents of clientelistic mediation. © 2003 Presses de Sciences Po.","citedby-count":"14","affiliation": [{"@_fa": "true", "affiliation-url":"https://api.elsevier.com/content/affiliation/affiliation_id/60106296","afid":"60106296","affilname":"Centre de Recherches Internationales Sciences Po","affiliation-city":"Paris","affiliation-country":"France"}],"prism:aggregationType":"Journal","subtype":"ar","subtypeDescription":"Article","author-count":{"@limit": "100", "@total": "1", "$" :"1"},"author": [{"@_fa": "true", "@seq": "1", "author-url":"https://api.elsevier.com/content/author/author_id/8110697700","authid":"8110697700","authname":"Hachemaoui M.","surname":"Hachemaoui","given-name":"Mohammed","initials":"M.","afid": [{"@_fa": "true", "$" :"60106296"}]}],"source-id":"24262","fund-no":"undefined","openaccess":"0","openaccessFlag":false},{"@_fa": "true", "link": [{"@_fa": "true", "@ref": "self", "@href": "https://api.elsevier.com/content/abstract/scopus_id/0344196726"},{"@_fa": "true", "@ref": "author-affiliation", "@href": "https://api.elsevier.com/content/abstract/scopus_id/0344196726?field=author,affiliation"},{"@_fa": "true", "@ref": "scopus", "@href": "https://www.scopus.com/inward/record.uri?partnerID=HzOxMe3b&scp=0344196726&origin=inward"},{"@_fa": "true", "@ref": "scopus-citedby", "@href": "https://www.scopus.com/inward/citedby.uri?partnerID=HzOxMe3b&scp=0344196726&origin=inward"}],"prism:url":"https://api.elsevier.com/content/abstract/scopus_id/0344196726","dc:identifier":"SCOPUS_ID:0344196726","eid":"2-s2.0-0344196726","dc:title":"Democratization and Autonomous Unionism in Taiwan: The Case of Petrochemical Workers","dc:creator":"Ho M.","prism:publicationName":"Issues and Studies","prism:issn":"10132511","prism:volume":"39","prism:issueIdentifier":"3","prism:pageRange":"105-135","prism:coverDate":"2003-01-01","prism:coverDisplayDate":"September 2003","dc:description":"In the study of the Taiwanese labor movement, the prevailing consensus holds that democratization empowered the working class in Taiwan, while worker impact on democratization was minimal. While largely agreeing with this consensus, this paper seeks to offer some revisions by analyzing the rise of unionism in the China Petroleum Corporation (CPC). First, this paper argues that grass-roots militants played an important role in the making of autonomous unionism. Second, the worker activists themselves mediated the impact of democratization on unionism. Thanks to their workshop-level organizing, CPC workers cultivated a common anti-Kuomintang (KMT) outlook. This mentality served as a valuable mobilization framework for the union movement, building on the general resentment caused by KMT clientelism in the CPC. Third, the rise of autonomous unionism helped to clear away the KMT's authoritarian infrastructure within the CPC. Therefore, workers certainly made their contribution to democratization, no matter how local and indirect it might have been. This paper closes by putting these findings in a boarder perspective and suggesting directions for further research.","citedby-count":"9","affiliation": [{"@_fa": "true", "affiliation-url":"https://api.elsevier.com/content/affiliation/affiliation_id/60018007","afid":"60018007","affilname":"Nanhua University Taiwan","affiliation-city":"Chiayi","affiliation-country":"Taiwan"}],"prism:aggregationType":"Journal","subtype":"re","subtypeDescription":"Review","author-count":{"@limit": "100", "@total": "1", "$" :"1"},"author": [{"@_fa": "true", "@seq": "1", "author-url":"https://api.elsevier.com/content/author/author_id/7403080771","authid":"7403080771","authname":"Ho M.","surname":"Ho","given-name":"Ming Sho","initials":"M.S.","afid": [{"@_fa": "true", "$" :"60018007"}]}],"authkeywords":"Activists | Democratization | Opposition movement | Party-state | Taiwan | Union movement | Workers","source-id":"25885","fund-no":"undefined","openaccess":"0","openaccessFlag":false},{"@_fa": "true", "link": [{"@_fa": "true", "@ref": "self", "@href": "https://api.elsevier.com/content/abstract/scopus_id/0242583237"},{"@_fa": "true", "@ref": "author-affiliation", "@href": "https://api.elsevier.com/content/abstract/scopus_id/0242583237?field=author,affiliation"},{"@_fa": "true", "@ref": "scopus", "@href": "https://www.scopus.com/inward/record.uri?partnerID=HzOxMe3b&scp=0242583237&origin=inward"},{"@_fa": "true", "@ref": "scopus-citedby", "@href": "https://www.scopus.com/inward/citedby.uri?partnerID=HzOxMe3b&scp=0242583237&origin=inward"}],"prism:url":"https://api.elsevier.com/content/abstract/scopus_id/0242583237","dc:identifier":"SCOPUS_ID:0242583237","eid":"2-s2.0-0242583237","dc:title":"The quest for social notability: Authoritarian remanence and democratization in Cameroon","dc:creator":"Zambo Belinga J.","prism:publicationName":"Cahiers d'Etudes Africaines","prism:issn":"00080055","prism:volume":"43","prism:issueIdentifier":"3","prism:pageRange":"573-589","prism:coverDate":"2003-01-01","prism:coverDisplayDate":"2003","dc:description":"Given its underlying ideals of freedom and respect for human beings, the democratization process launched on the African continent in the early 1990s bore hope for African peoples. For a large proportion of the population, including in Cameroon, this new phase in the political history of African societies signaled the introduction of \"young political entities\" as authoritarian forms of organization and political management disappeared and as less oppressive forms of government more inclined to advance basic freedoms were adopted. Although, on the institutional level, democratization has helped reduce oppressive aspects in Cameroon's legal system, the \"authoritarian threshold\" has been lowered with much hesitation and reluctance. As a result, authoritarian practices are being restored. These practices aim at reinventing and perpetuating in unofficial, symbolic ways an \"authoritarian logic\" in a context where officials are proclaiming freedom.","citedby-count":"1","affiliation": [{"@_fa": "true", "affiliation-url":"https://api.elsevier.com/content/affiliation/affiliation_id/60070928","afid":"60070928","affilname":"Université de Yaoundé I","affiliation-city":"Yaounde","affiliation-country":"Cameroon"}],"prism:aggregationType":"Journal","subtype":"ar","subtypeDescription":"Article","author-count":{"@limit": "100", "@total": "1", "$" :"1"},"author": [{"@_fa": "true", "@seq": "1", "author-url":"https://api.elsevier.com/content/author/author_id/6506690155","authid":"6506690155","authname":"Zambo Belinga J.","surname":"Zambo Belinga","given-name":"Joseph Marie","initials":"J.M.","afid": [{"@_fa": "true", "$" :"60070928"}]}],"authkeywords":"Cameroon | Democratization | Patronage | Politicians | Restoration of authoritarianism | Symbols","source-id":"36166","fund-no":"undefined","openaccess":"0","openaccessFlag":false},{"@_fa": "true", "link": [{"@_fa": "true", "@ref": "self", "@href": "https://api.elsevier.com/content/abstract/scopus_id/2942637955"},{"@_fa": "true", "@ref": "author-affiliation", "@href": "https://api.elsevier.com/content/abstract/scopus_id/2942637955?field=author,affiliation"},{"@_fa": "true", "@ref": "scopus", "@href": "https://www.scopus.com/inward/record.uri?partnerID=HzOxMe3b&scp=2942637955&origin=inward"},{"@_fa": "true", "@ref": "scopus-citedby", "@href": "https://www.scopus.com/inward/citedby.uri?partnerID=HzOxMe3b&scp=2942637955&origin=inward"}],"prism:url":"https://api.elsevier.com/content/abstract/scopus_id/2942637955","dc:identifier":"SCOPUS_ID:2942637955","eid":"2-s2.0-2942637955","dc:title":"Security sector and its reform","dc:creator":"Korba M.","prism:publicationName":"Sociologia","prism:issn":"00491225","prism:volume":"35","prism:issueIdentifier":"5","prism:pageRange":"433-452","prism:coverDate":"2003-01-01","prism:coverDisplayDate":"2003","dc:description":"Throughout history, there have been many cases referring to the misuse of the power by one of the state's power institution. Most frequently there were the armed forces, which as the strongest power instrument dislocated from control. Modern era brought gradual strengthening of the next power institution such as police, intelligence services or internal security agencies. The parallel process to this strengthening was the increasing threat of abusing of the stressed institutions. The violent overthrow of the government is the extreme demonstration of the power instruments interference in the state functioning. There are also other more typical cases, such as influencing political life, discrimination of the internal opponents, or pursuing particular financial or economic gains. The dominant role of some of those institutions in political system lead to societal decline and to the spread of negative characteristics like corruption and clientelism. A precondition of the democratic system and for market economy functioning is democratic control and public oversight of the state's power institutions. The first key task of those mechanisms is to prevent manipulating with power instruments by political groups, which are trying to promote their own interests. The second key task is to prevent potential abuse of those institutions by their own members or by their command officers. On the basis of the mentioned facts, the civil society and the democratic state are creating a complex of formal relations and informal rules with the aim to ensure the accountable and transparent functioning of the whole power apparatus. In traditional democracies and in the countries undergoing democratic transformation process, one rule is valid - The mechanisms of the political control and public oversight over the armed forces, police, intelligence services and internal security agencies are the precondition for effective state governance, and for sustainable development of civic society. The formation of these mechanisms is shaping by historical experiences with civil - Military relations. Even if the character of political systems and of the society structure did change in the course of history, the main problem stays unchangeable. It is the issue of how to include the armed forces into the society in order not to be the latent threat (in the form of the misuse of their power potential on illegitimate political or individual aims). The theory of the civil - Military relations deals with the main principles of the balance between the armed forces efficiency and its subordination to the democratic control and civil/public oversight. This process has been evolving for the past five decades. This balance depends on the harmonisation of the prerequisites, with the aim to create accountability of the armed forces towards political authority and transparency towards the public. Equal aim is to retain the efficiency of the armed forces. In the course of the past six years this conception was stared to be applied also on the other power institutions, and not only on armed forces. It is the natural reflection, since the beginning of the 21st century carry over the same challenge as in the past - To ensure political control and public oversight on power apparatus of the state. There was developed the new concept of \"Security Sector\" to deal with these issues. Because the actors involved in delivering security services and the relationship between them vary from country to country, there is not a universally applicable definition of the security sector. The security sector consists of the following elements: Forces authorised to use force (armed forces, police, intelligence services, internal security agencies etc.), Security management and oversight bodies (governmental and parliamentarian, civil society actors, media, etc.), Justice and law enforcement institutions, Non-statutory security forces (private security companies, guerrilla armies, etc.) The process of security sector reform involves three broad challenges. The first challenge is to ensure the proper location of security activities within a constitutional framework defined by law and to develop security policies and instruments to implement them. The second challenge is to build the capacity of policy makers to effectively assess the nature of security threats and to design strategic response supportive of wider national goals. The third challenge is to strengthen mechanisms for ensuring security sector accountability by enabling the state and non-state actors responsible for monitorinq security policy and enforcing the law to fulfil their functions effectively.","citedby-count":"0","affiliation": [{"@_fa": "true", "affiliation-url":"https://api.elsevier.com/content/affiliation/affiliation_id/60104877","afid":"60104877","affilname":"Institute of International Relations","affiliation-city":"Prague","affiliation-country":"Czech Republic"}],"prism:aggregationType":"Journal","subtype":"re","subtypeDescription":"Review","author-count":{"@limit": "100", "@total": "1", "$" :"1"},"author": [{"@_fa": "true", "@seq": "1", "author-url":"https://api.elsevier.com/content/author/author_id/6507180073","authid":"6507180073","authname":"Korba M.","surname":"Korba","given-name":"Matúš","initials":"M.","afid": [{"@_fa": "true", "$" :"60104877"}]}],"source-id":"18032","fund-no":"undefined","openaccess":"0","openaccessFlag":false}]}}