{"search-results":{"opensearch:totalResults":"14","opensearch:startIndex":"0","opensearch:itemsPerPage":"14","opensearch:Query":{"@role": "request", "@searchTerms": "TITLE-ABS-KEY(\"clientelism\") AND SUBJAREA(SOCI) AND PUBYEAR = 2001", "@startPage": "0"},"link": [{"@_fa": "true", "@ref": "self", "@href": "https://api.elsevier.com/content/search/scopus?start=0&count=25&query=TITLE-ABS-KEY%28%22clientelism%22%29+AND+SUBJAREA%28SOCI%29+AND+PUBYEAR+%3D+2001&apiKey=27d953b4b546791964ebeb768d13e61f&view=COMPLETE", "@type": "application/json"},{"@_fa": "true", "@ref": "first", "@href": "https://api.elsevier.com/content/search/scopus?start=0&count=25&query=TITLE-ABS-KEY%28%22clientelism%22%29+AND+SUBJAREA%28SOCI%29+AND+PUBYEAR+%3D+2001&apiKey=27d953b4b546791964ebeb768d13e61f&view=COMPLETE", "@type": "application/json"}],"entry": [{"@_fa": "true", "link": [{"@_fa": "true", "@ref": "self", "@href": "https://api.elsevier.com/content/abstract/scopus_id/34248070457"},{"@_fa": "true", "@ref": "author-affiliation", "@href": "https://api.elsevier.com/content/abstract/scopus_id/34248070457?field=author,affiliation"},{"@_fa": "true", "@ref": "scopus", "@href": "https://www.scopus.com/inward/record.uri?partnerID=HzOxMe3b&scp=34248070457&origin=inward"},{"@_fa": "true", "@ref": "scopus-citedby", "@href": "https://www.scopus.com/inward/citedby.uri?partnerID=HzOxMe3b&scp=34248070457&origin=inward"}],"prism:url":"https://api.elsevier.com/content/abstract/scopus_id/34248070457","dc:identifier":"SCOPUS_ID:34248070457","eid":"2-s2.0-34248070457","dc:title":"Achievements and mishaps of clientelism. A comparative study of italy and japan","dc:creator":"Caciagli M.","prism:publicationName":"Revue Francaise de Science Politique","prism:issn":"00352950","prism:volume":"51","prism:issueIdentifier":"4","prism:pageRange":"569-586","prism:coverDate":"2001-12-01","prism:coverDisplayDate":"2001","dc:description":"Italy and Japan are considered two classic examples of clientelism. The two countries, now democracies and major economic powers, display both traditional and more modern forms of clientelism. The authors'comparative analysis emphasizes both distinctive features and shared points. They question the « virtuous » impact that a certain brand of clientelism may have had on Italian and Japanese development. Lastly, they examine recent changes in clientelism and its links with corruption, and reflect on its future at a time when both the Italian and Japanese political systems are undergoing major transformations. © 2001 Presses de la Fondation nationale des sciences politiques.","citedby-count":"3","affiliation": [{"@_fa": "true", "affiliation-url":"https://api.elsevier.com/content/affiliation/affiliation_id/60021859","afid":"60021859","affilname":"Università degli Studi di Firenze","affiliation-city":"Florence","affiliation-country":"Italy"},{"@_fa": "true", "affiliation-url":"https://api.elsevier.com/content/affiliation/affiliation_id/107126268","afid":"107126268","affilname":"Science politique au département","affiliation-city":null,"affiliation-country":"Japan"}],"prism:aggregationType":"Journal","subtype":"ar","subtypeDescription":"Article","author-count":{"@limit": "100", "@total": "2", "$" :"2"},"author": [{"@_fa": "true", "@seq": "1", "author-url":"https://api.elsevier.com/content/author/author_id/26655213000","authid":"26655213000","authname":"Caciagli M.","surname":"Caciagli","given-name":"Mario","initials":"M.","afid": [{"@_fa": "true", "$" :"60021859"}]},{"@_fa": "true", "@seq": "2", "author-url":"https://api.elsevier.com/content/author/author_id/26655697400","authid":"26655697400","authname":"Jun'ichi K.","surname":"Jun'ichi","given-name":"Kawata","initials":"K.","afid": [{"@_fa": "true", "$" :"107126268"}]}],"source-id":"24262","fund-no":"undefined","openaccess":"0","openaccessFlag":false},{"@_fa": "true", "link": [{"@_fa": "true", "@ref": "self", "@href": "https://api.elsevier.com/content/abstract/scopus_id/34248075448"},{"@_fa": "true", "@ref": "author-affiliation", "@href": "https://api.elsevier.com/content/abstract/scopus_id/34248075448?field=author,affiliation"},{"@_fa": "true", "@ref": "scopus", "@href": "https://www.scopus.com/inward/record.uri?partnerID=HzOxMe3b&scp=34248075448&origin=inward"},{"@_fa": "true", "@ref": "scopus-citedby", "@href": "https://www.scopus.com/inward/citedby.uri?partnerID=HzOxMe3b&scp=34248075448&origin=inward"}],"prism:url":"https://api.elsevier.com/content/abstract/scopus_id/34248075448","dc:identifier":"SCOPUS_ID:34248075448","eid":"2-s2.0-34248075448","dc:title":"Comparing two « special democracies »","dc:creator":"Bouissou J.","prism:publicationName":"Revue Francaise de Science Politique","prism:issn":"00352950","prism:volume":"51","prism:issueIdentifier":"4","prism:pageRange":"531-543","prism:coverDate":"2001-12-01","prism:coverDisplayDate":"2001","dc:description":"This tematic issue is the outcome of a conference attended by Italian, Japanese and French researchers interested in comparing Italy and Japan. Political scientists have already used that approach, but always focusing on the specificities of the two countries and the features of their political systems which are considered illustrative of their deep abnormalities. As against this process which they deem unsatisfactory, the authors set themselves three objectives: to outline a parallel history of the two countries, to highlight certain aspects of their political systems, to analyze the latest developments. This leads them to a different approach to the fundamental political realities-corruption, clientelism, and party government-, and to challenge the rele-vance of a new concept, that of « regulated redistributive partitocracy ». © 2001 Presses de la Fondation nationale des sciences politiques.","citedby-count":"3","affiliation": [{"@_fa": "true", "affiliation-url":"https://api.elsevier.com/content/affiliation/affiliation_id/60106296","afid":"60106296","affilname":"Centre de Recherches Internationales Sciences Po","affiliation-city":"Paris","affiliation-country":"France"},{"@_fa": "true", "affiliation-url":"https://api.elsevier.com/content/affiliation/affiliation_id/60083821","afid":"60083821","affilname":"SciencesPo","affiliation-city":"Paris","affiliation-country":"France"}],"prism:aggregationType":"Journal","subtype":"ar","subtypeDescription":"Article","author-count":{"@limit": "100", "@total": "2", "$" :"2"},"author": [{"@_fa": "true", "@seq": "1", "author-url":"https://api.elsevier.com/content/author/author_id/6506685598","authid":"6506685598","authname":"Bouissou J.","surname":"Bouissou","given-name":"Jean Marie","initials":"J.M.","afid": [{"@_fa": "true", "$" :"60106296"}]},{"@_fa": "true", "@seq": "2", "author-url":"https://api.elsevier.com/content/author/author_id/56221036400","authid":"56221036400","authname":"Lazar M.","surname":"Lazar","given-name":"Marc","initials":"M.","afid": [{"@_fa": "true", "$" :"60083821"}]}],"source-id":"24262","fund-no":"undefined","openaccess":"0","openaccessFlag":false},{"@_fa": "true", "link": [{"@_fa": "true", "@ref": "self", "@href": "https://api.elsevier.com/content/abstract/scopus_id/0035740240"},{"@_fa": "true", "@ref": "author-affiliation", "@href": "https://api.elsevier.com/content/abstract/scopus_id/0035740240?field=author,affiliation"},{"@_fa": "true", "@ref": "scopus", "@href": "https://www.scopus.com/inward/record.uri?partnerID=HzOxMe3b&scp=0035740240&origin=inward"},{"@_fa": "true", "@ref": "scopus-citedby", "@href": "https://www.scopus.com/inward/citedby.uri?partnerID=HzOxMe3b&scp=0035740240&origin=inward"}],"prism:url":"https://api.elsevier.com/content/abstract/scopus_id/0035740240","dc:identifier":"SCOPUS_ID:0035740240","eid":"2-s2.0-0035740240","dc:title":"Tranformation without democratization","dc:creator":"Purkarthofer P.","prism:publicationName":"Journal fur Entwicklungspolitik","prism:issn":"02582384","prism:volume":"17","prism:issueIdentifier":"3-4","prism:pageRange":"295-312","prism:coverDate":"2001-12-01","prism:coverDisplayDate":"2001","dc:description":"This article argues that the raising probability of free and fair elections as well as increased partypluralism (at least till the elections in July 2000) can be seen as democratic tendencies. But these are not sufficient criteria to state the existence of a comprehensive process of democratization. The prevailing power of the president, remaining clientelism, a weak separation of powers and the lack of real federalism represent obstacles to democratization inherent to the practice of the political system. Since the 1980ies the rising outrage and indignation over increased poverty eroded the consensus over the uphold project of modernization. The demands of the social movements, the declining legitimacy of the economic policy implemented by the government and the regional militarization in some Mexican states can be added to the challenges for a real democratization under the new Mexican President Vicente Fox.","citedby-count":"0","affiliation": [{"@_fa": "true", "affiliation-url":"https://api.elsevier.com/content/affiliation/affiliation_id/60025988","afid":"60025988","affilname":"Universitat Wien","affiliation-city":"Vienna","affiliation-country":"Austria"}],"prism:aggregationType":"Journal","subtype":"ar","subtypeDescription":"Article","author-count":{"@limit": "100", "@total": "1", "$" :"1"},"author": [{"@_fa": "true", "@seq": "1", "author-url":"https://api.elsevier.com/content/author/author_id/6506662457","authid":"6506662457","authname":"Purkarthofer P.","surname":"Purkarthofer","given-name":"Petra","initials":"P.","afid": [{"@_fa": "true", "$" :"60025988"}]}],"source-id":"14831","fund-no":"undefined","openaccess":"0","openaccessFlag":false},{"@_fa": "true", "link": [{"@_fa": "true", "@ref": "self", "@href": "https://api.elsevier.com/content/abstract/scopus_id/0035540555"},{"@_fa": "true", "@ref": "author-affiliation", "@href": "https://api.elsevier.com/content/abstract/scopus_id/0035540555?field=author,affiliation"},{"@_fa": "true", "@ref": "scopus", "@href": "https://www.scopus.com/inward/record.uri?partnerID=HzOxMe3b&scp=0035540555&origin=inward"},{"@_fa": "true", "@ref": "scopus-citedby", "@href": "https://www.scopus.com/inward/citedby.uri?partnerID=HzOxMe3b&scp=0035540555&origin=inward"}],"prism:url":"https://api.elsevier.com/content/abstract/scopus_id/0035540555","dc:identifier":"SCOPUS_ID:0035540555","eid":"2-s2.0-0035540555","dc:title":"Access, accountability and authority: Corruption and the democratic process","dc:creator":"Philp M.","prism:publicationName":"Crime, Law and Social Change","prism:issn":"09254994","prism:eIssn":"15730751","prism:volume":"36","prism:issueIdentifier":"4","prism:pageRange":"357-377","prism:coverDate":"2001-12-01","prism:coverDisplayDate":"December 2001","prism:doi":"10.1023/A:1012075027147","dc:description":"Democratic systems face the challenge of sustaining their political authority while simultaneously providing access to the political system for their citizens, and ensuring existence of mechanisms for the formal and political accountability of those in office. The connections between these three components, and between them and corruption, are complex. The paper suggests ways in which accountability may undermine authority through the blurring of distinctions between formal and political accountability, by ham-stringing political institutions, by creating incentives for corrupt practices, and by politicising accusations of corruption. Access can be similarly destabilising and corrupting, where trust is low and compliance with rules weak; and a basic problem with securing high levels of trust is that the materials from which such trust is manufactured are often the very things which accountability mechanisms regard as corrupt - local networks, clientelism, and personal loyalties and friendships. In democratising states, attacking these elements can eradicate rather than enhance the basis for well-regulated access. Different democratic systems have evolved different ways of balancing these three components. The particular institutional form the balance takes will have a major impact on the types of corruption the system will face, and on the solutions which are appropriate. However, the tendency in international circles is for one highly idiosyncratic understanding of this balance to hold sway, with potentially destabilising consequences when applied to the analysis of corruption, especially in democratising states. The paper concludes that attempts to reduce corruption and increase accountability by increasing participation and access are flawed. Access may increase the risk of corruption, while accountability remains a classic public good on which free-riding will be widespread. Corruption control in democracies will not be solved by more democracy - indeed, it might need less.","citedby-count":"21","affiliation": [{"@_fa": "true", "affiliation-url":"https://api.elsevier.com/content/affiliation/affiliation_id/60026851","afid":"60026851","affilname":"University of Oxford","affiliation-city":"Oxford","affiliation-country":"United Kingdom"}],"prism:aggregationType":"Journal","subtype":"ar","subtypeDescription":"Article","author-count":{"@limit": "100", "@total": "1", "$" :"1"},"author": [{"@_fa": "true", "@seq": "1", "author-url":"https://api.elsevier.com/content/author/author_id/6701707110","authid":"6701707110","authname":"Philp M.","surname":"Philp","given-name":"Mark","initials":"M.","afid": [{"@_fa": "true", "$" :"60026851"}]}],"source-id":"19637","fund-no":"undefined","openaccess":"0","openaccessFlag":false},{"@_fa": "true", "link": [{"@_fa": "true", "@ref": "self", "@href": "https://api.elsevier.com/content/abstract/scopus_id/0034946894"},{"@_fa": "true", "@ref": "author-affiliation", "@href": "https://api.elsevier.com/content/abstract/scopus_id/0034946894?field=author,affiliation"},{"@_fa": "true", "@ref": "scopus", "@href": "https://www.scopus.com/inward/record.uri?partnerID=HzOxMe3b&scp=0034946894&origin=inward"},{"@_fa": "true", "@ref": "scopus-citedby", "@href": "https://www.scopus.com/inward/citedby.uri?partnerID=HzOxMe3b&scp=0034946894&origin=inward"}],"prism:url":"https://api.elsevier.com/content/abstract/scopus_id/0034946894","dc:identifier":"SCOPUS_ID:0034946894","eid":"2-s2.0-0034946894","dc:title":"\"Ethnic conflict\" undressed: Patterns of contrast, interest of elites, and clientelism of foreign powers in comparative perspective-Bosnia, India, Pakistan","dc:creator":"Wieland C.","prism:publicationName":"Nationalities Papers","prism:issn":"00905992","prism:volume":"29","prism:issueIdentifier":"2","prism:pageRange":"207-241","prism:coverDate":"2001-07-26","prism:coverDisplayDate":"2001","prism:doi":"10.1080/00905990120053728","dc:description":"What do the Balkans have in common with India? The wars of secession in the former Yugoslavia and the partition of colonial India into today's India, Pakistan, and Bangladesh are half a century apart. The circumstances of the two events seem obviously different; and, above all, the terminology of the two regions differs significantly. In the Balkans, people speak of Ethnien, éthnies, or \"ethnic groups\" and consequently \"ethnic confict.\" In India, similar phenomena are labeled \"communities,\" and hence \"communal conflict.\" This confusion is the starting point of the following discussion. I argue that the confusion about \"ethnicity\" has made the term useless for scientific research. In order to address the phenomenon that many call \"ethnic conflict,\" we must infuse the term with new meaning-a meaning that reflects the confusion and, at the same time, the construction and political effects of \"ethnicity.\" I will argue that it makes sense to define \"ethnic groups\" or \"communities\" as a concept of action with-in our cases-religion as \"ethnicenter.\" The technique is to shape \"ethnic groups\" first in theory, then in practice, in contrast to religion ex post facto with the help of historical myths, language construction, and instrumentalized customs in order to overcome contradictions and cross-cutting cleavages. Only in this way, can the problematic transition from primordial elements to political action and nation building be smoothed. In practice, external actors, like the international community during the crumbling of Yugoslavia and the colonial British in India, have helped to harden the ethnonational camps and encouraged ethnonational spokespeople to pursue the goal of a \"nation state.\" This is one reason why Muslim nation and homeland building in Bosnia and India/Pakistan largely succeeded though it lacked mass support. Another argument of this article is that the \"ethnic\" concept does not live long once the goal of an ethnonational state is reached. It is a more of a dynamic than a consolidating concept, as can be seen in Pakistan in particular but also in Bosnia. Once the ethnonational camps are fenced in by state borders, new cleavages occur within the supposed \"ethnic group.\" Ethnonationalism dies with its own success-the ethnonational state. Consequently, there are no such things as ethnonational states. \"Ethnic\" state building is an illusion. However, the attempts to further these projects alone bear new sources of conflict. In the final section I will look at possible ways to break the vicious circle of the \"ethnic\" paradigm. One observation starts on the mental level. The external actors in the Balkans and in colonial India missed the chance to dismiss the \"ethnic paradigm\" from the very beginning and thus encouraged ethnonational spokesmen to pursue their political aims step by step, which finally narrowed down the policy options to absurd geographical divisions.","citedby-count":"8","prism:aggregationType":"Journal","subtype":"ar","subtypeDescription":"Article","author-count":{"@limit": "100", "@total": "1", "$" :"1"},"author": [{"@_fa": "true", "@seq": "1", "author-url":"https://api.elsevier.com/content/author/author_id/7004326823","authid":"7004326823","authname":"Wieland C.","surname":"Wieland","given-name":"C.","initials":"C."}],"source-id":"28256","fund-no":"undefined","openaccess":"0","openaccessFlag":false},{"@_fa": "true", "link": [{"@_fa": "true", "@ref": "self", "@href": "https://api.elsevier.com/content/abstract/scopus_id/0034967301"},{"@_fa": "true", "@ref": "author-affiliation", "@href": "https://api.elsevier.com/content/abstract/scopus_id/0034967301?field=author,affiliation"},{"@_fa": "true", "@ref": "scopus", "@href": "https://www.scopus.com/inward/record.uri?partnerID=HzOxMe3b&scp=0034967301&origin=inward"},{"@_fa": "true", "@ref": "scopus-citedby", "@href": "https://www.scopus.com/inward/citedby.uri?partnerID=HzOxMe3b&scp=0034967301&origin=inward"}],"prism:url":"https://api.elsevier.com/content/abstract/scopus_id/0034967301","dc:identifier":"SCOPUS_ID:0034967301","eid":"2-s2.0-0034967301","dc:title":"The Eduardo dos Santos Foundation: Or, how Angolas's regime is taking over civil society","dc:creator":"Messiant C.","prism:publicationName":"African Affairs","prism:issn":"00019909","prism:volume":"100","prism:issueIdentifier":"399","prism:pageRange":"287-309","prism:coverDate":"2001-06-28","prism:coverDisplayDate":"2001","prism:doi":"10.1093/afraf/100.399.287","dc:description":"The creation in 1996 of the Eduardo dos Santos Foundation (FESA) is the culmination of a long process of developing a clientelist system which makes substantial use of privatization, both legal and illegal. The establishment of FESA is also part of a wider presidential strategy which is intended as a response to two related challenges: first, the failure to resolve Angola's armed conflict; and second, the exacerbation of fractional rivalries within the ruling elite, the aggravation of the country's social crisis, and the tarnished reputation of the regime as a result of war, predation and corruption.","citedby-count":"37","affiliation": [{"@_fa": "true", "affiliation-url":"https://api.elsevier.com/content/affiliation/affiliation_id/101432421","afid":"101432421","affilname":"Ctr. d'Etudes Africaines","affiliation-city":null,"affiliation-country":null}],"prism:aggregationType":"Journal","subtype":"ar","subtypeDescription":"Article","author-count":{"@limit": "100", "@total": "1", "$" :"1"},"author": [{"@_fa": "true", "@seq": "1", "author-url":"https://api.elsevier.com/content/author/author_id/6507620521","authid":"6507620521","authname":"Messiant C.","surname":"Messiant","given-name":"C.","initials":"C.","afid": [{"@_fa": "true", "$" :"101432421"}]}],"source-id":"15039","fund-no":"undefined","openaccess":"0","openaccessFlag":false},{"@_fa": "true", "link": [{"@_fa": "true", "@ref": "self", "@href": "https://api.elsevier.com/content/abstract/scopus_id/0035075479"},{"@_fa": "true", "@ref": "author-affiliation", "@href": "https://api.elsevier.com/content/abstract/scopus_id/0035075479?field=author,affiliation"},{"@_fa": "true", "@ref": "scopus", "@href": "https://www.scopus.com/inward/record.uri?partnerID=HzOxMe3b&scp=0035075479&origin=inward"},{"@_fa": "true", "@ref": "scopus-citedby", "@href": "https://www.scopus.com/inward/citedby.uri?partnerID=HzOxMe3b&scp=0035075479&origin=inward"}],"prism:url":"https://api.elsevier.com/content/abstract/scopus_id/0035075479","dc:identifier":"SCOPUS_ID:0035075479","eid":"2-s2.0-0035075479","dc:title":"A ‘southern model’ of electoral mobilization? Clientelism and electoral politics in Spain","dc:creator":"Hopkin J.","prism:publicationName":"West European Politics","prism:issn":"01402382","prism:volume":"24","prism:issueIdentifier":"1","prism:pageRange":"115-136","prism:coverDate":"2001-01-01","prism:coverDisplayDate":"January 2001","prism:doi":"10.1080/01402380108425420","dc:description":"It is often argued that clientelism is a key feature of electoral mobilisation in southern European democracies. This article examines the evidence for clientelism in the Spanish case, assessing the recruitment, redistributive strategies and electoral performance of governing parties in the 1977-96 period. It finds little evidence of extensive clientelistic mobilisation; instead, political parties' use of state resources is largely consistent with their programmatic and ideological positions. 'Old' clientelism from the pre-democratic era mostly did not survive the change of regime, whilst 'new' clientelism based on the expansion of state employment contributed to the Socialist Party's organisational consolidation, but was not a significant feature of its strategy of electoral mobilisation.","citedby-count":"38","affiliation": [{"@_fa": "true", "affiliation-url":"https://api.elsevier.com/content/affiliation/affiliation_id/60019702","afid":"60019702","affilname":"University of Birmingham","affiliation-city":"Birmingham","affiliation-country":"United Kingdom"}],"prism:aggregationType":"Journal","subtype":"ar","subtypeDescription":"Article","author-count":{"@limit": "100", "@total": "1", "$" :"1"},"author": [{"@_fa": "true", "@seq": "1", "author-url":"https://api.elsevier.com/content/author/author_id/56279003600","authid":"56279003600","authname":"Hopkin J.","surname":"Hopkin","given-name":"Jonathan","initials":"J.","afid": [{"@_fa": "true", "$" :"60019702"}]}],"source-id":"25691","fund-no":"undefined","openaccess":"0","openaccessFlag":false},{"@_fa": "true", "link": [{"@_fa": "true", "@ref": "self", "@href": "https://api.elsevier.com/content/abstract/scopus_id/0035471120"},{"@_fa": "true", "@ref": "author-affiliation", "@href": "https://api.elsevier.com/content/abstract/scopus_id/0035471120?field=author,affiliation"},{"@_fa": "true", "@ref": "scopus", "@href": "https://www.scopus.com/inward/record.uri?partnerID=HzOxMe3b&scp=0035471120&origin=inward"},{"@_fa": "true", "@ref": "scopus-citedby", "@href": "https://www.scopus.com/inward/citedby.uri?partnerID=HzOxMe3b&scp=0035471120&origin=inward"}],"prism:url":"https://api.elsevier.com/content/abstract/scopus_id/0035471120","dc:identifier":"SCOPUS_ID:0035471120","eid":"2-s2.0-0035471120","dc:title":"Coalitions and clientelism in Mexico","dc:creator":"Shefner J.","prism:publicationName":"Theory and Society","prism:issn":"03042421","prism:volume":"30","prism:issueIdentifier":"5","prism:pageRange":"593-628","prism:coverDate":"2001-01-01","prism:coverDisplayDate":"2001","prism:doi":"10.1023/A:1013042708058","citedby-count":"15","affiliation": [{"@_fa": "true", "affiliation-url":"https://api.elsevier.com/content/affiliation/affiliation_id/60016429","afid":"60016429","affilname":"The University of Tennessee System","affiliation-city":"Knoxville","affiliation-country":"United States"}],"prism:aggregationType":"Journal","subtype":"ar","subtypeDescription":"Article","author-count":{"@limit": "100", "@total": "1", "$" :"1"},"author": [{"@_fa": "true", "@seq": "1", "author-url":"https://api.elsevier.com/content/author/author_id/16408838400","authid":"16408838400","authname":"Shefner J.","surname":"Shefner","given-name":"Jon","initials":"J.","afid": [{"@_fa": "true", "$" :"60016429"}]}],"source-id":"18697","fund-no":"undefined","openaccess":"0","openaccessFlag":false},{"@_fa": "true", "link": [{"@_fa": "true", "@ref": "self", "@href": "https://api.elsevier.com/content/abstract/scopus_id/0034777118"},{"@_fa": "true", "@ref": "author-affiliation", "@href": "https://api.elsevier.com/content/abstract/scopus_id/0034777118?field=author,affiliation"},{"@_fa": "true", "@ref": "scopus", "@href": "https://www.scopus.com/inward/record.uri?partnerID=HzOxMe3b&scp=0034777118&origin=inward"},{"@_fa": "true", "@ref": "scopus-citedby", "@href": "https://www.scopus.com/inward/citedby.uri?partnerID=HzOxMe3b&scp=0034777118&origin=inward"}],"prism:url":"https://api.elsevier.com/content/abstract/scopus_id/0034777118","dc:identifier":"SCOPUS_ID:0034777118","eid":"2-s2.0-0034777118","dc:title":"Disobedient distributors: Street-level bureaucrats and would-be patrons in community-based family planning programs in rural Kenya","dc:creator":"Kaler A.","prism:publicationName":"Studies in Family Planning","prism:issn":"00393665","prism:volume":"32","prism:issueIdentifier":"3","prism:pageRange":"254-269","prism:coverDate":"2001-01-01","prism:coverDisplayDate":"2001","prism:doi":"10.1111/j.1728-4465.2001.00254.x","dc:description":"The implementation of social welfare programs, including family planning programs, is strongly conditioned by the needs, desires, and agendas of those who carry them out, known as \"street-level bureaucrats.\" In this study, the strategies of CBD agents in western Kenya are examined in order to understand how they use their job as a means to achieve their own personal goals. The concept of clientelism, borrowed from the field of political science, can help to explain what the CBD agents are trying to achieve for themselves in their communities, at the same time as they promote the use of contraceptive pills and injections. CBD agents are concerned with building up their own stocks of prestige and respect from their community members, while avoiding blame for any possible negative outcomes of family planning.","citedby-count":"65","affiliation": [{"@_fa": "true", "affiliation-url":"https://api.elsevier.com/content/affiliation/affiliation_id/60030835","afid":"60030835","affilname":"University of Alberta","affiliation-city":"Edmonton","affiliation-country":"Canada"},{"@_fa": "true", "affiliation-url":"https://api.elsevier.com/content/affiliation/affiliation_id/60006297","afid":"60006297","affilname":"University of Pennsylvania","affiliation-city":"Philadelphia","affiliation-country":"United States"}],"prism:aggregationType":"Journal","subtype":"ar","subtypeDescription":"Article","author-count":{"@limit": "100", "@total": "2", "$" :"2"},"author": [{"@_fa": "true", "@seq": "1", "author-url":"https://api.elsevier.com/content/author/author_id/6603541815","authid":"6603541815","authname":"Kaler A.","surname":"Kaler","given-name":"Amy","initials":"A.","afid": [{"@_fa": "true", "$" :"60030835"}]},{"@_fa": "true", "@seq": "2", "author-url":"https://api.elsevier.com/content/author/author_id/7201673172","authid":"7201673172","authname":"Watkins S.","surname":"Watkins","given-name":"Susan Cotts","initials":"S.C.","afid": [{"@_fa": "true", "$" :"60006297"}]}],"source-id":"27896","fund-no":"undefined","openaccess":"0","openaccessFlag":false},{"@_fa": "true", "link": [{"@_fa": "true", "@ref": "self", "@href": "https://api.elsevier.com/content/abstract/scopus_id/85023968111"},{"@_fa": "true", "@ref": "author-affiliation", "@href": "https://api.elsevier.com/content/abstract/scopus_id/85023968111?field=author,affiliation"},{"@_fa": "true", "@ref": "scopus", "@href": "https://www.scopus.com/inward/record.uri?partnerID=HzOxMe3b&scp=85023968111&origin=inward"},{"@_fa": "true", "@ref": "scopus-citedby", "@href": "https://www.scopus.com/inward/citedby.uri?partnerID=HzOxMe3b&scp=85023968111&origin=inward"}],"prism:url":"https://api.elsevier.com/content/abstract/scopus_id/85023968111","dc:identifier":"SCOPUS_ID:85023968111","eid":"2-s2.0-85023968111","dc:title":"Rejoinder to inge amundsen and stein sundstøl eriksen","dc:creator":"van de Walle N.","prism:publicationName":"Forum for Development Studies","prism:issn":"08039410","prism:volume":"28","prism:issueIdentifier":"1","prism:pageRange":"69-73","prism:coverDate":"2001-01-01","prism:coverDisplayDate":"June 2001","prism:doi":"10.1080/08039410.2001.9666157","dc:description":"Van de Walle responds to the comments of Amundsen and Eriksen. He argues that the advantages of cross-national quantitative research outweigh the disadvantages discussed by Amundsen. The rejoinder also defends the use of the concept of neopatrimonialism, and discusses the political role of the donors in Africa. © 2001 Taylor & Francis Group, LLC.","citedby-count":"0","prism:aggregationType":"Journal","subtype":"ar","subtypeDescription":"Article","author-count":{"@limit": "100", "@total": "1", "$" :"1"},"author": [{"@_fa": "true", "@seq": "1", "author-url":"https://api.elsevier.com/content/author/author_id/6602445672","authid":"6602445672","authname":"van de Walle N.","surname":"van de Walle","given-name":"Nicolas","initials":"N."}],"authkeywords":"Clientelism | Democratisation | Economic growth | Foreign aid | Senegal","source-id":"14192","fund-no":"undefined","openaccess":"0","openaccessFlag":false},{"@_fa": "true", "link": [{"@_fa": "true", "@ref": "self", "@href": "https://api.elsevier.com/content/abstract/scopus_id/0034914976"},{"@_fa": "true", "@ref": "author-affiliation", "@href": "https://api.elsevier.com/content/abstract/scopus_id/0034914976?field=author,affiliation"},{"@_fa": "true", "@ref": "scopus", "@href": "https://www.scopus.com/inward/record.uri?partnerID=HzOxMe3b&scp=0034914976&origin=inward"},{"@_fa": "true", "@ref": "scopus-citedby", "@href": "https://www.scopus.com/inward/citedby.uri?partnerID=HzOxMe3b&scp=0034914976&origin=inward"}],"prism:url":"https://api.elsevier.com/content/abstract/scopus_id/0034914976","dc:identifier":"SCOPUS_ID:0034914976","eid":"2-s2.0-0034914976","dc:title":"The limits of clientism: Multi-party politics in sub-saharan Africa","dc:creator":"Amundsen I.","prism:publicationName":"Forum for Development Studies","prism:issn":"08039410","prism:volume":"28","prism:issueIdentifier":"1","prism:pageRange":"43-57","prism:coverDate":"2001-01-01","prism:coverDisplayDate":"June 2001","prism:doi":"10.1080/08039410.2001.9666155","dc:description":"As a comment to Nicolas van de Walle's article in this issue, ‘The Impact of Multi-Party Politics in Sub-Saharan Africa’, it is argued that a qualitative approach can be more appropriate. Quantitative analyses will largely reflect the indicators chosen and the relative weight assigned to them in the first place. Besides, statistics are weak in Africa and the number of cases is limited. The commentary also suggests a more precise delineation and evaluation of the core aspects of neopatrimonialism. Institutions matter, however, and it is therefore argued that the qualitative aspects of democratic institutionalisation should be assessed for each country, here illustrated by Senegal as a case. © 2001 Taylor & Francis Group, LLC.","citedby-count":"6","prism:aggregationType":"Journal","subtype":"ar","subtypeDescription":"Article","author-count":{"@limit": "100", "@total": "1", "$" :"1"},"author": [{"@_fa": "true", "@seq": "1", "author-url":"https://api.elsevier.com/content/author/author_id/11239532900","authid":"11239532900","authname":"Amundsen I.","surname":"Amundsen","given-name":"Inge","initials":"I."}],"authkeywords":"Africa | Comparative politics | Democratisation | Development theory | Neopatrimonialism","source-id":"14192","fund-no":"undefined","openaccess":"0","openaccessFlag":false},{"@_fa": "true", "link": [{"@_fa": "true", "@ref": "self", "@href": "https://api.elsevier.com/content/abstract/scopus_id/0034903174"},{"@_fa": "true", "@ref": "author-affiliation", "@href": "https://api.elsevier.com/content/abstract/scopus_id/0034903174?field=author,affiliation"},{"@_fa": "true", "@ref": "scopus", "@href": "https://www.scopus.com/inward/record.uri?partnerID=HzOxMe3b&scp=0034903174&origin=inward"},{"@_fa": "true", "@ref": "scopus-citedby", "@href": "https://www.scopus.com/inward/citedby.uri?partnerID=HzOxMe3b&scp=0034903174&origin=inward"}],"prism:url":"https://api.elsevier.com/content/abstract/scopus_id/0034903174","dc:identifier":"SCOPUS_ID:0034903174","eid":"2-s2.0-0034903174","dc:title":"Clientalism, Lebanon: Roots and trends","dc:creator":"Hamzeh A.","prism:publicationName":"Middle Eastern Studies","prism:issn":"00263206","prism:volume":"37","prism:issueIdentifier":"3","prism:pageRange":"167-178","prism:coverDate":"2001-01-01","prism:coverDisplayDate":"July 2001","prism:doi":"10.1080/714004405","dc:description":"In this article, I will argue that despite the establishment of modern Lebanon, clientalism has evolved and persisted along with other 'modern' forms of participation. Its various forms have had a constraining effect on the enactment of universalistic policies and discouraged the development of citizen participation and support as contingent to general policy implementation. Accordingly, I first examine how clientalism is rooted in and intertwined with the Lebanese political system. I also discuss the coexistence of various forms of clientalism, by focusing on the transformation of patron-client relations from traditional forms of patronage to clientelistic brokerage typical of contemporary Lebanon. Finally, I will shed some light on the future trends of clientalism in Lebanon.","citedby-count":"55","prism:aggregationType":"Journal","subtype":"ar","subtypeDescription":"Article","author-count":{"@limit": "100", "@total": "1", "$" :"1"},"author": [{"@_fa": "true", "@seq": "1", "author-url":"https://api.elsevier.com/content/author/author_id/6602516570","authid":"6602516570","authname":"Hamzeh A.","surname":"Hamzeh","given-name":"A. N.","initials":"A.N."}],"source-id":"26143","fund-no":"undefined","openaccess":"0","openaccessFlag":false},{"@_fa": "true", "link": [{"@_fa": "true", "@ref": "self", "@href": "https://api.elsevier.com/content/abstract/scopus_id/0034794855"},{"@_fa": "true", "@ref": "author-affiliation", "@href": "https://api.elsevier.com/content/abstract/scopus_id/0034794855?field=author,affiliation"},{"@_fa": "true", "@ref": "scopus", "@href": "https://www.scopus.com/inward/record.uri?partnerID=HzOxMe3b&scp=0034794855&origin=inward"},{"@_fa": "true", "@ref": "scopus-citedby", "@href": "https://www.scopus.com/inward/citedby.uri?partnerID=HzOxMe3b&scp=0034794855&origin=inward"}],"prism:url":"https://api.elsevier.com/content/abstract/scopus_id/0034794855","dc:identifier":"SCOPUS_ID:0034794855","eid":"2-s2.0-0034794855","dc:title":"State-building, institutionalization and democracy: The Palestinian experience","dc:creator":"Jamal A.","prism:publicationName":"Mediterranean Politics","prism:issn":"13629395","prism:volume":"6","prism:issueIdentifier":"3","prism:pageRange":"1-30","prism:coverDate":"2001-01-01","prism:coverDisplayDate":"2001","prism:doi":"10.1080/713604529","dc:description":"Formal democratic procedures such as a separation of powers, a transparent legislative process, an independent judiciary and competitive elections are usually considered a formal institutional manifestation of functioning democratic regimes. However, the experience of several countries demonstrates that informal practices such as clientelism and patronage can impair the positive role of these institutions. Although the Palestinian Authority (PA) is not yet independent and functions under conditions of quasi-occupation, this theoretical avenue forms a suitable point of departure for examining the character of the emerging state structures in Palestine. The article concludes that the pervasiveness of informal institutions encouraged by the dominant role of a strong founding-father has had devastating consequences, not only for the future of democracy in Palestine, but also for the political stability of the Palestinian state.","citedby-count":"15","affiliation": [{"@_fa": "true", "affiliation-url":"https://api.elsevier.com/content/affiliation/affiliation_id/60005681","afid":"60005681","affilname":"Tel Aviv University","affiliation-city":"Tel Aviv-Yafo","affiliation-country":"Israel"}],"prism:aggregationType":"Journal","subtype":"ar","subtypeDescription":"Article","author-count":{"@limit": "100", "@total": "1", "$" :"1"},"author": [{"@_fa": "true", "@seq": "1", "author-url":"https://api.elsevier.com/content/author/author_id/7005757588","authid":"7005757588","authname":"Jamal A.","surname":"Jamal","given-name":"A.","initials":"A.","afid": [{"@_fa": "true", "$" :"60005681"}]}],"source-id":"26522","fund-no":"undefined","openaccess":"0","openaccessFlag":false},{"@_fa": "true", "link": [{"@_fa": "true", "@ref": "self", "@href": "https://api.elsevier.com/content/abstract/scopus_id/0035429763"},{"@_fa": "true", "@ref": "author-affiliation", "@href": "https://api.elsevier.com/content/abstract/scopus_id/0035429763?field=author,affiliation"},{"@_fa": "true", "@ref": "scopus", "@href": "https://www.scopus.com/inward/record.uri?partnerID=HzOxMe3b&scp=0035429763&origin=inward"},{"@_fa": "true", "@ref": "scopus-citedby", "@href": "https://www.scopus.com/inward/citedby.uri?partnerID=HzOxMe3b&scp=0035429763&origin=inward"}],"prism:url":"https://api.elsevier.com/content/abstract/scopus_id/0035429763","dc:identifier":"SCOPUS_ID:0035429763","eid":"2-s2.0-0035429763","dc:title":"The limits of external empowerment: EMU, technocracy and reform of the Greek pension system","dc:creator":"Featherstone K.","prism:publicationName":"Political Studies","prism:issn":"00323217","prism:volume":"49","prism:issueIdentifier":"3","prism:pageRange":"462-480","prism:coverDate":"2001-01-01","prism:coverDisplayDate":"August 2001","prism:doi":"10.1111/1467-9248.00321","dc:description":"This paper seeks to explain an aborted attempt at reform of the Greek pension system, following a series of previous failures. It applies the framework of rational choice institutionalism in order to examine the strategy and setting of the relevant actors. The pension system had become a huge fiscal burden on the state, threatening Greece's position in the European Union. Moreover, its gross inequalities of provision and bureaucratic inefficiency were symptoms of the embedded clientelism and 'disjointed corporatism' that stood in the way of the government's self-proclaimed 'modernization' programme. In the event, though EMU entry requirements empowered the reform momentum, a combination of the strategic weakness of key actors and the entrenched opposition of sectoral interests dissipated the initiative. The failure suggests the relevance of the wider social setting to reform: in particular, the weakness of the technocratic community and the relative absence of a supportive 'advocacy coalition', beyond the dominance of the 'party state'. Faced with criticism, the political leadership sought to protect their electoral position and postponed pressing decisions. The case study raises important questions about the scope for such reform in Greece and the future stability of the 'Euro-zone'.","citedby-count":"30","affiliation": [{"@_fa": "true", "affiliation-url":"https://api.elsevier.com/content/affiliation/affiliation_id/60071343","afid":"60071343","affilname":"University of Cyprus","affiliation-city":"Nicosia","affiliation-country":"Cyprus"},{"@_fa": "true", "affiliation-url":"https://api.elsevier.com/content/affiliation/affiliation_id/60008524","afid":"60008524","affilname":"University of Bradford","affiliation-city":"Bradford","affiliation-country":"United Kingdom"}],"prism:aggregationType":"Journal","subtype":"ar","subtypeDescription":"Article","author-count":{"@limit": "100", "@total": "3", "$" :"3"},"author": [{"@_fa": "true", "@seq": "1", "author-url":"https://api.elsevier.com/content/author/author_id/6602094237","authid":"6602094237","authname":"Featherstone K.","surname":"Featherstone","given-name":"Kevin","initials":"K.","afid": [{"@_fa": "true", "$" :"60008524"}]},{"@_fa": "true", "@seq": "2", "author-url":"https://api.elsevier.com/content/author/author_id/6507545399","authid":"6507545399","authname":"Kazamias G.","surname":"Kazamias","given-name":"Georgios","initials":"G.","afid": [{"@_fa": "true", "$" :"60071343"}]},{"@_fa": "true", "@seq": "3", "author-url":"https://api.elsevier.com/content/author/author_id/7006945335","authid":"7006945335","authname":"Papadimitriou D.","surname":"Papadimitriou","given-name":"Dimitris","initials":"D.","afid": [{"@_fa": "true", "$" :"60008524"}]}],"source-id":"22890","fund-no":"undefined","openaccess":"0","openaccessFlag":false}]}}