{"search-results":{"opensearch:totalResults":"77","opensearch:startIndex":"0","opensearch:itemsPerPage":"25","opensearch:Query":{"@role": "request", "@searchTerms": "TITLE-ABS-KEY(\"clientelism\") AND SUBJAREA(SOCI) AND PUBYEAR = 2014", "@startPage": "0"},"link": [{"@_fa": "true", "@ref": "self", "@href": "https://api.elsevier.com/content/search/scopus?start=0&count=25&query=TITLE-ABS-KEY%28%22clientelism%22%29+AND+SUBJAREA%28SOCI%29+AND+PUBYEAR+%3D+2014&apiKey=27d953b4b546791964ebeb768d13e61f&view=COMPLETE", "@type": "application/json"},{"@_fa": "true", "@ref": "first", "@href": "https://api.elsevier.com/content/search/scopus?start=0&count=25&query=TITLE-ABS-KEY%28%22clientelism%22%29+AND+SUBJAREA%28SOCI%29+AND+PUBYEAR+%3D+2014&apiKey=27d953b4b546791964ebeb768d13e61f&view=COMPLETE", "@type": "application/json"},{"@_fa": "true", "@ref": "next", "@href": "https://api.elsevier.com/content/search/scopus?start=25&count=25&query=TITLE-ABS-KEY%28%22clientelism%22%29+AND+SUBJAREA%28SOCI%29+AND+PUBYEAR+%3D+2014&apiKey=27d953b4b546791964ebeb768d13e61f&view=COMPLETE", "@type": "application/json"},{"@_fa": "true", "@ref": "last", "@href": "https://api.elsevier.com/content/search/scopus?start=52&count=25&query=TITLE-ABS-KEY%28%22clientelism%22%29+AND+SUBJAREA%28SOCI%29+AND+PUBYEAR+%3D+2014&apiKey=27d953b4b546791964ebeb768d13e61f&view=COMPLETE", "@type": "application/json"}],"entry": [{"@_fa": "true", "link": [{"@_fa": "true", "@ref": "self", "@href": "https://api.elsevier.com/content/abstract/scopus_id/84950310672"},{"@_fa": "true", "@ref": "author-affiliation", "@href": "https://api.elsevier.com/content/abstract/scopus_id/84950310672?field=author,affiliation"},{"@_fa": "true", "@ref": "scopus", "@href": "https://www.scopus.com/inward/record.uri?partnerID=HzOxMe3b&scp=84950310672&origin=inward"},{"@_fa": "true", "@ref": "scopus-citedby", "@href": "https://www.scopus.com/inward/citedby.uri?partnerID=HzOxMe3b&scp=84950310672&origin=inward"}],"prism:url":"https://api.elsevier.com/content/abstract/scopus_id/84950310672","dc:identifier":"SCOPUS_ID:84950310672","eid":"2-s2.0-84950310672","dc:title":"The Politics of Resource Sharing and Regional Inequality in Ghana: Lessons for the post-2015 development agenda","dc:creator":"Abdulai A.","prism:publicationName":"Development (Basingstoke)","prism:issn":"10116370","prism:eIssn":"02122448","prism:volume":"57","prism:issueIdentifier":"3-4","prism:pageRange":"488-496","prism:coverDate":"2014-12-01","prism:coverDisplayDate":"1 December 2014","prism:doi":"10.1057/dev.2015.12","dc:description":"© 2015 Society for International Development. Drawing evidence from Ghana, this article explores the politics of public goods provisioning and its impact on interregional inequalities in sub-Saharan Africa. It highlights the primacy of clientelist politics and electoral incentives in shaping the geographic distribution of state resources, and concludes that donor interventions that focus solely on reforming formal state institutions are unlikely to be effective in fostering balanced regional development in the African context.","citedby-count":"2","prism:aggregationType":"Journal","subtype":"ar","subtypeDescription":"Article","author-count":{"@limit": "100", "@total": "1", "$" :"1"},"author": [{"@_fa": "true", "@seq": "1", "author-url":"https://api.elsevier.com/content/author/author_id/35309301500","authid":"35309301500","authname":"Abdulai A.","surname":"Abdulai","given-name":"Abdul Gafaru","initials":"A.G."}],"authkeywords":"Clientelist politics | Ghana | power relations | public goods | spatial inequality | sub-Saharan Africa","source-id":"14090","fund-no":"undefined","openaccess":"0","openaccessFlag":false},{"@_fa": "true", "link": [{"@_fa": "true", "@ref": "self", "@href": "https://api.elsevier.com/content/abstract/scopus_id/84928319606"},{"@_fa": "true", "@ref": "author-affiliation", "@href": "https://api.elsevier.com/content/abstract/scopus_id/84928319606?field=author,affiliation"},{"@_fa": "true", "@ref": "scopus", "@href": "https://www.scopus.com/inward/record.uri?partnerID=HzOxMe3b&scp=84928319606&origin=inward"},{"@_fa": "true", "@ref": "scopus-citedby", "@href": "https://www.scopus.com/inward/citedby.uri?partnerID=HzOxMe3b&scp=84928319606&origin=inward"}],"prism:url":"https://api.elsevier.com/content/abstract/scopus_id/84928319606","dc:identifier":"SCOPUS_ID:84928319606","eid":"2-s2.0-84928319606","dc:title":"An informational theory of campaign clientelism: The case of Peru","dc:creator":"Muñoz P.","prism:publicationName":"Comparative Politics","prism:issn":"00104159","prism:eIssn":"21516227","prism:volume":"47","prism:issueIdentifier":"1","prism:pageRange":"79-98","prism:coverDate":"2014-10-01","prism:coverDisplayDate":"1 October 2014","prism:doi":"10.5129/001041514813623155","dc:description":"While electoral clientelism has been studied from very different theoretical perspectives and angles, scholars typically emphasize the importance of organized networks and long-term relations for sustaining it. However, electoral clientelism continues to be widespread in many countries despite the absence of organized parties or electoral machines. In order to solve this puzzle, I propose an informational approach that stresses the indirect effects on electoral outcomes that early investments in electoral clientelism have. I argue that clientelism during campaigns is crucial for signaling candidates' electoral viability. Politicians buy the participation of poor voters at campaign events. By turning out large numbers of people at rallies, candidates establish and demonstrate their electoral prospects to the media, donors, activists, and voters. Evidence from Peru supports these expectations.","citedby-count":"20","prism:aggregationType":"Journal","subtype":"ar","subtypeDescription":"Article","author-count":{"@limit": "100", "@total": "1", "$" :"1"},"author": [{"@_fa": "true", "@seq": "1", "author-url":"https://api.elsevier.com/content/author/author_id/55352238300","authid":"55352238300","authname":"Muñoz P.","surname":"Muñoz","given-name":"Paula","initials":"P."}],"source-id":"13448","fund-no":"undefined","openaccess":"0","openaccessFlag":false},{"@_fa": "true", "link": [{"@_fa": "true", "@ref": "self", "@href": "https://api.elsevier.com/content/abstract/scopus_id/84958616800"},{"@_fa": "true", "@ref": "author-affiliation", "@href": "https://api.elsevier.com/content/abstract/scopus_id/84958616800?field=author,affiliation"},{"@_fa": "true", "@ref": "scopus", "@href": "https://www.scopus.com/inward/record.uri?partnerID=HzOxMe3b&scp=84958616800&origin=inward"},{"@_fa": "true", "@ref": "scopus-citedby", "@href": "https://www.scopus.com/inward/citedby.uri?partnerID=HzOxMe3b&scp=84958616800&origin=inward"}],"prism:url":"https://api.elsevier.com/content/abstract/scopus_id/84958616800","dc:identifier":"SCOPUS_ID:84958616800","eid":"2-s2.0-84958616800","dc:title":"The legacies of authoritarianism: Opposition parties and their electoral strategies in Mexico","dc:creator":"Company J.","prism:publicationName":"Mexico in Focus: Political, Environmental and Social Issues","prism:isbn": [{"@_fa": "true", "$" :"9781634631976"},{"@_fa": "true", "$" :"9781633218857"}],"prism:pageRange":"369-391","prism:coverDate":"2014-10-01","prism:coverDisplayDate":"October 01, 2014","dc:description":"© 2015 by Nova Science Publishers, Inc. All rights reserved. This chapter uses the case of Mexico's main opposition parties during the authoritarian period -the PAN and the PRD- in order to answer two interrelated questions. First, why are opposition parties created in authoritarian settings? Second, after the demise of the authoritarian regime, what types of linkage strategies with the electorate do these opposition parties pursue to obtain votes? I develop an argument to demonstrate that opposition parties like the PAN, that is, those created during the golden years of the authoritarian regime, are formed to preclude the authoritarians from enacting extremist policies. These parties achieve this objective by developing coherent party programs capable of sending strong signals to the authoritarian elite. These parties are likely to follow programmatic linkage strategies during the first rounds of competitive elections. In contrast, I argue that opposition parties like the PRD, that is, those created during the twilight years of the authoritarian regime, are formed with the sole purpose of winning elections. These parties avoid creating a consistent party program and, instead, are likely to use brokerage networks, create loose organizational rules and follow clientelistic linkage strategies in the first competitive electoral rounds. With a dataset of Mexican municipal expenditures in infrastructure, salaries and fringe benefits, the chapter empirically demonstrates that (1) the electoral and governing strategies of the PAN and the PRD are radically different from one another in the first few cycles of competitive elections in the early 1990s, and (2) that their strategies converge by the end of the decade.","citedby-count":"0","affiliation": [{"@_fa": "true", "affiliation-url":"https://api.elsevier.com/content/affiliation/affiliation_id/60029278","afid":"60029278","affilname":"University of Chicago","affiliation-city":"Chicago","affiliation-country":"United States"}],"prism:aggregationType":"Book","subtype":"ch","subtypeDescription":"Chapter","author-count":{"@limit": "100", "@total": "1", "$" :"1"},"author": [{"@_fa": "true", "@seq": "1", "author-url":"https://api.elsevier.com/content/author/author_id/57204767829","authid":"57204767829","authname":"Company J.","surname":"Company","given-name":"J. A.H.","initials":"J.A.H.","afid": [{"@_fa": "true", "$" :"60029278"}]}],"authkeywords":"Authoritarianism | Clientelism | Elections | Electoral strategies | Ideological preferences | Parties","source-id":"21100446706","fund-no":"undefined","openaccess":"0","openaccessFlag":false},{"@_fa": "true", "link": [{"@_fa": "true", "@ref": "self", "@href": "https://api.elsevier.com/content/abstract/scopus_id/84930689008"},{"@_fa": "true", "@ref": "author-affiliation", "@href": "https://api.elsevier.com/content/abstract/scopus_id/84930689008?field=author,affiliation"},{"@_fa": "true", "@ref": "scopus", "@href": "https://www.scopus.com/inward/record.uri?partnerID=HzOxMe3b&scp=84930689008&origin=inward"},{"@_fa": "true", "@ref": "scopus-citedby", "@href": "https://www.scopus.com/inward/citedby.uri?partnerID=HzOxMe3b&scp=84930689008&origin=inward"}],"prism:url":"https://api.elsevier.com/content/abstract/scopus_id/84930689008","dc:identifier":"SCOPUS_ID:84930689008","eid":"2-s2.0-84930689008","dc:title":"Clientelist corruption networks: Conceptual and empirical approaches","dc:creator":"Muno W.","prism:publicationName":"(Dys-)Functionalities of Corruption: Comparative Perspectives and Methodological Pluralism","prism:isbn": [{"@_fa": "true", "$" :"9783658046330"},{"@_fa": "true", "$" :"3658046325"},{"@_fa": "true", "$" :"9783658046323"}],"prism:pageRange":"33-56","prism:coverDate":"2014-05-01","prism:coverDisplayDate":"1 May 2014","prism:doi":"10.1007/978-3-658-04633-0_3","dc:description":"© 2014 Springer Fachmedien Wiesbaden GmbH. Corruption is widespread all over the world. It is seen as a serious problem for wealth, equality, democracy and development. In many countries, corruption is not a deviant behaviour but the norm, generally practised by actors; hence corruption is an informal institution. Despite this, a consensual definition of corruption is nowhere in sight. One way of approaching corruption might be to study forms of corruption. A form or variant often mentioned is corruption networks, or clientelism. In this paper, clientelism is analysed in order to proceed further towards an understanding of corruption. With this perspective, corruption is not seen as a deviant behaviour but the social embeddedness of corruption is better understood. First, concepts and definitions of corruption and clientelism are discussed, highlighting core characteristics and analysing the relationship. Second, different approaches of studying and measuring clientelism are introduced'interpretative, ethnographic field studies, the use of proxies, surveys and expert surveys.","citedby-count":"1","affiliation": [{"@_fa": "true", "affiliation-url":"https://api.elsevier.com/content/affiliation/affiliation_id/60031216","afid":"60031216","affilname":"Johannes Gutenberg Universität Mainz","affiliation-city":"Mainz","affiliation-country":"Germany"}],"prism:aggregationType":"Book","subtype":"ch","subtypeDescription":"Chapter","author-count":{"@limit": "100", "@total": "1", "$" :"1"},"author": [{"@_fa": "true", "@seq": "1", "author-url":"https://api.elsevier.com/content/author/author_id/55359199200","authid":"55359199200","authname":"Muno W.","surname":"Muno","given-name":"Wolfgang","initials":"W.","afid": [{"@_fa": "true", "$" :"60031216"}]}],"authkeywords":"Clientelism | Clientelistic networks | Corruption","source-id":"21100394873","fund-no":"undefined","openaccess":"0","openaccessFlag":false},{"@_fa": "true", "link": [{"@_fa": "true", "@ref": "self", "@href": "https://api.elsevier.com/content/abstract/scopus_id/84930718355"},{"@_fa": "true", "@ref": "author-affiliation", "@href": "https://api.elsevier.com/content/abstract/scopus_id/84930718355?field=author,affiliation"},{"@_fa": "true", "@ref": "scopus", "@href": "https://www.scopus.com/inward/record.uri?partnerID=HzOxMe3b&scp=84930718355&origin=inward"},{"@_fa": "true", "@ref": "scopus-citedby", "@href": "https://www.scopus.com/inward/citedby.uri?partnerID=HzOxMe3b&scp=84930718355&origin=inward"}],"prism:url":"https://api.elsevier.com/content/abstract/scopus_id/84930718355","dc:identifier":"SCOPUS_ID:84930718355","eid":"2-s2.0-84930718355","dc:title":"Persistent systemic corruption: Why democratisation and economic liberalisation have failed to undo an old evil","dc:creator":"Von Soest C.","prism:publicationName":"(Dys-)Functionalities of Corruption: Comparative Perspectives and Methodological Pluralism","prism:isbn": [{"@_fa": "true", "$" :"9783658046330"},{"@_fa": "true", "$" :"3658046325"},{"@_fa": "true", "$" :"9783658046323"}],"prism:pageRange":"57-87","prism:coverDate":"2014-05-01","prism:coverDisplayDate":"1 May 2014","prism:doi":"10.1007/978-3-658-04633-0_4","dc:description":"© 2014 Springer Fachmedien Wiesbaden GmbH. Why have the third wave of democratisation and concurrent economic liberalisation, contrary to many expectations, failed to lower global corruption? This article comparatively assesses systemic corruption and other features of personal rule in Argentina, Venezuela, Indonesia, the Philippines, Kenya, and Zambia. It finds that systemic corruption in these countries persists despite political transitions and economic liberalisation, and that democratisation as the most important factor has not been deep enough to decisively influence the level of corruption. Moreover, systemic corruption does not work in isolation but goes hand-in-hand with clientelism, another feature of personal rule.","citedby-count":"1","affiliation": [{"@_fa": "true", "affiliation-url":"https://api.elsevier.com/content/affiliation/affiliation_id/60077872","afid":"60077872","affilname":"Leibniz-Institut für Globale und Regionale Studien","affiliation-city":"Hamburg","affiliation-country":"Germany"}],"prism:aggregationType":"Book","subtype":"ch","subtypeDescription":"Chapter","author-count":{"@limit": "100", "@total": "1", "$" :"1"},"author": [{"@_fa": "true", "@seq": "1", "author-url":"https://api.elsevier.com/content/author/author_id/22956535900","authid":"22956535900","authname":"Von Soest C.","surname":"Von Soest","given-name":"Christian","initials":"C.","afid": [{"@_fa": "true", "$" :"60077872"}]}],"authkeywords":"Clientelism | Corruption | Democratisation | Neopatrimonialism","source-id":"21100394873","fund-no":"undefined","openaccess":"0","openaccessFlag":false},{"@_fa": "true", "link": [{"@_fa": "true", "@ref": "self", "@href": "https://api.elsevier.com/content/abstract/scopus_id/84926201178"},{"@_fa": "true", "@ref": "author-affiliation", "@href": "https://api.elsevier.com/content/abstract/scopus_id/84926201178?field=author,affiliation"},{"@_fa": "true", "@ref": "scopus", "@href": "https://www.scopus.com/inward/record.uri?partnerID=HzOxMe3b&scp=84926201178&origin=inward"},{"@_fa": "true", "@ref": "scopus-citedby", "@href": "https://www.scopus.com/inward/citedby.uri?partnerID=HzOxMe3b&scp=84926201178&origin=inward"},{"@_fa": "true", "@ref": "full-text", "@href": "https://api.elsevier.com/content/article/eid/1-s2.0-S0185191814708141"}],"prism:url":"https://api.elsevier.com/content/abstract/scopus_id/84926201178","dc:identifier":"SCOPUS_ID:84926201178","eid":"2-s2.0-84926201178","dc:title":"Beyond representation and patronage: Towards a language of political intermediation","dc:creator":"Gurza Lavalle A.","prism:publicationName":"Revista Mexicana de Ciencias Politicas y Sociales","prism:issn":"01851918","prism:volume":"59","prism:issueIdentifier":"221","prism:pageRange":"19-49","prism:coverDate":"2014-05-01","prism:coverDisplayDate":"1 May 2014","pii":"S0185191814708141","dc:description":"This paper proposes rethinking conceptual scopes of the term \"political mediation\", in order to illustrate the analytical scope of indirect politics, whose range of possibilities has usually been thought of as if contained between the extremes of political representation and patronage. An analytical exercise is offered as one possible and tentative path to specify not only a vocabulary which is more sensitive to the demands of the present but to -in the words of Bunge- allow the initial reinterpretation of old symbols of our political vocabulary. To this end, in addition to a linguistic and conceptual journey of the term \"intermediation\", three analytical dimensions of indirect policy are developed; thus facilitating dialogue with theories of representation, and leading to an analytical model that we call \"cube of indirect politics\". We conclude with a brief case classification exercise intended to show the displacements produced by this model in understanding certain indirect political experiences.","citedby-count":"4","affiliation": [{"@_fa": "true", "affiliation-url":"https://api.elsevier.com/content/affiliation/affiliation_id/60094761","afid":"60094761","affilname":"FLACSO México","affiliation-city":"Mexico City","affiliation-country":"Mexico"},{"@_fa": "true", "affiliation-url":"https://api.elsevier.com/content/affiliation/affiliation_id/60008088","afid":"60008088","affilname":"Universidade de Sao Paulo - USP","affiliation-city":"Sao Paulo","affiliation-country":"Brazil"},{"@_fa": "true", "affiliation-url":"https://api.elsevier.com/content/affiliation/affiliation_id/60001563","afid":"60001563","affilname":"Universidad de Buenos Aires","affiliation-city":"Buenos Aires","affiliation-country":"Argentina"}],"prism:aggregationType":"Journal","subtype":"ar","subtypeDescription":"Article","author-count":{"@limit": "100", "@total": "2", "$" :"2"},"author": [{"@_fa": "true", "@seq": "1", "author-url":"https://api.elsevier.com/content/author/author_id/56580384100","authid":"56580384100","authname":"Gurza Lavalle A.","surname":"Gurza Lavalle","given-name":"Adrián","initials":"A.","afid": [{"@_fa": "true", "$" :"60008088"}]},{"@_fa": "true", "@seq": "2", "author-url":"https://api.elsevier.com/content/author/author_id/36621385800","authid":"36621385800","authname":"Zaremberg G.","surname":"Zaremberg","given-name":"Gisela","initials":"G.","afid": [{"@_fa": "true", "$" :"60094761"},{"@_fa": "true", "$" :"60001563"}]}],"authkeywords":"Clientelism | Democratic innovation | Political intermediation | Representation","source-id":"24244","fund-no":"undefined","openaccess":"0","openaccessFlag":false},{"@_fa": "true", "link": [{"@_fa": "true", "@ref": "self", "@href": "https://api.elsevier.com/content/abstract/scopus_id/84890298136"},{"@_fa": "true", "@ref": "author-affiliation", "@href": "https://api.elsevier.com/content/abstract/scopus_id/84890298136?field=author,affiliation"},{"@_fa": "true", "@ref": "scopus", "@href": "https://www.scopus.com/inward/record.uri?partnerID=HzOxMe3b&scp=84890298136&origin=inward"},{"@_fa": "true", "@ref": "scopus-citedby", "@href": "https://www.scopus.com/inward/citedby.uri?partnerID=HzOxMe3b&scp=84890298136&origin=inward"},{"@_fa": "true", "@ref": "full-text", "@href": "https://api.elsevier.com/content/article/eid/1-s2.0-S0305750X1300243X"}],"prism:url":"https://api.elsevier.com/content/abstract/scopus_id/84890298136","dc:identifier":"SCOPUS_ID:84890298136","eid":"2-s2.0-84890298136","dc:title":"The Paradox of Export Growth in Areas of Weak Governance: The Case of the Ready Made Garment Sector in Bangladesh","dc:creator":"Ahmed F.","prism:publicationName":"World Development","prism:issn":"0305750X","prism:volume":"56","prism:pageRange":"258-271","prism:coverDate":"2014-04-01","prism:coverDisplayDate":"April 2014","prism:doi":"10.1016/j.worlddev.2013.11.001","pii":"S0305750X1300243X","dc:description":"Can export growth occur in states with weak governance and competitive clientelism? Conventional wisdom is that effective industrial policy requires a politically stable country with a centralized government. Absent these conditions, countries can pursue alternative types of industrial policies. Contexts with stable, or predictable, mis-governance and a government committed to nonintervention can yield strong export performance. We test this hypothesis in Bangladesh by examining the creation of industrial policy in the Ready Made Garment (RMG) sector. This paper highlights how the particular \"political settlement\" in Bangladesh has created a viable environment in which the RMG sector continues to grow. © 2013 Elsevier Ltd.","citedby-count":"25","affiliation": [{"@_fa": "true", "affiliation-url":"https://api.elsevier.com/content/affiliation/affiliation_id/60112834","afid":"60112834","affilname":"The World Bank, USA","affiliation-city":"Washington","affiliation-country":"United States"},{"@_fa": "true", "affiliation-url":"https://api.elsevier.com/content/affiliation/affiliation_id/60026851","afid":"60026851","affilname":"University of Oxford","affiliation-city":"Oxford","affiliation-country":"United Kingdom"},{"@_fa": "true", "affiliation-url":"https://api.elsevier.com/content/affiliation/affiliation_id/60015481","afid":"60015481","affilname":"University of Washington, Seattle","affiliation-city":"Seattle","affiliation-country":"United States"}],"prism:aggregationType":"Journal","subtype":"ar","subtypeDescription":"Article","author-count":{"@limit": "100", "@total": "3", "$" :"3"},"author": [{"@_fa": "true", "@seq": "1", "author-url":"https://api.elsevier.com/content/author/author_id/55070644000","authid":"55070644000","authname":"Ahmed F.","surname":"Ahmed","given-name":"Faisal Z.","initials":"F.Z.","afid": [{"@_fa": "true", "$" :"60026851"}]},{"@_fa": "true", "@seq": "2", "author-url":"https://api.elsevier.com/content/author/author_id/55963922500","authid":"55963922500","authname":"Greenleaf A.","surname":"Greenleaf","given-name":"Anne","initials":"A.","afid": [{"@_fa": "true", "$" :"60015481"}]},{"@_fa": "true", "@seq": "3", "author-url":"https://api.elsevier.com/content/author/author_id/35181879300","authid":"35181879300","authname":"Sacks A.","surname":"Sacks","given-name":"Audrey","initials":"A.","afid": [{"@_fa": "true", "$" :"60112834"}]}],"authkeywords":"Bangladesh | Industrial policy | Political settlement | Ready made garments","source-id":"30060","fund-no":"undefined","openaccess":"0","openaccessFlag":false},{"@_fa": "true", "link": [{"@_fa": "true", "@ref": "self", "@href": "https://api.elsevier.com/content/abstract/scopus_id/84893873278"},{"@_fa": "true", "@ref": "author-affiliation", "@href": "https://api.elsevier.com/content/abstract/scopus_id/84893873278?field=author,affiliation"},{"@_fa": "true", "@ref": "scopus", "@href": "https://www.scopus.com/inward/record.uri?partnerID=HzOxMe3b&scp=84893873278&origin=inward"},{"@_fa": "true", "@ref": "scopus-citedby", "@href": "https://www.scopus.com/inward/citedby.uri?partnerID=HzOxMe3b&scp=84893873278&origin=inward"}],"prism:url":"https://api.elsevier.com/content/abstract/scopus_id/84893873278","dc:identifier":"SCOPUS_ID:84893873278","eid":"2-s2.0-84893873278","dc:title":"The Gender Gap in African Political Participation: Testing Theories of Individual and Contextual Determinants","dc:creator":"Isaksson A.","prism:publicationName":"Journal of Development Studies","prism:issn":"00220388","prism:eIssn":"17439140","prism:volume":"50","prism:issueIdentifier":"2","prism:pageRange":"302-318","prism:coverDate":"2014-02-01","prism:coverDisplayDate":"February 2014","prism:doi":"10.1080/00220388.2013.833321","dc:description":"This article aims to test whether existing theories of what factors underlie the gender gap in political participation apply in an African context. Empirical estimations drawing on recent data covering over 27,000 respondents across 20 African emerging democracies suggest that whereas several of the investigated factors - structural differences in individual resource endowments and employment, and cultural differences based in religious affiliations - are found to be important determinants of participation, they explain only a very modest share of the observed gender gaps. Suggestive evidence instead points to the role of clientelism, restricted civil liberties, economic development and gender norms. © 2013 Taylor & Francis.","citedby-count":"13","affiliation": [{"@_fa": "true", "affiliation-url":"https://api.elsevier.com/content/affiliation/affiliation_id/60016437","afid":"60016437","affilname":"Göteborgs Universitet","affiliation-city":"Gothenburg","affiliation-country":"Sweden"},{"@_fa": "true", "affiliation-url":"https://api.elsevier.com/content/affiliation/affiliation_id/60010348","afid":"60010348","affilname":"Universitetet i Oslo","affiliation-city":"Oslo","affiliation-country":"Norway"}],"prism:aggregationType":"Journal","subtype":"ar","subtypeDescription":"Article","author-count":{"@limit": "100", "@total": "3", "$" :"3"},"author": [{"@_fa": "true", "@seq": "1", "author-url":"https://api.elsevier.com/content/author/author_id/57201539379","authid":"57201539379","authname":"Isaksson A.","surname":"Isaksson","given-name":"Ann Sofie","initials":"A.S.","afid": [{"@_fa": "true", "$" :"60016437"}]},{"@_fa": "true", "@seq": "2", "author-url":"https://api.elsevier.com/content/author/author_id/36023660500","authid":"36023660500","authname":"Kotsadam A.","surname":"Kotsadam","given-name":"Andreas","initials":"A.","afid": [{"@_fa": "true", "$" :"60010348"}]},{"@_fa": "true", "@seq": "3", "author-url":"https://api.elsevier.com/content/author/author_id/55928781200","authid":"55928781200","authname":"Nerman M.","surname":"Nerman","given-name":"Måns","initials":"M.","afid": [{"@_fa": "true", "$" :"60016437"}]}],"source-id":"14849","fund-no":"Sida","fund-sponsor":"Styrelsen för Internationellt Utvecklingssamarbete","openaccess":"0","openaccessFlag":false},{"@_fa": "true", "link": [{"@_fa": "true", "@ref": "self", "@href": "https://api.elsevier.com/content/abstract/scopus_id/84896817877"},{"@_fa": "true", "@ref": "author-affiliation", "@href": "https://api.elsevier.com/content/abstract/scopus_id/84896817877?field=author,affiliation"},{"@_fa": "true", "@ref": "scopus", "@href": "https://www.scopus.com/inward/record.uri?partnerID=HzOxMe3b&scp=84896817877&origin=inward"},{"@_fa": "true", "@ref": "scopus-citedby", "@href": "https://www.scopus.com/inward/citedby.uri?partnerID=HzOxMe3b&scp=84896817877&origin=inward"}],"prism:url":"https://api.elsevier.com/content/abstract/scopus_id/84896817877","dc:identifier":"SCOPUS_ID:84896817877","eid":"2-s2.0-84896817877","dc:title":"A time of closure? Participatory budgeting in Porto Alegre, Brazil, after the workers' party era","dc:creator":"Melgar T.","prism:publicationName":"Journal of Latin American Studies","prism:issn":"0022216X","prism:eIssn":"1469767X","prism:volume":"46","prism:issueIdentifier":"1","prism:pageRange":"121-149","prism:coverDate":"2014-02-01","prism:coverDisplayDate":"February 2014","prism:doi":"10.1017/S0022216X13001582","pii":"S0022216X13001582","dc:description":"Participatory budgeting in Porto Alegre, Brazil, has long been held up as a model of how grassroots social movements, in alliance with a Left party in power, have deepened democracy in a highly clientelistic context. But what happened to this democratic reform when the Partido dos Trabalhadores (Workers' Party, PT), which supported this initiative while it held the mayorship of Porto Alegre for16 years, lost political power? This article examines the shifting fortunes of the participatory budgeting process following the defeat of the Workers' Party in the 2014 local elections. It explores how and why succeeding local administrations weakened participatory budgeting amid the changing political configuration of Porto Alegre, underscoring the critical role played by considerable executive branch powers in the process. The article concludes by examining what questions this raises for the sustainability of local democratic reforms. © 2014 Cambridge University Press .","citedby-count":"7","affiliation": [{"@_fa": "true", "affiliation-url":"https://api.elsevier.com/content/affiliation/affiliation_id/60071491","afid":"60071491","affilname":"University of the Philippines Diliman","affiliation-city":"Quezon City","affiliation-country":"Philippines"}],"prism:aggregationType":"Journal","subtype":"ar","subtypeDescription":"Article","author-count":{"@limit": "100", "@total": "1", "$" :"1"},"author": [{"@_fa": "true", "@seq": "1", "author-url":"https://api.elsevier.com/content/author/author_id/56082322600","authid":"56082322600","authname":"Melgar T.","surname":"Melgar","given-name":"Teresa R.","initials":"T.R.","afid": [{"@_fa": "true", "$" :"60071491"}]}],"authkeywords":"Brazil | participatory budgeting | participatory governance | Porto Alegre | Workers'Party","source-id":"26288","fund-no":"undefined","openaccess":"1","openaccessFlag":true},{"@_fa": "true", "link": [{"@_fa": "true", "@ref": "self", "@href": "https://api.elsevier.com/content/abstract/scopus_id/84928331488"},{"@_fa": "true", "@ref": "author-affiliation", "@href": "https://api.elsevier.com/content/abstract/scopus_id/84928331488?field=author,affiliation"},{"@_fa": "true", "@ref": "scopus", "@href": "https://www.scopus.com/inward/record.uri?partnerID=HzOxMe3b&scp=84928331488&origin=inward"},{"@_fa": "true", "@ref": "scopus-citedby", "@href": "https://www.scopus.com/inward/citedby.uri?partnerID=HzOxMe3b&scp=84928331488&origin=inward"}],"prism:url":"https://api.elsevier.com/content/abstract/scopus_id/84928331488","dc:identifier":"SCOPUS_ID:84928331488","eid":"2-s2.0-84928331488","dc:title":"Making clientelism work: How norms of reciprocity increase voter compliance","dc:creator":"Lawson C.","prism:publicationName":"Comparative Politics","prism:issn":"00104159","prism:eIssn":"21516227","prism:volume":"47","prism:issueIdentifier":"1","prism:pageRange":"61-77","prism:coverDate":"2014-01-01","prism:coverDisplayDate":"1 October 2014","dc:description":"Recent research on clientelism focuses on mercenary exchanges between voters and brokers. In this \"instrumentalist\" view, machine politics is only sustainable where patrons can punish clients for defection-a situation that does not apply in many places known for clientelism. We build a different theory of clientelism around the norm of reciprocity. If exchanges rely on clients' feelings of obligation to return favors to their patrons, then clientelism can be sustained even where the ballot is genuinely secret. To support this argument, we draw on a range of research, including a series of split-sample experiments embedded in two surveys on Mexico specifically focused on reciprocity. Our findings have implications for voting behavior, party organization, and the types of public policies that may prevent clientelism.","citedby-count":"31","prism:aggregationType":"Journal","subtype":"ar","subtypeDescription":"Article","author-count":{"@limit": "100", "@total": "2", "$" :"2"},"author": [{"@_fa": "true", "@seq": "1", "author-url":"https://api.elsevier.com/content/author/author_id/7101627194","authid":"7101627194","authname":"Lawson C.","surname":"Lawson","given-name":"Chappell","initials":"C."},{"@_fa": "true", "@seq": "2", "author-url":"https://api.elsevier.com/content/author/author_id/7101722648","authid":"7101722648","authname":"Greene K.","surname":"Greene","given-name":"Kenneth F.","initials":"K.F."}],"source-id":"13448","fund-acr":"MIT","fund-no":"undefined","fund-sponsor":"Massachusetts Institute of Technology","openaccess":"0","openaccessFlag":false},{"@_fa": "true", "link": [{"@_fa": "true", "@ref": "self", "@href": "https://api.elsevier.com/content/abstract/scopus_id/84953719704"},{"@_fa": "true", "@ref": "author-affiliation", "@href": "https://api.elsevier.com/content/abstract/scopus_id/84953719704?field=author,affiliation"},{"@_fa": "true", "@ref": "scopus", "@href": "https://www.scopus.com/inward/record.uri?partnerID=HzOxMe3b&scp=84953719704&origin=inward"},{"@_fa": "true", "@ref": "scopus-citedby", "@href": "https://www.scopus.com/inward/citedby.uri?partnerID=HzOxMe3b&scp=84953719704&origin=inward"}],"prism:url":"https://api.elsevier.com/content/abstract/scopus_id/84953719704","dc:identifier":"SCOPUS_ID:84953719704","eid":"2-s2.0-84953719704","dc:title":"Curbing clientelism in Argentina: Politics, poverty, and social policy","dc:creator":"Weitz-Shapiro R.","prism:publicationName":"Curbing Clientelism in Argentina: Politics, Poverty, and Social Policy","prism:isbn": [{"@_fa": "true", "$" :"9781139683579"},{"@_fa": "true", "$" :"9781107073623"}],"prism:pageRange":"1-207","prism:coverDate":"2014-01-01","prism:coverDisplayDate":"1 January 2014","prism:doi":"10.1017/CBO9781139683579","dc:description":"© 2014 Rebecca Weitz-Shapiro. In many young democracies, local politics remain a bastion of nondemocratic practices, from corruption to clientelism to abuse of power. In a context where these practices are widespread, will local politicians ever voluntarily abandon them? Focusing on the practice of clientelism in social policy in Argentina, this book argues that only the combination of a growing middle class and intense political competition leads local politicians to opt out of clientelism. Drawing on extensive fieldwork, an original public opinion survey, and cross-municipal data in Argentina, this book illustrates how clientelism works and documents the electoral gains and costs of the practice. In doing so, it points to a possible subnational path towards greater accountability within democracy.","citedby-count":"35","affiliation": [{"@_fa": "true", "affiliation-url":"https://api.elsevier.com/content/affiliation/affiliation_id/60011460","afid":"60011460","affilname":"Brown University","affiliation-city":"Providence","affiliation-country":"United States"}],"prism:aggregationType":"Book","subtype":"bk","subtypeDescription":"Book","author-count":{"@limit": "100", "@total": "1", "$" :"1"},"author": [{"@_fa": "true", "@seq": "1", "author-url":"https://api.elsevier.com/content/author/author_id/15030280500","authid":"15030280500","authname":"Weitz-Shapiro R.","surname":"Weitz-Shapiro","given-name":"Rebecca","initials":"R.","afid": [{"@_fa": "true", "$" :"60011460"}]}],"source-id":"21100435564","fund-no":"undefined","openaccess":"0","openaccessFlag":false},{"@_fa": "true", "link": [{"@_fa": "true", "@ref": "self", "@href": "https://api.elsevier.com/content/abstract/scopus_id/84903836367"},{"@_fa": "true", "@ref": "author-affiliation", "@href": "https://api.elsevier.com/content/abstract/scopus_id/84903836367?field=author,affiliation"},{"@_fa": "true", "@ref": "scopus", "@href": "https://www.scopus.com/inward/record.uri?partnerID=HzOxMe3b&scp=84903836367&origin=inward"},{"@_fa": "true", "@ref": "scopus-citedby", "@href": "https://www.scopus.com/inward/citedby.uri?partnerID=HzOxMe3b&scp=84903836367&origin=inward"}],"prism:url":"https://api.elsevier.com/content/abstract/scopus_id/84903836367","dc:identifier":"SCOPUS_ID:84903836367","eid":"2-s2.0-84903836367","dc:title":"Clientelism within the Arabian Gulf States and beyond: A comparative study","dc:creator":"Ghaffar M.","prism:publicationName":"Central European Journal of International and Security Studies","prism:issn":"1802548X","prism:eIssn":"1805482X","prism:volume":"8","prism:issueIdentifier":"1","prism:pageRange":"30-51","prism:coverDate":"2014-01-01","prism:coverDisplayDate":"2014","dc:description":"Clientelism is a widespread phenomenon, often resulting from preexisting socioeconomic conditions such as inequalities, government dominance over the economy, and deficiencies in political institutions. State formation ushered vote buying into clientelistic behaviour and reinforced brokerage systems. This work synthesises the existing literature to examine theoretical aspects of clientelism and its applications in four regions, while providing comparative frameworks. A key conclusion is that each individual country exhibits distinct clientelistic, brokerage and vote buying behaviour, yet stays within fundamental parameters of the phenomenon.","citedby-count":"0","affiliation": [{"@_fa": "true", "affiliation-url":"https://api.elsevier.com/content/affiliation/affiliation_id/114502337","afid":"114502337","affilname":"Bahrain Center for International, Strategic and Energy Studies (Derasat)","affiliation-city":null,"affiliation-country":"Bahrain"}],"prism:aggregationType":"Journal","subtype":"ar","subtypeDescription":"Article","author-count":{"@limit": "100", "@total": "1", "$" :"1"},"author": [{"@_fa": "true", "@seq": "1", "author-url":"https://api.elsevier.com/content/author/author_id/56252740800","authid":"56252740800","authname":"Ghaffar M.","surname":"Ghaffar","given-name":"Mahmood","initials":"M.","afid": [{"@_fa": "true", "$" :"114502337"}]}],"authkeywords":"Arabian Gulf | Argentina | Benin | Brokerage | Clientelism | Political economy | Taiwan | Vote buying | Welfare state GCC","source-id":"21100225612","fund-no":"undefined","openaccess":"0","openaccessFlag":false},{"@_fa": "true", "link": [{"@_fa": "true", "@ref": "self", "@href": "https://api.elsevier.com/content/abstract/scopus_id/84951195597"},{"@_fa": "true", "@ref": "author-affiliation", "@href": "https://api.elsevier.com/content/abstract/scopus_id/84951195597?field=author,affiliation"},{"@_fa": "true", "@ref": "scopus", "@href": "https://www.scopus.com/inward/record.uri?partnerID=HzOxMe3b&scp=84951195597&origin=inward"},{"@_fa": "true", "@ref": "scopus-citedby", "@href": "https://www.scopus.com/inward/citedby.uri?partnerID=HzOxMe3b&scp=84951195597&origin=inward"}],"prism:url":"https://api.elsevier.com/content/abstract/scopus_id/84951195597","dc:identifier":"SCOPUS_ID:84951195597","eid":"2-s2.0-84951195597","dc:title":"How governmental corruption breeds clientelism","dc:creator":"De La O A.","prism:publicationName":"Mexico's Evolving Democracy: A Comparative Study of the 2012 Elections","prism:isbn": [{"@_fa": "true", "$" :"9781421415550"},{"@_fa": "true", "$" :"9781421415543"}],"prism:pageRange":"181-199","prism:coverDate":"2014-01-01","prism:coverDisplayDate":"1 January 2014","citedby-count":"3","affiliation": [{"@_fa": "true", "affiliation-url":"https://api.elsevier.com/content/affiliation/affiliation_id/60005455","afid":"60005455","affilname":"Yale University","affiliation-city":"New Haven","affiliation-country":"United States"}],"prism:aggregationType":"Book","subtype":"ch","subtypeDescription":"Chapter","author-count":{"@limit": "100", "@total": "1", "$" :"1"},"author": [{"@_fa": "true", "@seq": "1", "author-url":"https://api.elsevier.com/content/author/author_id/24280919700","authid":"24280919700","authname":"De La O A.","surname":"De La O","given-name":"Ana","initials":"A.","afid": [{"@_fa": "true", "$" :"60005455"}]}],"source-id":"21100431540","fund-no":"undefined","openaccess":"0","openaccessFlag":false},{"@_fa": "true", "link": [{"@_fa": "true", "@ref": "self", "@href": "https://api.elsevier.com/content/abstract/scopus_id/84920261237"},{"@_fa": "true", "@ref": "author-affiliation", "@href": "https://api.elsevier.com/content/abstract/scopus_id/84920261237?field=author,affiliation"},{"@_fa": "true", "@ref": "scopus", "@href": "https://www.scopus.com/inward/record.uri?partnerID=HzOxMe3b&scp=84920261237&origin=inward"},{"@_fa": "true", "@ref": "scopus-citedby", "@href": "https://www.scopus.com/inward/citedby.uri?partnerID=HzOxMe3b&scp=84920261237&origin=inward"}],"prism:url":"https://api.elsevier.com/content/abstract/scopus_id/84920261237","dc:identifier":"SCOPUS_ID:84920261237","eid":"2-s2.0-84920261237","dc:title":"Clientelism with Chinese Characteristics: Local Patronage Networks in Post-Reform China","dc:creator":"Paik W.","prism:publicationName":"Political Science Quarterly","prism:issn":"00323195","prism:eIssn":"1538165X","prism:volume":"129","prism:issueIdentifier":"4","prism:pageRange":"675-702","prism:coverDate":"2014-01-01","prism:coverDisplayDate":"1 December 2014","prism:doi":"10.1002/polq.12250","citedby-count":"6","affiliation": [{"@_fa": "true", "affiliation-url":"https://api.elsevier.com/content/affiliation/affiliation_id/60027550","afid":"60027550","affilname":"University of California, Los Angeles","affiliation-city":"Los Angeles","affiliation-country":"United States"},{"@_fa": "true", "affiliation-url":"https://api.elsevier.com/content/affiliation/affiliation_id/60007511","afid":"60007511","affilname":"Sungkyunkwan University","affiliation-city":"Jongno-gu","affiliation-country":"South Korea"}],"prism:aggregationType":"Journal","subtype":"ar","subtypeDescription":"Article","author-count":{"@limit": "100", "@total": "2", "$" :"2"},"author": [{"@_fa": "true", "@seq": "1", "author-url":"https://api.elsevier.com/content/author/author_id/47861946700","authid":"47861946700","authname":"Paik W.","surname":"Paik","given-name":"Wooyeal","initials":"W.","afid": [{"@_fa": "true", "$" :"60007511"}]},{"@_fa": "true", "@seq": "2", "author-url":"https://api.elsevier.com/content/author/author_id/7102370070","authid":"7102370070","authname":"Baum R.","surname":"Baum","given-name":"Richard","initials":"R.","afid": [{"@_fa": "true", "$" :"60027550"}]}],"source-id":"22889","fund-no":"undefined","openaccess":"0","openaccessFlag":false},{"@_fa": "true", "link": [{"@_fa": "true", "@ref": "self", "@href": "https://api.elsevier.com/content/abstract/scopus_id/84951196530"},{"@_fa": "true", "@ref": "author-affiliation", "@href": "https://api.elsevier.com/content/abstract/scopus_id/84951196530?field=author,affiliation"},{"@_fa": "true", "@ref": "scopus", "@href": "https://www.scopus.com/inward/record.uri?partnerID=HzOxMe3b&scp=84951196530&origin=inward"},{"@_fa": "true", "@ref": "scopus-citedby", "@href": "https://www.scopus.com/inward/citedby.uri?partnerID=HzOxMe3b&scp=84951196530&origin=inward"}],"prism:url":"https://api.elsevier.com/content/abstract/scopus_id/84951196530","dc:identifier":"SCOPUS_ID:84951196530","eid":"2-s2.0-84951196530","dc:title":"Clientelism, declared support, and Mexico's 2012 campaign","dc:creator":"Nichter S.","prism:publicationName":"Mexico's Evolving Democracy: A Comparative Study of the 2012 Elections","prism:isbn": [{"@_fa": "true", "$" :"9781421415550"},{"@_fa": "true", "$" :"9781421415543"}],"prism:pageRange":"200-226","prism:coverDate":"2014-01-01","prism:coverDisplayDate":"1 January 2014","citedby-count":"7","affiliation": [{"@_fa": "true", "affiliation-url":"https://api.elsevier.com/content/affiliation/affiliation_id/60030612","afid":"60030612","affilname":"University of California, San Diego","affiliation-city":"San Diego","affiliation-country":"United States"},{"@_fa": "true", "affiliation-url":"https://api.elsevier.com/content/affiliation/affiliation_id/60025038","afid":"60025038","affilname":"University of California, Berkeley","affiliation-city":"Berkeley","affiliation-country":"United States"}],"prism:aggregationType":"Book","subtype":"ch","subtypeDescription":"Chapter","author-count":{"@limit": "100", "@total": "2", "$" :"2"},"author": [{"@_fa": "true", "@seq": "1", "author-url":"https://api.elsevier.com/content/author/author_id/24171695600","authid":"24171695600","authname":"Nichter S.","surname":"Nichter","given-name":"Simeon","initials":"S.","afid": [{"@_fa": "true", "$" :"60030612"}]},{"@_fa": "true", "@seq": "2", "author-url":"https://api.elsevier.com/content/author/author_id/55308036100","authid":"55308036100","authname":"Palmer-Rubin B.","surname":"Palmer-Rubin","given-name":"Brian","initials":"B.","afid": [{"@_fa": "true", "$" :"60025038"}]}],"source-id":"21100431540","fund-no":"undefined","openaccess":"0","openaccessFlag":false},{"@_fa": "true", "link": [{"@_fa": "true", "@ref": "self", "@href": "https://api.elsevier.com/content/abstract/scopus_id/84902965123"},{"@_fa": "true", "@ref": "author-affiliation", "@href": "https://api.elsevier.com/content/abstract/scopus_id/84902965123?field=author,affiliation"},{"@_fa": "true", "@ref": "scopus", "@href": "https://www.scopus.com/inward/record.uri?partnerID=HzOxMe3b&scp=84902965123&origin=inward"},{"@_fa": "true", "@ref": "scopus-citedby", "@href": "https://www.scopus.com/inward/citedby.uri?partnerID=HzOxMe3b&scp=84902965123&origin=inward"}],"prism:url":"https://api.elsevier.com/content/abstract/scopus_id/84902965123","dc:identifier":"SCOPUS_ID:84902965123","eid":"2-s2.0-84902965123","dc:title":"Political clientelism and democracy: Clientelistic power and the internal differentiation of the political system","dc:creator":"Kusche I.","prism:publicationName":"Acta Sociologica (United Kingdom)","prism:issn":"00016993","prism:eIssn":"15023869","prism:volume":"57","prism:issueIdentifier":"3","prism:pageRange":"207-221","prism:coverDate":"2014-01-01","prism:coverDisplayDate":"August 2014","prism:doi":"10.1177/0001699313506721","dc:description":"The article proposes a systems-theoretical approach to political clientelism. It places political clientelism in the theoretical framework of a democratic political system characterized by internal differentiation in government and bureaucracy, party politics and a politically relevant public. Against the background of existing research on the link between democracy and political clientelism, it uses Luhmann's concept of power and more specifically his model of the formal and the informal power cycle to point out parallels and differences between a political system based on expectations with regard to policies and a political system in which clientelistic expectations prevail. Democratic political systems are based on formal, legally codified power and informal power. Clientelistic power is a special form of informal power affecting this interplay, as the example of democratization in Mexico shows. Political systems with clientelistic expectations differ from those with a policy orientation with regard to the complexity of policies, the generalization of political support, the bases for personalization, the pattern of interest articulation and the most prominent external influences on the system. © The Author(s) 2013.","citedby-count":"1","affiliation": [{"@_fa": "true", "affiliation-url":"https://api.elsevier.com/content/affiliation/affiliation_id/60009731","afid":"60009731","affilname":"Universität Osnabrück","affiliation-city":"Osnabruck","affiliation-country":"Germany"}],"prism:aggregationType":"Journal","subtype":"ar","subtypeDescription":"Article","author-count":{"@limit": "100", "@total": "1", "$" :"1"},"author": [{"@_fa": "true", "@seq": "1", "author-url":"https://api.elsevier.com/content/author/author_id/6506989166","authid":"6506989166","authname":"Kusche I.","surname":"Kusche","given-name":"Isabel","initials":"I.","afid": [{"@_fa": "true", "$" :"60009731"}]}],"authkeywords":"democracy | differentiation | Mexico | patronage | political clientelism | political system | power | welfare state","source-id":"16865","fund-no":"undefined","openaccess":"0","openaccessFlag":false},{"@_fa": "true", "link": [{"@_fa": "true", "@ref": "self", "@href": "https://api.elsevier.com/content/abstract/scopus_id/84919859849"},{"@_fa": "true", "@ref": "author-affiliation", "@href": "https://api.elsevier.com/content/abstract/scopus_id/84919859849?field=author,affiliation"},{"@_fa": "true", "@ref": "scopus", "@href": "https://www.scopus.com/inward/record.uri?partnerID=HzOxMe3b&scp=84919859849&origin=inward"},{"@_fa": "true", "@ref": "scopus-citedby", "@href": "https://www.scopus.com/inward/citedby.uri?partnerID=HzOxMe3b&scp=84919859849&origin=inward"}],"prism:url":"https://api.elsevier.com/content/abstract/scopus_id/84919859849","dc:identifier":"SCOPUS_ID:84919859849","eid":"2-s2.0-84919859849","dc:title":"Interdisciplinary Approaches to Political Clientelism and Patronage in Turkey","dc:creator":"Sayarı S.","prism:publicationName":"Turkish Studies","prism:issn":"14683849","prism:eIssn":"17439663","prism:volume":"15","prism:issueIdentifier":"4","prism:pageRange":"655-670","prism:coverDate":"2014-01-01","prism:coverDisplayDate":"2 October 2014","prism:doi":"10.1080/14683849.2014.985809","dc:description":"© 2014 Taylor  &  Francis. The growth of interdisciplinary work in Turkish Studies has increased the likelihood that the findings will reach an audience in the academic world beyond those specializing in Turkey's history, politics, and society. Clientelism and patronage represent genuinely interdisciplinary concepts and they have been used widely in the social sciences and humanities. The main purpose of this paper is to assess the contribution of clientelism and patronage to the interdisciplinary approaches in Turkish Studies, with special emphasis on the origins and growth of party politics in Turkey. Since the mid-1970s, there have been two major research waves on political clientelism in Turkey. While the main focus of the early studies was on traditional patron–client relations in the provincial small-towns and villages, recent research has been primarily concerned with clientelistic networks and patronage distribution among the urban poor in the low-income districts of the major cities, especially Istanbul. Programmatic appeals, popularity of the leaders, and the management of the economy are important in shaping the preferences of the voters in Turkey. But an equally important factor is the distribution of goods and services in exchange for votes through political clientelism and patronage.","citedby-count":"18","affiliation": [{"@_fa": "true", "affiliation-url":"https://api.elsevier.com/content/affiliation/affiliation_id/60021379","afid":"60021379","affilname":"Bahçeşehir Üniversitesi","affiliation-city":"Istanbul","affiliation-country":"Turkey"}],"prism:aggregationType":"Journal","subtype":"ar","subtypeDescription":"Article","author-count":{"@limit": "100", "@total": "1", "$" :"1"},"author": [{"@_fa": "true", "@seq": "1", "author-url":"https://api.elsevier.com/content/author/author_id/6602578256","authid":"6602578256","authname":"Sayarı S.","surname":"Sayarı","given-name":"Sabri","initials":"S.","afid": [{"@_fa": "true", "$" :"60021379"}]}],"source-id":"5700162123","fund-no":"undefined","openaccess":"0","openaccessFlag":false},{"@_fa": "true", "link": [{"@_fa": "true", "@ref": "self", "@href": "https://api.elsevier.com/content/abstract/scopus_id/84917739504"},{"@_fa": "true", "@ref": "author-affiliation", "@href": "https://api.elsevier.com/content/abstract/scopus_id/84917739504?field=author,affiliation"},{"@_fa": "true", "@ref": "scopus", "@href": "https://www.scopus.com/inward/record.uri?partnerID=HzOxMe3b&scp=84917739504&origin=inward"},{"@_fa": "true", "@ref": "scopus-citedby", "@href": "https://www.scopus.com/inward/citedby.uri?partnerID=HzOxMe3b&scp=84917739504&origin=inward"}],"prism:url":"https://api.elsevier.com/content/abstract/scopus_id/84917739504","dc:identifier":"SCOPUS_ID:84917739504","eid":"2-s2.0-84917739504","dc:title":"Informal institutions and personal rule in Urban Ghana","dc:creator":"Paller J.","prism:publicationName":"African Studies Review","prism:issn":"00020206","prism:volume":"57","prism:issueIdentifier":"3","prism:pageRange":"123-142","prism:coverDate":"2014-01-01","prism:coverDisplayDate":"17 November 2014","prism:doi":"10.1017/asr.2014.95","pii":"S000202061400095X","dc:description":"© 2014 African Studies Association. Contrary to expectations of modern democratic development, the establishment of liberal-democratic institutions in Ghana has not led to the demise of political clientelism. Instead, the underlying informal institutions of leadership-friendship, capitalist entrepreneurship, family, and religion-contribute to the persistence of personal rule in urban Ghana. Leaders amass political power by accumulating followers in daily life. The article provides empirical evidence to substantiate these theoretical claims in the form of two ethnographic case studies-a politician's primary campaign and the screening of a football match in an urban slum. It proposes an alternative model for the study of democracy and political accountability that extends beyond the formal institutional realm to include informal mechanisms that shape political clientelism in a democratic environment.","citedby-count":"18","affiliation": [{"@_fa": "true", "affiliation-url":"https://api.elsevier.com/content/affiliation/affiliation_id/60028707","afid":"60028707","affilname":"Bates College","affiliation-city":"Lewiston","affiliation-country":"United States"}],"prism:aggregationType":"Journal","subtype":"ar","subtypeDescription":"Article","author-count":{"@limit": "100", "@total": "1", "$" :"1"},"author": [{"@_fa": "true", "@seq": "1", "author-url":"https://api.elsevier.com/content/author/author_id/55931755300","authid":"55931755300","authname":"Paller J.","surname":"Paller","given-name":"Jeffrey W.","initials":"J.W.","afid": [{"@_fa": "true", "$" :"60028707"}]}],"authkeywords":"African politics | clientelism | democracy | Ghana | informal institutions | personal rule","source-id":"26926","fund-no":"undefined","openaccess":"0","openaccessFlag":false},{"@_fa": "true", "link": [{"@_fa": "true", "@ref": "self", "@href": "https://api.elsevier.com/content/abstract/scopus_id/84921911829"},{"@_fa": "true", "@ref": "author-affiliation", "@href": "https://api.elsevier.com/content/abstract/scopus_id/84921911829?field=author,affiliation"},{"@_fa": "true", "@ref": "scopus", "@href": "https://www.scopus.com/inward/record.uri?partnerID=HzOxMe3b&scp=84921911829&origin=inward"},{"@_fa": "true", "@ref": "scopus-citedby", "@href": "https://www.scopus.com/inward/citedby.uri?partnerID=HzOxMe3b&scp=84921911829&origin=inward"}],"prism:url":"https://api.elsevier.com/content/abstract/scopus_id/84921911829","dc:identifier":"SCOPUS_ID:84921911829","eid":"2-s2.0-84921911829","dc:title":"Contingent statehood: Clientelism and civic engagement as relational modalities in contemporary Bosnia and Herzegovina","dc:creator":"Vetters L.","prism:publicationName":"Social Analysis","prism:issn":"0155977X","prism:eIssn":"15585727","prism:volume":"58","prism:issueIdentifier":"3","prism:pageRange":"20-37","prism:coverDate":"2014-01-01","prism:coverDisplayDate":"1 December 2014","prism:doi":"10.3167/sa.2014.580303","dc:description":"© Berghahn Journals. This article analyzes clientelism and civic engagement as two relational modalities adopted by the residents of Mostar to obtain statefunded housing assistance in the face of rapid political transformation, economic insecurity, and post-conflict reconstruction. Couched in historical and contemporary discourses of deservingness and harking back to spatial imaginaries that evolved during the socialist era, both modalities converge in the notion of raseljeni, a post-war administrative category denoting an internally displaced person. Despite their apparent differences, the ultimate goal of both modalities is to establish sustainable channels of communication and productive relations with state authorities. Such relational modalities not only facilitate citizens’ access to public resources, but also lend continuity and coherence to a fragmented state apparatus. In the process, they give rise to distinct political subjectivities and notions of political community.","citedby-count":"4","affiliation": [{"@_fa": "true", "affiliation-url":"https://api.elsevier.com/content/affiliation/affiliation_id/60009787","afid":"60009787","affilname":"Max Planck Institute for Social Anthropology","affiliation-city":"Halle","affiliation-country":"Germany"}],"prism:aggregationType":"Journal","subtype":"ar","subtypeDescription":"Article","author-count":{"@limit": "100", "@total": "1", "$" :"1"},"author": [{"@_fa": "true", "@seq": "1", "author-url":"https://api.elsevier.com/content/author/author_id/42762568700","authid":"42762568700","authname":"Vetters L.","surname":"Vetters","given-name":"Larissa","initials":"L.","afid": [{"@_fa": "true", "$" :"60009787"}]}],"authkeywords":"Bosnia and Herzegovina | Civil society | Clientelism | Internally displaced persons | Relational modalities | Rural-urban dichotomy | State transformation","source-id":"5600153131","fund-no":"undefined","openaccess":"0","openaccessFlag":false},{"@_fa": "true", "link": [{"@_fa": "true", "@ref": "self", "@href": "https://api.elsevier.com/content/abstract/scopus_id/84919492066"},{"@_fa": "true", "@ref": "author-affiliation", "@href": "https://api.elsevier.com/content/abstract/scopus_id/84919492066?field=author,affiliation"},{"@_fa": "true", "@ref": "scopus", "@href": "https://www.scopus.com/inward/record.uri?partnerID=HzOxMe3b&scp=84919492066&origin=inward"},{"@_fa": "true", "@ref": "scopus-citedby", "@href": "https://www.scopus.com/inward/citedby.uri?partnerID=HzOxMe3b&scp=84919492066&origin=inward"},{"@_fa": "true", "@ref": "full-text", "@href": "https://api.elsevier.com/content/article/eid/1-s2.0-S036381111400109X"}],"prism:url":"https://api.elsevier.com/content/abstract/scopus_id/84919492066","dc:identifier":"SCOPUS_ID:84919492066","eid":"2-s2.0-84919492066","dc:title":"Clientelism and guanxi: Southern European and Chinese public relations in comparative perspective","dc:creator":"García C.","prism:publicationName":"Public Relations Review","prism:issn":"03638111","prism:volume":"40","prism:issueIdentifier":"5","prism:pageRange":"798-806","prism:coverDate":"2014-01-01","prism:coverDisplayDate":"1 December 2014","prism:doi":"10.1016/j.pubrev.2014.06.001","pii":"S036381111400109X","dc:description":"© 2014 Elsevier Inc.. This paper compares and analyzes the practice of public relations between Southern European countries (Greece, Italy, Portugal, and Spain) and China. The author argues Western countries are not a monolithic entity and there are a number of similarities, mainly focused on the importance of personal relationships, that shape the public relations field in Europe and Asia. A review of the concepts of guanxi and clientelism, both based on the asymmetrical character of relationships based on the abdication by the client of any potential autonomous access to the use of resources and to the setting up of public goods and services, revealed the importance of personal relationships and the emphasis of government relationships at the expense of other publics. Despite the consideration of the Anglo-Saxon symmetrical public relations model as a normative ideal among professionals, persuasive models are prevalent in the public relations practice in these societies.","citedby-count":"2","affiliation": [{"@_fa": "true", "affiliation-url":"https://api.elsevier.com/content/affiliation/affiliation_id/60031760","afid":"60031760","affilname":"Central Washington University","affiliation-city":"Ellensburg","affiliation-country":"United States"}],"prism:aggregationType":"Journal","subtype":"ar","subtypeDescription":"Article","author-count":{"@limit": "100", "@total": "1", "$" :"1"},"author": [{"@_fa": "true", "@seq": "1", "author-url":"https://api.elsevier.com/content/author/author_id/25027606800","authid":"25027606800","authname":"García C.","surname":"García","given-name":"César","initials":"C.","afid": [{"@_fa": "true", "$" :"60031760"}]}],"authkeywords":"China | Clientelism | Guanxi | Personal relationships | Public relations | Southern Europe","source-id":"29139","fund-no":"undefined","openaccess":"0","openaccessFlag":false},{"@_fa": "true", "link": [{"@_fa": "true", "@ref": "self", "@href": "https://api.elsevier.com/content/abstract/scopus_id/84905401058"},{"@_fa": "true", "@ref": "author-affiliation", "@href": "https://api.elsevier.com/content/abstract/scopus_id/84905401058?field=author,affiliation"},{"@_fa": "true", "@ref": "scopus", "@href": "https://www.scopus.com/inward/record.uri?partnerID=HzOxMe3b&scp=84905401058&origin=inward"},{"@_fa": "true", "@ref": "scopus-citedby", "@href": "https://www.scopus.com/inward/citedby.uri?partnerID=HzOxMe3b&scp=84905401058&origin=inward"},{"@_fa": "true", "@ref": "full-text", "@href": "https://api.elsevier.com/content/article/eid/1-s2.0-S0261379414000316"}],"prism:url":"https://api.elsevier.com/content/abstract/scopus_id/84905401058","dc:identifier":"SCOPUS_ID:84905401058","eid":"2-s2.0-84905401058","dc:title":"Conceptualizing vote buying","dc:creator":"Nichter S.","prism:publicationName":"Electoral Studies","prism:issn":"02613794","prism:volume":"35","prism:pageRange":"315-327","prism:coverDate":"2014-01-01","prism:coverDisplayDate":"September 2014","prism:doi":"10.1016/j.electstud.2014.02.008","pii":"S0261379414000316","dc:description":"This study investigates the concept of vote buying, with a particular focus on its usage in research on clientelism. Vote buying is often poorly defined. Such conceptual ambiguity may distort descriptive findings and threaten the validity of causal claims. Qualitative analysis suggests that researchers often employ the concept of vote buying differently, and regressions from Nigeria and Mexico suggest that using alternative definitions can yield divergent empirical results. This diverse usage also poses the risk of conceptual stretching, because scholars often use vote buying to describe other phenomena. To improve future research, analysts should pay close attention to the conceptualization of vote buying. © 2014 Elsevier Ltd.","citedby-count":"20","affiliation": [{"@_fa": "true", "affiliation-url":"https://api.elsevier.com/content/affiliation/affiliation_id/60030612","afid":"60030612","affilname":"University of California, San Diego","affiliation-city":"San Diego","affiliation-country":"United States"}],"prism:aggregationType":"Journal","subtype":"ar","subtypeDescription":"Article","author-count":{"@limit": "100", "@total": "1", "$" :"1"},"author": [{"@_fa": "true", "@seq": "1", "author-url":"https://api.elsevier.com/content/author/author_id/24171695600","authid":"24171695600","authname":"Nichter S.","surname":"Nichter","given-name":"Simeon","initials":"S.","afid": [{"@_fa": "true", "$" :"60030612"}]}],"authkeywords":"Clientelism | Conceptualization | Machine politics | Political machine | Vote buying","source-id":"16114","fund-no":"undefined","fund-sponsor":"National Science Foundation","openaccess":"0","openaccessFlag":false},{"@_fa": "true", "link": [{"@_fa": "true", "@ref": "self", "@href": "https://api.elsevier.com/content/abstract/scopus_id/84901915076"},{"@_fa": "true", "@ref": "author-affiliation", "@href": "https://api.elsevier.com/content/abstract/scopus_id/84901915076?field=author,affiliation"},{"@_fa": "true", "@ref": "scopus", "@href": "https://www.scopus.com/inward/record.uri?partnerID=HzOxMe3b&scp=84901915076&origin=inward"},{"@_fa": "true", "@ref": "scopus-citedby", "@href": "https://www.scopus.com/inward/citedby.uri?partnerID=HzOxMe3b&scp=84901915076&origin=inward"}],"prism:url":"https://api.elsevier.com/content/abstract/scopus_id/84901915076","dc:identifier":"SCOPUS_ID:84901915076","eid":"2-s2.0-84901915076","dc:title":"Undemocratic legacies: First-wave feminism and the somocista women's movement in Nicaragua, 1920s-1979","dc:creator":"González-Rivera V.","prism:publicationName":"Bulletin of Latin American Research","prism:issn":"02613050","prism:eIssn":"14709856","prism:volume":"33","prism:issueIdentifier":"3","prism:pageRange":"259-273","prism:coverDate":"2014-01-01","prism:coverDisplayDate":"July 2014","prism:doi":"10.1111/blar.12102","dc:description":"The most important pre-1979 women's movements in Nicaragua were first-wave feminism and the right-wing Somocista women's movement. I argue that it is useful to examine these two movements jointly in order to assess their legacy with regard to struggles over the relationship between women's organisations and political parties, age/generational differences, electoral democracy versus clientelism, and class and leadership. I conclude that while the pre-1979 women's movements brought about women's suffrage and increased opportunities for some women, their collective legacy was, in some fundamental ways, undemocratic. © 2013 Society for Latin American Studies.","citedby-count":"1","affiliation": [{"@_fa": "true", "affiliation-url":"https://api.elsevier.com/content/affiliation/affiliation_id/60018926","afid":"60018926","affilname":"San Diego State University","affiliation-city":"San Diego","affiliation-country":"United States"}],"prism:aggregationType":"Journal","subtype":"ar","subtypeDescription":"Article","author-count":{"@limit": "100", "@total": "1", "$" :"1"},"author": [{"@_fa": "true", "@seq": "1", "author-url":"https://api.elsevier.com/content/author/author_id/55887524800","authid":"55887524800","authname":"González-Rivera V.","surname":"González-Rivera","given-name":"Victoria","initials":"V.","afid": [{"@_fa": "true", "$" :"60018926"}]}],"authkeywords":"Ala femenina | First-wave feminism | Nicaragua | Somoza | Suffrage | Women's movements","source-id":"25322","fund-no":"undefined","openaccess":"0","openaccessFlag":false},{"@_fa": "true", "link": [{"@_fa": "true", "@ref": "self", "@href": "https://api.elsevier.com/content/abstract/scopus_id/84898854218"},{"@_fa": "true", "@ref": "author-affiliation", "@href": "https://api.elsevier.com/content/abstract/scopus_id/84898854218?field=author,affiliation"},{"@_fa": "true", "@ref": "scopus", "@href": "https://www.scopus.com/inward/record.uri?partnerID=HzOxMe3b&scp=84898854218&origin=inward"},{"@_fa": "true", "@ref": "scopus-citedby", "@href": "https://www.scopus.com/inward/citedby.uri?partnerID=HzOxMe3b&scp=84898854218&origin=inward"}],"prism:url":"https://api.elsevier.com/content/abstract/scopus_id/84898854218","dc:identifier":"SCOPUS_ID:84898854218","eid":"2-s2.0-84898854218","dc:title":"Welfare regime, welfare pillar and southern Europe","dc:creator":"Minas C.","prism:publicationName":"Journal of European Social Policy","prism:issn":"09589287","prism:eIssn":"14617269","prism:volume":"24","prism:issueIdentifier":"2","prism:pageRange":"135-149","prism:coverDate":"2014-01-01","prism:coverDisplayDate":"May 2014","prism:doi":"10.1177/0958928713517917","dc:description":"This paper uses a variety of methods of statistical cluster analysis to examine how EU countries (other than the new East European members) are grouped. Using the four dimensions, family, market vs state, religion and clientelism, the results of the analysis are that Southern European/Mediterranean (SE/M) countries form a distinct cluster that, both in its existence and in its difference from the conservative cluster, contradicts the notion of 'three worlds of welfare capitalism'. In addition Ireland, though not geographically contiguous, falls into the SE/M grouping. © The Author(s) 2014.","citedby-count":"16","affiliation": [{"@_fa": "true", "affiliation-url":"https://api.elsevier.com/content/affiliation/affiliation_id/60104670","afid":"60104670","affilname":"Frederick University","affiliation-city":"Nicosia","affiliation-country":"Cyprus"},{"@_fa": "true", "affiliation-url":"https://api.elsevier.com/content/affiliation/affiliation_id/60025059","afid":"60025059","affilname":"Dublin City University","affiliation-city":"Dublin","affiliation-country":"Ireland"}],"prism:aggregationType":"Journal","subtype":"ar","subtypeDescription":"Article","author-count":{"@limit": "100", "@total": "4", "$" :"4"},"author": [{"@_fa": "true", "@seq": "1", "author-url":"https://api.elsevier.com/content/author/author_id/35801046700","authid":"35801046700","authname":"Minas C.","surname":"Minas","given-name":"Christos","initials":"C.","afid": [{"@_fa": "true", "$" :"60104670"}]},{"@_fa": "true", "@seq": "2", "author-url":"https://api.elsevier.com/content/author/author_id/55782214000","authid":"55782214000","authname":"Jacobson D.","surname":"Jacobson","given-name":"David","initials":"D.","afid": [{"@_fa": "true", "$" :"60025059"}]},{"@_fa": "true", "@seq": "3", "author-url":"https://api.elsevier.com/content/author/author_id/56120245900","authid":"56120245900","authname":"Antoniou E.","surname":"Antoniou","given-name":"Efi","initials":"E."},{"@_fa": "true", "@seq": "4", "author-url":"https://api.elsevier.com/content/author/author_id/57196021011","authid":"57196021011","authname":"McMullan C.","surname":"McMullan","given-name":"Caroline","initials":"C.","afid": [{"@_fa": "true", "$" :"60025059"}]}],"authkeywords":"Cluster analysis | Ireland | Southern Europe | welfare pillar | welfare regime","source-id":"26350","fund-no":"undefined","openaccess":"0","openaccessFlag":false},{"@_fa": "true", "link": [{"@_fa": "true", "@ref": "self", "@href": "https://api.elsevier.com/content/abstract/scopus_id/84907454833"},{"@_fa": "true", "@ref": "author-affiliation", "@href": "https://api.elsevier.com/content/abstract/scopus_id/84907454833?field=author,affiliation"},{"@_fa": "true", "@ref": "scopus", "@href": "https://www.scopus.com/inward/record.uri?partnerID=HzOxMe3b&scp=84907454833&origin=inward"},{"@_fa": "true", "@ref": "scopus-citedby", "@href": "https://www.scopus.com/inward/citedby.uri?partnerID=HzOxMe3b&scp=84907454833&origin=inward"}],"prism:url":"https://api.elsevier.com/content/abstract/scopus_id/84907454833","dc:identifier":"SCOPUS_ID:84907454833","eid":"2-s2.0-84907454833","dc:title":"Understanding the Role of Participation in Public Service Delivery: Evidences from Rural West Bengal, India","dc:creator":"Nayak N.","prism:publicationName":"International Journal of Public Administration","prism:issn":"01900692","prism:eIssn":"15324265","prism:volume":"37","prism:issueIdentifier":"12","prism:pageRange":"875-884","prism:coverDate":"2014-01-01","prism:coverDisplayDate":"1 October 2014","prism:doi":"10.1080/01900692.2014.928313","dc:description":"© Taylor  &  Francis Group, LLC. The present study, using household level data of East Midnapore district of West Bengal, India, examines the role of people’s participation in public service delivery. It considers four dimensions of participation namely attending meetings, raising voice, lodging complaints, and making contributions. The study confirms the role of participation in public service delivery. Apart from participation, households’ socioeconomic and political positions also exert significant impacts. There is, however, likelihood of “elite capture” and “clientelism” in the delivery of public services. Effective service delivery presupposes that while attending meetings, people must raise their voice and make contributions.","citedby-count":"0","affiliation": [{"@_fa": "true", "affiliation-url":"https://api.elsevier.com/content/affiliation/affiliation_id/60004750","afid":"60004750","affilname":"Indian Institute of Technology Kharagpur","affiliation-city":"Kharagpur","affiliation-country":"India"},{"@_fa": "true", "affiliation-url":"https://api.elsevier.com/content/affiliation/affiliation_id/109728028","afid":"109728028","affilname":"Chandragupt Institute of Management","affiliation-city":"Patna","affiliation-country":"India"}],"prism:aggregationType":"Journal","subtype":"ar","subtypeDescription":"Article","author-count":{"@limit": "100", "@total": "2", "$" :"2"},"author": [{"@_fa": "true", "@seq": "1", "author-url":"https://api.elsevier.com/content/author/author_id/55173940500","authid":"55173940500","authname":"Nayak N.","surname":"Nayak","given-name":"Narayan Chandra","initials":"N.C.","afid": [{"@_fa": "true", "$" :"60004750"}]},{"@_fa": "true", "@seq": "2", "author-url":"https://api.elsevier.com/content/author/author_id/56372399200","authid":"56372399200","authname":"Samanta D.","surname":"Samanta","given-name":"Debabrata","initials":"D.","afid": [{"@_fa": "true", "$" :"109728028"}]}],"authkeywords":"clientelism | elite capture | participation | service delivery","source-id":"4700151710","fund-no":"undefined","openaccess":"0","openaccessFlag":false},{"@_fa": "true", "link": [{"@_fa": "true", "@ref": "self", "@href": "https://api.elsevier.com/content/abstract/scopus_id/84906941920"},{"@_fa": "true", "@ref": "author-affiliation", "@href": "https://api.elsevier.com/content/abstract/scopus_id/84906941920?field=author,affiliation"},{"@_fa": "true", "@ref": "scopus", "@href": "https://www.scopus.com/inward/record.uri?partnerID=HzOxMe3b&scp=84906941920&origin=inward"},{"@_fa": "true", "@ref": "scopus-citedby", "@href": "https://www.scopus.com/inward/citedby.uri?partnerID=HzOxMe3b&scp=84906941920&origin=inward"}],"prism:url":"https://api.elsevier.com/content/abstract/scopus_id/84906941920","dc:identifier":"SCOPUS_ID:84906941920","eid":"2-s2.0-84906941920","dc:title":"Funding local government: Use (and Abuse) of Peru's canon system","dc:creator":"Crabtree J.","prism:publicationName":"Bulletin of Latin American Research","prism:issn":"02613050","prism:eIssn":"14709856","prism:volume":"33","prism:issueIdentifier":"4","prism:pageRange":"452-467","prism:coverDate":"2014-01-01","prism:coverDisplayDate":"October 2014","prism:doi":"10.1111/blar.12174","dc:description":"While decentralisation, properly understood, implies that sub-national government involves devolution of authority over revenues, recent experience from Peru suggests that the canon system tends to create perverse incentives in encouraging open and democratic government at the local level. This is particularly the case in regions such as Cusco, which benefit disproportionately from this system. Examination of experiences in four provinces of Cusco shows how - in the absence of a robust civil society - excessive funding tends to encourage clientelism and corruption rather than accountable and transparent administration. © 2014 The Author. Bulletin of Latin American Research © 2014 Society for Latin American Studies. Published by John Wiley & Sons Ltd.","citedby-count":"4","affiliation": [{"@_fa": "true", "affiliation-url":"https://api.elsevier.com/content/affiliation/affiliation_id/100597615","afid":"100597615","affilname":"Centre Latin American Studies","affiliation-city":"Oxford","affiliation-country":"United Kingdom"}],"prism:aggregationType":"Journal","subtype":"ar","subtypeDescription":"Article","author-count":{"@limit": "100", "@total": "1", "$" :"1"},"author": [{"@_fa": "true", "@seq": "1", "author-url":"https://api.elsevier.com/content/author/author_id/57198379786","authid":"57198379786","authname":"Crabtree J.","surname":"Crabtree","given-name":"John","initials":"J.","afid": [{"@_fa": "true", "$" :"100597615"}]}],"authkeywords":"Decentralisation | Governance | Participation | Peru | Public spending | Taxation","source-id":"25322","fund-no":"undefined","openaccess":"0","openaccessFlag":false}]}}