{"search-results":{"opensearch:totalResults":"114","opensearch:startIndex":"0","opensearch:itemsPerPage":"25","opensearch:Query":{"@role": "request", "@searchTerms": "TITLE-ABS-KEY(\"clientelism\") AND SUBJAREA(SOCI) AND PUBYEAR = 2018", "@startPage": "0"},"link": [{"@_fa": "true", "@ref": "self", "@href": "https://api.elsevier.com/content/search/scopus?start=0&count=25&query=TITLE-ABS-KEY%28%22clientelism%22%29+AND+SUBJAREA%28SOCI%29+AND+PUBYEAR+%3D+2018&apiKey=27d953b4b546791964ebeb768d13e61f&view=STANDARD", "@type": "application/json"},{"@_fa": "true", "@ref": "first", "@href": "https://api.elsevier.com/content/search/scopus?start=0&count=25&query=TITLE-ABS-KEY%28%22clientelism%22%29+AND+SUBJAREA%28SOCI%29+AND+PUBYEAR+%3D+2018&apiKey=27d953b4b546791964ebeb768d13e61f&view=STANDARD", "@type": "application/json"},{"@_fa": "true", "@ref": "next", "@href": "https://api.elsevier.com/content/search/scopus?start=25&count=25&query=TITLE-ABS-KEY%28%22clientelism%22%29+AND+SUBJAREA%28SOCI%29+AND+PUBYEAR+%3D+2018&apiKey=27d953b4b546791964ebeb768d13e61f&view=STANDARD", "@type": "application/json"},{"@_fa": "true", "@ref": "last", "@href": "https://api.elsevier.com/content/search/scopus?start=89&count=25&query=TITLE-ABS-KEY%28%22clientelism%22%29+AND+SUBJAREA%28SOCI%29+AND+PUBYEAR+%3D+2018&apiKey=27d953b4b546791964ebeb768d13e61f&view=STANDARD", "@type": "application/json"}],"entry": [{"@_fa": "true", "link": [{"@_fa": "true", "@ref": "self", "@href": "https://api.elsevier.com/content/abstract/scopus_id/85061136400"},{"@_fa": "true", "@ref": "author-affiliation", "@href": "https://api.elsevier.com/content/abstract/scopus_id/85061136400?field=author,affiliation"},{"@_fa": "true", "@ref": "scopus", "@href": "https://www.scopus.com/inward/record.uri?partnerID=HzOxMe3b&scp=85061136400&origin=inward"},{"@_fa": "true", "@ref": "scopus-citedby", "@href": "https://www.scopus.com/inward/citedby.uri?partnerID=HzOxMe3b&scp=85061136400&origin=inward"}],"prism:url":"https://api.elsevier.com/content/abstract/scopus_id/85061136400","dc:identifier":"SCOPUS_ID:85061136400","eid":"2-s2.0-85061136400","dc:title":"Ankara: Struggles for housing - legitimate, self- contradictory, or both? Impacts of clientelism and rights- seeking on informal housing in Ankara","dc:creator":"Özdemirli Y.","prism:publicationName":"The Routledge Handbook on Informal Urbanization","prism:isbn": [{"@_fa": "true", "$" :"9781315645544"},{"@_fa": "true", "$" :"9781138183889"}],"prism:pageRange":"22-33","prism:coverDate":"2018-12-21","prism:coverDisplayDate":"21 December 2018","prism:doi":"10.4324/9781315645544","citedby-count":"0","affiliation": [{"@_fa": "true", "affilname":"Selçuk Üniversitesi","affiliation-city":"Konya","affiliation-country":"Turkey"}],"prism:aggregationType":"Book","subtype":"ch","subtypeDescription":"Chapter","source-id":"21100897227","openaccess":"0","openaccessFlag":false},{"@_fa": "true", "link": [{"@_fa": "true", "@ref": "self", "@href": "https://api.elsevier.com/content/abstract/scopus_id/85061184511"},{"@_fa": "true", "@ref": "author-affiliation", "@href": "https://api.elsevier.com/content/abstract/scopus_id/85061184511?field=author,affiliation"},{"@_fa": "true", "@ref": "scopus", "@href": "https://www.scopus.com/inward/record.uri?partnerID=HzOxMe3b&scp=85061184511&origin=inward"},{"@_fa": "true", "@ref": "scopus-citedby", "@href": "https://www.scopus.com/inward/citedby.uri?partnerID=HzOxMe3b&scp=85061184511&origin=inward"}],"prism:url":"https://api.elsevier.com/content/abstract/scopus_id/85061184511","dc:identifier":"SCOPUS_ID:85061184511","eid":"2-s2.0-85061184511","dc:title":"Oil and Institutional Stasis in the Persian Gulf","dc:creator":"Kamrava M.","prism:publicationName":"Journal of Arabian Studies","prism:eIssn":"21534780","prism:volume":"8","prism:issueIdentifier":"sup1","prism:pageRange":"1-12","prism:coverDate":"2018-12-06","prism:coverDisplayDate":"6 December 2018","prism:doi":"10.1080/21534764.2018.1546929","citedby-count":"0","prism:aggregationType":"Journal","subtype":"ar","subtypeDescription":"Article","source-id":"21100897527","openaccess":"1","openaccessFlag":true},{"@_fa": "true", "link": [{"@_fa": "true", "@ref": "self", "@href": "https://api.elsevier.com/content/abstract/scopus_id/85056729376"},{"@_fa": "true", "@ref": "author-affiliation", "@href": "https://api.elsevier.com/content/abstract/scopus_id/85056729376?field=author,affiliation"},{"@_fa": "true", "@ref": "scopus", "@href": "https://www.scopus.com/inward/record.uri?partnerID=HzOxMe3b&scp=85056729376&origin=inward"},{"@_fa": "true", "@ref": "scopus-citedby", "@href": "https://www.scopus.com/inward/citedby.uri?partnerID=HzOxMe3b&scp=85056729376&origin=inward"}],"prism:url":"https://api.elsevier.com/content/abstract/scopus_id/85056729376","dc:identifier":"SCOPUS_ID:85056729376","eid":"2-s2.0-85056729376","dc:title":"Concentric Clientelism: A Case Study of Rural Saharanpur","dc:creator":"Singh R.","prism:publicationName":"Studies in Indian Politics","prism:issn":"23210230","prism:eIssn":"23217472","prism:volume":"6","prism:issueIdentifier":"2","prism:pageRange":"247-266","prism:coverDate":"2018-12-01","prism:coverDisplayDate":"1 December 2018","prism:doi":"10.1177/2321023018797482","citedby-count":"0","affiliation": [{"@_fa": "true", "affilname":"University of California, Santa Barbara","affiliation-city":"Santa Barbara","affiliation-country":"United States"}],"prism:aggregationType":"Journal","subtype":"ar","subtypeDescription":"Article","source-id":"21100805792","openaccess":"0","openaccessFlag":false},{"@_fa": "true", "link": [{"@_fa": "true", "@ref": "self", "@href": "https://api.elsevier.com/content/abstract/scopus_id/85015617775"},{"@_fa": "true", "@ref": "author-affiliation", "@href": "https://api.elsevier.com/content/abstract/scopus_id/85015617775?field=author,affiliation"},{"@_fa": "true", "@ref": "scopus", "@href": "https://www.scopus.com/inward/record.uri?partnerID=HzOxMe3b&scp=85015617775&origin=inward"},{"@_fa": "true", "@ref": "scopus-citedby", "@href": "https://www.scopus.com/inward/citedby.uri?partnerID=HzOxMe3b&scp=85015617775&origin=inward"}],"prism:url":"https://api.elsevier.com/content/abstract/scopus_id/85015617775","dc:identifier":"SCOPUS_ID:85015617775","eid":"2-s2.0-85015617775","dc:title":"Why Political Competition Can Increase Patronage","dc:creator":"Driscoll B.","prism:publicationName":"Studies in Comparative International Development","prism:issn":"00393606","prism:volume":"53","prism:issueIdentifier":"4","prism:pageRange":"404-427","prism:coverDate":"2018-12-01","prism:coverDisplayDate":"1 December 2018","prism:doi":"10.1007/s12116-017-9238-x","citedby-count":"1","affiliation": [{"@_fa": "true", "affilname":"Grinnell College","affiliation-city":"Grinnell","affiliation-country":"United States"}],"prism:aggregationType":"Journal","subtype":"ar","subtypeDescription":"Article","source-id":"26587","openaccess":"0","openaccessFlag":false},{"@_fa": "true", "link": [{"@_fa": "true", "@ref": "self", "@href": "https://api.elsevier.com/content/abstract/scopus_id/85056463425"},{"@_fa": "true", "@ref": "author-affiliation", "@href": "https://api.elsevier.com/content/abstract/scopus_id/85056463425?field=author,affiliation"},{"@_fa": "true", "@ref": "scopus", "@href": "https://www.scopus.com/inward/record.uri?partnerID=HzOxMe3b&scp=85056463425&origin=inward"},{"@_fa": "true", "@ref": "scopus-citedby", "@href": "https://www.scopus.com/inward/citedby.uri?partnerID=HzOxMe3b&scp=85056463425&origin=inward"},{"@_fa": "true", "@ref": "full-text", "@href": "https://api.elsevier.com/content/article/eid/1-s2.0-S0967067X18300631"}],"prism:url":"https://api.elsevier.com/content/abstract/scopus_id/85056463425","dc:identifier":"SCOPUS_ID:85056463425","eid":"2-s2.0-85056463425","dc:title":"Revolution without regime change: The evidence from the post-Euromaidan Ukraine","dc:creator":"Matsiyevsky Y.","prism:publicationName":"Communist and Post-Communist Studies","prism:issn":"0967067X","prism:volume":"51","prism:issueIdentifier":"4","prism:pageRange":"349-359","prism:coverDate":"2018-12-01","prism:coverDisplayDate":"December 2018","prism:doi":"10.1016/j.postcomstud.2018.11.001","pii":"S0967067X18300631","citedby-count":"0","affiliation": [{"@_fa": "true", "affilname":"National University of Ostroh Academy","affiliation-city":"Ostroh","affiliation-country":"Ukraine"}],"prism:aggregationType":"Journal","subtype":"ar","subtypeDescription":"Article","source-id":"13435","openaccess":"0","openaccessFlag":false},{"@_fa": "true", "link": [{"@_fa": "true", "@ref": "self", "@href": "https://api.elsevier.com/content/abstract/scopus_id/85059527191"},{"@_fa": "true", "@ref": "author-affiliation", "@href": "https://api.elsevier.com/content/abstract/scopus_id/85059527191?field=author,affiliation"},{"@_fa": "true", "@ref": "scopus", "@href": "https://www.scopus.com/inward/record.uri?partnerID=HzOxMe3b&scp=85059527191&origin=inward"},{"@_fa": "true", "@ref": "scopus-citedby", "@href": "https://www.scopus.com/inward/citedby.uri?partnerID=HzOxMe3b&scp=85059527191&origin=inward"}],"prism:url":"https://api.elsevier.com/content/abstract/scopus_id/85059527191","dc:identifier":"SCOPUS_ID:85059527191","eid":"2-s2.0-85059527191","dc:title":"Getting more women into politics under one-party dominance: collaboration, clientelism, and coalition building in the determination of women’s representation in Malaysia","dc:creator":"Mohamad M.","prism:publicationName":"Southeast Asian Studies","prism:issn":"21867275","prism:eIssn":"24238686","prism:volume":"7","prism:issueIdentifier":"3","prism:pageRange":"415-447","prism:coverDate":"2018-12-01","prism:coverDisplayDate":"December 2018","prism:doi":"10.20495/seas.7.3_415","citedby-count":"0","affiliation": [{"@_fa": "true", "affilname":"National University of Singapore","affiliation-city":"Singapore City","affiliation-country":"Singapore"}],"prism:aggregationType":"Journal","subtype":"ar","subtypeDescription":"Article","source-id":"21100778849","openaccess":"0","openaccessFlag":false},{"@_fa": "true", "link": [{"@_fa": "true", "@ref": "self", "@href": "https://api.elsevier.com/content/abstract/scopus_id/85057133791"},{"@_fa": "true", "@ref": "author-affiliation", "@href": "https://api.elsevier.com/content/abstract/scopus_id/85057133791?field=author,affiliation"},{"@_fa": "true", "@ref": "scopus", "@href": "https://www.scopus.com/inward/record.uri?partnerID=HzOxMe3b&scp=85057133791&origin=inward"},{"@_fa": "true", "@ref": "scopus-citedby", "@href": "https://www.scopus.com/inward/citedby.uri?partnerID=HzOxMe3b&scp=85057133791&origin=inward"}],"prism:url":"https://api.elsevier.com/content/abstract/scopus_id/85057133791","dc:identifier":"SCOPUS_ID:85057133791","eid":"2-s2.0-85057133791","dc:title":"Contextual Incentives are Not Enough: Clientelistic Capacity and the Politics of Enrollment in Mexico’s Seguro Popular","dc:creator":"Hernández Company J.","prism:publicationName":"Latin American Policy","prism:issn":"20417365","prism:eIssn":"20417373","prism:volume":"9","prism:issueIdentifier":"2","prism:pageRange":"304-330","prism:coverDate":"2018-12-01","prism:coverDisplayDate":"December 2018","prism:doi":"10.1111/lamp.12151","citedby-count":"0","affiliation": [{"@_fa": "true", "affilname":"Tecnologico de Monterrey","affiliation-city":"Monterrey","affiliation-country":"Mexico"}],"prism:aggregationType":"Journal","subtype":"ar","subtypeDescription":"Article","source-id":"21100814520","openaccess":"0","openaccessFlag":false},{"@_fa": "true", "link": [{"@_fa": "true", "@ref": "self", "@href": "https://api.elsevier.com/content/abstract/scopus_id/85050100228"},{"@_fa": "true", "@ref": "author-affiliation", "@href": "https://api.elsevier.com/content/abstract/scopus_id/85050100228?field=author,affiliation"},{"@_fa": "true", "@ref": "scopus", "@href": "https://www.scopus.com/inward/record.uri?partnerID=HzOxMe3b&scp=85050100228&origin=inward"},{"@_fa": "true", "@ref": "scopus-citedby", "@href": "https://www.scopus.com/inward/citedby.uri?partnerID=HzOxMe3b&scp=85050100228&origin=inward"},{"@_fa": "true", "@ref": "full-text", "@href": "https://api.elsevier.com/content/article/eid/1-s2.0-S2214629618301403"}],"prism:url":"https://api.elsevier.com/content/abstract/scopus_id/85050100228","dc:identifier":"SCOPUS_ID:85050100228","eid":"2-s2.0-85050100228","dc:title":"Energy policy and transdisciplinary transition management arenas in illiberal democracies: A conceptual framework","dc:creator":"Noboa E.","prism:publicationName":"Energy Research and Social Science","prism:issn":"22146296","prism:volume":"46","prism:pageRange":"114-124","prism:coverDate":"2018-12-01","prism:coverDisplayDate":"December 2018","prism:doi":"10.1016/j.erss.2018.07.014","pii":"S2214629618301403","citedby-count":"3","affiliation": [{"@_fa": "true", "affilname":"Leuphana Universität Lüneburg","affiliation-city":"Luneburg","affiliation-country":"Germany"}],"prism:aggregationType":"Journal","subtype":"re","subtypeDescription":"Review","source-id":"21100325067","openaccess":"0","openaccessFlag":false},{"@_fa": "true", "link": [{"@_fa": "true", "@ref": "self", "@href": "https://api.elsevier.com/content/abstract/scopus_id/85060894272"},{"@_fa": "true", "@ref": "author-affiliation", "@href": "https://api.elsevier.com/content/abstract/scopus_id/85060894272?field=author,affiliation"},{"@_fa": "true", "@ref": "scopus", "@href": "https://www.scopus.com/inward/record.uri?partnerID=HzOxMe3b&scp=85060894272&origin=inward"},{"@_fa": "true", "@ref": "scopus-citedby", "@href": "https://www.scopus.com/inward/citedby.uri?partnerID=HzOxMe3b&scp=85060894272&origin=inward"}],"prism:url":"https://api.elsevier.com/content/abstract/scopus_id/85060894272","dc:identifier":"SCOPUS_ID:85060894272","eid":"2-s2.0-85060894272","dc:title":"A new developmentalism in Indonesia?","dc:creator":"Warburton E.","prism:publicationName":"Journal of Southeast Asian Economies","prism:issn":"23395095","prism:eIssn":"23395206","prism:pageRange":"355-368","prism:coverDate":"2018-12-01","prism:coverDisplayDate":"December 2018","prism:doi":"10.1355/ae35-3c","citedby-count":"0","affiliation": [{"@_fa": "true", "affilname":"Institute of Southeast Asian Studies, Singapore","affiliation-city":"Singapore City","affiliation-country":"Singapore"}],"prism:aggregationType":"Journal","subtype":"ar","subtypeDescription":"Article","source-id":"21100845633","openaccess":"0","openaccessFlag":false},{"@_fa": "true", "link": [{"@_fa": "true", "@ref": "self", "@href": "https://api.elsevier.com/content/abstract/scopus_id/85061131021"},{"@_fa": "true", "@ref": "author-affiliation", "@href": "https://api.elsevier.com/content/abstract/scopus_id/85061131021?field=author,affiliation"},{"@_fa": "true", "@ref": "scopus", "@href": "https://www.scopus.com/inward/record.uri?partnerID=HzOxMe3b&scp=85061131021&origin=inward"},{"@_fa": "true", "@ref": "scopus-citedby", "@href": "https://www.scopus.com/inward/citedby.uri?partnerID=HzOxMe3b&scp=85061131021&origin=inward"}],"prism:url":"https://api.elsevier.com/content/abstract/scopus_id/85061131021","dc:identifier":"SCOPUS_ID:85061131021","eid":"2-s2.0-85061131021","dc:title":"Clientelism, corruption and kleptocratic politics in Bangladesh: A political economy analysis","dc:creator":"Moniruzzaman M.","prism:publicationName":"Bangladesh: Economic, Political and Social Issues","prism:isbn": [{"@_fa": "true", "$" :"9781536142112"},{"@_fa": "true", "$" :"9781536142105"}],"prism:pageRange":"167-192","prism:coverDate":"2018-11-13","prism:coverDisplayDate":"13 November 2018","citedby-count":"0","affiliation": [{"@_fa": "true", "affilname":"International Islamic University Malaysia","affiliation-city":"Kuala Lumpur","affiliation-country":"Malaysia"}],"prism:aggregationType":"Book","subtype":"ch","subtypeDescription":"Chapter","source-id":"21100897271","openaccess":"0","openaccessFlag":false},{"@_fa": "true", "link": [{"@_fa": "true", "@ref": "self", "@href": "https://api.elsevier.com/content/abstract/scopus_id/85061160798"},{"@_fa": "true", "@ref": "author-affiliation", "@href": "https://api.elsevier.com/content/abstract/scopus_id/85061160798?field=author,affiliation"},{"@_fa": "true", "@ref": "scopus", "@href": "https://www.scopus.com/inward/record.uri?partnerID=HzOxMe3b&scp=85061160798&origin=inward"},{"@_fa": "true", "@ref": "scopus-citedby", "@href": "https://www.scopus.com/inward/citedby.uri?partnerID=HzOxMe3b&scp=85061160798&origin=inward"}],"prism:url":"https://api.elsevier.com/content/abstract/scopus_id/85061160798","dc:identifier":"SCOPUS_ID:85061160798","eid":"2-s2.0-85061160798","dc:title":"Bangladesh: Economic, political and social issues","dc:creator":"Alam K.","prism:publicationName":"Bangladesh: Economic, Political and Social Issues","prism:isbn": [{"@_fa": "true", "$" :"9781536142112"},{"@_fa": "true", "$" :"9781536142105"}],"prism:pageRange":"1-322","prism:coverDate":"2018-11-13","prism:coverDisplayDate":"13 November 2018","citedby-count":"0","affiliation": [{"@_fa": "true", "affilname":"Bangladesh Institute of Social Research (BISR) Trust","affiliation-city":"Dhaka","affiliation-country":"Bangladesh"}],"prism:aggregationType":"Book","subtype":"bk","subtypeDescription":"Book","source-id":"21100897271","openaccess":"0","openaccessFlag":false},{"@_fa": "true", "link": [{"@_fa": "true", "@ref": "self", "@href": "https://api.elsevier.com/content/abstract/scopus_id/85058364565"},{"@_fa": "true", "@ref": "author-affiliation", "@href": "https://api.elsevier.com/content/abstract/scopus_id/85058364565?field=author,affiliation"},{"@_fa": "true", "@ref": "scopus", "@href": "https://www.scopus.com/inward/record.uri?partnerID=HzOxMe3b&scp=85058364565&origin=inward"},{"@_fa": "true", "@ref": "scopus-citedby", "@href": "https://www.scopus.com/inward/citedby.uri?partnerID=HzOxMe3b&scp=85058364565&origin=inward"}],"prism:url":"https://api.elsevier.com/content/abstract/scopus_id/85058364565","dc:identifier":"SCOPUS_ID:85058364565","eid":"2-s2.0-85058364565","dc:title":"Was it a Malay tsunami? Deconstructing the Malay vote in Malaysia’s 2018 election","dc:creator":"Rahman S.","prism:publicationName":"Round Table","prism:issn":"00358533","prism:eIssn":"1474029X","prism:volume":"107","prism:issueIdentifier":"6","prism:pageRange":"669-682","prism:coverDate":"2018-11-02","prism:coverDisplayDate":"2 November 2018","prism:doi":"10.1080/00358533.2018.1545941","citedby-count":"0","affiliation": [{"@_fa": "true", "affilname":"Institute of Southeast Asian Studies, Singapore","affiliation-city":"Singapore City","affiliation-country":"Singapore"}],"prism:aggregationType":"Journal","subtype":"ar","subtypeDescription":"Article","source-id":"27979","openaccess":"0","openaccessFlag":false},{"@_fa": "true", "link": [{"@_fa": "true", "@ref": "self", "@href": "https://api.elsevier.com/content/abstract/scopus_id/85057578243"},{"@_fa": "true", "@ref": "author-affiliation", "@href": "https://api.elsevier.com/content/abstract/scopus_id/85057578243?field=author,affiliation"},{"@_fa": "true", "@ref": "scopus", "@href": "https://www.scopus.com/inward/record.uri?partnerID=HzOxMe3b&scp=85057578243&origin=inward"},{"@_fa": "true", "@ref": "scopus-citedby", "@href": "https://www.scopus.com/inward/citedby.uri?partnerID=HzOxMe3b&scp=85057578243&origin=inward"}],"prism:url":"https://api.elsevier.com/content/abstract/scopus_id/85057578243","dc:identifier":"SCOPUS_ID:85057578243","eid":"2-s2.0-85057578243","dc:title":"Has patronage lost its punch in Malaysia?","dc:creator":"Dettman S.","prism:publicationName":"Round Table","prism:issn":"00358533","prism:eIssn":"1474029X","prism:volume":"107","prism:issueIdentifier":"6","prism:pageRange":"739-754","prism:coverDate":"2018-11-02","prism:coverDisplayDate":"2 November 2018","prism:doi":"10.1080/00358533.2018.1545936","citedby-count":"0","affiliation": [{"@_fa": "true", "affilname":"Stanford University","affiliation-city":"Palo Alto","affiliation-country":"United States"}],"prism:aggregationType":"Journal","subtype":"ar","subtypeDescription":"Article","source-id":"27979","openaccess":"0","openaccessFlag":false},{"@_fa": "true", "link": [{"@_fa": "true", "@ref": "self", "@href": "https://api.elsevier.com/content/abstract/scopus_id/85057168072"},{"@_fa": "true", "@ref": "author-affiliation", "@href": "https://api.elsevier.com/content/abstract/scopus_id/85057168072?field=author,affiliation"},{"@_fa": "true", "@ref": "scopus", "@href": "https://www.scopus.com/inward/record.uri?partnerID=HzOxMe3b&scp=85057168072&origin=inward"},{"@_fa": "true", "@ref": "scopus-citedby", "@href": "https://www.scopus.com/inward/citedby.uri?partnerID=HzOxMe3b&scp=85057168072&origin=inward"}],"prism:url":"https://api.elsevier.com/content/abstract/scopus_id/85057168072","dc:identifier":"SCOPUS_ID:85057168072","eid":"2-s2.0-85057168072","dc:title":"The local translation of global norms: the Sierra Leonean diamond market","dc:creator":"Engwicht N.","prism:publicationName":"Conflict, Security and Development","prism:issn":"14678802","prism:eIssn":"14781174","prism:volume":"18","prism:issueIdentifier":"6","prism:pageRange":"463-492","prism:coverDate":"2018-11-02","prism:coverDisplayDate":"2 November 2018","prism:doi":"10.1080/14678802.2018.1532639","citedby-count":"2","affiliation": [{"@_fa": "true", "affilname":"Universität Koblenz-Landau","affiliation-city":"Koblenz am Rhein","affiliation-country":"Germany"}],"prism:aggregationType":"Journal","subtype":"ar","subtypeDescription":"Article","source-id":"5800169165","openaccess":"1","openaccessFlag":true},{"@_fa": "true", "link": [{"@_fa": "true", "@ref": "self", "@href": "https://api.elsevier.com/content/abstract/scopus_id/85056613321"},{"@_fa": "true", "@ref": "author-affiliation", "@href": "https://api.elsevier.com/content/abstract/scopus_id/85056613321?field=author,affiliation"},{"@_fa": "true", "@ref": "scopus", "@href": "https://www.scopus.com/inward/record.uri?partnerID=HzOxMe3b&scp=85056613321&origin=inward"},{"@_fa": "true", "@ref": "scopus-citedby", "@href": "https://www.scopus.com/inward/citedby.uri?partnerID=HzOxMe3b&scp=85056613321&origin=inward"}],"prism:url":"https://api.elsevier.com/content/abstract/scopus_id/85056613321","dc:identifier":"SCOPUS_ID:85056613321","eid":"2-s2.0-85056613321","dc:title":"Patronal politics, judicial networks and collective judicial autonomy in post-Soviet Ukraine","dc:creator":"Trochev A.","prism:publicationName":"International Political Science Review","prism:issn":"01925121","prism:eIssn":"1460373X","prism:volume":"39","prism:issueIdentifier":"5","prism:pageRange":"662-678","prism:coverDate":"2018-11-01","prism:coverDisplayDate":"1 November 2018","prism:doi":"10.1177/0192512118802943","citedby-count":"1","affiliation": [{"@_fa": "true", "affilname":"Nazarbayev University","affiliation-city":"Astana","affiliation-country":"Kazakhstan"}],"prism:aggregationType":"Journal","subtype":"ar","subtypeDescription":"Article","source-id":"25833","openaccess":"0","openaccessFlag":false},{"@_fa": "true", "link": [{"@_fa": "true", "@ref": "self", "@href": "https://api.elsevier.com/content/abstract/scopus_id/85055195137"},{"@_fa": "true", "@ref": "author-affiliation", "@href": "https://api.elsevier.com/content/abstract/scopus_id/85055195137?field=author,affiliation"},{"@_fa": "true", "@ref": "scopus", "@href": "https://www.scopus.com/inward/record.uri?partnerID=HzOxMe3b&scp=85055195137&origin=inward"},{"@_fa": "true", "@ref": "scopus-citedby", "@href": "https://www.scopus.com/inward/citedby.uri?partnerID=HzOxMe3b&scp=85055195137&origin=inward"}],"prism:url":"https://api.elsevier.com/content/abstract/scopus_id/85055195137","dc:identifier":"SCOPUS_ID:85055195137","eid":"2-s2.0-85055195137","dc:title":"Neoliberal Workfare and the Battle for Grassroots Control in Argentina","dc:creator":"Araujo S.","prism:publicationName":"Latin American Perspectives","prism:issn":"0094582X","prism:eIssn":"1552678X","prism:volume":"45","prism:issueIdentifier":"6","prism:pageRange":"81-96","prism:coverDate":"2018-11-01","prism:coverDisplayDate":"1 November 2018","prism:doi":"10.1177/0094582X17736314","citedby-count":"0","affiliation": [{"@_fa": "true", "affilname":"University of California, Santa Cruz","affiliation-city":"Santa Cruz","affiliation-country":"United States"}],"prism:aggregationType":"Journal","subtype":"ar","subtypeDescription":"Article","source-id":"27731","openaccess":"0","openaccessFlag":false},{"@_fa": "true", "link": [{"@_fa": "true", "@ref": "self", "@href": "https://api.elsevier.com/content/abstract/scopus_id/85056626213"},{"@_fa": "true", "@ref": "author-affiliation", "@href": "https://api.elsevier.com/content/abstract/scopus_id/85056626213?field=author,affiliation"},{"@_fa": "true", "@ref": "scopus", "@href": "https://www.scopus.com/inward/record.uri?partnerID=HzOxMe3b&scp=85056626213&origin=inward"},{"@_fa": "true", "@ref": "scopus-citedby", "@href": "https://www.scopus.com/inward/citedby.uri?partnerID=HzOxMe3b&scp=85056626213&origin=inward"}],"prism:url":"https://api.elsevier.com/content/abstract/scopus_id/85056626213","dc:identifier":"SCOPUS_ID:85056626213","eid":"2-s2.0-85056626213","dc:title":"Courts and informal networks: Towards a relational perspective on judicial politics outside Western democracies","dc:creator":"Dressel B.","prism:publicationName":"International Political Science Review","prism:issn":"01925121","prism:eIssn":"1460373X","prism:volume":"39","prism:issueIdentifier":"5","prism:pageRange":"573-584","prism:coverDate":"2018-11-01","prism:coverDisplayDate":"1 November 2018","prism:doi":"10.1177/0192512118807065","citedby-count":"2","affiliation": [{"@_fa": "true", "affilname":"Australian National University","affiliation-city":"Canberra","affiliation-country":"Australia"}],"prism:aggregationType":"Journal","subtype":"ed","subtypeDescription":"Editorial","source-id":"25833","openaccess":"1","openaccessFlag":true},{"@_fa": "true", "link": [{"@_fa": "true", "@ref": "self", "@href": "https://api.elsevier.com/content/abstract/scopus_id/85056888083"},{"@_fa": "true", "@ref": "author-affiliation", "@href": "https://api.elsevier.com/content/abstract/scopus_id/85056888083?field=author,affiliation"},{"@_fa": "true", "@ref": "scopus", "@href": "https://www.scopus.com/inward/record.uri?partnerID=HzOxMe3b&scp=85056888083&origin=inward"},{"@_fa": "true", "@ref": "scopus-citedby", "@href": "https://www.scopus.com/inward/citedby.uri?partnerID=HzOxMe3b&scp=85056888083&origin=inward"}],"prism:url":"https://api.elsevier.com/content/abstract/scopus_id/85056888083","dc:identifier":"SCOPUS_ID:85056888083","eid":"2-s2.0-85056888083","dc:title":"West African strangers and the politics of inhumanity in Angola","dc:creator":"Gaibazzi P.","prism:publicationName":"American Ethnologist","prism:issn":"00940496","prism:eIssn":"15481425","prism:volume":"45","prism:issueIdentifier":"4","prism:pageRange":"470-481","prism:coverDate":"2018-11-01","prism:coverDisplayDate":"November 2018","prism:doi":"10.1111/amet.12702","citedby-count":"1","affiliation": [{"@_fa": "true", "affilname":"ZMO","affiliation-city":"Berlin","affiliation-country":"Germany"}],"prism:aggregationType":"Journal","subtype":"ar","subtypeDescription":"Article","source-id":"78019","openaccess":"0","openaccessFlag":false},{"@_fa": "true", "link": [{"@_fa": "true", "@ref": "self", "@href": "https://api.elsevier.com/content/abstract/scopus_id/85049844966"},{"@_fa": "true", "@ref": "author-affiliation", "@href": "https://api.elsevier.com/content/abstract/scopus_id/85049844966?field=author,affiliation"},{"@_fa": "true", "@ref": "scopus", "@href": "https://www.scopus.com/inward/record.uri?partnerID=HzOxMe3b&scp=85049844966&origin=inward"},{"@_fa": "true", "@ref": "scopus-citedby", "@href": "https://www.scopus.com/inward/citedby.uri?partnerID=HzOxMe3b&scp=85049844966&origin=inward"}],"prism:url":"https://api.elsevier.com/content/abstract/scopus_id/85049844966","dc:identifier":"SCOPUS_ID:85049844966","eid":"2-s2.0-85049844966","dc:title":"How Clients Select Brokers: Competition and Choice in India's Slums","dc:creator":"Auerbach A.","prism:publicationName":"American Political Science Review","prism:issn":"00030554","prism:eIssn":"15375943","prism:volume":"112","prism:issueIdentifier":"4","prism:pageRange":"954-970","prism:coverDate":"2018-11-01","prism:coverDisplayDate":"1 November 2018","prism:doi":"10.1017/S000305541800028X","pii":"S000305541800028X","citedby-count":"2","affiliation": [{"@_fa": "true", "affilname":"American University","affiliation-city":"Washington","affiliation-country":"United States"}],"prism:aggregationType":"Journal","subtype":"ar","subtypeDescription":"Article","source-id":"15557","openaccess":"0","openaccessFlag":false},{"@_fa": "true", "link": [{"@_fa": "true", "@ref": "self", "@href": "https://api.elsevier.com/content/abstract/scopus_id/85042941083"},{"@_fa": "true", "@ref": "author-affiliation", "@href": "https://api.elsevier.com/content/abstract/scopus_id/85042941083?field=author,affiliation"},{"@_fa": "true", "@ref": "scopus", "@href": "https://www.scopus.com/inward/record.uri?partnerID=HzOxMe3b&scp=85042941083&origin=inward"},{"@_fa": "true", "@ref": "scopus-citedby", "@href": "https://www.scopus.com/inward/citedby.uri?partnerID=HzOxMe3b&scp=85042941083&origin=inward"}],"prism:url":"https://api.elsevier.com/content/abstract/scopus_id/85042941083","dc:identifier":"SCOPUS_ID:85042941083","eid":"2-s2.0-85042941083","dc:title":"Brokers as Assemblers: Studying Development Through the Lens of Brokerage","dc:creator":"Koster M.","prism:publicationName":"Ethnos","prism:issn":"00141844","prism:eIssn":"1469588X","prism:volume":"83","prism:issueIdentifier":"5","prism:pageRange":"803-813","prism:coverDate":"2018-10-20","prism:coverDisplayDate":"20 October 2018","prism:doi":"10.1080/00141844.2017.1362451","citedby-count":"2","affiliation": [{"@_fa": "true", "affilname":"Radboud University Nijmegen","affiliation-city":"Nijmegen","affiliation-country":"Netherlands"}],"prism:aggregationType":"Journal","subtype":"ar","subtypeDescription":"Article","source-id":"16601","openaccess":"1","openaccessFlag":true},{"@_fa": "true", "link": [{"@_fa": "true", "@ref": "self", "@href": "https://api.elsevier.com/content/abstract/scopus_id/85044444991"},{"@_fa": "true", "@ref": "author-affiliation", "@href": "https://api.elsevier.com/content/abstract/scopus_id/85044444991?field=author,affiliation"},{"@_fa": "true", "@ref": "scopus", "@href": "https://www.scopus.com/inward/record.uri?partnerID=HzOxMe3b&scp=85044444991&origin=inward"},{"@_fa": "true", "@ref": "scopus-citedby", "@href": "https://www.scopus.com/inward/citedby.uri?partnerID=HzOxMe3b&scp=85044444991&origin=inward"}],"prism:url":"https://api.elsevier.com/content/abstract/scopus_id/85044444991","dc:identifier":"SCOPUS_ID:85044444991","eid":"2-s2.0-85044444991","dc:title":"Self-expression values, loyalty generation, and support for authoritarianism: evidence from the Arab world","dc:creator":"Ciftci S.","prism:publicationName":"Democratization","prism:issn":"13510347","prism:eIssn":"1743890X","prism:volume":"25","prism:issueIdentifier":"7","prism:pageRange":"1132-1152","prism:coverDate":"2018-10-03","prism:coverDisplayDate":"3 October 2018","prism:doi":"10.1080/13510347.2018.1450388","citedby-count":"0","affiliation": [{"@_fa": "true", "affilname":"Kansas State University","affiliation-city":"Manhattan","affiliation-country":"United States"}],"prism:aggregationType":"Journal","subtype":"ar","subtypeDescription":"Article","source-id":"24034","openaccess":"0","openaccessFlag":false},{"@_fa": "true", "link": [{"@_fa": "true", "@ref": "self", "@href": "https://api.elsevier.com/content/abstract/scopus_id/85046398536"},{"@_fa": "true", "@ref": "author-affiliation", "@href": "https://api.elsevier.com/content/abstract/scopus_id/85046398536?field=author,affiliation"},{"@_fa": "true", "@ref": "scopus", "@href": "https://www.scopus.com/inward/record.uri?partnerID=HzOxMe3b&scp=85046398536&origin=inward"},{"@_fa": "true", "@ref": "scopus-citedby", "@href": "https://www.scopus.com/inward/citedby.uri?partnerID=HzOxMe3b&scp=85046398536&origin=inward"}],"prism:url":"https://api.elsevier.com/content/abstract/scopus_id/85046398536","dc:identifier":"SCOPUS_ID:85046398536","eid":"2-s2.0-85046398536","dc:title":"Decentralisation, clientelism and social protection programmes: a study of India’s MGNREGA","dc:creator":"Maiorano D.","prism:publicationName":"Oxford Development Studies","prism:issn":"13600818","prism:eIssn":"14699966","prism:volume":"46","prism:issueIdentifier":"4","prism:pageRange":"536-549","prism:coverDate":"2018-10-02","prism:coverDisplayDate":"2 October 2018","prism:doi":"10.1080/13600818.2018.1467391","citedby-count":"2","affiliation": [{"@_fa": "true", "affilname":"University of Nottingham","affiliation-city":"Nottingham","affiliation-country":"United Kingdom"}],"prism:aggregationType":"Journal","subtype":"ar","subtypeDescription":"Article","source-id":"15349","openaccess":"0","openaccessFlag":false},{"@_fa": "true", "link": [{"@_fa": "true", "@ref": "self", "@href": "https://api.elsevier.com/content/abstract/scopus_id/85053889084"},{"@_fa": "true", "@ref": "author-affiliation", "@href": "https://api.elsevier.com/content/abstract/scopus_id/85053889084?field=author,affiliation"},{"@_fa": "true", "@ref": "scopus", "@href": "https://www.scopus.com/inward/record.uri?partnerID=HzOxMe3b&scp=85053889084&origin=inward"},{"@_fa": "true", "@ref": "scopus-citedby", "@href": "https://www.scopus.com/inward/citedby.uri?partnerID=HzOxMe3b&scp=85053889084&origin=inward"}],"prism:url":"https://api.elsevier.com/content/abstract/scopus_id/85053889084","dc:identifier":"SCOPUS_ID:85053889084","eid":"2-s2.0-85053889084","dc:title":"Paramilitary politics and corruption talk in Colombia","dc:creator":"Tate W.","prism:publicationName":"Culture, Theory and Critique","prism:issn":"14735784","prism:eIssn":"14735776","prism:volume":"59","prism:issueIdentifier":"4","prism:pageRange":"419-441","prism:coverDate":"2018-10-02","prism:coverDisplayDate":"2 October 2018","prism:doi":"10.1080/14735784.2018.1522596","citedby-count":"0","affiliation": [{"@_fa": "true", "affilname":"Colby College","affiliation-city":"Waterville","affiliation-country":"United States"}],"prism:aggregationType":"Journal","subtype":"ar","subtypeDescription":"Article","source-id":"19900192456","openaccess":"0","openaccessFlag":false},{"@_fa": "true", "link": [{"@_fa": "true", "@ref": "self", "@href": "https://api.elsevier.com/content/abstract/scopus_id/85053916029"},{"@_fa": "true", "@ref": "author-affiliation", "@href": "https://api.elsevier.com/content/abstract/scopus_id/85053916029?field=author,affiliation"},{"@_fa": "true", "@ref": "scopus", "@href": "https://www.scopus.com/inward/record.uri?partnerID=HzOxMe3b&scp=85053916029&origin=inward"},{"@_fa": "true", "@ref": "scopus-citedby", "@href": "https://www.scopus.com/inward/citedby.uri?partnerID=HzOxMe3b&scp=85053916029&origin=inward"}],"prism:url":"https://api.elsevier.com/content/abstract/scopus_id/85053916029","dc:identifier":"SCOPUS_ID:85053916029","eid":"2-s2.0-85053916029","dc:title":"‘What did the winning candidate have that I don’t have?’: gender, politics and elections in Solomon Islands","dc:creator":"Baker K.","prism:publicationName":"Commonwealth and Comparative Politics","prism:issn":"14662043","prism:eIssn":"17439094","prism:volume":"56","prism:issueIdentifier":"4","prism:pageRange":"427-445","prism:coverDate":"2018-10-02","prism:coverDisplayDate":"2 October 2018","prism:doi":"10.1080/14662043.2018.1517953","citedby-count":"0","affiliation": [{"@_fa": "true", "affilname":"Australian National University","affiliation-city":"Canberra","affiliation-country":"Australia"}],"prism:aggregationType":"Journal","subtype":"ar","subtypeDescription":"Article","source-id":"23925","openaccess":"0","openaccessFlag":false},{"@_fa": "true", "link": [{"@_fa": "true", "@ref": "self", "@href": "https://api.elsevier.com/content/abstract/scopus_id/85044300152"},{"@_fa": "true", "@ref": "author-affiliation", "@href": "https://api.elsevier.com/content/abstract/scopus_id/85044300152?field=author,affiliation"},{"@_fa": "true", "@ref": "scopus", "@href": "https://www.scopus.com/inward/record.uri?partnerID=HzOxMe3b&scp=85044300152&origin=inward"},{"@_fa": "true", "@ref": "scopus-citedby", "@href": "https://www.scopus.com/inward/citedby.uri?partnerID=HzOxMe3b&scp=85044300152&origin=inward"}],"prism:url":"https://api.elsevier.com/content/abstract/scopus_id/85044300152","dc:identifier":"SCOPUS_ID:85044300152","eid":"2-s2.0-85044300152","dc:title":"The Political Economy of Clientelism: A Comparative Study of Indonesia’s Patronage Democracy","dc:creator":"Berenschot W.","prism:publicationName":"Comparative Political Studies","prism:issn":"00104140","prism:eIssn":"15523829","prism:volume":"51","prism:issueIdentifier":"12","prism:pageRange":"1563-1593","prism:coverDate":"2018-10-01","prism:coverDisplayDate":"1 October 2018","prism:doi":"10.1177/0010414018758756","citedby-count":"2","affiliation": [{"@_fa": "true", "affilname":"Royal Netherlands Institute of Southeast Asian and Caribbean Studies","affiliation-city":"Leiden","affiliation-country":"Netherlands"}],"prism:aggregationType":"Journal","subtype":"ar","subtypeDescription":"Article","source-id":"13447","openaccess":"0","openaccessFlag":false}]}}