{"search-results":{"opensearch:totalResults":"2250","opensearch:startIndex":"0","opensearch:itemsPerPage":"25","opensearch:Query":{"@role": "request", "@searchTerms": "TITLE-ABS-KEY(\"norm\") AND SUBJAREA(SOCI) AND PUBYEAR = 2019", "@startPage": "0"},"link": [{"@_fa": "true", "@ref": "self", "@href": "https://api.elsevier.com/content/search/scopus?start=0&count=25&query=TITLE-ABS-KEY%28%22norm%22%29+AND+SUBJAREA%28SOCI%29+AND+PUBYEAR+%3D+2019&apiKey=27d953b4b546791964ebeb768d13e61f&view=STANDARD", "@type": "application/json"},{"@_fa": "true", "@ref": "first", "@href": "https://api.elsevier.com/content/search/scopus?start=0&count=25&query=TITLE-ABS-KEY%28%22norm%22%29+AND+SUBJAREA%28SOCI%29+AND+PUBYEAR+%3D+2019&apiKey=27d953b4b546791964ebeb768d13e61f&view=STANDARD", "@type": "application/json"},{"@_fa": "true", "@ref": "next", "@href": "https://api.elsevier.com/content/search/scopus?start=25&count=25&query=TITLE-ABS-KEY%28%22norm%22%29+AND+SUBJAREA%28SOCI%29+AND+PUBYEAR+%3D+2019&apiKey=27d953b4b546791964ebeb768d13e61f&view=STANDARD", "@type": "application/json"},{"@_fa": "true", "@ref": "last", "@href": "https://api.elsevier.com/content/search/scopus?start=2225&count=25&query=TITLE-ABS-KEY%28%22norm%22%29+AND+SUBJAREA%28SOCI%29+AND+PUBYEAR+%3D+2019&apiKey=27d953b4b546791964ebeb768d13e61f&view=STANDARD", "@type": "application/json"}],"entry": [{"@_fa": "true", "link": [{"@_fa": "true", "@ref": "self", "@href": "https://api.elsevier.com/content/abstract/scopus_id/85060277827"},{"@_fa": "true", "@ref": "author-affiliation", "@href": "https://api.elsevier.com/content/abstract/scopus_id/85060277827?field=author,affiliation"},{"@_fa": "true", "@ref": "scopus", "@href": "https://www.scopus.com/inward/record.uri?partnerID=HzOxMe3b&scp=85060277827&origin=inward"},{"@_fa": "true", "@ref": "scopus-citedby", "@href": "https://www.scopus.com/inward/citedby.uri?partnerID=HzOxMe3b&scp=85060277827&origin=inward"}],"prism:url":"https://api.elsevier.com/content/abstract/scopus_id/85060277827","dc:identifier":"SCOPUS_ID:85060277827","eid":"2-s2.0-85060277827","dc:title":"Childbearing intentions in a low fertility context: the case of Romania","dc:creator":"Ciritel A.","prism:publicationName":"Genus","prism:issn":"00166987","prism:eIssn":"20355556","prism:volume":"75","prism:issueIdentifier":"1","prism:pageRange":null,"prism:coverDate":"2019-12-01","prism:coverDisplayDate":"1 December 2019","prism:doi":"10.1186/s41118-018-0046-6","citedby-count":"0","affiliation": [{"@_fa": "true", "affilname":"University of Southampton","affiliation-city":"Southampton","affiliation-country":"United Kingdom"}],"prism:aggregationType":"Journal","subtype":"ar","subtypeDescription":"Article","article-number":"4","source-id":"26824","openaccess":"1","openaccessFlag":true},{"@_fa": "true", "link": [{"@_fa": "true", "@ref": "self", "@href": "https://api.elsevier.com/content/abstract/scopus_id/85064950832"},{"@_fa": "true", "@ref": "author-affiliation", "@href": "https://api.elsevier.com/content/abstract/scopus_id/85064950832?field=author,affiliation"},{"@_fa": "true", "@ref": "scopus", "@href": "https://www.scopus.com/inward/record.uri?partnerID=HzOxMe3b&scp=85064950832&origin=inward"},{"@_fa": "true", "@ref": "scopus-citedby", "@href": "https://www.scopus.com/inward/citedby.uri?partnerID=HzOxMe3b&scp=85064950832&origin=inward"}],"prism:url":"https://api.elsevier.com/content/abstract/scopus_id/85064950832","dc:identifier":"SCOPUS_ID:85064950832","eid":"2-s2.0-85064950832","dc:title":"Beyond social chit chat? Analysing the social practice of a mobile messaging service on a higher education teacher development course","dc:creator":"Tyrer C.","prism:publicationName":"International Journal of Educational Technology in Higher Education","prism:eIssn":"23659440","prism:volume":"16","prism:issueIdentifier":"1","prism:pageRange":null,"prism:coverDate":"2019-12-01","prism:coverDisplayDate":"1 December 2019","prism:doi":"10.1186/s41239-019-0143-4","citedby-count":"0","affiliation": [{"@_fa": "true", "affilname":"Lancaster University","affiliation-city":"Lancaster","affiliation-country":"United Kingdom"}],"prism:aggregationType":"Journal","subtype":"ar","subtypeDescription":"Article","article-number":"13","source-id":"21100466714","openaccess":"1","openaccessFlag":true},{"@_fa": "true", "link": [{"@_fa": "true", "@ref": "self", "@href": "https://api.elsevier.com/content/abstract/scopus_id/85059523306"},{"@_fa": "true", "@ref": "author-affiliation", "@href": "https://api.elsevier.com/content/abstract/scopus_id/85059523306?field=author,affiliation"},{"@_fa": "true", "@ref": "scopus", "@href": "https://www.scopus.com/inward/record.uri?partnerID=HzOxMe3b&scp=85059523306&origin=inward"},{"@_fa": "true", "@ref": "scopus-citedby", "@href": "https://www.scopus.com/inward/citedby.uri?partnerID=HzOxMe3b&scp=85059523306&origin=inward"},{"@_fa": "true", "@ref": "full-text", "@href": "https://api.elsevier.com/content/article/eid/1-s2.0-S0261517719301141"}],"prism:url":"https://api.elsevier.com/content/abstract/scopus_id/85059523306","dc:identifier":"SCOPUS_ID:85059523306","eid":"2-s2.0-85059523306","dc:title":"The mountains are calling! An extended TPB model for understanding metropolitan residents' intentions to visit nearby alpine destinations in summer","dc:creator":"Juschten M.","prism:publicationName":"Tourism Management","prism:issn":"02615177","prism:volume":"75","prism:pageRange":"293-306","prism:coverDate":"2019-12-01","prism:coverDisplayDate":"December 2019","prism:doi":"10.1016/j.tourman.2019.05.014","pii":"S0261517719301141","citedby-count":"1","affiliation": [{"@_fa": "true", "affilname":"Universitat fur Bodenkultur Wien","affiliation-city":"Vienna","affiliation-country":"Austria"}],"prism:aggregationType":"Journal","subtype":"ar","subtypeDescription":"Article","source-id":"16547","openaccess":"0","openaccessFlag":false},{"@_fa": "true", "link": [{"@_fa": "true", "@ref": "self", "@href": "https://api.elsevier.com/content/abstract/scopus_id/85066157866"},{"@_fa": "true", "@ref": "author-affiliation", "@href": "https://api.elsevier.com/content/abstract/scopus_id/85066157866?field=author,affiliation"},{"@_fa": "true", "@ref": "scopus", "@href": "https://www.scopus.com/inward/record.uri?partnerID=HzOxMe3b&scp=85066157866&origin=inward"},{"@_fa": "true", "@ref": "scopus-citedby", "@href": "https://www.scopus.com/inward/citedby.uri?partnerID=HzOxMe3b&scp=85066157866&origin=inward"}],"prism:url":"https://api.elsevier.com/content/abstract/scopus_id/85066157866","dc:identifier":"SCOPUS_ID:85066157866","eid":"2-s2.0-85066157866","dc:title":"Hybrid leadership councils: envisioning inclusive and resilient governance","dc:creator":"Ba A.","prism:publicationName":"European Journal of Futures Research","prism:issn":"21954194","prism:eIssn":"21952248","prism:volume":"7","prism:issueIdentifier":"1","prism:pageRange":null,"prism:coverDate":"2019-12-01","prism:coverDisplayDate":"1 December 2019","prism:doi":"10.1186/s40309-019-0155-2","citedby-count":"0","affiliation": [{"@_fa": "true", "affilname":"University of Delaware","affiliation-city":"Newark","affiliation-country":"United States"}],"prism:aggregationType":"Journal","subtype":"no","subtypeDescription":"Note","article-number":"3","source-id":"21100850750","openaccess":"1","openaccessFlag":true},{"@_fa": "true", "link": [{"@_fa": "true", "@ref": "self", "@href": "https://api.elsevier.com/content/abstract/scopus_id/85060855075"},{"@_fa": "true", "@ref": "author-affiliation", "@href": "https://api.elsevier.com/content/abstract/scopus_id/85060855075?field=author,affiliation"},{"@_fa": "true", "@ref": "scopus", "@href": "https://www.scopus.com/inward/record.uri?partnerID=HzOxMe3b&scp=85060855075&origin=inward"},{"@_fa": "true", "@ref": "scopus-citedby", "@href": "https://www.scopus.com/inward/citedby.uri?partnerID=HzOxMe3b&scp=85060855075&origin=inward"}],"prism:url":"https://api.elsevier.com/content/abstract/scopus_id/85060855075","dc:identifier":"SCOPUS_ID:85060855075","eid":"2-s2.0-85060855075","dc:title":"Facilitating the use of video with teachers of mathematics: learning from staying with the detail","dc:creator":"Coles A.","prism:publicationName":"International Journal of STEM Education","prism:eIssn":"21967822","prism:volume":"6","prism:issueIdentifier":"1","prism:pageRange":null,"prism:coverDate":"2019-12-01","prism:coverDisplayDate":"1 December 2019","prism:doi":"10.1186/s40594-018-0155-y","citedby-count":"0","affiliation": [{"@_fa": "true", "affilname":"University of Bristol","affiliation-city":"Bristol","affiliation-country":"United Kingdom"}],"prism:aggregationType":"Journal","subtype":"ar","subtypeDescription":"Article","article-number":"5","source-id":"21100873488","openaccess":"1","openaccessFlag":true},{"@_fa": "true", "link": [{"@_fa": "true", "@ref": "self", "@href": "https://api.elsevier.com/content/abstract/scopus_id/85066259207"},{"@_fa": "true", "@ref": "author-affiliation", "@href": "https://api.elsevier.com/content/abstract/scopus_id/85066259207?field=author,affiliation"},{"@_fa": "true", "@ref": "scopus", "@href": "https://www.scopus.com/inward/record.uri?partnerID=HzOxMe3b&scp=85066259207&origin=inward"},{"@_fa": "true", "@ref": "scopus-citedby", "@href": "https://www.scopus.com/inward/citedby.uri?partnerID=HzOxMe3b&scp=85066259207&origin=inward"},{"@_fa": "true", "@ref": "full-text", "@href": "https://api.elsevier.com/content/article/eid/1-s2.0-S0305750X19301329"}],"prism:url":"https://api.elsevier.com/content/abstract/scopus_id/85066259207","dc:identifier":"SCOPUS_ID:85066259207","eid":"2-s2.0-85066259207","dc:title":"Competing gender norms and social practice in Himalayan farm management","dc:creator":"Holmelin N.","prism:publicationName":"World Development","prism:issn":"0305750X","prism:eIssn":"18735991","prism:volume":"122","prism:pageRange":"85-95","prism:coverDate":"2019-10-01","prism:coverDisplayDate":"October 2019","prism:doi":"10.1016/j.worlddev.2019.05.018","pii":"S0305750X19301329","citedby-count":"0","affiliation": [{"@_fa": "true", "affilname":"CICERO Center for International Climate Research","affiliation-city":"Oslo","affiliation-country":"Norway"}],"prism:aggregationType":"Journal","subtype":"ar","subtypeDescription":"Article","source-id":"30060","openaccess":"1","openaccessFlag":true},{"@_fa": "true", "link": [{"@_fa": "true", "@ref": "self", "@href": "https://api.elsevier.com/content/abstract/scopus_id/85053533431"},{"@_fa": "true", "@ref": "author-affiliation", "@href": "https://api.elsevier.com/content/abstract/scopus_id/85053533431?field=author,affiliation"},{"@_fa": "true", "@ref": "scopus", "@href": "https://www.scopus.com/inward/record.uri?partnerID=HzOxMe3b&scp=85053533431&origin=inward"},{"@_fa": "true", "@ref": "scopus-citedby", "@href": "https://www.scopus.com/inward/citedby.uri?partnerID=HzOxMe3b&scp=85053533431&origin=inward"}],"prism:url":"https://api.elsevier.com/content/abstract/scopus_id/85053533431","dc:identifier":"SCOPUS_ID:85053533431","eid":"2-s2.0-85053533431","dc:title":"Uncontestable favoritism","dc:creator":"Mitchell M.","prism:publicationName":"Public Choice","prism:issn":"00485829","prism:eIssn":"15737101","prism:volume":"181","prism:issueIdentifier":"1-2","prism:pageRange":"167-190","prism:coverDate":"2019-10-01","prism:coverDisplayDate":"1 October 2019","prism:doi":"10.1007/s11127-018-0588-3","citedby-count":"1","affiliation": [{"@_fa": "true", "affilname":"George Mason University, Arlington Campus","affiliation-city":"Arlington","affiliation-country":"United States"}],"prism:aggregationType":"Journal","subtype":"ar","subtypeDescription":"Article","source-id":"23611","openaccess":"0","openaccessFlag":false},{"@_fa": "true", "link": [{"@_fa": "true", "@ref": "self", "@href": "https://api.elsevier.com/content/abstract/scopus_id/85064427470"},{"@_fa": "true", "@ref": "author-affiliation", "@href": "https://api.elsevier.com/content/abstract/scopus_id/85064427470?field=author,affiliation"},{"@_fa": "true", "@ref": "scopus", "@href": "https://www.scopus.com/inward/record.uri?partnerID=HzOxMe3b&scp=85064427470&origin=inward"},{"@_fa": "true", "@ref": "scopus-citedby", "@href": "https://www.scopus.com/inward/citedby.uri?partnerID=HzOxMe3b&scp=85064427470&origin=inward"},{"@_fa": "true", "@ref": "full-text", "@href": "https://api.elsevier.com/content/article/eid/1-s2.0-S2352801X18302662"}],"prism:url":"https://api.elsevier.com/content/abstract/scopus_id/85064427470","dc:identifier":"SCOPUS_ID:85064427470","eid":"2-s2.0-85064427470","dc:title":"An assessment of groundwater recharge estimation techniques for sustainable resource management","dc:creator":"Singh A.","prism:publicationName":"Groundwater for Sustainable Development","prism:eIssn":"2352801X","prism:volume":"9","prism:pageRange":null,"prism:coverDate":"2019-10-01","prism:coverDisplayDate":"October 2019","prism:doi":"10.1016/j.gsd.2019.100218","pii":"S2352801X18302662","citedby-count":"1","affiliation": [{"@_fa": "true", "affilname":"Indian Institute of Technology Kharagpur","affiliation-city":"Kharagpur","affiliation-country":"India"}],"prism:aggregationType":"Journal","subtype":"sh","subtypeDescription":"Short Survey","article-number":"100218","source-id":"21100463093","openaccess":"0","openaccessFlag":false},{"@_fa": "true", "link": [{"@_fa": "true", "@ref": "self", "@href": "https://api.elsevier.com/content/abstract/scopus_id/85066939398"},{"@_fa": "true", "@ref": "author-affiliation", "@href": "https://api.elsevier.com/content/abstract/scopus_id/85066939398?field=author,affiliation"},{"@_fa": "true", "@ref": "scopus", "@href": "https://www.scopus.com/inward/record.uri?partnerID=HzOxMe3b&scp=85066939398&origin=inward"},{"@_fa": "true", "@ref": "scopus-citedby", "@href": "https://www.scopus.com/inward/citedby.uri?partnerID=HzOxMe3b&scp=85066939398&origin=inward"},{"@_fa": "true", "@ref": "full-text", "@href": "https://api.elsevier.com/content/article/eid/1-s2.0-S2214629618311514"}],"prism:url":"https://api.elsevier.com/content/abstract/scopus_id/85066939398","dc:identifier":"SCOPUS_ID:85066939398","eid":"2-s2.0-85066939398","dc:title":"When it is not about the money: Social comparison and energy conservation among residents who do not pay for electricity","dc:creator":"Bator R.","prism:publicationName":"Energy Research and Social Science","prism:issn":"22146296","prism:volume":"56","prism:pageRange":null,"prism:coverDate":"2019-10-01","prism:coverDisplayDate":"October 2019","prism:doi":"10.1016/j.erss.2019.05.008","pii":"S2214629618311514","citedby-count":"0","affiliation": [{"@_fa": "true", "affilname":"State University of New York at Plattsburgh","affiliation-city":"Plattsburgh","affiliation-country":"United States"}],"prism:aggregationType":"Journal","subtype":"ar","subtypeDescription":"Article","article-number":"101198","source-id":"21100325067","openaccess":"0","openaccessFlag":false},{"@_fa": "true", "link": [{"@_fa": "true", "@ref": "self", "@href": "https://api.elsevier.com/content/abstract/scopus_id/85066824142"},{"@_fa": "true", "@ref": "author-affiliation", "@href": "https://api.elsevier.com/content/abstract/scopus_id/85066824142?field=author,affiliation"},{"@_fa": "true", "@ref": "scopus", "@href": "https://www.scopus.com/inward/record.uri?partnerID=HzOxMe3b&scp=85066824142&origin=inward"},{"@_fa": "true", "@ref": "scopus-citedby", "@href": "https://www.scopus.com/inward/citedby.uri?partnerID=HzOxMe3b&scp=85066824142&origin=inward"},{"@_fa": "true", "@ref": "full-text", "@href": "https://api.elsevier.com/content/article/eid/1-s2.0-S0925753518319702"}],"prism:url":"https://api.elsevier.com/content/abstract/scopus_id/85066824142","dc:identifier":"SCOPUS_ID:85066824142","eid":"2-s2.0-85066824142","dc:title":"Dog bite safety at work: An injury prevention perspective on reported occupational dog bites in the UK","dc:creator":"Owczarczak-Garstecka S.","prism:publicationName":"Safety Science","prism:issn":"09257535","prism:eIssn":"18791042","prism:volume":"118","prism:pageRange":"595-606","prism:coverDate":"2019-10-01","prism:coverDisplayDate":"October 2019","prism:doi":"10.1016/j.ssci.2019.05.034","pii":"S0925753518319702","citedby-count":"0","affiliation": [{"@_fa": "true", "affilname":"University of Liverpool","affiliation-city":"Liverpool","affiliation-country":"United Kingdom"}],"prism:aggregationType":"Journal","subtype":"ar","subtypeDescription":"Article","source-id":"12332","openaccess":"1","openaccessFlag":true},{"@_fa": "true", "link": [{"@_fa": "true", "@ref": "self", "@href": "https://api.elsevier.com/content/abstract/scopus_id/85053898144"},{"@_fa": "true", "@ref": "author-affiliation", "@href": "https://api.elsevier.com/content/abstract/scopus_id/85053898144?field=author,affiliation"},{"@_fa": "true", "@ref": "scopus", "@href": "https://www.scopus.com/inward/record.uri?partnerID=HzOxMe3b&scp=85053898144&origin=inward"},{"@_fa": "true", "@ref": "scopus-citedby", "@href": "https://www.scopus.com/inward/citedby.uri?partnerID=HzOxMe3b&scp=85053898144&origin=inward"}],"prism:url":"https://api.elsevier.com/content/abstract/scopus_id/85053898144","dc:identifier":"SCOPUS_ID:85053898144","eid":"2-s2.0-85053898144","dc:title":"At the Intersection of Community Expectancy and Critical Theory: Emerging Perspective to Support Student Needs","dc:creator":"Deggs D.","prism:publicationName":"Community College Journal of Research and Practice","prism:issn":"10668926","prism:eIssn":"15210413","prism:volume":"43","prism:issueIdentifier":"9","prism:pageRange":"653-656","prism:coverDate":"2019-09-02","prism:coverDisplayDate":"2 September 2019","prism:doi":"10.1080/10668926.2018.1524336","citedby-count":"0","affiliation": [{"@_fa": "true", "affilname":"Southern Methodist University","affiliation-city":"Dallas","affiliation-country":"United States"}],"prism:aggregationType":"Journal","subtype":"ar","subtypeDescription":"Article","source-id":"19700187631","openaccess":"0","openaccessFlag":false},{"@_fa": "true", "link": [{"@_fa": "true", "@ref": "self", "@href": "https://api.elsevier.com/content/abstract/scopus_id/85064070793"},{"@_fa": "true", "@ref": "author-affiliation", "@href": "https://api.elsevier.com/content/abstract/scopus_id/85064070793?field=author,affiliation"},{"@_fa": "true", "@ref": "scopus", "@href": "https://www.scopus.com/inward/record.uri?partnerID=HzOxMe3b&scp=85064070793&origin=inward"},{"@_fa": "true", "@ref": "scopus-citedby", "@href": "https://www.scopus.com/inward/citedby.uri?partnerID=HzOxMe3b&scp=85064070793&origin=inward"}],"prism:url":"https://api.elsevier.com/content/abstract/scopus_id/85064070793","dc:identifier":"SCOPUS_ID:85064070793","eid":"2-s2.0-85064070793","dc:title":"Tibetan Lake Expansion from a Pastoral Perspective: Local Observations and Coping Strategies for a Changing Environment","dc:creator":"Nyima Y.","prism:publicationName":"Society and Natural Resources","prism:issn":"08941920","prism:eIssn":"15210723","prism:volume":"32","prism:issueIdentifier":"9","prism:pageRange":"965-982","prism:coverDate":"2019-09-02","prism:coverDisplayDate":"2 September 2019","prism:doi":"10.1080/08941920.2019.1590667","citedby-count":"0","affiliation": [{"@_fa": "true", "affilname":"Independent Researcher","affiliation-city":"New York","affiliation-country":"United States"}],"prism:aggregationType":"Journal","subtype":"ar","subtypeDescription":"Article","source-id":"25822","openaccess":"0","openaccessFlag":false},{"@_fa": "true", "link": [{"@_fa": "true", "@ref": "self", "@href": "https://api.elsevier.com/content/abstract/scopus_id/85066307750"},{"@_fa": "true", "@ref": "author-affiliation", "@href": "https://api.elsevier.com/content/abstract/scopus_id/85066307750?field=author,affiliation"},{"@_fa": "true", "@ref": "scopus", "@href": "https://www.scopus.com/inward/record.uri?partnerID=HzOxMe3b&scp=85066307750&origin=inward"},{"@_fa": "true", "@ref": "scopus-citedby", "@href": "https://www.scopus.com/inward/citedby.uri?partnerID=HzOxMe3b&scp=85066307750&origin=inward"},{"@_fa": "true", "@ref": "full-text", "@href": "https://api.elsevier.com/content/article/eid/1-s2.0-S1462901118313959"}],"prism:url":"https://api.elsevier.com/content/abstract/scopus_id/85066307750","dc:identifier":"SCOPUS_ID:85066307750","eid":"2-s2.0-85066307750","dc:title":"Standing up for the Paris Agreement: Do global climate targets influence individuals’ greenhouse gas emissions?","dc:creator":"Bauer A.","prism:publicationName":"Environmental Science and Policy","prism:issn":"14629011","prism:eIssn":"18736416","prism:volume":"99","prism:pageRange":"72-79","prism:coverDate":"2019-09-01","prism:coverDisplayDate":"September 2019","prism:doi":"10.1016/j.envsci.2019.05.015","pii":"S1462901118313959","citedby-count":"0","affiliation": [{"@_fa": "true", "affilname":"Hochschule Weihenstephan-Triesdorf","affiliation-city":"Freising","affiliation-country":"Germany"}],"prism:aggregationType":"Journal","subtype":"ar","subtypeDescription":"Article","source-id":"21536","openaccess":"0","openaccessFlag":false},{"@_fa": "true", "link": [{"@_fa": "true", "@ref": "self", "@href": "https://api.elsevier.com/content/abstract/scopus_id/85065549251"},{"@_fa": "true", "@ref": "author-affiliation", "@href": "https://api.elsevier.com/content/abstract/scopus_id/85065549251?field=author,affiliation"},{"@_fa": "true", "@ref": "scopus", "@href": "https://www.scopus.com/inward/record.uri?partnerID=HzOxMe3b&scp=85065549251&origin=inward"},{"@_fa": "true", "@ref": "scopus-citedby", "@href": "https://www.scopus.com/inward/citedby.uri?partnerID=HzOxMe3b&scp=85065549251&origin=inward"},{"@_fa": "true", "@ref": "full-text", "@href": "https://api.elsevier.com/content/article/eid/1-s2.0-S2214629618312003"}],"prism:url":"https://api.elsevier.com/content/abstract/scopus_id/85065549251","dc:identifier":"SCOPUS_ID:85065549251","eid":"2-s2.0-85065549251","dc:title":"Can we hope for a collective shift in electric vehicle adoption? Testing salience and norm-based interventions in South Tyrol, Italy","dc:creator":"DellaValle N.","prism:publicationName":"Energy Research and Social Science","prism:issn":"22146296","prism:volume":"55","prism:pageRange":"46-61","prism:coverDate":"2019-09-01","prism:coverDisplayDate":"September 2019","prism:doi":"10.1016/j.erss.2019.05.005","pii":"S2214629618312003","citedby-count":"0","affiliation": [{"@_fa": "true", "affilname":"EURAC Research","affiliation-city":"Bolzano","affiliation-country":"Italy"}],"prism:aggregationType":"Journal","subtype":"ar","subtypeDescription":"Article","source-id":"21100325067","openaccess":"1","openaccessFlag":true},{"@_fa": "true", "link": [{"@_fa": "true", "@ref": "self", "@href": "https://api.elsevier.com/content/abstract/scopus_id/85066501150"},{"@_fa": "true", "@ref": "author-affiliation", "@href": "https://api.elsevier.com/content/abstract/scopus_id/85066501150?field=author,affiliation"},{"@_fa": "true", "@ref": "scopus", "@href": "https://www.scopus.com/inward/record.uri?partnerID=HzOxMe3b&scp=85066501150&origin=inward"},{"@_fa": "true", "@ref": "scopus-citedby", "@href": "https://www.scopus.com/inward/citedby.uri?partnerID=HzOxMe3b&scp=85066501150&origin=inward"},{"@_fa": "true", "@ref": "full-text", "@href": "https://api.elsevier.com/content/article/eid/1-s2.0-S2214629618311101"}],"prism:url":"https://api.elsevier.com/content/abstract/scopus_id/85066501150","dc:identifier":"SCOPUS_ID:85066501150","eid":"2-s2.0-85066501150","dc:title":"The social dimensions of smart meters in the United States: Demographics, privacy, and technology readiness","dc:creator":"Hmielowski J.","prism:publicationName":"Energy Research and Social Science","prism:issn":"22146296","prism:volume":"55","prism:pageRange":"189-197","prism:coverDate":"2019-09-01","prism:coverDisplayDate":"September 2019","prism:doi":"10.1016/j.erss.2019.05.003","pii":"S2214629618311101","citedby-count":"0","affiliation": [{"@_fa": "true", "affilname":"University of Florida","affiliation-city":"Gainesville","affiliation-country":"United States"}],"prism:aggregationType":"Journal","subtype":"ar","subtypeDescription":"Article","source-id":"21100325067","openaccess":"0","openaccessFlag":false},{"@_fa": "true", "link": [{"@_fa": "true", "@ref": "self", "@href": "https://api.elsevier.com/content/abstract/scopus_id/85066492757"},{"@_fa": "true", "@ref": "author-affiliation", "@href": "https://api.elsevier.com/content/abstract/scopus_id/85066492757?field=author,affiliation"},{"@_fa": "true", "@ref": "scopus", "@href": "https://www.scopus.com/inward/record.uri?partnerID=HzOxMe3b&scp=85066492757&origin=inward"},{"@_fa": "true", "@ref": "scopus-citedby", "@href": "https://www.scopus.com/inward/citedby.uri?partnerID=HzOxMe3b&scp=85066492757&origin=inward"},{"@_fa": "true", "@ref": "full-text", "@href": "https://api.elsevier.com/content/article/eid/1-s2.0-S2214140518303104"}],"prism:url":"https://api.elsevier.com/content/abstract/scopus_id/85066492757","dc:identifier":"SCOPUS_ID:85066492757","eid":"2-s2.0-85066492757","dc:title":"Role of social dimensions on active transportation and environmental protection: A survey at the University of Samarra, Iraq","dc:creator":"Hasan R.","prism:publicationName":"Journal of Transport and Health","prism:issn":"22141405","prism:volume":"14","prism:pageRange":null,"prism:coverDate":"2019-09-01","prism:coverDisplayDate":"September 2019","prism:doi":"10.1016/j.jth.2019.05.003","pii":"S2214140518303104","citedby-count":"0","affiliation": [{"@_fa": "true", "affilname":"Western Michigan University","affiliation-city":"Kalamazoo","affiliation-country":"United States"}],"prism:aggregationType":"Journal","subtype":"ar","subtypeDescription":"Article","article-number":"100564","source-id":"21100310028","openaccess":"0","openaccessFlag":false},{"@_fa": "true", "link": [{"@_fa": "true", "@ref": "self", "@href": "https://api.elsevier.com/content/abstract/scopus_id/85065089816"},{"@_fa": "true", "@ref": "author-affiliation", "@href": "https://api.elsevier.com/content/abstract/scopus_id/85065089816?field=author,affiliation"},{"@_fa": "true", "@ref": "scopus", "@href": "https://www.scopus.com/inward/record.uri?partnerID=HzOxMe3b&scp=85065089816&origin=inward"},{"@_fa": "true", "@ref": "scopus-citedby", "@href": "https://www.scopus.com/inward/citedby.uri?partnerID=HzOxMe3b&scp=85065089816&origin=inward"},{"@_fa": "true", "@ref": "full-text", "@href": "https://api.elsevier.com/content/article/eid/1-s2.0-S0305750X19300944"}],"prism:url":"https://api.elsevier.com/content/abstract/scopus_id/85065089816","dc:identifier":"SCOPUS_ID:85065089816","eid":"2-s2.0-85065089816","dc:title":"Can the poor organize? Public goods and self-help groups in rural India","dc:creator":"Desai R.","prism:publicationName":"World Development","prism:issn":"0305750X","prism:eIssn":"18735991","prism:volume":"121","prism:pageRange":"33-52","prism:coverDate":"2019-09-01","prism:coverDisplayDate":"September 2019","prism:doi":"10.1016/j.worlddev.2019.04.009","pii":"S0305750X19300944","citedby-count":"0","affiliation": [{"@_fa": "true", "affilname":"Georgetown University","affiliation-city":"Washington, D.C.","affiliation-country":"United States"},{"@_fa": "true", "affilname":"The Brookings Institution","affiliation-city":"Washington","affiliation-country":"United States"}],"prism:aggregationType":"Journal","subtype":"ar","subtypeDescription":"Article","source-id":"30060","openaccess":"0","openaccessFlag":false},{"@_fa": "true", "link": [{"@_fa": "true", "@ref": "self", "@href": "https://api.elsevier.com/content/abstract/scopus_id/85053445603"},{"@_fa": "true", "@ref": "author-affiliation", "@href": "https://api.elsevier.com/content/abstract/scopus_id/85053445603?field=author,affiliation"},{"@_fa": "true", "@ref": "scopus", "@href": "https://www.scopus.com/inward/record.uri?partnerID=HzOxMe3b&scp=85053445603&origin=inward"},{"@_fa": "true", "@ref": "scopus-citedby", "@href": "https://www.scopus.com/inward/citedby.uri?partnerID=HzOxMe3b&scp=85053445603&origin=inward"}],"prism:url":"https://api.elsevier.com/content/abstract/scopus_id/85053445603","dc:identifier":"SCOPUS_ID:85053445603","eid":"2-s2.0-85053445603","dc:title":"Interrelationships between influential factors and behavioral intention with regard to autonomous vehicles","dc:creator":"Chen H.","prism:publicationName":"International Journal of Sustainable Transportation","prism:issn":"15568318","prism:eIssn":"15568334","prism:volume":"13","prism:issueIdentifier":"7","prism:pageRange":"511-527","prism:coverDate":"2019-08-09","prism:coverDisplayDate":"9 August 2019","prism:doi":"10.1080/15568318.2018.1488021","citedby-count":"0","affiliation": [{"@_fa": "true", "affilname":"National Central University Taiwan","affiliation-city":"Chung-Li","affiliation-country":"Taiwan"}],"prism:aggregationType":"Journal","subtype":"ar","subtypeDescription":"Article","source-id":"19400158456","openaccess":"0","openaccessFlag":false},{"@_fa": "true", "link": [{"@_fa": "true", "@ref": "self", "@href": "https://api.elsevier.com/content/abstract/scopus_id/85063272111"},{"@_fa": "true", "@ref": "author-affiliation", "@href": "https://api.elsevier.com/content/abstract/scopus_id/85063272111?field=author,affiliation"},{"@_fa": "true", "@ref": "scopus", "@href": "https://www.scopus.com/inward/record.uri?partnerID=HzOxMe3b&scp=85063272111&origin=inward"},{"@_fa": "true", "@ref": "scopus-citedby", "@href": "https://www.scopus.com/inward/citedby.uri?partnerID=HzOxMe3b&scp=85063272111&origin=inward"},{"@_fa": "true", "@ref": "full-text", "@href": "https://api.elsevier.com/content/article/eid/1-s2.0-S2214629618300100"}],"prism:url":"https://api.elsevier.com/content/abstract/scopus_id/85063272111","dc:identifier":"SCOPUS_ID:85063272111","eid":"2-s2.0-85063272111","dc:title":"Pull the plug: How private commitment strategies can strengthen personal norms and promote energy-saving in the Netherlands","dc:creator":"van der Werff E.","prism:publicationName":"Energy Research and Social Science","prism:issn":"22146296","prism:volume":"54","prism:pageRange":"26-33","prism:coverDate":"2019-08-01","prism:coverDisplayDate":"August 2019","prism:doi":"10.1016/j.erss.2019.03.002","pii":"S2214629618300100","citedby-count":"0","affiliation": [{"@_fa": "true", "affilname":"University of Groningen","affiliation-city":"Groningen","affiliation-country":"Netherlands"}],"prism:aggregationType":"Journal","subtype":"ar","subtypeDescription":"Article","source-id":"21100325067","openaccess":"0","openaccessFlag":false},{"@_fa": "true", "link": [{"@_fa": "true", "@ref": "self", "@href": "https://api.elsevier.com/content/abstract/scopus_id/85066495058"},{"@_fa": "true", "@ref": "author-affiliation", "@href": "https://api.elsevier.com/content/abstract/scopus_id/85066495058?field=author,affiliation"},{"@_fa": "true", "@ref": "scopus", "@href": "https://www.scopus.com/inward/record.uri?partnerID=HzOxMe3b&scp=85066495058&origin=inward"},{"@_fa": "true", "@ref": "scopus-citedby", "@href": "https://www.scopus.com/inward/citedby.uri?partnerID=HzOxMe3b&scp=85066495058&origin=inward"},{"@_fa": "true", "@ref": "full-text", "@href": "https://api.elsevier.com/content/article/eid/1-s2.0-S0965856417313046"}],"prism:url":"https://api.elsevier.com/content/abstract/scopus_id/85066495058","dc:identifier":"SCOPUS_ID:85066495058","eid":"2-s2.0-85066495058","dc:title":"The relationship between norms, satisfaction and public transport use: A comparison across six European cities using structural equation modelling","dc:creator":"Ingvardson J.","prism:publicationName":"Transportation Research Part A: Policy and Practice","prism:issn":"09658564","prism:volume":"126","prism:pageRange":"37-57","prism:coverDate":"2019-08-01","prism:coverDisplayDate":"August 2019","prism:doi":"10.1016/j.tra.2019.05.016","pii":"S0965856417313046","citedby-count":"0","affiliation": [{"@_fa": "true", "affilname":"Danmarks Tekniske Universitet","affiliation-city":"Lyngby","affiliation-country":"Denmark"}],"prism:aggregationType":"Journal","subtype":"ar","subtypeDescription":"Article","source-id":"20891","openaccess":"0","openaccessFlag":false},{"@_fa": "true", "link": [{"@_fa": "true", "@ref": "self", "@href": "https://api.elsevier.com/content/abstract/scopus_id/85065156107"},{"@_fa": "true", "@ref": "author-affiliation", "@href": "https://api.elsevier.com/content/abstract/scopus_id/85065156107?field=author,affiliation"},{"@_fa": "true", "@ref": "scopus", "@href": "https://www.scopus.com/inward/record.uri?partnerID=HzOxMe3b&scp=85065156107&origin=inward"},{"@_fa": "true", "@ref": "scopus-citedby", "@href": "https://www.scopus.com/inward/citedby.uri?partnerID=HzOxMe3b&scp=85065156107&origin=inward"},{"@_fa": "true", "@ref": "full-text", "@href": "https://api.elsevier.com/content/article/eid/1-s2.0-S0305750X18300846"}],"prism:url":"https://api.elsevier.com/content/abstract/scopus_id/85065156107","dc:identifier":"SCOPUS_ID:85065156107","eid":"2-s2.0-85065156107","dc:title":"Political autonomy and resistance in electricity sector liberalization in Africa","dc:creator":"Gore C.","prism:publicationName":"World Development","prism:issn":"0305750X","prism:eIssn":"18735991","prism:volume":"120","prism:pageRange":"193-209","prism:coverDate":"2019-08-01","prism:coverDisplayDate":"August 2019","prism:doi":"10.1016/j.worlddev.2018.03.003","pii":"S0305750X18300846","citedby-count":"2","affiliation": [{"@_fa": "true", "affilname":"Ryerson University","affiliation-city":"Toronto","affiliation-country":"Canada"}],"prism:aggregationType":"Journal","subtype":"ar","subtypeDescription":"Article","source-id":"30060","openaccess":"0","openaccessFlag":false},{"@_fa": "true", "link": [{"@_fa": "true", "@ref": "self", "@href": "https://api.elsevier.com/content/abstract/scopus_id/85066272950"},{"@_fa": "true", "@ref": "author-affiliation", "@href": "https://api.elsevier.com/content/abstract/scopus_id/85066272950?field=author,affiliation"},{"@_fa": "true", "@ref": "scopus", "@href": "https://www.scopus.com/inward/record.uri?partnerID=HzOxMe3b&scp=85066272950&origin=inward"},{"@_fa": "true", "@ref": "scopus-citedby", "@href": "https://www.scopus.com/inward/citedby.uri?partnerID=HzOxMe3b&scp=85066272950&origin=inward"},{"@_fa": "true", "@ref": "full-text", "@href": "https://api.elsevier.com/content/article/eid/1-s2.0-S0167487018306901"}],"prism:url":"https://api.elsevier.com/content/abstract/scopus_id/85066272950","dc:identifier":"SCOPUS_ID:85066272950","eid":"2-s2.0-85066272950","dc:title":"Contagion of pro- and anti-social behavior among peers and the role of social proximity","dc:creator":"Dimant E.","prism:publicationName":"Journal of Economic Psychology","prism:issn":"01674870","prism:volume":"73","prism:pageRange":"66-88","prism:coverDate":"2019-08-01","prism:coverDisplayDate":"August 2019","prism:doi":"10.1016/j.joep.2019.04.009","pii":"S0167487018306901","citedby-count":"0","affiliation": [{"@_fa": "true", "affilname":"University of Pennsylvania","affiliation-city":"Philadelphia","affiliation-country":"United States"}],"prism:aggregationType":"Journal","subtype":"ar","subtypeDescription":"Article","source-id":"22915","openaccess":"0","openaccessFlag":false},{"@_fa": "true", "link": [{"@_fa": "true", "@ref": "self", "@href": "https://api.elsevier.com/content/abstract/scopus_id/85061077158"},{"@_fa": "true", "@ref": "author-affiliation", "@href": "https://api.elsevier.com/content/abstract/scopus_id/85061077158?field=author,affiliation"},{"@_fa": "true", "@ref": "scopus", "@href": "https://www.scopus.com/inward/record.uri?partnerID=HzOxMe3b&scp=85061077158&origin=inward"},{"@_fa": "true", "@ref": "scopus-citedby", "@href": "https://www.scopus.com/inward/citedby.uri?partnerID=HzOxMe3b&scp=85061077158&origin=inward"},{"@_fa": "true", "@ref": "full-text", "@href": "https://api.elsevier.com/content/article/eid/1-s2.0-S0911604417301884"}],"prism:url":"https://api.elsevier.com/content/abstract/scopus_id/85061077158","dc:identifier":"SCOPUS_ID:85061077158","eid":"2-s2.0-85061077158","dc:title":"Neural correlates of processing emotions in words across cultures","dc:creator":"Chen P.","prism:publicationName":"Journal of Neurolinguistics","prism:issn":"09116044","prism:eIssn":"18738052","prism:volume":"51","prism:pageRange":"111-120","prism:coverDate":"2019-08-01","prism:coverDisplayDate":"August 2019","prism:doi":"10.1016/j.jneuroling.2019.01.004","pii":"S0911604417301884","citedby-count":"0","affiliation": [{"@_fa": "true", "affilname":"Beijing Normal University","affiliation-city":"Beijing","affiliation-country":"China"},{"@_fa": "true", "affilname":"Northwestern University","affiliation-city":"Evanston","affiliation-country":"United States"}],"prism:aggregationType":"Journal","subtype":"ar","subtypeDescription":"Article","source-id":"16750","openaccess":"0","openaccessFlag":false},{"@_fa": "true", "link": [{"@_fa": "true", "@ref": "self", "@href": "https://api.elsevier.com/content/abstract/scopus_id/85064648383"},{"@_fa": "true", "@ref": "author-affiliation", "@href": "https://api.elsevier.com/content/abstract/scopus_id/85064648383?field=author,affiliation"},{"@_fa": "true", "@ref": "scopus", "@href": "https://www.scopus.com/inward/record.uri?partnerID=HzOxMe3b&scp=85064648383&origin=inward"},{"@_fa": "true", "@ref": "scopus-citedby", "@href": "https://www.scopus.com/inward/citedby.uri?partnerID=HzOxMe3b&scp=85064648383&origin=inward"},{"@_fa": "true", "@ref": "full-text", "@href": "https://api.elsevier.com/content/article/eid/1-s2.0-S0925753518317922"}],"prism:url":"https://api.elsevier.com/content/abstract/scopus_id/85064648383","dc:identifier":"SCOPUS_ID:85064648383","eid":"2-s2.0-85064648383","dc:title":"Pilot test of a tailored intervention to improve apprentice safety in small construction companies","dc:creator":"Nielsen K.","prism:publicationName":"Safety Science","prism:issn":"09257535","prism:eIssn":"18791042","prism:volume":"117","prism:pageRange":"305-313","prism:coverDate":"2019-08-01","prism:coverDisplayDate":"August 2019","prism:doi":"10.1016/j.ssci.2019.04.032","pii":"S0925753518317922","citedby-count":"0","affiliation": [{"@_fa": "true", "affilname":"University Research Clinic","affiliation-city":"Herning","affiliation-country":"Denmark"}],"prism:aggregationType":"Journal","subtype":"ar","subtypeDescription":"Article","source-id":"12332","openaccess":"1","openaccessFlag":true},{"@_fa": "true", "link": [{"@_fa": "true", "@ref": "self", "@href": "https://api.elsevier.com/content/abstract/scopus_id/85060238904"},{"@_fa": "true", "@ref": "author-affiliation", "@href": "https://api.elsevier.com/content/abstract/scopus_id/85060238904?field=author,affiliation"},{"@_fa": "true", "@ref": "scopus", "@href": "https://www.scopus.com/inward/record.uri?partnerID=HzOxMe3b&scp=85060238904&origin=inward"},{"@_fa": "true", "@ref": "scopus-citedby", "@href": "https://www.scopus.com/inward/citedby.uri?partnerID=HzOxMe3b&scp=85060238904&origin=inward"}],"prism:url":"https://api.elsevier.com/content/abstract/scopus_id/85060238904","dc:identifier":"SCOPUS_ID:85060238904","eid":"2-s2.0-85060238904","dc:title":"Deep-Rooted Culture and Economic Development: Taking the Seven Deadly Sins to Build a Well-Being Composite Indicator","dc:creator":"Herrero-Prieto L.","prism:publicationName":"Social Indicators Research","prism:issn":"03038300","prism:eIssn":"15730921","prism:volume":"144","prism:issueIdentifier":"2","prism:pageRange":"601-624","prism:coverDate":"2019-07-30","prism:coverDisplayDate":"30 July 2019","prism:doi":"10.1007/s11205-019-02067-2","citedby-count":"0","affiliation": [{"@_fa": "true", "affilname":"Universidad de Valladolid","affiliation-city":"Valladolid","affiliation-country":"Spain"}],"prism:aggregationType":"Journal","subtype":"ar","subtypeDescription":"Article","source-id":"19391","openaccess":"0","openaccessFlag":false}]}}