{"search-results":{"opensearch:totalResults":"5289","opensearch:startIndex":"0","opensearch:itemsPerPage":"25","opensearch:Query":{"@role": "request", "@searchTerms": "TITLE-ABS-KEY(\"norms\") AND SUBJAREA(SOCI) AND PUBYEAR = 2018", "@startPage": "0"},"link": [{"@_fa": "true", "@ref": "self", "@href": "https://api.elsevier.com/content/search/scopus?start=0&count=25&query=TITLE-ABS-KEY%28%22norms%22%29+AND+SUBJAREA%28SOCI%29+AND+PUBYEAR+%3D+2018&apiKey=27d953b4b546791964ebeb768d13e61f&view=STANDARD", "@type": "application/json"},{"@_fa": "true", "@ref": "first", "@href": "https://api.elsevier.com/content/search/scopus?start=0&count=25&query=TITLE-ABS-KEY%28%22norms%22%29+AND+SUBJAREA%28SOCI%29+AND+PUBYEAR+%3D+2018&apiKey=27d953b4b546791964ebeb768d13e61f&view=STANDARD", "@type": "application/json"},{"@_fa": "true", "@ref": "next", "@href": "https://api.elsevier.com/content/search/scopus?start=25&count=25&query=TITLE-ABS-KEY%28%22norms%22%29+AND+SUBJAREA%28SOCI%29+AND+PUBYEAR+%3D+2018&apiKey=27d953b4b546791964ebeb768d13e61f&view=STANDARD", "@type": "application/json"},{"@_fa": "true", "@ref": "last", "@href": "https://api.elsevier.com/content/search/scopus?start=4975&count=25&query=TITLE-ABS-KEY%28%22norms%22%29+AND+SUBJAREA%28SOCI%29+AND+PUBYEAR+%3D+2018&apiKey=27d953b4b546791964ebeb768d13e61f&view=STANDARD", "@type": "application/json"}],"entry": [{"@_fa": "true", "link": [{"@_fa": "true", "@ref": "self", "@href": "https://api.elsevier.com/content/abstract/scopus_id/85062884923"},{"@_fa": "true", "@ref": "author-affiliation", "@href": "https://api.elsevier.com/content/abstract/scopus_id/85062884923?field=author,affiliation"},{"@_fa": "true", "@ref": "scopus", "@href": "https://www.scopus.com/inward/record.uri?partnerID=HzOxMe3b&scp=85062884923&origin=inward"},{"@_fa": "true", "@ref": "scopus-citedby", "@href": "https://www.scopus.com/inward/citedby.uri?partnerID=HzOxMe3b&scp=85062884923&origin=inward"}],"prism:url":"https://api.elsevier.com/content/abstract/scopus_id/85062884923","dc:identifier":"SCOPUS_ID:85062884923","eid":"2-s2.0-85062884923","dc:title":"The curious incident of Trump and the courts: Interbranch deference in an age of populism","dc:creator":"Peabody B.","prism:publicationName":"British Journal of American Legal Studies","prism:issn":"20494092","prism:volume":"7","prism:issueIdentifier":"2","prism:pageRange":"237-256","prism:coverDate":"2018-12-31","prism:coverDisplayDate":"31 December 2018","prism:doi":"10.2478/bjals-2018-0011","citedby-count":"0","affiliation": [{"@_fa": "true", "affilname":"Fairleigh Dickinson University","affiliation-city":"Teaneck","affiliation-country":"United States"}],"prism:aggregationType":"Journal","subtype":"ar","subtypeDescription":"Article","source-id":"21100775934","openaccess":"1","openaccessFlag":true},{"@_fa": "true", "link": [{"@_fa": "true", "@ref": "self", "@href": "https://api.elsevier.com/content/abstract/scopus_id/85063129784"},{"@_fa": "true", "@ref": "author-affiliation", "@href": "https://api.elsevier.com/content/abstract/scopus_id/85063129784?field=author,affiliation"},{"@_fa": "true", "@ref": "scopus", "@href": "https://www.scopus.com/inward/record.uri?partnerID=HzOxMe3b&scp=85063129784&origin=inward"},{"@_fa": "true", "@ref": "scopus-citedby", "@href": "https://www.scopus.com/inward/citedby.uri?partnerID=HzOxMe3b&scp=85063129784&origin=inward"}],"prism:url":"https://api.elsevier.com/content/abstract/scopus_id/85063129784","dc:identifier":"SCOPUS_ID:85063129784","eid":"2-s2.0-85063129784","dc:title":"Multiculturalism as covering: On the accommodation of minority religions in Israel","dc:creator":"Karayanni M.","prism:publicationName":"American Journal of Comparative Law","prism:issn":"0002919X","prism:eIssn":"23269197","prism:volume":"66","prism:issueIdentifier":"4","prism:pageRange":"831-875","prism:coverDate":"2018-12-31","prism:coverDisplayDate":"31 December 2018","prism:doi":"10.1093/ajcl/avy039","citedby-count":"0","affiliation": [{"@_fa": "true", "affilname":"Hebrew University of Jerusalem","affiliation-city":"Jerusalem","affiliation-country":"Israel"}],"prism:aggregationType":"Journal","subtype":"ar","subtypeDescription":"Article","source-id":"25049","openaccess":"0","openaccessFlag":false},{"@_fa": "true", "link": [{"@_fa": "true", "@ref": "self", "@href": "https://api.elsevier.com/content/abstract/scopus_id/85062458226"},{"@_fa": "true", "@ref": "author-affiliation", "@href": "https://api.elsevier.com/content/abstract/scopus_id/85062458226?field=author,affiliation"},{"@_fa": "true", "@ref": "scopus", "@href": "https://www.scopus.com/inward/record.uri?partnerID=HzOxMe3b&scp=85062458226&origin=inward"},{"@_fa": "true", "@ref": "scopus-citedby", "@href": "https://www.scopus.com/inward/citedby.uri?partnerID=HzOxMe3b&scp=85062458226&origin=inward"}],"prism:url":"https://api.elsevier.com/content/abstract/scopus_id/85062458226","dc:identifier":"SCOPUS_ID:85062458226","eid":"2-s2.0-85062458226","dc:title":"On misunderstanding states: The transnational constitution in the national constitution","dc:creator":"Thornhill C.","prism:publicationName":"International Journal of Constitutional Law","prism:issn":"14742640","prism:eIssn":"14742659","prism:volume":"16","prism:issueIdentifier":"4","prism:pageRange":"1186-1198","prism:coverDate":"2018-12-31","prism:coverDisplayDate":"31 December 2018","prism:doi":"10.1093/icon/moy095","citedby-count":"0","affiliation": [{"@_fa": "true", "affilname":"University of Manchester","affiliation-city":"Manchester","affiliation-country":"United Kingdom"}],"prism:aggregationType":"Journal","subtype":"re","subtypeDescription":"Review","article-number":"moy095","source-id":"4700152463","openaccess":"0","openaccessFlag":false},{"@_fa": "true", "link": [{"@_fa": "true", "@ref": "self", "@href": "https://api.elsevier.com/content/abstract/scopus_id/85064498251"},{"@_fa": "true", "@ref": "author-affiliation", "@href": "https://api.elsevier.com/content/abstract/scopus_id/85064498251?field=author,affiliation"},{"@_fa": "true", "@ref": "scopus", "@href": "https://www.scopus.com/inward/record.uri?partnerID=HzOxMe3b&scp=85064498251&origin=inward"},{"@_fa": "true", "@ref": "scopus-citedby", "@href": "https://www.scopus.com/inward/citedby.uri?partnerID=HzOxMe3b&scp=85064498251&origin=inward"}],"prism:url":"https://api.elsevier.com/content/abstract/scopus_id/85064498251","dc:identifier":"SCOPUS_ID:85064498251","eid":"2-s2.0-85064498251","dc:title":"Power and representation in women’s autobiographies","dc:creator":"Dadashova S.","prism:publicationName":"Filosofija, Sociologija","prism:issn":"02357186","prism:eIssn":"24244546","prism:volume":"29","prism:issueIdentifier":"4","prism:pageRange":"230-238","prism:coverDate":"2018-12-31","prism:coverDisplayDate":"31 December 2018","prism:doi":"10.6001/fil-soc.v29i4.3849","citedby-count":"0","affiliation": [{"@_fa": "true", "affilname":"Baku Engineering University","affiliation-city":"Baku","affiliation-country":"Azerbaijan"}],"prism:aggregationType":"Journal","subtype":"ar","subtypeDescription":"Article","source-id":"11600153664","openaccess":"1","openaccessFlag":true},{"@_fa": "true", "link": [{"@_fa": "true", "@ref": "self", "@href": "https://api.elsevier.com/content/abstract/scopus_id/85062718075"},{"@_fa": "true", "@ref": "author-affiliation", "@href": "https://api.elsevier.com/content/abstract/scopus_id/85062718075?field=author,affiliation"},{"@_fa": "true", "@ref": "scopus", "@href": "https://www.scopus.com/inward/record.uri?partnerID=HzOxMe3b&scp=85062718075&origin=inward"},{"@_fa": "true", "@ref": "scopus-citedby", "@href": "https://www.scopus.com/inward/citedby.uri?partnerID=HzOxMe3b&scp=85062718075&origin=inward"}],"prism:url":"https://api.elsevier.com/content/abstract/scopus_id/85062718075","dc:identifier":"SCOPUS_ID:85062718075","eid":"2-s2.0-85062718075","dc:title":"International Adjudication as a Global Public Good?","dc:creator":"Paine J.","prism:publicationName":"European Journal of International Law","prism:issn":"09385428","prism:eIssn":"14643596","prism:volume":"29","prism:issueIdentifier":"4","prism:pageRange":"1223-1249","prism:coverDate":"2018-12-31","prism:coverDisplayDate":"31 December 2018","prism:doi":"10.1093/ejil/chy075","citedby-count":"0","affiliation": [{"@_fa": "true", "affilname":"Max Planck Institute Luxembourg for Procedural Law","affiliation-city":"Luxembourg","affiliation-country":"Luxembourg"}],"prism:aggregationType":"Journal","subtype":"re","subtypeDescription":"Review","source-id":"145598","openaccess":"0","openaccessFlag":false},{"@_fa": "true", "link": [{"@_fa": "true", "@ref": "self", "@href": "https://api.elsevier.com/content/abstract/scopus_id/85061789703"},{"@_fa": "true", "@ref": "author-affiliation", "@href": "https://api.elsevier.com/content/abstract/scopus_id/85061789703?field=author,affiliation"},{"@_fa": "true", "@ref": "scopus", "@href": "https://www.scopus.com/inward/record.uri?partnerID=HzOxMe3b&scp=85061789703&origin=inward"},{"@_fa": "true", "@ref": "scopus-citedby", "@href": "https://www.scopus.com/inward/citedby.uri?partnerID=HzOxMe3b&scp=85061789703&origin=inward"}],"prism:url":"https://api.elsevier.com/content/abstract/scopus_id/85061789703","dc:identifier":"SCOPUS_ID:85061789703","eid":"2-s2.0-85061789703","dc:title":"Improvement of container logistics efficiency in China through legislative innovations","dc:creator":"Zuo L.","prism:publicationName":"5th International Conference on Industrial Economics System and Industrial Security Engineering, IEIS 2018 - Proceeding","prism:isbn": [{"@_fa": "true", "$" :"9781538669686"}],"prism:pageRange":null,"prism:coverDate":"2018-12-31","prism:coverDisplayDate":"31 December 2018","prism:doi":"10.1109/IEIS.2018.8597977","citedby-count":"0","affiliation": [{"@_fa": "true", "affilname":"Beijing Jiaotong University","affiliation-city":"Beijing","affiliation-country":"China"}],"prism:aggregationType":"Conference Proceeding","subtype":"cp","subtypeDescription":"Conference Paper","article-number":"8597977","source-id":"21100898953","openaccess":"0","openaccessFlag":false},{"@_fa": "true", "link": [{"@_fa": "true", "@ref": "self", "@href": "https://api.elsevier.com/content/abstract/scopus_id/85062566918"},{"@_fa": "true", "@ref": "author-affiliation", "@href": "https://api.elsevier.com/content/abstract/scopus_id/85062566918?field=author,affiliation"},{"@_fa": "true", "@ref": "scopus", "@href": "https://www.scopus.com/inward/record.uri?partnerID=HzOxMe3b&scp=85062566918&origin=inward"},{"@_fa": "true", "@ref": "scopus-citedby", "@href": "https://www.scopus.com/inward/citedby.uri?partnerID=HzOxMe3b&scp=85062566918&origin=inward"}],"prism:url":"https://api.elsevier.com/content/abstract/scopus_id/85062566918","dc:identifier":"SCOPUS_ID:85062566918","eid":"2-s2.0-85062566918","dc:title":"Production of carbon steel with ultrafine grains by warm torsion test","dc:creator":"Nunes L.","prism:publicationName":"International Journal of Refugee Law","prism:issn":"09538186","prism:eIssn":"14643715","prism:volume":"30","prism:issueIdentifier":"3","prism:pageRange":"407-443","prism:coverDate":"2018-12-30","prism:coverDisplayDate":"30 December 2018","prism:doi":"10.1093/ijrl/eey044","citedby-count":"0","affiliation": [{"@_fa": "true", "affilname":"Federal Institute of Espírito Santo","affiliation-city":"Vitoria-Gasteiz","affiliation-country":"Brazil"}],"prism:aggregationType":"Journal","subtype":"ar","subtypeDescription":"Article","source-id":"25818","openaccess":"0","openaccessFlag":false},{"@_fa": "true", "link": [{"@_fa": "true", "@ref": "self", "@href": "https://api.elsevier.com/content/abstract/scopus_id/85059653312"},{"@_fa": "true", "@ref": "author-affiliation", "@href": "https://api.elsevier.com/content/abstract/scopus_id/85059653312?field=author,affiliation"},{"@_fa": "true", "@ref": "scopus", "@href": "https://www.scopus.com/inward/record.uri?partnerID=HzOxMe3b&scp=85059653312&origin=inward"},{"@_fa": "true", "@ref": "scopus-citedby", "@href": "https://www.scopus.com/inward/citedby.uri?partnerID=HzOxMe3b&scp=85059653312&origin=inward"}],"prism:url":"https://api.elsevier.com/content/abstract/scopus_id/85059653312","dc:identifier":"SCOPUS_ID:85059653312","eid":"2-s2.0-85059653312","dc:title":"Gender equality in europe and the effect of work-family balance policies on gender-role attitudes","dc:creator":"Lomazzi V.","prism:publicationName":"Social Sciences","prism:eIssn":"20760760","prism:volume":"8","prism:issueIdentifier":"1","prism:pageRange":null,"prism:coverDate":"2018-12-30","prism:coverDisplayDate":"30 December 2018","prism:doi":"10.3390/socsci8010005","citedby-count":"0","affiliation": [{"@_fa": "true", "affilname":"Leibniz Institute for the Social Sciences GESIS","affiliation-city":"Mannheim","affiliation-country":"Germany"}],"prism:aggregationType":"Journal","subtype":"ar","subtypeDescription":"Article","article-number":"5","source-id":"21100810500","openaccess":"1","openaccessFlag":true},{"@_fa": "true", "link": [{"@_fa": "true", "@ref": "self", "@href": "https://api.elsevier.com/content/abstract/scopus_id/85059347443"},{"@_fa": "true", "@ref": "author-affiliation", "@href": "https://api.elsevier.com/content/abstract/scopus_id/85059347443?field=author,affiliation"},{"@_fa": "true", "@ref": "scopus", "@href": "https://www.scopus.com/inward/record.uri?partnerID=HzOxMe3b&scp=85059347443&origin=inward"},{"@_fa": "true", "@ref": "scopus-citedby", "@href": "https://www.scopus.com/inward/citedby.uri?partnerID=HzOxMe3b&scp=85059347443&origin=inward"}],"prism:url":"https://api.elsevier.com/content/abstract/scopus_id/85059347443","dc:identifier":"SCOPUS_ID:85059347443","eid":"2-s2.0-85059347443","dc:title":"Social norms and entrepreneurial action: The mediating role of opportunity confidence","dc:creator":"Emami A.","prism:publicationName":"Sustainability (Switzerland)","prism:eIssn":"20711050","prism:volume":"11","prism:issueIdentifier":"1","prism:pageRange":null,"prism:coverDate":"2018-12-29","prism:coverDisplayDate":"29 December 2018","prism:doi":"10.3390/su11010158","citedby-count":"0","affiliation": [{"@_fa": "true", "affilname":"Kharazmi University","affiliation-city":"Tehran","affiliation-country":"Iran"}],"prism:aggregationType":"Journal","subtype":"ar","subtypeDescription":"Article","article-number":"158","source-id":"21100240100","openaccess":"1","openaccessFlag":true},{"@_fa": "true", "link": [{"@_fa": "true", "@ref": "self", "@href": "https://api.elsevier.com/content/abstract/scopus_id/85061486794"},{"@_fa": "true", "@ref": "author-affiliation", "@href": "https://api.elsevier.com/content/abstract/scopus_id/85061486794?field=author,affiliation"},{"@_fa": "true", "@ref": "scopus", "@href": "https://www.scopus.com/inward/record.uri?partnerID=HzOxMe3b&scp=85061486794&origin=inward"},{"@_fa": "true", "@ref": "scopus-citedby", "@href": "https://www.scopus.com/inward/citedby.uri?partnerID=HzOxMe3b&scp=85061486794&origin=inward"}],"prism:url":"https://api.elsevier.com/content/abstract/scopus_id/85061486794","dc:identifier":"SCOPUS_ID:85061486794","eid":"2-s2.0-85061486794","dc:title":"Investing in entrepreneurial skills creating an entrepreneurial mind-set amongst engineering graduates","dc:creator":"Hamouda A.","prism:publicationName":"3rd International Conference of the Portuguese Society for Engineering Education, CISPEE 2018","prism:isbn": [{"@_fa": "true", "$" :"9781538637715"}],"prism:pageRange":null,"prism:coverDate":"2018-12-27","prism:coverDisplayDate":"27 December 2018","prism:doi":"10.1109/CISPEE.2018.8593471","citedby-count":"0","affiliation": [{"@_fa": "true", "affilname":"Dundalk Institute of Technology","affiliation-city":"Dundalk","affiliation-country":"Ireland"}],"prism:aggregationType":"Conference Proceeding","subtype":"cp","subtypeDescription":"Conference Paper","article-number":"8593471","source-id":"21100898288","openaccess":"0","openaccessFlag":false},{"@_fa": "true", "link": [{"@_fa": "true", "@ref": "self", "@href": "https://api.elsevier.com/content/abstract/scopus_id/85063804724"},{"@_fa": "true", "@ref": "author-affiliation", "@href": "https://api.elsevier.com/content/abstract/scopus_id/85063804724?field=author,affiliation"},{"@_fa": "true", "@ref": "scopus", "@href": "https://www.scopus.com/inward/record.uri?partnerID=HzOxMe3b&scp=85063804724&origin=inward"},{"@_fa": "true", "@ref": "scopus-citedby", "@href": "https://www.scopus.com/inward/citedby.uri?partnerID=HzOxMe3b&scp=85063804724&origin=inward"}],"prism:url":"https://api.elsevier.com/content/abstract/scopus_id/85063804724","dc:identifier":"SCOPUS_ID:85063804724","eid":"2-s2.0-85063804724","dc:title":"Use of system dynamics tools in value-oriented approach in management","dc:creator":"Barabanova M.","prism:publicationName":"Economic Annals-XXI","prism:issn":"17286220","prism:eIssn":"17286239","prism:volume":"173","prism:issueIdentifier":"9-10","prism:pageRange":"32-37","prism:coverDate":"2018-12-24","prism:coverDisplayDate":"24 December 2018","prism:doi":"10.21003/ea.V173-05","citedby-count":"0","affiliation": [{"@_fa": "true", "affilname":"The St. Petersburg State University of Economics","affiliation-city":"Saint Petersburg (ex Leningrad)","affiliation-country":"Russian Federation"}],"prism:aggregationType":"Journal","subtype":"ar","subtypeDescription":"Article","source-id":"21100310035","openaccess":"1","openaccessFlag":true},{"@_fa": "true", "link": [{"@_fa": "true", "@ref": "self", "@href": "https://api.elsevier.com/content/abstract/scopus_id/85059148994"},{"@_fa": "true", "@ref": "author-affiliation", "@href": "https://api.elsevier.com/content/abstract/scopus_id/85059148994?field=author,affiliation"},{"@_fa": "true", "@ref": "scopus", "@href": "https://www.scopus.com/inward/record.uri?partnerID=HzOxMe3b&scp=85059148994&origin=inward"},{"@_fa": "true", "@ref": "scopus-citedby", "@href": "https://www.scopus.com/inward/citedby.uri?partnerID=HzOxMe3b&scp=85059148994&origin=inward"}],"prism:url":"https://api.elsevier.com/content/abstract/scopus_id/85059148994","dc:identifier":"SCOPUS_ID:85059148994","eid":"2-s2.0-85059148994","dc:title":"Exploring the sustainability correlation of value co-creation and customer loyalty-A case study of fitness clubs","dc:creator":"Lee Y.","prism:publicationName":"Sustainability (Switzerland)","prism:eIssn":"20711050","prism:volume":"11","prism:issueIdentifier":"1","prism:pageRange":null,"prism:coverDate":"2018-12-24","prism:coverDisplayDate":"24 December 2018","prism:doi":"10.3390/su11010097","citedby-count":"0","affiliation": [{"@_fa": "true", "affilname":"National Yunlin University of Science and Technology","affiliation-city":"Douliou","affiliation-country":"Taiwan"}],"prism:aggregationType":"Journal","subtype":"ar","subtypeDescription":"Article","article-number":"97","source-id":"21100240100","openaccess":"1","openaccessFlag":true},{"@_fa": "true", "link": [{"@_fa": "true", "@ref": "self", "@href": "https://api.elsevier.com/content/abstract/scopus_id/85058915805"},{"@_fa": "true", "@ref": "author-affiliation", "@href": "https://api.elsevier.com/content/abstract/scopus_id/85058915805?field=author,affiliation"},{"@_fa": "true", "@ref": "scopus", "@href": "https://www.scopus.com/inward/record.uri?partnerID=HzOxMe3b&scp=85058915805&origin=inward"},{"@_fa": "true", "@ref": "scopus-citedby", "@href": "https://www.scopus.com/inward/citedby.uri?partnerID=HzOxMe3b&scp=85058915805&origin=inward"}],"prism:url":"https://api.elsevier.com/content/abstract/scopus_id/85058915805","dc:identifier":"SCOPUS_ID:85058915805","eid":"2-s2.0-85058915805","dc:title":"Developing an ethics support tool for dealing with dilemmas around client autonomy based on moral case deliberations","dc:creator":"Hartman L.","prism:publicationName":"BMC Medical Ethics","prism:eIssn":"14726939","prism:volume":"19","prism:issueIdentifier":"1","prism:pageRange":null,"prism:coverDate":"2018-12-22","prism:coverDisplayDate":"22 December 2018","prism:doi":"10.1186/s12910-018-0335-9","citedby-count":"0","affiliation": [{"@_fa": "true", "affilname":"Amsterdam UMC - Vrije Universiteit Amsterdam","affiliation-city":"Amsterdam","affiliation-country":"Netherlands"}],"pubmed-id":"30577790","prism:aggregationType":"Journal","subtype":"ar","subtypeDescription":"Article","article-number":"97","source-id":"28100","openaccess":"1","openaccessFlag":true},{"@_fa": "true", "link": [{"@_fa": "true", "@ref": "self", "@href": "https://api.elsevier.com/content/abstract/scopus_id/85061034072"},{"@_fa": "true", "@ref": "author-affiliation", "@href": "https://api.elsevier.com/content/abstract/scopus_id/85061034072?field=author,affiliation"},{"@_fa": "true", "@ref": "scopus", "@href": "https://www.scopus.com/inward/record.uri?partnerID=HzOxMe3b&scp=85061034072&origin=inward"},{"@_fa": "true", "@ref": "scopus-citedby", "@href": "https://www.scopus.com/inward/citedby.uri?partnerID=HzOxMe3b&scp=85061034072&origin=inward"}],"prism:url":"https://api.elsevier.com/content/abstract/scopus_id/85061034072","dc:identifier":"SCOPUS_ID:85061034072","eid":"2-s2.0-85061034072","dc:title":"An Intelligent System Based on Genetic Algorithms to Generate Study Groups Using Personality Traits and Academic Profiles in Higher Education","dc:creator":"Garcia-Velez R.","prism:publicationName":"2018 Congreso Internacional de Innovacion y Tendencias en Ingenieria, CONIITI 2018 - Proceedings","prism:isbn": [{"@_fa": "true", "$" :"9781538681312"}],"prism:pageRange":null,"prism:coverDate":"2018-12-21","prism:coverDisplayDate":"21 December 2018","prism:doi":"10.1109/CONIITI.2018.8587070","citedby-count":"0","affiliation": [{"@_fa": "true", "affilname":"Universidad Politécnica Salesiana - UPS","affiliation-city":"Cuenca","affiliation-country":"Ecuador"},{"@_fa": "true", "affilname":"Universidade de Vigo","affiliation-city":"Vigo","affiliation-country":"Spain"}],"prism:aggregationType":"Conference Proceeding","subtype":"cp","subtypeDescription":"Conference Paper","article-number":"8587070","source-id":"21100897131","openaccess":"0","openaccessFlag":false},{"@_fa": "true", "link": [{"@_fa": "true", "@ref": "self", "@href": "https://api.elsevier.com/content/abstract/scopus_id/85059148838"},{"@_fa": "true", "@ref": "author-affiliation", "@href": "https://api.elsevier.com/content/abstract/scopus_id/85059148838?field=author,affiliation"},{"@_fa": "true", "@ref": "scopus", "@href": "https://www.scopus.com/inward/record.uri?partnerID=HzOxMe3b&scp=85059148838&origin=inward"},{"@_fa": "true", "@ref": "scopus-citedby", "@href": "https://www.scopus.com/inward/citedby.uri?partnerID=HzOxMe3b&scp=85059148838&origin=inward"}],"prism:url":"https://api.elsevier.com/content/abstract/scopus_id/85059148838","dc:identifier":"SCOPUS_ID:85059148838","eid":"2-s2.0-85059148838","dc:title":"Enablers and constraints of female entrepreneurship in Khyber Pukhtunkhawa, Pakistan: Institutional and feminist perspectives","dc:creator":"Yunis M.","prism:publicationName":"Sustainability (Switzerland)","prism:eIssn":"20711050","prism:volume":"11","prism:issueIdentifier":"1","prism:pageRange":null,"prism:coverDate":"2018-12-21","prism:coverDisplayDate":"21 December 2018","prism:doi":"10.3390/su11010027","citedby-count":"1","affiliation": [{"@_fa": "true", "affilname":"Institute of Management Sciences","affiliation-city":"Multan","affiliation-country":"Pakistan"}],"prism:aggregationType":"Journal","subtype":"ar","subtypeDescription":"Article","article-number":"27","source-id":"21100240100","openaccess":"1","openaccessFlag":true},{"@_fa": "true", "link": [{"@_fa": "true", "@ref": "self", "@href": "https://api.elsevier.com/content/abstract/scopus_id/85059130924"},{"@_fa": "true", "@ref": "author-affiliation", "@href": "https://api.elsevier.com/content/abstract/scopus_id/85059130924?field=author,affiliation"},{"@_fa": "true", "@ref": "scopus", "@href": "https://www.scopus.com/inward/record.uri?partnerID=HzOxMe3b&scp=85059130924&origin=inward"},{"@_fa": "true", "@ref": "scopus-citedby", "@href": "https://www.scopus.com/inward/citedby.uri?partnerID=HzOxMe3b&scp=85059130924&origin=inward"}],"prism:url":"https://api.elsevier.com/content/abstract/scopus_id/85059130924","dc:identifier":"SCOPUS_ID:85059130924","eid":"2-s2.0-85059130924","dc:title":"Social psychological theories and sustainable second language learning: A model comparison approach","dc:creator":"Kim K.","prism:publicationName":"Sustainability (Switzerland)","prism:eIssn":"20711050","prism:volume":"11","prism:issueIdentifier":"1","prism:pageRange":null,"prism:coverDate":"2018-12-20","prism:coverDisplayDate":"20 December 2018","prism:doi":"10.3390/su11010016","citedby-count":"0","affiliation": [{"@_fa": "true", "affilname":"Chosun University","affiliation-city":"Gwangju","affiliation-country":"South Korea"}],"prism:aggregationType":"Journal","subtype":"ar","subtypeDescription":"Article","article-number":"16","source-id":"21100240100","openaccess":"1","openaccessFlag":true},{"@_fa": "true", "link": [{"@_fa": "true", "@ref": "self", "@href": "https://api.elsevier.com/content/abstract/scopus_id/85063787059"},{"@_fa": "true", "@ref": "author-affiliation", "@href": "https://api.elsevier.com/content/abstract/scopus_id/85063787059?field=author,affiliation"},{"@_fa": "true", "@ref": "scopus", "@href": "https://www.scopus.com/inward/record.uri?partnerID=HzOxMe3b&scp=85063787059&origin=inward"},{"@_fa": "true", "@ref": "scopus-citedby", "@href": "https://www.scopus.com/inward/citedby.uri?partnerID=HzOxMe3b&scp=85063787059&origin=inward"}],"prism:url":"https://api.elsevier.com/content/abstract/scopus_id/85063787059","dc:identifier":"SCOPUS_ID:85063787059","eid":"2-s2.0-85063787059","dc:title":"International norms and future peacebuilding","dc:creator":"Edgar A.","prism:publicationName":"The Palgrave Handbook of Global Approaches to Peace","prism:isbn": [{"@_fa": "true", "$" :"9783319789057"},{"@_fa": "true", "$" :"9783319789040"}],"prism:pageRange":"717-729","prism:coverDate":"2018-12-19","prism:coverDisplayDate":"19 December 2018","prism:doi":"10.1007/978-3-319-78905-7_34","citedby-count":"0","affiliation": [{"@_fa": "true", "affilname":"Wilfrid Lauruer University","affiliation-city":"Waterloo","affiliation-country":"Canada"}],"prism:aggregationType":"Book","subtype":"ch","subtypeDescription":"Chapter","source-id":"21100902679","openaccess":"0","openaccessFlag":false},{"@_fa": "true", "link": [{"@_fa": "true", "@ref": "self", "@href": "https://api.elsevier.com/content/abstract/scopus_id/85059038459"},{"@_fa": "true", "@ref": "author-affiliation", "@href": "https://api.elsevier.com/content/abstract/scopus_id/85059038459?field=author,affiliation"},{"@_fa": "true", "@ref": "scopus", "@href": "https://www.scopus.com/inward/record.uri?partnerID=HzOxMe3b&scp=85059038459&origin=inward"},{"@_fa": "true", "@ref": "scopus-citedby", "@href": "https://www.scopus.com/inward/citedby.uri?partnerID=HzOxMe3b&scp=85059038459&origin=inward"}],"prism:url":"https://api.elsevier.com/content/abstract/scopus_id/85059038459","dc:identifier":"SCOPUS_ID:85059038459","eid":"2-s2.0-85059038459","dc:title":"Digital technologies towards resource efficiency in the agrifood sector: Key challenges in developing countries","dc:creator":"Anastasiadis F.","prism:publicationName":"Sustainability (Switzerland)","prism:eIssn":"20711050","prism:volume":"10","prism:issueIdentifier":"12","prism:pageRange":null,"prism:coverDate":"2018-12-19","prism:coverDisplayDate":"19 December 2018","prism:doi":"10.3390/su10124850","citedby-count":"0","affiliation": [{"@_fa": "true", "affilname":"University of Cambridge","affiliation-city":"Cambridge","affiliation-country":"United Kingdom"}],"prism:aggregationType":"Journal","subtype":"ar","subtypeDescription":"Article","article-number":"4850","source-id":"21100240100","openaccess":"1","openaccessFlag":true},{"@_fa": "true", "link": [{"@_fa": "true", "@ref": "self", "@href": "https://api.elsevier.com/content/abstract/scopus_id/85064479719"},{"@_fa": "true", "@ref": "author-affiliation", "@href": "https://api.elsevier.com/content/abstract/scopus_id/85064479719?field=author,affiliation"},{"@_fa": "true", "@ref": "scopus", "@href": "https://www.scopus.com/inward/record.uri?partnerID=HzOxMe3b&scp=85064479719&origin=inward"},{"@_fa": "true", "@ref": "scopus-citedby", "@href": "https://www.scopus.com/inward/citedby.uri?partnerID=HzOxMe3b&scp=85064479719&origin=inward"}],"prism:url":"https://api.elsevier.com/content/abstract/scopus_id/85064479719","dc:identifier":"SCOPUS_ID:85064479719","eid":"2-s2.0-85064479719","dc:title":"Social media, peer surveillance, spiritual formation, and mission: Practising Christian faith in a surveilled public space","dc:creator":"Lewis B.","prism:publicationName":"Surveillance and Society","prism:eIssn":"14777487","prism:volume":"16","prism:issueIdentifier":"4","prism:pageRange":"517-532","prism:coverDate":"2018-12-17","prism:coverDisplayDate":"17 December 2018","prism:doi":"10.24908/ss.v16i4.7650","citedby-count":"0","affiliation": [{"@_fa": "true", "affilname":"Manchester Metropolitan University","affiliation-city":"Manchester","affiliation-country":"United Kingdom"}],"prism:aggregationType":"Journal","subtype":"ar","subtypeDescription":"Article","source-id":"20600195509","openaccess":"1","openaccessFlag":true},{"@_fa": "true", "link": [{"@_fa": "true", "@ref": "self", "@href": "https://api.elsevier.com/content/abstract/scopus_id/85064518426"},{"@_fa": "true", "@ref": "author-affiliation", "@href": "https://api.elsevier.com/content/abstract/scopus_id/85064518426?field=author,affiliation"},{"@_fa": "true", "@ref": "scopus", "@href": "https://www.scopus.com/inward/record.uri?partnerID=HzOxMe3b&scp=85064518426&origin=inward"},{"@_fa": "true", "@ref": "scopus-citedby", "@href": "https://www.scopus.com/inward/citedby.uri?partnerID=HzOxMe3b&scp=85064518426&origin=inward"}],"prism:url":"https://api.elsevier.com/content/abstract/scopus_id/85064518426","dc:identifier":"SCOPUS_ID:85064518426","eid":"2-s2.0-85064518426","dc:title":"Prompting spiritual practices through christian faith applications: Self-paternalism and the surveillance of the soul","dc:creator":"Pridmore J.","prism:publicationName":"Surveillance and Society","prism:eIssn":"14777487","prism:volume":"16","prism:issueIdentifier":"4","prism:pageRange":"502-516","prism:coverDate":"2018-12-17","prism:coverDisplayDate":"17 December 2018","prism:doi":"10.24908/ss.v16i4.7086","citedby-count":"0","affiliation": [{"@_fa": "true", "affilname":"Erasmus University Rotterdam","affiliation-city":"Rotterdam","affiliation-country":"Netherlands"}],"prism:aggregationType":"Journal","subtype":"ar","subtypeDescription":"Article","source-id":"20600195509","openaccess":"1","openaccessFlag":true},{"@_fa": "true", "link": [{"@_fa": "true", "@ref": "self", "@href": "https://api.elsevier.com/content/abstract/scopus_id/85066761481"},{"@_fa": "true", "@ref": "author-affiliation", "@href": "https://api.elsevier.com/content/abstract/scopus_id/85066761481?field=author,affiliation"},{"@_fa": "true", "@ref": "scopus", "@href": "https://www.scopus.com/inward/record.uri?partnerID=HzOxMe3b&scp=85066761481&origin=inward"},{"@_fa": "true", "@ref": "scopus-citedby", "@href": "https://www.scopus.com/inward/citedby.uri?partnerID=HzOxMe3b&scp=85066761481&origin=inward"}],"prism:url":"https://api.elsevier.com/content/abstract/scopus_id/85066761481","dc:identifier":"SCOPUS_ID:85066761481","eid":"2-s2.0-85066761481","dc:title":"Path – Dependence and European fisheries management","dc:creator":"Palmero F.","prism:publicationName":"European Journal of Government and Economics","prism:eIssn":"22547088","prism:volume":"7","prism:issueIdentifier":"2","prism:pageRange":"138-153","prism:coverDate":"2018-12-17","prism:coverDisplayDate":"17 December 2018","prism:doi":"10.17979/ejge.2018.7.2.4411","citedby-count":"0","affiliation": [{"@_fa": "true", "affilname":"Universidade da Coruña","affiliation-city":"A Coruna","affiliation-country":"Spain"}],"prism:aggregationType":"Journal","subtype":"ar","subtypeDescription":"Article","source-id":"21100444329","openaccess":"1","openaccessFlag":true},{"@_fa": "true", "link": [{"@_fa": "true", "@ref": "self", "@href": "https://api.elsevier.com/content/abstract/scopus_id/85020095091"},{"@_fa": "true", "@ref": "author-affiliation", "@href": "https://api.elsevier.com/content/abstract/scopus_id/85020095091?field=author,affiliation"},{"@_fa": "true", "@ref": "scopus", "@href": "https://www.scopus.com/inward/record.uri?partnerID=HzOxMe3b&scp=85020095091&origin=inward"},{"@_fa": "true", "@ref": "scopus-citedby", "@href": "https://www.scopus.com/inward/citedby.uri?partnerID=HzOxMe3b&scp=85020095091&origin=inward"}],"prism:url":"https://api.elsevier.com/content/abstract/scopus_id/85020095091","dc:identifier":"SCOPUS_ID:85020095091","eid":"2-s2.0-85020095091","dc:title":"The response model of moral disgust","dc:creator":"Plakias A.","prism:publicationName":"Synthese","prism:issn":"00397857","prism:eIssn":"15730964","prism:volume":"195","prism:issueIdentifier":"12","prism:pageRange":"5453-5472","prism:coverDate":"2018-12-15","prism:coverDisplayDate":"15 December 2018","prism:doi":"10.1007/s11229-017-1455-3","citedby-count":"1","affiliation": [{"@_fa": "true", "affilname":"Hamilton College","affiliation-city":"Clinton","affiliation-country":"United States"}],"prism:aggregationType":"Journal","subtype":"ar","subtypeDescription":"Article","source-id":"27699","openaccess":"0","openaccessFlag":false},{"@_fa": "true", "link": [{"@_fa": "true", "@ref": "self", "@href": "https://api.elsevier.com/content/abstract/scopus_id/85042781242"},{"@_fa": "true", "@ref": "author-affiliation", "@href": "https://api.elsevier.com/content/abstract/scopus_id/85042781242?field=author,affiliation"},{"@_fa": "true", "@ref": "scopus", "@href": "https://www.scopus.com/inward/record.uri?partnerID=HzOxMe3b&scp=85042781242&origin=inward"},{"@_fa": "true", "@ref": "scopus-citedby", "@href": "https://www.scopus.com/inward/citedby.uri?partnerID=HzOxMe3b&scp=85042781242&origin=inward"}],"prism:url":"https://api.elsevier.com/content/abstract/scopus_id/85042781242","dc:identifier":"SCOPUS_ID:85042781242","eid":"2-s2.0-85042781242","dc:title":"The “Places and Non-places” Held by Women in Social Economy Organizations","dc:creator":"Parente C.","prism:publicationName":"Voluntas","prism:issn":"09578765","prism:volume":"29","prism:issueIdentifier":"6","prism:pageRange":"1274-1282","prism:coverDate":"2018-12-15","prism:coverDisplayDate":"15 December 2018","prism:doi":"10.1007/s11266-017-9942-1","citedby-count":"0","affiliation": [{"@_fa": "true", "affilname":"Universidade do Porto","affiliation-city":"Porto","affiliation-country":"Portugal"}],"prism:aggregationType":"Journal","subtype":"ar","subtypeDescription":"Article","source-id":"15725","openaccess":"0","openaccessFlag":false},{"@_fa": "true", "link": [{"@_fa": "true", "@ref": "self", "@href": "https://api.elsevier.com/content/abstract/scopus_id/85044940427"},{"@_fa": "true", "@ref": "author-affiliation", "@href": "https://api.elsevier.com/content/abstract/scopus_id/85044940427?field=author,affiliation"},{"@_fa": "true", "@ref": "scopus", "@href": "https://www.scopus.com/inward/record.uri?partnerID=HzOxMe3b&scp=85044940427&origin=inward"},{"@_fa": "true", "@ref": "scopus-citedby", "@href": "https://www.scopus.com/inward/citedby.uri?partnerID=HzOxMe3b&scp=85044940427&origin=inward"}],"prism:url":"https://api.elsevier.com/content/abstract/scopus_id/85044940427","dc:identifier":"SCOPUS_ID:85044940427","eid":"2-s2.0-85044940427","dc:title":"Variability in Weight Concern and Physical Activity Engagement Among African American Adolescent Girls","dc:creator":"McClure S.","prism:publicationName":"Journal of Racial and Ethnic Health Disparities","prism:issn":"21973792","prism:eIssn":"21968837","prism:volume":"5","prism:issueIdentifier":"6","prism:pageRange":"1365-1372","prism:coverDate":"2018-12-15","prism:coverDisplayDate":"15 December 2018","prism:doi":"10.1007/s40615-018-0486-x","citedby-count":"0","affiliation": [{"@_fa": "true", "affilname":"St. Louis University","affiliation-city":"St Louis","affiliation-country":"United States"}],"pubmed-id":"29619761","prism:aggregationType":"Journal","subtype":"ar","subtypeDescription":"Article","source-id":"21100779233","openaccess":"0","openaccessFlag":false},{"@_fa": "true", "link": [{"@_fa": "true", "@ref": "self", "@href": "https://api.elsevier.com/content/abstract/scopus_id/85046550317"},{"@_fa": "true", "@ref": "author-affiliation", "@href": "https://api.elsevier.com/content/abstract/scopus_id/85046550317?field=author,affiliation"},{"@_fa": "true", "@ref": "scopus", "@href": "https://www.scopus.com/inward/record.uri?partnerID=HzOxMe3b&scp=85046550317&origin=inward"},{"@_fa": "true", "@ref": "scopus-citedby", "@href": "https://www.scopus.com/inward/citedby.uri?partnerID=HzOxMe3b&scp=85046550317&origin=inward"}],"prism:url":"https://api.elsevier.com/content/abstract/scopus_id/85046550317","dc:identifier":"SCOPUS_ID:85046550317","eid":"2-s2.0-85046550317","dc:title":"Characteristics for the Effectiveness of Women’s Self-Help Groups in Bihar","dc:creator":"Kumar R.","prism:publicationName":"Voluntas","prism:issn":"09578765","prism:volume":"29","prism:issueIdentifier":"6","prism:pageRange":"1283-1299","prism:coverDate":"2018-12-15","prism:coverDisplayDate":"15 December 2018","prism:doi":"10.1007/s11266-018-9995-9","citedby-count":"0","affiliation": [{"@_fa": "true", "affilname":"Indian Institute of Technology Kharagpur","affiliation-city":"Kharagpur","affiliation-country":"India"}],"prism:aggregationType":"Journal","subtype":"ar","subtypeDescription":"Article","source-id":"15725","openaccess":"0","openaccessFlag":false}]}}