{"search-results":{"opensearch:totalResults":"902","opensearch:startIndex":"0","opensearch:itemsPerPage":"25","opensearch:Query":{"@role": "request", "@searchTerms": "TITLE-ABS-KEY(\"client\") AND SUBJAREA(SOCI) AND PUBYEAR = 2019", "@startPage": "0"},"link": [{"@_fa": "true", "@ref": "self", "@href": "https://api.elsevier.com/content/search/scopus?start=0&count=25&query=TITLE-ABS-KEY%28%22client%22%29+AND+SUBJAREA%28SOCI%29+AND+PUBYEAR+%3D+2019&apiKey=27d953b4b546791964ebeb768d13e61f&view=STANDARD", "@type": "application/json"},{"@_fa": "true", "@ref": "first", "@href": "https://api.elsevier.com/content/search/scopus?start=0&count=25&query=TITLE-ABS-KEY%28%22client%22%29+AND+SUBJAREA%28SOCI%29+AND+PUBYEAR+%3D+2019&apiKey=27d953b4b546791964ebeb768d13e61f&view=STANDARD", "@type": "application/json"},{"@_fa": "true", "@ref": "next", "@href": "https://api.elsevier.com/content/search/scopus?start=25&count=25&query=TITLE-ABS-KEY%28%22client%22%29+AND+SUBJAREA%28SOCI%29+AND+PUBYEAR+%3D+2019&apiKey=27d953b4b546791964ebeb768d13e61f&view=STANDARD", "@type": "application/json"},{"@_fa": "true", "@ref": "last", "@href": "https://api.elsevier.com/content/search/scopus?start=877&count=25&query=TITLE-ABS-KEY%28%22client%22%29+AND+SUBJAREA%28SOCI%29+AND+PUBYEAR+%3D+2019&apiKey=27d953b4b546791964ebeb768d13e61f&view=STANDARD", "@type": "application/json"}],"entry": [{"@_fa": "true", "link": [{"@_fa": "true", "@ref": "self", "@href": "https://api.elsevier.com/content/abstract/scopus_id/85064895402"},{"@_fa": "true", "@ref": "author-affiliation", "@href": "https://api.elsevier.com/content/abstract/scopus_id/85064895402?field=author,affiliation"},{"@_fa": "true", "@ref": "scopus", "@href": "https://www.scopus.com/inward/record.uri?partnerID=HzOxMe3b&scp=85064895402&origin=inward"},{"@_fa": "true", "@ref": "scopus-citedby", "@href": "https://www.scopus.com/inward/citedby.uri?partnerID=HzOxMe3b&scp=85064895402&origin=inward"}],"prism:url":"https://api.elsevier.com/content/abstract/scopus_id/85064895402","dc:identifier":"SCOPUS_ID:85064895402","eid":"2-s2.0-85064895402","dc:title":"Navigating intimate sexual partnerships in an era of HIV: dimensions of couple relationship quality and satisfaction among adults in Eswatini and linkages to HIV risk","dc:creator":"Ruark A.","prism:publicationName":"SAHARA J : journal of Social Aspects of HIV/AIDS Research Alliance","prism:eIssn":"18134424","prism:volume":"16","prism:issueIdentifier":"1","prism:pageRange":"10-24","prism:coverDate":"2019-12-01","prism:coverDisplayDate":"1 December 2019","prism:doi":"10.1080/17290376.2019.1604254","citedby-count":"0","affiliation": [{"@_fa": "true", "affilname":"Brown University","affiliation-city":"Providence","affiliation-country":"United States"}],"pubmed-id":"30987536","prism:aggregationType":"Journal","subtype":"ar","subtypeDescription":"Article","source-id":"4700152238","openaccess":"1","openaccessFlag":true},{"@_fa": "true", "link": [{"@_fa": "true", "@ref": "self", "@href": "https://api.elsevier.com/content/abstract/scopus_id/85053841470"},{"@_fa": "true", "@ref": "author-affiliation", "@href": "https://api.elsevier.com/content/abstract/scopus_id/85053841470?field=author,affiliation"},{"@_fa": "true", "@ref": "scopus", "@href": "https://www.scopus.com/inward/record.uri?partnerID=HzOxMe3b&scp=85053841470&origin=inward"},{"@_fa": "true", "@ref": "scopus-citedby", "@href": "https://www.scopus.com/inward/citedby.uri?partnerID=HzOxMe3b&scp=85053841470&origin=inward"}],"prism:url":"https://api.elsevier.com/content/abstract/scopus_id/85053841470","dc:identifier":"SCOPUS_ID:85053841470","eid":"2-s2.0-85053841470","dc:title":"Evaluation of the accuracy, reliability, efficiency, and acceptability of fast forwarding to score problem behavior","dc:creator":"Machado M.","prism:publicationName":"Journal of Applied Behavior Analysis","prism:issn":"00218855","prism:eIssn":"19383703","prism:volume":"52","prism:issueIdentifier":"1","prism:pageRange":"315-334","prism:coverDate":"2019-12-01","prism:coverDisplayDate":"Winter 2019","prism:doi":"10.1002/jaba.510","citedby-count":"0","affiliation": [{"@_fa": "true", "affilname":"University of Alaska Anchorage","affiliation-city":"Anchorage","affiliation-country":"United States"}],"pubmed-id":"30251400","prism:aggregationType":"Journal","subtype":"ar","subtypeDescription":"Article","source-id":"15382","openaccess":"1","openaccessFlag":true},{"@_fa": "true", "link": [{"@_fa": "true", "@ref": "self", "@href": "https://api.elsevier.com/content/abstract/scopus_id/85064133660"},{"@_fa": "true", "@ref": "author-affiliation", "@href": "https://api.elsevier.com/content/abstract/scopus_id/85064133660?field=author,affiliation"},{"@_fa": "true", "@ref": "scopus", "@href": "https://www.scopus.com/inward/record.uri?partnerID=HzOxMe3b&scp=85064133660&origin=inward"},{"@_fa": "true", "@ref": "scopus-citedby", "@href": "https://www.scopus.com/inward/citedby.uri?partnerID=HzOxMe3b&scp=85064133660&origin=inward"}],"prism:url":"https://api.elsevier.com/content/abstract/scopus_id/85064133660","dc:identifier":"SCOPUS_ID:85064133660","eid":"2-s2.0-85064133660","dc:title":"Developing a resilience tool for higher education institutions: A must-have in campus master planning","dc:creator":"Storms K.","prism:publicationName":"Journal of Green Building","prism:issn":"15526100","prism:eIssn":"19434618","prism:volume":"14","prism:issueIdentifier":"1","prism:pageRange":"187-198","prism:coverDate":"2019-12-01","prism:coverDisplayDate":"Winter 2019","prism:doi":"10.3992/1943-4618.14.1.187","citedby-count":"0","affiliation": [{"@_fa": "true", "affilname":"Hanbury","affiliation-city":null,"affiliation-country":"United Kingdom"}],"prism:aggregationType":"Journal","subtype":"ar","subtypeDescription":"Article","source-id":"19700174747","openaccess":"0","openaccessFlag":false},{"@_fa": "true", "link": [{"@_fa": "true", "@ref": "self", "@href": "https://api.elsevier.com/content/abstract/scopus_id/85065786078"},{"@_fa": "true", "@ref": "author-affiliation", "@href": "https://api.elsevier.com/content/abstract/scopus_id/85065786078?field=author,affiliation"},{"@_fa": "true", "@ref": "scopus", "@href": "https://www.scopus.com/inward/record.uri?partnerID=HzOxMe3b&scp=85065786078&origin=inward"},{"@_fa": "true", "@ref": "scopus-citedby", "@href": "https://www.scopus.com/inward/citedby.uri?partnerID=HzOxMe3b&scp=85065786078&origin=inward"},{"@_fa": "true", "@ref": "full-text", "@href": "https://api.elsevier.com/content/article/eid/1-s2.0-S0149718918303549"}],"prism:url":"https://api.elsevier.com/content/abstract/scopus_id/85065786078","dc:identifier":"SCOPUS_ID:85065786078","eid":"2-s2.0-85065786078","dc:title":"Strengths, weaknesses, opportunities, and threats to housing first in Metro Vancouver","dc:creator":"Canham S.","prism:publicationName":"Evaluation and Program Planning","prism:issn":"01497189","prism:volume":"75","prism:pageRange":"69-77","prism:coverDate":"2019-08-01","prism:coverDisplayDate":"August 2019","prism:doi":"10.1016/j.evalprogplan.2019.05.004","pii":"S0149718918303549","citedby-count":"0","affiliation": [{"@_fa": "true", "affilname":"Simon Fraser University","affiliation-city":"Burnaby","affiliation-country":"Canada"}],"prism:aggregationType":"Journal","subtype":"ar","subtypeDescription":"Article","source-id":"26602","openaccess":"0","openaccessFlag":false},{"@_fa": "true", "link": [{"@_fa": "true", "@ref": "self", "@href": "https://api.elsevier.com/content/abstract/scopus_id/85066291628"},{"@_fa": "true", "@ref": "author-affiliation", "@href": "https://api.elsevier.com/content/abstract/scopus_id/85066291628?field=author,affiliation"},{"@_fa": "true", "@ref": "scopus", "@href": "https://www.scopus.com/inward/record.uri?partnerID=HzOxMe3b&scp=85066291628&origin=inward"},{"@_fa": "true", "@ref": "scopus-citedby", "@href": "https://www.scopus.com/inward/citedby.uri?partnerID=HzOxMe3b&scp=85066291628&origin=inward"},{"@_fa": "true", "@ref": "full-text", "@href": "https://api.elsevier.com/content/article/eid/1-s2.0-S0167404818313014"}],"prism:url":"https://api.elsevier.com/content/abstract/scopus_id/85066291628","dc:identifier":"SCOPUS_ID:85066291628","eid":"2-s2.0-85066291628","dc:title":"CertLedger: A new PKI model with Certificate Transparency based on blockchain","dc:creator":"Kubilay M.","prism:publicationName":"Computers and Security","prism:issn":"01674048","prism:volume":"85","prism:pageRange":"333-352","prism:coverDate":"2019-08-01","prism:coverDisplayDate":"August 2019","prism:doi":"10.1016/j.cose.2019.05.013","pii":"S0167404818313014","citedby-count":"0","affiliation": [{"@_fa": "true", "affilname":"Gebze Teknik Üniversitesi","affiliation-city":"Kocaeli","affiliation-country":"Turkey"}],"prism:aggregationType":"Journal","subtype":"ar","subtypeDescription":"Article","source-id":"28898","openaccess":"0","openaccessFlag":false},{"@_fa": "true", "link": [{"@_fa": "true", "@ref": "self", "@href": "https://api.elsevier.com/content/abstract/scopus_id/85066850725"},{"@_fa": "true", "@ref": "author-affiliation", "@href": "https://api.elsevier.com/content/abstract/scopus_id/85066850725?field=author,affiliation"},{"@_fa": "true", "@ref": "scopus", "@href": "https://www.scopus.com/inward/record.uri?partnerID=HzOxMe3b&scp=85066850725&origin=inward"},{"@_fa": "true", "@ref": "scopus-citedby", "@href": "https://www.scopus.com/inward/citedby.uri?partnerID=HzOxMe3b&scp=85066850725&origin=inward"},{"@_fa": "true", "@ref": "full-text", "@href": "https://api.elsevier.com/content/article/eid/1-s2.0-S0260691719301935"}],"prism:url":"https://api.elsevier.com/content/abstract/scopus_id/85066850725","dc:identifier":"SCOPUS_ID:85066850725","eid":"2-s2.0-85066850725","dc:title":"Assessment of interprofessional collaboration before and after a simulated disaster drill experience","dc:creator":"Digregorio H.","prism:publicationName":"Nurse Education Today","prism:issn":"02606917","prism:eIssn":"15322793","prism:volume":"79","prism:pageRange":"194-197","prism:coverDate":"2019-08-01","prism:coverDisplayDate":"August 2019","prism:doi":"10.1016/j.nedt.2019.05.023","pii":"S0260691719301935","citedby-count":"0","affiliation": [{"@_fa": "true", "affilname":"University of Delaware","affiliation-city":"Newark","affiliation-country":"United States"}],"prism:aggregationType":"Journal","subtype":"ar","subtypeDescription":"Article","source-id":"28806","openaccess":"0","openaccessFlag":false},{"@_fa": "true", "link": [{"@_fa": "true", "@ref": "self", "@href": "https://api.elsevier.com/content/abstract/scopus_id/85059467454"},{"@_fa": "true", "@ref": "author-affiliation", "@href": "https://api.elsevier.com/content/abstract/scopus_id/85059467454?field=author,affiliation"},{"@_fa": "true", "@ref": "scopus", "@href": "https://www.scopus.com/inward/record.uri?partnerID=HzOxMe3b&scp=85059467454&origin=inward"},{"@_fa": "true", "@ref": "scopus-citedby", "@href": "https://www.scopus.com/inward/citedby.uri?partnerID=HzOxMe3b&scp=85059467454&origin=inward"},{"@_fa": "true", "@ref": "full-text", "@href": "https://api.elsevier.com/content/article/eid/1-s2.0-S0268401218305504"}],"prism:url":"https://api.elsevier.com/content/abstract/scopus_id/85059467454","dc:identifier":"SCOPUS_ID:85059467454","eid":"2-s2.0-85059467454","dc:title":"Measuring creolization in IT outsourcing: Instrument development and validation","dc:creator":"Ai S.","prism:publicationName":"International Journal of Information Management","prism:issn":"02684012","prism:volume":"47","prism:pageRange":"16-30","prism:coverDate":"2019-08-01","prism:coverDisplayDate":"August 2019","prism:doi":"10.1016/j.ijinfomgt.2018.12.012","pii":"S0268401218305504","citedby-count":"0","affiliation": [{"@_fa": "true", "affilname":"Xidian University","affiliation-city":"Xi'an","affiliation-country":"China"}],"prism:aggregationType":"Journal","subtype":"ar","subtypeDescription":"Article","source-id":"15631","openaccess":"0","openaccessFlag":false},{"@_fa": "true", "link": [{"@_fa": "true", "@ref": "self", "@href": "https://api.elsevier.com/content/abstract/scopus_id/85061187727"},{"@_fa": "true", "@ref": "author-affiliation", "@href": "https://api.elsevier.com/content/abstract/scopus_id/85061187727?field=author,affiliation"},{"@_fa": "true", "@ref": "scopus", "@href": "https://www.scopus.com/inward/record.uri?partnerID=HzOxMe3b&scp=85061187727&origin=inward"},{"@_fa": "true", "@ref": "scopus-citedby", "@href": "https://www.scopus.com/inward/citedby.uri?partnerID=HzOxMe3b&scp=85061187727&origin=inward"},{"@_fa": "true", "@ref": "full-text", "@href": "https://api.elsevier.com/content/article/eid/1-s2.0-S026840121830608X"}],"prism:url":"https://api.elsevier.com/content/abstract/scopus_id/85061187727","dc:identifier":"SCOPUS_ID:85061187727","eid":"2-s2.0-85061187727","dc:title":"20 years of research in microfinance: An information management approach","dc:creator":"Gutiérrez-Nieto B.","prism:publicationName":"International Journal of Information Management","prism:issn":"02684012","prism:volume":"47","prism:pageRange":"183-197","prism:coverDate":"2019-08-01","prism:coverDisplayDate":"August 2019","prism:doi":"10.1016/j.ijinfomgt.2019.01.001","pii":"S026840121830608X","citedby-count":"0","affiliation": [{"@_fa": "true", "affilname":"Universidad de Zaragoza","affiliation-city":"Zaragoza","affiliation-country":"Spain"}],"prism:aggregationType":"Journal","subtype":"ar","subtypeDescription":"Article","source-id":"15631","openaccess":"0","openaccessFlag":false},{"@_fa": "true", "link": [{"@_fa": "true", "@ref": "self", "@href": "https://api.elsevier.com/content/abstract/scopus_id/85064092997"},{"@_fa": "true", "@ref": "author-affiliation", "@href": "https://api.elsevier.com/content/abstract/scopus_id/85064092997?field=author,affiliation"},{"@_fa": "true", "@ref": "scopus", "@href": "https://www.scopus.com/inward/record.uri?partnerID=HzOxMe3b&scp=85064092997&origin=inward"},{"@_fa": "true", "@ref": "scopus-citedby", "@href": "https://www.scopus.com/inward/citedby.uri?partnerID=HzOxMe3b&scp=85064092997&origin=inward"},{"@_fa": "true", "@ref": "full-text", "@href": "https://api.elsevier.com/content/article/eid/1-s2.0-S0149718918302052"}],"prism:url":"https://api.elsevier.com/content/abstract/scopus_id/85064092997","dc:identifier":"SCOPUS_ID:85064092997","eid":"2-s2.0-85064092997","dc:title":"Knowledge translation and implementation of housing first in Canada: A qualitative assessment of capacity building needs for an evidence-based program","dc:creator":"Hasford J.","prism:publicationName":"Evaluation and Program Planning","prism:issn":"01497189","prism:volume":"75","prism:pageRange":"1-9","prism:coverDate":"2019-08-01","prism:coverDisplayDate":"August 2019","prism:doi":"10.1016/j.evalprogplan.2019.03.001","pii":"S0149718918302052","citedby-count":"0","affiliation": [{"@_fa": "true", "affilname":"Ryerson University","affiliation-city":"Toronto","affiliation-country":"Canada"}],"pubmed-id":"30978474","prism:aggregationType":"Journal","subtype":"ar","subtypeDescription":"Article","source-id":"26602","openaccess":"0","openaccessFlag":false},{"@_fa": "true", "link": [{"@_fa": "true", "@ref": "self", "@href": "https://api.elsevier.com/content/abstract/scopus_id/85065828865"},{"@_fa": "true", "@ref": "author-affiliation", "@href": "https://api.elsevier.com/content/abstract/scopus_id/85065828865?field=author,affiliation"},{"@_fa": "true", "@ref": "scopus", "@href": "https://www.scopus.com/inward/record.uri?partnerID=HzOxMe3b&scp=85065828865&origin=inward"},{"@_fa": "true", "@ref": "scopus-citedby", "@href": "https://www.scopus.com/inward/citedby.uri?partnerID=HzOxMe3b&scp=85065828865&origin=inward"},{"@_fa": "true", "@ref": "full-text", "@href": "https://api.elsevier.com/content/article/eid/1-s2.0-S0260691718304842"}],"prism:url":"https://api.elsevier.com/content/abstract/scopus_id/85065828865","dc:identifier":"SCOPUS_ID:85065828865","eid":"2-s2.0-85065828865","dc:title":"Experiential learning of HIV self-test among student nurses: A qualitative study","dc:creator":"Chiou P.","prism:publicationName":"Nurse Education Today","prism:issn":"02606917","prism:eIssn":"15322793","prism:volume":"79","prism:pageRange":"111-116","prism:coverDate":"2019-08-01","prism:coverDisplayDate":"August 2019","prism:doi":"10.1016/j.nedt.2018.11.012","pii":"S0260691718304842","citedby-count":"0","affiliation": [{"@_fa": "true", "affilname":"National Taipei University of Nursing and Health Sciences","affiliation-city":"Taipei","affiliation-country":"Taiwan"}],"prism:aggregationType":"Journal","subtype":"ar","subtypeDescription":"Article","source-id":"28806","openaccess":"0","openaccessFlag":false},{"@_fa": "true", "link": [{"@_fa": "true", "@ref": "self", "@href": "https://api.elsevier.com/content/abstract/scopus_id/85033665590"},{"@_fa": "true", "@ref": "author-affiliation", "@href": "https://api.elsevier.com/content/abstract/scopus_id/85033665590?field=author,affiliation"},{"@_fa": "true", "@ref": "scopus", "@href": "https://www.scopus.com/inward/record.uri?partnerID=HzOxMe3b&scp=85033665590&origin=inward"},{"@_fa": "true", "@ref": "scopus-citedby", "@href": "https://www.scopus.com/inward/citedby.uri?partnerID=HzOxMe3b&scp=85033665590&origin=inward"}],"prism:url":"https://api.elsevier.com/content/abstract/scopus_id/85033665590","dc:identifier":"SCOPUS_ID:85033665590","eid":"2-s2.0-85033665590","dc:title":"‘My profession is gone’: how social workers experience de-professionalization in the Netherlands","dc:creator":"Trappenburg M.","prism:publicationName":"European Journal of Social Work","prism:issn":"13691457","prism:eIssn":"14682664","prism:volume":"22","prism:issueIdentifier":"4","prism:pageRange":"676-689","prism:coverDate":"2019-07-04","prism:coverDisplayDate":"4 July 2019","prism:doi":"10.1080/13691457.2017.1399255","citedby-count":"1","affiliation": [{"@_fa": "true", "affilname":"University of Humanistic Studies","affiliation-city":"Utrecht","affiliation-country":"Netherlands"},{"@_fa": "true", "affilname":"Utrecht School of Governance","affiliation-city":"Utrecht","affiliation-country":"Netherlands"}],"prism:aggregationType":"Journal","subtype":"ar","subtypeDescription":"Article","source-id":"5600153659","openaccess":"0","openaccessFlag":false},{"@_fa": "true", "link": [{"@_fa": "true", "@ref": "self", "@href": "https://api.elsevier.com/content/abstract/scopus_id/85042906650"},{"@_fa": "true", "@ref": "author-affiliation", "@href": "https://api.elsevier.com/content/abstract/scopus_id/85042906650?field=author,affiliation"},{"@_fa": "true", "@ref": "scopus", "@href": "https://www.scopus.com/inward/record.uri?partnerID=HzOxMe3b&scp=85042906650&origin=inward"},{"@_fa": "true", "@ref": "scopus-citedby", "@href": "https://www.scopus.com/inward/citedby.uri?partnerID=HzOxMe3b&scp=85042906650&origin=inward"}],"prism:url":"https://api.elsevier.com/content/abstract/scopus_id/85042906650","dc:identifier":"SCOPUS_ID:85042906650","eid":"2-s2.0-85042906650","dc:title":"Critical reflection of the reintegration process through the lens of gender oppression: the case of social work with mothers in shelters","dc:creator":"Glumbíková K.","prism:publicationName":"European Journal of Social Work","prism:issn":"13691457","prism:eIssn":"14682664","prism:volume":"22","prism:issueIdentifier":"4","prism:pageRange":"575-586","prism:coverDate":"2019-07-04","prism:coverDisplayDate":"4 July 2019","prism:doi":"10.1080/13691457.2018.1441132","citedby-count":"0","affiliation": [{"@_fa": "true", "affilname":"Ostravská Univerzita v Ostrave","affiliation-city":"Ostrava","affiliation-country":"Czech Republic"}],"prism:aggregationType":"Journal","subtype":"ar","subtypeDescription":"Article","source-id":"5600153659","openaccess":"0","openaccessFlag":false},{"@_fa": "true", "link": [{"@_fa": "true", "@ref": "self", "@href": "https://api.elsevier.com/content/abstract/scopus_id/85062355703"},{"@_fa": "true", "@ref": "author-affiliation", "@href": "https://api.elsevier.com/content/abstract/scopus_id/85062355703?field=author,affiliation"},{"@_fa": "true", "@ref": "scopus", "@href": "https://www.scopus.com/inward/record.uri?partnerID=HzOxMe3b&scp=85062355703&origin=inward"},{"@_fa": "true", "@ref": "scopus-citedby", "@href": "https://www.scopus.com/inward/citedby.uri?partnerID=HzOxMe3b&scp=85062355703&origin=inward"}],"prism:url":"https://api.elsevier.com/content/abstract/scopus_id/85062355703","dc:identifier":"SCOPUS_ID:85062355703","eid":"2-s2.0-85062355703","dc:title":"Spiritual Care for Everyone? An Analysis of Personal and Organizational Differences in Perceptions of Religious Diversity among Spiritual Caregivers","dc:creator":"Liefbroer A.","prism:publicationName":"Journal of Health Care Chaplaincy","prism:issn":"08854726","prism:eIssn":"15286916","prism:volume":"25","prism:issueIdentifier":"3","prism:pageRange":"110-129","prism:coverDate":"2019-07-03","prism:coverDisplayDate":"3 July 2019","prism:doi":"10.1080/08854726.2018.1556549","citedby-count":"0","affiliation": [{"@_fa": "true", "affilname":"Vrije Universiteit Amsterdam","affiliation-city":"Amsterdam","affiliation-country":"Netherlands"}],"pubmed-id":"30784358","prism:aggregationType":"Journal","subtype":"ar","subtypeDescription":"Article","source-id":"28811","openaccess":"1","openaccessFlag":true},{"@_fa": "true", "link": [{"@_fa": "true", "@ref": "self", "@href": "https://api.elsevier.com/content/abstract/scopus_id/85050570765"},{"@_fa": "true", "@ref": "author-affiliation", "@href": "https://api.elsevier.com/content/abstract/scopus_id/85050570765?field=author,affiliation"},{"@_fa": "true", "@ref": "scopus", "@href": "https://www.scopus.com/inward/record.uri?partnerID=HzOxMe3b&scp=85050570765&origin=inward"},{"@_fa": "true", "@ref": "scopus-citedby", "@href": "https://www.scopus.com/inward/citedby.uri?partnerID=HzOxMe3b&scp=85050570765&origin=inward"}],"prism:url":"https://api.elsevier.com/content/abstract/scopus_id/85050570765","dc:identifier":"SCOPUS_ID:85050570765","eid":"2-s2.0-85050570765","dc:title":"Conditions for electric vehicle taxi: A case study in the Greater Stockholm region","dc:creator":"Hagman J.","prism:publicationName":"International Journal of Sustainable Transportation","prism:issn":"15568318","prism:eIssn":"15568334","prism:volume":"13","prism:issueIdentifier":"6","prism:pageRange":"450-459","prism:coverDate":"2019-07-03","prism:coverDisplayDate":"3 July 2019","prism:doi":"10.1080/15568318.2018.1481547","citedby-count":"0","affiliation": [{"@_fa": "true", "affilname":"The Royal Institute of Technology (KTH)","affiliation-city":"Stockholm","affiliation-country":"Sweden"}],"prism:aggregationType":"Journal","subtype":"ar","subtypeDescription":"Article","source-id":"19400158456","openaccess":"1","openaccessFlag":true},{"@_fa": "true", "link": [{"@_fa": "true", "@ref": "self", "@href": "https://api.elsevier.com/content/abstract/scopus_id/85063005308"},{"@_fa": "true", "@ref": "author-affiliation", "@href": "https://api.elsevier.com/content/abstract/scopus_id/85063005308?field=author,affiliation"},{"@_fa": "true", "@ref": "scopus", "@href": "https://www.scopus.com/inward/record.uri?partnerID=HzOxMe3b&scp=85063005308&origin=inward"},{"@_fa": "true", "@ref": "scopus-citedby", "@href": "https://www.scopus.com/inward/citedby.uri?partnerID=HzOxMe3b&scp=85063005308&origin=inward"}],"prism:url":"https://api.elsevier.com/content/abstract/scopus_id/85063005308","dc:identifier":"SCOPUS_ID:85063005308","eid":"2-s2.0-85063005308","dc:title":"The effects of a bioresponse system on the joint attention behaviour of adults with visual and severe or profound intellectual disabilities and their affective mutuality with their caregivers","dc:creator":"Frederiks K.","prism:publicationName":"Journal of Applied Research in Intellectual Disabilities","prism:issn":"13602322","prism:eIssn":"14683148","prism:volume":"32","prism:issueIdentifier":"4","prism:pageRange":"890-900","prism:coverDate":"2019-07-01","prism:coverDisplayDate":"July 2019","prism:doi":"10.1111/jar.12581","citedby-count":"0","affiliation": [{"@_fa": "true", "affilname":"Technische Universiteit Eindhoven","affiliation-city":"Eindhoven","affiliation-country":"Netherlands"},{"@_fa": "true", "affilname":"Vrije Universiteit Amsterdam","affiliation-city":"Amsterdam","affiliation-country":"Netherlands"}],"prism:aggregationType":"Journal","subtype":"ar","subtypeDescription":"Article","source-id":"16247","openaccess":"0","openaccessFlag":false},{"@_fa": "true", "link": [{"@_fa": "true", "@ref": "self", "@href": "https://api.elsevier.com/content/abstract/scopus_id/85066953789"},{"@_fa": "true", "@ref": "author-affiliation", "@href": "https://api.elsevier.com/content/abstract/scopus_id/85066953789?field=author,affiliation"},{"@_fa": "true", "@ref": "scopus", "@href": "https://www.scopus.com/inward/record.uri?partnerID=HzOxMe3b&scp=85066953789&origin=inward"},{"@_fa": "true", "@ref": "scopus-citedby", "@href": "https://www.scopus.com/inward/citedby.uri?partnerID=HzOxMe3b&scp=85066953789&origin=inward"},{"@_fa": "true", "@ref": "full-text", "@href": "https://api.elsevier.com/content/article/eid/1-s2.0-S0378216618302996"}],"prism:url":"https://api.elsevier.com/content/abstract/scopus_id/85066953789","dc:identifier":"SCOPUS_ID:85066953789","eid":"2-s2.0-85066953789","dc:title":"“It sounds silly now, but it was important then”: Supporting the significance of a personal experience in psychotherapy","dc:creator":"Burdett M.","prism:publicationName":"Journal of Pragmatics","prism:issn":"03782166","prism:volume":"148","prism:pageRange":"12-25","prism:coverDate":"2019-07-01","prism:coverDisplayDate":"July 2019","prism:doi":"10.1016/j.pragma.2019.05.007","pii":"S0378216618302996","citedby-count":"0","affiliation": [{"@_fa": "true", "affilname":"University of Nottingham","affiliation-city":"Nottingham","affiliation-country":"United Kingdom"}],"prism:aggregationType":"Journal","subtype":"ar","subtypeDescription":"Article","source-id":"26803","openaccess":"0","openaccessFlag":false},{"@_fa": "true", "link": [{"@_fa": "true", "@ref": "self", "@href": "https://api.elsevier.com/content/abstract/scopus_id/85066797638"},{"@_fa": "true", "@ref": "author-affiliation", "@href": "https://api.elsevier.com/content/abstract/scopus_id/85066797638?field=author,affiliation"},{"@_fa": "true", "@ref": "scopus", "@href": "https://www.scopus.com/inward/record.uri?partnerID=HzOxMe3b&scp=85066797638&origin=inward"},{"@_fa": "true", "@ref": "scopus-citedby", "@href": "https://www.scopus.com/inward/citedby.uri?partnerID=HzOxMe3b&scp=85066797638&origin=inward"}],"prism:url":"https://api.elsevier.com/content/abstract/scopus_id/85066797638","dc:identifier":"SCOPUS_ID:85066797638","eid":"2-s2.0-85066797638","dc:title":"Support staff’s perceptions of discontinuing antipsychotics in people with intellectual disabilities in residential care: A mixed-method study","dc:creator":"Kleijwegt B.","prism:publicationName":"Journal of Applied Research in Intellectual Disabilities","prism:issn":"13602322","prism:eIssn":"14683148","prism:volume":"32","prism:issueIdentifier":"4","prism:pageRange":"861-870","prism:coverDate":"2019-07-01","prism:coverDisplayDate":"July 2019","prism:doi":"10.1111/jar.12577","citedby-count":"0","affiliation": [{"@_fa": "true", "affilname":"Hogeschool INHOLLAND","affiliation-city":"Haarlem","affiliation-country":"Netherlands"},{"@_fa": "true", "affilname":"University Medical Center Utrecht","affiliation-city":"Utrecht","affiliation-country":"Netherlands"},{"@_fa": "true", "affilname":"Esdégé-Reigersdaal","affiliation-city":"Heerhugowaard","affiliation-country":"Netherlands"}],"prism:aggregationType":"Journal","subtype":"ar","subtypeDescription":"Article","source-id":"16247","openaccess":"1","openaccessFlag":true},{"@_fa": "true", "link": [{"@_fa": "true", "@ref": "self", "@href": "https://api.elsevier.com/content/abstract/scopus_id/85047857345"},{"@_fa": "true", "@ref": "author-affiliation", "@href": "https://api.elsevier.com/content/abstract/scopus_id/85047857345?field=author,affiliation"},{"@_fa": "true", "@ref": "scopus", "@href": "https://www.scopus.com/inward/record.uri?partnerID=HzOxMe3b&scp=85047857345&origin=inward"},{"@_fa": "true", "@ref": "scopus-citedby", "@href": "https://www.scopus.com/inward/citedby.uri?partnerID=HzOxMe3b&scp=85047857345&origin=inward"}],"prism:url":"https://api.elsevier.com/content/abstract/scopus_id/85047857345","dc:identifier":"SCOPUS_ID:85047857345","eid":"2-s2.0-85047857345","dc:title":"Empowerment and Disempowerment of Workfare Volunteers: A Diachronic Approach to Activation Policy in the Netherlands","dc:creator":"Kampen T.","prism:publicationName":"Social Policy and Society","prism:issn":"14747464","prism:eIssn":"14753073","prism:volume":"18","prism:issueIdentifier":"3","prism:pageRange":"351-364","prism:coverDate":"2019-07-01","prism:coverDisplayDate":"1 July 2019","prism:doi":"10.1017/S1474746418000143","pii":"S1474746418000143","citedby-count":"0","affiliation": [{"@_fa": "true", "affilname":"University for Humanistic Studies","affiliation-city":"Utrecht","affiliation-country":"Netherlands"}],"prism:aggregationType":"Journal","subtype":"re","subtypeDescription":"Review","source-id":"12100155921","openaccess":"1","openaccessFlag":true},{"@_fa": "true", "link": [{"@_fa": "true", "@ref": "self", "@href": "https://api.elsevier.com/content/abstract/scopus_id/85063409561"},{"@_fa": "true", "@ref": "author-affiliation", "@href": "https://api.elsevier.com/content/abstract/scopus_id/85063409561?field=author,affiliation"},{"@_fa": "true", "@ref": "scopus", "@href": "https://www.scopus.com/inward/record.uri?partnerID=HzOxMe3b&scp=85063409561&origin=inward"},{"@_fa": "true", "@ref": "scopus-citedby", "@href": "https://www.scopus.com/inward/citedby.uri?partnerID=HzOxMe3b&scp=85063409561&origin=inward"}],"prism:url":"https://api.elsevier.com/content/abstract/scopus_id/85063409561","dc:identifier":"SCOPUS_ID:85063409561","eid":"2-s2.0-85063409561","dc:title":"Day Labor Agencies, “Backdoor” Hires, and the Spread of Unfree Labor","dc:creator":"Purser G.","prism:publicationName":"Anthropology of Work Review","prism:issn":"0883024X","prism:eIssn":"15481417","prism:volume":"40","prism:issueIdentifier":"1","prism:pageRange":"5-14","prism:coverDate":"2019-07-01","prism:coverDisplayDate":"July 2019","prism:doi":"10.1111/awr.12158","citedby-count":"0","affiliation": [{"@_fa": "true", "affilname":"Syracuse University","affiliation-city":"Syracuse","affiliation-country":"United States"}],"prism:aggregationType":"Journal","subtype":"ar","subtypeDescription":"Article","source-id":"5700169047","openaccess":"0","openaccessFlag":false},{"@_fa": "true", "link": [{"@_fa": "true", "@ref": "self", "@href": "https://api.elsevier.com/content/abstract/scopus_id/85066397351"},{"@_fa": "true", "@ref": "author-affiliation", "@href": "https://api.elsevier.com/content/abstract/scopus_id/85066397351?field=author,affiliation"},{"@_fa": "true", "@ref": "scopus", "@href": "https://www.scopus.com/inward/record.uri?partnerID=HzOxMe3b&scp=85066397351&origin=inward"},{"@_fa": "true", "@ref": "scopus-citedby", "@href": "https://www.scopus.com/inward/citedby.uri?partnerID=HzOxMe3b&scp=85066397351&origin=inward"}],"prism:url":"https://api.elsevier.com/content/abstract/scopus_id/85066397351","dc:identifier":"SCOPUS_ID:85066397351","eid":"2-s2.0-85066397351","dc:title":"Fieldwork placement outcomes for international higher education students: A systematic literature review","dc:creator":"Lee D.","prism:publicationName":"Australian Journal of Career Development","prism:eIssn":"22006974","prism:volume":"28","prism:issueIdentifier":"2","prism:pageRange":"132-150","prism:coverDate":"2019-07-01","prism:coverDisplayDate":"1 July 2019","prism:doi":"10.1177/1038416219843628","citedby-count":"0","affiliation": [{"@_fa": "true", "affilname":"Monash University","affiliation-city":"Melbourne","affiliation-country":"Australia"}],"prism:aggregationType":"Journal","subtype":"ar","subtypeDescription":"Article","source-id":"21100907391","openaccess":"0","openaccessFlag":false},{"@_fa": "true", "link": [{"@_fa": "true", "@ref": "self", "@href": "https://api.elsevier.com/content/abstract/scopus_id/85062700026"},{"@_fa": "true", "@ref": "author-affiliation", "@href": "https://api.elsevier.com/content/abstract/scopus_id/85062700026?field=author,affiliation"},{"@_fa": "true", "@ref": "scopus", "@href": "https://www.scopus.com/inward/record.uri?partnerID=HzOxMe3b&scp=85062700026&origin=inward"},{"@_fa": "true", "@ref": "scopus-citedby", "@href": "https://www.scopus.com/inward/citedby.uri?partnerID=HzOxMe3b&scp=85062700026&origin=inward"}],"prism:url":"https://api.elsevier.com/content/abstract/scopus_id/85062700026","dc:identifier":"SCOPUS_ID:85062700026","eid":"2-s2.0-85062700026","dc:title":"Should countries be more like shopping malls? A proposal for Service Performance Guarantees","dc:creator":"Gelb A.","prism:publicationName":"Development Policy Review","prism:issn":"09506764","prism:eIssn":"14677679","prism:volume":"37","prism:issueIdentifier":"4","prism:pageRange":"526-545","prism:coverDate":"2019-07-01","prism:coverDisplayDate":"July 2019","prism:doi":"10.1111/dpr.12369","citedby-count":"0","affiliation": [{"@_fa": "true", "affilname":"Center for Global Development","affiliation-city":"Washington, D.C.","affiliation-country":"United States"}],"prism:aggregationType":"Journal","subtype":"ar","subtypeDescription":"Article","source-id":"14103","openaccess":"0","openaccessFlag":false},{"@_fa": "true", "link": [{"@_fa": "true", "@ref": "self", "@href": "https://api.elsevier.com/content/abstract/scopus_id/85066733833"},{"@_fa": "true", "@ref": "author-affiliation", "@href": "https://api.elsevier.com/content/abstract/scopus_id/85066733833?field=author,affiliation"},{"@_fa": "true", "@ref": "scopus", "@href": "https://www.scopus.com/inward/record.uri?partnerID=HzOxMe3b&scp=85066733833&origin=inward"},{"@_fa": "true", "@ref": "scopus-citedby", "@href": "https://www.scopus.com/inward/citedby.uri?partnerID=HzOxMe3b&scp=85066733833&origin=inward"}],"prism:url":"https://api.elsevier.com/content/abstract/scopus_id/85066733833","dc:identifier":"SCOPUS_ID:85066733833","eid":"2-s2.0-85066733833","dc:title":"'So long as there's hair there still': Displaying lack of interest as a practice for negotiating social norms of appearance for older women","dc:creator":"Heinrichsmeier R.","prism:publicationName":"Ageing and Society","prism:issn":"0144686X","prism:eIssn":"14691779","prism:volume":"39","prism:issueIdentifier":"7","prism:pageRange":"1360-1386","prism:coverDate":"2019-07-01","prism:coverDisplayDate":"1 July 2019","prism:doi":"10.1017/S0144686X17001544","pii":"S0144686X17001544","citedby-count":"0","affiliation": [{"@_fa": "true", "affilname":"King's College London","affiliation-city":"London","affiliation-country":"United Kingdom"}],"prism:aggregationType":"Journal","subtype":"ar","subtypeDescription":"Article","source-id":"28471","openaccess":"0","openaccessFlag":false},{"@_fa": "true", "link": [{"@_fa": "true", "@ref": "self", "@href": "https://api.elsevier.com/content/abstract/scopus_id/85064177669"},{"@_fa": "true", "@ref": "author-affiliation", "@href": "https://api.elsevier.com/content/abstract/scopus_id/85064177669?field=author,affiliation"},{"@_fa": "true", "@ref": "scopus", "@href": "https://www.scopus.com/inward/record.uri?partnerID=HzOxMe3b&scp=85064177669&origin=inward"},{"@_fa": "true", "@ref": "scopus-citedby", "@href": "https://www.scopus.com/inward/citedby.uri?partnerID=HzOxMe3b&scp=85064177669&origin=inward"}],"prism:url":"https://api.elsevier.com/content/abstract/scopus_id/85064177669","dc:identifier":"SCOPUS_ID:85064177669","eid":"2-s2.0-85064177669","dc:title":"Improving procedural fidelity of behavioural interventions for people with intellectual and developmental disabilities: A systematic review","dc:creator":"Brady L.","prism:publicationName":"Journal of Applied Research in Intellectual Disabilities","prism:issn":"13602322","prism:eIssn":"14683148","prism:volume":"32","prism:issueIdentifier":"4","prism:pageRange":"762-778","prism:coverDate":"2019-07-01","prism:coverDisplayDate":"July 2019","prism:doi":"10.1111/jar.12585","citedby-count":"0","affiliation": [{"@_fa": "true", "affilname":"University of Kent","affiliation-city":"Canterbury","affiliation-country":"United Kingdom"}],"pubmed-id":"30968529","prism:aggregationType":"Journal","subtype":"re","subtypeDescription":"Review","source-id":"16247","openaccess":"0","openaccessFlag":false},{"@_fa": "true", "link": [{"@_fa": "true", "@ref": "self", "@href": "https://api.elsevier.com/content/abstract/scopus_id/85062959601"},{"@_fa": "true", "@ref": "author-affiliation", "@href": "https://api.elsevier.com/content/abstract/scopus_id/85062959601?field=author,affiliation"},{"@_fa": "true", "@ref": "scopus", "@href": "https://www.scopus.com/inward/record.uri?partnerID=HzOxMe3b&scp=85062959601&origin=inward"},{"@_fa": "true", "@ref": "scopus-citedby", "@href": "https://www.scopus.com/inward/citedby.uri?partnerID=HzOxMe3b&scp=85062959601&origin=inward"},{"@_fa": "true", "@ref": "full-text", "@href": "https://api.elsevier.com/content/article/eid/1-s2.0-S1472811718303264"}],"prism:url":"https://api.elsevier.com/content/abstract/scopus_id/85062959601","dc:identifier":"SCOPUS_ID:85062959601","eid":"2-s2.0-85062959601","dc:title":"Exploring MBA student perceptions of their preparation and readiness for the profession after completing real-world industry projects","dc:creator":"Witt C.","prism:publicationName":"International Journal of Management Education","prism:issn":"14728117","prism:volume":"17","prism:issueIdentifier":"2","prism:pageRange":"214-225","prism:coverDate":"2019-07-01","prism:coverDisplayDate":"July 2019","prism:doi":"10.1016/j.ijme.2019.02.003","pii":"S1472811718303264","citedby-count":"0","affiliation": [{"@_fa": "true", "affilname":"California State University, Chico","affiliation-city":"Chico","affiliation-country":"United States"}],"prism:aggregationType":"Journal","subtype":"ar","subtypeDescription":"Article","source-id":"21100206607","openaccess":"0","openaccessFlag":false},{"@_fa": "true", "link": [{"@_fa": "true", "@ref": "self", "@href": "https://api.elsevier.com/content/abstract/scopus_id/85062693490"},{"@_fa": "true", "@ref": "author-affiliation", "@href": "https://api.elsevier.com/content/abstract/scopus_id/85062693490?field=author,affiliation"},{"@_fa": "true", "@ref": "scopus", "@href": "https://www.scopus.com/inward/record.uri?partnerID=HzOxMe3b&scp=85062693490&origin=inward"},{"@_fa": "true", "@ref": "scopus-citedby", "@href": "https://www.scopus.com/inward/citedby.uri?partnerID=HzOxMe3b&scp=85062693490&origin=inward"}],"prism:url":"https://api.elsevier.com/content/abstract/scopus_id/85062693490","dc:identifier":"SCOPUS_ID:85062693490","eid":"2-s2.0-85062693490","dc:title":"Substance use among individuals with mild intellectual disability or borderline intellectual functioning in residential care: Examining the relationship between drinking motives and substance use","dc:creator":"Schijven E.","prism:publicationName":"Journal of Applied Research in Intellectual Disabilities","prism:issn":"13602322","prism:eIssn":"14683148","prism:volume":"32","prism:issueIdentifier":"4","prism:pageRange":"871-878","prism:coverDate":"2019-07-01","prism:coverDisplayDate":"July 2019","prism:doi":"10.1111/jar.12578","citedby-count":"0","affiliation": [{"@_fa": "true", "affilname":"Radboud University Nijmegen","affiliation-city":"Nijmegen","affiliation-country":"Netherlands"},{"@_fa": "true", "affilname":"Pluryn Research and Development","affiliation-city":"Nijmegen","affiliation-country":"Netherlands"}],"prism:aggregationType":"Journal","subtype":"ar","subtypeDescription":"Article","source-id":"16247","openaccess":"1","openaccessFlag":true}]}}