{"search-results":{"opensearch:totalResults":"1857","opensearch:startIndex":"0","opensearch:itemsPerPage":"25","opensearch:Query":{"@role": "request", "@searchTerms": "TITLE-ABS-KEY(\"client\") AND SUBJAREA(SOCI) AND PUBYEAR = 2018", "@startPage": "0"},"link": [{"@_fa": "true", "@ref": "self", "@href": "https://api.elsevier.com/content/search/scopus?start=0&count=25&query=TITLE-ABS-KEY%28%22client%22%29+AND+SUBJAREA%28SOCI%29+AND+PUBYEAR+%3D+2018&apiKey=27d953b4b546791964ebeb768d13e61f&view=STANDARD", "@type": "application/json"},{"@_fa": "true", "@ref": "first", "@href": "https://api.elsevier.com/content/search/scopus?start=0&count=25&query=TITLE-ABS-KEY%28%22client%22%29+AND+SUBJAREA%28SOCI%29+AND+PUBYEAR+%3D+2018&apiKey=27d953b4b546791964ebeb768d13e61f&view=STANDARD", "@type": "application/json"},{"@_fa": "true", "@ref": "next", "@href": "https://api.elsevier.com/content/search/scopus?start=25&count=25&query=TITLE-ABS-KEY%28%22client%22%29+AND+SUBJAREA%28SOCI%29+AND+PUBYEAR+%3D+2018&apiKey=27d953b4b546791964ebeb768d13e61f&view=STANDARD", "@type": "application/json"},{"@_fa": "true", "@ref": "last", "@href": "https://api.elsevier.com/content/search/scopus?start=1832&count=25&query=TITLE-ABS-KEY%28%22client%22%29+AND+SUBJAREA%28SOCI%29+AND+PUBYEAR+%3D+2018&apiKey=27d953b4b546791964ebeb768d13e61f&view=STANDARD", "@type": "application/json"}],"entry": [{"@_fa": "true", "link": [{"@_fa": "true", "@ref": "self", "@href": "https://api.elsevier.com/content/abstract/scopus_id/85048539464"},{"@_fa": "true", "@ref": "author-affiliation", "@href": "https://api.elsevier.com/content/abstract/scopus_id/85048539464?field=author,affiliation"},{"@_fa": "true", "@ref": "scopus", "@href": "https://www.scopus.com/inward/record.uri?partnerID=HzOxMe3b&scp=85048539464&origin=inward"},{"@_fa": "true", "@ref": "scopus-citedby", "@href": "https://www.scopus.com/inward/citedby.uri?partnerID=HzOxMe3b&scp=85048539464&origin=inward"},{"@_fa": "true", "@ref": "full-text", "@href": "https://api.elsevier.com/content/article/eid/1-s2.0-S0264275117310156"}],"prism:url":"https://api.elsevier.com/content/abstract/scopus_id/85048539464","dc:identifier":"SCOPUS_ID:85048539464","eid":"2-s2.0-85048539464","dc:title":"The growing activities of informal rental agents in the urban housing market of Kumasi, Ghana","dc:creator":"Akaabre P.","prism:publicationName":"Cities","prism:issn":"02642751","prism:volume":"83","prism:pageRange":"34-43","prism:coverDate":"2018-12-31","prism:coverDisplayDate":"31 December 2018","prism:doi":"10.1016/j.cities.2018.06.006","pii":"S0264275117310156","citedby-count":"0","affiliation": [{"@_fa": "true", "affilname":"Kwame Nkrumah University of Science and Technology","affiliation-city":"Kumasi","affiliation-country":"Ghana"}],"prism:aggregationType":"Journal","subtype":"ar","subtypeDescription":"Article","source-id":"16956","openaccess":"0","openaccessFlag":false},{"@_fa": "true", "link": [{"@_fa": "true", "@ref": "self", "@href": "https://api.elsevier.com/content/abstract/scopus_id/85061047103"},{"@_fa": "true", "@ref": "author-affiliation", "@href": "https://api.elsevier.com/content/abstract/scopus_id/85061047103?field=author,affiliation"},{"@_fa": "true", "@ref": "scopus", "@href": "https://www.scopus.com/inward/record.uri?partnerID=HzOxMe3b&scp=85061047103&origin=inward"},{"@_fa": "true", "@ref": "scopus-citedby", "@href": "https://www.scopus.com/inward/citedby.uri?partnerID=HzOxMe3b&scp=85061047103&origin=inward"}],"prism:url":"https://api.elsevier.com/content/abstract/scopus_id/85061047103","dc:identifier":"SCOPUS_ID:85061047103","eid":"2-s2.0-85061047103","dc:title":"Mining threat intelligence about open-source projects and libraries from code repository issues and bug reports","dc:creator":"Neil L.","prism:publicationName":"2018 IEEE International Conference on Intelligence and Security Informatics, ISI 2018","prism:isbn": [{"@_fa": "true", "$" :"9781538678480"}],"prism:pageRange":"7-12","prism:coverDate":"2018-12-24","prism:coverDisplayDate":"24 December 2018","prism:doi":"10.1109/ISI.2018.8587375","citedby-count":"0","affiliation": [{"@_fa": "true", "affilname":"University of Maryland, Baltimore","affiliation-city":"Baltimore","affiliation-country":"United States"}],"prism:aggregationType":"Conference Proceeding","subtype":"cp","subtypeDescription":"Conference Paper","article-number":"8587375","source-id":"21100897135","openaccess":"0","openaccessFlag":false},{"@_fa": "true", "link": [{"@_fa": "true", "@ref": "self", "@href": "https://api.elsevier.com/content/abstract/scopus_id/85058915805"},{"@_fa": "true", "@ref": "author-affiliation", "@href": "https://api.elsevier.com/content/abstract/scopus_id/85058915805?field=author,affiliation"},{"@_fa": "true", "@ref": "scopus", "@href": "https://www.scopus.com/inward/record.uri?partnerID=HzOxMe3b&scp=85058915805&origin=inward"},{"@_fa": "true", "@ref": "scopus-citedby", "@href": "https://www.scopus.com/inward/citedby.uri?partnerID=HzOxMe3b&scp=85058915805&origin=inward"}],"prism:url":"https://api.elsevier.com/content/abstract/scopus_id/85058915805","dc:identifier":"SCOPUS_ID:85058915805","eid":"2-s2.0-85058915805","dc:title":"Developing an ethics support tool for dealing with dilemmas around client autonomy based on moral case deliberations","dc:creator":"Hartman L.","prism:publicationName":"BMC Medical Ethics","prism:eIssn":"14726939","prism:volume":"19","prism:issueIdentifier":"1","prism:pageRange":null,"prism:coverDate":"2018-12-22","prism:coverDisplayDate":"22 December 2018","prism:doi":"10.1186/s12910-018-0335-9","citedby-count":"0","affiliation": [{"@_fa": "true", "affilname":"Amsterdam UMC - Vrije Universiteit Amsterdam","affiliation-city":"Amsterdam","affiliation-country":"Netherlands"}],"pubmed-id":"30577790","prism:aggregationType":"Journal","subtype":"ar","subtypeDescription":"Article","article-number":"97","source-id":"28100","openaccess":"1","openaccessFlag":true},{"@_fa": "true", "link": [{"@_fa": "true", "@ref": "self", "@href": "https://api.elsevier.com/content/abstract/scopus_id/85061042337"},{"@_fa": "true", "@ref": "author-affiliation", "@href": "https://api.elsevier.com/content/abstract/scopus_id/85061042337?field=author,affiliation"},{"@_fa": "true", "@ref": "scopus", "@href": "https://www.scopus.com/inward/record.uri?partnerID=HzOxMe3b&scp=85061042337&origin=inward"},{"@_fa": "true", "@ref": "scopus-citedby", "@href": "https://www.scopus.com/inward/citedby.uri?partnerID=HzOxMe3b&scp=85061042337&origin=inward"}],"prism:url":"https://api.elsevier.com/content/abstract/scopus_id/85061042337","dc:identifier":"SCOPUS_ID:85061042337","eid":"2-s2.0-85061042337","dc:title":"Clusterization of Clients for Location Making Decisions of Logistics Facilities","dc:creator":"Gonzalez La Rotta E.","prism:publicationName":"2018 Congreso Internacional de Innovacion y Tendencias en Ingenieria, CONIITI 2018 - Proceedings","prism:isbn": [{"@_fa": "true", "$" :"9781538681312"}],"prism:pageRange":null,"prism:coverDate":"2018-12-21","prism:coverDisplayDate":"21 December 2018","prism:doi":"10.1109/CONIITI.2018.8587093","citedby-count":"0","affiliation": [{"@_fa": "true", "affilname":"Catholic University of Colombia","affiliation-city":"Bogota","affiliation-country":"Colombia"}],"prism:aggregationType":"Conference Proceeding","subtype":"cp","subtypeDescription":"Conference Paper","article-number":"8587093","source-id":"21100897131","openaccess":"0","openaccessFlag":false},{"@_fa": "true", "link": [{"@_fa": "true", "@ref": "self", "@href": "https://api.elsevier.com/content/abstract/scopus_id/85061024555"},{"@_fa": "true", "@ref": "author-affiliation", "@href": "https://api.elsevier.com/content/abstract/scopus_id/85061024555?field=author,affiliation"},{"@_fa": "true", "@ref": "scopus", "@href": "https://www.scopus.com/inward/record.uri?partnerID=HzOxMe3b&scp=85061024555&origin=inward"},{"@_fa": "true", "@ref": "scopus-citedby", "@href": "https://www.scopus.com/inward/citedby.uri?partnerID=HzOxMe3b&scp=85061024555&origin=inward"}],"prism:url":"https://api.elsevier.com/content/abstract/scopus_id/85061024555","dc:identifier":"SCOPUS_ID:85061024555","eid":"2-s2.0-85061024555","dc:title":"VRIMP: Virtual Reality System for Impulsivity Assessment","dc:creator":"Arguelles D.","prism:publicationName":"2018 Congreso Internacional de Innovacion y Tendencias en Ingenieria, CONIITI 2018 - Proceedings","prism:isbn": [{"@_fa": "true", "$" :"9781538681312"}],"prism:pageRange":null,"prism:coverDate":"2018-12-21","prism:coverDisplayDate":"21 December 2018","prism:doi":"10.1109/CONIITI.2018.8587078","citedby-count":"0","affiliation": [{"@_fa": "true", "affilname":"Universidad de san Buenaventura, Bogota","affiliation-city":"Bogotá","affiliation-country":"Colombia"}],"prism:aggregationType":"Conference Proceeding","subtype":"cp","subtypeDescription":"Conference Paper","article-number":"8587078","source-id":"21100897131","openaccess":"0","openaccessFlag":false},{"@_fa": "true", "link": [{"@_fa": "true", "@ref": "self", "@href": "https://api.elsevier.com/content/abstract/scopus_id/85061056670"},{"@_fa": "true", "@ref": "author-affiliation", "@href": "https://api.elsevier.com/content/abstract/scopus_id/85061056670?field=author,affiliation"},{"@_fa": "true", "@ref": "scopus", "@href": "https://www.scopus.com/inward/record.uri?partnerID=HzOxMe3b&scp=85061056670&origin=inward"},{"@_fa": "true", "@ref": "scopus-citedby", "@href": "https://www.scopus.com/inward/citedby.uri?partnerID=HzOxMe3b&scp=85061056670&origin=inward"}],"prism:url":"https://api.elsevier.com/content/abstract/scopus_id/85061056670","dc:identifier":"SCOPUS_ID:85061056670","eid":"2-s2.0-85061056670","dc:title":"Comparative Study of Adaptive Streaming Techniques in LTE Networks Using QoE Metrics","dc:creator":"Bermudez H.","prism:publicationName":"2018 Congreso Internacional de Innovacion y Tendencias en Ingenieria, CONIITI 2018 - Proceedings","prism:isbn": [{"@_fa": "true", "$" :"9781538681312"}],"prism:pageRange":null,"prism:coverDate":"2018-12-21","prism:coverDisplayDate":"21 December 2018","prism:doi":"10.1109/CONIITI.2018.8587101","citedby-count":"0","affiliation": [{"@_fa": "true", "affilname":"Universidad del Cauca","affiliation-city":"Popayan","affiliation-country":"Colombia"}],"prism:aggregationType":"Conference Proceeding","subtype":"cp","subtypeDescription":"Conference Paper","article-number":"8587101","source-id":"21100897131","openaccess":"0","openaccessFlag":false},{"@_fa": "true", "link": [{"@_fa": "true", "@ref": "self", "@href": "https://api.elsevier.com/content/abstract/scopus_id/85061028982"},{"@_fa": "true", "@ref": "author-affiliation", "@href": "https://api.elsevier.com/content/abstract/scopus_id/85061028982?field=author,affiliation"},{"@_fa": "true", "@ref": "scopus", "@href": "https://www.scopus.com/inward/record.uri?partnerID=HzOxMe3b&scp=85061028982&origin=inward"},{"@_fa": "true", "@ref": "scopus-citedby", "@href": "https://www.scopus.com/inward/citedby.uri?partnerID=HzOxMe3b&scp=85061028982&origin=inward"}],"prism:url":"https://api.elsevier.com/content/abstract/scopus_id/85061028982","dc:identifier":"SCOPUS_ID:85061028982","eid":"2-s2.0-85061028982","dc:title":"Comparative Study of Methods to Improve Administrative Processes in a Organization","dc:creator":"Delgado A.","prism:publicationName":"2018 Congreso Internacional de Innovacion y Tendencias en Ingenieria, CONIITI 2018 - Proceedings","prism:isbn": [{"@_fa": "true", "$" :"9781538681312"}],"prism:pageRange":null,"prism:coverDate":"2018-12-21","prism:coverDisplayDate":"21 December 2018","prism:doi":"10.1109/CONIITI.2018.8587055","citedby-count":"0","affiliation": [{"@_fa": "true", "affilname":"Pontificia Universidad Catolica del Peru","affiliation-city":"Lima","affiliation-country":"Peru"}],"prism:aggregationType":"Conference Proceeding","subtype":"cp","subtypeDescription":"Conference Paper","article-number":"8587055","source-id":"21100897131","openaccess":"0","openaccessFlag":false},{"@_fa": "true", "link": [{"@_fa": "true", "@ref": "self", "@href": "https://api.elsevier.com/content/abstract/scopus_id/85058884657"},{"@_fa": "true", "@ref": "author-affiliation", "@href": "https://api.elsevier.com/content/abstract/scopus_id/85058884657?field=author,affiliation"},{"@_fa": "true", "@ref": "scopus", "@href": "https://www.scopus.com/inward/record.uri?partnerID=HzOxMe3b&scp=85058884657&origin=inward"},{"@_fa": "true", "@ref": "scopus-citedby", "@href": "https://www.scopus.com/inward/citedby.uri?partnerID=HzOxMe3b&scp=85058884657&origin=inward"}],"prism:url":"https://api.elsevier.com/content/abstract/scopus_id/85058884657","dc:identifier":"SCOPUS_ID:85058884657","eid":"2-s2.0-85058884657","dc:title":"Experiences of pre-hospital emergency medical personnel in ethical decision-making: A qualitative study","dc:creator":"Torabi M.","prism:publicationName":"BMC Medical Ethics","prism:eIssn":"14726939","prism:volume":"19","prism:issueIdentifier":"1","prism:pageRange":null,"prism:coverDate":"2018-12-19","prism:coverDisplayDate":"19 December 2018","prism:doi":"10.1186/s12910-018-0334-x","citedby-count":"0","affiliation": [{"@_fa": "true", "affilname":"Hamedan University of Medical Sciences","affiliation-city":"Hamadan","affiliation-country":"Iran"}],"pubmed-id":"30567524","prism:aggregationType":"Journal","subtype":"ar","subtypeDescription":"Article","article-number":"95","source-id":"28100","openaccess":"1","openaccessFlag":true},{"@_fa": "true", "link": [{"@_fa": "true", "@ref": "self", "@href": "https://api.elsevier.com/content/abstract/scopus_id/85061273109"},{"@_fa": "true", "@ref": "author-affiliation", "@href": "https://api.elsevier.com/content/abstract/scopus_id/85061273109?field=author,affiliation"},{"@_fa": "true", "@ref": "scopus", "@href": "https://www.scopus.com/inward/record.uri?partnerID=HzOxMe3b&scp=85061273109&origin=inward"},{"@_fa": "true", "@ref": "scopus-citedby", "@href": "https://www.scopus.com/inward/citedby.uri?partnerID=HzOxMe3b&scp=85061273109&origin=inward"}],"prism:url":"https://api.elsevier.com/content/abstract/scopus_id/85061273109","dc:identifier":"SCOPUS_ID:85061273109","eid":"2-s2.0-85061273109","dc:title":"Mayall: A framework for desktop javascript auditing and post-exploitation analysis","dc:creator":"Rapley A.","prism:publicationName":"Informatics","prism:eIssn":"22279709","prism:volume":"5","prism:issueIdentifier":"4","prism:pageRange":null,"prism:coverDate":"2018-12-17","prism:coverDisplayDate":"17 December 2018","prism:doi":"10.3390/informatics5040046","citedby-count":"0","affiliation": [{"@_fa": "true", "affilname":"Abertay University","affiliation-city":"Dundee","affiliation-country":"United Kingdom"}],"prism:aggregationType":"Journal","subtype":"ar","subtypeDescription":"Article","article-number":"46","source-id":"21100897717","openaccess":"1","openaccessFlag":true},{"@_fa": "true", "link": [{"@_fa": "true", "@ref": "self", "@href": "https://api.elsevier.com/content/abstract/scopus_id/85061917365"},{"@_fa": "true", "@ref": "author-affiliation", "@href": "https://api.elsevier.com/content/abstract/scopus_id/85061917365?field=author,affiliation"},{"@_fa": "true", "@ref": "scopus", "@href": "https://www.scopus.com/inward/record.uri?partnerID=HzOxMe3b&scp=85061917365&origin=inward"},{"@_fa": "true", "@ref": "scopus-citedby", "@href": "https://www.scopus.com/inward/citedby.uri?partnerID=HzOxMe3b&scp=85061917365&origin=inward"}],"prism:url":"https://api.elsevier.com/content/abstract/scopus_id/85061917365","dc:identifier":"SCOPUS_ID:85061917365","eid":"2-s2.0-85061917365","dc:title":"Student Engagement with Rubrics to Promote Enhanced Written Communication of Health Information","dc:creator":"Kedrowicz A.","prism:publicationName":"Medical Science Educator","prism:eIssn":"21568650","prism:volume":"28","prism:issueIdentifier":"4","prism:pageRange":"591-596","prism:coverDate":"2018-12-15","prism:coverDisplayDate":"15 December 2018","prism:doi":"10.1007/s40670-018-0608-4","citedby-count":"0","affiliation": [{"@_fa": "true", "affilname":"North Carolina State University","affiliation-city":"Raleigh","affiliation-country":"United States"}],"prism:aggregationType":"Journal","subtype":"ar","subtypeDescription":"Article","source-id":"21100897004","openaccess":"0","openaccessFlag":false},{"@_fa": "true", "link": [{"@_fa": "true", "@ref": "self", "@href": "https://api.elsevier.com/content/abstract/scopus_id/85056794711"},{"@_fa": "true", "@ref": "author-affiliation", "@href": "https://api.elsevier.com/content/abstract/scopus_id/85056794711?field=author,affiliation"},{"@_fa": "true", "@ref": "scopus", "@href": "https://www.scopus.com/inward/record.uri?partnerID=HzOxMe3b&scp=85056794711&origin=inward"},{"@_fa": "true", "@ref": "scopus-citedby", "@href": "https://www.scopus.com/inward/citedby.uri?partnerID=HzOxMe3b&scp=85056794711&origin=inward"}],"prism:url":"https://api.elsevier.com/content/abstract/scopus_id/85056794711","dc:identifier":"SCOPUS_ID:85056794711","eid":"2-s2.0-85056794711","dc:title":"On the ground insights from disability professionals supporting people with intellectual disability who have experienced sexual violence","dc:creator":"Fraser-Barbour E.","prism:publicationName":"Journal of Adult Protection","prism:issn":"14668203","prism:volume":"20","prism:issueIdentifier":"5-6","prism:pageRange":"207-220","prism:coverDate":"2018-12-10","prism:coverDisplayDate":"10 December 2018","prism:doi":"10.1108/JAP-04-2018-0006","citedby-count":"0","affiliation": [{"@_fa": "true", "affilname":"Flinders University","affiliation-city":"Adelaide","affiliation-country":"Australia"}],"prism:aggregationType":"Journal","subtype":"ar","subtypeDescription":"Article","source-id":"5800207391","openaccess":"0","openaccessFlag":false},{"@_fa": "true", "link": [{"@_fa": "true", "@ref": "self", "@href": "https://api.elsevier.com/content/abstract/scopus_id/85058171069"},{"@_fa": "true", "@ref": "author-affiliation", "@href": "https://api.elsevier.com/content/abstract/scopus_id/85058171069?field=author,affiliation"},{"@_fa": "true", "@ref": "scopus", "@href": "https://www.scopus.com/inward/record.uri?partnerID=HzOxMe3b&scp=85058171069&origin=inward"},{"@_fa": "true", "@ref": "scopus-citedby", "@href": "https://www.scopus.com/inward/citedby.uri?partnerID=HzOxMe3b&scp=85058171069&origin=inward"}],"prism:url":"https://api.elsevier.com/content/abstract/scopus_id/85058171069","dc:identifier":"SCOPUS_ID:85058171069","eid":"2-s2.0-85058171069","dc:title":"Consistent registration and discovery scheme for devices and web service providers based on RAML using embedded RD in OCF IoT network","dc:creator":"Jin W.","prism:publicationName":"Sustainability (Switzerland)","prism:eIssn":"20711050","prism:volume":"10","prism:issueIdentifier":"12","prism:pageRange":null,"prism:coverDate":"2018-12-10","prism:coverDisplayDate":"10 December 2018","prism:doi":"10.3390/su10124706","citedby-count":"2","affiliation": [{"@_fa": "true", "affilname":"Jeju National University","affiliation-city":"Jeju","affiliation-country":"South Korea"}],"prism:aggregationType":"Journal","subtype":"ar","subtypeDescription":"Article","article-number":"4706","source-id":"21100240100","openaccess":"1","openaccessFlag":true},{"@_fa": "true", "link": [{"@_fa": "true", "@ref": "self", "@href": "https://api.elsevier.com/content/abstract/scopus_id/85055988894"},{"@_fa": "true", "@ref": "author-affiliation", "@href": "https://api.elsevier.com/content/abstract/scopus_id/85055988894?field=author,affiliation"},{"@_fa": "true", "@ref": "scopus", "@href": "https://www.scopus.com/inward/record.uri?partnerID=HzOxMe3b&scp=85055988894&origin=inward"},{"@_fa": "true", "@ref": "scopus-citedby", "@href": "https://www.scopus.com/inward/citedby.uri?partnerID=HzOxMe3b&scp=85055988894&origin=inward"}],"prism:url":"https://api.elsevier.com/content/abstract/scopus_id/85055988894","dc:identifier":"SCOPUS_ID:85055988894","eid":"2-s2.0-85055988894","dc:title":"An approach for the protection of users’ book browsing preference privacy in a digital library","dc:creator":"Wu Z.","prism:publicationName":"Electronic Library","prism:issn":"02640473","prism:volume":"36","prism:issueIdentifier":"6","prism:pageRange":"1154-1166","prism:coverDate":"2018-12-10","prism:coverDisplayDate":"10 December 2018","prism:doi":"10.1108/EL-07-2017-0162","citedby-count":"0","affiliation": [{"@_fa": "true", "affilname":"Wenzhou University","affiliation-city":"Wenzhou","affiliation-country":"China"}],"prism:aggregationType":"Journal","subtype":"ar","subtypeDescription":"Article","source-id":"15420","openaccess":"0","openaccessFlag":false},{"@_fa": "true", "link": [{"@_fa": "true", "@ref": "self", "@href": "https://api.elsevier.com/content/abstract/scopus_id/85054036269"},{"@_fa": "true", "@ref": "author-affiliation", "@href": "https://api.elsevier.com/content/abstract/scopus_id/85054036269?field=author,affiliation"},{"@_fa": "true", "@ref": "scopus", "@href": "https://www.scopus.com/inward/record.uri?partnerID=HzOxMe3b&scp=85054036269&origin=inward"},{"@_fa": "true", "@ref": "scopus-citedby", "@href": "https://www.scopus.com/inward/citedby.uri?partnerID=HzOxMe3b&scp=85054036269&origin=inward"}],"prism:url":"https://api.elsevier.com/content/abstract/scopus_id/85054036269","dc:identifier":"SCOPUS_ID:85054036269","eid":"2-s2.0-85054036269","dc:title":"DRAA e-resources usage statistics services in China: research and practice","dc:creator":"Ye L.","prism:publicationName":"Electronic Library","prism:issn":"02640473","prism:volume":"36","prism:issueIdentifier":"6","prism:pageRange":"1043-1061","prism:coverDate":"2018-12-10","prism:coverDisplayDate":"10 December 2018","prism:doi":"10.1108/EL-01-2018-0002","citedby-count":"0","affiliation": [{"@_fa": "true", "affilname":"Shenzhen University","affiliation-city":"Shenzhen","affiliation-country":"China"}],"prism:aggregationType":"Journal","subtype":"ar","subtypeDescription":"Article","source-id":"15420","openaccess":"0","openaccessFlag":false},{"@_fa": "true", "link": [{"@_fa": "true", "@ref": "self", "@href": "https://api.elsevier.com/content/abstract/scopus_id/85060462053"},{"@_fa": "true", "@ref": "author-affiliation", "@href": "https://api.elsevier.com/content/abstract/scopus_id/85060462053?field=author,affiliation"},{"@_fa": "true", "@ref": "scopus", "@href": "https://www.scopus.com/inward/record.uri?partnerID=HzOxMe3b&scp=85060462053&origin=inward"},{"@_fa": "true", "@ref": "scopus-citedby", "@href": "https://www.scopus.com/inward/citedby.uri?partnerID=HzOxMe3b&scp=85060462053&origin=inward"}],"prism:url":"https://api.elsevier.com/content/abstract/scopus_id/85060462053","dc:identifier":"SCOPUS_ID:85060462053","eid":"2-s2.0-85060462053","dc:title":"Maqɨid al-sharưah as ethical theory for consultants","dc:creator":"Rahim N.","prism:publicationName":"Proceedings - International Conference on Information and Communication Technology for the Muslim World 2018, ICT4M 2018","prism:isbn": [{"@_fa": "true", "$" :"9781538675250"}],"prism:pageRange":"88-93","prism:coverDate":"2018-12-06","prism:coverDisplayDate":"6 December 2018","prism:doi":"10.1109/ICT4M.2018.00025","citedby-count":"0","affiliation": [{"@_fa": "true", "affilname":"International Islamic University Malaysia","affiliation-city":"Kuala Lumpur","affiliation-country":"Malaysia"}],"prism:aggregationType":"Conference Proceeding","subtype":"cp","subtypeDescription":"Conference Paper","article-number":"8567101","source-id":"21100896187","openaccess":"0","openaccessFlag":false},{"@_fa": "true", "link": [{"@_fa": "true", "@ref": "self", "@href": "https://api.elsevier.com/content/abstract/scopus_id/85060450447"},{"@_fa": "true", "@ref": "author-affiliation", "@href": "https://api.elsevier.com/content/abstract/scopus_id/85060450447?field=author,affiliation"},{"@_fa": "true", "@ref": "scopus", "@href": "https://www.scopus.com/inward/record.uri?partnerID=HzOxMe3b&scp=85060450447&origin=inward"},{"@_fa": "true", "@ref": "scopus-citedby", "@href": "https://www.scopus.com/inward/citedby.uri?partnerID=HzOxMe3b&scp=85060450447&origin=inward"}],"prism:url":"https://api.elsevier.com/content/abstract/scopus_id/85060450447","dc:identifier":"SCOPUS_ID:85060450447","eid":"2-s2.0-85060450447","dc:title":"Gobeli: Providing runner platform for personal shopper and delivery services for urban community","dc:creator":"Bin Ahmad Dahlan A.","prism:publicationName":"Proceedings - International Conference on Information and Communication Technology for the Muslim World 2018, ICT4M 2018","prism:isbn": [{"@_fa": "true", "$" :"9781538675250"}],"prism:pageRange":"202-207","prism:coverDate":"2018-12-06","prism:coverDisplayDate":"6 December 2018","prism:doi":"10.1109/ICT4M.2018.00045","citedby-count":"0","affiliation": [{"@_fa": "true", "affilname":"International Islamic University Malaysia","affiliation-city":"Kuala Lumpur","affiliation-country":"Malaysia"}],"prism:aggregationType":"Conference Proceeding","subtype":"cp","subtypeDescription":"Conference Paper","article-number":"8567121","source-id":"21100896187","openaccess":"0","openaccessFlag":false},{"@_fa": "true", "link": [{"@_fa": "true", "@ref": "self", "@href": "https://api.elsevier.com/content/abstract/scopus_id/85044355887"},{"@_fa": "true", "@ref": "author-affiliation", "@href": "https://api.elsevier.com/content/abstract/scopus_id/85044355887?field=author,affiliation"},{"@_fa": "true", "@ref": "scopus", "@href": "https://www.scopus.com/inward/record.uri?partnerID=HzOxMe3b&scp=85044355887&origin=inward"},{"@_fa": "true", "@ref": "scopus-citedby", "@href": "https://www.scopus.com/inward/citedby.uri?partnerID=HzOxMe3b&scp=85044355887&origin=inward"}],"prism:url":"https://api.elsevier.com/content/abstract/scopus_id/85044355887","dc:identifier":"SCOPUS_ID:85044355887","eid":"2-s2.0-85044355887","dc:title":"LGBT Family Lawyers and Same-Sex Marriage Recognition: How Legal Change Shapes Professional Identity and Practice","dc:creator":"Baumle A.","prism:publicationName":"Journal of Homosexuality","prism:issn":"00918369","prism:eIssn":"15403602","prism:volume":"65","prism:issueIdentifier":"14","prism:pageRange":"2053-2075","prism:coverDate":"2018-12-06","prism:coverDisplayDate":"6 December 2018","prism:doi":"10.1080/00918369.2017.1423215","citedby-count":"0","affiliation": [{"@_fa": "true", "affilname":"University of Houston","affiliation-city":"Houston","affiliation-country":"United States"}],"pubmed-id":"29319469","prism:aggregationType":"Journal","subtype":"ar","subtypeDescription":"Article","source-id":"29972","openaccess":"0","openaccessFlag":false},{"@_fa": "true", "link": [{"@_fa": "true", "@ref": "self", "@href": "https://api.elsevier.com/content/abstract/scopus_id/85060671609"},{"@_fa": "true", "@ref": "author-affiliation", "@href": "https://api.elsevier.com/content/abstract/scopus_id/85060671609?field=author,affiliation"},{"@_fa": "true", "@ref": "scopus", "@href": "https://www.scopus.com/inward/record.uri?partnerID=HzOxMe3b&scp=85060671609&origin=inward"},{"@_fa": "true", "@ref": "scopus-citedby", "@href": "https://www.scopus.com/inward/citedby.uri?partnerID=HzOxMe3b&scp=85060671609&origin=inward"}],"prism:url":"https://api.elsevier.com/content/abstract/scopus_id/85060671609","dc:identifier":"SCOPUS_ID:85060671609","eid":"2-s2.0-85060671609","dc:title":"Performance of mobile relays in loaded conditions for railway transportation","dc:creator":"Iturralde M.","prism:publicationName":"Proceedings of 2018 16th International Conference on Intelligent Transport System Telecommunications, ITST 2018","prism:isbn": [{"@_fa": "true", "$" :"9781538655443"}],"prism:pageRange":null,"prism:coverDate":"2018-12-06","prism:coverDisplayDate":"6 December 2018","prism:doi":"10.1109/ITST.2018.8566864","citedby-count":"0","affiliation": [{"@_fa": "true", "affilname":"Institut de Recherche en Informatique et Systèmes Aléatoires","affiliation-city":"Rennes","affiliation-country":"France"}],"prism:aggregationType":"Conference Proceeding","subtype":"cp","subtypeDescription":"Conference Paper","article-number":"8566864","source-id":"21100896636","openaccess":"0","openaccessFlag":false},{"@_fa": "true", "link": [{"@_fa": "true", "@ref": "self", "@href": "https://api.elsevier.com/content/abstract/scopus_id/85048376996"},{"@_fa": "true", "@ref": "author-affiliation", "@href": "https://api.elsevier.com/content/abstract/scopus_id/85048376996?field=author,affiliation"},{"@_fa": "true", "@ref": "scopus", "@href": "https://www.scopus.com/inward/record.uri?partnerID=HzOxMe3b&scp=85048376996&origin=inward"},{"@_fa": "true", "@ref": "scopus-citedby", "@href": "https://www.scopus.com/inward/citedby.uri?partnerID=HzOxMe3b&scp=85048376996&origin=inward"}],"prism:url":"https://api.elsevier.com/content/abstract/scopus_id/85048376996","dc:identifier":"SCOPUS_ID:85048376996","eid":"2-s2.0-85048376996","dc:title":"Patterns of Peer Distribution of Injecting Equipment at an Authorized Distribution Site in Sydney, Australia","dc:creator":"Brener L.","prism:publicationName":"Substance Use and Misuse","prism:issn":"10826084","prism:eIssn":"15322491","prism:volume":"53","prism:issueIdentifier":"14","prism:pageRange":"2405-2412","prism:coverDate":"2018-12-06","prism:coverDisplayDate":"6 December 2018","prism:doi":"10.1080/10826084.2018.1480039","citedby-count":"1","affiliation": [{"@_fa": "true", "affilname":"University of New South Wales (UNSW) Australia","affiliation-city":"Sydney","affiliation-country":"Australia"}],"pubmed-id":"29889588","prism:aggregationType":"Journal","subtype":"ar","subtypeDescription":"Article","source-id":"21945","openaccess":"0","openaccessFlag":false},{"@_fa": "true", "link": [{"@_fa": "true", "@ref": "self", "@href": "https://api.elsevier.com/content/abstract/scopus_id/85049204383"},{"@_fa": "true", "@ref": "author-affiliation", "@href": "https://api.elsevier.com/content/abstract/scopus_id/85049204383?field=author,affiliation"},{"@_fa": "true", "@ref": "scopus", "@href": "https://www.scopus.com/inward/record.uri?partnerID=HzOxMe3b&scp=85049204383&origin=inward"},{"@_fa": "true", "@ref": "scopus-citedby", "@href": "https://www.scopus.com/inward/citedby.uri?partnerID=HzOxMe3b&scp=85049204383&origin=inward"}],"prism:url":"https://api.elsevier.com/content/abstract/scopus_id/85049204383","dc:identifier":"SCOPUS_ID:85049204383","eid":"2-s2.0-85049204383","dc:title":"Intent to Refer: Exploring Bias Toward Specific Medication-Assisted Treatments by Community Corrections Employees","dc:creator":"Streisel S.","prism:publicationName":"Substance Use and Misuse","prism:issn":"10826084","prism:eIssn":"15322491","prism:volume":"53","prism:issueIdentifier":"14","prism:pageRange":"2421-2430","prism:coverDate":"2018-12-06","prism:coverDisplayDate":"6 December 2018","prism:doi":"10.1080/10826084.2018.1482346","citedby-count":"0","affiliation": [{"@_fa": "true", "affilname":"University of Delaware","affiliation-city":"Newark","affiliation-country":"United States"}],"pubmed-id":"29958042","prism:aggregationType":"Journal","subtype":"ar","subtypeDescription":"Article","source-id":"21945","openaccess":"0","openaccessFlag":false},{"@_fa": "true", "link": [{"@_fa": "true", "@ref": "self", "@href": "https://api.elsevier.com/content/abstract/scopus_id/85063927698"},{"@_fa": "true", "@ref": "author-affiliation", "@href": "https://api.elsevier.com/content/abstract/scopus_id/85063927698?field=author,affiliation"},{"@_fa": "true", "@ref": "scopus", "@href": "https://www.scopus.com/inward/record.uri?partnerID=HzOxMe3b&scp=85063927698&origin=inward"},{"@_fa": "true", "@ref": "scopus-citedby", "@href": "https://www.scopus.com/inward/citedby.uri?partnerID=HzOxMe3b&scp=85063927698&origin=inward"}],"prism:url":"https://api.elsevier.com/content/abstract/scopus_id/85063927698","dc:identifier":"SCOPUS_ID:85063927698","eid":"2-s2.0-85063927698","dc:title":"Challenges in cyber security: Ransomware phenomenon","dc:creator":"Paşca V.","prism:publicationName":"Cyber-Physical Systems Security","prism:isbn": [{"@_fa": "true", "$" :"9783319989358"},{"@_fa": "true", "$" :"9783319989341"}],"prism:pageRange":"303-330","prism:coverDate":"2018-12-06","prism:coverDisplayDate":"6 December 2018","prism:doi":"10.1007/978-3-319-98935-8_15","citedby-count":"0","affiliation": [{"@_fa": "true", "affilname":"University Politehnica of Bucharest","affiliation-city":"Bucuresti","affiliation-country":"Romania"}],"prism:aggregationType":"Book","subtype":"ch","subtypeDescription":"Chapter","source-id":"21100902891","openaccess":"0","openaccessFlag":false},{"@_fa": "true", "link": [{"@_fa": "true", "@ref": "self", "@href": "https://api.elsevier.com/content/abstract/scopus_id/85059947861"},{"@_fa": "true", "@ref": "author-affiliation", "@href": "https://api.elsevier.com/content/abstract/scopus_id/85059947861?field=author,affiliation"},{"@_fa": "true", "@ref": "scopus", "@href": "https://www.scopus.com/inward/record.uri?partnerID=HzOxMe3b&scp=85059947861&origin=inward"},{"@_fa": "true", "@ref": "scopus-citedby", "@href": "https://www.scopus.com/inward/citedby.uri?partnerID=HzOxMe3b&scp=85059947861&origin=inward"}],"prism:url":"https://api.elsevier.com/content/abstract/scopus_id/85059947861","dc:identifier":"SCOPUS_ID:85059947861","eid":"2-s2.0-85059947861","dc:title":"Design and Implementation of Configuration Map Symbol","dc:creator":"Jiao D.","prism:publicationName":"International Conference on Geoinformatics","prism:issn":"2161024X","prism:eIssn":"21610258","prism:isbn": [{"@_fa": "true", "$" :"9781538676196"}],"prism:volume":"2018-June","prism:pageRange":null,"prism:coverDate":"2018-12-03","prism:coverDisplayDate":"3 December 2018","prism:doi":"10.1109/GEOINFORMATICS.2018.8557090","citedby-count":"0","affiliation": [{"@_fa": "true", "affilname":"Nanjing University of Post and TeleCommunications","affiliation-city":"Nanjing","affiliation-country":"China"}],"prism:aggregationType":"Journal","subtype":"cp","subtypeDescription":"Conference Paper","article-number":"8557090","source-id":"21100285411","openaccess":"0","openaccessFlag":false},{"@_fa": "true", "link": [{"@_fa": "true", "@ref": "self", "@href": "https://api.elsevier.com/content/abstract/scopus_id/85054381383"},{"@_fa": "true", "@ref": "author-affiliation", "@href": "https://api.elsevier.com/content/abstract/scopus_id/85054381383?field=author,affiliation"},{"@_fa": "true", "@ref": "scopus", "@href": "https://www.scopus.com/inward/record.uri?partnerID=HzOxMe3b&scp=85054381383&origin=inward"},{"@_fa": "true", "@ref": "scopus-citedby", "@href": "https://www.scopus.com/inward/citedby.uri?partnerID=HzOxMe3b&scp=85054381383&origin=inward"}],"prism:url":"https://api.elsevier.com/content/abstract/scopus_id/85054381383","dc:identifier":"SCOPUS_ID:85054381383","eid":"2-s2.0-85054381383","dc:title":"Intimate partner violence: gender issues and the adjudication of homicide and other cases","dc:creator":"Hamel J.","prism:publicationName":"Journal of Criminological Research, Policy and Practice","prism:issn":"20563841","prism:eIssn":"2056385X","prism:volume":"4","prism:issueIdentifier":"4","prism:pageRange":"226-237","prism:coverDate":"2018-12-03","prism:coverDisplayDate":"3 December 2018","prism:doi":"10.1108/JCRPP-01-2018-0008","citedby-count":"0","prism:aggregationType":"Journal","subtype":"re","subtypeDescription":"Review","source-id":"21100830426","openaccess":"0","openaccessFlag":false},{"@_fa": "true", "link": [{"@_fa": "true", "@ref": "self", "@href": "https://api.elsevier.com/content/abstract/scopus_id/85042917745"},{"@_fa": "true", "@ref": "author-affiliation", "@href": "https://api.elsevier.com/content/abstract/scopus_id/85042917745?field=author,affiliation"},{"@_fa": "true", "@ref": "scopus", "@href": "https://www.scopus.com/inward/record.uri?partnerID=HzOxMe3b&scp=85042917745&origin=inward"},{"@_fa": "true", "@ref": "scopus-citedby", "@href": "https://www.scopus.com/inward/citedby.uri?partnerID=HzOxMe3b&scp=85042917745&origin=inward"}],"prism:url":"https://api.elsevier.com/content/abstract/scopus_id/85042917745","dc:identifier":"SCOPUS_ID:85042917745","eid":"2-s2.0-85042917745","dc:title":"Minding the gap: health and social care provider perceptions of parental communication and Black-Canadian youths’ sexual health","dc:creator":"Lee-Foon N.","prism:publicationName":"Culture, Health and Sexuality","prism:issn":"13691058","prism:eIssn":"14645351","prism:volume":"20","prism:issueIdentifier":"12","prism:pageRange":"1347-1361","prism:coverDate":"2018-12-02","prism:coverDisplayDate":"2 December 2018","prism:doi":"10.1080/13691058.2018.1435905","citedby-count":"0","affiliation": [{"@_fa": "true", "affilname":"University of Toronto","affiliation-city":"Toronto","affiliation-country":"Canada"},{"@_fa": "true", "affilname":"Ontario Tech University","affiliation-city":"Oshawa","affiliation-country":"Canada"}],"pubmed-id":"29508642","prism:aggregationType":"Journal","subtype":"ar","subtypeDescription":"Article","source-id":"14236","openaccess":"0","openaccessFlag":false},{"@_fa": "true", "link": [{"@_fa": "true", "@ref": "self", "@href": "https://api.elsevier.com/content/abstract/scopus_id/85044046674"},{"@_fa": "true", "@ref": "author-affiliation", "@href": "https://api.elsevier.com/content/abstract/scopus_id/85044046674?field=author,affiliation"},{"@_fa": "true", "@ref": "scopus", "@href": "https://www.scopus.com/inward/record.uri?partnerID=HzOxMe3b&scp=85044046674&origin=inward"},{"@_fa": "true", "@ref": "scopus-citedby", "@href": "https://www.scopus.com/inward/citedby.uri?partnerID=HzOxMe3b&scp=85044046674&origin=inward"}],"prism:url":"https://api.elsevier.com/content/abstract/scopus_id/85044046674","dc:identifier":"SCOPUS_ID:85044046674","eid":"2-s2.0-85044046674","dc:title":"‘You already drank my beer, I can decide anything’: using structuration theory to explore the dynamics of alcohol use, gender-based violence and HIV risk among female sex workers in Tanzania","dc:creator":"Leddy A.","prism:publicationName":"Culture, Health and Sexuality","prism:issn":"13691058","prism:eIssn":"14645351","prism:volume":"20","prism:issueIdentifier":"12","prism:pageRange":"1409-1423","prism:coverDate":"2018-12-02","prism:coverDisplayDate":"2 December 2018","prism:doi":"10.1080/13691058.2018.1438667","citedby-count":"2","affiliation": [{"@_fa": "true", "affilname":"Johns Hopkins Bloomberg School of Public Health","affiliation-city":"Baltimore","affiliation-country":"United States"}],"pubmed-id":"29547070","prism:aggregationType":"Journal","subtype":"ar","subtypeDescription":"Article","source-id":"14236","openaccess":"0","openaccessFlag":false}]}}