{"search-results":{"opensearch:totalResults":"3","opensearch:startIndex":"0","opensearch:itemsPerPage":"3","opensearch:Query":{"@role": "request", "@searchTerms": "TITLE-ABS-KEY(\"clientelism\") AND SUBJAREA(SOCI) AND PUBYEAR = 1982", "@startPage": "0"},"link": [{"@_fa": "true", "@ref": "self", "@href": "https://api.elsevier.com/content/search/scopus?start=0&count=25&query=TITLE-ABS-KEY%28%22clientelism%22%29+AND+SUBJAREA%28SOCI%29+AND+PUBYEAR+%3D+1982&apiKey=27d953b4b546791964ebeb768d13e61f&view=STANDARD", "@type": "application/json"},{"@_fa": "true", "@ref": "first", "@href": "https://api.elsevier.com/content/search/scopus?start=0&count=25&query=TITLE-ABS-KEY%28%22clientelism%22%29+AND+SUBJAREA%28SOCI%29+AND+PUBYEAR+%3D+1982&apiKey=27d953b4b546791964ebeb768d13e61f&view=STANDARD", "@type": "application/json"}],"entry": [{"@_fa": "true", "link": [{"@_fa": "true", "@ref": "self", "@href": "https://api.elsevier.com/content/abstract/scopus_id/0020463021"},{"@_fa": "true", "@ref": "author-affiliation", "@href": "https://api.elsevier.com/content/abstract/scopus_id/0020463021?field=author,affiliation"},{"@_fa": "true", "@ref": "scopus", "@href": "https://www.scopus.com/inward/record.uri?partnerID=HzOxMe3b&scp=0020463021&origin=inward"},{"@_fa": "true", "@ref": "scopus-citedby", "@href": "https://www.scopus.com/inward/citedby.uri?partnerID=HzOxMe3b&scp=0020463021&origin=inward"}],"prism:url":"https://api.elsevier.com/content/abstract/scopus_id/0020463021","dc:identifier":"SCOPUS_ID:0020463021","eid":"2-s2.0-0020463021","dc:title":"Political Graft and the Spoils System in Zambia — the State as a Resource in Itself","dc:creator":"Szeftel M.","prism:publicationName":"Review of African Political Economy","prism:issn":"03056244","prism:eIssn":"17401720","prism:volume":"9","prism:issueIdentifier":"24","prism:pageRange":"4-21","prism:coverDate":"1982-05-01","prism:coverDisplayDate":"1 May 1982","prism:doi":"10.1080/03056248208703496","citedby-count":"31","prism:aggregationType":"Journal","subtype":"ar","subtypeDescription":"Article","source-id":"27938","openaccess":"0","openaccessFlag":false},{"@_fa": "true", "link": [{"@_fa": "true", "@ref": "self", "@href": "https://api.elsevier.com/content/abstract/scopus_id/84925977029"},{"@_fa": "true", "@ref": "author-affiliation", "@href": "https://api.elsevier.com/content/abstract/scopus_id/84925977029?field=author,affiliation"},{"@_fa": "true", "@ref": "scopus", "@href": "https://www.scopus.com/inward/record.uri?partnerID=HzOxMe3b&scp=84925977029&origin=inward"},{"@_fa": "true", "@ref": "scopus-citedby", "@href": "https://www.scopus.com/inward/citedby.uri?partnerID=HzOxMe3b&scp=84925977029&origin=inward"}],"prism:url":"https://api.elsevier.com/content/abstract/scopus_id/84925977029","dc:identifier":"SCOPUS_ID:84925977029","eid":"2-s2.0-84925977029","dc:title":"Local Clientelism in Post‐Industrial Society: The Example of the French Communist Party","dc:creator":"DONNEUR A.","prism:publicationName":"European Journal of Political Research","prism:issn":"03044130","prism:eIssn":"14756765","prism:volume":"10","prism:issueIdentifier":"1","prism:pageRange":"71-82","prism:coverDate":"1982-01-01","prism:coverDisplayDate":"March 1982","prism:doi":"10.1111/j.1475-6765.1982.tb00005.x","citedby-count":"4","affiliation": [{"@_fa": "true", "affilname":"Le réseau de l'Université du Québec","affiliation-city":null,"affiliation-country":"Canada"}],"prism:aggregationType":"Journal","subtype":"ar","subtypeDescription":"Article","source-id":"18437","openaccess":"0","openaccessFlag":false},{"@_fa": "true", "link": [{"@_fa": "true", "@ref": "self", "@href": "https://api.elsevier.com/content/abstract/scopus_id/0019937428"},{"@_fa": "true", "@ref": "author-affiliation", "@href": "https://api.elsevier.com/content/abstract/scopus_id/0019937428?field=author,affiliation"},{"@_fa": "true", "@ref": "scopus", "@href": "https://www.scopus.com/inward/record.uri?partnerID=HzOxMe3b&scp=0019937428&origin=inward"},{"@_fa": "true", "@ref": "scopus-citedby", "@href": "https://www.scopus.com/inward/citedby.uri?partnerID=HzOxMe3b&scp=0019937428&origin=inward"}],"prism:url":"https://api.elsevier.com/content/abstract/scopus_id/0019937428","dc:identifier":"SCOPUS_ID:0019937428","eid":"2-s2.0-0019937428","dc:title":"Class Rule As Patronage: Kinship, Local Ruling Cliques and the State in Rural Sardinia","dc:creator":"Bodemann Y.","prism:publicationName":"The Journal of Peasant Studies","prism:issn":"03066150","prism:eIssn":"17439361","prism:volume":"9","prism:issueIdentifier":"2","prism:pageRange":"147-175","prism:coverDate":"1982-01-01","prism:coverDisplayDate":"1 January 1982","prism:doi":"10.1080/03066158208438160","citedby-count":"3","affiliation": [{"@_fa": "true", "affilname":"University of Toronto","affiliation-city":"Toronto","affiliation-country":"Canada"}],"prism:aggregationType":"Journal","subtype":"ar","subtypeDescription":"Article","source-id":"15670","openaccess":"0","openaccessFlag":false}]}}