{"search-results":{"opensearch:totalResults":"109","opensearch:startIndex":"0","opensearch:itemsPerPage":"25","opensearch:Query":{"@role": "request", "@searchTerms": "TITLE-ABS-KEY(\"clientelism\") AND SUBJAREA(SOCI) AND PUBYEAR = 2017", "@startPage": "0"},"link": [{"@_fa": "true", "@ref": "self", "@href": "https://api.elsevier.com/content/search/scopus?start=0&count=25&query=TITLE-ABS-KEY%28%22clientelism%22%29+AND+SUBJAREA%28SOCI%29+AND+PUBYEAR+%3D+2017&apiKey=27d953b4b546791964ebeb768d13e61f&view=STANDARD", "@type": "application/json"},{"@_fa": "true", "@ref": "first", "@href": "https://api.elsevier.com/content/search/scopus?start=0&count=25&query=TITLE-ABS-KEY%28%22clientelism%22%29+AND+SUBJAREA%28SOCI%29+AND+PUBYEAR+%3D+2017&apiKey=27d953b4b546791964ebeb768d13e61f&view=STANDARD", "@type": "application/json"},{"@_fa": "true", "@ref": "next", "@href": "https://api.elsevier.com/content/search/scopus?start=25&count=25&query=TITLE-ABS-KEY%28%22clientelism%22%29+AND+SUBJAREA%28SOCI%29+AND+PUBYEAR+%3D+2017&apiKey=27d953b4b546791964ebeb768d13e61f&view=STANDARD", "@type": "application/json"},{"@_fa": "true", "@ref": "last", "@href": "https://api.elsevier.com/content/search/scopus?start=84&count=25&query=TITLE-ABS-KEY%28%22clientelism%22%29+AND+SUBJAREA%28SOCI%29+AND+PUBYEAR+%3D+2017&apiKey=27d953b4b546791964ebeb768d13e61f&view=STANDARD", "@type": "application/json"}],"entry": [{"@_fa": "true", "link": [{"@_fa": "true", "@ref": "self", "@href": "https://api.elsevier.com/content/abstract/scopus_id/85039172481"},{"@_fa": "true", "@ref": "author-affiliation", "@href": "https://api.elsevier.com/content/abstract/scopus_id/85039172481?field=author,affiliation"},{"@_fa": "true", "@ref": "scopus", "@href": "https://www.scopus.com/inward/record.uri?partnerID=HzOxMe3b&scp=85039172481&origin=inward"},{"@_fa": "true", "@ref": "scopus-citedby", "@href": "https://www.scopus.com/inward/citedby.uri?partnerID=HzOxMe3b&scp=85039172481&origin=inward"}],"prism:url":"https://api.elsevier.com/content/abstract/scopus_id/85039172481","dc:identifier":"SCOPUS_ID:85039172481","eid":"2-s2.0-85039172481","dc:title":"Proportional Representation, Large District Magnitude and Closed Lists","dc:creator":"Buben R.","prism:publicationName":"World Political Science","prism:eIssn":"23634782","prism:volume":"13","prism:issueIdentifier":"2","prism:pageRange":"151-191","prism:coverDate":"2017-12-20","prism:coverDisplayDate":"20 December 2017","prism:doi":"10.1515/wps-2017-0007","citedby-count":"0","affiliation": [{"@_fa": "true", "affilname":"Charles University","affiliation-city":"Prague Praha","affiliation-country":"Czech Republic"}],"prism:aggregationType":"Journal","subtype":"ar","subtypeDescription":"Article","source-id":"21100462919","openaccess":"0","openaccessFlag":false},{"@_fa": "true", "link": [{"@_fa": "true", "@ref": "self", "@href": "https://api.elsevier.com/content/abstract/scopus_id/85040819125"},{"@_fa": "true", "@ref": "author-affiliation", "@href": "https://api.elsevier.com/content/abstract/scopus_id/85040819125?field=author,affiliation"},{"@_fa": "true", "@ref": "scopus", "@href": "https://www.scopus.com/inward/record.uri?partnerID=HzOxMe3b&scp=85040819125&origin=inward"},{"@_fa": "true", "@ref": "scopus-citedby", "@href": "https://www.scopus.com/inward/citedby.uri?partnerID=HzOxMe3b&scp=85040819125&origin=inward"}],"prism:url":"https://api.elsevier.com/content/abstract/scopus_id/85040819125","dc:identifier":"SCOPUS_ID:85040819125","eid":"2-s2.0-85040819125","dc:title":"Clientelism and corruption in context of low statehood, a mutualistic relationship","dc:creator":"Díaz E.","prism:publicationName":"Revista de Sociologia e Politica","prism:issn":"01044478","prism:eIssn":"16789873","prism:volume":"25","prism:issueIdentifier":"64","prism:pageRange":"73-98","prism:coverDate":"2017-12-01","prism:coverDisplayDate":"1 December 2017","prism:doi":"10.1590/1678-987317256406","citedby-count":"0","affiliation": [{"@_fa": "true", "affilname":"Universidad de Chile","affiliation-city":"Santiago","affiliation-country":"Chile"}],"prism:aggregationType":"Journal","subtype":"ar","subtypeDescription":"Article","source-id":"5200152619","openaccess":"1","openaccessFlag":true},{"@_fa": "true", "link": [{"@_fa": "true", "@ref": "self", "@href": "https://api.elsevier.com/content/abstract/scopus_id/85040935434"},{"@_fa": "true", "@ref": "author-affiliation", "@href": "https://api.elsevier.com/content/abstract/scopus_id/85040935434?field=author,affiliation"},{"@_fa": "true", "@ref": "scopus", "@href": "https://www.scopus.com/inward/record.uri?partnerID=HzOxMe3b&scp=85040935434&origin=inward"},{"@_fa": "true", "@ref": "scopus-citedby", "@href": "https://www.scopus.com/inward/citedby.uri?partnerID=HzOxMe3b&scp=85040935434&origin=inward"}],"prism:url":"https://api.elsevier.com/content/abstract/scopus_id/85040935434","dc:identifier":"SCOPUS_ID:85040935434","eid":"2-s2.0-85040935434","dc:title":"The 2017 pilkada (local elections) in Indonesia: Clientelism, programmatic politics and social networks","dc:creator":"Aspinall E.","prism:publicationName":"Contemporary Southeast Asia","prism:issn":"0129797X","prism:volume":"39","prism:issueIdentifier":"3","prism:pageRange":"417-426","prism:coverDate":"2017-12-01","prism:coverDisplayDate":"December 2017","prism:doi":"10.1355/cs39-3a","citedby-count":"1","affiliation": [{"@_fa": "true", "affilname":"Australian National University","affiliation-city":"Canberra","affiliation-country":"Australia"}],"prism:aggregationType":"Journal","subtype":"ar","subtypeDescription":"Article","source-id":"13519","openaccess":"0","openaccessFlag":false},{"@_fa": "true", "link": [{"@_fa": "true", "@ref": "self", "@href": "https://api.elsevier.com/content/abstract/scopus_id/85047993214"},{"@_fa": "true", "@ref": "author-affiliation", "@href": "https://api.elsevier.com/content/abstract/scopus_id/85047993214?field=author,affiliation"},{"@_fa": "true", "@ref": "scopus", "@href": "https://www.scopus.com/inward/record.uri?partnerID=HzOxMe3b&scp=85047993214&origin=inward"},{"@_fa": "true", "@ref": "scopus-citedby", "@href": "https://www.scopus.com/inward/citedby.uri?partnerID=HzOxMe3b&scp=85047993214&origin=inward"}],"prism:url":"https://api.elsevier.com/content/abstract/scopus_id/85047993214","dc:identifier":"SCOPUS_ID:85047993214","eid":"2-s2.0-85047993214","dc:title":"Electoral clientelism as status affirmation in Africa: Evidence from Ghana","dc:creator":"Gadjanova E.","prism:publicationName":"Journal of Modern African Studies","prism:issn":"0022278X","prism:eIssn":"14697777","prism:volume":"55","prism:issueIdentifier":"4","prism:pageRange":"593-621","prism:coverDate":"2017-12-01","prism:coverDisplayDate":"1 December 2017","prism:doi":"10.1017/S0022278X17000416","pii":"S0022278X17000416","citedby-count":"2","affiliation": [{"@_fa": "true", "affilname":"Max Planck Institut zur Erforschung multireligiöser und multiethnischer Gesellschaften","affiliation-city":"Gottingen","affiliation-country":"Germany"}],"prism:aggregationType":"Journal","subtype":"re","subtypeDescription":"Review","source-id":"20318","openaccess":"0","openaccessFlag":false},{"@_fa": "true", "link": [{"@_fa": "true", "@ref": "self", "@href": "https://api.elsevier.com/content/abstract/scopus_id/85040923884"},{"@_fa": "true", "@ref": "author-affiliation", "@href": "https://api.elsevier.com/content/abstract/scopus_id/85040923884?field=author,affiliation"},{"@_fa": "true", "@ref": "scopus", "@href": "https://www.scopus.com/inward/record.uri?partnerID=HzOxMe3b&scp=85040923884&origin=inward"},{"@_fa": "true", "@ref": "scopus-citedby", "@href": "https://www.scopus.com/inward/citedby.uri?partnerID=HzOxMe3b&scp=85040923884&origin=inward"}],"prism:url":"https://api.elsevier.com/content/abstract/scopus_id/85040923884","dc:identifier":"SCOPUS_ID:85040923884","eid":"2-s2.0-85040923884","dc:title":"Adaptation and continuities in clientelism in a fishing community in Takalar, South Sulawesi","dc:creator":"Haryanto","prism:publicationName":"Contemporary Southeast Asia","prism:issn":"0129797X","prism:volume":"39","prism:issueIdentifier":"3","prism:pageRange":"511-531","prism:coverDate":"2017-12-01","prism:coverDisplayDate":"December 2017","prism:doi":"10.1355/cs39-3f","citedby-count":"0","affiliation": [{"@_fa": "true", "affilname":"Hasanuddin University","affiliation-city":"Makassar","affiliation-country":"Indonesia"}],"prism:aggregationType":"Journal","subtype":"ar","subtypeDescription":"Article","source-id":"13519","openaccess":"0","openaccessFlag":false},{"@_fa": "true", "link": [{"@_fa": "true", "@ref": "self", "@href": "https://api.elsevier.com/content/abstract/scopus_id/85040945188"},{"@_fa": "true", "@ref": "author-affiliation", "@href": "https://api.elsevier.com/content/abstract/scopus_id/85040945188?field=author,affiliation"},{"@_fa": "true", "@ref": "scopus", "@href": "https://www.scopus.com/inward/record.uri?partnerID=HzOxMe3b&scp=85040945188&origin=inward"},{"@_fa": "true", "@ref": "scopus-citedby", "@href": "https://www.scopus.com/inward/citedby.uri?partnerID=HzOxMe3b&scp=85040945188&origin=inward"}],"prism:url":"https://api.elsevier.com/content/abstract/scopus_id/85040945188","dc:identifier":"SCOPUS_ID:85040945188","eid":"2-s2.0-85040945188","dc:title":"The power of female brokers: Local elections in North Aceh","dc:creator":"Darwin R.","prism:publicationName":"Contemporary Southeast Asia","prism:issn":"0129797X","prism:volume":"39","prism:issueIdentifier":"3","prism:pageRange":"532-551","prism:coverDate":"2017-12-01","prism:coverDisplayDate":"December 2017","prism:doi":"10.1355/cs39-3g","citedby-count":"0","affiliation": [{"@_fa": "true", "affilname":"Universitas Islam Negeri Ar-Raniry","affiliation-city":"Banda Aceh","affiliation-country":"Indonesia"}],"prism:aggregationType":"Journal","subtype":"ar","subtypeDescription":"Article","source-id":"13519","openaccess":"0","openaccessFlag":false},{"@_fa": "true", "link": [{"@_fa": "true", "@ref": "self", "@href": "https://api.elsevier.com/content/abstract/scopus_id/85025453950"},{"@_fa": "true", "@ref": "author-affiliation", "@href": "https://api.elsevier.com/content/abstract/scopus_id/85025453950?field=author,affiliation"},{"@_fa": "true", "@ref": "scopus", "@href": "https://www.scopus.com/inward/record.uri?partnerID=HzOxMe3b&scp=85025453950&origin=inward"},{"@_fa": "true", "@ref": "scopus-citedby", "@href": "https://www.scopus.com/inward/citedby.uri?partnerID=HzOxMe3b&scp=85025453950&origin=inward"}],"prism:url":"https://api.elsevier.com/content/abstract/scopus_id/85025453950","dc:identifier":"SCOPUS_ID:85025453950","eid":"2-s2.0-85025453950","dc:title":"Co-Investment and Clientelism as Informal Institutions: Beyond ‘Good Enough’ Property Rights Protection","dc:creator":"Hamilton-Hart N.","prism:publicationName":"Studies in Comparative International Development","prism:issn":"00393606","prism:volume":"52","prism:issueIdentifier":"4","prism:pageRange":"416-435","prism:coverDate":"2017-12-01","prism:coverDisplayDate":"1 December 2017","prism:doi":"10.1007/s12116-017-9250-1","citedby-count":"0","affiliation": [{"@_fa": "true", "affilname":"University of Auckland","affiliation-city":"Auckland","affiliation-country":"New Zealand"}],"prism:aggregationType":"Journal","subtype":"ar","subtypeDescription":"Article","source-id":"26587","openaccess":"0","openaccessFlag":false},{"@_fa": "true", "link": [{"@_fa": "true", "@ref": "self", "@href": "https://api.elsevier.com/content/abstract/scopus_id/85040924508"},{"@_fa": "true", "@ref": "author-affiliation", "@href": "https://api.elsevier.com/content/abstract/scopus_id/85040924508?field=author,affiliation"},{"@_fa": "true", "@ref": "scopus", "@href": "https://www.scopus.com/inward/record.uri?partnerID=HzOxMe3b&scp=85040924508&origin=inward"},{"@_fa": "true", "@ref": "scopus-citedby", "@href": "https://www.scopus.com/inward/citedby.uri?partnerID=HzOxMe3b&scp=85040924508&origin=inward"}],"prism:url":"https://api.elsevier.com/content/abstract/scopus_id/85040924508","dc:identifier":"SCOPUS_ID:85040924508","eid":"2-s2.0-85040924508","dc:title":"Programmatic politics and voter preferences: The 2017 election in Kulon Progo, Yogyakarta","dc:creator":"Mas’Udi W.","prism:publicationName":"Contemporary Southeast Asia","prism:issn":"0129797X","prism:volume":"39","prism:issueIdentifier":"3","prism:pageRange":"449-469","prism:coverDate":"2017-12-01","prism:coverDisplayDate":"December 2017","prism:doi":"10.1355/cs39-3c","citedby-count":"0","affiliation": [{"@_fa": "true", "affilname":"Universitas Gadjah Mada","affiliation-city":"Yogyakarta","affiliation-country":"Indonesia"}],"prism:aggregationType":"Journal","subtype":"ar","subtypeDescription":"Article","source-id":"13519","openaccess":"0","openaccessFlag":false},{"@_fa": "true", "link": [{"@_fa": "true", "@ref": "self", "@href": "https://api.elsevier.com/content/abstract/scopus_id/85040917323"},{"@_fa": "true", "@ref": "author-affiliation", "@href": "https://api.elsevier.com/content/abstract/scopus_id/85040917323?field=author,affiliation"},{"@_fa": "true", "@ref": "scopus", "@href": "https://www.scopus.com/inward/record.uri?partnerID=HzOxMe3b&scp=85040917323&origin=inward"},{"@_fa": "true", "@ref": "scopus-citedby", "@href": "https://www.scopus.com/inward/citedby.uri?partnerID=HzOxMe3b&scp=85040917323&origin=inward"}],"prism:url":"https://api.elsevier.com/content/abstract/scopus_id/85040917323","dc:identifier":"SCOPUS_ID:85040917323","eid":"2-s2.0-85040917323","dc:title":"When the supporters do not support: Politicizing a soccer fan club in an Indonesian election","dc:creator":"Permana Y.","prism:publicationName":"Contemporary Southeast Asia","prism:issn":"0129797X","prism:volume":"39","prism:issueIdentifier":"3","prism:pageRange":"552-573","prism:coverDate":"2017-12-01","prism:coverDisplayDate":"December 2017","prism:doi":"10.1355/cs39-3h","citedby-count":"0","affiliation": [{"@_fa": "true", "affilname":"Lembaga Ilmu Pengetahuan Indonesia","affiliation-city":"Jakarta","affiliation-country":"Indonesia"}],"prism:aggregationType":"Journal","subtype":"ar","subtypeDescription":"Article","source-id":"13519","openaccess":"0","openaccessFlag":false},{"@_fa": "true", "link": [{"@_fa": "true", "@ref": "self", "@href": "https://api.elsevier.com/content/abstract/scopus_id/85030158034"},{"@_fa": "true", "@ref": "author-affiliation", "@href": "https://api.elsevier.com/content/abstract/scopus_id/85030158034?field=author,affiliation"},{"@_fa": "true", "@ref": "scopus", "@href": "https://www.scopus.com/inward/record.uri?partnerID=HzOxMe3b&scp=85030158034&origin=inward"},{"@_fa": "true", "@ref": "scopus-citedby", "@href": "https://www.scopus.com/inward/citedby.uri?partnerID=HzOxMe3b&scp=85030158034&origin=inward"}],"prism:url":"https://api.elsevier.com/content/abstract/scopus_id/85030158034","dc:identifier":"SCOPUS_ID:85030158034","eid":"2-s2.0-85030158034","dc:title":"The practice of political rights and patron–client relations: a case study of a party in Armenia","dc:creator":"Baghdasaryan M.","prism:publicationName":"Citizenship Studies","prism:issn":"13621025","prism:eIssn":"14693593","prism:volume":"21","prism:issueIdentifier":"8","prism:pageRange":"1034-1051","prism:coverDate":"2017-11-17","prism:coverDisplayDate":"17 November 2017","prism:doi":"10.1080/13621025.2017.1380603","citedby-count":"0","affiliation": [{"@_fa": "true", "affilname":"Max Planck Institute for Social Anthropology","affiliation-city":"Halle","affiliation-country":"Germany"}],"prism:aggregationType":"Journal","subtype":"ar","subtypeDescription":"Article","source-id":"16886","openaccess":"1","openaccessFlag":true},{"@_fa": "true", "link": [{"@_fa": "true", "@ref": "self", "@href": "https://api.elsevier.com/content/abstract/scopus_id/85046930197"},{"@_fa": "true", "@ref": "author-affiliation", "@href": "https://api.elsevier.com/content/abstract/scopus_id/85046930197?field=author,affiliation"},{"@_fa": "true", "@ref": "scopus", "@href": "https://www.scopus.com/inward/record.uri?partnerID=HzOxMe3b&scp=85046930197&origin=inward"},{"@_fa": "true", "@ref": "scopus-citedby", "@href": "https://www.scopus.com/inward/citedby.uri?partnerID=HzOxMe3b&scp=85046930197&origin=inward"}],"prism:url":"https://api.elsevier.com/content/abstract/scopus_id/85046930197","dc:identifier":"SCOPUS_ID:85046930197","eid":"2-s2.0-85046930197","dc:title":"Money for votes: The causes and consequences of electoral clientelism in africa","dc:creator":"Kramon E.","prism:publicationName":"Money for Votes: The Causes and Consequences of Electoral Clientelism in Africa","prism:isbn": [{"@_fa": "true", "$" :"9781108149839"},{"@_fa": "true", "$" :"9781107193727"}],"prism:pageRange":"1-231","prism:coverDate":"2017-11-02","prism:coverDisplayDate":"2 November 2017","prism:doi":"10.1017/9781108149839","citedby-count":"4","affiliation": [{"@_fa": "true", "affilname":"George Washington University","affiliation-city":"Washington","affiliation-country":"United States"}],"prism:aggregationType":"Book","subtype":"bk","subtypeDescription":"Book","source-id":"21100860303","openaccess":"0","openaccessFlag":false},{"@_fa": "true", "link": [{"@_fa": "true", "@ref": "self", "@href": "https://api.elsevier.com/content/abstract/scopus_id/85030857810"},{"@_fa": "true", "@ref": "author-affiliation", "@href": "https://api.elsevier.com/content/abstract/scopus_id/85030857810?field=author,affiliation"},{"@_fa": "true", "@ref": "scopus", "@href": "https://www.scopus.com/inward/record.uri?partnerID=HzOxMe3b&scp=85030857810&origin=inward"},{"@_fa": "true", "@ref": "scopus-citedby", "@href": "https://www.scopus.com/inward/citedby.uri?partnerID=HzOxMe3b&scp=85030857810&origin=inward"}],"prism:url":"https://api.elsevier.com/content/abstract/scopus_id/85030857810","dc:identifier":"SCOPUS_ID:85030857810","eid":"2-s2.0-85030857810","dc:title":"The political economy of unfinished development projects: Corruption, clientelism, or collective choice?","dc:creator":"Williams M.","prism:publicationName":"American Political Science Review","prism:issn":"00030554","prism:eIssn":"15375943","prism:volume":"111","prism:issueIdentifier":"4","prism:pageRange":"705-723","prism:coverDate":"2017-11-01","prism:coverDisplayDate":"1 November 2017","prism:doi":"10.1017/S0003055417000351","pii":"S0003055417000351","citedby-count":"6","affiliation": [{"@_fa": "true", "affilname":"University of Oxford, Blavatnik School of Government","affiliation-city":"Oxford","affiliation-country":"United Kingdom"}],"prism:aggregationType":"Journal","subtype":"ar","subtypeDescription":"Article","source-id":"15557","openaccess":"0","openaccessFlag":false},{"@_fa": "true", "link": [{"@_fa": "true", "@ref": "self", "@href": "https://api.elsevier.com/content/abstract/scopus_id/85036652211"},{"@_fa": "true", "@ref": "author-affiliation", "@href": "https://api.elsevier.com/content/abstract/scopus_id/85036652211?field=author,affiliation"},{"@_fa": "true", "@ref": "scopus", "@href": "https://www.scopus.com/inward/record.uri?partnerID=HzOxMe3b&scp=85036652211&origin=inward"},{"@_fa": "true", "@ref": "scopus-citedby", "@href": "https://www.scopus.com/inward/citedby.uri?partnerID=HzOxMe3b&scp=85036652211&origin=inward"}],"prism:url":"https://api.elsevier.com/content/abstract/scopus_id/85036652211","dc:identifier":"SCOPUS_ID:85036652211","eid":"2-s2.0-85036652211","dc:title":"Mongolia in the 2016-17 electoral cycle: The blessings of patronage","dc:creator":"Radchenko S.","prism:publicationName":"Asian Survey","prism:issn":"00044687","prism:eIssn":"1533838X","prism:volume":"57","prism:issueIdentifier":"6","prism:pageRange":"1032-1057","prism:coverDate":"2017-11-01","prism:coverDisplayDate":"November-December 2017","prism:doi":"10.1525/AS.2017.57.6.1032","citedby-count":"4","affiliation": [{"@_fa": "true", "affilname":"Cardiff University","affiliation-city":"Cardiff","affiliation-country":"United Kingdom"}],"prism:aggregationType":"Journal","subtype":"ar","subtypeDescription":"Article","source-id":"15713","openaccess":"0","openaccessFlag":false},{"@_fa": "true", "link": [{"@_fa": "true", "@ref": "self", "@href": "https://api.elsevier.com/content/abstract/scopus_id/85030216822"},{"@_fa": "true", "@ref": "author-affiliation", "@href": "https://api.elsevier.com/content/abstract/scopus_id/85030216822?field=author,affiliation"},{"@_fa": "true", "@ref": "scopus", "@href": "https://www.scopus.com/inward/record.uri?partnerID=HzOxMe3b&scp=85030216822&origin=inward"},{"@_fa": "true", "@ref": "scopus-citedby", "@href": "https://www.scopus.com/inward/citedby.uri?partnerID=HzOxMe3b&scp=85030216822&origin=inward"}],"prism:url":"https://api.elsevier.com/content/abstract/scopus_id/85030216822","dc:identifier":"SCOPUS_ID:85030216822","eid":"2-s2.0-85030216822","dc:title":"Measuring political agenda setting and representation in Turkey: Introducing a new approach and data set","dc:creator":"Bulut A.","prism:publicationName":"Party Politics","prism:issn":"13540688","prism:eIssn":"14603683","prism:volume":"23","prism:issueIdentifier":"6","prism:pageRange":"717-730","prism:coverDate":"2017-11-01","prism:coverDisplayDate":"1 November 2017","prism:doi":"10.1177/1354068815625232","citedby-count":"3","affiliation": [{"@_fa": "true", "affilname":"Karadeniz Teknik Üniversitesi","affiliation-city":"Trabzon","affiliation-country":"Turkey"}],"prism:aggregationType":"Journal","subtype":"ar","subtypeDescription":"Article","source-id":"67863","openaccess":"0","openaccessFlag":false},{"@_fa": "true", "link": [{"@_fa": "true", "@ref": "self", "@href": "https://api.elsevier.com/content/abstract/scopus_id/85031902141"},{"@_fa": "true", "@ref": "author-affiliation", "@href": "https://api.elsevier.com/content/abstract/scopus_id/85031902141?field=author,affiliation"},{"@_fa": "true", "@ref": "scopus", "@href": "https://www.scopus.com/inward/record.uri?partnerID=HzOxMe3b&scp=85031902141&origin=inward"},{"@_fa": "true", "@ref": "scopus-citedby", "@href": "https://www.scopus.com/inward/citedby.uri?partnerID=HzOxMe3b&scp=85031902141&origin=inward"}],"prism:url":"https://api.elsevier.com/content/abstract/scopus_id/85031902141","dc:identifier":"SCOPUS_ID:85031902141","eid":"2-s2.0-85031902141","dc:title":"The reformists: Kalahi and the performances of local government officials in Bohol, Philippines","dc:creator":"Poncin E.","prism:publicationName":"Third World Quarterly","prism:issn":"01436597","prism:eIssn":"13602241","prism:pageRange":"1-15","prism:coverDate":"2017-10-24","prism:coverDisplayDate":"24 October 2017","prism:doi":"10.1080/01436597.2017.1389267","citedby-count":"0","affiliation": [{"@_fa": "true", "affilname":"Independent Scholar","affiliation-city":"Pully","affiliation-country":"Switzerland"}],"prism:aggregationType":"Journal","subtype":"undefined","subtypeDescription":null,"source-id":"15471","openaccess":"0","openaccessFlag":false},{"@_fa": "true", "link": [{"@_fa": "true", "@ref": "self", "@href": "https://api.elsevier.com/content/abstract/scopus_id/84991037069"},{"@_fa": "true", "@ref": "author-affiliation", "@href": "https://api.elsevier.com/content/abstract/scopus_id/84991037069?field=author,affiliation"},{"@_fa": "true", "@ref": "scopus", "@href": "https://www.scopus.com/inward/record.uri?partnerID=HzOxMe3b&scp=84991037069&origin=inward"},{"@_fa": "true", "@ref": "scopus-citedby", "@href": "https://www.scopus.com/inward/citedby.uri?partnerID=HzOxMe3b&scp=84991037069&origin=inward"}],"prism:url":"https://api.elsevier.com/content/abstract/scopus_id/84991037069","dc:identifier":"SCOPUS_ID:84991037069","eid":"2-s2.0-84991037069","dc:title":"At a Crossroads or Caught in the Crossfire?: Crime coverage concerns for democracy in Portugal, Spain, and Italy","dc:creator":"Patterson M.","prism:publicationName":"Journalism Practice","prism:issn":"17512786","prism:eIssn":"17512794","prism:volume":"11","prism:issueIdentifier":"9","prism:pageRange":"1079-1100","prism:coverDate":"2017-10-21","prism:coverDisplayDate":"21 October 2017","prism:doi":"10.1080/17512786.2016.1234944","citedby-count":"0","affiliation": [{"@_fa": "true", "affilname":"Duquesne University","affiliation-city":"Pittsburgh","affiliation-country":"United States"}],"prism:aggregationType":"Journal","subtype":"ar","subtypeDescription":"Article","source-id":"11600153484","openaccess":"0","openaccessFlag":false},{"@_fa": "true", "link": [{"@_fa": "true", "@ref": "self", "@href": "https://api.elsevier.com/content/abstract/scopus_id/85030834527"},{"@_fa": "true", "@ref": "author-affiliation", "@href": "https://api.elsevier.com/content/abstract/scopus_id/85030834527?field=author,affiliation"},{"@_fa": "true", "@ref": "scopus", "@href": "https://www.scopus.com/inward/record.uri?partnerID=HzOxMe3b&scp=85030834527&origin=inward"},{"@_fa": "true", "@ref": "scopus-citedby", "@href": "https://www.scopus.com/inward/citedby.uri?partnerID=HzOxMe3b&scp=85030834527&origin=inward"}],"prism:url":"https://api.elsevier.com/content/abstract/scopus_id/85030834527","dc:identifier":"SCOPUS_ID:85030834527","eid":"2-s2.0-85030834527","dc:title":"Connectivity, Clientelism and Public Provision","dc:creator":"Shami M.","prism:publicationName":"British Journal of Political Science","prism:issn":"00071234","prism:eIssn":"14692112","prism:pageRange":"1-24","prism:coverDate":"2017-10-04","prism:coverDisplayDate":"4 October 2017","prism:doi":"10.1017/S0007123417000254","pii":"S0007123417000254","citedby-count":"1","prism:aggregationType":"Journal","subtype":"undefined","subtypeDescription":null,"source-id":"16232","openaccess":"0","openaccessFlag":false},{"@_fa": "true", "link": [{"@_fa": "true", "@ref": "self", "@href": "https://api.elsevier.com/content/abstract/scopus_id/85026263966"},{"@_fa": "true", "@ref": "author-affiliation", "@href": "https://api.elsevier.com/content/abstract/scopus_id/85026263966?field=author,affiliation"},{"@_fa": "true", "@ref": "scopus", "@href": "https://www.scopus.com/inward/record.uri?partnerID=HzOxMe3b&scp=85026263966&origin=inward"},{"@_fa": "true", "@ref": "scopus-citedby", "@href": "https://www.scopus.com/inward/citedby.uri?partnerID=HzOxMe3b&scp=85026263966&origin=inward"}],"prism:url":"https://api.elsevier.com/content/abstract/scopus_id/85026263966","dc:identifier":"SCOPUS_ID:85026263966","eid":"2-s2.0-85026263966","dc:title":"Representation and Exclusion in Partial Democracies: The Role of Civil Society Organisations","dc:creator":"Brett E.","prism:publicationName":"Journal of Development Studies","prism:issn":"00220388","prism:eIssn":"17439140","prism:volume":"53","prism:issueIdentifier":"10","prism:pageRange":"1539-1544","prism:coverDate":"2017-10-03","prism:coverDisplayDate":"3 October 2017","prism:doi":"10.1080/00220388.2017.1344647","citedby-count":"1","affiliation": [{"@_fa": "true", "affilname":"London School of Economics and Political Science","affiliation-city":"London","affiliation-country":"United Kingdom"}],"prism:aggregationType":"Journal","subtype":"ar","subtypeDescription":"Article","source-id":"14849","openaccess":"0","openaccessFlag":false},{"@_fa": "true", "link": [{"@_fa": "true", "@ref": "self", "@href": "https://api.elsevier.com/content/abstract/scopus_id/85011599041"},{"@_fa": "true", "@ref": "author-affiliation", "@href": "https://api.elsevier.com/content/abstract/scopus_id/85011599041?field=author,affiliation"},{"@_fa": "true", "@ref": "scopus", "@href": "https://www.scopus.com/inward/record.uri?partnerID=HzOxMe3b&scp=85011599041&origin=inward"},{"@_fa": "true", "@ref": "scopus-citedby", "@href": "https://www.scopus.com/inward/citedby.uri?partnerID=HzOxMe3b&scp=85011599041&origin=inward"}],"prism:url":"https://api.elsevier.com/content/abstract/scopus_id/85011599041","dc:identifier":"SCOPUS_ID:85011599041","eid":"2-s2.0-85011599041","dc:title":"Organising and Representing the Poor in a Clientelistic Democracy: the Decline of Radical NGOs in Bangladesh","dc:creator":"Lewis D.","prism:publicationName":"Journal of Development Studies","prism:issn":"00220388","prism:eIssn":"17439140","prism:volume":"53","prism:issueIdentifier":"10","prism:pageRange":"1545-1567","prism:coverDate":"2017-10-03","prism:coverDisplayDate":"3 October 2017","prism:doi":"10.1080/00220388.2017.1279732","citedby-count":"3","affiliation": [{"@_fa": "true", "affilname":"London School of Economics and Political Science","affiliation-city":"London","affiliation-country":"United Kingdom"}],"prism:aggregationType":"Journal","subtype":"ar","subtypeDescription":"Article","source-id":"14849","openaccess":"0","openaccessFlag":false},{"@_fa": "true", "link": [{"@_fa": "true", "@ref": "self", "@href": "https://api.elsevier.com/content/abstract/scopus_id/85011928347"},{"@_fa": "true", "@ref": "author-affiliation", "@href": "https://api.elsevier.com/content/abstract/scopus_id/85011928347?field=author,affiliation"},{"@_fa": "true", "@ref": "scopus", "@href": "https://www.scopus.com/inward/record.uri?partnerID=HzOxMe3b&scp=85011928347&origin=inward"},{"@_fa": "true", "@ref": "scopus-citedby", "@href": "https://www.scopus.com/inward/citedby.uri?partnerID=HzOxMe3b&scp=85011928347&origin=inward"}],"prism:url":"https://api.elsevier.com/content/abstract/scopus_id/85011928347","dc:identifier":"SCOPUS_ID:85011928347","eid":"2-s2.0-85011928347","dc:title":"Land governance as grey zone: the political incentives of land reform implementation in Africa","dc:creator":"Kjær A.","prism:publicationName":"Commonwealth and Comparative Politics","prism:issn":"14662043","prism:eIssn":"17439094","prism:volume":"55","prism:issueIdentifier":"4","prism:pageRange":"426-443","prism:coverDate":"2017-10-02","prism:coverDisplayDate":"2 October 2017","prism:doi":"10.1080/14662043.2017.1272876","citedby-count":"2","affiliation": [{"@_fa": "true", "affilname":"Aarhus Universitet","affiliation-city":"Aarhus","affiliation-country":"Denmark"}],"prism:aggregationType":"Journal","subtype":"ar","subtypeDescription":"Article","source-id":"23925","openaccess":"0","openaccessFlag":false},{"@_fa": "true", "link": [{"@_fa": "true", "@ref": "self", "@href": "https://api.elsevier.com/content/abstract/scopus_id/85038006891"},{"@_fa": "true", "@ref": "author-affiliation", "@href": "https://api.elsevier.com/content/abstract/scopus_id/85038006891?field=author,affiliation"},{"@_fa": "true", "@ref": "scopus", "@href": "https://www.scopus.com/inward/record.uri?partnerID=HzOxMe3b&scp=85038006891&origin=inward"},{"@_fa": "true", "@ref": "scopus-citedby", "@href": "https://www.scopus.com/inward/citedby.uri?partnerID=HzOxMe3b&scp=85038006891&origin=inward"}],"prism:url":"https://api.elsevier.com/content/abstract/scopus_id/85038006891","dc:identifier":"SCOPUS_ID:85038006891","eid":"2-s2.0-85038006891","dc:title":"Political Parties and Grassroots Clientelist Strategies in Urban Turkey: One Neighbourhood at a Time","dc:creator":"Ark-Yıldırım C.","prism:publicationName":"South European Society and Politics","prism:issn":"13608746","prism:eIssn":"17439612","prism:volume":"22","prism:issueIdentifier":"4","prism:pageRange":"473-490","prism:coverDate":"2017-10-02","prism:coverDisplayDate":"2 October 2017","prism:doi":"10.1080/13608746.2017.1406431","citedby-count":"2","affiliation": [{"@_fa": "true", "affilname":"Istanbul Üniversitesi","affiliation-city":"Istanbul","affiliation-country":"Turkey"}],"prism:aggregationType":"Journal","subtype":"ar","subtypeDescription":"Article","source-id":"28082","openaccess":"0","openaccessFlag":false},{"@_fa": "true", "link": [{"@_fa": "true", "@ref": "self", "@href": "https://api.elsevier.com/content/abstract/scopus_id/85029684744"},{"@_fa": "true", "@ref": "author-affiliation", "@href": "https://api.elsevier.com/content/abstract/scopus_id/85029684744?field=author,affiliation"},{"@_fa": "true", "@ref": "scopus", "@href": "https://www.scopus.com/inward/record.uri?partnerID=HzOxMe3b&scp=85029684744&origin=inward"},{"@_fa": "true", "@ref": "scopus-citedby", "@href": "https://www.scopus.com/inward/citedby.uri?partnerID=HzOxMe3b&scp=85029684744&origin=inward"}],"prism:url":"https://api.elsevier.com/content/abstract/scopus_id/85029684744","dc:identifier":"SCOPUS_ID:85029684744","eid":"2-s2.0-85029684744","dc:title":"Ambivalent outcomes of statebuilding: multiplication of brokers and educational expansion in the Democratic Republic of Congo (2004–13)","dc:creator":"Brandt C.","prism:publicationName":"Review of African Political Economy","prism:issn":"03056244","prism:eIssn":"17401720","prism:volume":"44","prism:issueIdentifier":"154","prism:pageRange":"624-642","prism:coverDate":"2017-10-02","prism:coverDisplayDate":"2 October 2017","prism:doi":"10.1080/03056244.2017.1367920","citedby-count":"1","affiliation": [{"@_fa": "true", "affilname":"University of Amsterdam","affiliation-city":"Amsterdam","affiliation-country":"Netherlands"}],"prism:aggregationType":"Journal","subtype":"ar","subtypeDescription":"Article","source-id":"27938","openaccess":"0","openaccessFlag":false},{"@_fa": "true", "link": [{"@_fa": "true", "@ref": "self", "@href": "https://api.elsevier.com/content/abstract/scopus_id/85032664532"},{"@_fa": "true", "@ref": "author-affiliation", "@href": "https://api.elsevier.com/content/abstract/scopus_id/85032664532?field=author,affiliation"},{"@_fa": "true", "@ref": "scopus", "@href": "https://www.scopus.com/inward/record.uri?partnerID=HzOxMe3b&scp=85032664532&origin=inward"},{"@_fa": "true", "@ref": "scopus-citedby", "@href": "https://www.scopus.com/inward/citedby.uri?partnerID=HzOxMe3b&scp=85032664532&origin=inward"}],"prism:url":"https://api.elsevier.com/content/abstract/scopus_id/85032664532","dc:identifier":"SCOPUS_ID:85032664532","eid":"2-s2.0-85032664532","dc:title":"Clientelism and ethnic divisions in African countries","dc:creator":"Isaksson A.","prism:publicationName":"African Affairs","prism:issn":"00019909","prism:eIssn":"14682621","prism:volume":"116","prism:issueIdentifier":"465","prism:pageRange":"621-647","prism:coverDate":"2017-10-01","prism:coverDisplayDate":"1 October 2017","prism:doi":"10.1093/afraf/adx028","citedby-count":"2","affiliation": [{"@_fa": "true", "affilname":"Örebro Universitet","affiliation-city":"Orebro","affiliation-country":"Sweden"}],"prism:aggregationType":"Journal","subtype":"ar","subtypeDescription":"Article","source-id":"15039","openaccess":"0","openaccessFlag":false},{"@_fa": "true", "link": [{"@_fa": "true", "@ref": "self", "@href": "https://api.elsevier.com/content/abstract/scopus_id/85044295173"},{"@_fa": "true", "@ref": "author-affiliation", "@href": "https://api.elsevier.com/content/abstract/scopus_id/85044295173?field=author,affiliation"},{"@_fa": "true", "@ref": "scopus", "@href": "https://www.scopus.com/inward/record.uri?partnerID=HzOxMe3b&scp=85044295173&origin=inward"},{"@_fa": "true", "@ref": "scopus-citedby", "@href": "https://www.scopus.com/inward/citedby.uri?partnerID=HzOxMe3b&scp=85044295173&origin=inward"}],"prism:url":"https://api.elsevier.com/content/abstract/scopus_id/85044295173","dc:identifier":"SCOPUS_ID:85044295173","eid":"2-s2.0-85044295173","dc:title":"Loyalty premiums: Vote prices and political support in a dominant-party regime","dc:creator":"Conroy-Krutz J.","prism:publicationName":"Comparative Politics","prism:issn":"00104159","prism:eIssn":"21516227","prism:volume":"50","prism:issueIdentifier":"1","prism:pageRange":"1-20","prism:coverDate":"2017-10-01","prism:coverDisplayDate":"October 2017","citedby-count":"1","affiliation": [{"@_fa": "true", "affilname":"Michigan State University","affiliation-city":"East Lansing","affiliation-country":"United States"}],"prism:aggregationType":"Journal","subtype":"re","subtypeDescription":"Review","source-id":"13448","openaccess":"0","openaccessFlag":false},{"@_fa": "true", "link": [{"@_fa": "true", "@ref": "self", "@href": "https://api.elsevier.com/content/abstract/scopus_id/85031331092"},{"@_fa": "true", "@ref": "author-affiliation", "@href": "https://api.elsevier.com/content/abstract/scopus_id/85031331092?field=author,affiliation"},{"@_fa": "true", "@ref": "scopus", "@href": "https://www.scopus.com/inward/record.uri?partnerID=HzOxMe3b&scp=85031331092&origin=inward"},{"@_fa": "true", "@ref": "scopus-citedby", "@href": "https://www.scopus.com/inward/citedby.uri?partnerID=HzOxMe3b&scp=85031331092&origin=inward"}],"prism:url":"https://api.elsevier.com/content/abstract/scopus_id/85031331092","dc:identifier":"SCOPUS_ID:85031331092","eid":"2-s2.0-85031331092","dc:title":"Clientelism, Law and Politics. Considerations in the Light of the Argentine Case","dc:creator":"Rivas P.","prism:publicationName":"Law and Development Review","prism:eIssn":"19433867","prism:volume":"10","prism:issueIdentifier":"2","prism:pageRange":"497-519","prism:coverDate":"2017-09-26","prism:coverDisplayDate":"26 September 2017","prism:doi":"10.1515/ldr-2017-0023","citedby-count":"1","affiliation": [{"@_fa": "true", "affilname":"Universidad Austral","affiliation-city":"Buenos Aires","affiliation-country":"Argentina"}],"prism:aggregationType":"Journal","subtype":"re","subtypeDescription":"Review","source-id":"21100228053","openaccess":"0","openaccessFlag":false}]}}