{"search-results":{"opensearch:totalResults":"2","opensearch:startIndex":"0","opensearch:itemsPerPage":"2","opensearch:Query":{"@role": "request", "@searchTerms": "TITLE-ABS-KEY(\"clientelism\") AND SUBJAREA(SOCI) AND PUBYEAR = 1986", "@startPage": "0"},"link": [{"@_fa": "true", "@ref": "self", "@href": "https://api.elsevier.com/content/search/scopus?start=0&count=25&query=TITLE-ABS-KEY%28%22clientelism%22%29+AND+SUBJAREA%28SOCI%29+AND+PUBYEAR+%3D+1986&apiKey=27d953b4b546791964ebeb768d13e61f&view=STANDARD", "@type": "application/json"},{"@_fa": "true", "@ref": "first", "@href": "https://api.elsevier.com/content/search/scopus?start=0&count=25&query=TITLE-ABS-KEY%28%22clientelism%22%29+AND+SUBJAREA%28SOCI%29+AND+PUBYEAR+%3D+1986&apiKey=27d953b4b546791964ebeb768d13e61f&view=STANDARD", "@type": "application/json"}],"entry": [{"@_fa": "true", "link": [{"@_fa": "true", "@ref": "self", "@href": "https://api.elsevier.com/content/abstract/scopus_id/84928448715"},{"@_fa": "true", "@ref": "author-affiliation", "@href": "https://api.elsevier.com/content/abstract/scopus_id/84928448715?field=author,affiliation"},{"@_fa": "true", "@ref": "scopus", "@href": "https://www.scopus.com/inward/record.uri?partnerID=HzOxMe3b&scp=84928448715&origin=inward"},{"@_fa": "true", "@ref": "scopus-citedby", "@href": "https://www.scopus.com/inward/citedby.uri?partnerID=HzOxMe3b&scp=84928448715&origin=inward"}],"prism:url":"https://api.elsevier.com/content/abstract/scopus_id/84928448715","dc:identifier":"SCOPUS_ID:84928448715","eid":"2-s2.0-84928448715","dc:title":"Clientelism and patronage in senegal","dc:creator":"Fatton R.","prism:publicationName":"African Studies Review","prism:issn":"00020206","prism:eIssn":"15552462","prism:volume":"29","prism:issueIdentifier":"4","prism:pageRange":"61-78","prism:coverDate":"1986-01-01","prism:coverDisplayDate":"December 1986","prism:doi":"10.2307/524006","citedby-count":"15","prism:aggregationType":"Journal","subtype":"ar","subtypeDescription":"Article","source-id":"26926","openaccess":"0","openaccessFlag":false},{"@_fa": "true", "link": [{"@_fa": "true", "@ref": "self", "@href": "https://api.elsevier.com/content/abstract/scopus_id/0022889664"},{"@_fa": "true", "@ref": "author-affiliation", "@href": "https://api.elsevier.com/content/abstract/scopus_id/0022889664?field=author,affiliation"},{"@_fa": "true", "@ref": "scopus", "@href": "https://www.scopus.com/inward/record.uri?partnerID=HzOxMe3b&scp=0022889664&origin=inward"},{"@_fa": "true", "@ref": "scopus-citedby", "@href": "https://www.scopus.com/inward/citedby.uri?partnerID=HzOxMe3b&scp=0022889664&origin=inward"}],"prism:url":"https://api.elsevier.com/content/abstract/scopus_id/0022889664","dc:identifier":"SCOPUS_ID:0022889664","eid":"2-s2.0-0022889664","dc:title":"BRINGING INDUSTRY TO A SMALL TOWN IN THE WEST OF IRELAND*","dc:creator":"CURTIN C.","prism:publicationName":"Sociologia Ruralis","prism:issn":"00380199","prism:eIssn":"14679523","prism:volume":"26","prism:issueIdentifier":"2","prism:pageRange":"170-185","prism:coverDate":"1986-01-01","prism:coverDisplayDate":"August 1986","prism:doi":"10.1111/j.1467-9523.1986.tb00780.x","citedby-count":"2","affiliation": [{"@_fa": "true", "affilname":"National University of Ireland Galway","affiliation-city":"Galway","affiliation-country":"Ireland"}],"prism:aggregationType":"Journal","subtype":"ar","subtypeDescription":"Article","source-id":"18062","openaccess":"0","openaccessFlag":false}]}}