{"search-results":{"opensearch:totalResults":"1","opensearch:startIndex":"0","opensearch:itemsPerPage":"1","opensearch:Query":{"@role": "request", "@searchTerms": "TITLE-ABS-KEY(\"clientelism\") AND SUBJAREA(SOCI) AND PUBYEAR = 1973", "@startPage": "0"},"link": [{"@_fa": "true", "@ref": "self", "@href": "https://api.elsevier.com/content/search/scopus?start=0&count=25&query=TITLE-ABS-KEY%28%22clientelism%22%29+AND+SUBJAREA%28SOCI%29+AND+PUBYEAR+%3D+1973&apiKey=27d953b4b546791964ebeb768d13e61f&view=STANDARD", "@type": "application/json"},{"@_fa": "true", "@ref": "first", "@href": "https://api.elsevier.com/content/search/scopus?start=0&count=25&query=TITLE-ABS-KEY%28%22clientelism%22%29+AND+SUBJAREA%28SOCI%29+AND+PUBYEAR+%3D+1973&apiKey=27d953b4b546791964ebeb768d13e61f&view=STANDARD", "@type": "application/json"}],"entry": [{"@_fa": "true", "link": [{"@_fa": "true", "@ref": "self", "@href": "https://api.elsevier.com/content/abstract/scopus_id/84977000933"},{"@_fa": "true", "@ref": "author-affiliation", "@href": "https://api.elsevier.com/content/abstract/scopus_id/84977000933?field=author,affiliation"},{"@_fa": "true", "@ref": "scopus", "@href": "https://www.scopus.com/inward/record.uri?partnerID=HzOxMe3b&scp=84977000933&origin=inward"},{"@_fa": "true", "@ref": "scopus-citedby", "@href": "https://www.scopus.com/inward/citedby.uri?partnerID=HzOxMe3b&scp=84977000933&origin=inward"}],"prism:url":"https://api.elsevier.com/content/abstract/scopus_id/84977000933","dc:identifier":"SCOPUS_ID:84977000933","eid":"2-s2.0-84977000933","dc:title":"PATRON‐CLIENT RELATIONSHIPS IN SOUTHERN ITALY","dc:creator":"GRAZIANO L.","prism:publicationName":"European Journal of Political Research","prism:issn":"03044130","prism:eIssn":"14756765","prism:volume":"1","prism:issueIdentifier":"1","prism:pageRange":"3-34","prism:coverDate":"1973-01-01","prism:coverDisplayDate":"April 1973","prism:doi":"10.1111/j.1475-6765.1973.tb01281.x","citedby-count":"43","affiliation": [{"@_fa": "true", "affilname":"Università degli Studi di Catania","affiliation-city":"Catania","affiliation-country":"Italy"}],"prism:aggregationType":"Journal","subtype":"ar","subtypeDescription":"Article","source-id":"18437","openaccess":"0","openaccessFlag":false}]}}