{"search-results":{"opensearch:totalResults":"23","opensearch:startIndex":"0","opensearch:itemsPerPage":"23","opensearch:Query":{"@role": "request", "@searchTerms": "TITLE-ABS-KEY(\"clientelism\") AND SUBJAREA(SOCI) AND PUBYEAR = 2003", "@startPage": "0"},"link": [{"@_fa": "true", "@ref": "self", "@href": "https://api.elsevier.com/content/search/scopus?start=0&count=25&query=TITLE-ABS-KEY%28%22clientelism%22%29+AND+SUBJAREA%28SOCI%29+AND+PUBYEAR+%3D+2003&apiKey=27d953b4b546791964ebeb768d13e61f&view=STANDARD", "@type": "application/json"},{"@_fa": "true", "@ref": "first", "@href": "https://api.elsevier.com/content/search/scopus?start=0&count=25&query=TITLE-ABS-KEY%28%22clientelism%22%29+AND+SUBJAREA%28SOCI%29+AND+PUBYEAR+%3D+2003&apiKey=27d953b4b546791964ebeb768d13e61f&view=STANDARD", "@type": "application/json"}],"entry": [{"@_fa": "true", "link": [{"@_fa": "true", "@ref": "self", "@href": "https://api.elsevier.com/content/abstract/scopus_id/2342459004"},{"@_fa": "true", "@ref": "author-affiliation", "@href": "https://api.elsevier.com/content/abstract/scopus_id/2342459004?field=author,affiliation"},{"@_fa": "true", "@ref": "scopus", "@href": "https://www.scopus.com/inward/record.uri?partnerID=HzOxMe3b&scp=2342459004&origin=inward"},{"@_fa": "true", "@ref": "scopus-citedby", "@href": "https://www.scopus.com/inward/citedby.uri?partnerID=HzOxMe3b&scp=2342459004&origin=inward"}],"prism:url":"https://api.elsevier.com/content/abstract/scopus_id/2342459004","dc:identifier":"SCOPUS_ID:2342459004","eid":"2-s2.0-2342459004","dc:title":"Transformation of collective action in Villa el Salvador (Lima): From self-managed community to participative budgeting","dc:creator":"Burgos-Vigna D.","prism:publicationName":"Mondes en Developpement","prism:issn":"03023052","prism:volume":"31","prism:issueIdentifier":"4 124","prism:pageRange":"113-130","prism:coverDate":"2003-12-01","prism:coverDisplayDate":"2003","citedby-count":"2","affiliation": [{"@_fa": "true", "affilname":"Universite Paris 12 Val de Marne","affiliation-city":"Creteil","affiliation-country":"France"}],"prism:aggregationType":"Journal","subtype":"ar","subtypeDescription":"Article","source-id":"14890","openaccess":"0","openaccessFlag":false},{"@_fa": "true", "link": [{"@_fa": "true", "@ref": "self", "@href": "https://api.elsevier.com/content/abstract/scopus_id/0346318385"},{"@_fa": "true", "@ref": "author-affiliation", "@href": "https://api.elsevier.com/content/abstract/scopus_id/0346318385?field=author,affiliation"},{"@_fa": "true", "@ref": "scopus", "@href": "https://www.scopus.com/inward/record.uri?partnerID=HzOxMe3b&scp=0346318385&origin=inward"},{"@_fa": "true", "@ref": "scopus-citedby", "@href": "https://www.scopus.com/inward/citedby.uri?partnerID=HzOxMe3b&scp=0346318385&origin=inward"}],"prism:url":"https://api.elsevier.com/content/abstract/scopus_id/0346318385","dc:identifier":"SCOPUS_ID:0346318385","eid":"2-s2.0-0346318385","dc:title":"The local publica finance in Galicia: A necessary reform","dc:creator":"Corbacho J.","prism:publicationName":"Revista Galega de Economia","prism:issn":"11322799","prism:volume":"12","prism:issueIdentifier":"1","prism:pageRange":"31-44","prism:coverDate":"2003-12-01","prism:coverDisplayDate":"2003","citedby-count":"1","prism:aggregationType":"Journal","subtype":"ar","subtypeDescription":"Article","source-id":"26283","openaccess":"0","openaccessFlag":false},{"@_fa": "true", "link": [{"@_fa": "true", "@ref": "self", "@href": "https://api.elsevier.com/content/abstract/scopus_id/0344708505"},{"@_fa": "true", "@ref": "author-affiliation", "@href": "https://api.elsevier.com/content/abstract/scopus_id/0344708505?field=author,affiliation"},{"@_fa": "true", "@ref": "scopus", "@href": "https://www.scopus.com/inward/record.uri?partnerID=HzOxMe3b&scp=0344708505&origin=inward"},{"@_fa": "true", "@ref": "scopus-citedby", "@href": "https://www.scopus.com/inward/citedby.uri?partnerID=HzOxMe3b&scp=0344708505&origin=inward"}],"prism:url":"https://api.elsevier.com/content/abstract/scopus_id/0344708505","dc:identifier":"SCOPUS_ID:0344708505","eid":"2-s2.0-0344708505","dc:title":"Transnationalism, the State, and the Extraterritorial Citizen","dc:creator":"Smith M.","prism:publicationName":"Politics and Society","prism:issn":"00323292","prism:volume":"31","prism:issueIdentifier":"4","prism:pageRange":"467-502","prism:coverDate":"2003-12-01","prism:coverDisplayDate":"December 2003","prism:doi":"10.1177/0032329203256957","citedby-count":"86","affiliation": [{"@_fa": "true", "affilname":"University of California, Davis","affiliation-city":"Davis","affiliation-country":"United States"}],"prism:aggregationType":"Journal","subtype":"re","subtypeDescription":"Review","source-id":"23439","openaccess":"0","openaccessFlag":false},{"@_fa": "true", "link": [{"@_fa": "true", "@ref": "self", "@href": "https://api.elsevier.com/content/abstract/scopus_id/16544388153"},{"@_fa": "true", "@ref": "author-affiliation", "@href": "https://api.elsevier.com/content/abstract/scopus_id/16544388153?field=author,affiliation"},{"@_fa": "true", "@ref": "scopus", "@href": "https://www.scopus.com/inward/record.uri?partnerID=HzOxMe3b&scp=16544388153&origin=inward"},{"@_fa": "true", "@ref": "scopus-citedby", "@href": "https://www.scopus.com/inward/citedby.uri?partnerID=HzOxMe3b&scp=16544388153&origin=inward"}],"prism:url":"https://api.elsevier.com/content/abstract/scopus_id/16544388153","dc:identifier":"SCOPUS_ID:16544388153","eid":"2-s2.0-16544388153","dc:title":"Al-Akhawayn University: Elites in the Middle Atlas mountains","dc:creator":"Wien P.","prism:publicationName":"Orient","prism:issn":"00305227","prism:volume":"44","prism:issueIdentifier":"4","prism:pageRange":"601-606","prism:coverDate":"2003-12-01","prism:coverDisplayDate":"December 2003","citedby-count":"0","affiliation": [{"@_fa": "true", "affilname":"Universität Bonn","affiliation-city":"Bonn","affiliation-country":"Germany"}],"prism:aggregationType":"Journal","subtype":"ar","subtypeDescription":"Article","source-id":"5600152983","openaccess":"0","openaccessFlag":false},{"@_fa": "true", "link": [{"@_fa": "true", "@ref": "self", "@href": "https://api.elsevier.com/content/abstract/scopus_id/84900685630"},{"@_fa": "true", "@ref": "author-affiliation", "@href": "https://api.elsevier.com/content/abstract/scopus_id/84900685630?field=author,affiliation"},{"@_fa": "true", "@ref": "scopus", "@href": "https://www.scopus.com/inward/record.uri?partnerID=HzOxMe3b&scp=84900685630&origin=inward"},{"@_fa": "true", "@ref": "scopus-citedby", "@href": "https://www.scopus.com/inward/citedby.uri?partnerID=HzOxMe3b&scp=84900685630&origin=inward"}],"prism:url":"https://api.elsevier.com/content/abstract/scopus_id/84900685630","dc:identifier":"SCOPUS_ID:84900685630","eid":"2-s2.0-84900685630","dc:title":"Liberalization against democracy: The local politics of economic reform in Tunisia","dc:creator":"King S.","prism:publicationName":"Liberalization against Democracy: The Local Politics of Economic Reform in Tunisia","prism:isbn": [{"@_fa": "true", "$" :"0253342120"},{"@_fa": "true", "$" :"9780253342126"}],"prism:pageRange":"1-161","prism:coverDate":"2003-12-01","prism:coverDisplayDate":"2003","citedby-count":"40","affiliation": [{"@_fa": "true", "affilname":"Georgetown University","affiliation-city":"Washington, D.C.","affiliation-country":"United States"}],"prism:aggregationType":"Book","subtype":"bk","subtypeDescription":"Book","source-id":"21100313393","openaccess":"0","openaccessFlag":false},{"@_fa": "true", "link": [{"@_fa": "true", "@ref": "self", "@href": "https://api.elsevier.com/content/abstract/scopus_id/0242604803"},{"@_fa": "true", "@ref": "author-affiliation", "@href": "https://api.elsevier.com/content/abstract/scopus_id/0242604803?field=author,affiliation"},{"@_fa": "true", "@ref": "scopus", "@href": "https://www.scopus.com/inward/record.uri?partnerID=HzOxMe3b&scp=0242604803&origin=inward"},{"@_fa": "true", "@ref": "scopus-citedby", "@href": "https://www.scopus.com/inward/citedby.uri?partnerID=HzOxMe3b&scp=0242604803&origin=inward"}],"prism:url":"https://api.elsevier.com/content/abstract/scopus_id/0242604803","dc:identifier":"SCOPUS_ID:0242604803","eid":"2-s2.0-0242604803","dc:title":"Centre Politics in Russia and Ukraine: Patronage, Power and Virtuality","dc:creator":"Protsyk O.","prism:publicationName":"Party Politics","prism:issn":"13540688","prism:volume":"9","prism:issueIdentifier":"6","prism:pageRange":"703-727","prism:coverDate":"2003-11-01","prism:coverDisplayDate":"November 2003","prism:doi":"10.1177/13540688030096003","citedby-count":"35","affiliation": [{"@_fa": "true", "affilname":"University of Ottawa, Canada","affiliation-city":"Ottawa","affiliation-country":"Canada"}],"prism:aggregationType":"Journal","subtype":"re","subtypeDescription":"Review","source-id":"67863","openaccess":"0","openaccessFlag":false},{"@_fa": "true", "link": [{"@_fa": "true", "@ref": "self", "@href": "https://api.elsevier.com/content/abstract/scopus_id/1642501022"},{"@_fa": "true", "@ref": "author-affiliation", "@href": "https://api.elsevier.com/content/abstract/scopus_id/1642501022?field=author,affiliation"},{"@_fa": "true", "@ref": "scopus", "@href": "https://www.scopus.com/inward/record.uri?partnerID=HzOxMe3b&scp=1642501022&origin=inward"},{"@_fa": "true", "@ref": "scopus-citedby", "@href": "https://www.scopus.com/inward/citedby.uri?partnerID=HzOxMe3b&scp=1642501022&origin=inward"}],"prism:url":"https://api.elsevier.com/content/abstract/scopus_id/1642501022","dc:identifier":"SCOPUS_ID:1642501022","eid":"2-s2.0-1642501022","dc:title":"Legacies of a culture of inequality: The Janus face of crime in post-communist countries","dc:creator":"Karstedt S.","prism:publicationName":"Crime, Law and Social Change","prism:issn":"09254994","prism:eIssn":"15730751","prism:volume":"40","prism:issueIdentifier":"2-3","prism:pageRange":"295-320","prism:coverDate":"2003-10-01","prism:coverDisplayDate":"October 2003","prism:doi":"10.1023/A:1025767204705","citedby-count":"51","affiliation": [{"@_fa": "true", "affilname":"Keele University","affiliation-city":"Keele","affiliation-country":"United Kingdom"}],"prism:aggregationType":"Journal","subtype":"ar","subtypeDescription":"Article","source-id":"19637","openaccess":"0","openaccessFlag":false},{"@_fa": "true", "link": [{"@_fa": "true", "@ref": "self", "@href": "https://api.elsevier.com/content/abstract/scopus_id/1142293088"},{"@_fa": "true", "@ref": "author-affiliation", "@href": "https://api.elsevier.com/content/abstract/scopus_id/1142293088?field=author,affiliation"},{"@_fa": "true", "@ref": "scopus", "@href": "https://www.scopus.com/inward/record.uri?partnerID=HzOxMe3b&scp=1142293088&origin=inward"},{"@_fa": "true", "@ref": "scopus-citedby", "@href": "https://www.scopus.com/inward/citedby.uri?partnerID=HzOxMe3b&scp=1142293088&origin=inward"}],"prism:url":"https://api.elsevier.com/content/abstract/scopus_id/1142293088","dc:identifier":"SCOPUS_ID:1142293088","eid":"2-s2.0-1142293088","dc:title":"Shas between identity construction and clientelist dynamics: The creation of an 'identity clientelism'","dc:creator":"Charbit M.","prism:publicationName":"Nationalism and Ethnic Politics","prism:issn":"13537113","prism:volume":"9","prism:issueIdentifier":"3","prism:pageRange":"102-128","prism:coverDate":"2003-09-01","prism:coverDisplayDate":"September 2003","prism:doi":"10.1080/13537110412331301495","citedby-count":"3","affiliation": [{"@_fa": "true", "affilname":"Political Institute of Bordeaux","affiliation-city":"Bordeaux","affiliation-country":"France"}],"prism:aggregationType":"Journal","subtype":"ar","subtypeDescription":"Article","source-id":"26917","openaccess":"0","openaccessFlag":false},{"@_fa": "true", "link": [{"@_fa": "true", "@ref": "self", "@href": "https://api.elsevier.com/content/abstract/scopus_id/34548043259"},{"@_fa": "true", "@ref": "author-affiliation", "@href": "https://api.elsevier.com/content/abstract/scopus_id/34548043259?field=author,affiliation"},{"@_fa": "true", "@ref": "scopus", "@href": "https://www.scopus.com/inward/record.uri?partnerID=HzOxMe3b&scp=34548043259&origin=inward"},{"@_fa": "true", "@ref": "scopus-citedby", "@href": "https://www.scopus.com/inward/citedby.uri?partnerID=HzOxMe3b&scp=34548043259&origin=inward"}],"prism:url":"https://api.elsevier.com/content/abstract/scopus_id/34548043259","dc:identifier":"SCOPUS_ID:34548043259","eid":"2-s2.0-34548043259","dc:title":"Informal institutions and comparative politics: A research agenda","dc:creator":"Helmke G.","prism:publicationName":"Working Paper of the Helen Kellogg Institute for International Studies","prism:issueIdentifier":"307","prism:pageRange":null,"prism:coverDate":"2003-09-01","prism:coverDisplayDate":"September 2003","citedby-count":"15","prism:aggregationType":"Journal","subtype":"ar","subtypeDescription":"Article","source-id":"31602","openaccess":"0","openaccessFlag":false},{"@_fa": "true", "link": [{"@_fa": "true", "@ref": "self", "@href": "https://api.elsevier.com/content/abstract/scopus_id/84906142444"},{"@_fa": "true", "@ref": "author-affiliation", "@href": "https://api.elsevier.com/content/abstract/scopus_id/84906142444?field=author,affiliation"},{"@_fa": "true", "@ref": "scopus", "@href": "https://www.scopus.com/inward/record.uri?partnerID=HzOxMe3b&scp=84906142444&origin=inward"},{"@_fa": "true", "@ref": "scopus-citedby", "@href": "https://www.scopus.com/inward/citedby.uri?partnerID=HzOxMe3b&scp=84906142444&origin=inward"}],"prism:url":"https://api.elsevier.com/content/abstract/scopus_id/84906142444","dc:identifier":"SCOPUS_ID:84906142444","eid":"2-s2.0-84906142444","dc:title":"Clientelism: Facilitating rights and favours","dc:creator":"Collins N.","prism:publicationName":"Public Administration and Public Policy in Ireland: Theory and Methods","prism:isbn": [{"@_fa": "true", "$" :"020340324X"},{"@_fa": "true", "$" :"9780203403242"}],"prism:pageRange":"82-100","prism:coverDate":"2003-07-31","prism:coverDisplayDate":"31 July 2003","prism:doi":"10.4324/9780203403242","citedby-count":"8","prism:aggregationType":"Book","subtype":"ch","subtypeDescription":"Chapter","source-id":"21100329921","openaccess":"0","openaccessFlag":false},{"@_fa": "true", "link": [{"@_fa": "true", "@ref": "self", "@href": "https://api.elsevier.com/content/abstract/scopus_id/0038684073"},{"@_fa": "true", "@ref": "author-affiliation", "@href": "https://api.elsevier.com/content/abstract/scopus_id/0038684073?field=author,affiliation"},{"@_fa": "true", "@ref": "scopus", "@href": "https://www.scopus.com/inward/record.uri?partnerID=HzOxMe3b&scp=0038684073&origin=inward"},{"@_fa": "true", "@ref": "scopus-citedby", "@href": "https://www.scopus.com/inward/citedby.uri?partnerID=HzOxMe3b&scp=0038684073&origin=inward"}],"prism:url":"https://api.elsevier.com/content/abstract/scopus_id/0038684073","dc:identifier":"SCOPUS_ID:0038684073","eid":"2-s2.0-0038684073","dc:title":"Presidentialism and clientelism in Africa's emerging party systems","dc:creator":"van de Walle N.","prism:publicationName":"Journal of Modern African Studies","prism:issn":"0022278X","prism:volume":"41","prism:issueIdentifier":"2","prism:pageRange":"297-321","prism:coverDate":"2003-06-01","prism:coverDisplayDate":"June 2003","prism:doi":"10.1017/S0022278X03004269","citedby-count":"263","affiliation": [{"@_fa": "true", "affilname":"Michigan State University","affiliation-city":"East Lansing","affiliation-country":"United States"}],"prism:aggregationType":"Journal","subtype":"ar","subtypeDescription":"Article","source-id":"20318","openaccess":"0","openaccessFlag":false},{"@_fa": "true", "link": [{"@_fa": "true", "@ref": "self", "@href": "https://api.elsevier.com/content/abstract/scopus_id/0037383107"},{"@_fa": "true", "@ref": "author-affiliation", "@href": "https://api.elsevier.com/content/abstract/scopus_id/0037383107?field=author,affiliation"},{"@_fa": "true", "@ref": "scopus", "@href": "https://www.scopus.com/inward/record.uri?partnerID=HzOxMe3b&scp=0037383107&origin=inward"},{"@_fa": "true", "@ref": "scopus-citedby", "@href": "https://www.scopus.com/inward/citedby.uri?partnerID=HzOxMe3b&scp=0037383107&origin=inward"}],"prism:url":"https://api.elsevier.com/content/abstract/scopus_id/0037383107","dc:identifier":"SCOPUS_ID:0037383107","eid":"2-s2.0-0037383107","dc:title":"Turkey and the European Union: Modernizing a traditional state?","dc:creator":"Sozen S.","prism:publicationName":"Social Policy and Administration","prism:issn":"01445596","prism:volume":"37","prism:issueIdentifier":"2","prism:pageRange":"108-120","prism:coverDate":"2003-04-01","prism:coverDisplayDate":"April 2003","prism:doi":"10.1111/1467-9515.00328","citedby-count":"19","affiliation": [{"@_fa": "true", "affilname":"Anadolu Üniversitesi","affiliation-city":"Eskisehir","affiliation-country":"Turkey"}],"prism:aggregationType":"Journal","subtype":"ar","subtypeDescription":"Article","source-id":"14573","openaccess":"0","openaccessFlag":false},{"@_fa": "true", "link": [{"@_fa": "true", "@ref": "self", "@href": "https://api.elsevier.com/content/abstract/scopus_id/0037288025"},{"@_fa": "true", "@ref": "author-affiliation", "@href": "https://api.elsevier.com/content/abstract/scopus_id/0037288025?field=author,affiliation"},{"@_fa": "true", "@ref": "scopus", "@href": "https://www.scopus.com/inward/record.uri?partnerID=HzOxMe3b&scp=0037288025&origin=inward"},{"@_fa": "true", "@ref": "scopus-citedby", "@href": "https://www.scopus.com/inward/citedby.uri?partnerID=HzOxMe3b&scp=0037288025&origin=inward"}],"prism:url":"https://api.elsevier.com/content/abstract/scopus_id/0037288025","dc:identifier":"SCOPUS_ID:0037288025","eid":"2-s2.0-0037288025","dc:title":"The umbilical cord that was never cut: The post-dictatorial intimacy between the political elite and the mass media in Greece and Spain","dc:creator":"Papatheodorou F.","prism:publicationName":"European Journal of Communication","prism:issn":"02673231","prism:volume":"18","prism:issueIdentifier":"1","prism:pageRange":"31-54","prism:coverDate":"2003-03-01","prism:coverDisplayDate":"March 2003","prism:doi":"10.1177/0267323103018001225","citedby-count":"44","affiliation": [{"@_fa": "true", "affilname":"London","affiliation-city":"London","affiliation-country":"United Kingdom"}],"prism:aggregationType":"Journal","subtype":"re","subtypeDescription":"Review","source-id":"14400","openaccess":"0","openaccessFlag":false},{"@_fa": "true", "link": [{"@_fa": "true", "@ref": "self", "@href": "https://api.elsevier.com/content/abstract/scopus_id/0037336175"},{"@_fa": "true", "@ref": "author-affiliation", "@href": "https://api.elsevier.com/content/abstract/scopus_id/0037336175?field=author,affiliation"},{"@_fa": "true", "@ref": "scopus", "@href": "https://www.scopus.com/inward/record.uri?partnerID=HzOxMe3b&scp=0037336175&origin=inward"},{"@_fa": "true", "@ref": "scopus-citedby", "@href": "https://www.scopus.com/inward/citedby.uri?partnerID=HzOxMe3b&scp=0037336175&origin=inward"}],"prism:url":"https://api.elsevier.com/content/abstract/scopus_id/0037336175","dc:identifier":"SCOPUS_ID:0037336175","eid":"2-s2.0-0037336175","dc:title":"Obstacles to Mexico City’s democratic transition: Citizens, culture and political relations","dc:creator":"Gaona H.","prism:publicationName":"Development (Basingstoke)","prism:issn":"10116370","prism:eIssn":"02122448","prism:volume":"46","prism:issueIdentifier":"1","prism:pageRange":"102-106","prism:coverDate":"2003-01-01","prism:coverDisplayDate":"March 2003","prism:doi":"10.1177/1011637003046001593","citedby-count":"1","affiliation": [{"@_fa": "true", "affilname":"Universidad Autónoma Metropolitana - Iztapalapa","affiliation-city":"Iztapalapa","affiliation-country":"Mexico"}],"prism:aggregationType":"Journal","subtype":"ar","subtypeDescription":"Article","source-id":"14090","openaccess":"0","openaccessFlag":false},{"@_fa": "true", "link": [{"@_fa": "true", "@ref": "self", "@href": "https://api.elsevier.com/content/abstract/scopus_id/0141872355"},{"@_fa": "true", "@ref": "author-affiliation", "@href": "https://api.elsevier.com/content/abstract/scopus_id/0141872355?field=author,affiliation"},{"@_fa": "true", "@ref": "scopus", "@href": "https://www.scopus.com/inward/record.uri?partnerID=HzOxMe3b&scp=0141872355&origin=inward"},{"@_fa": "true", "@ref": "scopus-citedby", "@href": "https://www.scopus.com/inward/citedby.uri?partnerID=HzOxMe3b&scp=0141872355&origin=inward"}],"prism:url":"https://api.elsevier.com/content/abstract/scopus_id/0141872355","dc:identifier":"SCOPUS_ID:0141872355","eid":"2-s2.0-0141872355","dc:title":"Clientelism and voting behavior: Evidence from a field experiment in Benin","dc:creator":"Wantchekon L.","prism:publicationName":"World Politics","prism:issn":"00438871","prism:volume":"55","prism:issueIdentifier":"3","prism:pageRange":"399-422","prism:coverDate":"2003-01-01","prism:coverDisplayDate":"April 2003","prism:doi":"10.1353/wp.2003.0018","citedby-count":"308","affiliation": [{"@_fa": "true", "affilname":"New York University","affiliation-city":"New York","affiliation-country":"United States"}],"prism:aggregationType":"Journal","subtype":"ar","subtypeDescription":"Article","source-id":"25725","openaccess":"0","openaccessFlag":false},{"@_fa": "true", "link": [{"@_fa": "true", "@ref": "self", "@href": "https://api.elsevier.com/content/abstract/scopus_id/0037412653"},{"@_fa": "true", "@ref": "author-affiliation", "@href": "https://api.elsevier.com/content/abstract/scopus_id/0037412653?field=author,affiliation"},{"@_fa": "true", "@ref": "scopus", "@href": "https://www.scopus.com/inward/record.uri?partnerID=HzOxMe3b&scp=0037412653&origin=inward"},{"@_fa": "true", "@ref": "scopus-citedby", "@href": "https://www.scopus.com/inward/citedby.uri?partnerID=HzOxMe3b&scp=0037412653&origin=inward"}],"prism:url":"https://api.elsevier.com/content/abstract/scopus_id/0037412653","dc:identifier":"SCOPUS_ID:0037412653","eid":"2-s2.0-0037412653","dc:title":"Privatizing the occupation: The political economy of an Oslo development project","dc:creator":"Lagerquist P.","prism:publicationName":"Journal of Palestine Studies","prism:issn":"0377919X","prism:volume":"32","prism:issueIdentifier":"2","prism:pageRange":"5-20","prism:coverDate":"2003-01-01","prism:coverDisplayDate":"Winter 2003","prism:doi":"10.1525/jps.2003.32.2.5","citedby-count":"16","prism:aggregationType":"Journal","subtype":"ar","subtypeDescription":"Article","source-id":"26079","openaccess":"0","openaccessFlag":false},{"@_fa": "true", "link": [{"@_fa": "true", "@ref": "self", "@href": "https://api.elsevier.com/content/abstract/scopus_id/0142121463"},{"@_fa": "true", "@ref": "author-affiliation", "@href": "https://api.elsevier.com/content/abstract/scopus_id/0142121463?field=author,affiliation"},{"@_fa": "true", "@ref": "scopus", "@href": "https://www.scopus.com/inward/record.uri?partnerID=HzOxMe3b&scp=0142121463&origin=inward"},{"@_fa": "true", "@ref": "scopus-citedby", "@href": "https://www.scopus.com/inward/citedby.uri?partnerID=HzOxMe3b&scp=0142121463&origin=inward"}],"prism:url":"https://api.elsevier.com/content/abstract/scopus_id/0142121463","dc:identifier":"SCOPUS_ID:0142121463","eid":"2-s2.0-0142121463","dc:title":"Social correlates of party system demise and populist resurgence in Venezuela","dc:creator":"Roberts K.","prism:publicationName":"Latin American Politics and Society","prism:issn":"1531426X","prism:volume":"45","prism:issueIdentifier":"3","prism:pageRange":"35-58","prism:coverDate":"2003-01-01","prism:coverDisplayDate":"Fall 2003","prism:doi":"10.2307/3177158","citedby-count":"60","affiliation": [{"@_fa": "true", "affilname":"University of New Mexico","affiliation-city":"Albuquerque","affiliation-country":"United States"}],"prism:aggregationType":"Journal","subtype":"ar","subtypeDescription":"Article","source-id":"26459","openaccess":"0","openaccessFlag":false},{"@_fa": "true", "link": [{"@_fa": "true", "@ref": "self", "@href": "https://api.elsevier.com/content/abstract/scopus_id/0037245832"},{"@_fa": "true", "@ref": "author-affiliation", "@href": "https://api.elsevier.com/content/abstract/scopus_id/0037245832?field=author,affiliation"},{"@_fa": "true", "@ref": "scopus", "@href": "https://www.scopus.com/inward/record.uri?partnerID=HzOxMe3b&scp=0037245832&origin=inward"},{"@_fa": "true", "@ref": "scopus-citedby", "@href": "https://www.scopus.com/inward/citedby.uri?partnerID=HzOxMe3b&scp=0037245832&origin=inward"}],"prism:url":"https://api.elsevier.com/content/abstract/scopus_id/0037245832","dc:identifier":"SCOPUS_ID:0037245832","eid":"2-s2.0-0037245832","dc:title":"Limits to democratic development in civil society and the state: The case of Santo Domingo","dc:creator":"Choup A.","prism:publicationName":"Development and Change","prism:issn":"0012155X","prism:volume":"34","prism:issueIdentifier":"1","prism:pageRange":"25-44","prism:coverDate":"2003-01-01","prism:coverDisplayDate":"January 2003","prism:doi":"10.1111/1467-7660.00295","citedby-count":"7","affiliation": [{"@_fa": "true", "affilname":"Mills College","affiliation-city":"Oakland","affiliation-country":"United States"}],"prism:aggregationType":"Journal","subtype":"ar","subtypeDescription":"Article","source-id":"14091","openaccess":"0","openaccessFlag":false},{"@_fa": "true", "link": [{"@_fa": "true", "@ref": "self", "@href": "https://api.elsevier.com/content/abstract/scopus_id/0242487730"},{"@_fa": "true", "@ref": "author-affiliation", "@href": "https://api.elsevier.com/content/abstract/scopus_id/0242487730?field=author,affiliation"},{"@_fa": "true", "@ref": "scopus", "@href": "https://www.scopus.com/inward/record.uri?partnerID=HzOxMe3b&scp=0242487730&origin=inward"},{"@_fa": "true", "@ref": "scopus-citedby", "@href": "https://www.scopus.com/inward/citedby.uri?partnerID=HzOxMe3b&scp=0242487730&origin=inward"}],"prism:url":"https://api.elsevier.com/content/abstract/scopus_id/0242487730","dc:identifier":"SCOPUS_ID:0242487730","eid":"2-s2.0-0242487730","dc:title":"How do microfinance organisations become more client-led? Lessons from Latin America","dc:creator":"Cohen M.","prism:publicationName":"IDS Bulletin","prism:issn":"02655012","prism:volume":"34","prism:issueIdentifier":"4","prism:pageRange":"94-105","prism:coverDate":"2003-01-01","prism:coverDisplayDate":"October 2003","prism:doi":"10.1111/j.1759-5436.2003.tb00094.x","citedby-count":"2","affiliation": [{"@_fa": "true", "affilname":"USAID","affiliation-city":"Vienna","affiliation-country":"United States"}],"prism:aggregationType":"Journal","subtype":"ar","subtypeDescription":"Article","source-id":"14746","openaccess":"0","openaccessFlag":false},{"@_fa": "true", "link": [{"@_fa": "true", "@ref": "self", "@href": "https://api.elsevier.com/content/abstract/scopus_id/67649225410"},{"@_fa": "true", "@ref": "author-affiliation", "@href": "https://api.elsevier.com/content/abstract/scopus_id/67649225410?field=author,affiliation"},{"@_fa": "true", "@ref": "scopus", "@href": "https://www.scopus.com/inward/record.uri?partnerID=HzOxMe3b&scp=67649225410&origin=inward"},{"@_fa": "true", "@ref": "scopus-citedby", "@href": "https://www.scopus.com/inward/citedby.uri?partnerID=HzOxMe3b&scp=67649225410&origin=inward"}],"prism:url":"https://api.elsevier.com/content/abstract/scopus_id/67649225410","dc:identifier":"SCOPUS_ID:67649225410","eid":"2-s2.0-67649225410","dc:title":"Political representation in algeria between clientelistic mediation and predation (1997-2002)","dc:creator":"Hachemaoui M.","prism:publicationName":"Revue Francaise de Science Politique","prism:issn":"00352950","prism:volume":"53","prism:issueIdentifier":"1","prism:pageRange":"35-72","prism:coverDate":"2003-01-01","prism:coverDisplayDate":"2003","prism:doi":"10.3917/rfsp.531.0035","citedby-count":"14","affiliation": [{"@_fa": "true", "affilname":"Centre de Recherches Internationales Sciences Po","affiliation-city":"Paris","affiliation-country":"France"}],"prism:aggregationType":"Journal","subtype":"ar","subtypeDescription":"Article","source-id":"24262","openaccess":"0","openaccessFlag":false},{"@_fa": "true", "link": [{"@_fa": "true", "@ref": "self", "@href": "https://api.elsevier.com/content/abstract/scopus_id/0344196726"},{"@_fa": "true", "@ref": "author-affiliation", "@href": "https://api.elsevier.com/content/abstract/scopus_id/0344196726?field=author,affiliation"},{"@_fa": "true", "@ref": "scopus", "@href": "https://www.scopus.com/inward/record.uri?partnerID=HzOxMe3b&scp=0344196726&origin=inward"},{"@_fa": "true", "@ref": "scopus-citedby", "@href": "https://www.scopus.com/inward/citedby.uri?partnerID=HzOxMe3b&scp=0344196726&origin=inward"}],"prism:url":"https://api.elsevier.com/content/abstract/scopus_id/0344196726","dc:identifier":"SCOPUS_ID:0344196726","eid":"2-s2.0-0344196726","dc:title":"Democratization and Autonomous Unionism in Taiwan: The Case of Petrochemical Workers","dc:creator":"Ho M.","prism:publicationName":"Issues and Studies","prism:issn":"10132511","prism:volume":"39","prism:issueIdentifier":"3","prism:pageRange":"105-135","prism:coverDate":"2003-01-01","prism:coverDisplayDate":"September 2003","citedby-count":"9","affiliation": [{"@_fa": "true", "affilname":"Nanhua University Taiwan","affiliation-city":"Chiayi","affiliation-country":"Taiwan"}],"prism:aggregationType":"Journal","subtype":"re","subtypeDescription":"Review","source-id":"25885","openaccess":"0","openaccessFlag":false},{"@_fa": "true", "link": [{"@_fa": "true", "@ref": "self", "@href": "https://api.elsevier.com/content/abstract/scopus_id/0242583237"},{"@_fa": "true", "@ref": "author-affiliation", "@href": "https://api.elsevier.com/content/abstract/scopus_id/0242583237?field=author,affiliation"},{"@_fa": "true", "@ref": "scopus", "@href": "https://www.scopus.com/inward/record.uri?partnerID=HzOxMe3b&scp=0242583237&origin=inward"},{"@_fa": "true", "@ref": "scopus-citedby", "@href": "https://www.scopus.com/inward/citedby.uri?partnerID=HzOxMe3b&scp=0242583237&origin=inward"}],"prism:url":"https://api.elsevier.com/content/abstract/scopus_id/0242583237","dc:identifier":"SCOPUS_ID:0242583237","eid":"2-s2.0-0242583237","dc:title":"The quest for social notability: Authoritarian remanence and democratization in Cameroon","dc:creator":"Zambo Belinga J.","prism:publicationName":"Cahiers d'Etudes Africaines","prism:issn":"00080055","prism:volume":"43","prism:issueIdentifier":"3","prism:pageRange":"573-589","prism:coverDate":"2003-01-01","prism:coverDisplayDate":"2003","citedby-count":"1","affiliation": [{"@_fa": "true", "affilname":"Université de Yaoundé I","affiliation-city":"Yaounde","affiliation-country":"Cameroon"}],"prism:aggregationType":"Journal","subtype":"ar","subtypeDescription":"Article","source-id":"36166","openaccess":"0","openaccessFlag":false},{"@_fa": "true", "link": [{"@_fa": "true", "@ref": "self", "@href": "https://api.elsevier.com/content/abstract/scopus_id/2942637955"},{"@_fa": "true", "@ref": "author-affiliation", "@href": "https://api.elsevier.com/content/abstract/scopus_id/2942637955?field=author,affiliation"},{"@_fa": "true", "@ref": "scopus", "@href": "https://www.scopus.com/inward/record.uri?partnerID=HzOxMe3b&scp=2942637955&origin=inward"},{"@_fa": "true", "@ref": "scopus-citedby", "@href": "https://www.scopus.com/inward/citedby.uri?partnerID=HzOxMe3b&scp=2942637955&origin=inward"}],"prism:url":"https://api.elsevier.com/content/abstract/scopus_id/2942637955","dc:identifier":"SCOPUS_ID:2942637955","eid":"2-s2.0-2942637955","dc:title":"Security sector and its reform","dc:creator":"Korba M.","prism:publicationName":"Sociologia","prism:issn":"00491225","prism:volume":"35","prism:issueIdentifier":"5","prism:pageRange":"433-452","prism:coverDate":"2003-01-01","prism:coverDisplayDate":"2003","citedby-count":"0","affiliation": [{"@_fa": "true", "affilname":"Institute of International Relations","affiliation-city":"Prague","affiliation-country":"Czech Republic"}],"prism:aggregationType":"Journal","subtype":"re","subtypeDescription":"Review","source-id":"18032","openaccess":"0","openaccessFlag":false}]}}