{"search-results":{"opensearch:totalResults":"5","opensearch:startIndex":"0","opensearch:itemsPerPage":"5","opensearch:Query":{"@role": "request", "@searchTerms": "TITLE-ABS-KEY(\"clientelism\") AND SUBJAREA(SOCI) AND PUBYEAR = 1984", "@startPage": "0"},"link": [{"@_fa": "true", "@ref": "self", "@href": "https://api.elsevier.com/content/search/scopus?start=0&count=25&query=TITLE-ABS-KEY%28%22clientelism%22%29+AND+SUBJAREA%28SOCI%29+AND+PUBYEAR+%3D+1984&apiKey=27d953b4b546791964ebeb768d13e61f&view=STANDARD", "@type": "application/json"},{"@_fa": "true", "@ref": "first", "@href": "https://api.elsevier.com/content/search/scopus?start=0&count=25&query=TITLE-ABS-KEY%28%22clientelism%22%29+AND+SUBJAREA%28SOCI%29+AND+PUBYEAR+%3D+1984&apiKey=27d953b4b546791964ebeb768d13e61f&view=STANDARD", "@type": "application/json"}],"entry": [{"@_fa": "true", "link": [{"@_fa": "true", "@ref": "self", "@href": "https://api.elsevier.com/content/abstract/scopus_id/0021606069"},{"@_fa": "true", "@ref": "author-affiliation", "@href": "https://api.elsevier.com/content/abstract/scopus_id/0021606069?field=author,affiliation"},{"@_fa": "true", "@ref": "scopus", "@href": "https://www.scopus.com/inward/record.uri?partnerID=HzOxMe3b&scp=0021606069&origin=inward"},{"@_fa": "true", "@ref": "scopus-citedby", "@href": "https://www.scopus.com/inward/citedby.uri?partnerID=HzOxMe3b&scp=0021606069&origin=inward"}],"prism:url":"https://api.elsevier.com/content/abstract/scopus_id/0021606069","dc:identifier":"SCOPUS_ID:0021606069","eid":"2-s2.0-0021606069","dc:title":"( Clientelism, the peasant and the state in Greece).","dc:creator":"Couroucli M.","prism:publicationName":"Peuples Mediterraneens, Mediterranean Peoples","prism:volume":"27-28","prism:pageRange":"103-113","prism:coverDate":"1984-12-01","prism:coverDisplayDate":"1984","citedby-count":"0","prism:aggregationType":"Journal","subtype":"ar","subtypeDescription":"Article","source-id":"25235","openaccess":"0","openaccessFlag":false},{"@_fa": "true", "link": [{"@_fa": "true", "@ref": "self", "@href": "https://api.elsevier.com/content/abstract/scopus_id/84954821087"},{"@_fa": "true", "@ref": "author-affiliation", "@href": "https://api.elsevier.com/content/abstract/scopus_id/84954821087?field=author,affiliation"},{"@_fa": "true", "@ref": "scopus", "@href": "https://www.scopus.com/inward/record.uri?partnerID=HzOxMe3b&scp=84954821087&origin=inward"},{"@_fa": "true", "@ref": "scopus-citedby", "@href": "https://www.scopus.com/inward/citedby.uri?partnerID=HzOxMe3b&scp=84954821087&origin=inward"}],"prism:url":"https://api.elsevier.com/content/abstract/scopus_id/84954821087","dc:identifier":"SCOPUS_ID:84954821087","eid":"2-s2.0-84954821087","dc:title":"Political Parties in Post-Junta Greece: A Case of ‘Bureaucratic Clientelism’?","dc:creator":"Lyrintzis C.","prism:publicationName":"West European Politics","prism:issn":"01402382","prism:eIssn":"17439655","prism:volume":"7","prism:issueIdentifier":"2","prism:pageRange":"99-118","prism:coverDate":"1984-01-04","prism:coverDisplayDate":"4 January 1984","prism:doi":"10.1080/01402388408424473","citedby-count":"91","prism:aggregationType":"Journal","subtype":"ar","subtypeDescription":"Article","source-id":"25691","openaccess":"0","openaccessFlag":false},{"@_fa": "true", "link": [{"@_fa": "true", "@ref": "self", "@href": "https://api.elsevier.com/content/abstract/scopus_id/0021619599"},{"@_fa": "true", "@ref": "author-affiliation", "@href": "https://api.elsevier.com/content/abstract/scopus_id/0021619599?field=author,affiliation"},{"@_fa": "true", "@ref": "scopus", "@href": "https://www.scopus.com/inward/record.uri?partnerID=HzOxMe3b&scp=0021619599&origin=inward"},{"@_fa": "true", "@ref": "scopus-citedby", "@href": "https://www.scopus.com/inward/citedby.uri?partnerID=HzOxMe3b&scp=0021619599&origin=inward"}],"prism:url":"https://api.elsevier.com/content/abstract/scopus_id/0021619599","dc:identifier":"SCOPUS_ID:0021619599","eid":"2-s2.0-0021619599","dc:title":"Irish clientelism: a reappraisal.","dc:creator":"Komito L.","prism:publicationName":"Economic &amp; Social Review","prism:volume":"15","prism:issueIdentifier":"3","prism:pageRange":"173-194","prism:coverDate":"1984-01-01","prism:coverDisplayDate":"1984","citedby-count":"34","affiliation": [{"@_fa": "true", "affilname":"University of Pennsylvania","affiliation-city":"Philadelphia","affiliation-country":"United States"}],"prism:aggregationType":"Journal","subtype":"ar","subtypeDescription":"Article","source-id":"19980","openaccess":"0","openaccessFlag":false},{"@_fa": "true", "link": [{"@_fa": "true", "@ref": "self", "@href": "https://api.elsevier.com/content/abstract/scopus_id/0021605689"},{"@_fa": "true", "@ref": "author-affiliation", "@href": "https://api.elsevier.com/content/abstract/scopus_id/0021605689?field=author,affiliation"},{"@_fa": "true", "@ref": "scopus", "@href": "https://www.scopus.com/inward/record.uri?partnerID=HzOxMe3b&scp=0021605689&origin=inward"},{"@_fa": "true", "@ref": "scopus-citedby", "@href": "https://www.scopus.com/inward/citedby.uri?partnerID=HzOxMe3b&scp=0021605689&origin=inward"}],"prism:url":"https://api.elsevier.com/content/abstract/scopus_id/0021605689","dc:identifier":"SCOPUS_ID:0021605689","eid":"2-s2.0-0021605689","dc:title":"( Zaire: survival system and fiction of the state).","dc:creator":"Willame J.","prism:publicationName":"Canadian Journal of African Studies","prism:issn":"00083968","prism:volume":"18","prism:issueIdentifier":"1","prism:pageRange":"83-88","prism:coverDate":"1984-01-01","prism:coverDisplayDate":"1984","prism:doi":"10.1080/00083968.1984.10804047","citedby-count":"4","affiliation": [{"@_fa": "true", "affilname":"CEDAF","affiliation-city":"Brussels","affiliation-country":"Belgium"}],"prism:aggregationType":"Journal","subtype":"ar","subtypeDescription":"Article","source-id":"25354","openaccess":"0","openaccessFlag":false},{"@_fa": "true", "link": [{"@_fa": "true", "@ref": "self", "@href": "https://api.elsevier.com/content/abstract/scopus_id/84982711432"},{"@_fa": "true", "@ref": "author-affiliation", "@href": "https://api.elsevier.com/content/abstract/scopus_id/84982711432?field=author,affiliation"},{"@_fa": "true", "@ref": "scopus", "@href": "https://www.scopus.com/inward/record.uri?partnerID=HzOxMe3b&scp=84982711432&origin=inward"},{"@_fa": "true", "@ref": "scopus-citedby", "@href": "https://www.scopus.com/inward/citedby.uri?partnerID=HzOxMe3b&scp=84982711432&origin=inward"}],"prism:url":"https://api.elsevier.com/content/abstract/scopus_id/84982711432","dc:identifier":"SCOPUS_ID:84982711432","eid":"2-s2.0-84982711432","dc:title":"Class Consciousness and Political Attitudes among Athenians","dc:creator":"Dobratz B.","prism:publicationName":"Sociological Inquiry","prism:issn":"00380245","prism:eIssn":"1475682X","prism:volume":"54","prism:issueIdentifier":"4","prism:pageRange":"432-448","prism:coverDate":"1984-01-01","prism:coverDisplayDate":"October 1984","prism:doi":"10.1111/j.1475-682X.1984.tb00068.x","citedby-count":"2","affiliation": [{"@_fa": "true", "affilname":"Iowa State University","affiliation-city":"Ames","affiliation-country":"United States"}],"prism:aggregationType":"Journal","subtype":"ar","subtypeDescription":"Article","source-id":"18086","openaccess":"0","openaccessFlag":false}]}}