{"search-results":{"opensearch:totalResults":"81","opensearch:startIndex":"0","opensearch:itemsPerPage":"25","opensearch:Query":{"@role": "request", "@searchTerms": "TITLE-ABS-KEY(\"clientelism\") AND SUBJAREA(SOCI) AND PUBYEAR = 2012", "@startPage": "0"},"link": [{"@_fa": "true", "@ref": "self", "@href": "https://api.elsevier.com/content/search/scopus?start=0&count=25&query=TITLE-ABS-KEY%28%22clientelism%22%29+AND+SUBJAREA%28SOCI%29+AND+PUBYEAR+%3D+2012&apiKey=27d953b4b546791964ebeb768d13e61f&view=STANDARD", "@type": "application/json"},{"@_fa": "true", "@ref": "first", "@href": "https://api.elsevier.com/content/search/scopus?start=0&count=25&query=TITLE-ABS-KEY%28%22clientelism%22%29+AND+SUBJAREA%28SOCI%29+AND+PUBYEAR+%3D+2012&apiKey=27d953b4b546791964ebeb768d13e61f&view=STANDARD", "@type": "application/json"},{"@_fa": "true", "@ref": "next", "@href": "https://api.elsevier.com/content/search/scopus?start=25&count=25&query=TITLE-ABS-KEY%28%22clientelism%22%29+AND+SUBJAREA%28SOCI%29+AND+PUBYEAR+%3D+2012&apiKey=27d953b4b546791964ebeb768d13e61f&view=STANDARD", "@type": "application/json"},{"@_fa": "true", "@ref": "last", "@href": "https://api.elsevier.com/content/search/scopus?start=56&count=25&query=TITLE-ABS-KEY%28%22clientelism%22%29+AND+SUBJAREA%28SOCI%29+AND+PUBYEAR+%3D+2012&apiKey=27d953b4b546791964ebeb768d13e61f&view=STANDARD", "@type": "application/json"}],"entry": [{"@_fa": "true", "link": [{"@_fa": "true", "@ref": "self", "@href": "https://api.elsevier.com/content/abstract/scopus_id/84870832389"},{"@_fa": "true", "@ref": "author-affiliation", "@href": "https://api.elsevier.com/content/abstract/scopus_id/84870832389?field=author,affiliation"},{"@_fa": "true", "@ref": "scopus", "@href": "https://www.scopus.com/inward/record.uri?partnerID=HzOxMe3b&scp=84870832389&origin=inward"},{"@_fa": "true", "@ref": "scopus-citedby", "@href": "https://www.scopus.com/inward/citedby.uri?partnerID=HzOxMe3b&scp=84870832389&origin=inward"}],"prism:url":"https://api.elsevier.com/content/abstract/scopus_id/84870832389","dc:identifier":"SCOPUS_ID:84870832389","eid":"2-s2.0-84870832389","dc:title":"Poor people's lives and politics: The things a political ethnographer knows (and doesn't know) after 15 years of fieldwork","dc:creator":"Auyero J.","prism:publicationName":"New Perspectives on Turkey","prism:issn":"13053299","prism:volume":"46","prism:pageRange":"95-127","prism:coverDate":"2012-12-14","prism:coverDisplayDate":"2012","citedby-count":"7","affiliation": [{"@_fa": "true", "affilname":"University of Texas at Austin","affiliation-city":"Austin","affiliation-country":"United States"}],"prism:aggregationType":"Journal","subtype":"ar","subtypeDescription":"Article","source-id":"17018","openaccess":"0","openaccessFlag":false},{"@_fa": "true", "link": [{"@_fa": "true", "@ref": "self", "@href": "https://api.elsevier.com/content/abstract/scopus_id/84870761673"},{"@_fa": "true", "@ref": "author-affiliation", "@href": "https://api.elsevier.com/content/abstract/scopus_id/84870761673?field=author,affiliation"},{"@_fa": "true", "@ref": "scopus", "@href": "https://www.scopus.com/inward/record.uri?partnerID=HzOxMe3b&scp=84870761673&origin=inward"},{"@_fa": "true", "@ref": "scopus-citedby", "@href": "https://www.scopus.com/inward/citedby.uri?partnerID=HzOxMe3b&scp=84870761673&origin=inward"}],"prism:url":"https://api.elsevier.com/content/abstract/scopus_id/84870761673","dc:identifier":"SCOPUS_ID:84870761673","eid":"2-s2.0-84870761673","dc:title":"God from the machine? Urban movements meet machine politics in neoliberal Chicago","dc:creator":"Sites W.","prism:publicationName":"Environment and Planning A","prism:issn":"0308518X","prism:eIssn":"14723409","prism:volume":"44","prism:issueIdentifier":"11","prism:pageRange":"2574-2590","prism:coverDate":"2012-12-13","prism:coverDisplayDate":"2012","prism:doi":"10.1068/a44419","citedby-count":"5","affiliation": [{"@_fa": "true", "affilname":"University of Chicago","affiliation-city":"Chicago","affiliation-country":"United States"}],"prism:aggregationType":"Journal","subtype":"ar","subtypeDescription":"Article","source-id":"13272","openaccess":"0","openaccessFlag":false},{"@_fa": "true", "link": [{"@_fa": "true", "@ref": "self", "@href": "https://api.elsevier.com/content/abstract/scopus_id/84870471268"},{"@_fa": "true", "@ref": "author-affiliation", "@href": "https://api.elsevier.com/content/abstract/scopus_id/84870471268?field=author,affiliation"},{"@_fa": "true", "@ref": "scopus", "@href": "https://www.scopus.com/inward/record.uri?partnerID=HzOxMe3b&scp=84870471268&origin=inward"},{"@_fa": "true", "@ref": "scopus-citedby", "@href": "https://www.scopus.com/inward/citedby.uri?partnerID=HzOxMe3b&scp=84870471268&origin=inward"}],"prism:url":"https://api.elsevier.com/content/abstract/scopus_id/84870471268","dc:identifier":"SCOPUS_ID:84870471268","eid":"2-s2.0-84870471268","dc:title":"The development of indigenous territorial claims and the response of the state in Panama","dc:creator":"Herrera F.","prism:publicationName":"Quaderns de l'Institut Catala d'Antropologia","prism:issn":"02115557","prism:eIssn":"16968298","prism:volume":"17","prism:issueIdentifier":"1","prism:pageRange":"44-59","prism:coverDate":"2012-12-07","prism:coverDisplayDate":"2012","citedby-count":"7","prism:aggregationType":"Journal","subtype":"ar","subtypeDescription":"Article","source-id":"21100204304","openaccess":"0","openaccessFlag":false},{"@_fa": "true", "link": [{"@_fa": "true", "@ref": "self", "@href": "https://api.elsevier.com/content/abstract/scopus_id/84874068611"},{"@_fa": "true", "@ref": "author-affiliation", "@href": "https://api.elsevier.com/content/abstract/scopus_id/84874068611?field=author,affiliation"},{"@_fa": "true", "@ref": "scopus", "@href": "https://www.scopus.com/inward/record.uri?partnerID=HzOxMe3b&scp=84874068611&origin=inward"},{"@_fa": "true", "@ref": "scopus-citedby", "@href": "https://www.scopus.com/inward/citedby.uri?partnerID=HzOxMe3b&scp=84874068611&origin=inward"}],"prism:url":"https://api.elsevier.com/content/abstract/scopus_id/84874068611","dc:identifier":"SCOPUS_ID:84874068611","eid":"2-s2.0-84874068611","dc:title":"Rooted in urban poverty? Failed modernization and terrorism","dc:creator":"Meierrieks D.","prism:publicationName":"Peace Economics, Peace Science and Public Policy","prism:issn":"10792457","prism:eIssn":"15548597","prism:volume":"18","prism:issueIdentifier":"3","prism:pageRange":null,"prism:coverDate":"2012-12-01","prism:coverDisplayDate":"December 2012","prism:doi":"10.1515/peps-2012-0009","citedby-count":"3","affiliation": [{"@_fa": "true", "affilname":"Universität Paderborn","affiliation-city":"Paderborn","affiliation-country":"Germany"}],"prism:aggregationType":"Journal","subtype":"cp","subtypeDescription":"Conference Paper","source-id":"22273","openaccess":"0","openaccessFlag":false},{"@_fa": "true", "link": [{"@_fa": "true", "@ref": "self", "@href": "https://api.elsevier.com/content/abstract/scopus_id/84878333995"},{"@_fa": "true", "@ref": "author-affiliation", "@href": "https://api.elsevier.com/content/abstract/scopus_id/84878333995?field=author,affiliation"},{"@_fa": "true", "@ref": "scopus", "@href": "https://www.scopus.com/inward/record.uri?partnerID=HzOxMe3b&scp=84878333995&origin=inward"},{"@_fa": "true", "@ref": "scopus-citedby", "@href": "https://www.scopus.com/inward/citedby.uri?partnerID=HzOxMe3b&scp=84878333995&origin=inward"}],"prism:url":"https://api.elsevier.com/content/abstract/scopus_id/84878333995","dc:identifier":"SCOPUS_ID:84878333995","eid":"2-s2.0-84878333995","dc:title":"Clientelism and Slovenian public administration reform","dc:creator":"Prijon L.","prism:publicationName":"Polish Sociological Review","prism:issn":"12311413","prism:volume":"180","prism:issueIdentifier":"4","prism:pageRange":"545-560","prism:coverDate":"2012-12-01","prism:coverDisplayDate":"2012","citedby-count":"6","affiliation": [{"@_fa": "true", "affilname":"School of Advanced Social Studies","affiliation-city":"Nova Gorica","affiliation-country":"Slovenia"}],"prism:aggregationType":"Trade Journal","subtype":"ar","subtypeDescription":"Article","source-id":"5600153242","openaccess":"0","openaccessFlag":false},{"@_fa": "true", "link": [{"@_fa": "true", "@ref": "self", "@href": "https://api.elsevier.com/content/abstract/scopus_id/84878333459"},{"@_fa": "true", "@ref": "author-affiliation", "@href": "https://api.elsevier.com/content/abstract/scopus_id/84878333459?field=author,affiliation"},{"@_fa": "true", "@ref": "scopus", "@href": "https://www.scopus.com/inward/record.uri?partnerID=HzOxMe3b&scp=84878333459&origin=inward"},{"@_fa": "true", "@ref": "scopus-citedby", "@href": "https://www.scopus.com/inward/citedby.uri?partnerID=HzOxMe3b&scp=84878333459&origin=inward"}],"prism:url":"https://api.elsevier.com/content/abstract/scopus_id/84878333459","dc:identifier":"SCOPUS_ID:84878333459","eid":"2-s2.0-84878333459","dc:title":"The political power of 'clientelism'. Interactions between citizens and MP's in Paris, 1893-1914","dc:creator":"Beyen M.","prism:publicationName":"Stadsgeschiedenis","prism:issn":"18720676","prism:volume":"7","prism:issueIdentifier":"1","prism:pageRange":"74-85","prism:coverDate":"2012-12-01","prism:coverDisplayDate":"2012","citedby-count":"2","prism:aggregationType":"Journal","subtype":"ar","subtypeDescription":"Article","source-id":"21100215917","openaccess":"0","openaccessFlag":false},{"@_fa": "true", "link": [{"@_fa": "true", "@ref": "self", "@href": "https://api.elsevier.com/content/abstract/scopus_id/84870562764"},{"@_fa": "true", "@ref": "author-affiliation", "@href": "https://api.elsevier.com/content/abstract/scopus_id/84870562764?field=author,affiliation"},{"@_fa": "true", "@ref": "scopus", "@href": "https://www.scopus.com/inward/record.uri?partnerID=HzOxMe3b&scp=84870562764&origin=inward"},{"@_fa": "true", "@ref": "scopus-citedby", "@href": "https://www.scopus.com/inward/citedby.uri?partnerID=HzOxMe3b&scp=84870562764&origin=inward"}],"prism:url":"https://api.elsevier.com/content/abstract/scopus_id/84870562764","dc:identifier":"SCOPUS_ID:84870562764","eid":"2-s2.0-84870562764","dc:title":"Historical legacies, clientelism and the capacity to fight: Exploring pathways to regime tenure in Tanzania","dc:creator":"Whitehead R.","prism:publicationName":"Democratization","prism:issn":"13510347","prism:eIssn":"1743890X","prism:volume":"19","prism:issueIdentifier":"6","prism:pageRange":"1086-1116","prism:coverDate":"2012-12-01","prism:coverDisplayDate":"December 2012","prism:doi":"10.1080/13510347.2011.626913","citedby-count":"5","affiliation": [{"@_fa": "true", "affilname":"Temple University","affiliation-city":"Philadelphia","affiliation-country":"United States"}],"prism:aggregationType":"Journal","subtype":"ar","subtypeDescription":"Article","source-id":"24034","openaccess":"0","openaccessFlag":false},{"@_fa": "true", "link": [{"@_fa": "true", "@ref": "self", "@href": "https://api.elsevier.com/content/abstract/scopus_id/84871253422"},{"@_fa": "true", "@ref": "author-affiliation", "@href": "https://api.elsevier.com/content/abstract/scopus_id/84871253422?field=author,affiliation"},{"@_fa": "true", "@ref": "scopus", "@href": "https://www.scopus.com/inward/record.uri?partnerID=HzOxMe3b&scp=84871253422&origin=inward"},{"@_fa": "true", "@ref": "scopus-citedby", "@href": "https://www.scopus.com/inward/citedby.uri?partnerID=HzOxMe3b&scp=84871253422&origin=inward"}],"prism:url":"https://api.elsevier.com/content/abstract/scopus_id/84871253422","dc:identifier":"SCOPUS_ID:84871253422","eid":"2-s2.0-84871253422","dc:title":"A Christian Politics of Friendship on a Brazilian Frontier","dc:creator":"Lebner A.","prism:publicationName":"Ethnos","prism:issn":"00141844","prism:eIssn":"1469588X","prism:volume":"77","prism:issueIdentifier":"4","prism:pageRange":"496-517","prism:coverDate":"2012-12-01","prism:coverDisplayDate":"December 2012","prism:doi":"10.1080/00141844.2011.610512","citedby-count":"1","affiliation": [{"@_fa": "true", "affilname":"University of Toronto","affiliation-city":"Toronto","affiliation-country":"Canada"}],"prism:aggregationType":"Journal","subtype":"ar","subtypeDescription":"Article","source-id":"16601","openaccess":"0","openaccessFlag":false},{"@_fa": "true", "link": [{"@_fa": "true", "@ref": "self", "@href": "https://api.elsevier.com/content/abstract/scopus_id/84900705743"},{"@_fa": "true", "@ref": "author-affiliation", "@href": "https://api.elsevier.com/content/abstract/scopus_id/84900705743?field=author,affiliation"},{"@_fa": "true", "@ref": "scopus", "@href": "https://www.scopus.com/inward/record.uri?partnerID=HzOxMe3b&scp=84900705743&origin=inward"},{"@_fa": "true", "@ref": "scopus-citedby", "@href": "https://www.scopus.com/inward/citedby.uri?partnerID=HzOxMe3b&scp=84900705743&origin=inward"}],"prism:url":"https://api.elsevier.com/content/abstract/scopus_id/84900705743","dc:identifier":"SCOPUS_ID:84900705743","eid":"2-s2.0-84900705743","dc:title":"Urban informality reconsidered in a neoliberal context: Gecekondu, identity, poverty and islamic philanthropism in Turkey","dc:creator":"Demirtaş-Milz N.","prism:publicationName":"Urban Informalities: Reflections on the Formal and Informal","prism:isbn": [{"@_fa": "true", "$" :"9781409441328"}],"prism:pageRange":"29-50","prism:coverDate":"2012-12-01","prism:coverDisplayDate":"2012","citedby-count":"0","affiliation": [{"@_fa": "true", "affilname":"Izmir Ekonomi Universitesi","affiliation-city":"Izmir","affiliation-country":"Turkey"}],"prism:aggregationType":"Book","subtype":"ch","subtypeDescription":"Chapter","source-id":"21100313462","openaccess":"0","openaccessFlag":false},{"@_fa": "true", "link": [{"@_fa": "true", "@ref": "self", "@href": "https://api.elsevier.com/content/abstract/scopus_id/84876247045"},{"@_fa": "true", "@ref": "author-affiliation", "@href": "https://api.elsevier.com/content/abstract/scopus_id/84876247045?field=author,affiliation"},{"@_fa": "true", "@ref": "scopus", "@href": "https://www.scopus.com/inward/record.uri?partnerID=HzOxMe3b&scp=84876247045&origin=inward"},{"@_fa": "true", "@ref": "scopus-citedby", "@href": "https://www.scopus.com/inward/citedby.uri?partnerID=HzOxMe3b&scp=84876247045&origin=inward"}],"prism:url":"https://api.elsevier.com/content/abstract/scopus_id/84876247045","dc:identifier":"SCOPUS_ID:84876247045","eid":"2-s2.0-84876247045","dc:title":"Notables and notabilisation in France, 19<sup>th</sup>-20<sup>th</sup> centuries","dc:creator":"Briquet J.","prism:publicationName":"Ricerche di Storia Politica","prism:issn":"11209526","prism:issueIdentifier":"3","prism:pageRange":"279-293","prism:coverDate":"2012-12-01","prism:coverDisplayDate":"December 2012","prism:doi":"10.1412/38516","citedby-count":"2","affiliation": [{"@_fa": "true", "affilname":"Universite Paris 1 Pantheon-Sorbonne","affiliation-city":"Paris","affiliation-country":"France"}],"prism:aggregationType":"Journal","subtype":"re","subtypeDescription":"Review","source-id":"21100201773","openaccess":"0","openaccessFlag":false},{"@_fa": "true", "link": [{"@_fa": "true", "@ref": "self", "@href": "https://api.elsevier.com/content/abstract/scopus_id/84876238987"},{"@_fa": "true", "@ref": "author-affiliation", "@href": "https://api.elsevier.com/content/abstract/scopus_id/84876238987?field=author,affiliation"},{"@_fa": "true", "@ref": "scopus", "@href": "https://www.scopus.com/inward/record.uri?partnerID=HzOxMe3b&scp=84876238987&origin=inward"},{"@_fa": "true", "@ref": "scopus-citedby", "@href": "https://www.scopus.com/inward/citedby.uri?partnerID=HzOxMe3b&scp=84876238987&origin=inward"}],"prism:url":"https://api.elsevier.com/content/abstract/scopus_id/84876238987","dc:identifier":"SCOPUS_ID:84876238987","eid":"2-s2.0-84876238987","dc:title":"Notables in liberal Spain: From the beginnings of constitutional liberalism to the crisis of the party system","dc:creator":"Muñoz J.","prism:publicationName":"Ricerche di Storia Politica","prism:issn":"11209526","prism:issueIdentifier":"3","prism:pageRange":"315-326","prism:coverDate":"2012-12-01","prism:coverDisplayDate":"December 2012","prism:doi":"10.1412/38518","citedby-count":"0","affiliation": [{"@_fa": "true", "affilname":"Centro de Ciencas Humanas y Sociales","affiliation-city":"Madrid","affiliation-country":"Spain"}],"prism:aggregationType":"Journal","subtype":"ar","subtypeDescription":"Article","source-id":"21100201773","openaccess":"0","openaccessFlag":false},{"@_fa": "true", "link": [{"@_fa": "true", "@ref": "self", "@href": "https://api.elsevier.com/content/abstract/scopus_id/84871387048"},{"@_fa": "true", "@ref": "author-affiliation", "@href": "https://api.elsevier.com/content/abstract/scopus_id/84871387048?field=author,affiliation"},{"@_fa": "true", "@ref": "scopus", "@href": "https://www.scopus.com/inward/record.uri?partnerID=HzOxMe3b&scp=84871387048&origin=inward"},{"@_fa": "true", "@ref": "scopus-citedby", "@href": "https://www.scopus.com/inward/citedby.uri?partnerID=HzOxMe3b&scp=84871387048&origin=inward"}],"prism:url":"https://api.elsevier.com/content/abstract/scopus_id/84871387048","dc:identifier":"SCOPUS_ID:84871387048","eid":"2-s2.0-84871387048","dc:title":"Mediating and getting 'burnt' in the gap: Politics and brokerage in a Recife slum, Brazil","dc:creator":"Koster M.","prism:publicationName":"Critique of Anthropology","prism:issn":"0308275X","prism:eIssn":"14603721","prism:volume":"32","prism:issueIdentifier":"4","prism:pageRange":"479-497","prism:coverDate":"2012-12-01","prism:coverDisplayDate":"December 2012","prism:doi":"10.1177/0308275X12456643","citedby-count":"20","affiliation": [{"@_fa": "true", "affilname":"Utrecht University","affiliation-city":"Utrecht","affiliation-country":"Netherlands"}],"prism:aggregationType":"Journal","subtype":"ar","subtypeDescription":"Article","source-id":"38494","openaccess":"0","openaccessFlag":false},{"@_fa": "true", "link": [{"@_fa": "true", "@ref": "self", "@href": "https://api.elsevier.com/content/abstract/scopus_id/84883614567"},{"@_fa": "true", "@ref": "author-affiliation", "@href": "https://api.elsevier.com/content/abstract/scopus_id/84883614567?field=author,affiliation"},{"@_fa": "true", "@ref": "scopus", "@href": "https://www.scopus.com/inward/record.uri?partnerID=HzOxMe3b&scp=84883614567&origin=inward"},{"@_fa": "true", "@ref": "scopus-citedby", "@href": "https://www.scopus.com/inward/citedby.uri?partnerID=HzOxMe3b&scp=84883614567&origin=inward"}],"prism:url":"https://api.elsevier.com/content/abstract/scopus_id/84883614567","dc:identifier":"SCOPUS_ID:84883614567","eid":"2-s2.0-84883614567","dc:title":"The Duke and Estates: The client and fide lite's lower navarre in the seventeenth and eighteenth centuries","dc:creator":"Augé B.","prism:publicationName":"Parliaments, Estates and Representation","prism:issn":"02606755","prism:eIssn":"1947248X","prism:volume":"32","prism:issueIdentifier":"1","prism:pageRange":"21-36","prism:coverDate":"2012-12-01","prism:coverDisplayDate":"2012","prism:doi":"10.1080/02606755.2012.676787","citedby-count":"0","prism:aggregationType":"Journal","subtype":"ar","subtypeDescription":"Article","source-id":"19900191837","openaccess":"0","openaccessFlag":false},{"@_fa": "true", "link": [{"@_fa": "true", "@ref": "self", "@href": "https://api.elsevier.com/content/abstract/scopus_id/84868338630"},{"@_fa": "true", "@ref": "author-affiliation", "@href": "https://api.elsevier.com/content/abstract/scopus_id/84868338630?field=author,affiliation"},{"@_fa": "true", "@ref": "scopus", "@href": "https://www.scopus.com/inward/record.uri?partnerID=HzOxMe3b&scp=84868338630&origin=inward"},{"@_fa": "true", "@ref": "scopus-citedby", "@href": "https://www.scopus.com/inward/citedby.uri?partnerID=HzOxMe3b&scp=84868338630&origin=inward"}],"prism:url":"https://api.elsevier.com/content/abstract/scopus_id/84868338630","dc:identifier":"SCOPUS_ID:84868338630","eid":"2-s2.0-84868338630","dc:title":"Public policies in rural areas: Visibility and social participation as perspectives of supportive citizenship and health","dc:creator":"Ruiz E.","prism:publicationName":"Physis","prism:issn":"01037331","prism:eIssn":"18094481","prism:volume":"22","prism:issueIdentifier":"3","prism:pageRange":"1191-1209","prism:coverDate":"2012-11-09","prism:coverDisplayDate":"2012","prism:doi":"10.1590/S0103-73312012000300018","citedby-count":"5","affiliation": [{"@_fa": "true", "affilname":"Universidade Federal do Rio Grande do Sul","affiliation-city":"Porto Alegre","affiliation-country":"Brazil"}],"prism:aggregationType":"Journal","subtype":"ar","subtypeDescription":"Article","source-id":"75153","openaccess":"1","openaccessFlag":true},{"@_fa": "true", "link": [{"@_fa": "true", "@ref": "self", "@href": "https://api.elsevier.com/content/abstract/scopus_id/84867528952"},{"@_fa": "true", "@ref": "author-affiliation", "@href": "https://api.elsevier.com/content/abstract/scopus_id/84867528952?field=author,affiliation"},{"@_fa": "true", "@ref": "scopus", "@href": "https://www.scopus.com/inward/record.uri?partnerID=HzOxMe3b&scp=84867528952&origin=inward"},{"@_fa": "true", "@ref": "scopus-citedby", "@href": "https://www.scopus.com/inward/citedby.uri?partnerID=HzOxMe3b&scp=84867528952&origin=inward"}],"prism:url":"https://api.elsevier.com/content/abstract/scopus_id/84867528952","dc:identifier":"SCOPUS_ID:84867528952","eid":"2-s2.0-84867528952","dc:title":"Clientelistic stability and institutional fragility: The political system in the Dominican Republic (1978-2010)","dc:creator":"Sánchez A.","prism:publicationName":"Latin American Perspectives","prism:issn":"0094582X","prism:eIssn":"1552678X","prism:volume":"39","prism:issueIdentifier":"6","prism:pageRange":"198-211","prism:coverDate":"2012-11-01","prism:coverDisplayDate":"November 2012","prism:doi":"10.1177/0094582X12458770","citedby-count":"0","affiliation": [{"@_fa": "true", "affilname":"Instituto Tecnológico de Santo Domingo - INTEC","affiliation-city":"Santo Domingo","affiliation-country":"Dominican Republic"},{"@_fa": "true", "affilname":"Universidad de Salamanca","affiliation-city":"Salamanca","affiliation-country":"Spain"}],"prism:aggregationType":"Journal","subtype":"re","subtypeDescription":"Review","source-id":"27731","openaccess":"0","openaccessFlag":false},{"@_fa": "true", "link": [{"@_fa": "true", "@ref": "self", "@href": "https://api.elsevier.com/content/abstract/scopus_id/84868148502"},{"@_fa": "true", "@ref": "author-affiliation", "@href": "https://api.elsevier.com/content/abstract/scopus_id/84868148502?field=author,affiliation"},{"@_fa": "true", "@ref": "scopus", "@href": "https://www.scopus.com/inward/record.uri?partnerID=HzOxMe3b&scp=84868148502&origin=inward"},{"@_fa": "true", "@ref": "scopus-citedby", "@href": "https://www.scopus.com/inward/citedby.uri?partnerID=HzOxMe3b&scp=84868148502&origin=inward"}],"prism:url":"https://api.elsevier.com/content/abstract/scopus_id/84868148502","dc:identifier":"SCOPUS_ID:84868148502","eid":"2-s2.0-84868148502","dc:title":"The Private Sector and Local Elites: The Experience of Public-Private Partnership in the Water Sector in Tripoli, Lebanon","dc:creator":"Allès C.","prism:publicationName":"Mediterranean Politics","prism:issn":"13629395","prism:eIssn":"17439418","prism:volume":"17","prism:issueIdentifier":"3","prism:pageRange":"394-409","prism:coverDate":"2012-11-01","prism:coverDisplayDate":"November 2012","prism:doi":"10.1080/13629395.2012.725303","citedby-count":"3","affiliation": [{"@_fa": "true", "affilname":"Groupe de Recherches et d'études sur la Méditerranée et le Moyen-Orient","affiliation-city":"Lyon","affiliation-country":"France"},{"@_fa": "true", "affilname":"L'Institut français du Proche-Orient (IFPO)","affiliation-city":"Beirut","affiliation-country":"Lebanon"}],"prism:aggregationType":"Journal","subtype":"ar","subtypeDescription":"Article","source-id":"26522","openaccess":"0","openaccessFlag":false},{"@_fa": "true", "link": [{"@_fa": "true", "@ref": "self", "@href": "https://api.elsevier.com/content/abstract/scopus_id/84867027572"},{"@_fa": "true", "@ref": "author-affiliation", "@href": "https://api.elsevier.com/content/abstract/scopus_id/84867027572?field=author,affiliation"},{"@_fa": "true", "@ref": "scopus", "@href": "https://www.scopus.com/inward/record.uri?partnerID=HzOxMe3b&scp=84867027572&origin=inward"},{"@_fa": "true", "@ref": "scopus-citedby", "@href": "https://www.scopus.com/inward/citedby.uri?partnerID=HzOxMe3b&scp=84867027572&origin=inward"}],"prism:url":"https://api.elsevier.com/content/abstract/scopus_id/84867027572","dc:identifier":"SCOPUS_ID:84867027572","eid":"2-s2.0-84867027572","dc:title":"Uncertainty, political clientelism, and voter turnout in Latin America: Why parties conduct rallies in Argentina","dc:creator":"Szwarcberg M.","prism:publicationName":"Comparative Politics","prism:issn":"00104159","prism:eIssn":"21516227","prism:volume":"45","prism:issueIdentifier":"1","prism:pageRange":"88-106","prism:coverDate":"2012-10-01","prism:coverDisplayDate":"October 2012","prism:doi":"10.5129/001041512802822851","citedby-count":"37","prism:aggregationType":"Journal","subtype":"ar","subtypeDescription":"Article","source-id":"13448","openaccess":"0","openaccessFlag":false},{"@_fa": "true", "link": [{"@_fa": "true", "@ref": "self", "@href": "https://api.elsevier.com/content/abstract/scopus_id/84866540752"},{"@_fa": "true", "@ref": "author-affiliation", "@href": "https://api.elsevier.com/content/abstract/scopus_id/84866540752?field=author,affiliation"},{"@_fa": "true", "@ref": "scopus", "@href": "https://www.scopus.com/inward/record.uri?partnerID=HzOxMe3b&scp=84866540752&origin=inward"},{"@_fa": "true", "@ref": "scopus-citedby", "@href": "https://www.scopus.com/inward/citedby.uri?partnerID=HzOxMe3b&scp=84866540752&origin=inward"}],"prism:url":"https://api.elsevier.com/content/abstract/scopus_id/84866540752","dc:identifier":"SCOPUS_ID:84866540752","eid":"2-s2.0-84866540752","dc:title":"Clientelism, Elites, and the Media in Central and Eastern Europe","dc:creator":"Örnebring H.","prism:publicationName":"International Journal of Press/Politics","prism:issn":"19401612","prism:volume":"17","prism:issueIdentifier":"4","prism:pageRange":"497-515","prism:coverDate":"2012-10-01","prism:coverDisplayDate":"October 2012","prism:doi":"10.1177/1940161212454329","citedby-count":"27","affiliation": [{"@_fa": "true", "affilname":"European Studies Centre","affiliation-city":"Oxford","affiliation-country":"United Kingdom"}],"prism:aggregationType":"Journal","subtype":"ar","subtypeDescription":"Article","source-id":"10300153306","openaccess":"0","openaccessFlag":false},{"@_fa": "true", "link": [{"@_fa": "true", "@ref": "self", "@href": "https://api.elsevier.com/content/abstract/scopus_id/84866563639"},{"@_fa": "true", "@ref": "author-affiliation", "@href": "https://api.elsevier.com/content/abstract/scopus_id/84866563639?field=author,affiliation"},{"@_fa": "true", "@ref": "scopus", "@href": "https://www.scopus.com/inward/record.uri?partnerID=HzOxMe3b&scp=84866563639&origin=inward"},{"@_fa": "true", "@ref": "scopus-citedby", "@href": "https://www.scopus.com/inward/citedby.uri?partnerID=HzOxMe3b&scp=84866563639&origin=inward"}],"prism:url":"https://api.elsevier.com/content/abstract/scopus_id/84866563639","dc:identifier":"SCOPUS_ID:84866563639","eid":"2-s2.0-84866563639","dc:title":"Uncommonly Common or Truly Exceptional? An Alternative to the Political System-Based Explanation of the Romanian Mass Media","dc:creator":"Coman I.","prism:publicationName":"International Journal of Press/Politics","prism:issn":"19401612","prism:volume":"17","prism:issueIdentifier":"4","prism:pageRange":"457-479","prism:coverDate":"2012-10-01","prism:coverDisplayDate":"October 2012","prism:doi":"10.1177/1940161212450562","citedby-count":"5","affiliation": [{"@_fa": "true", "affilname":"University of Tennessee, Knoxville","affiliation-city":"Knoxville","affiliation-country":"United States"}],"prism:aggregationType":"Journal","subtype":"ar","subtypeDescription":"Article","source-id":"10300153306","openaccess":"0","openaccessFlag":false},{"@_fa": "true", "link": [{"@_fa": "true", "@ref": "self", "@href": "https://api.elsevier.com/content/abstract/scopus_id/84931449661"},{"@_fa": "true", "@ref": "author-affiliation", "@href": "https://api.elsevier.com/content/abstract/scopus_id/84931449661?field=author,affiliation"},{"@_fa": "true", "@ref": "scopus", "@href": "https://www.scopus.com/inward/record.uri?partnerID=HzOxMe3b&scp=84931449661&origin=inward"},{"@_fa": "true", "@ref": "scopus-citedby", "@href": "https://www.scopus.com/inward/citedby.uri?partnerID=HzOxMe3b&scp=84931449661&origin=inward"}],"prism:url":"https://api.elsevier.com/content/abstract/scopus_id/84931449661","dc:identifier":"SCOPUS_ID:84931449661","eid":"2-s2.0-84931449661","dc:title":"Power configuration in the Muslim world: Exploring the post-WWII era","dc:creator":"Quddus S.","prism:publicationName":"The Muslim World in the 21st Century: Space, Power, and Human Development","prism:isbn": [{"@_fa": "true", "$" :"9789400726338"},{"@_fa": "true", "$" :"9400726325"},{"@_fa": "true", "$" :"9789400726321"}],"prism:volume":"9789400726338","prism:pageRange":"159-172","prism:coverDate":"2012-10-01","prism:coverDisplayDate":"1 October 2012","prism:doi":"10.1007/978-94-007-2633-8_8","citedby-count":"0","affiliation": [{"@_fa": "true", "affilname":"International Islamic University Malaysia","affiliation-city":"Kuala Lumpur","affiliation-country":"Malaysia"}],"prism:aggregationType":"Book","subtype":"ch","subtypeDescription":"Chapter","source-id":"21100396047","openaccess":"0","openaccessFlag":false},{"@_fa": "true", "link": [{"@_fa": "true", "@ref": "self", "@href": "https://api.elsevier.com/content/abstract/scopus_id/84868712221"},{"@_fa": "true", "@ref": "author-affiliation", "@href": "https://api.elsevier.com/content/abstract/scopus_id/84868712221?field=author,affiliation"},{"@_fa": "true", "@ref": "scopus", "@href": "https://www.scopus.com/inward/record.uri?partnerID=HzOxMe3b&scp=84868712221&origin=inward"},{"@_fa": "true", "@ref": "scopus-citedby", "@href": "https://www.scopus.com/inward/citedby.uri?partnerID=HzOxMe3b&scp=84868712221&origin=inward"}],"prism:url":"https://api.elsevier.com/content/abstract/scopus_id/84868712221","dc:identifier":"SCOPUS_ID:84868712221","eid":"2-s2.0-84868712221","dc:title":"Making Sense of Greek Austerity","dc:creator":"Rogers C.","prism:publicationName":"Political Quarterly","prism:issn":"00323179","prism:eIssn":"1467923X","prism:volume":"83","prism:issueIdentifier":"4","prism:pageRange":"777-785","prism:coverDate":"2012-10-01","prism:coverDisplayDate":"October 2012","prism:doi":"10.1111/j.1467-923X.2012.02359.x","citedby-count":"2","affiliation": [{"@_fa": "true", "affilname":"University of York","affiliation-city":"York","affiliation-country":"United Kingdom"}],"prism:aggregationType":"Journal","subtype":"ar","subtypeDescription":"Article","source-id":"22863","openaccess":"0","openaccessFlag":false},{"@_fa": "true", "link": [{"@_fa": "true", "@ref": "self", "@href": "https://api.elsevier.com/content/abstract/scopus_id/84905032016"},{"@_fa": "true", "@ref": "author-affiliation", "@href": "https://api.elsevier.com/content/abstract/scopus_id/84905032016?field=author,affiliation"},{"@_fa": "true", "@ref": "scopus", "@href": "https://www.scopus.com/inward/record.uri?partnerID=HzOxMe3b&scp=84905032016&origin=inward"},{"@_fa": "true", "@ref": "scopus-citedby", "@href": "https://www.scopus.com/inward/citedby.uri?partnerID=HzOxMe3b&scp=84905032016&origin=inward"}],"prism:url":"https://api.elsevier.com/content/abstract/scopus_id/84905032016","dc:identifier":"SCOPUS_ID:84905032016","eid":"2-s2.0-84905032016","dc:title":"Party Patronage in Ireland: Changing Parameters","dc:creator":"O'Malley E.","prism:publicationName":"Party Patronage and Party Government in European Democracies","prism:isbn": [{"@_fa": "true", "$" :"9780191741517"},{"@_fa": "true", "$" :"9780199599370"}],"prism:pageRange":null,"prism:coverDate":"2012-09-20","prism:coverDisplayDate":"September 20, 2012","prism:doi":"10.1093/acprof:oso/9780199599370.003.0011","citedby-count":"3","prism:aggregationType":"Book","subtype":"ch","subtypeDescription":"Chapter","source-id":"21100368836","openaccess":"0","openaccessFlag":false},{"@_fa": "true", "link": [{"@_fa": "true", "@ref": "self", "@href": "https://api.elsevier.com/content/abstract/scopus_id/84883422232"},{"@_fa": "true", "@ref": "author-affiliation", "@href": "https://api.elsevier.com/content/abstract/scopus_id/84883422232?field=author,affiliation"},{"@_fa": "true", "@ref": "scopus", "@href": "https://www.scopus.com/inward/record.uri?partnerID=HzOxMe3b&scp=84883422232&origin=inward"},{"@_fa": "true", "@ref": "scopus-citedby", "@href": "https://www.scopus.com/inward/citedby.uri?partnerID=HzOxMe3b&scp=84883422232&origin=inward"}],"prism:url":"https://api.elsevier.com/content/abstract/scopus_id/84883422232","dc:identifier":"SCOPUS_ID:84883422232","eid":"2-s2.0-84883422232","dc:title":"Give Me Trafika: Party Patronage in the Czech Republic","dc:creator":"Kopecky P.","prism:publicationName":"Party Patronage and Party Government in European Democracies","prism:isbn": [{"@_fa": "true", "$" :"9780191741517"},{"@_fa": "true", "$" :"9780199599370"}],"prism:pageRange":null,"prism:coverDate":"2012-09-20","prism:coverDisplayDate":"September 20, 2012","prism:doi":"10.1093/acprof:oso/9780199599370.003.0005","citedby-count":"12","affiliation": [{"@_fa": "true", "affilname":"Leiden University","affiliation-city":"Leiden","affiliation-country":"Netherlands"}],"prism:aggregationType":"Book","subtype":"ch","subtypeDescription":"Chapter","source-id":"21100368836","openaccess":"0","openaccessFlag":false},{"@_fa": "true", "link": [{"@_fa": "true", "@ref": "self", "@href": "https://api.elsevier.com/content/abstract/scopus_id/84921668952"},{"@_fa": "true", "@ref": "author-affiliation", "@href": "https://api.elsevier.com/content/abstract/scopus_id/84921668952?field=author,affiliation"},{"@_fa": "true", "@ref": "scopus", "@href": "https://www.scopus.com/inward/record.uri?partnerID=HzOxMe3b&scp=84921668952&origin=inward"},{"@_fa": "true", "@ref": "scopus-citedby", "@href": "https://www.scopus.com/inward/citedby.uri?partnerID=HzOxMe3b&scp=84921668952&origin=inward"}],"prism:url":"https://api.elsevier.com/content/abstract/scopus_id/84921668952","dc:identifier":"SCOPUS_ID:84921668952","eid":"2-s2.0-84921668952","dc:title":"Party Patronage as an Organizational Resource","dc:creator":"Kopecky P.","prism:publicationName":"Party Patronage and Party Government in European Democracies","prism:isbn": [{"@_fa": "true", "$" :"9780191741517"},{"@_fa": "true", "$" :"9780199599370"}],"prism:pageRange":null,"prism:coverDate":"2012-09-20","prism:coverDisplayDate":"September 20, 2012","prism:doi":"10.1093/acprof:oso/9780199599370.003.0001","citedby-count":"20","affiliation": [{"@_fa": "true", "affilname":"Leiden University","affiliation-city":"Leiden","affiliation-country":"Netherlands"}],"prism:aggregationType":"Book","subtype":"ch","subtypeDescription":"Chapter","source-id":"21100368836","openaccess":"0","openaccessFlag":false},{"@_fa": "true", "link": [{"@_fa": "true", "@ref": "self", "@href": "https://api.elsevier.com/content/abstract/scopus_id/84908059008"},{"@_fa": "true", "@ref": "author-affiliation", "@href": "https://api.elsevier.com/content/abstract/scopus_id/84908059008?field=author,affiliation"},{"@_fa": "true", "@ref": "scopus", "@href": "https://www.scopus.com/inward/record.uri?partnerID=HzOxMe3b&scp=84908059008&origin=inward"},{"@_fa": "true", "@ref": "scopus-citedby", "@href": "https://www.scopus.com/inward/citedby.uri?partnerID=HzOxMe3b&scp=84908059008&origin=inward"}],"prism:url":"https://api.elsevier.com/content/abstract/scopus_id/84908059008","dc:identifier":"SCOPUS_ID:84908059008","eid":"2-s2.0-84908059008","dc:title":"Party Patronage in Italy: A Matter for Solitary Leaders","dc:creator":"Di Mascio F.","prism:publicationName":"Party Patronage and Party Government in European Democracies","prism:isbn": [{"@_fa": "true", "$" :"9780191741517"},{"@_fa": "true", "$" :"9780199599370"}],"prism:pageRange":null,"prism:coverDate":"2012-09-20","prism:coverDisplayDate":"September 20, 2012","prism:doi":"10.1093/acprof:oso/9780199599370.003.0012","citedby-count":"3","prism:aggregationType":"Book","subtype":"ch","subtypeDescription":"Chapter","source-id":"21100368836","openaccess":"0","openaccessFlag":false}]}}