{"search-results":{"opensearch:totalResults":"23","opensearch:startIndex":"0","opensearch:itemsPerPage":"23","opensearch:Query":{"@role": "request", "@searchTerms": "TITLE-ABS-KEY(\"clientelism\") AND SUBJAREA(SOCI) AND PUBYEAR = 2004", "@startPage": "0"},"link": [{"@_fa": "true", "@ref": "self", "@href": "https://api.elsevier.com/content/search/scopus?start=0&count=25&query=TITLE-ABS-KEY%28%22clientelism%22%29+AND+SUBJAREA%28SOCI%29+AND+PUBYEAR+%3D+2004&apiKey=27d953b4b546791964ebeb768d13e61f&view=STANDARD", "@type": "application/json"},{"@_fa": "true", "@ref": "first", "@href": "https://api.elsevier.com/content/search/scopus?start=0&count=25&query=TITLE-ABS-KEY%28%22clientelism%22%29+AND+SUBJAREA%28SOCI%29+AND+PUBYEAR+%3D+2004&apiKey=27d953b4b546791964ebeb768d13e61f&view=STANDARD", "@type": "application/json"}],"entry": [{"@_fa": "true", "link": [{"@_fa": "true", "@ref": "self", "@href": "https://api.elsevier.com/content/abstract/scopus_id/11944256508"},{"@_fa": "true", "@ref": "author-affiliation", "@href": "https://api.elsevier.com/content/abstract/scopus_id/11944256508?field=author,affiliation"},{"@_fa": "true", "@ref": "scopus", "@href": "https://www.scopus.com/inward/record.uri?partnerID=HzOxMe3b&scp=11944256508&origin=inward"},{"@_fa": "true", "@ref": "scopus-citedby", "@href": "https://www.scopus.com/inward/citedby.uri?partnerID=HzOxMe3b&scp=11944256508&origin=inward"}],"prism:url":"https://api.elsevier.com/content/abstract/scopus_id/11944256508","dc:identifier":"SCOPUS_ID:11944256508","eid":"2-s2.0-11944256508","dc:title":"Changing pattern of centre-periphery relations in Italy: Sidney Tarrow revisited","dc:creator":"Mattei P.","prism:publicationName":"Regional and Federal Studies","prism:issn":"13597566","prism:volume":"14","prism:issueIdentifier":"4","prism:pageRange":"538-553","prism:coverDate":"2004-12-01","prism:coverDisplayDate":"December 2004","prism:doi":"10.1080/1359756042000315432","citedby-count":"4","affiliation": [{"@_fa": "true", "affilname":"London School of Economics and Political Science","affiliation-city":"London","affiliation-country":"United Kingdom"}],"prism:aggregationType":"Journal","subtype":"ar","subtypeDescription":"Article","source-id":"27574","openaccess":"0","openaccessFlag":false},{"@_fa": "true", "link": [{"@_fa": "true", "@ref": "self", "@href": "https://api.elsevier.com/content/abstract/scopus_id/12144265846"},{"@_fa": "true", "@ref": "author-affiliation", "@href": "https://api.elsevier.com/content/abstract/scopus_id/12144265846?field=author,affiliation"},{"@_fa": "true", "@ref": "scopus", "@href": "https://www.scopus.com/inward/record.uri?partnerID=HzOxMe3b&scp=12144265846&origin=inward"},{"@_fa": "true", "@ref": "scopus-citedby", "@href": "https://www.scopus.com/inward/citedby.uri?partnerID=HzOxMe3b&scp=12144265846&origin=inward"}],"prism:url":"https://api.elsevier.com/content/abstract/scopus_id/12144265846","dc:identifier":"SCOPUS_ID:12144265846","eid":"2-s2.0-12144265846","dc:title":"The Slovak Republic: Explaining defects in democracy","dc:creator":"Henderson K.","prism:publicationName":"Democratization","prism:issn":"13510347","prism:volume":"11","prism:issueIdentifier":"5","prism:pageRange":"133-155","prism:coverDate":"2004-12-01","prism:coverDisplayDate":"December 2004","prism:doi":"10.1080/13510340412331304624","citedby-count":"7","affiliation": [{"@_fa": "true", "affilname":"University of Leicester","affiliation-city":"Leicester","affiliation-country":"United Kingdom"}],"prism:aggregationType":"Journal","subtype":"ar","subtypeDescription":"Article","source-id":"24034","openaccess":"0","openaccessFlag":false},{"@_fa": "true", "link": [{"@_fa": "true", "@ref": "self", "@href": "https://api.elsevier.com/content/abstract/scopus_id/7244223475"},{"@_fa": "true", "@ref": "author-affiliation", "@href": "https://api.elsevier.com/content/abstract/scopus_id/7244223475?field=author,affiliation"},{"@_fa": "true", "@ref": "scopus", "@href": "https://www.scopus.com/inward/record.uri?partnerID=HzOxMe3b&scp=7244223475&origin=inward"},{"@_fa": "true", "@ref": "scopus-citedby", "@href": "https://www.scopus.com/inward/citedby.uri?partnerID=HzOxMe3b&scp=7244223475&origin=inward"}],"prism:url":"https://api.elsevier.com/content/abstract/scopus_id/7244223475","dc:identifier":"SCOPUS_ID:7244223475","eid":"2-s2.0-7244223475","dc:title":"Good governance, clientelism, and patrimonialism: New perspectives on old problems","dc:creator":"Brinkerhoff D.","prism:publicationName":"International Public Management Journal","prism:issn":"10967494","prism:volume":"7","prism:issueIdentifier":"2","prism:pageRange":"163-185","prism:coverDate":"2004-11-10","prism:coverDisplayDate":"2004","citedby-count":"29","affiliation": [{"@_fa": "true", "affilname":"RTI International","affiliation-city":"Research Triangle Park","affiliation-country":"United States"}],"prism:aggregationType":"Journal","subtype":"ar","subtypeDescription":"Article","source-id":"15806","openaccess":"0","openaccessFlag":false},{"@_fa": "true", "link": [{"@_fa": "true", "@ref": "self", "@href": "https://api.elsevier.com/content/abstract/scopus_id/4644320721"},{"@_fa": "true", "@ref": "author-affiliation", "@href": "https://api.elsevier.com/content/abstract/scopus_id/4644320721?field=author,affiliation"},{"@_fa": "true", "@ref": "scopus", "@href": "https://www.scopus.com/inward/record.uri?partnerID=HzOxMe3b&scp=4644320721&origin=inward"},{"@_fa": "true", "@ref": "scopus-citedby", "@href": "https://www.scopus.com/inward/citedby.uri?partnerID=HzOxMe3b&scp=4644320721&origin=inward"}],"prism:url":"https://api.elsevier.com/content/abstract/scopus_id/4644320721","dc:identifier":"SCOPUS_ID:4644320721","eid":"2-s2.0-4644320721","dc:title":"Social movement theory and patron-clientelism: Islamic social institutions and the middle class in Egypt, Jordan, and Yemen","dc:creator":"Clark J.","prism:publicationName":"Comparative Political Studies","prism:issn":"00104140","prism:volume":"37","prism:issueIdentifier":"8","prism:pageRange":"941-968","prism:coverDate":"2004-10-01","prism:coverDisplayDate":"October 2004","prism:doi":"10.1177/0010414004267982","citedby-count":"62","affiliation": [{"@_fa": "true", "affilname":"University of Guelph","affiliation-city":"Guelph","affiliation-country":"Canada"}],"prism:aggregationType":"Journal","subtype":"re","subtypeDescription":"Review","source-id":"13447","openaccess":"0","openaccessFlag":false},{"@_fa": "true", "link": [{"@_fa": "true", "@ref": "self", "@href": "https://api.elsevier.com/content/abstract/scopus_id/6944233499"},{"@_fa": "true", "@ref": "author-affiliation", "@href": "https://api.elsevier.com/content/abstract/scopus_id/6944233499?field=author,affiliation"},{"@_fa": "true", "@ref": "scopus", "@href": "https://www.scopus.com/inward/record.uri?partnerID=HzOxMe3b&scp=6944233499&origin=inward"},{"@_fa": "true", "@ref": "scopus-citedby", "@href": "https://www.scopus.com/inward/citedby.uri?partnerID=HzOxMe3b&scp=6944233499&origin=inward"}],"prism:url":"https://api.elsevier.com/content/abstract/scopus_id/6944233499","dc:identifier":"SCOPUS_ID:6944233499","eid":"2-s2.0-6944233499","dc:title":"The politics of ownership: Tanzanian coffee policy in the age of liberal reformism","dc:creator":"Ponte S.","prism:publicationName":"African Affairs","prism:issn":"00019909","prism:volume":"103","prism:issueIdentifier":"413","prism:pageRange":"615-633","prism:coverDate":"2004-10-01","prism:coverDisplayDate":"October 2004","prism:doi":"10.1093/afraf/adh048","citedby-count":"14","affiliation": [{"@_fa": "true", "affilname":"Danish Institute for International Studies","affiliation-city":"Copenhagen","affiliation-country":"Denmark"}],"prism:aggregationType":"Journal","subtype":"ar","subtypeDescription":"Article","source-id":"15039","openaccess":"0","openaccessFlag":false},{"@_fa": "true", "link": [{"@_fa": "true", "@ref": "self", "@href": "https://api.elsevier.com/content/abstract/scopus_id/4344629514"},{"@_fa": "true", "@ref": "author-affiliation", "@href": "https://api.elsevier.com/content/abstract/scopus_id/4344629514?field=author,affiliation"},{"@_fa": "true", "@ref": "scopus", "@href": "https://www.scopus.com/inward/record.uri?partnerID=HzOxMe3b&scp=4344629514&origin=inward"},{"@_fa": "true", "@ref": "scopus-citedby", "@href": "https://www.scopus.com/inward/citedby.uri?partnerID=HzOxMe3b&scp=4344629514&origin=inward"}],"prism:url":"https://api.elsevier.com/content/abstract/scopus_id/4344629514","dc:identifier":"SCOPUS_ID:4344629514","eid":"2-s2.0-4344629514","dc:title":"Openness, welfare spending, and inequality in the developing world","dc:creator":"Rudra N.","prism:publicationName":"International Studies Quarterly","prism:issn":"00208833","prism:volume":"48","prism:issueIdentifier":"3","prism:pageRange":"683-709","prism:coverDate":"2004-09-01","prism:coverDisplayDate":"September 2004","prism:doi":"10.1111/j.0020-8833.2004.00320.x","citedby-count":"53","affiliation": [{"@_fa": "true", "affilname":"University of Pittsburgh","affiliation-city":"Pittsburgh","affiliation-country":"United States"}],"prism:aggregationType":"Journal","subtype":"ar","subtypeDescription":"Article","source-id":"25848","openaccess":"0","openaccessFlag":false},{"@_fa": "true", "link": [{"@_fa": "true", "@ref": "self", "@href": "https://api.elsevier.com/content/abstract/scopus_id/10844236513"},{"@_fa": "true", "@ref": "author-affiliation", "@href": "https://api.elsevier.com/content/abstract/scopus_id/10844236513?field=author,affiliation"},{"@_fa": "true", "@ref": "scopus", "@href": "https://www.scopus.com/inward/record.uri?partnerID=HzOxMe3b&scp=10844236513&origin=inward"},{"@_fa": "true", "@ref": "scopus-citedby", "@href": "https://www.scopus.com/inward/citedby.uri?partnerID=HzOxMe3b&scp=10844236513&origin=inward"}],"prism:url":"https://api.elsevier.com/content/abstract/scopus_id/10844236513","dc:identifier":"SCOPUS_ID:10844236513","eid":"2-s2.0-10844236513","dc:title":"On the difficulty of studying 'civil society': Reflections on NGOs, state and democracy in Bangladesh","dc:creator":"Lewis D.","prism:publicationName":"Contributions to Indian Sociology","prism:issn":"00699667","prism:volume":"38","prism:issueIdentifier":"3","prism:pageRange":"299-322","prism:coverDate":"2004-09-01","prism:coverDisplayDate":"September 2004","prism:doi":"10.1177/006996670403800301","citedby-count":"67","affiliation": [{"@_fa": "true", "affilname":"London School of Economics and Political Science","affiliation-city":"London","affiliation-country":"United Kingdom"}],"prism:aggregationType":"Journal","subtype":"ar","subtypeDescription":"Article","source-id":"72646","openaccess":"0","openaccessFlag":false},{"@_fa": "true", "link": [{"@_fa": "true", "@ref": "self", "@href": "https://api.elsevier.com/content/abstract/scopus_id/84905942572"},{"@_fa": "true", "@ref": "author-affiliation", "@href": "https://api.elsevier.com/content/abstract/scopus_id/84905942572?field=author,affiliation"},{"@_fa": "true", "@ref": "scopus", "@href": "https://www.scopus.com/inward/record.uri?partnerID=HzOxMe3b&scp=84905942572&origin=inward"},{"@_fa": "true", "@ref": "scopus-citedby", "@href": "https://www.scopus.com/inward/citedby.uri?partnerID=HzOxMe3b&scp=84905942572&origin=inward"}],"prism:url":"https://api.elsevier.com/content/abstract/scopus_id/84905942572","dc:identifier":"SCOPUS_ID:84905942572","eid":"2-s2.0-84905942572","dc:title":"Clientelism, corruption and struggle for power in central Asia: The case of Kyrgyzstan","dc:creator":"Khanin V.","prism:publicationName":"The Caspian Region: A Re-Emerging Region","prism:isbn": [{"@_fa": "true", "$" :"0203005112"},{"@_fa": "true", "$" :"9780203005118"}],"prism:volume":"1","prism:pageRange":"181-202","prism:coverDate":"2004-08-05","prism:coverDisplayDate":"5 August 2004","prism:doi":"10.4324/9780203005118","citedby-count":"0","prism:aggregationType":"Book","subtype":"ch","subtypeDescription":"Chapter","source-id":"21100329461","openaccess":"0","openaccessFlag":false},{"@_fa": "true", "link": [{"@_fa": "true", "@ref": "self", "@href": "https://api.elsevier.com/content/abstract/scopus_id/4043069115"},{"@_fa": "true", "@ref": "author-affiliation", "@href": "https://api.elsevier.com/content/abstract/scopus_id/4043069115?field=author,affiliation"},{"@_fa": "true", "@ref": "scopus", "@href": "https://www.scopus.com/inward/record.uri?partnerID=HzOxMe3b&scp=4043069115&origin=inward"},{"@_fa": "true", "@ref": "scopus-citedby", "@href": "https://www.scopus.com/inward/citedby.uri?partnerID=HzOxMe3b&scp=4043069115&origin=inward"}],"prism:url":"https://api.elsevier.com/content/abstract/scopus_id/4043069115","dc:identifier":"SCOPUS_ID:4043069115","eid":"2-s2.0-4043069115","dc:title":"Taxation and local government accountability in a clientelist context: Colombia","dc:creator":"Merat J.","prism:publicationName":"Public Administration and Development","prism:issn":"02712075","prism:volume":"24","prism:issueIdentifier":"3","prism:pageRange":"247-254","prism:coverDate":"2004-08-01","prism:coverDisplayDate":"August 2004","prism:doi":"10.1002/pad.285","citedby-count":"1","affiliation": [{"@_fa": "true", "affilname":"Pastoral Social Programme","affiliation-city":null,"affiliation-country":"Colombia"}],"prism:aggregationType":"Journal","subtype":"ar","subtypeDescription":"Article","source-id":"15381","openaccess":"0","openaccessFlag":false},{"@_fa": "true", "link": [{"@_fa": "true", "@ref": "self", "@href": "https://api.elsevier.com/content/abstract/scopus_id/67650594138"},{"@_fa": "true", "@ref": "author-affiliation", "@href": "https://api.elsevier.com/content/abstract/scopus_id/67650594138?field=author,affiliation"},{"@_fa": "true", "@ref": "scopus", "@href": "https://www.scopus.com/inward/record.uri?partnerID=HzOxMe3b&scp=67650594138&origin=inward"},{"@_fa": "true", "@ref": "scopus-citedby", "@href": "https://www.scopus.com/inward/citedby.uri?partnerID=HzOxMe3b&scp=67650594138&origin=inward"}],"prism:url":"https://api.elsevier.com/content/abstract/scopus_id/67650594138","dc:identifier":"SCOPUS_ID:67650594138","eid":"2-s2.0-67650594138","dc:title":"Albania political stagnation and Social regression","dc:creator":"Lhomel E.","prism:publicationName":"Courrier des Pays de l'Est","prism:issn":"05900239","prism:volume":"1044","prism:issueIdentifier":"4","prism:pageRange":"4-19","prism:coverDate":"2004-08-01","prism:coverDisplayDate":"1 August 2004","citedby-count":"0","prism:aggregationType":"Journal","subtype":"ar","subtypeDescription":"Article","source-id":"18698","openaccess":"0","openaccessFlag":false},{"@_fa": "true", "link": [{"@_fa": "true", "@ref": "self", "@href": "https://api.elsevier.com/content/abstract/scopus_id/67650576314"},{"@_fa": "true", "@ref": "author-affiliation", "@href": "https://api.elsevier.com/content/abstract/scopus_id/67650576314?field=author,affiliation"},{"@_fa": "true", "@ref": "scopus", "@href": "https://www.scopus.com/inward/record.uri?partnerID=HzOxMe3b&scp=67650576314&origin=inward"},{"@_fa": "true", "@ref": "scopus-citedby", "@href": "https://www.scopus.com/inward/citedby.uri?partnerID=HzOxMe3b&scp=67650576314&origin=inward"}],"prism:url":"https://api.elsevier.com/content/abstract/scopus_id/67650576314","dc:identifier":"SCOPUS_ID:67650576314","eid":"2-s2.0-67650576314","dc:title":"Bulgaria economic improvement but disappointment with those in power","dc:creator":"Ragaru N.","prism:publicationName":"Courrier des Pays de l'Est","prism:issn":"05900239","prism:volume":"1044","prism:issueIdentifier":"4","prism:pageRange":"36-51","prism:coverDate":"2004-08-01","prism:coverDisplayDate":"1 August 2004","citedby-count":"0","affiliation": [{"@_fa": "true", "affilname":"L'Institut de Relations Internationales et Stratégiques (IRIS) De L'Europe Centrale et Orientale","affiliation-city":null,"affiliation-country":null}],"prism:aggregationType":"Journal","subtype":"ar","subtypeDescription":"Article","source-id":"18698","openaccess":"0","openaccessFlag":false},{"@_fa": "true", "link": [{"@_fa": "true", "@ref": "self", "@href": "https://api.elsevier.com/content/abstract/scopus_id/4043164816"},{"@_fa": "true", "@ref": "author-affiliation", "@href": "https://api.elsevier.com/content/abstract/scopus_id/4043164816?field=author,affiliation"},{"@_fa": "true", "@ref": "scopus", "@href": "https://www.scopus.com/inward/record.uri?partnerID=HzOxMe3b&scp=4043164816&origin=inward"},{"@_fa": "true", "@ref": "scopus-citedby", "@href": "https://www.scopus.com/inward/citedby.uri?partnerID=HzOxMe3b&scp=4043164816&origin=inward"}],"prism:url":"https://api.elsevier.com/content/abstract/scopus_id/4043164816","dc:identifier":"SCOPUS_ID:4043164816","eid":"2-s2.0-4043164816","dc:title":"Parliamentary democracy in Ireland","dc:creator":"Collins N.","prism:publicationName":"Parliamentary Affairs","prism:issn":"00312290","prism:volume":"57","prism:issueIdentifier":"3","prism:pageRange":null,"prism:coverDate":"2004-07-01","prism:coverDisplayDate":"July 2004","prism:doi":"10.1093/pa/gsh047","citedby-count":"4","affiliation": [{"@_fa": "true", "affilname":"University College Cork","affiliation-city":"Cork","affiliation-country":"Ireland"}],"prism:aggregationType":"Journal","subtype":"re","subtypeDescription":"Review","source-id":"22222","openaccess":"0","openaccessFlag":false},{"@_fa": "true", "link": [{"@_fa": "true", "@ref": "self", "@href": "https://api.elsevier.com/content/abstract/scopus_id/34248048197"},{"@_fa": "true", "@ref": "author-affiliation", "@href": "https://api.elsevier.com/content/abstract/scopus_id/34248048197?field=author,affiliation"},{"@_fa": "true", "@ref": "scopus", "@href": "https://www.scopus.com/inward/record.uri?partnerID=HzOxMe3b&scp=34248048197&origin=inward"},{"@_fa": "true", "@ref": "scopus-citedby", "@href": "https://www.scopus.com/inward/citedby.uri?partnerID=HzOxMe3b&scp=34248048197&origin=inward"}],"prism:url":"https://api.elsevier.com/content/abstract/scopus_id/34248048197","dc:identifier":"SCOPUS_ID:34248048197","eid":"2-s2.0-34248048197","dc:title":"Coesione politica e dinamismo economico nel Mezzogiorno contemporaneo","dc:creator":"Faraoni N.","prism:publicationName":"Stato e Mercato","prism:issn":"03929701","prism:issueIdentifier":"70","prism:pageRange":"85-117","prism:coverDate":"2004-04-01","prism:coverDisplayDate":"April 2004","prism:doi":"10.1425/13106","citedby-count":"0","prism:aggregationType":"Journal","subtype":"re","subtypeDescription":"Review","source-id":"5700167216","openaccess":"0","openaccessFlag":false},{"@_fa": "true", "link": [{"@_fa": "true", "@ref": "self", "@href": "https://api.elsevier.com/content/abstract/scopus_id/3142776642"},{"@_fa": "true", "@ref": "author-affiliation", "@href": "https://api.elsevier.com/content/abstract/scopus_id/3142776642?field=author,affiliation"},{"@_fa": "true", "@ref": "scopus", "@href": "https://www.scopus.com/inward/record.uri?partnerID=HzOxMe3b&scp=3142776642&origin=inward"},{"@_fa": "true", "@ref": "scopus-citedby", "@href": "https://www.scopus.com/inward/citedby.uri?partnerID=HzOxMe3b&scp=3142776642&origin=inward"}],"prism:url":"https://api.elsevier.com/content/abstract/scopus_id/3142776642","dc:identifier":"SCOPUS_ID:3142776642","eid":"2-s2.0-3142776642","dc:title":"What the Zeeks uprising reveals: Development issues, moral economy, and the urban lumpenproletariat in Jamaica","dc:creator":"Price C.","prism:publicationName":"Urban Anthropology","prism:issn":"08946019","prism:volume":"33","prism:issueIdentifier":"1","prism:pageRange":"73-113","prism:coverDate":"2004-03-01","prism:coverDisplayDate":"March 2004","citedby-count":"10","affiliation": [{"@_fa": "true", "affilname":"The University of North Carolina at Chapel Hill","affiliation-city":"Chapel Hill","affiliation-country":"United States"}],"prism:aggregationType":"Journal","subtype":"ar","subtypeDescription":"Article","source-id":"98085","openaccess":"0","openaccessFlag":false},{"@_fa": "true", "link": [{"@_fa": "true", "@ref": "self", "@href": "https://api.elsevier.com/content/abstract/scopus_id/3042540866"},{"@_fa": "true", "@ref": "author-affiliation", "@href": "https://api.elsevier.com/content/abstract/scopus_id/3042540866?field=author,affiliation"},{"@_fa": "true", "@ref": "scopus", "@href": "https://www.scopus.com/inward/record.uri?partnerID=HzOxMe3b&scp=3042540866&origin=inward"},{"@_fa": "true", "@ref": "scopus-citedby", "@href": "https://www.scopus.com/inward/citedby.uri?partnerID=HzOxMe3b&scp=3042540866&origin=inward"}],"prism:url":"https://api.elsevier.com/content/abstract/scopus_id/3042540866","dc:identifier":"SCOPUS_ID:3042540866","eid":"2-s2.0-3042540866","dc:title":"Prebendarismo y faccionalismo en la institucionlización del conocimiento: El caso de la investigación y la docencia Argentinas (1989-2003)","dc:creator":"Saguier E.","prism:publicationName":"Education Policy Analysis Archives","prism:issn":"10682341","prism:volume":"12","prism:pageRange":null,"prism:coverDate":"2004-02-04","prism:coverDisplayDate":"4 February 2004","citedby-count":"0","affiliation": [{"@_fa": "true", "affilname":"Consejo Nacional de Investigaciones Científicas y Técnicas","affiliation-city":"Buenos Aires","affiliation-country":"Argentina"}],"prism:aggregationType":"Journal","subtype":"re","subtypeDescription":"Review","source-id":"14193","openaccess":"0","openaccessFlag":false},{"@_fa": "true", "link": [{"@_fa": "true", "@ref": "self", "@href": "https://api.elsevier.com/content/abstract/scopus_id/1942517313"},{"@_fa": "true", "@ref": "author-affiliation", "@href": "https://api.elsevier.com/content/abstract/scopus_id/1942517313?field=author,affiliation"},{"@_fa": "true", "@ref": "scopus", "@href": "https://www.scopus.com/inward/record.uri?partnerID=HzOxMe3b&scp=1942517313&origin=inward"},{"@_fa": "true", "@ref": "scopus-citedby", "@href": "https://www.scopus.com/inward/citedby.uri?partnerID=HzOxMe3b&scp=1942517313&origin=inward"}],"prism:url":"https://api.elsevier.com/content/abstract/scopus_id/1942517313","dc:identifier":"SCOPUS_ID:1942517313","eid":"2-s2.0-1942517313","dc:title":"Personalist politics, clientelism and citizenship: Local elections in El Alto, Bolivia","dc:creator":"Lazar S.","prism:publicationName":"Bulletin of Latin American Research","prism:issn":"02613050","prism:volume":"23","prism:issueIdentifier":"2","prism:pageRange":"228-243","prism:coverDate":"2004-01-01","prism:coverDisplayDate":"April 2004","prism:doi":"10.1111/j.1470-9856.2004.00106.x","citedby-count":"50","affiliation": [{"@_fa": "true", "affilname":"University of Cambridge","affiliation-city":"Cambridge","affiliation-country":"United Kingdom"}],"prism:aggregationType":"Journal","subtype":"ar","subtypeDescription":"Article","source-id":"25322","openaccess":"0","openaccessFlag":false},{"@_fa": "true", "link": [{"@_fa": "true", "@ref": "self", "@href": "https://api.elsevier.com/content/abstract/scopus_id/4644334048"},{"@_fa": "true", "@ref": "author-affiliation", "@href": "https://api.elsevier.com/content/abstract/scopus_id/4644334048?field=author,affiliation"},{"@_fa": "true", "@ref": "scopus", "@href": "https://www.scopus.com/inward/record.uri?partnerID=HzOxMe3b&scp=4644334048&origin=inward"},{"@_fa": "true", "@ref": "scopus-citedby", "@href": "https://www.scopus.com/inward/citedby.uri?partnerID=HzOxMe3b&scp=4644334048&origin=inward"}],"prism:url":"https://api.elsevier.com/content/abstract/scopus_id/4644334048","dc:identifier":"SCOPUS_ID:4644334048","eid":"2-s2.0-4644334048","dc:title":"Social security reform by the Cardoso government of Brazil: Challenges and limitations of reform ten years after \"Democratization\"","dc:creator":"Koyasu A.","prism:publicationName":"Developing Economies","prism:issn":"00121533","prism:volume":"42","prism:issueIdentifier":"2","prism:pageRange":"241-261","prism:coverDate":"2004-01-01","prism:coverDisplayDate":"June 2004","prism:doi":"10.1111/j.1746-1049.2004.tb01065.x","citedby-count":"0","affiliation": [{"@_fa": "true", "affilname":"Kanda University for International Studies","affiliation-city":"Chiba","affiliation-country":"Japan"}],"prism:aggregationType":"Journal","subtype":"ar","subtypeDescription":"Article","source-id":"14089","openaccess":"0","openaccessFlag":false},{"@_fa": "true", "link": [{"@_fa": "true", "@ref": "self", "@href": "https://api.elsevier.com/content/abstract/scopus_id/18044385112"},{"@_fa": "true", "@ref": "author-affiliation", "@href": "https://api.elsevier.com/content/abstract/scopus_id/18044385112?field=author,affiliation"},{"@_fa": "true", "@ref": "scopus", "@href": "https://www.scopus.com/inward/record.uri?partnerID=HzOxMe3b&scp=18044385112&origin=inward"},{"@_fa": "true", "@ref": "scopus-citedby", "@href": "https://www.scopus.com/inward/citedby.uri?partnerID=HzOxMe3b&scp=18044385112&origin=inward"}],"prism:url":"https://api.elsevier.com/content/abstract/scopus_id/18044385112","dc:identifier":"SCOPUS_ID:18044385112","eid":"2-s2.0-18044385112","dc:title":"Informal Institutions and Comparative Politics: A Research Agenda","dc:creator":"Helmke G.","prism:publicationName":"Perspectives on Politics","prism:issn":"15375927","prism:eIssn":"15410986","prism:volume":"2","prism:issueIdentifier":"4","prism:pageRange":"725-740","prism:coverDate":"2004-01-01","prism:coverDisplayDate":"December 2004","prism:doi":"10.1017/S1537592704040472","citedby-count":"852","affiliation": [{"@_fa": "true", "affilname":"University of Rochester","affiliation-city":"Rochester","affiliation-country":"United States"}],"prism:aggregationType":"Journal","subtype":"ar","subtypeDescription":"Article","source-id":"4000148701","openaccess":"0","openaccessFlag":false},{"@_fa": "true", "link": [{"@_fa": "true", "@ref": "self", "@href": "https://api.elsevier.com/content/abstract/scopus_id/16544381646"},{"@_fa": "true", "@ref": "author-affiliation", "@href": "https://api.elsevier.com/content/abstract/scopus_id/16544381646?field=author,affiliation"},{"@_fa": "true", "@ref": "scopus", "@href": "https://www.scopus.com/inward/record.uri?partnerID=HzOxMe3b&scp=16544381646&origin=inward"},{"@_fa": "true", "@ref": "scopus-citedby", "@href": "https://www.scopus.com/inward/citedby.uri?partnerID=HzOxMe3b&scp=16544381646&origin=inward"}],"prism:url":"https://api.elsevier.com/content/abstract/scopus_id/16544381646","dc:identifier":"SCOPUS_ID:16544381646","eid":"2-s2.0-16544381646","dc:title":"Client-ship and citizenship in Latin America","dc:creator":"Taylor L.","prism:publicationName":"Bulletin of Latin American Research","prism:issn":"02613050","prism:volume":"23","prism:issueIdentifier":"2","prism:pageRange":"213-227","prism:coverDate":"2004-01-01","prism:coverDisplayDate":"April 2004","prism:doi":"10.1111/j.1470-9856.2004.00105.x","citedby-count":"41","affiliation": [{"@_fa": "true", "affilname":"Aberystwyth University","affiliation-city":"Ceredigion","affiliation-country":"United Kingdom"}],"prism:aggregationType":"Journal","subtype":"ar","subtypeDescription":"Article","source-id":"25322","openaccess":"0","openaccessFlag":false},{"@_fa": "true", "link": [{"@_fa": "true", "@ref": "self", "@href": "https://api.elsevier.com/content/abstract/scopus_id/0347592661"},{"@_fa": "true", "@ref": "author-affiliation", "@href": "https://api.elsevier.com/content/abstract/scopus_id/0347592661?field=author,affiliation"},{"@_fa": "true", "@ref": "scopus", "@href": "https://www.scopus.com/inward/record.uri?partnerID=HzOxMe3b&scp=0347592661&origin=inward"},{"@_fa": "true", "@ref": "scopus-citedby", "@href": "https://www.scopus.com/inward/citedby.uri?partnerID=HzOxMe3b&scp=0347592661&origin=inward"}],"prism:url":"https://api.elsevier.com/content/abstract/scopus_id/0347592661","dc:identifier":"SCOPUS_ID:0347592661","eid":"2-s2.0-0347592661","dc:title":"Decentralization and Democratic Instability: The Case of Costa Rica","dc:creator":"Ryan J.","prism:publicationName":"Public Administration Review","prism:issn":"00333352","prism:volume":"64","prism:issueIdentifier":"1","prism:pageRange":"81-91","prism:coverDate":"2004-01-01","prism:coverDisplayDate":"January 2004","prism:doi":"10.1111/j.1540-6210.2004.00348.x","citedby-count":"19","affiliation": [{"@_fa": "true", "affilname":"University of Arkansas System","affiliation-city":"Little Rock","affiliation-country":"United States"}],"prism:aggregationType":"Journal","subtype":"re","subtypeDescription":"Review","source-id":"17167","openaccess":"0","openaccessFlag":false},{"@_fa": "true", "link": [{"@_fa": "true", "@ref": "self", "@href": "https://api.elsevier.com/content/abstract/scopus_id/84926954285"},{"@_fa": "true", "@ref": "author-affiliation", "@href": "https://api.elsevier.com/content/abstract/scopus_id/84926954285?field=author,affiliation"},{"@_fa": "true", "@ref": "scopus", "@href": "https://www.scopus.com/inward/record.uri?partnerID=HzOxMe3b&scp=84926954285&origin=inward"},{"@_fa": "true", "@ref": "scopus-citedby", "@href": "https://www.scopus.com/inward/citedby.uri?partnerID=HzOxMe3b&scp=84926954285&origin=inward"}],"prism:url":"https://api.elsevier.com/content/abstract/scopus_id/84926954285","dc:identifier":"SCOPUS_ID:84926954285","eid":"2-s2.0-84926954285","dc:title":"Informal security regimes: The strength of relationships","dc:creator":"Wood G.","prism:publicationName":"Insecurity and Welfare Regimes in Asia, Africa and Latin America: Social Policy in Development Contexts","prism:isbn": [{"@_fa": "true", "$" :"9780511720239"},{"@_fa": "true", "$" :"9780521834193"}],"prism:pageRange":"49-87","prism:coverDate":"2004-01-01","prism:coverDisplayDate":"1 January 2004","prism:doi":"10.1017/CBO9780511720239.004","citedby-count":"38","prism:aggregationType":"Book","subtype":"ch","subtypeDescription":"Chapter","source-id":"21100384983","openaccess":"0","openaccessFlag":false},{"@_fa": "true", "link": [{"@_fa": "true", "@ref": "self", "@href": "https://api.elsevier.com/content/abstract/scopus_id/16544387786"},{"@_fa": "true", "@ref": "author-affiliation", "@href": "https://api.elsevier.com/content/abstract/scopus_id/16544387786?field=author,affiliation"},{"@_fa": "true", "@ref": "scopus", "@href": "https://www.scopus.com/inward/record.uri?partnerID=HzOxMe3b&scp=16544387786&origin=inward"},{"@_fa": "true", "@ref": "scopus-citedby", "@href": "https://www.scopus.com/inward/citedby.uri?partnerID=HzOxMe3b&scp=16544387786&origin=inward"}],"prism:url":"https://api.elsevier.com/content/abstract/scopus_id/16544387786","dc:identifier":"SCOPUS_ID:16544387786","eid":"2-s2.0-16544387786","dc:title":"The travails of democratization in Cameroon in the context of political liberalisation since the 1990s","dc:creator":"Fonchingong C.","prism:publicationName":"African and Asian Studies","prism:issn":"15692094","prism:volume":"3","prism:issueIdentifier":"1","prism:pageRange":"33-60","prism:coverDate":"2004-01-01","prism:coverDisplayDate":"2004","prism:doi":"10.1163/156920904773486504","citedby-count":"15","affiliation": [{"@_fa": "true", "affilname":"University of Buea","affiliation-city":"Buea","affiliation-country":"Cameroon"}],"prism:aggregationType":"Journal","subtype":"ar","subtypeDescription":"Article","source-id":"16885","openaccess":"0","openaccessFlag":false},{"@_fa": "true", "link": [{"@_fa": "true", "@ref": "self", "@href": "https://api.elsevier.com/content/abstract/scopus_id/16444380757"},{"@_fa": "true", "@ref": "author-affiliation", "@href": "https://api.elsevier.com/content/abstract/scopus_id/16444380757?field=author,affiliation"},{"@_fa": "true", "@ref": "scopus", "@href": "https://www.scopus.com/inward/record.uri?partnerID=HzOxMe3b&scp=16444380757&origin=inward"},{"@_fa": "true", "@ref": "scopus-citedby", "@href": "https://www.scopus.com/inward/citedby.uri?partnerID=HzOxMe3b&scp=16444380757&origin=inward"}],"prism:url":"https://api.elsevier.com/content/abstract/scopus_id/16444380757","dc:identifier":"SCOPUS_ID:16444380757","eid":"2-s2.0-16444380757","dc:title":"Maintaining difference and managing change: Female agrarian clientelist relations in a Gambian community","dc:creator":"Kea P.","prism:publicationName":"Africa","prism:issn":"00019720","prism:volume":"74","prism:issueIdentifier":"3","prism:pageRange":"361-382","prism:coverDate":"2004-01-01","prism:coverDisplayDate":"2004","prism:doi":"10.3366/afr.2004.74.3.361","citedby-count":"9","affiliation": [{"@_fa": "true", "affilname":"University of Sussex","affiliation-city":"Sussex","affiliation-country":"United Kingdom"}],"prism:aggregationType":"Journal","subtype":"ar","subtypeDescription":"Article","source-id":"18463","openaccess":"0","openaccessFlag":false}]}}