{"search-results":{"opensearch:totalResults":"20","opensearch:startIndex":"0","opensearch:itemsPerPage":"20","opensearch:Query":{"@role": "request", "@searchTerms": "TITLE-ABS-KEY(\"clientelism\") AND SUBJAREA(SOCI) AND PUBYEAR = 2006", "@startPage": "0"},"link": [{"@_fa": "true", "@ref": "self", "@href": "https://api.elsevier.com/content/search/scopus?start=0&count=25&query=TITLE-ABS-KEY%28%22clientelism%22%29+AND+SUBJAREA%28SOCI%29+AND+PUBYEAR+%3D+2006&apiKey=27d953b4b546791964ebeb768d13e61f&view=STANDARD", "@type": "application/json"},{"@_fa": "true", "@ref": "first", "@href": "https://api.elsevier.com/content/search/scopus?start=0&count=25&query=TITLE-ABS-KEY%28%22clientelism%22%29+AND+SUBJAREA%28SOCI%29+AND+PUBYEAR+%3D+2006&apiKey=27d953b4b546791964ebeb768d13e61f&view=STANDARD", "@type": "application/json"}],"entry": [{"@_fa": "true", "link": [{"@_fa": "true", "@ref": "self", "@href": "https://api.elsevier.com/content/abstract/scopus_id/33845746262"},{"@_fa": "true", "@ref": "author-affiliation", "@href": "https://api.elsevier.com/content/abstract/scopus_id/33845746262?field=author,affiliation"},{"@_fa": "true", "@ref": "scopus", "@href": "https://www.scopus.com/inward/record.uri?partnerID=HzOxMe3b&scp=33845746262&origin=inward"},{"@_fa": "true", "@ref": "scopus-citedby", "@href": "https://www.scopus.com/inward/citedby.uri?partnerID=HzOxMe3b&scp=33845746262&origin=inward"}],"prism:url":"https://api.elsevier.com/content/abstract/scopus_id/33845746262","dc:identifier":"SCOPUS_ID:33845746262","eid":"2-s2.0-33845746262","dc:title":"Trouble en route: Drug trafficking and clientelism in Rio de Janeiro shantytowns","dc:creator":"Arias E.","prism:publicationName":"Qualitative Sociology","prism:issn":"01620436","prism:eIssn":"15737837","prism:volume":"29","prism:issueIdentifier":"4","prism:pageRange":"427-445","prism:coverDate":"2006-12-01","prism:coverDisplayDate":"December 2006","prism:doi":"10.1007/s11133-006-9033-x","citedby-count":"23","affiliation": [{"@_fa": "true", "affilname":"John Jay College of Criminal Justice","affiliation-city":"New York","affiliation-country":"United States"}],"prism:aggregationType":"Journal","subtype":"re","subtypeDescription":"Review","source-id":"16842","openaccess":"0","openaccessFlag":false},{"@_fa": "true", "link": [{"@_fa": "true", "@ref": "self", "@href": "https://api.elsevier.com/content/abstract/scopus_id/33846112662"},{"@_fa": "true", "@ref": "author-affiliation", "@href": "https://api.elsevier.com/content/abstract/scopus_id/33846112662?field=author,affiliation"},{"@_fa": "true", "@ref": "scopus", "@href": "https://www.scopus.com/inward/record.uri?partnerID=HzOxMe3b&scp=33846112662&origin=inward"},{"@_fa": "true", "@ref": "scopus-citedby", "@href": "https://www.scopus.com/inward/citedby.uri?partnerID=HzOxMe3b&scp=33846112662&origin=inward"}],"prism:url":"https://api.elsevier.com/content/abstract/scopus_id/33846112662","dc:identifier":"SCOPUS_ID:33846112662","eid":"2-s2.0-33846112662","dc:title":"Differing dynamics of semipresidentialism across Euro/Eurasian borders: Ukraine, Lithuania, Poland, Moldova, and Armenia","dc:creator":"Matsuzato K.","prism:publicationName":"Demokratizatsiya","prism:issn":"10746846","prism:volume":"14","prism:issueIdentifier":"3","prism:pageRange":"317-345","prism:coverDate":"2006-12-01","prism:coverDisplayDate":"2006","prism:doi":"10.3200/DEMO.14.3.317-346","citedby-count":"6","affiliation": [{"@_fa": "true", "affilname":"Hokkaido University","affiliation-city":"Sapporo","affiliation-country":"Japan"}],"prism:aggregationType":"Journal","subtype":"ar","subtypeDescription":"Article","source-id":"15561","openaccess":"0","openaccessFlag":false},{"@_fa": "true", "link": [{"@_fa": "true", "@ref": "self", "@href": "https://api.elsevier.com/content/abstract/scopus_id/43249156382"},{"@_fa": "true", "@ref": "author-affiliation", "@href": "https://api.elsevier.com/content/abstract/scopus_id/43249156382?field=author,affiliation"},{"@_fa": "true", "@ref": "scopus", "@href": "https://www.scopus.com/inward/record.uri?partnerID=HzOxMe3b&scp=43249156382&origin=inward"},{"@_fa": "true", "@ref": "scopus-citedby", "@href": "https://www.scopus.com/inward/citedby.uri?partnerID=HzOxMe3b&scp=43249156382&origin=inward"}],"prism:url":"https://api.elsevier.com/content/abstract/scopus_id/43249156382","dc:identifier":"SCOPUS_ID:43249156382","eid":"2-s2.0-43249156382","dc:title":"Émergence d'une culture, déclin d'une profession. Soigner et prévenir au sénégal et en côte-d'ivoire","dc:creator":"Fall A.","prism:publicationName":"Cahiers Internationaux de Sociologie","prism:issn":"00080276","prism:volume":"121","prism:issueIdentifier":"2","prism:pageRange":"239-264","prism:coverDate":"2006-12-01","prism:coverDisplayDate":"2006","prism:doi":"10.3917/cis.121.0239","citedby-count":"1","affiliation": [{"@_fa": "true", "affilname":"Universite Cheikh Anta Diop","affiliation-city":"Dakar","affiliation-country":"Senegal"}],"prism:aggregationType":"Journal","subtype":"ar","subtypeDescription":"Article","source-id":"5600152907","openaccess":"0","openaccessFlag":false},{"@_fa": "true", "link": [{"@_fa": "true", "@ref": "self", "@href": "https://api.elsevier.com/content/abstract/scopus_id/33751308197"},{"@_fa": "true", "@ref": "author-affiliation", "@href": "https://api.elsevier.com/content/abstract/scopus_id/33751308197?field=author,affiliation"},{"@_fa": "true", "@ref": "scopus", "@href": "https://www.scopus.com/inward/record.uri?partnerID=HzOxMe3b&scp=33751308197&origin=inward"},{"@_fa": "true", "@ref": "scopus-citedby", "@href": "https://www.scopus.com/inward/citedby.uri?partnerID=HzOxMe3b&scp=33751308197&origin=inward"}],"prism:url":"https://api.elsevier.com/content/abstract/scopus_id/33751308197","dc:identifier":"SCOPUS_ID:33751308197","eid":"2-s2.0-33751308197","dc:title":"Welfare regimes, welfare systems and housing in southern Europe","dc:creator":"Allen J.","prism:publicationName":"European Journal of Housing Policy","prism:issn":"14616718","prism:eIssn":"14733269","prism:volume":"6","prism:issueIdentifier":"3","prism:pageRange":"251-277","prism:coverDate":"2006-12-01","prism:coverDisplayDate":"December 2006","prism:doi":"10.1080/14616710600973102","pii":"Q17TU8J855812735","citedby-count":"40","affiliation": [{"@_fa": "true", "affilname":"University of Westminster","affiliation-city":"London","affiliation-country":"United Kingdom"}],"prism:aggregationType":"Journal","subtype":"ar","subtypeDescription":"Article","source-id":"21100874178","openaccess":"0","openaccessFlag":false},{"@_fa": "true", "link": [{"@_fa": "true", "@ref": "self", "@href": "https://api.elsevier.com/content/abstract/scopus_id/67649522166"},{"@_fa": "true", "@ref": "author-affiliation", "@href": "https://api.elsevier.com/content/abstract/scopus_id/67649522166?field=author,affiliation"},{"@_fa": "true", "@ref": "scopus", "@href": "https://www.scopus.com/inward/record.uri?partnerID=HzOxMe3b&scp=67649522166&origin=inward"},{"@_fa": "true", "@ref": "scopus-citedby", "@href": "https://www.scopus.com/inward/citedby.uri?partnerID=HzOxMe3b&scp=67649522166&origin=inward"}],"prism:url":"https://api.elsevier.com/content/abstract/scopus_id/67649522166","dc:identifier":"SCOPUS_ID:67649522166","eid":"2-s2.0-67649522166","dc:title":"Macedonia political change without an economic alternative","dc:creator":"Ragaru N.","prism:publicationName":"Courrier des Pays de l'Est","prism:issn":"05900239","prism:volume":"1056","prism:issueIdentifier":"4","prism:pageRange":"232-249","prism:coverDate":"2006-12-01","prism:coverDisplayDate":"2006","citedby-count":"0","prism:aggregationType":"Journal","subtype":"ar","subtypeDescription":"Article","source-id":"18698","openaccess":"0","openaccessFlag":false},{"@_fa": "true", "link": [{"@_fa": "true", "@ref": "self", "@href": "https://api.elsevier.com/content/abstract/scopus_id/34347395231"},{"@_fa": "true", "@ref": "author-affiliation", "@href": "https://api.elsevier.com/content/abstract/scopus_id/34347395231?field=author,affiliation"},{"@_fa": "true", "@ref": "scopus", "@href": "https://www.scopus.com/inward/record.uri?partnerID=HzOxMe3b&scp=34347395231&origin=inward"},{"@_fa": "true", "@ref": "scopus-citedby", "@href": "https://www.scopus.com/inward/citedby.uri?partnerID=HzOxMe3b&scp=34347395231&origin=inward"}],"prism:url":"https://api.elsevier.com/content/abstract/scopus_id/34347395231","dc:identifier":"SCOPUS_ID:34347395231","eid":"2-s2.0-34347395231","dc:title":"Bureaucracy and pro-poor change","dc:creator":"Cheema A.","prism:publicationName":"PIDE Working Papers","prism:issn":"00788228","prism:issueIdentifier":"3","prism:pageRange":"1-26","prism:coverDate":"2006-12-01","prism:coverDisplayDate":"2006","citedby-count":"2","affiliation": [{"@_fa": "true", "affilname":"Lahore University of Management Sciences","affiliation-city":"Lahore","affiliation-country":"Pakistan"}],"prism:aggregationType":"Journal","subtype":"ar","subtypeDescription":"Article","source-id":"6500153249","openaccess":"0","openaccessFlag":false},{"@_fa": "true", "link": [{"@_fa": "true", "@ref": "self", "@href": "https://api.elsevier.com/content/abstract/scopus_id/33751178774"},{"@_fa": "true", "@ref": "author-affiliation", "@href": "https://api.elsevier.com/content/abstract/scopus_id/33751178774?field=author,affiliation"},{"@_fa": "true", "@ref": "scopus", "@href": "https://www.scopus.com/inward/record.uri?partnerID=HzOxMe3b&scp=33751178774&origin=inward"},{"@_fa": "true", "@ref": "scopus-citedby", "@href": "https://www.scopus.com/inward/citedby.uri?partnerID=HzOxMe3b&scp=33751178774&origin=inward"}],"prism:url":"https://api.elsevier.com/content/abstract/scopus_id/33751178774","dc:identifier":"SCOPUS_ID:33751178774","eid":"2-s2.0-33751178774","dc:title":"Consociationalism, corruption and chocolate: Belgian exceptionalism","dc:creator":"Peters B.","prism:publicationName":"West European Politics","prism:issn":"01402382","prism:eIssn":"17439655","prism:volume":"29","prism:issueIdentifier":"5","prism:pageRange":"1079-1092","prism:coverDate":"2006-11-01","prism:coverDisplayDate":"November 2006","prism:doi":"10.1080/01402380600969008","pii":"V2517U205051K565","citedby-count":"21","prism:aggregationType":"Journal","subtype":"ar","subtypeDescription":"Article","source-id":"25691","openaccess":"0","openaccessFlag":false},{"@_fa": "true", "link": [{"@_fa": "true", "@ref": "self", "@href": "https://api.elsevier.com/content/abstract/scopus_id/33750377123"},{"@_fa": "true", "@ref": "author-affiliation", "@href": "https://api.elsevier.com/content/abstract/scopus_id/33750377123?field=author,affiliation"},{"@_fa": "true", "@ref": "scopus", "@href": "https://www.scopus.com/inward/record.uri?partnerID=HzOxMe3b&scp=33750377123&origin=inward"},{"@_fa": "true", "@ref": "scopus-citedby", "@href": "https://www.scopus.com/inward/citedby.uri?partnerID=HzOxMe3b&scp=33750377123&origin=inward"}],"prism:url":"https://api.elsevier.com/content/abstract/scopus_id/33750377123","dc:identifier":"SCOPUS_ID:33750377123","eid":"2-s2.0-33750377123","dc:title":"From Fome Zero to Bolsa Família: Social policies and poverty alleviation under Lula","dc:creator":"Hall A.","prism:publicationName":"Journal of Latin American Studies","prism:issn":"0022216X","prism:eIssn":"1469767X","prism:volume":"38","prism:issueIdentifier":"4","prism:pageRange":"689-709","prism:coverDate":"2006-11-01","prism:coverDisplayDate":"November 2006","prism:doi":"10.1017/S0022216X0600157X","pii":"S0022216X0600157X","citedby-count":"126","affiliation": [{"@_fa": "true", "affilname":"London School of Economics and Political Science","affiliation-city":"London","affiliation-country":"United Kingdom"}],"prism:aggregationType":"Journal","subtype":"ar","subtypeDescription":"Article","source-id":"26288","openaccess":"0","openaccessFlag":false},{"@_fa": "true", "link": [{"@_fa": "true", "@ref": "self", "@href": "https://api.elsevier.com/content/abstract/scopus_id/34547494224"},{"@_fa": "true", "@ref": "author-affiliation", "@href": "https://api.elsevier.com/content/abstract/scopus_id/34547494224?field=author,affiliation"},{"@_fa": "true", "@ref": "scopus", "@href": "https://www.scopus.com/inward/record.uri?partnerID=HzOxMe3b&scp=34547494224&origin=inward"},{"@_fa": "true", "@ref": "scopus-citedby", "@href": "https://www.scopus.com/inward/citedby.uri?partnerID=HzOxMe3b&scp=34547494224&origin=inward"}],"prism:url":"https://api.elsevier.com/content/abstract/scopus_id/34547494224","dc:identifier":"SCOPUS_ID:34547494224","eid":"2-s2.0-34547494224","dc:title":"The downside of decentralization: Armed clientelism in Colombia","dc:creator":"Eaton K.","prism:publicationName":"Security Studies","prism:issn":"09636412","prism:eIssn":"15561852","prism:volume":"15","prism:issueIdentifier":"4","prism:pageRange":"533-562","prism:coverDate":"2006-10-01","prism:coverDisplayDate":"October 2006","prism:doi":"10.1080/09636410601188463","pii":"770889915","citedby-count":"38","prism:aggregationType":"Journal","subtype":"ar","subtypeDescription":"Article","source-id":"28011","openaccess":"0","openaccessFlag":false},{"@_fa": "true", "link": [{"@_fa": "true", "@ref": "self", "@href": "https://api.elsevier.com/content/abstract/scopus_id/33748453392"},{"@_fa": "true", "@ref": "author-affiliation", "@href": "https://api.elsevier.com/content/abstract/scopus_id/33748453392?field=author,affiliation"},{"@_fa": "true", "@ref": "scopus", "@href": "https://www.scopus.com/inward/record.uri?partnerID=HzOxMe3b&scp=33748453392&origin=inward"},{"@_fa": "true", "@ref": "scopus-citedby", "@href": "https://www.scopus.com/inward/citedby.uri?partnerID=HzOxMe3b&scp=33748453392&origin=inward"},{"@_fa": "true", "@ref": "full-text", "@href": "https://api.elsevier.com/content/article/eid/1-s2.0-S0305750X06001124"}],"prism:url":"https://api.elsevier.com/content/abstract/scopus_id/33748453392","dc:identifier":"SCOPUS_ID:33748453392","eid":"2-s2.0-33748453392","dc:title":"A Comparative Welfare Regime Approach to Global Social Policy","dc:creator":"Wood G.","prism:publicationName":"World Development","prism:issn":"0305750X","prism:volume":"34","prism:issueIdentifier":"10","prism:pageRange":"1696-1712","prism:coverDate":"2006-10-01","prism:coverDisplayDate":"October 2006","prism:doi":"10.1016/j.worlddev.2006.02.001","pii":"S0305750X06001124","citedby-count":"136","affiliation": [{"@_fa": "true", "affilname":"University of Bath","affiliation-city":"Bath","affiliation-country":"United Kingdom"}],"prism:aggregationType":"Journal","subtype":"ar","subtypeDescription":"Article","source-id":"30060","openaccess":"0","openaccessFlag":false},{"@_fa": "true", "link": [{"@_fa": "true", "@ref": "self", "@href": "https://api.elsevier.com/content/abstract/scopus_id/33750366565"},{"@_fa": "true", "@ref": "author-affiliation", "@href": "https://api.elsevier.com/content/abstract/scopus_id/33750366565?field=author,affiliation"},{"@_fa": "true", "@ref": "scopus", "@href": "https://www.scopus.com/inward/record.uri?partnerID=HzOxMe3b&scp=33750366565&origin=inward"},{"@_fa": "true", "@ref": "scopus-citedby", "@href": "https://www.scopus.com/inward/citedby.uri?partnerID=HzOxMe3b&scp=33750366565&origin=inward"}],"prism:url":"https://api.elsevier.com/content/abstract/scopus_id/33750366565","dc:identifier":"SCOPUS_ID:33750366565","eid":"2-s2.0-33750366565","dc:title":"Nova Scotia politics: Clientelism and John Savage","dc:creator":"MacLeod J.","prism:publicationName":"Canadian Journal of Political Science","prism:issn":"00084239","prism:eIssn":"17449324","prism:volume":"39","prism:issueIdentifier":"3","prism:pageRange":"553-570","prism:coverDate":"2006-09-01","prism:coverDisplayDate":"September 2006","prism:doi":"10.1017/S0008423906060276","pii":"S0008423906060276","citedby-count":"5","affiliation": [{"@_fa": "true", "affilname":"Mount Saint Vincent University","affiliation-city":"Halifax","affiliation-country":"Canada"}],"prism:aggregationType":"Journal","subtype":"re","subtypeDescription":"Review","source-id":"16772","openaccess":"0","openaccessFlag":false},{"@_fa": "true", "link": [{"@_fa": "true", "@ref": "self", "@href": "https://api.elsevier.com/content/abstract/scopus_id/33749839998"},{"@_fa": "true", "@ref": "author-affiliation", "@href": "https://api.elsevier.com/content/abstract/scopus_id/33749839998?field=author,affiliation"},{"@_fa": "true", "@ref": "scopus", "@href": "https://www.scopus.com/inward/record.uri?partnerID=HzOxMe3b&scp=33749839998&origin=inward"},{"@_fa": "true", "@ref": "scopus-citedby", "@href": "https://www.scopus.com/inward/citedby.uri?partnerID=HzOxMe3b&scp=33749839998&origin=inward"}],"prism:url":"https://api.elsevier.com/content/abstract/scopus_id/33749839998","dc:identifier":"SCOPUS_ID:33749839998","eid":"2-s2.0-33749839998","dc:title":"The political economy of Indonesian economic reforms: 1983-2000","dc:creator":"Resosudarmo B.","prism:publicationName":"Oxford Development Studies","prism:issn":"13600818","prism:eIssn":"14699966","prism:volume":"34","prism:issueIdentifier":"3","prism:pageRange":"341-355","prism:coverDate":"2006-09-01","prism:coverDisplayDate":"September 2006","prism:doi":"10.1080/13600810600921893","pii":"X3413PV422174T1L","citedby-count":"12","prism:aggregationType":"Journal","subtype":"ar","subtypeDescription":"Article","source-id":"15349","openaccess":"0","openaccessFlag":false},{"@_fa": "true", "link": [{"@_fa": "true", "@ref": "self", "@href": "https://api.elsevier.com/content/abstract/scopus_id/33746825404"},{"@_fa": "true", "@ref": "author-affiliation", "@href": "https://api.elsevier.com/content/abstract/scopus_id/33746825404?field=author,affiliation"},{"@_fa": "true", "@ref": "scopus", "@href": "https://www.scopus.com/inward/record.uri?partnerID=HzOxMe3b&scp=33746825404&origin=inward"},{"@_fa": "true", "@ref": "scopus-citedby", "@href": "https://www.scopus.com/inward/citedby.uri?partnerID=HzOxMe3b&scp=33746825404&origin=inward"}],"prism:url":"https://api.elsevier.com/content/abstract/scopus_id/33746825404","dc:identifier":"SCOPUS_ID:33746825404","eid":"2-s2.0-33746825404","dc:title":"Calculated risks: Why civic leaders (re)turn to politics","dc:creator":"Choup A.","prism:publicationName":"International Political Science Review","prism:issn":"01925121","prism:eIssn":"1460373X","prism:volume":"27","prism:issueIdentifier":"3","prism:pageRange":"285-300","prism:coverDate":"2006-07-01","prism:coverDisplayDate":"July 2006","prism:doi":"10.1177/0192512106064461","citedby-count":"3","affiliation": [{"@_fa": "true", "affilname":"Mills College","affiliation-city":"Oakland","affiliation-country":"United States"}],"prism:aggregationType":"Journal","subtype":"ar","subtypeDescription":"Article","source-id":"25833","openaccess":"0","openaccessFlag":false},{"@_fa": "true", "link": [{"@_fa": "true", "@ref": "self", "@href": "https://api.elsevier.com/content/abstract/scopus_id/33746099231"},{"@_fa": "true", "@ref": "author-affiliation", "@href": "https://api.elsevier.com/content/abstract/scopus_id/33746099231?field=author,affiliation"},{"@_fa": "true", "@ref": "scopus", "@href": "https://www.scopus.com/inward/record.uri?partnerID=HzOxMe3b&scp=33746099231&origin=inward"},{"@_fa": "true", "@ref": "scopus-citedby", "@href": "https://www.scopus.com/inward/citedby.uri?partnerID=HzOxMe3b&scp=33746099231&origin=inward"},{"@_fa": "true", "@ref": "full-text", "@href": "https://api.elsevier.com/content/article/eid/1-s2.0-S0304387806000137"}],"prism:url":"https://api.elsevier.com/content/abstract/scopus_id/33746099231","dc:identifier":"SCOPUS_ID:33746099231","eid":"2-s2.0-33746099231","dc:title":"Political foundations of the resource curse","dc:creator":"Robinson J.","prism:publicationName":"Journal of Development Economics","prism:issn":"03043878","prism:volume":"79","prism:issueIdentifier":"2","prism:pageRange":"447-468","prism:coverDate":"2006-04-01","prism:coverDisplayDate":"April 2006","prism:doi":"10.1016/j.jdeveco.2006.01.008","pii":"S0304387806000137","citedby-count":"477","affiliation": [{"@_fa": "true", "affilname":"Harvard University","affiliation-city":"Cambridge","affiliation-country":"United States"}],"prism:aggregationType":"Journal","subtype":"ar","subtypeDescription":"Article","source-id":"14834","openaccess":"0","openaccessFlag":false},{"@_fa": "true", "link": [{"@_fa": "true", "@ref": "self", "@href": "https://api.elsevier.com/content/abstract/scopus_id/32444441336"},{"@_fa": "true", "@ref": "author-affiliation", "@href": "https://api.elsevier.com/content/abstract/scopus_id/32444441336?field=author,affiliation"},{"@_fa": "true", "@ref": "scopus", "@href": "https://www.scopus.com/inward/record.uri?partnerID=HzOxMe3b&scp=32444441336&origin=inward"},{"@_fa": "true", "@ref": "scopus-citedby", "@href": "https://www.scopus.com/inward/citedby.uri?partnerID=HzOxMe3b&scp=32444441336&origin=inward"}],"prism:url":"https://api.elsevier.com/content/abstract/scopus_id/32444441336","dc:identifier":"SCOPUS_ID:32444441336","eid":"2-s2.0-32444441336","dc:title":"Dining with devils? Ethnographic enquiries into the conflict - Development nexus in Sri Lanka","dc:creator":"Korf B.","prism:publicationName":"Oxford Development Studies","prism:issn":"13600818","prism:volume":"34","prism:issueIdentifier":"1","prism:pageRange":"47-64","prism:coverDate":"2006-03-01","prism:coverDisplayDate":"March 2006","prism:doi":"10.1080/13600810500495998","pii":"G118650604394","citedby-count":"14","affiliation": [{"@_fa": "true", "affilname":"University of Liverpool","affiliation-city":"Liverpool","affiliation-country":"United Kingdom"}],"prism:aggregationType":"Journal","subtype":"ar","subtypeDescription":"Article","source-id":"15349","openaccess":"0","openaccessFlag":false},{"@_fa": "true", "link": [{"@_fa": "true", "@ref": "self", "@href": "https://api.elsevier.com/content/abstract/scopus_id/46649097699"},{"@_fa": "true", "@ref": "author-affiliation", "@href": "https://api.elsevier.com/content/abstract/scopus_id/46649097699?field=author,affiliation"},{"@_fa": "true", "@ref": "scopus", "@href": "https://www.scopus.com/inward/record.uri?partnerID=HzOxMe3b&scp=46649097699&origin=inward"},{"@_fa": "true", "@ref": "scopus-citedby", "@href": "https://www.scopus.com/inward/citedby.uri?partnerID=HzOxMe3b&scp=46649097699&origin=inward"}],"prism:url":"https://api.elsevier.com/content/abstract/scopus_id/46649097699","dc:identifier":"SCOPUS_ID:46649097699","eid":"2-s2.0-46649097699","dc:title":"Clientelism and party politics","dc:creator":"Hopkin J.","prism:publicationName":"Handbook of Party Politics","prism:isbn": [{"@_fa": "true", "$" :"9781848608047"},{"@_fa": "true", "$" :"9780761943143"}],"prism:pageRange":"406-412","prism:coverDate":"2006-01-01","prism:coverDisplayDate":"1 January 2006","prism:doi":"10.4135/9781848608047.n35","citedby-count":"15","affiliation": [{"@_fa": "true", "affilname":"London School of Economics and Political Science","affiliation-city":"London","affiliation-country":"United Kingdom"}],"prism:aggregationType":"Book","subtype":"ch","subtypeDescription":"Chapter","source-id":"21100432531","openaccess":"0","openaccessFlag":false},{"@_fa": "true", "link": [{"@_fa": "true", "@ref": "self", "@href": "https://api.elsevier.com/content/abstract/scopus_id/85007144494"},{"@_fa": "true", "@ref": "author-affiliation", "@href": "https://api.elsevier.com/content/abstract/scopus_id/85007144494?field=author,affiliation"},{"@_fa": "true", "@ref": "scopus", "@href": "https://www.scopus.com/inward/record.uri?partnerID=HzOxMe3b&scp=85007144494&origin=inward"},{"@_fa": "true", "@ref": "scopus-citedby", "@href": "https://www.scopus.com/inward/citedby.uri?partnerID=HzOxMe3b&scp=85007144494&origin=inward"}],"prism:url":"https://api.elsevier.com/content/abstract/scopus_id/85007144494","dc:identifier":"SCOPUS_ID:85007144494","eid":"2-s2.0-85007144494","dc:title":"Clientelism, corruption and patronage in Greece: a public administration approach","dc:creator":"Papadoulis K.","prism:publicationName":"Teaching Public Administration","prism:issn":"1447394","prism:eIssn":"20478720","prism:volume":"26","prism:issueIdentifier":"1","prism:pageRange":"13-24","prism:coverDate":"2006-01-01","prism:coverDisplayDate":"March 2006","prism:doi":"10.1177/014473940602600102","citedby-count":"2","affiliation": [{"@_fa": "true", "affilname":"Democritus University of Thrace","affiliation-city":"Komotini","affiliation-country":"Greece"}],"prism:aggregationType":"Journal","subtype":"ar","subtypeDescription":"Article","source-id":"21100782676","openaccess":"0","openaccessFlag":false},{"@_fa": "true", "link": [{"@_fa": "true", "@ref": "self", "@href": "https://api.elsevier.com/content/abstract/scopus_id/34248031166"},{"@_fa": "true", "@ref": "author-affiliation", "@href": "https://api.elsevier.com/content/abstract/scopus_id/34248031166?field=author,affiliation"},{"@_fa": "true", "@ref": "scopus", "@href": "https://www.scopus.com/inward/record.uri?partnerID=HzOxMe3b&scp=34248031166&origin=inward"},{"@_fa": "true", "@ref": "scopus-citedby", "@href": "https://www.scopus.com/inward/citedby.uri?partnerID=HzOxMe3b&scp=34248031166&origin=inward"}],"prism:url":"https://api.elsevier.com/content/abstract/scopus_id/34248031166","dc:identifier":"SCOPUS_ID:34248031166","eid":"2-s2.0-34248031166","dc:title":"To oppose or to appease? Parties out of power and the need for real politics in Japan","dc:creator":"Stockwin J.","prism:publicationName":"Japan Forum","prism:issn":"09555803","prism:eIssn":"1469932X","prism:volume":"18","prism:issueIdentifier":"1","prism:pageRange":"115-132","prism:coverDate":"2006-01-01","prism:coverDisplayDate":"March 2006","prism:doi":"10.1080/09555800500498459","citedby-count":"1","affiliation": [{"@_fa": "true", "affilname":"University of Oxford","affiliation-city":"Oxford","affiliation-country":"United Kingdom"}],"prism:aggregationType":"Journal","subtype":"ar","subtypeDescription":"Article","source-id":"5700163717","openaccess":"0","openaccessFlag":false},{"@_fa": "true", "link": [{"@_fa": "true", "@ref": "self", "@href": "https://api.elsevier.com/content/abstract/scopus_id/31144459364"},{"@_fa": "true", "@ref": "author-affiliation", "@href": "https://api.elsevier.com/content/abstract/scopus_id/31144459364?field=author,affiliation"},{"@_fa": "true", "@ref": "scopus", "@href": "https://www.scopus.com/inward/record.uri?partnerID=HzOxMe3b&scp=31144459364&origin=inward"},{"@_fa": "true", "@ref": "scopus-citedby", "@href": "https://www.scopus.com/inward/citedby.uri?partnerID=HzOxMe3b&scp=31144459364&origin=inward"}],"prism:url":"https://api.elsevier.com/content/abstract/scopus_id/31144459364","dc:identifier":"SCOPUS_ID:31144459364","eid":"2-s2.0-31144459364","dc:title":"Cool masculinity: Male clients' sex consumption and business alliance in urban China's sex industry","dc:creator":"Zheng T.","prism:publicationName":"Journal of Contemporary China","prism:issn":"10670564","prism:eIssn":"14699400","prism:volume":"15","prism:issueIdentifier":"46","prism:pageRange":"161-182","prism:coverDate":"2006-01-01","prism:coverDisplayDate":"1 January 2006","prism:doi":"10.1080/10670560500331815","pii":"M6202188765251","citedby-count":"52","affiliation": [{"@_fa": "true", "affilname":"State University of New York College at Cortland","affiliation-city":"Cortland","affiliation-country":"United States"},{"@_fa": "true", "affilname":"Yale University","affiliation-city":"New Haven","affiliation-country":"United States"}],"prism:aggregationType":"Journal","subtype":"ar","subtypeDescription":"Article","source-id":"16474","openaccess":"0","openaccessFlag":false},{"@_fa": "true", "link": [{"@_fa": "true", "@ref": "self", "@href": "https://api.elsevier.com/content/abstract/scopus_id/33845903383"},{"@_fa": "true", "@ref": "author-affiliation", "@href": "https://api.elsevier.com/content/abstract/scopus_id/33845903383?field=author,affiliation"},{"@_fa": "true", "@ref": "scopus", "@href": "https://www.scopus.com/inward/record.uri?partnerID=HzOxMe3b&scp=33845903383&origin=inward"},{"@_fa": "true", "@ref": "scopus-citedby", "@href": "https://www.scopus.com/inward/citedby.uri?partnerID=HzOxMe3b&scp=33845903383&origin=inward"}],"prism:url":"https://api.elsevier.com/content/abstract/scopus_id/33845903383","dc:identifier":"SCOPUS_ID:33845903383","eid":"2-s2.0-33845903383","dc:title":"La reforma del sistema binominal desde una perspectiva comparada","dc:creator":"Nohlen D.","prism:publicationName":"Revista de Ciencia Politica","prism:issn":"07161417","prism:eIssn":"0718090X","prism:volume":"26","prism:issueIdentifier":"1","prism:pageRange":"191-202","prism:coverDate":"2006-01-01","prism:coverDisplayDate":"2006","prism:doi":"10.4067/S0718-090X2006000100012","citedby-count":"6","affiliation": [{"@_fa": "true", "affilname":"Universität Heidelberg","affiliation-city":"Heidelberg","affiliation-country":"Germany"}],"prism:aggregationType":"Journal","subtype":"ar","subtypeDescription":"Article","source-id":"5100152922","openaccess":"1","openaccessFlag":true}]}}