{"search-results":{"opensearch:totalResults":"22","opensearch:startIndex":"0","opensearch:itemsPerPage":"22","opensearch:Query":{"@role": "request", "@searchTerms": "TITLE-ABS-KEY(\"clientelism\") AND SUBJAREA(SOCI) AND PUBYEAR = 2005", "@startPage": "0"},"link": [{"@_fa": "true", "@ref": "self", "@href": "https://api.elsevier.com/content/search/scopus?start=0&count=25&query=TITLE-ABS-KEY%28%22clientelism%22%29+AND+SUBJAREA%28SOCI%29+AND+PUBYEAR+%3D+2005&apiKey=27d953b4b546791964ebeb768d13e61f&view=STANDARD", "@type": "application/json"},{"@_fa": "true", "@ref": "first", "@href": "https://api.elsevier.com/content/search/scopus?start=0&count=25&query=TITLE-ABS-KEY%28%22clientelism%22%29+AND+SUBJAREA%28SOCI%29+AND+PUBYEAR+%3D+2005&apiKey=27d953b4b546791964ebeb768d13e61f&view=STANDARD", "@type": "application/json"}],"entry": [{"@_fa": "true", "link": [{"@_fa": "true", "@ref": "self", "@href": "https://api.elsevier.com/content/abstract/scopus_id/60949757714"},{"@_fa": "true", "@ref": "author-affiliation", "@href": "https://api.elsevier.com/content/abstract/scopus_id/60949757714?field=author,affiliation"},{"@_fa": "true", "@ref": "scopus", "@href": "https://www.scopus.com/inward/record.uri?partnerID=HzOxMe3b&scp=60949757714&origin=inward"},{"@_fa": "true", "@ref": "scopus-citedby", "@href": "https://www.scopus.com/inward/citedby.uri?partnerID=HzOxMe3b&scp=60949757714&origin=inward"}],"prism:url":"https://api.elsevier.com/content/abstract/scopus_id/60949757714","dc:identifier":"SCOPUS_ID:60949757714","eid":"2-s2.0-60949757714","dc:title":"Informal relations in modern society, patronage and clientelism","dc:creator":"Ma̧czcak A.","prism:publicationName":"Acta Poloniae Historica","prism:issn":"00016829","prism:volume":"91","prism:pageRange":"185-200","prism:coverDate":"2005-12-01","prism:coverDisplayDate":"2005","citedby-count":"0","prism:aggregationType":"Journal","subtype":"cp","subtypeDescription":"Conference Paper","source-id":"18303","openaccess":"0","openaccessFlag":false},{"@_fa": "true", "link": [{"@_fa": "true", "@ref": "self", "@href": "https://api.elsevier.com/content/abstract/scopus_id/20444476238"},{"@_fa": "true", "@ref": "author-affiliation", "@href": "https://api.elsevier.com/content/abstract/scopus_id/20444476238?field=author,affiliation"},{"@_fa": "true", "@ref": "scopus", "@href": "https://www.scopus.com/inward/record.uri?partnerID=HzOxMe3b&scp=20444476238&origin=inward"},{"@_fa": "true", "@ref": "scopus-citedby", "@href": "https://www.scopus.com/inward/citedby.uri?partnerID=HzOxMe3b&scp=20444476238&origin=inward"}],"prism:url":"https://api.elsevier.com/content/abstract/scopus_id/20444476238","dc:identifier":"SCOPUS_ID:20444476238","eid":"2-s2.0-20444476238","dc:title":"Semipresidentialism in Ukraine: Institutionalist centrism in rampant clan politics","dc:creator":"Matzuzato K.","prism:publicationName":"Demokratizatsiya","prism:issn":"10746846","prism:volume":"13","prism:issueIdentifier":"1","prism:pageRange":"45-58","prism:coverDate":"2005-12-01","prism:coverDisplayDate":"December 2005","citedby-count":"11","affiliation": [{"@_fa": "true", "affilname":"Hokkaido University","affiliation-city":"Sapporo","affiliation-country":"Japan"}],"prism:aggregationType":"Journal","subtype":"ar","subtypeDescription":"Article","source-id":"15561","openaccess":"0","openaccessFlag":false},{"@_fa": "true", "link": [{"@_fa": "true", "@ref": "self", "@href": "https://api.elsevier.com/content/abstract/scopus_id/84901083696"},{"@_fa": "true", "@ref": "author-affiliation", "@href": "https://api.elsevier.com/content/abstract/scopus_id/84901083696?field=author,affiliation"},{"@_fa": "true", "@ref": "scopus", "@href": "https://www.scopus.com/inward/record.uri?partnerID=HzOxMe3b&scp=84901083696&origin=inward"},{"@_fa": "true", "@ref": "scopus-citedby", "@href": "https://www.scopus.com/inward/citedby.uri?partnerID=HzOxMe3b&scp=84901083696&origin=inward"}],"prism:url":"https://api.elsevier.com/content/abstract/scopus_id/84901083696","dc:identifier":"SCOPUS_ID:84901083696","eid":"2-s2.0-84901083696","dc:title":"A new iron law of argentine politics? Partisanship, clientelism, and governability in contemporary Argentina","dc:creator":"Calvo E.","prism:publicationName":"Argentine Democracy: The Politics of Institutional Weakness","prism:isbn": [{"@_fa": "true", "$" :"0271027150"},{"@_fa": "true", "$" :"9780271027166"}],"prism:pageRange":"207-226","prism:coverDate":"2005-12-01","prism:coverDisplayDate":"2005","citedby-count":"18","affiliation": [{"@_fa": "true", "affilname":"University of Houston","affiliation-city":"Houston","affiliation-country":"United States"}],"prism:aggregationType":"Book","subtype":"ch","subtypeDescription":"Chapter","source-id":"21100315671","openaccess":"0","openaccessFlag":false},{"@_fa": "true", "link": [{"@_fa": "true", "@ref": "self", "@href": "https://api.elsevier.com/content/abstract/scopus_id/31144476586"},{"@_fa": "true", "@ref": "author-affiliation", "@href": "https://api.elsevier.com/content/abstract/scopus_id/31144476586?field=author,affiliation"},{"@_fa": "true", "@ref": "scopus", "@href": "https://www.scopus.com/inward/record.uri?partnerID=HzOxMe3b&scp=31144476586&origin=inward"},{"@_fa": "true", "@ref": "scopus-citedby", "@href": "https://www.scopus.com/inward/citedby.uri?partnerID=HzOxMe3b&scp=31144476586&origin=inward"}],"prism:url":"https://api.elsevier.com/content/abstract/scopus_id/31144476586","dc:identifier":"SCOPUS_ID:31144476586","eid":"2-s2.0-31144476586","dc:title":"The power structure of the Islamic Republic of Iran: Transition from populism to clientelism, and militarization of the government","dc:creator":"Alamdari K.","prism:publicationName":"Third World Quarterly","prism:issn":"01436597","prism:volume":"26","prism:issueIdentifier":"8","prism:pageRange":"1285-1301","prism:coverDate":"2005-11-01","prism:coverDisplayDate":"1 November 2005","prism:doi":"10.1080/01436590500336690","pii":"L520308731345","citedby-count":"28","affiliation": [{"@_fa": "true", "affilname":"California State University, Los Angeles","affiliation-city":"Los Angeles","affiliation-country":"United States"}],"prism:aggregationType":"Journal","subtype":"ar","subtypeDescription":"Article","source-id":"15471","openaccess":"0","openaccessFlag":false},{"@_fa": "true", "link": [{"@_fa": "true", "@ref": "self", "@href": "https://api.elsevier.com/content/abstract/scopus_id/32144437238"},{"@_fa": "true", "@ref": "author-affiliation", "@href": "https://api.elsevier.com/content/abstract/scopus_id/32144437238?field=author,affiliation"},{"@_fa": "true", "@ref": "scopus", "@href": "https://www.scopus.com/inward/record.uri?partnerID=HzOxMe3b&scp=32144437238&origin=inward"},{"@_fa": "true", "@ref": "scopus-citedby", "@href": "https://www.scopus.com/inward/citedby.uri?partnerID=HzOxMe3b&scp=32144437238&origin=inward"}],"prism:url":"https://api.elsevier.com/content/abstract/scopus_id/32144437238","dc:identifier":"SCOPUS_ID:32144437238","eid":"2-s2.0-32144437238","dc:title":"Iraqi Kurdistan: Contours of a post-civil war society","dc:creator":"Leezenberg M.","prism:publicationName":"Third World Quarterly","prism:issn":"01436597","prism:volume":"26","prism:issueIdentifier":"4-5 SPEC. ISS.","prism:pageRange":"631-647","prism:coverDate":"2005-10-01","prism:coverDisplayDate":"October 2005","prism:doi":"10.1080/01436590500127867","pii":"G47832X24537913","citedby-count":"11","affiliation": [{"@_fa": "true", "affilname":"University of Amsterdam","affiliation-city":"Amsterdam","affiliation-country":"Netherlands"}],"prism:aggregationType":"Journal","subtype":"ar","subtypeDescription":"Article","source-id":"15471","openaccess":"0","openaccessFlag":false},{"@_fa": "true", "link": [{"@_fa": "true", "@ref": "self", "@href": "https://api.elsevier.com/content/abstract/scopus_id/28244472287"},{"@_fa": "true", "@ref": "author-affiliation", "@href": "https://api.elsevier.com/content/abstract/scopus_id/28244472287?field=author,affiliation"},{"@_fa": "true", "@ref": "scopus", "@href": "https://www.scopus.com/inward/record.uri?partnerID=HzOxMe3b&scp=28244472287&origin=inward"},{"@_fa": "true", "@ref": "scopus-citedby", "@href": "https://www.scopus.com/inward/citedby.uri?partnerID=HzOxMe3b&scp=28244472287&origin=inward"}],"prism:url":"https://api.elsevier.com/content/abstract/scopus_id/28244472287","dc:identifier":"SCOPUS_ID:28244472287","eid":"2-s2.0-28244472287","dc:title":"A strategic approach to rights: Lessons from clientelism in rural Peru","dc:creator":"Schneider A.","prism:publicationName":"Development Policy Review","prism:issn":"09506764","prism:eIssn":"14677679","prism:volume":"23","prism:issueIdentifier":"5","prism:pageRange":"567-584","prism:coverDate":"2005-09-01","prism:coverDisplayDate":"September 2005","prism:doi":"10.1111/j.1467-7679.2005.00303.x","citedby-count":"14","affiliation": [{"@_fa": "true", "affilname":"Institute of Development Studies (IDS), University of Sussex","affiliation-city":"Brighton","affiliation-country":"United Kingdom"}],"prism:aggregationType":"Journal","subtype":"ar","subtypeDescription":"Article","source-id":"14103","openaccess":"0","openaccessFlag":false},{"@_fa": "true", "link": [{"@_fa": "true", "@ref": "self", "@href": "https://api.elsevier.com/content/abstract/scopus_id/27744553608"},{"@_fa": "true", "@ref": "author-affiliation", "@href": "https://api.elsevier.com/content/abstract/scopus_id/27744553608?field=author,affiliation"},{"@_fa": "true", "@ref": "scopus", "@href": "https://www.scopus.com/inward/record.uri?partnerID=HzOxMe3b&scp=27744553608&origin=inward"},{"@_fa": "true", "@ref": "scopus-citedby", "@href": "https://www.scopus.com/inward/citedby.uri?partnerID=HzOxMe3b&scp=27744553608&origin=inward"}],"prism:url":"https://api.elsevier.com/content/abstract/scopus_id/27744553608","dc:identifier":"SCOPUS_ID:27744553608","eid":"2-s2.0-27744553608","dc:title":"Building state capacity: Reforming Mexican state food aid programmes in the 1990s","dc:creator":"Mitchell K.","prism:publicationName":"Oxford Development Studies","prism:issn":"13600818","prism:eIssn":"14699966","prism:volume":"33","prism:issueIdentifier":"3-4","prism:pageRange":"377-389","prism:coverDate":"2005-09-01","prism:coverDisplayDate":"September 2005","prism:doi":"10.1080/13600810500199194","citedby-count":"1","affiliation": [{"@_fa": "true", "affilname":"Saint Peter's College: The Jesuit College of New Jersey","affiliation-city":"Jersey City","affiliation-country":"United States"}],"prism:aggregationType":"Journal","subtype":"ar","subtypeDescription":"Article","source-id":"15349","openaccess":"0","openaccessFlag":false},{"@_fa": "true", "link": [{"@_fa": "true", "@ref": "self", "@href": "https://api.elsevier.com/content/abstract/scopus_id/24944515482"},{"@_fa": "true", "@ref": "author-affiliation", "@href": "https://api.elsevier.com/content/abstract/scopus_id/24944515482?field=author,affiliation"},{"@_fa": "true", "@ref": "scopus", "@href": "https://www.scopus.com/inward/record.uri?partnerID=HzOxMe3b&scp=24944515482&origin=inward"},{"@_fa": "true", "@ref": "scopus-citedby", "@href": "https://www.scopus.com/inward/citedby.uri?partnerID=HzOxMe3b&scp=24944515482&origin=inward"}],"prism:url":"https://api.elsevier.com/content/abstract/scopus_id/24944515482","dc:identifier":"SCOPUS_ID:24944515482","eid":"2-s2.0-24944515482","dc:title":"Pipelines of pork Japanese politics and a model of local opposition party failure","dc:creator":"Scheiner E.","prism:publicationName":"Comparative Political Studies","prism:issn":"00104140","prism:volume":"38","prism:issueIdentifier":"7","prism:pageRange":"799-823","prism:coverDate":"2005-09-01","prism:coverDisplayDate":"September 2005","prism:doi":"10.1177/0010414005277020","citedby-count":"27","affiliation": [{"@_fa": "true", "affilname":"University of California, Davis","affiliation-city":"Davis","affiliation-country":"United States"}],"prism:aggregationType":"Journal","subtype":"re","subtypeDescription":"Review","source-id":"13447","openaccess":"0","openaccessFlag":false},{"@_fa": "true", "link": [{"@_fa": "true", "@ref": "self", "@href": "https://api.elsevier.com/content/abstract/scopus_id/33748677087"},{"@_fa": "true", "@ref": "author-affiliation", "@href": "https://api.elsevier.com/content/abstract/scopus_id/33748677087?field=author,affiliation"},{"@_fa": "true", "@ref": "scopus", "@href": "https://www.scopus.com/inward/record.uri?partnerID=HzOxMe3b&scp=33748677087&origin=inward"},{"@_fa": "true", "@ref": "scopus-citedby", "@href": "https://www.scopus.com/inward/citedby.uri?partnerID=HzOxMe3b&scp=33748677087&origin=inward"}],"prism:url":"https://api.elsevier.com/content/abstract/scopus_id/33748677087","dc:identifier":"SCOPUS_ID:33748677087","eid":"2-s2.0-33748677087","dc:title":"Mafia, antimafia, and the plural cultures of sicily","dc:creator":"Schneider J.","prism:publicationName":"Current Anthropology","prism:issn":"00113204","prism:volume":"46","prism:issueIdentifier":"4","prism:pageRange":"501-520","prism:coverDate":"2005-08-01","prism:coverDisplayDate":"August 2005","prism:doi":"10.1086/431529","citedby-count":"29","affiliation": [{"@_fa": "true", "affilname":"The Doctorate-Granting Institution of the City University of New York","affiliation-city":"New York","affiliation-country":"United States"}],"prism:aggregationType":"Journal","subtype":"re","subtypeDescription":"Review","source-id":"33918","openaccess":"0","openaccessFlag":false},{"@_fa": "true", "link": [{"@_fa": "true", "@ref": "self", "@href": "https://api.elsevier.com/content/abstract/scopus_id/21744438190"},{"@_fa": "true", "@ref": "author-affiliation", "@href": "https://api.elsevier.com/content/abstract/scopus_id/21744438190?field=author,affiliation"},{"@_fa": "true", "@ref": "scopus", "@href": "https://www.scopus.com/inward/record.uri?partnerID=HzOxMe3b&scp=21744438190&origin=inward"},{"@_fa": "true", "@ref": "scopus-citedby", "@href": "https://www.scopus.com/inward/citedby.uri?partnerID=HzOxMe3b&scp=21744438190&origin=inward"}],"prism:url":"https://api.elsevier.com/content/abstract/scopus_id/21744438190","dc:identifier":"SCOPUS_ID:21744438190","eid":"2-s2.0-21744438190","dc:title":"\"Civil society\" in Malian political debate","dc:creator":"Roy A.","prism:publicationName":"Cahiers d'Etudes Africaines","prism:issn":"00080055","prism:volume":"45","prism:issueIdentifier":"2","prism:pageRange":"573-584","prism:coverDate":"2005-07-19","prism:coverDisplayDate":"2005","citedby-count":"3","affiliation": [{"@_fa": "true", "affilname":"EHESS Ecole des Hautes Etudes en Sciences Sociales","affiliation-city":"Paris","affiliation-country":"France"}],"prism:aggregationType":"Journal","subtype":"ar","subtypeDescription":"Article","source-id":"36166","openaccess":"0","openaccessFlag":false},{"@_fa": "true", "link": [{"@_fa": "true", "@ref": "self", "@href": "https://api.elsevier.com/content/abstract/scopus_id/23744492063"},{"@_fa": "true", "@ref": "author-affiliation", "@href": "https://api.elsevier.com/content/abstract/scopus_id/23744492063?field=author,affiliation"},{"@_fa": "true", "@ref": "scopus", "@href": "https://www.scopus.com/inward/record.uri?partnerID=HzOxMe3b&scp=23744492063&origin=inward"},{"@_fa": "true", "@ref": "scopus-citedby", "@href": "https://www.scopus.com/inward/citedby.uri?partnerID=HzOxMe3b&scp=23744492063&origin=inward"}],"prism:url":"https://api.elsevier.com/content/abstract/scopus_id/23744492063","dc:identifier":"SCOPUS_ID:23744492063","eid":"2-s2.0-23744492063","dc:title":"Zapatismo and urban political practice","dc:creator":"Zugman K.","prism:publicationName":"Latin American Perspectives","prism:issn":"0094582X","prism:volume":"32","prism:issueIdentifier":"4","prism:pageRange":"133-147","prism:coverDate":"2005-07-01","prism:coverDisplayDate":"July 2005","prism:doi":"10.1177/0094582X05278138","citedby-count":"6","affiliation": [{"@_fa": "true", "affilname":"CSU Dominguez Hills","affiliation-city":"Carson","affiliation-country":"United States"}],"prism:aggregationType":"Journal","subtype":"ar","subtypeDescription":"Article","source-id":"27731","openaccess":"0","openaccessFlag":false},{"@_fa": "true", "link": [{"@_fa": "true", "@ref": "self", "@href": "https://api.elsevier.com/content/abstract/scopus_id/29144473718"},{"@_fa": "true", "@ref": "author-affiliation", "@href": "https://api.elsevier.com/content/abstract/scopus_id/29144473718?field=author,affiliation"},{"@_fa": "true", "@ref": "scopus", "@href": "https://www.scopus.com/inward/record.uri?partnerID=HzOxMe3b&scp=29144473718&origin=inward"},{"@_fa": "true", "@ref": "scopus-citedby", "@href": "https://www.scopus.com/inward/citedby.uri?partnerID=HzOxMe3b&scp=29144473718&origin=inward"}],"prism:url":"https://api.elsevier.com/content/abstract/scopus_id/29144473718","dc:identifier":"SCOPUS_ID:29144473718","eid":"2-s2.0-29144473718","dc:title":"The reproduction of clientelism in regressing rural Turkey or \"why i became An 'erect ear'<sup>1</sup>?\"","dc:creator":"Ozbudun S.","prism:publicationName":"Dialectical Anthropology","prism:issn":"03044092","prism:volume":"29","prism:issueIdentifier":"2","prism:pageRange":"241-272","prism:coverDate":"2005-06-01","prism:coverDisplayDate":"June 2005","prism:doi":"10.1007/s10624-005-3072-7","citedby-count":"6","affiliation": [{"@_fa": "true", "affilname":"Hacettepe Üniversitesi","affiliation-city":"Ankara","affiliation-country":"Turkey"}],"prism:aggregationType":"Journal","subtype":"ar","subtypeDescription":"Article","source-id":"53135","openaccess":"0","openaccessFlag":false},{"@_fa": "true", "link": [{"@_fa": "true", "@ref": "self", "@href": "https://api.elsevier.com/content/abstract/scopus_id/19344370217"},{"@_fa": "true", "@ref": "author-affiliation", "@href": "https://api.elsevier.com/content/abstract/scopus_id/19344370217?field=author,affiliation"},{"@_fa": "true", "@ref": "scopus", "@href": "https://www.scopus.com/inward/record.uri?partnerID=HzOxMe3b&scp=19344370217&origin=inward"},{"@_fa": "true", "@ref": "scopus-citedby", "@href": "https://www.scopus.com/inward/citedby.uri?partnerID=HzOxMe3b&scp=19344370217&origin=inward"}],"prism:url":"https://api.elsevier.com/content/abstract/scopus_id/19344370217","dc:identifier":"SCOPUS_ID:19344370217","eid":"2-s2.0-19344370217","dc:title":"Reconceptualizing Clans: Kinship networks and statehood in Kazakhstan","dc:creator":"Schatz E.","prism:publicationName":"Nationalities Papers","prism:issn":"00905992","prism:volume":"33","prism:issueIdentifier":"2","prism:pageRange":"231-254","prism:coverDate":"2005-06-01","prism:coverDisplayDate":"June 2005","prism:doi":"10.1080/00905990500088594","citedby-count":"35","affiliation": [{"@_fa": "true", "affilname":"Southern Illinois University at Carbondale","affiliation-city":"Carbondale","affiliation-country":"United States"}],"prism:aggregationType":"Journal","subtype":"ar","subtypeDescription":"Article","source-id":"28256","openaccess":"0","openaccessFlag":false},{"@_fa": "true", "link": [{"@_fa": "true", "@ref": "self", "@href": "https://api.elsevier.com/content/abstract/scopus_id/19844377276"},{"@_fa": "true", "@ref": "author-affiliation", "@href": "https://api.elsevier.com/content/abstract/scopus_id/19844377276?field=author,affiliation"},{"@_fa": "true", "@ref": "scopus", "@href": "https://www.scopus.com/inward/record.uri?partnerID=HzOxMe3b&scp=19844377276&origin=inward"},{"@_fa": "true", "@ref": "scopus-citedby", "@href": "https://www.scopus.com/inward/citedby.uri?partnerID=HzOxMe3b&scp=19844377276&origin=inward"}],"prism:url":"https://api.elsevier.com/content/abstract/scopus_id/19844377276","dc:identifier":"SCOPUS_ID:19844377276","eid":"2-s2.0-19844377276","dc:title":"A theory of coalitions and clientelism: Coalition politics in Iceland, 1945-2000","dc:creator":"Indridason I.","prism:publicationName":"European Journal of Political Research","prism:issn":"03044130","prism:volume":"44","prism:issueIdentifier":"3","prism:pageRange":"439-464","prism:coverDate":"2005-05-01","prism:coverDisplayDate":"May 2005","prism:doi":"10.1111/j.1475-6765.2005.00234.x","citedby-count":"26","affiliation": [{"@_fa": "true", "affilname":"Haskoli Islands","affiliation-city":"Reykjavik","affiliation-country":"Iceland"}],"prism:aggregationType":"Journal","subtype":"re","subtypeDescription":"Review","source-id":"18437","openaccess":"0","openaccessFlag":false},{"@_fa": "true", "link": [{"@_fa": "true", "@ref": "self", "@href": "https://api.elsevier.com/content/abstract/scopus_id/14644438763"},{"@_fa": "true", "@ref": "author-affiliation", "@href": "https://api.elsevier.com/content/abstract/scopus_id/14644438763?field=author,affiliation"},{"@_fa": "true", "@ref": "scopus", "@href": "https://www.scopus.com/inward/record.uri?partnerID=HzOxMe3b&scp=14644438763&origin=inward"},{"@_fa": "true", "@ref": "scopus-citedby", "@href": "https://www.scopus.com/inward/citedby.uri?partnerID=HzOxMe3b&scp=14644438763&origin=inward"}],"prism:url":"https://api.elsevier.com/content/abstract/scopus_id/14644438763","dc:identifier":"SCOPUS_ID:14644438763","eid":"2-s2.0-14644438763","dc:title":"Institutional dualism and international development a revisionist interpretation of good governance","dc:creator":"Brinkerhoff D.","prism:publicationName":"Administration and Society","prism:issn":"00953997","prism:volume":"37","prism:issueIdentifier":"2","prism:pageRange":"199-224","prism:coverDate":"2005-05-01","prism:coverDisplayDate":"May 2005","prism:doi":"10.1177/0095399704272595","citedby-count":"44","affiliation": [{"@_fa": "true", "affilname":"RTI International","affiliation-city":"Research Triangle Park","affiliation-country":"United States"}],"prism:aggregationType":"Journal","subtype":"ar","subtypeDescription":"Article","source-id":"16032","openaccess":"0","openaccessFlag":false},{"@_fa": "true", "link": [{"@_fa": "true", "@ref": "self", "@href": "https://api.elsevier.com/content/abstract/scopus_id/17444380777"},{"@_fa": "true", "@ref": "author-affiliation", "@href": "https://api.elsevier.com/content/abstract/scopus_id/17444380777?field=author,affiliation"},{"@_fa": "true", "@ref": "scopus", "@href": "https://www.scopus.com/inward/record.uri?partnerID=HzOxMe3b&scp=17444380777&origin=inward"},{"@_fa": "true", "@ref": "scopus-citedby", "@href": "https://www.scopus.com/inward/citedby.uri?partnerID=HzOxMe3b&scp=17444380777&origin=inward"}],"prism:url":"https://api.elsevier.com/content/abstract/scopus_id/17444380777","dc:identifier":"SCOPUS_ID:17444380777","eid":"2-s2.0-17444380777","dc:title":"Political representation in Latin America a study of elite-mass congruence in nine countries","dc:creator":"Luna J.","prism:publicationName":"Comparative Political Studies","prism:issn":"00104140","prism:volume":"38","prism:issueIdentifier":"4","prism:pageRange":"388-416","prism:coverDate":"2005-05-01","prism:coverDisplayDate":"May 2005","prism:doi":"10.1177/0010414004273205","citedby-count":"75","affiliation": [{"@_fa": "true", "affilname":"The University of North Carolina at Chapel Hill","affiliation-city":"Chapel Hill","affiliation-country":"United States"}],"prism:aggregationType":"Journal","subtype":"ar","subtypeDescription":"Article","source-id":"13447","openaccess":"0","openaccessFlag":false},{"@_fa": "true", "link": [{"@_fa": "true", "@ref": "self", "@href": "https://api.elsevier.com/content/abstract/scopus_id/18544378868"},{"@_fa": "true", "@ref": "author-affiliation", "@href": "https://api.elsevier.com/content/abstract/scopus_id/18544378868?field=author,affiliation"},{"@_fa": "true", "@ref": "scopus", "@href": "https://www.scopus.com/inward/record.uri?partnerID=HzOxMe3b&scp=18544378868&origin=inward"},{"@_fa": "true", "@ref": "scopus-citedby", "@href": "https://www.scopus.com/inward/citedby.uri?partnerID=HzOxMe3b&scp=18544378868&origin=inward"}],"prism:url":"https://api.elsevier.com/content/abstract/scopus_id/18544378868","dc:identifier":"SCOPUS_ID:18544378868","eid":"2-s2.0-18544378868","dc:title":"Rethinking the greed-grievance nexus: Property rights and the political economy of war in Sri Lanka","dc:creator":"Korf B.","prism:publicationName":"Journal of Peace Research","prism:issn":"00223433","prism:volume":"42","prism:issueIdentifier":"2","prism:pageRange":"201-217","prism:coverDate":"2005-03-01","prism:coverDisplayDate":"March 2005","prism:doi":"10.1177/0022343305050691","citedby-count":"48","affiliation": [{"@_fa": "true", "affilname":"Humboldt-Universität zu Berlin","affiliation-city":"Berlin","affiliation-country":"Germany"}],"prism:aggregationType":"Journal","subtype":"ar","subtypeDescription":"Article","source-id":"26362","openaccess":"0","openaccessFlag":false},{"@_fa": "true", "link": [{"@_fa": "true", "@ref": "self", "@href": "https://api.elsevier.com/content/abstract/scopus_id/20044366049"},{"@_fa": "true", "@ref": "author-affiliation", "@href": "https://api.elsevier.com/content/abstract/scopus_id/20044366049?field=author,affiliation"},{"@_fa": "true", "@ref": "scopus", "@href": "https://www.scopus.com/inward/record.uri?partnerID=HzOxMe3b&scp=20044366049&origin=inward"},{"@_fa": "true", "@ref": "scopus-citedby", "@href": "https://www.scopus.com/inward/citedby.uri?partnerID=HzOxMe3b&scp=20044366049&origin=inward"}],"prism:url":"https://api.elsevier.com/content/abstract/scopus_id/20044366049","dc:identifier":"SCOPUS_ID:20044366049","eid":"2-s2.0-20044366049","dc:title":"Introduction: 'Modernisation' and the structural constraints of Greek politics","dc:creator":"Featherstone K.","prism:publicationName":"West European Politics","prism:issn":"01402382","prism:volume":"28","prism:issueIdentifier":"2","prism:pageRange":"223-241","prism:coverDate":"2005-03-01","prism:coverDisplayDate":"March 2005","prism:doi":"10.1080/01402380500058753","citedby-count":"57","affiliation": [{"@_fa": "true", "affilname":"London School of Economics and Political Science","affiliation-city":"London","affiliation-country":"United Kingdom"}],"prism:aggregationType":"Journal","subtype":"ar","subtypeDescription":"Article","source-id":"25691","openaccess":"0","openaccessFlag":false},{"@_fa": "true", "link": [{"@_fa": "true", "@ref": "self", "@href": "https://api.elsevier.com/content/abstract/scopus_id/84921059082"},{"@_fa": "true", "@ref": "author-affiliation", "@href": "https://api.elsevier.com/content/abstract/scopus_id/84921059082?field=author,affiliation"},{"@_fa": "true", "@ref": "scopus", "@href": "https://www.scopus.com/inward/record.uri?partnerID=HzOxMe3b&scp=84921059082&origin=inward"},{"@_fa": "true", "@ref": "scopus-citedby", "@href": "https://www.scopus.com/inward/citedby.uri?partnerID=HzOxMe3b&scp=84921059082&origin=inward"}],"prism:url":"https://api.elsevier.com/content/abstract/scopus_id/84921059082","dc:identifier":"SCOPUS_ID:84921059082","eid":"2-s2.0-84921059082","dc:title":"Greece: 'Rationalizing' Constitutional Powers in a Post-dictatorial Country","dc:creator":"Trantas G.","prism:publicationName":"Delegation and Accountability in Parliamentary Democracies","prism:isbn": [{"@_fa": "true", "$" :"9780191602016"},{"@_fa": "true", "$" :"9780198297840"}],"prism:pageRange":null,"prism:coverDate":"2005-01-20","prism:coverDisplayDate":"January 20, 2005","prism:doi":"10.1093/019829784X.003.0011","citedby-count":"0","prism:aggregationType":"Book","subtype":"ch","subtypeDescription":"Chapter","source-id":"21100534603","openaccess":"0","openaccessFlag":false},{"@_fa": "true", "link": [{"@_fa": "true", "@ref": "self", "@href": "https://api.elsevier.com/content/abstract/scopus_id/27744475079"},{"@_fa": "true", "@ref": "author-affiliation", "@href": "https://api.elsevier.com/content/abstract/scopus_id/27744475079?field=author,affiliation"},{"@_fa": "true", "@ref": "scopus", "@href": "https://www.scopus.com/inward/record.uri?partnerID=HzOxMe3b&scp=27744475079&origin=inward"},{"@_fa": "true", "@ref": "scopus-citedby", "@href": "https://www.scopus.com/inward/citedby.uri?partnerID=HzOxMe3b&scp=27744475079&origin=inward"}],"prism:url":"https://api.elsevier.com/content/abstract/scopus_id/27744475079","dc:identifier":"SCOPUS_ID:27744475079","eid":"2-s2.0-27744475079","dc:title":"Administrative hierarchies and networks in the Soviet Union","dc:creator":"Mrowczynski R.","prism:publicationName":"Osteuropa","prism:issn":"00306428","prism:volume":"55","prism:issueIdentifier":"10","prism:pageRange":null,"prism:coverDate":"2005-01-01","prism:coverDisplayDate":"October 2005","citedby-count":"3","affiliation": [{"@_fa": "true", "affilname":"Gottfried Wilhelm Leibniz Universität","affiliation-city":"Hannover","affiliation-country":"Germany"}],"prism:aggregationType":"Journal","subtype":"re","subtypeDescription":"Review","source-id":"22166","openaccess":"0","openaccessFlag":false},{"@_fa": "true", "link": [{"@_fa": "true", "@ref": "self", "@href": "https://api.elsevier.com/content/abstract/scopus_id/27744533663"},{"@_fa": "true", "@ref": "author-affiliation", "@href": "https://api.elsevier.com/content/abstract/scopus_id/27744533663?field=author,affiliation"},{"@_fa": "true", "@ref": "scopus", "@href": "https://www.scopus.com/inward/record.uri?partnerID=HzOxMe3b&scp=27744533663&origin=inward"},{"@_fa": "true", "@ref": "scopus-citedby", "@href": "https://www.scopus.com/inward/citedby.uri?partnerID=HzOxMe3b&scp=27744533663&origin=inward"}],"prism:url":"https://api.elsevier.com/content/abstract/scopus_id/27744533663","dc:identifier":"SCOPUS_ID:27744533663","eid":"2-s2.0-27744533663","dc:title":"Clientelism in the neo-patrimonial state strategies for securing regional power in Ukraine","dc:creator":"Zimmer K.","prism:publicationName":"Osteuropa","prism:issn":"00306428","prism:volume":"55","prism:issueIdentifier":"10","prism:pageRange":null,"prism:coverDate":"2005-01-01","prism:coverDisplayDate":"October 2005","citedby-count":"7","affiliation": [{"@_fa": "true", "affilname":"Philipps-Universität Marburg","affiliation-city":"Marburg","affiliation-country":"Germany"}],"prism:aggregationType":"Journal","subtype":"re","subtypeDescription":"Review","source-id":"22166","openaccess":"0","openaccessFlag":false},{"@_fa": "true", "link": [{"@_fa": "true", "@ref": "self", "@href": "https://api.elsevier.com/content/abstract/scopus_id/84993724924"},{"@_fa": "true", "@ref": "author-affiliation", "@href": "https://api.elsevier.com/content/abstract/scopus_id/84993724924?field=author,affiliation"},{"@_fa": "true", "@ref": "scopus", "@href": "https://www.scopus.com/inward/record.uri?partnerID=HzOxMe3b&scp=84993724924&origin=inward"},{"@_fa": "true", "@ref": "scopus-citedby", "@href": "https://www.scopus.com/inward/citedby.uri?partnerID=HzOxMe3b&scp=84993724924&origin=inward"}],"prism:url":"https://api.elsevier.com/content/abstract/scopus_id/84993724924","dc:identifier":"SCOPUS_ID:84993724924","eid":"2-s2.0-84993724924","dc:title":"‘Waking Up The Sleeping Giant’: Change Management, Policy Transfer and the Search for Collaboration","dc:creator":"Johnston L.","prism:publicationName":"Public Policy and Administration","prism:issn":"09520767","prism:volume":"20","prism:issueIdentifier":"3","prism:pageRange":"69-89","prism:coverDate":"2005-01-01","prism:coverDisplayDate":"July 2005","prism:doi":"10.1177/095207670502000307","citedby-count":"8","affiliation": [{"@_fa": "true", "affilname":"University of Manchester","affiliation-city":"Manchester","affiliation-country":"United Kingdom"}],"prism:aggregationType":"Journal","subtype":"ar","subtypeDescription":"Article","source-id":"5600157642","openaccess":"0","openaccessFlag":false}]}}