{"search-results":{"opensearch:totalResults":"2","opensearch:startIndex":"0","opensearch:itemsPerPage":"2","opensearch:Query":{"@role": "request", "@searchTerms": "TITLE-ABS-KEY(\"clientelism\") AND SUBJAREA(SOCI) AND PUBYEAR = 1974", "@startPage": "0"},"link": [{"@_fa": "true", "@ref": "self", "@href": "https://api.elsevier.com/content/search/scopus?start=0&count=25&query=TITLE-ABS-KEY%28%22clientelism%22%29+AND+SUBJAREA%28SOCI%29+AND+PUBYEAR+%3D+1974&apiKey=27d953b4b546791964ebeb768d13e61f&view=STANDARD", "@type": "application/json"},{"@_fa": "true", "@ref": "first", "@href": "https://api.elsevier.com/content/search/scopus?start=0&count=25&query=TITLE-ABS-KEY%28%22clientelism%22%29+AND+SUBJAREA%28SOCI%29+AND+PUBYEAR+%3D+1974&apiKey=27d953b4b546791964ebeb768d13e61f&view=STANDARD", "@type": "application/json"}],"entry": [{"@_fa": "true", "link": [{"@_fa": "true", "@ref": "self", "@href": "https://api.elsevier.com/content/abstract/scopus_id/84952400395"},{"@_fa": "true", "@ref": "author-affiliation", "@href": "https://api.elsevier.com/content/abstract/scopus_id/84952400395?field=author,affiliation"},{"@_fa": "true", "@ref": "scopus", "@href": "https://www.scopus.com/inward/record.uri?partnerID=HzOxMe3b&scp=84952400395&origin=inward"},{"@_fa": "true", "@ref": "scopus-citedby", "@href": "https://www.scopus.com/inward/citedby.uri?partnerID=HzOxMe3b&scp=84952400395&origin=inward"}],"prism:url":"https://api.elsevier.com/content/abstract/scopus_id/84952400395","dc:identifier":"SCOPUS_ID:84952400395","eid":"2-s2.0-84952400395","dc:title":"Class, Clientelism, and Coercion: Some Mechanisms of Internal Dependency and Control","dc:creator":"Flynn P.","prism:publicationName":"The Journal of Commonwealth &amp; Comparative Politics","prism:issn":"03063631","prism:volume":"12","prism:issueIdentifier":"2","prism:pageRange":"133-156","prism:coverDate":"1974-07-01","prism:coverDisplayDate":"1 July 1974","prism:doi":"10.1080/14662047408447207","citedby-count":"28","affiliation": [{"@_fa": "true", "affilname":"University of Glasgow","affiliation-city":"Glasgow","affiliation-country":"United Kingdom"}],"prism:aggregationType":"Journal","subtype":"ar","subtypeDescription":"Article","source-id":"31670","openaccess":"0","openaccessFlag":false},{"@_fa": "true", "link": [{"@_fa": "true", "@ref": "self", "@href": "https://api.elsevier.com/content/abstract/scopus_id/11544373949"},{"@_fa": "true", "@ref": "author-affiliation", "@href": "https://api.elsevier.com/content/abstract/scopus_id/11544373949?field=author,affiliation"},{"@_fa": "true", "@ref": "scopus", "@href": "https://www.scopus.com/inward/record.uri?partnerID=HzOxMe3b&scp=11544373949&origin=inward"},{"@_fa": "true", "@ref": "scopus-citedby", "@href": "https://www.scopus.com/inward/citedby.uri?partnerID=HzOxMe3b&scp=11544373949&origin=inward"}],"prism:url":"https://api.elsevier.com/content/abstract/scopus_id/11544373949","dc:identifier":"SCOPUS_ID:11544373949","eid":"2-s2.0-11544373949","dc:title":"Clientelism and neocolonialism: Center-periphery relations and political development in African states","dc:creator":"Berman B.","prism:publicationName":"Studies in Comparative International Development","prism:issn":"00393606","prism:eIssn":"19366167","prism:volume":"9","prism:issueIdentifier":"2","prism:pageRange":"3-25","prism:coverDate":"1974-06-01","prism:coverDisplayDate":"June 1974","prism:doi":"10.1007/BF02800436","citedby-count":"19","affiliation": [{"@_fa": "true", "affilname":"Queen's University, Kingston","affiliation-city":"Kingston","affiliation-country":"Canada"}],"prism:aggregationType":"Journal","subtype":"ar","subtypeDescription":"Article","source-id":"26587","openaccess":"0","openaccessFlag":false}]}}