{"search-results":{"opensearch:totalResults":"13","opensearch:startIndex":"0","opensearch:itemsPerPage":"13","opensearch:Query":{"@role": "request", "@searchTerms": "TITLE-ABS-KEY(\"clientelism\") AND SUBJAREA(SOCI) AND PUBYEAR = 1999", "@startPage": "0"},"link": [{"@_fa": "true", "@ref": "self", "@href": "https://api.elsevier.com/content/search/scopus?start=0&count=25&query=TITLE-ABS-KEY%28%22clientelism%22%29+AND+SUBJAREA%28SOCI%29+AND+PUBYEAR+%3D+1999&apiKey=27d953b4b546791964ebeb768d13e61f&view=STANDARD", "@type": "application/json"},{"@_fa": "true", "@ref": "first", "@href": "https://api.elsevier.com/content/search/scopus?start=0&count=25&query=TITLE-ABS-KEY%28%22clientelism%22%29+AND+SUBJAREA%28SOCI%29+AND+PUBYEAR+%3D+1999&apiKey=27d953b4b546791964ebeb768d13e61f&view=STANDARD", "@type": "application/json"}],"entry": [{"@_fa": "true", "link": [{"@_fa": "true", "@ref": "self", "@href": "https://api.elsevier.com/content/abstract/scopus_id/26044475032"},{"@_fa": "true", "@ref": "author-affiliation", "@href": "https://api.elsevier.com/content/abstract/scopus_id/26044475032?field=author,affiliation"},{"@_fa": "true", "@ref": "scopus", "@href": "https://www.scopus.com/inward/record.uri?partnerID=HzOxMe3b&scp=26044475032&origin=inward"},{"@_fa": "true", "@ref": "scopus-citedby", "@href": "https://www.scopus.com/inward/citedby.uri?partnerID=HzOxMe3b&scp=26044475032&origin=inward"}],"prism:url":"https://api.elsevier.com/content/abstract/scopus_id/26044475032","dc:identifier":"SCOPUS_ID:26044475032","eid":"2-s2.0-26044475032","dc:title":"Political clientelism and sports policy in Greece","dc:creator":"Henry I.","prism:publicationName":"International Review for the Sociology of Sport","prism:issn":"10126902","prism:eIssn":"14617218","prism:volume":"34","prism:issueIdentifier":"1","prism:pageRange":"43-58","prism:coverDate":"1999-12-01","prism:coverDisplayDate":"1999","prism:doi":"10.1177/101269099034001004","citedby-count":"12","affiliation": [{"@_fa": "true", "affilname":"Loughborough University","affiliation-city":"Loughborough","affiliation-country":"United Kingdom"}],"prism:aggregationType":"Journal","subtype":"re","subtypeDescription":"Review","source-id":"147231","openaccess":"0","openaccessFlag":false},{"@_fa": "true", "link": [{"@_fa": "true", "@ref": "self", "@href": "https://api.elsevier.com/content/abstract/scopus_id/0033234831"},{"@_fa": "true", "@ref": "author-affiliation", "@href": "https://api.elsevier.com/content/abstract/scopus_id/0033234831?field=author,affiliation"},{"@_fa": "true", "@ref": "scopus", "@href": "https://www.scopus.com/inward/record.uri?partnerID=HzOxMe3b&scp=0033234831&origin=inward"},{"@_fa": "true", "@ref": "scopus-citedby", "@href": "https://www.scopus.com/inward/citedby.uri?partnerID=HzOxMe3b&scp=0033234831&origin=inward"}],"prism:url":"https://api.elsevier.com/content/abstract/scopus_id/0033234831","dc:identifier":"SCOPUS_ID:0033234831","eid":"2-s2.0-0033234831","dc:title":"State social work and social citizenship in Britain: From clientelism to consumerism","dc:creator":"Harris J.","prism:publicationName":"British Journal of Social Work","prism:issn":"00453102","prism:volume":"29","prism:issueIdentifier":"6","prism:pageRange":"915-937","prism:coverDate":"1999-12-01","prism:coverDisplayDate":"December 1999","prism:doi":"10.1093/bjsw/29.6.915","citedby-count":"48","affiliation": [{"@_fa": "true", "affilname":"The University of Warwick","affiliation-city":"Coventry","affiliation-country":"United Kingdom"}],"prism:aggregationType":"Journal","subtype":"ar","subtypeDescription":"Article","source-id":"28710","openaccess":"0","openaccessFlag":false},{"@_fa": "true", "link": [{"@_fa": "true", "@ref": "self", "@href": "https://api.elsevier.com/content/abstract/scopus_id/0033279172"},{"@_fa": "true", "@ref": "author-affiliation", "@href": "https://api.elsevier.com/content/abstract/scopus_id/0033279172?field=author,affiliation"},{"@_fa": "true", "@ref": "scopus", "@href": "https://www.scopus.com/inward/record.uri?partnerID=HzOxMe3b&scp=0033279172&origin=inward"},{"@_fa": "true", "@ref": "scopus-citedby", "@href": "https://www.scopus.com/inward/citedby.uri?partnerID=HzOxMe3b&scp=0033279172&origin=inward"}],"prism:url":"https://api.elsevier.com/content/abstract/scopus_id/0033279172","dc:identifier":"SCOPUS_ID:0033279172","eid":"2-s2.0-0033279172","dc:title":"Gubernatorial Politics in Sverdlovsk Oblast'","dc:creator":"Startsev Y.","prism:publicationName":"Post-Soviet Affairs","prism:issn":"1060586X","prism:volume":"15","prism:issueIdentifier":"4","prism:pageRange":"336-361","prism:coverDate":"1999-10-01","prism:coverDisplayDate":"1 October 1999","prism:doi":"10.1080/1060586X.1999.10641477","citedby-count":"11","affiliation": [{"@_fa": "true", "affilname":"Political Science","affiliation-city":"Yekaterinburg","affiliation-country":"Russian Federation"}],"prism:aggregationType":"Journal","subtype":"ar","subtypeDescription":"Article","source-id":"25654","openaccess":"0","openaccessFlag":false},{"@_fa": "true", "link": [{"@_fa": "true", "@ref": "self", "@href": "https://api.elsevier.com/content/abstract/scopus_id/0033239657"},{"@_fa": "true", "@ref": "author-affiliation", "@href": "https://api.elsevier.com/content/abstract/scopus_id/0033239657?field=author,affiliation"},{"@_fa": "true", "@ref": "scopus", "@href": "https://www.scopus.com/inward/record.uri?partnerID=HzOxMe3b&scp=0033239657&origin=inward"},{"@_fa": "true", "@ref": "scopus-citedby", "@href": "https://www.scopus.com/inward/citedby.uri?partnerID=HzOxMe3b&scp=0033239657&origin=inward"}],"prism:url":"https://api.elsevier.com/content/abstract/scopus_id/0033239657","dc:identifier":"SCOPUS_ID:0033239657","eid":"2-s2.0-0033239657","dc:title":"\"From the client's point(s) of view\": How poor people perceive and evaluate political clientelism","dc:creator":"Auyero J.","prism:publicationName":"Theory and Society","prism:issn":"03042421","prism:volume":"28","prism:issueIdentifier":"2","prism:pageRange":"297-334","prism:coverDate":"1999-01-01","prism:coverDisplayDate":"April 1999","prism:doi":"10.1023/A:1006905214896","citedby-count":"101","affiliation": [{"@_fa": "true", "affilname":"Stony Brook University","affiliation-city":"Stony Brook","affiliation-country":"United States"}],"prism:aggregationType":"Journal","subtype":"re","subtypeDescription":"Review","source-id":"18697","openaccess":"0","openaccessFlag":false},{"@_fa": "true", "link": [{"@_fa": "true", "@ref": "self", "@href": "https://api.elsevier.com/content/abstract/scopus_id/0033481785"},{"@_fa": "true", "@ref": "author-affiliation", "@href": "https://api.elsevier.com/content/abstract/scopus_id/0033481785?field=author,affiliation"},{"@_fa": "true", "@ref": "scopus", "@href": "https://www.scopus.com/inward/record.uri?partnerID=HzOxMe3b&scp=0033481785&origin=inward"},{"@_fa": "true", "@ref": "scopus-citedby", "@href": "https://www.scopus.com/inward/citedby.uri?partnerID=HzOxMe3b&scp=0033481785&origin=inward"}],"prism:url":"https://api.elsevier.com/content/abstract/scopus_id/0033481785","dc:identifier":"SCOPUS_ID:0033481785","eid":"2-s2.0-0033481785","dc:title":"Political clientelism and social exclusion: The case of Gypsies in the Greek town of Sofades","dc:creator":"Marantzidis N.","prism:publicationName":"International Sociology","prism:issn":"02685809","prism:volume":"14","prism:issueIdentifier":"4","prism:pageRange":"443-456","prism:coverDate":"1999-01-01","prism:coverDisplayDate":"December 1999","prism:doi":"10.1177/0268580999014004004","citedby-count":"3","affiliation": [{"@_fa": "true", "affilname":"Panepistimion Makedonias","affiliation-city":"Thessaloniki","affiliation-country":"Greece"}],"prism:aggregationType":"Journal","subtype":"ar","subtypeDescription":"Article","source-id":"15532","openaccess":"0","openaccessFlag":false},{"@_fa": "true", "link": [{"@_fa": "true", "@ref": "self", "@href": "https://api.elsevier.com/content/abstract/scopus_id/0032854581"},{"@_fa": "true", "@ref": "author-affiliation", "@href": "https://api.elsevier.com/content/abstract/scopus_id/0032854581?field=author,affiliation"},{"@_fa": "true", "@ref": "scopus", "@href": "https://www.scopus.com/inward/record.uri?partnerID=HzOxMe3b&scp=0032854581&origin=inward"},{"@_fa": "true", "@ref": "scopus-citedby", "@href": "https://www.scopus.com/inward/citedby.uri?partnerID=HzOxMe3b&scp=0032854581&origin=inward"}],"prism:url":"https://api.elsevier.com/content/abstract/scopus_id/0032854581","dc:identifier":"SCOPUS_ID:0032854581","eid":"2-s2.0-0032854581","dc:title":"How the Faroe Islands became an unplannable society","dc:creator":"Justinussen J.","prism:publicationName":"North","prism:issn":"08090432","prism:volume":"10","prism:issueIdentifier":"2-3","prism:pageRange":"16-20","prism:coverDate":"1999-01-01","prism:coverDisplayDate":"1999","citedby-count":"0","prism:aggregationType":"Journal","subtype":"ar","subtypeDescription":"Article","source-id":"89916","openaccess":"0","openaccessFlag":false},{"@_fa": "true", "link": [{"@_fa": "true", "@ref": "self", "@href": "https://api.elsevier.com/content/abstract/scopus_id/0040812660"},{"@_fa": "true", "@ref": "author-affiliation", "@href": "https://api.elsevier.com/content/abstract/scopus_id/0040812660?field=author,affiliation"},{"@_fa": "true", "@ref": "scopus", "@href": "https://www.scopus.com/inward/record.uri?partnerID=HzOxMe3b&scp=0040812660&origin=inward"},{"@_fa": "true", "@ref": "scopus-citedby", "@href": "https://www.scopus.com/inward/citedby.uri?partnerID=HzOxMe3b&scp=0040812660&origin=inward"}],"prism:url":"https://api.elsevier.com/content/abstract/scopus_id/0040812660","dc:identifier":"SCOPUS_ID:0040812660","eid":"2-s2.0-0040812660","dc:title":"Decentralization, clientelism, and social capital in urban governing: Comparing Belo Horizonte and Salvador","dc:creator":"Boschi R.","prism:publicationName":"Dados","prism:issn":"00115258","prism:volume":"42","prism:issueIdentifier":"4","prism:pageRange":"655-690","prism:coverDate":"1999-01-01","prism:coverDisplayDate":"1999","prism:doi":"10.1590/S0011-52581999000400002","citedby-count":"18","prism:aggregationType":"Journal","subtype":"ar","subtypeDescription":"Article","source-id":"25953","openaccess":"1","openaccessFlag":true},{"@_fa": "true", "link": [{"@_fa": "true", "@ref": "self", "@href": "https://api.elsevier.com/content/abstract/scopus_id/33745830522"},{"@_fa": "true", "@ref": "author-affiliation", "@href": "https://api.elsevier.com/content/abstract/scopus_id/33745830522?field=author,affiliation"},{"@_fa": "true", "@ref": "scopus", "@href": "https://www.scopus.com/inward/record.uri?partnerID=HzOxMe3b&scp=33745830522&origin=inward"},{"@_fa": "true", "@ref": "scopus-citedby", "@href": "https://www.scopus.com/inward/citedby.uri?partnerID=HzOxMe3b&scp=33745830522&origin=inward"}],"prism:url":"https://api.elsevier.com/content/abstract/scopus_id/33745830522","dc:identifier":"SCOPUS_ID:33745830522","eid":"2-s2.0-33745830522","dc:title":"Relying on Stop-gap Measures: Coping with Unemployment in Greece","dc:creator":"Karakatsanis N.","prism:publicationName":"South European Society and Politics","prism:issn":"13608746","prism:volume":"4","prism:issueIdentifier":"3","prism:pageRange":null,"prism:coverDate":"1999-01-01","prism:coverDisplayDate":"1999","prism:doi":"10.1080/13608740408539588","citedby-count":"2","prism:aggregationType":"Journal","subtype":"ar","subtypeDescription":"Article","source-id":"28082","openaccess":"0","openaccessFlag":false},{"@_fa": "true", "link": [{"@_fa": "true", "@ref": "self", "@href": "https://api.elsevier.com/content/abstract/scopus_id/0033505215"},{"@_fa": "true", "@ref": "author-affiliation", "@href": "https://api.elsevier.com/content/abstract/scopus_id/0033505215?field=author,affiliation"},{"@_fa": "true", "@ref": "scopus", "@href": "https://www.scopus.com/inward/record.uri?partnerID=HzOxMe3b&scp=0033505215&origin=inward"},{"@_fa": "true", "@ref": "scopus-citedby", "@href": "https://www.scopus.com/inward/citedby.uri?partnerID=HzOxMe3b&scp=0033505215&origin=inward"}],"prism:url":"https://api.elsevier.com/content/abstract/scopus_id/0033505215","dc:identifier":"SCOPUS_ID:0033505215","eid":"2-s2.0-0033505215","dc:title":"Relying on stop-gap measures: Coping with unemployment in Greece","dc:creator":"Karakatsanis N.","prism:publicationName":"South European Society and Politics","prism:issn":"13608746","prism:volume":"4","prism:issueIdentifier":"3","prism:pageRange":"240-262","prism:coverDate":"1999-01-01","prism:coverDisplayDate":"Winter 1999","prism:doi":"10.1080/13608740408539588","citedby-count":"2","prism:aggregationType":"Journal","subtype":"ar","subtypeDescription":"Article","source-id":"28082","openaccess":"0","openaccessFlag":false},{"@_fa": "true", "link": [{"@_fa": "true", "@ref": "self", "@href": "https://api.elsevier.com/content/abstract/scopus_id/0032768051"},{"@_fa": "true", "@ref": "author-affiliation", "@href": "https://api.elsevier.com/content/abstract/scopus_id/0032768051?field=author,affiliation"},{"@_fa": "true", "@ref": "scopus", "@href": "https://www.scopus.com/inward/record.uri?partnerID=HzOxMe3b&scp=0032768051&origin=inward"},{"@_fa": "true", "@ref": "scopus-citedby", "@href": "https://www.scopus.com/inward/citedby.uri?partnerID=HzOxMe3b&scp=0032768051&origin=inward"}],"prism:url":"https://api.elsevier.com/content/abstract/scopus_id/0032768051","dc:identifier":"SCOPUS_ID:0032768051","eid":"2-s2.0-0032768051","dc:title":"Venezuela: Degenerative democracy","dc:creator":"Buxton J.","prism:publicationName":"Democratization","prism:issn":"13510347","prism:volume":"6","prism:issueIdentifier":"1","prism:pageRange":"246-270","prism:coverDate":"1999-01-01","prism:coverDisplayDate":"Spring 1999","prism:doi":"10.1080/13510349908403605","citedby-count":"6","prism:aggregationType":"Journal","subtype":"ar","subtypeDescription":"Article","source-id":"24034","openaccess":"0","openaccessFlag":false},{"@_fa": "true", "link": [{"@_fa": "true", "@ref": "self", "@href": "https://api.elsevier.com/content/abstract/scopus_id/22444453031"},{"@_fa": "true", "@ref": "author-affiliation", "@href": "https://api.elsevier.com/content/abstract/scopus_id/22444453031?field=author,affiliation"},{"@_fa": "true", "@ref": "scopus", "@href": "https://www.scopus.com/inward/record.uri?partnerID=HzOxMe3b&scp=22444453031&origin=inward"},{"@_fa": "true", "@ref": "scopus-citedby", "@href": "https://www.scopus.com/inward/citedby.uri?partnerID=HzOxMe3b&scp=22444453031&origin=inward"}],"prism:url":"https://api.elsevier.com/content/abstract/scopus_id/22444453031","dc:identifier":"SCOPUS_ID:22444453031","eid":"2-s2.0-22444453031","dc:title":"Performing evita: A tale of two peronist women","dc:creator":"Auyero J.","prism:publicationName":"Journal of Contemporary Ethnography","prism:issn":"08912416","prism:volume":"27","prism:issueIdentifier":"4","prism:pageRange":"461-493","prism:coverDate":"1999-01-01","prism:coverDisplayDate":"1999","prism:doi":"10.1177/089124199129023307","citedby-count":"9","affiliation": [{"@_fa": "true", "affilname":"Stony Brook University","affiliation-city":"Stony Brook","affiliation-country":"United States"}],"prism:aggregationType":"Journal","subtype":"ar","subtypeDescription":"Article","source-id":"15619","openaccess":"0","openaccessFlag":false},{"@_fa": "true", "link": [{"@_fa": "true", "@ref": "self", "@href": "https://api.elsevier.com/content/abstract/scopus_id/0033372696"},{"@_fa": "true", "@ref": "author-affiliation", "@href": "https://api.elsevier.com/content/abstract/scopus_id/0033372696?field=author,affiliation"},{"@_fa": "true", "@ref": "scopus", "@href": "https://www.scopus.com/inward/record.uri?partnerID=HzOxMe3b&scp=0033372696&origin=inward"},{"@_fa": "true", "@ref": "scopus-citedby", "@href": "https://www.scopus.com/inward/citedby.uri?partnerID=HzOxMe3b&scp=0033372696&origin=inward"}],"prism:url":"https://api.elsevier.com/content/abstract/scopus_id/0033372696","dc:identifier":"SCOPUS_ID:0033372696","eid":"2-s2.0-0033372696","dc:title":"Fundamental change or no change? The process of constitutionalizing Uganda","dc:creator":"Kjaer M.","prism:publicationName":"Democratization","prism:issn":"13510347","prism:volume":"6","prism:issueIdentifier":"4","prism:pageRange":"93-113","prism:coverDate":"1999-01-01","prism:coverDisplayDate":"Winter 1999","prism:doi":"10.1080/13510349908403634","citedby-count":"6","affiliation": [{"@_fa": "true", "affilname":"Aarhus Universitet","affiliation-city":"Aarhus","affiliation-country":"Denmark"}],"prism:aggregationType":"Journal","subtype":"ar","subtypeDescription":"Article","source-id":"24034","openaccess":"0","openaccessFlag":false},{"@_fa": "true", "link": [{"@_fa": "true", "@ref": "self", "@href": "https://api.elsevier.com/content/abstract/scopus_id/0032798303"},{"@_fa": "true", "@ref": "author-affiliation", "@href": "https://api.elsevier.com/content/abstract/scopus_id/0032798303?field=author,affiliation"},{"@_fa": "true", "@ref": "scopus", "@href": "https://www.scopus.com/inward/record.uri?partnerID=HzOxMe3b&scp=0032798303&origin=inward"},{"@_fa": "true", "@ref": "scopus-citedby", "@href": "https://www.scopus.com/inward/citedby.uri?partnerID=HzOxMe3b&scp=0032798303&origin=inward"},{"@_fa": "true", "@ref": "full-text", "@href": "https://api.elsevier.com/content/article/eid/1-s2.0-S0149718998000469"}],"prism:url":"https://api.elsevier.com/content/abstract/scopus_id/0032798303","dc:identifier":"SCOPUS_ID:0032798303","eid":"2-s2.0-0032798303","dc:title":"Small and medium enterprise aid programs: Intangible effects and evaluation practice","dc:creator":"Stame N.","prism:publicationName":"Evaluation and Program Planning","prism:issn":"01497189","prism:volume":"22","prism:issueIdentifier":"1","prism:pageRange":"105-111","prism:coverDate":"1999-01-01","prism:coverDisplayDate":"Spring 1999","prism:doi":"10.1016/S0149-7189(98)00046-9","pii":"S0149718998000469","citedby-count":"7","affiliation": [{"@_fa": "true", "affilname":"Facoltà di Sociologia","affiliation-city":"Rome","affiliation-country":"Italy"}],"prism:aggregationType":"Journal","subtype":"ar","subtypeDescription":"Article","source-id":"26602","openaccess":"0","openaccessFlag":false}]}}