{"search-results":{"opensearch:totalResults":"2","opensearch:startIndex":"0","opensearch:itemsPerPage":"2","opensearch:Query":{"@role": "request", "@searchTerms": "TITLE-ABS-KEY(\"clientelism\") AND SUBJAREA(SOCI) AND PUBYEAR = 1972", "@startPage": "0"},"link": [{"@_fa": "true", "@ref": "self", "@href": "https://api.elsevier.com/content/search/scopus?start=0&count=25&query=TITLE-ABS-KEY%28%22clientelism%22%29+AND+SUBJAREA%28SOCI%29+AND+PUBYEAR+%3D+1972&apiKey=27d953b4b546791964ebeb768d13e61f&view=STANDARD", "@type": "application/json"},{"@_fa": "true", "@ref": "first", "@href": "https://api.elsevier.com/content/search/scopus?start=0&count=25&query=TITLE-ABS-KEY%28%22clientelism%22%29+AND+SUBJAREA%28SOCI%29+AND+PUBYEAR+%3D+1972&apiKey=27d953b4b546791964ebeb768d13e61f&view=STANDARD", "@type": "application/json"}],"entry": [{"@_fa": "true", "link": [{"@_fa": "true", "@ref": "self", "@href": "https://api.elsevier.com/content/abstract/scopus_id/84922732195"},{"@_fa": "true", "@ref": "author-affiliation", "@href": "https://api.elsevier.com/content/abstract/scopus_id/84922732195?field=author,affiliation"},{"@_fa": "true", "@ref": "scopus", "@href": "https://www.scopus.com/inward/record.uri?partnerID=HzOxMe3b&scp=84922732195&origin=inward"},{"@_fa": "true", "@ref": "scopus-citedby", "@href": "https://www.scopus.com/inward/citedby.uri?partnerID=HzOxMe3b&scp=84922732195&origin=inward"}],"prism:url":"https://api.elsevier.com/content/abstract/scopus_id/84922732195","dc:identifier":"SCOPUS_ID:84922732195","eid":"2-s2.0-84922732195","dc:title":"Interpersonal Relationships And Comparative Politics: Political Clientelism In Industrial Society","dc:creator":"Legg K.","prism:publicationName":"Politics","prism:issn":"00323268","prism:volume":"7","prism:issueIdentifier":"1","prism:pageRange":"1-11","prism:coverDate":"1972-05-01","prism:coverDisplayDate":"1 May 1972","prism:doi":"10.1080/00323267208401266","citedby-count":"4","prism:aggregationType":"Journal","subtype":"ar","subtypeDescription":"Article","source-id":"4000149610","openaccess":"0","openaccessFlag":false},{"@_fa": "true", "link": [{"@_fa": "true", "@ref": "self", "@href": "https://api.elsevier.com/content/abstract/scopus_id/84971812757"},{"@_fa": "true", "@ref": "author-affiliation", "@href": "https://api.elsevier.com/content/abstract/scopus_id/84971812757?field=author,affiliation"},{"@_fa": "true", "@ref": "scopus", "@href": "https://www.scopus.com/inward/record.uri?partnerID=HzOxMe3b&scp=84971812757&origin=inward"},{"@_fa": "true", "@ref": "scopus-citedby", "@href": "https://www.scopus.com/inward/citedby.uri?partnerID=HzOxMe3b&scp=84971812757&origin=inward"}],"prism:url":"https://api.elsevier.com/content/abstract/scopus_id/84971812757","dc:identifier":"SCOPUS_ID:84971812757","eid":"2-s2.0-84971812757","dc:title":"Political clientelism and ethnicity in tropical africa:* Competing solidarities in nation-building","dc:creator":"Lemarchand R.","prism:publicationName":"American Political Science Review","prism:issn":"00030554","prism:eIssn":"15375943","prism:volume":"66","prism:issueIdentifier":"1","prism:pageRange":"68-90","prism:coverDate":"1972-01-01","prism:coverDisplayDate":"March 1972","prism:doi":"10.2307/1959279","citedby-count":"194","affiliation": [{"@_fa": "true", "affilname":"University of Florida","affiliation-city":"Gainesville","affiliation-country":"United States"}],"prism:aggregationType":"Journal","subtype":"ar","subtypeDescription":"Article","source-id":"15557","openaccess":"0","openaccessFlag":false}]}}