{"search-results":{"opensearch:totalResults":"6","opensearch:startIndex":"0","opensearch:itemsPerPage":"6","opensearch:Query":{"@role": "request", "@searchTerms": "TITLE-ABS-KEY(\"clientelism\") AND SUBJAREA(SOCI) AND PUBYEAR = 1994", "@startPage": "0"},"link": [{"@_fa": "true", "@ref": "self", "@href": "https://api.elsevier.com/content/search/scopus?start=0&count=25&query=TITLE-ABS-KEY%28%22clientelism%22%29+AND+SUBJAREA%28SOCI%29+AND+PUBYEAR+%3D+1994&apiKey=27d953b4b546791964ebeb768d13e61f&view=STANDARD", "@type": "application/json"},{"@_fa": "true", "@ref": "first", "@href": "https://api.elsevier.com/content/search/scopus?start=0&count=25&query=TITLE-ABS-KEY%28%22clientelism%22%29+AND+SUBJAREA%28SOCI%29+AND+PUBYEAR+%3D+1994&apiKey=27d953b4b546791964ebeb768d13e61f&view=STANDARD", "@type": "application/json"}],"entry": [{"@_fa": "true", "link": [{"@_fa": "true", "@ref": "self", "@href": "https://api.elsevier.com/content/abstract/scopus_id/0028591229"},{"@_fa": "true", "@ref": "author-affiliation", "@href": "https://api.elsevier.com/content/abstract/scopus_id/0028591229?field=author,affiliation"},{"@_fa": "true", "@ref": "scopus", "@href": "https://www.scopus.com/inward/record.uri?partnerID=HzOxMe3b&scp=0028591229&origin=inward"},{"@_fa": "true", "@ref": "scopus-citedby", "@href": "https://www.scopus.com/inward/citedby.uri?partnerID=HzOxMe3b&scp=0028591229&origin=inward"}],"prism:url":"https://api.elsevier.com/content/abstract/scopus_id/0028591229","dc:identifier":"SCOPUS_ID:0028591229","eid":"2-s2.0-0028591229","dc:title":"Ghana and south korea","dc:creator":"Werlin H.","prism:publicationName":"Journal of Asian and African Studies","prism:issn":"00219096","prism:volume":"29","prism:issueIdentifier":"3-4","prism:pageRange":"205-225","prism:coverDate":"1994-12-01","prism:coverDisplayDate":"1994","prism:doi":"10.1163/156852194X00315","citedby-count":"23","affiliation": [{"@_fa": "true", "affilname":"Independent Consultant","affiliation-city":"College Park","affiliation-country":"United States"}],"prism:aggregationType":"Journal","subtype":"ar","subtypeDescription":"Article","source-id":"15593","openaccess":"0","openaccessFlag":false},{"@_fa": "true", "link": [{"@_fa": "true", "@ref": "self", "@href": "https://api.elsevier.com/content/abstract/scopus_id/0027798248"},{"@_fa": "true", "@ref": "author-affiliation", "@href": "https://api.elsevier.com/content/abstract/scopus_id/0027798248?field=author,affiliation"},{"@_fa": "true", "@ref": "scopus", "@href": "https://www.scopus.com/inward/record.uri?partnerID=HzOxMe3b&scp=0027798248&origin=inward"},{"@_fa": "true", "@ref": "scopus-citedby", "@href": "https://www.scopus.com/inward/citedby.uri?partnerID=HzOxMe3b&scp=0027798248&origin=inward"}],"prism:url":"https://api.elsevier.com/content/abstract/scopus_id/0027798248","dc:identifier":"SCOPUS_ID:0027798248","eid":"2-s2.0-0027798248","dc:title":"The difficult transition from clientelism to citizenship","dc:creator":"Fox J.","prism:publicationName":"World Politics","prism:issn":"00438871","prism:eIssn":"10863338","prism:volume":"46","prism:issueIdentifier":"2","prism:pageRange":"151-184","prism:coverDate":"1994-01-01","prism:coverDisplayDate":"1994","prism:doi":"10.2307/2950671","citedby-count":"388","prism:aggregationType":"Journal","subtype":"ar","subtypeDescription":"Article","source-id":"25725","openaccess":"0","openaccessFlag":false},{"@_fa": "true", "link": [{"@_fa": "true", "@ref": "self", "@href": "https://api.elsevier.com/content/abstract/scopus_id/0028579880"},{"@_fa": "true", "@ref": "author-affiliation", "@href": "https://api.elsevier.com/content/abstract/scopus_id/0028579880?field=author,affiliation"},{"@_fa": "true", "@ref": "scopus", "@href": "https://www.scopus.com/inward/record.uri?partnerID=HzOxMe3b&scp=0028579880&origin=inward"},{"@_fa": "true", "@ref": "scopus-citedby", "@href": "https://www.scopus.com/inward/citedby.uri?partnerID=HzOxMe3b&scp=0028579880&origin=inward"}],"prism:url":"https://api.elsevier.com/content/abstract/scopus_id/0028579880","dc:identifier":"SCOPUS_ID:0028579880","eid":"2-s2.0-0028579880","dc:title":"The State and Maritime Nationalism in Côte d'Ivoire","dc:creator":"Iheduru O.","prism:publicationName":"The Journal of Modern African Studies","prism:issn":"0022278X","prism:eIssn":"14697777","prism:volume":"32","prism:issueIdentifier":"2","prism:pageRange":"215-245","prism:coverDate":"1994-01-01","prism:coverDisplayDate":"June 1994","prism:doi":"10.1017/S0022278X00012738","citedby-count":"0","affiliation": [{"@_fa": "true", "affilname":"Michigan State University","affiliation-city":"East Lansing","affiliation-country":"United States"}],"prism:aggregationType":"Journal","subtype":"ar","subtypeDescription":"Article","source-id":"20318","openaccess":"0","openaccessFlag":false},{"@_fa": "true", "link": [{"@_fa": "true", "@ref": "self", "@href": "https://api.elsevier.com/content/abstract/scopus_id/0028007002"},{"@_fa": "true", "@ref": "author-affiliation", "@href": "https://api.elsevier.com/content/abstract/scopus_id/0028007002?field=author,affiliation"},{"@_fa": "true", "@ref": "scopus", "@href": "https://www.scopus.com/inward/record.uri?partnerID=HzOxMe3b&scp=0028007002&origin=inward"},{"@_fa": "true", "@ref": "scopus-citedby", "@href": "https://www.scopus.com/inward/citedby.uri?partnerID=HzOxMe3b&scp=0028007002&origin=inward"}],"prism:url":"https://api.elsevier.com/content/abstract/scopus_id/0028007002","dc:identifier":"SCOPUS_ID:0028007002","eid":"2-s2.0-0028007002","dc:title":"Mexican popular movements, clientelism, and the process of democratization","dc:creator":"Hellman J.","prism:publicationName":"Latin American Perspectives","prism:issn":"0094582X","prism:volume":"21","prism:issueIdentifier":"2","prism:pageRange":"124-142","prism:coverDate":"1994-01-01","prism:coverDisplayDate":"1994","prism:doi":"10.1177/0094582X9402100208","citedby-count":"55","prism:aggregationType":"Journal","subtype":"ar","subtypeDescription":"Article","source-id":"27731","openaccess":"0","openaccessFlag":false},{"@_fa": "true", "link": [{"@_fa": "true", "@ref": "self", "@href": "https://api.elsevier.com/content/abstract/scopus_id/84972622451"},{"@_fa": "true", "@ref": "author-affiliation", "@href": "https://api.elsevier.com/content/abstract/scopus_id/84972622451?field=author,affiliation"},{"@_fa": "true", "@ref": "scopus", "@href": "https://www.scopus.com/inward/record.uri?partnerID=HzOxMe3b&scp=84972622451&origin=inward"},{"@_fa": "true", "@ref": "scopus-citedby", "@href": "https://www.scopus.com/inward/citedby.uri?partnerID=HzOxMe3b&scp=84972622451&origin=inward"}],"prism:url":"https://api.elsevier.com/content/abstract/scopus_id/84972622451","dc:identifier":"SCOPUS_ID:84972622451","eid":"2-s2.0-84972622451","dc:title":"Ghana and South Korea: Explaining Development Disparities An Essay in Honor of Carl Rosberg","dc:creator":"Werlin H.","prism:publicationName":"Journal of Asian and African Studies","prism:issn":"00219096","prism:eIssn":"17452538","prism:volume":"29","prism:pageRange":"205-225","prism:coverDate":"1994-01-01","prism:coverDisplayDate":"July 1994","prism:doi":"10.1177/002190969402900304","citedby-count":"3","affiliation": [{"@_fa": "true", "affilname":"Independent Consultant","affiliation-city":"College Park","affiliation-country":"United States"}],"prism:aggregationType":"Journal","subtype":"ar","subtypeDescription":"Article","source-id":"15593","openaccess":"0","openaccessFlag":false},{"@_fa": "true", "link": [{"@_fa": "true", "@ref": "self", "@href": "https://api.elsevier.com/content/abstract/scopus_id/0028598140"},{"@_fa": "true", "@ref": "author-affiliation", "@href": "https://api.elsevier.com/content/abstract/scopus_id/0028598140?field=author,affiliation"},{"@_fa": "true", "@ref": "scopus", "@href": "https://www.scopus.com/inward/record.uri?partnerID=HzOxMe3b&scp=0028598140&origin=inward"},{"@_fa": "true", "@ref": "scopus-citedby", "@href": "https://www.scopus.com/inward/citedby.uri?partnerID=HzOxMe3b&scp=0028598140&origin=inward"}],"prism:url":"https://api.elsevier.com/content/abstract/scopus_id/0028598140","dc:identifier":"SCOPUS_ID:0028598140","eid":"2-s2.0-0028598140","dc:title":"The Implementation of EG Regional Programmes in Greece: A Critical Review","dc:creator":"Georgiou G.","prism:publicationName":"European Planning Studies","prism:issn":"09654313","prism:eIssn":"14695944","prism:volume":"2","prism:issueIdentifier":"3","prism:pageRange":"321-336","prism:coverDate":"1994-01-01","prism:coverDisplayDate":"1 January 1994","prism:doi":"10.1080/09654319408720271","citedby-count":"11","prism:aggregationType":"Journal","subtype":"re","subtypeDescription":"Review","source-id":"13279","openaccess":"0","openaccessFlag":false}]}}