{"search-results":{"opensearch:totalResults":"1","opensearch:startIndex":"0","opensearch:itemsPerPage":"1","opensearch:Query":{"@role": "request", "@searchTerms": "TITLE-ABS-KEY(\"clientelism\") AND SUBJAREA(SOCI) AND PUBYEAR = 1976", "@startPage": "0"},"link": [{"@_fa": "true", "@ref": "self", "@href": "https://api.elsevier.com/content/search/scopus?start=0&count=25&query=TITLE-ABS-KEY%28%22clientelism%22%29+AND+SUBJAREA%28SOCI%29+AND+PUBYEAR+%3D+1976&apiKey=27d953b4b546791964ebeb768d13e61f&view=STANDARD", "@type": "application/json"},{"@_fa": "true", "@ref": "first", "@href": "https://api.elsevier.com/content/search/scopus?start=0&count=25&query=TITLE-ABS-KEY%28%22clientelism%22%29+AND+SUBJAREA%28SOCI%29+AND+PUBYEAR+%3D+1976&apiKey=27d953b4b546791964ebeb768d13e61f&view=STANDARD", "@type": "application/json"}],"entry": [{"@_fa": "true", "link": [{"@_fa": "true", "@ref": "self", "@href": "https://api.elsevier.com/content/abstract/scopus_id/84985846321"},{"@_fa": "true", "@ref": "author-affiliation", "@href": "https://api.elsevier.com/content/abstract/scopus_id/84985846321?field=author,affiliation"},{"@_fa": "true", "@ref": "scopus", "@href": "https://www.scopus.com/inward/record.uri?partnerID=HzOxMe3b&scp=84985846321&origin=inward"},{"@_fa": "true", "@ref": "scopus-citedby", "@href": "https://www.scopus.com/inward/citedby.uri?partnerID=HzOxMe3b&scp=84985846321&origin=inward"}],"prism:url":"https://api.elsevier.com/content/abstract/scopus_id/84985846321","dc:identifier":"SCOPUS_ID:84985846321","eid":"2-s2.0-84985846321","dc:title":"A CONCEPTUAL FRAMEWORK FOR THE STUDY OF CLIENTELISTIC BEHAVIOR","dc:creator":"GRAZIANO L.","prism:publicationName":"European Journal of Political Research","prism:issn":"03044130","prism:eIssn":"14756765","prism:volume":"4","prism:issueIdentifier":"2","prism:pageRange":"149-174","prism:coverDate":"1976-01-01","prism:coverDisplayDate":"June 1976","prism:doi":"10.1111/j.1475-6765.1976.tb00526.x","citedby-count":"37","affiliation": [{"@_fa": "true", "affilname":"Università degli Studi di Catania","affiliation-city":"Catania","affiliation-country":"Italy"}],"prism:aggregationType":"Journal","subtype":"ar","subtypeDescription":"Article","source-id":"18437","openaccess":"0","openaccessFlag":false}]}}