{"search-results":{"opensearch:totalResults":"11","opensearch:startIndex":"0","opensearch:itemsPerPage":"11","opensearch:Query":{"@role": "request", "@searchTerms": "TITLE-ABS-KEY(\"clientelism\") AND SUBJAREA(SOCI) AND PUBYEAR = 1997", "@startPage": "0"},"link": [{"@_fa": "true", "@ref": "self", "@href": "https://api.elsevier.com/content/search/scopus?start=0&count=25&query=TITLE-ABS-KEY%28%22clientelism%22%29+AND+SUBJAREA%28SOCI%29+AND+PUBYEAR+%3D+1997&apiKey=27d953b4b546791964ebeb768d13e61f&view=STANDARD", "@type": "application/json"},{"@_fa": "true", "@ref": "first", "@href": "https://api.elsevier.com/content/search/scopus?start=0&count=25&query=TITLE-ABS-KEY%28%22clientelism%22%29+AND+SUBJAREA%28SOCI%29+AND+PUBYEAR+%3D+1997&apiKey=27d953b4b546791964ebeb768d13e61f&view=STANDARD", "@type": "application/json"}],"entry": [{"@_fa": "true", "link": [{"@_fa": "true", "@ref": "self", "@href": "https://api.elsevier.com/content/abstract/scopus_id/0030680933"},{"@_fa": "true", "@ref": "author-affiliation", "@href": "https://api.elsevier.com/content/abstract/scopus_id/0030680933?field=author,affiliation"},{"@_fa": "true", "@ref": "scopus", "@href": "https://www.scopus.com/inward/record.uri?partnerID=HzOxMe3b&scp=0030680933&origin=inward"},{"@_fa": "true", "@ref": "scopus-citedby", "@href": "https://www.scopus.com/inward/citedby.uri?partnerID=HzOxMe3b&scp=0030680933&origin=inward"}],"prism:url":"https://api.elsevier.com/content/abstract/scopus_id/0030680933","dc:identifier":"SCOPUS_ID:0030680933","eid":"2-s2.0-0030680933","dc:title":"Libya between clientelism and tribal regionalism","dc:creator":"Bisson J.","prism:publicationName":"Bulletin d'Association de Geographes Francais","prism:issn":"00045322","prism:volume":"74","prism:issueIdentifier":"1","prism:pageRange":null,"prism:coverDate":"1997-12-01","prism:coverDisplayDate":"1997","citedby-count":"0","affiliation": [{"@_fa": "true", "affilname":"Universités","affiliation-city":"Tours","affiliation-country":"France"}],"prism:aggregationType":"Journal","subtype":"ar","subtypeDescription":"Article","source-id":"27490","openaccess":"0","openaccessFlag":false},{"@_fa": "true", "link": [{"@_fa": "true", "@ref": "self", "@href": "https://api.elsevier.com/content/abstract/scopus_id/0345313375"},{"@_fa": "true", "@ref": "author-affiliation", "@href": "https://api.elsevier.com/content/abstract/scopus_id/0345313375?field=author,affiliation"},{"@_fa": "true", "@ref": "scopus", "@href": "https://www.scopus.com/inward/record.uri?partnerID=HzOxMe3b&scp=0345313375&origin=inward"},{"@_fa": "true", "@ref": "scopus-citedby", "@href": "https://www.scopus.com/inward/citedby.uri?partnerID=HzOxMe3b&scp=0345313375&origin=inward"}],"prism:url":"https://api.elsevier.com/content/abstract/scopus_id/0345313375","dc:identifier":"SCOPUS_ID:0345313375","eid":"2-s2.0-0345313375","dc:title":"Who owns the state? Understanding ethnic conflict in post-colonial societies","dc:creator":"Wimmer A.","prism:publicationName":"Nations and Nationalism","prism:issn":"13545078","prism:volume":"3","prism:issueIdentifier":"4","prism:pageRange":"631-665","prism:coverDate":"1997-12-01","prism:coverDisplayDate":"December 1997","citedby-count":"67","affiliation": [{"@_fa": "true", "affilname":"Universite de Neuchatel","affiliation-city":"Neuchatel","affiliation-country":"Switzerland"}],"prism:aggregationType":"Journal","subtype":"ar","subtypeDescription":"Article","source-id":"21617","openaccess":"0","openaccessFlag":false},{"@_fa": "true", "link": [{"@_fa": "true", "@ref": "self", "@href": "https://api.elsevier.com/content/abstract/scopus_id/0003324732"},{"@_fa": "true", "@ref": "author-affiliation", "@href": "https://api.elsevier.com/content/abstract/scopus_id/0003324732?field=author,affiliation"},{"@_fa": "true", "@ref": "scopus", "@href": "https://www.scopus.com/inward/record.uri?partnerID=HzOxMe3b&scp=0003324732&origin=inward"},{"@_fa": "true", "@ref": "scopus-citedby", "@href": "https://www.scopus.com/inward/citedby.uri?partnerID=HzOxMe3b&scp=0003324732&origin=inward"}],"prism:url":"https://api.elsevier.com/content/abstract/scopus_id/0003324732","dc:identifier":"SCOPUS_ID:0003324732","eid":"2-s2.0-0003324732","dc:title":"Enduring clientelism, governance reform and leadership capacity: A review of the democratization process in Nigeria","dc:creator":"Balogun M.","prism:publicationName":"Journal of Contemporary African Studies","prism:issn":"02589001","prism:volume":"15","prism:issueIdentifier":"2","prism:pageRange":"219-260","prism:coverDate":"1997-07-01","prism:coverDisplayDate":"July 1997","citedby-count":"11","prism:aggregationType":"Journal","subtype":"re","subtypeDescription":"Review","source-id":"27665","openaccess":"0","openaccessFlag":false},{"@_fa": "true", "link": [{"@_fa": "true", "@ref": "self", "@href": "https://api.elsevier.com/content/abstract/scopus_id/84933481521"},{"@_fa": "true", "@ref": "author-affiliation", "@href": "https://api.elsevier.com/content/abstract/scopus_id/84933481521?field=author,affiliation"},{"@_fa": "true", "@ref": "scopus", "@href": "https://www.scopus.com/inward/record.uri?partnerID=HzOxMe3b&scp=84933481521&origin=inward"},{"@_fa": "true", "@ref": "scopus-citedby", "@href": "https://www.scopus.com/inward/citedby.uri?partnerID=HzOxMe3b&scp=84933481521&origin=inward"}],"prism:url":"https://api.elsevier.com/content/abstract/scopus_id/84933481521","dc:identifier":"SCOPUS_ID:84933481521","eid":"2-s2.0-84933481521","dc:title":"Transformations of party clientelism in southern europe in a phase of democratic consolidation","dc:creator":"Papadopoulos Y.","prism:publicationName":"Swiss Political Science Review","prism:issn":"14247755","prism:eIssn":"16626370","prism:volume":"3","prism:issueIdentifier":"4","prism:pageRange":"1-9","prism:coverDate":"1997-01-01","prism:coverDisplayDate":"December 1997","prism:doi":"10.1002/j.1662-6370.1997.tb00226.x","citedby-count":"1","affiliation": [{"@_fa": "true", "affilname":"Université de Lausanne (UNIL)","affiliation-city":"Lausanne","affiliation-country":"Switzerland"}],"prism:aggregationType":"Journal","subtype":"ar","subtypeDescription":"Article","source-id":"5700163398","openaccess":"1","openaccessFlag":true},{"@_fa": "true", "link": [{"@_fa": "true", "@ref": "self", "@href": "https://api.elsevier.com/content/abstract/scopus_id/0742296957"},{"@_fa": "true", "@ref": "author-affiliation", "@href": "https://api.elsevier.com/content/abstract/scopus_id/0742296957?field=author,affiliation"},{"@_fa": "true", "@ref": "scopus", "@href": "https://www.scopus.com/inward/record.uri?partnerID=HzOxMe3b&scp=0742296957&origin=inward"},{"@_fa": "true", "@ref": "scopus-citedby", "@href": "https://www.scopus.com/inward/citedby.uri?partnerID=HzOxMe3b&scp=0742296957&origin=inward"}],"prism:url":"https://api.elsevier.com/content/abstract/scopus_id/0742296957","dc:identifier":"SCOPUS_ID:0742296957","eid":"2-s2.0-0742296957","dc:title":"Partisanship and political clientelism in Portugal (1983-1993)","dc:creator":"Lopes F.","prism:publicationName":"South European Society and Politics","prism:issn":"13608746","prism:volume":"2","prism:issueIdentifier":"3","prism:pageRange":"27-51","prism:coverDate":"1997-01-01","prism:coverDisplayDate":"Winter 1997","prism:doi":"10.1080/13608749708539517","citedby-count":"10","prism:aggregationType":"Journal","subtype":"ar","subtypeDescription":"Article","source-id":"28082","openaccess":"0","openaccessFlag":false},{"@_fa": "true", "link": [{"@_fa": "true", "@ref": "self", "@href": "https://api.elsevier.com/content/abstract/scopus_id/0038099712"},{"@_fa": "true", "@ref": "author-affiliation", "@href": "https://api.elsevier.com/content/abstract/scopus_id/0038099712?field=author,affiliation"},{"@_fa": "true", "@ref": "scopus", "@href": "https://www.scopus.com/inward/record.uri?partnerID=HzOxMe3b&scp=0038099712&origin=inward"},{"@_fa": "true", "@ref": "scopus-citedby", "@href": "https://www.scopus.com/inward/citedby.uri?partnerID=HzOxMe3b&scp=0038099712&origin=inward"}],"prism:url":"https://api.elsevier.com/content/abstract/scopus_id/0038099712","dc:identifier":"SCOPUS_ID:0038099712","eid":"2-s2.0-0038099712","dc:title":"From traditional clientelism to machine politics: The impact of PASOK populism in Greece","dc:creator":"Mavrogordatos G.","prism:publicationName":"South European Society and Politics","prism:issn":"13608746","prism:volume":"2","prism:issueIdentifier":"3","prism:pageRange":"1-26","prism:coverDate":"1997-01-01","prism:coverDisplayDate":"Winter 1997","prism:doi":"10.1080/13608749708539516","citedby-count":"48","prism:aggregationType":"Journal","subtype":"ar","subtypeDescription":"Article","source-id":"28082","openaccess":"0","openaccessFlag":false},{"@_fa": "true", "link": [{"@_fa": "true", "@ref": "self", "@href": "https://api.elsevier.com/content/abstract/scopus_id/0031433499"},{"@_fa": "true", "@ref": "author-affiliation", "@href": "https://api.elsevier.com/content/abstract/scopus_id/0031433499?field=author,affiliation"},{"@_fa": "true", "@ref": "scopus", "@href": "https://www.scopus.com/inward/record.uri?partnerID=HzOxMe3b&scp=0031433499&origin=inward"},{"@_fa": "true", "@ref": "scopus-citedby", "@href": "https://www.scopus.com/inward/citedby.uri?partnerID=HzOxMe3b&scp=0031433499&origin=inward"}],"prism:url":"https://api.elsevier.com/content/abstract/scopus_id/0031433499","dc:identifier":"SCOPUS_ID:0031433499","eid":"2-s2.0-0031433499","dc:title":"Nomenklatura democratization: Electoral clientelism in post-Soviet Ukraine","dc:creator":"Birch S.","prism:publicationName":"Democratization","prism:issn":"13510347","prism:volume":"4","prism:issueIdentifier":"4","prism:pageRange":"40-62","prism:coverDate":"1997-01-01","prism:coverDisplayDate":"Winter 1997","prism:doi":"10.1080/13510349708403535","citedby-count":"23","affiliation": [{"@_fa": "true", "affilname":"University of Essex","affiliation-city":"Colchester","affiliation-country":"United Kingdom"}],"prism:aggregationType":"Journal","subtype":"ar","subtypeDescription":"Article","source-id":"24034","openaccess":"0","openaccessFlag":false},{"@_fa": "true", "link": [{"@_fa": "true", "@ref": "self", "@href": "https://api.elsevier.com/content/abstract/scopus_id/0040454753"},{"@_fa": "true", "@ref": "author-affiliation", "@href": "https://api.elsevier.com/content/abstract/scopus_id/0040454753?field=author,affiliation"},{"@_fa": "true", "@ref": "scopus", "@href": "https://www.scopus.com/inward/record.uri?partnerID=HzOxMe3b&scp=0040454753&origin=inward"},{"@_fa": "true", "@ref": "scopus-citedby", "@href": "https://www.scopus.com/inward/citedby.uri?partnerID=HzOxMe3b&scp=0040454753&origin=inward"}],"prism:url":"https://api.elsevier.com/content/abstract/scopus_id/0040454753","dc:identifier":"SCOPUS_ID:0040454753","eid":"2-s2.0-0040454753","dc:title":"The politics of privilege: Assessing the impact of rents, corruption, and clientelism on third world development","dc:creator":"Hutchcroft P.","prism:publicationName":"Political Studies","prism:issn":"00323217","prism:volume":"45","prism:issueIdentifier":"3","prism:pageRange":"639-658","prism:coverDate":"1997-01-01","prism:coverDisplayDate":"1997","prism:doi":"10.1111/1467-9248.00100","citedby-count":"63","prism:aggregationType":"Journal","subtype":"ar","subtypeDescription":"Article","source-id":"22890","openaccess":"0","openaccessFlag":false},{"@_fa": "true", "link": [{"@_fa": "true", "@ref": "self", "@href": "https://api.elsevier.com/content/abstract/scopus_id/0031433182"},{"@_fa": "true", "@ref": "author-affiliation", "@href": "https://api.elsevier.com/content/abstract/scopus_id/0031433182?field=author,affiliation"},{"@_fa": "true", "@ref": "scopus", "@href": "https://www.scopus.com/inward/record.uri?partnerID=HzOxMe3b&scp=0031433182&origin=inward"},{"@_fa": "true", "@ref": "scopus-citedby", "@href": "https://www.scopus.com/inward/citedby.uri?partnerID=HzOxMe3b&scp=0031433182&origin=inward"}],"prism:url":"https://api.elsevier.com/content/abstract/scopus_id/0031433182","dc:identifier":"SCOPUS_ID:0031433182","eid":"2-s2.0-0031433182","dc:title":"National reawakening within a changing society: the Galician movement in Spain (1960-97)","dc:creator":"Nunez X.","prism:publicationName":"Nationalism and Ethnic Politics","prism:issn":"13537113","prism:volume":"3","prism:issueIdentifier":"2","prism:pageRange":"29-56","prism:coverDate":"1997-01-01","prism:coverDisplayDate":"1997","prism:doi":"10.1080/13537119708428501","citedby-count":"7","prism:aggregationType":"Journal","subtype":"ar","subtypeDescription":"Article","source-id":"26917","openaccess":"0","openaccessFlag":false},{"@_fa": "true", "link": [{"@_fa": "true", "@ref": "self", "@href": "https://api.elsevier.com/content/abstract/scopus_id/77952355345"},{"@_fa": "true", "@ref": "author-affiliation", "@href": "https://api.elsevier.com/content/abstract/scopus_id/77952355345?field=author,affiliation"},{"@_fa": "true", "@ref": "scopus", "@href": "https://www.scopus.com/inward/record.uri?partnerID=HzOxMe3b&scp=77952355345&origin=inward"},{"@_fa": "true", "@ref": "scopus-citedby", "@href": "https://www.scopus.com/inward/citedby.uri?partnerID=HzOxMe3b&scp=77952355345&origin=inward"}],"prism:url":"https://api.elsevier.com/content/abstract/scopus_id/77952355345","dc:identifier":"SCOPUS_ID:77952355345","eid":"2-s2.0-77952355345","dc:title":"Spanish labor policy, family and networks in colonial Charcas: The almonds, 1540-1600","dc:creator":"Presta A.","prism:publicationName":"Revista de Indias","prism:issn":"00348341","prism:volume":"57","prism:issueIdentifier":"209","prism:pageRange":"21-53","prism:coverDate":"1997-01-01","prism:coverDisplayDate":"1997","prism:doi":"10.3989/revindias.1997.i209.793","citedby-count":"1","affiliation": [{"@_fa": "true", "affilname":"Universidad de Buenos Aires","affiliation-city":"Buenos Aires","affiliation-country":"Argentina"}],"prism:aggregationType":"Journal","subtype":"re","subtypeDescription":"Review","source-id":"24328","openaccess":"1","openaccessFlag":true},{"@_fa": "true", "link": [{"@_fa": "true", "@ref": "self", "@href": "https://api.elsevier.com/content/abstract/scopus_id/7544236254"},{"@_fa": "true", "@ref": "author-affiliation", "@href": "https://api.elsevier.com/content/abstract/scopus_id/7544236254?field=author,affiliation"},{"@_fa": "true", "@ref": "scopus", "@href": "https://www.scopus.com/inward/record.uri?partnerID=HzOxMe3b&scp=7544236254&origin=inward"},{"@_fa": "true", "@ref": "scopus-citedby", "@href": "https://www.scopus.com/inward/citedby.uri?partnerID=HzOxMe3b&scp=7544236254&origin=inward"}],"prism:url":"https://api.elsevier.com/content/abstract/scopus_id/7544236254","dc:identifier":"SCOPUS_ID:7544236254","eid":"2-s2.0-7544236254","dc:title":"Transforming a peripheral region: The consolidation and collapse of Christian Democratic dominance in Basilicata","dc:creator":"Zuckerman A.","prism:publicationName":"Regional and Federal Studies","prism:issn":"13597566","prism:volume":"7","prism:issueIdentifier":"2","prism:pageRange":"1-24","prism:coverDate":"1997-01-01","prism:coverDisplayDate":"Summer 1997","prism:doi":"10.1080/13597569708421003","citedby-count":"2","prism:aggregationType":"Journal","subtype":"ar","subtypeDescription":"Article","source-id":"27574","openaccess":"0","openaccessFlag":false}]}}