{"search-results":{"opensearch:totalResults":"3","opensearch:startIndex":"0","opensearch:itemsPerPage":"3","opensearch:Query":{"@role": "request", "@searchTerms": "TITLE-ABS-KEY(\"clientelism\") AND SUBJAREA(SOCI) AND PUBYEAR = 1979", "@startPage": "0"},"link": [{"@_fa": "true", "@ref": "self", "@href": "https://api.elsevier.com/content/search/scopus?start=0&count=25&query=TITLE-ABS-KEY%28%22clientelism%22%29+AND+SUBJAREA%28SOCI%29+AND+PUBYEAR+%3D+1979&apiKey=27d953b4b546791964ebeb768d13e61f&view=STANDARD", "@type": "application/json"},{"@_fa": "true", "@ref": "first", "@href": "https://api.elsevier.com/content/search/scopus?start=0&count=25&query=TITLE-ABS-KEY%28%22clientelism%22%29+AND+SUBJAREA%28SOCI%29+AND+PUBYEAR+%3D+1979&apiKey=27d953b4b546791964ebeb768d13e61f&view=STANDARD", "@type": "application/json"}],"entry": [{"@_fa": "true", "link": [{"@_fa": "true", "@ref": "self", "@href": "https://api.elsevier.com/content/abstract/scopus_id/84965951669"},{"@_fa": "true", "@ref": "author-affiliation", "@href": "https://api.elsevier.com/content/abstract/scopus_id/84965951669?field=author,affiliation"},{"@_fa": "true", "@ref": "scopus", "@href": "https://www.scopus.com/inward/record.uri?partnerID=HzOxMe3b&scp=84965951669&origin=inward"},{"@_fa": "true", "@ref": "scopus-citedby", "@href": "https://www.scopus.com/inward/citedby.uri?partnerID=HzOxMe3b&scp=84965951669&origin=inward"}],"prism:url":"https://api.elsevier.com/content/abstract/scopus_id/84965951669","dc:identifier":"SCOPUS_ID:84965951669","eid":"2-s2.0-84965951669","dc:title":"Sayed bey marei and political clientelism in Egypt","dc:creator":"Springborg R.","prism:publicationName":"Comparative Political Studies","prism:issn":"00104140","prism:eIssn":"15523829","prism:volume":"12","prism:issueIdentifier":"3","prism:pageRange":"259-288","prism:coverDate":"1979-01-01","prism:coverDisplayDate":"October 1979","prism:doi":"10.1177/001041407901200301","citedby-count":"1","affiliation": [{"@_fa": "true", "affilname":"Macquarie University","affiliation-city":"Sydney","affiliation-country":"Australia"}],"prism:aggregationType":"Journal","subtype":"ar","subtypeDescription":"Article","source-id":"13447","openaccess":"0","openaccessFlag":false},{"@_fa": "true", "link": [{"@_fa": "true", "@ref": "self", "@href": "https://api.elsevier.com/content/abstract/scopus_id/84987313863"},{"@_fa": "true", "@ref": "author-affiliation", "@href": "https://api.elsevier.com/content/abstract/scopus_id/84987313863?field=author,affiliation"},{"@_fa": "true", "@ref": "scopus", "@href": "https://www.scopus.com/inward/record.uri?partnerID=HzOxMe3b&scp=84987313863&origin=inward"},{"@_fa": "true", "@ref": "scopus-citedby", "@href": "https://www.scopus.com/inward/citedby.uri?partnerID=HzOxMe3b&scp=84987313863&origin=inward"}],"prism:url":"https://api.elsevier.com/content/abstract/scopus_id/84987313863","dc:identifier":"SCOPUS_ID:84987313863","eid":"2-s2.0-84987313863","dc:title":"Review","dc:creator":"Waterbury J.","prism:publicationName":"Government and Opposition","prism:issn":"0017257X","prism:eIssn":"14777053","prism:volume":"14","prism:issueIdentifier":"2","prism:pageRange":"217-244","prism:coverDate":"1979-01-01","prism:coverDisplayDate":"April 1979","prism:doi":"10.1111/j.1477-7053.1979.tb00673.x","citedby-count":"0","prism:aggregationType":"Journal","subtype":"re","subtypeDescription":"Review","source-id":"19089","openaccess":"0","openaccessFlag":false},{"@_fa": "true", "link": [{"@_fa": "true", "@ref": "self", "@href": "https://api.elsevier.com/content/abstract/scopus_id/84985846071"},{"@_fa": "true", "@ref": "author-affiliation", "@href": "https://api.elsevier.com/content/abstract/scopus_id/84985846071?field=author,affiliation"},{"@_fa": "true", "@ref": "scopus", "@href": "https://www.scopus.com/inward/record.uri?partnerID=HzOxMe3b&scp=84985846071&origin=inward"},{"@_fa": "true", "@ref": "scopus-citedby", "@href": "https://www.scopus.com/inward/citedby.uri?partnerID=HzOxMe3b&scp=84985846071&origin=inward"}],"prism:url":"https://api.elsevier.com/content/abstract/scopus_id/84985846071","dc:identifier":"SCOPUS_ID:84985846071","eid":"2-s2.0-84985846071","dc:title":"THE MASS CLIENTELISM PARTY: THE CHRISTIAN DEMOCRATIC PARTY IN CATANIA AND IN SOUTHERN ITALY","dc:creator":"BELLONI F.","prism:publicationName":"European Journal of Political Research","prism:issn":"03044130","prism:eIssn":"14756765","prism:volume":"7","prism:issueIdentifier":"3","prism:pageRange":"253-275","prism:coverDate":"1979-01-01","prism:coverDisplayDate":"September 1979","prism:doi":"10.1111/j.1475-6765.1979.tb00561.x","citedby-count":"6","affiliation": [{"@_fa": "true", "affilname":"Virginia Commonwealth University","affiliation-city":"Richmond","affiliation-country":"United States"}],"prism:aggregationType":"Journal","subtype":"ar","subtypeDescription":"Article","source-id":"18437","openaccess":"0","openaccessFlag":false}]}}