{"search-results":{"opensearch:totalResults":"4","opensearch:startIndex":"0","opensearch:itemsPerPage":"4","opensearch:Query":{"@role": "request", "@searchTerms": "TITLE-ABS-KEY(\"clientelism\") AND SUBJAREA(SOCI) AND PUBYEAR = 1987", "@startPage": "0"},"link": [{"@_fa": "true", "@ref": "self", "@href": "https://api.elsevier.com/content/search/scopus?start=0&count=25&query=TITLE-ABS-KEY%28%22clientelism%22%29+AND+SUBJAREA%28SOCI%29+AND+PUBYEAR+%3D+1987&apiKey=27d953b4b546791964ebeb768d13e61f&view=STANDARD", "@type": "application/json"},{"@_fa": "true", "@ref": "first", "@href": "https://api.elsevier.com/content/search/scopus?start=0&count=25&query=TITLE-ABS-KEY%28%22clientelism%22%29+AND+SUBJAREA%28SOCI%29+AND+PUBYEAR+%3D+1987&apiKey=27d953b4b546791964ebeb768d13e61f&view=STANDARD", "@type": "application/json"}],"entry": [{"@_fa": "true", "link": [{"@_fa": "true", "@ref": "self", "@href": "https://api.elsevier.com/content/abstract/scopus_id/0023466303"},{"@_fa": "true", "@ref": "author-affiliation", "@href": "https://api.elsevier.com/content/abstract/scopus_id/0023466303?field=author,affiliation"},{"@_fa": "true", "@ref": "scopus", "@href": "https://www.scopus.com/inward/record.uri?partnerID=HzOxMe3b&scp=0023466303&origin=inward"},{"@_fa": "true", "@ref": "scopus-citedby", "@href": "https://www.scopus.com/inward/citedby.uri?partnerID=HzOxMe3b&scp=0023466303&origin=inward"}],"prism:url":"https://api.elsevier.com/content/abstract/scopus_id/0023466303","dc:identifier":"SCOPUS_ID:0023466303","eid":"2-s2.0-0023466303","dc:title":"Political Power &amp; Social Class in the Neo-Colonial African State","dc:creator":"Charney C.","prism:publicationName":"Review of African Political Economy","prism:issn":"03056244","prism:eIssn":"17401720","prism:volume":"14","prism:issueIdentifier":"38","prism:pageRange":"48-65","prism:coverDate":"1987-04-01","prism:coverDisplayDate":"1 April 1987","prism:doi":"10.1080/03056248708703713","citedby-count":"11","prism:aggregationType":"Journal","subtype":"ar","subtypeDescription":"Article","source-id":"27938","openaccess":"0","openaccessFlag":false},{"@_fa": "true", "link": [{"@_fa": "true", "@ref": "self", "@href": "https://api.elsevier.com/content/abstract/scopus_id/84971947836"},{"@_fa": "true", "@ref": "author-affiliation", "@href": "https://api.elsevier.com/content/abstract/scopus_id/84971947836?field=author,affiliation"},{"@_fa": "true", "@ref": "scopus", "@href": "https://www.scopus.com/inward/record.uri?partnerID=HzOxMe3b&scp=84971947836&origin=inward"},{"@_fa": "true", "@ref": "scopus-citedby", "@href": "https://www.scopus.com/inward/citedby.uri?partnerID=HzOxMe3b&scp=84971947836&origin=inward"}],"prism:url":"https://api.elsevier.com/content/abstract/scopus_id/84971947836","dc:identifier":"SCOPUS_ID:84971947836","eid":"2-s2.0-84971947836","dc:title":"State Structures and Clientelism: The French State Versus the ‘Notaires’","dc:creator":"Suleiman E.","prism:publicationName":"British Journal of Political Science","prism:issn":"00071234","prism:eIssn":"14692112","prism:volume":"17","prism:issueIdentifier":"3","prism:pageRange":"257-279","prism:coverDate":"1987-01-01","prism:coverDisplayDate":"July 1987","prism:doi":"10.1017/S0007123400004750","citedby-count":"12","affiliation": [{"@_fa": "true", "affilname":"Princeton University","affiliation-city":"Princeton","affiliation-country":"United States"}],"prism:aggregationType":"Journal","subtype":"ar","subtypeDescription":"Article","source-id":"16232","openaccess":"0","openaccessFlag":false},{"@_fa": "true", "link": [{"@_fa": "true", "@ref": "self", "@href": "https://api.elsevier.com/content/abstract/scopus_id/0023520437"},{"@_fa": "true", "@ref": "author-affiliation", "@href": "https://api.elsevier.com/content/abstract/scopus_id/0023520437?field=author,affiliation"},{"@_fa": "true", "@ref": "scopus", "@href": "https://www.scopus.com/inward/record.uri?partnerID=HzOxMe3b&scp=0023520437&origin=inward"},{"@_fa": "true", "@ref": "scopus-citedby", "@href": "https://www.scopus.com/inward/citedby.uri?partnerID=HzOxMe3b&scp=0023520437&origin=inward"}],"prism:url":"https://api.elsevier.com/content/abstract/scopus_id/0023520437","dc:identifier":"SCOPUS_ID:0023520437","eid":"2-s2.0-0023520437","dc:title":"The traditional political elite and the transition to democracy in Brazil.","dc:creator":"Hagopian F.","prism:publicationName":"Working Paper - Helen Kellogg Institute for International Studies","prism:volume":"91","prism:pageRange":null,"prism:coverDate":"1987-01-01","prism:coverDisplayDate":"1987","citedby-count":"0","affiliation": [{"@_fa": "true", "affilname":"University of Notre Dame","affiliation-city":"Notre Dame","affiliation-country":"United States"}],"prism:aggregationType":"Journal","subtype":"ar","subtypeDescription":"Article","source-id":"31602","openaccess":"0","openaccessFlag":false},{"@_fa": "true", "link": [{"@_fa": "true", "@ref": "self", "@href": "https://api.elsevier.com/content/abstract/scopus_id/34250210981"},{"@_fa": "true", "@ref": "author-affiliation", "@href": "https://api.elsevier.com/content/abstract/scopus_id/34250210981?field=author,affiliation"},{"@_fa": "true", "@ref": "scopus", "@href": "https://www.scopus.com/inward/record.uri?partnerID=HzOxMe3b&scp=34250210981&origin=inward"},{"@_fa": "true", "@ref": "scopus-citedby", "@href": "https://www.scopus.com/inward/citedby.uri?partnerID=HzOxMe3b&scp=34250210981&origin=inward"}],"prism:url":"https://api.elsevier.com/content/abstract/scopus_id/34250210981","dc:identifier":"SCOPUS_ID:34250210981","eid":"2-s2.0-34250210981","dc:title":"Electoral Evaluations of Candidates in Irish General Elections 1948–82","dc:creator":"Marsh M.","prism:publicationName":"Irish Political Studies","prism:issn":"07907184","prism:eIssn":"17439078","prism:volume":"2","prism:issueIdentifier":"1","prism:pageRange":"65-76","prism:coverDate":"1987-01-01","prism:coverDisplayDate":"1 January 1987","prism:doi":"10.1080/07907188708406437","citedby-count":"29","affiliation": [{"@_fa": "true", "affilname":"Trinity College Dublin","affiliation-city":"Dublin","affiliation-country":"Ireland"}],"prism:aggregationType":"Journal","subtype":"ar","subtypeDescription":"Article","source-id":"5800170866","openaccess":"0","openaccessFlag":false}]}}