{"search-results":{"opensearch:totalResults":"53","opensearch:startIndex":"0","opensearch:itemsPerPage":"25","opensearch:Query":{"@role": "request", "@searchTerms": "TITLE-ABS-KEY(\"clientelism\") AND SUBJAREA(SOCI) AND PUBYEAR = 2007", "@startPage": "0"},"link": [{"@_fa": "true", "@ref": "self", "@href": "https://api.elsevier.com/content/search/scopus?start=0&count=25&query=TITLE-ABS-KEY%28%22clientelism%22%29+AND+SUBJAREA%28SOCI%29+AND+PUBYEAR+%3D+2007&apiKey=27d953b4b546791964ebeb768d13e61f&view=STANDARD", "@type": "application/json"},{"@_fa": "true", "@ref": "first", "@href": "https://api.elsevier.com/content/search/scopus?start=0&count=25&query=TITLE-ABS-KEY%28%22clientelism%22%29+AND+SUBJAREA%28SOCI%29+AND+PUBYEAR+%3D+2007&apiKey=27d953b4b546791964ebeb768d13e61f&view=STANDARD", "@type": "application/json"},{"@_fa": "true", "@ref": "next", "@href": "https://api.elsevier.com/content/search/scopus?start=25&count=25&query=TITLE-ABS-KEY%28%22clientelism%22%29+AND+SUBJAREA%28SOCI%29+AND+PUBYEAR+%3D+2007&apiKey=27d953b4b546791964ebeb768d13e61f&view=STANDARD", "@type": "application/json"},{"@_fa": "true", "@ref": "last", "@href": "https://api.elsevier.com/content/search/scopus?start=28&count=25&query=TITLE-ABS-KEY%28%22clientelism%22%29+AND+SUBJAREA%28SOCI%29+AND+PUBYEAR+%3D+2007&apiKey=27d953b4b546791964ebeb768d13e61f&view=STANDARD", "@type": "application/json"}],"entry": [{"@_fa": "true", "link": [{"@_fa": "true", "@ref": "self", "@href": "https://api.elsevier.com/content/abstract/scopus_id/36749026549"},{"@_fa": "true", "@ref": "author-affiliation", "@href": "https://api.elsevier.com/content/abstract/scopus_id/36749026549?field=author,affiliation"},{"@_fa": "true", "@ref": "scopus", "@href": "https://www.scopus.com/inward/record.uri?partnerID=HzOxMe3b&scp=36749026549&origin=inward"},{"@_fa": "true", "@ref": "scopus-citedby", "@href": "https://www.scopus.com/inward/citedby.uri?partnerID=HzOxMe3b&scp=36749026549&origin=inward"}],"prism:url":"https://api.elsevier.com/content/abstract/scopus_id/36749026549","dc:identifier":"SCOPUS_ID:36749026549","eid":"2-s2.0-36749026549","dc:title":"History of the paramilitarismo in Colombia","dc:creator":"Rivera E.","prism:publicationName":"Historia","prism:issn":"01019074","prism:volume":"26","prism:issueIdentifier":"1","prism:pageRange":"134-153","prism:coverDate":"2007-12-10","prism:coverDisplayDate":"2007","citedby-count":"8","prism:aggregationType":"Journal","subtype":"ar","subtypeDescription":"Article","source-id":"100069","openaccess":"0","openaccessFlag":false},{"@_fa": "true", "link": [{"@_fa": "true", "@ref": "self", "@href": "https://api.elsevier.com/content/abstract/scopus_id/38049173256"},{"@_fa": "true", "@ref": "author-affiliation", "@href": "https://api.elsevier.com/content/abstract/scopus_id/38049173256?field=author,affiliation"},{"@_fa": "true", "@ref": "scopus", "@href": "https://www.scopus.com/inward/record.uri?partnerID=HzOxMe3b&scp=38049173256&origin=inward"},{"@_fa": "true", "@ref": "scopus-citedby", "@href": "https://www.scopus.com/inward/citedby.uri?partnerID=HzOxMe3b&scp=38049173256&origin=inward"}],"prism:url":"https://api.elsevier.com/content/abstract/scopus_id/38049173256","dc:identifier":"SCOPUS_ID:38049173256","eid":"2-s2.0-38049173256","dc:title":"Clientelism and social funds: Evidence from Cháve'z misiones","dc:creator":"Penfold-Becerra M.","prism:publicationName":"Latin American Politics and Society","prism:issn":"1531426X","prism:volume":"49","prism:issueIdentifier":"4","prism:pageRange":"63-84","prism:coverDate":"2007-12-01","prism:coverDisplayDate":"December 2007","citedby-count":"73","affiliation": [{"@_fa": "true", "affilname":"Advanced Institute for Administrative Studies (IESA)","affiliation-city":"Caracas","affiliation-country":"Venezuela"}],"prism:aggregationType":"Journal","subtype":"ar","subtypeDescription":"Article","source-id":"26459","openaccess":"0","openaccessFlag":false},{"@_fa": "true", "link": [{"@_fa": "true", "@ref": "self", "@href": "https://api.elsevier.com/content/abstract/scopus_id/60949913697"},{"@_fa": "true", "@ref": "author-affiliation", "@href": "https://api.elsevier.com/content/abstract/scopus_id/60949913697?field=author,affiliation"},{"@_fa": "true", "@ref": "scopus", "@href": "https://www.scopus.com/inward/record.uri?partnerID=HzOxMe3b&scp=60949913697&origin=inward"},{"@_fa": "true", "@ref": "scopus-citedby", "@href": "https://www.scopus.com/inward/citedby.uri?partnerID=HzOxMe3b&scp=60949913697&origin=inward"}],"prism:url":"https://api.elsevier.com/content/abstract/scopus_id/60949913697","dc:identifier":"SCOPUS_ID:60949913697","eid":"2-s2.0-60949913697","dc:title":"Political clientelism, elites, and Caciquismo in restoration Spain (1875-1923)","dc:creator":"Moreno-Luzón J.","prism:publicationName":"European History Quarterly","prism:issn":"02656914","prism:volume":"37","prism:issueIdentifier":"3","prism:pageRange":"417-441","prism:coverDate":"2007-12-01","prism:coverDisplayDate":"2007","prism:doi":"10.1177/0265691407078445","citedby-count":"22","affiliation": [{"@_fa": "true", "affilname":"Universidad Complutense de Madrid","affiliation-city":"Madrid","affiliation-country":"Spain"}],"prism:aggregationType":"Journal","subtype":"ar","subtypeDescription":"Article","source-id":"18166","openaccess":"0","openaccessFlag":false},{"@_fa": "true", "link": [{"@_fa": "true", "@ref": "self", "@href": "https://api.elsevier.com/content/abstract/scopus_id/39049102504"},{"@_fa": "true", "@ref": "author-affiliation", "@href": "https://api.elsevier.com/content/abstract/scopus_id/39049102504?field=author,affiliation"},{"@_fa": "true", "@ref": "scopus", "@href": "https://www.scopus.com/inward/record.uri?partnerID=HzOxMe3b&scp=39049102504&origin=inward"},{"@_fa": "true", "@ref": "scopus-citedby", "@href": "https://www.scopus.com/inward/citedby.uri?partnerID=HzOxMe3b&scp=39049102504&origin=inward"}],"prism:url":"https://api.elsevier.com/content/abstract/scopus_id/39049102504","dc:identifier":"SCOPUS_ID:39049102504","eid":"2-s2.0-39049102504","dc:title":"Administrative reform in Portugal: Problems and prospects","dc:creator":"Rocha J.","prism:publicationName":"International Review of Administrative Sciences","prism:issn":"00208523","prism:eIssn":"14617226","prism:volume":"73","prism:issueIdentifier":"4","prism:pageRange":"583-596","prism:coverDate":"2007-12-01","prism:coverDisplayDate":"December 2007","prism:doi":"10.1177/0020852307083461","citedby-count":"12","affiliation": [{"@_fa": "true", "affilname":"Universidade do Minho","affiliation-city":"Braga","affiliation-country":"Portugal"}],"prism:aggregationType":"Journal","subtype":"cp","subtypeDescription":"Conference Paper","source-id":"15807","openaccess":"0","openaccessFlag":false},{"@_fa": "true", "link": [{"@_fa": "true", "@ref": "self", "@href": "https://api.elsevier.com/content/abstract/scopus_id/36048959204"},{"@_fa": "true", "@ref": "author-affiliation", "@href": "https://api.elsevier.com/content/abstract/scopus_id/36048959204?field=author,affiliation"},{"@_fa": "true", "@ref": "scopus", "@href": "https://www.scopus.com/inward/record.uri?partnerID=HzOxMe3b&scp=36048959204&origin=inward"},{"@_fa": "true", "@ref": "scopus-citedby", "@href": "https://www.scopus.com/inward/citedby.uri?partnerID=HzOxMe3b&scp=36048959204&origin=inward"},{"@_fa": "true", "@ref": "full-text", "@href": "https://api.elsevier.com/content/article/eid/1-s2.0-S0176268006001285"}],"prism:url":"https://api.elsevier.com/content/abstract/scopus_id/36048959204","dc:identifier":"SCOPUS_ID:36048959204","eid":"2-s2.0-36048959204","dc:title":"Polarisation, uncertainty and public investment failure","dc:creator":"Bohn F.","prism:publicationName":"European Journal of Political Economy","prism:issn":"01762680","prism:volume":"23","prism:issueIdentifier":"4","prism:pageRange":"1077-1087","prism:coverDate":"2007-12-01","prism:coverDisplayDate":"December 2007","prism:doi":"10.1016/j.ejpoleco.2006.11.004","pii":"S0176268006001285","citedby-count":"9","affiliation": [{"@_fa": "true", "affilname":"Radboud University Nijmegen","affiliation-city":"Nijmegen","affiliation-country":"Netherlands"}],"prism:aggregationType":"Journal","subtype":"ar","subtypeDescription":"Article","source-id":"64461","openaccess":"0","openaccessFlag":false},{"@_fa": "true", "link": [{"@_fa": "true", "@ref": "self", "@href": "https://api.elsevier.com/content/abstract/scopus_id/51249145046"},{"@_fa": "true", "@ref": "author-affiliation", "@href": "https://api.elsevier.com/content/abstract/scopus_id/51249145046?field=author,affiliation"},{"@_fa": "true", "@ref": "scopus", "@href": "https://www.scopus.com/inward/record.uri?partnerID=HzOxMe3b&scp=51249145046&origin=inward"},{"@_fa": "true", "@ref": "scopus-citedby", "@href": "https://www.scopus.com/inward/citedby.uri?partnerID=HzOxMe3b&scp=51249145046&origin=inward"}],"prism:url":"https://api.elsevier.com/content/abstract/scopus_id/51249145046","dc:identifier":"SCOPUS_ID:51249145046","eid":"2-s2.0-51249145046","dc:title":"'National machineries' and authoritarian politics","dc:creator":"Adams M.","prism:publicationName":"International Feminist Journal of Politics","prism:issn":"14616742","prism:eIssn":"14684470","prism:volume":"9","prism:issueIdentifier":"2","prism:pageRange":"176-197","prism:coverDate":"2007-12-01","prism:coverDisplayDate":"2007","prism:doi":"10.1080/14616740701259846","pii":"778761532","citedby-count":"6","affiliation": [{"@_fa": "true", "affilname":"James Madison University","affiliation-city":"Harrisonburg","affiliation-country":"United States"}],"prism:aggregationType":"Journal","subtype":"re","subtypeDescription":"Review","source-id":"5700161890","openaccess":"0","openaccessFlag":false},{"@_fa": "true", "link": [{"@_fa": "true", "@ref": "self", "@href": "https://api.elsevier.com/content/abstract/scopus_id/37849003194"},{"@_fa": "true", "@ref": "author-affiliation", "@href": "https://api.elsevier.com/content/abstract/scopus_id/37849003194?field=author,affiliation"},{"@_fa": "true", "@ref": "scopus", "@href": "https://www.scopus.com/inward/record.uri?partnerID=HzOxMe3b&scp=37849003194&origin=inward"},{"@_fa": "true", "@ref": "scopus-citedby", "@href": "https://www.scopus.com/inward/citedby.uri?partnerID=HzOxMe3b&scp=37849003194&origin=inward"}],"prism:url":"https://api.elsevier.com/content/abstract/scopus_id/37849003194","dc:identifier":"SCOPUS_ID:37849003194","eid":"2-s2.0-37849003194","dc:title":"Filling in the blanks: The potency of fragmented imageries of the state","dc:creator":"Nielsen M.","prism:publicationName":"Review of African Political Economy","prism:issn":"03056244","prism:eIssn":"17401720","prism:volume":"34","prism:issueIdentifier":"114","prism:pageRange":"695-708","prism:coverDate":"2007-12-01","prism:coverDisplayDate":"December 2007","prism:doi":"10.1080/03056240701819582","pii":"789033313","citedby-count":"20","affiliation": [{"@_fa": "true", "affilname":"Københavns Universitet","affiliation-city":"Copenhagen","affiliation-country":"Denmark"}],"prism:aggregationType":"Journal","subtype":"ar","subtypeDescription":"Article","source-id":"27938","openaccess":"0","openaccessFlag":false},{"@_fa": "true", "link": [{"@_fa": "true", "@ref": "self", "@href": "https://api.elsevier.com/content/abstract/scopus_id/84892063135"},{"@_fa": "true", "@ref": "author-affiliation", "@href": "https://api.elsevier.com/content/abstract/scopus_id/84892063135?field=author,affiliation"},{"@_fa": "true", "@ref": "scopus", "@href": "https://www.scopus.com/inward/record.uri?partnerID=HzOxMe3b&scp=84892063135&origin=inward"},{"@_fa": "true", "@ref": "scopus-citedby", "@href": "https://www.scopus.com/inward/citedby.uri?partnerID=HzOxMe3b&scp=84892063135&origin=inward"}],"prism:url":"https://api.elsevier.com/content/abstract/scopus_id/84892063135","dc:identifier":"SCOPUS_ID:84892063135","eid":"2-s2.0-84892063135","dc:title":"Routing conflict: Organized violence and clientelism in Rio de Janeiro","dc:creator":"Arias E.","prism:publicationName":"New Perspectives in Political Ethnography","prism:isbn": [{"@_fa": "true", "$" :"9780387725932"}],"prism:pageRange":"110-134","prism:coverDate":"2007-12-01","prism:coverDisplayDate":"2007","prism:doi":"10.1007/978-0-387-72594-9_5","citedby-count":"1","affiliation": [{"@_fa": "true", "affilname":"John Jay College of Criminal Justice","affiliation-city":"New York","affiliation-country":"United States"}],"prism:aggregationType":"Book","subtype":"ch","subtypeDescription":"Chapter","source-id":"21100280603","openaccess":"0","openaccessFlag":false},{"@_fa": "true", "link": [{"@_fa": "true", "@ref": "self", "@href": "https://api.elsevier.com/content/abstract/scopus_id/61049130952"},{"@_fa": "true", "@ref": "author-affiliation", "@href": "https://api.elsevier.com/content/abstract/scopus_id/61049130952?field=author,affiliation"},{"@_fa": "true", "@ref": "scopus", "@href": "https://www.scopus.com/inward/record.uri?partnerID=HzOxMe3b&scp=61049130952&origin=inward"},{"@_fa": "true", "@ref": "scopus-citedby", "@href": "https://www.scopus.com/inward/citedby.uri?partnerID=HzOxMe3b&scp=61049130952&origin=inward"}],"prism:url":"https://api.elsevier.com/content/abstract/scopus_id/61049130952","dc:identifier":"SCOPUS_ID:61049130952","eid":"2-s2.0-61049130952","dc:title":"Concentration of ownership, the fall of unions and government legislation in Turkey","dc:creator":"Christensen C.","prism:publicationName":"Global Media and Communication","prism:issn":"17427665","prism:eIssn":"17427673","prism:volume":"3","prism:issueIdentifier":"2","prism:pageRange":"179-199","prism:coverDate":"2007-12-01","prism:coverDisplayDate":"2007","prism:doi":"10.1177/1742766507078416","citedby-count":"32","affiliation": [{"@_fa": "true", "affilname":"Karlstads universitet","affiliation-city":"Karlstad","affiliation-country":"Sweden"}],"prism:aggregationType":"Journal","subtype":"ar","subtypeDescription":"Article","source-id":"16300154741","openaccess":"0","openaccessFlag":false},{"@_fa": "true", "link": [{"@_fa": "true", "@ref": "self", "@href": "https://api.elsevier.com/content/abstract/scopus_id/34548361901"},{"@_fa": "true", "@ref": "author-affiliation", "@href": "https://api.elsevier.com/content/abstract/scopus_id/34548361901?field=author,affiliation"},{"@_fa": "true", "@ref": "scopus", "@href": "https://www.scopus.com/inward/record.uri?partnerID=HzOxMe3b&scp=34548361901&origin=inward"},{"@_fa": "true", "@ref": "scopus-citedby", "@href": "https://www.scopus.com/inward/citedby.uri?partnerID=HzOxMe3b&scp=34548361901&origin=inward"}],"prism:url":"https://api.elsevier.com/content/abstract/scopus_id/34548361901","dc:identifier":"SCOPUS_ID:34548361901","eid":"2-s2.0-34548361901","dc:title":"Can participatory institutions promote pluralism? Mobilizing low-income citizens in Brazil","dc:creator":"Wampler B.","prism:publicationName":"Studies in Comparative International Development","prism:issn":"00393606","prism:volume":"41","prism:issueIdentifier":"4","prism:pageRange":"57-78","prism:coverDate":"2007-12-01","prism:coverDisplayDate":"December 2007","prism:doi":"10.1007/BF02800471","citedby-count":"23","affiliation": [{"@_fa": "true", "affilname":"Boise State University","affiliation-city":"Boise","affiliation-country":"United States"}],"prism:aggregationType":"Journal","subtype":"ar","subtypeDescription":"Article","source-id":"26587","openaccess":"0","openaccessFlag":false},{"@_fa": "true", "link": [{"@_fa": "true", "@ref": "self", "@href": "https://api.elsevier.com/content/abstract/scopus_id/84898524954"},{"@_fa": "true", "@ref": "author-affiliation", "@href": "https://api.elsevier.com/content/abstract/scopus_id/84898524954?field=author,affiliation"},{"@_fa": "true", "@ref": "scopus", "@href": "https://www.scopus.com/inward/record.uri?partnerID=HzOxMe3b&scp=84898524954&origin=inward"},{"@_fa": "true", "@ref": "scopus-citedby", "@href": "https://www.scopus.com/inward/citedby.uri?partnerID=HzOxMe3b&scp=84898524954&origin=inward"}],"prism:url":"https://api.elsevier.com/content/abstract/scopus_id/84898524954","dc:identifier":"SCOPUS_ID:84898524954","eid":"2-s2.0-84898524954","dc:title":"A unified theory of collective action and social change","dc:creator":"Medina L.","prism:publicationName":"A Unified Theory of Collective Action and Social Change","prism:isbn": [{"@_fa": "true", "$" :"9780472069958"}],"prism:pageRange":"1-278","prism:coverDate":"2007-12-01","prism:coverDisplayDate":"2007","citedby-count":"41","prism:aggregationType":"Book","subtype":"bk","subtypeDescription":"Book","source-id":"21100304445","openaccess":"0","openaccessFlag":false},{"@_fa": "true", "link": [{"@_fa": "true", "@ref": "self", "@href": "https://api.elsevier.com/content/abstract/scopus_id/36348994305"},{"@_fa": "true", "@ref": "author-affiliation", "@href": "https://api.elsevier.com/content/abstract/scopus_id/36348994305?field=author,affiliation"},{"@_fa": "true", "@ref": "scopus", "@href": "https://www.scopus.com/inward/record.uri?partnerID=HzOxMe3b&scp=36348994305&origin=inward"},{"@_fa": "true", "@ref": "scopus-citedby", "@href": "https://www.scopus.com/inward/citedby.uri?partnerID=HzOxMe3b&scp=36348994305&origin=inward"}],"prism:url":"https://api.elsevier.com/content/abstract/scopus_id/36348994305","dc:identifier":"SCOPUS_ID:36348994305","eid":"2-s2.0-36348994305","dc:title":"Manoeuvring past clientelism: Institutions and incentives to generate constituencies in support of governance reforms","dc:creator":"Goetz A.","prism:publicationName":"Commonwealth and Comparative Politics","prism:issn":"14662043","prism:eIssn":"17439094","prism:volume":"45","prism:issueIdentifier":"4","prism:pageRange":"403-424","prism:coverDate":"2007-11-01","prism:coverDisplayDate":"November 2007","prism:doi":"10.1080/14662040701659845","pii":"785918216","citedby-count":"9","affiliation": [{"@_fa": "true", "affilname":"University of Sussex","affiliation-city":"Sussex","affiliation-country":"United Kingdom"}],"prism:aggregationType":"Journal","subtype":"ar","subtypeDescription":"Article","source-id":"23925","openaccess":"0","openaccessFlag":false},{"@_fa": "true", "link": [{"@_fa": "true", "@ref": "self", "@href": "https://api.elsevier.com/content/abstract/scopus_id/37849035982"},{"@_fa": "true", "@ref": "author-affiliation", "@href": "https://api.elsevier.com/content/abstract/scopus_id/37849035982?field=author,affiliation"},{"@_fa": "true", "@ref": "scopus", "@href": "https://www.scopus.com/inward/record.uri?partnerID=HzOxMe3b&scp=37849035982&origin=inward"},{"@_fa": "true", "@ref": "scopus-citedby", "@href": "https://www.scopus.com/inward/citedby.uri?partnerID=HzOxMe3b&scp=37849035982&origin=inward"}],"prism:url":"https://api.elsevier.com/content/abstract/scopus_id/37849035982","dc:identifier":"SCOPUS_ID:37849035982","eid":"2-s2.0-37849035982","dc:title":"Notes about the tensions between modernity and conservative modernization on social aid: Relations among philanthropic organizations and state in the local sphere","dc:creator":"Brisola E.","prism:publicationName":"Revista Brasileira de Gestao e Desenvolvimento Regional","prism:eIssn":"1809239X","prism:volume":"3","prism:issueIdentifier":"4 SPEC. ISS.","prism:pageRange":"39-59","prism:coverDate":"2007-11-01","prism:coverDisplayDate":"November 2007","citedby-count":"0","prism:aggregationType":"Journal","subtype":"ar","subtypeDescription":"Article","source-id":"7200153148","openaccess":"0","openaccessFlag":false},{"@_fa": "true", "link": [{"@_fa": "true", "@ref": "self", "@href": "https://api.elsevier.com/content/abstract/scopus_id/37149030904"},{"@_fa": "true", "@ref": "author-affiliation", "@href": "https://api.elsevier.com/content/abstract/scopus_id/37149030904?field=author,affiliation"},{"@_fa": "true", "@ref": "scopus", "@href": "https://www.scopus.com/inward/record.uri?partnerID=HzOxMe3b&scp=37149030904&origin=inward"},{"@_fa": "true", "@ref": "scopus-citedby", "@href": "https://www.scopus.com/inward/citedby.uri?partnerID=HzOxMe3b&scp=37149030904&origin=inward"}],"prism:url":"https://api.elsevier.com/content/abstract/scopus_id/37149030904","dc:identifier":"SCOPUS_ID:37149030904","eid":"2-s2.0-37149030904","dc:title":"Development under patrimonial conditions: Suriname's state oil company as a development agent","dc:creator":"Hout W.","prism:publicationName":"Journal of Development Studies","prism:issn":"00220388","prism:eIssn":"17439140","prism:volume":"43","prism:issueIdentifier":"8","prism:pageRange":"1331-1350","prism:coverDate":"2007-11-01","prism:coverDisplayDate":"November 2007","prism:doi":"10.1080/00220380701611469","pii":"788065128","citedby-count":"7","affiliation": [{"@_fa": "true", "affilname":"Institute of Social Studies","affiliation-city":"Den Haag","affiliation-country":"Netherlands"}],"prism:aggregationType":"Journal","subtype":"ar","subtypeDescription":"Article","source-id":"14849","openaccess":"0","openaccessFlag":false},{"@_fa": "true", "link": [{"@_fa": "true", "@ref": "self", "@href": "https://api.elsevier.com/content/abstract/scopus_id/34848824415"},{"@_fa": "true", "@ref": "author-affiliation", "@href": "https://api.elsevier.com/content/abstract/scopus_id/34848824415?field=author,affiliation"},{"@_fa": "true", "@ref": "scopus", "@href": "https://www.scopus.com/inward/record.uri?partnerID=HzOxMe3b&scp=34848824415&origin=inward"},{"@_fa": "true", "@ref": "scopus-citedby", "@href": "https://www.scopus.com/inward/citedby.uri?partnerID=HzOxMe3b&scp=34848824415&origin=inward"}],"prism:url":"https://api.elsevier.com/content/abstract/scopus_id/34848824415","dc:identifier":"SCOPUS_ID:34848824415","eid":"2-s2.0-34848824415","dc:title":"Poor politics - Poor housing. Policy under the Collor government in Brazil (1990-92)","dc:creator":"Valença M.","prism:publicationName":"Environment and Urbanization","prism:issn":"09562478","prism:volume":"19","prism:issueIdentifier":"2","prism:pageRange":"391-408","prism:coverDate":"2007-10-01","prism:coverDisplayDate":"October 2007","prism:doi":"10.1177/0956247807082820","citedby-count":"10","affiliation": [{"@_fa": "true", "affilname":"Universidade Federal do Rio Grande do Norte","affiliation-city":"Natal","affiliation-country":"Brazil"}],"prism:aggregationType":"Journal","subtype":"ar","subtypeDescription":"Article","source-id":"20898","openaccess":"0","openaccessFlag":false},{"@_fa": "true", "link": [{"@_fa": "true", "@ref": "self", "@href": "https://api.elsevier.com/content/abstract/scopus_id/34848916045"},{"@_fa": "true", "@ref": "author-affiliation", "@href": "https://api.elsevier.com/content/abstract/scopus_id/34848916045?field=author,affiliation"},{"@_fa": "true", "@ref": "scopus", "@href": "https://www.scopus.com/inward/record.uri?partnerID=HzOxMe3b&scp=34848916045&origin=inward"},{"@_fa": "true", "@ref": "scopus-citedby", "@href": "https://www.scopus.com/inward/citedby.uri?partnerID=HzOxMe3b&scp=34848916045&origin=inward"}],"prism:url":"https://api.elsevier.com/content/abstract/scopus_id/34848916045","dc:identifier":"SCOPUS_ID:34848916045","eid":"2-s2.0-34848916045","dc:title":"Campaign for education in democratic citizenship, Guadalajara, Mexico","dc:creator":"Arana G.","prism:publicationName":"Community Development Journal","prism:issn":"00103802","prism:eIssn":"14682656","prism:volume":"42","prism:issueIdentifier":"4","prism:pageRange":"482-489","prism:coverDate":"2007-10-01","prism:coverDisplayDate":"October 2007","prism:doi":"10.1093/cdj/bsm038","citedby-count":"0","prism:aggregationType":"Journal","subtype":"ar","subtypeDescription":"Article","source-id":"29268","openaccess":"0","openaccessFlag":false},{"@_fa": "true", "link": [{"@_fa": "true", "@ref": "self", "@href": "https://api.elsevier.com/content/abstract/scopus_id/34948853161"},{"@_fa": "true", "@ref": "author-affiliation", "@href": "https://api.elsevier.com/content/abstract/scopus_id/34948853161?field=author,affiliation"},{"@_fa": "true", "@ref": "scopus", "@href": "https://www.scopus.com/inward/record.uri?partnerID=HzOxMe3b&scp=34948853161&origin=inward"},{"@_fa": "true", "@ref": "scopus-citedby", "@href": "https://www.scopus.com/inward/citedby.uri?partnerID=HzOxMe3b&scp=34948853161&origin=inward"}],"prism:url":"https://api.elsevier.com/content/abstract/scopus_id/34948853161","dc:identifier":"SCOPUS_ID:34948853161","eid":"2-s2.0-34948853161","dc:title":"Clientelism, credibility, and the policy choices of young democracies","dc:creator":"Keefer P.","prism:publicationName":"American Journal of Political Science","prism:issn":"00925853","prism:eIssn":"15405907","prism:volume":"51","prism:issueIdentifier":"4","prism:pageRange":"804-821","prism:coverDate":"2007-10-01","prism:coverDisplayDate":"October 2007","prism:doi":"10.1111/j.1540-5907.2007.00282.x","citedby-count":"244","affiliation": [{"@_fa": "true", "affilname":"The World Bank, USA","affiliation-city":"Washington","affiliation-country":"United States"}],"prism:aggregationType":"Journal","subtype":"ar","subtypeDescription":"Article","source-id":"15555","openaccess":"0","openaccessFlag":false},{"@_fa": "true", "link": [{"@_fa": "true", "@ref": "self", "@href": "https://api.elsevier.com/content/abstract/scopus_id/34948825295"},{"@_fa": "true", "@ref": "author-affiliation", "@href": "https://api.elsevier.com/content/abstract/scopus_id/34948825295?field=author,affiliation"},{"@_fa": "true", "@ref": "scopus", "@href": "https://www.scopus.com/inward/record.uri?partnerID=HzOxMe3b&scp=34948825295&origin=inward"},{"@_fa": "true", "@ref": "scopus-citedby", "@href": "https://www.scopus.com/inward/citedby.uri?partnerID=HzOxMe3b&scp=34948825295&origin=inward"}],"prism:url":"https://api.elsevier.com/content/abstract/scopus_id/34948825295","dc:identifier":"SCOPUS_ID:34948825295","eid":"2-s2.0-34948825295","dc:title":"Bribing voters","dc:creator":"Dal Bó E.","prism:publicationName":"American Journal of Political Science","prism:issn":"00925853","prism:eIssn":"15405907","prism:volume":"51","prism:issueIdentifier":"4","prism:pageRange":"789-803","prism:coverDate":"2007-10-01","prism:coverDisplayDate":"October 2007","prism:doi":"10.1111/j.1540-5907.2007.00281.x","citedby-count":"58","affiliation": [{"@_fa": "true", "affilname":"Stanford Graduate School of Business","affiliation-city":"Stanford","affiliation-country":"United States"}],"prism:aggregationType":"Journal","subtype":"ar","subtypeDescription":"Article","source-id":"15555","openaccess":"0","openaccessFlag":false},{"@_fa": "true", "link": [{"@_fa": "true", "@ref": "self", "@href": "https://api.elsevier.com/content/abstract/scopus_id/34548095129"},{"@_fa": "true", "@ref": "author-affiliation", "@href": "https://api.elsevier.com/content/abstract/scopus_id/34548095129?field=author,affiliation"},{"@_fa": "true", "@ref": "scopus", "@href": "https://www.scopus.com/inward/record.uri?partnerID=HzOxMe3b&scp=34548095129&origin=inward"},{"@_fa": "true", "@ref": "scopus-citedby", "@href": "https://www.scopus.com/inward/citedby.uri?partnerID=HzOxMe3b&scp=34548095129&origin=inward"}],"prism:url":"https://api.elsevier.com/content/abstract/scopus_id/34548095129","dc:identifier":"SCOPUS_ID:34548095129","eid":"2-s2.0-34548095129","dc:title":"Political parties and democratic developmental states","dc:creator":"Randall V.","prism:publicationName":"Development Policy Review","prism:issn":"09506764","prism:eIssn":"14677679","prism:volume":"25","prism:issueIdentifier":"5","prism:pageRange":"633-652","prism:coverDate":"2007-09-01","prism:coverDisplayDate":"September 2007","prism:doi":"10.1111/j.1467-7679.2007.00389.x","citedby-count":"13","affiliation": [{"@_fa": "true", "affilname":"University of Essex","affiliation-city":"Colchester","affiliation-country":"United Kingdom"}],"prism:aggregationType":"Journal","subtype":"ar","subtypeDescription":"Article","source-id":"14103","openaccess":"0","openaccessFlag":false},{"@_fa": "true", "link": [{"@_fa": "true", "@ref": "self", "@href": "https://api.elsevier.com/content/abstract/scopus_id/34547326603"},{"@_fa": "true", "@ref": "author-affiliation", "@href": "https://api.elsevier.com/content/abstract/scopus_id/34547326603?field=author,affiliation"},{"@_fa": "true", "@ref": "scopus", "@href": "https://www.scopus.com/inward/record.uri?partnerID=HzOxMe3b&scp=34547326603&origin=inward"},{"@_fa": "true", "@ref": "scopus-citedby", "@href": "https://www.scopus.com/inward/citedby.uri?partnerID=HzOxMe3b&scp=34547326603&origin=inward"}],"prism:url":"https://api.elsevier.com/content/abstract/scopus_id/34547326603","dc:identifier":"SCOPUS_ID:34547326603","eid":"2-s2.0-34547326603","dc:title":"Clientelism and Ethiopia's post-1991 decentralisation","dc:creator":"Chanie P.","prism:publicationName":"Journal of Modern African Studies","prism:issn":"0022278X","prism:eIssn":"14697777","prism:volume":"45","prism:issueIdentifier":"3","prism:pageRange":"355-384","prism:coverDate":"2007-09-01","prism:coverDisplayDate":"September 2007","prism:doi":"10.1017/S0022278X07002662","pii":"S0022278X07002662","citedby-count":"34","affiliation": [{"@_fa": "true", "affilname":"Institute of Social Studies","affiliation-city":"Den Haag","affiliation-country":"Netherlands"}],"prism:aggregationType":"Journal","subtype":"ar","subtypeDescription":"Article","source-id":"20318","openaccess":"0","openaccessFlag":false},{"@_fa": "true", "link": [{"@_fa": "true", "@ref": "self", "@href": "https://api.elsevier.com/content/abstract/scopus_id/84920868135"},{"@_fa": "true", "@ref": "author-affiliation", "@href": "https://api.elsevier.com/content/abstract/scopus_id/84920868135?field=author,affiliation"},{"@_fa": "true", "@ref": "scopus", "@href": "https://www.scopus.com/inward/record.uri?partnerID=HzOxMe3b&scp=84920868135&origin=inward"},{"@_fa": "true", "@ref": "scopus-citedby", "@href": "https://www.scopus.com/inward/citedby.uri?partnerID=HzOxMe3b&scp=84920868135&origin=inward"}],"prism:url":"https://api.elsevier.com/content/abstract/scopus_id/84920868135","dc:identifier":"SCOPUS_ID:84920868135","eid":"2-s2.0-84920868135","dc:title":"Party Politics in New Democracies","dc:creator":"Webb P.","prism:publicationName":"Party Politics in New Democracies","prism:isbn": [{"@_fa": "true", "$" :"9780191710964"},{"@_fa": "true", "$" :"9780199289653"}],"prism:pageRange":"1-400","prism:coverDate":"2007-09-01","prism:coverDisplayDate":"September 01, 2007","prism:doi":"10.1093/acprof:oso/9780199289653.001.0001","citedby-count":"46","affiliation": [{"@_fa": "true", "affilname":"University of Sussex","affiliation-city":"Sussex","affiliation-country":"United Kingdom"}],"prism:aggregationType":"Book","subtype":"bk","subtypeDescription":"Book","source-id":"21100366662","openaccess":"0","openaccessFlag":false},{"@_fa": "true", "link": [{"@_fa": "true", "@ref": "self", "@href": "https://api.elsevier.com/content/abstract/scopus_id/37749016178"},{"@_fa": "true", "@ref": "author-affiliation", "@href": "https://api.elsevier.com/content/abstract/scopus_id/37749016178?field=author,affiliation"},{"@_fa": "true", "@ref": "scopus", "@href": "https://www.scopus.com/inward/record.uri?partnerID=HzOxMe3b&scp=37749016178&origin=inward"},{"@_fa": "true", "@ref": "scopus-citedby", "@href": "https://www.scopus.com/inward/citedby.uri?partnerID=HzOxMe3b&scp=37749016178&origin=inward"}],"prism:url":"https://api.elsevier.com/content/abstract/scopus_id/37749016178","dc:identifier":"SCOPUS_ID:37749016178","eid":"2-s2.0-37749016178","dc:title":"Muita politicagem, pouca política os problemas da polícia são","dc:creator":"Muniz J.","prism:publicationName":"Estudos Avancados","prism:issn":"01034014","prism:eIssn":"18069592","prism:volume":"21","prism:issueIdentifier":"61","prism:pageRange":"159-172","prism:coverDate":"2007-09-01","prism:coverDisplayDate":"September 2007","citedby-count":"2","affiliation": [{"@_fa": "true", "affilname":"Universidade Candido Mendes","affiliation-city":"Rio de Janeiro","affiliation-country":"Brazil"}],"prism:aggregationType":"Journal","subtype":"ar","subtypeDescription":"Article","source-id":"4400151727","openaccess":"0","openaccessFlag":false},{"@_fa": "true", "link": [{"@_fa": "true", "@ref": "self", "@href": "https://api.elsevier.com/content/abstract/scopus_id/84920879871"},{"@_fa": "true", "@ref": "author-affiliation", "@href": "https://api.elsevier.com/content/abstract/scopus_id/84920879871?field=author,affiliation"},{"@_fa": "true", "@ref": "scopus", "@href": "https://www.scopus.com/inward/record.uri?partnerID=HzOxMe3b&scp=84920879871&origin=inward"},{"@_fa": "true", "@ref": "scopus-citedby", "@href": "https://www.scopus.com/inward/citedby.uri?partnerID=HzOxMe3b&scp=84920879871&origin=inward"}],"prism:url":"https://api.elsevier.com/content/abstract/scopus_id/84920879871","dc:identifier":"SCOPUS_ID:84920879871","eid":"2-s2.0-84920879871","dc:title":"Parties and Governability in Brazil","dc:creator":"Ames B.","prism:publicationName":"Party Politics in New Democracies","prism:isbn": [{"@_fa": "true", "$" :"9780191710964"},{"@_fa": "true", "$" :"9780199289653"}],"prism:pageRange":null,"prism:coverDate":"2007-09-01","prism:coverDisplayDate":"September 01, 2007","prism:doi":"10.1093/acprof:oso/9780199289653.003.0007","citedby-count":"10","affiliation": [{"@_fa": "true", "affilname":"University of Pittsburgh","affiliation-city":"Pittsburgh","affiliation-country":"United States"}],"prism:aggregationType":"Book","subtype":"ch","subtypeDescription":"Chapter","source-id":"21100366662","openaccess":"0","openaccessFlag":false},{"@_fa": "true", "link": [{"@_fa": "true", "@ref": "self", "@href": "https://api.elsevier.com/content/abstract/scopus_id/35748936138"},{"@_fa": "true", "@ref": "author-affiliation", "@href": "https://api.elsevier.com/content/abstract/scopus_id/35748936138?field=author,affiliation"},{"@_fa": "true", "@ref": "scopus", "@href": "https://www.scopus.com/inward/record.uri?partnerID=HzOxMe3b&scp=35748936138&origin=inward"},{"@_fa": "true", "@ref": "scopus-citedby", "@href": "https://www.scopus.com/inward/citedby.uri?partnerID=HzOxMe3b&scp=35748936138&origin=inward"}],"prism:url":"https://api.elsevier.com/content/abstract/scopus_id/35748936138","dc:identifier":"SCOPUS_ID:35748936138","eid":"2-s2.0-35748936138","dc:title":"Indigenous politics in Bolivia's Evo era: Clientelism, Llunkerío, and the problem of stigma","dc:creator":"Albro R.","prism:publicationName":"Urban Anthropology","prism:issn":"08946019","prism:volume":"36","prism:issueIdentifier":"3","prism:pageRange":"281-320","prism:coverDate":"2007-09-01","prism:coverDisplayDate":"September 2007","citedby-count":"7","affiliation": [{"@_fa": "true", "affilname":"American University","affiliation-city":"Washington","affiliation-country":"United States"}],"prism:aggregationType":"Journal","subtype":"ar","subtypeDescription":"Article","source-id":"98085","openaccess":"0","openaccessFlag":false},{"@_fa": "true", "link": [{"@_fa": "true", "@ref": "self", "@href": "https://api.elsevier.com/content/abstract/scopus_id/34547266386"},{"@_fa": "true", "@ref": "author-affiliation", "@href": "https://api.elsevier.com/content/abstract/scopus_id/34547266386?field=author,affiliation"},{"@_fa": "true", "@ref": "scopus", "@href": "https://www.scopus.com/inward/record.uri?partnerID=HzOxMe3b&scp=34547266386&origin=inward"},{"@_fa": "true", "@ref": "scopus-citedby", "@href": "https://www.scopus.com/inward/citedby.uri?partnerID=HzOxMe3b&scp=34547266386&origin=inward"}],"prism:url":"https://api.elsevier.com/content/abstract/scopus_id/34547266386","dc:identifier":"SCOPUS_ID:34547266386","eid":"2-s2.0-34547266386","dc:title":"Why do corrupt governments maintain public support?","dc:creator":"Manzetti L.","prism:publicationName":"Comparative Political Studies","prism:issn":"00104140","prism:eIssn":"15523829","prism:volume":"40","prism:issueIdentifier":"8","prism:pageRange":"949-970","prism:coverDate":"2007-08-01","prism:coverDisplayDate":"August 2007","prism:doi":"10.1177/0010414005285759","citedby-count":"109","affiliation": [{"@_fa": "true", "affilname":"Southern Methodist University","affiliation-city":"Dallas","affiliation-country":"United States"}],"prism:aggregationType":"Journal","subtype":"ar","subtypeDescription":"Article","source-id":"13447","openaccess":"0","openaccessFlag":false}]}}