{"search-results":{"opensearch:totalResults":"40","opensearch:startIndex":"0","opensearch:itemsPerPage":"25","opensearch:Query":{"@role": "request", "@searchTerms": "TITLE-ABS-KEY(\"clientelism\") AND SUBJAREA(SOCI) AND PUBYEAR = 2011", "@startPage": "0"},"link": [{"@_fa": "true", "@ref": "self", "@href": "https://api.elsevier.com/content/search/scopus?start=0&count=25&query=TITLE-ABS-KEY%28%22clientelism%22%29+AND+SUBJAREA%28SOCI%29+AND+PUBYEAR+%3D+2011&apiKey=27d953b4b546791964ebeb768d13e61f&view=STANDARD", "@type": "application/json"},{"@_fa": "true", "@ref": "first", "@href": "https://api.elsevier.com/content/search/scopus?start=0&count=25&query=TITLE-ABS-KEY%28%22clientelism%22%29+AND+SUBJAREA%28SOCI%29+AND+PUBYEAR+%3D+2011&apiKey=27d953b4b546791964ebeb768d13e61f&view=STANDARD", "@type": "application/json"},{"@_fa": "true", "@ref": "next", "@href": "https://api.elsevier.com/content/search/scopus?start=25&count=25&query=TITLE-ABS-KEY%28%22clientelism%22%29+AND+SUBJAREA%28SOCI%29+AND+PUBYEAR+%3D+2011&apiKey=27d953b4b546791964ebeb768d13e61f&view=STANDARD", "@type": "application/json"},{"@_fa": "true", "@ref": "last", "@href": "https://api.elsevier.com/content/search/scopus?start=15&count=25&query=TITLE-ABS-KEY%28%22clientelism%22%29+AND+SUBJAREA%28SOCI%29+AND+PUBYEAR+%3D+2011&apiKey=27d953b4b546791964ebeb768d13e61f&view=STANDARD", "@type": "application/json"}],"entry": [{"@_fa": "true", "link": [{"@_fa": "true", "@ref": "self", "@href": "https://api.elsevier.com/content/abstract/scopus_id/84880020127"},{"@_fa": "true", "@ref": "author-affiliation", "@href": "https://api.elsevier.com/content/abstract/scopus_id/84880020127?field=author,affiliation"},{"@_fa": "true", "@ref": "scopus", "@href": "https://www.scopus.com/inward/record.uri?partnerID=HzOxMe3b&scp=84880020127&origin=inward"},{"@_fa": "true", "@ref": "scopus-citedby", "@href": "https://www.scopus.com/inward/citedby.uri?partnerID=HzOxMe3b&scp=84880020127&origin=inward"}],"prism:url":"https://api.elsevier.com/content/abstract/scopus_id/84880020127","dc:identifier":"SCOPUS_ID:84880020127","eid":"2-s2.0-84880020127","dc:title":"Catia sees you: Community television, clientelism, and the state in the Chávez era","dc:creator":"Schiller N.","prism:publicationName":"Venezuela's Bolivarian Democracy: Participation, Politics, and Culture under Chávez","prism:isbn": [{"@_fa": "true", "$" :"9780822350248"}],"prism:pageRange":"104-130","prism:coverDate":"2011-12-01","prism:coverDisplayDate":"2011","citedby-count":"17","prism:aggregationType":"Book","subtype":"ch","subtypeDescription":"Chapter","source-id":"21100296730","openaccess":"0","openaccessFlag":false},{"@_fa": "true", "link": [{"@_fa": "true", "@ref": "self", "@href": "https://api.elsevier.com/content/abstract/scopus_id/84857525798"},{"@_fa": "true", "@ref": "author-affiliation", "@href": "https://api.elsevier.com/content/abstract/scopus_id/84857525798?field=author,affiliation"},{"@_fa": "true", "@ref": "scopus", "@href": "https://www.scopus.com/inward/record.uri?partnerID=HzOxMe3b&scp=84857525798&origin=inward"},{"@_fa": "true", "@ref": "scopus-citedby", "@href": "https://www.scopus.com/inward/citedby.uri?partnerID=HzOxMe3b&scp=84857525798&origin=inward"}],"prism:url":"https://api.elsevier.com/content/abstract/scopus_id/84857525798","dc:identifier":"SCOPUS_ID:84857525798","eid":"2-s2.0-84857525798","dc:title":"The real and symbolic importance of food in war: Hunger pains and big men's bellies in Sierra Leone","dc:creator":"Shepler S.","prism:publicationName":"Africa Today","prism:issn":"00019887","prism:eIssn":"15271978","prism:volume":"58","prism:issueIdentifier":"2","prism:pageRange":"42-56","prism:coverDate":"2011-12-01","prism:coverDisplayDate":"2011","citedby-count":"12","affiliation": [{"@_fa": "true", "affilname":"American University","affiliation-city":"Washington","affiliation-country":"United States"}],"prism:aggregationType":"Journal","subtype":"ar","subtypeDescription":"Article","source-id":"15024","openaccess":"0","openaccessFlag":false},{"@_fa": "true", "link": [{"@_fa": "true", "@ref": "self", "@href": "https://api.elsevier.com/content/abstract/scopus_id/84861405233"},{"@_fa": "true", "@ref": "author-affiliation", "@href": "https://api.elsevier.com/content/abstract/scopus_id/84861405233?field=author,affiliation"},{"@_fa": "true", "@ref": "scopus", "@href": "https://www.scopus.com/inward/record.uri?partnerID=HzOxMe3b&scp=84861405233&origin=inward"},{"@_fa": "true", "@ref": "scopus-citedby", "@href": "https://www.scopus.com/inward/citedby.uri?partnerID=HzOxMe3b&scp=84861405233&origin=inward"}],"prism:url":"https://api.elsevier.com/content/abstract/scopus_id/84861405233","dc:identifier":"SCOPUS_ID:84861405233","eid":"2-s2.0-84861405233","dc:title":"Society-State relationships, citizen participation and political clientelism inside programs that combat poverty. the case of Bolsa Familia in Brazil","dc:creator":"Hevia F.","prism:publicationName":"America Latina Hoy","prism:issn":"11302887","prism:volume":"57","prism:pageRange":"205-238","prism:coverDate":"2011-12-01","prism:coverDisplayDate":"2011","citedby-count":"3","affiliation": [{"@_fa": "true", "affilname":"Centro de Investigaciones y Estudios Superiores en Antropología Social, Tlalpan","affiliation-city":"Tlalpan","affiliation-country":"Mexico"}],"prism:aggregationType":"Journal","subtype":"ar","subtypeDescription":"Article","source-id":"19700169837","openaccess":"0","openaccessFlag":false},{"@_fa": "true", "link": [{"@_fa": "true", "@ref": "self", "@href": "https://api.elsevier.com/content/abstract/scopus_id/84881513780"},{"@_fa": "true", "@ref": "author-affiliation", "@href": "https://api.elsevier.com/content/abstract/scopus_id/84881513780?field=author,affiliation"},{"@_fa": "true", "@ref": "scopus", "@href": "https://www.scopus.com/inward/record.uri?partnerID=HzOxMe3b&scp=84881513780&origin=inward"},{"@_fa": "true", "@ref": "scopus-citedby", "@href": "https://www.scopus.com/inward/citedby.uri?partnerID=HzOxMe3b&scp=84881513780&origin=inward"}],"prism:url":"https://api.elsevier.com/content/abstract/scopus_id/84881513780","dc:identifier":"SCOPUS_ID:84881513780","eid":"2-s2.0-84881513780","dc:title":"The misiones of the Chávez government","dc:creator":"Hawkins K.","prism:publicationName":"Venezuela's Bolivarian Democracy: Participation, Politics, and Culture under Chávez","prism:isbn": [{"@_fa": "true", "$" :"9780822350248"}],"prism:pageRange":"186-218","prism:coverDate":"2011-12-01","prism:coverDisplayDate":"2011","citedby-count":"16","affiliation": [{"@_fa": "true", "affilname":"Brigham Young University","affiliation-city":"Provo","affiliation-country":"United States"}],"prism:aggregationType":"Book","subtype":"ch","subtypeDescription":"Chapter","source-id":"21100296730","openaccess":"0","openaccessFlag":false},{"@_fa": "true", "link": [{"@_fa": "true", "@ref": "self", "@href": "https://api.elsevier.com/content/abstract/scopus_id/84856875316"},{"@_fa": "true", "@ref": "author-affiliation", "@href": "https://api.elsevier.com/content/abstract/scopus_id/84856875316?field=author,affiliation"},{"@_fa": "true", "@ref": "scopus", "@href": "https://www.scopus.com/inward/record.uri?partnerID=HzOxMe3b&scp=84856875316&origin=inward"},{"@_fa": "true", "@ref": "scopus-citedby", "@href": "https://www.scopus.com/inward/citedby.uri?partnerID=HzOxMe3b&scp=84856875316&origin=inward"}],"prism:url":"https://api.elsevier.com/content/abstract/scopus_id/84856875316","dc:identifier":"SCOPUS_ID:84856875316","eid":"2-s2.0-84856875316","dc:title":"Political fixers and the rise of Hindu nationalism in Gujarat, India: Lubricating a patronage democracy","dc:creator":"Berenschot W.","prism:publicationName":"South Asia: Journal of South Asia Studies","prism:issn":"00856401","prism:eIssn":"14790270","prism:volume":"34","prism:issueIdentifier":"3","prism:pageRange":"382-401","prism:coverDate":"2011-12-01","prism:coverDisplayDate":"1 December 2011","prism:doi":"10.1080/00856401.2011.620552","citedby-count":"13","affiliation": [{"@_fa": "true", "affilname":"Royal Netherlands Institute of Southeast Asian and Caribbean Studies KITLV - KNAW","affiliation-city":"Leiden","affiliation-country":"Netherlands"}],"prism:aggregationType":"Journal","subtype":"ar","subtypeDescription":"Article","source-id":"17086","openaccess":"0","openaccessFlag":false},{"@_fa": "true", "link": [{"@_fa": "true", "@ref": "self", "@href": "https://api.elsevier.com/content/abstract/scopus_id/84855878864"},{"@_fa": "true", "@ref": "author-affiliation", "@href": "https://api.elsevier.com/content/abstract/scopus_id/84855878864?field=author,affiliation"},{"@_fa": "true", "@ref": "scopus", "@href": "https://www.scopus.com/inward/record.uri?partnerID=HzOxMe3b&scp=84855878864&origin=inward"},{"@_fa": "true", "@ref": "scopus-citedby", "@href": "https://www.scopus.com/inward/citedby.uri?partnerID=HzOxMe3b&scp=84855878864&origin=inward"}],"prism:url":"https://api.elsevier.com/content/abstract/scopus_id/84855878864","dc:identifier":"SCOPUS_ID:84855878864","eid":"2-s2.0-84855878864","dc:title":"Icelandic capitalism - From statism to neoliberalism and financial collapse","dc:creator":"Ólafsson S.","prism:publicationName":"Comparative Social Research","prism:issn":"01956310","prism:isbn": [{"@_fa": "true", "$" :"9780857247773"}],"prism:volume":"28","prism:pageRange":"1-51","prism:coverDate":"2011-12-01","prism:coverDisplayDate":"2011","prism:doi":"10.1108/S0195-6310(2011)0000028005","citedby-count":"14","affiliation": [{"@_fa": "true", "affilname":"Haskoli Islands","affiliation-city":"Reykjavik","affiliation-country":"Iceland"}],"prism:aggregationType":"Book Series","subtype":"ar","subtypeDescription":"Article","source-id":"17651","openaccess":"0","openaccessFlag":false},{"@_fa": "true", "link": [{"@_fa": "true", "@ref": "self", "@href": "https://api.elsevier.com/content/abstract/scopus_id/84858599141"},{"@_fa": "true", "@ref": "author-affiliation", "@href": "https://api.elsevier.com/content/abstract/scopus_id/84858599141?field=author,affiliation"},{"@_fa": "true", "@ref": "scopus", "@href": "https://www.scopus.com/inward/record.uri?partnerID=HzOxMe3b&scp=84858599141&origin=inward"},{"@_fa": "true", "@ref": "scopus-citedby", "@href": "https://www.scopus.com/inward/citedby.uri?partnerID=HzOxMe3b&scp=84858599141&origin=inward"}],"prism:url":"https://api.elsevier.com/content/abstract/scopus_id/84858599141","dc:identifier":"SCOPUS_ID:84858599141","eid":"2-s2.0-84858599141","dc:title":"Citizenship and democratisation in Brazil's favelas: The end of the dream?","dc:creator":"Ireland R.","prism:publicationName":"Journal of Iberian and Latin American Research","prism:issn":"13260219","prism:eIssn":"21519668","prism:volume":"17","prism:issueIdentifier":"2","prism:pageRange":"147-162","prism:coverDate":"2011-12-01","prism:coverDisplayDate":"December 2011","citedby-count":"1","affiliation": [{"@_fa": "true", "affilname":"La Trobe University","affiliation-city":"Melbourne","affiliation-country":"Australia"}],"prism:aggregationType":"Journal","subtype":"re","subtypeDescription":"Review","source-id":"19900192529","openaccess":"0","openaccessFlag":false},{"@_fa": "true", "link": [{"@_fa": "true", "@ref": "self", "@href": "https://api.elsevier.com/content/abstract/scopus_id/84858397191"},{"@_fa": "true", "@ref": "author-affiliation", "@href": "https://api.elsevier.com/content/abstract/scopus_id/84858397191?field=author,affiliation"},{"@_fa": "true", "@ref": "scopus", "@href": "https://www.scopus.com/inward/record.uri?partnerID=HzOxMe3b&scp=84858397191&origin=inward"},{"@_fa": "true", "@ref": "scopus-citedby", "@href": "https://www.scopus.com/inward/citedby.uri?partnerID=HzOxMe3b&scp=84858397191&origin=inward"}],"prism:url":"https://api.elsevier.com/content/abstract/scopus_id/84858397191","dc:identifier":"SCOPUS_ID:84858397191","eid":"2-s2.0-84858397191","dc:title":"Exceeding (low) expectations: Autonomy, bureaucratic integrity, and capacity in the 2010 elections","dc:creator":"Calimbahin C.","prism:publicationName":"Philippine Political Science Journal","prism:issn":"01154451","prism:eIssn":"2165025X","prism:volume":"32","prism:issueIdentifier":"55","prism:pageRange":"103-126","prism:coverDate":"2011-12-01","prism:coverDisplayDate":"2011","prism:doi":"10.1080/01154451.2011.9723533","citedby-count":"5","prism:aggregationType":"Journal","subtype":"re","subtypeDescription":"Review","source-id":"21100199322","openaccess":"0","openaccessFlag":false},{"@_fa": "true", "link": [{"@_fa": "true", "@ref": "self", "@href": "https://api.elsevier.com/content/abstract/scopus_id/84857884229"},{"@_fa": "true", "@ref": "author-affiliation", "@href": "https://api.elsevier.com/content/abstract/scopus_id/84857884229?field=author,affiliation"},{"@_fa": "true", "@ref": "scopus", "@href": "https://www.scopus.com/inward/record.uri?partnerID=HzOxMe3b&scp=84857884229&origin=inward"},{"@_fa": "true", "@ref": "scopus-citedby", "@href": "https://www.scopus.com/inward/citedby.uri?partnerID=HzOxMe3b&scp=84857884229&origin=inward"}],"prism:url":"https://api.elsevier.com/content/abstract/scopus_id/84857884229","dc:identifier":"SCOPUS_ID:84857884229","eid":"2-s2.0-84857884229","dc:title":"Inequality and political clientelism: Evidence from South India","dc:creator":"Markussen T.","prism:publicationName":"Journal of Development Studies","prism:issn":"00220388","prism:eIssn":"17439140","prism:volume":"47","prism:issueIdentifier":"11","prism:pageRange":"1721-1738","prism:coverDate":"2011-11-01","prism:coverDisplayDate":"November 2011","prism:doi":"10.1080/00220388.2011.561330","citedby-count":"14","affiliation": [{"@_fa": "true", "affilname":"Københavns Universitet","affiliation-city":"Copenhagen","affiliation-country":"Denmark"}],"prism:aggregationType":"Journal","subtype":"ar","subtypeDescription":"Article","source-id":"14849","openaccess":"0","openaccessFlag":false},{"@_fa": "true", "link": [{"@_fa": "true", "@ref": "self", "@href": "https://api.elsevier.com/content/abstract/scopus_id/84861727204"},{"@_fa": "true", "@ref": "author-affiliation", "@href": "https://api.elsevier.com/content/abstract/scopus_id/84861727204?field=author,affiliation"},{"@_fa": "true", "@ref": "scopus", "@href": "https://www.scopus.com/inward/record.uri?partnerID=HzOxMe3b&scp=84861727204&origin=inward"},{"@_fa": "true", "@ref": "scopus-citedby", "@href": "https://www.scopus.com/inward/citedby.uri?partnerID=HzOxMe3b&scp=84861727204&origin=inward"}],"prism:url":"https://api.elsevier.com/content/abstract/scopus_id/84861727204","dc:identifier":"SCOPUS_ID:84861727204","eid":"2-s2.0-84861727204","dc:title":"The peril and promise of noodles and beer: Condemnation of patronage and hybrid political frameworks in \"post-neoliberal\" Cochabamba, Bolivia","dc:creator":"Shakow M.","prism:publicationName":"Political and Legal Anthropology Review","prism:issn":"10816976","prism:eIssn":"15552934","prism:volume":"34","prism:issueIdentifier":"2","prism:pageRange":"315-336","prism:coverDate":"2011-11-01","prism:coverDisplayDate":"November 2011","prism:doi":"10.1111/j.1555-2934.2011.01168.x","citedby-count":"6","affiliation": [{"@_fa": "true", "affilname":"Vanderbilt University","affiliation-city":"Nashville","affiliation-country":"United States"}],"prism:aggregationType":"Journal","subtype":"ar","subtypeDescription":"Article","source-id":"19900188955","openaccess":"0","openaccessFlag":false},{"@_fa": "true", "link": [{"@_fa": "true", "@ref": "self", "@href": "https://api.elsevier.com/content/abstract/scopus_id/80055110449"},{"@_fa": "true", "@ref": "author-affiliation", "@href": "https://api.elsevier.com/content/abstract/scopus_id/80055110449?field=author,affiliation"},{"@_fa": "true", "@ref": "scopus", "@href": "https://www.scopus.com/inward/record.uri?partnerID=HzOxMe3b&scp=80055110449&origin=inward"},{"@_fa": "true", "@ref": "scopus-citedby", "@href": "https://www.scopus.com/inward/citedby.uri?partnerID=HzOxMe3b&scp=80055110449&origin=inward"}],"prism:url":"https://api.elsevier.com/content/abstract/scopus_id/80055110449","dc:identifier":"SCOPUS_ID:80055110449","eid":"2-s2.0-80055110449","dc:title":"Who votes in africa? an examination of electoral participation in 10 african countries","dc:creator":"Kuenzi M.","prism:publicationName":"Party Politics","prism:issn":"13540688","prism:eIssn":"14603683","prism:volume":"17","prism:issueIdentifier":"6","prism:pageRange":"767-799","prism:coverDate":"2011-11-01","prism:coverDisplayDate":"November 2011","prism:doi":"10.1177/1354068810376779","citedby-count":"24","affiliation": [{"@_fa": "true", "affilname":"University of Nevada, Las Vegas","affiliation-city":"Las Vegas","affiliation-country":"United States"}],"prism:aggregationType":"Journal","subtype":"ar","subtypeDescription":"Article","source-id":"67863","openaccess":"0","openaccessFlag":false},{"@_fa": "true", "link": [{"@_fa": "true", "@ref": "self", "@href": "https://api.elsevier.com/content/abstract/scopus_id/80053011301"},{"@_fa": "true", "@ref": "author-affiliation", "@href": "https://api.elsevier.com/content/abstract/scopus_id/80053011301?field=author,affiliation"},{"@_fa": "true", "@ref": "scopus", "@href": "https://www.scopus.com/inward/record.uri?partnerID=HzOxMe3b&scp=80053011301&origin=inward"},{"@_fa": "true", "@ref": "scopus-citedby", "@href": "https://www.scopus.com/inward/citedby.uri?partnerID=HzOxMe3b&scp=80053011301&origin=inward"}],"prism:url":"https://api.elsevier.com/content/abstract/scopus_id/80053011301","dc:identifier":"SCOPUS_ID:80053011301","eid":"2-s2.0-80053011301","dc:title":"'Up close and personal' - how does local democracy help the poor access the state? stories of accountability and clientelism in Johannesburg","dc:creator":"Bénit-Gbaffou C.","prism:publicationName":"Journal of Asian and African Studies","prism:issn":"00219096","prism:eIssn":"17452538","prism:volume":"46","prism:issueIdentifier":"5","prism:pageRange":"453-464","prism:coverDate":"2011-10-01","prism:coverDisplayDate":"October 2011","prism:doi":"10.1177/0021909611415998","citedby-count":"26","affiliation": [{"@_fa": "true", "affilname":"University of Witwatersrand","affiliation-city":"Johannesburg","affiliation-country":"South Africa"}],"prism:aggregationType":"Journal","subtype":"ar","subtypeDescription":"Article","source-id":"15593","openaccess":"0","openaccessFlag":false},{"@_fa": "true", "link": [{"@_fa": "true", "@ref": "self", "@href": "https://api.elsevier.com/content/abstract/scopus_id/80053219693"},{"@_fa": "true", "@ref": "author-affiliation", "@href": "https://api.elsevier.com/content/abstract/scopus_id/80053219693?field=author,affiliation"},{"@_fa": "true", "@ref": "scopus", "@href": "https://www.scopus.com/inward/record.uri?partnerID=HzOxMe3b&scp=80053219693&origin=inward"},{"@_fa": "true", "@ref": "scopus-citedby", "@href": "https://www.scopus.com/inward/citedby.uri?partnerID=HzOxMe3b&scp=80053219693&origin=inward"}],"prism:url":"https://api.elsevier.com/content/abstract/scopus_id/80053219693","dc:identifier":"SCOPUS_ID:80053219693","eid":"2-s2.0-80053219693","dc:title":"Effective opposition strategies: Collective goods or clientelism?","dc:creator":"Weghorst K.","prism:publicationName":"Democratization","prism:issn":"13510347","prism:eIssn":"1743890X","prism:volume":"18","prism:issueIdentifier":"5","prism:pageRange":"1193-1214","prism:coverDate":"2011-10-01","prism:coverDisplayDate":"October 2011","prism:doi":"10.1080/13510347.2011.603483","citedby-count":"23","affiliation": [{"@_fa": "true", "affilname":"University of Florida","affiliation-city":"Gainesville","affiliation-country":"United States"}],"prism:aggregationType":"Journal","subtype":"ar","subtypeDescription":"Article","source-id":"24034","openaccess":"0","openaccessFlag":false},{"@_fa": "true", "link": [{"@_fa": "true", "@ref": "self", "@href": "https://api.elsevier.com/content/abstract/scopus_id/84877909956"},{"@_fa": "true", "@ref": "author-affiliation", "@href": "https://api.elsevier.com/content/abstract/scopus_id/84877909956?field=author,affiliation"},{"@_fa": "true", "@ref": "scopus", "@href": "https://www.scopus.com/inward/record.uri?partnerID=HzOxMe3b&scp=84877909956&origin=inward"},{"@_fa": "true", "@ref": "scopus-citedby", "@href": "https://www.scopus.com/inward/citedby.uri?partnerID=HzOxMe3b&scp=84877909956&origin=inward"}],"prism:url":"https://api.elsevier.com/content/abstract/scopus_id/84877909956","dc:identifier":"SCOPUS_ID:84877909956","eid":"2-s2.0-84877909956","dc:title":"Negotiating Statehood in a Hybrid Political Order: The Case of Somaliland","dc:creator":"Renders M.","prism:publicationName":"Negotiating Statehood: Dynamics of Power and Domination in Africa","prism:isbn": [{"@_fa": "true", "$" :"9781444338683"}],"prism:pageRange":"177-199","prism:coverDate":"2011-09-21","prism:coverDisplayDate":"21 September 2011","prism:doi":"10.1002/9781444395587.ch9","citedby-count":"3","affiliation": [{"@_fa": "true", "affilname":"Universiteit Gent","affiliation-city":"Ghent","affiliation-country":"Belgium"}],"prism:aggregationType":"Book","subtype":"ch","subtypeDescription":"Chapter","source-id":"21100261587","openaccess":"0","openaccessFlag":false},{"@_fa": "true", "link": [{"@_fa": "true", "@ref": "self", "@href": "https://api.elsevier.com/content/abstract/scopus_id/80051818443"},{"@_fa": "true", "@ref": "author-affiliation", "@href": "https://api.elsevier.com/content/abstract/scopus_id/80051818443?field=author,affiliation"},{"@_fa": "true", "@ref": "scopus", "@href": "https://www.scopus.com/inward/record.uri?partnerID=HzOxMe3b&scp=80051818443&origin=inward"},{"@_fa": "true", "@ref": "scopus-citedby", "@href": "https://www.scopus.com/inward/citedby.uri?partnerID=HzOxMe3b&scp=80051818443&origin=inward"}],"prism:url":"https://api.elsevier.com/content/abstract/scopus_id/80051818443","dc:identifier":"SCOPUS_ID:80051818443","eid":"2-s2.0-80051818443","dc:title":"Clientelism and conceptual stretching: Differentiating among concepts and among analytical levels","dc:creator":"Hilgers T.","prism:publicationName":"Theory and Society","prism:issn":"03042421","prism:eIssn":"15737853","prism:volume":"40","prism:issueIdentifier":"5","prism:pageRange":"567-588","prism:coverDate":"2011-09-01","prism:coverDisplayDate":"September 2011","prism:doi":"10.1007/s11186-011-9152-6","citedby-count":"34","affiliation": [{"@_fa": "true", "affilname":"Concordia University","affiliation-city":"Montreal","affiliation-country":"Canada"}],"prism:aggregationType":"Journal","subtype":"ar","subtypeDescription":"Article","source-id":"18697","openaccess":"0","openaccessFlag":false},{"@_fa": "true", "link": [{"@_fa": "true", "@ref": "self", "@href": "https://api.elsevier.com/content/abstract/scopus_id/84455200741"},{"@_fa": "true", "@ref": "author-affiliation", "@href": "https://api.elsevier.com/content/abstract/scopus_id/84455200741?field=author,affiliation"},{"@_fa": "true", "@ref": "scopus", "@href": "https://www.scopus.com/inward/record.uri?partnerID=HzOxMe3b&scp=84455200741&origin=inward"},{"@_fa": "true", "@ref": "scopus-citedby", "@href": "https://www.scopus.com/inward/citedby.uri?partnerID=HzOxMe3b&scp=84455200741&origin=inward"}],"prism:url":"https://api.elsevier.com/content/abstract/scopus_id/84455200741","dc:identifier":"SCOPUS_ID:84455200741","eid":"2-s2.0-84455200741","dc:title":"Poor people's lives and politics - the things a political ethnographer knows (and doesn't) after 15 years of fieldwork","dc:creator":"Auyero J.","prism:publicationName":"Sociologias","prism:issn":"15174522","prism:issueIdentifier":"28","prism:pageRange":"126-164","prism:coverDate":"2011-09-01","prism:coverDisplayDate":"September 2011","citedby-count":"2","affiliation": [{"@_fa": "true", "affilname":"Universidade do Texas","affiliation-city":"Austin","affiliation-country":"United States"}],"prism:aggregationType":"Journal","subtype":"ar","subtypeDescription":"Article","source-id":"4700153602","openaccess":"0","openaccessFlag":false},{"@_fa": "true", "link": [{"@_fa": "true", "@ref": "self", "@href": "https://api.elsevier.com/content/abstract/scopus_id/80052648273"},{"@_fa": "true", "@ref": "author-affiliation", "@href": "https://api.elsevier.com/content/abstract/scopus_id/80052648273?field=author,affiliation"},{"@_fa": "true", "@ref": "scopus", "@href": "https://www.scopus.com/inward/record.uri?partnerID=HzOxMe3b&scp=80052648273&origin=inward"},{"@_fa": "true", "@ref": "scopus-citedby", "@href": "https://www.scopus.com/inward/citedby.uri?partnerID=HzOxMe3b&scp=80052648273&origin=inward"}],"prism:url":"https://api.elsevier.com/content/abstract/scopus_id/80052648273","dc:identifier":"SCOPUS_ID:80052648273","eid":"2-s2.0-80052648273","dc:title":"Albania and the EU: From isolation to integration","dc:creator":"Panagiotou R.","prism:publicationName":"Journal of Balkan and Near Eastern Studies","prism:issn":"19448953","prism:eIssn":"19448961","prism:volume":"13","prism:issueIdentifier":"3","prism:pageRange":"357-374","prism:coverDate":"2011-09-01","prism:coverDisplayDate":"September 2011","prism:doi":"10.1080/19448953.2011.590361","citedby-count":"1","affiliation": [{"@_fa": "true", "affilname":"Centre of Planning and Economic Research","affiliation-city":"Athens","affiliation-country":"Greece"}],"prism:aggregationType":"Journal","subtype":"ar","subtypeDescription":"Article","source-id":"19600166403","openaccess":"0","openaccessFlag":false},{"@_fa": "true", "link": [{"@_fa": "true", "@ref": "self", "@href": "https://api.elsevier.com/content/abstract/scopus_id/80052668569"},{"@_fa": "true", "@ref": "author-affiliation", "@href": "https://api.elsevier.com/content/abstract/scopus_id/80052668569?field=author,affiliation"},{"@_fa": "true", "@ref": "scopus", "@href": "https://www.scopus.com/inward/record.uri?partnerID=HzOxMe3b&scp=80052668569&origin=inward"},{"@_fa": "true", "@ref": "scopus-citedby", "@href": "https://www.scopus.com/inward/citedby.uri?partnerID=HzOxMe3b&scp=80052668569&origin=inward"}],"prism:url":"https://api.elsevier.com/content/abstract/scopus_id/80052668569","dc:identifier":"SCOPUS_ID:80052668569","eid":"2-s2.0-80052668569","dc:title":"Distinctiveness of administrative reform in Greece, Italy, Portugal and Spain. Common characteristics of context, administrations and reforms","dc:creator":"Kickert W.","prism:publicationName":"Public Administration","prism:issn":"00333298","prism:eIssn":"14679299","prism:volume":"89","prism:issueIdentifier":"3","prism:pageRange":"801-818","prism:coverDate":"2011-09-01","prism:coverDisplayDate":"September 2011","prism:doi":"10.1111/j.1467-9299.2010.01862.x","citedby-count":"38","affiliation": [{"@_fa": "true", "affilname":"Erasmus University Rotterdam","affiliation-city":"Rotterdam","affiliation-country":"Netherlands"}],"prism:aggregationType":"Journal","subtype":"ar","subtypeDescription":"Article","source-id":"17162","openaccess":"0","openaccessFlag":false},{"@_fa": "true", "link": [{"@_fa": "true", "@ref": "self", "@href": "https://api.elsevier.com/content/abstract/scopus_id/81255161331"},{"@_fa": "true", "@ref": "author-affiliation", "@href": "https://api.elsevier.com/content/abstract/scopus_id/81255161331?field=author,affiliation"},{"@_fa": "true", "@ref": "scopus", "@href": "https://www.scopus.com/inward/record.uri?partnerID=HzOxMe3b&scp=81255161331&origin=inward"},{"@_fa": "true", "@ref": "scopus-citedby", "@href": "https://www.scopus.com/inward/citedby.uri?partnerID=HzOxMe3b&scp=81255161331&origin=inward"}],"prism:url":"https://api.elsevier.com/content/abstract/scopus_id/81255161331","dc:identifier":"SCOPUS_ID:81255161331","eid":"2-s2.0-81255161331","dc:title":"The constituency orientation of modern TDs","dc:creator":"O'Leary E.","prism:publicationName":"Irish Political Studies","prism:issn":"07907184","prism:eIssn":"17439078","prism:volume":"26","prism:issueIdentifier":"3","prism:pageRange":"329-343","prism:coverDate":"2011-09-01","prism:coverDisplayDate":"September 2011","prism:doi":"10.1080/07907184.2011.593737","citedby-count":"13","affiliation": [{"@_fa": "true", "affilname":"University College Cork","affiliation-city":"Cork","affiliation-country":"Ireland"}],"prism:aggregationType":"Journal","subtype":"ar","subtypeDescription":"Article","source-id":"5800170866","openaccess":"0","openaccessFlag":false},{"@_fa": "true", "link": [{"@_fa": "true", "@ref": "self", "@href": "https://api.elsevier.com/content/abstract/scopus_id/84855841001"},{"@_fa": "true", "@ref": "author-affiliation", "@href": "https://api.elsevier.com/content/abstract/scopus_id/84855841001?field=author,affiliation"},{"@_fa": "true", "@ref": "scopus", "@href": "https://www.scopus.com/inward/record.uri?partnerID=HzOxMe3b&scp=84855841001&origin=inward"},{"@_fa": "true", "@ref": "scopus-citedby", "@href": "https://www.scopus.com/inward/citedby.uri?partnerID=HzOxMe3b&scp=84855841001&origin=inward"}],"prism:url":"https://api.elsevier.com/content/abstract/scopus_id/84855841001","dc:identifier":"SCOPUS_ID:84855841001","eid":"2-s2.0-84855841001","dc:title":"Portraiture and Proximity: 'Official' Artists and the State-ization of the Market in Post-Soviet Kazakhstan","dc:creator":"Nauruzbayeva Z.","prism:publicationName":"Ethnos","prism:issn":"00141844","prism:eIssn":"1469588X","prism:volume":"76","prism:issueIdentifier":"3","prism:pageRange":"375-397","prism:coverDate":"2011-09-01","prism:coverDisplayDate":"September 2011","prism:doi":"10.1080/00141844.2011.580355","citedby-count":"3","affiliation": [{"@_fa": "true", "affilname":"Stanford University","affiliation-city":"Palo Alto","affiliation-country":"United States"}],"prism:aggregationType":"Journal","subtype":"ar","subtypeDescription":"Article","source-id":"16601","openaccess":"0","openaccessFlag":false},{"@_fa": "true", "link": [{"@_fa": "true", "@ref": "self", "@href": "https://api.elsevier.com/content/abstract/scopus_id/79960255035"},{"@_fa": "true", "@ref": "author-affiliation", "@href": "https://api.elsevier.com/content/abstract/scopus_id/79960255035?field=author,affiliation"},{"@_fa": "true", "@ref": "scopus", "@href": "https://www.scopus.com/inward/record.uri?partnerID=HzOxMe3b&scp=79960255035&origin=inward"},{"@_fa": "true", "@ref": "scopus-citedby", "@href": "https://www.scopus.com/inward/citedby.uri?partnerID=HzOxMe3b&scp=79960255035&origin=inward"}],"prism:url":"https://api.elsevier.com/content/abstract/scopus_id/79960255035","dc:identifier":"SCOPUS_ID:79960255035","eid":"2-s2.0-79960255035","dc:title":"Rule of law reforms in the shadow of clientelism: The limits of the EU's transformative power in romania","dc:creator":"Mendelski M.","prism:publicationName":"Polish Sociological Review","prism:issn":"12311413","prism:volume":"174","prism:issueIdentifier":"2","prism:pageRange":"235-353","prism:coverDate":"2011-07-18","prism:coverDisplayDate":"2011","citedby-count":"6","affiliation": [{"@_fa": "true", "affilname":"University of Luxembourg","affiliation-city":"Luxembourg","affiliation-country":"Luxembourg"}],"prism:aggregationType":"Journal","subtype":"ar","subtypeDescription":"Article","source-id":"5600153242","openaccess":"0","openaccessFlag":false},{"@_fa": "true", "link": [{"@_fa": "true", "@ref": "self", "@href": "https://api.elsevier.com/content/abstract/scopus_id/79960736850"},{"@_fa": "true", "@ref": "author-affiliation", "@href": "https://api.elsevier.com/content/abstract/scopus_id/79960736850?field=author,affiliation"},{"@_fa": "true", "@ref": "scopus", "@href": "https://www.scopus.com/inward/record.uri?partnerID=HzOxMe3b&scp=79960736850&origin=inward"},{"@_fa": "true", "@ref": "scopus-citedby", "@href": "https://www.scopus.com/inward/citedby.uri?partnerID=HzOxMe3b&scp=79960736850&origin=inward"}],"prism:url":"https://api.elsevier.com/content/abstract/scopus_id/79960736850","dc:identifier":"SCOPUS_ID:79960736850","eid":"2-s2.0-79960736850","dc:title":"The microfoundations of political clientelism: Lessons from the Argentine case","dc:creator":"Szwarcberg M.","prism:publicationName":"Working Paper of the Helen Kellogg Institute for International Studies","prism:issueIdentifier":"377","prism:pageRange":"1-28","prism:coverDate":"2011-07-01","prism:coverDisplayDate":"July 2011","citedby-count":"0","affiliation": [{"@_fa": "true", "affilname":"University of Chicago","affiliation-city":"Chicago","affiliation-country":"United States"},{"@_fa": "true", "affilname":"National Institute for Public Administration","affiliation-city":null,"affiliation-country":null}],"prism:aggregationType":"Journal","subtype":"ar","subtypeDescription":"Article","source-id":"31602","openaccess":"0","openaccessFlag":false},{"@_fa": "true", "link": [{"@_fa": "true", "@ref": "self", "@href": "https://api.elsevier.com/content/abstract/scopus_id/79957985009"},{"@_fa": "true", "@ref": "author-affiliation", "@href": "https://api.elsevier.com/content/abstract/scopus_id/79957985009?field=author,affiliation"},{"@_fa": "true", "@ref": "scopus", "@href": "https://www.scopus.com/inward/record.uri?partnerID=HzOxMe3b&scp=79957985009&origin=inward"},{"@_fa": "true", "@ref": "scopus-citedby", "@href": "https://www.scopus.com/inward/citedby.uri?partnerID=HzOxMe3b&scp=79957985009&origin=inward"}],"prism:url":"https://api.elsevier.com/content/abstract/scopus_id/79957985009","dc:identifier":"SCOPUS_ID:79957985009","eid":"2-s2.0-79957985009","dc:title":"Models of Clientelism and Policy Change: The Case of Conditional Cash Transfer Programmes in Mexico and Brazil","dc:creator":"Ansell A.","prism:publicationName":"Bulletin of Latin American Research","prism:issn":"02613050","prism:eIssn":"14709856","prism:volume":"30","prism:issueIdentifier":"3","prism:pageRange":"298-312","prism:coverDate":"2011-07-01","prism:coverDisplayDate":"July 2011","prism:doi":"10.1111/j.1470-9856.2010.00497.x","citedby-count":"8","affiliation": [{"@_fa": "true", "affilname":"Monmouth University","affiliation-city":"West Long Branch","affiliation-country":"United States"}],"prism:aggregationType":"Journal","subtype":"ar","subtypeDescription":"Article","source-id":"25322","openaccess":"0","openaccessFlag":false},{"@_fa": "true", "link": [{"@_fa": "true", "@ref": "self", "@href": "https://api.elsevier.com/content/abstract/scopus_id/79958731410"},{"@_fa": "true", "@ref": "author-affiliation", "@href": "https://api.elsevier.com/content/abstract/scopus_id/79958731410?field=author,affiliation"},{"@_fa": "true", "@ref": "scopus", "@href": "https://www.scopus.com/inward/record.uri?partnerID=HzOxMe3b&scp=79958731410&origin=inward"},{"@_fa": "true", "@ref": "scopus-citedby", "@href": "https://www.scopus.com/inward/citedby.uri?partnerID=HzOxMe3b&scp=79958731410&origin=inward"}],"prism:url":"https://api.elsevier.com/content/abstract/scopus_id/79958731410","dc:identifier":"SCOPUS_ID:79958731410","eid":"2-s2.0-79958731410","dc:title":"Executive elections in the arab world: When and how do they matter","dc:creator":"Brownlee J.","prism:publicationName":"Comparative Political Studies","prism:issn":"00104140","prism:eIssn":"15523829","prism:volume":"44","prism:issueIdentifier":"7","prism:pageRange":"807-828","prism:coverDate":"2011-07-01","prism:coverDisplayDate":"July 2011","prism:doi":"10.1177/0010414011402034","citedby-count":"22","affiliation": [{"@_fa": "true", "affilname":"University of Texas at Austin","affiliation-city":"Austin","affiliation-country":"United States"}],"prism:aggregationType":"Journal","subtype":"ar","subtypeDescription":"Article","source-id":"13447","openaccess":"0","openaccessFlag":false},{"@_fa": "true", "link": [{"@_fa": "true", "@ref": "self", "@href": "https://api.elsevier.com/content/abstract/scopus_id/79959351834"},{"@_fa": "true", "@ref": "author-affiliation", "@href": "https://api.elsevier.com/content/abstract/scopus_id/79959351834?field=author,affiliation"},{"@_fa": "true", "@ref": "scopus", "@href": "https://www.scopus.com/inward/record.uri?partnerID=HzOxMe3b&scp=79959351834&origin=inward"},{"@_fa": "true", "@ref": "scopus-citedby", "@href": "https://www.scopus.com/inward/citedby.uri?partnerID=HzOxMe3b&scp=79959351834&origin=inward"}],"prism:url":"https://api.elsevier.com/content/abstract/scopus_id/79959351834","dc:identifier":"SCOPUS_ID:79959351834","eid":"2-s2.0-79959351834","dc:title":"Political parties and their manifestos: Inferring party policy positions in Malawi since 1994","dc:creator":"Mpesi A.","prism:publicationName":"Forum for Development Studies","prism:issn":"08039410","prism:volume":"38","prism:issueIdentifier":"1","prism:pageRange":"25-41","prism:coverDate":"2011-06-24","prism:coverDisplayDate":"2011","prism:doi":"10.1080/08039410.2011.560182","citedby-count":"5","affiliation": [{"@_fa": "true", "affilname":"Lingadzi House","affiliation-city":null,"affiliation-country":"Malawi"}],"prism:aggregationType":"Journal","subtype":"ar","subtypeDescription":"Article","source-id":"14192","openaccess":"0","openaccessFlag":false}]}}