{"search-results":{"opensearch:totalResults":"5","opensearch:startIndex":"0","opensearch:itemsPerPage":"5","opensearch:Query":{"@role": "request", "@searchTerms": "TITLE-ABS-KEY(\"clientelism\") AND SUBJAREA(SOCI) AND PUBYEAR = 1995", "@startPage": "0"},"link": [{"@_fa": "true", "@ref": "self", "@href": "https://api.elsevier.com/content/search/scopus?start=0&count=25&query=TITLE-ABS-KEY%28%22clientelism%22%29+AND+SUBJAREA%28SOCI%29+AND+PUBYEAR+%3D+1995&apiKey=27d953b4b546791964ebeb768d13e61f&view=STANDARD", "@type": "application/json"},{"@_fa": "true", "@ref": "first", "@href": "https://api.elsevier.com/content/search/scopus?start=0&count=25&query=TITLE-ABS-KEY%28%22clientelism%22%29+AND+SUBJAREA%28SOCI%29+AND+PUBYEAR+%3D+1995&apiKey=27d953b4b546791964ebeb768d13e61f&view=STANDARD", "@type": "application/json"}],"entry": [{"@_fa": "true", "link": [{"@_fa": "true", "@ref": "self", "@href": "https://api.elsevier.com/content/abstract/scopus_id/0029542074"},{"@_fa": "true", "@ref": "author-affiliation", "@href": "https://api.elsevier.com/content/abstract/scopus_id/0029542074?field=author,affiliation"},{"@_fa": "true", "@ref": "scopus", "@href": "https://www.scopus.com/inward/record.uri?partnerID=HzOxMe3b&scp=0029542074&origin=inward"},{"@_fa": "true", "@ref": "scopus-citedby", "@href": "https://www.scopus.com/inward/citedby.uri?partnerID=HzOxMe3b&scp=0029542074&origin=inward"}],"prism:url":"https://api.elsevier.com/content/abstract/scopus_id/0029542074","dc:identifier":"SCOPUS_ID:0029542074","eid":"2-s2.0-0029542074","dc:title":"South Korea’s Big Business Clientelism in Democratic Reform","dc:creator":"Nam C.","prism:publicationName":"Asian Survey","prism:issn":"00044687","prism:eIssn":"1533838X","prism:volume":"35","prism:issueIdentifier":"4","prism:pageRange":"357-366","prism:coverDate":"1995-01-01","prism:coverDisplayDate":"1995","prism:doi":"10.2307/2645800","citedby-count":"15","affiliation": [{"@_fa": "true", "affilname":"Korea Institute for Defense Analysis","affiliation-city":"Seoul","affiliation-country":"South Korea"}],"prism:aggregationType":"Journal","subtype":"ar","subtypeDescription":"Article","source-id":"15713","openaccess":"0","openaccessFlag":false},{"@_fa": "true", "link": [{"@_fa": "true", "@ref": "self", "@href": "https://api.elsevier.com/content/abstract/scopus_id/0029485939"},{"@_fa": "true", "@ref": "author-affiliation", "@href": "https://api.elsevier.com/content/abstract/scopus_id/0029485939?field=author,affiliation"},{"@_fa": "true", "@ref": "scopus", "@href": "https://www.scopus.com/inward/record.uri?partnerID=HzOxMe3b&scp=0029485939&origin=inward"},{"@_fa": "true", "@ref": "scopus-citedby", "@href": "https://www.scopus.com/inward/citedby.uri?partnerID=HzOxMe3b&scp=0029485939&origin=inward"},{"@_fa": "true", "@ref": "full-text", "@href": "https://api.elsevier.com/content/article/eid/1-s2.0-0305750X9500079R"}],"prism:url":"https://api.elsevier.com/content/abstract/scopus_id/0029485939","dc:identifier":"SCOPUS_ID:0029485939","eid":"2-s2.0-0029485939","dc:title":"Social movements and the State: The Politics of health reform in Brazil","dc:creator":"Weyland K.","prism:publicationName":"World Development","prism:issn":"0305750X","prism:volume":"23","prism:issueIdentifier":"10","prism:pageRange":"1699-1712","prism:coverDate":"1995-01-01","prism:coverDisplayDate":"October 1995","prism:doi":"10.1016/0305-750X(95)00079-R","pii":"0305750X9500079R","citedby-count":"58","affiliation": [{"@_fa": "true", "affilname":"Vanderbilt University","affiliation-city":"Nashville","affiliation-country":"United States"}],"prism:aggregationType":"Journal","subtype":"ar","subtypeDescription":"Article","source-id":"30060","openaccess":"0","openaccessFlag":false},{"@_fa": "true", "link": [{"@_fa": "true", "@ref": "self", "@href": "https://api.elsevier.com/content/abstract/scopus_id/0029419953"},{"@_fa": "true", "@ref": "author-affiliation", "@href": "https://api.elsevier.com/content/abstract/scopus_id/0029419953?field=author,affiliation"},{"@_fa": "true", "@ref": "scopus", "@href": "https://www.scopus.com/inward/record.uri?partnerID=HzOxMe3b&scp=0029419953&origin=inward"},{"@_fa": "true", "@ref": "scopus-citedby", "@href": "https://www.scopus.com/inward/citedby.uri?partnerID=HzOxMe3b&scp=0029419953&origin=inward"}],"prism:url":"https://api.elsevier.com/content/abstract/scopus_id/0029419953","dc:identifier":"SCOPUS_ID:0029419953","eid":"2-s2.0-0029419953","dc:title":"Protecting the protected: The Greek agricultural policy network","dc:creator":"Collins N.","prism:publicationName":"Journal of European Public Policy","prism:issn":"13501763","prism:eIssn":"14664429","prism:volume":"2","prism:issueIdentifier":"1","prism:pageRange":"95-114","prism:coverDate":"1995-01-01","prism:coverDisplayDate":"March 1995","prism:doi":"10.1080/13501769508406976","citedby-count":"9","affiliation": [{"@_fa": "true", "affilname":"Ulster University","affiliation-city":"Coleraine","affiliation-country":"United Kingdom"}],"prism:aggregationType":"Journal","subtype":"ar","subtypeDescription":"Article","source-id":"19878","openaccess":"0","openaccessFlag":false},{"@_fa": "true", "link": [{"@_fa": "true", "@ref": "self", "@href": "https://api.elsevier.com/content/abstract/scopus_id/0028846313"},{"@_fa": "true", "@ref": "author-affiliation", "@href": "https://api.elsevier.com/content/abstract/scopus_id/0028846313?field=author,affiliation"},{"@_fa": "true", "@ref": "scopus", "@href": "https://www.scopus.com/inward/record.uri?partnerID=HzOxMe3b&scp=0028846313&origin=inward"},{"@_fa": "true", "@ref": "scopus-citedby", "@href": "https://www.scopus.com/inward/citedby.uri?partnerID=HzOxMe3b&scp=0028846313&origin=inward"}],"prism:url":"https://api.elsevier.com/content/abstract/scopus_id/0028846313","dc:identifier":"SCOPUS_ID:0028846313","eid":"2-s2.0-0028846313","dc:title":"Democracy in Mali, or the wandering power","dc:creator":"Fay C.","prism:publicationName":"Cahiers d'Etudes Africaines","prism:issn":"00080055","prism:volume":"137","prism:pageRange":"19-53","prism:coverDate":"1995-01-01","prism:coverDisplayDate":"1995","citedby-count":"24","prism:aggregationType":"Journal","subtype":"ar","subtypeDescription":"Article","source-id":"36166","openaccess":"0","openaccessFlag":false},{"@_fa": "true", "link": [{"@_fa": "true", "@ref": "self", "@href": "https://api.elsevier.com/content/abstract/scopus_id/0028886810"},{"@_fa": "true", "@ref": "author-affiliation", "@href": "https://api.elsevier.com/content/abstract/scopus_id/0028886810?field=author,affiliation"},{"@_fa": "true", "@ref": "scopus", "@href": "https://www.scopus.com/inward/record.uri?partnerID=HzOxMe3b&scp=0028886810&origin=inward"},{"@_fa": "true", "@ref": "scopus-citedby", "@href": "https://www.scopus.com/inward/citedby.uri?partnerID=HzOxMe3b&scp=0028886810&origin=inward"}],"prism:url":"https://api.elsevier.com/content/abstract/scopus_id/0028886810","dc:identifier":"SCOPUS_ID:0028886810","eid":"2-s2.0-0028886810","dc:title":"Honduras: The Politics of Exception and Military Reformism (1972—1978)","dc:creator":"Sieder R.","prism:publicationName":"Journal of Latin American Studies","prism:issn":"0022216X","prism:eIssn":"1469767X","prism:volume":"27","prism:issueIdentifier":"1","prism:pageRange":"99-127","prism:coverDate":"1995-01-01","prism:coverDisplayDate":"February 1995","prism:doi":"10.1017/S0022216X0001018X","citedby-count":"14","affiliation": [{"@_fa": "true", "affilname":"Royal Holloway University of London","affiliation-city":"Egham","affiliation-country":"United Kingdom"}],"prism:aggregationType":"Journal","subtype":"ar","subtypeDescription":"Article","source-id":"26288","openaccess":"0","openaccessFlag":false}]}}