{"search-results":{"opensearch:totalResults":"7","opensearch:startIndex":"0","opensearch:itemsPerPage":"7","opensearch:Query":{"@role": "request", "@searchTerms": "TITLE-ABS-KEY(\"clientelism\") AND SUBJAREA(SOCI) AND PUBYEAR = 1990", "@startPage": "0"},"link": [{"@_fa": "true", "@ref": "self", "@href": "https://api.elsevier.com/content/search/scopus?start=0&count=25&query=TITLE-ABS-KEY%28%22clientelism%22%29+AND+SUBJAREA%28SOCI%29+AND+PUBYEAR+%3D+1990&apiKey=27d953b4b546791964ebeb768d13e61f&view=STANDARD", "@type": "application/json"},{"@_fa": "true", "@ref": "first", "@href": "https://api.elsevier.com/content/search/scopus?start=0&count=25&query=TITLE-ABS-KEY%28%22clientelism%22%29+AND+SUBJAREA%28SOCI%29+AND+PUBYEAR+%3D+1990&apiKey=27d953b4b546791964ebeb768d13e61f&view=STANDARD", "@type": "application/json"}],"entry": [{"@_fa": "true", "link": [{"@_fa": "true", "@ref": "self", "@href": "https://api.elsevier.com/content/abstract/scopus_id/0025624368"},{"@_fa": "true", "@ref": "author-affiliation", "@href": "https://api.elsevier.com/content/abstract/scopus_id/0025624368?field=author,affiliation"},{"@_fa": "true", "@ref": "scopus", "@href": "https://www.scopus.com/inward/record.uri?partnerID=HzOxMe3b&scp=0025624368&origin=inward"},{"@_fa": "true", "@ref": "scopus-citedby", "@href": "https://www.scopus.com/inward/citedby.uri?partnerID=HzOxMe3b&scp=0025624368&origin=inward"}],"prism:url":"https://api.elsevier.com/content/abstract/scopus_id/0025624368","dc:identifier":"SCOPUS_ID:0025624368","eid":"2-s2.0-0025624368","dc:title":"The Political Crisis and the Prospects for Rural Democracy in Colombia","dc:creator":"Zamosc L.","prism:publicationName":"The Journal of Development Studies","prism:issn":"00220388","prism:eIssn":"17439140","prism:volume":"26","prism:issueIdentifier":"4","prism:pageRange":"44-78","prism:coverDate":"1990-07-01","prism:coverDisplayDate":"1 July 1990","prism:doi":"10.1080/00220389008422173","citedby-count":"5","affiliation": [{"@_fa": "true", "affilname":"University of California, San Diego","affiliation-city":"San Diego","affiliation-country":"United States"}],"prism:aggregationType":"Journal","subtype":"ar","subtypeDescription":"Article","source-id":"14849","openaccess":"0","openaccessFlag":false},{"@_fa": "true", "link": [{"@_fa": "true", "@ref": "self", "@href": "https://api.elsevier.com/content/abstract/scopus_id/0025598435"},{"@_fa": "true", "@ref": "author-affiliation", "@href": "https://api.elsevier.com/content/abstract/scopus_id/0025598435?field=author,affiliation"},{"@_fa": "true", "@ref": "scopus", "@href": "https://www.scopus.com/inward/record.uri?partnerID=HzOxMe3b&scp=0025598435&origin=inward"},{"@_fa": "true", "@ref": "scopus-citedby", "@href": "https://www.scopus.com/inward/citedby.uri?partnerID=HzOxMe3b&scp=0025598435&origin=inward"}],"prism:url":"https://api.elsevier.com/content/abstract/scopus_id/0025598435","dc:identifier":"SCOPUS_ID:0025598435","eid":"2-s2.0-0025598435","dc:title":"The Making of a Rentier Class: Wealth Accumulation and Political Control in Senegal","dc:creator":"Boone C.","prism:publicationName":"The Journal of Development Studies","prism:issn":"00220388","prism:eIssn":"17439140","prism:volume":"26","prism:issueIdentifier":"3","prism:pageRange":"425-449","prism:coverDate":"1990-04-01","prism:coverDisplayDate":"1 April 1990","prism:doi":"10.1080/00220389008422163","citedby-count":"42","affiliation": [{"@_fa": "true", "affilname":"University of Texas at Austin","affiliation-city":"Austin","affiliation-country":"United States"}],"prism:aggregationType":"Journal","subtype":"ar","subtypeDescription":"Article","source-id":"14849","openaccess":"0","openaccessFlag":false},{"@_fa": "true", "link": [{"@_fa": "true", "@ref": "self", "@href": "https://api.elsevier.com/content/abstract/scopus_id/0025662691"},{"@_fa": "true", "@ref": "author-affiliation", "@href": "https://api.elsevier.com/content/abstract/scopus_id/0025662691?field=author,affiliation"},{"@_fa": "true", "@ref": "scopus", "@href": "https://www.scopus.com/inward/record.uri?partnerID=HzOxMe3b&scp=0025662691&origin=inward"},{"@_fa": "true", "@ref": "scopus-citedby", "@href": "https://www.scopus.com/inward/citedby.uri?partnerID=HzOxMe3b&scp=0025662691&origin=inward"}],"prism:url":"https://api.elsevier.com/content/abstract/scopus_id/0025662691","dc:identifier":"SCOPUS_ID:0025662691","eid":"2-s2.0-0025662691","dc:title":"The transition from traditional to broker clientelism in Colombia: political stability and social unrest","dc:creator":"Archer R.","prism:publicationName":"Working Paper - Helen Kellogg Institute for International Studies","prism:volume":"140","prism:pageRange":null,"prism:coverDate":"1990-01-01","prism:coverDisplayDate":"1990","citedby-count":"0","prism:aggregationType":"Journal","subtype":"ar","subtypeDescription":"Article","source-id":"31602","openaccess":"0","openaccessFlag":false},{"@_fa": "true", "link": [{"@_fa": "true", "@ref": "self", "@href": "https://api.elsevier.com/content/abstract/scopus_id/0025685774"},{"@_fa": "true", "@ref": "author-affiliation", "@href": "https://api.elsevier.com/content/abstract/scopus_id/0025685774?field=author,affiliation"},{"@_fa": "true", "@ref": "scopus", "@href": "https://www.scopus.com/inward/record.uri?partnerID=HzOxMe3b&scp=0025685774&origin=inward"},{"@_fa": "true", "@ref": "scopus-citedby", "@href": "https://www.scopus.com/inward/citedby.uri?partnerID=HzOxMe3b&scp=0025685774&origin=inward"}],"prism:url":"https://api.elsevier.com/content/abstract/scopus_id/0025685774","dc:identifier":"SCOPUS_ID:0025685774","eid":"2-s2.0-0025685774","dc:title":"Unlikely transitions to uncertain regimes? Democracy without compromise in the Dominican Republic and Ecuador","dc:creator":"Conaghan C.","prism:publicationName":"Working Paper - Helen Kellogg Institute for International Studies","prism:volume":"139","prism:pageRange":null,"prism:coverDate":"1990-01-01","prism:coverDisplayDate":"1990","citedby-count":"0","prism:aggregationType":"Journal","subtype":"ar","subtypeDescription":"Article","source-id":"31602","openaccess":"0","openaccessFlag":false},{"@_fa": "true", "link": [{"@_fa": "true", "@ref": "self", "@href": "https://api.elsevier.com/content/abstract/scopus_id/0025660389"},{"@_fa": "true", "@ref": "author-affiliation", "@href": "https://api.elsevier.com/content/abstract/scopus_id/0025660389?field=author,affiliation"},{"@_fa": "true", "@ref": "scopus", "@href": "https://www.scopus.com/inward/record.uri?partnerID=HzOxMe3b&scp=0025660389&origin=inward"},{"@_fa": "true", "@ref": "scopus-citedby", "@href": "https://www.scopus.com/inward/citedby.uri?partnerID=HzOxMe3b&scp=0025660389&origin=inward"}],"prism:url":"https://api.elsevier.com/content/abstract/scopus_id/0025660389","dc:identifier":"SCOPUS_ID:0025660389","eid":"2-s2.0-0025660389","dc:title":"Community organization and clientelist politics in contemporary Brazil: a case study from suburban Rio de Janeiro","dc:creator":"Gay R.","prism:publicationName":"International Journal of Urban and Regional Research","prism:issn":"03091317","prism:eIssn":"14682427","prism:volume":"14","prism:issueIdentifier":"4","prism:pageRange":"648-666","prism:coverDate":"1990-01-01","prism:coverDisplayDate":"December 1990","prism:doi":"10.1111/j.1468-2427.1990.tb00161.x","citedby-count":"38","affiliation": [{"@_fa": "true", "affilname":"Connecticut College","affiliation-city":"New London","affiliation-country":"United States"}],"prism:aggregationType":"Journal","subtype":"ar","subtypeDescription":"Article","source-id":"13892","openaccess":"0","openaccessFlag":false},{"@_fa": "true", "link": [{"@_fa": "true", "@ref": "self", "@href": "https://api.elsevier.com/content/abstract/scopus_id/84973837207"},{"@_fa": "true", "@ref": "author-affiliation", "@href": "https://api.elsevier.com/content/abstract/scopus_id/84973837207?field=author,affiliation"},{"@_fa": "true", "@ref": "scopus", "@href": "https://www.scopus.com/inward/record.uri?partnerID=HzOxMe3b&scp=84973837207&origin=inward"},{"@_fa": "true", "@ref": "scopus-citedby", "@href": "https://www.scopus.com/inward/citedby.uri?partnerID=HzOxMe3b&scp=84973837207&origin=inward"}],"prism:url":"https://api.elsevier.com/content/abstract/scopus_id/84973837207","dc:identifier":"SCOPUS_ID:84973837207","eid":"2-s2.0-84973837207","dc:title":"“Democracy by Undemocratic Means”?: Elites, Political Pacts, and Regime Transition in Brazil","dc:creator":"Hagopian F.","prism:publicationName":"Comparative Political Studies","prism:issn":"00104140","prism:eIssn":"15523829","prism:volume":"23","prism:issueIdentifier":"2","prism:pageRange":"147-170","prism:coverDate":"1990-01-01","prism:coverDisplayDate":"July 1990","prism:doi":"10.1177/0010414090023002001","citedby-count":"104","affiliation": [{"@_fa": "true", "affilname":"Harvard University","affiliation-city":"Cambridge","affiliation-country":"United States"}],"prism:aggregationType":"Journal","subtype":"ar","subtypeDescription":"Article","source-id":"13447","openaccess":"0","openaccessFlag":false},{"@_fa": "true", "link": [{"@_fa": "true", "@ref": "self", "@href": "https://api.elsevier.com/content/abstract/scopus_id/0025691323"},{"@_fa": "true", "@ref": "author-affiliation", "@href": "https://api.elsevier.com/content/abstract/scopus_id/0025691323?field=author,affiliation"},{"@_fa": "true", "@ref": "scopus", "@href": "https://www.scopus.com/inward/record.uri?partnerID=HzOxMe3b&scp=0025691323&origin=inward"},{"@_fa": "true", "@ref": "scopus-citedby", "@href": "https://www.scopus.com/inward/citedby.uri?partnerID=HzOxMe3b&scp=0025691323&origin=inward"}],"prism:url":"https://api.elsevier.com/content/abstract/scopus_id/0025691323","dc:identifier":"SCOPUS_ID:0025691323","eid":"2-s2.0-0025691323","dc:title":"Regional distribution of industry and the role of the state in Greece","dc:creator":"Labrianidis L.","prism:publicationName":"Environment &amp; Planning C: Government &amp; Policy","prism:volume":"8","prism:issueIdentifier":"4","prism:pageRange":"455-476","prism:coverDate":"1990-01-01","prism:coverDisplayDate":"1990","prism:doi":"10.1068/c080455","citedby-count":"10","affiliation": [{"@_fa": "true", "affilname":"Graduate Industrial School of Thessaloniki","affiliation-city":"Thessaloniki","affiliation-country":"Greece"}],"prism:aggregationType":"Journal","subtype":"ar","subtypeDescription":"Article","source-id":"14610","openaccess":"0","openaccessFlag":false}]}}