{"search-results":{"opensearch:totalResults":"6","opensearch:startIndex":"0","opensearch:itemsPerPage":"6","opensearch:Query":{"@role": "request", "@searchTerms": "TITLE-ABS-KEY(\"clientelism\") AND SUBJAREA(SOCI) AND PUBYEAR = 1983", "@startPage": "0"},"link": [{"@_fa": "true", "@ref": "self", "@href": "https://api.elsevier.com/content/search/scopus?start=0&count=25&query=TITLE-ABS-KEY%28%22clientelism%22%29+AND+SUBJAREA%28SOCI%29+AND+PUBYEAR+%3D+1983&apiKey=27d953b4b546791964ebeb768d13e61f&view=STANDARD", "@type": "application/json"},{"@_fa": "true", "@ref": "first", "@href": "https://api.elsevier.com/content/search/scopus?start=0&count=25&query=TITLE-ABS-KEY%28%22clientelism%22%29+AND+SUBJAREA%28SOCI%29+AND+PUBYEAR+%3D+1983&apiKey=27d953b4b546791964ebeb768d13e61f&view=STANDARD", "@type": "application/json"}],"entry": [{"@_fa": "true", "link": [{"@_fa": "true", "@ref": "self", "@href": "https://api.elsevier.com/content/abstract/scopus_id/6144235296"},{"@_fa": "true", "@ref": "author-affiliation", "@href": "https://api.elsevier.com/content/abstract/scopus_id/6144235296?field=author,affiliation"},{"@_fa": "true", "@ref": "scopus", "@href": "https://www.scopus.com/inward/record.uri?partnerID=HzOxMe3b&scp=6144235296&origin=inward"},{"@_fa": "true", "@ref": "scopus-citedby", "@href": "https://www.scopus.com/inward/citedby.uri?partnerID=HzOxMe3b&scp=6144235296&origin=inward"}],"prism:url":"https://api.elsevier.com/content/abstract/scopus_id/6144235296","dc:identifier":"SCOPUS_ID:6144235296","eid":"2-s2.0-6144235296","dc:title":"Overcrowded policymaking: Some British and European reflections","dc:creator":"Richardson J.","prism:publicationName":"Policy Sciences","prism:issn":"00322687","prism:eIssn":"15730891","prism:volume":"15","prism:issueIdentifier":"3","prism:pageRange":"247-268","prism:coverDate":"1983-04-01","prism:coverDisplayDate":"April 1983","prism:doi":"10.1007/BF00136827","citedby-count":"7","affiliation": [{"@_fa": "true", "affilname":"University of Strathclyde","affiliation-city":"Glasgow","affiliation-country":"United Kingdom"}],"prism:aggregationType":"Journal","subtype":"ar","subtypeDescription":"Article","source-id":"22773","openaccess":"0","openaccessFlag":false},{"@_fa": "true", "link": [{"@_fa": "true", "@ref": "self", "@href": "https://api.elsevier.com/content/abstract/scopus_id/84982763246"},{"@_fa": "true", "@ref": "author-affiliation", "@href": "https://api.elsevier.com/content/abstract/scopus_id/84982763246?field=author,affiliation"},{"@_fa": "true", "@ref": "scopus", "@href": "https://www.scopus.com/inward/record.uri?partnerID=HzOxMe3b&scp=84982763246&origin=inward"},{"@_fa": "true", "@ref": "scopus-citedby", "@href": "https://www.scopus.com/inward/citedby.uri?partnerID=HzOxMe3b&scp=84982763246&origin=inward"}],"prism:url":"https://api.elsevier.com/content/abstract/scopus_id/84982763246","dc:identifier":"SCOPUS_ID:84982763246","eid":"2-s2.0-84982763246","dc:title":"Clientelism","dc:creator":"Poggi G.","prism:publicationName":"Political Studies","prism:issn":"00323217","prism:eIssn":"14679248","prism:volume":"31","prism:issueIdentifier":"4","prism:pageRange":"662-667","prism:coverDate":"1983-01-01","prism:coverDisplayDate":"December 1983","prism:doi":"10.1111/j.1467-9248.1983.tb01361.x","citedby-count":"6","prism:aggregationType":"Journal","subtype":"ar","subtypeDescription":"Article","source-id":"22890","openaccess":"0","openaccessFlag":false},{"@_fa": "true", "link": [{"@_fa": "true", "@ref": "self", "@href": "https://api.elsevier.com/content/abstract/scopus_id/84971792384"},{"@_fa": "true", "@ref": "author-affiliation", "@href": "https://api.elsevier.com/content/abstract/scopus_id/84971792384?field=author,affiliation"},{"@_fa": "true", "@ref": "scopus", "@href": "https://www.scopus.com/inward/record.uri?partnerID=HzOxMe3b&scp=84971792384&origin=inward"},{"@_fa": "true", "@ref": "scopus-citedby", "@href": "https://www.scopus.com/inward/citedby.uri?partnerID=HzOxMe3b&scp=84971792384&origin=inward"}],"prism:url":"https://api.elsevier.com/content/abstract/scopus_id/84971792384","dc:identifier":"SCOPUS_ID:84971792384","eid":"2-s2.0-84971792384","dc:title":"Modern patron-client relations and historical clientelism: Some clues from ancient Republican Rome","dc:creator":"Roniger L.","prism:publicationName":"European Journal of Sociology","prism:issn":"00039756","prism:eIssn":"14740583","prism:volume":"24","prism:issueIdentifier":"1","prism:pageRange":"63-95","prism:coverDate":"1983-01-01","prism:coverDisplayDate":"1983","prism:doi":"10.1017/S0003975600003969","citedby-count":"7","prism:aggregationType":"Journal","subtype":"ar","subtypeDescription":"Article","source-id":"14402","openaccess":"0","openaccessFlag":false},{"@_fa": "true", "link": [{"@_fa": "true", "@ref": "self", "@href": "https://api.elsevier.com/content/abstract/scopus_id/84973744321"},{"@_fa": "true", "@ref": "author-affiliation", "@href": "https://api.elsevier.com/content/abstract/scopus_id/84973744321?field=author,affiliation"},{"@_fa": "true", "@ref": "scopus", "@href": "https://www.scopus.com/inward/record.uri?partnerID=HzOxMe3b&scp=84973744321&origin=inward"},{"@_fa": "true", "@ref": "scopus-citedby", "@href": "https://www.scopus.com/inward/citedby.uri?partnerID=HzOxMe3b&scp=84973744321&origin=inward"}],"prism:url":"https://api.elsevier.com/content/abstract/scopus_id/84973744321","dc:identifier":"SCOPUS_ID:84973744321","eid":"2-s2.0-84973744321","dc:title":"Political clientelism in political studies:Retrospect and Prospects","dc:creator":"Landé C.","prism:publicationName":"International Political Science Review","prism:issn":"01925121","prism:eIssn":"1460373X","prism:volume":"4","prism:issueIdentifier":"4","prism:pageRange":"435-454","prism:coverDate":"1983-01-01","prism:coverDisplayDate":"October 1983","prism:doi":"10.1177/019251218300400403","citedby-count":"31","affiliation": [{"@_fa": "true", "affilname":"University of Kansas","affiliation-city":"Wichita","affiliation-country":"United States"}],"prism:aggregationType":"Journal","subtype":"ar","subtypeDescription":"Article","source-id":"25833","openaccess":"0","openaccessFlag":false},{"@_fa": "true", "link": [{"@_fa": "true", "@ref": "self", "@href": "https://api.elsevier.com/content/abstract/scopus_id/84970113518"},{"@_fa": "true", "@ref": "author-affiliation", "@href": "https://api.elsevier.com/content/abstract/scopus_id/84970113518?field=author,affiliation"},{"@_fa": "true", "@ref": "scopus", "@href": "https://www.scopus.com/inward/record.uri?partnerID=HzOxMe3b&scp=84970113518&origin=inward"},{"@_fa": "true", "@ref": "scopus-citedby", "@href": "https://www.scopus.com/inward/citedby.uri?partnerID=HzOxMe3b&scp=84970113518&origin=inward"}],"prism:url":"https://api.elsevier.com/content/abstract/scopus_id/84970113518","dc:identifier":"SCOPUS_ID:84970113518","eid":"2-s2.0-84970113518","dc:title":"Bases of elite support for a regime: Race, Ideology, and Clientelism as Bases for Leaders in Guyana and Trinidad","dc:creator":"Hintzen P.","prism:publicationName":"Comparative Political Studies","prism:issn":"00104140","prism:eIssn":"15523829","prism:volume":"16","prism:issueIdentifier":"3","prism:pageRange":"363-391","prism:coverDate":"1983-01-01","prism:coverDisplayDate":"October 1983","prism:doi":"10.1177/0010414083016003004","citedby-count":"0","affiliation": [{"@_fa": "true", "affilname":"University of California, Berkeley","affiliation-city":"Berkeley","affiliation-country":"United States"}],"prism:aggregationType":"Journal","subtype":"ar","subtypeDescription":"Article","source-id":"13447","openaccess":"0","openaccessFlag":false},{"@_fa": "true", "link": [{"@_fa": "true", "@ref": "self", "@href": "https://api.elsevier.com/content/abstract/scopus_id/84972691434"},{"@_fa": "true", "@ref": "author-affiliation", "@href": "https://api.elsevier.com/content/abstract/scopus_id/84972691434?field=author,affiliation"},{"@_fa": "true", "@ref": "scopus", "@href": "https://www.scopus.com/inward/record.uri?partnerID=HzOxMe3b&scp=84972691434&origin=inward"},{"@_fa": "true", "@ref": "scopus-citedby", "@href": "https://www.scopus.com/inward/citedby.uri?partnerID=HzOxMe3b&scp=84972691434&origin=inward"}],"prism:url":"https://api.elsevier.com/content/abstract/scopus_id/84972691434","dc:identifier":"SCOPUS_ID:84972691434","eid":"2-s2.0-84972691434","dc:title":"Everyday forms of class struggle between ex-patrons and ex-clients","dc:creator":"Scott J.","prism:publicationName":"International Political Science Review","prism:issn":"01925121","prism:eIssn":"1460373X","prism:volume":"4","prism:issueIdentifier":"4","prism:pageRange":"537-556","prism:coverDate":"1983-01-01","prism:coverDisplayDate":"October 1983","prism:doi":"10.1177/019251218300400407","citedby-count":"1","affiliation": [{"@_fa": "true", "affilname":"Yale University","affiliation-city":"New Haven","affiliation-country":"United States"}],"prism:aggregationType":"Journal","subtype":"ar","subtypeDescription":"Article","source-id":"25833","openaccess":"0","openaccessFlag":false}]}}