{"search-results":{"opensearch:totalResults":"86","opensearch:startIndex":"0","opensearch:itemsPerPage":"25","opensearch:Query":{"@role": "request", "@searchTerms": "TITLE-ABS-KEY(\"clientelism\") AND SUBJAREA(SOCI) AND PUBYEAR = 2015", "@startPage": "0"},"link": [{"@_fa": "true", "@ref": "self", "@href": "https://api.elsevier.com/content/search/scopus?start=0&count=25&query=TITLE-ABS-KEY%28%22clientelism%22%29+AND+SUBJAREA%28SOCI%29+AND+PUBYEAR+%3D+2015&apiKey=27d953b4b546791964ebeb768d13e61f&view=STANDARD", "@type": "application/json"},{"@_fa": "true", "@ref": "first", "@href": "https://api.elsevier.com/content/search/scopus?start=0&count=25&query=TITLE-ABS-KEY%28%22clientelism%22%29+AND+SUBJAREA%28SOCI%29+AND+PUBYEAR+%3D+2015&apiKey=27d953b4b546791964ebeb768d13e61f&view=STANDARD", "@type": "application/json"},{"@_fa": "true", "@ref": "next", "@href": "https://api.elsevier.com/content/search/scopus?start=25&count=25&query=TITLE-ABS-KEY%28%22clientelism%22%29+AND+SUBJAREA%28SOCI%29+AND+PUBYEAR+%3D+2015&apiKey=27d953b4b546791964ebeb768d13e61f&view=STANDARD", "@type": "application/json"},{"@_fa": "true", "@ref": "last", "@href": "https://api.elsevier.com/content/search/scopus?start=61&count=25&query=TITLE-ABS-KEY%28%22clientelism%22%29+AND+SUBJAREA%28SOCI%29+AND+PUBYEAR+%3D+2015&apiKey=27d953b4b546791964ebeb768d13e61f&view=STANDARD", "@type": "application/json"}],"entry": [{"@_fa": "true", "link": [{"@_fa": "true", "@ref": "self", "@href": "https://api.elsevier.com/content/abstract/scopus_id/84949908493"},{"@_fa": "true", "@ref": "author-affiliation", "@href": "https://api.elsevier.com/content/abstract/scopus_id/84949908493?field=author,affiliation"},{"@_fa": "true", "@ref": "scopus", "@href": "https://www.scopus.com/inward/record.uri?partnerID=HzOxMe3b&scp=84949908493&origin=inward"},{"@_fa": "true", "@ref": "scopus-citedby", "@href": "https://www.scopus.com/inward/citedby.uri?partnerID=HzOxMe3b&scp=84949908493&origin=inward"}],"prism:url":"https://api.elsevier.com/content/abstract/scopus_id/84949908493","dc:identifier":"SCOPUS_ID:84949908493","eid":"2-s2.0-84949908493","dc:title":"Contractors politicians and local populations in Cameroon. Between patronage and mutual exchanges","dc:creator":"Nguegang R.","prism:publicationName":"Cahiers d'Etudes Africaines","prism:issn":"00080055","prism:eIssn":"17775353","prism:volume":"220","prism:issueIdentifier":"4","prism:pageRange":"811-836","prism:coverDate":"2015-12-09","prism:coverDisplayDate":"9 December 2015","citedby-count":"0","affiliation": [{"@_fa": "true", "affilname":"Université de Douala","affiliation-city":null,"affiliation-country":"France"}],"prism:aggregationType":"Journal","subtype":"re","subtypeDescription":"Review","source-id":"36166","openaccess":"0","openaccessFlag":false},{"@_fa": "true", "link": [{"@_fa": "true", "@ref": "self", "@href": "https://api.elsevier.com/content/abstract/scopus_id/84962038993"},{"@_fa": "true", "@ref": "author-affiliation", "@href": "https://api.elsevier.com/content/abstract/scopus_id/84962038993?field=author,affiliation"},{"@_fa": "true", "@ref": "scopus", "@href": "https://www.scopus.com/inward/record.uri?partnerID=HzOxMe3b&scp=84962038993&origin=inward"},{"@_fa": "true", "@ref": "scopus-citedby", "@href": "https://www.scopus.com/inward/citedby.uri?partnerID=HzOxMe3b&scp=84962038993&origin=inward"}],"prism:url":"https://api.elsevier.com/content/abstract/scopus_id/84962038993","dc:identifier":"SCOPUS_ID:84962038993","eid":"2-s2.0-84962038993","dc:title":"The Kozole Rule: Profile of a Slovenian film-maker","dc:creator":"Debeljak E.","prism:publicationName":"Film International","prism:issn":"16516826","prism:eIssn":"20403801","prism:volume":"13","prism:issueIdentifier":"4","prism:pageRange":"122-126","prism:coverDate":"2015-12-01","prism:coverDisplayDate":"1 December 2015","prism:doi":"10.1386/fiin.13.4.122_7","citedby-count":"0","prism:aggregationType":"Journal","subtype":"no","subtypeDescription":"Note","source-id":"21100218017","openaccess":"0","openaccessFlag":false},{"@_fa": "true", "link": [{"@_fa": "true", "@ref": "self", "@href": "https://api.elsevier.com/content/abstract/scopus_id/84956895194"},{"@_fa": "true", "@ref": "author-affiliation", "@href": "https://api.elsevier.com/content/abstract/scopus_id/84956895194?field=author,affiliation"},{"@_fa": "true", "@ref": "scopus", "@href": "https://www.scopus.com/inward/record.uri?partnerID=HzOxMe3b&scp=84956895194&origin=inward"},{"@_fa": "true", "@ref": "scopus-citedby", "@href": "https://www.scopus.com/inward/citedby.uri?partnerID=HzOxMe3b&scp=84956895194&origin=inward"}],"prism:url":"https://api.elsevier.com/content/abstract/scopus_id/84956895194","dc:identifier":"SCOPUS_ID:84956895194","eid":"2-s2.0-84956895194","dc:title":"The turn of the offended: Clientelism in the wake of El Salvador's 2009 elections","dc:creator":"Montoya A.","prism:publicationName":"Social Analysis","prism:issn":"0155977X","prism:eIssn":"15585727","prism:volume":"59","prism:issueIdentifier":"4","prism:pageRange":"101-118","prism:coverDate":"2015-12-01","prism:coverDisplayDate":"Winter 2015","prism:doi":"10.3167/sa.2015.590407","citedby-count":"1","affiliation": [{"@_fa": "true", "affilname":"University of London","affiliation-city":"London","affiliation-country":"United Kingdom"}],"prism:aggregationType":"Journal","subtype":"ar","subtypeDescription":"Article","source-id":"5600153131","openaccess":"0","openaccessFlag":false},{"@_fa": "true", "link": [{"@_fa": "true", "@ref": "self", "@href": "https://api.elsevier.com/content/abstract/scopus_id/84949861471"},{"@_fa": "true", "@ref": "author-affiliation", "@href": "https://api.elsevier.com/content/abstract/scopus_id/84949861471?field=author,affiliation"},{"@_fa": "true", "@ref": "scopus", "@href": "https://www.scopus.com/inward/record.uri?partnerID=HzOxMe3b&scp=84949861471&origin=inward"},{"@_fa": "true", "@ref": "scopus-citedby", "@href": "https://www.scopus.com/inward/citedby.uri?partnerID=HzOxMe3b&scp=84949861471&origin=inward"}],"prism:url":"https://api.elsevier.com/content/abstract/scopus_id/84949861471","dc:identifier":"SCOPUS_ID:84949861471","eid":"2-s2.0-84949861471","dc:title":"Clients and Communities: The Political Economy of Party Network Organization and Development in India's Urban Slums","dc:creator":"Auerbach A.","prism:publicationName":"World Politics","prism:issn":"00438871","prism:eIssn":"10863338","prism:volume":"68","prism:issueIdentifier":"1","prism:pageRange":"111-148","prism:coverDate":"2015-11-02","prism:coverDisplayDate":"2 November 2015","prism:doi":"10.1017/S0043887115000313","pii":"S0043887115000313","citedby-count":"34","affiliation": [{"@_fa": "true", "affilname":"American University","affiliation-city":"Washington","affiliation-country":"United States"}],"prism:aggregationType":"Journal","subtype":"re","subtypeDescription":"Review","source-id":"25725","openaccess":"0","openaccessFlag":false},{"@_fa": "true", "link": [{"@_fa": "true", "@ref": "self", "@href": "https://api.elsevier.com/content/abstract/scopus_id/84938082720"},{"@_fa": "true", "@ref": "author-affiliation", "@href": "https://api.elsevier.com/content/abstract/scopus_id/84938082720?field=author,affiliation"},{"@_fa": "true", "@ref": "scopus", "@href": "https://www.scopus.com/inward/record.uri?partnerID=HzOxMe3b&scp=84938082720&origin=inward"},{"@_fa": "true", "@ref": "scopus-citedby", "@href": "https://www.scopus.com/inward/citedby.uri?partnerID=HzOxMe3b&scp=84938082720&origin=inward"},{"@_fa": "true", "@ref": "full-text", "@href": "https://api.elsevier.com/content/article/eid/1-s2.0-S0304387815000814"}],"prism:url":"https://api.elsevier.com/content/abstract/scopus_id/84938082720","dc:identifier":"SCOPUS_ID:84938082720","eid":"2-s2.0-84938082720","dc:title":"Buying votes versus supplying public services: Political incentives to under-invest in pro-poor policies","dc:creator":"Khemani S.","prism:publicationName":"Journal of Development Economics","prism:issn":"03043878","prism:volume":"117","prism:pageRange":"84-93","prism:coverDate":"2015-11-01","prism:coverDisplayDate":"November 01, 2015","prism:doi":"10.1016/j.jdeveco.2015.07.002","pii":"S0304387815000814","citedby-count":"12","affiliation": [{"@_fa": "true", "affilname":"The World Bank, USA","affiliation-city":"Washington","affiliation-country":"United States"}],"prism:aggregationType":"Journal","subtype":"ar","subtypeDescription":"Article","source-id":"14834","openaccess":"0","openaccessFlag":false},{"@_fa": "true", "link": [{"@_fa": "true", "@ref": "self", "@href": "https://api.elsevier.com/content/abstract/scopus_id/84944680537"},{"@_fa": "true", "@ref": "author-affiliation", "@href": "https://api.elsevier.com/content/abstract/scopus_id/84944680537?field=author,affiliation"},{"@_fa": "true", "@ref": "scopus", "@href": "https://www.scopus.com/inward/record.uri?partnerID=HzOxMe3b&scp=84944680537&origin=inward"},{"@_fa": "true", "@ref": "scopus-citedby", "@href": "https://www.scopus.com/inward/citedby.uri?partnerID=HzOxMe3b&scp=84944680537&origin=inward"}],"prism:url":"https://api.elsevier.com/content/abstract/scopus_id/84944680537","dc:identifier":"SCOPUS_ID:84944680537","eid":"2-s2.0-84944680537","dc:title":"Electoral violence in Bangladesh: Does a confrontational bipolar political system matter?","dc:creator":"Mozahidul Islam M.","prism:publicationName":"Commonwealth and Comparative Politics","prism:issn":"14662043","prism:eIssn":"17439094","prism:volume":"53","prism:issueIdentifier":"4","prism:pageRange":"359-380","prism:coverDate":"2015-10-02","prism:coverDisplayDate":"2 October 2015","prism:doi":"10.1080/14662043.2015.1089001","citedby-count":"6","affiliation": [{"@_fa": "true", "affilname":"North South University","affiliation-city":"Dhaka-1229","affiliation-country":"Bangladesh"}],"prism:aggregationType":"Journal","subtype":"ar","subtypeDescription":"Article","source-id":"23925","openaccess":"0","openaccessFlag":false},{"@_fa": "true", "link": [{"@_fa": "true", "@ref": "self", "@href": "https://api.elsevier.com/content/abstract/scopus_id/84958937335"},{"@_fa": "true", "@ref": "author-affiliation", "@href": "https://api.elsevier.com/content/abstract/scopus_id/84958937335?field=author,affiliation"},{"@_fa": "true", "@ref": "scopus", "@href": "https://www.scopus.com/inward/record.uri?partnerID=HzOxMe3b&scp=84958937335&origin=inward"},{"@_fa": "true", "@ref": "scopus-citedby", "@href": "https://www.scopus.com/inward/citedby.uri?partnerID=HzOxMe3b&scp=84958937335&origin=inward"}],"prism:url":"https://api.elsevier.com/content/abstract/scopus_id/84958937335","dc:identifier":"SCOPUS_ID:84958937335","eid":"2-s2.0-84958937335","dc:title":"From Dayton to Brussels via Tuzla: post-2014 economic restructuring as europeanization discourse/practice in Bosnia and Herzegovina","dc:creator":"Majstorović D.","prism:publicationName":"Journal of Southeast European and Black Sea","prism:issn":"14683857","prism:eIssn":"17439639","prism:volume":"15","prism:issueIdentifier":"4","prism:pageRange":"661-682","prism:coverDate":"2015-10-02","prism:coverDisplayDate":"2 October 2015","prism:doi":"10.1080/14683857.2015.1126093","citedby-count":"10","affiliation": [{"@_fa": "true", "affilname":"University of Banja Luka","affiliation-city":"Banja Luka","affiliation-country":"Serbia"}],"prism:aggregationType":"Journal","subtype":"ar","subtypeDescription":"Article","source-id":"5700163885","openaccess":"0","openaccessFlag":false},{"@_fa": "true", "link": [{"@_fa": "true", "@ref": "self", "@href": "https://api.elsevier.com/content/abstract/scopus_id/84960492813"},{"@_fa": "true", "@ref": "author-affiliation", "@href": "https://api.elsevier.com/content/abstract/scopus_id/84960492813?field=author,affiliation"},{"@_fa": "true", "@ref": "scopus", "@href": "https://www.scopus.com/inward/record.uri?partnerID=HzOxMe3b&scp=84960492813&origin=inward"},{"@_fa": "true", "@ref": "scopus-citedby", "@href": "https://www.scopus.com/inward/citedby.uri?partnerID=HzOxMe3b&scp=84960492813&origin=inward"}],"prism:url":"https://api.elsevier.com/content/abstract/scopus_id/84960492813","dc:identifier":"SCOPUS_ID:84960492813","eid":"2-s2.0-84960492813","dc:title":"Clientelism a stumbling block for democratization?: Lessons from Mexico","dc:creator":"Seffer K.","prism:publicationName":"Latin American Perspectives","prism:issn":"0094582X","prism:eIssn":"1552678X","prism:volume":"42","prism:issueIdentifier":"5","prism:pageRange":"198-215","prism:coverDate":"2015-09-01","prism:coverDisplayDate":"September 2015","prism:doi":"10.1177/0094582X14547511","citedby-count":"1","affiliation": [{"@_fa": "true", "affilname":"University of Leipzig","affiliation-city":"Leipzig","affiliation-country":"United States"}],"prism:aggregationType":"Journal","subtype":"ar","subtypeDescription":"Article","source-id":"27731","openaccess":"0","openaccessFlag":false},{"@_fa": "true", "link": [{"@_fa": "true", "@ref": "self", "@href": "https://api.elsevier.com/content/abstract/scopus_id/84975230447"},{"@_fa": "true", "@ref": "author-affiliation", "@href": "https://api.elsevier.com/content/abstract/scopus_id/84975230447?field=author,affiliation"},{"@_fa": "true", "@ref": "scopus", "@href": "https://www.scopus.com/inward/record.uri?partnerID=HzOxMe3b&scp=84975230447&origin=inward"},{"@_fa": "true", "@ref": "scopus-citedby", "@href": "https://www.scopus.com/inward/citedby.uri?partnerID=HzOxMe3b&scp=84975230447&origin=inward"}],"prism:url":"https://api.elsevier.com/content/abstract/scopus_id/84975230447","dc:identifier":"SCOPUS_ID:84975230447","eid":"2-s2.0-84975230447","dc:title":"What the Macedonian phone-tapping scandal tells us about clientelism in the media","dc:creator":"Micevski I.","prism:publicationName":"International Journal of Digital Television","prism:eIssn":"20404182","prism:volume":"6","prism:issueIdentifier":"3","prism:pageRange":"319-326","prism:coverDate":"2015-09-01","prism:coverDisplayDate":"1 September 2015","prism:doi":"10.1386/jdtv.6.3.319_1","citedby-count":"0","affiliation": [{"@_fa": "true", "affilname":"St. Cyril and Methodius University","affiliation-city":null,"affiliation-country":"Macedonia"}],"prism:aggregationType":"Journal","subtype":"ar","subtypeDescription":"Article","source-id":"21100200623","openaccess":"0","openaccessFlag":false},{"@_fa": "true", "link": [{"@_fa": "true", "@ref": "self", "@href": "https://api.elsevier.com/content/abstract/scopus_id/84938420200"},{"@_fa": "true", "@ref": "author-affiliation", "@href": "https://api.elsevier.com/content/abstract/scopus_id/84938420200?field=author,affiliation"},{"@_fa": "true", "@ref": "scopus", "@href": "https://www.scopus.com/inward/record.uri?partnerID=HzOxMe3b&scp=84938420200&origin=inward"},{"@_fa": "true", "@ref": "scopus-citedby", "@href": "https://www.scopus.com/inward/citedby.uri?partnerID=HzOxMe3b&scp=84938420200&origin=inward"},{"@_fa": "true", "@ref": "full-text", "@href": "https://api.elsevier.com/content/article/eid/1-s2.0-S0261379415000517"}],"prism:url":"https://api.elsevier.com/content/abstract/scopus_id/84938420200","dc:identifier":"SCOPUS_ID:84938420200","eid":"2-s2.0-84938420200","dc:title":"The 2014 parliamentary elections in Solomon Islands","dc:creator":"Wood T.","prism:publicationName":"Electoral Studies","prism:issn":"02613794","prism:volume":"39","prism:pageRange":"153-158","prism:coverDate":"2015-09-01","prism:coverDisplayDate":"September 01, 2015","prism:doi":"10.1016/j.electstud.2015.03.006","pii":"S0261379415000517","citedby-count":"2","affiliation": [{"@_fa": "true", "affilname":"Australian National University","affiliation-city":"Canberra","affiliation-country":"Australia"}],"prism:aggregationType":"Journal","subtype":"ar","subtypeDescription":"Article","source-id":"16114","openaccess":"0","openaccessFlag":false},{"@_fa": "true", "link": [{"@_fa": "true", "@ref": "self", "@href": "https://api.elsevier.com/content/abstract/scopus_id/85036037697"},{"@_fa": "true", "@ref": "author-affiliation", "@href": "https://api.elsevier.com/content/abstract/scopus_id/85036037697?field=author,affiliation"},{"@_fa": "true", "@ref": "scopus", "@href": "https://www.scopus.com/inward/record.uri?partnerID=HzOxMe3b&scp=85036037697&origin=inward"},{"@_fa": "true", "@ref": "scopus-citedby", "@href": "https://www.scopus.com/inward/citedby.uri?partnerID=HzOxMe3b&scp=85036037697&origin=inward"}],"prism:url":"https://api.elsevier.com/content/abstract/scopus_id/85036037697","dc:identifier":"SCOPUS_ID:85036037697","eid":"2-s2.0-85036037697","dc:title":"Regional powers, clientelism and state. Ethnographies of power and politics in Córdoba (Colombia)","dc:creator":"Qcampo G.","prism:publicationName":"Memorias","prism:eIssn":"17948886","prism:issueIdentifier":"27","prism:pageRange":"i-vii","prism:coverDate":"2015-09-01","prism:coverDisplayDate":"September-December 2015","citedby-count":"0","affiliation": [{"@_fa": "true", "affilname":"Observatorio Para el Desarrollo la Convivencia y el Fortalecimiento Institucional (ODECOFI)","affiliation-city":null,"affiliation-country":"Colombia"}],"prism:aggregationType":"Journal","subtype":"re","subtypeDescription":"Review","source-id":"21100371223","openaccess":"0","openaccessFlag":false},{"@_fa": "true", "link": [{"@_fa": "true", "@ref": "self", "@href": "https://api.elsevier.com/content/abstract/scopus_id/84927655621"},{"@_fa": "true", "@ref": "author-affiliation", "@href": "https://api.elsevier.com/content/abstract/scopus_id/84927655621?field=author,affiliation"},{"@_fa": "true", "@ref": "scopus", "@href": "https://www.scopus.com/inward/record.uri?partnerID=HzOxMe3b&scp=84927655621&origin=inward"},{"@_fa": "true", "@ref": "scopus-citedby", "@href": "https://www.scopus.com/inward/citedby.uri?partnerID=HzOxMe3b&scp=84927655621&origin=inward"},{"@_fa": "true", "@ref": "full-text", "@href": "https://api.elsevier.com/content/article/eid/1-s2.0-S0261379415000529"}],"prism:url":"https://api.elsevier.com/content/abstract/scopus_id/84927655621","dc:identifier":"SCOPUS_ID:84927655621","eid":"2-s2.0-84927655621","dc:title":"Fertilizer and votes: Does strategic economic policy explain the 2009 Malawi election?","dc:creator":"Brazys S.","prism:publicationName":"Electoral Studies","prism:issn":"02613794","prism:volume":"39","prism:pageRange":"39-55","prism:coverDate":"2015-09-01","prism:coverDisplayDate":"September 01, 2015","prism:doi":"10.1016/j.electstud.2015.03.007","pii":"S0261379415000529","citedby-count":"6","affiliation": [{"@_fa": "true", "affilname":"University College Dublin","affiliation-city":"Dublin","affiliation-country":"Ireland"}],"prism:aggregationType":"Journal","subtype":"ar","subtypeDescription":"Article","source-id":"16114","openaccess":"0","openaccessFlag":false},{"@_fa": "true", "link": [{"@_fa": "true", "@ref": "self", "@href": "https://api.elsevier.com/content/abstract/scopus_id/84957725299"},{"@_fa": "true", "@ref": "author-affiliation", "@href": "https://api.elsevier.com/content/abstract/scopus_id/84957725299?field=author,affiliation"},{"@_fa": "true", "@ref": "scopus", "@href": "https://www.scopus.com/inward/record.uri?partnerID=HzOxMe3b&scp=84957725299&origin=inward"},{"@_fa": "true", "@ref": "scopus-citedby", "@href": "https://www.scopus.com/inward/citedby.uri?partnerID=HzOxMe3b&scp=84957725299&origin=inward"}],"prism:url":"https://api.elsevier.com/content/abstract/scopus_id/84957725299","dc:identifier":"SCOPUS_ID:84957725299","eid":"2-s2.0-84957725299","dc:title":"Mediating between state and citizens: the significance of the informal politics of third-party representation in the global south","dc:creator":"Piper L.","prism:publicationName":"Citizenship Studies","prism:issn":"13621025","prism:eIssn":"14693593","prism:volume":"19","prism:issueIdentifier":"6-7","prism:pageRange":"696-713","prism:coverDate":"2015-08-18","prism:coverDisplayDate":"18 August 2015","prism:doi":"10.1080/13621025.2015.1053794","citedby-count":"4","affiliation": [{"@_fa": "true", "affilname":"University of the Western Cape","affiliation-city":"Bellville","affiliation-country":"South Africa"}],"prism:aggregationType":"Journal","subtype":"ar","subtypeDescription":"Article","source-id":"16886","openaccess":"0","openaccessFlag":false},{"@_fa": "true", "link": [{"@_fa": "true", "@ref": "self", "@href": "https://api.elsevier.com/content/abstract/scopus_id/84928798890"},{"@_fa": "true", "@ref": "author-affiliation", "@href": "https://api.elsevier.com/content/abstract/scopus_id/84928798890?field=author,affiliation"},{"@_fa": "true", "@ref": "scopus", "@href": "https://www.scopus.com/inward/record.uri?partnerID=HzOxMe3b&scp=84928798890&origin=inward"},{"@_fa": "true", "@ref": "scopus-citedby", "@href": "https://www.scopus.com/inward/citedby.uri?partnerID=HzOxMe3b&scp=84928798890&origin=inward"}],"prism:url":"https://api.elsevier.com/content/abstract/scopus_id/84928798890","dc:identifier":"SCOPUS_ID:84928798890","eid":"2-s2.0-84928798890","dc:title":"The economics and implications of moratoria on tourism accommodation development as a rejuvenation tool in mature tourism destinations","dc:creator":"Hernández-Martín R.","prism:publicationName":"Journal of Sustainable Tourism","prism:issn":"09669582","prism:eIssn":"17477646","prism:volume":"23","prism:issueIdentifier":"6","prism:pageRange":"881-899","prism:coverDate":"2015-07-03","prism:coverDisplayDate":"3 July 2015","prism:doi":"10.1080/09669582.2015.1027212","citedby-count":"5","affiliation": [{"@_fa": "true", "affilname":"Universidad de la Laguna","affiliation-city":"San Cristobal de La Laguna","affiliation-country":"Spain"}],"prism:aggregationType":"Journal","subtype":"ar","subtypeDescription":"Article","source-id":"14811","openaccess":"0","openaccessFlag":false},{"@_fa": "true", "link": [{"@_fa": "true", "@ref": "self", "@href": "https://api.elsevier.com/content/abstract/scopus_id/85040697604"},{"@_fa": "true", "@ref": "author-affiliation", "@href": "https://api.elsevier.com/content/abstract/scopus_id/85040697604?field=author,affiliation"},{"@_fa": "true", "@ref": "scopus", "@href": "https://www.scopus.com/inward/record.uri?partnerID=HzOxMe3b&scp=85040697604&origin=inward"},{"@_fa": "true", "@ref": "scopus-citedby", "@href": "https://www.scopus.com/inward/citedby.uri?partnerID=HzOxMe3b&scp=85040697604&origin=inward"}],"prism:url":"https://api.elsevier.com/content/abstract/scopus_id/85040697604","dc:identifier":"SCOPUS_ID:85040697604","eid":"2-s2.0-85040697604","dc:title":"Participative urban master plan: The challenges of democratic management of the urban policy in the municipality of Joinville (SC)","dc:creator":"Camargo L.","prism:publicationName":"Revista Brasileira de Gestao e Desenvolvimento Regional","prism:eIssn":"1809239X","prism:volume":"11","prism:issueIdentifier":"2","prism:pageRange":"292-311","prism:coverDate":"2015-06-26","prism:coverDisplayDate":"26 June 2015","citedby-count":"0","affiliation": [{"@_fa": "true", "affilname":"Universidade do Sul de Santa Catarina","affiliation-city":"Tubarao","affiliation-country":"Brazil"}],"prism:aggregationType":"Journal","subtype":"ar","subtypeDescription":"Article","source-id":"7200153148","openaccess":"0","openaccessFlag":false},{"@_fa": "true", "link": [{"@_fa": "true", "@ref": "self", "@href": "https://api.elsevier.com/content/abstract/scopus_id/84967211760"},{"@_fa": "true", "@ref": "author-affiliation", "@href": "https://api.elsevier.com/content/abstract/scopus_id/84967211760?field=author,affiliation"},{"@_fa": "true", "@ref": "scopus", "@href": "https://www.scopus.com/inward/record.uri?partnerID=HzOxMe3b&scp=84967211760&origin=inward"},{"@_fa": "true", "@ref": "scopus-citedby", "@href": "https://www.scopus.com/inward/citedby.uri?partnerID=HzOxMe3b&scp=84967211760&origin=inward"}],"prism:url":"https://api.elsevier.com/content/abstract/scopus_id/84967211760","dc:identifier":"SCOPUS_ID:84967211760","eid":"2-s2.0-84967211760","dc:title":"Clientelism","dc:creator":"Briquet J.","prism:publicationName":"The Routledge Handbook of Contemporary Italy: History, Politics, Society","prism:isbn": [{"@_fa": "true", "$" :"9781317487548"},{"@_fa": "true", "$" :"9780415604178"}],"prism:pageRange":"252-261","prism:coverDate":"2015-05-15","prism:coverDisplayDate":"May 15, 2015","prism:doi":"10.4324/9781315709970","citedby-count":"0","affiliation": [{"@_fa": "true", "affilname":"Universite Paris 1 Pantheon-Sorbonne","affiliation-city":"Paris","affiliation-country":"France"}],"prism:aggregationType":"Book","subtype":"ch","subtypeDescription":"Chapter","source-id":"21100457465","openaccess":"0","openaccessFlag":false},{"@_fa": "true", "link": [{"@_fa": "true", "@ref": "self", "@href": "https://api.elsevier.com/content/abstract/scopus_id/84931011202"},{"@_fa": "true", "@ref": "author-affiliation", "@href": "https://api.elsevier.com/content/abstract/scopus_id/84931011202?field=author,affiliation"},{"@_fa": "true", "@ref": "scopus", "@href": "https://www.scopus.com/inward/record.uri?partnerID=HzOxMe3b&scp=84931011202&origin=inward"},{"@_fa": "true", "@ref": "scopus-citedby", "@href": "https://www.scopus.com/inward/citedby.uri?partnerID=HzOxMe3b&scp=84931011202&origin=inward"}],"prism:url":"https://api.elsevier.com/content/abstract/scopus_id/84931011202","dc:identifier":"SCOPUS_ID:84931011202","eid":"2-s2.0-84931011202","dc:title":"Informal networks as sources of human (In)security in the south caucasus","dc:creator":"Aliyev H.","prism:publicationName":"Global Change, Peace and Security","prism:issn":"14781158","prism:eIssn":"14781166","prism:volume":"27","prism:issueIdentifier":"2","prism:pageRange":"191-206","prism:coverDate":"2015-05-04","prism:coverDisplayDate":"4 May 2015","prism:doi":"10.1080/14781158.2015.1019844","citedby-count":"5","affiliation": [{"@_fa": "true", "affilname":"University of Otago","affiliation-city":"Dunedin","affiliation-country":"New Zealand"},{"@_fa": "true", "affilname":"University of Bremen","affiliation-city":"Bremen","affiliation-country":"Germany"}],"prism:aggregationType":"Journal","subtype":"ar","subtypeDescription":"Article","source-id":"5700165092","openaccess":"0","openaccessFlag":false},{"@_fa": "true", "link": [{"@_fa": "true", "@ref": "self", "@href": "https://api.elsevier.com/content/abstract/scopus_id/84918796120"},{"@_fa": "true", "@ref": "author-affiliation", "@href": "https://api.elsevier.com/content/abstract/scopus_id/84918796120?field=author,affiliation"},{"@_fa": "true", "@ref": "scopus", "@href": "https://www.scopus.com/inward/record.uri?partnerID=HzOxMe3b&scp=84918796120&origin=inward"},{"@_fa": "true", "@ref": "scopus-citedby", "@href": "https://www.scopus.com/inward/citedby.uri?partnerID=HzOxMe3b&scp=84918796120&origin=inward"},{"@_fa": "true", "@ref": "full-text", "@href": "https://api.elsevier.com/content/article/eid/1-s2.0-S0304387814001229"}],"prism:url":"https://api.elsevier.com/content/abstract/scopus_id/84918796120","dc:identifier":"SCOPUS_ID:84918796120","eid":"2-s2.0-84918796120","dc:title":"Vote suppression and insecure property rights","dc:creator":"Castañeda Dower P.","prism:publicationName":"Journal of Development Economics","prism:issn":"03043878","prism:volume":"114","prism:pageRange":"1-19","prism:coverDate":"2015-05-01","prism:coverDisplayDate":"May 01, 2015","prism:doi":"10.1016/j.jdeveco.2014.11.003","pii":"S0304387814001229","citedby-count":"2","affiliation": [{"@_fa": "true", "affilname":"New Economic School","affiliation-city":"Moscow","affiliation-country":"Russian Federation"}],"prism:aggregationType":"Journal","subtype":"ar","subtypeDescription":"Article","source-id":"14834","openaccess":"0","openaccessFlag":false},{"@_fa": "true", "link": [{"@_fa": "true", "@ref": "self", "@href": "https://api.elsevier.com/content/abstract/scopus_id/85043435321"},{"@_fa": "true", "@ref": "author-affiliation", "@href": "https://api.elsevier.com/content/abstract/scopus_id/85043435321?field=author,affiliation"},{"@_fa": "true", "@ref": "scopus", "@href": "https://www.scopus.com/inward/record.uri?partnerID=HzOxMe3b&scp=85043435321&origin=inward"},{"@_fa": "true", "@ref": "scopus-citedby", "@href": "https://www.scopus.com/inward/citedby.uri?partnerID=HzOxMe3b&scp=85043435321&origin=inward"},{"@_fa": "true", "@ref": "full-text", "@href": "https://api.elsevier.com/content/article/eid/3-s2.0-B9780080970868121476"}],"prism:url":"https://api.elsevier.com/content/abstract/scopus_id/85043435321","dc:identifier":"SCOPUS_ID:85043435321","eid":"2-s2.0-85043435321","dc:title":"Socialist Societies: Anthropological Aspects","dc:creator":"Verdery K.","prism:publicationName":"International Encyclopedia of the Social &amp; Behavioral Sciences: Second Edition","prism:isbn": [{"@_fa": "true", "$" :"9780080970875"},{"@_fa": "true", "$" :"9780080970868"}],"prism:pageRange":"849-853","prism:coverDate":"2015-03-26","prism:coverDisplayDate":"26 March 2015","prism:doi":"10.1016/B978-0-08-097086-8.12147-6","pii":"B9780080970868121476","citedby-count":"0","affiliation": [{"@_fa": "true", "affilname":"City University of New York","affiliation-city":"New York","affiliation-country":"United States"}],"prism:aggregationType":"Book","subtype":"ch","subtypeDescription":"Chapter","source-id":"21100854651","openaccess":"0","openaccessFlag":false},{"@_fa": "true", "link": [{"@_fa": "true", "@ref": "self", "@href": "https://api.elsevier.com/content/abstract/scopus_id/85043439462"},{"@_fa": "true", "@ref": "author-affiliation", "@href": "https://api.elsevier.com/content/abstract/scopus_id/85043439462?field=author,affiliation"},{"@_fa": "true", "@ref": "scopus", "@href": "https://www.scopus.com/inward/record.uri?partnerID=HzOxMe3b&scp=85043439462&origin=inward"},{"@_fa": "true", "@ref": "scopus-citedby", "@href": "https://www.scopus.com/inward/citedby.uri?partnerID=HzOxMe3b&scp=85043439462&origin=inward"},{"@_fa": "true", "@ref": "full-text", "@href": "https://api.elsevier.com/content/article/eid/3-s2.0-B9780080970868121257"}],"prism:url":"https://api.elsevier.com/content/abstract/scopus_id/85043439462","dc:identifier":"SCOPUS_ID:85043439462","eid":"2-s2.0-85043439462","dc:title":"Patron-Client Relations, Social and Anthropological Study of","dc:creator":"Roniger L.","prism:publicationName":"International Encyclopedia of the Social &amp; Behavioral Sciences: Second Edition","prism:isbn": [{"@_fa": "true", "$" :"9780080970875"},{"@_fa": "true", "$" :"9780080970868"}],"prism:pageRange":"603-606","prism:coverDate":"2015-03-26","prism:coverDisplayDate":"26 March 2015","prism:doi":"10.1016/B978-0-08-097086-8.12125-7","pii":"B9780080970868121257","citedby-count":"0","affiliation": [{"@_fa": "true", "affilname":"Wake Forest University","affiliation-city":"Winston Salem","affiliation-country":"United States"},{"@_fa": "true", "affilname":"Hebrew University of Jerusalem","affiliation-city":"Jerusalem","affiliation-country":"Israel"}],"prism:aggregationType":"Book","subtype":"ch","subtypeDescription":"Chapter","source-id":"21100854651","openaccess":"0","openaccessFlag":false},{"@_fa": "true", "link": [{"@_fa": "true", "@ref": "self", "@href": "https://api.elsevier.com/content/abstract/scopus_id/85043424574"},{"@_fa": "true", "@ref": "author-affiliation", "@href": "https://api.elsevier.com/content/abstract/scopus_id/85043424574?field=author,affiliation"},{"@_fa": "true", "@ref": "scopus", "@href": "https://www.scopus.com/inward/record.uri?partnerID=HzOxMe3b&scp=85043424574&origin=inward"},{"@_fa": "true", "@ref": "scopus-citedby", "@href": "https://www.scopus.com/inward/citedby.uri?partnerID=HzOxMe3b&scp=85043424574&origin=inward"},{"@_fa": "true", "@ref": "full-text", "@href": "https://api.elsevier.com/content/article/eid/3-s2.0-B9780080970868120203"}],"prism:url":"https://api.elsevier.com/content/abstract/scopus_id/85043424574","dc:identifier":"SCOPUS_ID:85043424574","eid":"2-s2.0-85043424574","dc:title":"Southeast Asia: Sociocultural Aspects","dc:creator":"Evers H.","prism:publicationName":"International Encyclopedia of the Social &amp; Behavioral Sciences: Second Edition","prism:isbn": [{"@_fa": "true", "$" :"9780080970875"},{"@_fa": "true", "$" :"9780080970868"}],"prism:pageRange":"70-74","prism:coverDate":"2015-03-26","prism:coverDisplayDate":"26 March 2015","prism:doi":"10.1016/B978-0-08-097086-8.12020-3","pii":"B9780080970868120203","citedby-count":"0","affiliation": [{"@_fa": "true", "affilname":"UNIVERSITI BRUNEI DARUSSALAM","affiliation-city":"Bandar Seri Begawan","affiliation-country":"Brunei Darussalam"}],"prism:aggregationType":"Book","subtype":"ch","subtypeDescription":"Chapter","source-id":"21100854651","openaccess":"0","openaccessFlag":false},{"@_fa": "true", "link": [{"@_fa": "true", "@ref": "self", "@href": "https://api.elsevier.com/content/abstract/scopus_id/85043428434"},{"@_fa": "true", "@ref": "author-affiliation", "@href": "https://api.elsevier.com/content/abstract/scopus_id/85043428434?field=author,affiliation"},{"@_fa": "true", "@ref": "scopus", "@href": "https://www.scopus.com/inward/record.uri?partnerID=HzOxMe3b&scp=85043428434&origin=inward"},{"@_fa": "true", "@ref": "scopus-citedby", "@href": "https://www.scopus.com/inward/citedby.uri?partnerID=HzOxMe3b&scp=85043428434&origin=inward"},{"@_fa": "true", "@ref": "full-text", "@href": "https://api.elsevier.com/content/article/eid/3-s2.0-B9780080970868750057"}],"prism:url":"https://api.elsevier.com/content/abstract/scopus_id/85043428434","dc:identifier":"SCOPUS_ID:85043428434","eid":"2-s2.0-85043428434","dc:title":"Corruption: Political and Public Aspects","dc:creator":"Mungiu-Pippidi A.","prism:publicationName":"International Encyclopedia of the Social &amp; Behavioral Sciences: Second Edition","prism:isbn": [{"@_fa": "true", "$" :"9780080970875"},{"@_fa": "true", "$" :"9780080970868"}],"prism:pageRange":"12-20","prism:coverDate":"2015-03-26","prism:coverDisplayDate":"26 March 2015","prism:doi":"10.1016/B978-0-08-097086-8.75005-7","pii":"B9780080970868750057","citedby-count":"0","affiliation": [{"@_fa": "true", "affilname":"Hertie School of Governance GmbH","affiliation-city":"Berlin","affiliation-country":"Germany"}],"prism:aggregationType":"Book","subtype":"ch","subtypeDescription":"Chapter","source-id":"21100854651","openaccess":"0","openaccessFlag":false},{"@_fa": "true", "link": [{"@_fa": "true", "@ref": "self", "@href": "https://api.elsevier.com/content/abstract/scopus_id/84910639487"},{"@_fa": "true", "@ref": "author-affiliation", "@href": "https://api.elsevier.com/content/abstract/scopus_id/84910639487?field=author,affiliation"},{"@_fa": "true", "@ref": "scopus", "@href": "https://www.scopus.com/inward/record.uri?partnerID=HzOxMe3b&scp=84910639487&origin=inward"},{"@_fa": "true", "@ref": "scopus-citedby", "@href": "https://www.scopus.com/inward/citedby.uri?partnerID=HzOxMe3b&scp=84910639487&origin=inward"},{"@_fa": "true", "@ref": "full-text", "@href": "https://api.elsevier.com/content/article/eid/1-s2.0-S0305750X14003039"}],"prism:url":"https://api.elsevier.com/content/abstract/scopus_id/84910639487","dc:identifier":"SCOPUS_ID:84910639487","eid":"2-s2.0-84910639487","dc:title":"Does political activism and affiliation affect allocation of benefits in the rural employment guarantee program: Evidence from West Bengal, India","dc:creator":"Das U.","prism:publicationName":"World Development","prism:issn":"0305750X","prism:volume":"67","prism:pageRange":"202-217","prism:coverDate":"2015-03-01","prism:coverDisplayDate":"March 01, 2015","prism:doi":"10.1016/j.worlddev.2014.10.009","pii":"S0305750X14003039","citedby-count":"16","affiliation": [{"@_fa": "true", "affilname":"Indira Gandhi Institute of Development Research","affiliation-city":"Mumbai","affiliation-country":"India"}],"prism:aggregationType":"Journal","subtype":"ar","subtypeDescription":"Article","source-id":"30060","openaccess":"0","openaccessFlag":false},{"@_fa": "true", "link": [{"@_fa": "true", "@ref": "self", "@href": "https://api.elsevier.com/content/abstract/scopus_id/84918783175"},{"@_fa": "true", "@ref": "author-affiliation", "@href": "https://api.elsevier.com/content/abstract/scopus_id/84918783175?field=author,affiliation"},{"@_fa": "true", "@ref": "scopus", "@href": "https://www.scopus.com/inward/record.uri?partnerID=HzOxMe3b&scp=84918783175&origin=inward"},{"@_fa": "true", "@ref": "scopus-citedby", "@href": "https://www.scopus.com/inward/citedby.uri?partnerID=HzOxMe3b&scp=84918783175&origin=inward"},{"@_fa": "true", "@ref": "full-text", "@href": "https://api.elsevier.com/content/article/eid/1-s2.0-S0261379414001152"}],"prism:url":"https://api.elsevier.com/content/abstract/scopus_id/84918783175","dc:identifier":"SCOPUS_ID:84918783175","eid":"2-s2.0-84918783175","dc:title":"Clientelism and the personal vote in Indonesia","dc:creator":"Allen N.","prism:publicationName":"Electoral Studies","prism:issn":"02613794","prism:volume":"37","prism:pageRange":"73-85","prism:coverDate":"2015-03-01","prism:coverDisplayDate":"March 01, 2015","prism:doi":"10.1016/j.electstud.2014.10.005","pii":"S0261379414001152","citedby-count":"7","affiliation": [{"@_fa": "true", "affilname":"The University of British Columbia","affiliation-city":"Vancouver","affiliation-country":"Canada"}],"prism:aggregationType":"Journal","subtype":"ar","subtypeDescription":"Article","source-id":"16114","openaccess":"0","openaccessFlag":false},{"@_fa": "true", "link": [{"@_fa": "true", "@ref": "self", "@href": "https://api.elsevier.com/content/abstract/scopus_id/84925164299"},{"@_fa": "true", "@ref": "author-affiliation", "@href": "https://api.elsevier.com/content/abstract/scopus_id/84925164299?field=author,affiliation"},{"@_fa": "true", "@ref": "scopus", "@href": "https://www.scopus.com/inward/record.uri?partnerID=HzOxMe3b&scp=84925164299&origin=inward"},{"@_fa": "true", "@ref": "scopus-citedby", "@href": "https://www.scopus.com/inward/citedby.uri?partnerID=HzOxMe3b&scp=84925164299&origin=inward"}],"prism:url":"https://api.elsevier.com/content/abstract/scopus_id/84925164299","dc:identifier":"SCOPUS_ID:84925164299","eid":"2-s2.0-84925164299","dc:title":"Community participation and local governance in Bangladesh","dc:creator":"Waheduzzaman W.","prism:publicationName":"Australian Journal of Political Science","prism:issn":"10361146","prism:eIssn":"1558108X","prism:volume":"50","prism:issueIdentifier":"1","prism:pageRange":"128-147","prism:coverDate":"2015-01-02","prism:coverDisplayDate":"2 January 2015","prism:doi":"10.1080/10361146.2014.989194","citedby-count":"3","affiliation": [{"@_fa": "true", "affilname":"Swinburne University of Technology","affiliation-city":"Melbourne","affiliation-country":"Australia"}],"prism:aggregationType":"Journal","subtype":"ar","subtypeDescription":"Article","source-id":"15731","openaccess":"0","openaccessFlag":false}]}}