{"search-results":{"opensearch:totalResults":"12","opensearch:startIndex":"0","opensearch:itemsPerPage":"12","opensearch:Query":{"@role": "request", "@searchTerms": "TITLE-ABS-KEY(\"clientelism\") AND SUBJAREA(SOCI) AND PUBYEAR = 1996", "@startPage": "0"},"link": [{"@_fa": "true", "@ref": "self", "@href": "https://api.elsevier.com/content/search/scopus?start=0&count=25&query=TITLE-ABS-KEY%28%22clientelism%22%29+AND+SUBJAREA%28SOCI%29+AND+PUBYEAR+%3D+1996&apiKey=27d953b4b546791964ebeb768d13e61f&view=STANDARD", "@type": "application/json"},{"@_fa": "true", "@ref": "first", "@href": "https://api.elsevier.com/content/search/scopus?start=0&count=25&query=TITLE-ABS-KEY%28%22clientelism%22%29+AND+SUBJAREA%28SOCI%29+AND+PUBYEAR+%3D+1996&apiKey=27d953b4b546791964ebeb768d13e61f&view=STANDARD", "@type": "application/json"}],"entry": [{"@_fa": "true", "link": [{"@_fa": "true", "@ref": "self", "@href": "https://api.elsevier.com/content/abstract/scopus_id/0030323866"},{"@_fa": "true", "@ref": "author-affiliation", "@href": "https://api.elsevier.com/content/abstract/scopus_id/0030323866?field=author,affiliation"},{"@_fa": "true", "@ref": "scopus", "@href": "https://www.scopus.com/inward/record.uri?partnerID=HzOxMe3b&scp=0030323866&origin=inward"},{"@_fa": "true", "@ref": "scopus-citedby", "@href": "https://www.scopus.com/inward/citedby.uri?partnerID=HzOxMe3b&scp=0030323866&origin=inward"}],"prism:url":"https://api.elsevier.com/content/abstract/scopus_id/0030323866","dc:identifier":"SCOPUS_ID:0030323866","eid":"2-s2.0-0030323866","dc:title":"The failure of the authoritarian developmentalist regimes and the emergence of radical protest movements in the Middle East and Africa: the case of Algeria","dc:creator":"Zoubir Y.","prism:publicationName":"Journal of Third World Studies","prism:issn":"87553449","prism:volume":"13","prism:issueIdentifier":"1","prism:pageRange":"127-184","prism:coverDate":"1996-12-01","prism:coverDisplayDate":"1996","citedby-count":"6","prism:aggregationType":"Journal","subtype":"ar","subtypeDescription":"Article","source-id":"15886","openaccess":"0","openaccessFlag":false},{"@_fa": "true", "link": [{"@_fa": "true", "@ref": "self", "@href": "https://api.elsevier.com/content/abstract/scopus_id/0001112338"},{"@_fa": "true", "@ref": "author-affiliation", "@href": "https://api.elsevier.com/content/abstract/scopus_id/0001112338?field=author,affiliation"},{"@_fa": "true", "@ref": "scopus", "@href": "https://www.scopus.com/inward/record.uri?partnerID=HzOxMe3b&scp=0001112338&origin=inward"},{"@_fa": "true", "@ref": "scopus-citedby", "@href": "https://www.scopus.com/inward/citedby.uri?partnerID=HzOxMe3b&scp=0001112338&origin=inward"}],"prism:url":"https://api.elsevier.com/content/abstract/scopus_id/0001112338","dc:identifier":"SCOPUS_ID:0001112338","eid":"2-s2.0-0001112338","dc:title":"The institutional process of market clientelism: Guanxi and private business in a South China City","dc:creator":"Wank D.","prism:publicationName":"China Quarterly","prism:issn":"03057410","prism:issueIdentifier":"147","prism:pageRange":"820-838","prism:coverDate":"1996-09-01","prism:coverDisplayDate":"September 1996","citedby-count":"124","prism:aggregationType":"Journal","subtype":"ar","subtypeDescription":"Article","source-id":"23465","openaccess":"0","openaccessFlag":false},{"@_fa": "true", "link": [{"@_fa": "true", "@ref": "self", "@href": "https://api.elsevier.com/content/abstract/scopus_id/0141545144"},{"@_fa": "true", "@ref": "author-affiliation", "@href": "https://api.elsevier.com/content/abstract/scopus_id/0141545144?field=author,affiliation"},{"@_fa": "true", "@ref": "scopus", "@href": "https://www.scopus.com/inward/record.uri?partnerID=HzOxMe3b&scp=0141545144&origin=inward"},{"@_fa": "true", "@ref": "scopus-citedby", "@href": "https://www.scopus.com/inward/citedby.uri?partnerID=HzOxMe3b&scp=0141545144&origin=inward"}],"prism:url":"https://api.elsevier.com/content/abstract/scopus_id/0141545144","dc:identifier":"SCOPUS_ID:0141545144","eid":"2-s2.0-0141545144","dc:title":"The new world order of criminal justice - Reflections on clientelism","dc:creator":"Block A.","prism:publicationName":"European Journal on Criminal Policy and Research","prism:issn":"09281371","prism:eIssn":"15729869","prism:volume":"4","prism:issueIdentifier":"2","prism:pageRange":"101-118","prism:coverDate":"1996-06-01","prism:coverDisplayDate":"June 1996","prism:doi":"10.1007/BF02731604","citedby-count":"1","prism:aggregationType":"Journal","subtype":"ar","subtypeDescription":"Article","source-id":"145568","openaccess":"0","openaccessFlag":false},{"@_fa": "true", "link": [{"@_fa": "true", "@ref": "self", "@href": "https://api.elsevier.com/content/abstract/scopus_id/0029962560"},{"@_fa": "true", "@ref": "author-affiliation", "@href": "https://api.elsevier.com/content/abstract/scopus_id/0029962560?field=author,affiliation"},{"@_fa": "true", "@ref": "scopus", "@href": "https://www.scopus.com/inward/record.uri?partnerID=HzOxMe3b&scp=0029962560&origin=inward"},{"@_fa": "true", "@ref": "scopus-citedby", "@href": "https://www.scopus.com/inward/citedby.uri?partnerID=HzOxMe3b&scp=0029962560&origin=inward"}],"prism:url":"https://api.elsevier.com/content/abstract/scopus_id/0029962560","dc:identifier":"SCOPUS_ID:0029962560","eid":"2-s2.0-0029962560","dc:title":"Constructing the limits of state violence in Central America: Towards a new research agenda","dc:creator":"Holden R.","prism:publicationName":"Journal of Latin American Studies","prism:issn":"0022216X","prism:volume":"28","prism:issueIdentifier":"2","prism:pageRange":"435-459","prism:coverDate":"1996-05-01","prism:coverDisplayDate":"May 1996","citedby-count":"18","affiliation": [{"@_fa": "true", "affilname":"Old Dominion University","affiliation-city":"Norfolk","affiliation-country":"United States"}],"prism:aggregationType":"Journal","subtype":"ar","subtypeDescription":"Article","source-id":"26288","openaccess":"0","openaccessFlag":false},{"@_fa": "true", "link": [{"@_fa": "true", "@ref": "self", "@href": "https://api.elsevier.com/content/abstract/scopus_id/0030431185"},{"@_fa": "true", "@ref": "author-affiliation", "@href": "https://api.elsevier.com/content/abstract/scopus_id/0030431185?field=author,affiliation"},{"@_fa": "true", "@ref": "scopus", "@href": "https://www.scopus.com/inward/record.uri?partnerID=HzOxMe3b&scp=0030431185&origin=inward"},{"@_fa": "true", "@ref": "scopus-citedby", "@href": "https://www.scopus.com/inward/citedby.uri?partnerID=HzOxMe3b&scp=0030431185&origin=inward"}],"prism:url":"https://api.elsevier.com/content/abstract/scopus_id/0030431185","dc:identifier":"SCOPUS_ID:0030431185","eid":"2-s2.0-0030431185","dc:title":"Beyond clientelism: Agricultural networks in Ireland and the EU","dc:creator":"Adshead M.","prism:publicationName":"West European Politics","prism:issn":"01402382","prism:volume":"19","prism:issueIdentifier":"3","prism:pageRange":"583-608","prism:coverDate":"1996-01-01","prism:coverDisplayDate":"July 1996","prism:doi":"10.1080/01402389608425152","citedby-count":"20","prism:aggregationType":"Journal","subtype":"ar","subtypeDescription":"Article","source-id":"25691","openaccess":"0","openaccessFlag":false},{"@_fa": "true", "link": [{"@_fa": "true", "@ref": "self", "@href": "https://api.elsevier.com/content/abstract/scopus_id/0030477223"},{"@_fa": "true", "@ref": "author-affiliation", "@href": "https://api.elsevier.com/content/abstract/scopus_id/0030477223?field=author,affiliation"},{"@_fa": "true", "@ref": "scopus", "@href": "https://www.scopus.com/inward/record.uri?partnerID=HzOxMe3b&scp=0030477223&origin=inward"},{"@_fa": "true", "@ref": "scopus-citedby", "@href": "https://www.scopus.com/inward/citedby.uri?partnerID=HzOxMe3b&scp=0030477223&origin=inward"}],"prism:url":"https://api.elsevier.com/content/abstract/scopus_id/0030477223","dc:identifier":"SCOPUS_ID:0030477223","eid":"2-s2.0-0030477223","dc:title":"The political foundations of economic development policies","dc:creator":"Kurer O.","prism:publicationName":"Journal of Development Studies","prism:issn":"00220388","prism:volume":"32","prism:issueIdentifier":"5","prism:pageRange":"645-668","prism:coverDate":"1996-01-01","prism:coverDisplayDate":"June 1996","prism:doi":"10.1080/00220389608422434","citedby-count":"34","affiliation": [{"@_fa": "true", "affilname":"Queensland University of Technology QUT","affiliation-city":"Brisbane","affiliation-country":"Australia"}],"prism:aggregationType":"Journal","subtype":"ar","subtypeDescription":"Article","source-id":"14849","openaccess":"0","openaccessFlag":false},{"@_fa": "true", "link": [{"@_fa": "true", "@ref": "self", "@href": "https://api.elsevier.com/content/abstract/scopus_id/21444437611"},{"@_fa": "true", "@ref": "author-affiliation", "@href": "https://api.elsevier.com/content/abstract/scopus_id/21444437611?field=author,affiliation"},{"@_fa": "true", "@ref": "scopus", "@href": "https://www.scopus.com/inward/record.uri?partnerID=HzOxMe3b&scp=21444437611&origin=inward"},{"@_fa": "true", "@ref": "scopus-citedby", "@href": "https://www.scopus.com/inward/citedby.uri?partnerID=HzOxMe3b&scp=21444437611&origin=inward"}],"prism:url":"https://api.elsevier.com/content/abstract/scopus_id/21444437611","dc:identifier":"SCOPUS_ID:21444437611","eid":"2-s2.0-21444437611","dc:title":"Corruption and local politics in Chile","dc:creator":"Rehren A.","prism:publicationName":"Crime, Law and Social Change","prism:issn":"09254994","prism:eIssn":"15730751","prism:volume":"25","prism:issueIdentifier":"4","prism:pageRange":"323-334","prism:coverDate":"1996-01-01","prism:coverDisplayDate":"1996","prism:doi":"10.1007/BF00572513","citedby-count":"8","affiliation": [{"@_fa": "true", "affilname":"Pontificia Universidad Católica de Chile","affiliation-city":"Santiago","affiliation-country":"Chile"}],"prism:aggregationType":"Journal","subtype":"ar","subtypeDescription":"Article","source-id":"19637","openaccess":"0","openaccessFlag":false},{"@_fa": "true", "link": [{"@_fa": "true", "@ref": "self", "@href": "https://api.elsevier.com/content/abstract/scopus_id/0030357151"},{"@_fa": "true", "@ref": "author-affiliation", "@href": "https://api.elsevier.com/content/abstract/scopus_id/0030357151?field=author,affiliation"},{"@_fa": "true", "@ref": "scopus", "@href": "https://www.scopus.com/inward/record.uri?partnerID=HzOxMe3b&scp=0030357151&origin=inward"},{"@_fa": "true", "@ref": "scopus-citedby", "@href": "https://www.scopus.com/inward/citedby.uri?partnerID=HzOxMe3b&scp=0030357151&origin=inward"}],"prism:url":"https://api.elsevier.com/content/abstract/scopus_id/0030357151","dc:identifier":"SCOPUS_ID:0030357151","eid":"2-s2.0-0030357151","dc:title":"Particularism and the chinese social fabric","dc:creator":"Bakken B.","prism:publicationName":"Forum for Development Studies","prism:issn":"08039410","prism:volume":"23","prism:issueIdentifier":"2","prism:pageRange":"287-306","prism:coverDate":"1996-01-01","prism:coverDisplayDate":"1996","prism:doi":"10.1080/08039410.1996.9666036","citedby-count":"1","prism:aggregationType":"Journal","subtype":"ar","subtypeDescription":"Article","source-id":"14192","openaccess":"0","openaccessFlag":false},{"@_fa": "true", "link": [{"@_fa": "true", "@ref": "self", "@href": "https://api.elsevier.com/content/abstract/scopus_id/0030432093"},{"@_fa": "true", "@ref": "author-affiliation", "@href": "https://api.elsevier.com/content/abstract/scopus_id/0030432093?field=author,affiliation"},{"@_fa": "true", "@ref": "scopus", "@href": "https://www.scopus.com/inward/record.uri?partnerID=HzOxMe3b&scp=0030432093&origin=inward"},{"@_fa": "true", "@ref": "scopus-citedby", "@href": "https://www.scopus.com/inward/citedby.uri?partnerID=HzOxMe3b&scp=0030432093&origin=inward"}],"prism:url":"https://api.elsevier.com/content/abstract/scopus_id/0030432093","dc:identifier":"SCOPUS_ID:0030432093","eid":"2-s2.0-0030432093","dc:title":"Developments in Russian voting behaviour: 1993 and 1995 compared","dc:creator":"Wyman M.","prism:publicationName":"Journal of Communist Studies and Transition Politics","prism:issn":"13523279","prism:volume":"12","prism:issueIdentifier":"3","prism:pageRange":"277-292","prism:coverDate":"1996-01-01","prism:coverDisplayDate":"September 1996","prism:doi":"10.1080/13523279608415314","citedby-count":"11","affiliation": [{"@_fa": "true", "affilname":"Keele University","affiliation-city":"Keele","affiliation-country":"United Kingdom"}],"prism:aggregationType":"Journal","subtype":"re","subtypeDescription":"Review","source-id":"26342","openaccess":"0","openaccessFlag":false},{"@_fa": "true", "link": [{"@_fa": "true", "@ref": "self", "@href": "https://api.elsevier.com/content/abstract/scopus_id/0029665932"},{"@_fa": "true", "@ref": "author-affiliation", "@href": "https://api.elsevier.com/content/abstract/scopus_id/0029665932?field=author,affiliation"},{"@_fa": "true", "@ref": "scopus", "@href": "https://www.scopus.com/inward/record.uri?partnerID=HzOxMe3b&scp=0029665932&origin=inward"},{"@_fa": "true", "@ref": "scopus-citedby", "@href": "https://www.scopus.com/inward/citedby.uri?partnerID=HzOxMe3b&scp=0029665932&origin=inward"}],"prism:url":"https://api.elsevier.com/content/abstract/scopus_id/0029665932","dc:identifier":"SCOPUS_ID:0029665932","eid":"2-s2.0-0029665932","dc:title":"Bangladeshi immigrants in Italy: From geopolitics to micropolitics","dc:creator":"Knights M.","prism:publicationName":"Transactions of the Institute of British Geographers","prism:issn":"00202754","prism:volume":"21","prism:issueIdentifier":"1","prism:pageRange":"105-123","prism:coverDate":"1996-01-01","prism:coverDisplayDate":"1996","prism:doi":"10.2307/622928","citedby-count":"25","affiliation": [{"@_fa": "true", "affilname":"University of Sussex","affiliation-city":"Sussex","affiliation-country":"United Kingdom"}],"pubmed-id":"12157827","prism:aggregationType":"Journal","subtype":"ar","subtypeDescription":"Article","source-id":"29214","openaccess":"0","openaccessFlag":false},{"@_fa": "true", "link": [{"@_fa": "true", "@ref": "self", "@href": "https://api.elsevier.com/content/abstract/scopus_id/0011586271"},{"@_fa": "true", "@ref": "author-affiliation", "@href": "https://api.elsevier.com/content/abstract/scopus_id/0011586271?field=author,affiliation"},{"@_fa": "true", "@ref": "scopus", "@href": "https://www.scopus.com/inward/record.uri?partnerID=HzOxMe3b&scp=0011586271&origin=inward"},{"@_fa": "true", "@ref": "scopus-citedby", "@href": "https://www.scopus.com/inward/citedby.uri?partnerID=HzOxMe3b&scp=0011586271&origin=inward"}],"prism:url":"https://api.elsevier.com/content/abstract/scopus_id/0011586271","dc:identifier":"SCOPUS_ID:0011586271","eid":"2-s2.0-0011586271","dc:title":"Social protection in Greece: A brief glimpse of a welfare state","dc:creator":"Petmesidou M.","prism:publicationName":"Social Policy and Administration","prism:issn":"01445596","prism:volume":"30","prism:issueIdentifier":"4","prism:pageRange":"324-347","prism:coverDate":"1996-01-01","prism:coverDisplayDate":"December 1996","prism:doi":"10.1111/j.1467-9515.1996.tb00564.x","citedby-count":"35","affiliation": [{"@_fa": "true", "affilname":"Panepistimio Kritis","affiliation-city":"Rethymnon","affiliation-country":"Greece"}],"prism:aggregationType":"Journal","subtype":"ar","subtypeDescription":"Article","source-id":"14573","openaccess":"0","openaccessFlag":false},{"@_fa": "true", "link": [{"@_fa": "true", "@ref": "self", "@href": "https://api.elsevier.com/content/abstract/scopus_id/0029817608"},{"@_fa": "true", "@ref": "author-affiliation", "@href": "https://api.elsevier.com/content/abstract/scopus_id/0029817608?field=author,affiliation"},{"@_fa": "true", "@ref": "scopus", "@href": "https://www.scopus.com/inward/record.uri?partnerID=HzOxMe3b&scp=0029817608&origin=inward"},{"@_fa": "true", "@ref": "scopus-citedby", "@href": "https://www.scopus.com/inward/citedby.uri?partnerID=HzOxMe3b&scp=0029817608&origin=inward"}],"prism:url":"https://api.elsevier.com/content/abstract/scopus_id/0029817608","dc:identifier":"SCOPUS_ID:0029817608","eid":"2-s2.0-0029817608","dc:title":"The 'southern model' of welfare in social Europe","dc:creator":"Ferrera M.","prism:publicationName":"Journal of European Social Policy","prism:issn":"09589287","prism:volume":"6","prism:issueIdentifier":"1","prism:pageRange":"17-37","prism:coverDate":"1996-01-01","prism:coverDisplayDate":"1996","prism:doi":"10.1177/095892879600600102","citedby-count":"1337","affiliation": [{"@_fa": "true", "affilname":"Università degli Studi di Pavia","affiliation-city":"Pavia","affiliation-country":"Italy"}],"prism:aggregationType":"Journal","subtype":"ar","subtypeDescription":"Article","source-id":"26350","openaccess":"0","openaccessFlag":false}]}}