{"search-results":{"opensearch:totalResults":"77","opensearch:startIndex":"0","opensearch:itemsPerPage":"25","opensearch:Query":{"@role": "request", "@searchTerms": "TITLE-ABS-KEY(\"clientelism\") AND SUBJAREA(SOCI) AND PUBYEAR = 2014", "@startPage": "0"},"link": [{"@_fa": "true", "@ref": "self", "@href": "https://api.elsevier.com/content/search/scopus?start=0&count=25&query=TITLE-ABS-KEY%28%22clientelism%22%29+AND+SUBJAREA%28SOCI%29+AND+PUBYEAR+%3D+2014&apiKey=27d953b4b546791964ebeb768d13e61f&view=STANDARD", "@type": "application/json"},{"@_fa": "true", "@ref": "first", "@href": "https://api.elsevier.com/content/search/scopus?start=0&count=25&query=TITLE-ABS-KEY%28%22clientelism%22%29+AND+SUBJAREA%28SOCI%29+AND+PUBYEAR+%3D+2014&apiKey=27d953b4b546791964ebeb768d13e61f&view=STANDARD", "@type": "application/json"},{"@_fa": "true", "@ref": "next", "@href": "https://api.elsevier.com/content/search/scopus?start=25&count=25&query=TITLE-ABS-KEY%28%22clientelism%22%29+AND+SUBJAREA%28SOCI%29+AND+PUBYEAR+%3D+2014&apiKey=27d953b4b546791964ebeb768d13e61f&view=STANDARD", "@type": "application/json"},{"@_fa": "true", "@ref": "last", "@href": "https://api.elsevier.com/content/search/scopus?start=52&count=25&query=TITLE-ABS-KEY%28%22clientelism%22%29+AND+SUBJAREA%28SOCI%29+AND+PUBYEAR+%3D+2014&apiKey=27d953b4b546791964ebeb768d13e61f&view=STANDARD", "@type": "application/json"}],"entry": [{"@_fa": "true", "link": [{"@_fa": "true", "@ref": "self", "@href": "https://api.elsevier.com/content/abstract/scopus_id/84950310672"},{"@_fa": "true", "@ref": "author-affiliation", "@href": "https://api.elsevier.com/content/abstract/scopus_id/84950310672?field=author,affiliation"},{"@_fa": "true", "@ref": "scopus", "@href": "https://www.scopus.com/inward/record.uri?partnerID=HzOxMe3b&scp=84950310672&origin=inward"},{"@_fa": "true", "@ref": "scopus-citedby", "@href": "https://www.scopus.com/inward/citedby.uri?partnerID=HzOxMe3b&scp=84950310672&origin=inward"}],"prism:url":"https://api.elsevier.com/content/abstract/scopus_id/84950310672","dc:identifier":"SCOPUS_ID:84950310672","eid":"2-s2.0-84950310672","dc:title":"The Politics of Resource Sharing and Regional Inequality in Ghana: Lessons for the post-2015 development agenda","dc:creator":"Abdulai A.","prism:publicationName":"Development (Basingstoke)","prism:issn":"10116370","prism:eIssn":"02122448","prism:volume":"57","prism:issueIdentifier":"3-4","prism:pageRange":"488-496","prism:coverDate":"2014-12-01","prism:coverDisplayDate":"1 December 2014","prism:doi":"10.1057/dev.2015.12","citedby-count":"2","prism:aggregationType":"Journal","subtype":"ar","subtypeDescription":"Article","source-id":"14090","openaccess":"0","openaccessFlag":false},{"@_fa": "true", "link": [{"@_fa": "true", "@ref": "self", "@href": "https://api.elsevier.com/content/abstract/scopus_id/84928319606"},{"@_fa": "true", "@ref": "author-affiliation", "@href": "https://api.elsevier.com/content/abstract/scopus_id/84928319606?field=author,affiliation"},{"@_fa": "true", "@ref": "scopus", "@href": "https://www.scopus.com/inward/record.uri?partnerID=HzOxMe3b&scp=84928319606&origin=inward"},{"@_fa": "true", "@ref": "scopus-citedby", "@href": "https://www.scopus.com/inward/citedby.uri?partnerID=HzOxMe3b&scp=84928319606&origin=inward"}],"prism:url":"https://api.elsevier.com/content/abstract/scopus_id/84928319606","dc:identifier":"SCOPUS_ID:84928319606","eid":"2-s2.0-84928319606","dc:title":"An informational theory of campaign clientelism: The case of Peru","dc:creator":"Muñoz P.","prism:publicationName":"Comparative Politics","prism:issn":"00104159","prism:eIssn":"21516227","prism:volume":"47","prism:issueIdentifier":"1","prism:pageRange":"79-98","prism:coverDate":"2014-10-01","prism:coverDisplayDate":"1 October 2014","prism:doi":"10.5129/001041514813623155","citedby-count":"20","prism:aggregationType":"Journal","subtype":"ar","subtypeDescription":"Article","source-id":"13448","openaccess":"0","openaccessFlag":false},{"@_fa": "true", "link": [{"@_fa": "true", "@ref": "self", "@href": "https://api.elsevier.com/content/abstract/scopus_id/84958616800"},{"@_fa": "true", "@ref": "author-affiliation", "@href": "https://api.elsevier.com/content/abstract/scopus_id/84958616800?field=author,affiliation"},{"@_fa": "true", "@ref": "scopus", "@href": "https://www.scopus.com/inward/record.uri?partnerID=HzOxMe3b&scp=84958616800&origin=inward"},{"@_fa": "true", "@ref": "scopus-citedby", "@href": "https://www.scopus.com/inward/citedby.uri?partnerID=HzOxMe3b&scp=84958616800&origin=inward"}],"prism:url":"https://api.elsevier.com/content/abstract/scopus_id/84958616800","dc:identifier":"SCOPUS_ID:84958616800","eid":"2-s2.0-84958616800","dc:title":"The legacies of authoritarianism: Opposition parties and their electoral strategies in Mexico","dc:creator":"Company J.","prism:publicationName":"Mexico in Focus: Political, Environmental and Social Issues","prism:isbn": [{"@_fa": "true", "$" :"9781634631976"},{"@_fa": "true", "$" :"9781633218857"}],"prism:pageRange":"369-391","prism:coverDate":"2014-10-01","prism:coverDisplayDate":"October 01, 2014","citedby-count":"0","affiliation": [{"@_fa": "true", "affilname":"University of Chicago","affiliation-city":"Chicago","affiliation-country":"United States"}],"prism:aggregationType":"Book","subtype":"ch","subtypeDescription":"Chapter","source-id":"21100446706","openaccess":"0","openaccessFlag":false},{"@_fa": "true", "link": [{"@_fa": "true", "@ref": "self", "@href": "https://api.elsevier.com/content/abstract/scopus_id/84930689008"},{"@_fa": "true", "@ref": "author-affiliation", "@href": "https://api.elsevier.com/content/abstract/scopus_id/84930689008?field=author,affiliation"},{"@_fa": "true", "@ref": "scopus", "@href": "https://www.scopus.com/inward/record.uri?partnerID=HzOxMe3b&scp=84930689008&origin=inward"},{"@_fa": "true", "@ref": "scopus-citedby", "@href": "https://www.scopus.com/inward/citedby.uri?partnerID=HzOxMe3b&scp=84930689008&origin=inward"}],"prism:url":"https://api.elsevier.com/content/abstract/scopus_id/84930689008","dc:identifier":"SCOPUS_ID:84930689008","eid":"2-s2.0-84930689008","dc:title":"Clientelist corruption networks: Conceptual and empirical approaches","dc:creator":"Muno W.","prism:publicationName":"(Dys-)Functionalities of Corruption: Comparative Perspectives and Methodological Pluralism","prism:isbn": [{"@_fa": "true", "$" :"9783658046330"},{"@_fa": "true", "$" :"3658046325"},{"@_fa": "true", "$" :"9783658046323"}],"prism:pageRange":"33-56","prism:coverDate":"2014-05-01","prism:coverDisplayDate":"1 May 2014","prism:doi":"10.1007/978-3-658-04633-0_3","citedby-count":"1","affiliation": [{"@_fa": "true", "affilname":"Johannes Gutenberg Universität Mainz","affiliation-city":"Mainz","affiliation-country":"Germany"}],"prism:aggregationType":"Book","subtype":"ch","subtypeDescription":"Chapter","source-id":"21100394873","openaccess":"0","openaccessFlag":false},{"@_fa": "true", "link": [{"@_fa": "true", "@ref": "self", "@href": "https://api.elsevier.com/content/abstract/scopus_id/84930718355"},{"@_fa": "true", "@ref": "author-affiliation", "@href": "https://api.elsevier.com/content/abstract/scopus_id/84930718355?field=author,affiliation"},{"@_fa": "true", "@ref": "scopus", "@href": "https://www.scopus.com/inward/record.uri?partnerID=HzOxMe3b&scp=84930718355&origin=inward"},{"@_fa": "true", "@ref": "scopus-citedby", "@href": "https://www.scopus.com/inward/citedby.uri?partnerID=HzOxMe3b&scp=84930718355&origin=inward"}],"prism:url":"https://api.elsevier.com/content/abstract/scopus_id/84930718355","dc:identifier":"SCOPUS_ID:84930718355","eid":"2-s2.0-84930718355","dc:title":"Persistent systemic corruption: Why democratisation and economic liberalisation have failed to undo an old evil","dc:creator":"Von Soest C.","prism:publicationName":"(Dys-)Functionalities of Corruption: Comparative Perspectives and Methodological Pluralism","prism:isbn": [{"@_fa": "true", "$" :"9783658046330"},{"@_fa": "true", "$" :"3658046325"},{"@_fa": "true", "$" :"9783658046323"}],"prism:pageRange":"57-87","prism:coverDate":"2014-05-01","prism:coverDisplayDate":"1 May 2014","prism:doi":"10.1007/978-3-658-04633-0_4","citedby-count":"1","affiliation": [{"@_fa": "true", "affilname":"Leibniz-Institut für Globale und Regionale Studien","affiliation-city":"Hamburg","affiliation-country":"Germany"}],"prism:aggregationType":"Book","subtype":"ch","subtypeDescription":"Chapter","source-id":"21100394873","openaccess":"0","openaccessFlag":false},{"@_fa": "true", "link": [{"@_fa": "true", "@ref": "self", "@href": "https://api.elsevier.com/content/abstract/scopus_id/84926201178"},{"@_fa": "true", "@ref": "author-affiliation", "@href": "https://api.elsevier.com/content/abstract/scopus_id/84926201178?field=author,affiliation"},{"@_fa": "true", "@ref": "scopus", "@href": "https://www.scopus.com/inward/record.uri?partnerID=HzOxMe3b&scp=84926201178&origin=inward"},{"@_fa": "true", "@ref": "scopus-citedby", "@href": "https://www.scopus.com/inward/citedby.uri?partnerID=HzOxMe3b&scp=84926201178&origin=inward"},{"@_fa": "true", "@ref": "full-text", "@href": "https://api.elsevier.com/content/article/eid/1-s2.0-S0185191814708141"}],"prism:url":"https://api.elsevier.com/content/abstract/scopus_id/84926201178","dc:identifier":"SCOPUS_ID:84926201178","eid":"2-s2.0-84926201178","dc:title":"Beyond representation and patronage: Towards a language of political intermediation","dc:creator":"Gurza Lavalle A.","prism:publicationName":"Revista Mexicana de Ciencias Politicas y Sociales","prism:issn":"01851918","prism:volume":"59","prism:issueIdentifier":"221","prism:pageRange":"19-49","prism:coverDate":"2014-05-01","prism:coverDisplayDate":"1 May 2014","pii":"S0185191814708141","citedby-count":"4","affiliation": [{"@_fa": "true", "affilname":"Universidade de Sao Paulo - USP","affiliation-city":"Sao Paulo","affiliation-country":"Brazil"}],"prism:aggregationType":"Journal","subtype":"ar","subtypeDescription":"Article","source-id":"24244","openaccess":"0","openaccessFlag":false},{"@_fa": "true", "link": [{"@_fa": "true", "@ref": "self", "@href": "https://api.elsevier.com/content/abstract/scopus_id/84890298136"},{"@_fa": "true", "@ref": "author-affiliation", "@href": "https://api.elsevier.com/content/abstract/scopus_id/84890298136?field=author,affiliation"},{"@_fa": "true", "@ref": "scopus", "@href": "https://www.scopus.com/inward/record.uri?partnerID=HzOxMe3b&scp=84890298136&origin=inward"},{"@_fa": "true", "@ref": "scopus-citedby", "@href": "https://www.scopus.com/inward/citedby.uri?partnerID=HzOxMe3b&scp=84890298136&origin=inward"},{"@_fa": "true", "@ref": "full-text", "@href": "https://api.elsevier.com/content/article/eid/1-s2.0-S0305750X1300243X"}],"prism:url":"https://api.elsevier.com/content/abstract/scopus_id/84890298136","dc:identifier":"SCOPUS_ID:84890298136","eid":"2-s2.0-84890298136","dc:title":"The Paradox of Export Growth in Areas of Weak Governance: The Case of the Ready Made Garment Sector in Bangladesh","dc:creator":"Ahmed F.","prism:publicationName":"World Development","prism:issn":"0305750X","prism:volume":"56","prism:pageRange":"258-271","prism:coverDate":"2014-04-01","prism:coverDisplayDate":"April 2014","prism:doi":"10.1016/j.worlddev.2013.11.001","pii":"S0305750X1300243X","citedby-count":"25","affiliation": [{"@_fa": "true", "affilname":"University of Oxford","affiliation-city":"Oxford","affiliation-country":"United Kingdom"}],"prism:aggregationType":"Journal","subtype":"ar","subtypeDescription":"Article","source-id":"30060","openaccess":"0","openaccessFlag":false},{"@_fa": "true", "link": [{"@_fa": "true", "@ref": "self", "@href": "https://api.elsevier.com/content/abstract/scopus_id/84893873278"},{"@_fa": "true", "@ref": "author-affiliation", "@href": "https://api.elsevier.com/content/abstract/scopus_id/84893873278?field=author,affiliation"},{"@_fa": "true", "@ref": "scopus", "@href": "https://www.scopus.com/inward/record.uri?partnerID=HzOxMe3b&scp=84893873278&origin=inward"},{"@_fa": "true", "@ref": "scopus-citedby", "@href": "https://www.scopus.com/inward/citedby.uri?partnerID=HzOxMe3b&scp=84893873278&origin=inward"}],"prism:url":"https://api.elsevier.com/content/abstract/scopus_id/84893873278","dc:identifier":"SCOPUS_ID:84893873278","eid":"2-s2.0-84893873278","dc:title":"The Gender Gap in African Political Participation: Testing Theories of Individual and Contextual Determinants","dc:creator":"Isaksson A.","prism:publicationName":"Journal of Development Studies","prism:issn":"00220388","prism:eIssn":"17439140","prism:volume":"50","prism:issueIdentifier":"2","prism:pageRange":"302-318","prism:coverDate":"2014-02-01","prism:coverDisplayDate":"February 2014","prism:doi":"10.1080/00220388.2013.833321","citedby-count":"13","affiliation": [{"@_fa": "true", "affilname":"Göteborgs Universitet","affiliation-city":"Gothenburg","affiliation-country":"Sweden"}],"prism:aggregationType":"Journal","subtype":"ar","subtypeDescription":"Article","source-id":"14849","openaccess":"0","openaccessFlag":false},{"@_fa": "true", "link": [{"@_fa": "true", "@ref": "self", "@href": "https://api.elsevier.com/content/abstract/scopus_id/84896817877"},{"@_fa": "true", "@ref": "author-affiliation", "@href": "https://api.elsevier.com/content/abstract/scopus_id/84896817877?field=author,affiliation"},{"@_fa": "true", "@ref": "scopus", "@href": "https://www.scopus.com/inward/record.uri?partnerID=HzOxMe3b&scp=84896817877&origin=inward"},{"@_fa": "true", "@ref": "scopus-citedby", "@href": "https://www.scopus.com/inward/citedby.uri?partnerID=HzOxMe3b&scp=84896817877&origin=inward"}],"prism:url":"https://api.elsevier.com/content/abstract/scopus_id/84896817877","dc:identifier":"SCOPUS_ID:84896817877","eid":"2-s2.0-84896817877","dc:title":"A time of closure? Participatory budgeting in Porto Alegre, Brazil, after the workers' party era","dc:creator":"Melgar T.","prism:publicationName":"Journal of Latin American Studies","prism:issn":"0022216X","prism:eIssn":"1469767X","prism:volume":"46","prism:issueIdentifier":"1","prism:pageRange":"121-149","prism:coverDate":"2014-02-01","prism:coverDisplayDate":"February 2014","prism:doi":"10.1017/S0022216X13001582","pii":"S0022216X13001582","citedby-count":"7","affiliation": [{"@_fa": "true", "affilname":"University of the Philippines Diliman","affiliation-city":"Quezon City","affiliation-country":"Philippines"}],"prism:aggregationType":"Journal","subtype":"ar","subtypeDescription":"Article","source-id":"26288","openaccess":"1","openaccessFlag":true},{"@_fa": "true", "link": [{"@_fa": "true", "@ref": "self", "@href": "https://api.elsevier.com/content/abstract/scopus_id/84928331488"},{"@_fa": "true", "@ref": "author-affiliation", "@href": "https://api.elsevier.com/content/abstract/scopus_id/84928331488?field=author,affiliation"},{"@_fa": "true", "@ref": "scopus", "@href": "https://www.scopus.com/inward/record.uri?partnerID=HzOxMe3b&scp=84928331488&origin=inward"},{"@_fa": "true", "@ref": "scopus-citedby", "@href": "https://www.scopus.com/inward/citedby.uri?partnerID=HzOxMe3b&scp=84928331488&origin=inward"}],"prism:url":"https://api.elsevier.com/content/abstract/scopus_id/84928331488","dc:identifier":"SCOPUS_ID:84928331488","eid":"2-s2.0-84928331488","dc:title":"Making clientelism work: How norms of reciprocity increase voter compliance","dc:creator":"Lawson C.","prism:publicationName":"Comparative Politics","prism:issn":"00104159","prism:eIssn":"21516227","prism:volume":"47","prism:issueIdentifier":"1","prism:pageRange":"61-77","prism:coverDate":"2014-01-01","prism:coverDisplayDate":"1 October 2014","citedby-count":"30","prism:aggregationType":"Journal","subtype":"ar","subtypeDescription":"Article","source-id":"13448","openaccess":"0","openaccessFlag":false},{"@_fa": "true", "link": [{"@_fa": "true", "@ref": "self", "@href": "https://api.elsevier.com/content/abstract/scopus_id/84953719704"},{"@_fa": "true", "@ref": "author-affiliation", "@href": "https://api.elsevier.com/content/abstract/scopus_id/84953719704?field=author,affiliation"},{"@_fa": "true", "@ref": "scopus", "@href": "https://www.scopus.com/inward/record.uri?partnerID=HzOxMe3b&scp=84953719704&origin=inward"},{"@_fa": "true", "@ref": "scopus-citedby", "@href": "https://www.scopus.com/inward/citedby.uri?partnerID=HzOxMe3b&scp=84953719704&origin=inward"}],"prism:url":"https://api.elsevier.com/content/abstract/scopus_id/84953719704","dc:identifier":"SCOPUS_ID:84953719704","eid":"2-s2.0-84953719704","dc:title":"Curbing clientelism in Argentina: Politics, poverty, and social policy","dc:creator":"Weitz-Shapiro R.","prism:publicationName":"Curbing Clientelism in Argentina: Politics, Poverty, and Social Policy","prism:isbn": [{"@_fa": "true", "$" :"9781139683579"},{"@_fa": "true", "$" :"9781107073623"}],"prism:pageRange":"1-207","prism:coverDate":"2014-01-01","prism:coverDisplayDate":"1 January 2014","prism:doi":"10.1017/CBO9781139683579","citedby-count":"33","affiliation": [{"@_fa": "true", "affilname":"Brown University","affiliation-city":"Providence","affiliation-country":"United States"}],"prism:aggregationType":"Book","subtype":"bk","subtypeDescription":"Book","source-id":"21100435564","openaccess":"0","openaccessFlag":false},{"@_fa": "true", "link": [{"@_fa": "true", "@ref": "self", "@href": "https://api.elsevier.com/content/abstract/scopus_id/84903836367"},{"@_fa": "true", "@ref": "author-affiliation", "@href": "https://api.elsevier.com/content/abstract/scopus_id/84903836367?field=author,affiliation"},{"@_fa": "true", "@ref": "scopus", "@href": "https://www.scopus.com/inward/record.uri?partnerID=HzOxMe3b&scp=84903836367&origin=inward"},{"@_fa": "true", "@ref": "scopus-citedby", "@href": "https://www.scopus.com/inward/citedby.uri?partnerID=HzOxMe3b&scp=84903836367&origin=inward"}],"prism:url":"https://api.elsevier.com/content/abstract/scopus_id/84903836367","dc:identifier":"SCOPUS_ID:84903836367","eid":"2-s2.0-84903836367","dc:title":"Clientelism within the Arabian Gulf States and beyond: A comparative study","dc:creator":"Ghaffar M.","prism:publicationName":"Central European Journal of International and Security Studies","prism:issn":"1802548X","prism:eIssn":"1805482X","prism:volume":"8","prism:issueIdentifier":"1","prism:pageRange":"30-51","prism:coverDate":"2014-01-01","prism:coverDisplayDate":"2014","citedby-count":"0","affiliation": [{"@_fa": "true", "affilname":"Bahrain Center for International, Strategic and Energy Studies (Derasat)","affiliation-city":null,"affiliation-country":"Bahrain"}],"prism:aggregationType":"Journal","subtype":"ar","subtypeDescription":"Article","source-id":"21100225612","openaccess":"0","openaccessFlag":false},{"@_fa": "true", "link": [{"@_fa": "true", "@ref": "self", "@href": "https://api.elsevier.com/content/abstract/scopus_id/84951195597"},{"@_fa": "true", "@ref": "author-affiliation", "@href": "https://api.elsevier.com/content/abstract/scopus_id/84951195597?field=author,affiliation"},{"@_fa": "true", "@ref": "scopus", "@href": "https://www.scopus.com/inward/record.uri?partnerID=HzOxMe3b&scp=84951195597&origin=inward"},{"@_fa": "true", "@ref": "scopus-citedby", "@href": "https://www.scopus.com/inward/citedby.uri?partnerID=HzOxMe3b&scp=84951195597&origin=inward"}],"prism:url":"https://api.elsevier.com/content/abstract/scopus_id/84951195597","dc:identifier":"SCOPUS_ID:84951195597","eid":"2-s2.0-84951195597","dc:title":"How governmental corruption breeds clientelism","dc:creator":"De La O A.","prism:publicationName":"Mexico's Evolving Democracy: A Comparative Study of the 2012 Elections","prism:isbn": [{"@_fa": "true", "$" :"9781421415550"},{"@_fa": "true", "$" :"9781421415543"}],"prism:pageRange":"181-199","prism:coverDate":"2014-01-01","prism:coverDisplayDate":"1 January 2014","citedby-count":"3","affiliation": [{"@_fa": "true", "affilname":"Yale University","affiliation-city":"New Haven","affiliation-country":"United States"}],"prism:aggregationType":"Book","subtype":"ch","subtypeDescription":"Chapter","source-id":"21100431540","openaccess":"0","openaccessFlag":false},{"@_fa": "true", "link": [{"@_fa": "true", "@ref": "self", "@href": "https://api.elsevier.com/content/abstract/scopus_id/84920261237"},{"@_fa": "true", "@ref": "author-affiliation", "@href": "https://api.elsevier.com/content/abstract/scopus_id/84920261237?field=author,affiliation"},{"@_fa": "true", "@ref": "scopus", "@href": "https://www.scopus.com/inward/record.uri?partnerID=HzOxMe3b&scp=84920261237&origin=inward"},{"@_fa": "true", "@ref": "scopus-citedby", "@href": "https://www.scopus.com/inward/citedby.uri?partnerID=HzOxMe3b&scp=84920261237&origin=inward"}],"prism:url":"https://api.elsevier.com/content/abstract/scopus_id/84920261237","dc:identifier":"SCOPUS_ID:84920261237","eid":"2-s2.0-84920261237","dc:title":"Clientelism with Chinese Characteristics: Local Patronage Networks in Post-Reform China","dc:creator":"Paik W.","prism:publicationName":"Political Science Quarterly","prism:issn":"00323195","prism:eIssn":"1538165X","prism:volume":"129","prism:issueIdentifier":"4","prism:pageRange":"675-702","prism:coverDate":"2014-01-01","prism:coverDisplayDate":"1 December 2014","prism:doi":"10.1002/polq.12250","citedby-count":"6","affiliation": [{"@_fa": "true", "affilname":"Sungkyunkwan University","affiliation-city":"Jongno-gu","affiliation-country":"South Korea"}],"prism:aggregationType":"Journal","subtype":"ar","subtypeDescription":"Article","source-id":"22889","openaccess":"0","openaccessFlag":false},{"@_fa": "true", "link": [{"@_fa": "true", "@ref": "self", "@href": "https://api.elsevier.com/content/abstract/scopus_id/84951196530"},{"@_fa": "true", "@ref": "author-affiliation", "@href": "https://api.elsevier.com/content/abstract/scopus_id/84951196530?field=author,affiliation"},{"@_fa": "true", "@ref": "scopus", "@href": "https://www.scopus.com/inward/record.uri?partnerID=HzOxMe3b&scp=84951196530&origin=inward"},{"@_fa": "true", "@ref": "scopus-citedby", "@href": "https://www.scopus.com/inward/citedby.uri?partnerID=HzOxMe3b&scp=84951196530&origin=inward"}],"prism:url":"https://api.elsevier.com/content/abstract/scopus_id/84951196530","dc:identifier":"SCOPUS_ID:84951196530","eid":"2-s2.0-84951196530","dc:title":"Clientelism, declared support, and Mexico's 2012 campaign","dc:creator":"Nichter S.","prism:publicationName":"Mexico's Evolving Democracy: A Comparative Study of the 2012 Elections","prism:isbn": [{"@_fa": "true", "$" :"9781421415550"},{"@_fa": "true", "$" :"9781421415543"}],"prism:pageRange":"200-226","prism:coverDate":"2014-01-01","prism:coverDisplayDate":"1 January 2014","citedby-count":"7","affiliation": [{"@_fa": "true", "affilname":"University of California, San Diego","affiliation-city":"San Diego","affiliation-country":"United States"}],"prism:aggregationType":"Book","subtype":"ch","subtypeDescription":"Chapter","source-id":"21100431540","openaccess":"0","openaccessFlag":false},{"@_fa": "true", "link": [{"@_fa": "true", "@ref": "self", "@href": "https://api.elsevier.com/content/abstract/scopus_id/84902965123"},{"@_fa": "true", "@ref": "author-affiliation", "@href": "https://api.elsevier.com/content/abstract/scopus_id/84902965123?field=author,affiliation"},{"@_fa": "true", "@ref": "scopus", "@href": "https://www.scopus.com/inward/record.uri?partnerID=HzOxMe3b&scp=84902965123&origin=inward"},{"@_fa": "true", "@ref": "scopus-citedby", "@href": "https://www.scopus.com/inward/citedby.uri?partnerID=HzOxMe3b&scp=84902965123&origin=inward"}],"prism:url":"https://api.elsevier.com/content/abstract/scopus_id/84902965123","dc:identifier":"SCOPUS_ID:84902965123","eid":"2-s2.0-84902965123","dc:title":"Political clientelism and democracy: Clientelistic power and the internal differentiation of the political system","dc:creator":"Kusche I.","prism:publicationName":"Acta Sociologica (United Kingdom)","prism:issn":"00016993","prism:eIssn":"15023869","prism:volume":"57","prism:issueIdentifier":"3","prism:pageRange":"207-221","prism:coverDate":"2014-01-01","prism:coverDisplayDate":"August 2014","prism:doi":"10.1177/0001699313506721","citedby-count":"1","affiliation": [{"@_fa": "true", "affilname":"Universität Osnabrück","affiliation-city":"Osnabruck","affiliation-country":"Germany"}],"prism:aggregationType":"Journal","subtype":"ar","subtypeDescription":"Article","source-id":"16865","openaccess":"0","openaccessFlag":false},{"@_fa": "true", "link": [{"@_fa": "true", "@ref": "self", "@href": "https://api.elsevier.com/content/abstract/scopus_id/84919859849"},{"@_fa": "true", "@ref": "author-affiliation", "@href": "https://api.elsevier.com/content/abstract/scopus_id/84919859849?field=author,affiliation"},{"@_fa": "true", "@ref": "scopus", "@href": "https://www.scopus.com/inward/record.uri?partnerID=HzOxMe3b&scp=84919859849&origin=inward"},{"@_fa": "true", "@ref": "scopus-citedby", "@href": "https://www.scopus.com/inward/citedby.uri?partnerID=HzOxMe3b&scp=84919859849&origin=inward"}],"prism:url":"https://api.elsevier.com/content/abstract/scopus_id/84919859849","dc:identifier":"SCOPUS_ID:84919859849","eid":"2-s2.0-84919859849","dc:title":"Interdisciplinary Approaches to Political Clientelism and Patronage in Turkey","dc:creator":"Sayarı S.","prism:publicationName":"Turkish Studies","prism:issn":"14683849","prism:eIssn":"17439663","prism:volume":"15","prism:issueIdentifier":"4","prism:pageRange":"655-670","prism:coverDate":"2014-01-01","prism:coverDisplayDate":"2 October 2014","prism:doi":"10.1080/14683849.2014.985809","citedby-count":"18","affiliation": [{"@_fa": "true", "affilname":"Bahçeşehir Üniversitesi","affiliation-city":"Istanbul","affiliation-country":"Turkey"}],"prism:aggregationType":"Journal","subtype":"ar","subtypeDescription":"Article","source-id":"5700162123","openaccess":"0","openaccessFlag":false},{"@_fa": "true", "link": [{"@_fa": "true", "@ref": "self", "@href": "https://api.elsevier.com/content/abstract/scopus_id/84917739504"},{"@_fa": "true", "@ref": "author-affiliation", "@href": "https://api.elsevier.com/content/abstract/scopus_id/84917739504?field=author,affiliation"},{"@_fa": "true", "@ref": "scopus", "@href": "https://www.scopus.com/inward/record.uri?partnerID=HzOxMe3b&scp=84917739504&origin=inward"},{"@_fa": "true", "@ref": "scopus-citedby", "@href": "https://www.scopus.com/inward/citedby.uri?partnerID=HzOxMe3b&scp=84917739504&origin=inward"}],"prism:url":"https://api.elsevier.com/content/abstract/scopus_id/84917739504","dc:identifier":"SCOPUS_ID:84917739504","eid":"2-s2.0-84917739504","dc:title":"Informal institutions and personal rule in Urban Ghana","dc:creator":"Paller J.","prism:publicationName":"African Studies Review","prism:issn":"00020206","prism:volume":"57","prism:issueIdentifier":"3","prism:pageRange":"123-142","prism:coverDate":"2014-01-01","prism:coverDisplayDate":"17 November 2014","prism:doi":"10.1017/asr.2014.95","pii":"S000202061400095X","citedby-count":"18","affiliation": [{"@_fa": "true", "affilname":"Bates College","affiliation-city":"Lewiston","affiliation-country":"United States"}],"prism:aggregationType":"Journal","subtype":"ar","subtypeDescription":"Article","source-id":"26926","openaccess":"0","openaccessFlag":false},{"@_fa": "true", "link": [{"@_fa": "true", "@ref": "self", "@href": "https://api.elsevier.com/content/abstract/scopus_id/84921911829"},{"@_fa": "true", "@ref": "author-affiliation", "@href": "https://api.elsevier.com/content/abstract/scopus_id/84921911829?field=author,affiliation"},{"@_fa": "true", "@ref": "scopus", "@href": "https://www.scopus.com/inward/record.uri?partnerID=HzOxMe3b&scp=84921911829&origin=inward"},{"@_fa": "true", "@ref": "scopus-citedby", "@href": "https://www.scopus.com/inward/citedby.uri?partnerID=HzOxMe3b&scp=84921911829&origin=inward"}],"prism:url":"https://api.elsevier.com/content/abstract/scopus_id/84921911829","dc:identifier":"SCOPUS_ID:84921911829","eid":"2-s2.0-84921911829","dc:title":"Contingent statehood: Clientelism and civic engagement as relational modalities in contemporary Bosnia and Herzegovina","dc:creator":"Vetters L.","prism:publicationName":"Social Analysis","prism:issn":"0155977X","prism:eIssn":"15585727","prism:volume":"58","prism:issueIdentifier":"3","prism:pageRange":"20-37","prism:coverDate":"2014-01-01","prism:coverDisplayDate":"1 December 2014","prism:doi":"10.3167/sa.2014.580303","citedby-count":"4","affiliation": [{"@_fa": "true", "affilname":"Max Planck Institute for Social Anthropology","affiliation-city":"Halle","affiliation-country":"Germany"}],"prism:aggregationType":"Journal","subtype":"ar","subtypeDescription":"Article","source-id":"5600153131","openaccess":"0","openaccessFlag":false},{"@_fa": "true", "link": [{"@_fa": "true", "@ref": "self", "@href": "https://api.elsevier.com/content/abstract/scopus_id/84919492066"},{"@_fa": "true", "@ref": "author-affiliation", "@href": "https://api.elsevier.com/content/abstract/scopus_id/84919492066?field=author,affiliation"},{"@_fa": "true", "@ref": "scopus", "@href": "https://www.scopus.com/inward/record.uri?partnerID=HzOxMe3b&scp=84919492066&origin=inward"},{"@_fa": "true", "@ref": "scopus-citedby", "@href": "https://www.scopus.com/inward/citedby.uri?partnerID=HzOxMe3b&scp=84919492066&origin=inward"},{"@_fa": "true", "@ref": "full-text", "@href": "https://api.elsevier.com/content/article/eid/1-s2.0-S036381111400109X"}],"prism:url":"https://api.elsevier.com/content/abstract/scopus_id/84919492066","dc:identifier":"SCOPUS_ID:84919492066","eid":"2-s2.0-84919492066","dc:title":"Clientelism and guanxi: Southern European and Chinese public relations in comparative perspective","dc:creator":"García C.","prism:publicationName":"Public Relations Review","prism:issn":"03638111","prism:volume":"40","prism:issueIdentifier":"5","prism:pageRange":"798-806","prism:coverDate":"2014-01-01","prism:coverDisplayDate":"1 December 2014","prism:doi":"10.1016/j.pubrev.2014.06.001","pii":"S036381111400109X","citedby-count":"2","affiliation": [{"@_fa": "true", "affilname":"Central Washington University","affiliation-city":"Ellensburg","affiliation-country":"United States"}],"prism:aggregationType":"Journal","subtype":"ar","subtypeDescription":"Article","source-id":"29139","openaccess":"0","openaccessFlag":false},{"@_fa": "true", "link": [{"@_fa": "true", "@ref": "self", "@href": "https://api.elsevier.com/content/abstract/scopus_id/84905401058"},{"@_fa": "true", "@ref": "author-affiliation", "@href": "https://api.elsevier.com/content/abstract/scopus_id/84905401058?field=author,affiliation"},{"@_fa": "true", "@ref": "scopus", "@href": "https://www.scopus.com/inward/record.uri?partnerID=HzOxMe3b&scp=84905401058&origin=inward"},{"@_fa": "true", "@ref": "scopus-citedby", "@href": "https://www.scopus.com/inward/citedby.uri?partnerID=HzOxMe3b&scp=84905401058&origin=inward"},{"@_fa": "true", "@ref": "full-text", "@href": "https://api.elsevier.com/content/article/eid/1-s2.0-S0261379414000316"}],"prism:url":"https://api.elsevier.com/content/abstract/scopus_id/84905401058","dc:identifier":"SCOPUS_ID:84905401058","eid":"2-s2.0-84905401058","dc:title":"Conceptualizing vote buying","dc:creator":"Nichter S.","prism:publicationName":"Electoral Studies","prism:issn":"02613794","prism:volume":"35","prism:pageRange":"315-327","prism:coverDate":"2014-01-01","prism:coverDisplayDate":"September 2014","prism:doi":"10.1016/j.electstud.2014.02.008","pii":"S0261379414000316","citedby-count":"20","affiliation": [{"@_fa": "true", "affilname":"University of California, San Diego","affiliation-city":"San Diego","affiliation-country":"United States"}],"prism:aggregationType":"Journal","subtype":"ar","subtypeDescription":"Article","source-id":"16114","openaccess":"0","openaccessFlag":false},{"@_fa": "true", "link": [{"@_fa": "true", "@ref": "self", "@href": "https://api.elsevier.com/content/abstract/scopus_id/84901915076"},{"@_fa": "true", "@ref": "author-affiliation", "@href": "https://api.elsevier.com/content/abstract/scopus_id/84901915076?field=author,affiliation"},{"@_fa": "true", "@ref": "scopus", "@href": "https://www.scopus.com/inward/record.uri?partnerID=HzOxMe3b&scp=84901915076&origin=inward"},{"@_fa": "true", "@ref": "scopus-citedby", "@href": "https://www.scopus.com/inward/citedby.uri?partnerID=HzOxMe3b&scp=84901915076&origin=inward"}],"prism:url":"https://api.elsevier.com/content/abstract/scopus_id/84901915076","dc:identifier":"SCOPUS_ID:84901915076","eid":"2-s2.0-84901915076","dc:title":"Undemocratic legacies: First-wave feminism and the somocista women's movement in Nicaragua, 1920s-1979","dc:creator":"González-Rivera V.","prism:publicationName":"Bulletin of Latin American Research","prism:issn":"02613050","prism:eIssn":"14709856","prism:volume":"33","prism:issueIdentifier":"3","prism:pageRange":"259-273","prism:coverDate":"2014-01-01","prism:coverDisplayDate":"July 2014","prism:doi":"10.1111/blar.12102","citedby-count":"1","affiliation": [{"@_fa": "true", "affilname":"San Diego State University","affiliation-city":"San Diego","affiliation-country":"United States"}],"prism:aggregationType":"Journal","subtype":"ar","subtypeDescription":"Article","source-id":"25322","openaccess":"0","openaccessFlag":false},{"@_fa": "true", "link": [{"@_fa": "true", "@ref": "self", "@href": "https://api.elsevier.com/content/abstract/scopus_id/84898854218"},{"@_fa": "true", "@ref": "author-affiliation", "@href": "https://api.elsevier.com/content/abstract/scopus_id/84898854218?field=author,affiliation"},{"@_fa": "true", "@ref": "scopus", "@href": "https://www.scopus.com/inward/record.uri?partnerID=HzOxMe3b&scp=84898854218&origin=inward"},{"@_fa": "true", "@ref": "scopus-citedby", "@href": "https://www.scopus.com/inward/citedby.uri?partnerID=HzOxMe3b&scp=84898854218&origin=inward"}],"prism:url":"https://api.elsevier.com/content/abstract/scopus_id/84898854218","dc:identifier":"SCOPUS_ID:84898854218","eid":"2-s2.0-84898854218","dc:title":"Welfare regime, welfare pillar and southern Europe","dc:creator":"Minas C.","prism:publicationName":"Journal of European Social Policy","prism:issn":"09589287","prism:eIssn":"14617269","prism:volume":"24","prism:issueIdentifier":"2","prism:pageRange":"135-149","prism:coverDate":"2014-01-01","prism:coverDisplayDate":"May 2014","prism:doi":"10.1177/0958928713517917","citedby-count":"16","affiliation": [{"@_fa": "true", "affilname":"Frederick University","affiliation-city":"Nicosia","affiliation-country":"Cyprus"}],"prism:aggregationType":"Journal","subtype":"ar","subtypeDescription":"Article","source-id":"26350","openaccess":"0","openaccessFlag":false},{"@_fa": "true", "link": [{"@_fa": "true", "@ref": "self", "@href": "https://api.elsevier.com/content/abstract/scopus_id/84907454833"},{"@_fa": "true", "@ref": "author-affiliation", "@href": "https://api.elsevier.com/content/abstract/scopus_id/84907454833?field=author,affiliation"},{"@_fa": "true", "@ref": "scopus", "@href": "https://www.scopus.com/inward/record.uri?partnerID=HzOxMe3b&scp=84907454833&origin=inward"},{"@_fa": "true", "@ref": "scopus-citedby", "@href": "https://www.scopus.com/inward/citedby.uri?partnerID=HzOxMe3b&scp=84907454833&origin=inward"}],"prism:url":"https://api.elsevier.com/content/abstract/scopus_id/84907454833","dc:identifier":"SCOPUS_ID:84907454833","eid":"2-s2.0-84907454833","dc:title":"Understanding the Role of Participation in Public Service Delivery: Evidences from Rural West Bengal, India","dc:creator":"Nayak N.","prism:publicationName":"International Journal of Public Administration","prism:issn":"01900692","prism:eIssn":"15324265","prism:volume":"37","prism:issueIdentifier":"12","prism:pageRange":"875-884","prism:coverDate":"2014-01-01","prism:coverDisplayDate":"1 October 2014","prism:doi":"10.1080/01900692.2014.928313","citedby-count":"0","affiliation": [{"@_fa": "true", "affilname":"Indian Institute of Technology Kharagpur","affiliation-city":"Kharagpur","affiliation-country":"India"}],"prism:aggregationType":"Journal","subtype":"ar","subtypeDescription":"Article","source-id":"4700151710","openaccess":"0","openaccessFlag":false},{"@_fa": "true", "link": [{"@_fa": "true", "@ref": "self", "@href": "https://api.elsevier.com/content/abstract/scopus_id/84906941920"},{"@_fa": "true", "@ref": "author-affiliation", "@href": "https://api.elsevier.com/content/abstract/scopus_id/84906941920?field=author,affiliation"},{"@_fa": "true", "@ref": "scopus", "@href": "https://www.scopus.com/inward/record.uri?partnerID=HzOxMe3b&scp=84906941920&origin=inward"},{"@_fa": "true", "@ref": "scopus-citedby", "@href": "https://www.scopus.com/inward/citedby.uri?partnerID=HzOxMe3b&scp=84906941920&origin=inward"}],"prism:url":"https://api.elsevier.com/content/abstract/scopus_id/84906941920","dc:identifier":"SCOPUS_ID:84906941920","eid":"2-s2.0-84906941920","dc:title":"Funding local government: Use (and Abuse) of Peru's canon system","dc:creator":"Crabtree J.","prism:publicationName":"Bulletin of Latin American Research","prism:issn":"02613050","prism:eIssn":"14709856","prism:volume":"33","prism:issueIdentifier":"4","prism:pageRange":"452-467","prism:coverDate":"2014-01-01","prism:coverDisplayDate":"October 2014","prism:doi":"10.1111/blar.12174","citedby-count":"4","affiliation": [{"@_fa": "true", "affilname":"Centre Latin American Studies","affiliation-city":"Oxford","affiliation-country":"United Kingdom"}],"prism:aggregationType":"Journal","subtype":"ar","subtypeDescription":"Article","source-id":"25322","openaccess":"0","openaccessFlag":false}]}}