{"search-results":{"opensearch:totalResults":"4","opensearch:startIndex":"0","opensearch:itemsPerPage":"4","opensearch:Query":{"@role": "request", "@searchTerms": "TITLE-ABS-KEY(\"clientelism\") AND SUBJAREA(SOCI) AND PUBYEAR = 1988", "@startPage": "0"},"link": [{"@_fa": "true", "@ref": "self", "@href": "https://api.elsevier.com/content/search/scopus?start=0&count=25&query=TITLE-ABS-KEY%28%22clientelism%22%29+AND+SUBJAREA%28SOCI%29+AND+PUBYEAR+%3D+1988&apiKey=27d953b4b546791964ebeb768d13e61f&view=STANDARD", "@type": "application/json"},{"@_fa": "true", "@ref": "first", "@href": "https://api.elsevier.com/content/search/scopus?start=0&count=25&query=TITLE-ABS-KEY%28%22clientelism%22%29+AND+SUBJAREA%28SOCI%29+AND+PUBYEAR+%3D+1988&apiKey=27d953b4b546791964ebeb768d13e61f&view=STANDARD", "@type": "application/json"}],"entry": [{"@_fa": "true", "link": [{"@_fa": "true", "@ref": "self", "@href": "https://api.elsevier.com/content/abstract/scopus_id/84968162961"},{"@_fa": "true", "@ref": "author-affiliation", "@href": "https://api.elsevier.com/content/abstract/scopus_id/84968162961?field=author,affiliation"},{"@_fa": "true", "@ref": "scopus", "@href": "https://www.scopus.com/inward/record.uri?partnerID=HzOxMe3b&scp=84968162961&origin=inward"},{"@_fa": "true", "@ref": "scopus-citedby", "@href": "https://www.scopus.com/inward/citedby.uri?partnerID=HzOxMe3b&scp=84968162961&origin=inward"}],"prism:url":"https://api.elsevier.com/content/abstract/scopus_id/84968162961","dc:identifier":"SCOPUS_ID:84968162961","eid":"2-s2.0-84968162961","dc:title":"Political Clientelism in Japan: The Case of “S”","dc:creator":"Cheng P.","prism:publicationName":"Asian Survey","prism:issn":"00044687","prism:eIssn":"1533838X","prism:volume":"28","prism:issueIdentifier":"4","prism:pageRange":"471-483","prism:coverDate":"1988-01-01","prism:coverDisplayDate":"1988","prism:doi":"10.2307/2644739","citedby-count":"5","affiliation": [{"@_fa": "true", "affilname":"University of Nebraska - Lincoln","affiliation-city":"Lincoln","affiliation-country":"United States"}],"prism:aggregationType":"Journal","subtype":"ar","subtypeDescription":"Article","source-id":"15713","openaccess":"0","openaccessFlag":false},{"@_fa": "true", "link": [{"@_fa": "true", "@ref": "self", "@href": "https://api.elsevier.com/content/abstract/scopus_id/0024223872"},{"@_fa": "true", "@ref": "author-affiliation", "@href": "https://api.elsevier.com/content/abstract/scopus_id/0024223872?field=author,affiliation"},{"@_fa": "true", "@ref": "scopus", "@href": "https://www.scopus.com/inward/record.uri?partnerID=HzOxMe3b&scp=0024223872&origin=inward"},{"@_fa": "true", "@ref": "scopus-citedby", "@href": "https://www.scopus.com/inward/citedby.uri?partnerID=HzOxMe3b&scp=0024223872&origin=inward"}],"prism:url":"https://api.elsevier.com/content/abstract/scopus_id/0024223872","dc:identifier":"SCOPUS_ID:0024223872","eid":"2-s2.0-0024223872","dc:title":"The politics of social outlawry in urban Jamaica","dc:creator":"Harrison F.","prism:publicationName":"Urban Anthropology","prism:issn":"08946019","prism:volume":"17","prism:issueIdentifier":"2","prism:pageRange":"259-277","prism:coverDate":"1988-01-01","prism:coverDisplayDate":"1988","citedby-count":"12","affiliation": [{"@_fa": "true", "affilname":"University of Louisville","affiliation-city":"Louisville","affiliation-country":"United States"}],"prism:aggregationType":"Journal","subtype":"ar","subtypeDescription":"Article","source-id":"98085","openaccess":"0","openaccessFlag":false},{"@_fa": "true", "link": [{"@_fa": "true", "@ref": "self", "@href": "https://api.elsevier.com/content/abstract/scopus_id/84982371175"},{"@_fa": "true", "@ref": "author-affiliation", "@href": "https://api.elsevier.com/content/abstract/scopus_id/84982371175?field=author,affiliation"},{"@_fa": "true", "@ref": "scopus", "@href": "https://www.scopus.com/inward/record.uri?partnerID=HzOxMe3b&scp=84982371175&origin=inward"},{"@_fa": "true", "@ref": "scopus-citedby", "@href": "https://www.scopus.com/inward/citedby.uri?partnerID=HzOxMe3b&scp=84982371175&origin=inward"}],"prism:url":"https://api.elsevier.com/content/abstract/scopus_id/84982371175","dc:identifier":"SCOPUS_ID:84982371175","eid":"2-s2.0-84982371175","dc:title":"Informal Exchange Networks in Formal Systems: A Theoretical Model","dc:creator":"Lomnitz L.","prism:publicationName":"American Anthropologist","prism:issn":"00027294","prism:eIssn":"15481433","prism:volume":"90","prism:issueIdentifier":"1","prism:pageRange":"42-55","prism:coverDate":"1988-01-01","prism:coverDisplayDate":"March 1988","prism:doi":"10.1525/aa.1988.90.1.02a00030","citedby-count":"138","affiliation": [{"@_fa": "true", "affilname":"Universidad Nacional Autónoma de México","affiliation-city":"Mexico City","affiliation-country":"Mexico"}],"prism:aggregationType":"Journal","subtype":"ar","subtypeDescription":"Article","source-id":"32845","openaccess":"0","openaccessFlag":false},{"@_fa": "true", "link": [{"@_fa": "true", "@ref": "self", "@href": "https://api.elsevier.com/content/abstract/scopus_id/0023792199"},{"@_fa": "true", "@ref": "author-affiliation", "@href": "https://api.elsevier.com/content/abstract/scopus_id/0023792199?field=author,affiliation"},{"@_fa": "true", "@ref": "scopus", "@href": "https://www.scopus.com/inward/record.uri?partnerID=HzOxMe3b&scp=0023792199&origin=inward"},{"@_fa": "true", "@ref": "scopus-citedby", "@href": "https://www.scopus.com/inward/citedby.uri?partnerID=HzOxMe3b&scp=0023792199&origin=inward"}],"prism:url":"https://api.elsevier.com/content/abstract/scopus_id/0023792199","dc:identifier":"SCOPUS_ID:0023792199","eid":"2-s2.0-0023792199","dc:title":"The local state and urban local government in Zambia","dc:creator":"Rakodi C.","prism:publicationName":"Public Administration and Development","prism:issn":"02712075","prism:eIssn":"1099162X","prism:volume":"8","prism:issueIdentifier":"1","prism:pageRange":"27-46","prism:coverDate":"1988-01-01","prism:coverDisplayDate":"January/March 1988","prism:doi":"10.1002/pad.4230080104","citedby-count":"10","affiliation": [{"@_fa": "true", "affilname":"Prifysgol Cymru","affiliation-city":"Cardiff","affiliation-country":"United Kingdom"}],"prism:aggregationType":"Journal","subtype":"ar","subtypeDescription":"Article","source-id":"15381","openaccess":"0","openaccessFlag":false}]}}