{"search-results":{"opensearch:totalResults":"7","opensearch:startIndex":"0","opensearch:itemsPerPage":"7","opensearch:Query":{"@role": "request", "@searchTerms": "TITLE-ABS-KEY(\"clientelism\") AND SUBJAREA(SOCI) AND PUBYEAR = 1992", "@startPage": "0"},"link": [{"@_fa": "true", "@ref": "self", "@href": "https://api.elsevier.com/content/search/scopus?start=0&count=25&query=TITLE-ABS-KEY%28%22clientelism%22%29+AND+SUBJAREA%28SOCI%29+AND+PUBYEAR+%3D+1992&apiKey=27d953b4b546791964ebeb768d13e61f&view=STANDARD", "@type": "application/json"},{"@_fa": "true", "@ref": "first", "@href": "https://api.elsevier.com/content/search/scopus?start=0&count=25&query=TITLE-ABS-KEY%28%22clientelism%22%29+AND+SUBJAREA%28SOCI%29+AND+PUBYEAR+%3D+1992&apiKey=27d953b4b546791964ebeb768d13e61f&view=STANDARD", "@type": "application/json"}],"entry": [{"@_fa": "true", "link": [{"@_fa": "true", "@ref": "self", "@href": "https://api.elsevier.com/content/abstract/scopus_id/0027069047"},{"@_fa": "true", "@ref": "author-affiliation", "@href": "https://api.elsevier.com/content/abstract/scopus_id/0027069047?field=author,affiliation"},{"@_fa": "true", "@ref": "scopus", "@href": "https://www.scopus.com/inward/record.uri?partnerID=HzOxMe3b&scp=0027069047&origin=inward"},{"@_fa": "true", "@ref": "scopus-citedby", "@href": "https://www.scopus.com/inward/citedby.uri?partnerID=HzOxMe3b&scp=0027069047&origin=inward"}],"prism:url":"https://api.elsevier.com/content/abstract/scopus_id/0027069047","dc:identifier":"SCOPUS_ID:0027069047","eid":"2-s2.0-0027069047","dc:title":"Elections and political change in kenya","dc:creator":"Hornsby C.","prism:publicationName":"The Journal of Commonwealth &amp; Comparative Politics","prism:issn":"03063631","prism:volume":"30","prism:issueIdentifier":"2","prism:pageRange":"172-199","prism:coverDate":"1992-07-01","prism:coverDisplayDate":"1 July 1992","prism:doi":"10.1080/14662049208447631","citedby-count":"13","affiliation": [{"@_fa": "true", "affilname":"Keele University","affiliation-city":"Keele","affiliation-country":"United Kingdom"}],"prism:aggregationType":"Journal","subtype":"ar","subtypeDescription":"Article","source-id":"31670","openaccess":"0","openaccessFlag":false},{"@_fa": "true", "link": [{"@_fa": "true", "@ref": "self", "@href": "https://api.elsevier.com/content/abstract/scopus_id/0027046724"},{"@_fa": "true", "@ref": "author-affiliation", "@href": "https://api.elsevier.com/content/abstract/scopus_id/0027046724?field=author,affiliation"},{"@_fa": "true", "@ref": "scopus", "@href": "https://www.scopus.com/inward/record.uri?partnerID=HzOxMe3b&scp=0027046724&origin=inward"},{"@_fa": "true", "@ref": "scopus-citedby", "@href": "https://www.scopus.com/inward/citedby.uri?partnerID=HzOxMe3b&scp=0027046724&origin=inward"}],"prism:url":"https://api.elsevier.com/content/abstract/scopus_id/0027046724","dc:identifier":"SCOPUS_ID:0027046724","eid":"2-s2.0-0027046724","dc:title":"The mechanisms of accommodation: Bolivia, 1952-71","dc:creator":"Garcia Arganaras F.","prism:publicationName":"Review (Binghamton, NY)","prism:volume":"15","prism:issueIdentifier":"2","prism:pageRange":"257-308","prism:coverDate":"1992-01-01","prism:coverDisplayDate":"1992","citedby-count":"2","prism:aggregationType":"Journal","subtype":"ar","subtypeDescription":"Article","source-id":"29438","openaccess":"0","openaccessFlag":false},{"@_fa": "true", "link": [{"@_fa": "true", "@ref": "self", "@href": "https://api.elsevier.com/content/abstract/scopus_id/0027008580"},{"@_fa": "true", "@ref": "author-affiliation", "@href": "https://api.elsevier.com/content/abstract/scopus_id/0027008580?field=author,affiliation"},{"@_fa": "true", "@ref": "scopus", "@href": "https://www.scopus.com/inward/record.uri?partnerID=HzOxMe3b&scp=0027008580&origin=inward"},{"@_fa": "true", "@ref": "scopus-citedby", "@href": "https://www.scopus.com/inward/citedby.uri?partnerID=HzOxMe3b&scp=0027008580&origin=inward"}],"prism:url":"https://api.elsevier.com/content/abstract/scopus_id/0027008580","dc:identifier":"SCOPUS_ID:0027008580","eid":"2-s2.0-0027008580","dc:title":"From protest to programs: neighborhood associations in a Brazilian municipality","dc:creator":"Ferguson B.","prism:publicationName":"Grassroots Development","prism:issn":"07336608","prism:volume":"16","prism:issueIdentifier":"1","prism:pageRange":"12-21","prism:coverDate":"1992-01-01","prism:coverDisplayDate":"1992","citedby-count":"1","pubmed-id":"12286184","prism:aggregationType":"Trade Journal","subtype":"ar","subtypeDescription":"Article","source-id":"14220","openaccess":"0","openaccessFlag":false},{"@_fa": "true", "link": [{"@_fa": "true", "@ref": "self", "@href": "https://api.elsevier.com/content/abstract/scopus_id/0027065201"},{"@_fa": "true", "@ref": "author-affiliation", "@href": "https://api.elsevier.com/content/abstract/scopus_id/0027065201?field=author,affiliation"},{"@_fa": "true", "@ref": "scopus", "@href": "https://www.scopus.com/inward/record.uri?partnerID=HzOxMe3b&scp=0027065201&origin=inward"},{"@_fa": "true", "@ref": "scopus-citedby", "@href": "https://www.scopus.com/inward/citedby.uri?partnerID=HzOxMe3b&scp=0027065201&origin=inward"}],"prism:url":"https://api.elsevier.com/content/abstract/scopus_id/0027065201","dc:identifier":"SCOPUS_ID:0027065201","eid":"2-s2.0-0027065201","dc:title":"Corruption and clientelism in Mali and Eastern Europe: points of comparison","dc:creator":"Amselle J.","prism:publicationName":"Cahiers d'Etudes Africaines","prism:issn":"00080055","prism:volume":"128","prism:pageRange":"629-642","prism:coverDate":"1992-01-01","prism:coverDisplayDate":"1992","citedby-count":"7","prism:aggregationType":"Journal","subtype":"ar","subtypeDescription":"Article","source-id":"36166","openaccess":"0","openaccessFlag":false},{"@_fa": "true", "link": [{"@_fa": "true", "@ref": "self", "@href": "https://api.elsevier.com/content/abstract/scopus_id/84980210312"},{"@_fa": "true", "@ref": "author-affiliation", "@href": "https://api.elsevier.com/content/abstract/scopus_id/84980210312?field=author,affiliation"},{"@_fa": "true", "@ref": "scopus", "@href": "https://www.scopus.com/inward/record.uri?partnerID=HzOxMe3b&scp=84980210312&origin=inward"},{"@_fa": "true", "@ref": "scopus-citedby", "@href": "https://www.scopus.com/inward/citedby.uri?partnerID=HzOxMe3b&scp=84980210312&origin=inward"}],"prism:url":"https://api.elsevier.com/content/abstract/scopus_id/84980210312","dc:identifier":"SCOPUS_ID:84980210312","eid":"2-s2.0-84980210312","dc:title":"Dimensions and types of policy networks","dc:creator":"VAN WAARDEN F.","prism:publicationName":"European Journal of Political Research","prism:issn":"03044130","prism:eIssn":"14756765","prism:volume":"21","prism:issueIdentifier":"1-2","prism:pageRange":"29-52","prism:coverDate":"1992-01-01","prism:coverDisplayDate":"February 1992","prism:doi":"10.1111/j.1475-6765.1992.tb00287.x","citedby-count":"261","affiliation": [{"@_fa": "true", "affilname":"Universität Konstanz","affiliation-city":"Konstanz","affiliation-country":"Germany"}],"prism:aggregationType":"Journal","subtype":"ar","subtypeDescription":"Article","source-id":"18437","openaccess":"0","openaccessFlag":false},{"@_fa": "true", "link": [{"@_fa": "true", "@ref": "self", "@href": "https://api.elsevier.com/content/abstract/scopus_id/0027072726"},{"@_fa": "true", "@ref": "author-affiliation", "@href": "https://api.elsevier.com/content/abstract/scopus_id/0027072726?field=author,affiliation"},{"@_fa": "true", "@ref": "scopus", "@href": "https://www.scopus.com/inward/record.uri?partnerID=HzOxMe3b&scp=0027072726&origin=inward"},{"@_fa": "true", "@ref": "scopus-citedby", "@href": "https://www.scopus.com/inward/citedby.uri?partnerID=HzOxMe3b&scp=0027072726&origin=inward"}],"prism:url":"https://api.elsevier.com/content/abstract/scopus_id/0027072726","dc:identifier":"SCOPUS_ID:0027072726","eid":"2-s2.0-0027072726","dc:title":"Explaining sociopolitical change in Latin America: the case of Mexico","dc:creator":"Brachet-Marquez V.","prism:publicationName":"Latin American Research Review","prism:issn":"00238791","prism:volume":"27","prism:issueIdentifier":"3","prism:pageRange":"91-122","prism:coverDate":"1992-01-01","prism:coverDisplayDate":"1992","citedby-count":"12","prism:aggregationType":"Journal","subtype":"ar","subtypeDescription":"Article","source-id":"27733","openaccess":"0","openaccessFlag":false},{"@_fa": "true", "link": [{"@_fa": "true", "@ref": "self", "@href": "https://api.elsevier.com/content/abstract/scopus_id/0026471820"},{"@_fa": "true", "@ref": "author-affiliation", "@href": "https://api.elsevier.com/content/abstract/scopus_id/0026471820?field=author,affiliation"},{"@_fa": "true", "@ref": "scopus", "@href": "https://www.scopus.com/inward/record.uri?partnerID=HzOxMe3b&scp=0026471820&origin=inward"},{"@_fa": "true", "@ref": "scopus-citedby", "@href": "https://www.scopus.com/inward/citedby.uri?partnerID=HzOxMe3b&scp=0026471820&origin=inward"}],"prism:url":"https://api.elsevier.com/content/abstract/scopus_id/0026471820","dc:identifier":"SCOPUS_ID:0026471820","eid":"2-s2.0-0026471820","dc:title":"PROFESSIONALISM AND PUBLIC POLICY MAKING IN GREECE: THE INFLUENCE OF ENGINEERS IN THE LOCAL GOVERNMENT REFORMS","dc:creator":"CHRISTOFILOPOULOU P.","prism:publicationName":"Public Administration","prism:issn":"00333298","prism:eIssn":"14679299","prism:volume":"70","prism:issueIdentifier":"1","prism:pageRange":"99-118","prism:coverDate":"1992-01-01","prism:coverDisplayDate":"March 1992","prism:doi":"10.1111/j.1467-9299.1992.tb00928.x","citedby-count":"3","prism:aggregationType":"Journal","subtype":"ar","subtypeDescription":"Article","source-id":"17162","openaccess":"0","openaccessFlag":false}]}}