{"search-results":{"opensearch:totalResults":"68","opensearch:startIndex":"0","opensearch:itemsPerPage":"25","opensearch:Query":{"@role": "request", "@searchTerms": "TITLE-ABS-KEY(\"clientelism\") AND SUBJAREA(SOCI) AND PUBYEAR = 2013", "@startPage": "0"},"link": [{"@_fa": "true", "@ref": "self", "@href": "https://api.elsevier.com/content/search/scopus?start=0&count=25&query=TITLE-ABS-KEY%28%22clientelism%22%29+AND+SUBJAREA%28SOCI%29+AND+PUBYEAR+%3D+2013&apiKey=27d953b4b546791964ebeb768d13e61f&view=STANDARD", "@type": "application/json"},{"@_fa": "true", "@ref": "first", "@href": "https://api.elsevier.com/content/search/scopus?start=0&count=25&query=TITLE-ABS-KEY%28%22clientelism%22%29+AND+SUBJAREA%28SOCI%29+AND+PUBYEAR+%3D+2013&apiKey=27d953b4b546791964ebeb768d13e61f&view=STANDARD", "@type": "application/json"},{"@_fa": "true", "@ref": "next", "@href": "https://api.elsevier.com/content/search/scopus?start=25&count=25&query=TITLE-ABS-KEY%28%22clientelism%22%29+AND+SUBJAREA%28SOCI%29+AND+PUBYEAR+%3D+2013&apiKey=27d953b4b546791964ebeb768d13e61f&view=STANDARD", "@type": "application/json"},{"@_fa": "true", "@ref": "last", "@href": "https://api.elsevier.com/content/search/scopus?start=43&count=25&query=TITLE-ABS-KEY%28%22clientelism%22%29+AND+SUBJAREA%28SOCI%29+AND+PUBYEAR+%3D+2013&apiKey=27d953b4b546791964ebeb768d13e61f&view=STANDARD", "@type": "application/json"}],"entry": [{"@_fa": "true", "link": [{"@_fa": "true", "@ref": "self", "@href": "https://api.elsevier.com/content/abstract/scopus_id/84890688284"},{"@_fa": "true", "@ref": "author-affiliation", "@href": "https://api.elsevier.com/content/abstract/scopus_id/84890688284?field=author,affiliation"},{"@_fa": "true", "@ref": "scopus", "@href": "https://www.scopus.com/inward/record.uri?partnerID=HzOxMe3b&scp=84890688284&origin=inward"},{"@_fa": "true", "@ref": "scopus-citedby", "@href": "https://www.scopus.com/inward/citedby.uri?partnerID=HzOxMe3b&scp=84890688284&origin=inward"}],"prism:url":"https://api.elsevier.com/content/abstract/scopus_id/84890688284","dc:identifier":"SCOPUS_ID:84890688284","eid":"2-s2.0-84890688284","dc:title":"South Africa: the transition to violent democracy","dc:creator":"von Holdt K.","prism:publicationName":"Review of African Political Economy","prism:issn":"03056244","prism:eIssn":"17401720","prism:volume":"40","prism:issueIdentifier":"138","prism:pageRange":"589-604","prism:coverDate":"2013-12-25","prism:coverDisplayDate":"2013","prism:doi":"10.1080/03056244.2013.854040","citedby-count":"43","affiliation": [{"@_fa": "true", "affilname":"University of Witwatersrand","affiliation-city":"Johannesburg","affiliation-country":"South Africa"}],"prism:aggregationType":"Journal","subtype":"ar","subtypeDescription":"Article","source-id":"27938","openaccess":"0","openaccessFlag":false},{"@_fa": "true", "link": [{"@_fa": "true", "@ref": "self", "@href": "https://api.elsevier.com/content/abstract/scopus_id/84890603079"},{"@_fa": "true", "@ref": "author-affiliation", "@href": "https://api.elsevier.com/content/abstract/scopus_id/84890603079?field=author,affiliation"},{"@_fa": "true", "@ref": "scopus", "@href": "https://www.scopus.com/inward/record.uri?partnerID=HzOxMe3b&scp=84890603079&origin=inward"},{"@_fa": "true", "@ref": "scopus-citedby", "@href": "https://www.scopus.com/inward/citedby.uri?partnerID=HzOxMe3b&scp=84890603079&origin=inward"}],"prism:url":"https://api.elsevier.com/content/abstract/scopus_id/84890603079","dc:identifier":"SCOPUS_ID:84890603079","eid":"2-s2.0-84890603079","dc:title":"Women's interpretations of the right to legal abortion in Mexico City: Citizenship, experience and clientelism","dc:creator":"Amuchástegui A.","prism:publicationName":"Citizenship Studies","prism:issn":"13621025","prism:eIssn":"14693593","prism:volume":"17","prism:issueIdentifier":"8","prism:pageRange":"912-927","prism:coverDate":"2013-12-25","prism:coverDisplayDate":"2013","prism:doi":"10.1080/13621025.2013.851142","citedby-count":"7","affiliation": [{"@_fa": "true", "affilname":"Universidad Autónoma Metropolitana - Xochimilco","affiliation-city":"Xochimilco","affiliation-country":"Mexico"}],"prism:aggregationType":"Journal","subtype":"ar","subtypeDescription":"Article","source-id":"16886","openaccess":"0","openaccessFlag":false},{"@_fa": "true", "link": [{"@_fa": "true", "@ref": "self", "@href": "https://api.elsevier.com/content/abstract/scopus_id/84890210524"},{"@_fa": "true", "@ref": "author-affiliation", "@href": "https://api.elsevier.com/content/abstract/scopus_id/84890210524?field=author,affiliation"},{"@_fa": "true", "@ref": "scopus", "@href": "https://www.scopus.com/inward/record.uri?partnerID=HzOxMe3b&scp=84890210524&origin=inward"},{"@_fa": "true", "@ref": "scopus-citedby", "@href": "https://www.scopus.com/inward/citedby.uri?partnerID=HzOxMe3b&scp=84890210524&origin=inward"}],"prism:url":"https://api.elsevier.com/content/abstract/scopus_id/84890210524","dc:identifier":"SCOPUS_ID:84890210524","eid":"2-s2.0-84890210524","dc:title":"Reforms in the judiciary of Ukraine: Domestic practices and the EU's policy instruments","dc:creator":"Natorski M.","prism:publicationName":"East European Politics","prism:issn":"21599165","prism:eIssn":"21599173","prism:volume":"29","prism:issueIdentifier":"3","prism:pageRange":"358-375","prism:coverDate":"2013-12-17","prism:coverDisplayDate":"2013","prism:doi":"10.1080/21599165.2013.807805","citedby-count":"4","affiliation": [{"@_fa": "true", "affilname":"College of Europe","affiliation-city":"Warsaw","affiliation-country":"Poland"}],"prism:aggregationType":"Journal","subtype":"ar","subtypeDescription":"Article","source-id":"21100244407","openaccess":"0","openaccessFlag":false},{"@_fa": "true", "link": [{"@_fa": "true", "@ref": "self", "@href": "https://api.elsevier.com/content/abstract/scopus_id/84888358763"},{"@_fa": "true", "@ref": "author-affiliation", "@href": "https://api.elsevier.com/content/abstract/scopus_id/84888358763?field=author,affiliation"},{"@_fa": "true", "@ref": "scopus", "@href": "https://www.scopus.com/inward/record.uri?partnerID=HzOxMe3b&scp=84888358763&origin=inward"},{"@_fa": "true", "@ref": "scopus-citedby", "@href": "https://www.scopus.com/inward/citedby.uri?partnerID=HzOxMe3b&scp=84888358763&origin=inward"}],"prism:url":"https://api.elsevier.com/content/abstract/scopus_id/84888358763","dc:identifier":"SCOPUS_ID:84888358763","eid":"2-s2.0-84888358763","dc:title":"The bourbon monarchy and the señorío of biscay in the second half of 18th century: Center against periphery?","dc:creator":"Rueda F.","prism:publicationName":"Historia Constitucional","prism:issn":"15764729","prism:issueIdentifier":"14","prism:pageRange":"129-147","prism:coverDate":"2013-12-02","prism:coverDisplayDate":"2013","citedby-count":"3","affiliation": [{"@_fa": "true", "affilname":"Universidad del Pais Vasco","affiliation-city":"Leioa","affiliation-country":"Spain"}],"prism:aggregationType":"Journal","subtype":"ar","subtypeDescription":"Article","source-id":"20500195077","openaccess":"0","openaccessFlag":false},{"@_fa": "true", "link": [{"@_fa": "true", "@ref": "self", "@href": "https://api.elsevier.com/content/abstract/scopus_id/84994072660"},{"@_fa": "true", "@ref": "author-affiliation", "@href": "https://api.elsevier.com/content/abstract/scopus_id/84994072660?field=author,affiliation"},{"@_fa": "true", "@ref": "scopus", "@href": "https://www.scopus.com/inward/record.uri?partnerID=HzOxMe3b&scp=84994072660&origin=inward"},{"@_fa": "true", "@ref": "scopus-citedby", "@href": "https://www.scopus.com/inward/citedby.uri?partnerID=HzOxMe3b&scp=84994072660&origin=inward"}],"prism:url":"https://api.elsevier.com/content/abstract/scopus_id/84994072660","dc:identifier":"SCOPUS_ID:84994072660","eid":"2-s2.0-84994072660","dc:title":"Clientelist corruption networks: conceptual and empirical approaches","dc:creator":"Muno W.","prism:publicationName":"Zeitschrift fur Vergleichende Politikwissenschaft","prism:issn":"18652646","prism:eIssn":"18652654","prism:volume":"7","prism:pageRange":"33-56","prism:coverDate":"2013-12-01","prism:coverDisplayDate":"1 December 2013","prism:doi":"10.1007/s12286-013-0156-7","citedby-count":"4","affiliation": [{"@_fa": "true", "affilname":"Johannes Gutenberg Universität Mainz","affiliation-city":"Mainz","affiliation-country":"Germany"}],"prism:aggregationType":"Journal","subtype":"ar","subtypeDescription":"Article","source-id":"21100820755","openaccess":"0","openaccessFlag":false},{"@_fa": "true", "link": [{"@_fa": "true", "@ref": "self", "@href": "https://api.elsevier.com/content/abstract/scopus_id/84942514852"},{"@_fa": "true", "@ref": "author-affiliation", "@href": "https://api.elsevier.com/content/abstract/scopus_id/84942514852?field=author,affiliation"},{"@_fa": "true", "@ref": "scopus", "@href": "https://www.scopus.com/inward/record.uri?partnerID=HzOxMe3b&scp=84942514852&origin=inward"},{"@_fa": "true", "@ref": "scopus-citedby", "@href": "https://www.scopus.com/inward/citedby.uri?partnerID=HzOxMe3b&scp=84942514852&origin=inward"}],"prism:url":"https://api.elsevier.com/content/abstract/scopus_id/84942514852","dc:identifier":"SCOPUS_ID:84942514852","eid":"2-s2.0-84942514852","dc:title":"Persistent systemic corruption: why democratisation and economic liberalisation have failed to undo an old evil: A six-country analysis","dc:creator":"von Soest C.","prism:publicationName":"Zeitschrift fur Vergleichende Politikwissenschaft","prism:issn":"18652646","prism:eIssn":"18652654","prism:volume":"7","prism:pageRange":"57-87","prism:coverDate":"2013-12-01","prism:coverDisplayDate":"1 December 2013","prism:doi":"10.1007/s12286-013-0157-6","citedby-count":"1","affiliation": [{"@_fa": "true", "affilname":"Leibniz-Institut für Globale und Regionale Studien","affiliation-city":"Hamburg","affiliation-country":"Germany"}],"prism:aggregationType":"Journal","subtype":"ar","subtypeDescription":"Article","source-id":"21100820755","openaccess":"0","openaccessFlag":false},{"@_fa": "true", "link": [{"@_fa": "true", "@ref": "self", "@href": "https://api.elsevier.com/content/abstract/scopus_id/84888227191"},{"@_fa": "true", "@ref": "author-affiliation", "@href": "https://api.elsevier.com/content/abstract/scopus_id/84888227191?field=author,affiliation"},{"@_fa": "true", "@ref": "scopus", "@href": "https://www.scopus.com/inward/record.uri?partnerID=HzOxMe3b&scp=84888227191&origin=inward"},{"@_fa": "true", "@ref": "scopus-citedby", "@href": "https://www.scopus.com/inward/citedby.uri?partnerID=HzOxMe3b&scp=84888227191&origin=inward"}],"prism:url":"https://api.elsevier.com/content/abstract/scopus_id/84888227191","dc:identifier":"SCOPUS_ID:84888227191","eid":"2-s2.0-84888227191","dc:title":"Urban and rural voting patterns in Senegal: The spatial aspects of incumbency, c. 1978-2012","dc:creator":"Koter D.","prism:publicationName":"Journal of Modern African Studies","prism:issn":"0022278X","prism:eIssn":"14697777","prism:volume":"51","prism:issueIdentifier":"4","prism:pageRange":"653-679","prism:coverDate":"2013-12-01","prism:coverDisplayDate":"December 2013","prism:doi":"10.1017/S0022278X13000621","pii":"S0022278X13000621","citedby-count":"17","affiliation": [{"@_fa": "true", "affilname":"Colgate University","affiliation-city":"Hamilton","affiliation-country":"United States"}],"prism:aggregationType":"Journal","subtype":"ar","subtypeDescription":"Article","source-id":"20318","openaccess":"0","openaccessFlag":false},{"@_fa": "true", "link": [{"@_fa": "true", "@ref": "self", "@href": "https://api.elsevier.com/content/abstract/scopus_id/84887069369"},{"@_fa": "true", "@ref": "author-affiliation", "@href": "https://api.elsevier.com/content/abstract/scopus_id/84887069369?field=author,affiliation"},{"@_fa": "true", "@ref": "scopus", "@href": "https://www.scopus.com/inward/record.uri?partnerID=HzOxMe3b&scp=84887069369&origin=inward"},{"@_fa": "true", "@ref": "scopus-citedby", "@href": "https://www.scopus.com/inward/citedby.uri?partnerID=HzOxMe3b&scp=84887069369&origin=inward"}],"prism:url":"https://api.elsevier.com/content/abstract/scopus_id/84887069369","dc:identifier":"SCOPUS_ID:84887069369","eid":"2-s2.0-84887069369","dc:title":"Increasing Representative Accountability through Electoral Laws: The Consequences of the 2008 Romanian Electoral Reform","dc:creator":"Coman E.","prism:publicationName":"Journal of Legislative Studies","prism:issn":"13572334","prism:eIssn":"17439337","prism:volume":"19","prism:issueIdentifier":"4","prism:pageRange":"467-489","prism:coverDate":"2013-12-01","prism:coverDisplayDate":"December 2013","prism:doi":"10.1080/13572334.2013.811938","citedby-count":"2","affiliation": [{"@_fa": "true", "affilname":"The University of North Carolina at Chapel Hill","affiliation-city":"Chapel Hill","affiliation-country":"United States"},{"@_fa": "true", "affilname":"Nuffield College, University Of Oxford","affiliation-city":"Oxford","affiliation-country":"United Kingdom"}],"prism:aggregationType":"Journal","subtype":"ar","subtypeDescription":"Article","source-id":"5600156029","openaccess":"0","openaccessFlag":false},{"@_fa": "true", "link": [{"@_fa": "true", "@ref": "self", "@href": "https://api.elsevier.com/content/abstract/scopus_id/84893149277"},{"@_fa": "true", "@ref": "author-affiliation", "@href": "https://api.elsevier.com/content/abstract/scopus_id/84893149277?field=author,affiliation"},{"@_fa": "true", "@ref": "scopus", "@href": "https://www.scopus.com/inward/record.uri?partnerID=HzOxMe3b&scp=84893149277&origin=inward"},{"@_fa": "true", "@ref": "scopus-citedby", "@href": "https://www.scopus.com/inward/citedby.uri?partnerID=HzOxMe3b&scp=84893149277&origin=inward"}],"prism:url":"https://api.elsevier.com/content/abstract/scopus_id/84893149277","dc:identifier":"SCOPUS_ID:84893149277","eid":"2-s2.0-84893149277","dc:title":"When parties meet voters: Assessing political linkages through partisan networks and distributive expectations in Argentina and Chile","dc:creator":"Calvo E.","prism:publicationName":"America Latina Hoy","prism:issn":"11302887","prism:volume":"65","prism:pageRange":"15-44","prism:coverDate":"2013-12-01","prism:coverDisplayDate":"2013","prism:doi":"10.14201/alh2013651544","citedby-count":"2","affiliation": [{"@_fa": "true", "affilname":"University of Maryland","affiliation-city":"College Park","affiliation-country":"United States"}],"prism:aggregationType":"Journal","subtype":"ar","subtypeDescription":"Article","source-id":"19700169837","openaccess":"1","openaccessFlag":true},{"@_fa": "true", "link": [{"@_fa": "true", "@ref": "self", "@href": "https://api.elsevier.com/content/abstract/scopus_id/84886398736"},{"@_fa": "true", "@ref": "author-affiliation", "@href": "https://api.elsevier.com/content/abstract/scopus_id/84886398736?field=author,affiliation"},{"@_fa": "true", "@ref": "scopus", "@href": "https://www.scopus.com/inward/record.uri?partnerID=HzOxMe3b&scp=84886398736&origin=inward"},{"@_fa": "true", "@ref": "scopus-citedby", "@href": "https://www.scopus.com/inward/citedby.uri?partnerID=HzOxMe3b&scp=84886398736&origin=inward"}],"prism:url":"https://api.elsevier.com/content/abstract/scopus_id/84886398736","dc:identifier":"SCOPUS_ID:84886398736","eid":"2-s2.0-84886398736","dc:title":"Economic Development, Democratic Experience, and Political Parties' Linkage Strategies","dc:creator":"Kitschelt H.","prism:publicationName":"Comparative Political Studies","prism:issn":"00104140","prism:eIssn":"15523829","prism:volume":"46","prism:issueIdentifier":"11","prism:pageRange":"1453-1484","prism:coverDate":"2013-11-01","prism:coverDisplayDate":"November 2013","prism:doi":"10.1177/0010414012453450","citedby-count":"37","affiliation": [{"@_fa": "true", "affilname":"Duke University","affiliation-city":"Durham","affiliation-country":"United States"}],"prism:aggregationType":"Journal","subtype":"ar","subtypeDescription":"Article","source-id":"13447","openaccess":"0","openaccessFlag":false},{"@_fa": "true", "link": [{"@_fa": "true", "@ref": "self", "@href": "https://api.elsevier.com/content/abstract/scopus_id/84879839327"},{"@_fa": "true", "@ref": "author-affiliation", "@href": "https://api.elsevier.com/content/abstract/scopus_id/84879839327?field=author,affiliation"},{"@_fa": "true", "@ref": "scopus", "@href": "https://www.scopus.com/inward/record.uri?partnerID=HzOxMe3b&scp=84879839327&origin=inward"},{"@_fa": "true", "@ref": "scopus-citedby", "@href": "https://www.scopus.com/inward/citedby.uri?partnerID=HzOxMe3b&scp=84879839327&origin=inward"}],"prism:url":"https://api.elsevier.com/content/abstract/scopus_id/84879839327","dc:identifier":"SCOPUS_ID:84879839327","eid":"2-s2.0-84879839327","dc:title":"Have the cake and eat it: The rational voter in Africa","dc:creator":"Lindberg S.","prism:publicationName":"Party Politics","prism:issn":"13540688","prism:eIssn":"14603683","prism:volume":"19","prism:issueIdentifier":"6","prism:pageRange":"945-961","prism:coverDate":"2013-11-01","prism:coverDisplayDate":"November 2013","prism:doi":"10.1177/1354068811436030","citedby-count":"9","affiliation": [{"@_fa": "true", "affilname":"Göteborgs Universitet","affiliation-city":"Gothenburg","affiliation-country":"Sweden"}],"prism:aggregationType":"Journal","subtype":"ar","subtypeDescription":"Article","source-id":"67863","openaccess":"0","openaccessFlag":false},{"@_fa": "true", "link": [{"@_fa": "true", "@ref": "self", "@href": "https://api.elsevier.com/content/abstract/scopus_id/84887076777"},{"@_fa": "true", "@ref": "author-affiliation", "@href": "https://api.elsevier.com/content/abstract/scopus_id/84887076777?field=author,affiliation"},{"@_fa": "true", "@ref": "scopus", "@href": "https://www.scopus.com/inward/record.uri?partnerID=HzOxMe3b&scp=84887076777&origin=inward"},{"@_fa": "true", "@ref": "scopus-citedby", "@href": "https://www.scopus.com/inward/citedby.uri?partnerID=HzOxMe3b&scp=84887076777&origin=inward"}],"prism:url":"https://api.elsevier.com/content/abstract/scopus_id/84887076777","dc:identifier":"SCOPUS_ID:84887076777","eid":"2-s2.0-84887076777","dc:title":"Bureaucratic Culture and the Social-Political Connection: The Bangladesh Example","dc:creator":"Zafarullah H.","prism:publicationName":"International Journal of Public Administration","prism:issn":"01900692","prism:eIssn":"15324265","prism:volume":"36","prism:issueIdentifier":"13","prism:pageRange":"932-939","prism:coverDate":"2013-11-01","prism:coverDisplayDate":"November 2013","prism:doi":"10.1080/01900692.2013.773033","citedby-count":"3","affiliation": [{"@_fa": "true", "affilname":"University of New England Australia","affiliation-city":"Armidale","affiliation-country":"Australia"}],"prism:aggregationType":"Journal","subtype":"ar","subtypeDescription":"Article","source-id":"4700151710","openaccess":"0","openaccessFlag":false},{"@_fa": "true", "link": [{"@_fa": "true", "@ref": "self", "@href": "https://api.elsevier.com/content/abstract/scopus_id/84949175920"},{"@_fa": "true", "@ref": "author-affiliation", "@href": "https://api.elsevier.com/content/abstract/scopus_id/84949175920?field=author,affiliation"},{"@_fa": "true", "@ref": "scopus", "@href": "https://www.scopus.com/inward/record.uri?partnerID=HzOxMe3b&scp=84949175920&origin=inward"},{"@_fa": "true", "@ref": "scopus-citedby", "@href": "https://www.scopus.com/inward/citedby.uri?partnerID=HzOxMe3b&scp=84949175920&origin=inward"}],"prism:url":"https://api.elsevier.com/content/abstract/scopus_id/84949175920","dc:identifier":"SCOPUS_ID:84949175920","eid":"2-s2.0-84949175920","dc:title":"A non-existence theorem for clientelism in spatial models","dc:creator":"Kselman D.","prism:publicationName":"Advances in Political Economy: Institutions, Modelling and Empirical Analysis","prism:isbn": [{"@_fa": "true", "$" :"9783642352393"},{"@_fa": "true", "$" :"3642352383"},{"@_fa": "true", "$" :"9783642352386"}],"prism:volume":"9783642352393","prism:pageRange":"181-201","prism:coverDate":"2013-10-01","prism:coverDisplayDate":"1 October 2013","prism:doi":"10.1007/978-3-642-35239-3_9","citedby-count":"0","affiliation": [{"@_fa": "true", "affilname":"Juan March Institute","affiliation-city":"Madrid","affiliation-country":"Spain"}],"prism:aggregationType":"Book","subtype":"ch","subtypeDescription":"Chapter","source-id":"21100391896","openaccess":"0","openaccessFlag":false},{"@_fa": "true", "link": [{"@_fa": "true", "@ref": "self", "@href": "https://api.elsevier.com/content/abstract/scopus_id/84885426076"},{"@_fa": "true", "@ref": "author-affiliation", "@href": "https://api.elsevier.com/content/abstract/scopus_id/84885426076?field=author,affiliation"},{"@_fa": "true", "@ref": "scopus", "@href": "https://www.scopus.com/inward/record.uri?partnerID=HzOxMe3b&scp=84885426076&origin=inward"},{"@_fa": "true", "@ref": "scopus-citedby", "@href": "https://www.scopus.com/inward/citedby.uri?partnerID=HzOxMe3b&scp=84885426076&origin=inward"}],"prism:url":"https://api.elsevier.com/content/abstract/scopus_id/84885426076","dc:identifier":"SCOPUS_ID:84885426076","eid":"2-s2.0-84885426076","dc:title":"Whither clientelism? Good governance and Brazil's Bolsa Família program","dc:creator":"Sugiyama N.","prism:publicationName":"Comparative Politics","prism:issn":"00104159","prism:eIssn":"21516227","prism:volume":"46","prism:issueIdentifier":"1","prism:pageRange":"43-62","prism:coverDate":"2013-10-01","prism:coverDisplayDate":"October 2013","prism:doi":"10.5129/001041513807709365","citedby-count":"31","affiliation": [{"@_fa": "true", "affilname":"University of Wisconsin-Milwaukee","affiliation-city":"Milwaukee","affiliation-country":"United States"}],"prism:aggregationType":"Journal","subtype":"ar","subtypeDescription":"Article","source-id":"13448","openaccess":"0","openaccessFlag":false},{"@_fa": "true", "link": [{"@_fa": "true", "@ref": "self", "@href": "https://api.elsevier.com/content/abstract/scopus_id/84884489475"},{"@_fa": "true", "@ref": "author-affiliation", "@href": "https://api.elsevier.com/content/abstract/scopus_id/84884489475?field=author,affiliation"},{"@_fa": "true", "@ref": "scopus", "@href": "https://www.scopus.com/inward/record.uri?partnerID=HzOxMe3b&scp=84884489475&origin=inward"},{"@_fa": "true", "@ref": "scopus-citedby", "@href": "https://www.scopus.com/inward/citedby.uri?partnerID=HzOxMe3b&scp=84884489475&origin=inward"}],"prism:url":"https://api.elsevier.com/content/abstract/scopus_id/84884489475","dc:identifier":"SCOPUS_ID:84884489475","eid":"2-s2.0-84884489475","dc:title":"New Global Flows of Capital in Media Industries after the 2008 Financial Crisis: The Angola-Portugal Relationship","dc:creator":"Figueiras R.","prism:publicationName":"International Journal of Press/Politics","prism:issn":"19401612","prism:volume":"18","prism:issueIdentifier":"4","prism:pageRange":"508-524","prism:coverDate":"2013-10-01","prism:coverDisplayDate":"October 2013","prism:doi":"10.1177/1940161213496583","citedby-count":"7","affiliation": [{"@_fa": "true", "affilname":"Universidade Catolica Portuguesa","affiliation-city":"Lisbon","affiliation-country":"Portugal"}],"prism:aggregationType":"Journal","subtype":"ar","subtypeDescription":"Article","source-id":"10300153306","openaccess":"0","openaccessFlag":false},{"@_fa": "true", "link": [{"@_fa": "true", "@ref": "self", "@href": "https://api.elsevier.com/content/abstract/scopus_id/84887205963"},{"@_fa": "true", "@ref": "author-affiliation", "@href": "https://api.elsevier.com/content/abstract/scopus_id/84887205963?field=author,affiliation"},{"@_fa": "true", "@ref": "scopus", "@href": "https://www.scopus.com/inward/record.uri?partnerID=HzOxMe3b&scp=84887205963&origin=inward"},{"@_fa": "true", "@ref": "scopus-citedby", "@href": "https://www.scopus.com/inward/citedby.uri?partnerID=HzOxMe3b&scp=84887205963&origin=inward"}],"prism:url":"https://api.elsevier.com/content/abstract/scopus_id/84887205963","dc:identifier":"SCOPUS_ID:84887205963","eid":"2-s2.0-84887205963","dc:title":"Indonesia's 'democratic transition' revisited: A clientelist model of political transition","dc:creator":"Fukuoka Y.","prism:publicationName":"Democratization","prism:issn":"13510347","prism:eIssn":"1743890X","prism:volume":"20","prism:issueIdentifier":"6","prism:pageRange":"991-1013","prism:coverDate":"2013-10-01","prism:coverDisplayDate":"October 2013","prism:doi":"10.1080/13510347.2012.669894","citedby-count":"8","affiliation": [{"@_fa": "true", "affilname":"University of Bristol","affiliation-city":"Bristol","affiliation-country":"United Kingdom"}],"prism:aggregationType":"Journal","subtype":"ar","subtypeDescription":"Article","source-id":"24034","openaccess":"0","openaccessFlag":false},{"@_fa": "true", "link": [{"@_fa": "true", "@ref": "self", "@href": "https://api.elsevier.com/content/abstract/scopus_id/84883233226"},{"@_fa": "true", "@ref": "author-affiliation", "@href": "https://api.elsevier.com/content/abstract/scopus_id/84883233226?field=author,affiliation"},{"@_fa": "true", "@ref": "scopus", "@href": "https://www.scopus.com/inward/record.uri?partnerID=HzOxMe3b&scp=84883233226&origin=inward"},{"@_fa": "true", "@ref": "scopus-citedby", "@href": "https://www.scopus.com/inward/citedby.uri?partnerID=HzOxMe3b&scp=84883233226&origin=inward"}],"prism:url":"https://api.elsevier.com/content/abstract/scopus_id/84883233226","dc:identifier":"SCOPUS_ID:84883233226","eid":"2-s2.0-84883233226","dc:title":"Public security and patron-client exchanges in Latin America","dc:creator":"Müller M.","prism:publicationName":"Government and Opposition","prism:issn":"0017257X","prism:eIssn":"14777053","prism:volume":"48","prism:issueIdentifier":"4","prism:pageRange":"548-569","prism:coverDate":"2013-10-01","prism:coverDisplayDate":"October 2013","prism:doi":"10.1017/gov.2013.2","pii":"S0017257X1300002X","citedby-count":"4","affiliation": [{"@_fa": "true", "affilname":"Universität Leipzig","affiliation-city":"Leipzig","affiliation-country":"Germany"}],"prism:aggregationType":"Journal","subtype":"ar","subtypeDescription":"Article","source-id":"19089","openaccess":"0","openaccessFlag":false},{"@_fa": "true", "link": [{"@_fa": "true", "@ref": "self", "@href": "https://api.elsevier.com/content/abstract/scopus_id/84884639904"},{"@_fa": "true", "@ref": "author-affiliation", "@href": "https://api.elsevier.com/content/abstract/scopus_id/84884639904?field=author,affiliation"},{"@_fa": "true", "@ref": "scopus", "@href": "https://www.scopus.com/inward/record.uri?partnerID=HzOxMe3b&scp=84884639904&origin=inward"},{"@_fa": "true", "@ref": "scopus-citedby", "@href": "https://www.scopus.com/inward/citedby.uri?partnerID=HzOxMe3b&scp=84884639904&origin=inward"}],"prism:url":"https://api.elsevier.com/content/abstract/scopus_id/84884639904","dc:identifier":"SCOPUS_ID:84884639904","eid":"2-s2.0-84884639904","dc:title":"Stepping into the dubious daylight: The process of democratization in rural Galicia during the Restoration","dc:creator":"Macho A.","prism:publicationName":"Ayer","prism:issn":"11342277","prism:volume":"89","prism:issueIdentifier":"1","prism:pageRange":"43-65","prism:coverDate":"2013-10-01","prism:coverDisplayDate":"2013","citedby-count":"4","affiliation": [{"@_fa": "true", "affilname":"Universidad de Santiago de Compostela","affiliation-city":"Santiago de Compostela","affiliation-country":"Spain"}],"prism:aggregationType":"Journal","subtype":"ar","subtypeDescription":"Article","source-id":"21100218321","openaccess":"0","openaccessFlag":false},{"@_fa": "true", "link": [{"@_fa": "true", "@ref": "self", "@href": "https://api.elsevier.com/content/abstract/scopus_id/84884384642"},{"@_fa": "true", "@ref": "author-affiliation", "@href": "https://api.elsevier.com/content/abstract/scopus_id/84884384642?field=author,affiliation"},{"@_fa": "true", "@ref": "scopus", "@href": "https://www.scopus.com/inward/record.uri?partnerID=HzOxMe3b&scp=84884384642&origin=inward"},{"@_fa": "true", "@ref": "scopus-citedby", "@href": "https://www.scopus.com/inward/citedby.uri?partnerID=HzOxMe3b&scp=84884384642&origin=inward"}],"prism:url":"https://api.elsevier.com/content/abstract/scopus_id/84884384642","dc:identifier":"SCOPUS_ID:84884384642","eid":"2-s2.0-84884384642","dc:title":"Becoming Local Citizens: Senegalese Female Migrants and Agrarian Clientelism in The Gambia","dc:creator":"Kea P.","prism:publicationName":"African Studies Quarterly","prism:eIssn":"10932658","prism:volume":"13","prism:issueIdentifier":"3","prism:pageRange":"1-21","prism:coverDate":"2013-09-25","prism:coverDisplayDate":"2013","citedby-count":"3","affiliation": [{"@_fa": "true", "affilname":"University of Sussex","affiliation-city":"Sussex","affiliation-country":"United Kingdom"}],"prism:aggregationType":"Journal","subtype":"ar","subtypeDescription":"Article","source-id":"24698","openaccess":"0","openaccessFlag":false},{"@_fa": "true", "link": [{"@_fa": "true", "@ref": "self", "@href": "https://api.elsevier.com/content/abstract/scopus_id/84883344423"},{"@_fa": "true", "@ref": "author-affiliation", "@href": "https://api.elsevier.com/content/abstract/scopus_id/84883344423?field=author,affiliation"},{"@_fa": "true", "@ref": "scopus", "@href": "https://www.scopus.com/inward/record.uri?partnerID=HzOxMe3b&scp=84883344423&origin=inward"},{"@_fa": "true", "@ref": "scopus-citedby", "@href": "https://www.scopus.com/inward/citedby.uri?partnerID=HzOxMe3b&scp=84883344423&origin=inward"}],"prism:url":"https://api.elsevier.com/content/abstract/scopus_id/84883344423","dc:identifier":"SCOPUS_ID:84883344423","eid":"2-s2.0-84883344423","dc:title":"Building a following: Local candidates' political careers and clientelism in argentine municipalities","dc:creator":"Szwarcberg M.","prism:publicationName":"Latin American Politics and Society","prism:issn":"1531426X","prism:volume":"55","prism:issueIdentifier":"3","prism:pageRange":"1-18","prism:coverDate":"2013-09-01","prism:coverDisplayDate":"September 2013","prism:doi":"10.1111/j.1548-2456.2013.00200.x","citedby-count":"3","affiliation": [{"@_fa": "true", "affilname":"Reed College","affiliation-city":"Portland","affiliation-country":"United States"}],"prism:aggregationType":"Journal","subtype":"ar","subtypeDescription":"Article","source-id":"26459","openaccess":"0","openaccessFlag":false},{"@_fa": "true", "link": [{"@_fa": "true", "@ref": "self", "@href": "https://api.elsevier.com/content/abstract/scopus_id/84881440669"},{"@_fa": "true", "@ref": "author-affiliation", "@href": "https://api.elsevier.com/content/abstract/scopus_id/84881440669?field=author,affiliation"},{"@_fa": "true", "@ref": "scopus", "@href": "https://www.scopus.com/inward/record.uri?partnerID=HzOxMe3b&scp=84881440669&origin=inward"},{"@_fa": "true", "@ref": "scopus-citedby", "@href": "https://www.scopus.com/inward/citedby.uri?partnerID=HzOxMe3b&scp=84881440669&origin=inward"}],"prism:url":"https://api.elsevier.com/content/abstract/scopus_id/84881440669","dc:identifier":"SCOPUS_ID:84881440669","eid":"2-s2.0-84881440669","dc:title":"Of extensive and elusive corruption in Uganda: Neo-patronage, power, and narrow interests","dc:creator":"Asiimwe G.","prism:publicationName":"African Studies Review","prism:issn":"00020206","prism:volume":"56","prism:issueIdentifier":"2","prism:pageRange":"129-144","prism:coverDate":"2013-09-01","prism:coverDisplayDate":"September 2013","prism:doi":"10.1017/asr.2013.45","pii":"S0002020613000450","citedby-count":"6","affiliation": [{"@_fa": "true", "affilname":"Makerere University","affiliation-city":"Kampala","affiliation-country":"Uganda"}],"prism:aggregationType":"Journal","subtype":"ar","subtypeDescription":"Article","source-id":"26926","openaccess":"0","openaccessFlag":false},{"@_fa": "true", "link": [{"@_fa": "true", "@ref": "self", "@href": "https://api.elsevier.com/content/abstract/scopus_id/84885385923"},{"@_fa": "true", "@ref": "author-affiliation", "@href": "https://api.elsevier.com/content/abstract/scopus_id/84885385923?field=author,affiliation"},{"@_fa": "true", "@ref": "scopus", "@href": "https://www.scopus.com/inward/record.uri?partnerID=HzOxMe3b&scp=84885385923&origin=inward"},{"@_fa": "true", "@ref": "scopus-citedby", "@href": "https://www.scopus.com/inward/citedby.uri?partnerID=HzOxMe3b&scp=84885385923&origin=inward"}],"prism:url":"https://api.elsevier.com/content/abstract/scopus_id/84885385923","dc:identifier":"SCOPUS_ID:84885385923","eid":"2-s2.0-84885385923","dc:title":"Contesting exclusion in a multi-ethnic state: rethinking ethnic nationalism in Nigeria","dc:creator":"Attah N.","prism:publicationName":"Social Identities","prism:issn":"13504630","prism:eIssn":"13630296","prism:volume":"19","prism:issueIdentifier":"5","prism:pageRange":"607-620","prism:coverDate":"2013-09-01","prism:coverDisplayDate":"September 2013","prism:doi":"10.1080/13504630.2013.835515","citedby-count":"4","affiliation": [{"@_fa": "true", "affilname":"Osun State University","affiliation-city":"Osogbo","affiliation-country":"Nigeria"},{"@_fa": "true", "affilname":"Joseph Ayobabalola University","affiliation-city":"Lagos","affiliation-country":"Nigeria"}],"prism:aggregationType":"Journal","subtype":"ar","subtypeDescription":"Article","source-id":"12223","openaccess":"0","openaccessFlag":false},{"@_fa": "true", "link": [{"@_fa": "true", "@ref": "self", "@href": "https://api.elsevier.com/content/abstract/scopus_id/84880786192"},{"@_fa": "true", "@ref": "author-affiliation", "@href": "https://api.elsevier.com/content/abstract/scopus_id/84880786192?field=author,affiliation"},{"@_fa": "true", "@ref": "scopus", "@href": "https://www.scopus.com/inward/record.uri?partnerID=HzOxMe3b&scp=84880786192&origin=inward"},{"@_fa": "true", "@ref": "scopus-citedby", "@href": "https://www.scopus.com/inward/citedby.uri?partnerID=HzOxMe3b&scp=84880786192&origin=inward"}],"prism:url":"https://api.elsevier.com/content/abstract/scopus_id/84880786192","dc:identifier":"SCOPUS_ID:84880786192","eid":"2-s2.0-84880786192","dc:title":"Vote Buying With Multiple Distributive Goods","dc:creator":"Albertus M.","prism:publicationName":"Comparative Political Studies","prism:issn":"00104140","prism:eIssn":"15523829","prism:volume":"46","prism:issueIdentifier":"9","prism:pageRange":"1082-1111","prism:coverDate":"2013-09-01","prism:coverDisplayDate":"September 2013","prism:doi":"10.1177/0010414012463897","citedby-count":"15","affiliation": [{"@_fa": "true", "affilname":"University of Chicago","affiliation-city":"Chicago","affiliation-country":"United States"}],"prism:aggregationType":"Journal","subtype":"ar","subtypeDescription":"Article","source-id":"13447","openaccess":"0","openaccessFlag":false},{"@_fa": "true", "link": [{"@_fa": "true", "@ref": "self", "@href": "https://api.elsevier.com/content/abstract/scopus_id/84880758108"},{"@_fa": "true", "@ref": "author-affiliation", "@href": "https://api.elsevier.com/content/abstract/scopus_id/84880758108?field=author,affiliation"},{"@_fa": "true", "@ref": "scopus", "@href": "https://www.scopus.com/inward/record.uri?partnerID=HzOxMe3b&scp=84880758108&origin=inward"},{"@_fa": "true", "@ref": "scopus-citedby", "@href": "https://www.scopus.com/inward/citedby.uri?partnerID=HzOxMe3b&scp=84880758108&origin=inward"}],"prism:url":"https://api.elsevier.com/content/abstract/scopus_id/84880758108","dc:identifier":"SCOPUS_ID:84880758108","eid":"2-s2.0-84880758108","dc:title":"Coproducing Rural Public Schools in Brazil: Contestation, Clientelism, and the Landless Workers' Movement","dc:creator":"Tarlau R.","prism:publicationName":"Politics and Society","prism:issn":"00323292","prism:eIssn":"15527514","prism:volume":"41","prism:issueIdentifier":"3","prism:pageRange":"395-424","prism:coverDate":"2013-09-01","prism:coverDisplayDate":"September 2013","prism:doi":"10.1177/0032329213493753","citedby-count":"15","affiliation": [{"@_fa": "true", "affilname":"University of California, Berkeley","affiliation-city":"Berkeley","affiliation-country":"United States"}],"prism:aggregationType":"Journal","subtype":"ar","subtypeDescription":"Article","source-id":"23439","openaccess":"0","openaccessFlag":false},{"@_fa": "true", "link": [{"@_fa": "true", "@ref": "self", "@href": "https://api.elsevier.com/content/abstract/scopus_id/84881358748"},{"@_fa": "true", "@ref": "author-affiliation", "@href": "https://api.elsevier.com/content/abstract/scopus_id/84881358748?field=author,affiliation"},{"@_fa": "true", "@ref": "scopus", "@href": "https://www.scopus.com/inward/record.uri?partnerID=HzOxMe3b&scp=84881358748&origin=inward"},{"@_fa": "true", "@ref": "scopus-citedby", "@href": "https://www.scopus.com/inward/citedby.uri?partnerID=HzOxMe3b&scp=84881358748&origin=inward"}],"prism:url":"https://api.elsevier.com/content/abstract/scopus_id/84881358748","dc:identifier":"SCOPUS_ID:84881358748","eid":"2-s2.0-84881358748","dc:title":"REDD+ and Forest Governance in Indonesia: A Multistakeholder Study of Perceived Challenges and Opportunities","dc:creator":"Mulyani M.","prism:publicationName":"Journal of Environment and Development","prism:issn":"10704965","prism:eIssn":"15525465","prism:volume":"22","prism:issueIdentifier":"3","prism:pageRange":"261-283","prism:coverDate":"2013-09-01","prism:coverDisplayDate":"September 2013","prism:doi":"10.1177/1070496513494203","citedby-count":"20","affiliation": [{"@_fa": "true", "affilname":"University of Oxford","affiliation-city":"Oxford","affiliation-country":"United Kingdom"}],"prism:aggregationType":"Journal","subtype":"ar","subtypeDescription":"Article","source-id":"23346","openaccess":"0","openaccessFlag":false}]}}