{"search-results":{"opensearch:totalResults":"45","opensearch:startIndex":"0","opensearch:itemsPerPage":"25","opensearch:Query":{"@role": "request", "@searchTerms": "TITLE-ABS-KEY(\"clientelism\") AND SUBJAREA(SOCI) AND PUBYEAR = 2019", "@startPage": "0"},"link": [{"@_fa": "true", "@ref": "self", "@href": "https://api.elsevier.com/content/search/scopus?start=0&count=25&query=TITLE-ABS-KEY%28%22clientelism%22%29+AND+SUBJAREA%28SOCI%29+AND+PUBYEAR+%3D+2019&apiKey=27d953b4b546791964ebeb768d13e61f&view=STANDARD", "@type": "application/json"},{"@_fa": "true", "@ref": "first", "@href": "https://api.elsevier.com/content/search/scopus?start=0&count=25&query=TITLE-ABS-KEY%28%22clientelism%22%29+AND+SUBJAREA%28SOCI%29+AND+PUBYEAR+%3D+2019&apiKey=27d953b4b546791964ebeb768d13e61f&view=STANDARD", "@type": "application/json"},{"@_fa": "true", "@ref": "next", "@href": "https://api.elsevier.com/content/search/scopus?start=25&count=25&query=TITLE-ABS-KEY%28%22clientelism%22%29+AND+SUBJAREA%28SOCI%29+AND+PUBYEAR+%3D+2019&apiKey=27d953b4b546791964ebeb768d13e61f&view=STANDARD", "@type": "application/json"},{"@_fa": "true", "@ref": "last", "@href": "https://api.elsevier.com/content/search/scopus?start=20&count=25&query=TITLE-ABS-KEY%28%22clientelism%22%29+AND+SUBJAREA%28SOCI%29+AND+PUBYEAR+%3D+2019&apiKey=27d953b4b546791964ebeb768d13e61f&view=STANDARD", "@type": "application/json"}],"entry": [{"@_fa": "true", "link": [{"@_fa": "true", "@ref": "self", "@href": "https://api.elsevier.com/content/abstract/scopus_id/85059907610"},{"@_fa": "true", "@ref": "author-affiliation", "@href": "https://api.elsevier.com/content/abstract/scopus_id/85059907610?field=author,affiliation"},{"@_fa": "true", "@ref": "scopus", "@href": "https://www.scopus.com/inward/record.uri?partnerID=HzOxMe3b&scp=85059907610&origin=inward"},{"@_fa": "true", "@ref": "scopus-citedby", "@href": "https://www.scopus.com/inward/citedby.uri?partnerID=HzOxMe3b&scp=85059907610&origin=inward"}],"prism:url":"https://api.elsevier.com/content/abstract/scopus_id/85059907610","dc:identifier":"SCOPUS_ID:85059907610","eid":"2-s2.0-85059907610","dc:title":"Do deep pockets have more political influence?—the size of private enterprises and their strategy selection in resolving administrative disputes","dc:creator":"Ji Y.","prism:publicationName":"Journal of Chinese Sociology","prism:eIssn":"21982635","prism:volume":"6","prism:issueIdentifier":"1","prism:pageRange":null,"prism:coverDate":"2019-12-01","prism:coverDisplayDate":"1 December 2019","prism:doi":"10.1186/s40711-018-0091-8","citedby-count":"0","affiliation": [{"@_fa": "true", "affilname":"Shanghai University","affiliation-city":"Shanghai","affiliation-country":"China"}],"prism:aggregationType":"Journal","subtype":"ar","subtypeDescription":"Article","article-number":"2","source-id":"21100873341","openaccess":"1","openaccessFlag":true},{"@_fa": "true", "link": [{"@_fa": "true", "@ref": "self", "@href": "https://api.elsevier.com/content/abstract/scopus_id/85066402412"},{"@_fa": "true", "@ref": "author-affiliation", "@href": "https://api.elsevier.com/content/abstract/scopus_id/85066402412?field=author,affiliation"},{"@_fa": "true", "@ref": "scopus", "@href": "https://www.scopus.com/inward/record.uri?partnerID=HzOxMe3b&scp=85066402412&origin=inward"},{"@_fa": "true", "@ref": "scopus-citedby", "@href": "https://www.scopus.com/inward/citedby.uri?partnerID=HzOxMe3b&scp=85066402412&origin=inward"},{"@_fa": "true", "@ref": "full-text", "@href": "https://api.elsevier.com/content/article/eid/1-s2.0-S030438781831099X"}],"prism:url":"https://api.elsevier.com/content/abstract/scopus_id/85066402412","dc:identifier":"SCOPUS_ID:85066402412","eid":"2-s2.0-85066402412","dc:title":"African leaders and the geography of China's foreign assistance","dc:creator":"Dreher A.","prism:publicationName":"Journal of Development Economics","prism:issn":"03043878","prism:volume":"140","prism:pageRange":"44-71","prism:coverDate":"2019-09-01","prism:coverDisplayDate":"September 2019","prism:doi":"10.1016/j.jdeveco.2019.04.003","pii":"S030438781831099X","citedby-count":"0","affiliation": [{"@_fa": "true", "affilname":"KOF Swiss Economic Institute, ETH Zürich","affiliation-city":"Zürich","affiliation-country":"Switzerland"},{"@_fa": "true", "affilname":"Universität Göttingen","affiliation-city":"Gottingen","affiliation-country":"Germany"},{"@_fa": "true", "affilname":"Universität Heidelberg","affiliation-city":"Heidelberg","affiliation-country":"Germany"},{"@_fa": "true", "affilname":"Centre for Economic Policy Research, London","affiliation-city":"London","affiliation-country":"United Kingdom"},{"@_fa": "true", "affilname":"CESifo","affiliation-city":"Bayreuth","affiliation-country":"Germany"}],"prism:aggregationType":"Journal","subtype":"ar","subtypeDescription":"Article","source-id":"14834","openaccess":"0","openaccessFlag":false},{"@_fa": "true", "link": [{"@_fa": "true", "@ref": "self", "@href": "https://api.elsevier.com/content/abstract/scopus_id/85065255182"},{"@_fa": "true", "@ref": "author-affiliation", "@href": "https://api.elsevier.com/content/abstract/scopus_id/85065255182?field=author,affiliation"},{"@_fa": "true", "@ref": "scopus", "@href": "https://www.scopus.com/inward/record.uri?partnerID=HzOxMe3b&scp=85065255182&origin=inward"},{"@_fa": "true", "@ref": "scopus-citedby", "@href": "https://www.scopus.com/inward/citedby.uri?partnerID=HzOxMe3b&scp=85065255182&origin=inward"}],"prism:url":"https://api.elsevier.com/content/abstract/scopus_id/85065255182","dc:identifier":"SCOPUS_ID:85065255182","eid":"2-s2.0-85065255182","dc:title":"Engineering popular support for long-ruling parties: The role of clientelism","dc:creator":"Zeng Q.","prism:publicationName":"Japanese Journal of Political Science","prism:issn":"14681099","prism:eIssn":"14740060","prism:volume":"20","prism:issueIdentifier":"2","prism:pageRange":"75-92","prism:coverDate":"2019-06-01","prism:coverDisplayDate":"1 June 2019","prism:doi":"10.1017/S146810991900001X","pii":"S146810991900001X","citedby-count":"0","affiliation": [{"@_fa": "true", "affilname":"Fudan University","affiliation-city":"Shanghai","affiliation-country":"China"}],"prism:aggregationType":"Journal","subtype":"ar","subtypeDescription":"Article","source-id":"12600154765","openaccess":"1","openaccessFlag":true},{"@_fa": "true", "link": [{"@_fa": "true", "@ref": "self", "@href": "https://api.elsevier.com/content/abstract/scopus_id/85063042864"},{"@_fa": "true", "@ref": "author-affiliation", "@href": "https://api.elsevier.com/content/abstract/scopus_id/85063042864?field=author,affiliation"},{"@_fa": "true", "@ref": "scopus", "@href": "https://www.scopus.com/inward/record.uri?partnerID=HzOxMe3b&scp=85063042864&origin=inward"},{"@_fa": "true", "@ref": "scopus-citedby", "@href": "https://www.scopus.com/inward/citedby.uri?partnerID=HzOxMe3b&scp=85063042864&origin=inward"}],"prism:url":"https://api.elsevier.com/content/abstract/scopus_id/85063042864","dc:identifier":"SCOPUS_ID:85063042864","eid":"2-s2.0-85063042864","dc:title":"Asymmetric mutual dependence between the state and capitalists in China","dc:creator":"Zhang C.","prism:publicationName":"Politics and Society","prism:issn":"00323292","prism:eIssn":"15527514","prism:volume":"47","prism:issueIdentifier":"2","prism:pageRange":"149-176","prism:coverDate":"2019-06-01","prism:coverDisplayDate":"1 June 2019","prism:doi":"10.1177/0032329219833282","citedby-count":"0","affiliation": [{"@_fa": "true", "affilname":"Peking University","affiliation-city":"Beijing","affiliation-country":"China"}],"prism:aggregationType":"Journal","subtype":"ar","subtypeDescription":"Article","source-id":"23439","openaccess":"0","openaccessFlag":false},{"@_fa": "true", "link": [{"@_fa": "true", "@ref": "self", "@href": "https://api.elsevier.com/content/abstract/scopus_id/85065167741"},{"@_fa": "true", "@ref": "author-affiliation", "@href": "https://api.elsevier.com/content/abstract/scopus_id/85065167741?field=author,affiliation"},{"@_fa": "true", "@ref": "scopus", "@href": "https://www.scopus.com/inward/record.uri?partnerID=HzOxMe3b&scp=85065167741&origin=inward"},{"@_fa": "true", "@ref": "scopus-citedby", "@href": "https://www.scopus.com/inward/citedby.uri?partnerID=HzOxMe3b&scp=85065167741&origin=inward"}],"prism:url":"https://api.elsevier.com/content/abstract/scopus_id/85065167741","dc:identifier":"SCOPUS_ID:85065167741","eid":"2-s2.0-85065167741","dc:title":"Ethnic group institutions and electoral clientelism","dc:creator":"Kramon E.","prism:publicationName":"Party Politics","prism:issn":"13540688","prism:eIssn":"14603683","prism:volume":"25","prism:issueIdentifier":"3","prism:pageRange":"435-447","prism:coverDate":"2019-05-01","prism:coverDisplayDate":"1 May 2019","prism:doi":"10.1177/1354068817728212","citedby-count":"0","affiliation": [{"@_fa": "true", "affilname":"George Washington University","affiliation-city":"Washington","affiliation-country":"United States"}],"prism:aggregationType":"Journal","subtype":"ar","subtypeDescription":"Article","source-id":"67863","openaccess":"0","openaccessFlag":false},{"@_fa": "true", "link": [{"@_fa": "true", "@ref": "self", "@href": "https://api.elsevier.com/content/abstract/scopus_id/85058364915"},{"@_fa": "true", "@ref": "author-affiliation", "@href": "https://api.elsevier.com/content/abstract/scopus_id/85058364915?field=author,affiliation"},{"@_fa": "true", "@ref": "scopus", "@href": "https://www.scopus.com/inward/record.uri?partnerID=HzOxMe3b&scp=85058364915&origin=inward"},{"@_fa": "true", "@ref": "scopus-citedby", "@href": "https://www.scopus.com/inward/citedby.uri?partnerID=HzOxMe3b&scp=85058364915&origin=inward"}],"prism:url":"https://api.elsevier.com/content/abstract/scopus_id/85058364915","dc:identifier":"SCOPUS_ID:85058364915","eid":"2-s2.0-85058364915","dc:title":"Markets in votes: Alienability, strict secrecy, and political clientelism","dc:creator":"Maloberti N.","prism:publicationName":"Politics, Philosophy and Economics","prism:issn":"1470594X","prism:eIssn":"17413060","prism:volume":"18","prism:issueIdentifier":"2","prism:pageRange":"193-215","prism:coverDate":"2019-05-01","prism:coverDisplayDate":"1 May 2019","prism:doi":"10.1177/1470594X18809068","citedby-count":"0","affiliation": [{"@_fa": "true", "affilname":"Liberty Fund","affiliation-city":"Indianapolis","affiliation-country":"United States"}],"prism:aggregationType":"Journal","subtype":"ar","subtypeDescription":"Article","source-id":"5700163963","openaccess":"0","openaccessFlag":false},{"@_fa": "true", "link": [{"@_fa": "true", "@ref": "self", "@href": "https://api.elsevier.com/content/abstract/scopus_id/85061076750"},{"@_fa": "true", "@ref": "author-affiliation", "@href": "https://api.elsevier.com/content/abstract/scopus_id/85061076750?field=author,affiliation"},{"@_fa": "true", "@ref": "scopus", "@href": "https://www.scopus.com/inward/record.uri?partnerID=HzOxMe3b&scp=85061076750&origin=inward"},{"@_fa": "true", "@ref": "scopus-citedby", "@href": "https://www.scopus.com/inward/citedby.uri?partnerID=HzOxMe3b&scp=85061076750&origin=inward"},{"@_fa": "true", "@ref": "full-text", "@href": "https://api.elsevier.com/content/article/eid/1-s2.0-S0305750X19300178"}],"prism:url":"https://api.elsevier.com/content/abstract/scopus_id/85061076750","dc:identifier":"SCOPUS_ID:85061076750","eid":"2-s2.0-85061076750","dc:title":"Post-clientelistic initiatives in a patronage democracy: The distributive politics of India's MGNREGA","dc:creator":"Das U.","prism:publicationName":"World Development","prism:issn":"0305750X","prism:eIssn":"18735991","prism:volume":"117","prism:pageRange":"239-252","prism:coverDate":"2019-05-01","prism:coverDisplayDate":"May 2019","prism:doi":"10.1016/j.worlddev.2019.01.011","pii":"S0305750X19300178","citedby-count":"0","affiliation": [{"@_fa": "true", "affilname":"University of Pennsylvania","affiliation-city":"Philadelphia","affiliation-country":"United States"}],"prism:aggregationType":"Journal","subtype":"ar","subtypeDescription":"Article","source-id":"30060","openaccess":"0","openaccessFlag":false},{"@_fa": "true", "link": [{"@_fa": "true", "@ref": "self", "@href": "https://api.elsevier.com/content/abstract/scopus_id/85064605103"},{"@_fa": "true", "@ref": "author-affiliation", "@href": "https://api.elsevier.com/content/abstract/scopus_id/85064605103?field=author,affiliation"},{"@_fa": "true", "@ref": "scopus", "@href": "https://www.scopus.com/inward/record.uri?partnerID=HzOxMe3b&scp=85064605103&origin=inward"},{"@_fa": "true", "@ref": "scopus-citedby", "@href": "https://www.scopus.com/inward/citedby.uri?partnerID=HzOxMe3b&scp=85064605103&origin=inward"}],"prism:url":"https://api.elsevier.com/content/abstract/scopus_id/85064605103","dc:identifier":"SCOPUS_ID:85064605103","eid":"2-s2.0-85064605103","dc:title":"Precolonial citizenship in South Sulawesi","dc:creator":"Henley D.","prism:publicationName":"Citizenship Studies","prism:issn":"13621025","prism:eIssn":"14693593","prism:volume":"23","prism:issueIdentifier":"3","prism:pageRange":"240-255","prism:coverDate":"2019-04-03","prism:coverDisplayDate":"3 April 2019","prism:doi":"10.1080/13621025.2019.1603271","citedby-count":"0","affiliation": [{"@_fa": "true", "affilname":"Leiden University","affiliation-city":"Leiden","affiliation-country":"Netherlands"}],"prism:aggregationType":"Journal","subtype":"ar","subtypeDescription":"Article","source-id":"16886","openaccess":"1","openaccessFlag":true},{"@_fa": "true", "link": [{"@_fa": "true", "@ref": "self", "@href": "https://api.elsevier.com/content/abstract/scopus_id/85061896502"},{"@_fa": "true", "@ref": "author-affiliation", "@href": "https://api.elsevier.com/content/abstract/scopus_id/85061896502?field=author,affiliation"},{"@_fa": "true", "@ref": "scopus", "@href": "https://www.scopus.com/inward/record.uri?partnerID=HzOxMe3b&scp=85061896502&origin=inward"},{"@_fa": "true", "@ref": "scopus-citedby", "@href": "https://www.scopus.com/inward/citedby.uri?partnerID=HzOxMe3b&scp=85061896502&origin=inward"}],"prism:url":"https://api.elsevier.com/content/abstract/scopus_id/85061896502","dc:identifier":"SCOPUS_ID:85061896502","eid":"2-s2.0-85061896502","dc:title":"Ironic political reforms: elected senators, party-list MPs, and family rule in Thailand","dc:creator":"Nishizaki Y.","prism:publicationName":"Critical Asian Studies","prism:issn":"14672715","prism:eIssn":"14726033","prism:volume":"51","prism:issueIdentifier":"2","prism:pageRange":"210-231","prism:coverDate":"2019-04-03","prism:coverDisplayDate":"3 April 2019","prism:doi":"10.1080/14672715.2019.1574596","citedby-count":"0","affiliation": [{"@_fa": "true", "affilname":"National University of Singapore","affiliation-city":"Singapore City","affiliation-country":"Singapore"}],"prism:aggregationType":"Journal","subtype":"ar","subtypeDescription":"Article","source-id":"23971","openaccess":"0","openaccessFlag":false},{"@_fa": "true", "link": [{"@_fa": "true", "@ref": "self", "@href": "https://api.elsevier.com/content/abstract/scopus_id/85047915680"},{"@_fa": "true", "@ref": "author-affiliation", "@href": "https://api.elsevier.com/content/abstract/scopus_id/85047915680?field=author,affiliation"},{"@_fa": "true", "@ref": "scopus", "@href": "https://www.scopus.com/inward/record.uri?partnerID=HzOxMe3b&scp=85047915680&origin=inward"},{"@_fa": "true", "@ref": "scopus-citedby", "@href": "https://www.scopus.com/inward/citedby.uri?partnerID=HzOxMe3b&scp=85047915680&origin=inward"}],"prism:url":"https://api.elsevier.com/content/abstract/scopus_id/85047915680","dc:identifier":"SCOPUS_ID:85047915680","eid":"2-s2.0-85047915680","dc:title":"Selective Consent and Dissent: Professional Response to Reform in the Post-Crisis Greek NHS","dc:creator":"Bolton S.","prism:publicationName":"Work, Employment and Society","prism:issn":"09500170","prism:volume":"33","prism:issueIdentifier":"2","prism:pageRange":"262-279","prism:coverDate":"2019-04-01","prism:coverDisplayDate":"1 April 2019","prism:doi":"10.1177/0950017018774244","citedby-count":"0","affiliation": [{"@_fa": "true", "affilname":"University of Stirling","affiliation-city":"Stirling","affiliation-country":"United Kingdom"}],"prism:aggregationType":"Journal","subtype":"ar","subtypeDescription":"Article","source-id":"19251","openaccess":"0","openaccessFlag":false},{"@_fa": "true", "link": [{"@_fa": "true", "@ref": "self", "@href": "https://api.elsevier.com/content/abstract/scopus_id/85064506917"},{"@_fa": "true", "@ref": "author-affiliation", "@href": "https://api.elsevier.com/content/abstract/scopus_id/85064506917?field=author,affiliation"},{"@_fa": "true", "@ref": "scopus", "@href": "https://www.scopus.com/inward/record.uri?partnerID=HzOxMe3b&scp=85064506917&origin=inward"},{"@_fa": "true", "@ref": "scopus-citedby", "@href": "https://www.scopus.com/inward/citedby.uri?partnerID=HzOxMe3b&scp=85064506917&origin=inward"}],"prism:url":"https://api.elsevier.com/content/abstract/scopus_id/85064506917","dc:identifier":"SCOPUS_ID:85064506917","eid":"2-s2.0-85064506917","dc:title":"Creating Authoritarian Clientelism: Poland After 2015","dc:creator":"Markowski R.","prism:publicationName":"Hague Journal on the Rule of Law","prism:issn":"18764045","prism:eIssn":"18764053","prism:volume":"11","prism:issueIdentifier":"1","prism:pageRange":"111-132","prism:coverDate":"2019-04-01","prism:coverDisplayDate":"1 April 2019","prism:doi":"10.1007/s40803-018-0082-5","citedby-count":"0","affiliation": [{"@_fa": "true", "affilname":"SWPS Uniwersytet Humanistycznospołeczny","affiliation-city":"Warsaw","affiliation-country":"Poland"}],"prism:aggregationType":"Journal","subtype":"ar","subtypeDescription":"Article","source-id":"21100286942","openaccess":"1","openaccessFlag":true},{"@_fa": "true", "link": [{"@_fa": "true", "@ref": "self", "@href": "https://api.elsevier.com/content/abstract/scopus_id/85062862636"},{"@_fa": "true", "@ref": "author-affiliation", "@href": "https://api.elsevier.com/content/abstract/scopus_id/85062862636?field=author,affiliation"},{"@_fa": "true", "@ref": "scopus", "@href": "https://www.scopus.com/inward/record.uri?partnerID=HzOxMe3b&scp=85062862636&origin=inward"},{"@_fa": "true", "@ref": "scopus-citedby", "@href": "https://www.scopus.com/inward/citedby.uri?partnerID=HzOxMe3b&scp=85062862636&origin=inward"}],"prism:url":"https://api.elsevier.com/content/abstract/scopus_id/85062862636","dc:identifier":"SCOPUS_ID:85062862636","eid":"2-s2.0-85062862636","dc:title":"Why Ethnic Subaltern-Led Parties Crowd Out Armed Organizations: Explaining Maoist Violence in India","dc:creator":"Chandra K.","prism:publicationName":"World Politics","prism:issn":"00438871","prism:eIssn":"10863338","prism:volume":"71","prism:issueIdentifier":"2","prism:pageRange":"367-416","prism:coverDate":"2019-04-01","prism:coverDisplayDate":"1 April 2019","prism:doi":"10.1017/S004388711800028X","pii":"S004388711800028X","citedby-count":"1","affiliation": [{"@_fa": "true", "affilname":"New York University","affiliation-city":"New York","affiliation-country":"United States"}],"prism:aggregationType":"Journal","subtype":"ar","subtypeDescription":"Article","source-id":"25725","openaccess":"0","openaccessFlag":false},{"@_fa": "true", "link": [{"@_fa": "true", "@ref": "self", "@href": "https://api.elsevier.com/content/abstract/scopus_id/85057992750"},{"@_fa": "true", "@ref": "author-affiliation", "@href": "https://api.elsevier.com/content/abstract/scopus_id/85057992750?field=author,affiliation"},{"@_fa": "true", "@ref": "scopus", "@href": "https://www.scopus.com/inward/record.uri?partnerID=HzOxMe3b&scp=85057992750&origin=inward"},{"@_fa": "true", "@ref": "scopus-citedby", "@href": "https://www.scopus.com/inward/citedby.uri?partnerID=HzOxMe3b&scp=85057992750&origin=inward"}],"prism:url":"https://api.elsevier.com/content/abstract/scopus_id/85057992750","dc:identifier":"SCOPUS_ID:85057992750","eid":"2-s2.0-85057992750","dc:title":"Challenging corruption and clientelism in post-conflict and developing states","dc:creator":"Singh D.","prism:publicationName":"Crime, Law and Social Change","prism:issn":"09254994","prism:eIssn":"15730751","prism:volume":"71","prism:issueIdentifier":"2","prism:pageRange":"197-216","prism:coverDate":"2019-03-21","prism:coverDisplayDate":"21 March 2019","prism:doi":"10.1007/s10611-018-9807-6","citedby-count":"0","affiliation": [{"@_fa": "true", "affilname":"University of Teesside","affiliation-city":"Middlesbrough","affiliation-country":"United Kingdom"}],"prism:aggregationType":"Journal","subtype":"ar","subtypeDescription":"Article","source-id":"19637","openaccess":"0","openaccessFlag":false},{"@_fa": "true", "link": [{"@_fa": "true", "@ref": "self", "@href": "https://api.elsevier.com/content/abstract/scopus_id/85065186320"},{"@_fa": "true", "@ref": "author-affiliation", "@href": "https://api.elsevier.com/content/abstract/scopus_id/85065186320?field=author,affiliation"},{"@_fa": "true", "@ref": "scopus", "@href": "https://www.scopus.com/inward/record.uri?partnerID=HzOxMe3b&scp=85065186320&origin=inward"},{"@_fa": "true", "@ref": "scopus-citedby", "@href": "https://www.scopus.com/inward/citedby.uri?partnerID=HzOxMe3b&scp=85065186320&origin=inward"}],"prism:url":"https://api.elsevier.com/content/abstract/scopus_id/85065186320","dc:identifier":"SCOPUS_ID:85065186320","eid":"2-s2.0-85065186320","dc:title":"Does Participatory Planning Promise Too Much? Global Discourses and the Glass Ceiling of Participation in Urban Malawi","dc:creator":"Refstie H.","prism:publicationName":"Planning Theory and Practice","prism:issn":"14649357","prism:eIssn":"1470000X","prism:volume":"20","prism:issueIdentifier":"2","prism:pageRange":"241-257","prism:coverDate":"2019-03-15","prism:coverDisplayDate":"15 March 2019","prism:doi":"10.1080/14649357.2019.1606928","citedby-count":"0","affiliation": [{"@_fa": "true", "affilname":"Norges Teknisk-Naturvitenskapelige Universitet","affiliation-city":"Trondheim","affiliation-country":"Norway"}],"prism:aggregationType":"Journal","subtype":"ar","subtypeDescription":"Article","source-id":"14685","openaccess":"0","openaccessFlag":false},{"@_fa": "true", "link": [{"@_fa": "true", "@ref": "self", "@href": "https://api.elsevier.com/content/abstract/scopus_id/85061591284"},{"@_fa": "true", "@ref": "author-affiliation", "@href": "https://api.elsevier.com/content/abstract/scopus_id/85061591284?field=author,affiliation"},{"@_fa": "true", "@ref": "scopus", "@href": "https://www.scopus.com/inward/record.uri?partnerID=HzOxMe3b&scp=85061591284&origin=inward"},{"@_fa": "true", "@ref": "scopus-citedby", "@href": "https://www.scopus.com/inward/citedby.uri?partnerID=HzOxMe3b&scp=85061591284&origin=inward"}],"prism:url":"https://api.elsevier.com/content/abstract/scopus_id/85061591284","dc:identifier":"SCOPUS_ID:85061591284","eid":"2-s2.0-85061591284","dc:title":"Electricity-Centered Clientelism and the Contradictions of Private Solar Microgrids in India","dc:creator":"Balls J.","prism:publicationName":"Annals of the American Association of Geographers","prism:issn":"24694452","prism:eIssn":"24694460","prism:volume":"109","prism:issueIdentifier":"2","prism:pageRange":"465-475","prism:coverDate":"2019-03-04","prism:coverDisplayDate":"4 March 2019","prism:doi":"10.1080/24694452.2018.1535312","citedby-count":"1","affiliation": [{"@_fa": "true", "affilname":"University of Melbourne","affiliation-city":"Parkville","affiliation-country":"Australia"}],"prism:aggregationType":"Journal","subtype":"ar","subtypeDescription":"Article","source-id":"21100463801","openaccess":"0","openaccessFlag":false},{"@_fa": "true", "link": [{"@_fa": "true", "@ref": "self", "@href": "https://api.elsevier.com/content/abstract/scopus_id/85058543232"},{"@_fa": "true", "@ref": "author-affiliation", "@href": "https://api.elsevier.com/content/abstract/scopus_id/85058543232?field=author,affiliation"},{"@_fa": "true", "@ref": "scopus", "@href": "https://www.scopus.com/inward/record.uri?partnerID=HzOxMe3b&scp=85058543232&origin=inward"},{"@_fa": "true", "@ref": "scopus-citedby", "@href": "https://www.scopus.com/inward/citedby.uri?partnerID=HzOxMe3b&scp=85058543232&origin=inward"},{"@_fa": "true", "@ref": "full-text", "@href": "https://api.elsevier.com/content/article/eid/1-s2.0-S0962629817300884"}],"prism:url":"https://api.elsevier.com/content/abstract/scopus_id/85058543232","dc:identifier":"SCOPUS_ID:85058543232","eid":"2-s2.0-85058543232","dc:title":"From sovereignty to technologies of dependency: Rethinking the power relations supporting violence in Brazil","dc:creator":"Hutta J.","prism:publicationName":"Political Geography","prism:issn":"09626298","prism:volume":"69","prism:pageRange":"65-76","prism:coverDate":"2019-03-01","prism:coverDisplayDate":"March 2019","prism:doi":"10.1016/j.polgeo.2018.11.008","pii":"S0962629817300884","citedby-count":"0","affiliation": [{"@_fa": "true", "affilname":"Universität Bayreuth","affiliation-city":"Bayreuth","affiliation-country":"Germany"}],"prism:aggregationType":"Journal","subtype":"ar","subtypeDescription":"Article","source-id":"22857","openaccess":"0","openaccessFlag":false},{"@_fa": "true", "link": [{"@_fa": "true", "@ref": "self", "@href": "https://api.elsevier.com/content/abstract/scopus_id/85052560525"},{"@_fa": "true", "@ref": "author-affiliation", "@href": "https://api.elsevier.com/content/abstract/scopus_id/85052560525?field=author,affiliation"},{"@_fa": "true", "@ref": "scopus", "@href": "https://www.scopus.com/inward/record.uri?partnerID=HzOxMe3b&scp=85052560525&origin=inward"},{"@_fa": "true", "@ref": "scopus-citedby", "@href": "https://www.scopus.com/inward/citedby.uri?partnerID=HzOxMe3b&scp=85052560525&origin=inward"}],"prism:url":"https://api.elsevier.com/content/abstract/scopus_id/85052560525","dc:identifier":"SCOPUS_ID:85052560525","eid":"2-s2.0-85052560525","dc:title":"Social Networks and the Targeting of Vote Buying","dc:creator":"Cruz C.","prism:publicationName":"Comparative Political Studies","prism:issn":"00104140","prism:eIssn":"15523829","prism:volume":"52","prism:issueIdentifier":"3","prism:pageRange":"382-411","prism:coverDate":"2019-03-01","prism:coverDisplayDate":"1 March 2019","prism:doi":"10.1177/0010414018784062","citedby-count":"0","affiliation": [{"@_fa": "true", "affilname":"The University of British Columbia","affiliation-city":"Vancouver","affiliation-country":"Canada"}],"prism:aggregationType":"Journal","subtype":"ar","subtypeDescription":"Article","source-id":"13447","openaccess":"0","openaccessFlag":false},{"@_fa": "true", "link": [{"@_fa": "true", "@ref": "self", "@href": "https://api.elsevier.com/content/abstract/scopus_id/85060995756"},{"@_fa": "true", "@ref": "author-affiliation", "@href": "https://api.elsevier.com/content/abstract/scopus_id/85060995756?field=author,affiliation"},{"@_fa": "true", "@ref": "scopus", "@href": "https://www.scopus.com/inward/record.uri?partnerID=HzOxMe3b&scp=85060995756&origin=inward"},{"@_fa": "true", "@ref": "scopus-citedby", "@href": "https://www.scopus.com/inward/citedby.uri?partnerID=HzOxMe3b&scp=85060995756&origin=inward"}],"prism:url":"https://api.elsevier.com/content/abstract/scopus_id/85060995756","dc:identifier":"SCOPUS_ID:85060995756","eid":"2-s2.0-85060995756","dc:title":"Turning the Pushkin Museum into a ‘Russian Tate’: Informal creative labour in a transitional cultural economy (the case of privately funded Moscow art centres)","dc:creator":"Kuleva M.","prism:publicationName":"International Journal of Cultural Studies","prism:issn":"13678779","prism:eIssn":"1460356X","prism:volume":"22","prism:issueIdentifier":"2","prism:pageRange":"281-297","prism:coverDate":"2019-03-01","prism:coverDisplayDate":"1 March 2019","prism:doi":"10.1177/1367877918821236","citedby-count":"0","affiliation": [{"@_fa": "true", "affilname":"National Research University Higher School of Economics","affiliation-city":"Moscow","affiliation-country":"Russian Federation"},{"@_fa": "true", "affilname":"Universität Bielefeld","affiliation-city":"Bielefeld","affiliation-country":"Germany"}],"prism:aggregationType":"Journal","subtype":"ar","subtypeDescription":"Article","source-id":"147232","openaccess":"0","openaccessFlag":false},{"@_fa": "true", "link": [{"@_fa": "true", "@ref": "self", "@href": "https://api.elsevier.com/content/abstract/scopus_id/85063983798"},{"@_fa": "true", "@ref": "author-affiliation", "@href": "https://api.elsevier.com/content/abstract/scopus_id/85063983798?field=author,affiliation"},{"@_fa": "true", "@ref": "scopus", "@href": "https://www.scopus.com/inward/record.uri?partnerID=HzOxMe3b&scp=85063983798&origin=inward"},{"@_fa": "true", "@ref": "scopus-citedby", "@href": "https://www.scopus.com/inward/citedby.uri?partnerID=HzOxMe3b&scp=85063983798&origin=inward"}],"prism:url":"https://api.elsevier.com/content/abstract/scopus_id/85063983798","dc:identifier":"SCOPUS_ID:85063983798","eid":"2-s2.0-85063983798","dc:title":"VOTING THEIR CONSCIENCE: POVERTY, EDUCATION, SOCIAL PRESSURE and VOTE BUYING in Indonesia","dc:creator":"Pradhanawati A.","prism:publicationName":"Journal of East Asian Studies","prism:issn":"15982408","prism:volume":"19","prism:issueIdentifier":"1","prism:pageRange":"19-38","prism:coverDate":"2019-03-01","prism:coverDisplayDate":"1 March 2019","prism:doi":"10.1017/jea.2018.27","pii":"S1598240818000279","citedby-count":"0","affiliation": [{"@_fa": "true", "affilname":"Universitas Diponegoro","affiliation-city":"Semarang","affiliation-country":"Indonesia"}],"prism:aggregationType":"Journal","subtype":"ar","subtypeDescription":"Article","source-id":"5800169167","openaccess":"0","openaccessFlag":false},{"@_fa": "true", "link": [{"@_fa": "true", "@ref": "self", "@href": "https://api.elsevier.com/content/abstract/scopus_id/85053271737"},{"@_fa": "true", "@ref": "author-affiliation", "@href": "https://api.elsevier.com/content/abstract/scopus_id/85053271737?field=author,affiliation"},{"@_fa": "true", "@ref": "scopus", "@href": "https://www.scopus.com/inward/record.uri?partnerID=HzOxMe3b&scp=85053271737&origin=inward"},{"@_fa": "true", "@ref": "scopus-citedby", "@href": "https://www.scopus.com/inward/citedby.uri?partnerID=HzOxMe3b&scp=85053271737&origin=inward"}],"prism:url":"https://api.elsevier.com/content/abstract/scopus_id/85053271737","dc:identifier":"SCOPUS_ID:85053271737","eid":"2-s2.0-85053271737","dc:title":"Informal democratization: brokers, access to public services and democratic accountability in Indonesia and India","dc:creator":"Berenschot W.","prism:publicationName":"Democratization","prism:issn":"13510347","prism:eIssn":"1743890X","prism:volume":"26","prism:issueIdentifier":"2","prism:pageRange":"208-224","prism:coverDate":"2019-02-17","prism:coverDisplayDate":"17 February 2019","prism:doi":"10.1080/13510347.2018.1512590","citedby-count":"2","affiliation": [{"@_fa": "true", "affilname":"Royal Netherlands Institute of Southeast Asian and Caribbean Studies KITLV - KNAW","affiliation-city":"Leiden","affiliation-country":"Netherlands"}],"prism:aggregationType":"Journal","subtype":"ar","subtypeDescription":"Article","source-id":"24034","openaccess":"0","openaccessFlag":false},{"@_fa": "true", "link": [{"@_fa": "true", "@ref": "self", "@href": "https://api.elsevier.com/content/abstract/scopus_id/85063465155"},{"@_fa": "true", "@ref": "author-affiliation", "@href": "https://api.elsevier.com/content/abstract/scopus_id/85063465155?field=author,affiliation"},{"@_fa": "true", "@ref": "scopus", "@href": "https://www.scopus.com/inward/record.uri?partnerID=HzOxMe3b&scp=85063465155&origin=inward"},{"@_fa": "true", "@ref": "scopus-citedby", "@href": "https://www.scopus.com/inward/citedby.uri?partnerID=HzOxMe3b&scp=85063465155&origin=inward"}],"prism:url":"https://api.elsevier.com/content/abstract/scopus_id/85063465155","dc:identifier":"SCOPUS_ID:85063465155","eid":"2-s2.0-85063465155","dc:title":"The dark side of community: Clientelism, corruption and legitimacy in rural planning","dc:creator":"Fox-Rogers L.","prism:publicationName":"The Routledge Companion to Rural Planning","prism:isbn": [{"@_fa": "true", "$" :"9781351591874"},{"@_fa": "true", "$" :"9781138104051"}],"prism:pageRange":"142-152","prism:coverDate":"2019-01-28","prism:coverDisplayDate":"28 January 2019","prism:doi":"10.4324/9781315102375","citedby-count":"0","affiliation": [{"@_fa": "true", "affilname":"Queen's University Belfast","affiliation-city":"Belfast","affiliation-country":"United Kingdom"}],"prism:aggregationType":"Book","subtype":"ch","subtypeDescription":"Chapter","source-id":"21100902124","openaccess":"0","openaccessFlag":false},{"@_fa": "true", "link": [{"@_fa": "true", "@ref": "self", "@href": "https://api.elsevier.com/content/abstract/scopus_id/85057244228"},{"@_fa": "true", "@ref": "author-affiliation", "@href": "https://api.elsevier.com/content/abstract/scopus_id/85057244228?field=author,affiliation"},{"@_fa": "true", "@ref": "scopus", "@href": "https://www.scopus.com/inward/record.uri?partnerID=HzOxMe3b&scp=85057244228&origin=inward"},{"@_fa": "true", "@ref": "scopus-citedby", "@href": "https://www.scopus.com/inward/citedby.uri?partnerID=HzOxMe3b&scp=85057244228&origin=inward"}],"prism:url":"https://api.elsevier.com/content/abstract/scopus_id/85057244228","dc:identifier":"SCOPUS_ID:85057244228","eid":"2-s2.0-85057244228","dc:title":"The steep and slippery slope of politics: Civic spirit, empowerment, and politicisation in citizen committees","dc:creator":"Patsias C.","prism:publicationName":"European Journal of Cultural and Political Sociology","prism:issn":"23254823","prism:eIssn":"23254815","prism:volume":"6","prism:issueIdentifier":"1","prism:pageRange":"95-123","prism:coverDate":"2019-01-02","prism:coverDisplayDate":"2 January 2019","prism:doi":"10.1080/23254823.2018.1496844","citedby-count":"0","affiliation": [{"@_fa": "true", "affilname":"Université du Québec à Montréal","affiliation-city":"Montreal","affiliation-country":"Canada"}],"prism:aggregationType":"Journal","subtype":"ar","subtypeDescription":"Article","source-id":"21100870605","openaccess":"0","openaccessFlag":false},{"@_fa": "true", "link": [{"@_fa": "true", "@ref": "self", "@href": "https://api.elsevier.com/content/abstract/scopus_id/85062917447"},{"@_fa": "true", "@ref": "author-affiliation", "@href": "https://api.elsevier.com/content/abstract/scopus_id/85062917447?field=author,affiliation"},{"@_fa": "true", "@ref": "scopus", "@href": "https://www.scopus.com/inward/record.uri?partnerID=HzOxMe3b&scp=85062917447&origin=inward"},{"@_fa": "true", "@ref": "scopus-citedby", "@href": "https://www.scopus.com/inward/citedby.uri?partnerID=HzOxMe3b&scp=85062917447&origin=inward"}],"prism:url":"https://api.elsevier.com/content/abstract/scopus_id/85062917447","dc:identifier":"SCOPUS_ID:85062917447","eid":"2-s2.0-85062917447","dc:title":"From ‘clients’ to ‘magnates’: the (not so) curious case of Islamic authoritarianism in Turkey","dc:creator":"Arısan M.","prism:publicationName":"Journal of Southeast European and Black Sea","prism:issn":"14683857","prism:eIssn":"17439639","prism:volume":"19","prism:issueIdentifier":"1","prism:pageRange":"11-30","prism:coverDate":"2019-01-02","prism:coverDisplayDate":"2 January 2019","prism:doi":"10.1080/14683857.2019.1576341","citedby-count":"1","affiliation": [{"@_fa": "true", "affilname":"Istanbul Üniversitesi","affiliation-city":"Istanbul","affiliation-country":"Turkey"}],"prism:aggregationType":"Journal","subtype":"ar","subtypeDescription":"Article","source-id":"5700163885","openaccess":"0","openaccessFlag":false},{"@_fa": "true", "link": [{"@_fa": "true", "@ref": "self", "@href": "https://api.elsevier.com/content/abstract/scopus_id/85060685798"},{"@_fa": "true", "@ref": "author-affiliation", "@href": "https://api.elsevier.com/content/abstract/scopus_id/85060685798?field=author,affiliation"},{"@_fa": "true", "@ref": "scopus", "@href": "https://www.scopus.com/inward/record.uri?partnerID=HzOxMe3b&scp=85060685798&origin=inward"},{"@_fa": "true", "@ref": "scopus-citedby", "@href": "https://www.scopus.com/inward/citedby.uri?partnerID=HzOxMe3b&scp=85060685798&origin=inward"}],"prism:url":"https://api.elsevier.com/content/abstract/scopus_id/85060685798","dc:identifier":"SCOPUS_ID:85060685798","eid":"2-s2.0-85060685798","dc:title":"Trapped in informality? A study of informal politics in Georgia's Javakheti","dc:creator":"Kopeček V.","prism:publicationName":"Caucasus Survey","prism:eIssn":"23761202","prism:volume":"7","prism:issueIdentifier":"1","prism:pageRange":"60-78","prism:coverDate":"2019-01-02","prism:coverDisplayDate":"2 January 2019","prism:doi":"10.1080/23761199.2018.1480191","citedby-count":"0","affiliation": [{"@_fa": "true", "affilname":"Ostravská Univerzita v Ostrave","affiliation-city":"Ostrava","affiliation-country":"Czech Republic"}],"prism:aggregationType":"Journal","subtype":"ar","subtypeDescription":"Article","source-id":"21100842666","openaccess":"0","openaccessFlag":false},{"@_fa": "true", "link": [{"@_fa": "true", "@ref": "self", "@href": "https://api.elsevier.com/content/abstract/scopus_id/85055491190"},{"@_fa": "true", "@ref": "author-affiliation", "@href": "https://api.elsevier.com/content/abstract/scopus_id/85055491190?field=author,affiliation"},{"@_fa": "true", "@ref": "scopus", "@href": "https://www.scopus.com/inward/record.uri?partnerID=HzOxMe3b&scp=85055491190&origin=inward"},{"@_fa": "true", "@ref": "scopus-citedby", "@href": "https://www.scopus.com/inward/citedby.uri?partnerID=HzOxMe3b&scp=85055491190&origin=inward"}],"prism:url":"https://api.elsevier.com/content/abstract/scopus_id/85055491190","dc:identifier":"SCOPUS_ID:85055491190","eid":"2-s2.0-85055491190","dc:title":"Politics of a garbage crisis: social networks, narratives, and frames of Lebanon’s 2015 protests and their aftermath","dc:creator":"Geha C.","prism:publicationName":"Social Movement Studies","prism:issn":"14742837","prism:eIssn":"14742829","prism:volume":"18","prism:issueIdentifier":"1","prism:pageRange":"78-92","prism:coverDate":"2019-01-02","prism:coverDisplayDate":"2 January 2019","prism:doi":"10.1080/14742837.2018.1539665","citedby-count":"2","affiliation": [{"@_fa": "true", "affilname":"American University of Beirut","affiliation-city":"Beirut","affiliation-country":"Lebanon"},{"@_fa": "true", "affilname":"Institute for Advanced Studies","affiliation-city":"Princeton","affiliation-country":"United States"}],"prism:aggregationType":"Journal","subtype":"ar","subtypeDescription":"Article","source-id":"5700161511","openaccess":"0","openaccessFlag":false}]}}