{"search-results":{"opensearch:totalResults":"39","opensearch:startIndex":"0","opensearch:itemsPerPage":"25","opensearch:Query":{"@role": "request", "@searchTerms": "TITLE-ABS-KEY(\"clientelism\") AND SUBJAREA(SOCI) AND PUBYEAR = 2009", "@startPage": "0"},"link": [{"@_fa": "true", "@ref": "self", "@href": "https://api.elsevier.com/content/search/scopus?start=0&count=25&query=TITLE-ABS-KEY%28%22clientelism%22%29+AND+SUBJAREA%28SOCI%29+AND+PUBYEAR+%3D+2009&apiKey=27d953b4b546791964ebeb768d13e61f&view=STANDARD", "@type": "application/json"},{"@_fa": "true", "@ref": "first", "@href": "https://api.elsevier.com/content/search/scopus?start=0&count=25&query=TITLE-ABS-KEY%28%22clientelism%22%29+AND+SUBJAREA%28SOCI%29+AND+PUBYEAR+%3D+2009&apiKey=27d953b4b546791964ebeb768d13e61f&view=STANDARD", "@type": "application/json"},{"@_fa": "true", "@ref": "next", "@href": "https://api.elsevier.com/content/search/scopus?start=25&count=25&query=TITLE-ABS-KEY%28%22clientelism%22%29+AND+SUBJAREA%28SOCI%29+AND+PUBYEAR+%3D+2009&apiKey=27d953b4b546791964ebeb768d13e61f&view=STANDARD", "@type": "application/json"},{"@_fa": "true", "@ref": "last", "@href": "https://api.elsevier.com/content/search/scopus?start=14&count=25&query=TITLE-ABS-KEY%28%22clientelism%22%29+AND+SUBJAREA%28SOCI%29+AND+PUBYEAR+%3D+2009&apiKey=27d953b4b546791964ebeb768d13e61f&view=STANDARD", "@type": "application/json"}],"entry": [{"@_fa": "true", "link": [{"@_fa": "true", "@ref": "self", "@href": "https://api.elsevier.com/content/abstract/scopus_id/71949127892"},{"@_fa": "true", "@ref": "author-affiliation", "@href": "https://api.elsevier.com/content/abstract/scopus_id/71949127892?field=author,affiliation"},{"@_fa": "true", "@ref": "scopus", "@href": "https://www.scopus.com/inward/record.uri?partnerID=HzOxMe3b&scp=71949127892&origin=inward"},{"@_fa": "true", "@ref": "scopus-citedby", "@href": "https://www.scopus.com/inward/citedby.uri?partnerID=HzOxMe3b&scp=71949127892&origin=inward"}],"prism:url":"https://api.elsevier.com/content/abstract/scopus_id/71949127892","dc:identifier":"SCOPUS_ID:71949127892","eid":"2-s2.0-71949127892","dc:title":"Investigative journalism and scandal reporting in the Nigerian press","dc:creator":"Yusha'u M.","prism:publicationName":"Ecquid Novi","prism:issn":"02560054","prism:eIssn":"19420773","prism:volume":"30","prism:issueIdentifier":"2","prism:pageRange":"155-174","prism:coverDate":"2009-12-18","prism:coverDisplayDate":"2009","prism:doi":"10.3368/ajs.30.2.155","citedby-count":"8","prism:aggregationType":"Journal","subtype":"ar","subtypeDescription":"Article","source-id":"17700156435","openaccess":"0","openaccessFlag":false},{"@_fa": "true", "link": [{"@_fa": "true", "@ref": "self", "@href": "https://api.elsevier.com/content/abstract/scopus_id/73649103508"},{"@_fa": "true", "@ref": "author-affiliation", "@href": "https://api.elsevier.com/content/abstract/scopus_id/73649103508?field=author,affiliation"},{"@_fa": "true", "@ref": "scopus", "@href": "https://www.scopus.com/inward/record.uri?partnerID=HzOxMe3b&scp=73649103508&origin=inward"},{"@_fa": "true", "@ref": "scopus-citedby", "@href": "https://www.scopus.com/inward/citedby.uri?partnerID=HzOxMe3b&scp=73649103508&origin=inward"}],"prism:url":"https://api.elsevier.com/content/abstract/scopus_id/73649103508","dc:identifier":"SCOPUS_ID:73649103508","eid":"2-s2.0-73649103508","dc:title":"Media in Post-Communist Mongolia challenges and opportunities in the democratization process","dc:creator":"Nielsen P.","prism:publicationName":"Nordicom Review","prism:issn":"14031108","prism:volume":"30","prism:issueIdentifier":"2","prism:pageRange":"19-33","prism:coverDate":"2009-12-01","prism:coverDisplayDate":"2009","citedby-count":"1","affiliation": [{"@_fa": "true", "affilname":"Aarhus Universitet","affiliation-city":"Aarhus","affiliation-country":"Denmark"}],"prism:aggregationType":"Journal","subtype":"ar","subtypeDescription":"Article","source-id":"5700155017","openaccess":"0","openaccessFlag":false},{"@_fa": "true", "link": [{"@_fa": "true", "@ref": "self", "@href": "https://api.elsevier.com/content/abstract/scopus_id/77955238697"},{"@_fa": "true", "@ref": "author-affiliation", "@href": "https://api.elsevier.com/content/abstract/scopus_id/77955238697?field=author,affiliation"},{"@_fa": "true", "@ref": "scopus", "@href": "https://www.scopus.com/inward/record.uri?partnerID=HzOxMe3b&scp=77955238697&origin=inward"},{"@_fa": "true", "@ref": "scopus-citedby", "@href": "https://www.scopus.com/inward/citedby.uri?partnerID=HzOxMe3b&scp=77955238697&origin=inward"}],"prism:url":"https://api.elsevier.com/content/abstract/scopus_id/77955238697","dc:identifier":"SCOPUS_ID:77955238697","eid":"2-s2.0-77955238697","dc:title":"The clientelization of ethnicity: Party hegemony and indigenous political subjectivities","dc:creator":"Gordillo G.","prism:publicationName":"Revista Espanola de Antropologia Americana","prism:issn":"05566533","prism:eIssn":"19882718","prism:volume":"39","prism:issueIdentifier":"2","prism:pageRange":"247-262","prism:coverDate":"2009-12-01","prism:coverDisplayDate":"2009","citedby-count":"2","affiliation": [{"@_fa": "true", "affilname":"The University of British Columbia","affiliation-city":"Vancouver","affiliation-country":"Canada"}],"prism:aggregationType":"Journal","subtype":"ar","subtypeDescription":"Article","source-id":"5700176869","openaccess":"0","openaccessFlag":false},{"@_fa": "true", "link": [{"@_fa": "true", "@ref": "self", "@href": "https://api.elsevier.com/content/abstract/scopus_id/84898277387"},{"@_fa": "true", "@ref": "author-affiliation", "@href": "https://api.elsevier.com/content/abstract/scopus_id/84898277387?field=author,affiliation"},{"@_fa": "true", "@ref": "scopus", "@href": "https://www.scopus.com/inward/record.uri?partnerID=HzOxMe3b&scp=84898277387&origin=inward"},{"@_fa": "true", "@ref": "scopus-citedby", "@href": "https://www.scopus.com/inward/citedby.uri?partnerID=HzOxMe3b&scp=84898277387&origin=inward"}],"prism:url":"https://api.elsevier.com/content/abstract/scopus_id/84898277387","dc:identifier":"SCOPUS_ID:84898277387","eid":"2-s2.0-84898277387","dc:title":"Corruption and democracy in Latin America","dc:creator":"Blake C.","prism:publicationName":"Corruption and Democracy in Latin America","prism:isbn": [{"@_fa": "true", "$" :"0822960230"},{"@_fa": "true", "$" :"9780822960232"}],"prism:pageRange":"1-253","prism:coverDate":"2009-12-01","prism:coverDisplayDate":"2009","citedby-count":"13","affiliation": [{"@_fa": "true", "affilname":"James Madison University","affiliation-city":"Harrisonburg","affiliation-country":"United States"}],"prism:aggregationType":"Book","subtype":"bk","subtypeDescription":"Book","source-id":"21100303586","openaccess":"0","openaccessFlag":false},{"@_fa": "true", "link": [{"@_fa": "true", "@ref": "self", "@href": "https://api.elsevier.com/content/abstract/scopus_id/84916995283"},{"@_fa": "true", "@ref": "author-affiliation", "@href": "https://api.elsevier.com/content/abstract/scopus_id/84916995283?field=author,affiliation"},{"@_fa": "true", "@ref": "scopus", "@href": "https://www.scopus.com/inward/record.uri?partnerID=HzOxMe3b&scp=84916995283&origin=inward"},{"@_fa": "true", "@ref": "scopus-citedby", "@href": "https://www.scopus.com/inward/citedby.uri?partnerID=HzOxMe3b&scp=84916995283&origin=inward"}],"prism:url":"https://api.elsevier.com/content/abstract/scopus_id/84916995283","dc:identifier":"SCOPUS_ID:84916995283","eid":"2-s2.0-84916995283","dc:title":"Patron-client politics and elections in Hong Kong","dc:creator":"Kwong B.","prism:publicationName":"Patron-Client Politics and Elections in Hong Kong","prism:isbn": [{"@_fa": "true", "$" :"020386493X"},{"@_fa": "true", "$" :"9780203864937"}],"prism:pageRange":"1-156","prism:coverDate":"2009-11-23","prism:coverDisplayDate":"November 23, 2009","prism:doi":"10.4324/9780203864937","citedby-count":"4","affiliation": [{"@_fa": "true", "affilname":"Universidade de Macau","affiliation-city":"Taipa","affiliation-country":"Macao"}],"prism:aggregationType":"Book","subtype":"bk","subtypeDescription":"Book","source-id":"21100351761","openaccess":"0","openaccessFlag":false},{"@_fa": "true", "link": [{"@_fa": "true", "@ref": "self", "@href": "https://api.elsevier.com/content/abstract/scopus_id/70350755574"},{"@_fa": "true", "@ref": "author-affiliation", "@href": "https://api.elsevier.com/content/abstract/scopus_id/70350755574?field=author,affiliation"},{"@_fa": "true", "@ref": "scopus", "@href": "https://www.scopus.com/inward/record.uri?partnerID=HzOxMe3b&scp=70350755574&origin=inward"},{"@_fa": "true", "@ref": "scopus-citedby", "@href": "https://www.scopus.com/inward/citedby.uri?partnerID=HzOxMe3b&scp=70350755574&origin=inward"}],"prism:url":"https://api.elsevier.com/content/abstract/scopus_id/70350755574","dc:identifier":"SCOPUS_ID:70350755574","eid":"2-s2.0-70350755574","dc:title":"\"Heading for the gun\": Skills and sophistication in an African guerrilla war","dc:creator":"White L.","prism:publicationName":"Comparative Studies in Society and History","prism:issn":"00104175","prism:eIssn":"14752999","prism:volume":"51","prism:issueIdentifier":"2","prism:pageRange":"236-259","prism:coverDate":"2009-11-11","prism:coverDisplayDate":"2009","prism:doi":"10.1017/S0010417509000115","pii":"S0010417509000115","citedby-count":"4","affiliation": [{"@_fa": "true", "affilname":"University of Florida","affiliation-city":"Gainesville","affiliation-country":"United States"}],"prism:aggregationType":"Journal","subtype":"ar","subtypeDescription":"Article","source-id":"17670","openaccess":"0","openaccessFlag":false},{"@_fa": "true", "link": [{"@_fa": "true", "@ref": "self", "@href": "https://api.elsevier.com/content/abstract/scopus_id/70350786333"},{"@_fa": "true", "@ref": "author-affiliation", "@href": "https://api.elsevier.com/content/abstract/scopus_id/70350786333?field=author,affiliation"},{"@_fa": "true", "@ref": "scopus", "@href": "https://www.scopus.com/inward/record.uri?partnerID=HzOxMe3b&scp=70350786333&origin=inward"},{"@_fa": "true", "@ref": "scopus-citedby", "@href": "https://www.scopus.com/inward/citedby.uri?partnerID=HzOxMe3b&scp=70350786333&origin=inward"}],"prism:url":"https://api.elsevier.com/content/abstract/scopus_id/70350786333","dc:identifier":"SCOPUS_ID:70350786333","eid":"2-s2.0-70350786333","dc:title":"Active citizenship or passive clientelism? Accountability and development in Solomon Islands","dc:creator":"Cox J.","prism:publicationName":"Development in Practice","prism:issn":"09614524","prism:eIssn":"13649213","prism:volume":"19","prism:issueIdentifier":"8","prism:pageRange":"964-980","prism:coverDate":"2009-11-01","prism:coverDisplayDate":"November 2009","prism:doi":"10.1080/09614520903220784","citedby-count":"16","affiliation": [{"@_fa": "true", "affilname":"University of Melbourne","affiliation-city":"Parkville","affiliation-country":"Australia"}],"prism:aggregationType":"Journal","subtype":"ar","subtypeDescription":"Article","source-id":"14100","openaccess":"0","openaccessFlag":false},{"@_fa": "true", "link": [{"@_fa": "true", "@ref": "self", "@href": "https://api.elsevier.com/content/abstract/scopus_id/70350768886"},{"@_fa": "true", "@ref": "author-affiliation", "@href": "https://api.elsevier.com/content/abstract/scopus_id/70350768886?field=author,affiliation"},{"@_fa": "true", "@ref": "scopus", "@href": "https://www.scopus.com/inward/record.uri?partnerID=HzOxMe3b&scp=70350768886&origin=inward"},{"@_fa": "true", "@ref": "scopus-citedby", "@href": "https://www.scopus.com/inward/citedby.uri?partnerID=HzOxMe3b&scp=70350768886&origin=inward"}],"prism:url":"https://api.elsevier.com/content/abstract/scopus_id/70350768886","dc:identifier":"SCOPUS_ID:70350768886","eid":"2-s2.0-70350768886","dc:title":"Resource curse or rentier peace? the ambiguous effects of oil wealth and oil dependence on violent conflict","dc:creator":"Basedau M.","prism:publicationName":"Journal of Peace Research","prism:issn":"00223433","prism:eIssn":"14603578","prism:volume":"46","prism:issueIdentifier":"6","prism:pageRange":"757-776","prism:coverDate":"2009-11-01","prism:coverDisplayDate":"November 2009","prism:doi":"10.1177/0022343309340500","citedby-count":"101","affiliation": [{"@_fa": "true", "affilname":"Leibniz-Institut für Globale und Regionale Studien","affiliation-city":"Hamburg","affiliation-country":"Germany"}],"prism:aggregationType":"Journal","subtype":"ar","subtypeDescription":"Article","source-id":"26362","openaccess":"0","openaccessFlag":false},{"@_fa": "true", "link": [{"@_fa": "true", "@ref": "self", "@href": "https://api.elsevier.com/content/abstract/scopus_id/70350303854"},{"@_fa": "true", "@ref": "author-affiliation", "@href": "https://api.elsevier.com/content/abstract/scopus_id/70350303854?field=author,affiliation"},{"@_fa": "true", "@ref": "scopus", "@href": "https://www.scopus.com/inward/record.uri?partnerID=HzOxMe3b&scp=70350303854&origin=inward"},{"@_fa": "true", "@ref": "scopus-citedby", "@href": "https://www.scopus.com/inward/citedby.uri?partnerID=HzOxMe3b&scp=70350303854&origin=inward"}],"prism:url":"https://api.elsevier.com/content/abstract/scopus_id/70350303854","dc:identifier":"SCOPUS_ID:70350303854","eid":"2-s2.0-70350303854","dc:title":"Weapons of mass destruction: Land, ethnicity and the 2007 elections in Kenya","dc:creator":"Rutten M.","prism:publicationName":"Journal of Contemporary African Studies","prism:issn":"02589001","prism:eIssn":"14699397","prism:volume":"27","prism:issueIdentifier":"3","prism:pageRange":"305-324","prism:coverDate":"2009-10-28","prism:coverDisplayDate":"2009","prism:doi":"10.1080/02589000903118904","pii":"915760960","citedby-count":"19","affiliation": [{"@_fa": "true", "affilname":"African Studies Centre","affiliation-city":"Leiden","affiliation-country":"Netherlands"}],"prism:aggregationType":"Journal","subtype":"ar","subtypeDescription":"Article","source-id":"27665","openaccess":"0","openaccessFlag":false},{"@_fa": "true", "link": [{"@_fa": "true", "@ref": "self", "@href": "https://api.elsevier.com/content/abstract/scopus_id/70349884152"},{"@_fa": "true", "@ref": "author-affiliation", "@href": "https://api.elsevier.com/content/abstract/scopus_id/70349884152?field=author,affiliation"},{"@_fa": "true", "@ref": "scopus", "@href": "https://www.scopus.com/inward/record.uri?partnerID=HzOxMe3b&scp=70349884152&origin=inward"},{"@_fa": "true", "@ref": "scopus-citedby", "@href": "https://www.scopus.com/inward/citedby.uri?partnerID=HzOxMe3b&scp=70349884152&origin=inward"}],"prism:url":"https://api.elsevier.com/content/abstract/scopus_id/70349884152","dc:identifier":"SCOPUS_ID:70349884152","eid":"2-s2.0-70349884152","dc:title":"Clientelism, Communitaranism and Territorial Fragmentation in Syria","dc:creator":"Balanche F.","prism:publicationName":"Contrario","prism:issn":"16607880","prism:volume":"11","prism:issueIdentifier":"1","prism:pageRange":"122-150","prism:coverDate":"2009-10-16","prism:coverDisplayDate":"2009","citedby-count":"3","prism:aggregationType":"Journal","subtype":"ar","subtypeDescription":"Article","source-id":"5700161051","openaccess":"0","openaccessFlag":false},{"@_fa": "true", "link": [{"@_fa": "true", "@ref": "self", "@href": "https://api.elsevier.com/content/abstract/scopus_id/70350614315"},{"@_fa": "true", "@ref": "author-affiliation", "@href": "https://api.elsevier.com/content/abstract/scopus_id/70350614315?field=author,affiliation"},{"@_fa": "true", "@ref": "scopus", "@href": "https://www.scopus.com/inward/record.uri?partnerID=HzOxMe3b&scp=70350614315&origin=inward"},{"@_fa": "true", "@ref": "scopus-citedby", "@href": "https://www.scopus.com/inward/citedby.uri?partnerID=HzOxMe3b&scp=70350614315&origin=inward"}],"prism:url":"https://api.elsevier.com/content/abstract/scopus_id/70350614315","dc:identifier":"SCOPUS_ID:70350614315","eid":"2-s2.0-70350614315","dc:title":"Clientelism and polarized voting: Empirical evidence","dc:creator":"Gërxhani K.","prism:publicationName":"Public Choice","prism:issn":"00485829","prism:volume":"141","prism:issueIdentifier":"3","prism:pageRange":"305-317","prism:coverDate":"2009-10-01","prism:coverDisplayDate":"October 2009","prism:doi":"10.1007/s11127-009-9453-8","citedby-count":"6","affiliation": [{"@_fa": "true", "affilname":"University of Amsterdam","affiliation-city":"Amsterdam","affiliation-country":"Netherlands"}],"prism:aggregationType":"Journal","subtype":"ar","subtypeDescription":"Article","source-id":"23611","openaccess":"1","openaccessFlag":true},{"@_fa": "true", "link": [{"@_fa": "true", "@ref": "self", "@href": "https://api.elsevier.com/content/abstract/scopus_id/69949111700"},{"@_fa": "true", "@ref": "author-affiliation", "@href": "https://api.elsevier.com/content/abstract/scopus_id/69949111700?field=author,affiliation"},{"@_fa": "true", "@ref": "scopus", "@href": "https://www.scopus.com/inward/record.uri?partnerID=HzOxMe3b&scp=69949111700&origin=inward"},{"@_fa": "true", "@ref": "scopus-citedby", "@href": "https://www.scopus.com/inward/citedby.uri?partnerID=HzOxMe3b&scp=69949111700&origin=inward"}],"prism:url":"https://api.elsevier.com/content/abstract/scopus_id/69949111700","dc:identifier":"SCOPUS_ID:69949111700","eid":"2-s2.0-69949111700","dc:title":"Women's electoral participation in Egypt: The implications of gender for voter recruitment and mobilization","dc:creator":"Blaydes L.","prism:publicationName":"Middle East Journal","prism:issn":"00263141","prism:volume":"63","prism:issueIdentifier":"3","prism:pageRange":"364-380","prism:coverDate":"2009-09-11","prism:coverDisplayDate":"2009","prism:doi":"10.3751/63.3.11","citedby-count":"14","affiliation": [{"@_fa": "true", "affilname":"Stanford University","affiliation-city":"Palo Alto","affiliation-country":"United States"}],"prism:aggregationType":"Journal","subtype":"ar","subtypeDescription":"Article","source-id":"26853","openaccess":"0","openaccessFlag":false},{"@_fa": "true", "link": [{"@_fa": "true", "@ref": "self", "@href": "https://api.elsevier.com/content/abstract/scopus_id/84924953663"},{"@_fa": "true", "@ref": "author-affiliation", "@href": "https://api.elsevier.com/content/abstract/scopus_id/84924953663?field=author,affiliation"},{"@_fa": "true", "@ref": "scopus", "@href": "https://www.scopus.com/inward/record.uri?partnerID=HzOxMe3b&scp=84924953663&origin=inward"},{"@_fa": "true", "@ref": "scopus-citedby", "@href": "https://www.scopus.com/inward/citedby.uri?partnerID=HzOxMe3b&scp=84924953663&origin=inward"}],"prism:url":"https://api.elsevier.com/content/abstract/scopus_id/84924953663","dc:identifier":"SCOPUS_ID:84924953663","eid":"2-s2.0-84924953663","dc:title":"Political Clientelism","dc:creator":"Stokes S.","prism:publicationName":"The Oxford Handbook of Comparative Politics","prism:isbn": [{"@_fa": "true", "$" :"9780191577482"},{"@_fa": "true", "$" :"9780199566020"}],"prism:pageRange":null,"prism:coverDate":"2009-09-02","prism:coverDisplayDate":"September 02, 2009","prism:doi":"10.1093/oxfordhb/9780199566020.003.0025","citedby-count":"27","affiliation": [{"@_fa": "true", "affilname":"Yale University","affiliation-city":"New Haven","affiliation-country":"United States"}],"prism:aggregationType":"Book","subtype":"ch","subtypeDescription":"Chapter","source-id":"21100379754","openaccess":"0","openaccessFlag":false},{"@_fa": "true", "link": [{"@_fa": "true", "@ref": "self", "@href": "https://api.elsevier.com/content/abstract/scopus_id/69449098190"},{"@_fa": "true", "@ref": "author-affiliation", "@href": "https://api.elsevier.com/content/abstract/scopus_id/69449098190?field=author,affiliation"},{"@_fa": "true", "@ref": "scopus", "@href": "https://www.scopus.com/inward/record.uri?partnerID=HzOxMe3b&scp=69449098190&origin=inward"},{"@_fa": "true", "@ref": "scopus-citedby", "@href": "https://www.scopus.com/inward/citedby.uri?partnerID=HzOxMe3b&scp=69449098190&origin=inward"}],"prism:url":"https://api.elsevier.com/content/abstract/scopus_id/69449098190","dc:identifier":"SCOPUS_ID:69449098190","eid":"2-s2.0-69449098190","dc:title":"Ideology, clientelism and the 'fascistization' of the Italian state: Fascists in the interior ministry police","dc:creator":"Dunnage J.","prism:publicationName":"Journal of Modern Italian Studies","prism:issn":"1354571X","prism:volume":"14","prism:issueIdentifier":"3","prism:pageRange":null,"prism:coverDate":"2009-09-01","prism:coverDisplayDate":"September 2009","prism:doi":"10.1080/13545710903031739","pii":"913887990","citedby-count":"2","affiliation": [{"@_fa": "true", "affilname":"Swansea University","affiliation-city":"Swansea","affiliation-country":"United Kingdom"}],"prism:aggregationType":"Journal","subtype":"re","subtypeDescription":"Review","source-id":"15693","openaccess":"0","openaccessFlag":false},{"@_fa": "true", "link": [{"@_fa": "true", "@ref": "self", "@href": "https://api.elsevier.com/content/abstract/scopus_id/73049110983"},{"@_fa": "true", "@ref": "author-affiliation", "@href": "https://api.elsevier.com/content/abstract/scopus_id/73049110983?field=author,affiliation"},{"@_fa": "true", "@ref": "scopus", "@href": "https://www.scopus.com/inward/record.uri?partnerID=HzOxMe3b&scp=73049110983&origin=inward"},{"@_fa": "true", "@ref": "scopus-citedby", "@href": "https://www.scopus.com/inward/citedby.uri?partnerID=HzOxMe3b&scp=73049110983&origin=inward"}],"prism:url":"https://api.elsevier.com/content/abstract/scopus_id/73049110983","dc:identifier":"SCOPUS_ID:73049110983","eid":"2-s2.0-73049110983","dc:title":"Patronage politics and contentious collective action: A recursive relationship","dc:creator":"Auyero J.","prism:publicationName":"Latin American Politics and Society","prism:issn":"1531426X","prism:volume":"51","prism:issueIdentifier":"3","prism:pageRange":"1-31","prism:coverDate":"2009-09-01","prism:coverDisplayDate":"September 2009","prism:doi":"10.1111/j.1548-2456.2009.00054.x","citedby-count":"57","prism:aggregationType":"Journal","subtype":"ar","subtypeDescription":"Article","source-id":"26459","openaccess":"0","openaccessFlag":false},{"@_fa": "true", "link": [{"@_fa": "true", "@ref": "self", "@href": "https://api.elsevier.com/content/abstract/scopus_id/77952246852"},{"@_fa": "true", "@ref": "author-affiliation", "@href": "https://api.elsevier.com/content/abstract/scopus_id/77952246852?field=author,affiliation"},{"@_fa": "true", "@ref": "scopus", "@href": "https://www.scopus.com/inward/record.uri?partnerID=HzOxMe3b&scp=77952246852&origin=inward"},{"@_fa": "true", "@ref": "scopus-citedby", "@href": "https://www.scopus.com/inward/citedby.uri?partnerID=HzOxMe3b&scp=77952246852&origin=inward"}],"prism:url":"https://api.elsevier.com/content/abstract/scopus_id/77952246852","dc:identifier":"SCOPUS_ID:77952246852","eid":"2-s2.0-77952246852","dc:title":"Las misiones educativas: ¿política pública para la inclusión o estrategia para el clientelismo político?","dc:creator":"Mundó M.","prism:publicationName":"Cuadernos del Cendes","prism:issn":"10122508","prism:volume":"26","prism:issueIdentifier":"71","prism:pageRange":"27-65","prism:coverDate":"2009-08-01","prism:coverDisplayDate":"August 2009","citedby-count":"3","affiliation": [{"@_fa": "true", "affilname":"Universidad Central de Venezuela","affiliation-city":"Caracas","affiliation-country":"Venezuela"}],"prism:aggregationType":"Journal","subtype":"ar","subtypeDescription":"Article","source-id":"18736","openaccess":"0","openaccessFlag":false},{"@_fa": "true", "link": [{"@_fa": "true", "@ref": "self", "@href": "https://api.elsevier.com/content/abstract/scopus_id/70349213959"},{"@_fa": "true", "@ref": "author-affiliation", "@href": "https://api.elsevier.com/content/abstract/scopus_id/70349213959?field=author,affiliation"},{"@_fa": "true", "@ref": "scopus", "@href": "https://www.scopus.com/inward/record.uri?partnerID=HzOxMe3b&scp=70349213959&origin=inward"},{"@_fa": "true", "@ref": "scopus-citedby", "@href": "https://www.scopus.com/inward/citedby.uri?partnerID=HzOxMe3b&scp=70349213959&origin=inward"}],"prism:url":"https://api.elsevier.com/content/abstract/scopus_id/70349213959","dc:identifier":"SCOPUS_ID:70349213959","eid":"2-s2.0-70349213959","dc:title":"Look who's talking!: Second thoughts about NGOs as representing civil society","dc:creator":"Holmén H.","prism:publicationName":"Journal of Asian and African Studies","prism:issn":"00219096","prism:eIssn":"17452538","prism:volume":"44","prism:issueIdentifier":"4","prism:pageRange":"429-448","prism:coverDate":"2009-08-01","prism:coverDisplayDate":"August 2009","prism:doi":"10.1177/0021909609105093","citedby-count":"14","affiliation": [{"@_fa": "true", "affilname":"Linköpings universitet","affiliation-city":"Linkoping","affiliation-country":"Sweden"}],"prism:aggregationType":"Journal","subtype":"ar","subtypeDescription":"Article","source-id":"15593","openaccess":"0","openaccessFlag":false},{"@_fa": "true", "link": [{"@_fa": "true", "@ref": "self", "@href": "https://api.elsevier.com/content/abstract/scopus_id/67651250077"},{"@_fa": "true", "@ref": "author-affiliation", "@href": "https://api.elsevier.com/content/abstract/scopus_id/67651250077?field=author,affiliation"},{"@_fa": "true", "@ref": "scopus", "@href": "https://www.scopus.com/inward/record.uri?partnerID=HzOxMe3b&scp=67651250077&origin=inward"},{"@_fa": "true", "@ref": "scopus-citedby", "@href": "https://www.scopus.com/inward/citedby.uri?partnerID=HzOxMe3b&scp=67651250077&origin=inward"}],"prism:url":"https://api.elsevier.com/content/abstract/scopus_id/67651250077","dc:identifier":"SCOPUS_ID:67651250077","eid":"2-s2.0-67651250077","dc:title":"Competitive clientelism in the middle east","dc:creator":"Lust E.","prism:publicationName":"Journal of Democracy","prism:issn":"10455736","prism:volume":"20","prism:issueIdentifier":"3","prism:pageRange":"122-135","prism:coverDate":"2009-07-31","prism:coverDisplayDate":"2009","citedby-count":"84","affiliation": [{"@_fa": "true", "affilname":"Yale University","affiliation-city":"New Haven","affiliation-country":"United States"}],"prism:aggregationType":"Journal","subtype":"ar","subtypeDescription":"Article","source-id":"19877","openaccess":"0","openaccessFlag":false},{"@_fa": "true", "link": [{"@_fa": "true", "@ref": "self", "@href": "https://api.elsevier.com/content/abstract/scopus_id/77449134461"},{"@_fa": "true", "@ref": "author-affiliation", "@href": "https://api.elsevier.com/content/abstract/scopus_id/77449134461?field=author,affiliation"},{"@_fa": "true", "@ref": "scopus", "@href": "https://www.scopus.com/inward/record.uri?partnerID=HzOxMe3b&scp=77449134461&origin=inward"},{"@_fa": "true", "@ref": "scopus-citedby", "@href": "https://www.scopus.com/inward/citedby.uri?partnerID=HzOxMe3b&scp=77449134461&origin=inward"}],"prism:url":"https://api.elsevier.com/content/abstract/scopus_id/77449134461","dc:identifier":"SCOPUS_ID:77449134461","eid":"2-s2.0-77449134461","dc:title":"The Philippines: Predatory regime, growing authoritarian features","dc:creator":"Quimpo N.","prism:publicationName":"Pacific Review","prism:issn":"09512748","prism:eIssn":"14701332","prism:volume":"22","prism:issueIdentifier":"3","prism:pageRange":"335-353","prism:coverDate":"2009-07-01","prism:coverDisplayDate":"July 2009","prism:doi":"10.1080/09512740903068388","citedby-count":"49","affiliation": [{"@_fa": "true", "affilname":"University of Tsukuba","affiliation-city":"Tsukuba","affiliation-country":"Japan"}],"prism:aggregationType":"Journal","subtype":"ar","subtypeDescription":"Article","source-id":"80321","openaccess":"0","openaccessFlag":false},{"@_fa": "true", "link": [{"@_fa": "true", "@ref": "self", "@href": "https://api.elsevier.com/content/abstract/scopus_id/70349332883"},{"@_fa": "true", "@ref": "author-affiliation", "@href": "https://api.elsevier.com/content/abstract/scopus_id/70349332883?field=author,affiliation"},{"@_fa": "true", "@ref": "scopus", "@href": "https://www.scopus.com/inward/record.uri?partnerID=HzOxMe3b&scp=70349332883&origin=inward"},{"@_fa": "true", "@ref": "scopus-citedby", "@href": "https://www.scopus.com/inward/citedby.uri?partnerID=HzOxMe3b&scp=70349332883&origin=inward"}],"prism:url":"https://api.elsevier.com/content/abstract/scopus_id/70349332883","dc:identifier":"SCOPUS_ID:70349332883","eid":"2-s2.0-70349332883","dc:title":"Market reform as a stimulus to particularistic politics","dc:creator":"McMann K.","prism:publicationName":"Comparative Political Studies","prism:issn":"00104140","prism:eIssn":"15523829","prism:volume":"42","prism:issueIdentifier":"7","prism:pageRange":"971-994","prism:coverDate":"2009-07-01","prism:coverDisplayDate":"July 2009","prism:doi":"10.1177/0010414008330601","citedby-count":"9","affiliation": [{"@_fa": "true", "affilname":"Case Western Reserve University","affiliation-city":"Cleveland","affiliation-country":"United States"}],"prism:aggregationType":"Journal","subtype":"ar","subtypeDescription":"Article","source-id":"13447","openaccess":"0","openaccessFlag":false},{"@_fa": "true", "link": [{"@_fa": "true", "@ref": "self", "@href": "https://api.elsevier.com/content/abstract/scopus_id/70449393801"},{"@_fa": "true", "@ref": "author-affiliation", "@href": "https://api.elsevier.com/content/abstract/scopus_id/70449393801?field=author,affiliation"},{"@_fa": "true", "@ref": "scopus", "@href": "https://www.scopus.com/inward/record.uri?partnerID=HzOxMe3b&scp=70449393801&origin=inward"},{"@_fa": "true", "@ref": "scopus-citedby", "@href": "https://www.scopus.com/inward/citedby.uri?partnerID=HzOxMe3b&scp=70449393801&origin=inward"}],"prism:url":"https://api.elsevier.com/content/abstract/scopus_id/70449393801","dc:identifier":"SCOPUS_ID:70449393801","eid":"2-s2.0-70449393801","dc:title":"Regeneration and economic development in greece: De-industrialisation and uneven development","dc:creator":"Liddle J.","prism:publicationName":"Local Government Studies","prism:issn":"03003930","prism:eIssn":"17439388","prism:volume":"35","prism:issueIdentifier":"3","prism:pageRange":"335-354","prism:coverDate":"2009-06-01","prism:coverDisplayDate":"June 2009","prism:doi":"10.1080/03003930902999472","pii":"912714805","citedby-count":"6","affiliation": [{"@_fa": "true", "affilname":"University of Nottingham","affiliation-city":"Nottingham","affiliation-country":"United Kingdom"}],"prism:aggregationType":"Journal","subtype":"ar","subtypeDescription":"Article","source-id":"18224","openaccess":"0","openaccessFlag":false},{"@_fa": "true", "link": [{"@_fa": "true", "@ref": "self", "@href": "https://api.elsevier.com/content/abstract/scopus_id/65249108176"},{"@_fa": "true", "@ref": "author-affiliation", "@href": "https://api.elsevier.com/content/abstract/scopus_id/65249108176?field=author,affiliation"},{"@_fa": "true", "@ref": "scopus", "@href": "https://www.scopus.com/inward/record.uri?partnerID=HzOxMe3b&scp=65249108176&origin=inward"},{"@_fa": "true", "@ref": "scopus-citedby", "@href": "https://www.scopus.com/inward/citedby.uri?partnerID=HzOxMe3b&scp=65249108176&origin=inward"}],"prism:url":"https://api.elsevier.com/content/abstract/scopus_id/65249108176","dc:identifier":"SCOPUS_ID:65249108176","eid":"2-s2.0-65249108176","dc:title":"Clientelism versus ideology: Problems of party development in brazil","dc:creator":"Epstein D.","prism:publicationName":"Party Politics","prism:issn":"13540688","prism:eIssn":"14603683","prism:volume":"15","prism:issueIdentifier":"3","prism:pageRange":"335-355","prism:coverDate":"2009-05-01","prism:coverDisplayDate":"May 2009","prism:doi":"10.1177/1354068809102250","citedby-count":"14","affiliation": [{"@_fa": "true", "affilname":"Harvard University","affiliation-city":"Cambridge","affiliation-country":"United States"}],"prism:aggregationType":"Journal","subtype":"ar","subtypeDescription":"Article","source-id":"67863","openaccess":"0","openaccessFlag":false},{"@_fa": "true", "link": [{"@_fa": "true", "@ref": "self", "@href": "https://api.elsevier.com/content/abstract/scopus_id/84921661380"},{"@_fa": "true", "@ref": "author-affiliation", "@href": "https://api.elsevier.com/content/abstract/scopus_id/84921661380?field=author,affiliation"},{"@_fa": "true", "@ref": "scopus", "@href": "https://www.scopus.com/inward/record.uri?partnerID=HzOxMe3b&scp=84921661380&origin=inward"},{"@_fa": "true", "@ref": "scopus-citedby", "@href": "https://www.scopus.com/inward/citedby.uri?partnerID=HzOxMe3b&scp=84921661380&origin=inward"}],"prism:url":"https://api.elsevier.com/content/abstract/scopus_id/84921661380","dc:identifier":"SCOPUS_ID:84921661380","eid":"2-s2.0-84921661380","dc:title":"Social Policy, Democracy, and Citizenship in Southern Europe","dc:creator":"García M.","prism:publicationName":"Democracy and the State in the New Southern Europe","prism:isbn": [{"@_fa": "true", "$" :"9780191708008"},{"@_fa": "true", "$" :"9780199202812"}],"prism:pageRange":null,"prism:coverDate":"2009-05-01","prism:coverDisplayDate":"May 01, 2009","prism:doi":"10.1093/acprof:oso/9780199202812.003.0003","citedby-count":"1","prism:aggregationType":"Book","subtype":"ch","subtypeDescription":"Chapter","source-id":"21100368966","openaccess":"0","openaccessFlag":false},{"@_fa": "true", "link": [{"@_fa": "true", "@ref": "self", "@href": "https://api.elsevier.com/content/abstract/scopus_id/84921647886"},{"@_fa": "true", "@ref": "author-affiliation", "@href": "https://api.elsevier.com/content/abstract/scopus_id/84921647886?field=author,affiliation"},{"@_fa": "true", "@ref": "scopus", "@href": "https://www.scopus.com/inward/record.uri?partnerID=HzOxMe3b&scp=84921647886&origin=inward"},{"@_fa": "true", "@ref": "scopus-citedby", "@href": "https://www.scopus.com/inward/citedby.uri?partnerID=HzOxMe3b&scp=84921647886&origin=inward"}],"prism:url":"https://api.elsevier.com/content/abstract/scopus_id/84921647886","dc:identifier":"SCOPUS_ID:84921647886","eid":"2-s2.0-84921647886","dc:title":"Old Problems and New Challenges: The Enduring and Changing Functions of Southern European State Bureaucracies 1","dc:creator":"Sotiropoulos D.","prism:publicationName":"Democracy and the State in the New Southern Europe","prism:isbn": [{"@_fa": "true", "$" :"9780191708008"},{"@_fa": "true", "$" :"9780199202812"}],"prism:pageRange":null,"prism:coverDate":"2009-05-01","prism:coverDisplayDate":"May 01, 2009","prism:doi":"10.1093/acprof:oso/9780199202812.003.0005","citedby-count":"1","prism:aggregationType":"Book","subtype":"ch","subtypeDescription":"Chapter","source-id":"21100368966","openaccess":"0","openaccessFlag":false},{"@_fa": "true", "link": [{"@_fa": "true", "@ref": "self", "@href": "https://api.elsevier.com/content/abstract/scopus_id/70449570880"},{"@_fa": "true", "@ref": "author-affiliation", "@href": "https://api.elsevier.com/content/abstract/scopus_id/70449570880?field=author,affiliation"},{"@_fa": "true", "@ref": "scopus", "@href": "https://www.scopus.com/inward/record.uri?partnerID=HzOxMe3b&scp=70449570880&origin=inward"},{"@_fa": "true", "@ref": "scopus-citedby", "@href": "https://www.scopus.com/inward/citedby.uri?partnerID=HzOxMe3b&scp=70449570880&origin=inward"}],"prism:url":"https://api.elsevier.com/content/abstract/scopus_id/70449570880","dc:identifier":"SCOPUS_ID:70449570880","eid":"2-s2.0-70449570880","dc:title":"The patrimonial state and inter-ethnic conflicts in Nigeria","dc:creator":"Ikpe U.","prism:publicationName":"Ethnic and Racial Studies","prism:issn":"01419870","prism:eIssn":"14664356","prism:volume":"32","prism:issueIdentifier":"4","prism:pageRange":"679-697","prism:coverDate":"2009-05-01","prism:coverDisplayDate":"May 2009","prism:doi":"10.1080/01419870802246305","pii":"901412799","citedby-count":"6","affiliation": [{"@_fa": "true", "affilname":"University of Uyo","affiliation-city":"Uyo","affiliation-country":"Nigeria"}],"prism:aggregationType":"Journal","subtype":"ar","subtypeDescription":"Article","source-id":"26124","openaccess":"0","openaccessFlag":false}]}}