{"search-results":{"opensearch:totalResults":"117","opensearch:startIndex":"0","opensearch:itemsPerPage":"25","opensearch:Query":{"@role": "request", "@searchTerms": "TITLE-ABS-KEY(\"clientelism\") AND SUBJAREA(SOCI) AND PUBYEAR = 2016", "@startPage": "0"},"link": [{"@_fa": "true", "@ref": "self", "@href": "https://api.elsevier.com/content/search/scopus?start=0&count=25&query=TITLE-ABS-KEY%28%22clientelism%22%29+AND+SUBJAREA%28SOCI%29+AND+PUBYEAR+%3D+2016&apiKey=27d953b4b546791964ebeb768d13e61f&view=STANDARD", "@type": "application/json"},{"@_fa": "true", "@ref": "first", "@href": "https://api.elsevier.com/content/search/scopus?start=0&count=25&query=TITLE-ABS-KEY%28%22clientelism%22%29+AND+SUBJAREA%28SOCI%29+AND+PUBYEAR+%3D+2016&apiKey=27d953b4b546791964ebeb768d13e61f&view=STANDARD", "@type": "application/json"},{"@_fa": "true", "@ref": "next", "@href": "https://api.elsevier.com/content/search/scopus?start=25&count=25&query=TITLE-ABS-KEY%28%22clientelism%22%29+AND+SUBJAREA%28SOCI%29+AND+PUBYEAR+%3D+2016&apiKey=27d953b4b546791964ebeb768d13e61f&view=STANDARD", "@type": "application/json"},{"@_fa": "true", "@ref": "last", "@href": "https://api.elsevier.com/content/search/scopus?start=92&count=25&query=TITLE-ABS-KEY%28%22clientelism%22%29+AND+SUBJAREA%28SOCI%29+AND+PUBYEAR+%3D+2016&apiKey=27d953b4b546791964ebeb768d13e61f&view=STANDARD", "@type": "application/json"}],"entry": [{"@_fa": "true", "link": [{"@_fa": "true", "@ref": "self", "@href": "https://api.elsevier.com/content/abstract/scopus_id/84991794194"},{"@_fa": "true", "@ref": "author-affiliation", "@href": "https://api.elsevier.com/content/abstract/scopus_id/84991794194?field=author,affiliation"},{"@_fa": "true", "@ref": "scopus", "@href": "https://www.scopus.com/inward/record.uri?partnerID=HzOxMe3b&scp=84991794194&origin=inward"},{"@_fa": "true", "@ref": "scopus-citedby", "@href": "https://www.scopus.com/inward/citedby.uri?partnerID=HzOxMe3b&scp=84991794194&origin=inward"},{"@_fa": "true", "@ref": "full-text", "@href": "https://api.elsevier.com/content/article/eid/1-s2.0-S0261379415300950"}],"prism:url":"https://api.elsevier.com/content/abstract/scopus_id/84991794194","dc:identifier":"SCOPUS_ID:84991794194","eid":"2-s2.0-84991794194","dc:title":"Party ideology and clientelistic linkage","dc:creator":"Tzelgov E.","prism:publicationName":"Electoral Studies","prism:issn":"02613794","prism:volume":"44","prism:pageRange":"374-387","prism:coverDate":"2016-12-01","prism:coverDisplayDate":"1 December 2016","prism:doi":"10.1016/j.electstud.2016.08.016","pii":"S0261379415300950","citedby-count":"1","affiliation": [{"@_fa": "true", "affilname":"University of East Anglia","affiliation-city":"Norwich","affiliation-country":"United Kingdom"}],"prism:aggregationType":"Journal","subtype":"ar","subtypeDescription":"Article","source-id":"16114","openaccess":"0","openaccessFlag":false},{"@_fa": "true", "link": [{"@_fa": "true", "@ref": "self", "@href": "https://api.elsevier.com/content/abstract/scopus_id/85051789090"},{"@_fa": "true", "@ref": "author-affiliation", "@href": "https://api.elsevier.com/content/abstract/scopus_id/85051789090?field=author,affiliation"},{"@_fa": "true", "@ref": "scopus", "@href": "https://www.scopus.com/inward/record.uri?partnerID=HzOxMe3b&scp=85051789090&origin=inward"},{"@_fa": "true", "@ref": "scopus-citedby", "@href": "https://www.scopus.com/inward/citedby.uri?partnerID=HzOxMe3b&scp=85051789090&origin=inward"}],"prism:url":"https://api.elsevier.com/content/abstract/scopus_id/85051789090","dc:identifier":"SCOPUS_ID:85051789090","eid":"2-s2.0-85051789090","dc:title":"The strength of interconnectedness between structure and culture: market development in the presence of over-embedded social structure in the lime market of Hui Town","dc:creator":"Fu P.","prism:publicationName":"Journal of Chinese Sociology","prism:eIssn":"21982635","prism:volume":"3","prism:issueIdentifier":"1","prism:pageRange":null,"prism:coverDate":"2016-12-01","prism:coverDisplayDate":"1 December 2016","prism:doi":"10.1186/s40711-016-0046-x","citedby-count":"0","affiliation": [{"@_fa": "true", "affilname":"Huazhong Normal University","affiliation-city":"Wuhan","affiliation-country":"China"}],"prism:aggregationType":"Journal","subtype":"ar","subtypeDescription":"Article","article-number":"25","source-id":"21100873341","openaccess":"1","openaccessFlag":true},{"@_fa": "true", "link": [{"@_fa": "true", "@ref": "self", "@href": "https://api.elsevier.com/content/abstract/scopus_id/85012284416"},{"@_fa": "true", "@ref": "author-affiliation", "@href": "https://api.elsevier.com/content/abstract/scopus_id/85012284416?field=author,affiliation"},{"@_fa": "true", "@ref": "scopus", "@href": "https://www.scopus.com/inward/record.uri?partnerID=HzOxMe3b&scp=85012284416&origin=inward"},{"@_fa": "true", "@ref": "scopus-citedby", "@href": "https://www.scopus.com/inward/citedby.uri?partnerID=HzOxMe3b&scp=85012284416&origin=inward"}],"prism:url":"https://api.elsevier.com/content/abstract/scopus_id/85012284416","dc:identifier":"SCOPUS_ID:85012284416","eid":"2-s2.0-85012284416","dc:title":"Signalling commitment: Political mobilization, public display of support, and party rallies in Argentina","dc:creator":"Szwarcberg M.","prism:publicationName":"Revista de Ciencia Politica","prism:issn":"07161417","prism:eIssn":"0718090X","prism:volume":"36","prism:issueIdentifier":"3","prism:pageRange":"611-630","prism:coverDate":"2016-12-01","prism:coverDisplayDate":"December 2016","prism:doi":"10.4067/S0718-090X2016000300001","citedby-count":"0","affiliation": [{"@_fa": "true", "affilname":"Reed College","affiliation-city":"Portland","affiliation-country":"United States"},{"@_fa": "true", "affilname":"Centro de Investigación y Acción Social (CIAS)","affiliation-city":null,"affiliation-country":"Argentina"}],"prism:aggregationType":"Journal","subtype":"ar","subtypeDescription":"Article","source-id":"5100152922","openaccess":"1","openaccessFlag":true},{"@_fa": "true", "link": [{"@_fa": "true", "@ref": "self", "@href": "https://api.elsevier.com/content/abstract/scopus_id/84994319079"},{"@_fa": "true", "@ref": "author-affiliation", "@href": "https://api.elsevier.com/content/abstract/scopus_id/84994319079?field=author,affiliation"},{"@_fa": "true", "@ref": "scopus", "@href": "https://www.scopus.com/inward/record.uri?partnerID=HzOxMe3b&scp=84994319079&origin=inward"},{"@_fa": "true", "@ref": "scopus-citedby", "@href": "https://www.scopus.com/inward/citedby.uri?partnerID=HzOxMe3b&scp=84994319079&origin=inward"},{"@_fa": "true", "@ref": "full-text", "@href": "https://api.elsevier.com/content/article/eid/1-s2.0-S0261379416301664"}],"prism:url":"https://api.elsevier.com/content/abstract/scopus_id/84994319079","dc:identifier":"SCOPUS_ID:84994319079","eid":"2-s2.0-84994319079","dc:title":"Where is vote buying effective? Evidence from a list experiment in Kenya","dc:creator":"Kramon E.","prism:publicationName":"Electoral Studies","prism:issn":"02613794","prism:volume":"44","prism:pageRange":"397-408","prism:coverDate":"2016-12-01","prism:coverDisplayDate":"1 December 2016","prism:doi":"10.1016/j.electstud.2016.09.006","pii":"S0261379416301664","citedby-count":"3","affiliation": [{"@_fa": "true", "affilname":"George Washington University","affiliation-city":"Washington","affiliation-country":"United States"}],"prism:aggregationType":"Journal","subtype":"ar","subtypeDescription":"Article","source-id":"16114","openaccess":"0","openaccessFlag":false},{"@_fa": "true", "link": [{"@_fa": "true", "@ref": "self", "@href": "https://api.elsevier.com/content/abstract/scopus_id/84992035126"},{"@_fa": "true", "@ref": "author-affiliation", "@href": "https://api.elsevier.com/content/abstract/scopus_id/84992035126?field=author,affiliation"},{"@_fa": "true", "@ref": "scopus", "@href": "https://www.scopus.com/inward/record.uri?partnerID=HzOxMe3b&scp=84992035126&origin=inward"},{"@_fa": "true", "@ref": "scopus-citedby", "@href": "https://www.scopus.com/inward/citedby.uri?partnerID=HzOxMe3b&scp=84992035126&origin=inward"}],"prism:url":"https://api.elsevier.com/content/abstract/scopus_id/84992035126","dc:identifier":"SCOPUS_ID:84992035126","eid":"2-s2.0-84992035126","dc:title":"Do You Have “Connections” at the Courthouse? An Original Survey on Informal Influence and Judicial Rulings in Morocco","dc:creator":"Buehler M.","prism:publicationName":"Political Research Quarterly","prism:issn":"10659129","prism:volume":"69","prism:issueIdentifier":"4","prism:pageRange":"760-772","prism:coverDate":"2016-12-01","prism:coverDisplayDate":"1 December 2016","prism:doi":"10.1177/1065912916662358","citedby-count":"8","affiliation": [{"@_fa": "true", "affilname":"University of Tennessee, Knoxville","affiliation-city":"Knoxville","affiliation-country":"United States"}],"prism:aggregationType":"Journal","subtype":"ar","subtypeDescription":"Article","source-id":"22867","openaccess":"0","openaccessFlag":false},{"@_fa": "true", "link": [{"@_fa": "true", "@ref": "self", "@href": "https://api.elsevier.com/content/abstract/scopus_id/85006952365"},{"@_fa": "true", "@ref": "author-affiliation", "@href": "https://api.elsevier.com/content/abstract/scopus_id/85006952365?field=author,affiliation"},{"@_fa": "true", "@ref": "scopus", "@href": "https://www.scopus.com/inward/record.uri?partnerID=HzOxMe3b&scp=85006952365&origin=inward"},{"@_fa": "true", "@ref": "scopus-citedby", "@href": "https://www.scopus.com/inward/citedby.uri?partnerID=HzOxMe3b&scp=85006952365&origin=inward"}],"prism:url":"https://api.elsevier.com/content/abstract/scopus_id/85006952365","dc:identifier":"SCOPUS_ID:85006952365","eid":"2-s2.0-85006952365","dc:title":"Legislatures and Democratic Development in Africa","dc:creator":"Mattes R.","prism:publicationName":"African Studies Review","prism:issn":"00020206","prism:volume":"59","prism:issueIdentifier":"3","prism:pageRange":"201-215","prism:coverDate":"2016-12-01","prism:coverDisplayDate":"1 December 2016","prism:doi":"10.1017/asr.2016.83","pii":"S0002020616000834","citedby-count":"1","affiliation": [{"@_fa": "true", "affilname":"University of Cape Town","affiliation-city":"Cape Town","affiliation-country":"South Africa"}],"prism:aggregationType":"Journal","subtype":"re","subtypeDescription":"Review","source-id":"26926","openaccess":"1","openaccessFlag":true},{"@_fa": "true", "link": [{"@_fa": "true", "@ref": "self", "@href": "https://api.elsevier.com/content/abstract/scopus_id/85010932012"},{"@_fa": "true", "@ref": "author-affiliation", "@href": "https://api.elsevier.com/content/abstract/scopus_id/85010932012?field=author,affiliation"},{"@_fa": "true", "@ref": "scopus", "@href": "https://www.scopus.com/inward/record.uri?partnerID=HzOxMe3b&scp=85010932012&origin=inward"},{"@_fa": "true", "@ref": "scopus-citedby", "@href": "https://www.scopus.com/inward/citedby.uri?partnerID=HzOxMe3b&scp=85010932012&origin=inward"}],"prism:url":"https://api.elsevier.com/content/abstract/scopus_id/85010932012","dc:identifier":"SCOPUS_ID:85010932012","eid":"2-s2.0-85010932012","dc:title":"A consensus unravels: NREGA and the paradox of rules-based welfare in India","dc:creator":"McCartney M.","prism:publicationName":"European Journal of Development Research","prism:issn":"09578811","prism:eIssn":"17439728","prism:volume":"28","prism:issueIdentifier":"4","prism:pageRange":"588-604","prism:coverDate":"2016-12-01","prism:coverDisplayDate":"1 December 2016","prism:doi":"10.1057/ejdr.2015.32","citedby-count":"4","affiliation": [{"@_fa": "true", "affilname":"University of Oxford","affiliation-city":"Oxford","affiliation-country":"United Kingdom"}],"prism:aggregationType":"Journal","subtype":"ar","subtypeDescription":"Article","source-id":"14175","openaccess":"0","openaccessFlag":false},{"@_fa": "true", "link": [{"@_fa": "true", "@ref": "self", "@href": "https://api.elsevier.com/content/abstract/scopus_id/84959314683"},{"@_fa": "true", "@ref": "author-affiliation", "@href": "https://api.elsevier.com/content/abstract/scopus_id/84959314683?field=author,affiliation"},{"@_fa": "true", "@ref": "scopus", "@href": "https://www.scopus.com/inward/record.uri?partnerID=HzOxMe3b&scp=84959314683&origin=inward"},{"@_fa": "true", "@ref": "scopus-citedby", "@href": "https://www.scopus.com/inward/citedby.uri?partnerID=HzOxMe3b&scp=84959314683&origin=inward"}],"prism:url":"https://api.elsevier.com/content/abstract/scopus_id/84959314683","dc:identifier":"SCOPUS_ID:84959314683","eid":"2-s2.0-84959314683","dc:title":"Political economy of the democrat party: A dual employment of theory and practice","dc:creator":"Osmanbaşoğlu G.","prism:publicationName":"Bilig","prism:issn":"13010549","prism:volume":"76","prism:pageRange":"245-268","prism:coverDate":"2016-12-01","prism:coverDisplayDate":"Winter 2016","citedby-count":"0","affiliation": [{"@_fa": "true", "affilname":"Ankara Üniversitesi","affiliation-city":"Ankara","affiliation-country":"Turkey"}],"prism:aggregationType":"Journal","subtype":"ar","subtypeDescription":"Article","source-id":"5600154145","openaccess":"0","openaccessFlag":false},{"@_fa": "true", "link": [{"@_fa": "true", "@ref": "self", "@href": "https://api.elsevier.com/content/abstract/scopus_id/85006312268"},{"@_fa": "true", "@ref": "author-affiliation", "@href": "https://api.elsevier.com/content/abstract/scopus_id/85006312268?field=author,affiliation"},{"@_fa": "true", "@ref": "scopus", "@href": "https://www.scopus.com/inward/record.uri?partnerID=HzOxMe3b&scp=85006312268&origin=inward"},{"@_fa": "true", "@ref": "scopus-citedby", "@href": "https://www.scopus.com/inward/citedby.uri?partnerID=HzOxMe3b&scp=85006312268&origin=inward"}],"prism:url":"https://api.elsevier.com/content/abstract/scopus_id/85006312268","dc:identifier":"SCOPUS_ID:85006312268","eid":"2-s2.0-85006312268","dc:title":"Concession and Secession: Constitutional Bargaining Failure in Post-Communist Czechoslovakia","dc:creator":"Basta K.","prism:publicationName":"Swiss Political Science Review","prism:issn":"14247755","prism:eIssn":"16626370","prism:volume":"22","prism:issueIdentifier":"4","prism:pageRange":"470-490","prism:coverDate":"2016-12-01","prism:coverDisplayDate":"1 December 2016","prism:doi":"10.1111/spsr.12232","citedby-count":"4","affiliation": [{"@_fa": "true", "affilname":"Memorial University of Newfoundland","affiliation-city":"St John's","affiliation-country":"Canada"}],"prism:aggregationType":"Journal","subtype":"ar","subtypeDescription":"Article","source-id":"5700163398","openaccess":"0","openaccessFlag":false},{"@_fa": "true", "link": [{"@_fa": "true", "@ref": "self", "@href": "https://api.elsevier.com/content/abstract/scopus_id/84998772440"},{"@_fa": "true", "@ref": "author-affiliation", "@href": "https://api.elsevier.com/content/abstract/scopus_id/84998772440?field=author,affiliation"},{"@_fa": "true", "@ref": "scopus", "@href": "https://www.scopus.com/inward/record.uri?partnerID=HzOxMe3b&scp=84998772440&origin=inward"},{"@_fa": "true", "@ref": "scopus-citedby", "@href": "https://www.scopus.com/inward/citedby.uri?partnerID=HzOxMe3b&scp=84998772440&origin=inward"}],"prism:url":"https://api.elsevier.com/content/abstract/scopus_id/84998772440","dc:identifier":"SCOPUS_ID:84998772440","eid":"2-s2.0-84998772440","dc:title":"Good gifts, bad gifts, and rights: Cambodian popular perceptions and the 2013 elections","dc:creator":"Norén-Nilsson A.","prism:publicationName":"Pacific Affairs","prism:issn":"0030851X","prism:eIssn":"17153379","prism:volume":"89","prism:issueIdentifier":"4","prism:pageRange":"795-815","prism:coverDate":"2016-12-01","prism:coverDisplayDate":"December 2016","prism:doi":"10.5509/2016894795","citedby-count":"0","affiliation": [{"@_fa": "true", "affilname":"Lunds Universitet","affiliation-city":"Lund","affiliation-country":"Sweden"}],"prism:aggregationType":"Journal","subtype":"ar","subtypeDescription":"Article","source-id":"27390","openaccess":"0","openaccessFlag":false},{"@_fa": "true", "link": [{"@_fa": "true", "@ref": "self", "@href": "https://api.elsevier.com/content/abstract/scopus_id/84946607034"},{"@_fa": "true", "@ref": "author-affiliation", "@href": "https://api.elsevier.com/content/abstract/scopus_id/84946607034?field=author,affiliation"},{"@_fa": "true", "@ref": "scopus", "@href": "https://www.scopus.com/inward/record.uri?partnerID=HzOxMe3b&scp=84946607034&origin=inward"},{"@_fa": "true", "@ref": "scopus-citedby", "@href": "https://www.scopus.com/inward/citedby.uri?partnerID=HzOxMe3b&scp=84946607034&origin=inward"}],"prism:url":"https://api.elsevier.com/content/abstract/scopus_id/84946607034","dc:identifier":"SCOPUS_ID:84946607034","eid":"2-s2.0-84946607034","dc:title":"Clientelism and economic policy: hybrid characteristics of collective action in Greece","dc:creator":"Trantidis A.","prism:publicationName":"Journal of European Public Policy","prism:issn":"13501763","prism:eIssn":"14664429","prism:volume":"23","prism:issueIdentifier":"10","prism:pageRange":"1460-1480","prism:coverDate":"2016-11-25","prism:coverDisplayDate":"25 November 2016","prism:doi":"10.1080/13501763.2015.1088564","citedby-count":"3","affiliation": [{"@_fa": "true", "affilname":"King's College London","affiliation-city":"London","affiliation-country":"United Kingdom"}],"prism:aggregationType":"Journal","subtype":"ar","subtypeDescription":"Article","source-id":"19878","openaccess":"0","openaccessFlag":false},{"@_fa": "true", "link": [{"@_fa": "true", "@ref": "self", "@href": "https://api.elsevier.com/content/abstract/scopus_id/85009070611"},{"@_fa": "true", "@ref": "author-affiliation", "@href": "https://api.elsevier.com/content/abstract/scopus_id/85009070611?field=author,affiliation"},{"@_fa": "true", "@ref": "scopus", "@href": "https://www.scopus.com/inward/record.uri?partnerID=HzOxMe3b&scp=85009070611&origin=inward"},{"@_fa": "true", "@ref": "scopus-citedby", "@href": "https://www.scopus.com/inward/citedby.uri?partnerID=HzOxMe3b&scp=85009070611&origin=inward"}],"prism:url":"https://api.elsevier.com/content/abstract/scopus_id/85009070611","dc:identifier":"SCOPUS_ID:85009070611","eid":"2-s2.0-85009070611","dc:title":"The state of property development in Turkey: Facts and comparisons","dc:creator":"Demiralp S.","prism:publicationName":"New Perspectives on Turkey","prism:issn":"13053299","prism:volume":"55","prism:pageRange":"85-106","prism:coverDate":"2016-11-01","prism:coverDisplayDate":"1 November 2016","prism:doi":"10.1017/npt.2016.3","pii":"S0896634616000030","citedby-count":"3","affiliation": [{"@_fa": "true", "affilname":"Işlk University","affiliation-city":"Istanbul","affiliation-country":"Turkey"}],"prism:aggregationType":"Journal","subtype":"re","subtypeDescription":"Review","source-id":"17018","openaccess":"0","openaccessFlag":false},{"@_fa": "true", "link": [{"@_fa": "true", "@ref": "self", "@href": "https://api.elsevier.com/content/abstract/scopus_id/85000419797"},{"@_fa": "true", "@ref": "author-affiliation", "@href": "https://api.elsevier.com/content/abstract/scopus_id/85000419797?field=author,affiliation"},{"@_fa": "true", "@ref": "scopus", "@href": "https://www.scopus.com/inward/record.uri?partnerID=HzOxMe3b&scp=85000419797&origin=inward"},{"@_fa": "true", "@ref": "scopus-citedby", "@href": "https://www.scopus.com/inward/citedby.uri?partnerID=HzOxMe3b&scp=85000419797&origin=inward"}],"prism:url":"https://api.elsevier.com/content/abstract/scopus_id/85000419797","dc:identifier":"SCOPUS_ID:85000419797","eid":"2-s2.0-85000419797","dc:title":"The notabile as actor and model of Italian politics","dc:creator":"Musella L.","prism:publicationName":"Journal of Modern Italian Studies","prism:issn":"1354571X","prism:volume":"21","prism:issueIdentifier":"5","prism:pageRange":"707-722","prism:coverDate":"2016-10-19","prism:coverDisplayDate":"19 October 2016","prism:doi":"10.1080/1354571X.2016.1242258","citedby-count":"0","affiliation": [{"@_fa": "true", "affilname":"Università degli Studi di Napoli Federico II","affiliation-city":"Naples","affiliation-country":"Italy"}],"prism:aggregationType":"Journal","subtype":"ar","subtypeDescription":"Article","source-id":"15693","openaccess":"0","openaccessFlag":false},{"@_fa": "true", "link": [{"@_fa": "true", "@ref": "self", "@href": "https://api.elsevier.com/content/abstract/scopus_id/84958528189"},{"@_fa": "true", "@ref": "author-affiliation", "@href": "https://api.elsevier.com/content/abstract/scopus_id/84958528189?field=author,affiliation"},{"@_fa": "true", "@ref": "scopus", "@href": "https://www.scopus.com/inward/record.uri?partnerID=HzOxMe3b&scp=84958528189&origin=inward"},{"@_fa": "true", "@ref": "scopus-citedby", "@href": "https://www.scopus.com/inward/citedby.uri?partnerID=HzOxMe3b&scp=84958528189&origin=inward"}],"prism:url":"https://api.elsevier.com/content/abstract/scopus_id/84958528189","dc:identifier":"SCOPUS_ID:84958528189","eid":"2-s2.0-84958528189","dc:title":"Spokes or strokes? Clientelism and cycling funding in Ireland","dc:creator":"Manton R.","prism:publicationName":"Irish Political Studies","prism:issn":"07907184","prism:eIssn":"17439078","prism:volume":"31","prism:issueIdentifier":"4","prism:pageRange":"443-460","prism:coverDate":"2016-10-01","prism:coverDisplayDate":"1 October 2016","prism:doi":"10.1080/07907184.2016.1141766","citedby-count":"1","affiliation": [{"@_fa": "true", "affilname":"National University of Ireland Galway","affiliation-city":"Galway","affiliation-country":"Ireland"}],"prism:aggregationType":"Journal","subtype":"ar","subtypeDescription":"Article","source-id":"5800170866","openaccess":"0","openaccessFlag":false},{"@_fa": "true", "link": [{"@_fa": "true", "@ref": "self", "@href": "https://api.elsevier.com/content/abstract/scopus_id/84988476363"},{"@_fa": "true", "@ref": "author-affiliation", "@href": "https://api.elsevier.com/content/abstract/scopus_id/84988476363?field=author,affiliation"},{"@_fa": "true", "@ref": "scopus", "@href": "https://www.scopus.com/inward/record.uri?partnerID=HzOxMe3b&scp=84988476363&origin=inward"},{"@_fa": "true", "@ref": "scopus-citedby", "@href": "https://www.scopus.com/inward/citedby.uri?partnerID=HzOxMe3b&scp=84988476363&origin=inward"}],"prism:url":"https://api.elsevier.com/content/abstract/scopus_id/84988476363","dc:identifier":"SCOPUS_ID:84988476363","eid":"2-s2.0-84988476363","dc:title":"Distrust in Utopia? Public Perceptions of Corruption and Political Support in Iceland before and after the Financial Crisis of 2008","dc:creator":"Erlingsson G.","prism:publicationName":"Government and Opposition","prism:issn":"0017257X","prism:eIssn":"14777053","prism:volume":"51","prism:issueIdentifier":"4","prism:pageRange":"553-579","prism:coverDate":"2016-10-01","prism:coverDisplayDate":"1 October 2016","prism:doi":"10.1017/gov.2014.46","pii":"S0017257X14000463","citedby-count":"2","affiliation": [{"@_fa": "true", "affilname":"Linköpings universitet","affiliation-city":"Linkoping","affiliation-country":"Sweden"}],"prism:aggregationType":"Journal","subtype":"re","subtypeDescription":"Review","source-id":"19089","openaccess":"0","openaccessFlag":false},{"@_fa": "true", "link": [{"@_fa": "true", "@ref": "self", "@href": "https://api.elsevier.com/content/abstract/scopus_id/84987819724"},{"@_fa": "true", "@ref": "author-affiliation", "@href": "https://api.elsevier.com/content/abstract/scopus_id/84987819724?field=author,affiliation"},{"@_fa": "true", "@ref": "scopus", "@href": "https://www.scopus.com/inward/record.uri?partnerID=HzOxMe3b&scp=84987819724&origin=inward"},{"@_fa": "true", "@ref": "scopus-citedby", "@href": "https://www.scopus.com/inward/citedby.uri?partnerID=HzOxMe3b&scp=84987819724&origin=inward"}],"prism:url":"https://api.elsevier.com/content/abstract/scopus_id/84987819724","dc:identifier":"SCOPUS_ID:84987819724","eid":"2-s2.0-84987819724","dc:title":"E-campaigning on Twitter: The effectiveness of distributive promises and negative campaign in the 2013 Italian election","dc:creator":"Ceron A.","prism:publicationName":"New Media and Society","prism:issn":"14614448","prism:eIssn":"14617315","prism:volume":"18","prism:issueIdentifier":"9","prism:pageRange":"1935-1955","prism:coverDate":"2016-10-01","prism:coverDisplayDate":"1 October 2016","prism:doi":"10.1177/1461444815571915","citedby-count":"30","affiliation": [{"@_fa": "true", "affilname":"Università degli Studi di Milano","affiliation-city":"Milan","affiliation-country":"Italy"}],"prism:aggregationType":"Journal","subtype":"ar","subtypeDescription":"Article","source-id":"16306","openaccess":"0","openaccessFlag":false},{"@_fa": "true", "link": [{"@_fa": "true", "@ref": "self", "@href": "https://api.elsevier.com/content/abstract/scopus_id/85011385262"},{"@_fa": "true", "@ref": "author-affiliation", "@href": "https://api.elsevier.com/content/abstract/scopus_id/85011385262?field=author,affiliation"},{"@_fa": "true", "@ref": "scopus", "@href": "https://www.scopus.com/inward/record.uri?partnerID=HzOxMe3b&scp=85011385262&origin=inward"},{"@_fa": "true", "@ref": "scopus-citedby", "@href": "https://www.scopus.com/inward/citedby.uri?partnerID=HzOxMe3b&scp=85011385262&origin=inward"}],"prism:url":"https://api.elsevier.com/content/abstract/scopus_id/85011385262","dc:identifier":"SCOPUS_ID:85011385262","eid":"2-s2.0-85011385262","dc:title":"“Land belongs to the people of Uganda”: politicians’ use of land issues in the 2016 election campaigns","dc:creator":"Meinert L.","prism:publicationName":"Journal of Eastern African Studies","prism:issn":"17531055","prism:eIssn":"17531063","prism:volume":"10","prism:issueIdentifier":"4","prism:pageRange":"769-788","prism:coverDate":"2016-10-01","prism:coverDisplayDate":"1 October 2016","prism:doi":"10.1080/17531055.2016.1274251","citedby-count":"3","affiliation": [{"@_fa": "true", "affilname":"Aarhus Universitet","affiliation-city":"Aarhus","affiliation-country":"Denmark"}],"prism:aggregationType":"Journal","subtype":"ar","subtypeDescription":"Article","source-id":"17900156739","openaccess":"0","openaccessFlag":false},{"@_fa": "true", "link": [{"@_fa": "true", "@ref": "self", "@href": "https://api.elsevier.com/content/abstract/scopus_id/84997334731"},{"@_fa": "true", "@ref": "author-affiliation", "@href": "https://api.elsevier.com/content/abstract/scopus_id/84997334731?field=author,affiliation"},{"@_fa": "true", "@ref": "scopus", "@href": "https://www.scopus.com/inward/record.uri?partnerID=HzOxMe3b&scp=84997334731&origin=inward"},{"@_fa": "true", "@ref": "scopus-citedby", "@href": "https://www.scopus.com/inward/citedby.uri?partnerID=HzOxMe3b&scp=84997334731&origin=inward"}],"prism:url":"https://api.elsevier.com/content/abstract/scopus_id/84997334731","dc:identifier":"SCOPUS_ID:84997334731","eid":"2-s2.0-84997334731","dc:title":"Religion and politics in contemporary senegal","dc:creator":"Gifford P.","prism:publicationName":"African Affairs","prism:issn":"00019909","prism:eIssn":"14682621","prism:volume":"115","prism:issueIdentifier":"461","prism:pageRange":"688-709","prism:coverDate":"2016-10-01","prism:coverDisplayDate":"1 October 2016","prism:doi":"10.1093/afraf/adw047","citedby-count":"4","affiliation": [{"@_fa": "true", "affilname":"SOAS University of London","affiliation-city":"London","affiliation-country":"United Kingdom"}],"prism:aggregationType":"Journal","subtype":"ar","subtypeDescription":"Article","source-id":"15039","openaccess":"0","openaccessFlag":false},{"@_fa": "true", "link": [{"@_fa": "true", "@ref": "self", "@href": "https://api.elsevier.com/content/abstract/scopus_id/85011391982"},{"@_fa": "true", "@ref": "author-affiliation", "@href": "https://api.elsevier.com/content/abstract/scopus_id/85011391982?field=author,affiliation"},{"@_fa": "true", "@ref": "scopus", "@href": "https://www.scopus.com/inward/record.uri?partnerID=HzOxMe3b&scp=85011391982&origin=inward"},{"@_fa": "true", "@ref": "scopus-citedby", "@href": "https://www.scopus.com/inward/citedby.uri?partnerID=HzOxMe3b&scp=85011391982&origin=inward"}],"prism:url":"https://api.elsevier.com/content/abstract/scopus_id/85011391982","dc:identifier":"SCOPUS_ID:85011391982","eid":"2-s2.0-85011391982","dc:title":"Partisan defections in contemporary Uganda: the micro-dynamics of hegemonic party-building","dc:creator":"Perrot S.","prism:publicationName":"Journal of Eastern African Studies","prism:issn":"17531055","prism:eIssn":"17531063","prism:volume":"10","prism:issueIdentifier":"4","prism:pageRange":"713-728","prism:coverDate":"2016-10-01","prism:coverDisplayDate":"1 October 2016","prism:doi":"10.1080/17531055.2016.1278325","citedby-count":"1","affiliation": [{"@_fa": "true", "affilname":"Centre de Recherches Internationales Sciences Po","affiliation-city":"Paris","affiliation-country":"France"}],"prism:aggregationType":"Journal","subtype":"ar","subtypeDescription":"Article","source-id":"17900156739","openaccess":"0","openaccessFlag":false},{"@_fa": "true", "link": [{"@_fa": "true", "@ref": "self", "@href": "https://api.elsevier.com/content/abstract/scopus_id/85011324182"},{"@_fa": "true", "@ref": "author-affiliation", "@href": "https://api.elsevier.com/content/abstract/scopus_id/85011324182?field=author,affiliation"},{"@_fa": "true", "@ref": "scopus", "@href": "https://www.scopus.com/inward/record.uri?partnerID=HzOxMe3b&scp=85011324182&origin=inward"},{"@_fa": "true", "@ref": "scopus-citedby", "@href": "https://www.scopus.com/inward/citedby.uri?partnerID=HzOxMe3b&scp=85011324182&origin=inward"}],"prism:url":"https://api.elsevier.com/content/abstract/scopus_id/85011324182","dc:identifier":"SCOPUS_ID:85011324182","eid":"2-s2.0-85011324182","dc:title":"Who pays for pakalast? The NRM’s peripheral patronage in rural Uganda","dc:creator":"Wilkins S.","prism:publicationName":"Journal of Eastern African Studies","prism:issn":"17531055","prism:eIssn":"17531063","prism:volume":"10","prism:issueIdentifier":"4","prism:pageRange":"619-638","prism:coverDate":"2016-10-01","prism:coverDisplayDate":"1 October 2016","prism:doi":"10.1080/17531055.2016.1278323","citedby-count":"3","affiliation": [{"@_fa": "true", "affilname":"University of Oxford","affiliation-city":"Oxford","affiliation-country":"United Kingdom"}],"prism:aggregationType":"Journal","subtype":"ar","subtypeDescription":"Article","source-id":"17900156739","openaccess":"1","openaccessFlag":true},{"@_fa": "true", "link": [{"@_fa": "true", "@ref": "self", "@href": "https://api.elsevier.com/content/abstract/scopus_id/85053276954"},{"@_fa": "true", "@ref": "author-affiliation", "@href": "https://api.elsevier.com/content/abstract/scopus_id/85053276954?field=author,affiliation"},{"@_fa": "true", "@ref": "scopus", "@href": "https://www.scopus.com/inward/record.uri?partnerID=HzOxMe3b&scp=85053276954&origin=inward"},{"@_fa": "true", "@ref": "scopus-citedby", "@href": "https://www.scopus.com/inward/citedby.uri?partnerID=HzOxMe3b&scp=85053276954&origin=inward"}],"prism:url":"https://api.elsevier.com/content/abstract/scopus_id/85053276954","dc:identifier":"SCOPUS_ID:85053276954","eid":"2-s2.0-85053276954","dc:title":"The demand side of clientelism in Mexico: Analyzing the “client” identity in recent elections","dc:creator":"Muro C.","prism:publicationName":"Estudios Sociologicos","prism:issn":"01854186","prism:eIssn":"24486442","prism:volume":"34","prism:issueIdentifier":"102","prism:pageRange":"503-535","prism:coverDate":"2016-09-01","prism:coverDisplayDate":"September-December 2016","citedby-count":"0","affiliation": [{"@_fa": "true", "affilname":"Universidad de Colima","affiliation-city":"Colima","affiliation-country":"Mexico"}],"prism:aggregationType":"Journal","subtype":"re","subtypeDescription":"Review","source-id":"14377","openaccess":"0","openaccessFlag":false},{"@_fa": "true", "link": [{"@_fa": "true", "@ref": "self", "@href": "https://api.elsevier.com/content/abstract/scopus_id/85048089518"},{"@_fa": "true", "@ref": "author-affiliation", "@href": "https://api.elsevier.com/content/abstract/scopus_id/85048089518?field=author,affiliation"},{"@_fa": "true", "@ref": "scopus", "@href": "https://www.scopus.com/inward/record.uri?partnerID=HzOxMe3b&scp=85048089518&origin=inward"},{"@_fa": "true", "@ref": "scopus-citedby", "@href": "https://www.scopus.com/inward/citedby.uri?partnerID=HzOxMe3b&scp=85048089518&origin=inward"}],"prism:url":"https://api.elsevier.com/content/abstract/scopus_id/85048089518","dc:identifier":"SCOPUS_ID:85048089518","eid":"2-s2.0-85048089518","dc:title":"The price of a vote in the Middle East: Clientelism and communal politics in Lebanon and Yemen","dc:creator":"Corstange D.","prism:publicationName":"The Price of a Vote in the Middle East: Clientelism and Communal Politics in Lebanon and Yemen","prism:isbn": [{"@_fa": "true", "$" :"9781316227169"},{"@_fa": "true", "$" :"9781107106673"}],"prism:pageRange":"1-256","prism:coverDate":"2016-09-01","prism:coverDisplayDate":"1 September 2016","prism:doi":"10.1017/CBO9781316227169","citedby-count":"18","affiliation": [{"@_fa": "true", "affilname":"Columbia University in the City of New York","affiliation-city":"New York","affiliation-country":"United States"}],"prism:aggregationType":"Book","subtype":"bk","subtypeDescription":"Book","source-id":"21100863240","openaccess":"0","openaccessFlag":false},{"@_fa": "true", "link": [{"@_fa": "true", "@ref": "self", "@href": "https://api.elsevier.com/content/abstract/scopus_id/84953439682"},{"@_fa": "true", "@ref": "author-affiliation", "@href": "https://api.elsevier.com/content/abstract/scopus_id/84953439682?field=author,affiliation"},{"@_fa": "true", "@ref": "scopus", "@href": "https://www.scopus.com/inward/record.uri?partnerID=HzOxMe3b&scp=84953439682&origin=inward"},{"@_fa": "true", "@ref": "scopus-citedby", "@href": "https://www.scopus.com/inward/citedby.uri?partnerID=HzOxMe3b&scp=84953439682&origin=inward"}],"prism:url":"https://api.elsevier.com/content/abstract/scopus_id/84953439682","dc:identifier":"SCOPUS_ID:84953439682","eid":"2-s2.0-84953439682","dc:title":"Co-optation &amp; Clientelism: Nested Distributive Politics in China’s Single-Party Dictatorship","dc:creator":"Ang Y.","prism:publicationName":"Studies in Comparative International Development","prism:issn":"00393606","prism:volume":"51","prism:issueIdentifier":"3","prism:pageRange":"235-256","prism:coverDate":"2016-09-01","prism:coverDisplayDate":"1 September 2016","prism:doi":"10.1007/s12116-015-9208-0","citedby-count":"3","affiliation": [{"@_fa": "true", "affilname":"University of Michigan, Ann Arbor","affiliation-city":"Ann Arbor","affiliation-country":"United States"}],"prism:aggregationType":"Journal","subtype":"ar","subtypeDescription":"Article","source-id":"26587","openaccess":"0","openaccessFlag":false},{"@_fa": "true", "link": [{"@_fa": "true", "@ref": "self", "@href": "https://api.elsevier.com/content/abstract/scopus_id/84964043658"},{"@_fa": "true", "@ref": "author-affiliation", "@href": "https://api.elsevier.com/content/abstract/scopus_id/84964043658?field=author,affiliation"},{"@_fa": "true", "@ref": "scopus", "@href": "https://www.scopus.com/inward/record.uri?partnerID=HzOxMe3b&scp=84964043658&origin=inward"},{"@_fa": "true", "@ref": "scopus-citedby", "@href": "https://www.scopus.com/inward/citedby.uri?partnerID=HzOxMe3b&scp=84964043658&origin=inward"}],"prism:url":"https://api.elsevier.com/content/abstract/scopus_id/84964043658","dc:identifier":"SCOPUS_ID:84964043658","eid":"2-s2.0-84964043658","dc:title":"Clientelism and Political Participation: Case Study of the Chinese tongxianghui in Macao SAR Elections","dc:creator":"Chong E.","prism:publicationName":"Journal of Chinese Political Science","prism:issn":"10806954","prism:eIssn":"18746357","prism:volume":"21","prism:issueIdentifier":"3","prism:pageRange":"371-392","prism:coverDate":"2016-09-01","prism:coverDisplayDate":"1 September 2016","prism:doi":"10.1007/s11366-016-9402-6","citedby-count":"3","affiliation": [{"@_fa": "true", "affilname":"The Education University of Hong Kong","affiliation-city":"Hong Kong","affiliation-country":"China"}],"prism:aggregationType":"Journal","subtype":"ar","subtypeDescription":"Article","source-id":"5700166813","openaccess":"0","openaccessFlag":false},{"@_fa": "true", "link": [{"@_fa": "true", "@ref": "self", "@href": "https://api.elsevier.com/content/abstract/scopus_id/85009260527"},{"@_fa": "true", "@ref": "author-affiliation", "@href": "https://api.elsevier.com/content/abstract/scopus_id/85009260527?field=author,affiliation"},{"@_fa": "true", "@ref": "scopus", "@href": "https://www.scopus.com/inward/record.uri?partnerID=HzOxMe3b&scp=85009260527&origin=inward"},{"@_fa": "true", "@ref": "scopus-citedby", "@href": "https://www.scopus.com/inward/citedby.uri?partnerID=HzOxMe3b&scp=85009260527&origin=inward"}],"prism:url":"https://api.elsevier.com/content/abstract/scopus_id/85009260527","dc:identifier":"SCOPUS_ID:85009260527","eid":"2-s2.0-85009260527","dc:title":"Why is Public Policy for Affordable Housing in India Changing So Slowly: Explaining Institutional Inertia","dc:creator":"Ram P.","prism:publicationName":"Environment and Urbanization ASIA","prism:issn":"09754253","prism:eIssn":"09763546","prism:volume":"7","prism:issueIdentifier":"2","prism:pageRange":"177-195","prism:coverDate":"2016-09-01","prism:coverDisplayDate":"1 September 2016","prism:doi":"10.1177/0975425316664634","citedby-count":"1","affiliation": [{"@_fa": "true", "affilname":"University of Cambridge","affiliation-city":"Cambridge","affiliation-country":"United Kingdom"}],"prism:aggregationType":"Journal","subtype":"ar","subtypeDescription":"Article","source-id":"21100274341","openaccess":"0","openaccessFlag":false}]}}