{"search-results":{"opensearch:totalResults":"6","opensearch:startIndex":"0","opensearch:itemsPerPage":"6","opensearch:Query":{"@role": "request", "@searchTerms": "TITLE-ABS-KEY(\"clientelism\") AND SUBJAREA(SOCI) AND PUBYEAR = 1998", "@startPage": "0"},"link": [{"@_fa": "true", "@ref": "self", "@href": "https://api.elsevier.com/content/search/scopus?start=0&count=25&query=TITLE-ABS-KEY%28%22clientelism%22%29+AND+SUBJAREA%28SOCI%29+AND+PUBYEAR+%3D+1998&apiKey=27d953b4b546791964ebeb768d13e61f&view=STANDARD", "@type": "application/json"},{"@_fa": "true", "@ref": "first", "@href": "https://api.elsevier.com/content/search/scopus?start=0&count=25&query=TITLE-ABS-KEY%28%22clientelism%22%29+AND+SUBJAREA%28SOCI%29+AND+PUBYEAR+%3D+1998&apiKey=27d953b4b546791964ebeb768d13e61f&view=STANDARD", "@type": "application/json"}],"entry": [{"@_fa": "true", "link": [{"@_fa": "true", "@ref": "self", "@href": "https://api.elsevier.com/content/abstract/scopus_id/0032360858"},{"@_fa": "true", "@ref": "author-affiliation", "@href": "https://api.elsevier.com/content/abstract/scopus_id/0032360858?field=author,affiliation"},{"@_fa": "true", "@ref": "scopus", "@href": "https://www.scopus.com/inward/record.uri?partnerID=HzOxMe3b&scp=0032360858&origin=inward"},{"@_fa": "true", "@ref": "scopus-citedby", "@href": "https://www.scopus.com/inward/citedby.uri?partnerID=HzOxMe3b&scp=0032360858&origin=inward"}],"prism:url":"https://api.elsevier.com/content/abstract/scopus_id/0032360858","dc:identifier":"SCOPUS_ID:0032360858","eid":"2-s2.0-0032360858","dc:title":"Mass higher education and the social sciences in Greece","dc:creator":"Petmesidou M.","prism:publicationName":"International Sociology","prism:issn":"02685809","prism:volume":"13","prism:issueIdentifier":"3","prism:pageRange":"359-383","prism:coverDate":"1998-09-01","prism:coverDisplayDate":"September 1998","citedby-count":"2","prism:aggregationType":"Journal","subtype":"ar","subtypeDescription":"Article","source-id":"15532","openaccess":"0","openaccessFlag":false},{"@_fa": "true", "link": [{"@_fa": "true", "@ref": "self", "@href": "https://api.elsevier.com/content/abstract/scopus_id/0032194893"},{"@_fa": "true", "@ref": "author-affiliation", "@href": "https://api.elsevier.com/content/abstract/scopus_id/0032194893?field=author,affiliation"},{"@_fa": "true", "@ref": "scopus", "@href": "https://www.scopus.com/inward/record.uri?partnerID=HzOxMe3b&scp=0032194893&origin=inward"},{"@_fa": "true", "@ref": "scopus-citedby", "@href": "https://www.scopus.com/inward/citedby.uri?partnerID=HzOxMe3b&scp=0032194893&origin=inward"}],"prism:url":"https://api.elsevier.com/content/abstract/scopus_id/0032194893","dc:identifier":"SCOPUS_ID:0032194893","eid":"2-s2.0-0032194893","dc:title":"Clientelism, political culture and ethnic politics in Australia","dc:creator":"Zappalà G.","prism:publicationName":"Australian Journal of Political Science","prism:issn":"10361146","prism:volume":"33","prism:issueIdentifier":"3","prism:pageRange":"381-397","prism:coverDate":"1998-01-01","prism:coverDisplayDate":"November 1998","prism:doi":"10.1080/10361149850534","citedby-count":"14","prism:aggregationType":"Journal","subtype":"ar","subtypeDescription":"Article","source-id":"15731","openaccess":"0","openaccessFlag":false},{"@_fa": "true", "link": [{"@_fa": "true", "@ref": "self", "@href": "https://api.elsevier.com/content/abstract/scopus_id/0032283968"},{"@_fa": "true", "@ref": "author-affiliation", "@href": "https://api.elsevier.com/content/abstract/scopus_id/0032283968?field=author,affiliation"},{"@_fa": "true", "@ref": "scopus", "@href": "https://www.scopus.com/inward/record.uri?partnerID=HzOxMe3b&scp=0032283968&origin=inward"},{"@_fa": "true", "@ref": "scopus-citedby", "@href": "https://www.scopus.com/inward/citedby.uri?partnerID=HzOxMe3b&scp=0032283968&origin=inward"}],"prism:url":"https://api.elsevier.com/content/abstract/scopus_id/0032283968","dc:identifier":"SCOPUS_ID:0032283968","eid":"2-s2.0-0032283968","dc:title":"From clientelism to cooperation: Local government, participatory policy, and civic organizing in Porto Alegre, Brazil","dc:creator":"Abers R.","prism:publicationName":"Politics and Society","prism:issn":"00323292","prism:volume":"26","prism:issueIdentifier":"4","prism:pageRange":"511-537","prism:coverDate":"1998-01-01","prism:coverDisplayDate":"December 1998","prism:doi":"10.1177/0032329298026004004","citedby-count":"153","prism:aggregationType":"Journal","subtype":"re","subtypeDescription":"Review","source-id":"23439","openaccess":"0","openaccessFlag":false},{"@_fa": "true", "link": [{"@_fa": "true", "@ref": "self", "@href": "https://api.elsevier.com/content/abstract/scopus_id/0346906083"},{"@_fa": "true", "@ref": "author-affiliation", "@href": "https://api.elsevier.com/content/abstract/scopus_id/0346906083?field=author,affiliation"},{"@_fa": "true", "@ref": "scopus", "@href": "https://www.scopus.com/inward/record.uri?partnerID=HzOxMe3b&scp=0346906083&origin=inward"},{"@_fa": "true", "@ref": "scopus-citedby", "@href": "https://www.scopus.com/inward/citedby.uri?partnerID=HzOxMe3b&scp=0346906083&origin=inward"}],"prism:url":"https://api.elsevier.com/content/abstract/scopus_id/0346906083","dc:identifier":"SCOPUS_ID:0346906083","eid":"2-s2.0-0346906083","dc:title":"Clientelism, Foreign Attention, and Chinese Intellectual Autonomy: The Case of Fang Lizhi","dc:creator":"Ma S.","prism:publicationName":"Modern China","prism:issn":"00977004","prism:volume":"24","prism:issueIdentifier":"4","prism:pageRange":"445-471","prism:coverDate":"1998-01-01","prism:coverDisplayDate":"October 1998","prism:doi":"10.1177/009770049802400404","citedby-count":"6","prism:aggregationType":"Journal","subtype":"ar","subtypeDescription":"Article","source-id":"16996","openaccess":"0","openaccessFlag":false},{"@_fa": "true", "link": [{"@_fa": "true", "@ref": "self", "@href": "https://api.elsevier.com/content/abstract/scopus_id/21944437587"},{"@_fa": "true", "@ref": "author-affiliation", "@href": "https://api.elsevier.com/content/abstract/scopus_id/21944437587?field=author,affiliation"},{"@_fa": "true", "@ref": "scopus", "@href": "https://www.scopus.com/inward/record.uri?partnerID=HzOxMe3b&scp=21944437587&origin=inward"},{"@_fa": "true", "@ref": "scopus-citedby", "@href": "https://www.scopus.com/inward/citedby.uri?partnerID=HzOxMe3b&scp=21944437587&origin=inward"}],"prism:url":"https://api.elsevier.com/content/abstract/scopus_id/21944437587","dc:identifier":"SCOPUS_ID:21944437587","eid":"2-s2.0-21944437587","dc:title":"Clientelism in the greek cypriot community of cyprus under British rule","dc:creator":"Faustmann H.","prism:publicationName":"Cyprus Review","prism:issn":"10152881","prism:volume":"10","prism:issueIdentifier":"2","prism:pageRange":"41-77","prism:coverDate":"1998-01-01","prism:coverDisplayDate":"1998","citedby-count":"15","prism:aggregationType":"Journal","subtype":"ar","subtypeDescription":"Article","source-id":"145698","openaccess":"0","openaccessFlag":false},{"@_fa": "true", "link": [{"@_fa": "true", "@ref": "self", "@href": "https://api.elsevier.com/content/abstract/scopus_id/0031784104"},{"@_fa": "true", "@ref": "author-affiliation", "@href": "https://api.elsevier.com/content/abstract/scopus_id/0031784104?field=author,affiliation"},{"@_fa": "true", "@ref": "scopus", "@href": "https://www.scopus.com/inward/record.uri?partnerID=HzOxMe3b&scp=0031784104&origin=inward"},{"@_fa": "true", "@ref": "scopus-citedby", "@href": "https://www.scopus.com/inward/citedby.uri?partnerID=HzOxMe3b&scp=0031784104&origin=inward"}],"prism:url":"https://api.elsevier.com/content/abstract/scopus_id/0031784104","dc:identifier":"SCOPUS_ID:0031784104","eid":"2-s2.0-0031784104","dc:title":"Globalization and the death of liberal democracy","dc:creator":"Cammack P.","prism:publicationName":"European Review","prism:issn":"10627987","prism:volume":"6","prism:issueIdentifier":"2","prism:pageRange":"249-263","prism:coverDate":"1998-01-01","prism:coverDisplayDate":"1998","prism:doi":"10.1017/S1062798700003264","citedby-count":"12","affiliation": [{"@_fa": "true", "affilname":"University of Manchester","affiliation-city":"Manchester","affiliation-country":"United Kingdom"}],"prism:aggregationType":"Journal","subtype":"ar","subtypeDescription":"Article","source-id":"21276","openaccess":"0","openaccessFlag":false}]}}