{"search-results":{"opensearch:totalResults":"2","opensearch:startIndex":"0","opensearch:itemsPerPage":"2","opensearch:Query":{"@role": "request", "@searchTerms": "TITLE-ABS-KEY(\"clientelism\") AND SUBJAREA(SOCI) AND PUBYEAR = 1991", "@startPage": "0"},"link": [{"@_fa": "true", "@ref": "self", "@href": "https://api.elsevier.com/content/search/scopus?start=0&count=25&query=TITLE-ABS-KEY%28%22clientelism%22%29+AND+SUBJAREA%28SOCI%29+AND+PUBYEAR+%3D+1991&apiKey=27d953b4b546791964ebeb768d13e61f&view=STANDARD", "@type": "application/json"},{"@_fa": "true", "@ref": "first", "@href": "https://api.elsevier.com/content/search/scopus?start=0&count=25&query=TITLE-ABS-KEY%28%22clientelism%22%29+AND+SUBJAREA%28SOCI%29+AND+PUBYEAR+%3D+1991&apiKey=27d953b4b546791964ebeb768d13e61f&view=STANDARD", "@type": "application/json"}],"entry": [{"@_fa": "true", "link": [{"@_fa": "true", "@ref": "self", "@href": "https://api.elsevier.com/content/abstract/scopus_id/0026339684"},{"@_fa": "true", "@ref": "author-affiliation", "@href": "https://api.elsevier.com/content/abstract/scopus_id/0026339684?field=author,affiliation"},{"@_fa": "true", "@ref": "scopus", "@href": "https://www.scopus.com/inward/record.uri?partnerID=HzOxMe3b&scp=0026339684&origin=inward"},{"@_fa": "true", "@ref": "scopus-citedby", "@href": "https://www.scopus.com/inward/citedby.uri?partnerID=HzOxMe3b&scp=0026339684&origin=inward"}],"prism:url":"https://api.elsevier.com/content/abstract/scopus_id/0026339684","dc:identifier":"SCOPUS_ID:0026339684","eid":"2-s2.0-0026339684","dc:title":"Politics and Latin America's urban poor: reflections from a Lima shantytown","dc:creator":"Stokes S.","prism:publicationName":"Latin American Research Review","prism:issn":"00238791","prism:volume":"26","prism:issueIdentifier":"2","prism:pageRange":"75-101","prism:coverDate":"1991-01-01","prism:coverDisplayDate":"1991","citedby-count":"20","prism:aggregationType":"Journal","subtype":"ar","subtypeDescription":"Article","source-id":"27733","openaccess":"0","openaccessFlag":false},{"@_fa": "true", "link": [{"@_fa": "true", "@ref": "self", "@href": "https://api.elsevier.com/content/abstract/scopus_id/0026314121"},{"@_fa": "true", "@ref": "author-affiliation", "@href": "https://api.elsevier.com/content/abstract/scopus_id/0026314121?field=author,affiliation"},{"@_fa": "true", "@ref": "scopus", "@href": "https://www.scopus.com/inward/record.uri?partnerID=HzOxMe3b&scp=0026314121&origin=inward"},{"@_fa": "true", "@ref": "scopus-citedby", "@href": "https://www.scopus.com/inward/citedby.uri?partnerID=HzOxMe3b&scp=0026314121&origin=inward"}],"prism:url":"https://api.elsevier.com/content/abstract/scopus_id/0026314121","dc:identifier":"SCOPUS_ID:0026314121","eid":"2-s2.0-0026314121","dc:title":"Participation ideologies in Israeli planning","dc:creator":"Gertel S.","prism:publicationName":"Environment &amp; Planning C: Government &amp; Policy","prism:volume":"9","prism:issueIdentifier":"2","prism:pageRange":"173-188","prism:coverDate":"1991-01-01","prism:coverDisplayDate":"1991","prism:doi":"10.1068/c090173","citedby-count":"5","affiliation": [{"@_fa": "true", "affilname":"Technion - Israel Institute of Technology","affiliation-city":"Haifa","affiliation-country":"Israel"}],"prism:aggregationType":"Journal","subtype":"ar","subtypeDescription":"Article","source-id":"14610","openaccess":"0","openaccessFlag":false}]}}