{"search-results":{"opensearch:totalResults":"42","opensearch:startIndex":"0","opensearch:itemsPerPage":"25","opensearch:Query":{"@role": "request", "@searchTerms": "TITLE-ABS-KEY(\"clientelism\") AND SUBJAREA(SOCI) AND PUBYEAR = 2008", "@startPage": "0"},"link": [{"@_fa": "true", "@ref": "self", "@href": "https://api.elsevier.com/content/search/scopus?start=0&count=25&query=TITLE-ABS-KEY%28%22clientelism%22%29+AND+SUBJAREA%28SOCI%29+AND+PUBYEAR+%3D+2008&apiKey=27d953b4b546791964ebeb768d13e61f&view=STANDARD", "@type": "application/json"},{"@_fa": "true", "@ref": "first", "@href": "https://api.elsevier.com/content/search/scopus?start=0&count=25&query=TITLE-ABS-KEY%28%22clientelism%22%29+AND+SUBJAREA%28SOCI%29+AND+PUBYEAR+%3D+2008&apiKey=27d953b4b546791964ebeb768d13e61f&view=STANDARD", "@type": "application/json"},{"@_fa": "true", "@ref": "next", "@href": "https://api.elsevier.com/content/search/scopus?start=25&count=25&query=TITLE-ABS-KEY%28%22clientelism%22%29+AND+SUBJAREA%28SOCI%29+AND+PUBYEAR+%3D+2008&apiKey=27d953b4b546791964ebeb768d13e61f&view=STANDARD", "@type": "application/json"},{"@_fa": "true", "@ref": "last", "@href": "https://api.elsevier.com/content/search/scopus?start=17&count=25&query=TITLE-ABS-KEY%28%22clientelism%22%29+AND+SUBJAREA%28SOCI%29+AND+PUBYEAR+%3D+2008&apiKey=27d953b4b546791964ebeb768d13e61f&view=STANDARD", "@type": "application/json"}],"entry": [{"@_fa": "true", "link": [{"@_fa": "true", "@ref": "self", "@href": "https://api.elsevier.com/content/abstract/scopus_id/84917028215"},{"@_fa": "true", "@ref": "author-affiliation", "@href": "https://api.elsevier.com/content/abstract/scopus_id/84917028215?field=author,affiliation"},{"@_fa": "true", "@ref": "scopus", "@href": "https://www.scopus.com/inward/record.uri?partnerID=HzOxMe3b&scp=84917028215&origin=inward"},{"@_fa": "true", "@ref": "scopus-citedby", "@href": "https://www.scopus.com/inward/citedby.uri?partnerID=HzOxMe3b&scp=84917028215&origin=inward"}],"prism:url":"https://api.elsevier.com/content/abstract/scopus_id/84917028215","dc:identifier":"SCOPUS_ID:84917028215","eid":"2-s2.0-84917028215","dc:title":"The superficiality of statebuilding in Cambodia: Patronage and clientelism as enduring forms of politics","dc:creator":"Roberts D.","prism:publicationName":"The Dilemmas of Statebuilding: Confronting the Contradictions of Postwar Peace Operations","prism:isbn": [{"@_fa": "true", "$" :"0203884833"},{"@_fa": "true", "$" :"9780203884836"}],"prism:pageRange":"149-169","prism:coverDate":"2008-12-18","prism:coverDisplayDate":"December 18, 2008","prism:doi":"10.4324/9780203884836","citedby-count":"19","prism:aggregationType":"Book","subtype":"ch","subtypeDescription":"Chapter","source-id":"19700170123","openaccess":"0","openaccessFlag":false},{"@_fa": "true", "link": [{"@_fa": "true", "@ref": "self", "@href": "https://api.elsevier.com/content/abstract/scopus_id/57049138362"},{"@_fa": "true", "@ref": "author-affiliation", "@href": "https://api.elsevier.com/content/abstract/scopus_id/57049138362?field=author,affiliation"},{"@_fa": "true", "@ref": "scopus", "@href": "https://www.scopus.com/inward/record.uri?partnerID=HzOxMe3b&scp=57049138362&origin=inward"},{"@_fa": "true", "@ref": "scopus-citedby", "@href": "https://www.scopus.com/inward/citedby.uri?partnerID=HzOxMe3b&scp=57049138362&origin=inward"}],"prism:url":"https://api.elsevier.com/content/abstract/scopus_id/57049138362","dc:identifier":"SCOPUS_ID:57049138362","eid":"2-s2.0-57049138362","dc:title":"Clientelism and social structure: An analysis of patronage in Yoruba social thought","dc:creator":"Omobowale A.","prism:publicationName":"Africa Spectrum","prism:issn":"00020397","prism:volume":"43","prism:issueIdentifier":"2","prism:pageRange":"203-224","prism:coverDate":"2008-12-08","prism:coverDisplayDate":"2008","citedby-count":"13","affiliation": [{"@_fa": "true", "affilname":"University of Lagos","affiliation-city":"Lagos","affiliation-country":"Nigeria"}],"prism:aggregationType":"Journal","subtype":"ar","subtypeDescription":"Article","source-id":"15060","openaccess":"0","openaccessFlag":false},{"@_fa": "true", "link": [{"@_fa": "true", "@ref": "self", "@href": "https://api.elsevier.com/content/abstract/scopus_id/61249388975"},{"@_fa": "true", "@ref": "author-affiliation", "@href": "https://api.elsevier.com/content/abstract/scopus_id/61249388975?field=author,affiliation"},{"@_fa": "true", "@ref": "scopus", "@href": "https://www.scopus.com/inward/record.uri?partnerID=HzOxMe3b&scp=61249388975&origin=inward"},{"@_fa": "true", "@ref": "scopus-citedby", "@href": "https://www.scopus.com/inward/citedby.uri?partnerID=HzOxMe3b&scp=61249388975&origin=inward"}],"prism:url":"https://api.elsevier.com/content/abstract/scopus_id/61249388975","dc:identifier":"SCOPUS_ID:61249388975","eid":"2-s2.0-61249388975","dc:title":"Revisiting Naples: Clientelism and organized crime","dc:creator":"Allum F.","prism:publicationName":"Journal of Modern Italian Studies","prism:issn":"1354571X","prism:volume":"13","prism:issueIdentifier":"3","prism:pageRange":"340-365","prism:coverDate":"2008-12-01","prism:coverDisplayDate":"2008","prism:doi":"10.1080/13545710802218569","pii":"901722867","citedby-count":"10","affiliation": [{"@_fa": "true", "affilname":"University of Bath","affiliation-city":"Bath","affiliation-country":"United Kingdom"}],"prism:aggregationType":"Journal","subtype":"re","subtypeDescription":"Review","source-id":"15693","openaccess":"0","openaccessFlag":false},{"@_fa": "true", "link": [{"@_fa": "true", "@ref": "self", "@href": "https://api.elsevier.com/content/abstract/scopus_id/77949971767"},{"@_fa": "true", "@ref": "author-affiliation", "@href": "https://api.elsevier.com/content/abstract/scopus_id/77949971767?field=author,affiliation"},{"@_fa": "true", "@ref": "scopus", "@href": "https://www.scopus.com/inward/record.uri?partnerID=HzOxMe3b&scp=77949971767&origin=inward"},{"@_fa": "true", "@ref": "scopus-citedby", "@href": "https://www.scopus.com/inward/citedby.uri?partnerID=HzOxMe3b&scp=77949971767&origin=inward"}],"prism:url":"https://api.elsevier.com/content/abstract/scopus_id/77949971767","dc:identifier":"SCOPUS_ID:77949971767","eid":"2-s2.0-77949971767","dc:title":"Social funds in Angola channels, amounts and impact","dc:creator":"Amundsen I.","prism:publicationName":"Working Paper - Chr. Michelsen Institute","prism:issn":"08043639","prism:issueIdentifier":"8","prism:pageRange":"1-24","prism:coverDate":"2008-12-01","prism:coverDisplayDate":"2008","citedby-count":"2","affiliation": [{"@_fa": "true", "affilname":"Chr. Michelsen Institute","affiliation-city":"Bergen","affiliation-country":"Norway"}],"prism:aggregationType":"Journal","subtype":"ar","subtypeDescription":"Article","source-id":"25377","openaccess":"0","openaccessFlag":false},{"@_fa": "true", "link": [{"@_fa": "true", "@ref": "self", "@href": "https://api.elsevier.com/content/abstract/scopus_id/76349103530"},{"@_fa": "true", "@ref": "author-affiliation", "@href": "https://api.elsevier.com/content/abstract/scopus_id/76349103530?field=author,affiliation"},{"@_fa": "true", "@ref": "scopus", "@href": "https://www.scopus.com/inward/record.uri?partnerID=HzOxMe3b&scp=76349103530&origin=inward"},{"@_fa": "true", "@ref": "scopus-citedby", "@href": "https://www.scopus.com/inward/citedby.uri?partnerID=HzOxMe3b&scp=76349103530&origin=inward"}],"prism:url":"https://api.elsevier.com/content/abstract/scopus_id/76349103530","dc:identifier":"SCOPUS_ID:76349103530","eid":"2-s2.0-76349103530","dc:title":"The relationship between neo-liberal \"modernization\" and \"backward\" political practices in Brazil of the 1990s","dc:creator":"Lenardão E.","prism:publicationName":"Revista de Sociologia e Politica","prism:issn":"01044478","prism:eIssn":"16789873","prism:volume":"16","prism:issueIdentifier":"31","prism:pageRange":"197-214","prism:coverDate":"2008-12-01","prism:coverDisplayDate":"2008","prism:doi":"10.1590/S0104-44782008000200014","citedby-count":"2","affiliation": [{"@_fa": "true", "affilname":"Universidade Estadual de Londrina","affiliation-city":"Londrina","affiliation-country":"Brazil"},{"@_fa": "true", "affilname":"UNESP-Universidade Estadual Paulista","affiliation-city":"Sao Paulo","affiliation-country":"Brazil"}],"prism:aggregationType":"Journal","subtype":"ar","subtypeDescription":"Article","source-id":"5200152619","openaccess":"1","openaccessFlag":true},{"@_fa": "true", "link": [{"@_fa": "true", "@ref": "self", "@href": "https://api.elsevier.com/content/abstract/scopus_id/84889963757"},{"@_fa": "true", "@ref": "author-affiliation", "@href": "https://api.elsevier.com/content/abstract/scopus_id/84889963757?field=author,affiliation"},{"@_fa": "true", "@ref": "scopus", "@href": "https://www.scopus.com/inward/record.uri?partnerID=HzOxMe3b&scp=84889963757&origin=inward"},{"@_fa": "true", "@ref": "scopus-citedby", "@href": "https://www.scopus.com/inward/citedby.uri?partnerID=HzOxMe3b&scp=84889963757&origin=inward"}],"prism:url":"https://api.elsevier.com/content/abstract/scopus_id/84889963757","dc:identifier":"SCOPUS_ID:84889963757","eid":"2-s2.0-84889963757","dc:title":"Clientelism and family spirit. Some notes on self-employment policy in Calabria","dc:creator":"Della Corte E.","prism:publicationName":"Self-Employment Activities of Women and Minorities: Their Success or Failure in Relation to Social Citizenship Policies","prism:isbn": [{"@_fa": "true", "$" :"9783810034489"}],"prism:pageRange":"87-96","prism:coverDate":"2008-12-01","prism:coverDisplayDate":"2008","prism:doi":"10.1007/978-3-531-90816-8_7","citedby-count":"0","prism:aggregationType":"Book","subtype":"ch","subtypeDescription":"Chapter","source-id":"21100273805","openaccess":"0","openaccessFlag":false},{"@_fa": "true", "link": [{"@_fa": "true", "@ref": "self", "@href": "https://api.elsevier.com/content/abstract/scopus_id/77949742182"},{"@_fa": "true", "@ref": "author-affiliation", "@href": "https://api.elsevier.com/content/abstract/scopus_id/77949742182?field=author,affiliation"},{"@_fa": "true", "@ref": "scopus", "@href": "https://www.scopus.com/inward/record.uri?partnerID=HzOxMe3b&scp=77949742182&origin=inward"},{"@_fa": "true", "@ref": "scopus-citedby", "@href": "https://www.scopus.com/inward/citedby.uri?partnerID=HzOxMe3b&scp=77949742182&origin=inward"}],"prism:url":"https://api.elsevier.com/content/abstract/scopus_id/77949742182","dc:identifier":"SCOPUS_ID:77949742182","eid":"2-s2.0-77949742182","dc:title":"Selection of candidates in Panamanian parties: Primaries and its impacts on the revolutionary democratic party","dc:creator":"Felipe P.","prism:publicationName":"Politica y Gobierno","prism:issn":"14051060","prism:volume":"15","prism:issueIdentifier":"2","prism:pageRange":"271-314","prism:coverDate":"2008-12-01","prism:coverDisplayDate":"2008","citedby-count":"1","affiliation": [{"@_fa": "true", "affilname":"Universidad de Salamanca","affiliation-city":"Salamanca","affiliation-country":"Spain"}],"prism:aggregationType":"Journal","subtype":"ar","subtypeDescription":"Article","source-id":"19600165500","openaccess":"0","openaccessFlag":false},{"@_fa": "true", "link": [{"@_fa": "true", "@ref": "self", "@href": "https://api.elsevier.com/content/abstract/scopus_id/58449114673"},{"@_fa": "true", "@ref": "author-affiliation", "@href": "https://api.elsevier.com/content/abstract/scopus_id/58449114673?field=author,affiliation"},{"@_fa": "true", "@ref": "scopus", "@href": "https://www.scopus.com/inward/record.uri?partnerID=HzOxMe3b&scp=58449114673&origin=inward"},{"@_fa": "true", "@ref": "scopus-citedby", "@href": "https://www.scopus.com/inward/citedby.uri?partnerID=HzOxMe3b&scp=58449114673&origin=inward"}],"prism:url":"https://api.elsevier.com/content/abstract/scopus_id/58449114673","dc:identifier":"SCOPUS_ID:58449114673","eid":"2-s2.0-58449114673","dc:title":"Local power, hegemony and disputes: Municipal councils in small municipalites","dc:creator":"Dombrowski O.","prism:publicationName":"Revista de Sociologia e Politica","prism:issn":"01044478","prism:eIssn":"16789873","prism:volume":"16","prism:issueIdentifier":"30","prism:pageRange":"269-281","prism:coverDate":"2008-12-01","prism:coverDisplayDate":"2008","citedby-count":"2","affiliation": [{"@_fa": "true", "affilname":"Universidade de Sao Paulo - USP","affiliation-city":"Sao Paulo","affiliation-country":"Brazil"},{"@_fa": "true", "affilname":"Universidade Estadual do Oeste do Parana","affiliation-city":"Cascavel","affiliation-country":"Brazil"}],"prism:aggregationType":"Journal","subtype":"ar","subtypeDescription":"Article","source-id":"5200152619","openaccess":"0","openaccessFlag":false},{"@_fa": "true", "link": [{"@_fa": "true", "@ref": "self", "@href": "https://api.elsevier.com/content/abstract/scopus_id/58449121440"},{"@_fa": "true", "@ref": "author-affiliation", "@href": "https://api.elsevier.com/content/abstract/scopus_id/58449121440?field=author,affiliation"},{"@_fa": "true", "@ref": "scopus", "@href": "https://www.scopus.com/inward/record.uri?partnerID=HzOxMe3b&scp=58449121440&origin=inward"},{"@_fa": "true", "@ref": "scopus-citedby", "@href": "https://www.scopus.com/inward/citedby.uri?partnerID=HzOxMe3b&scp=58449121440&origin=inward"}],"prism:url":"https://api.elsevier.com/content/abstract/scopus_id/58449121440","dc:identifier":"SCOPUS_ID:58449121440","eid":"2-s2.0-58449121440","dc:title":"Military elites, trajectories and political-institutional redefinitions (1850-1930)","dc:creator":"Seidl E.","prism:publicationName":"Revista de Sociologia e Politica","prism:issn":"01044478","prism:eIssn":"16789873","prism:volume":"16","prism:issueIdentifier":"30","prism:pageRange":"199-220","prism:coverDate":"2008-12-01","prism:coverDisplayDate":"2008","citedby-count":"0","affiliation": [{"@_fa": "true", "affilname":"Universidade Federal do Rio Grande do Sul","affiliation-city":"Porto Alegre","affiliation-country":"Brazil"},{"@_fa": "true", "affilname":"Universidade Federal de Sergipe","affiliation-city":"Sao Cristovao","affiliation-country":"Brazil"}],"prism:aggregationType":"Journal","subtype":"ar","subtypeDescription":"Article","source-id":"5200152619","openaccess":"0","openaccessFlag":false},{"@_fa": "true", "link": [{"@_fa": "true", "@ref": "self", "@href": "https://api.elsevier.com/content/abstract/scopus_id/55449108988"},{"@_fa": "true", "@ref": "author-affiliation", "@href": "https://api.elsevier.com/content/abstract/scopus_id/55449108988?field=author,affiliation"},{"@_fa": "true", "@ref": "scopus", "@href": "https://www.scopus.com/inward/record.uri?partnerID=HzOxMe3b&scp=55449108988&origin=inward"},{"@_fa": "true", "@ref": "scopus-citedby", "@href": "https://www.scopus.com/inward/citedby.uri?partnerID=HzOxMe3b&scp=55449108988&origin=inward"}],"prism:url":"https://api.elsevier.com/content/abstract/scopus_id/55449108988","dc:identifier":"SCOPUS_ID:55449108988","eid":"2-s2.0-55449108988","dc:title":"'Mobile men with money': The socio-cultural and politicoeconomic context of 'high-risk' behaviour among wealthy businessmen and government officials in urban China","dc:creator":"Uretsky E.","prism:publicationName":"Culture, Health and Sexuality","prism:issn":"13691058","prism:eIssn":"14645351","prism:volume":"10","prism:issueIdentifier":"8","prism:pageRange":"801-814","prism:coverDate":"2008-11-11","prism:coverDisplayDate":"2008","prism:doi":"10.1080/13691050802380966","pii":"904931533","citedby-count":"48","affiliation": [{"@_fa": "true", "affilname":"Yale University","affiliation-city":"New Haven","affiliation-country":"United States"}],"pubmed-id":"18975228","prism:aggregationType":"Journal","subtype":"ar","subtypeDescription":"Article","source-id":"14236","openaccess":"0","openaccessFlag":false},{"@_fa": "true", "link": [{"@_fa": "true", "@ref": "self", "@href": "https://api.elsevier.com/content/abstract/scopus_id/54949120583"},{"@_fa": "true", "@ref": "author-affiliation", "@href": "https://api.elsevier.com/content/abstract/scopus_id/54949120583?field=author,affiliation"},{"@_fa": "true", "@ref": "scopus", "@href": "https://www.scopus.com/inward/record.uri?partnerID=HzOxMe3b&scp=54949120583&origin=inward"},{"@_fa": "true", "@ref": "scopus-citedby", "@href": "https://www.scopus.com/inward/citedby.uri?partnerID=HzOxMe3b&scp=54949120583&origin=inward"}],"prism:url":"https://api.elsevier.com/content/abstract/scopus_id/54949120583","dc:identifier":"SCOPUS_ID:54949120583","eid":"2-s2.0-54949120583","dc:title":"Panama in 2007: Economic growth, social combustion, and institutional catalepsy","dc:creator":"Mann C.","prism:publicationName":"Revista de Ciencia Politica","prism:issn":"07161417","prism:eIssn":"0718090X","prism:volume":"28","prism:issueIdentifier":"1","prism:pageRange":"305-328","prism:coverDate":"2008-11-03","prism:coverDisplayDate":"2008","citedby-count":"1","prism:aggregationType":"Journal","subtype":"ar","subtypeDescription":"Article","source-id":"5100152922","openaccess":"0","openaccessFlag":false},{"@_fa": "true", "link": [{"@_fa": "true", "@ref": "self", "@href": "https://api.elsevier.com/content/abstract/scopus_id/54249105366"},{"@_fa": "true", "@ref": "author-affiliation", "@href": "https://api.elsevier.com/content/abstract/scopus_id/54249105366?field=author,affiliation"},{"@_fa": "true", "@ref": "scopus", "@href": "https://www.scopus.com/inward/record.uri?partnerID=HzOxMe3b&scp=54249105366&origin=inward"},{"@_fa": "true", "@ref": "scopus-citedby", "@href": "https://www.scopus.com/inward/citedby.uri?partnerID=HzOxMe3b&scp=54249105366&origin=inward"}],"prism:url":"https://api.elsevier.com/content/abstract/scopus_id/54249105366","dc:identifier":"SCOPUS_ID:54249105366","eid":"2-s2.0-54249105366","dc:title":"Clientelism, committees, pluralism and protests in the European union: Matching patterns?","dc:creator":"Eising R.","prism:publicationName":"West European Politics","prism:issn":"01402382","prism:eIssn":"17439655","prism:volume":"31","prism:issueIdentifier":"6","prism:pageRange":"1166-1187","prism:coverDate":"2008-10-27","prism:coverDisplayDate":"2008","prism:doi":"10.1080/01402380802372647","pii":"904039935","citedby-count":"22","prism:aggregationType":"Journal","subtype":"re","subtypeDescription":"Review","source-id":"25691","openaccess":"0","openaccessFlag":false},{"@_fa": "true", "link": [{"@_fa": "true", "@ref": "self", "@href": "https://api.elsevier.com/content/abstract/scopus_id/48049107807"},{"@_fa": "true", "@ref": "author-affiliation", "@href": "https://api.elsevier.com/content/abstract/scopus_id/48049107807?field=author,affiliation"},{"@_fa": "true", "@ref": "scopus", "@href": "https://www.scopus.com/inward/record.uri?partnerID=HzOxMe3b&scp=48049107807&origin=inward"},{"@_fa": "true", "@ref": "scopus-citedby", "@href": "https://www.scopus.com/inward/citedby.uri?partnerID=HzOxMe3b&scp=48049107807&origin=inward"},{"@_fa": "true", "@ref": "full-text", "@href": "https://api.elsevier.com/content/article/eid/1-s2.0-S0304387807000958"}],"prism:url":"https://api.elsevier.com/content/abstract/scopus_id/48049107807","dc:identifier":"SCOPUS_ID:48049107807","eid":"2-s2.0-48049107807","dc:title":"Clientelism and aid","dc:creator":"Casamatta G.","prism:publicationName":"Journal of Development Economics","prism:issn":"03043878","prism:volume":"87","prism:issueIdentifier":"2","prism:pageRange":"322-332","prism:coverDate":"2008-10-01","prism:coverDisplayDate":"October 2008","prism:doi":"10.1016/j.jdeveco.2007.11.001","pii":"S0304387807000958","citedby-count":"1","affiliation": [{"@_fa": "true", "affilname":"Toulouse school of Economics - Recherche - (TSE-R)","affiliation-city":"Toulouse","affiliation-country":"France"}],"prism:aggregationType":"Journal","subtype":"ar","subtypeDescription":"Article","source-id":"14834","openaccess":"0","openaccessFlag":false},{"@_fa": "true", "link": [{"@_fa": "true", "@ref": "self", "@href": "https://api.elsevier.com/content/abstract/scopus_id/53549103280"},{"@_fa": "true", "@ref": "author-affiliation", "@href": "https://api.elsevier.com/content/abstract/scopus_id/53549103280?field=author,affiliation"},{"@_fa": "true", "@ref": "scopus", "@href": "https://www.scopus.com/inward/record.uri?partnerID=HzOxMe3b&scp=53549103280&origin=inward"},{"@_fa": "true", "@ref": "scopus-citedby", "@href": "https://www.scopus.com/inward/citedby.uri?partnerID=HzOxMe3b&scp=53549103280&origin=inward"}],"prism:url":"https://api.elsevier.com/content/abstract/scopus_id/53549103280","dc:identifier":"SCOPUS_ID:53549103280","eid":"2-s2.0-53549103280","dc:title":"Patron-client politics and its implications for good governance in Bangladesh","dc:creator":"Sarker A.","prism:publicationName":"International Journal of Public Administration","prism:issn":"01900692","prism:eIssn":"15324265","prism:volume":"31","prism:issueIdentifier":"12","prism:pageRange":"1416-1440","prism:coverDate":"2008-10-01","prism:coverDisplayDate":"October 2008","prism:doi":"10.1080/01900690802194966","pii":"903059008","citedby-count":"13","affiliation": [{"@_fa": "true", "affilname":"University of Sharjah","affiliation-city":"Sharjah","affiliation-country":"United Arab Emirates"}],"prism:aggregationType":"Journal","subtype":"ar","subtypeDescription":"Article","source-id":"4700151710","openaccess":"0","openaccessFlag":false},{"@_fa": "true", "link": [{"@_fa": "true", "@ref": "self", "@href": "https://api.elsevier.com/content/abstract/scopus_id/51849097678"},{"@_fa": "true", "@ref": "author-affiliation", "@href": "https://api.elsevier.com/content/abstract/scopus_id/51849097678?field=author,affiliation"},{"@_fa": "true", "@ref": "scopus", "@href": "https://www.scopus.com/inward/record.uri?partnerID=HzOxMe3b&scp=51849097678&origin=inward"},{"@_fa": "true", "@ref": "scopus-citedby", "@href": "https://www.scopus.com/inward/citedby.uri?partnerID=HzOxMe3b&scp=51849097678&origin=inward"}],"prism:url":"https://api.elsevier.com/content/abstract/scopus_id/51849097678","dc:identifier":"SCOPUS_ID:51849097678","eid":"2-s2.0-51849097678","dc:title":"Democracy, credibility, and clientelism","dc:creator":"Keefer P.","prism:publicationName":"Journal of Law, Economics, and Organization","prism:issn":"87566222","prism:eIssn":"14657341","prism:volume":"24","prism:issueIdentifier":"2","prism:pageRange":"371-406","prism:coverDate":"2008-10-01","prism:coverDisplayDate":"October 2008","prism:doi":"10.1093/jleo/ewm054","citedby-count":"138","affiliation": [{"@_fa": "true", "affilname":"The World Bank, USA","affiliation-city":"Washington","affiliation-country":"United States"}],"prism:aggregationType":"Journal","subtype":"ar","subtypeDescription":"Article","source-id":"16242","openaccess":"0","openaccessFlag":false},{"@_fa": "true", "link": [{"@_fa": "true", "@ref": "self", "@href": "https://api.elsevier.com/content/abstract/scopus_id/51849149409"},{"@_fa": "true", "@ref": "author-affiliation", "@href": "https://api.elsevier.com/content/abstract/scopus_id/51849149409?field=author,affiliation"},{"@_fa": "true", "@ref": "scopus", "@href": "https://www.scopus.com/inward/record.uri?partnerID=HzOxMe3b&scp=51849149409&origin=inward"},{"@_fa": "true", "@ref": "scopus-citedby", "@href": "https://www.scopus.com/inward/citedby.uri?partnerID=HzOxMe3b&scp=51849149409&origin=inward"}],"prism:url":"https://api.elsevier.com/content/abstract/scopus_id/51849149409","dc:identifier":"SCOPUS_ID:51849149409","eid":"2-s2.0-51849149409","dc:title":"From \"Orphans of the state\" to the comunidad conservacionista institucional: The case of the Lacandón Community, Chiapas","dc:creator":"Trench T.","prism:publicationName":"Identities","prism:issn":"1070289X","prism:eIssn":"15473384","prism:volume":"15","prism:issueIdentifier":"5","prism:pageRange":"607-634","prism:coverDate":"2008-09-22","prism:coverDisplayDate":"2008","prism:doi":"10.1080/10702890802333827","pii":"902386993","citedby-count":"9","affiliation": [{"@_fa": "true", "affilname":"Universidad Autónoma de Chapingo","affiliation-city":"Chapingo","affiliation-country":"Mexico"}],"prism:aggregationType":"Journal","subtype":"ar","subtypeDescription":"Article","source-id":"26809","openaccess":"0","openaccessFlag":false},{"@_fa": "true", "link": [{"@_fa": "true", "@ref": "self", "@href": "https://api.elsevier.com/content/abstract/scopus_id/51349151586"},{"@_fa": "true", "@ref": "author-affiliation", "@href": "https://api.elsevier.com/content/abstract/scopus_id/51349151586?field=author,affiliation"},{"@_fa": "true", "@ref": "scopus", "@href": "https://www.scopus.com/inward/record.uri?partnerID=HzOxMe3b&scp=51349151586&origin=inward"},{"@_fa": "true", "@ref": "scopus-citedby", "@href": "https://www.scopus.com/inward/citedby.uri?partnerID=HzOxMe3b&scp=51349151586&origin=inward"},{"@_fa": "true", "@ref": "full-text", "@href": "https://api.elsevier.com/content/article/eid/1-s2.0-S0190128108280133"}],"prism:url":"https://api.elsevier.com/content/abstract/scopus_id/51349151586","dc:identifier":"SCOPUS_ID:51349151586","eid":"2-s2.0-51349151586","dc:title":"'Uplift and empower': The market, morality and corporate responsibility on South Africa's platinum belt","dc:creator":"Rajak D.","prism:publicationName":"Research in Economic Anthropology","prism:issn":"01901281","prism:isbn": [{"@_fa": "true", "$" :"9781848550582"}],"prism:volume":"28","prism:pageRange":"297-324","prism:coverDate":"2008-09-15","prism:coverDisplayDate":"2008","prism:doi":"10.1016/S0190-1281(08)28013-3","pii":"S0190128108280133","citedby-count":"30","prism:aggregationType":"Book Series","subtype":"re","subtypeDescription":"Review","source-id":"58669","openaccess":"0","openaccessFlag":false},{"@_fa": "true", "link": [{"@_fa": "true", "@ref": "self", "@href": "https://api.elsevier.com/content/abstract/scopus_id/51249113821"},{"@_fa": "true", "@ref": "author-affiliation", "@href": "https://api.elsevier.com/content/abstract/scopus_id/51249113821?field=author,affiliation"},{"@_fa": "true", "@ref": "scopus", "@href": "https://www.scopus.com/inward/record.uri?partnerID=HzOxMe3b&scp=51249113821&origin=inward"},{"@_fa": "true", "@ref": "scopus-citedby", "@href": "https://www.scopus.com/inward/citedby.uri?partnerID=HzOxMe3b&scp=51249113821&origin=inward"}],"prism:url":"https://api.elsevier.com/content/abstract/scopus_id/51249113821","dc:identifier":"SCOPUS_ID:51249113821","eid":"2-s2.0-51249113821","dc:title":"How political stability shapes administrative performance: The Italian case","dc:creator":"Milio S.","prism:publicationName":"West European Politics","prism:issn":"01402382","prism:eIssn":"17439655","prism:volume":"31","prism:issueIdentifier":"5","prism:pageRange":"915-936","prism:coverDate":"2008-09-12","prism:coverDisplayDate":"2008","prism:doi":"10.1080/01402380802234581","pii":"901897027","citedby-count":"16","prism:aggregationType":"Journal","subtype":"ar","subtypeDescription":"Article","source-id":"25691","openaccess":"0","openaccessFlag":false},{"@_fa": "true", "link": [{"@_fa": "true", "@ref": "self", "@href": "https://api.elsevier.com/content/abstract/scopus_id/50049135182"},{"@_fa": "true", "@ref": "author-affiliation", "@href": "https://api.elsevier.com/content/abstract/scopus_id/50049135182?field=author,affiliation"},{"@_fa": "true", "@ref": "scopus", "@href": "https://www.scopus.com/inward/record.uri?partnerID=HzOxMe3b&scp=50049135182&origin=inward"},{"@_fa": "true", "@ref": "scopus-citedby", "@href": "https://www.scopus.com/inward/citedby.uri?partnerID=HzOxMe3b&scp=50049135182&origin=inward"},{"@_fa": "true", "@ref": "full-text", "@href": "https://api.elsevier.com/content/article/eid/1-s2.0-S0967067X08000391"}],"prism:url":"https://api.elsevier.com/content/abstract/scopus_id/50049135182","dc:identifier":"SCOPUS_ID:50049135182","eid":"2-s2.0-50049135182","dc:title":"Local governance in post-Soviet Armenia: Leadership, local development and accountability","dc:creator":"Babajanian B.","prism:publicationName":"Communist and Post-Communist Studies","prism:issn":"0967067X","prism:volume":"41","prism:issueIdentifier":"3","prism:pageRange":"375-396","prism:coverDate":"2008-09-01","prism:coverDisplayDate":"September 2008","prism:doi":"10.1016/j.postcomstud.2008.06.001","pii":"S0967067X08000391","citedby-count":"8","affiliation": [{"@_fa": "true", "affilname":"London School of Economics and Political Science","affiliation-city":"London","affiliation-country":"United Kingdom"}],"prism:aggregationType":"Journal","subtype":"ar","subtypeDescription":"Article","source-id":"13435","openaccess":"0","openaccessFlag":false},{"@_fa": "true", "link": [{"@_fa": "true", "@ref": "self", "@href": "https://api.elsevier.com/content/abstract/scopus_id/48249116355"},{"@_fa": "true", "@ref": "author-affiliation", "@href": "https://api.elsevier.com/content/abstract/scopus_id/48249116355?field=author,affiliation"},{"@_fa": "true", "@ref": "scopus", "@href": "https://www.scopus.com/inward/record.uri?partnerID=HzOxMe3b&scp=48249116355&origin=inward"},{"@_fa": "true", "@ref": "scopus-citedby", "@href": "https://www.scopus.com/inward/citedby.uri?partnerID=HzOxMe3b&scp=48249116355&origin=inward"}],"prism:url":"https://api.elsevier.com/content/abstract/scopus_id/48249116355","dc:identifier":"SCOPUS_ID:48249116355","eid":"2-s2.0-48249116355","dc:title":"Disciplined rebels: The revolution of 1880 in buenos aires","dc:creator":"Yablon A.","prism:publicationName":"Journal of Latin American Studies","prism:issn":"0022216X","prism:eIssn":"1469767X","prism:volume":"40","prism:issueIdentifier":"3","prism:pageRange":"483-511","prism:coverDate":"2008-08-01","prism:coverDisplayDate":"August 2008","prism:doi":"10.1017/S0022216X08004379","pii":"S0022216X08004379","citedby-count":"2","affiliation": [{"@_fa": "true", "affilname":"Universidad Torcuato Di Tella","affiliation-city":"Buenos Aires","affiliation-country":"Argentina"}],"prism:aggregationType":"Journal","subtype":"ar","subtypeDescription":"Article","source-id":"26288","openaccess":"0","openaccessFlag":false},{"@_fa": "true", "link": [{"@_fa": "true", "@ref": "self", "@href": "https://api.elsevier.com/content/abstract/scopus_id/48349097883"},{"@_fa": "true", "@ref": "author-affiliation", "@href": "https://api.elsevier.com/content/abstract/scopus_id/48349097883?field=author,affiliation"},{"@_fa": "true", "@ref": "scopus", "@href": "https://www.scopus.com/inward/record.uri?partnerID=HzOxMe3b&scp=48349097883&origin=inward"},{"@_fa": "true", "@ref": "scopus-citedby", "@href": "https://www.scopus.com/inward/citedby.uri?partnerID=HzOxMe3b&scp=48349097883&origin=inward"}],"prism:url":"https://api.elsevier.com/content/abstract/scopus_id/48349097883","dc:identifier":"SCOPUS_ID:48349097883","eid":"2-s2.0-48349097883","dc:title":"Botswana: A minimalist democracy","dc:creator":"Good K.","prism:publicationName":"Democratization","prism:issn":"13510347","prism:eIssn":"1743890X","prism:volume":"15","prism:issueIdentifier":"4","prism:pageRange":"750-765","prism:coverDate":"2008-08-01","prism:coverDisplayDate":"August 2008","prism:doi":"10.1080/13510340802191086","pii":"795160939","citedby-count":"16","prism:aggregationType":"Journal","subtype":"ar","subtypeDescription":"Article","source-id":"24034","openaccess":"0","openaccessFlag":false},{"@_fa": "true", "link": [{"@_fa": "true", "@ref": "self", "@href": "https://api.elsevier.com/content/abstract/scopus_id/49049087953"},{"@_fa": "true", "@ref": "author-affiliation", "@href": "https://api.elsevier.com/content/abstract/scopus_id/49049087953?field=author,affiliation"},{"@_fa": "true", "@ref": "scopus", "@href": "https://www.scopus.com/inward/record.uri?partnerID=HzOxMe3b&scp=49049087953&origin=inward"},{"@_fa": "true", "@ref": "scopus-citedby", "@href": "https://www.scopus.com/inward/citedby.uri?partnerID=HzOxMe3b&scp=49049087953&origin=inward"}],"prism:url":"https://api.elsevier.com/content/abstract/scopus_id/49049087953","dc:identifier":"SCOPUS_ID:49049087953","eid":"2-s2.0-49049087953","dc:title":"New regionalism top down: Mobilizing national minority culture","dc:creator":"De Frantz M.","prism:publicationName":"Regional and Federal Studies","prism:issn":"13597566","prism:eIssn":"17439434","prism:volume":"18","prism:issueIdentifier":"4","prism:pageRange":"403-427","prism:coverDate":"2008-08-01","prism:coverDisplayDate":"August 2008","prism:doi":"10.1080/13597560802223987","pii":"901426029","citedby-count":"3","affiliation": [{"@_fa": "true", "affilname":"European University Institute, San Domenico di Fiesole","affiliation-city":"San Domenico di Fiesole","affiliation-country":"Italy"},{"@_fa": "true", "affilname":"London School of Economics and Political Science","affiliation-city":"London","affiliation-country":"United Kingdom"}],"prism:aggregationType":"Journal","subtype":"ar","subtypeDescription":"Article","source-id":"27574","openaccess":"0","openaccessFlag":false},{"@_fa": "true", "link": [{"@_fa": "true", "@ref": "self", "@href": "https://api.elsevier.com/content/abstract/scopus_id/44649141988"},{"@_fa": "true", "@ref": "author-affiliation", "@href": "https://api.elsevier.com/content/abstract/scopus_id/44649141988?field=author,affiliation"},{"@_fa": "true", "@ref": "scopus", "@href": "https://www.scopus.com/inward/record.uri?partnerID=HzOxMe3b&scp=44649141988&origin=inward"},{"@_fa": "true", "@ref": "scopus-citedby", "@href": "https://www.scopus.com/inward/citedby.uri?partnerID=HzOxMe3b&scp=44649141988&origin=inward"}],"prism:url":"https://api.elsevier.com/content/abstract/scopus_id/44649141988","dc:identifier":"SCOPUS_ID:44649141988","eid":"2-s2.0-44649141988","dc:title":"Southern European environmental movements in comparative perspective","dc:creator":"Kousis M.","prism:publicationName":"American Behavioral Scientist","prism:issn":"00027642","prism:eIssn":"15523381","prism:volume":"51","prism:issueIdentifier":"11","prism:pageRange":"1627-1647","prism:coverDate":"2008-07-01","prism:coverDisplayDate":"July 2008","prism:doi":"10.1177/0002764208316361","citedby-count":"10","affiliation": [{"@_fa": "true", "affilname":"Panepistimio Kritis","affiliation-city":"Rethymnon","affiliation-country":"Greece"}],"prism:aggregationType":"Journal","subtype":"ar","subtypeDescription":"Article","source-id":"24733","openaccess":"0","openaccessFlag":false},{"@_fa": "true", "link": [{"@_fa": "true", "@ref": "self", "@href": "https://api.elsevier.com/content/abstract/scopus_id/43949086517"},{"@_fa": "true", "@ref": "author-affiliation", "@href": "https://api.elsevier.com/content/abstract/scopus_id/43949086517?field=author,affiliation"},{"@_fa": "true", "@ref": "scopus", "@href": "https://www.scopus.com/inward/record.uri?partnerID=HzOxMe3b&scp=43949086517&origin=inward"},{"@_fa": "true", "@ref": "scopus-citedby", "@href": "https://www.scopus.com/inward/citedby.uri?partnerID=HzOxMe3b&scp=43949086517&origin=inward"}],"prism:url":"https://api.elsevier.com/content/abstract/scopus_id/43949086517","dc:identifier":"SCOPUS_ID:43949086517","eid":"2-s2.0-43949086517","dc:title":"Is China becoming neoliberal?","dc:creator":"Nonini D.","prism:publicationName":"Critique of Anthropology","prism:issn":"0308275X","prism:eIssn":"14603721","prism:volume":"28","prism:issueIdentifier":"2","prism:pageRange":"145-176","prism:coverDate":"2008-06-01","prism:coverDisplayDate":"June 2008","prism:doi":"10.1177/0308275X08091364","citedby-count":"122","affiliation": [{"@_fa": "true", "affilname":"The University of North Carolina System","affiliation-city":"Chapel Hill","affiliation-country":"United States"}],"prism:aggregationType":"Journal","subtype":"ar","subtypeDescription":"Article","source-id":"38494","openaccess":"0","openaccessFlag":false},{"@_fa": "true", "link": [{"@_fa": "true", "@ref": "self", "@href": "https://api.elsevier.com/content/abstract/scopus_id/43949124465"},{"@_fa": "true", "@ref": "author-affiliation", "@href": "https://api.elsevier.com/content/abstract/scopus_id/43949124465?field=author,affiliation"},{"@_fa": "true", "@ref": "scopus", "@href": "https://www.scopus.com/inward/record.uri?partnerID=HzOxMe3b&scp=43949124465&origin=inward"},{"@_fa": "true", "@ref": "scopus-citedby", "@href": "https://www.scopus.com/inward/citedby.uri?partnerID=HzOxMe3b&scp=43949124465&origin=inward"}],"prism:url":"https://api.elsevier.com/content/abstract/scopus_id/43949124465","dc:identifier":"SCOPUS_ID:43949124465","eid":"2-s2.0-43949124465","dc:title":"Public health, patronage and national culture: The resuscitation and commodification of community origins in neoliberal Brazil","dc:creator":"Collins J.","prism:publicationName":"Critique of Anthropology","prism:issn":"0308275X","prism:eIssn":"14603721","prism:volume":"28","prism:issueIdentifier":"2","prism:pageRange":"237-255","prism:coverDate":"2008-06-01","prism:coverDisplayDate":"June 2008","prism:doi":"10.1177/0308275X08090546","citedby-count":"17","affiliation": [{"@_fa": "true", "affilname":"The Doctorate-Granting Institution of the City University of New York","affiliation-city":"New York","affiliation-country":"United States"}],"prism:aggregationType":"Journal","subtype":"ar","subtypeDescription":"Article","source-id":"38494","openaccess":"0","openaccessFlag":false}]}}