{"search-results":{"opensearch:totalResults":"19","opensearch:startIndex":"0","opensearch:itemsPerPage":"19","opensearch:Query":{"@role": "request", "@searchTerms": "TITLE-ABS-KEY(\"clientelism\") AND SUBJAREA(SOCI) AND PUBYEAR = 2002", "@startPage": "0"},"link": [{"@_fa": "true", "@ref": "self", "@href": "https://api.elsevier.com/content/search/scopus?start=0&count=25&query=TITLE-ABS-KEY%28%22clientelism%22%29+AND+SUBJAREA%28SOCI%29+AND+PUBYEAR+%3D+2002&apiKey=27d953b4b546791964ebeb768d13e61f&view=STANDARD", "@type": "application/json"},{"@_fa": "true", "@ref": "first", "@href": "https://api.elsevier.com/content/search/scopus?start=0&count=25&query=TITLE-ABS-KEY%28%22clientelism%22%29+AND+SUBJAREA%28SOCI%29+AND+PUBYEAR+%3D+2002&apiKey=27d953b4b546791964ebeb768d13e61f&view=STANDARD", "@type": "application/json"}],"entry": [{"@_fa": "true", "link": [{"@_fa": "true", "@ref": "self", "@href": "https://api.elsevier.com/content/abstract/scopus_id/0036983661"},{"@_fa": "true", "@ref": "author-affiliation", "@href": "https://api.elsevier.com/content/abstract/scopus_id/0036983661?field=author,affiliation"},{"@_fa": "true", "@ref": "scopus", "@href": "https://www.scopus.com/inward/record.uri?partnerID=HzOxMe3b&scp=0036983661&origin=inward"},{"@_fa": "true", "@ref": "scopus-citedby", "@href": "https://www.scopus.com/inward/citedby.uri?partnerID=HzOxMe3b&scp=0036983661&origin=inward"}],"prism:url":"https://api.elsevier.com/content/abstract/scopus_id/0036983661","dc:identifier":"SCOPUS_ID:0036983661","eid":"2-s2.0-0036983661","dc:title":"Democratization, elite transition, and violence in Cambodia, 1991-1999","dc:creator":"Roberts D.","prism:publicationName":"Critical Asian Studies","prism:issn":"14672715","prism:volume":"34","prism:issueIdentifier":"4","prism:pageRange":"520-538","prism:coverDate":"2002-12-01","prism:coverDisplayDate":"December 2002","prism:doi":"10.1080/1467271022000035910","citedby-count":"23","affiliation": [{"@_fa": "true", "affilname":"Ulster University","affiliation-city":"Coleraine","affiliation-country":"United Kingdom"}],"prism:aggregationType":"Journal","subtype":"ar","subtypeDescription":"Article","source-id":"23971","openaccess":"0","openaccessFlag":false},{"@_fa": "true", "link": [{"@_fa": "true", "@ref": "self", "@href": "https://api.elsevier.com/content/abstract/scopus_id/0011210501"},{"@_fa": "true", "@ref": "author-affiliation", "@href": "https://api.elsevier.com/content/abstract/scopus_id/0011210501?field=author,affiliation"},{"@_fa": "true", "@ref": "scopus", "@href": "https://www.scopus.com/inward/record.uri?partnerID=HzOxMe3b&scp=0011210501&origin=inward"},{"@_fa": "true", "@ref": "scopus-citedby", "@href": "https://www.scopus.com/inward/citedby.uri?partnerID=HzOxMe3b&scp=0011210501&origin=inward"}],"prism:url":"https://api.elsevier.com/content/abstract/scopus_id/0011210501","dc:identifier":"SCOPUS_ID:0011210501","eid":"2-s2.0-0011210501","dc:title":"Power and interest on Sumatra's rainforest frontier: Clientelist coalitions, illegal logging and conservation in the Alas Valley","dc:creator":"McCarthy J.","prism:publicationName":"Journal of Southeast Asian Studies","prism:issn":"00224634","prism:eIssn":"14740680","prism:volume":"33","prism:issueIdentifier":"1","prism:pageRange":"77-106","prism:coverDate":"2002-12-01","prism:coverDisplayDate":"2002","prism:doi":"10.1017/S0022463402000048","citedby-count":"29","affiliation": [{"@_fa": "true", "affilname":"Van Vollenhoven Institute for Law and Administration in Non-Western Countries","affiliation-city":"Leiden","affiliation-country":"Netherlands"}],"prism:aggregationType":"Journal","subtype":"ar","subtypeDescription":"Article","source-id":"50047","openaccess":"0","openaccessFlag":false},{"@_fa": "true", "link": [{"@_fa": "true", "@ref": "self", "@href": "https://api.elsevier.com/content/abstract/scopus_id/0038120973"},{"@_fa": "true", "@ref": "author-affiliation", "@href": "https://api.elsevier.com/content/abstract/scopus_id/0038120973?field=author,affiliation"},{"@_fa": "true", "@ref": "scopus", "@href": "https://www.scopus.com/inward/record.uri?partnerID=HzOxMe3b&scp=0038120973&origin=inward"},{"@_fa": "true", "@ref": "scopus-citedby", "@href": "https://www.scopus.com/inward/citedby.uri?partnerID=HzOxMe3b&scp=0038120973&origin=inward"}],"prism:url":"https://api.elsevier.com/content/abstract/scopus_id/0038120973","dc:identifier":"SCOPUS_ID:0038120973","eid":"2-s2.0-0038120973","dc:title":"The presidency and the new political culture","dc:creator":"Clark T.","prism:publicationName":"American Behavioral Scientist","prism:issn":"00027642","prism:volume":"46","prism:issueIdentifier":"4","prism:pageRange":"535-552+443","prism:coverDate":"2002-12-01","prism:coverDisplayDate":"1 December 2002","prism:doi":"10.1177/0002764202238061","citedby-count":"4","affiliation": [{"@_fa": "true", "affilname":"University of Chicago","affiliation-city":"Chicago","affiliation-country":"United States"}],"prism:aggregationType":"Journal","subtype":"re","subtypeDescription":"Review","source-id":"24733","openaccess":"0","openaccessFlag":false},{"@_fa": "true", "link": [{"@_fa": "true", "@ref": "self", "@href": "https://api.elsevier.com/content/abstract/scopus_id/0036719079"},{"@_fa": "true", "@ref": "author-affiliation", "@href": "https://api.elsevier.com/content/abstract/scopus_id/0036719079?field=author,affiliation"},{"@_fa": "true", "@ref": "scopus", "@href": "https://www.scopus.com/inward/record.uri?partnerID=HzOxMe3b&scp=0036719079&origin=inward"},{"@_fa": "true", "@ref": "scopus-citedby", "@href": "https://www.scopus.com/inward/citedby.uri?partnerID=HzOxMe3b&scp=0036719079&origin=inward"}],"prism:url":"https://api.elsevier.com/content/abstract/scopus_id/0036719079","dc:identifier":"SCOPUS_ID:0036719079","eid":"2-s2.0-0036719079","dc:title":"Democracy, decentralization, and clientelism: New relationships and old practices","dc:creator":"García-Guadilla M.","prism:publicationName":"Latin American Perspectives","prism:issn":"0094582X","prism:volume":"29","prism:issueIdentifier":"5","prism:pageRange":"90-109","prism:coverDate":"2002-09-01","prism:coverDisplayDate":"September 2002","prism:doi":"10.1177/0094582X02029005006","citedby-count":"34","affiliation": [{"@_fa": "true", "affilname":"Universidad Simón Bolívar","affiliation-city":"Caracas","affiliation-country":"Venezuela"}],"prism:aggregationType":"Journal","subtype":"ar","subtypeDescription":"Article","source-id":"27731","openaccess":"0","openaccessFlag":false},{"@_fa": "true", "link": [{"@_fa": "true", "@ref": "self", "@href": "https://api.elsevier.com/content/abstract/scopus_id/0036625598"},{"@_fa": "true", "@ref": "author-affiliation", "@href": "https://api.elsevier.com/content/abstract/scopus_id/0036625598?field=author,affiliation"},{"@_fa": "true", "@ref": "scopus", "@href": "https://www.scopus.com/inward/record.uri?partnerID=HzOxMe3b&scp=0036625598&origin=inward"},{"@_fa": "true", "@ref": "scopus-citedby", "@href": "https://www.scopus.com/inward/citedby.uri?partnerID=HzOxMe3b&scp=0036625598&origin=inward"}],"prism:url":"https://api.elsevier.com/content/abstract/scopus_id/0036625598","dc:identifier":"SCOPUS_ID:0036625598","eid":"2-s2.0-0036625598","dc:title":"Drought, clientalism, fatalism and fear in Northeast Brazil","dc:creator":"Kenny M.","prism:publicationName":"Ethics, Place and Environment","prism:issn":"1366879X","prism:volume":"5","prism:issueIdentifier":"2","prism:pageRange":"123-134","prism:coverDate":"2002-06-01","prism:coverDisplayDate":"June 2002","prism:doi":"10.1080/1366879022000020194","citedby-count":"21","affiliation": [{"@_fa": "true", "affilname":"Eastern Connecticut State University","affiliation-city":"Willimantic","affiliation-country":"United States"}],"prism:aggregationType":"Journal","subtype":"ar","subtypeDescription":"Article","source-id":"23525","openaccess":"0","openaccessFlag":false},{"@_fa": "true", "link": [{"@_fa": "true", "@ref": "self", "@href": "https://api.elsevier.com/content/abstract/scopus_id/85047685614"},{"@_fa": "true", "@ref": "author-affiliation", "@href": "https://api.elsevier.com/content/abstract/scopus_id/85047685614?field=author,affiliation"},{"@_fa": "true", "@ref": "scopus", "@href": "https://www.scopus.com/inward/record.uri?partnerID=HzOxMe3b&scp=85047685614&origin=inward"},{"@_fa": "true", "@ref": "scopus-citedby", "@href": "https://www.scopus.com/inward/citedby.uri?partnerID=HzOxMe3b&scp=85047685614&origin=inward"}],"prism:url":"https://api.elsevier.com/content/abstract/scopus_id/85047685614","dc:identifier":"SCOPUS_ID:85047685614","eid":"2-s2.0-85047685614","dc:title":"Organizational empowerment versus clientelism","dc:creator":"Chaves M.","prism:publicationName":"Latin American Perspectives","prism:issn":"0094582X","prism:volume":"29","prism:issueIdentifier":"5","prism:pageRange":"7-19","prism:coverDate":"2002-01-01","prism:coverDisplayDate":"September 2002","prism:doi":"10.1177/0094582X0202900502","citedby-count":"7","affiliation": [{"@_fa": "true", "affilname":"Universidad Nacional de Costa Rica","affiliation-city":"Heredia","affiliation-country":"Costa Rica"}],"prism:aggregationType":"Journal","subtype":"ar","subtypeDescription":"Article","source-id":"27731","openaccess":"0","openaccessFlag":false},{"@_fa": "true", "link": [{"@_fa": "true", "@ref": "self", "@href": "https://api.elsevier.com/content/abstract/scopus_id/85047684615"},{"@_fa": "true", "@ref": "author-affiliation", "@href": "https://api.elsevier.com/content/abstract/scopus_id/85047684615?field=author,affiliation"},{"@_fa": "true", "@ref": "scopus", "@href": "https://www.scopus.com/inward/record.uri?partnerID=HzOxMe3b&scp=85047684615&origin=inward"},{"@_fa": "true", "@ref": "scopus-citedby", "@href": "https://www.scopus.com/inward/citedby.uri?partnerID=HzOxMe3b&scp=85047684615&origin=inward"}],"prism:url":"https://api.elsevier.com/content/abstract/scopus_id/85047684615","dc:identifier":"SCOPUS_ID:85047684615","eid":"2-s2.0-85047684615","dc:title":"Changing patrons, from politician to drug don: Clientelism in downtown Kingston, Jamaica","dc:creator":"Sives A.","prism:publicationName":"Latin American Perspectives","prism:issn":"0094582X","prism:volume":"29","prism:issueIdentifier":"5","prism:pageRange":"66-89","prism:coverDate":"2002-01-01","prism:coverDisplayDate":"September 2002","prism:doi":"10.1177/0094582X0202900505","citedby-count":"40","affiliation": [{"@_fa": "true", "affilname":"University of London","affiliation-city":"London","affiliation-country":"United Kingdom"}],"prism:aggregationType":"Journal","subtype":"ar","subtypeDescription":"Article","source-id":"27731","openaccess":"0","openaccessFlag":false},{"@_fa": "true", "link": [{"@_fa": "true", "@ref": "self", "@href": "https://api.elsevier.com/content/abstract/scopus_id/66149181418"},{"@_fa": "true", "@ref": "author-affiliation", "@href": "https://api.elsevier.com/content/abstract/scopus_id/66149181418?field=author,affiliation"},{"@_fa": "true", "@ref": "scopus", "@href": "https://www.scopus.com/inward/record.uri?partnerID=HzOxMe3b&scp=66149181418&origin=inward"},{"@_fa": "true", "@ref": "scopus-citedby", "@href": "https://www.scopus.com/inward/citedby.uri?partnerID=HzOxMe3b&scp=66149181418&origin=inward"}],"prism:url":"https://api.elsevier.com/content/abstract/scopus_id/66149181418","dc:identifier":"SCOPUS_ID:66149181418","eid":"2-s2.0-66149181418","dc:title":"Political clientelism, developmentalism and postcolonial theory","dc:creator":"Lande C.","prism:publicationName":"Philippine Political Science Journal","prism:issn":"01154451","prism:eIssn":"2165025X","prism:volume":"23","prism:issueIdentifier":"46","prism:pageRange":"119-128","prism:coverDate":"2002-01-01","prism:coverDisplayDate":"December 2002","prism:doi":"10.1080/01154451.2002.9754237","citedby-count":"12","prism:aggregationType":"Journal","subtype":"no","subtypeDescription":"Note","source-id":"21100199322","openaccess":"0","openaccessFlag":false},{"@_fa": "true", "link": [{"@_fa": "true", "@ref": "self", "@href": "https://api.elsevier.com/content/abstract/scopus_id/0036339187"},{"@_fa": "true", "@ref": "author-affiliation", "@href": "https://api.elsevier.com/content/abstract/scopus_id/0036339187?field=author,affiliation"},{"@_fa": "true", "@ref": "scopus", "@href": "https://www.scopus.com/inward/record.uri?partnerID=HzOxMe3b&scp=0036339187&origin=inward"},{"@_fa": "true", "@ref": "scopus-citedby", "@href": "https://www.scopus.com/inward/citedby.uri?partnerID=HzOxMe3b&scp=0036339187&origin=inward"}],"prism:url":"https://api.elsevier.com/content/abstract/scopus_id/0036339187","dc:identifier":"SCOPUS_ID:0036339187","eid":"2-s2.0-0036339187","dc:title":"Political clientelism and the media: Southern Europe and Latin America in comparative perspective","dc:creator":"Hallin D.","prism:publicationName":"Media, Culture &amp; Society","prism:issn":"01634437","prism:volume":"24","prism:issueIdentifier":"2","prism:pageRange":"175-195","prism:coverDate":"2002-01-01","prism:coverDisplayDate":"March 2002","prism:doi":"10.1177/016344370202400202","citedby-count":"197","affiliation": [{"@_fa": "true", "affilname":"University of California, San Diego","affiliation-city":"San Diego","affiliation-country":"United States"},{"@_fa": "true", "affilname":"University of Athens","affiliation-city":"Athens","affiliation-country":"Greece"}],"prism:aggregationType":"Journal","subtype":"ar","subtypeDescription":"Article","source-id":"16192","openaccess":"0","openaccessFlag":false},{"@_fa": "true", "link": [{"@_fa": "true", "@ref": "self", "@href": "https://api.elsevier.com/content/abstract/scopus_id/0036340350"},{"@_fa": "true", "@ref": "author-affiliation", "@href": "https://api.elsevier.com/content/abstract/scopus_id/0036340350?field=author,affiliation"},{"@_fa": "true", "@ref": "scopus", "@href": "https://www.scopus.com/inward/record.uri?partnerID=HzOxMe3b&scp=0036340350&origin=inward"},{"@_fa": "true", "@ref": "scopus-citedby", "@href": "https://www.scopus.com/inward/citedby.uri?partnerID=HzOxMe3b&scp=0036340350&origin=inward"}],"prism:url":"https://api.elsevier.com/content/abstract/scopus_id/0036340350","dc:identifier":"SCOPUS_ID:0036340350","eid":"2-s2.0-0036340350","dc:title":"Mauritania: Political parties, neo-patrimonialism and democracy","dc:creator":"Marty M.","prism:publicationName":"Democratization","prism:issn":"13510347","prism:volume":"9","prism:issueIdentifier":"3","prism:pageRange":"92-108","prism:coverDate":"2002-01-01","prism:coverDisplayDate":"2002","prism:doi":"10.1080/714000262","citedby-count":"14","affiliation": [{"@_fa": "true", "affilname":"Université de Bordeaux","affiliation-city":"Bordeaux","affiliation-country":"France"}],"prism:aggregationType":"Journal","subtype":"ar","subtypeDescription":"Article","source-id":"24034","openaccess":"0","openaccessFlag":false},{"@_fa": "true", "link": [{"@_fa": "true", "@ref": "self", "@href": "https://api.elsevier.com/content/abstract/scopus_id/0036337174"},{"@_fa": "true", "@ref": "author-affiliation", "@href": "https://api.elsevier.com/content/abstract/scopus_id/0036337174?field=author,affiliation"},{"@_fa": "true", "@ref": "scopus", "@href": "https://www.scopus.com/inward/record.uri?partnerID=HzOxMe3b&scp=0036337174&origin=inward"},{"@_fa": "true", "@ref": "scopus-citedby", "@href": "https://www.scopus.com/inward/citedby.uri?partnerID=HzOxMe3b&scp=0036337174&origin=inward"}],"prism:url":"https://api.elsevier.com/content/abstract/scopus_id/0036337174","dc:identifier":"SCOPUS_ID:0036337174","eid":"2-s2.0-0036337174","dc:title":"Political parties and democratic consolidation in Africa","dc:creator":"Randall V.","prism:publicationName":"Democratization","prism:issn":"13510347","prism:volume":"9","prism:issueIdentifier":"3","prism:pageRange":"30-52","prism:coverDate":"2002-01-01","prism:coverDisplayDate":"2002","prism:doi":"10.1080/714000266","citedby-count":"51","affiliation": [{"@_fa": "true", "affilname":"University of Essex","affiliation-city":"Colchester","affiliation-country":"United Kingdom"}],"prism:aggregationType":"Journal","subtype":"ar","subtypeDescription":"Article","source-id":"24034","openaccess":"0","openaccessFlag":false},{"@_fa": "true", "link": [{"@_fa": "true", "@ref": "self", "@href": "https://api.elsevier.com/content/abstract/scopus_id/0036627558"},{"@_fa": "true", "@ref": "author-affiliation", "@href": "https://api.elsevier.com/content/abstract/scopus_id/0036627558?field=author,affiliation"},{"@_fa": "true", "@ref": "scopus", "@href": "https://www.scopus.com/inward/record.uri?partnerID=HzOxMe3b&scp=0036627558&origin=inward"},{"@_fa": "true", "@ref": "scopus-citedby", "@href": "https://www.scopus.com/inward/citedby.uri?partnerID=HzOxMe3b&scp=0036627558&origin=inward"}],"prism:url":"https://api.elsevier.com/content/abstract/scopus_id/0036627558","dc:identifier":"SCOPUS_ID:0036627558","eid":"2-s2.0-0036627558","dc:title":"Corruption and clientelism in a 'systemless system': The Europeanization of Maltese political culture","dc:creator":"Mitchell J.","prism:publicationName":"South European Society and Politics","prism:issn":"13608746","prism:volume":"7","prism:issueIdentifier":"1","prism:pageRange":"43-62","prism:coverDate":"2002-01-01","prism:coverDisplayDate":"Summer 2002","prism:doi":"10.1080/714004968","citedby-count":"14","affiliation": [{"@_fa": "true", "affilname":"University of Sussex","affiliation-city":"Sussex","affiliation-country":"United Kingdom"}],"prism:aggregationType":"Journal","subtype":"ar","subtypeDescription":"Article","source-id":"28082","openaccess":"0","openaccessFlag":false},{"@_fa": "true", "link": [{"@_fa": "true", "@ref": "self", "@href": "https://api.elsevier.com/content/abstract/scopus_id/85047684721"},{"@_fa": "true", "@ref": "author-affiliation", "@href": "https://api.elsevier.com/content/abstract/scopus_id/85047684721?field=author,affiliation"},{"@_fa": "true", "@ref": "scopus", "@href": "https://www.scopus.com/inward/record.uri?partnerID=HzOxMe3b&scp=85047684721&origin=inward"},{"@_fa": "true", "@ref": "scopus-citedby", "@href": "https://www.scopus.com/inward/citedby.uri?partnerID=HzOxMe3b&scp=85047684721&origin=inward"}],"prism:url":"https://api.elsevier.com/content/abstract/scopus_id/85047684721","dc:identifier":"SCOPUS_ID:85047684721","eid":"2-s2.0-85047684721","dc:title":"Clientelism and citizenship: The limits of democratic reform in Sucre, Colombia","dc:creator":"Escobar C.","prism:publicationName":"Latin American Perspectives","prism:issn":"0094582X","prism:volume":"29","prism:issueIdentifier":"5","prism:pageRange":"20-47","prism:coverDate":"2002-01-01","prism:coverDisplayDate":"September 2002","prism:doi":"10.1177/0094582X0202900503","citedby-count":"21","affiliation": [{"@_fa": "true", "affilname":"Temple University","affiliation-city":"Philadelphia","affiliation-country":"United States"}],"prism:aggregationType":"Journal","subtype":"ar","subtypeDescription":"Article","source-id":"27731","openaccess":"0","openaccessFlag":false},{"@_fa": "true", "link": [{"@_fa": "true", "@ref": "self", "@href": "https://api.elsevier.com/content/abstract/scopus_id/0036139394"},{"@_fa": "true", "@ref": "author-affiliation", "@href": "https://api.elsevier.com/content/abstract/scopus_id/0036139394?field=author,affiliation"},{"@_fa": "true", "@ref": "scopus", "@href": "https://www.scopus.com/inward/record.uri?partnerID=HzOxMe3b&scp=0036139394&origin=inward"},{"@_fa": "true", "@ref": "scopus-citedby", "@href": "https://www.scopus.com/inward/citedby.uri?partnerID=HzOxMe3b&scp=0036139394&origin=inward"}],"prism:url":"https://api.elsevier.com/content/abstract/scopus_id/0036139394","dc:identifier":"SCOPUS_ID:0036139394","eid":"2-s2.0-0036139394","dc:title":"Informal settlements: Production and intervention in twentieth-century Brazil and South Africa","dc:creator":"Huchzermeyer M.","prism:publicationName":"Latin American Perspectives","prism:issn":"0094582X","prism:volume":"29","prism:issueIdentifier":"1","prism:pageRange":"83-105","prism:coverDate":"2002-01-01","prism:coverDisplayDate":"January 2002","prism:doi":"10.1177/0094582X0202900105","citedby-count":"16","affiliation": [{"@_fa": "true", "affilname":"University of Witwatersrand","affiliation-city":"Johannesburg","affiliation-country":"South Africa"}],"prism:aggregationType":"Journal","subtype":"ar","subtypeDescription":"Article","source-id":"27731","openaccess":"0","openaccessFlag":false},{"@_fa": "true", "link": [{"@_fa": "true", "@ref": "self", "@href": "https://api.elsevier.com/content/abstract/scopus_id/0036184057"},{"@_fa": "true", "@ref": "author-affiliation", "@href": "https://api.elsevier.com/content/abstract/scopus_id/0036184057?field=author,affiliation"},{"@_fa": "true", "@ref": "scopus", "@href": "https://www.scopus.com/inward/record.uri?partnerID=HzOxMe3b&scp=0036184057&origin=inward"},{"@_fa": "true", "@ref": "scopus-citedby", "@href": "https://www.scopus.com/inward/citedby.uri?partnerID=HzOxMe3b&scp=0036184057&origin=inward"}],"prism:url":"https://api.elsevier.com/content/abstract/scopus_id/0036184057","dc:identifier":"SCOPUS_ID:0036184057","eid":"2-s2.0-0036184057","dc:title":"Caste, class, and clientelism: A political economy of everyday corruption in rural North India","dc:creator":"Jeffrey C.","prism:publicationName":"Economic Geography","prism:issn":"00130095","prism:volume":"78","prism:issueIdentifier":"1","prism:pageRange":"21-42","prism:coverDate":"2002-01-01","prism:coverDisplayDate":"2002","prism:doi":"10.2307/4140822","citedby-count":"78","affiliation": [{"@_fa": "true", "affilname":"University of Edinburgh","affiliation-city":"Edinburgh","affiliation-country":"United Kingdom"}],"prism:aggregationType":"Journal","subtype":"ar","subtypeDescription":"Article","source-id":"28092","openaccess":"0","openaccessFlag":false},{"@_fa": "true", "link": [{"@_fa": "true", "@ref": "self", "@href": "https://api.elsevier.com/content/abstract/scopus_id/18344415289"},{"@_fa": "true", "@ref": "author-affiliation", "@href": "https://api.elsevier.com/content/abstract/scopus_id/18344415289?field=author,affiliation"},{"@_fa": "true", "@ref": "scopus", "@href": "https://www.scopus.com/inward/record.uri?partnerID=HzOxMe3b&scp=18344415289&origin=inward"},{"@_fa": "true", "@ref": "scopus-citedby", "@href": "https://www.scopus.com/inward/citedby.uri?partnerID=HzOxMe3b&scp=18344415289&origin=inward"}],"prism:url":"https://api.elsevier.com/content/abstract/scopus_id/18344415289","dc:identifier":"SCOPUS_ID:18344415289","eid":"2-s2.0-18344415289","dc:title":"Between commitment and allegiance: Historicizing politics in Senegal","dc:creator":"Dahou T.","prism:publicationName":"Cahiers d'Etudes Africaines","prism:issn":"00080055","prism:volume":"42","prism:issueIdentifier":"3","prism:pageRange":"499-520","prism:coverDate":"2002-01-01","prism:coverDisplayDate":"2002","citedby-count":"1","affiliation": [{"@_fa": "true", "affilname":"IFAN-Universite Cheikh Anta Diop","affiliation-city":null,"affiliation-country":"France"}],"prism:aggregationType":"Journal","subtype":"ar","subtypeDescription":"Article","source-id":"36166","openaccess":"0","openaccessFlag":false},{"@_fa": "true", "link": [{"@_fa": "true", "@ref": "self", "@href": "https://api.elsevier.com/content/abstract/scopus_id/0036624090"},{"@_fa": "true", "@ref": "author-affiliation", "@href": "https://api.elsevier.com/content/abstract/scopus_id/0036624090?field=author,affiliation"},{"@_fa": "true", "@ref": "scopus", "@href": "https://www.scopus.com/inward/record.uri?partnerID=HzOxMe3b&scp=0036624090&origin=inward"},{"@_fa": "true", "@ref": "scopus-citedby", "@href": "https://www.scopus.com/inward/citedby.uri?partnerID=HzOxMe3b&scp=0036624090&origin=inward"}],"prism:url":"https://api.elsevier.com/content/abstract/scopus_id/0036624090","dc:identifier":"SCOPUS_ID:0036624090","eid":"2-s2.0-0036624090","dc:title":"The political and partisan determinants of patronage in Latin America 1960-1994: A comparative perspective","dc:creator":"Gordin J.","prism:publicationName":"European Journal of Political Research","prism:issn":"03044130","prism:volume":"41","prism:issueIdentifier":"4","prism:pageRange":"513-549","prism:coverDate":"2002-01-01","prism:coverDisplayDate":"June 2002","prism:doi":"10.1111/1475-6765.00021","citedby-count":"26","affiliation": [{"@_fa": "true", "affilname":"University of Pittsburgh","affiliation-city":"Pittsburgh","affiliation-country":"United States"}],"prism:aggregationType":"Journal","subtype":"re","subtypeDescription":"Review","source-id":"18437","openaccess":"0","openaccessFlag":false},{"@_fa": "true", "link": [{"@_fa": "true", "@ref": "self", "@href": "https://api.elsevier.com/content/abstract/scopus_id/0036678746"},{"@_fa": "true", "@ref": "author-affiliation", "@href": "https://api.elsevier.com/content/abstract/scopus_id/0036678746?field=author,affiliation"},{"@_fa": "true", "@ref": "scopus", "@href": "https://www.scopus.com/inward/record.uri?partnerID=HzOxMe3b&scp=0036678746&origin=inward"},{"@_fa": "true", "@ref": "scopus-citedby", "@href": "https://www.scopus.com/inward/citedby.uri?partnerID=HzOxMe3b&scp=0036678746&origin=inward"}],"prism:url":"https://api.elsevier.com/content/abstract/scopus_id/0036678746","dc:identifier":"SCOPUS_ID:0036678746","eid":"2-s2.0-0036678746","dc:title":"Pork barreling is not credit claiming or advertising: Campaign finance and the sources of the personal vote in Brazil","dc:creator":"Samuels D.","prism:publicationName":"Journal of Politics","prism:issn":"00223816","prism:volume":"64","prism:issueIdentifier":"3","prism:pageRange":"845-863","prism:coverDate":"2002-01-01","prism:coverDisplayDate":"August 2002","prism:doi":"10.1111/0022-3816.00149","citedby-count":"84","affiliation": [{"@_fa": "true", "affilname":"University of Minnesota Twin Cities","affiliation-city":"Minneapolis","affiliation-country":"United States"},{"@_fa": "true", "affilname":"University of Minnesota System","affiliation-city":null,"affiliation-country":"United States"}],"prism:aggregationType":"Journal","subtype":"ar","subtypeDescription":"Article","source-id":"20333","openaccess":"0","openaccessFlag":false},{"@_fa": "true", "link": [{"@_fa": "true", "@ref": "self", "@href": "https://api.elsevier.com/content/abstract/scopus_id/0036956366"},{"@_fa": "true", "@ref": "author-affiliation", "@href": "https://api.elsevier.com/content/abstract/scopus_id/0036956366?field=author,affiliation"},{"@_fa": "true", "@ref": "scopus", "@href": "https://www.scopus.com/inward/record.uri?partnerID=HzOxMe3b&scp=0036956366&origin=inward"},{"@_fa": "true", "@ref": "scopus-citedby", "@href": "https://www.scopus.com/inward/citedby.uri?partnerID=HzOxMe3b&scp=0036956366&origin=inward"}],"prism:url":"https://api.elsevier.com/content/abstract/scopus_id/0036956366","dc:identifier":"SCOPUS_ID:0036956366","eid":"2-s2.0-0036956366","dc:title":"Clientelist Politics: State formation and corruption in Palestine 1994-2000","dc:creator":"Amundsen I.","prism:publicationName":"Report - Chr. Michelsen Institute","prism:issn":"0805505X","prism:issueIdentifier":"17","prism:pageRange":"1-27","prism:coverDate":"2002-01-01","prism:coverDisplayDate":"2002","citedby-count":"1","prism:aggregationType":"Journal","subtype":"ar","subtypeDescription":"Article","source-id":"25376","openaccess":"0","openaccessFlag":false}]}}