{"search-results":{"opensearch:totalResults":"5","opensearch:startIndex":"0","opensearch:itemsPerPage":"5","opensearch:Query":{"@role": "request", "@searchTerms": "TITLE-ABS-KEY(\"clientelism\") AND SUBJAREA(SOCI) AND PUBYEAR = 1993", "@startPage": "0"},"link": [{"@_fa": "true", "@ref": "self", "@href": "https://api.elsevier.com/content/search/scopus?start=0&count=25&query=TITLE-ABS-KEY%28%22clientelism%22%29+AND+SUBJAREA%28SOCI%29+AND+PUBYEAR+%3D+1993&apiKey=27d953b4b546791964ebeb768d13e61f&view=STANDARD", "@type": "application/json"},{"@_fa": "true", "@ref": "first", "@href": "https://api.elsevier.com/content/search/scopus?start=0&count=25&query=TITLE-ABS-KEY%28%22clientelism%22%29+AND+SUBJAREA%28SOCI%29+AND+PUBYEAR+%3D+1993&apiKey=27d953b4b546791964ebeb768d13e61f&view=STANDARD", "@type": "application/json"}],"entry": [{"@_fa": "true", "link": [{"@_fa": "true", "@ref": "self", "@href": "https://api.elsevier.com/content/abstract/scopus_id/0027728384"},{"@_fa": "true", "@ref": "author-affiliation", "@href": "https://api.elsevier.com/content/abstract/scopus_id/0027728384?field=author,affiliation"},{"@_fa": "true", "@ref": "scopus", "@href": "https://www.scopus.com/inward/record.uri?partnerID=HzOxMe3b&scp=0027728384&origin=inward"},{"@_fa": "true", "@ref": "scopus-citedby", "@href": "https://www.scopus.com/inward/citedby.uri?partnerID=HzOxMe3b&scp=0027728384&origin=inward"}],"prism:url":"https://api.elsevier.com/content/abstract/scopus_id/0027728384","dc:identifier":"SCOPUS_ID:0027728384","eid":"2-s2.0-0027728384","dc:title":"The legacy of the mock dual economy: Chinese labour in transition 1978–1992","dc:creator":"Christiansen F.","prism:publicationName":"Economy and Society","prism:issn":"03085147","prism:eIssn":"14695766","prism:volume":"22","prism:issueIdentifier":"4","prism:pageRange":"411-436","prism:coverDate":"1993-11-01","prism:coverDisplayDate":"1 November 1993","prism:doi":"10.1080/03085149300000027","citedby-count":"11","prism:aggregationType":"Journal","subtype":"ar","subtypeDescription":"Article","source-id":"26043","openaccess":"0","openaccessFlag":false},{"@_fa": "true", "link": [{"@_fa": "true", "@ref": "self", "@href": "https://api.elsevier.com/content/abstract/scopus_id/21144465973"},{"@_fa": "true", "@ref": "author-affiliation", "@href": "https://api.elsevier.com/content/abstract/scopus_id/21144465973?field=author,affiliation"},{"@_fa": "true", "@ref": "scopus", "@href": "https://www.scopus.com/inward/record.uri?partnerID=HzOxMe3b&scp=21144465973&origin=inward"},{"@_fa": "true", "@ref": "scopus-citedby", "@href": "https://www.scopus.com/inward/citedby.uri?partnerID=HzOxMe3b&scp=21144465973&origin=inward"}],"prism:url":"https://api.elsevier.com/content/abstract/scopus_id/21144465973","dc:identifier":"SCOPUS_ID:21144465973","eid":"2-s2.0-21144465973","dc:title":"Clientelism, corruption, and the allocation of resources","dc:creator":"Kurer O.","prism:publicationName":"Public Choice","prism:issn":"00485829","prism:eIssn":"15737101","prism:volume":"77","prism:issueIdentifier":"2","prism:pageRange":"259-273","prism:coverDate":"1993-10-01","prism:coverDisplayDate":"October 1993","prism:doi":"10.1007/BF01047869","citedby-count":"53","affiliation": [{"@_fa": "true", "affilname":"Queensland University of Technology QUT","affiliation-city":"Brisbane","affiliation-country":"Australia"}],"prism:aggregationType":"Journal","subtype":"ar","subtypeDescription":"Article","source-id":"23611","openaccess":"0","openaccessFlag":false},{"@_fa": "true", "link": [{"@_fa": "true", "@ref": "self", "@href": "https://api.elsevier.com/content/abstract/scopus_id/0347515471"},{"@_fa": "true", "@ref": "author-affiliation", "@href": "https://api.elsevier.com/content/abstract/scopus_id/0347515471?field=author,affiliation"},{"@_fa": "true", "@ref": "scopus", "@href": "https://www.scopus.com/inward/record.uri?partnerID=HzOxMe3b&scp=0347515471&origin=inward"},{"@_fa": "true", "@ref": "scopus-citedby", "@href": "https://www.scopus.com/inward/citedby.uri?partnerID=HzOxMe3b&scp=0347515471&origin=inward"}],"prism:url":"https://api.elsevier.com/content/abstract/scopus_id/0347515471","dc:identifier":"SCOPUS_ID:0347515471","eid":"2-s2.0-0347515471","dc:title":"Continued clientelism in Chinese intellectual politics","dc:creator":"Ma S.","prism:publicationName":"Journal of Contemporary Asia","prism:issn":"00472336","prism:eIssn":"17527554","prism:volume":"23","prism:issueIdentifier":"4","prism:pageRange":"465-483","prism:coverDate":"1993-01-01","prism:coverDisplayDate":"1993","prism:doi":"10.1080/00472339380000271","citedby-count":"2","affiliation": [{"@_fa": "true", "affilname":"University of Toronto","affiliation-city":"Toronto","affiliation-country":"Canada"}],"prism:aggregationType":"Journal","subtype":"ar","subtypeDescription":"Article","source-id":"16473","openaccess":"0","openaccessFlag":false},{"@_fa": "true", "link": [{"@_fa": "true", "@ref": "self", "@href": "https://api.elsevier.com/content/abstract/scopus_id/0027510779"},{"@_fa": "true", "@ref": "author-affiliation", "@href": "https://api.elsevier.com/content/abstract/scopus_id/0027510779?field=author,affiliation"},{"@_fa": "true", "@ref": "scopus", "@href": "https://www.scopus.com/inward/record.uri?partnerID=HzOxMe3b&scp=0027510779&origin=inward"},{"@_fa": "true", "@ref": "scopus-citedby", "@href": "https://www.scopus.com/inward/citedby.uri?partnerID=HzOxMe3b&scp=0027510779&origin=inward"}],"prism:url":"https://api.elsevier.com/content/abstract/scopus_id/0027510779","dc:identifier":"SCOPUS_ID:0027510779","eid":"2-s2.0-0027510779","dc:title":"After regime change: Authoritarian Legacies, Political Representation, and the Democratic Future of South America","dc:creator":"Hagopian F.","prism:publicationName":"World Politics","prism:issn":"00438871","prism:eIssn":"10863338","prism:volume":"45","prism:issueIdentifier":"3","prism:pageRange":"464-500","prism:coverDate":"1993-01-01","prism:coverDisplayDate":"April 1993","prism:doi":"10.2307/2950726","citedby-count":"39","prism:aggregationType":"Journal","subtype":"re","subtypeDescription":"Review","source-id":"25725","openaccess":"0","openaccessFlag":false},{"@_fa": "true", "link": [{"@_fa": "true", "@ref": "self", "@href": "https://api.elsevier.com/content/abstract/scopus_id/0027728528"},{"@_fa": "true", "@ref": "author-affiliation", "@href": "https://api.elsevier.com/content/abstract/scopus_id/0027728528?field=author,affiliation"},{"@_fa": "true", "@ref": "scopus", "@href": "https://www.scopus.com/inward/record.uri?partnerID=HzOxMe3b&scp=0027728528&origin=inward"},{"@_fa": "true", "@ref": "scopus-citedby", "@href": "https://www.scopus.com/inward/citedby.uri?partnerID=HzOxMe3b&scp=0027728528&origin=inward"}],"prism:url":"https://api.elsevier.com/content/abstract/scopus_id/0027728528","dc:identifier":"SCOPUS_ID:0027728528","eid":"2-s2.0-0027728528","dc:title":"Local democracy and innovation in Eastern Europe","dc:creator":"Clark T.","prism:publicationName":"Environment &amp; Planning C: Government &amp; Policy","prism:volume":"11","prism:issueIdentifier":"2","prism:pageRange":"171-198","prism:coverDate":"1993-01-01","prism:coverDisplayDate":"1993","prism:doi":"10.1068/c110171","citedby-count":"12","affiliation": [{"@_fa": "true", "affilname":"University of Chicago","affiliation-city":"Chicago","affiliation-country":"United States"}],"prism:aggregationType":"Journal","subtype":"ar","subtypeDescription":"Article","source-id":"14610","openaccess":"0","openaccessFlag":false}]}}