{"search-results":{"opensearch:totalResults":"5","opensearch:startIndex":"0","opensearch:itemsPerPage":"5","opensearch:Query":{"@role": "request", "@searchTerms": "TITLE-ABS-KEY(\"clientelism\") AND SUBJAREA(SOCI) AND PUBYEAR = 1985", "@startPage": "0"},"link": [{"@_fa": "true", "@ref": "self", "@href": "https://api.elsevier.com/content/search/scopus?start=0&count=25&query=TITLE-ABS-KEY%28%22clientelism%22%29+AND+SUBJAREA%28SOCI%29+AND+PUBYEAR+%3D+1985&apiKey=27d953b4b546791964ebeb768d13e61f&view=STANDARD", "@type": "application/json"},{"@_fa": "true", "@ref": "first", "@href": "https://api.elsevier.com/content/search/scopus?start=0&count=25&query=TITLE-ABS-KEY%28%22clientelism%22%29+AND+SUBJAREA%28SOCI%29+AND+PUBYEAR+%3D+1985&apiKey=27d953b4b546791964ebeb768d13e61f&view=STANDARD", "@type": "application/json"}],"entry": [{"@_fa": "true", "link": [{"@_fa": "true", "@ref": "self", "@href": "https://api.elsevier.com/content/abstract/scopus_id/84974487252"},{"@_fa": "true", "@ref": "author-affiliation", "@href": "https://api.elsevier.com/content/abstract/scopus_id/84974487252?field=author,affiliation"},{"@_fa": "true", "@ref": "scopus", "@href": "https://www.scopus.com/inward/record.uri?partnerID=HzOxMe3b&scp=84974487252&origin=inward"},{"@_fa": "true", "@ref": "scopus-citedby", "@href": "https://www.scopus.com/inward/citedby.uri?partnerID=HzOxMe3b&scp=84974487252&origin=inward"}],"prism:url":"https://api.elsevier.com/content/abstract/scopus_id/84974487252","dc:identifier":"SCOPUS_ID:84974487252","eid":"2-s2.0-84974487252","dc:title":"Communism and clientelism: Rural Politics in China","dc:creator":"Oi J.","prism:publicationName":"World Politics","prism:issn":"00438871","prism:eIssn":"10863338","prism:volume":"37","prism:issueIdentifier":"2","prism:pageRange":"238-266","prism:coverDate":"1985-01-01","prism:coverDisplayDate":"January 1985","prism:doi":"10.2307/2010144","citedby-count":"66","affiliation": [{"@_fa": "true", "affilname":"University of Michigan, Ann Arbor","affiliation-city":"Ann Arbor","affiliation-country":"United States"}],"prism:aggregationType":"Journal","subtype":"ar","subtypeDescription":"Article","source-id":"25725","openaccess":"0","openaccessFlag":false},{"@_fa": "true", "link": [{"@_fa": "true", "@ref": "self", "@href": "https://api.elsevier.com/content/abstract/scopus_id/84950425080"},{"@_fa": "true", "@ref": "author-affiliation", "@href": "https://api.elsevier.com/content/abstract/scopus_id/84950425080?field=author,affiliation"},{"@_fa": "true", "@ref": "scopus", "@href": "https://www.scopus.com/inward/record.uri?partnerID=HzOxMe3b&scp=84950425080&origin=inward"},{"@_fa": "true", "@ref": "scopus-citedby", "@href": "https://www.scopus.com/inward/citedby.uri?partnerID=HzOxMe3b&scp=84950425080&origin=inward"}],"prism:url":"https://api.elsevier.com/content/abstract/scopus_id/84950425080","dc:identifier":"SCOPUS_ID:84950425080","eid":"2-s2.0-84950425080","dc:title":"Political clientelism and instability in the philippines","dc:creator":"Neher C.","prism:publicationName":"Asian Affairs","prism:issn":"00927678","prism:eIssn":"19401590","prism:volume":"12","prism:issueIdentifier":"3","prism:pageRange":"1-23","prism:coverDate":"1985-01-01","prism:coverDisplayDate":"Fall 1985","prism:doi":"10.1080/00927678.1985.10553680","citedby-count":"3","prism:aggregationType":"Journal","subtype":"no","subtypeDescription":"Note","source-id":"55037","openaccess":"0","openaccessFlag":false},{"@_fa": "true", "link": [{"@_fa": "true", "@ref": "self", "@href": "https://api.elsevier.com/content/abstract/scopus_id/0022171749"},{"@_fa": "true", "@ref": "author-affiliation", "@href": "https://api.elsevier.com/content/abstract/scopus_id/0022171749?field=author,affiliation"},{"@_fa": "true", "@ref": "scopus", "@href": "https://www.scopus.com/inward/record.uri?partnerID=HzOxMe3b&scp=0022171749&origin=inward"},{"@_fa": "true", "@ref": "scopus-citedby", "@href": "https://www.scopus.com/inward/citedby.uri?partnerID=HzOxMe3b&scp=0022171749&origin=inward"}],"prism:url":"https://api.elsevier.com/content/abstract/scopus_id/0022171749","dc:identifier":"SCOPUS_ID:0022171749","eid":"2-s2.0-0022171749","dc:title":"Dock workers of the port of Freetown: a case study of African working- class ambivalence ( Sierra Leone).","dc:creator":"Luke D.","prism:publicationName":"Canadian Journal of African Studies","prism:issn":"00083968","prism:volume":"19","prism:issueIdentifier":"3","prism:pageRange":"547-567","prism:coverDate":"1985-01-01","prism:coverDisplayDate":"1985","prism:doi":"10.1080/00083968.1985.10804131","citedby-count":"0","affiliation": [{"@_fa": "true", "affilname":"Dalhousie University","affiliation-city":"Halifax","affiliation-country":"Canada"}],"prism:aggregationType":"Journal","subtype":"ar","subtypeDescription":"Article","source-id":"25354","openaccess":"0","openaccessFlag":false},{"@_fa": "true", "link": [{"@_fa": "true", "@ref": "self", "@href": "https://api.elsevier.com/content/abstract/scopus_id/0022200083"},{"@_fa": "true", "@ref": "author-affiliation", "@href": "https://api.elsevier.com/content/abstract/scopus_id/0022200083?field=author,affiliation"},{"@_fa": "true", "@ref": "scopus", "@href": "https://www.scopus.com/inward/record.uri?partnerID=HzOxMe3b&scp=0022200083&origin=inward"},{"@_fa": "true", "@ref": "scopus-citedby", "@href": "https://www.scopus.com/inward/citedby.uri?partnerID=HzOxMe3b&scp=0022200083&origin=inward"}],"prism:url":"https://api.elsevier.com/content/abstract/scopus_id/0022200083","dc:identifier":"SCOPUS_ID:0022200083","eid":"2-s2.0-0022200083","dc:title":"Clientelism and careerism in Irish local government: the persecution of civil servants revisited.","dc:creator":"Collins C.","prism:publicationName":"Economic &amp; Social Review","prism:volume":"16","prism:issueIdentifier":"4","prism:pageRange":"273-286","prism:coverDate":"1985-01-01","prism:coverDisplayDate":"1985","citedby-count":"1","affiliation": [{"@_fa": "true", "affilname":"University of Liverpool","affiliation-city":"Liverpool","affiliation-country":"United Kingdom"}],"prism:aggregationType":"Journal","subtype":"ar","subtypeDescription":"Article","source-id":"19980","openaccess":"0","openaccessFlag":false},{"@_fa": "true", "link": [{"@_fa": "true", "@ref": "self", "@href": "https://api.elsevier.com/content/abstract/scopus_id/0022264850"},{"@_fa": "true", "@ref": "author-affiliation", "@href": "https://api.elsevier.com/content/abstract/scopus_id/0022264850?field=author,affiliation"},{"@_fa": "true", "@ref": "scopus", "@href": "https://www.scopus.com/inward/record.uri?partnerID=HzOxMe3b&scp=0022264850&origin=inward"},{"@_fa": "true", "@ref": "scopus-citedby", "@href": "https://www.scopus.com/inward/citedby.uri?partnerID=HzOxMe3b&scp=0022264850&origin=inward"},{"@_fa": "true", "@ref": "full-text", "@href": "https://api.elsevier.com/content/article/eid/1-s2.0-0277953685903053"}],"prism:url":"https://api.elsevier.com/content/abstract/scopus_id/0022264850","dc:identifier":"SCOPUS_ID:0022264850","eid":"2-s2.0-0022264850","dc:title":"Populism and health policy: The case of community health volunteers in India","dc:creator":"Jobert B.","prism:publicationName":"Social Science and Medicine","prism:issn":"02779536","prism:volume":"20","prism:issueIdentifier":"1","prism:pageRange":"1-25","prism:coverDate":"1985-01-01","prism:coverDisplayDate":"1985","prism:doi":"10.1016/0277-9536(85)90305-3","pii":"0277953685903053","citedby-count":"22","affiliation": [{"@_fa": "true", "affilname":"CERAT","affiliation-city":"Saint Martin d'Heres","affiliation-country":"France"}],"pubmed-id":"3975665","prism:aggregationType":"Journal","subtype":"ar","subtypeDescription":"Article","source-id":"18983","openaccess":"0","openaccessFlag":false}]}}