{"search-results":{"opensearch:totalResults":"11","opensearch:startIndex":"0","opensearch:itemsPerPage":"11","opensearch:Query":{"@role": "request", "@searchTerms": "TITLE-ABS-KEY(\"clientelism\") AND SUBJAREA(SOCI) AND PUBYEAR = 2000", "@startPage": "0"},"link": [{"@_fa": "true", "@ref": "self", "@href": "https://api.elsevier.com/content/search/scopus?start=0&count=25&query=TITLE-ABS-KEY%28%22clientelism%22%29+AND+SUBJAREA%28SOCI%29+AND+PUBYEAR+%3D+2000&apiKey=27d953b4b546791964ebeb768d13e61f&view=STANDARD", "@type": "application/json"},{"@_fa": "true", "@ref": "first", "@href": "https://api.elsevier.com/content/search/scopus?start=0&count=25&query=TITLE-ABS-KEY%28%22clientelism%22%29+AND+SUBJAREA%28SOCI%29+AND+PUBYEAR+%3D+2000&apiKey=27d953b4b546791964ebeb768d13e61f&view=STANDARD", "@type": "application/json"}],"entry": [{"@_fa": "true", "link": [{"@_fa": "true", "@ref": "self", "@href": "https://api.elsevier.com/content/abstract/scopus_id/0034519273"},{"@_fa": "true", "@ref": "author-affiliation", "@href": "https://api.elsevier.com/content/abstract/scopus_id/0034519273?field=author,affiliation"},{"@_fa": "true", "@ref": "scopus", "@href": "https://www.scopus.com/inward/record.uri?partnerID=HzOxMe3b&scp=0034519273&origin=inward"},{"@_fa": "true", "@ref": "scopus-citedby", "@href": "https://www.scopus.com/inward/citedby.uri?partnerID=HzOxMe3b&scp=0034519273&origin=inward"}],"prism:url":"https://api.elsevier.com/content/abstract/scopus_id/0034519273","dc:identifier":"SCOPUS_ID:0034519273","eid":"2-s2.0-0034519273","dc:title":"U.S. foreign policy and authoritarian regimes: Change and continuity in international clientelism","dc:creator":"Afoaku O.","prism:publicationName":"Journal of Third World Studies","prism:issn":"87553449","prism:volume":"17","prism:issueIdentifier":"2","prism:pageRange":"13-40","prism:coverDate":"2000-12-01","prism:coverDisplayDate":"2000","citedby-count":"7","affiliation": [{"@_fa": "true", "affilname":"University Northern Colorado","affiliation-city":"Greeley","affiliation-country":"United States"}],"prism:aggregationType":"Journal","subtype":"cp","subtypeDescription":"Conference Paper","source-id":"15886","openaccess":"0","openaccessFlag":false},{"@_fa": "true", "link": [{"@_fa": "true", "@ref": "self", "@href": "https://api.elsevier.com/content/abstract/scopus_id/0034444001"},{"@_fa": "true", "@ref": "author-affiliation", "@href": "https://api.elsevier.com/content/abstract/scopus_id/0034444001?field=author,affiliation"},{"@_fa": "true", "@ref": "scopus", "@href": "https://www.scopus.com/inward/record.uri?partnerID=HzOxMe3b&scp=0034444001&origin=inward"},{"@_fa": "true", "@ref": "scopus-citedby", "@href": "https://www.scopus.com/inward/citedby.uri?partnerID=HzOxMe3b&scp=0034444001&origin=inward"}],"prism:url":"https://api.elsevier.com/content/abstract/scopus_id/0034444001","dc:identifier":"SCOPUS_ID:0034444001","eid":"2-s2.0-0034444001","dc:title":"The Middle East in world politics. Models and research perspectives of the social sciences","dc:creator":"Pawelka P.","prism:publicationName":"Orient","prism:issn":"00305227","prism:volume":"41","prism:issueIdentifier":"4","prism:pageRange":"571-591","prism:coverDate":"2000-12-01","prism:coverDisplayDate":"2000","citedby-count":"1","prism:aggregationType":"Journal","subtype":"ar","subtypeDescription":"Article","source-id":"5600152983","openaccess":"0","openaccessFlag":false},{"@_fa": "true", "link": [{"@_fa": "true", "@ref": "self", "@href": "https://api.elsevier.com/content/abstract/scopus_id/0034452537"},{"@_fa": "true", "@ref": "author-affiliation", "@href": "https://api.elsevier.com/content/abstract/scopus_id/0034452537?field=author,affiliation"},{"@_fa": "true", "@ref": "scopus", "@href": "https://www.scopus.com/inward/record.uri?partnerID=HzOxMe3b&scp=0034452537&origin=inward"},{"@_fa": "true", "@ref": "scopus-citedby", "@href": "https://www.scopus.com/inward/citedby.uri?partnerID=HzOxMe3b&scp=0034452537&origin=inward"}],"prism:url":"https://api.elsevier.com/content/abstract/scopus_id/0034452537","dc:identifier":"SCOPUS_ID:0034452537","eid":"2-s2.0-0034452537","dc:title":"Political system in the Middle East: Concepts of analysis research strategies","dc:creator":"Pawelka P.","prism:publicationName":"Orient","prism:issn":"00305227","prism:volume":"41","prism:issueIdentifier":"3","prism:pageRange":"389-413","prism:coverDate":"2000-12-01","prism:coverDisplayDate":"2000","citedby-count":"6","prism:aggregationType":"Journal","subtype":"ar","subtypeDescription":"Article","source-id":"5600152983","openaccess":"0","openaccessFlag":false},{"@_fa": "true", "link": [{"@_fa": "true", "@ref": "self", "@href": "https://api.elsevier.com/content/abstract/scopus_id/0007261307"},{"@_fa": "true", "@ref": "author-affiliation", "@href": "https://api.elsevier.com/content/abstract/scopus_id/0007261307?field=author,affiliation"},{"@_fa": "true", "@ref": "scopus", "@href": "https://www.scopus.com/inward/record.uri?partnerID=HzOxMe3b&scp=0007261307&origin=inward"},{"@_fa": "true", "@ref": "scopus-citedby", "@href": "https://www.scopus.com/inward/citedby.uri?partnerID=HzOxMe3b&scp=0007261307&origin=inward"}],"prism:url":"https://api.elsevier.com/content/abstract/scopus_id/0007261307","dc:identifier":"SCOPUS_ID:0007261307","eid":"2-s2.0-0007261307","dc:title":"The logic of clientelism in Argentina: An ethnographic account","dc:creator":"Auyero J.","prism:publicationName":"Latin American Research Review","prism:issn":"00238791","prism:volume":"35","prism:issueIdentifier":"3","prism:pageRange":"55-82","prism:coverDate":"2000-01-01","prism:coverDisplayDate":"2000","citedby-count":"129","affiliation": [{"@_fa": "true", "affilname":"Stony Brook University","affiliation-city":"Stony Brook","affiliation-country":"United States"}],"prism:aggregationType":"Journal","subtype":"ar","subtypeDescription":"Article","source-id":"27733","openaccess":"0","openaccessFlag":false},{"@_fa": "true", "link": [{"@_fa": "true", "@ref": "self", "@href": "https://api.elsevier.com/content/abstract/scopus_id/0034528360"},{"@_fa": "true", "@ref": "author-affiliation", "@href": "https://api.elsevier.com/content/abstract/scopus_id/0034528360?field=author,affiliation"},{"@_fa": "true", "@ref": "scopus", "@href": "https://www.scopus.com/inward/record.uri?partnerID=HzOxMe3b&scp=0034528360&origin=inward"},{"@_fa": "true", "@ref": "scopus-citedby", "@href": "https://www.scopus.com/inward/citedby.uri?partnerID=HzOxMe3b&scp=0034528360&origin=inward"}],"prism:url":"https://api.elsevier.com/content/abstract/scopus_id/0034528360","dc:identifier":"SCOPUS_ID:0034528360","eid":"2-s2.0-0034528360","dc:title":"Clientelism, corruption and catastrophe","dc:creator":"Szeftel M.","prism:publicationName":"Review of African Political Economy","prism:issn":"03056244","prism:volume":"27","prism:issueIdentifier":"85","prism:pageRange":"427-441","prism:coverDate":"2000-01-01","prism:coverDisplayDate":"2000","prism:doi":"10.1080/03056240008704476","citedby-count":"38","affiliation": [{"@_fa": "true", "affilname":"University of Leeds","affiliation-city":"Leeds","affiliation-country":"United Kingdom"}],"prism:aggregationType":"Journal","subtype":"ar","subtypeDescription":"Article","source-id":"27938","openaccess":"0","openaccessFlag":false},{"@_fa": "true", "link": [{"@_fa": "true", "@ref": "self", "@href": "https://api.elsevier.com/content/abstract/scopus_id/0033885454"},{"@_fa": "true", "@ref": "author-affiliation", "@href": "https://api.elsevier.com/content/abstract/scopus_id/0033885454?field=author,affiliation"},{"@_fa": "true", "@ref": "scopus", "@href": "https://www.scopus.com/inward/record.uri?partnerID=HzOxMe3b&scp=0033885454&origin=inward"},{"@_fa": "true", "@ref": "scopus-citedby", "@href": "https://www.scopus.com/inward/citedby.uri?partnerID=HzOxMe3b&scp=0033885454&origin=inward"}],"prism:url":"https://api.elsevier.com/content/abstract/scopus_id/0033885454","dc:identifier":"SCOPUS_ID:0033885454","eid":"2-s2.0-0033885454","dc:title":"Old and new paradigms for urban research: Globalization and the fiscal austerity and urban innovation project","dc:creator":"Clark T.","prism:publicationName":"Urban Affairs Review","prism:issn":"10780874","prism:volume":"36","prism:issueIdentifier":"1","prism:pageRange":"3-45","prism:coverDate":"2000-01-01","prism:coverDisplayDate":"2000","prism:doi":"10.1177/10780870022184732","citedby-count":"35","affiliation": [{"@_fa": "true", "affilname":"University of Chicago","affiliation-city":"Chicago","affiliation-country":"United States"}],"prism:aggregationType":"Journal","subtype":"ar","subtypeDescription":"Article","source-id":"29643","openaccess":"0","openaccessFlag":false},{"@_fa": "true", "link": [{"@_fa": "true", "@ref": "self", "@href": "https://api.elsevier.com/content/abstract/scopus_id/0034339495"},{"@_fa": "true", "@ref": "author-affiliation", "@href": "https://api.elsevier.com/content/abstract/scopus_id/0034339495?field=author,affiliation"},{"@_fa": "true", "@ref": "scopus", "@href": "https://www.scopus.com/inward/record.uri?partnerID=HzOxMe3b&scp=0034339495&origin=inward"},{"@_fa": "true", "@ref": "scopus-citedby", "@href": "https://www.scopus.com/inward/citedby.uri?partnerID=HzOxMe3b&scp=0034339495&origin=inward"}],"prism:url":"https://api.elsevier.com/content/abstract/scopus_id/0034339495","dc:identifier":"SCOPUS_ID:0034339495","eid":"2-s2.0-0034339495","dc:title":"Problems in the study of democratization in Latin America: Regime analysis vs cultural studies","dc:creator":"Krischke P.","prism:publicationName":"International Sociology","prism:issn":"02685809","prism:volume":"15","prism:issueIdentifier":"1","prism:pageRange":"107-124","prism:coverDate":"2000-01-01","prism:coverDisplayDate":"March 2000","prism:doi":"10.1177/0268580900015001006","citedby-count":"0","affiliation": [{"@_fa": "true", "affilname":"Universidade Federal de Santa Catarina","affiliation-city":"Florianopolis","affiliation-country":"Brazil"}],"prism:aggregationType":"Journal","subtype":"ar","subtypeDescription":"Article","source-id":"15532","openaccess":"0","openaccessFlag":false},{"@_fa": "true", "link": [{"@_fa": "true", "@ref": "self", "@href": "https://api.elsevier.com/content/abstract/scopus_id/0040524610"},{"@_fa": "true", "@ref": "author-affiliation", "@href": "https://api.elsevier.com/content/abstract/scopus_id/0040524610?field=author,affiliation"},{"@_fa": "true", "@ref": "scopus", "@href": "https://www.scopus.com/inward/record.uri?partnerID=HzOxMe3b&scp=0040524610&origin=inward"},{"@_fa": "true", "@ref": "scopus-citedby", "@href": "https://www.scopus.com/inward/citedby.uri?partnerID=HzOxMe3b&scp=0040524610&origin=inward"}],"prism:url":"https://api.elsevier.com/content/abstract/scopus_id/0040524610","dc:identifier":"SCOPUS_ID:0040524610","eid":"2-s2.0-0040524610","dc:title":"Party system development and indigenous populations in Latin America: The Bolivian case","dc:creator":"Van Cott D.","prism:publicationName":"Party Politics","prism:issn":"13540688","prism:volume":"6","prism:issueIdentifier":"2","prism:pageRange":"155-174","prism:coverDate":"2000-01-01","prism:coverDisplayDate":"2000","prism:doi":"10.1177/1354068800006002002","citedby-count":"44","affiliation": [{"@_fa": "true", "affilname":"University of Tennessee, Knoxville","affiliation-city":"Knoxville","affiliation-country":"United States"}],"prism:aggregationType":"Journal","subtype":"ar","subtypeDescription":"Article","source-id":"67863","openaccess":"0","openaccessFlag":false},{"@_fa": "true", "link": [{"@_fa": "true", "@ref": "self", "@href": "https://api.elsevier.com/content/abstract/scopus_id/0039372620"},{"@_fa": "true", "@ref": "author-affiliation", "@href": "https://api.elsevier.com/content/abstract/scopus_id/0039372620?field=author,affiliation"},{"@_fa": "true", "@ref": "scopus", "@href": "https://www.scopus.com/inward/record.uri?partnerID=HzOxMe3b&scp=0039372620&origin=inward"},{"@_fa": "true", "@ref": "scopus-citedby", "@href": "https://www.scopus.com/inward/citedby.uri?partnerID=HzOxMe3b&scp=0039372620&origin=inward"}],"prism:url":"https://api.elsevier.com/content/abstract/scopus_id/0039372620","dc:identifier":"SCOPUS_ID:0039372620","eid":"2-s2.0-0039372620","dc:title":"Linkages between citizens and politicians in democratic polities","dc:creator":"Kitschelt H.","prism:publicationName":"Comparative Political Studies","prism:issn":"00104140","prism:volume":"33","prism:issueIdentifier":"6","prism:pageRange":"845-879","prism:coverDate":"2000-01-01","prism:coverDisplayDate":"August-September 2000","prism:doi":"10.1177/001041400003300607","citedby-count":"435","affiliation": [{"@_fa": "true", "affilname":"Duke University","affiliation-city":"Durham","affiliation-country":"United States"}],"prism:aggregationType":"Journal","subtype":"ar","subtypeDescription":"Article","source-id":"13447","openaccess":"0","openaccessFlag":false},{"@_fa": "true", "link": [{"@_fa": "true", "@ref": "self", "@href": "https://api.elsevier.com/content/abstract/scopus_id/0034473919"},{"@_fa": "true", "@ref": "author-affiliation", "@href": "https://api.elsevier.com/content/abstract/scopus_id/0034473919?field=author,affiliation"},{"@_fa": "true", "@ref": "scopus", "@href": "https://www.scopus.com/inward/record.uri?partnerID=HzOxMe3b&scp=0034473919&origin=inward"},{"@_fa": "true", "@ref": "scopus-citedby", "@href": "https://www.scopus.com/inward/citedby.uri?partnerID=HzOxMe3b&scp=0034473919&origin=inward"}],"prism:url":"https://api.elsevier.com/content/abstract/scopus_id/0034473919","dc:identifier":"SCOPUS_ID:0034473919","eid":"2-s2.0-0034473919","dc:title":"Informal institutions and democracy","dc:creator":"Lauth H.","prism:publicationName":"Democratization","prism:issn":"13510347","prism:volume":"7","prism:issueIdentifier":"4","prism:pageRange":"21-50","prism:coverDate":"2000-01-01","prism:coverDisplayDate":"2000","prism:doi":"10.1080/13510340008403683","citedby-count":"159","prism:aggregationType":"Journal","subtype":"ar","subtypeDescription":"Article","source-id":"24034","openaccess":"0","openaccessFlag":false},{"@_fa": "true", "link": [{"@_fa": "true", "@ref": "self", "@href": "https://api.elsevier.com/content/abstract/scopus_id/0034346123"},{"@_fa": "true", "@ref": "author-affiliation", "@href": "https://api.elsevier.com/content/abstract/scopus_id/0034346123?field=author,affiliation"},{"@_fa": "true", "@ref": "scopus", "@href": "https://www.scopus.com/inward/record.uri?partnerID=HzOxMe3b&scp=0034346123&origin=inward"},{"@_fa": "true", "@ref": "scopus-citedby", "@href": "https://www.scopus.com/inward/citedby.uri?partnerID=HzOxMe3b&scp=0034346123&origin=inward"}],"prism:url":"https://api.elsevier.com/content/abstract/scopus_id/0034346123","dc:identifier":"SCOPUS_ID:0034346123","eid":"2-s2.0-0034346123","dc:title":"Particularism and the modernization process in southern Italy","dc:creator":"Mutti A.","prism:publicationName":"International Sociology","prism:issn":"02685809","prism:volume":"15","prism:issueIdentifier":"4","prism:pageRange":"579-590","prism:coverDate":"2000-01-01","prism:coverDisplayDate":"December 2000","prism:doi":"10.1177/0268580900015004001","citedby-count":"10","affiliation": [{"@_fa": "true", "affilname":"Università degli Studi di Pavia","affiliation-city":"Pavia","affiliation-country":"Italy"}],"prism:aggregationType":"Journal","subtype":"ar","subtypeDescription":"Article","source-id":"15532","openaccess":"0","openaccessFlag":false}]}}