{"search-results":{"opensearch:totalResults":"36","opensearch:startIndex":"0","opensearch:itemsPerPage":"25","opensearch:Query":{"@role": "request", "@searchTerms": "TITLE-ABS-KEY(\"clientelism\") AND SUBJAREA(SOCI) AND PUBYEAR = 2010", "@startPage": "0"},"link": [{"@_fa": "true", "@ref": "self", "@href": "https://api.elsevier.com/content/search/scopus?start=0&count=25&query=TITLE-ABS-KEY%28%22clientelism%22%29+AND+SUBJAREA%28SOCI%29+AND+PUBYEAR+%3D+2010&apiKey=27d953b4b546791964ebeb768d13e61f&view=STANDARD", "@type": "application/json"},{"@_fa": "true", "@ref": "first", "@href": "https://api.elsevier.com/content/search/scopus?start=0&count=25&query=TITLE-ABS-KEY%28%22clientelism%22%29+AND+SUBJAREA%28SOCI%29+AND+PUBYEAR+%3D+2010&apiKey=27d953b4b546791964ebeb768d13e61f&view=STANDARD", "@type": "application/json"},{"@_fa": "true", "@ref": "next", "@href": "https://api.elsevier.com/content/search/scopus?start=25&count=25&query=TITLE-ABS-KEY%28%22clientelism%22%29+AND+SUBJAREA%28SOCI%29+AND+PUBYEAR+%3D+2010&apiKey=27d953b4b546791964ebeb768d13e61f&view=STANDARD", "@type": "application/json"},{"@_fa": "true", "@ref": "last", "@href": "https://api.elsevier.com/content/search/scopus?start=11&count=25&query=TITLE-ABS-KEY%28%22clientelism%22%29+AND+SUBJAREA%28SOCI%29+AND+PUBYEAR+%3D+2010&apiKey=27d953b4b546791964ebeb768d13e61f&view=STANDARD", "@type": "application/json"}],"entry": [{"@_fa": "true", "link": [{"@_fa": "true", "@ref": "self", "@href": "https://api.elsevier.com/content/abstract/scopus_id/78649484220"},{"@_fa": "true", "@ref": "author-affiliation", "@href": "https://api.elsevier.com/content/abstract/scopus_id/78649484220?field=author,affiliation"},{"@_fa": "true", "@ref": "scopus", "@href": "https://www.scopus.com/inward/record.uri?partnerID=HzOxMe3b&scp=78649484220&origin=inward"},{"@_fa": "true", "@ref": "scopus-citedby", "@href": "https://www.scopus.com/inward/citedby.uri?partnerID=HzOxMe3b&scp=78649484220&origin=inward"}],"prism:url":"https://api.elsevier.com/content/abstract/scopus_id/78649484220","dc:identifier":"SCOPUS_ID:78649484220","eid":"2-s2.0-78649484220","dc:title":"To refrain from capitalism or to improve it? the importance of equity during crisis","dc:creator":"Guogis A.","prism:publicationName":"Filosofija, Sociologija","prism:issn":"02357186","prism:volume":"21","prism:issueIdentifier":"2","prism:pageRange":"83-91","prism:coverDate":"2010-12-02","prism:coverDisplayDate":"2010","citedby-count":"0","affiliation": [{"@_fa": "true", "affilname":"Mykolas Romeris University","affiliation-city":"Vilnius","affiliation-country":"Lithuania"}],"prism:aggregationType":"Journal","subtype":"ar","subtypeDescription":"Article","source-id":"11600153664","openaccess":"0","openaccessFlag":false},{"@_fa": "true", "link": [{"@_fa": "true", "@ref": "self", "@href": "https://api.elsevier.com/content/abstract/scopus_id/78649807458"},{"@_fa": "true", "@ref": "author-affiliation", "@href": "https://api.elsevier.com/content/abstract/scopus_id/78649807458?field=author,affiliation"},{"@_fa": "true", "@ref": "scopus", "@href": "https://www.scopus.com/inward/record.uri?partnerID=HzOxMe3b&scp=78649807458&origin=inward"},{"@_fa": "true", "@ref": "scopus-citedby", "@href": "https://www.scopus.com/inward/citedby.uri?partnerID=HzOxMe3b&scp=78649807458&origin=inward"},{"@_fa": "true", "@ref": "full-text", "@href": "https://api.elsevier.com/content/article/eid/1-s2.0-S0261379410000843"}],"prism:url":"https://api.elsevier.com/content/abstract/scopus_id/78649807458","dc:identifier":"SCOPUS_ID:78649807458","eid":"2-s2.0-78649807458","dc:title":"District magnitude and voter turnout a multi-level analysis of self-reported voting in the 32 Dominican Republic districts","dc:creator":"Jacobs K.","prism:publicationName":"Electoral Studies","prism:issn":"02613794","prism:volume":"29","prism:issueIdentifier":"4","prism:pageRange":"704-718","prism:coverDate":"2010-12-01","prism:coverDisplayDate":"December 2010","prism:doi":"10.1016/j.electstud.2010.07.007","pii":"S0261379410000843","citedby-count":"12","affiliation": [{"@_fa": "true", "affilname":"Radboud University Nijmegen","affiliation-city":"Nijmegen","affiliation-country":"Netherlands"}],"prism:aggregationType":"Journal","subtype":"ar","subtypeDescription":"Article","source-id":"16114","openaccess":"0","openaccessFlag":false},{"@_fa": "true", "link": [{"@_fa": "true", "@ref": "self", "@href": "https://api.elsevier.com/content/abstract/scopus_id/79751507134"},{"@_fa": "true", "@ref": "author-affiliation", "@href": "https://api.elsevier.com/content/abstract/scopus_id/79751507134?field=author,affiliation"},{"@_fa": "true", "@ref": "scopus", "@href": "https://www.scopus.com/inward/record.uri?partnerID=HzOxMe3b&scp=79751507134&origin=inward"},{"@_fa": "true", "@ref": "scopus-citedby", "@href": "https://www.scopus.com/inward/citedby.uri?partnerID=HzOxMe3b&scp=79751507134&origin=inward"}],"prism:url":"https://api.elsevier.com/content/abstract/scopus_id/79751507134","dc:identifier":"SCOPUS_ID:79751507134","eid":"2-s2.0-79751507134","dc:title":"Sources of political corruption in a democratic system: On party corruption","dc:creator":"Ravlić S.","prism:publicationName":"Zbornik Pravnog Fakulteta u Zagrebu","prism:issn":"03502058","prism:volume":"60","prism:issueIdentifier":"6","prism:pageRange":"1241-1264","prism:coverDate":"2010-12-01","prism:coverDisplayDate":"December 2010","citedby-count":"1","affiliation": [{"@_fa": "true", "affilname":"University of Zagreb","affiliation-city":"Zagreb","affiliation-country":"Croatia"}],"prism:aggregationType":"Journal","subtype":"ar","subtypeDescription":"Article","source-id":"90482","openaccess":"0","openaccessFlag":false},{"@_fa": "true", "link": [{"@_fa": "true", "@ref": "self", "@href": "https://api.elsevier.com/content/abstract/scopus_id/84898565324"},{"@_fa": "true", "@ref": "author-affiliation", "@href": "https://api.elsevier.com/content/abstract/scopus_id/84898565324?field=author,affiliation"},{"@_fa": "true", "@ref": "scopus", "@href": "https://www.scopus.com/inward/record.uri?partnerID=HzOxMe3b&scp=84898565324&origin=inward"},{"@_fa": "true", "@ref": "scopus-citedby", "@href": "https://www.scopus.com/inward/citedby.uri?partnerID=HzOxMe3b&scp=84898565324&origin=inward"}],"prism:url":"https://api.elsevier.com/content/abstract/scopus_id/84898565324","dc:identifier":"SCOPUS_ID:84898565324","eid":"2-s2.0-84898565324","dc:title":"Poverty of democracy: The institutional roots of political participation in Mexico","dc:creator":"Holzner C.","prism:publicationName":"Poverty of Democracy: The Institutional Roots of Political Participation in Mexico","prism:isbn": [{"@_fa": "true", "$" :"9780822960782"}],"prism:pageRange":"1-281","prism:coverDate":"2010-12-01","prism:coverDisplayDate":"2010","citedby-count":"23","affiliation": [{"@_fa": "true", "affilname":"University of Pittsburgh","affiliation-city":"Pittsburgh","affiliation-country":"United States"}],"prism:aggregationType":"Book","subtype":"bk","subtypeDescription":"Book","source-id":"21100304714","openaccess":"0","openaccessFlag":false},{"@_fa": "true", "link": [{"@_fa": "true", "@ref": "self", "@href": "https://api.elsevier.com/content/abstract/scopus_id/77958589173"},{"@_fa": "true", "@ref": "author-affiliation", "@href": "https://api.elsevier.com/content/abstract/scopus_id/77958589173?field=author,affiliation"},{"@_fa": "true", "@ref": "scopus", "@href": "https://www.scopus.com/inward/record.uri?partnerID=HzOxMe3b&scp=77958589173&origin=inward"},{"@_fa": "true", "@ref": "scopus-citedby", "@href": "https://www.scopus.com/inward/citedby.uri?partnerID=HzOxMe3b&scp=77958589173&origin=inward"}],"prism:url":"https://api.elsevier.com/content/abstract/scopus_id/77958589173","dc:identifier":"SCOPUS_ID:77958589173","eid":"2-s2.0-77958589173","dc:title":"Notables, clientelism and the politics of change in Morocco","dc:creator":"Liddell J.","prism:publicationName":"Journal of North African Studies","prism:issn":"13629387","prism:eIssn":"17439345","prism:volume":"15","prism:issueIdentifier":"3","prism:pageRange":"315-331","prism:coverDate":"2010-11-01","prism:coverDisplayDate":"2010","prism:doi":"10.1080/13629380903175438","citedby-count":"13","affiliation": [{"@_fa": "true", "affilname":"The Project on Middle East Democracy, Inc.","affiliation-city":"Washington","affiliation-country":"United States"}],"prism:aggregationType":"Journal","subtype":"ar","subtypeDescription":"Article","source-id":"19096","openaccess":"0","openaccessFlag":false},{"@_fa": "true", "link": [{"@_fa": "true", "@ref": "self", "@href": "https://api.elsevier.com/content/abstract/scopus_id/78249290573"},{"@_fa": "true", "@ref": "author-affiliation", "@href": "https://api.elsevier.com/content/abstract/scopus_id/78249290573?field=author,affiliation"},{"@_fa": "true", "@ref": "scopus", "@href": "https://www.scopus.com/inward/record.uri?partnerID=HzOxMe3b&scp=78249290573&origin=inward"},{"@_fa": "true", "@ref": "scopus-citedby", "@href": "https://www.scopus.com/inward/citedby.uri?partnerID=HzOxMe3b&scp=78249290573&origin=inward"}],"prism:url":"https://api.elsevier.com/content/abstract/scopus_id/78249290573","dc:identifier":"SCOPUS_ID:78249290573","eid":"2-s2.0-78249290573","dc:title":"What do they know of India who only india know? The uses of comparative politics","dc:creator":"Manor J.","prism:publicationName":"Commonwealth and Comparative Politics","prism:issn":"14662043","prism:eIssn":"17439094","prism:volume":"48","prism:issueIdentifier":"4","prism:pageRange":"505-516","prism:coverDate":"2010-11-01","prism:coverDisplayDate":"November 2010","prism:doi":"10.1080/14662043.2010.522038","citedby-count":"15","affiliation": [{"@_fa": "true", "affilname":"University of London","affiliation-city":"London","affiliation-country":"United Kingdom"}],"prism:aggregationType":"Journal","subtype":"ar","subtypeDescription":"Article","source-id":"23925","openaccess":"0","openaccessFlag":false},{"@_fa": "true", "link": [{"@_fa": "true", "@ref": "self", "@href": "https://api.elsevier.com/content/abstract/scopus_id/77957603149"},{"@_fa": "true", "@ref": "author-affiliation", "@href": "https://api.elsevier.com/content/abstract/scopus_id/77957603149?field=author,affiliation"},{"@_fa": "true", "@ref": "scopus", "@href": "https://www.scopus.com/inward/record.uri?partnerID=HzOxMe3b&scp=77957603149&origin=inward"},{"@_fa": "true", "@ref": "scopus-citedby", "@href": "https://www.scopus.com/inward/citedby.uri?partnerID=HzOxMe3b&scp=77957603149&origin=inward"}],"prism:url":"https://api.elsevier.com/content/abstract/scopus_id/77957603149","dc:identifier":"SCOPUS_ID:77957603149","eid":"2-s2.0-77957603149","dc:title":"Political clientelism and rural development in south-western Nigeria","dc:creator":"Omobowale A.","prism:publicationName":"Africa","prism:issn":"00019720","prism:eIssn":"17500184","prism:volume":"80","prism:issueIdentifier":"3","prism:pageRange":"453-472","prism:coverDate":"2010-10-11","prism:coverDisplayDate":"2010","prism:doi":"10.3366/E0001972010001567","citedby-count":"4","affiliation": [{"@_fa": "true", "affilname":"University of Ibadan","affiliation-city":"Ibadan","affiliation-country":"Nigeria"}],"prism:aggregationType":"Journal","subtype":"ar","subtypeDescription":"Article","source-id":"18463","openaccess":"0","openaccessFlag":false},{"@_fa": "true", "link": [{"@_fa": "true", "@ref": "self", "@href": "https://api.elsevier.com/content/abstract/scopus_id/78651226375"},{"@_fa": "true", "@ref": "author-affiliation", "@href": "https://api.elsevier.com/content/abstract/scopus_id/78651226375?field=author,affiliation"},{"@_fa": "true", "@ref": "scopus", "@href": "https://www.scopus.com/inward/record.uri?partnerID=HzOxMe3b&scp=78651226375&origin=inward"},{"@_fa": "true", "@ref": "scopus-citedby", "@href": "https://www.scopus.com/inward/citedby.uri?partnerID=HzOxMe3b&scp=78651226375&origin=inward"}],"prism:url":"https://api.elsevier.com/content/abstract/scopus_id/78651226375","dc:identifier":"SCOPUS_ID:78651226375","eid":"2-s2.0-78651226375","dc:title":"Contestation et patronage: Intersections et interactions au microscope","dc:creator":"Auyero J.","prism:publicationName":"Revue Internationale de Politique Comparee","prism:issn":"13700731","prism:volume":"17","prism:issueIdentifier":"2","prism:pageRange":"71-102","prism:coverDate":"2010-10-05","prism:coverDisplayDate":"5 October 2010","prism:doi":"10.3917/ripc.172.0071","citedby-count":"6","prism:aggregationType":"Journal","subtype":"ar","subtypeDescription":"Article","source-id":"5700161893","openaccess":"0","openaccessFlag":false},{"@_fa": "true", "link": [{"@_fa": "true", "@ref": "self", "@href": "https://api.elsevier.com/content/abstract/scopus_id/77956834003"},{"@_fa": "true", "@ref": "author-affiliation", "@href": "https://api.elsevier.com/content/abstract/scopus_id/77956834003?field=author,affiliation"},{"@_fa": "true", "@ref": "scopus", "@href": "https://www.scopus.com/inward/record.uri?partnerID=HzOxMe3b&scp=77956834003&origin=inward"},{"@_fa": "true", "@ref": "scopus-citedby", "@href": "https://www.scopus.com/inward/citedby.uri?partnerID=HzOxMe3b&scp=77956834003&origin=inward"}],"prism:url":"https://api.elsevier.com/content/abstract/scopus_id/77956834003","dc:identifier":"SCOPUS_ID:77956834003","eid":"2-s2.0-77956834003","dc:title":"Twenty-first century clientelism? State and community on the Isle of Rum, Scotland","dc:creator":"Thompson N.","prism:publicationName":"Sociologia Ruralis","prism:issn":"00380199","prism:eIssn":"14679523","prism:volume":"50","prism:issueIdentifier":"4","prism:pageRange":"352-369","prism:coverDate":"2010-10-01","prism:coverDisplayDate":"October 2010","prism:doi":"10.1111/j.1467-9523.2010.00509.x","citedby-count":"2","affiliation": [{"@_fa": "true", "affilname":"Newcastle University, United Kingdom","affiliation-city":"Newcastle","affiliation-country":"United Kingdom"}],"prism:aggregationType":"Journal","subtype":"ar","subtypeDescription":"Article","source-id":"18062","openaccess":"1","openaccessFlag":true},{"@_fa": "true", "link": [{"@_fa": "true", "@ref": "self", "@href": "https://api.elsevier.com/content/abstract/scopus_id/78049481415"},{"@_fa": "true", "@ref": "author-affiliation", "@href": "https://api.elsevier.com/content/abstract/scopus_id/78049481415?field=author,affiliation"},{"@_fa": "true", "@ref": "scopus", "@href": "https://www.scopus.com/inward/record.uri?partnerID=HzOxMe3b&scp=78049481415&origin=inward"},{"@_fa": "true", "@ref": "scopus-citedby", "@href": "https://www.scopus.com/inward/citedby.uri?partnerID=HzOxMe3b&scp=78049481415&origin=inward"}],"prism:url":"https://api.elsevier.com/content/abstract/scopus_id/78049481415","dc:identifier":"SCOPUS_ID:78049481415","eid":"2-s2.0-78049481415","dc:title":"Is there an extended family of Mediterranean welfare states?","dc:creator":"Gal J.","prism:publicationName":"Journal of European Social Policy","prism:issn":"09589287","prism:eIssn":"14617269","prism:volume":"20","prism:issueIdentifier":"4","prism:pageRange":"283-300","prism:coverDate":"2010-10-01","prism:coverDisplayDate":"October 2010","prism:doi":"10.1177/0958928710374374","citedby-count":"96","affiliation": [{"@_fa": "true", "affilname":"Hebrew University of Jerusalem","affiliation-city":"Jerusalem","affiliation-country":"Israel"}],"prism:aggregationType":"Journal","subtype":"ar","subtypeDescription":"Article","source-id":"26350","openaccess":"0","openaccessFlag":false},{"@_fa": "true", "link": [{"@_fa": "true", "@ref": "self", "@href": "https://api.elsevier.com/content/abstract/scopus_id/77957875450"},{"@_fa": "true", "@ref": "author-affiliation", "@href": "https://api.elsevier.com/content/abstract/scopus_id/77957875450?field=author,affiliation"},{"@_fa": "true", "@ref": "scopus", "@href": "https://www.scopus.com/inward/record.uri?partnerID=HzOxMe3b&scp=77957875450&origin=inward"},{"@_fa": "true", "@ref": "scopus-citedby", "@href": "https://www.scopus.com/inward/citedby.uri?partnerID=HzOxMe3b&scp=77957875450&origin=inward"}],"prism:url":"https://api.elsevier.com/content/abstract/scopus_id/77957875450","dc:identifier":"SCOPUS_ID:77957875450","eid":"2-s2.0-77957875450","dc:title":"Nigerian elections and the neopatrimonial paradox: In search of the social contract","dc:creator":"Kew D.","prism:publicationName":"Journal of Contemporary African Studies","prism:issn":"02589001","prism:eIssn":"14699397","prism:volume":"28","prism:issueIdentifier":"4","prism:pageRange":"499-521","prism:coverDate":"2010-10-01","prism:coverDisplayDate":"October 2010","prism:doi":"10.1080/02589001.2010.512744","pii":"927631264","citedby-count":"5","affiliation": [{"@_fa": "true", "affilname":"University of Massachusetts Boston","affiliation-city":"Boston","affiliation-country":"United States"}],"prism:aggregationType":"Journal","subtype":"ar","subtypeDescription":"Article","source-id":"27665","openaccess":"0","openaccessFlag":false},{"@_fa": "true", "link": [{"@_fa": "true", "@ref": "self", "@href": "https://api.elsevier.com/content/abstract/scopus_id/78650079165"},{"@_fa": "true", "@ref": "author-affiliation", "@href": "https://api.elsevier.com/content/abstract/scopus_id/78650079165?field=author,affiliation"},{"@_fa": "true", "@ref": "scopus", "@href": "https://www.scopus.com/inward/record.uri?partnerID=HzOxMe3b&scp=78650079165&origin=inward"},{"@_fa": "true", "@ref": "scopus-citedby", "@href": "https://www.scopus.com/inward/citedby.uri?partnerID=HzOxMe3b&scp=78650079165&origin=inward"}],"prism:url":"https://api.elsevier.com/content/abstract/scopus_id/78650079165","dc:identifier":"SCOPUS_ID:78650079165","eid":"2-s2.0-78650079165","dc:title":"Patrões e clientes ou redistribuição entre iguais?: Uma revisão sobre clientelismo político e suas transposições contextuais","dc:creator":"Colabella L.","prism:publicationName":"Mana: Estudos de Antropologia Social","prism:issn":"01049313","prism:volume":"16","prism:issueIdentifier":"2","prism:pageRange":"287-310","prism:coverDate":"2010-10-01","prism:coverDisplayDate":"October 2010","citedby-count":"0","affiliation": [{"@_fa": "true", "affilname":"Universidade Federal do Rio de Janeiro","affiliation-city":"Rio de Janeiro","affiliation-country":"Brazil"}],"prism:aggregationType":"Journal","subtype":"ar","subtypeDescription":"Article","source-id":"5100154602","openaccess":"0","openaccessFlag":false},{"@_fa": "true", "link": [{"@_fa": "true", "@ref": "self", "@href": "https://api.elsevier.com/content/abstract/scopus_id/78649356449"},{"@_fa": "true", "@ref": "author-affiliation", "@href": "https://api.elsevier.com/content/abstract/scopus_id/78649356449?field=author,affiliation"},{"@_fa": "true", "@ref": "scopus", "@href": "https://www.scopus.com/inward/record.uri?partnerID=HzOxMe3b&scp=78649356449&origin=inward"},{"@_fa": "true", "@ref": "scopus-citedby", "@href": "https://www.scopus.com/inward/citedby.uri?partnerID=HzOxMe3b&scp=78649356449&origin=inward"}],"prism:url":"https://api.elsevier.com/content/abstract/scopus_id/78649356449","dc:identifier":"SCOPUS_ID:78649356449","eid":"2-s2.0-78649356449","dc:title":"Poverty, inequality and the challenges of pro-poor governance in Bangladesh","dc:creator":"Afsar R.","prism:publicationName":"Journal of South Asian Development","prism:issn":"09731741","prism:eIssn":"09731733","prism:volume":"5","prism:issueIdentifier":"2","prism:pageRange":"187-219","prism:coverDate":"2010-10-01","prism:coverDisplayDate":"October 2010","prism:doi":"10.1177/097317411000500201","citedby-count":"6","prism:aggregationType":"Journal","subtype":"ar","subtypeDescription":"Article","source-id":"17600155208","openaccess":"0","openaccessFlag":false},{"@_fa": "true", "link": [{"@_fa": "true", "@ref": "self", "@href": "https://api.elsevier.com/content/abstract/scopus_id/77956505020"},{"@_fa": "true", "@ref": "author-affiliation", "@href": "https://api.elsevier.com/content/abstract/scopus_id/77956505020?field=author,affiliation"},{"@_fa": "true", "@ref": "scopus", "@href": "https://www.scopus.com/inward/record.uri?partnerID=HzOxMe3b&scp=77956505020&origin=inward"},{"@_fa": "true", "@ref": "scopus-citedby", "@href": "https://www.scopus.com/inward/citedby.uri?partnerID=HzOxMe3b&scp=77956505020&origin=inward"}],"prism:url":"https://api.elsevier.com/content/abstract/scopus_id/77956505020","dc:identifier":"SCOPUS_ID:77956505020","eid":"2-s2.0-77956505020","dc:title":"South European Atlas: Sorting through the trash: The waste management crisis in Southern Italy","dc:creator":"Pasotti E.","prism:publicationName":"South European Society and Politics","prism:issn":"13608746","prism:eIssn":"17439612","prism:volume":"15","prism:issueIdentifier":"2","prism:pageRange":"289-307","prism:coverDate":"2010-09-17","prism:coverDisplayDate":"2010","prism:doi":"10.1080/13608740903497733","citedby-count":"17","affiliation": [{"@_fa": "true", "affilname":"University of California, Santa Cruz","affiliation-city":"Santa Cruz","affiliation-country":"United States"}],"prism:aggregationType":"Journal","subtype":"ar","subtypeDescription":"Article","source-id":"28082","openaccess":"0","openaccessFlag":false},{"@_fa": "true", "link": [{"@_fa": "true", "@ref": "self", "@href": "https://api.elsevier.com/content/abstract/scopus_id/77956238209"},{"@_fa": "true", "@ref": "author-affiliation", "@href": "https://api.elsevier.com/content/abstract/scopus_id/77956238209?field=author,affiliation"},{"@_fa": "true", "@ref": "scopus", "@href": "https://www.scopus.com/inward/record.uri?partnerID=HzOxMe3b&scp=77956238209&origin=inward"},{"@_fa": "true", "@ref": "scopus-citedby", "@href": "https://www.scopus.com/inward/citedby.uri?partnerID=HzOxMe3b&scp=77956238209&origin=inward"}],"prism:url":"https://api.elsevier.com/content/abstract/scopus_id/77956238209","dc:identifier":"SCOPUS_ID:77956238209","eid":"2-s2.0-77956238209","dc:title":"The role of International clientelism in the national factionalism of Palestine","dc:creator":"Tuastad D.","prism:publicationName":"Third World Quarterly","prism:issn":"01436597","prism:eIssn":"13602241","prism:volume":"31","prism:issueIdentifier":"5","prism:pageRange":"791-802","prism:coverDate":"2010-09-08","prism:coverDisplayDate":"2010","prism:doi":"10.1080/01436597.2010.503569","citedby-count":"7","affiliation": [{"@_fa": "true", "affilname":"International Peace Research Institute, Oslo","affiliation-city":"Oslo","affiliation-country":"Norway"}],"prism:aggregationType":"Journal","subtype":"ar","subtypeDescription":"Article","source-id":"15471","openaccess":"0","openaccessFlag":false},{"@_fa": "true", "link": [{"@_fa": "true", "@ref": "self", "@href": "https://api.elsevier.com/content/abstract/scopus_id/79959698321"},{"@_fa": "true", "@ref": "author-affiliation", "@href": "https://api.elsevier.com/content/abstract/scopus_id/79959698321?field=author,affiliation"},{"@_fa": "true", "@ref": "scopus", "@href": "https://www.scopus.com/inward/record.uri?partnerID=HzOxMe3b&scp=79959698321&origin=inward"},{"@_fa": "true", "@ref": "scopus-citedby", "@href": "https://www.scopus.com/inward/citedby.uri?partnerID=HzOxMe3b&scp=79959698321&origin=inward"}],"prism:url":"https://api.elsevier.com/content/abstract/scopus_id/79959698321","dc:identifier":"SCOPUS_ID:79959698321","eid":"2-s2.0-79959698321","dc:title":"A city for the temporary? Political economy and urban planning in Darwin, Australia","dc:creator":"Carson D.","prism:publicationName":"Urban Policy and Research","prism:issn":"08111146","prism:eIssn":"14767244","prism:volume":"28","prism:issueIdentifier":"3","prism:pageRange":"293-310","prism:coverDate":"2010-09-01","prism:coverDisplayDate":"September 2010","prism:doi":"10.1080/08111146.2010.509886","citedby-count":"18","affiliation": [{"@_fa": "true", "affilname":"Charles Darwin University","affiliation-city":"Darwin","affiliation-country":"Australia"}],"prism:aggregationType":"Journal","subtype":"ar","subtypeDescription":"Article","source-id":"19700170462","openaccess":"0","openaccessFlag":false},{"@_fa": "true", "link": [{"@_fa": "true", "@ref": "self", "@href": "https://api.elsevier.com/content/abstract/scopus_id/78751491658"},{"@_fa": "true", "@ref": "author-affiliation", "@href": "https://api.elsevier.com/content/abstract/scopus_id/78751491658?field=author,affiliation"},{"@_fa": "true", "@ref": "scopus", "@href": "https://www.scopus.com/inward/record.uri?partnerID=HzOxMe3b&scp=78751491658&origin=inward"},{"@_fa": "true", "@ref": "scopus-citedby", "@href": "https://www.scopus.com/inward/citedby.uri?partnerID=HzOxMe3b&scp=78751491658&origin=inward"}],"prism:url":"https://api.elsevier.com/content/abstract/scopus_id/78751491658","dc:identifier":"SCOPUS_ID:78751491658","eid":"2-s2.0-78751491658","dc:title":"Rusfeti and political patronage in the Republic of Cyprus","dc:creator":"Faustmann H.","prism:publicationName":"Cyprus Review","prism:issn":"10152881","prism:volume":"22","prism:issueIdentifier":"2","prism:pageRange":"269-289","prism:coverDate":"2010-09-01","prism:coverDisplayDate":"September 2010","citedby-count":"20","prism:aggregationType":"Journal","subtype":"ar","subtypeDescription":"Article","source-id":"145698","openaccess":"0","openaccessFlag":false},{"@_fa": "true", "link": [{"@_fa": "true", "@ref": "self", "@href": "https://api.elsevier.com/content/abstract/scopus_id/84857604218"},{"@_fa": "true", "@ref": "author-affiliation", "@href": "https://api.elsevier.com/content/abstract/scopus_id/84857604218?field=author,affiliation"},{"@_fa": "true", "@ref": "scopus", "@href": "https://www.scopus.com/inward/record.uri?partnerID=HzOxMe3b&scp=84857604218&origin=inward"},{"@_fa": "true", "@ref": "scopus-citedby", "@href": "https://www.scopus.com/inward/citedby.uri?partnerID=HzOxMe3b&scp=84857604218&origin=inward"}],"prism:url":"https://api.elsevier.com/content/abstract/scopus_id/84857604218","dc:identifier":"SCOPUS_ID:84857604218","eid":"2-s2.0-84857604218","dc:title":"Anti-corruption in Slovakia: The role of civil society","dc:creator":"Pawelke A.","prism:publicationName":"Romanian Journal of Political Science","prism:issn":"1582456X","prism:volume":"10","prism:issueIdentifier":"SPEC. ISSUE","prism:pageRange":"96-117","prism:coverDate":"2010-09-01","prism:coverDisplayDate":"September 2010","citedby-count":"4","affiliation": [{"@_fa": "true", "affilname":"Hertie School of Governance","affiliation-city":null,"affiliation-country":"Germany"}],"prism:aggregationType":"Journal","subtype":"ar","subtypeDescription":"Article","source-id":"19900192704","openaccess":"0","openaccessFlag":false},{"@_fa": "true", "link": [{"@_fa": "true", "@ref": "self", "@href": "https://api.elsevier.com/content/abstract/scopus_id/77955350369"},{"@_fa": "true", "@ref": "author-affiliation", "@href": "https://api.elsevier.com/content/abstract/scopus_id/77955350369?field=author,affiliation"},{"@_fa": "true", "@ref": "scopus", "@href": "https://www.scopus.com/inward/record.uri?partnerID=HzOxMe3b&scp=77955350369&origin=inward"},{"@_fa": "true", "@ref": "scopus-citedby", "@href": "https://www.scopus.com/inward/citedby.uri?partnerID=HzOxMe3b&scp=77955350369&origin=inward"}],"prism:url":"https://api.elsevier.com/content/abstract/scopus_id/77955350369","dc:identifier":"SCOPUS_ID:77955350369","eid":"2-s2.0-77955350369","dc:title":"Institutional legitimacy and Russian news: Case studies of four regional newspapers","dc:creator":"Lowrey W.","prism:publicationName":"Political Communication","prism:issn":"10584609","prism:eIssn":"10917675","prism:volume":"27","prism:issueIdentifier":"3","prism:pageRange":"275-288","prism:coverDate":"2010-08-13","prism:coverDisplayDate":"2010","prism:doi":"10.1080/10584609.2010.494282","citedby-count":"12","affiliation": [{"@_fa": "true", "affilname":"University of Alabama","affiliation-city":"Tuscaloosa","affiliation-country":"United States"}],"prism:aggregationType":"Journal","subtype":"ar","subtypeDescription":"Article","source-id":"22838","openaccess":"0","openaccessFlag":false},{"@_fa": "true", "link": [{"@_fa": "true", "@ref": "self", "@href": "https://api.elsevier.com/content/abstract/scopus_id/77954956005"},{"@_fa": "true", "@ref": "author-affiliation", "@href": "https://api.elsevier.com/content/abstract/scopus_id/77954956005?field=author,affiliation"},{"@_fa": "true", "@ref": "scopus", "@href": "https://www.scopus.com/inward/record.uri?partnerID=HzOxMe3b&scp=77954956005&origin=inward"},{"@_fa": "true", "@ref": "scopus-citedby", "@href": "https://www.scopus.com/inward/citedby.uri?partnerID=HzOxMe3b&scp=77954956005&origin=inward"}],"prism:url":"https://api.elsevier.com/content/abstract/scopus_id/77954956005","dc:identifier":"SCOPUS_ID:77954956005","eid":"2-s2.0-77954956005","dc:title":"Access to power versus exercise of power reconceptualizing the quality of democracy in latin America","dc:creator":"Mazzuca S.","prism:publicationName":"Studies in Comparative International Development","prism:issn":"00393606","prism:volume":"45","prism:issueIdentifier":"3","prism:pageRange":"334-357","prism:coverDate":"2010-07-19","prism:coverDisplayDate":"2010","prism:doi":"10.1007/s12116-010-9069-5","citedby-count":"43","affiliation": [{"@_fa": "true", "affilname":"Weatherhead Center for International Affairs, Cambridge","affiliation-city":"Cambridge","affiliation-country":"United States"}],"prism:aggregationType":"Journal","subtype":"ar","subtypeDescription":"Article","source-id":"26587","openaccess":"0","openaccessFlag":false},{"@_fa": "true", "link": [{"@_fa": "true", "@ref": "self", "@href": "https://api.elsevier.com/content/abstract/scopus_id/77954669146"},{"@_fa": "true", "@ref": "author-affiliation", "@href": "https://api.elsevier.com/content/abstract/scopus_id/77954669146?field=author,affiliation"},{"@_fa": "true", "@ref": "scopus", "@href": "https://www.scopus.com/inward/record.uri?partnerID=HzOxMe3b&scp=77954669146&origin=inward"},{"@_fa": "true", "@ref": "scopus-citedby", "@href": "https://www.scopus.com/inward/citedby.uri?partnerID=HzOxMe3b&scp=77954669146&origin=inward"}],"prism:url":"https://api.elsevier.com/content/abstract/scopus_id/77954669146","dc:identifier":"SCOPUS_ID:77954669146","eid":"2-s2.0-77954669146","dc:title":"Bricks and mortar clientelism: Sectarianism and the logics of welfare allocation in Lebanon","dc:creator":"Cammett M.","prism:publicationName":"World Politics","prism:issn":"00438871","prism:eIssn":"10863338","prism:volume":"62","prism:issueIdentifier":"3","prism:pageRange":"381-421","prism:coverDate":"2010-07-01","prism:coverDisplayDate":"July 2010","prism:doi":"10.1017/S0043887110000080","citedby-count":"77","prism:aggregationType":"Journal","subtype":"ar","subtypeDescription":"Article","source-id":"25725","openaccess":"1","openaccessFlag":true},{"@_fa": "true", "link": [{"@_fa": "true", "@ref": "self", "@href": "https://api.elsevier.com/content/abstract/scopus_id/77952942028"},{"@_fa": "true", "@ref": "author-affiliation", "@href": "https://api.elsevier.com/content/abstract/scopus_id/77952942028?field=author,affiliation"},{"@_fa": "true", "@ref": "scopus", "@href": "https://www.scopus.com/inward/record.uri?partnerID=HzOxMe3b&scp=77952942028&origin=inward"},{"@_fa": "true", "@ref": "scopus-citedby", "@href": "https://www.scopus.com/inward/citedby.uri?partnerID=HzOxMe3b&scp=77952942028&origin=inward"}],"prism:url":"https://api.elsevier.com/content/abstract/scopus_id/77952942028","dc:identifier":"SCOPUS_ID:77952942028","eid":"2-s2.0-77952942028","dc:title":"The political economy of authoritarian single-party dominance","dc:creator":"Greene K.","prism:publicationName":"Comparative Political Studies","prism:issn":"00104140","prism:eIssn":"15523829","prism:volume":"43","prism:issueIdentifier":"7","prism:pageRange":"807-834","prism:coverDate":"2010-06-10","prism:coverDisplayDate":"2010","prism:doi":"10.1177/0010414009332462","citedby-count":"78","affiliation": [{"@_fa": "true", "affilname":"University of Texas at Austin","affiliation-city":"Austin","affiliation-country":"United States"}],"prism:aggregationType":"Journal","subtype":"ar","subtypeDescription":"Article","source-id":"13447","openaccess":"0","openaccessFlag":false},{"@_fa": "true", "link": [{"@_fa": "true", "@ref": "self", "@href": "https://api.elsevier.com/content/abstract/scopus_id/78649458314"},{"@_fa": "true", "@ref": "author-affiliation", "@href": "https://api.elsevier.com/content/abstract/scopus_id/78649458314?field=author,affiliation"},{"@_fa": "true", "@ref": "scopus", "@href": "https://www.scopus.com/inward/record.uri?partnerID=HzOxMe3b&scp=78649458314&origin=inward"},{"@_fa": "true", "@ref": "scopus-citedby", "@href": "https://www.scopus.com/inward/citedby.uri?partnerID=HzOxMe3b&scp=78649458314&origin=inward"}],"prism:url":"https://api.elsevier.com/content/abstract/scopus_id/78649458314","dc:identifier":"SCOPUS_ID:78649458314","eid":"2-s2.0-78649458314","dc:title":"From Militancy to Clientelism: Labor Union Strategies and Membership Trajectories in Contemporary Chile","dc:creator":"Palacios-Valladares I.","prism:publicationName":"Latin American Politics and Society","prism:issn":"1531426X","prism:volume":"52","prism:issueIdentifier":"2","prism:pageRange":"73-102","prism:coverDate":"2010-06-01","prism:coverDisplayDate":"June 2010","prism:doi":"10.1111/j.1548-2456.2010.00082.x","citedby-count":"5","affiliation": [{"@_fa": "true", "affilname":"The University of North Carolina System","affiliation-city":"Chapel Hill","affiliation-country":"United States"}],"prism:aggregationType":"Journal","subtype":"ar","subtypeDescription":"Article","source-id":"26459","openaccess":"0","openaccessFlag":false},{"@_fa": "true", "link": [{"@_fa": "true", "@ref": "self", "@href": "https://api.elsevier.com/content/abstract/scopus_id/77956533089"},{"@_fa": "true", "@ref": "author-affiliation", "@href": "https://api.elsevier.com/content/abstract/scopus_id/77956533089?field=author,affiliation"},{"@_fa": "true", "@ref": "scopus", "@href": "https://www.scopus.com/inward/record.uri?partnerID=HzOxMe3b&scp=77956533089&origin=inward"},{"@_fa": "true", "@ref": "scopus-citedby", "@href": "https://www.scopus.com/inward/citedby.uri?partnerID=HzOxMe3b&scp=77956533089&origin=inward"}],"prism:url":"https://api.elsevier.com/content/abstract/scopus_id/77956533089","dc:identifier":"SCOPUS_ID:77956533089","eid":"2-s2.0-77956533089","dc:title":"Federalism, electoral dynamics and public policies in Brazil: A typology and some hypotheses","dc:creator":"Borges A.","prism:publicationName":"Sociologias","prism:issn":"15174522","prism:issueIdentifier":"24","prism:pageRange":"120-157","prism:coverDate":"2010-05-01","prism:coverDisplayDate":"May 2010","citedby-count":"2","affiliation": [{"@_fa": "true", "affilname":"Universidade de Brasília","affiliation-city":"Brasilia","affiliation-country":"Brazil"}],"prism:aggregationType":"Journal","subtype":"ar","subtypeDescription":"Article","source-id":"4700153602","openaccess":"0","openaccessFlag":false},{"@_fa": "true", "link": [{"@_fa": "true", "@ref": "self", "@href": "https://api.elsevier.com/content/abstract/scopus_id/78650064989"},{"@_fa": "true", "@ref": "author-affiliation", "@href": "https://api.elsevier.com/content/abstract/scopus_id/78650064989?field=author,affiliation"},{"@_fa": "true", "@ref": "scopus", "@href": "https://www.scopus.com/inward/record.uri?partnerID=HzOxMe3b&scp=78650064989&origin=inward"},{"@_fa": "true", "@ref": "scopus-citedby", "@href": "https://www.scopus.com/inward/citedby.uri?partnerID=HzOxMe3b&scp=78650064989&origin=inward"}],"prism:url":"https://api.elsevier.com/content/abstract/scopus_id/78650064989","dc:identifier":"SCOPUS_ID:78650064989","eid":"2-s2.0-78650064989","dc:title":"Democracy without parties? Some lessons from Peru","dc:creator":"Crabtree J.","prism:publicationName":"Journal of Latin American Studies","prism:issn":"0022216X","prism:eIssn":"1469767X","prism:volume":"42","prism:issueIdentifier":"2","prism:pageRange":"357-382","prism:coverDate":"2010-05-01","prism:coverDisplayDate":"May 2010","prism:doi":"10.1017/S0022216X10000477","pii":"S0022216X10000477","citedby-count":"10","affiliation": [{"@_fa": "true", "affilname":"University of Oxford","affiliation-city":"Oxford","affiliation-country":"United Kingdom"}],"prism:aggregationType":"Journal","subtype":"re","subtypeDescription":"Review","source-id":"26288","openaccess":"0","openaccessFlag":false}]}}