{"search-results":{"opensearch:totalResults":"14","opensearch:startIndex":"0","opensearch:itemsPerPage":"14","opensearch:Query":{"@role": "request", "@searchTerms": "TITLE-ABS-KEY(\"clientelism\") AND SUBJAREA(SOCI) AND PUBYEAR = 2001", "@startPage": "0"},"link": [{"@_fa": "true", "@ref": "self", "@href": "https://api.elsevier.com/content/search/scopus?start=0&count=25&query=TITLE-ABS-KEY%28%22clientelism%22%29+AND+SUBJAREA%28SOCI%29+AND+PUBYEAR+%3D+2001&apiKey=27d953b4b546791964ebeb768d13e61f&view=STANDARD", "@type": "application/json"},{"@_fa": "true", "@ref": "first", "@href": "https://api.elsevier.com/content/search/scopus?start=0&count=25&query=TITLE-ABS-KEY%28%22clientelism%22%29+AND+SUBJAREA%28SOCI%29+AND+PUBYEAR+%3D+2001&apiKey=27d953b4b546791964ebeb768d13e61f&view=STANDARD", "@type": "application/json"}],"entry": [{"@_fa": "true", "link": [{"@_fa": "true", "@ref": "self", "@href": "https://api.elsevier.com/content/abstract/scopus_id/34248070457"},{"@_fa": "true", "@ref": "author-affiliation", "@href": "https://api.elsevier.com/content/abstract/scopus_id/34248070457?field=author,affiliation"},{"@_fa": "true", "@ref": "scopus", "@href": "https://www.scopus.com/inward/record.uri?partnerID=HzOxMe3b&scp=34248070457&origin=inward"},{"@_fa": "true", "@ref": "scopus-citedby", "@href": "https://www.scopus.com/inward/citedby.uri?partnerID=HzOxMe3b&scp=34248070457&origin=inward"}],"prism:url":"https://api.elsevier.com/content/abstract/scopus_id/34248070457","dc:identifier":"SCOPUS_ID:34248070457","eid":"2-s2.0-34248070457","dc:title":"Achievements and mishaps of clientelism. A comparative study of italy and japan","dc:creator":"Caciagli M.","prism:publicationName":"Revue Francaise de Science Politique","prism:issn":"00352950","prism:volume":"51","prism:issueIdentifier":"4","prism:pageRange":"569-586","prism:coverDate":"2001-12-01","prism:coverDisplayDate":"2001","citedby-count":"3","affiliation": [{"@_fa": "true", "affilname":"Università degli Studi di Firenze","affiliation-city":"Florence","affiliation-country":"Italy"}],"prism:aggregationType":"Journal","subtype":"ar","subtypeDescription":"Article","source-id":"24262","openaccess":"0","openaccessFlag":false},{"@_fa": "true", "link": [{"@_fa": "true", "@ref": "self", "@href": "https://api.elsevier.com/content/abstract/scopus_id/34248075448"},{"@_fa": "true", "@ref": "author-affiliation", "@href": "https://api.elsevier.com/content/abstract/scopus_id/34248075448?field=author,affiliation"},{"@_fa": "true", "@ref": "scopus", "@href": "https://www.scopus.com/inward/record.uri?partnerID=HzOxMe3b&scp=34248075448&origin=inward"},{"@_fa": "true", "@ref": "scopus-citedby", "@href": "https://www.scopus.com/inward/citedby.uri?partnerID=HzOxMe3b&scp=34248075448&origin=inward"}],"prism:url":"https://api.elsevier.com/content/abstract/scopus_id/34248075448","dc:identifier":"SCOPUS_ID:34248075448","eid":"2-s2.0-34248075448","dc:title":"Comparing two « special democracies »","dc:creator":"Bouissou J.","prism:publicationName":"Revue Francaise de Science Politique","prism:issn":"00352950","prism:volume":"51","prism:issueIdentifier":"4","prism:pageRange":"531-543","prism:coverDate":"2001-12-01","prism:coverDisplayDate":"2001","citedby-count":"3","affiliation": [{"@_fa": "true", "affilname":"Centre de Recherches Internationales Sciences Po","affiliation-city":"Paris","affiliation-country":"France"}],"prism:aggregationType":"Journal","subtype":"ar","subtypeDescription":"Article","source-id":"24262","openaccess":"0","openaccessFlag":false},{"@_fa": "true", "link": [{"@_fa": "true", "@ref": "self", "@href": "https://api.elsevier.com/content/abstract/scopus_id/0035740240"},{"@_fa": "true", "@ref": "author-affiliation", "@href": "https://api.elsevier.com/content/abstract/scopus_id/0035740240?field=author,affiliation"},{"@_fa": "true", "@ref": "scopus", "@href": "https://www.scopus.com/inward/record.uri?partnerID=HzOxMe3b&scp=0035740240&origin=inward"},{"@_fa": "true", "@ref": "scopus-citedby", "@href": "https://www.scopus.com/inward/citedby.uri?partnerID=HzOxMe3b&scp=0035740240&origin=inward"}],"prism:url":"https://api.elsevier.com/content/abstract/scopus_id/0035740240","dc:identifier":"SCOPUS_ID:0035740240","eid":"2-s2.0-0035740240","dc:title":"Tranformation without democratization","dc:creator":"Purkarthofer P.","prism:publicationName":"Journal fur Entwicklungspolitik","prism:issn":"02582384","prism:volume":"17","prism:issueIdentifier":"3-4","prism:pageRange":"295-312","prism:coverDate":"2001-12-01","prism:coverDisplayDate":"2001","citedby-count":"0","affiliation": [{"@_fa": "true", "affilname":"Universitat Wien","affiliation-city":"Vienna","affiliation-country":"Austria"}],"prism:aggregationType":"Journal","subtype":"ar","subtypeDescription":"Article","source-id":"14831","openaccess":"0","openaccessFlag":false},{"@_fa": "true", "link": [{"@_fa": "true", "@ref": "self", "@href": "https://api.elsevier.com/content/abstract/scopus_id/0035540555"},{"@_fa": "true", "@ref": "author-affiliation", "@href": "https://api.elsevier.com/content/abstract/scopus_id/0035540555?field=author,affiliation"},{"@_fa": "true", "@ref": "scopus", "@href": "https://www.scopus.com/inward/record.uri?partnerID=HzOxMe3b&scp=0035540555&origin=inward"},{"@_fa": "true", "@ref": "scopus-citedby", "@href": "https://www.scopus.com/inward/citedby.uri?partnerID=HzOxMe3b&scp=0035540555&origin=inward"}],"prism:url":"https://api.elsevier.com/content/abstract/scopus_id/0035540555","dc:identifier":"SCOPUS_ID:0035540555","eid":"2-s2.0-0035540555","dc:title":"Access, accountability and authority: Corruption and the democratic process","dc:creator":"Philp M.","prism:publicationName":"Crime, Law and Social Change","prism:issn":"09254994","prism:eIssn":"15730751","prism:volume":"36","prism:issueIdentifier":"4","prism:pageRange":"357-377","prism:coverDate":"2001-12-01","prism:coverDisplayDate":"December 2001","prism:doi":"10.1023/A:1012075027147","citedby-count":"21","affiliation": [{"@_fa": "true", "affilname":"University of Oxford","affiliation-city":"Oxford","affiliation-country":"United Kingdom"}],"prism:aggregationType":"Journal","subtype":"ar","subtypeDescription":"Article","source-id":"19637","openaccess":"0","openaccessFlag":false},{"@_fa": "true", "link": [{"@_fa": "true", "@ref": "self", "@href": "https://api.elsevier.com/content/abstract/scopus_id/0034946894"},{"@_fa": "true", "@ref": "author-affiliation", "@href": "https://api.elsevier.com/content/abstract/scopus_id/0034946894?field=author,affiliation"},{"@_fa": "true", "@ref": "scopus", "@href": "https://www.scopus.com/inward/record.uri?partnerID=HzOxMe3b&scp=0034946894&origin=inward"},{"@_fa": "true", "@ref": "scopus-citedby", "@href": "https://www.scopus.com/inward/citedby.uri?partnerID=HzOxMe3b&scp=0034946894&origin=inward"}],"prism:url":"https://api.elsevier.com/content/abstract/scopus_id/0034946894","dc:identifier":"SCOPUS_ID:0034946894","eid":"2-s2.0-0034946894","dc:title":"\"Ethnic conflict\" undressed: Patterns of contrast, interest of elites, and clientelism of foreign powers in comparative perspective-Bosnia, India, Pakistan","dc:creator":"Wieland C.","prism:publicationName":"Nationalities Papers","prism:issn":"00905992","prism:volume":"29","prism:issueIdentifier":"2","prism:pageRange":"207-241","prism:coverDate":"2001-07-26","prism:coverDisplayDate":"2001","prism:doi":"10.1080/00905990120053728","citedby-count":"8","prism:aggregationType":"Journal","subtype":"ar","subtypeDescription":"Article","source-id":"28256","openaccess":"0","openaccessFlag":false},{"@_fa": "true", "link": [{"@_fa": "true", "@ref": "self", "@href": "https://api.elsevier.com/content/abstract/scopus_id/0034967301"},{"@_fa": "true", "@ref": "author-affiliation", "@href": "https://api.elsevier.com/content/abstract/scopus_id/0034967301?field=author,affiliation"},{"@_fa": "true", "@ref": "scopus", "@href": "https://www.scopus.com/inward/record.uri?partnerID=HzOxMe3b&scp=0034967301&origin=inward"},{"@_fa": "true", "@ref": "scopus-citedby", "@href": "https://www.scopus.com/inward/citedby.uri?partnerID=HzOxMe3b&scp=0034967301&origin=inward"}],"prism:url":"https://api.elsevier.com/content/abstract/scopus_id/0034967301","dc:identifier":"SCOPUS_ID:0034967301","eid":"2-s2.0-0034967301","dc:title":"The Eduardo dos Santos Foundation: Or, how Angolas's regime is taking over civil society","dc:creator":"Messiant C.","prism:publicationName":"African Affairs","prism:issn":"00019909","prism:volume":"100","prism:issueIdentifier":"399","prism:pageRange":"287-309","prism:coverDate":"2001-06-28","prism:coverDisplayDate":"2001","prism:doi":"10.1093/afraf/100.399.287","citedby-count":"37","affiliation": [{"@_fa": "true", "affilname":"Ctr. d'Etudes Africaines","affiliation-city":null,"affiliation-country":null}],"prism:aggregationType":"Journal","subtype":"ar","subtypeDescription":"Article","source-id":"15039","openaccess":"0","openaccessFlag":false},{"@_fa": "true", "link": [{"@_fa": "true", "@ref": "self", "@href": "https://api.elsevier.com/content/abstract/scopus_id/0035075479"},{"@_fa": "true", "@ref": "author-affiliation", "@href": "https://api.elsevier.com/content/abstract/scopus_id/0035075479?field=author,affiliation"},{"@_fa": "true", "@ref": "scopus", "@href": "https://www.scopus.com/inward/record.uri?partnerID=HzOxMe3b&scp=0035075479&origin=inward"},{"@_fa": "true", "@ref": "scopus-citedby", "@href": "https://www.scopus.com/inward/citedby.uri?partnerID=HzOxMe3b&scp=0035075479&origin=inward"}],"prism:url":"https://api.elsevier.com/content/abstract/scopus_id/0035075479","dc:identifier":"SCOPUS_ID:0035075479","eid":"2-s2.0-0035075479","dc:title":"A ‘southern model’ of electoral mobilization? Clientelism and electoral politics in Spain","dc:creator":"Hopkin J.","prism:publicationName":"West European Politics","prism:issn":"01402382","prism:volume":"24","prism:issueIdentifier":"1","prism:pageRange":"115-136","prism:coverDate":"2001-01-01","prism:coverDisplayDate":"January 2001","prism:doi":"10.1080/01402380108425420","citedby-count":"38","affiliation": [{"@_fa": "true", "affilname":"University of Birmingham","affiliation-city":"Birmingham","affiliation-country":"United Kingdom"}],"prism:aggregationType":"Journal","subtype":"ar","subtypeDescription":"Article","source-id":"25691","openaccess":"0","openaccessFlag":false},{"@_fa": "true", "link": [{"@_fa": "true", "@ref": "self", "@href": "https://api.elsevier.com/content/abstract/scopus_id/0035471120"},{"@_fa": "true", "@ref": "author-affiliation", "@href": "https://api.elsevier.com/content/abstract/scopus_id/0035471120?field=author,affiliation"},{"@_fa": "true", "@ref": "scopus", "@href": "https://www.scopus.com/inward/record.uri?partnerID=HzOxMe3b&scp=0035471120&origin=inward"},{"@_fa": "true", "@ref": "scopus-citedby", "@href": "https://www.scopus.com/inward/citedby.uri?partnerID=HzOxMe3b&scp=0035471120&origin=inward"}],"prism:url":"https://api.elsevier.com/content/abstract/scopus_id/0035471120","dc:identifier":"SCOPUS_ID:0035471120","eid":"2-s2.0-0035471120","dc:title":"Coalitions and clientelism in Mexico","dc:creator":"Shefner J.","prism:publicationName":"Theory and Society","prism:issn":"03042421","prism:volume":"30","prism:issueIdentifier":"5","prism:pageRange":"593-628","prism:coverDate":"2001-01-01","prism:coverDisplayDate":"2001","prism:doi":"10.1023/A:1013042708058","citedby-count":"15","affiliation": [{"@_fa": "true", "affilname":"The University of Tennessee System","affiliation-city":"Knoxville","affiliation-country":"United States"}],"prism:aggregationType":"Journal","subtype":"ar","subtypeDescription":"Article","source-id":"18697","openaccess":"0","openaccessFlag":false},{"@_fa": "true", "link": [{"@_fa": "true", "@ref": "self", "@href": "https://api.elsevier.com/content/abstract/scopus_id/0034777118"},{"@_fa": "true", "@ref": "author-affiliation", "@href": "https://api.elsevier.com/content/abstract/scopus_id/0034777118?field=author,affiliation"},{"@_fa": "true", "@ref": "scopus", "@href": "https://www.scopus.com/inward/record.uri?partnerID=HzOxMe3b&scp=0034777118&origin=inward"},{"@_fa": "true", "@ref": "scopus-citedby", "@href": "https://www.scopus.com/inward/citedby.uri?partnerID=HzOxMe3b&scp=0034777118&origin=inward"}],"prism:url":"https://api.elsevier.com/content/abstract/scopus_id/0034777118","dc:identifier":"SCOPUS_ID:0034777118","eid":"2-s2.0-0034777118","dc:title":"Disobedient distributors: Street-level bureaucrats and would-be patrons in community-based family planning programs in rural Kenya","dc:creator":"Kaler A.","prism:publicationName":"Studies in Family Planning","prism:issn":"00393665","prism:volume":"32","prism:issueIdentifier":"3","prism:pageRange":"254-269","prism:coverDate":"2001-01-01","prism:coverDisplayDate":"2001","prism:doi":"10.1111/j.1728-4465.2001.00254.x","citedby-count":"65","affiliation": [{"@_fa": "true", "affilname":"University of Alberta","affiliation-city":"Edmonton","affiliation-country":"Canada"}],"prism:aggregationType":"Journal","subtype":"ar","subtypeDescription":"Article","source-id":"27896","openaccess":"0","openaccessFlag":false},{"@_fa": "true", "link": [{"@_fa": "true", "@ref": "self", "@href": "https://api.elsevier.com/content/abstract/scopus_id/85023968111"},{"@_fa": "true", "@ref": "author-affiliation", "@href": "https://api.elsevier.com/content/abstract/scopus_id/85023968111?field=author,affiliation"},{"@_fa": "true", "@ref": "scopus", "@href": "https://www.scopus.com/inward/record.uri?partnerID=HzOxMe3b&scp=85023968111&origin=inward"},{"@_fa": "true", "@ref": "scopus-citedby", "@href": "https://www.scopus.com/inward/citedby.uri?partnerID=HzOxMe3b&scp=85023968111&origin=inward"}],"prism:url":"https://api.elsevier.com/content/abstract/scopus_id/85023968111","dc:identifier":"SCOPUS_ID:85023968111","eid":"2-s2.0-85023968111","dc:title":"Rejoinder to inge amundsen and stein sundstøl eriksen","dc:creator":"van de Walle N.","prism:publicationName":"Forum for Development Studies","prism:issn":"08039410","prism:volume":"28","prism:issueIdentifier":"1","prism:pageRange":"69-73","prism:coverDate":"2001-01-01","prism:coverDisplayDate":"June 2001","prism:doi":"10.1080/08039410.2001.9666157","citedby-count":"0","prism:aggregationType":"Journal","subtype":"ar","subtypeDescription":"Article","source-id":"14192","openaccess":"0","openaccessFlag":false},{"@_fa": "true", "link": [{"@_fa": "true", "@ref": "self", "@href": "https://api.elsevier.com/content/abstract/scopus_id/0034914976"},{"@_fa": "true", "@ref": "author-affiliation", "@href": "https://api.elsevier.com/content/abstract/scopus_id/0034914976?field=author,affiliation"},{"@_fa": "true", "@ref": "scopus", "@href": "https://www.scopus.com/inward/record.uri?partnerID=HzOxMe3b&scp=0034914976&origin=inward"},{"@_fa": "true", "@ref": "scopus-citedby", "@href": "https://www.scopus.com/inward/citedby.uri?partnerID=HzOxMe3b&scp=0034914976&origin=inward"}],"prism:url":"https://api.elsevier.com/content/abstract/scopus_id/0034914976","dc:identifier":"SCOPUS_ID:0034914976","eid":"2-s2.0-0034914976","dc:title":"The limits of clientism: Multi-party politics in sub-saharan Africa","dc:creator":"Amundsen I.","prism:publicationName":"Forum for Development Studies","prism:issn":"08039410","prism:volume":"28","prism:issueIdentifier":"1","prism:pageRange":"43-57","prism:coverDate":"2001-01-01","prism:coverDisplayDate":"June 2001","prism:doi":"10.1080/08039410.2001.9666155","citedby-count":"6","prism:aggregationType":"Journal","subtype":"ar","subtypeDescription":"Article","source-id":"14192","openaccess":"0","openaccessFlag":false},{"@_fa": "true", "link": [{"@_fa": "true", "@ref": "self", "@href": "https://api.elsevier.com/content/abstract/scopus_id/0034903174"},{"@_fa": "true", "@ref": "author-affiliation", "@href": "https://api.elsevier.com/content/abstract/scopus_id/0034903174?field=author,affiliation"},{"@_fa": "true", "@ref": "scopus", "@href": "https://www.scopus.com/inward/record.uri?partnerID=HzOxMe3b&scp=0034903174&origin=inward"},{"@_fa": "true", "@ref": "scopus-citedby", "@href": "https://www.scopus.com/inward/citedby.uri?partnerID=HzOxMe3b&scp=0034903174&origin=inward"}],"prism:url":"https://api.elsevier.com/content/abstract/scopus_id/0034903174","dc:identifier":"SCOPUS_ID:0034903174","eid":"2-s2.0-0034903174","dc:title":"Clientalism, Lebanon: Roots and trends","dc:creator":"Hamzeh A.","prism:publicationName":"Middle Eastern Studies","prism:issn":"00263206","prism:volume":"37","prism:issueIdentifier":"3","prism:pageRange":"167-178","prism:coverDate":"2001-01-01","prism:coverDisplayDate":"July 2001","prism:doi":"10.1080/714004405","citedby-count":"55","prism:aggregationType":"Journal","subtype":"ar","subtypeDescription":"Article","source-id":"26143","openaccess":"0","openaccessFlag":false},{"@_fa": "true", "link": [{"@_fa": "true", "@ref": "self", "@href": "https://api.elsevier.com/content/abstract/scopus_id/0034794855"},{"@_fa": "true", "@ref": "author-affiliation", "@href": "https://api.elsevier.com/content/abstract/scopus_id/0034794855?field=author,affiliation"},{"@_fa": "true", "@ref": "scopus", "@href": "https://www.scopus.com/inward/record.uri?partnerID=HzOxMe3b&scp=0034794855&origin=inward"},{"@_fa": "true", "@ref": "scopus-citedby", "@href": "https://www.scopus.com/inward/citedby.uri?partnerID=HzOxMe3b&scp=0034794855&origin=inward"}],"prism:url":"https://api.elsevier.com/content/abstract/scopus_id/0034794855","dc:identifier":"SCOPUS_ID:0034794855","eid":"2-s2.0-0034794855","dc:title":"State-building, institutionalization and democracy: The Palestinian experience","dc:creator":"Jamal A.","prism:publicationName":"Mediterranean Politics","prism:issn":"13629395","prism:volume":"6","prism:issueIdentifier":"3","prism:pageRange":"1-30","prism:coverDate":"2001-01-01","prism:coverDisplayDate":"2001","prism:doi":"10.1080/713604529","citedby-count":"15","affiliation": [{"@_fa": "true", "affilname":"Tel Aviv University","affiliation-city":"Tel Aviv-Yafo","affiliation-country":"Israel"}],"prism:aggregationType":"Journal","subtype":"ar","subtypeDescription":"Article","source-id":"26522","openaccess":"0","openaccessFlag":false},{"@_fa": "true", "link": [{"@_fa": "true", "@ref": "self", "@href": "https://api.elsevier.com/content/abstract/scopus_id/0035429763"},{"@_fa": "true", "@ref": "author-affiliation", "@href": "https://api.elsevier.com/content/abstract/scopus_id/0035429763?field=author,affiliation"},{"@_fa": "true", "@ref": "scopus", "@href": "https://www.scopus.com/inward/record.uri?partnerID=HzOxMe3b&scp=0035429763&origin=inward"},{"@_fa": "true", "@ref": "scopus-citedby", "@href": "https://www.scopus.com/inward/citedby.uri?partnerID=HzOxMe3b&scp=0035429763&origin=inward"}],"prism:url":"https://api.elsevier.com/content/abstract/scopus_id/0035429763","dc:identifier":"SCOPUS_ID:0035429763","eid":"2-s2.0-0035429763","dc:title":"The limits of external empowerment: EMU, technocracy and reform of the Greek pension system","dc:creator":"Featherstone K.","prism:publicationName":"Political Studies","prism:issn":"00323217","prism:volume":"49","prism:issueIdentifier":"3","prism:pageRange":"462-480","prism:coverDate":"2001-01-01","prism:coverDisplayDate":"August 2001","prism:doi":"10.1111/1467-9248.00321","citedby-count":"30","affiliation": [{"@_fa": "true", "affilname":"University of Bradford","affiliation-city":"Bradford","affiliation-country":"United Kingdom"}],"prism:aggregationType":"Journal","subtype":"ar","subtypeDescription":"Article","source-id":"22890","openaccess":"0","openaccessFlag":false}]}}