{"search-results":{"opensearch:totalResults":"1","opensearch:startIndex":"0","opensearch:itemsPerPage":"1","opensearch:Query":{"@role": "request", "@searchTerms": "TITLE-ABS-KEY(\"Neotraditionalism\") AND SUBJAREA(SOCI) AND PUBYEAR = 2008", "@startPage": "0"},"link": [{"@_fa": "true", "@ref": "self", "@href": "https://api.elsevier.com/content/search/scopus?start=0&count=25&query=TITLE-ABS-KEY%28%22Neotraditionalism%22%29+AND+SUBJAREA%28SOCI%29+AND+PUBYEAR+%3D+2008&apiKey=27d953b4b546791964ebeb768d13e61f&view=COMPLETE", "@type": "application/json"},{"@_fa": "true", "@ref": "first", "@href": "https://api.elsevier.com/content/search/scopus?start=0&count=25&query=TITLE-ABS-KEY%28%22Neotraditionalism%22%29+AND+SUBJAREA%28SOCI%29+AND+PUBYEAR+%3D+2008&apiKey=27d953b4b546791964ebeb768d13e61f&view=COMPLETE", "@type": "application/json"}],"entry": [{"@_fa": "true", "link": [{"@_fa": "true", "@ref": "self", "@href": "https://api.elsevier.com/content/abstract/scopus_id/68949215129"},{"@_fa": "true", "@ref": "author-affiliation", "@href": "https://api.elsevier.com/content/abstract/scopus_id/68949215129?field=author,affiliation"},{"@_fa": "true", "@ref": "scopus", "@href": "https://www.scopus.com/inward/record.uri?partnerID=HzOxMe3b&scp=68949215129&origin=inward"},{"@_fa": "true", "@ref": "scopus-citedby", "@href": "https://www.scopus.com/inward/citedby.uri?partnerID=HzOxMe3b&scp=68949215129&origin=inward"}],"prism:url":"https://api.elsevier.com/content/abstract/scopus_id/68949215129","dc:identifier":"SCOPUS_ID:68949215129","eid":"2-s2.0-68949215129","dc:title":"City building and the rhetoric of \"readability\": Architectural debates in the new Berlin","dc:creator":"Murray G.","prism:publicationName":"City and Community","prism:issn":"15356841","prism:eIssn":"15406040","prism:volume":"7","prism:issueIdentifier":"1","prism:pageRange":"3-21","prism:coverDate":"2008-03-01","prism:coverDisplayDate":"March 2008","prism:doi":"10.1111/j.1540-6040.2007.00238.x","dc:description":"Berlin represents an unusual case vis-à-vis the international architectural debate about rebuilding cities. The debate generally takes place between neotraditionalists on the one hand and various avant-gardists on the other. But in Berlin, the main representatives of the first camp are not, for once, members of the New Urbanism movement, nor are they neotraditionalists tout court; they are, at least on their own self-understanding, pioneers of a kind of 'Third Way' between the two extremes of neotraditionalism and avant-gardism. Nevertheless, a closer look at their rhetoric reveals deeper-lying affinities with the cultural conservatism characteristic of New Urbanism: the image of the city that they favor for Berlin is one of clarity, order, permanence, weightiness, etc. - a surprising image, given the city's troubled past. I examine the Architektenstreit (\"Architects' Debate\") that arose among planners, architects, critics, and others concerning the rebuilding of the central city in Berlin after reunification, and I discuss, in particular, the doctrine of critical reconstruction that has come to dominate this debate. I locate the origins of critical reconstruction's peculiar rhetoric in a longing for stability amidst the perceived flux of modernity. More generally, I argue (contra many commentators on the Architektenstreit) that a debate on the representations and images of the city is not merely a distraction from, but rather an essential element in, the politics of the city. © 2008 American Sociological Association.","citedby-count":"8","affiliation": [{"@_fa": "true", "affiliation-url":"https://api.elsevier.com/content/affiliation/affiliation_id/60021784","afid":"60021784","affilname":"New York University","affiliation-city":"New York","affiliation-country":"United States"},{"@_fa": "true", "affiliation-url":"https://api.elsevier.com/content/affiliation/affiliation_id/60009906","afid":"60009906","affilname":"Barnard College","affiliation-city":"New York","affiliation-country":"United States"}],"prism:aggregationType":"Journal","subtype":"ar","subtypeDescription":"Article","author-count":{"@limit": "100", "@total": "1", "$" :"1"},"author": [{"@_fa": "true", "@seq": "1", "author-url":"https://api.elsevier.com/content/author/author_id/33267775900","authid":"33267775900","authname":"Murray G.","surname":"Murray","given-name":"George J.A.","initials":"G.J.A.","afid": [{"@_fa": "true", "$" :"60021784"},{"@_fa": "true", "$" :"60009906"}]}],"source-id":"5700161712","fund-no":"undefined","openaccess":"0","openaccessFlag":false}]}}