{"search-results":{"opensearch:totalResults":"1","opensearch:startIndex":"0","opensearch:itemsPerPage":"1","opensearch:Query":{"@role": "request", "@searchTerms": "TITLE-ABS-KEY(\"Neotraditionalism\") AND SUBJAREA(SOCI) AND PUBYEAR = 1993", "@startPage": "0"},"link": [{"@_fa": "true", "@ref": "self", "@href": "https://api.elsevier.com/content/search/scopus?start=0&count=25&query=TITLE-ABS-KEY%28%22Neotraditionalism%22%29+AND+SUBJAREA%28SOCI%29+AND+PUBYEAR+%3D+1993&apiKey=27d953b4b546791964ebeb768d13e61f&view=COMPLETE", "@type": "application/json"},{"@_fa": "true", "@ref": "first", "@href": "https://api.elsevier.com/content/search/scopus?start=0&count=25&query=TITLE-ABS-KEY%28%22Neotraditionalism%22%29+AND+SUBJAREA%28SOCI%29+AND+PUBYEAR+%3D+1993&apiKey=27d953b4b546791964ebeb768d13e61f&view=COMPLETE", "@type": "application/json"}],"entry": [{"@_fa": "true", "link": [{"@_fa": "true", "@ref": "self", "@href": "https://api.elsevier.com/content/abstract/scopus_id/0027760451"},{"@_fa": "true", "@ref": "author-affiliation", "@href": "https://api.elsevier.com/content/abstract/scopus_id/0027760451?field=author,affiliation"},{"@_fa": "true", "@ref": "scopus", "@href": "https://www.scopus.com/inward/record.uri?partnerID=HzOxMe3b&scp=0027760451&origin=inward"},{"@_fa": "true", "@ref": "scopus-citedby", "@href": "https://www.scopus.com/inward/citedby.uri?partnerID=HzOxMe3b&scp=0027760451&origin=inward"}],"prism:url":"https://api.elsevier.com/content/abstract/scopus_id/0027760451","dc:identifier":"SCOPUS_ID:0027760451","eid":"2-s2.0-0027760451","dc:title":"Neotraditional towns and urban villages: the cultural production of a geography of \"otherness'","dc:creator":"Till K.","prism:publicationName":"Environment &amp; Planning D: Society &amp; Space","prism:volume":"11","prism:issueIdentifier":"6","prism:pageRange":"709-732","prism:coverDate":"1993-01-01","prism:coverDisplayDate":"1993","prism:doi":"10.1068/d110709","dc:description":"The \"neotraditional' planning movement in the US is criticized through an analysis of promotional materials for the urban villages of Rancho Santa Margarita in Orange County, CA. The \"traditions' of towns and villages are viewed as recent \"inventions' created by corporate planners. Yet the identities constructed for neotraditional towns and urban villages make sense only in relation to the \"other'. In southern Orange County, corporate planners present their master-planned communties as \"distant' from the suburbs and cities located in Los Angeles and in northern Orange County according to a scale of temporal, geographic, and social values. Implicit to neotraditionalism is a geography of otherness. -from Author","citedby-count":"71","affiliation": [{"@_fa": "true", "affiliation-url":"https://api.elsevier.com/content/affiliation/affiliation_id/60032179","afid":"60032179","affilname":"University of Wisconsin-Madison","affiliation-city":"Madison","affiliation-country":"United States"}],"prism:aggregationType":"Journal","subtype":"ar","subtypeDescription":"Article","author-count":{"@limit": "100", "@total": "1", "$" :"1"},"author": [{"@_fa": "true", "@seq": "1", "author-url":"https://api.elsevier.com/content/author/author_id/7004639891","authid":"7004639891","authname":"Till K.","surname":"Till","given-name":"K.","initials":"K.","afid": [{"@_fa": "true", "$" :"60032179"}]}],"source-id":"13274","fund-no":"undefined","openaccess":"0","openaccessFlag":false}]}}