{"search-results":{"opensearch:totalResults":"3","opensearch:startIndex":"0","opensearch:itemsPerPage":"3","opensearch:Query":{"@role": "request", "@searchTerms": "TITLE-ABS-KEY(\"Neotraditionalism\") AND SUBJAREA(SOCI) AND PUBYEAR = 2018", "@startPage": "0"},"link": [{"@_fa": "true", "@ref": "self", "@href": "https://api.elsevier.com/content/search/scopus?start=0&count=25&query=TITLE-ABS-KEY%28%22Neotraditionalism%22%29+AND+SUBJAREA%28SOCI%29+AND+PUBYEAR+%3D+2018&apiKey=27d953b4b546791964ebeb768d13e61f&view=COMPLETE", "@type": "application/json"},{"@_fa": "true", "@ref": "first", "@href": "https://api.elsevier.com/content/search/scopus?start=0&count=25&query=TITLE-ABS-KEY%28%22Neotraditionalism%22%29+AND+SUBJAREA%28SOCI%29+AND+PUBYEAR+%3D+2018&apiKey=27d953b4b546791964ebeb768d13e61f&view=COMPLETE", "@type": "application/json"}],"entry": [{"@_fa": "true", "link": [{"@_fa": "true", "@ref": "self", "@href": "https://api.elsevier.com/content/abstract/scopus_id/85053671742"},{"@_fa": "true", "@ref": "author-affiliation", "@href": "https://api.elsevier.com/content/abstract/scopus_id/85053671742?field=author,affiliation"},{"@_fa": "true", "@ref": "scopus", "@href": "https://www.scopus.com/inward/record.uri?partnerID=HzOxMe3b&scp=85053671742&origin=inward"},{"@_fa": "true", "@ref": "scopus-citedby", "@href": "https://www.scopus.com/inward/citedby.uri?partnerID=HzOxMe3b&scp=85053671742&origin=inward"}],"prism:url":"https://api.elsevier.com/content/abstract/scopus_id/85053671742","dc:identifier":"SCOPUS_ID:85053671742","eid":"2-s2.0-85053671742","dc:title":"La Nota Emilianense e il neotradizionalismo: L'equivoco del «cantar de Rodlane»","dc:creator":"Marcenaro S.","prism:publicationName":"Zeitschrift fur Romanische Philologie","prism:issn":"00498661","prism:volume":"134","prism:issueIdentifier":"3","prism:pageRange":"899-915","prism:coverDate":"2018-09-06","prism:coverDisplayDate":"6 September 2018","prism:doi":"10.1515/zrp-2018-0058","dc:description":"© 2018 Walter de Gruyter GmbH, Berlin/Boston 2018. This study focuses on a problem which has been widely debated among specialists in epic literature, Hispanists and Romance Philologists, that is the supposed existence of a Chanson de Geste written in Castilian («Cantar de Rodlane») around 1060-1070. According to Ramón Menéndez Pidal, this text could be the direct source for the famous and anonymous Nota Emilianense. Nevertheless, a thorough analysis of the arguments proposed by Menéndez Pidal leads to the conclusion that the Cantar de Rodlane probably never existed and, on the other hand, that some of the principles of Pidal's neotraditionalist theory should be critically revisited.","citedby-count":"0","affiliation": [{"@_fa": "true", "affiliation-url":"https://api.elsevier.com/content/affiliation/affiliation_id/60014096","afid":"60014096","affilname":"Università degli Studi del Molise","affiliation-city":"Campobasso","affiliation-country":"Italy"}],"prism:aggregationType":"Journal","subtype":"ar","subtypeDescription":"Article","author-count":{"@limit": "100", "@total": "1", "$" :"1"},"author": [{"@_fa": "true", "@seq": "1", "author-url":"https://api.elsevier.com/content/author/author_id/41661858900","authid":"41661858900","authname":"Marcenaro S.","surname":"Marcenaro","given-name":"Simone","initials":"S.","afid": [{"@_fa": "true", "$" :"60014096"}]}],"authkeywords":"Castilian epic literature | neotraditionalism | Nota Emilianense | Ramón Menéndez Pidal","source-id":"26737","fund-no":"undefined","openaccess":"0","openaccessFlag":false},{"@_fa": "true", "link": [{"@_fa": "true", "@ref": "self", "@href": "https://api.elsevier.com/content/abstract/scopus_id/85048969128"},{"@_fa": "true", "@ref": "author-affiliation", "@href": "https://api.elsevier.com/content/abstract/scopus_id/85048969128?field=author,affiliation"},{"@_fa": "true", "@ref": "scopus", "@href": "https://www.scopus.com/inward/record.uri?partnerID=HzOxMe3b&scp=85048969128&origin=inward"},{"@_fa": "true", "@ref": "scopus-citedby", "@href": "https://www.scopus.com/inward/citedby.uri?partnerID=HzOxMe3b&scp=85048969128&origin=inward"}],"prism:url":"https://api.elsevier.com/content/abstract/scopus_id/85048969128","dc:identifier":"SCOPUS_ID:85048969128","eid":"2-s2.0-85048969128","dc:title":"Historiographic debates in English on Stalinism","dc:creator":"Resalt A.","prism:publicationName":"Ayer","prism:issn":"11342277","prism:volume":"110","prism:issueIdentifier":"2","prism:pageRange":"313-329","prism:coverDate":"2018-01-01","prism:coverDisplayDate":"2018","dc:description":"© 2018 Marcial Pons Librero. All rights reserved. This article identifies three main trends in Western historiography in English on Stalinism. The totalitarian model dominated research in this field after WWII, according to which political events and individuals were core elements, but the individual was seen as a passive object in the face of political control. This gave way to a revisionist approach of sixties and seventies, which placed individuals in the centre of the historical narrative. Based on the idea of the revolution from below, it placed emphasis on the existence of mass support for social change and for state and party measures. The post-revi-sionism of the 1980s, in turn, incorporated the previously overlooked role of ideology. Presendy, two opposing views within the revisionist approach-the Chicago School (neotraditionalists) and the Columbia School (modernists)- have emerged. Advocates of these approaches of these schools differ over the extent to which the term modernity should be applied to the study of society and the Soviet Union under Stalinism.","citedby-count":"0","affiliation": [{"@_fa": "true", "affiliation-url":"https://api.elsevier.com/content/affiliation/affiliation_id/60032942","afid":"60032942","affilname":"Universitat Pompeu Fabra Barcelona","affiliation-city":"Barcelona","affiliation-country":"Spain"}],"prism:aggregationType":"Journal","subtype":"re","subtypeDescription":"Review","author-count":{"@limit": "100", "@total": "1", "$" :"1"},"author": [{"@_fa": "true", "@seq": "1", "author-url":"https://api.elsevier.com/content/author/author_id/57202640044","authid":"57202640044","authname":"Resalt A.","surname":"Resalt","given-name":"Ana Maria Sanchez","initials":"A.M.S.","afid": [{"@_fa": "true", "$" :"60032942"}]}],"authkeywords":"Modernity | Neotraditionalism | Revisionism | Social history | Soviet historiography | Stalinism | Totalitarian model","source-id":"21100218321","fund-no":"undefined","openaccess":"0","openaccessFlag":false},{"@_fa": "true", "link": [{"@_fa": "true", "@ref": "self", "@href": "https://api.elsevier.com/content/abstract/scopus_id/85056574961"},{"@_fa": "true", "@ref": "author-affiliation", "@href": "https://api.elsevier.com/content/abstract/scopus_id/85056574961?field=author,affiliation"},{"@_fa": "true", "@ref": "scopus", "@href": "https://www.scopus.com/inward/record.uri?partnerID=HzOxMe3b&scp=85056574961&origin=inward"},{"@_fa": "true", "@ref": "scopus-citedby", "@href": "https://www.scopus.com/inward/citedby.uri?partnerID=HzOxMe3b&scp=85056574961&origin=inward"}],"prism:url":"https://api.elsevier.com/content/abstract/scopus_id/85056574961","dc:identifier":"SCOPUS_ID:85056574961","eid":"2-s2.0-85056574961","dc:title":"Roles of metalepses in post-symbolist novels","dc:creator":"Zhilicheva G.","prism:publicationName":"Vestnik Tomskogo Gosudarstvennogo Universiteta, Filologiya","prism:issn":"19986645","prism:eIssn":"23105046","prism:volume":"54","prism:pageRange":"194-205","prism:coverDate":"2018-01-01","prism:coverDisplayDate":"2018","prism:doi":"10.17223/19986645/54/12","dc:description":"© 2018 Tomsk State University. All rights reserved. This article deals with the narrative functions of metalepsis (in Gerard Genette's terms), a device that shows a transgression of the boundaries between the reality of characters and the reality of a narrator. It is devoted to the analysis of the “I-narration” fragments of mostly third-person narrated texts (so-called 'authorial intrusions'). The article suggests that the meanings of those fragments correlate with the concept of personality, worldview and narrative mode manifested in the work. Post-symbolist authors are always in search of new ways to influence their readers. The authorial position becomes a field of experiment (said experiments having various ideological, aesthetic and pragmatic reasons) as a part of a general concept of 'overcoming an aesthetic crisis'. The image of the creator represented in the narrative, relationships between the “I” and the “Other” (in Bakhtin's terms, “one's own words” and “alien words”) appear to be questioned. Therefore, the intrigue of a post-symbolist work is centered around not only the lives of the characters but also the 'event of narration' and, in particular, interactions between the narrators. Such interactions can be studied via the analysis of metalepsis due to it being one of the most popular narratological categories describing the system of narrative levels. The research is based on the novels by Valentin Kataev, Konstantin Vaginov, and Boris Pasternak, which belong to different paradigms of literariness (socialist realism, avant-gardism and neotraditionalism). Authorial intrusions of the novels, which belong to avant-garde aesthetics, fulfill the “natural” role (as described by Genette) of representing the game nature of the discourse. Socialist-realistic novels tend to include dialogues between the reader and the narrator as part of regulation of the narrated world. Here, authorial intrusions do not manifest the freedom of imagination, instead showing self-debasement in the face of the world order. In neotraditionalistic novels, authorial intrusions are the signs of a convergent nature of the narrative. These novels feature “double focalisation”, a form of interaction between the narrator and the protagonist where they are no longer on the different sides of the dialogue but rather merge into a united narrative voice, a supernarrator. The article concludes with a statement that the semantic potential of a metalepsis (Ivanov and the self-esteeming narration, Kataev and the disappearing authorial “I”, Pasternak and the convergence of the author's and the protagonist's consciousness) depends on the chosen narrative strategy (configuration of subject, object and addressee of discourse). Metalepsis is described as a strong way of representing the narrator's actions. It indexes the three main communicative models of post-symbolist fiction: “provocation”, “agitation”, “revelation”.","citedby-count":"0","affiliation": [{"@_fa": "true", "affiliation-url":"https://api.elsevier.com/content/affiliation/affiliation_id/60104963","afid":"60104963","affilname":"Novosibirsk State Pedagogical University","affiliation-city":"Novosibirsk","affiliation-country":"Russian Federation"}],"prism:aggregationType":"Journal","subtype":"ar","subtypeDescription":"Article","author-count":{"@limit": "100", "@total": "1", "$" :"1"},"author": [{"@_fa": "true", "@seq": "1", "author-url":"https://api.elsevier.com/content/author/author_id/57204655937","authid":"57204655937","authname":"Zhilicheva G.","surname":"Zhilicheva","given-name":"Galina A.","initials":"G.A.","afid": [{"@_fa": "true", "$" :"60104963"}]}],"authkeywords":"Boris Pasternak | Metalepsis | Narrative | Narrative strategy | Valentin Kataev | Vsevolod Ivanov","source-id":"21100775930","fund-no":"undefined","openaccess":"1","openaccessFlag":true}]}}