{"search-results":{"opensearch:totalResults":"0","opensearch:startIndex":"0","opensearch:itemsPerPage":"0","opensearch:Query":{"@role": "request", "@searchTerms": "TITLE-ABS-KEY(\"Neotraditionalism\") AND SUBJAREA(SOCI) AND PUBYEAR = 1902", "@startPage": "0"},"link": [{"@_fa": "true", "@ref": "self", "@href": "https://api.elsevier.com/content/search/scopus?start=0&count=25&query=TITLE-ABS-KEY%28%22Neotraditionalism%22%29+AND+SUBJAREA%28SOCI%29+AND+PUBYEAR+%3D+1902&apiKey=27d953b4b546791964ebeb768d13e61f&view=COMPLETE", "@type": "application/json"}],"entry": [{"@_fa": "true", "error":"Result set was empty"}]}}