{"search-results":{"opensearch:totalResults":"4","opensearch:startIndex":"0","opensearch:itemsPerPage":"4","opensearch:Query":{"@role": "request", "@searchTerms": "TITLE-ABS-KEY(\"Neotraditionalism\") AND SUBJAREA(SOCI) AND PUBYEAR = 2015", "@startPage": "0"},"link": [{"@_fa": "true", "@ref": "self", "@href": "https://api.elsevier.com/content/search/scopus?start=0&count=25&query=TITLE-ABS-KEY%28%22Neotraditionalism%22%29+AND+SUBJAREA%28SOCI%29+AND+PUBYEAR+%3D+2015&apiKey=27d953b4b546791964ebeb768d13e61f&view=COMPLETE", "@type": "application/json"},{"@_fa": "true", "@ref": "first", "@href": "https://api.elsevier.com/content/search/scopus?start=0&count=25&query=TITLE-ABS-KEY%28%22Neotraditionalism%22%29+AND+SUBJAREA%28SOCI%29+AND+PUBYEAR+%3D+2015&apiKey=27d953b4b546791964ebeb768d13e61f&view=COMPLETE", "@type": "application/json"}],"entry": [{"@_fa": "true", "link": [{"@_fa": "true", "@ref": "self", "@href": "https://api.elsevier.com/content/abstract/scopus_id/84937832169"},{"@_fa": "true", "@ref": "author-affiliation", "@href": "https://api.elsevier.com/content/abstract/scopus_id/84937832169?field=author,affiliation"},{"@_fa": "true", "@ref": "scopus", "@href": "https://www.scopus.com/inward/record.uri?partnerID=HzOxMe3b&scp=84937832169&origin=inward"},{"@_fa": "true", "@ref": "scopus-citedby", "@href": "https://www.scopus.com/inward/citedby.uri?partnerID=HzOxMe3b&scp=84937832169&origin=inward"}],"prism:url":"https://api.elsevier.com/content/abstract/scopus_id/84937832169","dc:identifier":"SCOPUS_ID:84937832169","eid":"2-s2.0-84937832169","dc:title":"Twin offspring of empire, neoliberalism and authoritarian neotraditionalism: Thoughts on Susan Buck-Morss's \"democracy: An unfinished project","dc:creator":"Dirlik A.","prism:publicationName":"Boundary 2","prism:issn":"01903659","prism:eIssn":"15272141","prism:volume":"42","prism:issueIdentifier":"3","prism:pageRange":"1-17","prism:coverDate":"2015-01-01","prism:coverDisplayDate":"1 August 2015","prism:doi":"10.1215/01903659-2919459","citedby-count":"1","prism:aggregationType":"Journal","subtype":"re","subtypeDescription":"Review","author-count":{"@limit": "100", "@total": "1", "$" :"1"},"author": [{"@_fa": "true", "@seq": "1", "author-url":"https://api.elsevier.com/content/author/author_id/6604050328","authid":"6604050328","authname":"Dirlik A.","surname":"Dirlik","given-name":"Arif","initials":"A."}],"source-id":"5700160810","fund-no":"undefined","openaccess":"0","openaccessFlag":false},{"@_fa": "true", "link": [{"@_fa": "true", "@ref": "self", "@href": "https://api.elsevier.com/content/abstract/scopus_id/84940440609"},{"@_fa": "true", "@ref": "author-affiliation", "@href": "https://api.elsevier.com/content/abstract/scopus_id/84940440609?field=author,affiliation"},{"@_fa": "true", "@ref": "scopus", "@href": "https://www.scopus.com/inward/record.uri?partnerID=HzOxMe3b&scp=84940440609&origin=inward"},{"@_fa": "true", "@ref": "scopus-citedby", "@href": "https://www.scopus.com/inward/citedby.uri?partnerID=HzOxMe3b&scp=84940440609&origin=inward"}],"prism:url":"https://api.elsevier.com/content/abstract/scopus_id/84940440609","dc:identifier":"SCOPUS_ID:84940440609","eid":"2-s2.0-84940440609","dc:title":"Your language or ours? Inclusion and exclusion of non-indigenous majorities in Māori and Sámi language revitalization policy","dc:creator":"Albury N.","prism:publicationName":"Current Issues in Language Planning","prism:issn":"14664208","prism:eIssn":"17477506","prism:volume":"16","prism:issueIdentifier":"3","prism:pageRange":"315-334","prism:coverDate":"2015-01-01","prism:coverDisplayDate":"3 July 2015","prism:doi":"10.1080/14664208.2015.984581","dc:description":"© 2014 Taylor  &  Francis. Since the second half of the twentieth century, post-colonial governments have commonly sought to revitalize the indigenous languages their imperialist predecessors hoped to eradicate. Although the impetus to revitalize is shared, the question of excluding or including the non-indigenous majority in the revitalization process, and encouraging them to become new speakers of the language, is a matter of politics and ideology. This paper draws on neotraditionalism and biculturalism as ideological premises in language revitalization policy to compare and contrast the nature and experiences of government policy in New Zealand and Norway as two such examples. In doing so, the paper sees neotraditionalism and biculturalism as ends of an ideological continuum that can plot policy frameworks and their changes. It finds, however, that neither has resulted in greater language revitalization and that both countries, and especially New Zealand, have flirted with a shift on the ideological continuum. Nonetheless, it appears that New Zealand's biculturalist approach has normalized the indigenous language to the extent its revitalization enjoys more support from the non-indigenous polity than in neotraditionalist Norway, where Sámi languages and policy are territorialized and invisible to most Norwegians.","citedby-count":"8","affiliation": [{"@_fa": "true", "affiliation-url":"https://api.elsevier.com/content/affiliation/affiliation_id/60010348","afid":"60010348","affilname":"Universitetet i Oslo","affiliation-city":"Oslo","affiliation-country":"Norway"}],"prism:aggregationType":"Journal","subtype":"ar","subtypeDescription":"Article","author-count":{"@limit": "100", "@total": "1", "$" :"1"},"author": [{"@_fa": "true", "@seq": "1", "author-url":"https://api.elsevier.com/content/author/author_id/56433383800","authid":"56433383800","authname":"Albury N.","surname":"Albury","given-name":"Nathan John","initials":"N.J.","afid": [{"@_fa": "true", "$" :"60010348"}]}],"authkeywords":"biculturalist policy | Māori | neotraditionalist policy | new speakers | Sámi","source-id":"5600155022","fund-no":"223265","openaccess":"0","openaccessFlag":false},{"@_fa": "true", "link": [{"@_fa": "true", "@ref": "self", "@href": "https://api.elsevier.com/content/abstract/scopus_id/84931060790"},{"@_fa": "true", "@ref": "author-affiliation", "@href": "https://api.elsevier.com/content/abstract/scopus_id/84931060790?field=author,affiliation"},{"@_fa": "true", "@ref": "scopus", "@href": "https://www.scopus.com/inward/record.uri?partnerID=HzOxMe3b&scp=84931060790&origin=inward"},{"@_fa": "true", "@ref": "scopus-citedby", "@href": "https://www.scopus.com/inward/citedby.uri?partnerID=HzOxMe3b&scp=84931060790&origin=inward"}],"prism:url":"https://api.elsevier.com/content/abstract/scopus_id/84931060790","dc:identifier":"SCOPUS_ID:84931060790","eid":"2-s2.0-84931060790","dc:title":"Two thematic manifestations of neotribal capitalism in the United States","dc:creator":"Rose S.","prism:publicationName":"Anthropological Theory","prism:issn":"14634996","prism:eIssn":"17412641","prism:volume":"15","prism:issueIdentifier":"2","prism:pageRange":"218-238","prism:coverDate":"2015-01-01","prism:coverDisplayDate":"15 June 2015","prism:doi":"10.1177/1463499614568898","dc:description":"© The Author(s) 2015. The purpose of this article is to demonstrate how Elizabeth Rata's (2000) concept of neotribal capitalism can be used to better understand and illuminate the nature and practices of contemporary indigenous governments in the United States. The focus is especially on the workings of neotraditionalist ideology: how it conceals and depoliticizes the class relations at the heart of neotribal society; how this ideology serves to insulate these neotribes from criticism; and how it serves to promote capital accumulation. This is done through an examination of two thematic groupings of relevant issues in contemporary indigenous and scholarly discourses: the interconnected and interrelated issues around labor, class consciousness, and unionization within indigenous communities; and the issues of indigenous identity, tribal citizenship, and the politics around the movement for disenrollment.","citedby-count":"3","affiliation": [{"@_fa": "true", "affiliation-url":"https://api.elsevier.com/content/affiliation/affiliation_id/60032083","afid":"60032083","affilname":"University at Buffalo, State University of New York","affiliation-city":"Buffalo","affiliation-country":"United States"}],"prism:aggregationType":"Journal","subtype":"re","subtypeDescription":"Review","author-count":{"@limit": "100", "@total": "1", "$" :"1"},"author": [{"@_fa": "true", "@seq": "1", "author-url":"https://api.elsevier.com/content/author/author_id/56428452800","authid":"56428452800","authname":"Rose S.","surname":"Rose","given-name":"Samuel W.","initials":"S.W.","afid": [{"@_fa": "true", "$" :"60032083"}]}],"authkeywords":"Identity | indigenous | labor | Native American | neotraditionalism | neotribal capitalism | United States","source-id":"5700161756","fund-no":"undefined","openaccess":"0","openaccessFlag":false},{"@_fa": "true", "link": [{"@_fa": "true", "@ref": "self", "@href": "https://api.elsevier.com/content/abstract/scopus_id/84928384993"},{"@_fa": "true", "@ref": "author-affiliation", "@href": "https://api.elsevier.com/content/abstract/scopus_id/84928384993?field=author,affiliation"},{"@_fa": "true", "@ref": "scopus", "@href": "https://www.scopus.com/inward/record.uri?partnerID=HzOxMe3b&scp=84928384993&origin=inward"},{"@_fa": "true", "@ref": "scopus-citedby", "@href": "https://www.scopus.com/inward/citedby.uri?partnerID=HzOxMe3b&scp=84928384993&origin=inward"}],"prism:url":"https://api.elsevier.com/content/abstract/scopus_id/84928384993","dc:identifier":"SCOPUS_ID:84928384993","eid":"2-s2.0-84928384993","dc:title":"Customizations of law: Courts of elders (Aksakal Courts) in rural and urban kyrgyzstan","dc:creator":"Beyer J.","prism:publicationName":"Political and Legal Anthropology Review","prism:issn":"10816976","prism:eIssn":"15552934","prism:volume":"38","prism:issueIdentifier":"1","prism:pageRange":"53-71","prism:coverDate":"2015-01-01","prism:coverDisplayDate":"1 May 2015","prism:doi":"10.1111/plar.12086","dc:description":"© 2015 by the American Anthropological Association. This article deals with a neotraditional institution: the aksakal courts (courts of elders, or \"whitebeards\") in Central Asian Kyrgyzstan. Founded in 1993 by the first president of the country, and based on an elaborate law enacted in 2002, the newly appointed aksakal judges were supposed to judge according to what were considered to be the customs and traditions of the Kyrgyz. In this article I show in what ways the judges' way of \"being aksakals\" often accords neither with the letter nor intent of the law, but reflects a more fundamental way of ordering the world, here referred to as customization. I argue that the ways in which the court members in rural and urban Kyrgyzstan link themselves to traditionalist imagery and state trappings reveal a more general point about how people in contemporary Central Asia engage with their being-in-the-world. This is particularly relevant in times of social change such as those initiated after the dissolution of the Soviet Union.","citedby-count":"2","affiliation": [{"@_fa": "true", "affiliation-url":"https://api.elsevier.com/content/affiliation/affiliation_id/60025525","afid":"60025525","affilname":"Universität Konstanz","affiliation-city":"Konstanz","affiliation-country":"Germany"}],"prism:aggregationType":"Journal","subtype":"ar","subtypeDescription":"Article","author-count":{"@limit": "100", "@total": "1", "$" :"1"},"author": [{"@_fa": "true", "@seq": "1", "author-url":"https://api.elsevier.com/content/author/author_id/55210490600","authid":"55210490600","authname":"Beyer J.","surname":"Beyer","given-name":"Judith","initials":"J.","afid": [{"@_fa": "true", "$" :"60025525"}]}],"authkeywords":"Central Asia | Elders | Kyrgyzstan | Law | Neotraditionalism | Ordering | State","source-id":"19900188955","fund-no":"undefined","openaccess":"0","openaccessFlag":false}]}}