{"search-results":{"opensearch:totalResults":"3","opensearch:startIndex":"0","opensearch:itemsPerPage":"3","opensearch:Query":{"@role": "request", "@searchTerms": "TITLE-ABS-KEY(\"network\") AND SUBJAREA(SOCI) AND PUBYEAR = 1957", "@startPage": "0"},"link": [{"@_fa": "true", "@ref": "self", "@href": "https://api.elsevier.com/content/search/scopus?start=0&count=25&query=TITLE-ABS-KEY%28%22network%22%29+AND+SUBJAREA%28SOCI%29+AND+PUBYEAR+%3D+1957&apiKey=27d953b4b546791964ebeb768d13e61f&view=STANDARD", "@type": "application/json"},{"@_fa": "true", "@ref": "first", "@href": "https://api.elsevier.com/content/search/scopus?start=0&count=25&query=TITLE-ABS-KEY%28%22network%22%29+AND+SUBJAREA%28SOCI%29+AND+PUBYEAR+%3D+1957&apiKey=27d953b4b546791964ebeb768d13e61f&view=STANDARD", "@type": "application/json"}],"entry": [{"@_fa": "true", "link": [{"@_fa": "true", "@ref": "self", "@href": "https://api.elsevier.com/content/abstract/scopus_id/34248990346"},{"@_fa": "true", "@ref": "author-affiliation", "@href": "https://api.elsevier.com/content/abstract/scopus_id/34248990346?field=author,affiliation"},{"@_fa": "true", "@ref": "scopus", "@href": "https://www.scopus.com/inward/record.uri?partnerID=HzOxMe3b&scp=34248990346&origin=inward"},{"@_fa": "true", "@ref": "scopus-citedby", "@href": "https://www.scopus.com/inward/citedby.uri?partnerID=HzOxMe3b&scp=34248990346&origin=inward"}],"prism:url":"https://api.elsevier.com/content/abstract/scopus_id/34248990346","dc:identifier":"SCOPUS_ID:34248990346","eid":"2-s2.0-34248990346","dc:title":"The distribution of control in formal organizations","dc:creator":"Tannenbaum A.","prism:publicationName":"Social Forces","prism:issn":"00377732","prism:eIssn":"15347605","prism:volume":"36","prism:issueIdentifier":"1","prism:pageRange":"44-50","prism:coverDate":"1957-10-01","prism:coverDisplayDate":"1 October 1957","prism:doi":"10.2307/2573745","citedby-count":"3","affiliation": [{"@_fa": "true", "affilname":"University of Michigan, Ann Arbor","affiliation-city":"Ann Arbor","affiliation-country":"United States"}],"prism:aggregationType":"Journal","subtype":"ar","subtypeDescription":"Article","source-id":"17530","openaccess":"0","openaccessFlag":false},{"@_fa": "true", "link": [{"@_fa": "true", "@ref": "self", "@href": "https://api.elsevier.com/content/abstract/scopus_id/85007932303"},{"@_fa": "true", "@ref": "author-affiliation", "@href": "https://api.elsevier.com/content/abstract/scopus_id/85007932303?field=author,affiliation"},{"@_fa": "true", "@ref": "scopus", "@href": "https://www.scopus.com/inward/record.uri?partnerID=HzOxMe3b&scp=85007932303&origin=inward"},{"@_fa": "true", "@ref": "scopus-citedby", "@href": "https://www.scopus.com/inward/citedby.uri?partnerID=HzOxMe3b&scp=85007932303&origin=inward"}],"prism:url":"https://api.elsevier.com/content/abstract/scopus_id/85007932303","dc:identifier":"SCOPUS_ID:85007932303","eid":"2-s2.0-85007932303","dc:title":"Geography of communication in kôga district, shiga prefecture","dc:creator":"Yamagishi W.","prism:publicationName":"Japanese Journal of Human Geography","prism:issn":"00187216","prism:volume":"9","prism:issueIdentifier":"1","prism:pageRange":"36","prism:coverDate":"1957-01-01","prism:coverDisplayDate":"1957","prism:doi":"10.4200/jjhg1948.9.36","citedby-count":"0","prism:aggregationType":"Journal","subtype":"ar","subtypeDescription":"Article","source-id":"30239","openaccess":"1","openaccessFlag":true},{"@_fa": "true", "link": [{"@_fa": "true", "@ref": "self", "@href": "https://api.elsevier.com/content/abstract/scopus_id/10844225112"},{"@_fa": "true", "@ref": "author-affiliation", "@href": "https://api.elsevier.com/content/abstract/scopus_id/10844225112?field=author,affiliation"},{"@_fa": "true", "@ref": "scopus", "@href": "https://www.scopus.com/inward/record.uri?partnerID=HzOxMe3b&scp=10844225112&origin=inward"},{"@_fa": "true", "@ref": "scopus-citedby", "@href": "https://www.scopus.com/inward/citedby.uri?partnerID=HzOxMe3b&scp=10844225112&origin=inward"}],"prism:url":"https://api.elsevier.com/content/abstract/scopus_id/10844225112","dc:identifier":"SCOPUS_ID:10844225112","eid":"2-s2.0-10844225112","dc:title":"The socialization of an artist: The American composer","dc:creator":"Nash D.","prism:publicationName":"Social Forces","prism:issn":"00377732","prism:eIssn":"15347605","prism:volume":"35","prism:issueIdentifier":"4","prism:pageRange":"307-313","prism:coverDate":"1957-01-01","prism:coverDisplayDate":"May 1957","prism:doi":"10.2307/2573318","citedby-count":"11","affiliation": [{"@_fa": "true", "affilname":"University of Connecticut","affiliation-city":"Storrs","affiliation-country":"United States"}],"prism:aggregationType":"Journal","subtype":"ar","subtypeDescription":"Article","source-id":"17530","openaccess":"0","openaccessFlag":false}]}}