{"search-results":{"opensearch:totalResults":"20","opensearch:startIndex":"0","opensearch:itemsPerPage":"20","opensearch:Query":{"@role": "request", "@searchTerms": "TITLE-ABS-KEY(\"network\") AND SUBJAREA(SOCI) AND PUBYEAR = 1965", "@startPage": "0"},"link": [{"@_fa": "true", "@ref": "self", "@href": "https://api.elsevier.com/content/search/scopus?start=0&count=25&query=TITLE-ABS-KEY%28%22network%22%29+AND+SUBJAREA%28SOCI%29+AND+PUBYEAR+%3D+1965&apiKey=27d953b4b546791964ebeb768d13e61f&view=STANDARD", "@type": "application/json"},{"@_fa": "true", "@ref": "first", "@href": "https://api.elsevier.com/content/search/scopus?start=0&count=25&query=TITLE-ABS-KEY%28%22network%22%29+AND+SUBJAREA%28SOCI%29+AND+PUBYEAR+%3D+1965&apiKey=27d953b4b546791964ebeb768d13e61f&view=STANDARD", "@type": "application/json"}],"entry": [{"@_fa": "true", "link": [{"@_fa": "true", "@ref": "self", "@href": "https://api.elsevier.com/content/abstract/scopus_id/34248973314"},{"@_fa": "true", "@ref": "author-affiliation", "@href": "https://api.elsevier.com/content/abstract/scopus_id/34248973314?field=author,affiliation"},{"@_fa": "true", "@ref": "scopus", "@href": "https://www.scopus.com/inward/record.uri?partnerID=HzOxMe3b&scp=34248973314&origin=inward"},{"@_fa": "true", "@ref": "scopus-citedby", "@href": "https://www.scopus.com/inward/citedby.uri?partnerID=HzOxMe3b&scp=34248973314&origin=inward"}],"prism:url":"https://api.elsevier.com/content/abstract/scopus_id/34248973314","dc:identifier":"SCOPUS_ID:34248973314","eid":"2-s2.0-34248973314","dc:title":"The kinship network among french canadians","dc:creator":"Piddington R.","prism:publicationName":"International Journal of Comparative Sociology","prism:issn":"00207152","prism:volume":"6","prism:issueIdentifier":"1","prism:pageRange":"145-165","prism:coverDate":"1965-12-01","prism:coverDisplayDate":"1965","prism:doi":"10.1163/156854265X00233","citedby-count":"2","affiliation": [{"@_fa": "true", "affilname":"University of Auckland","affiliation-city":"Auckland","affiliation-country":"New Zealand"}],"prism:aggregationType":"Journal","subtype":"ar","subtypeDescription":"Article","source-id":"72639","openaccess":"0","openaccessFlag":false},{"@_fa": "true", "link": [{"@_fa": "true", "@ref": "self", "@href": "https://api.elsevier.com/content/abstract/scopus_id/33845752471"},{"@_fa": "true", "@ref": "author-affiliation", "@href": "https://api.elsevier.com/content/abstract/scopus_id/33845752471?field=author,affiliation"},{"@_fa": "true", "@ref": "scopus", "@href": "https://www.scopus.com/inward/record.uri?partnerID=HzOxMe3b&scp=33845752471&origin=inward"},{"@_fa": "true", "@ref": "scopus-citedby", "@href": "https://www.scopus.com/inward/citedby.uri?partnerID=HzOxMe3b&scp=33845752471&origin=inward"}],"prism:url":"https://api.elsevier.com/content/abstract/scopus_id/33845752471","dc:identifier":"SCOPUS_ID:33845752471","eid":"2-s2.0-33845752471","dc:title":"African urbanism, mobility and the social network","dc:creator":"Gutkind P.","prism:publicationName":"International Journal of Comparative Sociology","prism:issn":"00207152","prism:volume":"6","prism:issueIdentifier":"1","prism:pageRange":"48-60","prism:coverDate":"1965-12-01","prism:coverDisplayDate":"1965","prism:doi":"10.1163/156854265X00170","citedby-count":"12","affiliation": [{"@_fa": "true", "affilname":"McGill University","affiliation-city":"Montreal","affiliation-country":"Canada"}],"prism:aggregationType":"Journal","subtype":"ar","subtypeDescription":"Article","source-id":"72639","openaccess":"0","openaccessFlag":false},{"@_fa": "true", "link": [{"@_fa": "true", "@ref": "self", "@href": "https://api.elsevier.com/content/abstract/scopus_id/34347173810"},{"@_fa": "true", "@ref": "author-affiliation", "@href": "https://api.elsevier.com/content/abstract/scopus_id/34347173810?field=author,affiliation"},{"@_fa": "true", "@ref": "scopus", "@href": "https://www.scopus.com/inward/record.uri?partnerID=HzOxMe3b&scp=34347173810&origin=inward"},{"@_fa": "true", "@ref": "scopus-citedby", "@href": "https://www.scopus.com/inward/citedby.uri?partnerID=HzOxMe3b&scp=34347173810&origin=inward"}],"prism:url":"https://api.elsevier.com/content/abstract/scopus_id/34347173810","dc:identifier":"SCOPUS_ID:34347173810","eid":"2-s2.0-34347173810","dc:title":"Networks and the location of economic activities","dc:creator":"Lachene R.","prism:publicationName":"Papers of the Regional Science Association","prism:issn":"10568190","prism:eIssn":"14355957","prism:volume":"14","prism:issueIdentifier":"1","prism:pageRange":"183-196","prism:coverDate":"1965-12-01","prism:coverDisplayDate":"December 1965","prism:doi":"10.1007/BF01940912","citedby-count":"10","prism:aggregationType":"Journal","subtype":"ar","subtypeDescription":"Article","source-id":"25205","openaccess":"0","openaccessFlag":false},{"@_fa": "true", "link": [{"@_fa": "true", "@ref": "self", "@href": "https://api.elsevier.com/content/abstract/scopus_id/34248982827"},{"@_fa": "true", "@ref": "author-affiliation", "@href": "https://api.elsevier.com/content/abstract/scopus_id/34248982827?field=author,affiliation"},{"@_fa": "true", "@ref": "scopus", "@href": "https://www.scopus.com/inward/record.uri?partnerID=HzOxMe3b&scp=34248982827&origin=inward"},{"@_fa": "true", "@ref": "scopus-citedby", "@href": "https://www.scopus.com/inward/citedby.uri?partnerID=HzOxMe3b&scp=34248982827&origin=inward"}],"prism:url":"https://api.elsevier.com/content/abstract/scopus_id/34248982827","dc:identifier":"SCOPUS_ID:34248982827","eid":"2-s2.0-34248982827","dc:title":"Kinship, succession, and the migration of young people in a canadian agricultural communit 1","dc:creator":"Kohl S.","prism:publicationName":"International Journal of Comparative Sociology","prism:issn":"00207152","prism:volume":"6","prism:issueIdentifier":"1","prism:pageRange":"95-116","prism:coverDate":"1965-12-01","prism:coverDisplayDate":"1965","prism:doi":"10.1163/156854265X00206","citedby-count":"0","affiliation": [{"@_fa": "true", "affilname":"Washington University in St. Louis","affiliation-city":"St Louis","affiliation-country":"United States"}],"prism:aggregationType":"Journal","subtype":"ar","subtypeDescription":"Article","source-id":"72639","openaccess":"0","openaccessFlag":false},{"@_fa": "true", "link": [{"@_fa": "true", "@ref": "self", "@href": "https://api.elsevier.com/content/abstract/scopus_id/0013826033"},{"@_fa": "true", "@ref": "author-affiliation", "@href": "https://api.elsevier.com/content/abstract/scopus_id/0013826033?field=author,affiliation"},{"@_fa": "true", "@ref": "scopus", "@href": "https://www.scopus.com/inward/record.uri?partnerID=HzOxMe3b&scp=0013826033&origin=inward"},{"@_fa": "true", "@ref": "scopus-citedby", "@href": "https://www.scopus.com/inward/citedby.uri?partnerID=HzOxMe3b&scp=0013826033&origin=inward"}],"prism:url":"https://api.elsevier.com/content/abstract/scopus_id/0013826033","dc:identifier":"SCOPUS_ID:0013826033","eid":"2-s2.0-0013826033","dc:title":"Methoden zur Bestimmung der mechanischen Eigenschaften der menschlichen Leichenhaut","dc:creator":"Zink P.","prism:publicationName":"Deutsche Zeitschrift fur die Gesamte Gerichtliche Medizin","prism:issn":"03670031","prism:eIssn":"14371596","prism:volume":"56","prism:issueIdentifier":"6","prism:pageRange":"349-370","prism:coverDate":"1965-11-01","prism:coverDisplayDate":"November 1965","prism:doi":"10.1007/BF00579725","citedby-count":"11","pubmed-id":"5886433","prism:aggregationType":"Journal","subtype":"ar","subtypeDescription":"Article","source-id":"93973","openaccess":"0","openaccessFlag":false},{"@_fa": "true", "link": [{"@_fa": "true", "@ref": "self", "@href": "https://api.elsevier.com/content/abstract/scopus_id/84947016613"},{"@_fa": "true", "@ref": "author-affiliation", "@href": "https://api.elsevier.com/content/abstract/scopus_id/84947016613?field=author,affiliation"},{"@_fa": "true", "@ref": "scopus", "@href": "https://www.scopus.com/inward/record.uri?partnerID=HzOxMe3b&scp=84947016613&origin=inward"},{"@_fa": "true", "@ref": "scopus-citedby", "@href": "https://www.scopus.com/inward/citedby.uri?partnerID=HzOxMe3b&scp=84947016613&origin=inward"}],"prism:url":"https://api.elsevier.com/content/abstract/scopus_id/84947016613","dc:identifier":"SCOPUS_ID:84947016613","eid":"2-s2.0-84947016613","dc:title":"Critical Path Network Analysis of a course","dc:creator":"Wyant T.","prism:publicationName":"Education + Training","prism:issn":"00400912","prism:volume":"7","prism:issueIdentifier":"10","prism:pageRange":"456-457","prism:coverDate":"1965-10-01","prism:coverDisplayDate":"1 October 1965","prism:doi":"10.1108/eb015630","citedby-count":"0","prism:aggregationType":"Journal","subtype":"re","subtypeDescription":"Review","source-id":"144960","openaccess":"0","openaccessFlag":false},{"@_fa": "true", "link": [{"@_fa": "true", "@ref": "self", "@href": "https://api.elsevier.com/content/abstract/scopus_id/77957206525"},{"@_fa": "true", "@ref": "author-affiliation", "@href": "https://api.elsevier.com/content/abstract/scopus_id/77957206525?field=author,affiliation"},{"@_fa": "true", "@ref": "scopus", "@href": "https://www.scopus.com/inward/record.uri?partnerID=HzOxMe3b&scp=77957206525&origin=inward"},{"@_fa": "true", "@ref": "scopus-citedby", "@href": "https://www.scopus.com/inward/citedby.uri?partnerID=HzOxMe3b&scp=77957206525&origin=inward"}],"prism:url":"https://api.elsevier.com/content/abstract/scopus_id/77957206525","dc:identifier":"SCOPUS_ID:77957206525","eid":"2-s2.0-77957206525","dc:title":"Networks and spontaneous activity in echinoderms and platyhelminthes","dc:creator":"Ewer D.","prism:publicationName":"Integrative and Comparative Biology","prism:issn":"15407063","prism:volume":"5","prism:issueIdentifier":"3","prism:pageRange":"563-572","prism:coverDate":"1965-08-01","prism:coverDisplayDate":"August 1965","prism:doi":"10.1093/icb/5.3.563","citedby-count":"0","prism:aggregationType":"Journal","subtype":"ar","subtypeDescription":"Article","source-id":"22023","openaccess":"1","openaccessFlag":true},{"@_fa": "true", "link": [{"@_fa": "true", "@ref": "self", "@href": "https://api.elsevier.com/content/abstract/scopus_id/77957210236"},{"@_fa": "true", "@ref": "author-affiliation", "@href": "https://api.elsevier.com/content/abstract/scopus_id/77957210236?field=author,affiliation"},{"@_fa": "true", "@ref": "scopus", "@href": "https://www.scopus.com/inward/record.uri?partnerID=HzOxMe3b&scp=77957210236&origin=inward"},{"@_fa": "true", "@ref": "scopus-citedby", "@href": "https://www.scopus.com/inward/citedby.uri?partnerID=HzOxMe3b&scp=77957210236&origin=inward"}],"prism:url":"https://api.elsevier.com/content/abstract/scopus_id/77957210236","dc:identifier":"SCOPUS_ID:77957210236","eid":"2-s2.0-77957210236","dc:title":"The cerianthar1an nervous system","dc:creator":"Arm M.","prism:publicationName":"Integrative and Comparative Biology","prism:issn":"15407063","prism:volume":"5","prism:issueIdentifier":"3","prism:pageRange":"425-429","prism:coverDate":"1965-08-01","prism:coverDisplayDate":"August 1965","prism:doi":"10.1093/icb/5.3.425","citedby-count":"2","prism:aggregationType":"Journal","subtype":"ar","subtypeDescription":"Article","source-id":"22023","openaccess":"1","openaccessFlag":true},{"@_fa": "true", "link": [{"@_fa": "true", "@ref": "self", "@href": "https://api.elsevier.com/content/abstract/scopus_id/77957209520"},{"@_fa": "true", "@ref": "author-affiliation", "@href": "https://api.elsevier.com/content/abstract/scopus_id/77957209520?field=author,affiliation"},{"@_fa": "true", "@ref": "scopus", "@href": "https://www.scopus.com/inward/record.uri?partnerID=HzOxMe3b&scp=77957209520&origin=inward"},{"@_fa": "true", "@ref": "scopus-citedby", "@href": "https://www.scopus.com/inward/citedby.uri?partnerID=HzOxMe3b&scp=77957209520&origin=inward"}],"prism:url":"https://api.elsevier.com/content/abstract/scopus_id/77957209520","dc:identifier":"SCOPUS_ID:77957209520","eid":"2-s2.0-77957209520","dc:title":"Capabilities of the goelenterate behavior machine","dc:creator":"Pantin C.","prism:publicationName":"Integrative and Comparative Biology","prism:issn":"15407063","prism:volume":"5","prism:issueIdentifier":"3","prism:pageRange":"581-589","prism:coverDate":"1965-08-01","prism:coverDisplayDate":"August 1965","prism:doi":"10.1093/icb/5.3.581","citedby-count":"4","prism:aggregationType":"Journal","subtype":"ar","subtypeDescription":"Article","source-id":"22023","openaccess":"1","openaccessFlag":true},{"@_fa": "true", "link": [{"@_fa": "true", "@ref": "self", "@href": "https://api.elsevier.com/content/abstract/scopus_id/33947482480"},{"@_fa": "true", "@ref": "author-affiliation", "@href": "https://api.elsevier.com/content/abstract/scopus_id/33947482480?field=author,affiliation"},{"@_fa": "true", "@ref": "scopus", "@href": "https://www.scopus.com/inward/record.uri?partnerID=HzOxMe3b&scp=33947482480&origin=inward"},{"@_fa": "true", "@ref": "scopus-citedby", "@href": "https://www.scopus.com/inward/citedby.uri?partnerID=HzOxMe3b&scp=33947482480&origin=inward"}],"prism:url":"https://api.elsevier.com/content/abstract/scopus_id/33947482480","dc:identifier":"SCOPUS_ID:33947482480","eid":"2-s2.0-33947482480","dc:title":"Toward a National Chemical Information Network","dc:creator":"Carlson W.","prism:publicationName":"Journal of Chemical Documentation","prism:issn":"00219576","prism:volume":"5","prism:issueIdentifier":"1","prism:pageRange":"1-3","prism:coverDate":"1965-02-01","prism:coverDisplayDate":"1 February 1965","prism:doi":"10.1021/c160016a001","citedby-count":"3","prism:aggregationType":"Journal","subtype":"ar","subtypeDescription":"Article","source-id":"42042","openaccess":"0","openaccessFlag":false},{"@_fa": "true", "link": [{"@_fa": "true", "@ref": "self", "@href": "https://api.elsevier.com/content/abstract/scopus_id/34248971464"},{"@_fa": "true", "@ref": "author-affiliation", "@href": "https://api.elsevier.com/content/abstract/scopus_id/34248971464?field=author,affiliation"},{"@_fa": "true", "@ref": "scopus", "@href": "https://www.scopus.com/inward/record.uri?partnerID=HzOxMe3b&scp=34248971464&origin=inward"},{"@_fa": "true", "@ref": "scopus-citedby", "@href": "https://www.scopus.com/inward/citedby.uri?partnerID=HzOxMe3b&scp=34248971464&origin=inward"}],"prism:url":"https://api.elsevier.com/content/abstract/scopus_id/34248971464","dc:identifier":"SCOPUS_ID:34248971464","eid":"2-s2.0-34248971464","dc:title":"International Efforts To Develop Networks of Data Archives","dc:creator":"Rokkan S.","prism:publicationName":"Social Science Information","prism:issn":"05390184","prism:eIssn":"14617412","prism:volume":"4","prism:issueIdentifier":"3","prism:pageRange":"9-13","prism:coverDate":"1965-01-01","prism:coverDisplayDate":"September 1965","prism:doi":"10.1177/053901846500400301","citedby-count":"0","prism:aggregationType":"Journal","subtype":"ar","subtypeDescription":"Article","source-id":"25991","openaccess":"0","openaccessFlag":false},{"@_fa": "true", "link": [{"@_fa": "true", "@ref": "self", "@href": "https://api.elsevier.com/content/abstract/scopus_id/84932429117"},{"@_fa": "true", "@ref": "author-affiliation", "@href": "https://api.elsevier.com/content/abstract/scopus_id/84932429117?field=author,affiliation"},{"@_fa": "true", "@ref": "scopus", "@href": "https://www.scopus.com/inward/record.uri?partnerID=HzOxMe3b&scp=84932429117&origin=inward"},{"@_fa": "true", "@ref": "scopus-citedby", "@href": "https://www.scopus.com/inward/citedby.uri?partnerID=HzOxMe3b&scp=84932429117&origin=inward"}],"prism:url":"https://api.elsevier.com/content/abstract/scopus_id/84932429117","dc:identifier":"SCOPUS_ID:84932429117","eid":"2-s2.0-84932429117","dc:title":"Coincidence of Poles and Zeros","dc:creator":"Stein R.","prism:publicationName":"IEEE Transactions on Education","prism:issn":"00189359","prism:eIssn":"15579638","prism:volume":"E-8","prism:issueIdentifier":"1","prism:pageRange":"21-22","prism:coverDate":"1965-01-01","prism:coverDisplayDate":"MARCH 1965","prism:doi":"10.1109/TE.1965.4321884","citedby-count":"0","prism:aggregationType":"Journal","subtype":"ar","subtypeDescription":"Article","source-id":"17344","openaccess":"0","openaccessFlag":false},{"@_fa": "true", "link": [{"@_fa": "true", "@ref": "self", "@href": "https://api.elsevier.com/content/abstract/scopus_id/84937351456"},{"@_fa": "true", "@ref": "author-affiliation", "@href": "https://api.elsevier.com/content/abstract/scopus_id/84937351456?field=author,affiliation"},{"@_fa": "true", "@ref": "scopus", "@href": "https://www.scopus.com/inward/record.uri?partnerID=HzOxMe3b&scp=84937351456&origin=inward"},{"@_fa": "true", "@ref": "scopus-citedby", "@href": "https://www.scopus.com/inward/citedby.uri?partnerID=HzOxMe3b&scp=84937351456&origin=inward"}],"prism:url":"https://api.elsevier.com/content/abstract/scopus_id/84937351456","dc:identifier":"SCOPUS_ID:84937351456","eid":"2-s2.0-84937351456","dc:title":"A General Network Representation for Three-Terminal Active Devices","dc:creator":"Ferris C.","prism:publicationName":"IEEE Transactions on Education","prism:issn":"00189359","prism:eIssn":"15579638","prism:volume":"8","prism:issueIdentifier":"4","prism:pageRange":"119-124","prism:coverDate":"1965-01-01","prism:coverDisplayDate":"December 1965","prism:doi":"10.1109/TE.1965.4321913","citedby-count":"0","affiliation": [{"@_fa": "true", "affilname":"University of Maryland","affiliation-city":"College Park","affiliation-country":"United States"}],"prism:aggregationType":"Journal","subtype":"ar","subtypeDescription":"Article","source-id":"17344","openaccess":"0","openaccessFlag":false},{"@_fa": "true", "link": [{"@_fa": "true", "@ref": "self", "@href": "https://api.elsevier.com/content/abstract/scopus_id/34248973233"},{"@_fa": "true", "@ref": "author-affiliation", "@href": "https://api.elsevier.com/content/abstract/scopus_id/34248973233?field=author,affiliation"},{"@_fa": "true", "@ref": "scopus", "@href": "https://www.scopus.com/inward/record.uri?partnerID=HzOxMe3b&scp=34248973233&origin=inward"},{"@_fa": "true", "@ref": "scopus-citedby", "@href": "https://www.scopus.com/inward/citedby.uri?partnerID=HzOxMe3b&scp=34248973233&origin=inward"}],"prism:url":"https://api.elsevier.com/content/abstract/scopus_id/34248973233","dc:identifier":"SCOPUS_ID:34248973233","eid":"2-s2.0-34248973233","dc:title":"High School Extracurricular Activities and Political Socialization","dc:creator":"Ziblatt D.","prism:publicationName":"The Annals of the American Academy of Political and Social Science","prism:issn":"00027162","prism:eIssn":"15523349","prism:volume":"361","prism:issueIdentifier":"1","prism:pageRange":"20-31","prism:coverDate":"1965-01-01","prism:coverDisplayDate":"September 1965","prism:doi":"10.1177/000271626536100103","citedby-count":"20","affiliation": [{"@_fa": "true", "affilname":"Michigan State University","affiliation-city":"East Lansing","affiliation-country":"United States"}],"prism:aggregationType":"Journal","subtype":"ar","subtypeDescription":"Article","source-id":"15528","openaccess":"0","openaccessFlag":false},{"@_fa": "true", "link": [{"@_fa": "true", "@ref": "self", "@href": "https://api.elsevier.com/content/abstract/scopus_id/84929155061"},{"@_fa": "true", "@ref": "author-affiliation", "@href": "https://api.elsevier.com/content/abstract/scopus_id/84929155061?field=author,affiliation"},{"@_fa": "true", "@ref": "scopus", "@href": "https://www.scopus.com/inward/record.uri?partnerID=HzOxMe3b&scp=84929155061&origin=inward"},{"@_fa": "true", "@ref": "scopus-citedby", "@href": "https://www.scopus.com/inward/citedby.uri?partnerID=HzOxMe3b&scp=84929155061&origin=inward"}],"prism:url":"https://api.elsevier.com/content/abstract/scopus_id/84929155061","dc:identifier":"SCOPUS_ID:84929155061","eid":"2-s2.0-84929155061","dc:title":"The effect of load variations on the input impedance of electrical machines","dc:creator":"Jones K.","prism:publicationName":"International Journal of Electrical Engineering Education","prism:issn":"00207209","prism:eIssn":"20504578","prism:volume":"3","prism:issueIdentifier":"4","prism:pageRange":"525-535","prism:coverDate":"1965-01-01","prism:coverDisplayDate":"10 November 1965","prism:doi":"10.1177/002072096500300407","citedby-count":"0","prism:aggregationType":"Journal","subtype":"ar","subtypeDescription":"Article","source-id":"17966","openaccess":"0","openaccessFlag":false},{"@_fa": "true", "link": [{"@_fa": "true", "@ref": "self", "@href": "https://api.elsevier.com/content/abstract/scopus_id/84945595047"},{"@_fa": "true", "@ref": "author-affiliation", "@href": "https://api.elsevier.com/content/abstract/scopus_id/84945595047?field=author,affiliation"},{"@_fa": "true", "@ref": "scopus", "@href": "https://www.scopus.com/inward/record.uri?partnerID=HzOxMe3b&scp=84945595047&origin=inward"},{"@_fa": "true", "@ref": "scopus-citedby", "@href": "https://www.scopus.com/inward/citedby.uri?partnerID=HzOxMe3b&scp=84945595047&origin=inward"}],"prism:url":"https://api.elsevier.com/content/abstract/scopus_id/84945595047","dc:identifier":"SCOPUS_ID:84945595047","eid":"2-s2.0-84945595047","dc:title":"A retail market potential model","dc:creator":"Lakshmanan J.","prism:publicationName":"Journal of the American Planning Association","prism:issn":"01944363","prism:volume":"31","prism:issueIdentifier":"2","prism:pageRange":"134-143","prism:coverDate":"1965-01-01","prism:coverDisplayDate":"May 1965","prism:doi":"10.1080/01944366508978155","citedby-count":"140","prism:aggregationType":"Journal","subtype":"ar","subtypeDescription":"Article","source-id":"13934","openaccess":"0","openaccessFlag":false},{"@_fa": "true", "link": [{"@_fa": "true", "@ref": "self", "@href": "https://api.elsevier.com/content/abstract/scopus_id/34248973905"},{"@_fa": "true", "@ref": "author-affiliation", "@href": "https://api.elsevier.com/content/abstract/scopus_id/34248973905?field=author,affiliation"},{"@_fa": "true", "@ref": "scopus", "@href": "https://www.scopus.com/inward/record.uri?partnerID=HzOxMe3b&scp=34248973905&origin=inward"},{"@_fa": "true", "@ref": "scopus-citedby", "@href": "https://www.scopus.com/inward/citedby.uri?partnerID=HzOxMe3b&scp=34248973905&origin=inward"}],"prism:url":"https://api.elsevier.com/content/abstract/scopus_id/34248973905","dc:identifier":"SCOPUS_ID:34248973905","eid":"2-s2.0-34248973905","dc:title":"THE ROLE OF REGIONAL ORGANIZATION IN RURAL DEVELOPMENT IN ISRAEL ‐ SOME PRELIMINARY REMARKS","dc:creator":"WEINTRAUB D.","prism:publicationName":"Sociologia Ruralis","prism:issn":"00380199","prism:eIssn":"14679523","prism:volume":"5","prism:issueIdentifier":"3","prism:pageRange":"288-307","prism:coverDate":"1965-01-01","prism:coverDisplayDate":"September 1965","prism:doi":"10.1111/j.1467-9523.1965.tb00523.x","citedby-count":"1","affiliation": [{"@_fa": "true", "affilname":"Hebrew University of Jerusalem","affiliation-city":"Jerusalem","affiliation-country":"Israel"}],"prism:aggregationType":"Journal","subtype":"ar","subtypeDescription":"Article","source-id":"18062","openaccess":"0","openaccessFlag":false},{"@_fa": "true", "link": [{"@_fa": "true", "@ref": "self", "@href": "https://api.elsevier.com/content/abstract/scopus_id/85007986055"},{"@_fa": "true", "@ref": "author-affiliation", "@href": "https://api.elsevier.com/content/abstract/scopus_id/85007986055?field=author,affiliation"},{"@_fa": "true", "@ref": "scopus", "@href": "https://www.scopus.com/inward/record.uri?partnerID=HzOxMe3b&scp=85007986055&origin=inward"},{"@_fa": "true", "@ref": "scopus-citedby", "@href": "https://www.scopus.com/inward/citedby.uri?partnerID=HzOxMe3b&scp=85007986055&origin=inward"}],"prism:url":"https://api.elsevier.com/content/abstract/scopus_id/85007986055","dc:identifier":"SCOPUS_ID:85007986055","eid":"2-s2.0-85007986055","dc:title":"Land transportation of the chûgoku district","dc:creator":"Arisue T.","prism:publicationName":"Japanese Journal of Human Geography","prism:issn":"00187216","prism:volume":"17","prism:issueIdentifier":"2","prism:pageRange":"134-149","prism:coverDate":"1965-01-01","prism:coverDisplayDate":"1965","prism:doi":"10.4200/jjhg1948.17.134","citedby-count":"0","prism:aggregationType":"Journal","subtype":"ar","subtypeDescription":"Article","source-id":"30239","openaccess":"1","openaccessFlag":true},{"@_fa": "true", "link": [{"@_fa": "true", "@ref": "self", "@href": "https://api.elsevier.com/content/abstract/scopus_id/34248966054"},{"@_fa": "true", "@ref": "author-affiliation", "@href": "https://api.elsevier.com/content/abstract/scopus_id/34248966054?field=author,affiliation"},{"@_fa": "true", "@ref": "scopus", "@href": "https://www.scopus.com/inward/record.uri?partnerID=HzOxMe3b&scp=34248966054&origin=inward"},{"@_fa": "true", "@ref": "scopus-citedby", "@href": "https://www.scopus.com/inward/citedby.uri?partnerID=HzOxMe3b&scp=34248966054&origin=inward"}],"prism:url":"https://api.elsevier.com/content/abstract/scopus_id/34248966054","dc:identifier":"SCOPUS_ID:34248966054","eid":"2-s2.0-34248966054","dc:title":"Network Analysis and Urbanism in Africa: The Use of Micro and Macro Analysis*","dc:creator":"Gutkind P.","prism:publicationName":"Canadian Review of Sociology/Revue canadienne de sociologie","prism:issn":"17556171","prism:eIssn":"1755618X","prism:volume":"2","prism:issueIdentifier":"3","prism:pageRange":"123-131","prism:coverDate":"1965-01-01","prism:coverDisplayDate":"August 1965","prism:doi":"10.1111/j.1755-618X.1965.tb00749.x","citedby-count":"4","affiliation": [{"@_fa": "true", "affilname":"McGill University","affiliation-city":"Montreal","affiliation-country":"Canada"}],"prism:aggregationType":"Journal","subtype":"ar","subtypeDescription":"Article","source-id":"12000154533","openaccess":"0","openaccessFlag":false},{"@_fa": "true", "link": [{"@_fa": "true", "@ref": "self", "@href": "https://api.elsevier.com/content/abstract/scopus_id/34248979233"},{"@_fa": "true", "@ref": "author-affiliation", "@href": "https://api.elsevier.com/content/abstract/scopus_id/34248979233?field=author,affiliation"},{"@_fa": "true", "@ref": "scopus", "@href": "https://www.scopus.com/inward/record.uri?partnerID=HzOxMe3b&scp=34248979233&origin=inward"},{"@_fa": "true", "@ref": "scopus-citedby", "@href": "https://www.scopus.com/inward/citedby.uri?partnerID=HzOxMe3b&scp=34248979233&origin=inward"}],"prism:url":"https://api.elsevier.com/content/abstract/scopus_id/34248979233","dc:identifier":"SCOPUS_ID:34248979233","eid":"2-s2.0-34248979233","dc:title":"The European Version of Neutralism","dc:creator":"Freymond J.","prism:publicationName":"The Annals of the American Academy of Political and Social Science","prism:issn":"00027162","prism:eIssn":"15523349","prism:volume":"362","prism:issueIdentifier":"1","prism:pageRange":"28-35","prism:coverDate":"1965-01-01","prism:coverDisplayDate":"November 1965","prism:doi":"10.1177/000271626536200104","citedby-count":"0","affiliation": [{"@_fa": "true", "affilname":"Université de Genève","affiliation-city":"Geneva","affiliation-country":"Switzerland"}],"prism:aggregationType":"Journal","subtype":"ar","subtypeDescription":"Article","source-id":"15528","openaccess":"0","openaccessFlag":false}]}}