{"search-results":{"opensearch:totalResults":"5","opensearch:startIndex":"0","opensearch:itemsPerPage":"5","opensearch:Query":{"@role": "request", "@searchTerms": "TITLE-ABS-KEY(\"network\") AND SUBJAREA(SOCI) AND PUBYEAR = 1963", "@startPage": "0"},"link": [{"@_fa": "true", "@ref": "self", "@href": "https://api.elsevier.com/content/search/scopus?start=0&count=25&query=TITLE-ABS-KEY%28%22network%22%29+AND+SUBJAREA%28SOCI%29+AND+PUBYEAR+%3D+1963&apiKey=27d953b4b546791964ebeb768d13e61f&view=STANDARD", "@type": "application/json"},{"@_fa": "true", "@ref": "first", "@href": "https://api.elsevier.com/content/search/scopus?start=0&count=25&query=TITLE-ABS-KEY%28%22network%22%29+AND+SUBJAREA%28SOCI%29+AND+PUBYEAR+%3D+1963&apiKey=27d953b4b546791964ebeb768d13e61f&view=STANDARD", "@type": "application/json"}],"entry": [{"@_fa": "true", "link": [{"@_fa": "true", "@ref": "self", "@href": "https://api.elsevier.com/content/abstract/scopus_id/34250912825"},{"@_fa": "true", "@ref": "author-affiliation", "@href": "https://api.elsevier.com/content/abstract/scopus_id/34250912825?field=author,affiliation"},{"@_fa": "true", "@ref": "scopus", "@href": "https://www.scopus.com/inward/record.uri?partnerID=HzOxMe3b&scp=34250912825&origin=inward"},{"@_fa": "true", "@ref": "scopus-citedby", "@href": "https://www.scopus.com/inward/citedby.uri?partnerID=HzOxMe3b&scp=34250912825&origin=inward"}],"prism:url":"https://api.elsevier.com/content/abstract/scopus_id/34250912825","dc:identifier":"SCOPUS_ID:34250912825","eid":"2-s2.0-34250912825","dc:title":"A note on \"pattern variants on a square field\"","dc:creator":"Moon J.","prism:publicationName":"Psychometrika","prism:issn":"00333123","prism:eIssn":"18600980","prism:volume":"28","prism:issueIdentifier":"1","prism:pageRange":"93-95","prism:coverDate":"1963-03-01","prism:coverDisplayDate":"March 1963","prism:doi":"10.1007/BF02289552","citedby-count":"0","prism:aggregationType":"Journal","subtype":"ar","subtypeDescription":"Article","source-id":"14061","openaccess":"0","openaccessFlag":false},{"@_fa": "true", "link": [{"@_fa": "true", "@ref": "self", "@href": "https://api.elsevier.com/content/abstract/scopus_id/84929192594"},{"@_fa": "true", "@ref": "author-affiliation", "@href": "https://api.elsevier.com/content/abstract/scopus_id/84929192594?field=author,affiliation"},{"@_fa": "true", "@ref": "scopus", "@href": "https://www.scopus.com/inward/record.uri?partnerID=HzOxMe3b&scp=84929192594&origin=inward"},{"@_fa": "true", "@ref": "scopus-citedby", "@href": "https://www.scopus.com/inward/citedby.uri?partnerID=HzOxMe3b&scp=84929192594&origin=inward"}],"prism:url":"https://api.elsevier.com/content/abstract/scopus_id/84929192594","dc:identifier":"SCOPUS_ID:84929192594","eid":"2-s2.0-84929192594","dc:title":"Examples of the effect of pole locations on network response","dc:creator":"Holt A.","prism:publicationName":"International Journal of Electrical Engineering Education","prism:issn":"00207209","prism:eIssn":"20504578","prism:volume":"1","prism:issueIdentifier":"1","prism:pageRange":"45-55","prism:coverDate":"1963-01-01","prism:coverDisplayDate":"10 June 1963","prism:doi":"10.1177/002072096300100107","citedby-count":"0","affiliation": [{"@_fa": "true", "affilname":"King's College London","affiliation-city":"London","affiliation-country":"United Kingdom"}],"prism:aggregationType":"Journal","subtype":"ar","subtypeDescription":"Article","source-id":"17966","openaccess":"0","openaccessFlag":false},{"@_fa": "true", "link": [{"@_fa": "true", "@ref": "self", "@href": "https://api.elsevier.com/content/abstract/scopus_id/75449120645"},{"@_fa": "true", "@ref": "author-affiliation", "@href": "https://api.elsevier.com/content/abstract/scopus_id/75449120645?field=author,affiliation"},{"@_fa": "true", "@ref": "scopus", "@href": "https://www.scopus.com/inward/record.uri?partnerID=HzOxMe3b&scp=75449120645&origin=inward"},{"@_fa": "true", "@ref": "scopus-citedby", "@href": "https://www.scopus.com/inward/citedby.uri?partnerID=HzOxMe3b&scp=75449120645&origin=inward"}],"prism:url":"https://api.elsevier.com/content/abstract/scopus_id/75449120645","dc:identifier":"SCOPUS_ID:75449120645","eid":"2-s2.0-75449120645","dc:title":"The network of reference: comparison in the history o psychology.","dc:creator":"CARDNO J.","prism:publicationName":"The Journal of general psychology","prism:issn":"00221309","prism:volume":"68","prism:pageRange":"141-156","prism:coverDate":"1963-01-01","prism:coverDisplayDate":"Jan 1963","prism:doi":"10.1080/00221309.1963.9920518","citedby-count":"0","pubmed-id":"14018602","prism:aggregationType":"Journal","subtype":"ar","subtypeDescription":"Article","source-id":"15508","openaccess":"0","openaccessFlag":false},{"@_fa": "true", "link": [{"@_fa": "true", "@ref": "self", "@href": "https://api.elsevier.com/content/abstract/scopus_id/84938011479"},{"@_fa": "true", "@ref": "author-affiliation", "@href": "https://api.elsevier.com/content/abstract/scopus_id/84938011479?field=author,affiliation"},{"@_fa": "true", "@ref": "scopus", "@href": "https://www.scopus.com/inward/record.uri?partnerID=HzOxMe3b&scp=84938011479&origin=inward"},{"@_fa": "true", "@ref": "scopus-citedby", "@href": "https://www.scopus.com/inward/citedby.uri?partnerID=HzOxMe3b&scp=84938011479&origin=inward"}],"prism:url":"https://api.elsevier.com/content/abstract/scopus_id/84938011479","dc:identifier":"SCOPUS_ID:84938011479","eid":"2-s2.0-84938011479","dc:title":"Synthesis of Fixed and Variable Networks for Filtering Nonstationary Random Signals","dc:creator":"Knapp C.","prism:publicationName":"IEEE Transactions on Information Theory","prism:issn":"00189448","prism:eIssn":"15579654","prism:volume":"9","prism:issueIdentifier":"4","prism:pageRange":"276-280","prism:coverDate":"1963-01-01","prism:coverDisplayDate":"October 1963","prism:doi":"10.1109/TIT.1963.1057850","citedby-count":"0","affiliation": [{"@_fa": "true", "affilname":"University of Connecticut","affiliation-city":"Storrs","affiliation-country":"United States"}],"prism:aggregationType":"Journal","subtype":"ar","subtypeDescription":"Article","source-id":"15107","openaccess":"0","openaccessFlag":false},{"@_fa": "true", "link": [{"@_fa": "true", "@ref": "self", "@href": "https://api.elsevier.com/content/abstract/scopus_id/84924481490"},{"@_fa": "true", "@ref": "author-affiliation", "@href": "https://api.elsevier.com/content/abstract/scopus_id/84924481490?field=author,affiliation"},{"@_fa": "true", "@ref": "scopus", "@href": "https://www.scopus.com/inward/record.uri?partnerID=HzOxMe3b&scp=84924481490&origin=inward"},{"@_fa": "true", "@ref": "scopus-citedby", "@href": "https://www.scopus.com/inward/citedby.uri?partnerID=HzOxMe3b&scp=84924481490&origin=inward"}],"prism:url":"https://api.elsevier.com/content/abstract/scopus_id/84924481490","dc:identifier":"SCOPUS_ID:84924481490","eid":"2-s2.0-84924481490","dc:title":"Recollections of the Abbé Breuil","dc:creator":"Boyle M.","prism:publicationName":"Antiquity","prism:issn":"0003598X","prism:eIssn":"17451493","prism:volume":"37","prism:issueIdentifier":"145","prism:pageRange":"12-18","prism:coverDate":"1963-01-01","prism:coverDisplayDate":"March 1963","prism:doi":"10.1017/S0003598X00036978","citedby-count":"1","prism:aggregationType":"Journal","subtype":"ar","subtypeDescription":"Article","source-id":"98073","openaccess":"0","openaccessFlag":false}]}}