{"search-results":{"opensearch:totalResults":"42","opensearch:startIndex":"0","opensearch:itemsPerPage":"25","opensearch:Query":{"@role": "request", "@searchTerms": "TITLE-ABS-KEY(\"network\") AND SUBJAREA(SOCI) AND PUBYEAR = 1967", "@startPage": "0"},"link": [{"@_fa": "true", "@ref": "self", "@href": "https://api.elsevier.com/content/search/scopus?start=0&count=25&query=TITLE-ABS-KEY%28%22network%22%29+AND+SUBJAREA%28SOCI%29+AND+PUBYEAR+%3D+1967&apiKey=27d953b4b546791964ebeb768d13e61f&view=STANDARD", "@type": "application/json"},{"@_fa": "true", "@ref": "first", "@href": "https://api.elsevier.com/content/search/scopus?start=0&count=25&query=TITLE-ABS-KEY%28%22network%22%29+AND+SUBJAREA%28SOCI%29+AND+PUBYEAR+%3D+1967&apiKey=27d953b4b546791964ebeb768d13e61f&view=STANDARD", "@type": "application/json"},{"@_fa": "true", "@ref": "next", "@href": "https://api.elsevier.com/content/search/scopus?start=25&count=25&query=TITLE-ABS-KEY%28%22network%22%29+AND+SUBJAREA%28SOCI%29+AND+PUBYEAR+%3D+1967&apiKey=27d953b4b546791964ebeb768d13e61f&view=STANDARD", "@type": "application/json"},{"@_fa": "true", "@ref": "last", "@href": "https://api.elsevier.com/content/search/scopus?start=17&count=25&query=TITLE-ABS-KEY%28%22network%22%29+AND+SUBJAREA%28SOCI%29+AND+PUBYEAR+%3D+1967&apiKey=27d953b4b546791964ebeb768d13e61f&view=STANDARD", "@type": "application/json"}],"entry": [{"@_fa": "true", "link": [{"@_fa": "true", "@ref": "self", "@href": "https://api.elsevier.com/content/abstract/scopus_id/84946534239"},{"@_fa": "true", "@ref": "author-affiliation", "@href": "https://api.elsevier.com/content/abstract/scopus_id/84946534239?field=author,affiliation"},{"@_fa": "true", "@ref": "scopus", "@href": "https://www.scopus.com/inward/record.uri?partnerID=HzOxMe3b&scp=84946534239&origin=inward"},{"@_fa": "true", "@ref": "scopus-citedby", "@href": "https://www.scopus.com/inward/citedby.uri?partnerID=HzOxMe3b&scp=84946534239&origin=inward"}],"prism:url":"https://api.elsevier.com/content/abstract/scopus_id/84946534239","dc:identifier":"SCOPUS_ID:84946534239","eid":"2-s2.0-84946534239","dc:title":"The one-man information unit—utilizing the aslib network","dc:creator":"Thornton H.","prism:publicationName":"Aslib Proceedings","prism:issn":"0001253X","prism:volume":"19","prism:issueIdentifier":"12","prism:pageRange":"402-405","prism:coverDate":"1967-12-01","prism:coverDisplayDate":"1 December 1967","prism:doi":"10.1108/eb050131","citedby-count":"2","prism:aggregationType":"Conference Proceeding","subtype":"re","subtypeDescription":"Review","source-id":"12804","openaccess":"0","openaccessFlag":false},{"@_fa": "true", "link": [{"@_fa": "true", "@ref": "self", "@href": "https://api.elsevier.com/content/abstract/scopus_id/36149058234"},{"@_fa": "true", "@ref": "author-affiliation", "@href": "https://api.elsevier.com/content/abstract/scopus_id/36149058234?field=author,affiliation"},{"@_fa": "true", "@ref": "scopus", "@href": "https://www.scopus.com/inward/record.uri?partnerID=HzOxMe3b&scp=36149058234&origin=inward"},{"@_fa": "true", "@ref": "scopus-citedby", "@href": "https://www.scopus.com/inward/citedby.uri?partnerID=HzOxMe3b&scp=36149058234&origin=inward"}],"prism:url":"https://api.elsevier.com/content/abstract/scopus_id/36149058234","dc:identifier":"SCOPUS_ID:36149058234","eid":"2-s2.0-36149058234","dc:title":"Planning a lecture course with the aid of network techniques","dc:creator":"Williams E.","prism:publicationName":"Physics Education","prism:issn":"00319120","prism:volume":"2","prism:issueIdentifier":"4","prism:pageRange":"202-206","prism:coverDate":"1967-12-01","prism:coverDisplayDate":"1967","prism:doi":"10.1088/0031-9120/2/4/306","citedby-count":"0","affiliation": [{"@_fa": "true", "affilname":"Aberystwyth University","affiliation-city":"Ceredigion","affiliation-country":"United Kingdom"}],"prism:aggregationType":"Journal","subtype":"ar","subtypeDescription":"Article","article-number":"306","source-id":"144982","openaccess":"0","openaccessFlag":false},{"@_fa": "true", "link": [{"@_fa": "true", "@ref": "self", "@href": "https://api.elsevier.com/content/abstract/scopus_id/34250507881"},{"@_fa": "true", "@ref": "author-affiliation", "@href": "https://api.elsevier.com/content/abstract/scopus_id/34250507881?field=author,affiliation"},{"@_fa": "true", "@ref": "scopus", "@href": "https://www.scopus.com/inward/record.uri?partnerID=HzOxMe3b&scp=34250507881&origin=inward"},{"@_fa": "true", "@ref": "scopus-citedby", "@href": "https://www.scopus.com/inward/citedby.uri?partnerID=HzOxMe3b&scp=34250507881&origin=inward"}],"prism:url":"https://api.elsevier.com/content/abstract/scopus_id/34250507881","dc:identifier":"SCOPUS_ID:34250507881","eid":"2-s2.0-34250507881","dc:title":"A programming model of an integrated transportation network","dc:creator":"Scott A.","prism:publicationName":"Papers of the Regional Science Association","prism:issn":"10568190","prism:eIssn":"14355957","prism:volume":"19","prism:issueIdentifier":"1","prism:pageRange":"215-222","prism:coverDate":"1967-12-01","prism:coverDisplayDate":"December 1967","prism:doi":"10.1007/BF01944053","citedby-count":"5","prism:aggregationType":"Journal","subtype":"ar","subtypeDescription":"Article","source-id":"25205","openaccess":"0","openaccessFlag":false},{"@_fa": "true", "link": [{"@_fa": "true", "@ref": "self", "@href": "https://api.elsevier.com/content/abstract/scopus_id/34250518617"},{"@_fa": "true", "@ref": "author-affiliation", "@href": "https://api.elsevier.com/content/abstract/scopus_id/34250518617?field=author,affiliation"},{"@_fa": "true", "@ref": "scopus", "@href": "https://www.scopus.com/inward/record.uri?partnerID=HzOxMe3b&scp=34250518617&origin=inward"},{"@_fa": "true", "@ref": "scopus-citedby", "@href": "https://www.scopus.com/inward/citedby.uri?partnerID=HzOxMe3b&scp=34250518617&origin=inward"}],"prism:url":"https://api.elsevier.com/content/abstract/scopus_id/34250518617","dc:identifier":"SCOPUS_ID:34250518617","eid":"2-s2.0-34250518617","dc:title":"Remarks on simultaneous and anisotropic models of transportation network, comments on A. J. Scott","dc:creator":"Domański R.","prism:publicationName":"Papers of the Regional Science Association","prism:issn":"10568190","prism:eIssn":"14355957","prism:volume":"19","prism:issueIdentifier":"1","prism:pageRange":"223-228","prism:coverDate":"1967-12-01","prism:coverDisplayDate":"December 1967","prism:doi":"10.1007/BF01944054","citedby-count":"1","affiliation": [{"@_fa": "true", "affilname":"Poznań School of Economics","affiliation-city":"Poznan","affiliation-country":"Poland"}],"prism:aggregationType":"Journal","subtype":"ar","subtypeDescription":"Article","source-id":"25205","openaccess":"0","openaccessFlag":false},{"@_fa": "true", "link": [{"@_fa": "true", "@ref": "self", "@href": "https://api.elsevier.com/content/abstract/scopus_id/33746557911"},{"@_fa": "true", "@ref": "author-affiliation", "@href": "https://api.elsevier.com/content/abstract/scopus_id/33746557911?field=author,affiliation"},{"@_fa": "true", "@ref": "scopus", "@href": "https://www.scopus.com/inward/record.uri?partnerID=HzOxMe3b&scp=33746557911&origin=inward"},{"@_fa": "true", "@ref": "scopus-citedby", "@href": "https://www.scopus.com/inward/citedby.uri?partnerID=HzOxMe3b&scp=33746557911&origin=inward"}],"prism:url":"https://api.elsevier.com/content/abstract/scopus_id/33746557911","dc:identifier":"SCOPUS_ID:33746557911","eid":"2-s2.0-33746557911","dc:title":"Accessibility to the Countryside as a Factor in Planning for Leisure","dc:creator":"Cracknell B.","prism:publicationName":"Regional Studies","prism:issn":"00343404","prism:eIssn":"13600591","prism:volume":"1","prism:issueIdentifier":"2","prism:pageRange":"147-161","prism:coverDate":"1967-12-01","prism:coverDisplayDate":"1 December 1967","prism:doi":"10.1080/09595236700185151","citedby-count":"9","prism:aggregationType":"Journal","subtype":"ar","subtypeDescription":"Article","source-id":"15143","openaccess":"0","openaccessFlag":false},{"@_fa": "true", "link": [{"@_fa": "true", "@ref": "self", "@href": "https://api.elsevier.com/content/abstract/scopus_id/34247973695"},{"@_fa": "true", "@ref": "author-affiliation", "@href": "https://api.elsevier.com/content/abstract/scopus_id/34247973695?field=author,affiliation"},{"@_fa": "true", "@ref": "scopus", "@href": "https://www.scopus.com/inward/record.uri?partnerID=HzOxMe3b&scp=34247973695&origin=inward"},{"@_fa": "true", "@ref": "scopus-citedby", "@href": "https://www.scopus.com/inward/citedby.uri?partnerID=HzOxMe3b&scp=34247973695&origin=inward"}],"prism:url":"https://api.elsevier.com/content/abstract/scopus_id/34247973695","dc:identifier":"SCOPUS_ID:34247973695","eid":"2-s2.0-34247973695","dc:title":"Social integration of businessmen in varied size communities","dc:creator":"Photiadis J.","prism:publicationName":"Social Forces","prism:issn":"00377732","prism:eIssn":"15347605","prism:volume":"46","prism:issueIdentifier":"2","prism:pageRange":"229-236","prism:coverDate":"1967-12-01","prism:coverDisplayDate":"1 December 1967","prism:doi":"10.2307/2574604","citedby-count":"2","affiliation": [{"@_fa": "true", "affilname":"West Virginia University","affiliation-city":"Morgantown","affiliation-country":"United States"}],"prism:aggregationType":"Journal","subtype":"ar","subtypeDescription":"Article","source-id":"17530","openaccess":"0","openaccessFlag":false},{"@_fa": "true", "link": [{"@_fa": "true", "@ref": "self", "@href": "https://api.elsevier.com/content/abstract/scopus_id/85061129686"},{"@_fa": "true", "@ref": "author-affiliation", "@href": "https://api.elsevier.com/content/abstract/scopus_id/85061129686?field=author,affiliation"},{"@_fa": "true", "@ref": "scopus", "@href": "https://www.scopus.com/inward/record.uri?partnerID=HzOxMe3b&scp=85061129686&origin=inward"},{"@_fa": "true", "@ref": "scopus-citedby", "@href": "https://www.scopus.com/inward/citedby.uri?partnerID=HzOxMe3b&scp=85061129686&origin=inward"}],"prism:url":"https://api.elsevier.com/content/abstract/scopus_id/85061129686","dc:identifier":"SCOPUS_ID:85061129686","eid":"2-s2.0-85061129686","dc:title":"The planning network as a basis for resource allocation, cost planning and project profitability assessment","dc:creator":"Woodgate H.","prism:publicationName":"AFIPS Conference Proceedings - 1967 Fall Joint Computer Conference, AFIPS 1967","prism:pageRange":"305-320","prism:coverDate":"1967-11-14","prism:coverDisplayDate":"14 November 1967","prism:doi":"10.1145/1465611.1465650","citedby-count":"0","affiliation": [{"@_fa": "true", "affilname":"International Computers and Tabulators Limited","affiliation-city":"London","affiliation-country":"United Kingdom"}],"prism:aggregationType":"Conference Proceeding","subtype":"cp","subtypeDescription":"Conference Paper","source-id":"21100897207","openaccess":"0","openaccessFlag":false},{"@_fa": "true", "link": [{"@_fa": "true", "@ref": "self", "@href": "https://api.elsevier.com/content/abstract/scopus_id/85061137767"},{"@_fa": "true", "@ref": "author-affiliation", "@href": "https://api.elsevier.com/content/abstract/scopus_id/85061137767?field=author,affiliation"},{"@_fa": "true", "@ref": "scopus", "@href": "https://www.scopus.com/inward/record.uri?partnerID=HzOxMe3b&scp=85061137767&origin=inward"},{"@_fa": "true", "@ref": "scopus-citedby", "@href": "https://www.scopus.com/inward/citedby.uri?partnerID=HzOxMe3b&scp=85061137767&origin=inward"}],"prism:url":"https://api.elsevier.com/content/abstract/scopus_id/85061137767","dc:identifier":"SCOPUS_ID:85061137767","eid":"2-s2.0-85061137767","dc:title":"A family of linear integrated circuits for data systems","dc:creator":"Rudin M.","prism:publicationName":"AFIPS Conference Proceedings - 1967 Fall Joint Computer Conference, AFIPS 1967","prism:pageRange":"95-101","prism:coverDate":"1967-11-14","prism:coverDisplayDate":"14 November 1967","prism:doi":"10.1145/1465611.1465624","citedby-count":"0","affiliation": [{"@_fa": "true", "affilname":"Fairchild Semiconductor Corporation","affiliation-city":"South Portland","affiliation-country":"United States"}],"prism:aggregationType":"Conference Proceeding","subtype":"cp","subtypeDescription":"Conference Paper","source-id":"21100897207","openaccess":"0","openaccessFlag":false},{"@_fa": "true", "link": [{"@_fa": "true", "@ref": "self", "@href": "https://api.elsevier.com/content/abstract/scopus_id/84976863249"},{"@_fa": "true", "@ref": "author-affiliation", "@href": "https://api.elsevier.com/content/abstract/scopus_id/84976863249?field=author,affiliation"},{"@_fa": "true", "@ref": "scopus", "@href": "https://www.scopus.com/inward/record.uri?partnerID=HzOxMe3b&scp=84976863249&origin=inward"},{"@_fa": "true", "@ref": "scopus-citedby", "@href": "https://www.scopus.com/inward/citedby.uri?partnerID=HzOxMe3b&scp=84976863249&origin=inward"}],"prism:url":"https://api.elsevier.com/content/abstract/scopus_id/84976863249","dc:identifier":"SCOPUS_ID:84976863249","eid":"2-s2.0-84976863249","dc:title":"Computer change at the Westinghouse Defense and Space Center","dc:creator":"Fritz W.","prism:publicationName":"AFIPS Conference Proceedings - 1967 Fall Joint Computer Conference, AFIPS 1967","prism:pageRange":"581-586","prism:coverDate":"1967-11-14","prism:coverDisplayDate":"14 November 1967","prism:doi":"10.1145/1465611.1465688","citedby-count":"1","affiliation": [{"@_fa": "true", "affilname":"Westinghouse Electric Company","affiliation-city":"Pittsburgh","affiliation-country":"United States"}],"prism:aggregationType":"Conference Proceeding","subtype":"cp","subtypeDescription":"Conference Paper","source-id":"21100897207","openaccess":"0","openaccessFlag":false},{"@_fa": "true", "link": [{"@_fa": "true", "@ref": "self", "@href": "https://api.elsevier.com/content/abstract/scopus_id/84948589098"},{"@_fa": "true", "@ref": "author-affiliation", "@href": "https://api.elsevier.com/content/abstract/scopus_id/84948589098?field=author,affiliation"},{"@_fa": "true", "@ref": "scopus", "@href": "https://www.scopus.com/inward/record.uri?partnerID=HzOxMe3b&scp=84948589098&origin=inward"},{"@_fa": "true", "@ref": "scopus-citedby", "@href": "https://www.scopus.com/inward/citedby.uri?partnerID=HzOxMe3b&scp=84948589098&origin=inward"}],"prism:url":"https://api.elsevier.com/content/abstract/scopus_id/84948589098","dc:identifier":"SCOPUS_ID:84948589098","eid":"2-s2.0-84948589098","dc:title":"Graphic language translation with a language independent processor","dc:creator":"Morrison R.","prism:publicationName":"AFIPS Conference Proceedings - 1967 Fall Joint Computer Conference, AFIPS 1967","prism:pageRange":"723-731","prism:coverDate":"1967-11-14","prism:coverDisplayDate":"14 November 1967","prism:doi":"10.1145/1465611.1465706","citedby-count":"6","affiliation": [{"@_fa": "true", "affilname":"General Electric Company","affiliation-city":"Fairfield","affiliation-country":"United States"}],"prism:aggregationType":"Conference Proceeding","subtype":"cp","subtypeDescription":"Conference Paper","source-id":"21100897207","openaccess":"0","openaccessFlag":false},{"@_fa": "true", "link": [{"@_fa": "true", "@ref": "self", "@href": "https://api.elsevier.com/content/abstract/scopus_id/4143102276"},{"@_fa": "true", "@ref": "author-affiliation", "@href": "https://api.elsevier.com/content/abstract/scopus_id/4143102276?field=author,affiliation"},{"@_fa": "true", "@ref": "scopus", "@href": "https://www.scopus.com/inward/record.uri?partnerID=HzOxMe3b&scp=4143102276&origin=inward"},{"@_fa": "true", "@ref": "scopus-citedby", "@href": "https://www.scopus.com/inward/citedby.uri?partnerID=HzOxMe3b&scp=4143102276&origin=inward"}],"prism:url":"https://api.elsevier.com/content/abstract/scopus_id/4143102276","dc:identifier":"SCOPUS_ID:4143102276","eid":"2-s2.0-4143102276","dc:title":"Conversion of Wiswesser Notation to a Connectivity Matrix for Organic Compounds","dc:creator":"Hyde E.","prism:publicationName":"Journal of Chemical Documentation","prism:issn":"00219576","prism:volume":"7","prism:issueIdentifier":"4","prism:pageRange":"200-204","prism:coverDate":"1967-11-01","prism:coverDisplayDate":"1 November 1967","prism:doi":"10.1021/c160027a004","citedby-count":"30","affiliation": [{"@_fa": "true", "affilname":"Akzo Nobel N.V.","affiliation-city":"Amsterdam","affiliation-country":"Netherlands"},{"@_fa": "true", "affilname":"Canadian Industries Limited","affiliation-city":"Montreal","affiliation-country":"Canada"}],"prism:aggregationType":"Journal","subtype":"ar","subtypeDescription":"Article","source-id":"42042","openaccess":"0","openaccessFlag":false},{"@_fa": "true", "link": [{"@_fa": "true", "@ref": "self", "@href": "https://api.elsevier.com/content/abstract/scopus_id/0014104313"},{"@_fa": "true", "@ref": "author-affiliation", "@href": "https://api.elsevier.com/content/abstract/scopus_id/0014104313?field=author,affiliation"},{"@_fa": "true", "@ref": "scopus", "@href": "https://www.scopus.com/inward/record.uri?partnerID=HzOxMe3b&scp=0014104313&origin=inward"},{"@_fa": "true", "@ref": "scopus-citedby", "@href": "https://www.scopus.com/inward/citedby.uri?partnerID=HzOxMe3b&scp=0014104313&origin=inward"}],"prism:url":"https://api.elsevier.com/content/abstract/scopus_id/0014104313","dc:identifier":"SCOPUS_ID:0014104313","eid":"2-s2.0-0014104313","dc:title":"Gangs, networks, and subcultural delinquency.","dc:creator":"Lerman P.","prism:publicationName":"American Journal of Sociology","prism:issn":"00029602","prism:volume":"73","prism:issueIdentifier":"1","prism:pageRange":"63-72","prism:coverDate":"1967-07-01","prism:coverDisplayDate":"July 1967","prism:doi":"10.1086/224436","citedby-count":"16","pubmed-id":"6072581","prism:aggregationType":"Journal","subtype":"ar","subtypeDescription":"Article","source-id":"16926","openaccess":"0","openaccessFlag":false},{"@_fa": "true", "link": [{"@_fa": "true", "@ref": "self", "@href": "https://api.elsevier.com/content/abstract/scopus_id/84864889415"},{"@_fa": "true", "@ref": "author-affiliation", "@href": "https://api.elsevier.com/content/abstract/scopus_id/84864889415?field=author,affiliation"},{"@_fa": "true", "@ref": "scopus", "@href": "https://www.scopus.com/inward/record.uri?partnerID=HzOxMe3b&scp=84864889415&origin=inward"},{"@_fa": "true", "@ref": "scopus-citedby", "@href": "https://www.scopus.com/inward/citedby.uri?partnerID=HzOxMe3b&scp=84864889415&origin=inward"}],"prism:url":"https://api.elsevier.com/content/abstract/scopus_id/84864889415","dc:identifier":"SCOPUS_ID:84864889415","eid":"2-s2.0-84864889415","dc:title":"Communication and diffusion of the iucd: a case study in urban india","dc:creator":"Dubey D.","prism:publicationName":"Demography","prism:issn":"00703370","prism:eIssn":"15337790","prism:volume":"4","prism:issueIdentifier":"2","prism:pageRange":"601-614","prism:coverDate":"1967-06-01","prism:coverDisplayDate":"June 1967","prism:doi":"10.2307/2060302","citedby-count":"8","prism:aggregationType":"Journal","subtype":"ar","subtypeDescription":"Article","source-id":"26365","openaccess":"0","openaccessFlag":false},{"@_fa": "true", "link": [{"@_fa": "true", "@ref": "self", "@href": "https://api.elsevier.com/content/abstract/scopus_id/0014094914"},{"@_fa": "true", "@ref": "author-affiliation", "@href": "https://api.elsevier.com/content/abstract/scopus_id/0014094914?field=author,affiliation"},{"@_fa": "true", "@ref": "scopus", "@href": "https://www.scopus.com/inward/record.uri?partnerID=HzOxMe3b&scp=0014094914&origin=inward"},{"@_fa": "true", "@ref": "scopus-citedby", "@href": "https://www.scopus.com/inward/citedby.uri?partnerID=HzOxMe3b&scp=0014094914&origin=inward"}],"prism:url":"https://api.elsevier.com/content/abstract/scopus_id/0014094914","dc:identifier":"SCOPUS_ID:0014094914","eid":"2-s2.0-0014094914","dc:title":"DEVELOPMENT AND EVALUATION OF AN ATTITUDES TO DEAFNESS SCALE","dc:creator":"COWEN E.","prism:publicationName":"Journal of Personality and Social Psychology","prism:issn":"00223514","prism:volume":"6","prism:issueIdentifier":"2","prism:pageRange":"183-191","prism:coverDate":"1967-06-01","prism:coverDisplayDate":"June 1967","prism:doi":"10.1037/h0024552","pii":"S0022351407614290","citedby-count":"18","pubmed-id":"6040575","prism:aggregationType":"Journal","subtype":"ar","subtypeDescription":"Article","source-id":"30039","openaccess":"0","openaccessFlag":false},{"@_fa": "true", "link": [{"@_fa": "true", "@ref": "self", "@href": "https://api.elsevier.com/content/abstract/scopus_id/0014159334"},{"@_fa": "true", "@ref": "author-affiliation", "@href": "https://api.elsevier.com/content/abstract/scopus_id/0014159334?field=author,affiliation"},{"@_fa": "true", "@ref": "scopus", "@href": "https://www.scopus.com/inward/record.uri?partnerID=HzOxMe3b&scp=0014159334&origin=inward"},{"@_fa": "true", "@ref": "scopus-citedby", "@href": "https://www.scopus.com/inward/citedby.uri?partnerID=HzOxMe3b&scp=0014159334&origin=inward"}],"prism:url":"https://api.elsevier.com/content/abstract/scopus_id/0014159334","dc:identifier":"SCOPUS_ID:0014159334","eid":"2-s2.0-0014159334","dc:title":"Diatomeenbefunde in Wasserleichen - Eine neue Methode zur quantitativen Messung der Diatomeen im Organismus","dc:creator":"Jääskeläinen A.","prism:publicationName":"Deutsche Zeitschrift fur die Gesamte Gerichtliche Medizin","prism:issn":"03670031","prism:eIssn":"14371596","prism:volume":"61","prism:issueIdentifier":"2","prism:pageRange":"41-47","prism:coverDate":"1967-06-01","prism:coverDisplayDate":"June 1967","prism:doi":"10.1007/BF00585279","citedby-count":"10","pubmed-id":"4876262","prism:aggregationType":"Journal","subtype":"ar","subtypeDescription":"Article","source-id":"93973","openaccess":"0","openaccessFlag":false},{"@_fa": "true", "link": [{"@_fa": "true", "@ref": "self", "@href": "https://api.elsevier.com/content/abstract/scopus_id/85061064950"},{"@_fa": "true", "@ref": "author-affiliation", "@href": "https://api.elsevier.com/content/abstract/scopus_id/85061064950?field=author,affiliation"},{"@_fa": "true", "@ref": "scopus", "@href": "https://www.scopus.com/inward/record.uri?partnerID=HzOxMe3b&scp=85061064950&origin=inward"},{"@_fa": "true", "@ref": "scopus-citedby", "@href": "https://www.scopus.com/inward/citedby.uri?partnerID=HzOxMe3b&scp=85061064950&origin=inward"}],"prism:url":"https://api.elsevier.com/content/abstract/scopus_id/85061064950","dc:identifier":"SCOPUS_ID:85061064950","eid":"2-s2.0-85061064950","dc:title":"Adaptive systems of logic networks and binary memories","dc:creator":"Aleksander I.","prism:publicationName":"AFIPS Conference Proceedings - 1967 Spring Joint Computer Conference, AFIPS 1967","prism:pageRange":"707-712","prism:coverDate":"1967-04-18","prism:coverDisplayDate":"18 April 1967","prism:doi":"10.1145/1465482.1465596","citedby-count":"3","affiliation": [{"@_fa": "true", "affilname":"Queen Mary, University of London","affiliation-city":"London","affiliation-country":"United Kingdom"}],"prism:aggregationType":"Conference Proceeding","subtype":"cp","subtypeDescription":"Conference Paper","source-id":"21100897119","openaccess":"0","openaccessFlag":false},{"@_fa": "true", "link": [{"@_fa": "true", "@ref": "self", "@href": "https://api.elsevier.com/content/abstract/scopus_id/84936893734"},{"@_fa": "true", "@ref": "author-affiliation", "@href": "https://api.elsevier.com/content/abstract/scopus_id/84936893734?field=author,affiliation"},{"@_fa": "true", "@ref": "scopus", "@href": "https://www.scopus.com/inward/record.uri?partnerID=HzOxMe3b&scp=84936893734&origin=inward"},{"@_fa": "true", "@ref": "scopus-citedby", "@href": "https://www.scopus.com/inward/citedby.uri?partnerID=HzOxMe3b&scp=84936893734&origin=inward"}],"prism:url":"https://api.elsevier.com/content/abstract/scopus_id/84936893734","dc:identifier":"SCOPUS_ID:84936893734","eid":"2-s2.0-84936893734","dc:title":"A functional description of macromodules","dc:creator":"Ornstein S.","prism:publicationName":"AFIPS Conference Proceedings - 1967 Spring Joint Computer Conference, AFIPS 1967","prism:pageRange":"337-355","prism:coverDate":"1967-04-18","prism:coverDisplayDate":"18 April 1967","prism:doi":"10.1145/1465482.1465537","citedby-count":"15","affiliation": [{"@_fa": "true", "affilname":"Washington University in St. Louis","affiliation-city":"St Louis","affiliation-country":"United States"}],"prism:aggregationType":"Conference Proceeding","subtype":"cp","subtypeDescription":"Conference Paper","source-id":"21100897119","openaccess":"0","openaccessFlag":false},{"@_fa": "true", "link": [{"@_fa": "true", "@ref": "self", "@href": "https://api.elsevier.com/content/abstract/scopus_id/84947659582"},{"@_fa": "true", "@ref": "author-affiliation", "@href": "https://api.elsevier.com/content/abstract/scopus_id/84947659582?field=author,affiliation"},{"@_fa": "true", "@ref": "scopus", "@href": "https://www.scopus.com/inward/record.uri?partnerID=HzOxMe3b&scp=84947659582&origin=inward"},{"@_fa": "true", "@ref": "scopus-citedby", "@href": "https://www.scopus.com/inward/citedby.uri?partnerID=HzOxMe3b&scp=84947659582&origin=inward"}],"prism:url":"https://api.elsevier.com/content/abstract/scopus_id/84947659582","dc:identifier":"SCOPUS_ID:84947659582","eid":"2-s2.0-84947659582","dc:title":"Security and privacy in computer systems","dc:creator":"Ware W.","prism:publicationName":"AFIPS Conference Proceedings - 1967 Spring Joint Computer Conference, AFIPS 1967","prism:pageRange":"279-282","prism:coverDate":"1967-04-18","prism:coverDisplayDate":"18 April 1967","prism:doi":"10.1145/1465482.1465523","citedby-count":"17","affiliation": [{"@_fa": "true", "affilname":"RAND Corporation","affiliation-city":"Santa Monica","affiliation-country":"United States"}],"prism:aggregationType":"Conference Proceeding","subtype":"cp","subtypeDescription":"Conference Paper","source-id":"21100897119","openaccess":"0","openaccessFlag":false},{"@_fa": "true", "link": [{"@_fa": "true", "@ref": "self", "@href": "https://api.elsevier.com/content/abstract/scopus_id/84948590819"},{"@_fa": "true", "@ref": "author-affiliation", "@href": "https://api.elsevier.com/content/abstract/scopus_id/84948590819?field=author,affiliation"},{"@_fa": "true", "@ref": "scopus", "@href": "https://www.scopus.com/inward/record.uri?partnerID=HzOxMe3b&scp=84948590819&origin=inward"},{"@_fa": "true", "@ref": "scopus-citedby", "@href": "https://www.scopus.com/inward/citedby.uri?partnerID=HzOxMe3b&scp=84948590819&origin=inward"}],"prism:url":"https://api.elsevier.com/content/abstract/scopus_id/84948590819","dc:identifier":"SCOPUS_ID:84948590819","eid":"2-s2.0-84948590819","dc:title":"Security and privacy: Similarities and differences","dc:creator":"Ware W.","prism:publicationName":"AFIPS Conference Proceedings - 1967 Spring Joint Computer Conference, AFIPS 1967","prism:pageRange":"287-290","prism:coverDate":"1967-04-18","prism:coverDisplayDate":"18 April 1967","prism:doi":"10.1145/1465482.1465525","citedby-count":"8","affiliation": [{"@_fa": "true", "affilname":"RAND Corporation","affiliation-city":"Santa Monica","affiliation-country":"United States"}],"prism:aggregationType":"Conference Proceeding","subtype":"cp","subtypeDescription":"Conference Paper","source-id":"21100897119","openaccess":"0","openaccessFlag":false},{"@_fa": "true", "link": [{"@_fa": "true", "@ref": "self", "@href": "https://api.elsevier.com/content/abstract/scopus_id/85061024496"},{"@_fa": "true", "@ref": "author-affiliation", "@href": "https://api.elsevier.com/content/abstract/scopus_id/85061024496?field=author,affiliation"},{"@_fa": "true", "@ref": "scopus", "@href": "https://www.scopus.com/inward/record.uri?partnerID=HzOxMe3b&scp=85061024496&origin=inward"},{"@_fa": "true", "@ref": "scopus-citedby", "@href": "https://www.scopus.com/inward/citedby.uri?partnerID=HzOxMe3b&scp=85061024496&origin=inward"}],"prism:url":"https://api.elsevier.com/content/abstract/scopus_id/85061024496","dc:identifier":"SCOPUS_ID:85061024496","eid":"2-s2.0-85061024496","dc:title":"A macromodular systems simulator (MS2)","dc:creator":"Dammkoehler R.","prism:publicationName":"AFIPS Conference Proceedings - 1967 Spring Joint Computer Conference, AFIPS 1967","prism:pageRange":"371-376","prism:coverDate":"1967-04-18","prism:coverDisplayDate":"18 April 1967","prism:doi":"10.1145/1465482.1465540","citedby-count":"0","affiliation": [{"@_fa": "true", "affilname":"Washington University in St. Louis","affiliation-city":"St Louis","affiliation-country":"United States"}],"prism:aggregationType":"Conference Proceeding","subtype":"cp","subtypeDescription":"Conference Paper","source-id":"21100897119","openaccess":"0","openaccessFlag":false},{"@_fa": "true", "link": [{"@_fa": "true", "@ref": "self", "@href": "https://api.elsevier.com/content/abstract/scopus_id/33746922931"},{"@_fa": "true", "@ref": "author-affiliation", "@href": "https://api.elsevier.com/content/abstract/scopus_id/33746922931?field=author,affiliation"},{"@_fa": "true", "@ref": "scopus", "@href": "https://www.scopus.com/inward/record.uri?partnerID=HzOxMe3b&scp=33746922931&origin=inward"},{"@_fa": "true", "@ref": "scopus-citedby", "@href": "https://www.scopus.com/inward/citedby.uri?partnerID=HzOxMe3b&scp=33746922931&origin=inward"}],"prism:url":"https://api.elsevier.com/content/abstract/scopus_id/33746922931","dc:identifier":"SCOPUS_ID:33746922931","eid":"2-s2.0-33746922931","dc:title":"Networks of Gaussian Channels with Applications to Feedback Systems","dc:creator":"Elias P.","prism:publicationName":"IEEE Transactions on Information Theory","prism:issn":"00189448","prism:eIssn":"15579654","prism:volume":"13","prism:issueIdentifier":"3","prism:pageRange":"493-501","prism:coverDate":"1967-01-01","prism:coverDisplayDate":"July 1967","prism:doi":"10.1109/TIT.1967.1054032","citedby-count":"24","prism:aggregationType":"Journal","subtype":"ar","subtypeDescription":"Article","source-id":"15107","openaccess":"0","openaccessFlag":false},{"@_fa": "true", "link": [{"@_fa": "true", "@ref": "self", "@href": "https://api.elsevier.com/content/abstract/scopus_id/84953953842"},{"@_fa": "true", "@ref": "author-affiliation", "@href": "https://api.elsevier.com/content/abstract/scopus_id/84953953842?field=author,affiliation"},{"@_fa": "true", "@ref": "scopus", "@href": "https://www.scopus.com/inward/record.uri?partnerID=HzOxMe3b&scp=84953953842&origin=inward"},{"@_fa": "true", "@ref": "scopus-citedby", "@href": "https://www.scopus.com/inward/citedby.uri?partnerID=HzOxMe3b&scp=84953953842&origin=inward"}],"prism:url":"https://api.elsevier.com/content/abstract/scopus_id/84953953842","dc:identifier":"SCOPUS_ID:84953953842","eid":"2-s2.0-84953953842","dc:title":"Debating on a statewide educational television network","dc:creator":"Vickeev J.","prism:publicationName":"Southern Speech Journal","prism:issn":"00384585","prism:volume":"33","prism:issueIdentifier":"2","prism:pageRange":"108-113","prism:coverDate":"1967-01-01","prism:coverDisplayDate":"Winter 1967","prism:doi":"10.1080/10417946709371917","citedby-count":"0","prism:aggregationType":"Journal","subtype":"ar","subtypeDescription":"Article","source-id":"21100436105","openaccess":"0","openaccessFlag":false},{"@_fa": "true", "link": [{"@_fa": "true", "@ref": "self", "@href": "https://api.elsevier.com/content/abstract/scopus_id/84964156510"},{"@_fa": "true", "@ref": "author-affiliation", "@href": "https://api.elsevier.com/content/abstract/scopus_id/84964156510?field=author,affiliation"},{"@_fa": "true", "@ref": "scopus", "@href": "https://www.scopus.com/inward/record.uri?partnerID=HzOxMe3b&scp=84964156510&origin=inward"},{"@_fa": "true", "@ref": "scopus-citedby", "@href": "https://www.scopus.com/inward/citedby.uri?partnerID=HzOxMe3b&scp=84964156510&origin=inward"}],"prism:url":"https://api.elsevier.com/content/abstract/scopus_id/84964156510","dc:identifier":"SCOPUS_ID:84964156510","eid":"2-s2.0-84964156510","dc:title":"The National Educational Television Network: Case History of an Adult Education Organization","dc:creator":"Carlson R.","prism:publicationName":"Adult Education Quarterly","prism:issn":"07417136","prism:eIssn":"15523047","prism:volume":"17","prism:issueIdentifier":"3","prism:pageRange":"134-151","prism:coverDate":"1967-01-01","prism:coverDisplayDate":"March 1967","prism:doi":"10.1177/074171366701700303","citedby-count":"1","affiliation": [{"@_fa": "true", "affilname":"University of Wisconsin","affiliation-city":"Platteville","affiliation-country":"United States"}],"prism:aggregationType":"Journal","subtype":"ar","subtypeDescription":"Article","source-id":"17127","openaccess":"0","openaccessFlag":false},{"@_fa": "true", "link": [{"@_fa": "true", "@ref": "self", "@href": "https://api.elsevier.com/content/abstract/scopus_id/84990163225"},{"@_fa": "true", "@ref": "author-affiliation", "@href": "https://api.elsevier.com/content/abstract/scopus_id/84990163225?field=author,affiliation"},{"@_fa": "true", "@ref": "scopus", "@href": "https://www.scopus.com/inward/record.uri?partnerID=HzOxMe3b&scp=84990163225&origin=inward"},{"@_fa": "true", "@ref": "scopus-citedby", "@href": "https://www.scopus.com/inward/citedby.uri?partnerID=HzOxMe3b&scp=84990163225&origin=inward"}],"prism:url":"https://api.elsevier.com/content/abstract/scopus_id/84990163225","dc:identifier":"SCOPUS_ID:84990163225","eid":"2-s2.0-84990163225","dc:title":"A follow‐up study of the effects of service as mesoscale Weather Network Observers","dc:creator":"Geer I.","prism:publicationName":"Journal of Research in Science Teaching","prism:issn":"00224308","prism:eIssn":"10982736","prism:volume":"5","prism:issueIdentifier":"4","prism:pageRange":"350-354","prism:coverDate":"1967-01-01","prism:coverDisplayDate":"December 1967","prism:doi":"10.1002/tea.3660050407","citedby-count":"2","prism:aggregationType":"Journal","subtype":"ar","subtypeDescription":"Article","source-id":"23621","openaccess":"0","openaccessFlag":false},{"@_fa": "true", "link": [{"@_fa": "true", "@ref": "self", "@href": "https://api.elsevier.com/content/abstract/scopus_id/84937079965"},{"@_fa": "true", "@ref": "author-affiliation", "@href": "https://api.elsevier.com/content/abstract/scopus_id/84937079965?field=author,affiliation"},{"@_fa": "true", "@ref": "scopus", "@href": "https://www.scopus.com/inward/record.uri?partnerID=HzOxMe3b&scp=84937079965&origin=inward"},{"@_fa": "true", "@ref": "scopus-citedby", "@href": "https://www.scopus.com/inward/citedby.uri?partnerID=HzOxMe3b&scp=84937079965&origin=inward"}],"prism:url":"https://api.elsevier.com/content/abstract/scopus_id/84937079965","dc:identifier":"SCOPUS_ID:84937079965","eid":"2-s2.0-84937079965","dc:title":"The Network Diagram for a Mechanical System","dc:creator":"Strohbehn J.","prism:publicationName":"IEEE Transactions on Education","prism:issn":"00189359","prism:eIssn":"15579638","prism:volume":"E-10","prism:issueIdentifier":"1","prism:pageRange":"44-45","prism:coverDate":"1967-01-01","prism:coverDisplayDate":"MARCH 1967","prism:doi":"10.1109/TE.1967.4320213","citedby-count":"0","affiliation": [{"@_fa": "true", "affilname":"Thayer School of Engineering at Dartmouth","affiliation-city":"Hanover","affiliation-country":"United States"}],"prism:aggregationType":"Journal","subtype":"ar","subtypeDescription":"Article","source-id":"17344","openaccess":"0","openaccessFlag":false}]}}