{"search-results":{"opensearch:totalResults":"5","opensearch:startIndex":"0","opensearch:itemsPerPage":"5","opensearch:Query":{"@role": "request", "@searchTerms": "TITLE-ABS-KEY(\"network\") AND SUBJAREA(SOCI) AND PUBYEAR = 1955", "@startPage": "0"},"link": [{"@_fa": "true", "@ref": "self", "@href": "https://api.elsevier.com/content/search/scopus?start=0&count=25&query=TITLE-ABS-KEY%28%22network%22%29+AND+SUBJAREA%28SOCI%29+AND+PUBYEAR+%3D+1955&apiKey=27d953b4b546791964ebeb768d13e61f&view=STANDARD", "@type": "application/json"},{"@_fa": "true", "@ref": "first", "@href": "https://api.elsevier.com/content/search/scopus?start=0&count=25&query=TITLE-ABS-KEY%28%22network%22%29+AND+SUBJAREA%28SOCI%29+AND+PUBYEAR+%3D+1955&apiKey=27d953b4b546791964ebeb768d13e61f&view=STANDARD", "@type": "application/json"}],"entry": [{"@_fa": "true", "link": [{"@_fa": "true", "@ref": "self", "@href": "https://api.elsevier.com/content/abstract/scopus_id/34248991980"},{"@_fa": "true", "@ref": "author-affiliation", "@href": "https://api.elsevier.com/content/abstract/scopus_id/34248991980?field=author,affiliation"},{"@_fa": "true", "@ref": "scopus", "@href": "https://www.scopus.com/inward/record.uri?partnerID=HzOxMe3b&scp=34248991980&origin=inward"},{"@_fa": "true", "@ref": "scopus-citedby", "@href": "https://www.scopus.com/inward/citedby.uri?partnerID=HzOxMe3b&scp=34248991980&origin=inward"}],"prism:url":"https://api.elsevier.com/content/abstract/scopus_id/34248991980","dc:identifier":"SCOPUS_ID:34248991980","eid":"2-s2.0-34248991980","dc:title":"Event analysis as an approach to community study","dc:creator":"Kimball S.","prism:publicationName":"Social Forces","prism:issn":"00377732","prism:eIssn":"15347605","prism:volume":"34","prism:issueIdentifier":"1","prism:pageRange":"58","prism:coverDate":"1955-10-01","prism:coverDisplayDate":"1 October 1955","prism:doi":"10.2307/2574260","citedby-count":"4","affiliation": [{"@_fa": "true", "affilname":"Columbia University in the City of New York","affiliation-city":"New York","affiliation-country":"United States"},{"@_fa": "true", "affilname":"University of Alabama","affiliation-city":"Tuscaloosa","affiliation-country":"United States"}],"prism:aggregationType":"Journal","subtype":"ar","subtypeDescription":"Article","source-id":"17530","openaccess":"0","openaccessFlag":false},{"@_fa": "true", "link": [{"@_fa": "true", "@ref": "self", "@href": "https://api.elsevier.com/content/abstract/scopus_id/84938005518"},{"@_fa": "true", "@ref": "author-affiliation", "@href": "https://api.elsevier.com/content/abstract/scopus_id/84938005518?field=author,affiliation"},{"@_fa": "true", "@ref": "scopus", "@href": "https://www.scopus.com/inward/record.uri?partnerID=HzOxMe3b&scp=84938005518&origin=inward"},{"@_fa": "true", "@ref": "scopus-citedby", "@href": "https://www.scopus.com/inward/citedby.uri?partnerID=HzOxMe3b&scp=84938005518&origin=inward"}],"prism:url":"https://api.elsevier.com/content/abstract/scopus_id/84938005518","dc:identifier":"SCOPUS_ID:84938005518","eid":"2-s2.0-84938005518","dc:title":"The Linear, Input-Controlled, Variable-Pass Network","dc:creator":"Keiser B.","prism:publicationName":"IRE Transactions on Information Theory","prism:issn":"00961000","prism:eIssn":"21682712","prism:volume":"1","prism:issueIdentifier":"1","prism:pageRange":"34-39","prism:coverDate":"1955-01-01","prism:coverDisplayDate":"March 1955","prism:doi":"10.1109/TIT.1955.1055120","citedby-count":"0","prism:aggregationType":"Journal","subtype":"ar","subtypeDescription":"Article","source-id":"21100398936","openaccess":"0","openaccessFlag":false},{"@_fa": "true", "link": [{"@_fa": "true", "@ref": "self", "@href": "https://api.elsevier.com/content/abstract/scopus_id/0041738437"},{"@_fa": "true", "@ref": "author-affiliation", "@href": "https://api.elsevier.com/content/abstract/scopus_id/0041738437?field=author,affiliation"},{"@_fa": "true", "@ref": "scopus", "@href": "https://www.scopus.com/inward/record.uri?partnerID=HzOxMe3b&scp=0041738437&origin=inward"},{"@_fa": "true", "@ref": "scopus-citedby", "@href": "https://www.scopus.com/inward/citedby.uri?partnerID=HzOxMe3b&scp=0041738437&origin=inward"}],"prism:url":"https://api.elsevier.com/content/abstract/scopus_id/0041738437","dc:identifier":"SCOPUS_ID:0041738437","eid":"2-s2.0-0041738437","dc:title":"A methodology for researching AARnet use","dc:creator":"Bruce H.","prism:publicationName":"Australian Academic and Research Libraries","prism:issn":"00048623","prism:volume":"26","prism:issueIdentifier":"2","prism:pageRange":"76-85","prism:coverDate":"1955-01-01","prism:coverDisplayDate":"1 January 1955","prism:doi":"10.1080/00048623.1995.10754919","citedby-count":"6","affiliation": [{"@_fa": "true", "affilname":"University of Technology Sydney","affiliation-city":"Sydney","affiliation-country":"Australia"}],"prism:aggregationType":"Journal","subtype":"ar","subtypeDescription":"Article","source-id":"19700187503","openaccess":"0","openaccessFlag":false},{"@_fa": "true", "link": [{"@_fa": "true", "@ref": "self", "@href": "https://api.elsevier.com/content/abstract/scopus_id/0000729866"},{"@_fa": "true", "@ref": "author-affiliation", "@href": "https://api.elsevier.com/content/abstract/scopus_id/0000729866?field=author,affiliation"},{"@_fa": "true", "@ref": "scopus", "@href": "https://www.scopus.com/inward/record.uri?partnerID=HzOxMe3b&scp=0000729866&origin=inward"},{"@_fa": "true", "@ref": "scopus-citedby", "@href": "https://www.scopus.com/inward/citedby.uri?partnerID=HzOxMe3b&scp=0000729866&origin=inward"}],"prism:url":"https://api.elsevier.com/content/abstract/scopus_id/0000729866","dc:identifier":"SCOPUS_ID:0000729866","eid":"2-s2.0-0000729866","dc:title":"Urban Families: Conjugal Roles and Social Networks","dc:creator":"Bott E.","prism:publicationName":"Human Relations","prism:issn":"00187267","prism:volume":"8","prism:issueIdentifier":"4","prism:pageRange":"345-384","prism:coverDate":"1955-01-01","prism:coverDisplayDate":"November 1955","prism:doi":"10.1177/001872675500800401","citedby-count":"78","prism:aggregationType":"Journal","subtype":"ar","subtypeDescription":"Article","source-id":"27069","openaccess":"0","openaccessFlag":false},{"@_fa": "true", "link": [{"@_fa": "true", "@ref": "self", "@href": "https://api.elsevier.com/content/abstract/scopus_id/84938023196"},{"@_fa": "true", "@ref": "author-affiliation", "@href": "https://api.elsevier.com/content/abstract/scopus_id/84938023196?field=author,affiliation"},{"@_fa": "true", "@ref": "scopus", "@href": "https://www.scopus.com/inward/record.uri?partnerID=HzOxMe3b&scp=84938023196&origin=inward"},{"@_fa": "true", "@ref": "scopus-citedby", "@href": "https://www.scopus.com/inward/citedby.uri?partnerID=HzOxMe3b&scp=84938023196&origin=inward"}],"prism:url":"https://api.elsevier.com/content/abstract/scopus_id/84938023196","dc:identifier":"SCOPUS_ID:84938023196","eid":"2-s2.0-84938023196","dc:title":"Correspondence","dc:creator":"Zemanian A.","prism:publicationName":"IRE Transactions on Information Theory","prism:issn":"00961000","prism:eIssn":"21682712","prism:volume":"1","prism:issueIdentifier":"2","prism:pageRange":"48-49","prism:coverDate":"1955-01-01","prism:coverDisplayDate":"September, 1955","prism:doi":"10.1109/TIT.1955.1055133","citedby-count":"0","affiliation": [{"@_fa": "true", "affilname":"New York University","affiliation-city":"New York","affiliation-country":"United States"}],"prism:aggregationType":"Journal","subtype":"ar","subtypeDescription":"Article","source-id":"21100398936","openaccess":"0","openaccessFlag":false}]}}