{"search-results":{"opensearch:totalResults":"2","opensearch:startIndex":"0","opensearch:itemsPerPage":"2","opensearch:Query":{"@role": "request", "@searchTerms": "TITLE-ABS-KEY(\"network\") AND SUBJAREA(SOCI) AND PUBYEAR = 1948", "@startPage": "0"},"link": [{"@_fa": "true", "@ref": "self", "@href": "https://api.elsevier.com/content/search/scopus?start=0&count=25&query=TITLE-ABS-KEY%28%22network%22%29+AND+SUBJAREA%28SOCI%29+AND+PUBYEAR+%3D+1948&apiKey=27d953b4b546791964ebeb768d13e61f&view=STANDARD", "@type": "application/json"},{"@_fa": "true", "@ref": "first", "@href": "https://api.elsevier.com/content/search/scopus?start=0&count=25&query=TITLE-ABS-KEY%28%22network%22%29+AND+SUBJAREA%28SOCI%29+AND+PUBYEAR+%3D+1948&apiKey=27d953b4b546791964ebeb768d13e61f&view=STANDARD", "@type": "application/json"}],"entry": [{"@_fa": "true", "link": [{"@_fa": "true", "@ref": "self", "@href": "https://api.elsevier.com/content/abstract/scopus_id/77958420325"},{"@_fa": "true", "@ref": "author-affiliation", "@href": "https://api.elsevier.com/content/abstract/scopus_id/77958420325?field=author,affiliation"},{"@_fa": "true", "@ref": "scopus", "@href": "https://www.scopus.com/inward/record.uri?partnerID=HzOxMe3b&scp=77958420325&origin=inward"},{"@_fa": "true", "@ref": "scopus-citedby", "@href": "https://www.scopus.com/inward/citedby.uri?partnerID=HzOxMe3b&scp=77958420325&origin=inward"}],"prism:url":"https://api.elsevier.com/content/abstract/scopus_id/77958420325","dc:identifier":"SCOPUS_ID:77958420325","eid":"2-s2.0-77958420325","dc:title":"\"to secure these rights\": Coverage of a radio documentary","dc:creator":"Siepmann C.","prism:publicationName":"Public Opinion Quarterly","prism:issn":"0033362X","prism:volume":"12","prism:issueIdentifier":"4","prism:pageRange":"649-658","prism:coverDate":"1948-12-01","prism:coverDisplayDate":"December 1948","prism:doi":"10.1086/266007","citedby-count":"4","prism:aggregationType":"Journal","subtype":"ar","subtypeDescription":"Article","source-id":"23574","openaccess":"0","openaccessFlag":false},{"@_fa": "true", "link": [{"@_fa": "true", "@ref": "self", "@href": "https://api.elsevier.com/content/abstract/scopus_id/43449170126"},{"@_fa": "true", "@ref": "author-affiliation", "@href": "https://api.elsevier.com/content/abstract/scopus_id/43449170126?field=author,affiliation"},{"@_fa": "true", "@ref": "scopus", "@href": "https://www.scopus.com/inward/record.uri?partnerID=HzOxMe3b&scp=43449170126&origin=inward"},{"@_fa": "true", "@ref": "scopus-citedby", "@href": "https://www.scopus.com/inward/citedby.uri?partnerID=HzOxMe3b&scp=43449170126&origin=inward"}],"prism:url":"https://api.elsevier.com/content/abstract/scopus_id/43449170126","dc:identifier":"SCOPUS_ID:43449170126","eid":"2-s2.0-43449170126","dc:title":"The city and racial adjustment: A definition and hypothesis","dc:creator":"Masuoka J.","prism:publicationName":"Social Forces","prism:issn":"00377732","prism:eIssn":"15347605","prism:volume":"27","prism:issueIdentifier":"1","prism:pageRange":"37","prism:coverDate":"1948-10-01","prism:coverDisplayDate":"1 October 1948","prism:doi":"10.2307/2572455","citedby-count":"0","affiliation": [{"@_fa": "true", "affilname":"Fisk University","affiliation-city":"Nashville","affiliation-country":"United States"}],"prism:aggregationType":"Journal","subtype":"ar","subtypeDescription":"Article","source-id":"17530","openaccess":"0","openaccessFlag":false}]}}