{"search-results":{"opensearch:totalResults":"1","opensearch:startIndex":"0","opensearch:itemsPerPage":"1","opensearch:Query":{"@role": "request", "@searchTerms": "TITLE-ABS-KEY(\"network\") AND SUBJAREA(SOCI) AND PUBYEAR = 1949", "@startPage": "0"},"link": [{"@_fa": "true", "@ref": "self", "@href": "https://api.elsevier.com/content/search/scopus?start=0&count=25&query=TITLE-ABS-KEY%28%22network%22%29+AND+SUBJAREA%28SOCI%29+AND+PUBYEAR+%3D+1949&apiKey=27d953b4b546791964ebeb768d13e61f&view=STANDARD", "@type": "application/json"},{"@_fa": "true", "@ref": "first", "@href": "https://api.elsevier.com/content/search/scopus?start=0&count=25&query=TITLE-ABS-KEY%28%22network%22%29+AND+SUBJAREA%28SOCI%29+AND+PUBYEAR+%3D+1949&apiKey=27d953b4b546791964ebeb768d13e61f&view=STANDARD", "@type": "application/json"}],"entry": [{"@_fa": "true", "link": [{"@_fa": "true", "@ref": "self", "@href": "https://api.elsevier.com/content/abstract/scopus_id/77957454684"},{"@_fa": "true", "@ref": "author-affiliation", "@href": "https://api.elsevier.com/content/abstract/scopus_id/77957454684?field=author,affiliation"},{"@_fa": "true", "@ref": "scopus", "@href": "https://www.scopus.com/inward/record.uri?partnerID=HzOxMe3b&scp=77957454684&origin=inward"},{"@_fa": "true", "@ref": "scopus-citedby", "@href": "https://www.scopus.com/inward/citedby.uri?partnerID=HzOxMe3b&scp=77957454684&origin=inward"}],"prism:url":"https://api.elsevier.com/content/abstract/scopus_id/77957454684","dc:identifier":"SCOPUS_ID:77957454684","eid":"2-s2.0-77957454684","dc:title":"Johnson's definition of 'network'","dc:creator":"Greene D.","prism:publicationName":"Notes and Queries","prism:issn":"00293970","prism:volume":"194","prism:issueIdentifier":"25","prism:pageRange":"538-539","prism:coverDate":"1949-12-10","prism:coverDisplayDate":"10 December 1949","prism:doi":"10.1093/nq/194.25.538","citedby-count":"0","prism:aggregationType":"Journal","subtype":"no","subtypeDescription":"Note","source-id":"16096","openaccess":"0","openaccessFlag":false}]}}