{"search-results":{"opensearch:totalResults":"13","opensearch:startIndex":"0","opensearch:itemsPerPage":"13","opensearch:Query":{"@role": "request", "@searchTerms": "TITLE-ABS-KEY(\"network\") AND SUBJAREA(SOCI) AND PUBYEAR = 1960", "@startPage": "0"},"link": [{"@_fa": "true", "@ref": "self", "@href": "https://api.elsevier.com/content/search/scopus?start=0&count=25&query=TITLE-ABS-KEY%28%22network%22%29+AND+SUBJAREA%28SOCI%29+AND+PUBYEAR+%3D+1960&apiKey=27d953b4b546791964ebeb768d13e61f&view=STANDARD", "@type": "application/json"},{"@_fa": "true", "@ref": "first", "@href": "https://api.elsevier.com/content/search/scopus?start=0&count=25&query=TITLE-ABS-KEY%28%22network%22%29+AND+SUBJAREA%28SOCI%29+AND+PUBYEAR+%3D+1960&apiKey=27d953b4b546791964ebeb768d13e61f&view=STANDARD", "@type": "application/json"}],"entry": [{"@_fa": "true", "link": [{"@_fa": "true", "@ref": "self", "@href": "https://api.elsevier.com/content/abstract/scopus_id/84947013046"},{"@_fa": "true", "@ref": "author-affiliation", "@href": "https://api.elsevier.com/content/abstract/scopus_id/84947013046?field=author,affiliation"},{"@_fa": "true", "@ref": "scopus", "@href": "https://www.scopus.com/inward/record.uri?partnerID=HzOxMe3b&scp=84947013046&origin=inward"},{"@_fa": "true", "@ref": "scopus-citedby", "@href": "https://www.scopus.com/inward/citedby.uri?partnerID=HzOxMe3b&scp=84947013046&origin=inward"}],"prism:url":"https://api.elsevier.com/content/abstract/scopus_id/84947013046","dc:identifier":"SCOPUS_ID:84947013046","eid":"2-s2.0-84947013046","dc:title":"A Vocational Guidance Network for Hungary","prism:publicationName":"Education + Training","prism:issn":"00400912","prism:volume":"2","prism:issueIdentifier":"12","prism:pageRange":"27-28","prism:coverDate":"1960-12-01","prism:coverDisplayDate":"1 December 1960","prism:doi":"10.1108/eb014910","citedby-count":"0","prism:aggregationType":"Journal","subtype":"re","subtypeDescription":"Review","source-id":"144960","openaccess":"0","openaccessFlag":false},{"@_fa": "true", "link": [{"@_fa": "true", "@ref": "self", "@href": "https://api.elsevier.com/content/abstract/scopus_id/34248980229"},{"@_fa": "true", "@ref": "author-affiliation", "@href": "https://api.elsevier.com/content/abstract/scopus_id/34248980229?field=author,affiliation"},{"@_fa": "true", "@ref": "scopus", "@href": "https://www.scopus.com/inward/record.uri?partnerID=HzOxMe3b&scp=34248980229&origin=inward"},{"@_fa": "true", "@ref": "scopus-citedby", "@href": "https://www.scopus.com/inward/citedby.uri?partnerID=HzOxMe3b&scp=34248980229&origin=inward"}],"prism:url":"https://api.elsevier.com/content/abstract/scopus_id/34248980229","dc:identifier":"SCOPUS_ID:34248980229","eid":"2-s2.0-34248980229","dc:title":"Organized labor's image of community power structure","dc:creator":"Form W.","prism:publicationName":"Social Forces","prism:issn":"00377732","prism:eIssn":"15347605","prism:volume":"38","prism:issueIdentifier":"4","prism:pageRange":"332-341","prism:coverDate":"1960-05-01","prism:coverDisplayDate":"1 May 1960","prism:doi":"10.2307/2573043","citedby-count":"0","affiliation": [{"@_fa": "true", "affilname":"Michigan State University","affiliation-city":"East Lansing","affiliation-country":"United States"}],"prism:aggregationType":"Journal","subtype":"ar","subtypeDescription":"Article","source-id":"17530","openaccess":"0","openaccessFlag":false},{"@_fa": "true", "link": [{"@_fa": "true", "@ref": "self", "@href": "https://api.elsevier.com/content/abstract/scopus_id/84901989451"},{"@_fa": "true", "@ref": "author-affiliation", "@href": "https://api.elsevier.com/content/abstract/scopus_id/84901989451?field=author,affiliation"},{"@_fa": "true", "@ref": "scopus", "@href": "https://www.scopus.com/inward/record.uri?partnerID=HzOxMe3b&scp=84901989451&origin=inward"},{"@_fa": "true", "@ref": "scopus-citedby", "@href": "https://www.scopus.com/inward/citedby.uri?partnerID=HzOxMe3b&scp=84901989451&origin=inward"}],"prism:url":"https://api.elsevier.com/content/abstract/scopus_id/84901989451","dc:identifier":"SCOPUS_ID:84901989451","eid":"2-s2.0-84901989451","dc:title":"MODELS OF TRANSPORTATION AND OPTIMAL NETWORK CONSTRUCTION","dc:creator":"Quandt R.","prism:publicationName":"Journal of Regional Science","prism:issn":"00224146","prism:eIssn":"14679787","prism:volume":"2","prism:issueIdentifier":"1","prism:pageRange":"27-45","prism:coverDate":"1960-01-01","prism:coverDisplayDate":"June 1960","prism:doi":"10.1111/j.1467-9787.1960.tb00833.x","citedby-count":"13","affiliation": [{"@_fa": "true", "affilname":"Princeton University","affiliation-city":"Princeton","affiliation-country":"United States"}],"prism:aggregationType":"Journal","subtype":"ar","subtypeDescription":"Article","source-id":"13933","openaccess":"0","openaccessFlag":false},{"@_fa": "true", "link": [{"@_fa": "true", "@ref": "self", "@href": "https://api.elsevier.com/content/abstract/scopus_id/84937649895"},{"@_fa": "true", "@ref": "author-affiliation", "@href": "https://api.elsevier.com/content/abstract/scopus_id/84937649895?field=author,affiliation"},{"@_fa": "true", "@ref": "scopus", "@href": "https://www.scopus.com/inward/record.uri?partnerID=HzOxMe3b&scp=84937649895&origin=inward"},{"@_fa": "true", "@ref": "scopus-citedby", "@href": "https://www.scopus.com/inward/citedby.uri?partnerID=HzOxMe3b&scp=84937649895&origin=inward"}],"prism:url":"https://api.elsevier.com/content/abstract/scopus_id/84937649895","dc:identifier":"SCOPUS_ID:84937649895","eid":"2-s2.0-84937649895","dc:title":"A First Course in Electrical Engineering","dc:creator":"Clement P.","prism:publicationName":"IRE Transactions on Education","prism:issn":"08937141","prism:volume":"3","prism:issueIdentifier":"1","prism:pageRange":"19-21","prism:coverDate":"1960-01-01","prism:coverDisplayDate":"February 1960","prism:doi":"10.1109/TE.1960.4322116","citedby-count":"0","affiliation": [{"@_fa": "true", "affilname":"Princeton University","affiliation-city":"Princeton","affiliation-country":"United States"}],"prism:aggregationType":"Journal","subtype":"ar","subtypeDescription":"Article","source-id":"21100398759","openaccess":"0","openaccessFlag":false},{"@_fa": "true", "link": [{"@_fa": "true", "@ref": "self", "@href": "https://api.elsevier.com/content/abstract/scopus_id/19644367010"},{"@_fa": "true", "@ref": "author-affiliation", "@href": "https://api.elsevier.com/content/abstract/scopus_id/19644367010?field=author,affiliation"},{"@_fa": "true", "@ref": "scopus", "@href": "https://www.scopus.com/inward/record.uri?partnerID=HzOxMe3b&scp=19644367010&origin=inward"},{"@_fa": "true", "@ref": "scopus-citedby", "@href": "https://www.scopus.com/inward/citedby.uri?partnerID=HzOxMe3b&scp=19644367010&origin=inward"}],"prism:url":"https://api.elsevier.com/content/abstract/scopus_id/19644367010","dc:identifier":"SCOPUS_ID:19644367010","eid":"2-s2.0-19644367010","dc:title":"Linear Graph Theory—A Fundamental Engineering Discipline","dc:creator":"Koenig H.","prism:publicationName":"IRE Transactions on Education","prism:issn":"08937141","prism:volume":"3","prism:issueIdentifier":"2","prism:pageRange":"42-49","prism:coverDate":"1960-01-01","prism:coverDisplayDate":"June 1960","prism:doi":"10.1109/TE.1960.4322126","citedby-count":"21","affiliation": [{"@_fa": "true", "affilname":"Michigan State University","affiliation-city":"East Lansing","affiliation-country":"United States"}],"prism:aggregationType":"Journal","subtype":"ar","subtypeDescription":"Article","source-id":"21100398759","openaccess":"0","openaccessFlag":false},{"@_fa": "true", "link": [{"@_fa": "true", "@ref": "self", "@href": "https://api.elsevier.com/content/abstract/scopus_id/0005992036"},{"@_fa": "true", "@ref": "author-affiliation", "@href": "https://api.elsevier.com/content/abstract/scopus_id/0005992036?field=author,affiliation"},{"@_fa": "true", "@ref": "scopus", "@href": "https://www.scopus.com/inward/record.uri?partnerID=HzOxMe3b&scp=0005992036&origin=inward"},{"@_fa": "true", "@ref": "scopus-citedby", "@href": "https://www.scopus.com/inward/citedby.uri?partnerID=HzOxMe3b&scp=0005992036&origin=inward"}],"prism:url":"https://api.elsevier.com/content/abstract/scopus_id/0005992036","dc:identifier":"SCOPUS_ID:0005992036","eid":"2-s2.0-0005992036","dc:title":"Quaternary Codes for Pulsed Radar","dc:creator":"Welti G.","prism:publicationName":"IRE Transactions on Information Theory","prism:issn":"00961000","prism:eIssn":"21682712","prism:volume":"6","prism:issueIdentifier":"3","prism:pageRange":"400-408","prism:coverDate":"1960-01-01","prism:coverDisplayDate":"June, 1960","prism:doi":"10.1109/TIT.1960.1057572","citedby-count":"65","prism:aggregationType":"Journal","subtype":"ar","subtypeDescription":"Article","source-id":"21100398936","openaccess":"0","openaccessFlag":false},{"@_fa": "true", "link": [{"@_fa": "true", "@ref": "self", "@href": "https://api.elsevier.com/content/abstract/scopus_id/84895696836"},{"@_fa": "true", "@ref": "author-affiliation", "@href": "https://api.elsevier.com/content/abstract/scopus_id/84895696836?field=author,affiliation"},{"@_fa": "true", "@ref": "scopus", "@href": "https://www.scopus.com/inward/record.uri?partnerID=HzOxMe3b&scp=84895696836&origin=inward"},{"@_fa": "true", "@ref": "scopus-citedby", "@href": "https://www.scopus.com/inward/citedby.uri?partnerID=HzOxMe3b&scp=84895696836&origin=inward"}],"prism:url":"https://api.elsevier.com/content/abstract/scopus_id/84895696836","dc:identifier":"SCOPUS_ID:84895696836","eid":"2-s2.0-84895696836","dc:title":"Transportation Planning","dc:creator":"Rannells J.","prism:publicationName":"Journal of the American Planning Association","prism:issn":"01944363","prism:volume":"26","prism:issueIdentifier":"3","prism:pageRange":"186-194","prism:coverDate":"1960-01-01","prism:coverDisplayDate":"August 1960","prism:doi":"10.1080/01944366008978408","citedby-count":"1","prism:aggregationType":"Journal","subtype":"ar","subtypeDescription":"Article","source-id":"13934","openaccess":"0","openaccessFlag":false},{"@_fa": "true", "link": [{"@_fa": "true", "@ref": "self", "@href": "https://api.elsevier.com/content/abstract/scopus_id/84964163816"},{"@_fa": "true", "@ref": "author-affiliation", "@href": "https://api.elsevier.com/content/abstract/scopus_id/84964163816?field=author,affiliation"},{"@_fa": "true", "@ref": "scopus", "@href": "https://www.scopus.com/inward/record.uri?partnerID=HzOxMe3b&scp=84964163816&origin=inward"},{"@_fa": "true", "@ref": "scopus-citedby", "@href": "https://www.scopus.com/inward/citedby.uri?partnerID=HzOxMe3b&scp=84964163816&origin=inward"}],"prism:url":"https://api.elsevier.com/content/abstract/scopus_id/84964163816","dc:identifier":"SCOPUS_ID:84964163816","eid":"2-s2.0-84964163816","dc:title":"Communications Today and Tomorrow","dc:creator":"Kappel F.","prism:publicationName":"American Behavioral Scientist","prism:issn":"00027642","prism:eIssn":"15523381","prism:volume":"4","prism:issueIdentifier":"4","prism:pageRange":"17-21","prism:coverDate":"1960-01-01","prism:coverDisplayDate":"December 1960","prism:doi":"10.1177/000276426000400407","citedby-count":"0","prism:aggregationType":"Journal","subtype":"ar","subtypeDescription":"Article","source-id":"24733","openaccess":"0","openaccessFlag":false},{"@_fa": "true", "link": [{"@_fa": "true", "@ref": "self", "@href": "https://api.elsevier.com/content/abstract/scopus_id/84964158240"},{"@_fa": "true", "@ref": "author-affiliation", "@href": "https://api.elsevier.com/content/abstract/scopus_id/84964158240?field=author,affiliation"},{"@_fa": "true", "@ref": "scopus", "@href": "https://www.scopus.com/inward/record.uri?partnerID=HzOxMe3b&scp=84964158240&origin=inward"},{"@_fa": "true", "@ref": "scopus-citedby", "@href": "https://www.scopus.com/inward/citedby.uri?partnerID=HzOxMe3b&scp=84964158240&origin=inward"}],"prism:url":"https://api.elsevier.com/content/abstract/scopus_id/84964158240","dc:identifier":"SCOPUS_ID:84964158240","eid":"2-s2.0-84964158240","dc:title":"The Tree of Knowledge","dc:creator":"Tagliacozzo G.","prism:publicationName":"American Behavioral Scientist","prism:issn":"00027642","prism:eIssn":"15523381","prism:volume":"4","prism:issueIdentifier":"2","prism:pageRange":"6-12","prism:coverDate":"1960-01-01","prism:coverDisplayDate":"October 1960","prism:doi":"10.1177/000276426000400203","citedby-count":"0","prism:aggregationType":"Journal","subtype":"ar","subtypeDescription":"Article","source-id":"24733","openaccess":"0","openaccessFlag":false},{"@_fa": "true", "link": [{"@_fa": "true", "@ref": "self", "@href": "https://api.elsevier.com/content/abstract/scopus_id/84964183334"},{"@_fa": "true", "@ref": "author-affiliation", "@href": "https://api.elsevier.com/content/abstract/scopus_id/84964183334?field=author,affiliation"},{"@_fa": "true", "@ref": "scopus", "@href": "https://www.scopus.com/inward/record.uri?partnerID=HzOxMe3b&scp=84964183334&origin=inward"},{"@_fa": "true", "@ref": "scopus-citedby", "@href": "https://www.scopus.com/inward/citedby.uri?partnerID=HzOxMe3b&scp=84964183334&origin=inward"}],"prism:url":"https://api.elsevier.com/content/abstract/scopus_id/84964183334","dc:identifier":"SCOPUS_ID:84964183334","eid":"2-s2.0-84964183334","dc:title":"The Nutty other: A Prolegomena to Research","dc:creator":"Francis R.","prism:publicationName":"Sociological Perspectives","prism:issn":"07311214","prism:eIssn":"15333867","prism:volume":"3","prism:issueIdentifier":"1","prism:pageRange":"41-44","prism:coverDate":"1960-01-01","prism:coverDisplayDate":"March 1960","prism:doi":"10.2307/1388666","citedby-count":"1","prism:aggregationType":"Journal","subtype":"ar","subtypeDescription":"Article","source-id":"18102","openaccess":"0","openaccessFlag":false},{"@_fa": "true", "link": [{"@_fa": "true", "@ref": "self", "@href": "https://api.elsevier.com/content/abstract/scopus_id/84964169127"},{"@_fa": "true", "@ref": "author-affiliation", "@href": "https://api.elsevier.com/content/abstract/scopus_id/84964169127?field=author,affiliation"},{"@_fa": "true", "@ref": "scopus", "@href": "https://www.scopus.com/inward/record.uri?partnerID=HzOxMe3b&scp=84964169127&origin=inward"},{"@_fa": "true", "@ref": "scopus-citedby", "@href": "https://www.scopus.com/inward/citedby.uri?partnerID=HzOxMe3b&scp=84964169127&origin=inward"}],"prism:url":"https://api.elsevier.com/content/abstract/scopus_id/84964169127","dc:identifier":"SCOPUS_ID:84964169127","eid":"2-s2.0-84964169127","dc:title":"The Failure of an Incipient Social Movement","dc:creator":"Jackson M.","prism:publicationName":"Sociological Perspectives","prism:issn":"07311214","prism:eIssn":"15333867","prism:volume":"3","prism:issueIdentifier":"1","prism:pageRange":"35-40","prism:coverDate":"1960-01-01","prism:coverDisplayDate":"March 1960","prism:doi":"10.2307/1388665","citedby-count":"9","affiliation": [{"@_fa": "true", "affilname":"University of California, Los Angeles","affiliation-city":"Los Angeles","affiliation-country":"United States"}],"prism:aggregationType":"Journal","subtype":"ar","subtypeDescription":"Article","source-id":"18102","openaccess":"0","openaccessFlag":false},{"@_fa": "true", "link": [{"@_fa": "true", "@ref": "self", "@href": "https://api.elsevier.com/content/abstract/scopus_id/84937655242"},{"@_fa": "true", "@ref": "author-affiliation", "@href": "https://api.elsevier.com/content/abstract/scopus_id/84937655242?field=author,affiliation"},{"@_fa": "true", "@ref": "scopus", "@href": "https://www.scopus.com/inward/record.uri?partnerID=HzOxMe3b&scp=84937655242&origin=inward"},{"@_fa": "true", "@ref": "scopus-citedby", "@href": "https://www.scopus.com/inward/citedby.uri?partnerID=HzOxMe3b&scp=84937655242&origin=inward"}],"prism:url":"https://api.elsevier.com/content/abstract/scopus_id/84937655242","dc:identifier":"SCOPUS_ID:84937655242","eid":"2-s2.0-84937655242","dc:title":"A Look at the New Electrical Engineering Laboratory Program at The Hopkins","dc:creator":"Bickart T.","prism:publicationName":"IRE Transactions on Education","prism:issn":"08937141","prism:volume":"3","prism:issueIdentifier":"2","prism:pageRange":"36-41","prism:coverDate":"1960-01-01","prism:coverDisplayDate":"June 1960","prism:doi":"10.1109/TE.1960.4322125","citedby-count":"0","affiliation": [{"@_fa": "true", "affilname":"Johns Hopkins University","affiliation-city":"Baltimore","affiliation-country":"United States"}],"prism:aggregationType":"Journal","subtype":"ar","subtypeDescription":"Article","source-id":"21100398759","openaccess":"0","openaccessFlag":false},{"@_fa": "true", "link": [{"@_fa": "true", "@ref": "self", "@href": "https://api.elsevier.com/content/abstract/scopus_id/1642566927"},{"@_fa": "true", "@ref": "author-affiliation", "@href": "https://api.elsevier.com/content/abstract/scopus_id/1642566927?field=author,affiliation"},{"@_fa": "true", "@ref": "scopus", "@href": "https://www.scopus.com/inward/record.uri?partnerID=HzOxMe3b&scp=1642566927&origin=inward"},{"@_fa": "true", "@ref": "scopus-citedby", "@href": "https://www.scopus.com/inward/citedby.uri?partnerID=HzOxMe3b&scp=1642566927&origin=inward"}],"prism:url":"https://api.elsevier.com/content/abstract/scopus_id/1642566927","dc:identifier":"SCOPUS_ID:1642566927","eid":"2-s2.0-1642566927","dc:title":"A Matched Filter Communication System for Multipath Channels","dc:creator":"Sussman S.","prism:publicationName":"IRE Transactions on Information Theory","prism:issn":"00961000","prism:eIssn":"21682712","prism:volume":"6","prism:issueIdentifier":"3","prism:pageRange":"367-373","prism:coverDate":"1960-01-01","prism:coverDisplayDate":"June, 1960","prism:doi":"10.1109/TIT.1960.1057565","citedby-count":"12","prism:aggregationType":"Journal","subtype":"ar","subtypeDescription":"Article","source-id":"21100398936","openaccess":"0","openaccessFlag":false}]}}