{"search-results":{"opensearch:totalResults":"2","opensearch:startIndex":"0","opensearch:itemsPerPage":"2","opensearch:Query":{"@role": "request", "@searchTerms": "TITLE-ABS-KEY(\"neo-traditionalism\") AND SUBJAREA(SOCI) AND PUBYEAR = 2013", "@startPage": "0"},"link": [{"@_fa": "true", "@ref": "self", "@href": "https://api.elsevier.com/content/search/scopus?start=0&count=25&query=TITLE-ABS-KEY%28%22neo-traditionalism%22%29+AND+SUBJAREA%28SOCI%29+AND+PUBYEAR+%3D+2013&apiKey=27d953b4b546791964ebeb768d13e61f&view=STANDARD", "@type": "application/json"},{"@_fa": "true", "@ref": "first", "@href": "https://api.elsevier.com/content/search/scopus?start=0&count=25&query=TITLE-ABS-KEY%28%22neo-traditionalism%22%29+AND+SUBJAREA%28SOCI%29+AND+PUBYEAR+%3D+2013&apiKey=27d953b4b546791964ebeb768d13e61f&view=STANDARD", "@type": "application/json"}],"entry": [{"@_fa": "true", "link": [{"@_fa": "true", "@ref": "self", "@href": "https://api.elsevier.com/content/abstract/scopus_id/84889570153"},{"@_fa": "true", "@ref": "author-affiliation", "@href": "https://api.elsevier.com/content/abstract/scopus_id/84889570153?field=author,affiliation"},{"@_fa": "true", "@ref": "scopus", "@href": "https://www.scopus.com/inward/record.uri?partnerID=HzOxMe3b&scp=84889570153&origin=inward"},{"@_fa": "true", "@ref": "scopus-citedby", "@href": "https://www.scopus.com/inward/citedby.uri?partnerID=HzOxMe3b&scp=84889570153&origin=inward"}],"prism:url":"https://api.elsevier.com/content/abstract/scopus_id/84889570153","dc:identifier":"SCOPUS_ID:84889570153","eid":"2-s2.0-84889570153","dc:title":"Chollima, the Thousand Li Flying Horse: Neo-traditionalism at work in North Korea","dc:creator":"Moody P.","prism:publicationName":"Sungkyun Journal of East Asian Studies","prism:issn":"15982661","prism:volume":"13","prism:issueIdentifier":"2","prism:pageRange":"211-233","prism:coverDate":"2013-10-01","prism:coverDisplayDate":"October 2013","citedby-count":"3","affiliation": [{"@_fa": "true", "affilname":"University of Virginia","affiliation-city":"Charlottesville","affiliation-country":"United States"}],"prism:aggregationType":"Journal","subtype":"ar","subtypeDescription":"Article","source-id":"17700155415","openaccess":"0","openaccessFlag":false},{"@_fa": "true", "link": [{"@_fa": "true", "@ref": "self", "@href": "https://api.elsevier.com/content/abstract/scopus_id/84957625463"},{"@_fa": "true", "@ref": "author-affiliation", "@href": "https://api.elsevier.com/content/abstract/scopus_id/84957625463?field=author,affiliation"},{"@_fa": "true", "@ref": "scopus", "@href": "https://www.scopus.com/inward/record.uri?partnerID=HzOxMe3b&scp=84957625463&origin=inward"},{"@_fa": "true", "@ref": "scopus-citedby", "@href": "https://www.scopus.com/inward/citedby.uri?partnerID=HzOxMe3b&scp=84957625463&origin=inward"}],"prism:url":"https://api.elsevier.com/content/abstract/scopus_id/84957625463","dc:identifier":"SCOPUS_ID:84957625463","eid":"2-s2.0-84957625463","dc:title":"Modernity and natalism in Russia: Historic perspectives","dc:creator":"Kouprianova N.","prism:publicationName":"European Journal of Government and Economics","prism:eIssn":"22547088","prism:volume":"2","prism:issueIdentifier":"2","prism:pageRange":"148-159","prism:coverDate":"2013-01-01","prism:coverDisplayDate":"2013","citedby-count":"0","prism:aggregationType":"Journal","subtype":"ar","subtypeDescription":"Article","source-id":"21100444329","openaccess":"0","openaccessFlag":false}]}}