{"search-results":{"opensearch:totalResults":"1","opensearch:startIndex":"0","opensearch:itemsPerPage":"1","opensearch:Query":{"@role": "request", "@searchTerms": "TITLE-ABS-KEY(\"neo-traditionalism\") AND SUBJAREA(SOCI) AND PUBYEAR = 1992", "@startPage": "0"},"link": [{"@_fa": "true", "@ref": "self", "@href": "https://api.elsevier.com/content/search/scopus?start=0&count=25&query=TITLE-ABS-KEY%28%22neo-traditionalism%22%29+AND+SUBJAREA%28SOCI%29+AND+PUBYEAR+%3D+1992&apiKey=27d953b4b546791964ebeb768d13e61f&view=STANDARD", "@type": "application/json"},{"@_fa": "true", "@ref": "first", "@href": "https://api.elsevier.com/content/search/scopus?start=0&count=25&query=TITLE-ABS-KEY%28%22neo-traditionalism%22%29+AND+SUBJAREA%28SOCI%29+AND+PUBYEAR+%3D+1992&apiKey=27d953b4b546791964ebeb768d13e61f&view=STANDARD", "@type": "application/json"}],"entry": [{"@_fa": "true", "link": [{"@_fa": "true", "@ref": "self", "@href": "https://api.elsevier.com/content/abstract/scopus_id/84963146282"},{"@_fa": "true", "@ref": "author-affiliation", "@href": "https://api.elsevier.com/content/abstract/scopus_id/84963146282?field=author,affiliation"},{"@_fa": "true", "@ref": "scopus", "@href": "https://www.scopus.com/inward/record.uri?partnerID=HzOxMe3b&scp=84963146282&origin=inward"},{"@_fa": "true", "@ref": "scopus-citedby", "@href": "https://www.scopus.com/inward/citedby.uri?partnerID=HzOxMe3b&scp=84963146282&origin=inward"}],"prism:url":"https://api.elsevier.com/content/abstract/scopus_id/84963146282","dc:identifier":"SCOPUS_ID:84963146282","eid":"2-s2.0-84963146282","dc:title":"Real socialist societies between neo-traditionalism and modernity: The case of yugoslavia","dc:creator":"Adam F.","prism:publicationName":"Innovation: The European Journal of Social Science Research","prism:issn":"13511610","prism:eIssn":"14698412","prism:volume":"5","prism:issueIdentifier":"1","prism:pageRange":"25-34","prism:coverDate":"1992-03-01","prism:coverDisplayDate":"1 March 1992","prism:doi":"10.1080/13511610.1992.9968285","citedby-count":"0","prism:aggregationType":"Journal","subtype":"ar","subtypeDescription":"Article","source-id":"27159","openaccess":"0","openaccessFlag":false}]}}