{"search-results":{"opensearch:totalResults":"1","opensearch:startIndex":"0","opensearch:itemsPerPage":"1","opensearch:Query":{"@role": "request", "@searchTerms": "TITLE-ABS-KEY(\"neo-traditionalism\") AND SUBJAREA(SOCI) AND PUBYEAR = 2003", "@startPage": "0"},"link": [{"@_fa": "true", "@ref": "self", "@href": "https://api.elsevier.com/content/search/scopus?start=0&count=25&query=TITLE-ABS-KEY%28%22neo-traditionalism%22%29+AND+SUBJAREA%28SOCI%29+AND+PUBYEAR+%3D+2003&apiKey=27d953b4b546791964ebeb768d13e61f&view=STANDARD", "@type": "application/json"},{"@_fa": "true", "@ref": "first", "@href": "https://api.elsevier.com/content/search/scopus?start=0&count=25&query=TITLE-ABS-KEY%28%22neo-traditionalism%22%29+AND+SUBJAREA%28SOCI%29+AND+PUBYEAR+%3D+2003&apiKey=27d953b4b546791964ebeb768d13e61f&view=STANDARD", "@type": "application/json"}],"entry": [{"@_fa": "true", "link": [{"@_fa": "true", "@ref": "self", "@href": "https://api.elsevier.com/content/abstract/scopus_id/0345830680"},{"@_fa": "true", "@ref": "author-affiliation", "@href": "https://api.elsevier.com/content/abstract/scopus_id/0345830680?field=author,affiliation"},{"@_fa": "true", "@ref": "scopus", "@href": "https://www.scopus.com/inward/record.uri?partnerID=HzOxMe3b&scp=0345830680&origin=inward"},{"@_fa": "true", "@ref": "scopus-citedby", "@href": "https://www.scopus.com/inward/citedby.uri?partnerID=HzOxMe3b&scp=0345830680&origin=inward"}],"prism:url":"https://api.elsevier.com/content/abstract/scopus_id/0345830680","dc:identifier":"SCOPUS_ID:0345830680","eid":"2-s2.0-0345830680","dc:title":"Defining the 'other': Democracy in Mozambique within: A historical perspective","dc:creator":"Virtanen P.","prism:publicationName":"African and Asian Studies","prism:issn":"15692094","prism:volume":"2","prism:issueIdentifier":"3","prism:pageRange":"233-258","prism:coverDate":"2003-12-01","prism:coverDisplayDate":"2003","prism:doi":"10.1163/156920903322661717","citedby-count":"5","affiliation": [{"@_fa": "true", "affilname":"Tampereen Yliopisto","affiliation-city":"Tampere","affiliation-country":"Finland"}],"prism:aggregationType":"Journal","subtype":"ar","subtypeDescription":"Article","source-id":"16885","openaccess":"0","openaccessFlag":false}]}}