{"search-results":{"opensearch:totalResults":"1","opensearch:startIndex":"0","opensearch:itemsPerPage":"1","opensearch:Query":{"@role": "request", "@searchTerms": "TITLE-ABS-KEY(\"neo-traditionalism\") AND SUBJAREA(SOCI) AND PUBYEAR = 1998", "@startPage": "0"},"link": [{"@_fa": "true", "@ref": "self", "@href": "https://api.elsevier.com/content/search/scopus?start=0&count=25&query=TITLE-ABS-KEY%28%22neo-traditionalism%22%29+AND+SUBJAREA%28SOCI%29+AND+PUBYEAR+%3D+1998&apiKey=27d953b4b546791964ebeb768d13e61f&view=STANDARD", "@type": "application/json"},{"@_fa": "true", "@ref": "first", "@href": "https://api.elsevier.com/content/search/scopus?start=0&count=25&query=TITLE-ABS-KEY%28%22neo-traditionalism%22%29+AND+SUBJAREA%28SOCI%29+AND+PUBYEAR+%3D+1998&apiKey=27d953b4b546791964ebeb768d13e61f&view=STANDARD", "@type": "application/json"}],"entry": [{"@_fa": "true", "link": [{"@_fa": "true", "@ref": "self", "@href": "https://api.elsevier.com/content/abstract/scopus_id/84979252954"},{"@_fa": "true", "@ref": "author-affiliation", "@href": "https://api.elsevier.com/content/abstract/scopus_id/84979252954?field=author,affiliation"},{"@_fa": "true", "@ref": "scopus", "@href": "https://www.scopus.com/inward/record.uri?partnerID=HzOxMe3b&scp=84979252954&origin=inward"},{"@_fa": "true", "@ref": "scopus-citedby", "@href": "https://www.scopus.com/inward/citedby.uri?partnerID=HzOxMe3b&scp=84979252954&origin=inward"}],"prism:url":"https://api.elsevier.com/content/abstract/scopus_id/84979252954","dc:identifier":"SCOPUS_ID:84979252954","eid":"2-s2.0-84979252954","dc:title":"Media spectacles: The production and reception of Tamil Cinema advertisements","dc:creator":"Jacob P.","prism:publicationName":"Visual Anthropology","prism:issn":"08949468","prism:eIssn":"15455920","prism:volume":"11","prism:issueIdentifier":"4","prism:pageRange":"287-322","prism:coverDate":"1998-01-01","prism:coverDisplayDate":"1998","prism:doi":"10.1080/08949468.1998.9966758","citedby-count":"3","affiliation": [{"@_fa": "true", "affilname":"University of Maryland, Baltimore County","affiliation-city":"Baltimore","affiliation-country":"United States"}],"prism:aggregationType":"Journal","subtype":"ar","subtypeDescription":"Article","source-id":"5800179598","openaccess":"0","openaccessFlag":false}]}}