{"search-results":{"opensearch:totalResults":"6","opensearch:startIndex":"0","opensearch:itemsPerPage":"6","opensearch:Query":{"@role": "request", "@searchTerms": "TITLE-ABS-KEY(\"neo-traditionalism\") AND SUBJAREA(SOCI) AND PUBYEAR = 2014", "@startPage": "0"},"link": [{"@_fa": "true", "@ref": "self", "@href": "https://api.elsevier.com/content/search/scopus?start=0&count=25&query=TITLE-ABS-KEY%28%22neo-traditionalism%22%29+AND+SUBJAREA%28SOCI%29+AND+PUBYEAR+%3D+2014&apiKey=27d953b4b546791964ebeb768d13e61f&view=STANDARD", "@type": "application/json"},{"@_fa": "true", "@ref": "first", "@href": "https://api.elsevier.com/content/search/scopus?start=0&count=25&query=TITLE-ABS-KEY%28%22neo-traditionalism%22%29+AND+SUBJAREA%28SOCI%29+AND+PUBYEAR+%3D+2014&apiKey=27d953b4b546791964ebeb768d13e61f&view=STANDARD", "@type": "application/json"}],"entry": [{"@_fa": "true", "link": [{"@_fa": "true", "@ref": "self", "@href": "https://api.elsevier.com/content/abstract/scopus_id/84894532992"},{"@_fa": "true", "@ref": "author-affiliation", "@href": "https://api.elsevier.com/content/abstract/scopus_id/84894532992?field=author,affiliation"},{"@_fa": "true", "@ref": "scopus", "@href": "https://www.scopus.com/inward/record.uri?partnerID=HzOxMe3b&scp=84894532992&origin=inward"},{"@_fa": "true", "@ref": "scopus-citedby", "@href": "https://www.scopus.com/inward/citedby.uri?partnerID=HzOxMe3b&scp=84894532992&origin=inward"}],"prism:url":"https://api.elsevier.com/content/abstract/scopus_id/84894532992","dc:identifier":"SCOPUS_ID:84894532992","eid":"2-s2.0-84894532992","dc:title":"Médias religieux, esprits voyageurs. Diffusion publique et secret dans le Pentecôtisme et dans la religion traditionnelle au Ghana","dc:creator":"De Witte M.","prism:publicationName":"Social Compass","prism:issn":"00377686","prism:eIssn":"14617404","prism:volume":"61","prism:issueIdentifier":"1","prism:pageRange":"11-20","prism:coverDate":"2014-03-01","prism:coverDisplayDate":"March 2014","prism:doi":"10.1177/0037768613513939","citedby-count":"0","affiliation": [{"@_fa": "true", "affilname":"University of Amsterdam","affiliation-city":"Amsterdam","affiliation-country":"Netherlands"}],"prism:aggregationType":"Journal","subtype":"ar","subtypeDescription":"Article","source-id":"17507","openaccess":"0","openaccessFlag":false},{"@_fa": "true", "link": [{"@_fa": "true", "@ref": "self", "@href": "https://api.elsevier.com/content/abstract/scopus_id/84893150794"},{"@_fa": "true", "@ref": "author-affiliation", "@href": "https://api.elsevier.com/content/abstract/scopus_id/84893150794?field=author,affiliation"},{"@_fa": "true", "@ref": "scopus", "@href": "https://www.scopus.com/inward/record.uri?partnerID=HzOxMe3b&scp=84893150794&origin=inward"},{"@_fa": "true", "@ref": "scopus-citedby", "@href": "https://www.scopus.com/inward/citedby.uri?partnerID=HzOxMe3b&scp=84893150794&origin=inward"}],"prism:url":"https://api.elsevier.com/content/abstract/scopus_id/84893150794","dc:identifier":"SCOPUS_ID:84893150794","eid":"2-s2.0-84893150794","dc:title":"The breivik case as paradigm of the new political violence","dc:creator":"Pérez J.","prism:publicationName":"UNISCI Discussion Papers","prism:issn":"16962206","prism:volume":"34","prism:pageRange":"139-151","prism:coverDate":"2014-01-31","prism:coverDisplayDate":"2014","citedby-count":"0","affiliation": [{"@_fa": "true", "affilname":"Universidad Nacional de Educacion a Distancia","affiliation-city":"Madrid","affiliation-country":"Spain"}],"prism:aggregationType":"Journal","subtype":"ar","subtypeDescription":"Article","source-id":"11600153487","openaccess":"0","openaccessFlag":false},{"@_fa": "true", "link": [{"@_fa": "true", "@ref": "self", "@href": "https://api.elsevier.com/content/abstract/scopus_id/84923400459"},{"@_fa": "true", "@ref": "author-affiliation", "@href": "https://api.elsevier.com/content/abstract/scopus_id/84923400459?field=author,affiliation"},{"@_fa": "true", "@ref": "scopus", "@href": "https://www.scopus.com/inward/record.uri?partnerID=HzOxMe3b&scp=84923400459&origin=inward"},{"@_fa": "true", "@ref": "scopus-citedby", "@href": "https://www.scopus.com/inward/citedby.uri?partnerID=HzOxMe3b&scp=84923400459&origin=inward"}],"prism:url":"https://api.elsevier.com/content/abstract/scopus_id/84923400459","dc:identifier":"SCOPUS_ID:84923400459","eid":"2-s2.0-84923400459","dc:title":"Public neo-traditionalism and family policies in Ukraine","dc:creator":"Strel'Nik E.","prism:publicationName":"Sotsiologicheskie Issledovaniya","prism:issn":"01321625","prism:issueIdentifier":"9","prism:pageRange":"97-102","prism:coverDate":"2014-01-01","prism:coverDisplayDate":"2014","citedby-count":"1","prism:aggregationType":"Journal","subtype":"ar","subtypeDescription":"Article","source-id":"18162","openaccess":"0","openaccessFlag":false},{"@_fa": "true", "link": [{"@_fa": "true", "@ref": "self", "@href": "https://api.elsevier.com/content/abstract/scopus_id/85013115145"},{"@_fa": "true", "@ref": "author-affiliation", "@href": "https://api.elsevier.com/content/abstract/scopus_id/85013115145?field=author,affiliation"},{"@_fa": "true", "@ref": "scopus", "@href": "https://www.scopus.com/inward/record.uri?partnerID=HzOxMe3b&scp=85013115145&origin=inward"},{"@_fa": "true", "@ref": "scopus-citedby", "@href": "https://www.scopus.com/inward/citedby.uri?partnerID=HzOxMe3b&scp=85013115145&origin=inward"}],"prism:url":"https://api.elsevier.com/content/abstract/scopus_id/85013115145","dc:identifier":"SCOPUS_ID:85013115145","eid":"2-s2.0-85013115145","dc:title":"Politics and traditional culture: The political use of traditions in contemporary China","dc:creator":"Ai J.","prism:publicationName":"Politics and Traditional Culture: The Political use of Traditions in Contemporary China","prism:isbn": [{"@_fa": "true", "$" :"9789814596763"},{"@_fa": "true", "$" :"9789814596756"}],"prism:pageRange":"1-254","prism:coverDate":"2014-01-01","prism:coverDisplayDate":"1 January 2014","prism:doi":"10.1142/9789814596763","citedby-count":"0","affiliation": [{"@_fa": "true", "affilname":"University of Melbourne","affiliation-city":"Parkville","affiliation-country":"Australia"}],"prism:aggregationType":"Book","subtype":"bk","subtypeDescription":"Book","source-id":"21100795447","openaccess":"0","openaccessFlag":false},{"@_fa": "true", "link": [{"@_fa": "true", "@ref": "self", "@href": "https://api.elsevier.com/content/abstract/scopus_id/84916213575"},{"@_fa": "true", "@ref": "author-affiliation", "@href": "https://api.elsevier.com/content/abstract/scopus_id/84916213575?field=author,affiliation"},{"@_fa": "true", "@ref": "scopus", "@href": "https://www.scopus.com/inward/record.uri?partnerID=HzOxMe3b&scp=84916213575&origin=inward"},{"@_fa": "true", "@ref": "scopus-citedby", "@href": "https://www.scopus.com/inward/citedby.uri?partnerID=HzOxMe3b&scp=84916213575&origin=inward"}],"prism:url":"https://api.elsevier.com/content/abstract/scopus_id/84916213575","dc:identifier":"SCOPUS_ID:84916213575","eid":"2-s2.0-84916213575","dc:title":"Traditionalism or Traditiona-lieism: Authentication or fabrication?","dc:creator":"Al-Lahham A.","prism:publicationName":"Archnet-IJAR","prism:eIssn":"19946961","prism:volume":"8","prism:issueIdentifier":"3","prism:pageRange":"64-73","prism:coverDate":"2014-01-01","prism:coverDisplayDate":"2014","citedby-count":"4","affiliation": [{"@_fa": "true", "affilname":"Imam Abdulrahman Bin Faisal university","affiliation-city":"Dammam","affiliation-country":"Saudi Arabia"}],"prism:aggregationType":"Journal","subtype":"ar","subtypeDescription":"Article","source-id":"21100201015","openaccess":"0","openaccessFlag":false},{"@_fa": "true", "link": [{"@_fa": "true", "@ref": "self", "@href": "https://api.elsevier.com/content/abstract/scopus_id/84975203801"},{"@_fa": "true", "@ref": "author-affiliation", "@href": "https://api.elsevier.com/content/abstract/scopus_id/84975203801?field=author,affiliation"},{"@_fa": "true", "@ref": "scopus", "@href": "https://www.scopus.com/inward/record.uri?partnerID=HzOxMe3b&scp=84975203801&origin=inward"},{"@_fa": "true", "@ref": "scopus-citedby", "@href": "https://www.scopus.com/inward/citedby.uri?partnerID=HzOxMe3b&scp=84975203801&origin=inward"}],"prism:url":"https://api.elsevier.com/content/abstract/scopus_id/84975203801","dc:identifier":"SCOPUS_ID:84975203801","eid":"2-s2.0-84975203801","dc:title":"Urban Respectability and the Maleness of (Southeast) Asian Modernity","dc:creator":"Reid A.","prism:publicationName":"Asian Review of World Histories","prism:issn":"2287965X","prism:eIssn":"22879811","prism:volume":"2","prism:issueIdentifier":"2","prism:pageRange":"147-167","prism:coverDate":"2014-01-01","prism:coverDisplayDate":"2014","prism:doi":"10.12773/arwh.2014.2.2.147","citedby-count":"1","affiliation": [{"@_fa": "true", "affilname":"Australian National University","affiliation-city":"Canberra","affiliation-country":"Australia"}],"prism:aggregationType":"Journal","subtype":"ar","subtypeDescription":"Article","source-id":"21100891034","openaccess":"1","openaccessFlag":true}]}}