{"search-results":{"opensearch:totalResults":"1","opensearch:startIndex":"0","opensearch:itemsPerPage":"1","opensearch:Query":{"@role": "request", "@searchTerms": "TITLE-ABS-KEY(\"neo-traditionalism\") AND SUBJAREA(SOCI) AND PUBYEAR = 2001", "@startPage": "0"},"link": [{"@_fa": "true", "@ref": "self", "@href": "https://api.elsevier.com/content/search/scopus?start=0&count=25&query=TITLE-ABS-KEY%28%22neo-traditionalism%22%29+AND+SUBJAREA%28SOCI%29+AND+PUBYEAR+%3D+2001&apiKey=27d953b4b546791964ebeb768d13e61f&view=STANDARD", "@type": "application/json"},{"@_fa": "true", "@ref": "first", "@href": "https://api.elsevier.com/content/search/scopus?start=0&count=25&query=TITLE-ABS-KEY%28%22neo-traditionalism%22%29+AND+SUBJAREA%28SOCI%29+AND+PUBYEAR+%3D+2001&apiKey=27d953b4b546791964ebeb768d13e61f&view=STANDARD", "@type": "application/json"}],"entry": [{"@_fa": "true", "link": [{"@_fa": "true", "@ref": "self", "@href": "https://api.elsevier.com/content/abstract/scopus_id/0035538289"},{"@_fa": "true", "@ref": "author-affiliation", "@href": "https://api.elsevier.com/content/abstract/scopus_id/0035538289?field=author,affiliation"},{"@_fa": "true", "@ref": "scopus", "@href": "https://www.scopus.com/inward/record.uri?partnerID=HzOxMe3b&scp=0035538289&origin=inward"},{"@_fa": "true", "@ref": "scopus-citedby", "@href": "https://www.scopus.com/inward/citedby.uri?partnerID=HzOxMe3b&scp=0035538289&origin=inward"}],"prism:url":"https://api.elsevier.com/content/abstract/scopus_id/0035538289","dc:identifier":"SCOPUS_ID:0035538289","eid":"2-s2.0-0035538289","dc:title":"Post-prophetism and post-houphouëtism in Ivory Coast","dc:creator":"Dozon J.","prism:publicationName":"Social Compass","prism:issn":"00377686","prism:volume":"48","prism:issueIdentifier":"3","prism:pageRange":"369-385","prism:coverDate":"2001-01-01","prism:coverDisplayDate":"September 2001","prism:doi":"10.1177/003776801048003005","citedby-count":"5","affiliation": [{"@_fa": "true", "affilname":"EHESS Ecole des Hautes Etudes en Sciences Sociales","affiliation-city":"Paris","affiliation-country":"France"}],"prism:aggregationType":"Journal","subtype":"ar","subtypeDescription":"Article","source-id":"17507","openaccess":"0","openaccessFlag":false}]}}