{"search-results":{"opensearch:totalResults":"2","opensearch:startIndex":"0","opensearch:itemsPerPage":"2","opensearch:Query":{"@role": "request", "@searchTerms": "TITLE-ABS-KEY(\"neo-traditionalism\") AND SUBJAREA(SOCI) AND PUBYEAR = 2012", "@startPage": "0"},"link": [{"@_fa": "true", "@ref": "self", "@href": "https://api.elsevier.com/content/search/scopus?start=0&count=25&query=TITLE-ABS-KEY%28%22neo-traditionalism%22%29+AND+SUBJAREA%28SOCI%29+AND+PUBYEAR+%3D+2012&apiKey=27d953b4b546791964ebeb768d13e61f&view=STANDARD", "@type": "application/json"},{"@_fa": "true", "@ref": "first", "@href": "https://api.elsevier.com/content/search/scopus?start=0&count=25&query=TITLE-ABS-KEY%28%22neo-traditionalism%22%29+AND+SUBJAREA%28SOCI%29+AND+PUBYEAR+%3D+2012&apiKey=27d953b4b546791964ebeb768d13e61f&view=STANDARD", "@type": "application/json"}],"entry": [{"@_fa": "true", "link": [{"@_fa": "true", "@ref": "self", "@href": "https://api.elsevier.com/content/abstract/scopus_id/84863461479"},{"@_fa": "true", "@ref": "author-affiliation", "@href": "https://api.elsevier.com/content/abstract/scopus_id/84863461479?field=author,affiliation"},{"@_fa": "true", "@ref": "scopus", "@href": "https://www.scopus.com/inward/record.uri?partnerID=HzOxMe3b&scp=84863461479&origin=inward"},{"@_fa": "true", "@ref": "scopus-citedby", "@href": "https://www.scopus.com/inward/citedby.uri?partnerID=HzOxMe3b&scp=84863461479&origin=inward"}],"prism:url":"https://api.elsevier.com/content/abstract/scopus_id/84863461479","dc:identifier":"SCOPUS_ID:84863461479","eid":"2-s2.0-84863461479","dc:title":"Contemporary Islamic thought: A critical perspective","dc:creator":"Ibrahim A.","prism:publicationName":"Islam and Christian-Muslim Relations","prism:issn":"09596410","prism:eIssn":"14699311","prism:volume":"23","prism:issueIdentifier":"3","prism:pageRange":"279-294","prism:coverDate":"2012-07-01","prism:coverDisplayDate":"July 2012","prism:doi":"10.1080/09596410.2012.676781","citedby-count":"7","prism:aggregationType":"Journal","subtype":"ar","subtypeDescription":"Article","source-id":"200147137","openaccess":"0","openaccessFlag":false},{"@_fa": "true", "link": [{"@_fa": "true", "@ref": "self", "@href": "https://api.elsevier.com/content/abstract/scopus_id/84885492754"},{"@_fa": "true", "@ref": "author-affiliation", "@href": "https://api.elsevier.com/content/abstract/scopus_id/84885492754?field=author,affiliation"},{"@_fa": "true", "@ref": "scopus", "@href": "https://www.scopus.com/inward/record.uri?partnerID=HzOxMe3b&scp=84885492754&origin=inward"},{"@_fa": "true", "@ref": "scopus-citedby", "@href": "https://www.scopus.com/inward/citedby.uri?partnerID=HzOxMe3b&scp=84885492754&origin=inward"}],"prism:url":"https://api.elsevier.com/content/abstract/scopus_id/84885492754","dc:identifier":"SCOPUS_ID:84885492754","eid":"2-s2.0-84885492754","dc:title":"Retreat from a Totalitarian Society: China's Urbanism in the Making","dc:creator":"Wu F.","prism:publicationName":"The New Blackwell Companion to the City","prism:isbn": [{"@_fa": "true", "$" :"9781405189811"}],"prism:pageRange":"701-712","prism:coverDate":"2012-05-15","prism:coverDisplayDate":"15 May 2012","prism:doi":"10.1002/9781444395105.ch61","citedby-count":"5","affiliation": [{"@_fa": "true", "affilname":"Cardiff University","affiliation-city":"Cardiff","affiliation-country":"United Kingdom"}],"prism:aggregationType":"Book","subtype":"ch","subtypeDescription":"Chapter","source-id":"21100261656","openaccess":"0","openaccessFlag":false}]}}