{"search-results":{"opensearch:totalResults":"1","opensearch:startIndex":"0","opensearch:itemsPerPage":"1","opensearch:Query":{"@role": "request", "@searchTerms": "TITLE-ABS-KEY(\"neo-traditionalism\") AND SUBJAREA(SOCI) AND PUBYEAR = 2005", "@startPage": "0"},"link": [{"@_fa": "true", "@ref": "self", "@href": "https://api.elsevier.com/content/search/scopus?start=0&count=25&query=TITLE-ABS-KEY%28%22neo-traditionalism%22%29+AND+SUBJAREA%28SOCI%29+AND+PUBYEAR+%3D+2005&apiKey=27d953b4b546791964ebeb768d13e61f&view=STANDARD", "@type": "application/json"},{"@_fa": "true", "@ref": "first", "@href": "https://api.elsevier.com/content/search/scopus?start=0&count=25&query=TITLE-ABS-KEY%28%22neo-traditionalism%22%29+AND+SUBJAREA%28SOCI%29+AND+PUBYEAR+%3D+2005&apiKey=27d953b4b546791964ebeb768d13e61f&view=STANDARD", "@type": "application/json"}],"entry": [{"@_fa": "true", "link": [{"@_fa": "true", "@ref": "self", "@href": "https://api.elsevier.com/content/abstract/scopus_id/24744447498"},{"@_fa": "true", "@ref": "author-affiliation", "@href": "https://api.elsevier.com/content/abstract/scopus_id/24744447498?field=author,affiliation"},{"@_fa": "true", "@ref": "scopus", "@href": "https://www.scopus.com/inward/record.uri?partnerID=HzOxMe3b&scp=24744447498&origin=inward"},{"@_fa": "true", "@ref": "scopus-citedby", "@href": "https://www.scopus.com/inward/citedby.uri?partnerID=HzOxMe3b&scp=24744447498&origin=inward"}],"prism:url":"https://api.elsevier.com/content/abstract/scopus_id/24744447498","dc:identifier":"SCOPUS_ID:24744447498","eid":"2-s2.0-24744447498","dc:title":"Gender, work, and equal opportunities in central and eastern Europe","dc:creator":"Dawn Metcalfe B.","prism:publicationName":"Women in Management Review","prism:issn":"09649425","prism:volume":"20","prism:issueIdentifier":"6","prism:pageRange":"397-411","prism:coverDate":"2005-09-01","prism:coverDisplayDate":"1 September 2005","prism:doi":"10.1108/09649420510616791","citedby-count":"38","affiliation": [{"@_fa": "true", "affilname":"University of Hull","affiliation-city":"Hull","affiliation-country":"United Kingdom"}],"prism:aggregationType":"Journal","subtype":"ar","subtypeDescription":"Article","source-id":"144646","openaccess":"0","openaccessFlag":false}]}}