{"search-results":{"opensearch:totalResults":"1","opensearch:startIndex":"0","opensearch:itemsPerPage":"1","opensearch:Query":{"@role": "request", "@searchTerms": "TITLE-ABS-KEY(\"neo-traditionalism\") AND SUBJAREA(SOCI) AND PUBYEAR = 2019", "@startPage": "0"},"link": [{"@_fa": "true", "@ref": "self", "@href": "https://api.elsevier.com/content/search/scopus?start=0&count=25&query=TITLE-ABS-KEY%28%22neo-traditionalism%22%29+AND+SUBJAREA%28SOCI%29+AND+PUBYEAR+%3D+2019&apiKey=27d953b4b546791964ebeb768d13e61f&view=STANDARD", "@type": "application/json"},{"@_fa": "true", "@ref": "first", "@href": "https://api.elsevier.com/content/search/scopus?start=0&count=25&query=TITLE-ABS-KEY%28%22neo-traditionalism%22%29+AND+SUBJAREA%28SOCI%29+AND+PUBYEAR+%3D+2019&apiKey=27d953b4b546791964ebeb768d13e61f&view=STANDARD", "@type": "application/json"}],"entry": [{"@_fa": "true", "link": [{"@_fa": "true", "@ref": "self", "@href": "https://api.elsevier.com/content/abstract/scopus_id/85042223695"},{"@_fa": "true", "@ref": "author-affiliation", "@href": "https://api.elsevier.com/content/abstract/scopus_id/85042223695?field=author,affiliation"},{"@_fa": "true", "@ref": "scopus", "@href": "https://www.scopus.com/inward/record.uri?partnerID=HzOxMe3b&scp=85042223695&origin=inward"},{"@_fa": "true", "@ref": "scopus-citedby", "@href": "https://www.scopus.com/inward/citedby.uri?partnerID=HzOxMe3b&scp=85042223695&origin=inward"}],"prism:url":"https://api.elsevier.com/content/abstract/scopus_id/85042223695","dc:identifier":"SCOPUS_ID:85042223695","eid":"2-s2.0-85042223695","dc:title":"The Nordic model and multiculturalism: the case of Sámi sport","dc:creator":"Skille E.","prism:publicationName":"Sport in Society","prism:issn":"17430437","prism:volume":"22","prism:issueIdentifier":"4","prism:pageRange":"589-605","prism:coverDate":"2019-04-03","prism:coverDisplayDate":"3 April 2019","prism:doi":"10.1080/17430437.2018.1424108","citedby-count":"1","affiliation": [{"@_fa": "true", "affilname":"UiT The Arctic University of Norway","affiliation-city":"Tromso","affiliation-country":"Norway"},{"@_fa": "true", "affilname":"Inland Norway School of Sport Sciences","affiliation-city":null,"affiliation-country":"Norway"}],"prism:aggregationType":"Journal","subtype":"ar","subtypeDescription":"Article","source-id":"1200147101","openaccess":"0","openaccessFlag":false}]}}