{"search-results":{"opensearch:totalResults":"2","opensearch:startIndex":"0","opensearch:itemsPerPage":"2","opensearch:Query":{"@role": "request", "@searchTerms": "TITLE-ABS-KEY(\"neo-traditionalism\") AND SUBJAREA(SOCI) AND PUBYEAR = 2011", "@startPage": "0"},"link": [{"@_fa": "true", "@ref": "self", "@href": "https://api.elsevier.com/content/search/scopus?start=0&count=25&query=TITLE-ABS-KEY%28%22neo-traditionalism%22%29+AND+SUBJAREA%28SOCI%29+AND+PUBYEAR+%3D+2011&apiKey=27d953b4b546791964ebeb768d13e61f&view=STANDARD", "@type": "application/json"},{"@_fa": "true", "@ref": "first", "@href": "https://api.elsevier.com/content/search/scopus?start=0&count=25&query=TITLE-ABS-KEY%28%22neo-traditionalism%22%29+AND+SUBJAREA%28SOCI%29+AND+PUBYEAR+%3D+2011&apiKey=27d953b4b546791964ebeb768d13e61f&view=STANDARD", "@type": "application/json"}],"entry": [{"@_fa": "true", "link": [{"@_fa": "true", "@ref": "self", "@href": "https://api.elsevier.com/content/abstract/scopus_id/80053332744"},{"@_fa": "true", "@ref": "author-affiliation", "@href": "https://api.elsevier.com/content/abstract/scopus_id/80053332744?field=author,affiliation"},{"@_fa": "true", "@ref": "scopus", "@href": "https://www.scopus.com/inward/record.uri?partnerID=HzOxMe3b&scp=80053332744&origin=inward"},{"@_fa": "true", "@ref": "scopus-citedby", "@href": "https://www.scopus.com/inward/citedby.uri?partnerID=HzOxMe3b&scp=80053332744&origin=inward"}],"prism:url":"https://api.elsevier.com/content/abstract/scopus_id/80053332744","dc:identifier":"SCOPUS_ID:80053332744","eid":"2-s2.0-80053332744","dc:title":"The social reproduction of cultural deviance: Legal debates on illegitimacy in early-twentieth-century Bulgaria","dc:creator":"Baloutzova S.","prism:publicationName":"Women's History Review","prism:issn":"09612025","prism:volume":"20","prism:issueIdentifier":"4","prism:pageRange":"615-628","prism:coverDate":"2011-09-01","prism:coverDisplayDate":"September 2011","prism:doi":"10.1080/09612025.2011.599621","pii":"941131629","citedby-count":"0","affiliation": [{"@_fa": "true", "affilname":"Centre for Advanced Study Sofia","affiliation-city":"Sofia","affiliation-country":"Bulgaria"}],"prism:aggregationType":"Journal","subtype":"ar","subtypeDescription":"Article","source-id":"5600153334","openaccess":"0","openaccessFlag":false},{"@_fa": "true", "link": [{"@_fa": "true", "@ref": "self", "@href": "https://api.elsevier.com/content/abstract/scopus_id/80054937598"},{"@_fa": "true", "@ref": "author-affiliation", "@href": "https://api.elsevier.com/content/abstract/scopus_id/80054937598?field=author,affiliation"},{"@_fa": "true", "@ref": "scopus", "@href": "https://www.scopus.com/inward/record.uri?partnerID=HzOxMe3b&scp=80054937598&origin=inward"},{"@_fa": "true", "@ref": "scopus-citedby", "@href": "https://www.scopus.com/inward/citedby.uri?partnerID=HzOxMe3b&scp=80054937598&origin=inward"}],"prism:url":"https://api.elsevier.com/content/abstract/scopus_id/80054937598","dc:identifier":"SCOPUS_ID:80054937598","eid":"2-s2.0-80054937598","dc:title":"Development and administrative norms: The office du Niger and decentralization in French Sudan and Mali","dc:creator":"Diawara M.","prism:publicationName":"Africa","prism:issn":"00019720","prism:eIssn":"17500184","prism:volume":"81","prism:issueIdentifier":"3","prism:pageRange":"434-454","prism:coverDate":"2011-08-01","prism:coverDisplayDate":"August 2011","prism:doi":"10.1017/S0001972011000210","pii":"S0001972011000210","citedby-count":"7","prism:aggregationType":"Journal","subtype":"ar","subtypeDescription":"Article","source-id":"18463","openaccess":"0","openaccessFlag":false}]}}