{"search-results":{"opensearch:totalResults":"1","opensearch:startIndex":"0","opensearch:itemsPerPage":"1","opensearch:Query":{"@role": "request", "@searchTerms": "TITLE-ABS-KEY(\"neo-traditionalism\") AND SUBJAREA(SOCI) AND PUBYEAR = 2009", "@startPage": "0"},"link": [{"@_fa": "true", "@ref": "self", "@href": "https://api.elsevier.com/content/search/scopus?start=0&count=25&query=TITLE-ABS-KEY%28%22neo-traditionalism%22%29+AND+SUBJAREA%28SOCI%29+AND+PUBYEAR+%3D+2009&apiKey=27d953b4b546791964ebeb768d13e61f&view=STANDARD", "@type": "application/json"},{"@_fa": "true", "@ref": "first", "@href": "https://api.elsevier.com/content/search/scopus?start=0&count=25&query=TITLE-ABS-KEY%28%22neo-traditionalism%22%29+AND+SUBJAREA%28SOCI%29+AND+PUBYEAR+%3D+2009&apiKey=27d953b4b546791964ebeb768d13e61f&view=STANDARD", "@type": "application/json"}],"entry": [{"@_fa": "true", "link": [{"@_fa": "true", "@ref": "self", "@href": "https://api.elsevier.com/content/abstract/scopus_id/70949087396"},{"@_fa": "true", "@ref": "author-affiliation", "@href": "https://api.elsevier.com/content/abstract/scopus_id/70949087396?field=author,affiliation"},{"@_fa": "true", "@ref": "scopus", "@href": "https://www.scopus.com/inward/record.uri?partnerID=HzOxMe3b&scp=70949087396&origin=inward"},{"@_fa": "true", "@ref": "scopus-citedby", "@href": "https://www.scopus.com/inward/citedby.uri?partnerID=HzOxMe3b&scp=70949087396&origin=inward"}],"prism:url":"https://api.elsevier.com/content/abstract/scopus_id/70949087396","dc:identifier":"SCOPUS_ID:70949087396","eid":"2-s2.0-70949087396","dc:title":"Constructing identity and tradition: Englishness, politics and the neo-traditional house","dc:creator":"Maudlin D.","prism:publicationName":"Journal of Architectural Education","prism:issn":"10464883","prism:volume":"63","prism:issueIdentifier":"1","prism:pageRange":"51-63","prism:coverDate":"2009-12-07","prism:coverDisplayDate":"2009","prism:doi":"10.1111/j.1531-314X.2009.01028.x","citedby-count":"3","affiliation": [{"@_fa": "true", "affilname":"University of Plymouth","affiliation-city":"Plymouth","affiliation-country":"United Kingdom"}],"prism:aggregationType":"Journal","subtype":"re","subtypeDescription":"Review","source-id":"16300154715","openaccess":"0","openaccessFlag":false}]}}