{"search-results":{"opensearch:totalResults":"1","opensearch:startIndex":"0","opensearch:itemsPerPage":"1","opensearch:Query":{"@role": "request", "@searchTerms": "TITLE-ABS-KEY(\"neo-traditionalism\") AND SUBJAREA(SOCI) AND PUBYEAR = 1988", "@startPage": "0"},"link": [{"@_fa": "true", "@ref": "self", "@href": "https://api.elsevier.com/content/search/scopus?start=0&count=25&query=TITLE-ABS-KEY%28%22neo-traditionalism%22%29+AND+SUBJAREA%28SOCI%29+AND+PUBYEAR+%3D+1988&apiKey=27d953b4b546791964ebeb768d13e61f&view=STANDARD", "@type": "application/json"},{"@_fa": "true", "@ref": "first", "@href": "https://api.elsevier.com/content/search/scopus?start=0&count=25&query=TITLE-ABS-KEY%28%22neo-traditionalism%22%29+AND+SUBJAREA%28SOCI%29+AND+PUBYEAR+%3D+1988&apiKey=27d953b4b546791964ebeb768d13e61f&view=STANDARD", "@type": "application/json"}],"entry": [{"@_fa": "true", "link": [{"@_fa": "true", "@ref": "self", "@href": "https://api.elsevier.com/content/abstract/scopus_id/84970716863"},{"@_fa": "true", "@ref": "author-affiliation", "@href": "https://api.elsevier.com/content/abstract/scopus_id/84970716863?field=author,affiliation"},{"@_fa": "true", "@ref": "scopus", "@href": "https://www.scopus.com/inward/record.uri?partnerID=HzOxMe3b&scp=84970716863&origin=inward"},{"@_fa": "true", "@ref": "scopus-citedby", "@href": "https://www.scopus.com/inward/citedby.uri?partnerID=HzOxMe3b&scp=84970716863&origin=inward"}],"prism:url":"https://api.elsevier.com/content/abstract/scopus_id/84970716863","dc:identifier":"SCOPUS_ID:84970716863","eid":"2-s2.0-84970716863","dc:title":"Patrons and Clients in Chinese Industry: Andrew G. Walder, Communist Neo-traditionalism: Work and Authority in Chinese Society. Berkeley: Univ. of California Press, 1986","dc:creator":"Davis D.","prism:publicationName":"Modern China","prism:issn":"00977004","prism:eIssn":"15526836","prism:volume":"14","prism:issueIdentifier":"4","prism:pageRange":"487-497","prism:coverDate":"1988-01-01","prism:coverDisplayDate":"October 1988","prism:doi":"10.1177/009770048801400405","citedby-count":"4","affiliation": [{"@_fa": "true", "affilname":"Yale University","affiliation-city":"New Haven","affiliation-country":"United States"}],"prism:aggregationType":"Journal","subtype":"re","subtypeDescription":"Review","source-id":"16996","openaccess":"0","openaccessFlag":false}]}}