{"search-results":{"opensearch:totalResults":"1","opensearch:startIndex":"0","opensearch:itemsPerPage":"1","opensearch:Query":{"@role": "request", "@searchTerms": "TITLE-ABS-KEY(\"neo-traditionalism\") AND SUBJAREA(SOCI) AND PUBYEAR = 2004", "@startPage": "0"},"link": [{"@_fa": "true", "@ref": "self", "@href": "https://api.elsevier.com/content/search/scopus?start=0&count=25&query=TITLE-ABS-KEY%28%22neo-traditionalism%22%29+AND+SUBJAREA%28SOCI%29+AND+PUBYEAR+%3D+2004&apiKey=27d953b4b546791964ebeb768d13e61f&view=STANDARD", "@type": "application/json"},{"@_fa": "true", "@ref": "first", "@href": "https://api.elsevier.com/content/search/scopus?start=0&count=25&query=TITLE-ABS-KEY%28%22neo-traditionalism%22%29+AND+SUBJAREA%28SOCI%29+AND+PUBYEAR+%3D+2004&apiKey=27d953b4b546791964ebeb768d13e61f&view=STANDARD", "@type": "application/json"}],"entry": [{"@_fa": "true", "link": [{"@_fa": "true", "@ref": "self", "@href": "https://api.elsevier.com/content/abstract/scopus_id/0347765661"},{"@_fa": "true", "@ref": "author-affiliation", "@href": "https://api.elsevier.com/content/abstract/scopus_id/0347765661?field=author,affiliation"},{"@_fa": "true", "@ref": "scopus", "@href": "https://www.scopus.com/inward/record.uri?partnerID=HzOxMe3b&scp=0347765661&origin=inward"},{"@_fa": "true", "@ref": "scopus-citedby", "@href": "https://www.scopus.com/inward/citedby.uri?partnerID=HzOxMe3b&scp=0347765661&origin=inward"}],"prism:url":"https://api.elsevier.com/content/abstract/scopus_id/0347765661","dc:identifier":"SCOPUS_ID:0347765661","eid":"2-s2.0-0347765661","dc:title":"Constructing the 'genuine American city': Neo-traditionalism, new urbanism and neo-liberalism in the remaking of downtown Milwaukee","dc:creator":"Kenny J.","prism:publicationName":"Cultural Geographies","prism:issn":"14744740","prism:volume":"11","prism:issueIdentifier":"1","prism:pageRange":"74-98","prism:coverDate":"2004-01-01","prism:coverDisplayDate":"January 2004","prism:doi":"10.1191/1474474003eu294oa","citedby-count":"29","affiliation": [{"@_fa": "true", "affilname":"University of Wisconsin-Milwaukee","affiliation-city":"Milwaukee","affiliation-country":"United States"}],"prism:aggregationType":"Journal","subtype":"ar","subtypeDescription":"Article","source-id":"23552","openaccess":"0","openaccessFlag":false}]}}