{"search-results":{"opensearch:totalResults":"3","opensearch:startIndex":"0","opensearch:itemsPerPage":"3","opensearch:Query":{"@role": "request", "@searchTerms": "TITLE-ABS-KEY(\"neo-traditionalism\") AND SUBJAREA(SOCI) AND PUBYEAR = 2007", "@startPage": "0"},"link": [{"@_fa": "true", "@ref": "self", "@href": "https://api.elsevier.com/content/search/scopus?start=0&count=25&query=TITLE-ABS-KEY%28%22neo-traditionalism%22%29+AND+SUBJAREA%28SOCI%29+AND+PUBYEAR+%3D+2007&apiKey=27d953b4b546791964ebeb768d13e61f&view=STANDARD", "@type": "application/json"},{"@_fa": "true", "@ref": "first", "@href": "https://api.elsevier.com/content/search/scopus?start=0&count=25&query=TITLE-ABS-KEY%28%22neo-traditionalism%22%29+AND+SUBJAREA%28SOCI%29+AND+PUBYEAR+%3D+2007&apiKey=27d953b4b546791964ebeb768d13e61f&view=STANDARD", "@type": "application/json"}],"entry": [{"@_fa": "true", "link": [{"@_fa": "true", "@ref": "self", "@href": "https://api.elsevier.com/content/abstract/scopus_id/84895674065"},{"@_fa": "true", "@ref": "author-affiliation", "@href": "https://api.elsevier.com/content/abstract/scopus_id/84895674065?field=author,affiliation"},{"@_fa": "true", "@ref": "scopus", "@href": "https://www.scopus.com/inward/record.uri?partnerID=HzOxMe3b&scp=84895674065&origin=inward"},{"@_fa": "true", "@ref": "scopus-citedby", "@href": "https://www.scopus.com/inward/citedby.uri?partnerID=HzOxMe3b&scp=84895674065&origin=inward"}],"prism:url":"https://api.elsevier.com/content/abstract/scopus_id/84895674065","dc:identifier":"SCOPUS_ID:84895674065","eid":"2-s2.0-84895674065","dc:title":"Living gender after communism","dc:creator":"Johnson J.","prism:publicationName":"Living Gender after Communism","prism:isbn": [{"@_fa": "true", "$" :"0253348129"},{"@_fa": "true", "$" :"9780253348128"}],"prism:pageRange":"1-263","prism:coverDate":"2007-12-01","prism:coverDisplayDate":"2007","citedby-count":"31","affiliation": [{"@_fa": "true", "affilname":"Brooklyn College","affiliation-city":"New York","affiliation-country":"United States"}],"prism:aggregationType":"Book","subtype":"bk","subtypeDescription":"Book","source-id":"21100291970","openaccess":"0","openaccessFlag":false},{"@_fa": "true", "link": [{"@_fa": "true", "@ref": "self", "@href": "https://api.elsevier.com/content/abstract/scopus_id/34548791774"},{"@_fa": "true", "@ref": "author-affiliation", "@href": "https://api.elsevier.com/content/abstract/scopus_id/34548791774?field=author,affiliation"},{"@_fa": "true", "@ref": "scopus", "@href": "https://www.scopus.com/inward/record.uri?partnerID=HzOxMe3b&scp=34548791774&origin=inward"},{"@_fa": "true", "@ref": "scopus-citedby", "@href": "https://www.scopus.com/inward/citedby.uri?partnerID=HzOxMe3b&scp=34548791774&origin=inward"}],"prism:url":"https://api.elsevier.com/content/abstract/scopus_id/34548791774","dc:identifier":"SCOPUS_ID:34548791774","eid":"2-s2.0-34548791774","dc:title":"Domestic violence politics in Post-Soviet States","dc:creator":"Johnson J.","prism:publicationName":"Social Politics","prism:issn":"10724745","prism:eIssn":"14682893","prism:volume":"14","prism:issueIdentifier":"3","prism:pageRange":"380-405","prism:coverDate":"2007-08-01","prism:coverDisplayDate":"August 2007","prism:doi":"10.1093/sp/jxm015","citedby-count":"26","prism:aggregationType":"Journal","subtype":"ar","subtypeDescription":"Article","source-id":"24274","openaccess":"0","openaccessFlag":false},{"@_fa": "true", "link": [{"@_fa": "true", "@ref": "self", "@href": "https://api.elsevier.com/content/abstract/scopus_id/33847373320"},{"@_fa": "true", "@ref": "author-affiliation", "@href": "https://api.elsevier.com/content/abstract/scopus_id/33847373320?field=author,affiliation"},{"@_fa": "true", "@ref": "scopus", "@href": "https://www.scopus.com/inward/record.uri?partnerID=HzOxMe3b&scp=33847373320&origin=inward"},{"@_fa": "true", "@ref": "scopus-citedby", "@href": "https://www.scopus.com/inward/citedby.uri?partnerID=HzOxMe3b&scp=33847373320&origin=inward"}],"prism:url":"https://api.elsevier.com/content/abstract/scopus_id/33847373320","dc:identifier":"SCOPUS_ID:33847373320","eid":"2-s2.0-33847373320","dc:title":"All roads lead to and from Iraq: The Long War and the transformatin of the nation-state system","dc:creator":"Borer D.","prism:publicationName":"Third World Quarterly","prism:issn":"01436597","prism:eIssn":"13602241","prism:volume":"28","prism:issueIdentifier":"2","prism:pageRange":"457-463","prism:coverDate":"2007-03-01","prism:coverDisplayDate":"March 2007","prism:doi":"10.1080/01436590601154000","pii":"771176629","citedby-count":"1","affiliation": [{"@_fa": "true", "affilname":"Naval Postgraduate School","affiliation-city":"Monterey","affiliation-country":"United States"}],"prism:aggregationType":"Journal","subtype":"ar","subtypeDescription":"Article","source-id":"15471","openaccess":"0","openaccessFlag":false}]}}