{"search-results":{"opensearch:totalResults":"1","opensearch:startIndex":"0","opensearch:itemsPerPage":"1","opensearch:Query":{"@role": "request", "@searchTerms": "TITLE-ABS-KEY(\"neo-traditionalism\") AND SUBJAREA(SOCI) AND PUBYEAR = 2015", "@startPage": "0"},"link": [{"@_fa": "true", "@ref": "self", "@href": "https://api.elsevier.com/content/search/scopus?start=0&count=25&query=TITLE-ABS-KEY%28%22neo-traditionalism%22%29+AND+SUBJAREA%28SOCI%29+AND+PUBYEAR+%3D+2015&apiKey=27d953b4b546791964ebeb768d13e61f&view=STANDARD", "@type": "application/json"},{"@_fa": "true", "@ref": "first", "@href": "https://api.elsevier.com/content/search/scopus?start=0&count=25&query=TITLE-ABS-KEY%28%22neo-traditionalism%22%29+AND+SUBJAREA%28SOCI%29+AND+PUBYEAR+%3D+2015&apiKey=27d953b4b546791964ebeb768d13e61f&view=STANDARD", "@type": "application/json"}],"entry": [{"@_fa": "true", "link": [{"@_fa": "true", "@ref": "self", "@href": "https://api.elsevier.com/content/abstract/scopus_id/84967321337"},{"@_fa": "true", "@ref": "author-affiliation", "@href": "https://api.elsevier.com/content/abstract/scopus_id/84967321337?field=author,affiliation"},{"@_fa": "true", "@ref": "scopus", "@href": "https://www.scopus.com/inward/record.uri?partnerID=HzOxMe3b&scp=84967321337&origin=inward"},{"@_fa": "true", "@ref": "scopus-citedby", "@href": "https://www.scopus.com/inward/citedby.uri?partnerID=HzOxMe3b&scp=84967321337&origin=inward"}],"prism:url":"https://api.elsevier.com/content/abstract/scopus_id/84967321337","dc:identifier":"SCOPUS_ID:84967321337","eid":"2-s2.0-84967321337","dc:title":"Agrarian colonization and francoist neo-traditionalism","dc:creator":"Carmona D.","prism:publicationName":"Perverse Identities: Identities in Conflict","prism:isbn": [{"@_fa": "true", "$" :"9783035107746"},{"@_fa": "true", "$" :"9783034315562"}],"prism:volume":"3","prism:pageRange":"249-257","prism:coverDate":"2015-01-01","prism:coverDisplayDate":"2015","prism:doi":"10.3726/978-3-0351-0774-6","citedby-count":"0","affiliation": [{"@_fa": "true", "affilname":"Universidad Miguel Hernandez de Elche","affiliation-city":"Elche","affiliation-country":"Spain"}],"prism:aggregationType":"Book","subtype":"ch","subtypeDescription":"Chapter","source-id":"21100457729","openaccess":"0","openaccessFlag":false}]}}