{"search-results":{"opensearch:totalResults":"2","opensearch:startIndex":"0","opensearch:itemsPerPage":"2","opensearch:Query":{"@role": "request", "@searchTerms": "TITLE-ABS-KEY(\"neo-traditionalism\") AND SUBJAREA(SOCI) AND PUBYEAR = 2006", "@startPage": "0"},"link": [{"@_fa": "true", "@ref": "self", "@href": "https://api.elsevier.com/content/search/scopus?start=0&count=25&query=TITLE-ABS-KEY%28%22neo-traditionalism%22%29+AND+SUBJAREA%28SOCI%29+AND+PUBYEAR+%3D+2006&apiKey=27d953b4b546791964ebeb768d13e61f&view=STANDARD", "@type": "application/json"},{"@_fa": "true", "@ref": "first", "@href": "https://api.elsevier.com/content/search/scopus?start=0&count=25&query=TITLE-ABS-KEY%28%22neo-traditionalism%22%29+AND+SUBJAREA%28SOCI%29+AND+PUBYEAR+%3D+2006&apiKey=27d953b4b546791964ebeb768d13e61f&view=STANDARD", "@type": "application/json"}],"entry": [{"@_fa": "true", "link": [{"@_fa": "true", "@ref": "self", "@href": "https://api.elsevier.com/content/abstract/scopus_id/33845442753"},{"@_fa": "true", "@ref": "author-affiliation", "@href": "https://api.elsevier.com/content/abstract/scopus_id/33845442753?field=author,affiliation"},{"@_fa": "true", "@ref": "scopus", "@href": "https://www.scopus.com/inward/record.uri?partnerID=HzOxMe3b&scp=33845442753&origin=inward"},{"@_fa": "true", "@ref": "scopus-citedby", "@href": "https://www.scopus.com/inward/citedby.uri?partnerID=HzOxMe3b&scp=33845442753&origin=inward"}],"prism:url":"https://api.elsevier.com/content/abstract/scopus_id/33845442753","dc:identifier":"SCOPUS_ID:33845442753","eid":"2-s2.0-33845442753","dc:title":"An assessment of women's access to natural resources through communal projects in South Africa","dc:creator":"McCusker B.","prism:publicationName":"GeoJournal","prism:issn":"03432521","prism:volume":"66","prism:issueIdentifier":"4","prism:pageRange":"325-339","prism:coverDate":"2006-07-01","prism:coverDisplayDate":"July 2006","prism:doi":"10.1007/s10708-006-9006-3","citedby-count":"9","affiliation": [{"@_fa": "true", "affilname":"West Virginia University","affiliation-city":"Morgantown","affiliation-country":"United States"}],"prism:aggregationType":"Journal","subtype":"ar","subtypeDescription":"Article","source-id":"28772","openaccess":"0","openaccessFlag":false},{"@_fa": "true", "link": [{"@_fa": "true", "@ref": "self", "@href": "https://api.elsevier.com/content/abstract/scopus_id/33645988179"},{"@_fa": "true", "@ref": "author-affiliation", "@href": "https://api.elsevier.com/content/abstract/scopus_id/33645988179?field=author,affiliation"},{"@_fa": "true", "@ref": "scopus", "@href": "https://www.scopus.com/inward/record.uri?partnerID=HzOxMe3b&scp=33645988179&origin=inward"},{"@_fa": "true", "@ref": "scopus-citedby", "@href": "https://www.scopus.com/inward/citedby.uri?partnerID=HzOxMe3b&scp=33645988179&origin=inward"},{"@_fa": "true", "@ref": "full-text", "@href": "https://api.elsevier.com/content/article/eid/1-s2.0-S0016718505000795"}],"prism:url":"https://api.elsevier.com/content/abstract/scopus_id/33645988179","dc:identifier":"SCOPUS_ID:33645988179","eid":"2-s2.0-33645988179","dc:title":"Hindu nationalism, neo-traditionalism and environmental discourses in India","dc:creator":"Mawdsley E.","prism:publicationName":"Geoforum","prism:issn":"00167185","prism:volume":"37","prism:issueIdentifier":"3","prism:pageRange":"380-390","prism:coverDate":"2006-05-01","prism:coverDisplayDate":"May 2006","prism:doi":"10.1016/j.geoforum.2005.06.004","pii":"S0016718505000795","citedby-count":"32","affiliation": [{"@_fa": "true", "affilname":"Birkbeck University of London","affiliation-city":"London","affiliation-country":"United Kingdom"}],"prism:aggregationType":"Journal","subtype":"ar","subtypeDescription":"Article","source-id":"28611","openaccess":"0","openaccessFlag":false}]}}