{"search-results":{"opensearch:totalResults":"4","opensearch:startIndex":"0","opensearch:itemsPerPage":"4","opensearch:Query":{"@role": "request", "@searchTerms": "TITLE-ABS-KEY(\"neotraditionalism\") AND SUBJAREA(SOCI) AND PUBYEAR = 2015", "@startPage": "0"},"link": [{"@_fa": "true", "@ref": "self", "@href": "https://api.elsevier.com/content/search/scopus?start=0&count=25&query=TITLE-ABS-KEY%28%22neotraditionalism%22%29+AND+SUBJAREA%28SOCI%29+AND+PUBYEAR+%3D+2015&apiKey=27d953b4b546791964ebeb768d13e61f&view=STANDARD", "@type": "application/json"},{"@_fa": "true", "@ref": "first", "@href": "https://api.elsevier.com/content/search/scopus?start=0&count=25&query=TITLE-ABS-KEY%28%22neotraditionalism%22%29+AND+SUBJAREA%28SOCI%29+AND+PUBYEAR+%3D+2015&apiKey=27d953b4b546791964ebeb768d13e61f&view=STANDARD", "@type": "application/json"}],"entry": [{"@_fa": "true", "link": [{"@_fa": "true", "@ref": "self", "@href": "https://api.elsevier.com/content/abstract/scopus_id/84937832169"},{"@_fa": "true", "@ref": "author-affiliation", "@href": "https://api.elsevier.com/content/abstract/scopus_id/84937832169?field=author,affiliation"},{"@_fa": "true", "@ref": "scopus", "@href": "https://www.scopus.com/inward/record.uri?partnerID=HzOxMe3b&scp=84937832169&origin=inward"},{"@_fa": "true", "@ref": "scopus-citedby", "@href": "https://www.scopus.com/inward/citedby.uri?partnerID=HzOxMe3b&scp=84937832169&origin=inward"}],"prism:url":"https://api.elsevier.com/content/abstract/scopus_id/84937832169","dc:identifier":"SCOPUS_ID:84937832169","eid":"2-s2.0-84937832169","dc:title":"Twin offspring of empire, neoliberalism and authoritarian neotraditionalism: Thoughts on Susan Buck-Morss's \"democracy: An unfinished project","dc:creator":"Dirlik A.","prism:publicationName":"Boundary 2","prism:issn":"01903659","prism:eIssn":"15272141","prism:volume":"42","prism:issueIdentifier":"3","prism:pageRange":"1-17","prism:coverDate":"2015-01-01","prism:coverDisplayDate":"1 August 2015","prism:doi":"10.1215/01903659-2919459","citedby-count":"1","prism:aggregationType":"Journal","subtype":"re","subtypeDescription":"Review","source-id":"5700160810","openaccess":"0","openaccessFlag":false},{"@_fa": "true", "link": [{"@_fa": "true", "@ref": "self", "@href": "https://api.elsevier.com/content/abstract/scopus_id/84940440609"},{"@_fa": "true", "@ref": "author-affiliation", "@href": "https://api.elsevier.com/content/abstract/scopus_id/84940440609?field=author,affiliation"},{"@_fa": "true", "@ref": "scopus", "@href": "https://www.scopus.com/inward/record.uri?partnerID=HzOxMe3b&scp=84940440609&origin=inward"},{"@_fa": "true", "@ref": "scopus-citedby", "@href": "https://www.scopus.com/inward/citedby.uri?partnerID=HzOxMe3b&scp=84940440609&origin=inward"}],"prism:url":"https://api.elsevier.com/content/abstract/scopus_id/84940440609","dc:identifier":"SCOPUS_ID:84940440609","eid":"2-s2.0-84940440609","dc:title":"Your language or ours? Inclusion and exclusion of non-indigenous majorities in Māori and Sámi language revitalization policy","dc:creator":"Albury N.","prism:publicationName":"Current Issues in Language Planning","prism:issn":"14664208","prism:eIssn":"17477506","prism:volume":"16","prism:issueIdentifier":"3","prism:pageRange":"315-334","prism:coverDate":"2015-01-01","prism:coverDisplayDate":"3 July 2015","prism:doi":"10.1080/14664208.2015.984581","citedby-count":"8","affiliation": [{"@_fa": "true", "affilname":"Universitetet i Oslo","affiliation-city":"Oslo","affiliation-country":"Norway"}],"prism:aggregationType":"Journal","subtype":"ar","subtypeDescription":"Article","source-id":"5600155022","openaccess":"0","openaccessFlag":false},{"@_fa": "true", "link": [{"@_fa": "true", "@ref": "self", "@href": "https://api.elsevier.com/content/abstract/scopus_id/84931060790"},{"@_fa": "true", "@ref": "author-affiliation", "@href": "https://api.elsevier.com/content/abstract/scopus_id/84931060790?field=author,affiliation"},{"@_fa": "true", "@ref": "scopus", "@href": "https://www.scopus.com/inward/record.uri?partnerID=HzOxMe3b&scp=84931060790&origin=inward"},{"@_fa": "true", "@ref": "scopus-citedby", "@href": "https://www.scopus.com/inward/citedby.uri?partnerID=HzOxMe3b&scp=84931060790&origin=inward"}],"prism:url":"https://api.elsevier.com/content/abstract/scopus_id/84931060790","dc:identifier":"SCOPUS_ID:84931060790","eid":"2-s2.0-84931060790","dc:title":"Two thematic manifestations of neotribal capitalism in the United States","dc:creator":"Rose S.","prism:publicationName":"Anthropological Theory","prism:issn":"14634996","prism:eIssn":"17412641","prism:volume":"15","prism:issueIdentifier":"2","prism:pageRange":"218-238","prism:coverDate":"2015-01-01","prism:coverDisplayDate":"15 June 2015","prism:doi":"10.1177/1463499614568898","citedby-count":"3","affiliation": [{"@_fa": "true", "affilname":"University at Buffalo, State University of New York","affiliation-city":"Buffalo","affiliation-country":"United States"}],"prism:aggregationType":"Journal","subtype":"re","subtypeDescription":"Review","source-id":"5700161756","openaccess":"0","openaccessFlag":false},{"@_fa": "true", "link": [{"@_fa": "true", "@ref": "self", "@href": "https://api.elsevier.com/content/abstract/scopus_id/84928384993"},{"@_fa": "true", "@ref": "author-affiliation", "@href": "https://api.elsevier.com/content/abstract/scopus_id/84928384993?field=author,affiliation"},{"@_fa": "true", "@ref": "scopus", "@href": "https://www.scopus.com/inward/record.uri?partnerID=HzOxMe3b&scp=84928384993&origin=inward"},{"@_fa": "true", "@ref": "scopus-citedby", "@href": "https://www.scopus.com/inward/citedby.uri?partnerID=HzOxMe3b&scp=84928384993&origin=inward"}],"prism:url":"https://api.elsevier.com/content/abstract/scopus_id/84928384993","dc:identifier":"SCOPUS_ID:84928384993","eid":"2-s2.0-84928384993","dc:title":"Customizations of law: Courts of elders (Aksakal Courts) in rural and urban kyrgyzstan","dc:creator":"Beyer J.","prism:publicationName":"Political and Legal Anthropology Review","prism:issn":"10816976","prism:eIssn":"15552934","prism:volume":"38","prism:issueIdentifier":"1","prism:pageRange":"53-71","prism:coverDate":"2015-01-01","prism:coverDisplayDate":"1 May 2015","prism:doi":"10.1111/plar.12086","citedby-count":"2","affiliation": [{"@_fa": "true", "affilname":"Universität Konstanz","affiliation-city":"Konstanz","affiliation-country":"Germany"}],"prism:aggregationType":"Journal","subtype":"ar","subtypeDescription":"Article","source-id":"19900188955","openaccess":"0","openaccessFlag":false}]}}