{"search-results":{"opensearch:totalResults":"2","opensearch:startIndex":"0","opensearch:itemsPerPage":"2","opensearch:Query":{"@role": "request", "@searchTerms": "TITLE-ABS-KEY(\"neotraditionalism\") AND SUBJAREA(SOCI) AND PUBYEAR = 2005", "@startPage": "0"},"link": [{"@_fa": "true", "@ref": "self", "@href": "https://api.elsevier.com/content/search/scopus?start=0&count=25&query=TITLE-ABS-KEY%28%22neotraditionalism%22%29+AND+SUBJAREA%28SOCI%29+AND+PUBYEAR+%3D+2005&apiKey=27d953b4b546791964ebeb768d13e61f&view=STANDARD", "@type": "application/json"},{"@_fa": "true", "@ref": "first", "@href": "https://api.elsevier.com/content/search/scopus?start=0&count=25&query=TITLE-ABS-KEY%28%22neotraditionalism%22%29+AND+SUBJAREA%28SOCI%29+AND+PUBYEAR+%3D+2005&apiKey=27d953b4b546791964ebeb768d13e61f&view=STANDARD", "@type": "application/json"}],"entry": [{"@_fa": "true", "link": [{"@_fa": "true", "@ref": "self", "@href": "https://api.elsevier.com/content/abstract/scopus_id/34247663305"},{"@_fa": "true", "@ref": "author-affiliation", "@href": "https://api.elsevier.com/content/abstract/scopus_id/34247663305?field=author,affiliation"},{"@_fa": "true", "@ref": "scopus", "@href": "https://www.scopus.com/inward/record.uri?partnerID=HzOxMe3b&scp=34247663305&origin=inward"},{"@_fa": "true", "@ref": "scopus-citedby", "@href": "https://www.scopus.com/inward/citedby.uri?partnerID=HzOxMe3b&scp=34247663305&origin=inward"}],"prism:url":"https://api.elsevier.com/content/abstract/scopus_id/34247663305","dc:identifier":"SCOPUS_ID:34247663305","eid":"2-s2.0-34247663305","dc:title":"Rethinking biculturalism","dc:creator":"Rata E.","prism:publicationName":"Anthropological Theory","prism:issn":"14634996","prism:eIssn":"17412641","prism:volume":"5","prism:issueIdentifier":"3","prism:pageRange":"267-284","prism:coverDate":"2005-12-01","prism:coverDisplayDate":"2005","prism:doi":"10.1177/1463499605055960","citedby-count":"26","affiliation": [{"@_fa": "true", "affilname":"University of Auckland","affiliation-city":"Auckland","affiliation-country":"New Zealand"}],"prism:aggregationType":"Journal","subtype":"ar","subtypeDescription":"Article","source-id":"5700161756","openaccess":"0","openaccessFlag":false},{"@_fa": "true", "link": [{"@_fa": "true", "@ref": "self", "@href": "https://api.elsevier.com/content/abstract/scopus_id/84917007479"},{"@_fa": "true", "@ref": "author-affiliation", "@href": "https://api.elsevier.com/content/abstract/scopus_id/84917007479?field=author,affiliation"},{"@_fa": "true", "@ref": "scopus", "@href": "https://www.scopus.com/inward/record.uri?partnerID=HzOxMe3b&scp=84917007479&origin=inward"},{"@_fa": "true", "@ref": "scopus-citedby", "@href": "https://www.scopus.com/inward/citedby.uri?partnerID=HzOxMe3b&scp=84917007479&origin=inward"}],"prism:url":"https://api.elsevier.com/content/abstract/scopus_id/84917007479","dc:identifier":"SCOPUS_ID:84917007479","eid":"2-s2.0-84917007479","dc:title":"On World Politics: R.G. Collingwood, Michael Oakeshott and Neotraditionalism in International Relations","dc:creator":"Astrov A.","prism:publicationName":"On World Politics: R.G. Collingwood, Michael Oakeshott and Neotraditionalism in International Relations","prism:isbn": [{"@_fa": "true", "$" :"9780230508033"},{"@_fa": "true", "$" :"9781403946546"}],"prism:pageRange":"1-184","prism:coverDate":"2005-08-11","prism:coverDisplayDate":"11 August 2005","prism:doi":"10.1057/9780230508033","citedby-count":"2","affiliation": [{"@_fa": "true", "affilname":"Közép-Európai Egyetem","affiliation-city":"Budapest","affiliation-country":"Hungary"}],"prism:aggregationType":"Book","subtype":"bk","subtypeDescription":"Book","source-id":"21100797989","openaccess":"0","openaccessFlag":false}]}}