{"search-results":{"opensearch:totalResults":"1","opensearch:startIndex":"0","opensearch:itemsPerPage":"1","opensearch:Query":{"@role": "request", "@searchTerms": "TITLE-ABS-KEY(\"neotraditionalism\") AND SUBJAREA(SOCI) AND PUBYEAR = 2000", "@startPage": "0"},"link": [{"@_fa": "true", "@ref": "self", "@href": "https://api.elsevier.com/content/search/scopus?start=0&count=25&query=TITLE-ABS-KEY%28%22neotraditionalism%22%29+AND+SUBJAREA%28SOCI%29+AND+PUBYEAR+%3D+2000&apiKey=27d953b4b546791964ebeb768d13e61f&view=STANDARD", "@type": "application/json"},{"@_fa": "true", "@ref": "first", "@href": "https://api.elsevier.com/content/search/scopus?start=0&count=25&query=TITLE-ABS-KEY%28%22neotraditionalism%22%29+AND+SUBJAREA%28SOCI%29+AND+PUBYEAR+%3D+2000&apiKey=27d953b4b546791964ebeb768d13e61f&view=STANDARD", "@type": "application/json"}],"entry": [{"@_fa": "true", "link": [{"@_fa": "true", "@ref": "self", "@href": "https://api.elsevier.com/content/abstract/scopus_id/0034025496"},{"@_fa": "true", "@ref": "author-affiliation", "@href": "https://api.elsevier.com/content/abstract/scopus_id/0034025496?field=author,affiliation"},{"@_fa": "true", "@ref": "scopus", "@href": "https://www.scopus.com/inward/record.uri?partnerID=HzOxMe3b&scp=0034025496&origin=inward"},{"@_fa": "true", "@ref": "scopus-citedby", "@href": "https://www.scopus.com/inward/citedby.uri?partnerID=HzOxMe3b&scp=0034025496&origin=inward"}],"prism:url":"https://api.elsevier.com/content/abstract/scopus_id/0034025496","dc:identifier":"SCOPUS_ID:0034025496","eid":"2-s2.0-0034025496","dc:title":"The transformation of ideology and policy: China's leadership in search of a new legitimacy of power","dc:creator":"Klaschka S.","prism:publicationName":"Asien Afrika Lateinamerika","prism:issn":"03233790","prism:volume":"28","prism:issueIdentifier":"2","prism:pageRange":"137-157","prism:coverDate":"2000-01-01","prism:coverDisplayDate":"2000","citedby-count":"0","prism:aggregationType":"Journal","subtype":"ar","subtypeDescription":"Article","source-id":"30745","openaccess":"0","openaccessFlag":false}]}}