{"search-results":{"opensearch:totalResults":"1","opensearch:startIndex":"0","opensearch:itemsPerPage":"1","opensearch:Query":{"@role": "request", "@searchTerms": "TITLE-ABS-KEY(\"neotraditionalism\") AND SUBJAREA(SOCI) AND PUBYEAR = 2007", "@startPage": "0"},"link": [{"@_fa": "true", "@ref": "self", "@href": "https://api.elsevier.com/content/search/scopus?start=0&count=25&query=TITLE-ABS-KEY%28%22neotraditionalism%22%29+AND+SUBJAREA%28SOCI%29+AND+PUBYEAR+%3D+2007&apiKey=27d953b4b546791964ebeb768d13e61f&view=STANDARD", "@type": "application/json"},{"@_fa": "true", "@ref": "first", "@href": "https://api.elsevier.com/content/search/scopus?start=0&count=25&query=TITLE-ABS-KEY%28%22neotraditionalism%22%29+AND+SUBJAREA%28SOCI%29+AND+PUBYEAR+%3D+2007&apiKey=27d953b4b546791964ebeb768d13e61f&view=STANDARD", "@type": "application/json"}],"entry": [{"@_fa": "true", "link": [{"@_fa": "true", "@ref": "self", "@href": "https://api.elsevier.com/content/abstract/scopus_id/84993737892"},{"@_fa": "true", "@ref": "author-affiliation", "@href": "https://api.elsevier.com/content/abstract/scopus_id/84993737892?field=author,affiliation"},{"@_fa": "true", "@ref": "scopus", "@href": "https://www.scopus.com/inward/record.uri?partnerID=HzOxMe3b&scp=84993737892&origin=inward"},{"@_fa": "true", "@ref": "scopus-citedby", "@href": "https://www.scopus.com/inward/citedby.uri?partnerID=HzOxMe3b&scp=84993737892&origin=inward"}],"prism:url":"https://api.elsevier.com/content/abstract/scopus_id/84993737892","dc:identifier":"SCOPUS_ID:84993737892","eid":"2-s2.0-84993737892","dc:title":"Taming the neighborhood revolution: Planners, power brokers, and the birth of neotraditionalism in portland, oregon","dc:creator":"Thompson G.","prism:publicationName":"Journal of Planning History","prism:issn":"15385132","prism:volume":"6","prism:issueIdentifier":"3","prism:pageRange":"214-247","prism:coverDate":"2007-01-01","prism:coverDisplayDate":"August 2007","prism:doi":"10.1177/1538513206297457","citedby-count":"2","affiliation": [{"@_fa": "true", "affilname":"Florida State University","affiliation-city":"Tallahassee","affiliation-country":"United States"}],"prism:aggregationType":"Journal","subtype":"ar","subtypeDescription":"Article","source-id":"5700166917","openaccess":"0","openaccessFlag":false}]}}