{"search-results":{"opensearch:totalResults":"1","opensearch:startIndex":"0","opensearch:itemsPerPage":"1","opensearch:Query":{"@role": "request", "@searchTerms": "TITLE-ABS-KEY(\"neotraditionalism\") AND SUBJAREA(SOCI) AND PUBYEAR = 2008", "@startPage": "0"},"link": [{"@_fa": "true", "@ref": "self", "@href": "https://api.elsevier.com/content/search/scopus?start=0&count=25&query=TITLE-ABS-KEY%28%22neotraditionalism%22%29+AND+SUBJAREA%28SOCI%29+AND+PUBYEAR+%3D+2008&apiKey=27d953b4b546791964ebeb768d13e61f&view=STANDARD", "@type": "application/json"},{"@_fa": "true", "@ref": "first", "@href": "https://api.elsevier.com/content/search/scopus?start=0&count=25&query=TITLE-ABS-KEY%28%22neotraditionalism%22%29+AND+SUBJAREA%28SOCI%29+AND+PUBYEAR+%3D+2008&apiKey=27d953b4b546791964ebeb768d13e61f&view=STANDARD", "@type": "application/json"}],"entry": [{"@_fa": "true", "link": [{"@_fa": "true", "@ref": "self", "@href": "https://api.elsevier.com/content/abstract/scopus_id/68949215129"},{"@_fa": "true", "@ref": "author-affiliation", "@href": "https://api.elsevier.com/content/abstract/scopus_id/68949215129?field=author,affiliation"},{"@_fa": "true", "@ref": "scopus", "@href": "https://www.scopus.com/inward/record.uri?partnerID=HzOxMe3b&scp=68949215129&origin=inward"},{"@_fa": "true", "@ref": "scopus-citedby", "@href": "https://www.scopus.com/inward/citedby.uri?partnerID=HzOxMe3b&scp=68949215129&origin=inward"}],"prism:url":"https://api.elsevier.com/content/abstract/scopus_id/68949215129","dc:identifier":"SCOPUS_ID:68949215129","eid":"2-s2.0-68949215129","dc:title":"City building and the rhetoric of \"readability\": Architectural debates in the new Berlin","dc:creator":"Murray G.","prism:publicationName":"City and Community","prism:issn":"15356841","prism:eIssn":"15406040","prism:volume":"7","prism:issueIdentifier":"1","prism:pageRange":"3-21","prism:coverDate":"2008-03-01","prism:coverDisplayDate":"March 2008","prism:doi":"10.1111/j.1540-6040.2007.00238.x","citedby-count":"8","affiliation": [{"@_fa": "true", "affilname":"New York University","affiliation-city":"New York","affiliation-country":"United States"},{"@_fa": "true", "affilname":"Barnard College","affiliation-city":"New York","affiliation-country":"United States"}],"prism:aggregationType":"Journal","subtype":"ar","subtypeDescription":"Article","source-id":"5700161712","openaccess":"0","openaccessFlag":false}]}}