{"search-results":{"opensearch:totalResults":"1","opensearch:startIndex":"0","opensearch:itemsPerPage":"1","opensearch:Query":{"@role": "request", "@searchTerms": "TITLE-ABS-KEY(\"neotraditionalism\") AND SUBJAREA(SOCI) AND PUBYEAR = 2014", "@startPage": "0"},"link": [{"@_fa": "true", "@ref": "self", "@href": "https://api.elsevier.com/content/search/scopus?start=0&count=25&query=TITLE-ABS-KEY%28%22neotraditionalism%22%29+AND+SUBJAREA%28SOCI%29+AND+PUBYEAR+%3D+2014&apiKey=27d953b4b546791964ebeb768d13e61f&view=STANDARD", "@type": "application/json"},{"@_fa": "true", "@ref": "first", "@href": "https://api.elsevier.com/content/search/scopus?start=0&count=25&query=TITLE-ABS-KEY%28%22neotraditionalism%22%29+AND+SUBJAREA%28SOCI%29+AND+PUBYEAR+%3D+2014&apiKey=27d953b4b546791964ebeb768d13e61f&view=STANDARD", "@type": "application/json"}],"entry": [{"@_fa": "true", "link": [{"@_fa": "true", "@ref": "self", "@href": "https://api.elsevier.com/content/abstract/scopus_id/85006506978"},{"@_fa": "true", "@ref": "author-affiliation", "@href": "https://api.elsevier.com/content/abstract/scopus_id/85006506978?field=author,affiliation"},{"@_fa": "true", "@ref": "scopus", "@href": "https://www.scopus.com/inward/record.uri?partnerID=HzOxMe3b&scp=85006506978&origin=inward"},{"@_fa": "true", "@ref": "scopus-citedby", "@href": "https://www.scopus.com/inward/citedby.uri?partnerID=HzOxMe3b&scp=85006506978&origin=inward"}],"prism:url":"https://api.elsevier.com/content/abstract/scopus_id/85006506978","dc:identifier":"SCOPUS_ID:85006506978","eid":"2-s2.0-85006506978","dc:title":"Family policy in Russia: Folkways versus stateways revisited","dc:creator":"Kravchenko Z.","prism:publicationName":"Handbook of Family Policies Across the Globe","prism:isbn": [{"@_fa": "true", "$" :"9781461467717"},{"@_fa": "true", "$" :"9781461467700"}],"prism:pageRange":"223-237","prism:coverDate":"2014-01-01","prism:coverDisplayDate":"1 January 2014","prism:doi":"10.1007/978-1-4614-6771-7_15","citedby-count":"2","affiliation": [{"@_fa": "true", "affilname":"Lunds Universitet","affiliation-city":"Lund","affiliation-country":"Sweden"}],"prism:aggregationType":"Book","subtype":"ch","subtypeDescription":"Chapter","source-id":"21100824927","openaccess":"0","openaccessFlag":false}]}}