{"search-results":{"opensearch:totalResults":"1","opensearch:startIndex":"0","opensearch:itemsPerPage":"1","opensearch:Query":{"@role": "request", "@searchTerms": "TITLE-ABS-KEY(\"neotraditionalism\") AND SUBJAREA(SOCI) AND PUBYEAR = 1995", "@startPage": "0"},"link": [{"@_fa": "true", "@ref": "self", "@href": "https://api.elsevier.com/content/search/scopus?start=0&count=25&query=TITLE-ABS-KEY%28%22neotraditionalism%22%29+AND+SUBJAREA%28SOCI%29+AND+PUBYEAR+%3D+1995&apiKey=27d953b4b546791964ebeb768d13e61f&view=STANDARD", "@type": "application/json"},{"@_fa": "true", "@ref": "first", "@href": "https://api.elsevier.com/content/search/scopus?start=0&count=25&query=TITLE-ABS-KEY%28%22neotraditionalism%22%29+AND+SUBJAREA%28SOCI%29+AND+PUBYEAR+%3D+1995&apiKey=27d953b4b546791964ebeb768d13e61f&view=STANDARD", "@type": "application/json"}],"entry": [{"@_fa": "true", "link": [{"@_fa": "true", "@ref": "self", "@href": "https://api.elsevier.com/content/abstract/scopus_id/84948057309"},{"@_fa": "true", "@ref": "author-affiliation", "@href": "https://api.elsevier.com/content/abstract/scopus_id/84948057309?field=author,affiliation"},{"@_fa": "true", "@ref": "scopus", "@href": "https://www.scopus.com/inward/record.uri?partnerID=HzOxMe3b&scp=84948057309&origin=inward"},{"@_fa": "true", "@ref": "scopus-citedby", "@href": "https://www.scopus.com/inward/citedby.uri?partnerID=HzOxMe3b&scp=84948057309&origin=inward"}],"prism:url":"https://api.elsevier.com/content/abstract/scopus_id/84948057309","dc:identifier":"SCOPUS_ID:84948057309","eid":"2-s2.0-84948057309","dc:title":"Neotraditional developments: The anatomy of a new Urban form","dc:creator":"McCann E.","prism:publicationName":"Urban Geography","prism:issn":"02723638","prism:volume":"16","prism:issueIdentifier":"3","prism:pageRange":"210-233","prism:coverDate":"1995-01-01","prism:coverDisplayDate":"April-May 1995","prism:doi":"10.2747/0272-3638.16.3.210","citedby-count":"58","affiliation": [{"@_fa": "true", "affilname":"University of Kentucky","affiliation-city":"Lexington","affiliation-country":"United States"}],"prism:aggregationType":"Journal","subtype":"ar","subtypeDescription":"Article","source-id":"29655","openaccess":"0","openaccessFlag":false}]}}