{"search-results":{"opensearch:totalResults":"1","opensearch:startIndex":"0","opensearch:itemsPerPage":"1","opensearch:Query":{"@role": "request", "@searchTerms": "TITLE-ABS-KEY(\"neotraditionalism\") AND SUBJAREA(SOCI) AND PUBYEAR = 1983", "@startPage": "0"},"link": [{"@_fa": "true", "@ref": "self", "@href": "https://api.elsevier.com/content/search/scopus?start=0&count=25&query=TITLE-ABS-KEY%28%22neotraditionalism%22%29+AND+SUBJAREA%28SOCI%29+AND+PUBYEAR+%3D+1983&apiKey=27d953b4b546791964ebeb768d13e61f&view=STANDARD", "@type": "application/json"},{"@_fa": "true", "@ref": "first", "@href": "https://api.elsevier.com/content/search/scopus?start=0&count=25&query=TITLE-ABS-KEY%28%22neotraditionalism%22%29+AND+SUBJAREA%28SOCI%29+AND+PUBYEAR+%3D+1983&apiKey=27d953b4b546791964ebeb768d13e61f&view=STANDARD", "@type": "application/json"}],"entry": [{"@_fa": "true", "link": [{"@_fa": "true", "@ref": "self", "@href": "https://api.elsevier.com/content/abstract/scopus_id/84952401548"},{"@_fa": "true", "@ref": "author-affiliation", "@href": "https://api.elsevier.com/content/abstract/scopus_id/84952401548?field=author,affiliation"},{"@_fa": "true", "@ref": "scopus", "@href": "https://www.scopus.com/inward/record.uri?partnerID=HzOxMe3b&scp=84952401548&origin=inward"},{"@_fa": "true", "@ref": "scopus-citedby", "@href": "https://www.scopus.com/inward/citedby.uri?partnerID=HzOxMe3b&scp=84952401548&origin=inward"}],"prism:url":"https://api.elsevier.com/content/abstract/scopus_id/84952401548","dc:identifier":"SCOPUS_ID:84952401548","eid":"2-s2.0-84952401548","dc:title":"Soviet Neotraditionalism: The Political Corruption Of A Leninist Regime","dc:creator":"Jowitt K.","prism:publicationName":"Soviet Studies","prism:issn":"00385859","prism:volume":"35","prism:issueIdentifier":"3","prism:pageRange":"275-297","prism:coverDate":"1983-01-01","prism:coverDisplayDate":"1983","prism:doi":"10.1080/09668138308411481","citedby-count":"119","prism:aggregationType":"Journal","subtype":"ar","subtypeDescription":"Article","source-id":"35754","openaccess":"0","openaccessFlag":false}]}}