{"search-results":{"opensearch:totalResults":"1","opensearch:startIndex":"0","opensearch:itemsPerPage":"1","opensearch:Query":{"@role": "request", "@searchTerms": "TITLE-ABS-KEY(\"neotraditionalism\") AND SUBJAREA(SOCI) AND PUBYEAR = 1996", "@startPage": "0"},"link": [{"@_fa": "true", "@ref": "self", "@href": "https://api.elsevier.com/content/search/scopus?start=0&count=25&query=TITLE-ABS-KEY%28%22neotraditionalism%22%29+AND+SUBJAREA%28SOCI%29+AND+PUBYEAR+%3D+1996&apiKey=27d953b4b546791964ebeb768d13e61f&view=STANDARD", "@type": "application/json"},{"@_fa": "true", "@ref": "first", "@href": "https://api.elsevier.com/content/search/scopus?start=0&count=25&query=TITLE-ABS-KEY%28%22neotraditionalism%22%29+AND+SUBJAREA%28SOCI%29+AND+PUBYEAR+%3D+1996&apiKey=27d953b4b546791964ebeb768d13e61f&view=STANDARD", "@type": "application/json"}],"entry": [{"@_fa": "true", "link": [{"@_fa": "true", "@ref": "self", "@href": "https://api.elsevier.com/content/abstract/scopus_id/0029800007"},{"@_fa": "true", "@ref": "author-affiliation", "@href": "https://api.elsevier.com/content/abstract/scopus_id/0029800007?field=author,affiliation"},{"@_fa": "true", "@ref": "scopus", "@href": "https://www.scopus.com/inward/record.uri?partnerID=HzOxMe3b&scp=0029800007&origin=inward"},{"@_fa": "true", "@ref": "scopus-citedby", "@href": "https://www.scopus.com/inward/citedby.uri?partnerID=HzOxMe3b&scp=0029800007&origin=inward"}],"prism:url":"https://api.elsevier.com/content/abstract/scopus_id/0029800007","dc:identifier":"SCOPUS_ID:0029800007","eid":"2-s2.0-0029800007","dc:title":"A theoretical assessment of the 'neotraditional' settlement form by dimensions of performance","dc:creator":"Banai R.","prism:publicationName":"Environment and Planning B: Planning and Design","prism:issn":"02658135","prism:volume":"23","prism:issueIdentifier":"2","prism:pageRange":"177-190","prism:coverDate":"1996-01-01","prism:coverDisplayDate":"March 1996","prism:doi":"10.1068/b230177","citedby-count":"9","affiliation": [{"@_fa": "true", "affilname":"University of Memphis","affiliation-city":"Memphis","affiliation-country":"United States"}],"prism:aggregationType":"Journal","subtype":"ar","subtypeDescription":"Article","source-id":"13273","openaccess":"0","openaccessFlag":false}]}}