{"search-results":{"opensearch:totalResults":"2","opensearch:startIndex":"0","opensearch:itemsPerPage":"2","opensearch:Query":{"@role": "request", "@searchTerms": "TITLE-ABS-KEY(\"neotraditionalism\") AND SUBJAREA(SOCI) AND PUBYEAR = 1998", "@startPage": "0"},"link": [{"@_fa": "true", "@ref": "self", "@href": "https://api.elsevier.com/content/search/scopus?start=0&count=25&query=TITLE-ABS-KEY%28%22neotraditionalism%22%29+AND+SUBJAREA%28SOCI%29+AND+PUBYEAR+%3D+1998&apiKey=27d953b4b546791964ebeb768d13e61f&view=STANDARD", "@type": "application/json"},{"@_fa": "true", "@ref": "first", "@href": "https://api.elsevier.com/content/search/scopus?start=0&count=25&query=TITLE-ABS-KEY%28%22neotraditionalism%22%29+AND+SUBJAREA%28SOCI%29+AND+PUBYEAR+%3D+1998&apiKey=27d953b4b546791964ebeb768d13e61f&view=STANDARD", "@type": "application/json"}],"entry": [{"@_fa": "true", "link": [{"@_fa": "true", "@ref": "self", "@href": "https://api.elsevier.com/content/abstract/scopus_id/0031664599"},{"@_fa": "true", "@ref": "author-affiliation", "@href": "https://api.elsevier.com/content/abstract/scopus_id/0031664599?field=author,affiliation"},{"@_fa": "true", "@ref": "scopus", "@href": "https://www.scopus.com/inward/record.uri?partnerID=HzOxMe3b&scp=0031664599&origin=inward"},{"@_fa": "true", "@ref": "scopus-citedby", "@href": "https://www.scopus.com/inward/citedby.uri?partnerID=HzOxMe3b&scp=0031664599&origin=inward"}],"prism:url":"https://api.elsevier.com/content/abstract/scopus_id/0031664599","dc:identifier":"SCOPUS_ID:0031664599","eid":"2-s2.0-0031664599","dc:title":"Neotraditionalism in the suburban landscape: Cultural geographies of exclusion in vancouver, canada","dc:creator":"Dowling R.","prism:publicationName":"Urban Geography","prism:issn":"02723638","prism:volume":"19","prism:issueIdentifier":"2","prism:pageRange":"105-122","prism:coverDate":"1998-02-01","prism:coverDisplayDate":"1 February 1998","prism:doi":"10.2747/0272-3638.19.2.105","citedby-count":"34","affiliation": [{"@_fa": "true", "affilname":"Macquarie University","affiliation-city":"Sydney","affiliation-country":"Australia"}],"prism:aggregationType":"Journal","subtype":"ar","subtypeDescription":"Article","source-id":"29655","openaccess":"0","openaccessFlag":false},{"@_fa": "true", "link": [{"@_fa": "true", "@ref": "self", "@href": "https://api.elsevier.com/content/abstract/scopus_id/0032351929"},{"@_fa": "true", "@ref": "author-affiliation", "@href": "https://api.elsevier.com/content/abstract/scopus_id/0032351929?field=author,affiliation"},{"@_fa": "true", "@ref": "scopus", "@href": "https://www.scopus.com/inward/record.uri?partnerID=HzOxMe3b&scp=0032351929&origin=inward"},{"@_fa": "true", "@ref": "scopus-citedby", "@href": "https://www.scopus.com/inward/citedby.uri?partnerID=HzOxMe3b&scp=0032351929&origin=inward"}],"prism:url":"https://api.elsevier.com/content/abstract/scopus_id/0032351929","dc:identifier":"SCOPUS_ID:0032351929","eid":"2-s2.0-0032351929","dc:title":"Russian Neotraditionalism","dc:creator":"Gudkov L.","prism:publicationName":"Russian Politics and Law","prism:issn":"10611940","prism:volume":"36","prism:issueIdentifier":"2","prism:pageRange":"48-66","prism:coverDate":"1998-01-01","prism:coverDisplayDate":"March/April 1998","prism:doi":"10.2753/RUP1061-1940360248","citedby-count":"0","prism:aggregationType":"Journal","subtype":"ar","subtypeDescription":"Article","source-id":"18390","openaccess":"0","openaccessFlag":false}]}}