{"search-results":{"opensearch:totalResults":"3","opensearch:startIndex":"0","opensearch:itemsPerPage":"3","opensearch:Query":{"@role": "request", "@searchTerms": "TITLE-ABS-KEY(\"neotraditionalism\") AND SUBJAREA(SOCI) AND PUBYEAR = 1997", "@startPage": "0"},"link": [{"@_fa": "true", "@ref": "self", "@href": "https://api.elsevier.com/content/search/scopus?start=0&count=25&query=TITLE-ABS-KEY%28%22neotraditionalism%22%29+AND+SUBJAREA%28SOCI%29+AND+PUBYEAR+%3D+1997&apiKey=27d953b4b546791964ebeb768d13e61f&view=STANDARD", "@type": "application/json"},{"@_fa": "true", "@ref": "first", "@href": "https://api.elsevier.com/content/search/scopus?start=0&count=25&query=TITLE-ABS-KEY%28%22neotraditionalism%22%29+AND+SUBJAREA%28SOCI%29+AND+PUBYEAR+%3D+1997&apiKey=27d953b4b546791964ebeb768d13e61f&view=STANDARD", "@type": "application/json"}],"entry": [{"@_fa": "true", "link": [{"@_fa": "true", "@ref": "self", "@href": "https://api.elsevier.com/content/abstract/scopus_id/0031449946"},{"@_fa": "true", "@ref": "author-affiliation", "@href": "https://api.elsevier.com/content/abstract/scopus_id/0031449946?field=author,affiliation"},{"@_fa": "true", "@ref": "scopus", "@href": "https://www.scopus.com/inward/record.uri?partnerID=HzOxMe3b&scp=0031449946&origin=inward"},{"@_fa": "true", "@ref": "scopus-citedby", "@href": "https://www.scopus.com/inward/citedby.uri?partnerID=HzOxMe3b&scp=0031449946&origin=inward"}],"prism:url":"https://api.elsevier.com/content/abstract/scopus_id/0031449946","dc:identifier":"SCOPUS_ID:0031449946","eid":"2-s2.0-0031449946","dc:title":"The hidden histories and geographies of neotraditional town planning: The case of Seaside, Florida","dc:creator":"Falconer Al-Hindi K.","prism:publicationName":"Environment and Planning D: Society and Space","prism:issn":"02637758","prism:volume":"15","prism:issueIdentifier":"3","prism:pageRange":"349-372","prism:coverDate":"1997-06-01","prism:coverDisplayDate":"June 1997","citedby-count":"60","prism:aggregationType":"Journal","subtype":"re","subtypeDescription":"Review","source-id":"13274","openaccess":"0","openaccessFlag":false},{"@_fa": "true", "link": [{"@_fa": "true", "@ref": "self", "@href": "https://api.elsevier.com/content/abstract/scopus_id/0030776099"},{"@_fa": "true", "@ref": "author-affiliation", "@href": "https://api.elsevier.com/content/abstract/scopus_id/0030776099?field=author,affiliation"},{"@_fa": "true", "@ref": "scopus", "@href": "https://www.scopus.com/inward/record.uri?partnerID=HzOxMe3b&scp=0030776099&origin=inward"},{"@_fa": "true", "@ref": "scopus-citedby", "@href": "https://www.scopus.com/inward/citedby.uri?partnerID=HzOxMe3b&scp=0030776099&origin=inward"}],"prism:url":"https://api.elsevier.com/content/abstract/scopus_id/0030776099","dc:identifier":"SCOPUS_ID:0030776099","eid":"2-s2.0-0030776099","dc:title":"The suburban public realm II: Eurourbanism, new urbanism and the implications for urban design in the American metropolis","dc:creator":"Southworth M.","prism:publicationName":"Journal of Urban Design","prism:issn":"13574809","prism:volume":"2","prism:issueIdentifier":"1","prism:pageRange":"9-34","prism:coverDate":"1997-01-01","prism:coverDisplayDate":"1997","prism:doi":"10.1080/13574809708724394","citedby-count":"10","affiliation": [{"@_fa": "true", "affilname":"University of California, Berkeley","affiliation-city":"Berkeley","affiliation-country":"United States"}],"prism:aggregationType":"Journal","subtype":"ar","subtypeDescription":"Article","source-id":"13953","openaccess":"0","openaccessFlag":false},{"@_fa": "true", "link": [{"@_fa": "true", "@ref": "self", "@href": "https://api.elsevier.com/content/abstract/scopus_id/0031444604"},{"@_fa": "true", "@ref": "author-affiliation", "@href": "https://api.elsevier.com/content/abstract/scopus_id/0031444604?field=author,affiliation"},{"@_fa": "true", "@ref": "scopus", "@href": "https://www.scopus.com/inward/record.uri?partnerID=HzOxMe3b&scp=0031444604&origin=inward"},{"@_fa": "true", "@ref": "scopus-citedby", "@href": "https://www.scopus.com/inward/citedby.uri?partnerID=HzOxMe3b&scp=0031444604&origin=inward"},{"@_fa": "true", "@ref": "full-text", "@href": "https://api.elsevier.com/content/article/eid/1-s2.0-S0264837797000021"}],"prism:url":"https://api.elsevier.com/content/abstract/scopus_id/0031444604","dc:identifier":"SCOPUS_ID:0031444604","eid":"2-s2.0-0031444604","dc:title":"Neotraditional planning: A new strategy for building neighborhoods?","dc:creator":"Furuseth O.","prism:publicationName":"Land Use Policy","prism:issn":"02648377","prism:volume":"14","prism:issueIdentifier":"3","prism:pageRange":"201-213","prism:coverDate":"1997-01-01","prism:coverDisplayDate":"July 1997","prism:doi":"10.1016/S0264-8377(97)00002-1","pii":"S0264837797000021","citedby-count":"22","affiliation": [{"@_fa": "true", "affilname":"The University of North Carolina at Charlotte","affiliation-city":"Charlotte","affiliation-country":"United States"}],"prism:aggregationType":"Journal","subtype":"ar","subtypeDescription":"Article","source-id":"14500","openaccess":"0","openaccessFlag":false}]}}