{"search-results":{"opensearch:totalResults":"40","opensearch:startIndex":"0","opensearch:itemsPerPage":"25","opensearch:Query":{"@role": "request", "@searchTerms": "TITLE-ABS-KEY(\"patron-client\") AND SUBJAREA(SOCI) AND PUBYEAR = 2018", "@startPage": "0"},"link": [{"@_fa": "true", "@ref": "self", "@href": "https://api.elsevier.com/content/search/scopus?start=0&count=25&query=TITLE-ABS-KEY%28%22patron-client%22%29+AND+SUBJAREA%28SOCI%29+AND+PUBYEAR+%3D+2018&apiKey=27d953b4b546791964ebeb768d13e61f&view=STANDARD", "@type": "application/json"},{"@_fa": "true", "@ref": "first", "@href": "https://api.elsevier.com/content/search/scopus?start=0&count=25&query=TITLE-ABS-KEY%28%22patron-client%22%29+AND+SUBJAREA%28SOCI%29+AND+PUBYEAR+%3D+2018&apiKey=27d953b4b546791964ebeb768d13e61f&view=STANDARD", "@type": "application/json"},{"@_fa": "true", "@ref": "next", "@href": "https://api.elsevier.com/content/search/scopus?start=25&count=25&query=TITLE-ABS-KEY%28%22patron-client%22%29+AND+SUBJAREA%28SOCI%29+AND+PUBYEAR+%3D+2018&apiKey=27d953b4b546791964ebeb768d13e61f&view=STANDARD", "@type": "application/json"},{"@_fa": "true", "@ref": "last", "@href": "https://api.elsevier.com/content/search/scopus?start=15&count=25&query=TITLE-ABS-KEY%28%22patron-client%22%29+AND+SUBJAREA%28SOCI%29+AND+PUBYEAR+%3D+2018&apiKey=27d953b4b546791964ebeb768d13e61f&view=STANDARD", "@type": "application/json"}],"entry": [{"@_fa": "true", "link": [{"@_fa": "true", "@ref": "self", "@href": "https://api.elsevier.com/content/abstract/scopus_id/85059777398"},{"@_fa": "true", "@ref": "author-affiliation", "@href": "https://api.elsevier.com/content/abstract/scopus_id/85059777398?field=author,affiliation"},{"@_fa": "true", "@ref": "scopus", "@href": "https://www.scopus.com/inward/record.uri?partnerID=HzOxMe3b&scp=85059777398&origin=inward"},{"@_fa": "true", "@ref": "scopus-citedby", "@href": "https://www.scopus.com/inward/citedby.uri?partnerID=HzOxMe3b&scp=85059777398&origin=inward"}],"prism:url":"https://api.elsevier.com/content/abstract/scopus_id/85059777398","dc:identifier":"SCOPUS_ID:85059777398","eid":"2-s2.0-85059777398","dc:title":"Fecitne Viriliter? Patronage, erotics, and masculinity in Horace, Epistles 1","dc:creator":"McCarter S.","prism:publicationName":"American Journal of Philology","prism:issn":"00029475","prism:eIssn":"10863168","prism:volume":"139","prism:issueIdentifier":"4","prism:pageRange":"675-709","prism:coverDate":"2018-12-01","prism:coverDisplayDate":"December 2018","prism:doi":"10.1353/ajp.2018.0040","citedby-count":"0","affiliation": [{"@_fa": "true", "affilname":"University of the South","affiliation-city":"Sewanee","affiliation-country":"United States"}],"prism:aggregationType":"Journal","subtype":"ar","subtypeDescription":"Article","source-id":"18542","openaccess":"0","openaccessFlag":false},{"@_fa": "true", "link": [{"@_fa": "true", "@ref": "self", "@href": "https://api.elsevier.com/content/abstract/scopus_id/85015617775"},{"@_fa": "true", "@ref": "author-affiliation", "@href": "https://api.elsevier.com/content/abstract/scopus_id/85015617775?field=author,affiliation"},{"@_fa": "true", "@ref": "scopus", "@href": "https://www.scopus.com/inward/record.uri?partnerID=HzOxMe3b&scp=85015617775&origin=inward"},{"@_fa": "true", "@ref": "scopus-citedby", "@href": "https://www.scopus.com/inward/citedby.uri?partnerID=HzOxMe3b&scp=85015617775&origin=inward"}],"prism:url":"https://api.elsevier.com/content/abstract/scopus_id/85015617775","dc:identifier":"SCOPUS_ID:85015617775","eid":"2-s2.0-85015617775","dc:title":"Why Political Competition Can Increase Patronage","dc:creator":"Driscoll B.","prism:publicationName":"Studies in Comparative International Development","prism:issn":"00393606","prism:volume":"53","prism:issueIdentifier":"4","prism:pageRange":"404-427","prism:coverDate":"2018-12-01","prism:coverDisplayDate":"1 December 2018","prism:doi":"10.1007/s12116-017-9238-x","citedby-count":"1","affiliation": [{"@_fa": "true", "affilname":"Grinnell College","affiliation-city":"Grinnell","affiliation-country":"United States"}],"prism:aggregationType":"Journal","subtype":"ar","subtypeDescription":"Article","source-id":"26587","openaccess":"0","openaccessFlag":false},{"@_fa": "true", "link": [{"@_fa": "true", "@ref": "self", "@href": "https://api.elsevier.com/content/abstract/scopus_id/85045538719"},{"@_fa": "true", "@ref": "author-affiliation", "@href": "https://api.elsevier.com/content/abstract/scopus_id/85045538719?field=author,affiliation"},{"@_fa": "true", "@ref": "scopus", "@href": "https://www.scopus.com/inward/record.uri?partnerID=HzOxMe3b&scp=85045538719&origin=inward"},{"@_fa": "true", "@ref": "scopus-citedby", "@href": "https://www.scopus.com/inward/citedby.uri?partnerID=HzOxMe3b&scp=85045538719&origin=inward"},{"@_fa": "true", "@ref": "full-text", "@href": "https://api.elsevier.com/content/article/eid/1-s2.0-S2212041617307271"}],"prism:url":"https://api.elsevier.com/content/abstract/scopus_id/85045538719","dc:identifier":"SCOPUS_ID:85045538719","eid":"2-s2.0-85045538719","dc:title":"Playing before paying? A PES simulation game for assessing power inequalities and motivations in the governance of Ecosystem Services","dc:creator":"Merlet P.","prism:publicationName":"Ecosystem Services","prism:issn":"22120416","prism:volume":"34","prism:pageRange":"218-227","prism:coverDate":"2018-12-01","prism:coverDisplayDate":"December 2018","prism:doi":"10.1016/j.ecoser.2018.03.024","pii":"S2212041617307271","citedby-count":"2","affiliation": [{"@_fa": "true", "affilname":"Universiteit Antwerpen","affiliation-city":"Antwerpen","affiliation-country":"Belgium"},{"@_fa": "true", "affilname":"Association pour améliorer la Gouvernance de la Terre de l'Eau et des Ressources Naturelles (AGTER)","affiliation-city":"Nogent-sur-Marne","affiliation-country":"France"},{"@_fa": "true", "affilname":"Central American University (UCA)","affiliation-city":"Managua","affiliation-country":"Nicaragua"}],"prism:aggregationType":"Journal","subtype":"ar","subtypeDescription":"Article","source-id":"21100218523","openaccess":"0","openaccessFlag":false},{"@_fa": "true", "link": [{"@_fa": "true", "@ref": "self", "@href": "https://api.elsevier.com/content/abstract/scopus_id/85061127630"},{"@_fa": "true", "@ref": "author-affiliation", "@href": "https://api.elsevier.com/content/abstract/scopus_id/85061127630?field=author,affiliation"},{"@_fa": "true", "@ref": "scopus", "@href": "https://www.scopus.com/inward/record.uri?partnerID=HzOxMe3b&scp=85061127630&origin=inward"},{"@_fa": "true", "@ref": "scopus-citedby", "@href": "https://www.scopus.com/inward/citedby.uri?partnerID=HzOxMe3b&scp=85061127630&origin=inward"}],"prism:url":"https://api.elsevier.com/content/abstract/scopus_id/85061127630","dc:identifier":"SCOPUS_ID:85061127630","eid":"2-s2.0-85061127630","dc:title":"\"Fringe fishers are slaves of the water\": A tale of maritime anthropology of small-scale fishing in the bay of Bengal","dc:creator":"Deb A.","prism:publicationName":"Bangladesh: Economic, Political and Social Issues","prism:isbn": [{"@_fa": "true", "$" :"9781536142112"},{"@_fa": "true", "$" :"9781536142105"}],"prism:pageRange":"233-285","prism:coverDate":"2018-11-13","prism:coverDisplayDate":"13 November 2018","citedby-count":"0","affiliation": [{"@_fa": "true", "affilname":"Government of Manitoba","affiliation-city":"Winnipeg","affiliation-country":"Canada"}],"prism:aggregationType":"Book","subtype":"ch","subtypeDescription":"Chapter","source-id":"21100897271","openaccess":"0","openaccessFlag":false},{"@_fa": "true", "link": [{"@_fa": "true", "@ref": "self", "@href": "https://api.elsevier.com/content/abstract/scopus_id/85058364565"},{"@_fa": "true", "@ref": "author-affiliation", "@href": "https://api.elsevier.com/content/abstract/scopus_id/85058364565?field=author,affiliation"},{"@_fa": "true", "@ref": "scopus", "@href": "https://www.scopus.com/inward/record.uri?partnerID=HzOxMe3b&scp=85058364565&origin=inward"},{"@_fa": "true", "@ref": "scopus-citedby", "@href": "https://www.scopus.com/inward/citedby.uri?partnerID=HzOxMe3b&scp=85058364565&origin=inward"}],"prism:url":"https://api.elsevier.com/content/abstract/scopus_id/85058364565","dc:identifier":"SCOPUS_ID:85058364565","eid":"2-s2.0-85058364565","dc:title":"Was it a Malay tsunami? Deconstructing the Malay vote in Malaysia’s 2018 election","dc:creator":"Rahman S.","prism:publicationName":"Round Table","prism:issn":"00358533","prism:eIssn":"1474029X","prism:volume":"107","prism:issueIdentifier":"6","prism:pageRange":"669-682","prism:coverDate":"2018-11-02","prism:coverDisplayDate":"2 November 2018","prism:doi":"10.1080/00358533.2018.1545941","citedby-count":"0","affiliation": [{"@_fa": "true", "affilname":"Institute of Southeast Asian Studies, Singapore","affiliation-city":"Singapore City","affiliation-country":"Singapore"}],"prism:aggregationType":"Journal","subtype":"ar","subtypeDescription":"Article","source-id":"27979","openaccess":"0","openaccessFlag":false},{"@_fa": "true", "link": [{"@_fa": "true", "@ref": "self", "@href": "https://api.elsevier.com/content/abstract/scopus_id/85057578243"},{"@_fa": "true", "@ref": "author-affiliation", "@href": "https://api.elsevier.com/content/abstract/scopus_id/85057578243?field=author,affiliation"},{"@_fa": "true", "@ref": "scopus", "@href": "https://www.scopus.com/inward/record.uri?partnerID=HzOxMe3b&scp=85057578243&origin=inward"},{"@_fa": "true", "@ref": "scopus-citedby", "@href": "https://www.scopus.com/inward/citedby.uri?partnerID=HzOxMe3b&scp=85057578243&origin=inward"}],"prism:url":"https://api.elsevier.com/content/abstract/scopus_id/85057578243","dc:identifier":"SCOPUS_ID:85057578243","eid":"2-s2.0-85057578243","dc:title":"Has patronage lost its punch in Malaysia?","dc:creator":"Dettman S.","prism:publicationName":"Round Table","prism:issn":"00358533","prism:eIssn":"1474029X","prism:volume":"107","prism:issueIdentifier":"6","prism:pageRange":"739-754","prism:coverDate":"2018-11-02","prism:coverDisplayDate":"2 November 2018","prism:doi":"10.1080/00358533.2018.1545936","citedby-count":"0","affiliation": [{"@_fa": "true", "affilname":"Stanford University","affiliation-city":"Palo Alto","affiliation-country":"United States"}],"prism:aggregationType":"Journal","subtype":"ar","subtypeDescription":"Article","source-id":"27979","openaccess":"0","openaccessFlag":false},{"@_fa": "true", "link": [{"@_fa": "true", "@ref": "self", "@href": "https://api.elsevier.com/content/abstract/scopus_id/85056626213"},{"@_fa": "true", "@ref": "author-affiliation", "@href": "https://api.elsevier.com/content/abstract/scopus_id/85056626213?field=author,affiliation"},{"@_fa": "true", "@ref": "scopus", "@href": "https://www.scopus.com/inward/record.uri?partnerID=HzOxMe3b&scp=85056626213&origin=inward"},{"@_fa": "true", "@ref": "scopus-citedby", "@href": "https://www.scopus.com/inward/citedby.uri?partnerID=HzOxMe3b&scp=85056626213&origin=inward"}],"prism:url":"https://api.elsevier.com/content/abstract/scopus_id/85056626213","dc:identifier":"SCOPUS_ID:85056626213","eid":"2-s2.0-85056626213","dc:title":"Courts and informal networks: Towards a relational perspective on judicial politics outside Western democracies","dc:creator":"Dressel B.","prism:publicationName":"International Political Science Review","prism:issn":"01925121","prism:eIssn":"1460373X","prism:volume":"39","prism:issueIdentifier":"5","prism:pageRange":"573-584","prism:coverDate":"2018-11-01","prism:coverDisplayDate":"1 November 2018","prism:doi":"10.1177/0192512118807065","citedby-count":"2","affiliation": [{"@_fa": "true", "affilname":"Australian National University","affiliation-city":"Canberra","affiliation-country":"Australia"}],"prism:aggregationType":"Journal","subtype":"ed","subtypeDescription":"Editorial","source-id":"25833","openaccess":"1","openaccessFlag":true},{"@_fa": "true", "link": [{"@_fa": "true", "@ref": "self", "@href": "https://api.elsevier.com/content/abstract/scopus_id/85044444991"},{"@_fa": "true", "@ref": "author-affiliation", "@href": "https://api.elsevier.com/content/abstract/scopus_id/85044444991?field=author,affiliation"},{"@_fa": "true", "@ref": "scopus", "@href": "https://www.scopus.com/inward/record.uri?partnerID=HzOxMe3b&scp=85044444991&origin=inward"},{"@_fa": "true", "@ref": "scopus-citedby", "@href": "https://www.scopus.com/inward/citedby.uri?partnerID=HzOxMe3b&scp=85044444991&origin=inward"}],"prism:url":"https://api.elsevier.com/content/abstract/scopus_id/85044444991","dc:identifier":"SCOPUS_ID:85044444991","eid":"2-s2.0-85044444991","dc:title":"Self-expression values, loyalty generation, and support for authoritarianism: evidence from the Arab world","dc:creator":"Ciftci S.","prism:publicationName":"Democratization","prism:issn":"13510347","prism:eIssn":"1743890X","prism:volume":"25","prism:issueIdentifier":"7","prism:pageRange":"1132-1152","prism:coverDate":"2018-10-03","prism:coverDisplayDate":"3 October 2018","prism:doi":"10.1080/13510347.2018.1450388","citedby-count":"0","affiliation": [{"@_fa": "true", "affilname":"Kansas State University","affiliation-city":"Manhattan","affiliation-country":"United States"}],"prism:aggregationType":"Journal","subtype":"ar","subtypeDescription":"Article","source-id":"24034","openaccess":"0","openaccessFlag":false},{"@_fa": "true", "link": [{"@_fa": "true", "@ref": "self", "@href": "https://api.elsevier.com/content/abstract/scopus_id/85053505903"},{"@_fa": "true", "@ref": "author-affiliation", "@href": "https://api.elsevier.com/content/abstract/scopus_id/85053505903?field=author,affiliation"},{"@_fa": "true", "@ref": "scopus", "@href": "https://www.scopus.com/inward/record.uri?partnerID=HzOxMe3b&scp=85053505903&origin=inward"},{"@_fa": "true", "@ref": "scopus-citedby", "@href": "https://www.scopus.com/inward/citedby.uri?partnerID=HzOxMe3b&scp=85053505903&origin=inward"}],"prism:url":"https://api.elsevier.com/content/abstract/scopus_id/85053505903","dc:identifier":"SCOPUS_ID:85053505903","eid":"2-s2.0-85053505903","dc:title":"Making Bureaucracy Work: Patronage Networks, Performance Incentives, and Economic Development in China","dc:creator":"Jiang J.","prism:publicationName":"American Journal of Political Science","prism:issn":"00925853","prism:eIssn":"15405907","prism:volume":"62","prism:issueIdentifier":"4","prism:pageRange":"982-999","prism:coverDate":"2018-10-01","prism:coverDisplayDate":"October 2018","prism:doi":"10.1111/ajps.12394","citedby-count":"0","affiliation": [{"@_fa": "true", "affilname":"Chinese University of Hong Kong","affiliation-city":"Shatin","affiliation-country":"Hong Kong"}],"prism:aggregationType":"Journal","subtype":"ar","subtypeDescription":"Article","source-id":"15555","openaccess":"0","openaccessFlag":false},{"@_fa": "true", "link": [{"@_fa": "true", "@ref": "self", "@href": "https://api.elsevier.com/content/abstract/scopus_id/85049228887"},{"@_fa": "true", "@ref": "author-affiliation", "@href": "https://api.elsevier.com/content/abstract/scopus_id/85049228887?field=author,affiliation"},{"@_fa": "true", "@ref": "scopus", "@href": "https://www.scopus.com/inward/record.uri?partnerID=HzOxMe3b&scp=85049228887&origin=inward"},{"@_fa": "true", "@ref": "scopus-citedby", "@href": "https://www.scopus.com/inward/citedby.uri?partnerID=HzOxMe3b&scp=85049228887&origin=inward"}],"prism:url":"https://api.elsevier.com/content/abstract/scopus_id/85049228887","dc:identifier":"SCOPUS_ID:85049228887","eid":"2-s2.0-85049228887","dc:title":"The constitution of patron–client relations and patronage appointments: a study of open and limited access","dc:creator":"Corriveau L.","prism:publicationName":"Constitutional Political Economy","prism:issn":"10434062","prism:volume":"29","prism:issueIdentifier":"3","prism:pageRange":"268-280","prism:coverDate":"2018-09-01","prism:coverDisplayDate":"1 September 2018","prism:doi":"10.1007/s10602-018-9266-1","citedby-count":"0","affiliation": [{"@_fa": "true", "affilname":"Universite de Moncton","affiliation-city":"Moncton, New Brunswick,","affiliation-country":"Canada"}],"prism:aggregationType":"Journal","subtype":"ar","subtypeDescription":"Article","source-id":"24010","openaccess":"0","openaccessFlag":false},{"@_fa": "true", "link": [{"@_fa": "true", "@ref": "self", "@href": "https://api.elsevier.com/content/abstract/scopus_id/85050513248"},{"@_fa": "true", "@ref": "author-affiliation", "@href": "https://api.elsevier.com/content/abstract/scopus_id/85050513248?field=author,affiliation"},{"@_fa": "true", "@ref": "scopus", "@href": "https://www.scopus.com/inward/record.uri?partnerID=HzOxMe3b&scp=85050513248&origin=inward"},{"@_fa": "true", "@ref": "scopus-citedby", "@href": "https://www.scopus.com/inward/citedby.uri?partnerID=HzOxMe3b&scp=85050513248&origin=inward"}],"prism:url":"https://api.elsevier.com/content/abstract/scopus_id/85050513248","dc:identifier":"SCOPUS_ID:85050513248","eid":"2-s2.0-85050513248","dc:title":"Quest for Survival and Recognition: Insights into the Foreign Policy Endeavours of the Post-Soviet de facto States","dc:creator":"Berg E.","prism:publicationName":"Ethnopolitics","prism:issn":"17449057","prism:eIssn":"17449065","prism:volume":"17","prism:issueIdentifier":"4","prism:pageRange":"390-407","prism:coverDate":"2018-08-08","prism:coverDisplayDate":"8 August 2018","prism:doi":"10.1080/17449057.2018.1495359","citedby-count":"0","affiliation": [{"@_fa": "true", "affilname":"University of Tartu","affiliation-city":"Tartu","affiliation-country":"Estonia"}],"prism:aggregationType":"Journal","subtype":"ar","subtypeDescription":"Article","source-id":"5800169155","openaccess":"0","openaccessFlag":false},{"@_fa": "true", "link": [{"@_fa": "true", "@ref": "self", "@href": "https://api.elsevier.com/content/abstract/scopus_id/85051113593"},{"@_fa": "true", "@ref": "author-affiliation", "@href": "https://api.elsevier.com/content/abstract/scopus_id/85051113593?field=author,affiliation"},{"@_fa": "true", "@ref": "scopus", "@href": "https://www.scopus.com/inward/record.uri?partnerID=HzOxMe3b&scp=85051113593&origin=inward"},{"@_fa": "true", "@ref": "scopus-citedby", "@href": "https://www.scopus.com/inward/citedby.uri?partnerID=HzOxMe3b&scp=85051113593&origin=inward"}],"prism:url":"https://api.elsevier.com/content/abstract/scopus_id/85051113593","dc:identifier":"SCOPUS_ID:85051113593","eid":"2-s2.0-85051113593","dc:title":"Changing labor allocations and formation of new socioeconomic relationships under the influence of strawberry cropping among the Karen in Northern Thailand","dc:creator":"Ikuko T.","prism:publicationName":"Japanese Journal of Southeast Asian Studies","prism:issn":"05638682","prism:eIssn":"24241377","prism:volume":"56","prism:issueIdentifier":"1","prism:pageRange":"33-66","prism:coverDate":"2018-07-31","prism:coverDisplayDate":"31 July 2018","prism:doi":"10.20495/tak.56.1_33","citedby-count":"0","affiliation": [{"@_fa": "true", "affilname":"Daito Bunka University","affiliation-city":"Tokyo","affiliation-country":"Japan"}],"prism:aggregationType":"Journal","subtype":"ar","subtypeDescription":"Article","source-id":"26510","openaccess":"0","openaccessFlag":false},{"@_fa": "true", "link": [{"@_fa": "true", "@ref": "self", "@href": "https://api.elsevier.com/content/abstract/scopus_id/85023757361"},{"@_fa": "true", "@ref": "author-affiliation", "@href": "https://api.elsevier.com/content/abstract/scopus_id/85023757361?field=author,affiliation"},{"@_fa": "true", "@ref": "scopus", "@href": "https://www.scopus.com/inward/record.uri?partnerID=HzOxMe3b&scp=85023757361&origin=inward"},{"@_fa": "true", "@ref": "scopus-citedby", "@href": "https://www.scopus.com/inward/citedby.uri?partnerID=HzOxMe3b&scp=85023757361&origin=inward"}],"prism:url":"https://api.elsevier.com/content/abstract/scopus_id/85023757361","dc:identifier":"SCOPUS_ID:85023757361","eid":"2-s2.0-85023757361","dc:title":"How Pre-modern State Rulers Used Marriage to Reduce the Risk of Losing at War: A Comparison of Eight States","dc:creator":"Sabloff P.","prism:publicationName":"Journal of Archaeological Method and Theory","prism:issn":"10725369","prism:eIssn":"15737764","prism:volume":"25","prism:issueIdentifier":"2","prism:pageRange":"426-452","prism:coverDate":"2018-06-01","prism:coverDisplayDate":"1 June 2018","prism:doi":"10.1007/s10816-017-9342-2","citedby-count":"1","affiliation": [{"@_fa": "true", "affilname":"Santa Fe Institute","affiliation-city":"Santa Fe","affiliation-country":"United States"}],"prism:aggregationType":"Journal","subtype":"ar","subtypeDescription":"Article","source-id":"130059","openaccess":"0","openaccessFlag":false},{"@_fa": "true", "link": [{"@_fa": "true", "@ref": "self", "@href": "https://api.elsevier.com/content/abstract/scopus_id/85041609631"},{"@_fa": "true", "@ref": "author-affiliation", "@href": "https://api.elsevier.com/content/abstract/scopus_id/85041609631?field=author,affiliation"},{"@_fa": "true", "@ref": "scopus", "@href": "https://www.scopus.com/inward/record.uri?partnerID=HzOxMe3b&scp=85041609631&origin=inward"},{"@_fa": "true", "@ref": "scopus-citedby", "@href": "https://www.scopus.com/inward/citedby.uri?partnerID=HzOxMe3b&scp=85041609631&origin=inward"}],"prism:url":"https://api.elsevier.com/content/abstract/scopus_id/85041609631","dc:identifier":"SCOPUS_ID:85041609631","eid":"2-s2.0-85041609631","dc:title":"Involvement of street children in the political violence of Bangladesh","dc:creator":"Rahman R.","prism:publicationName":"Children's Geographies","prism:issn":"14733285","prism:eIssn":"14733277","prism:volume":"16","prism:issueIdentifier":"3","prism:pageRange":"292-303","prism:coverDate":"2018-05-04","prism:coverDisplayDate":"4 May 2018","prism:doi":"10.1080/14733285.2018.1434131","citedby-count":"1","affiliation": [{"@_fa": "true", "affilname":"Bangladesh Rural Advancement Committee","affiliation-city":"Dhaka","affiliation-country":"Bangladesh"}],"prism:aggregationType":"Journal","subtype":"ar","subtypeDescription":"Article","source-id":"19700187804","openaccess":"0","openaccessFlag":false},{"@_fa": "true", "link": [{"@_fa": "true", "@ref": "self", "@href": "https://api.elsevier.com/content/abstract/scopus_id/85046351639"},{"@_fa": "true", "@ref": "author-affiliation", "@href": "https://api.elsevier.com/content/abstract/scopus_id/85046351639?field=author,affiliation"},{"@_fa": "true", "@ref": "scopus", "@href": "https://www.scopus.com/inward/record.uri?partnerID=HzOxMe3b&scp=85046351639&origin=inward"},{"@_fa": "true", "@ref": "scopus-citedby", "@href": "https://www.scopus.com/inward/citedby.uri?partnerID=HzOxMe3b&scp=85046351639&origin=inward"}],"prism:url":"https://api.elsevier.com/content/abstract/scopus_id/85046351639","dc:identifier":"SCOPUS_ID:85046351639","eid":"2-s2.0-85046351639","dc:title":"Reckless ambition: Moscow’s policy toward the United States, 2016/17","dc:creator":"Marten K.","prism:publicationName":"International Politics","prism:issn":"13845748","prism:eIssn":"17403898","prism:pageRange":"1-19","prism:coverDate":"2018-05-02","prism:coverDisplayDate":"2 May 2018","prism:doi":"10.1057/s41311-018-0163-z","citedby-count":"0","affiliation": [{"@_fa": "true", "affilname":"Barnard College","affiliation-city":"New York","affiliation-country":"United States"}],"prism:aggregationType":"Journal","subtype":"undefined","subtypeDescription":null,"source-id":"25834","openaccess":"0","openaccessFlag":false},{"@_fa": "true", "link": [{"@_fa": "true", "@ref": "self", "@href": "https://api.elsevier.com/content/abstract/scopus_id/85049702491"},{"@_fa": "true", "@ref": "author-affiliation", "@href": "https://api.elsevier.com/content/abstract/scopus_id/85049702491?field=author,affiliation"},{"@_fa": "true", "@ref": "scopus", "@href": "https://www.scopus.com/inward/record.uri?partnerID=HzOxMe3b&scp=85049702491&origin=inward"},{"@_fa": "true", "@ref": "scopus-citedby", "@href": "https://www.scopus.com/inward/citedby.uri?partnerID=HzOxMe3b&scp=85049702491&origin=inward"}],"prism:url":"https://api.elsevier.com/content/abstract/scopus_id/85049702491","dc:identifier":"SCOPUS_ID:85049702491","eid":"2-s2.0-85049702491","dc:title":"Migration, Death, and Conspicuous Redistribution in Southeastern Nigeria","dc:creator":"Smith D.","prism:publicationName":"A Companion to the Anthropology of Death","prism:isbn": [{"@_fa": "true", "$" :"9781119222422"},{"@_fa": "true", "$" :"9781119222293"}],"prism:pageRange":"71-83","prism:coverDate":"2018-04-27","prism:coverDisplayDate":"27 April 2018","prism:doi":"10.1002/9781119222422.ch6","citedby-count":"0","affiliation": [{"@_fa": "true", "affilname":"Brown University","affiliation-city":"Providence","affiliation-country":"United States"}],"prism:aggregationType":"Book","subtype":"ch","subtypeDescription":"Chapter","source-id":"21100867569","openaccess":"0","openaccessFlag":false},{"@_fa": "true", "link": [{"@_fa": "true", "@ref": "self", "@href": "https://api.elsevier.com/content/abstract/scopus_id/85047993621"},{"@_fa": "true", "@ref": "author-affiliation", "@href": "https://api.elsevier.com/content/abstract/scopus_id/85047993621?field=author,affiliation"},{"@_fa": "true", "@ref": "scopus", "@href": "https://www.scopus.com/inward/record.uri?partnerID=HzOxMe3b&scp=85047993621&origin=inward"},{"@_fa": "true", "@ref": "scopus-citedby", "@href": "https://www.scopus.com/inward/citedby.uri?partnerID=HzOxMe3b&scp=85047993621&origin=inward"}],"prism:url":"https://api.elsevier.com/content/abstract/scopus_id/85047993621","dc:identifier":"SCOPUS_ID:85047993621","eid":"2-s2.0-85047993621","dc:title":"Conflicting Opportunities or Patronal Politics? Restrictive NGO Legislation in Russia 2012–2015","dc:creator":"Flikke G.","prism:publicationName":"Europe - Asia Studies","prism:issn":"09668136","prism:eIssn":"14653427","prism:volume":"70","prism:issueIdentifier":"4","prism:pageRange":"564-590","prism:coverDate":"2018-04-21","prism:coverDisplayDate":"21 April 2018","prism:doi":"10.1080/09668136.2018.1455806","citedby-count":"1","affiliation": [{"@_fa": "true", "affilname":"Universitetet i Oslo","affiliation-city":"Oslo","affiliation-country":"Norway"}],"prism:aggregationType":"Journal","subtype":"ar","subtypeDescription":"Article","source-id":"20727","openaccess":"0","openaccessFlag":false},{"@_fa": "true", "link": [{"@_fa": "true", "@ref": "self", "@href": "https://api.elsevier.com/content/abstract/scopus_id/85045039453"},{"@_fa": "true", "@ref": "author-affiliation", "@href": "https://api.elsevier.com/content/abstract/scopus_id/85045039453?field=author,affiliation"},{"@_fa": "true", "@ref": "scopus", "@href": "https://www.scopus.com/inward/record.uri?partnerID=HzOxMe3b&scp=85045039453&origin=inward"},{"@_fa": "true", "@ref": "scopus-citedby", "@href": "https://www.scopus.com/inward/citedby.uri?partnerID=HzOxMe3b&scp=85045039453&origin=inward"}],"prism:url":"https://api.elsevier.com/content/abstract/scopus_id/85045039453","dc:identifier":"SCOPUS_ID:85045039453","eid":"2-s2.0-85045039453","dc:title":"The good, the bad and the ugly: narrating social bonds and boundaries in contemporary Lebanon","dc:creator":"Lefort B.","prism:publicationName":"British Journal of Middle Eastern Studies","prism:issn":"13530194","prism:eIssn":"14693542","prism:pageRange":"1-18","prism:coverDate":"2018-04-06","prism:coverDisplayDate":"6 April 2018","prism:doi":"10.1080/13530194.2018.1456903","citedby-count":"0","affiliation": [{"@_fa": "true", "affilname":"Tampere Peace Research Institute","affiliation-city":"Tampere","affiliation-country":"Finland"},{"@_fa": "true", "affilname":"Institut Français du Proche-Orient (IFPO)","affiliation-city":"Beirut","affiliation-country":"Lebanon"}],"prism:aggregationType":"Journal","subtype":"undefined","subtypeDescription":null,"source-id":"25590","openaccess":"0","openaccessFlag":false},{"@_fa": "true", "link": [{"@_fa": "true", "@ref": "self", "@href": "https://api.elsevier.com/content/abstract/scopus_id/85047920456"},{"@_fa": "true", "@ref": "author-affiliation", "@href": "https://api.elsevier.com/content/abstract/scopus_id/85047920456?field=author,affiliation"},{"@_fa": "true", "@ref": "scopus", "@href": "https://www.scopus.com/inward/record.uri?partnerID=HzOxMe3b&scp=85047920456&origin=inward"},{"@_fa": "true", "@ref": "scopus-citedby", "@href": "https://www.scopus.com/inward/citedby.uri?partnerID=HzOxMe3b&scp=85047920456&origin=inward"}],"prism:url":"https://api.elsevier.com/content/abstract/scopus_id/85047920456","dc:identifier":"SCOPUS_ID:85047920456","eid":"2-s2.0-85047920456","dc:title":"State-building and patronage networks: how political parties embezzled the bureaucracy in post-war Kosovo","dc:creator":"Tadić K.","prism:publicationName":"Journal of Southeast European and Black Sea","prism:issn":"14683857","prism:eIssn":"17439639","prism:volume":"18","prism:issueIdentifier":"2","prism:pageRange":"185-202","prism:coverDate":"2018-04-03","prism:coverDisplayDate":"3 April 2018","prism:doi":"10.1080/14683857.2018.1474551","citedby-count":"8","affiliation": [{"@_fa": "true", "affilname":"European Policy Centre","affiliation-city":"Belgrade","affiliation-country":"Serbia"}],"prism:aggregationType":"Journal","subtype":"ar","subtypeDescription":"Article","source-id":"5700163885","openaccess":"0","openaccessFlag":false},{"@_fa": "true", "link": [{"@_fa": "true", "@ref": "self", "@href": "https://api.elsevier.com/content/abstract/scopus_id/85041524011"},{"@_fa": "true", "@ref": "author-affiliation", "@href": "https://api.elsevier.com/content/abstract/scopus_id/85041524011?field=author,affiliation"},{"@_fa": "true", "@ref": "scopus", "@href": "https://www.scopus.com/inward/record.uri?partnerID=HzOxMe3b&scp=85041524011&origin=inward"},{"@_fa": "true", "@ref": "scopus-citedby", "@href": "https://www.scopus.com/inward/citedby.uri?partnerID=HzOxMe3b&scp=85041524011&origin=inward"},{"@_fa": "true", "@ref": "full-text", "@href": "https://api.elsevier.com/content/article/eid/1-s2.0-S0261379417301324"}],"prism:url":"https://api.elsevier.com/content/abstract/scopus_id/85041524011","dc:identifier":"SCOPUS_ID:85041524011","eid":"2-s2.0-85041524011","dc:title":"Kinship, partisanship, and patronage in Arab elections","dc:creator":"Corstange D.","prism:publicationName":"Electoral Studies","prism:issn":"02613794","prism:volume":"52","prism:pageRange":"58-72","prism:coverDate":"2018-04-01","prism:coverDisplayDate":"April 2018","prism:doi":"10.1016/j.electstud.2018.01.006","pii":"S0261379417301324","citedby-count":"0","affiliation": [{"@_fa": "true", "affilname":"Columbia University in the City of New York","affiliation-city":"New York","affiliation-country":"United States"}],"prism:aggregationType":"Journal","subtype":"ar","subtypeDescription":"Article","source-id":"16114","openaccess":"0","openaccessFlag":false},{"@_fa": "true", "link": [{"@_fa": "true", "@ref": "self", "@href": "https://api.elsevier.com/content/abstract/scopus_id/85044246761"},{"@_fa": "true", "@ref": "author-affiliation", "@href": "https://api.elsevier.com/content/abstract/scopus_id/85044246761?field=author,affiliation"},{"@_fa": "true", "@ref": "scopus", "@href": "https://www.scopus.com/inward/record.uri?partnerID=HzOxMe3b&scp=85044246761&origin=inward"},{"@_fa": "true", "@ref": "scopus-citedby", "@href": "https://www.scopus.com/inward/citedby.uri?partnerID=HzOxMe3b&scp=85044246761&origin=inward"}],"prism:url":"https://api.elsevier.com/content/abstract/scopus_id/85044246761","dc:identifier":"SCOPUS_ID:85044246761","eid":"2-s2.0-85044246761","dc:title":"The client gets a vote: counterinsurgency warfare and the U.S. military advisory mission in South Vietnam, 1954-1965","dc:creator":"Hazelton J.","prism:publicationName":"Journal of Strategic Studies","prism:issn":"01402390","prism:eIssn":"1743937X","prism:pageRange":"1-28","prism:coverDate":"2018-03-18","prism:coverDisplayDate":"18 March 2018","prism:doi":"10.1080/01402390.2018.1428566","citedby-count":"0","affiliation": [{"@_fa": "true", "affilname":"US Naval War College","affiliation-city":"Newport","affiliation-country":"United States"}],"prism:aggregationType":"Journal","subtype":"undefined","subtypeDescription":null,"source-id":"26364","openaccess":"0","openaccessFlag":false},{"@_fa": "true", "link": [{"@_fa": "true", "@ref": "self", "@href": "https://api.elsevier.com/content/abstract/scopus_id/85044179176"},{"@_fa": "true", "@ref": "author-affiliation", "@href": "https://api.elsevier.com/content/abstract/scopus_id/85044179176?field=author,affiliation"},{"@_fa": "true", "@ref": "scopus", "@href": "https://www.scopus.com/inward/record.uri?partnerID=HzOxMe3b&scp=85044179176&origin=inward"},{"@_fa": "true", "@ref": "scopus-citedby", "@href": "https://www.scopus.com/inward/citedby.uri?partnerID=HzOxMe3b&scp=85044179176&origin=inward"}],"prism:url":"https://api.elsevier.com/content/abstract/scopus_id/85044179176","dc:identifier":"SCOPUS_ID:85044179176","eid":"2-s2.0-85044179176","dc:title":"Radical change in Zambia’s christian ecumenism","dc:creator":"Kroesbergen H.","prism:publicationName":"Journal of Southern African Studies","prism:issn":"03057070","prism:eIssn":"14653893","prism:volume":"44","prism:issueIdentifier":"2","prism:pageRange":"331-343","prism:coverDate":"2018-03-04","prism:coverDisplayDate":"4 March 2018","prism:doi":"10.1080/03057070.2018.1424469","citedby-count":"1","affiliation": [{"@_fa": "true", "affilname":"Universiteit van Pretoria","affiliation-city":"Pretoria","affiliation-country":"South Africa"},{"@_fa": "true", "affilname":"Justo Mwale Theological University College","affiliation-city":"Lusaka","affiliation-country":"Zambia"}],"prism:aggregationType":"Journal","subtype":"ar","subtypeDescription":"Article","source-id":"27696","openaccess":"0","openaccessFlag":false},{"@_fa": "true", "link": [{"@_fa": "true", "@ref": "self", "@href": "https://api.elsevier.com/content/abstract/scopus_id/85064505451"},{"@_fa": "true", "@ref": "author-affiliation", "@href": "https://api.elsevier.com/content/abstract/scopus_id/85064505451?field=author,affiliation"},{"@_fa": "true", "@ref": "scopus", "@href": "https://www.scopus.com/inward/record.uri?partnerID=HzOxMe3b&scp=85064505451&origin=inward"},{"@_fa": "true", "@ref": "scopus-citedby", "@href": "https://www.scopus.com/inward/citedby.uri?partnerID=HzOxMe3b&scp=85064505451&origin=inward"}],"prism:url":"https://api.elsevier.com/content/abstract/scopus_id/85064505451","dc:identifier":"SCOPUS_ID:85064505451","eid":"2-s2.0-85064505451","dc:title":"Patron-client relationship in microenterprise development as a cultural heritage in modern era","dc:creator":"Lukiyanto K.","prism:publicationName":"Pertanika Journal of Social Sciences and Humanities","prism:issn":"01287702","prism:eIssn":"22318534","prism:volume":"26","prism:issueIdentifier":"T","prism:pageRange":"155-162","prism:coverDate":"2018-03-01","prism:coverDisplayDate":"March 2018","citedby-count":"0","affiliation": [{"@_fa": "true", "affilname":"BINUS MALANG – Institute of Creative Technology","affiliation-city":"Malang","affiliation-country":"Indonesia"}],"prism:aggregationType":"Journal","subtype":"ar","subtypeDescription":"Article","source-id":"19600162021","openaccess":"0","openaccessFlag":false},{"@_fa": "true", "link": [{"@_fa": "true", "@ref": "self", "@href": "https://api.elsevier.com/content/abstract/scopus_id/85034108894"},{"@_fa": "true", "@ref": "author-affiliation", "@href": "https://api.elsevier.com/content/abstract/scopus_id/85034108894?field=author,affiliation"},{"@_fa": "true", "@ref": "scopus", "@href": "https://www.scopus.com/inward/record.uri?partnerID=HzOxMe3b&scp=85034108894&origin=inward"},{"@_fa": "true", "@ref": "scopus-citedby", "@href": "https://www.scopus.com/inward/citedby.uri?partnerID=HzOxMe3b&scp=85034108894&origin=inward"},{"@_fa": "true", "@ref": "full-text", "@href": "https://api.elsevier.com/content/article/eid/1-s2.0-S0305750X15307166"}],"prism:url":"https://api.elsevier.com/content/abstract/scopus_id/85034108894","dc:identifier":"SCOPUS_ID:85034108894","eid":"2-s2.0-85034108894","dc:title":"Local Institutional Responses to Global Market Pressures: The Sea Cucumber Trade in Yucatán, Mexico","dc:creator":"Bennett A.","prism:publicationName":"World Development","prism:issn":"0305750X","prism:eIssn":"18735991","prism:volume":"102","prism:pageRange":"57-70","prism:coverDate":"2018-02-01","prism:coverDisplayDate":"February 2018","prism:doi":"10.1016/j.worlddev.2017.09.006","pii":"S0305750X15307166","citedby-count":"6","affiliation": [{"@_fa": "true", "affilname":"Duke University","affiliation-city":"Durham","affiliation-country":"United States"}],"prism:aggregationType":"Journal","subtype":"ar","subtypeDescription":"Article","source-id":"30060","openaccess":"0","openaccessFlag":false},{"@_fa": "true", "link": [{"@_fa": "true", "@ref": "self", "@href": "https://api.elsevier.com/content/abstract/scopus_id/85041503069"},{"@_fa": "true", "@ref": "author-affiliation", "@href": "https://api.elsevier.com/content/abstract/scopus_id/85041503069?field=author,affiliation"},{"@_fa": "true", "@ref": "scopus", "@href": "https://www.scopus.com/inward/record.uri?partnerID=HzOxMe3b&scp=85041503069&origin=inward"},{"@_fa": "true", "@ref": "scopus-citedby", "@href": "https://www.scopus.com/inward/citedby.uri?partnerID=HzOxMe3b&scp=85041503069&origin=inward"}],"prism:url":"https://api.elsevier.com/content/abstract/scopus_id/85041503069","dc:identifier":"SCOPUS_ID:85041503069","eid":"2-s2.0-85041503069","dc:title":"Rising powers and security: A false dawn of the pro-south world order?","dc:creator":"Ghimire S.","prism:publicationName":"Global Change, Peace and Security","prism:issn":"14781158","prism:eIssn":"14781166","prism:volume":"30","prism:issueIdentifier":"1","prism:pageRange":"37-55","prism:coverDate":"2018-01-02","prism:coverDisplayDate":"2 January 2018","prism:doi":"10.1080/14781158.2018.1431878","citedby-count":"0","affiliation": [{"@_fa": "true", "affilname":"University of New England Australia","affiliation-city":"Armidale","affiliation-country":"Australia"}],"prism:aggregationType":"Journal","subtype":"ar","subtypeDescription":"Article","source-id":"5700165092","openaccess":"0","openaccessFlag":false}]}}