{"search-results":{"opensearch:totalResults":"12","opensearch:startIndex":"0","opensearch:itemsPerPage":"12","opensearch:Query":{"@role": "request", "@searchTerms": "TITLE-ABS-KEY(\"patron-client\") AND SUBJAREA(SOCI) AND PUBYEAR = 2019", "@startPage": "0"},"link": [{"@_fa": "true", "@ref": "self", "@href": "https://api.elsevier.com/content/search/scopus?start=0&count=25&query=TITLE-ABS-KEY%28%22patron-client%22%29+AND+SUBJAREA%28SOCI%29+AND+PUBYEAR+%3D+2019&apiKey=27d953b4b546791964ebeb768d13e61f&view=STANDARD", "@type": "application/json"},{"@_fa": "true", "@ref": "first", "@href": "https://api.elsevier.com/content/search/scopus?start=0&count=25&query=TITLE-ABS-KEY%28%22patron-client%22%29+AND+SUBJAREA%28SOCI%29+AND+PUBYEAR+%3D+2019&apiKey=27d953b4b546791964ebeb768d13e61f&view=STANDARD", "@type": "application/json"}],"entry": [{"@_fa": "true", "link": [{"@_fa": "true", "@ref": "self", "@href": "https://api.elsevier.com/content/abstract/scopus_id/85065733765"},{"@_fa": "true", "@ref": "author-affiliation", "@href": "https://api.elsevier.com/content/abstract/scopus_id/85065733765?field=author,affiliation"},{"@_fa": "true", "@ref": "scopus", "@href": "https://www.scopus.com/inward/record.uri?partnerID=HzOxMe3b&scp=85065733765&origin=inward"},{"@_fa": "true", "@ref": "scopus-citedby", "@href": "https://www.scopus.com/inward/citedby.uri?partnerID=HzOxMe3b&scp=85065733765&origin=inward"}],"prism:url":"https://api.elsevier.com/content/abstract/scopus_id/85065733765","dc:identifier":"SCOPUS_ID:85065733765","eid":"2-s2.0-85065733765","dc:title":"Wandering women: The work of Congolese transnational traders","dc:creator":"Braun L.","prism:publicationName":"Africa","prism:issn":"00019720","prism:eIssn":"17500184","prism:volume":"89","prism:issueIdentifier":"2","prism:pageRange":"378-397","prism:coverDate":"2019-05-01","prism:coverDisplayDate":"1 May 2019","prism:doi":"10.1017/S0001972019000135","pii":"S0001972019000135","citedby-count":"0","affiliation": [{"@_fa": "true", "affilname":"Universitat Basel","affiliation-city":"Basel","affiliation-country":"Switzerland"}],"prism:aggregationType":"Journal","subtype":"ar","subtypeDescription":"Article","source-id":"18463","openaccess":"0","openaccessFlag":false},{"@_fa": "true", "link": [{"@_fa": "true", "@ref": "self", "@href": "https://api.elsevier.com/content/abstract/scopus_id/85061076750"},{"@_fa": "true", "@ref": "author-affiliation", "@href": "https://api.elsevier.com/content/abstract/scopus_id/85061076750?field=author,affiliation"},{"@_fa": "true", "@ref": "scopus", "@href": "https://www.scopus.com/inward/record.uri?partnerID=HzOxMe3b&scp=85061076750&origin=inward"},{"@_fa": "true", "@ref": "scopus-citedby", "@href": "https://www.scopus.com/inward/citedby.uri?partnerID=HzOxMe3b&scp=85061076750&origin=inward"},{"@_fa": "true", "@ref": "full-text", "@href": "https://api.elsevier.com/content/article/eid/1-s2.0-S0305750X19300178"}],"prism:url":"https://api.elsevier.com/content/abstract/scopus_id/85061076750","dc:identifier":"SCOPUS_ID:85061076750","eid":"2-s2.0-85061076750","dc:title":"Post-clientelistic initiatives in a patronage democracy: The distributive politics of India's MGNREGA","dc:creator":"Das U.","prism:publicationName":"World Development","prism:issn":"0305750X","prism:eIssn":"18735991","prism:volume":"117","prism:pageRange":"239-252","prism:coverDate":"2019-05-01","prism:coverDisplayDate":"May 2019","prism:doi":"10.1016/j.worlddev.2019.01.011","pii":"S0305750X19300178","citedby-count":"0","affiliation": [{"@_fa": "true", "affilname":"University of Pennsylvania","affiliation-city":"Philadelphia","affiliation-country":"United States"}],"prism:aggregationType":"Journal","subtype":"ar","subtypeDescription":"Article","source-id":"30060","openaccess":"0","openaccessFlag":false},{"@_fa": "true", "link": [{"@_fa": "true", "@ref": "self", "@href": "https://api.elsevier.com/content/abstract/scopus_id/85044092840"},{"@_fa": "true", "@ref": "author-affiliation", "@href": "https://api.elsevier.com/content/abstract/scopus_id/85044092840?field=author,affiliation"},{"@_fa": "true", "@ref": "scopus", "@href": "https://www.scopus.com/inward/record.uri?partnerID=HzOxMe3b&scp=85044092840&origin=inward"},{"@_fa": "true", "@ref": "scopus-citedby", "@href": "https://www.scopus.com/inward/citedby.uri?partnerID=HzOxMe3b&scp=85044092840&origin=inward"}],"prism:url":"https://api.elsevier.com/content/abstract/scopus_id/85044092840","dc:identifier":"SCOPUS_ID:85044092840","eid":"2-s2.0-85044092840","dc:title":"Petrographic and XRF analyses of andesitic cut stone blocks at Teotihuacan, Mexico: implications for the organization of urban construction","dc:creator":"Murakami T.","prism:publicationName":"Archaeological and Anthropological Sciences","prism:issn":"18669557","prism:eIssn":"18669565","prism:volume":"11","prism:issueIdentifier":"4","prism:pageRange":"1491-1518","prism:coverDate":"2019-04-05","prism:coverDisplayDate":"5 April 2019","prism:doi":"10.1007/s12520-018-0619-5","citedby-count":"0","affiliation": [{"@_fa": "true", "affilname":"Tulane University","affiliation-city":"New Orleans","affiliation-country":"United States"}],"prism:aggregationType":"Journal","subtype":"ar","subtypeDescription":"Article","source-id":"19500157002","openaccess":"0","openaccessFlag":false},{"@_fa": "true", "link": [{"@_fa": "true", "@ref": "self", "@href": "https://api.elsevier.com/content/abstract/scopus_id/85064605103"},{"@_fa": "true", "@ref": "author-affiliation", "@href": "https://api.elsevier.com/content/abstract/scopus_id/85064605103?field=author,affiliation"},{"@_fa": "true", "@ref": "scopus", "@href": "https://www.scopus.com/inward/record.uri?partnerID=HzOxMe3b&scp=85064605103&origin=inward"},{"@_fa": "true", "@ref": "scopus-citedby", "@href": "https://www.scopus.com/inward/citedby.uri?partnerID=HzOxMe3b&scp=85064605103&origin=inward"}],"prism:url":"https://api.elsevier.com/content/abstract/scopus_id/85064605103","dc:identifier":"SCOPUS_ID:85064605103","eid":"2-s2.0-85064605103","dc:title":"Precolonial citizenship in South Sulawesi","dc:creator":"Henley D.","prism:publicationName":"Citizenship Studies","prism:issn":"13621025","prism:eIssn":"14693593","prism:volume":"23","prism:issueIdentifier":"3","prism:pageRange":"240-255","prism:coverDate":"2019-04-03","prism:coverDisplayDate":"3 April 2019","prism:doi":"10.1080/13621025.2019.1603271","citedby-count":"0","affiliation": [{"@_fa": "true", "affilname":"Leiden University","affiliation-city":"Leiden","affiliation-country":"Netherlands"}],"prism:aggregationType":"Journal","subtype":"ar","subtypeDescription":"Article","source-id":"16886","openaccess":"1","openaccessFlag":true},{"@_fa": "true", "link": [{"@_fa": "true", "@ref": "self", "@href": "https://api.elsevier.com/content/abstract/scopus_id/85053664046"},{"@_fa": "true", "@ref": "author-affiliation", "@href": "https://api.elsevier.com/content/abstract/scopus_id/85053664046?field=author,affiliation"},{"@_fa": "true", "@ref": "scopus", "@href": "https://www.scopus.com/inward/record.uri?partnerID=HzOxMe3b&scp=85053664046&origin=inward"},{"@_fa": "true", "@ref": "scopus-citedby", "@href": "https://www.scopus.com/inward/citedby.uri?partnerID=HzOxMe3b&scp=85053664046&origin=inward"}],"prism:url":"https://api.elsevier.com/content/abstract/scopus_id/85053664046","dc:identifier":"SCOPUS_ID:85053664046","eid":"2-s2.0-85053664046","dc:title":"Charities as symbolic families: ethnographic evidence from Spain","dc:creator":"Grau Rebollo J.","prism:publicationName":"Journal of Organizational Ethnography","prism:issn":"20466749","prism:eIssn":"20466757","prism:volume":"8","prism:issueIdentifier":"1","prism:pageRange":"25-41","prism:coverDate":"2019-04-01","prism:coverDisplayDate":"1 April 2019","prism:doi":"10.1108/JOE-03-2018-0012","citedby-count":"0","affiliation": [{"@_fa": "true", "affilname":"Universitat Autònoma de Barcelona","affiliation-city":"Barcelona","affiliation-country":"Spain"}],"prism:aggregationType":"Journal","subtype":"ar","subtypeDescription":"Article","source-id":"21100446528","openaccess":"0","openaccessFlag":false},{"@_fa": "true", "link": [{"@_fa": "true", "@ref": "self", "@href": "https://api.elsevier.com/content/abstract/scopus_id/85063337843"},{"@_fa": "true", "@ref": "author-affiliation", "@href": "https://api.elsevier.com/content/abstract/scopus_id/85063337843?field=author,affiliation"},{"@_fa": "true", "@ref": "scopus", "@href": "https://www.scopus.com/inward/record.uri?partnerID=HzOxMe3b&scp=85063337843&origin=inward"},{"@_fa": "true", "@ref": "scopus-citedby", "@href": "https://www.scopus.com/inward/citedby.uri?partnerID=HzOxMe3b&scp=85063337843&origin=inward"}],"prism:url":"https://api.elsevier.com/content/abstract/scopus_id/85063337843","dc:identifier":"SCOPUS_ID:85063337843","eid":"2-s2.0-85063337843","dc:title":"\"me and the NGO Staff, We Live Like Azungu\": Malawian moral economies of development","dc:creator":"McNamara T.","prism:publicationName":"Human Organization","prism:issn":"00187259","prism:volume":"78","prism:issueIdentifier":"1","prism:pageRange":"43-53","prism:coverDate":"2019-03-01","prism:coverDisplayDate":"March 2019","prism:doi":"10.17730/0018-7259.78.1.43","citedby-count":"0","affiliation": [{"@_fa": "true", "affilname":"Universite de Liege","affiliation-city":"Liege","affiliation-country":"Belgium"}],"prism:aggregationType":"Journal","subtype":"ar","subtypeDescription":"Article","source-id":"36664","openaccess":"0","openaccessFlag":false},{"@_fa": "true", "link": [{"@_fa": "true", "@ref": "self", "@href": "https://api.elsevier.com/content/abstract/scopus_id/85058998403"},{"@_fa": "true", "@ref": "author-affiliation", "@href": "https://api.elsevier.com/content/abstract/scopus_id/85058998403?field=author,affiliation"},{"@_fa": "true", "@ref": "scopus", "@href": "https://www.scopus.com/inward/record.uri?partnerID=HzOxMe3b&scp=85058998403&origin=inward"},{"@_fa": "true", "@ref": "scopus-citedby", "@href": "https://www.scopus.com/inward/citedby.uri?partnerID=HzOxMe3b&scp=85058998403&origin=inward"}],"prism:url":"https://api.elsevier.com/content/abstract/scopus_id/85058998403","dc:identifier":"SCOPUS_ID:85058998403","eid":"2-s2.0-85058998403","dc:title":"‘We sit and wait’: Migration, mobility and temporality in Guliston, southern Tajikistan","dc:creator":"Ibañez Tirado D.","prism:publicationName":"Current Sociology","prism:issn":"00113921","prism:eIssn":"14617064","prism:volume":"67","prism:issueIdentifier":"2","prism:pageRange":"315-333","prism:coverDate":"2019-03-01","prism:coverDisplayDate":"1 March 2019","prism:doi":"10.1177/0011392118792923","citedby-count":"0","affiliation": [{"@_fa": "true", "affilname":"University of Sussex","affiliation-city":"Sussex","affiliation-country":"United Kingdom"}],"prism:aggregationType":"Journal","subtype":"ar","subtypeDescription":"Article","source-id":"100147030","openaccess":"0","openaccessFlag":false},{"@_fa": "true", "link": [{"@_fa": "true", "@ref": "self", "@href": "https://api.elsevier.com/content/abstract/scopus_id/85056170642"},{"@_fa": "true", "@ref": "author-affiliation", "@href": "https://api.elsevier.com/content/abstract/scopus_id/85056170642?field=author,affiliation"},{"@_fa": "true", "@ref": "scopus", "@href": "https://www.scopus.com/inward/record.uri?partnerID=HzOxMe3b&scp=85056170642&origin=inward"},{"@_fa": "true", "@ref": "scopus-citedby", "@href": "https://www.scopus.com/inward/citedby.uri?partnerID=HzOxMe3b&scp=85056170642&origin=inward"}],"prism:url":"https://api.elsevier.com/content/abstract/scopus_id/85056170642","dc:identifier":"SCOPUS_ID:85056170642","eid":"2-s2.0-85056170642","dc:title":"Foreign Rebel Sponsorship: A Patron–Client Analysis of Party Viability in Elections Following Negotiated Settlements","dc:creator":"Marshall M.","prism:publicationName":"Journal of Conflict Resolution","prism:issn":"00220027","prism:eIssn":"15528766","prism:volume":"63","prism:issueIdentifier":"2","prism:pageRange":"555-584","prism:coverDate":"2019-02-01","prism:coverDisplayDate":"1 February 2019","prism:doi":"10.1177/0022002717744862","citedby-count":"1","affiliation": [{"@_fa": "true", "affilname":"Miami University","affiliation-city":"Oxford","affiliation-country":"United States"}],"prism:aggregationType":"Journal","subtype":"ar","subtypeDescription":"Article","source-id":"27663","openaccess":"0","openaccessFlag":false},{"@_fa": "true", "link": [{"@_fa": "true", "@ref": "self", "@href": "https://api.elsevier.com/content/abstract/scopus_id/85063135891"},{"@_fa": "true", "@ref": "author-affiliation", "@href": "https://api.elsevier.com/content/abstract/scopus_id/85063135891?field=author,affiliation"},{"@_fa": "true", "@ref": "scopus", "@href": "https://www.scopus.com/inward/record.uri?partnerID=HzOxMe3b&scp=85063135891&origin=inward"},{"@_fa": "true", "@ref": "scopus-citedby", "@href": "https://www.scopus.com/inward/citedby.uri?partnerID=HzOxMe3b&scp=85063135891&origin=inward"}],"prism:url":"https://api.elsevier.com/content/abstract/scopus_id/85063135891","dc:identifier":"SCOPUS_ID:85063135891","eid":"2-s2.0-85063135891","dc:title":"How Smallness Fosters Clientelism: A Case Study of Malta","dc:creator":"Veenendaal W.","prism:publicationName":"Political Studies","prism:issn":"00323217","prism:eIssn":"14679248","prism:pageRange":null,"prism:coverDate":"2019-01-01","prism:coverDisplayDate":"2019","prism:doi":"10.1177/0032321719828275","citedby-count":"1","affiliation": [{"@_fa": "true", "affilname":"Leiden University","affiliation-city":"Leiden","affiliation-country":"Netherlands"}],"prism:aggregationType":"Journal","subtype":"ar","subtypeDescription":"Article","source-id":"22890","openaccess":"1","openaccessFlag":true},{"@_fa": "true", "link": [{"@_fa": "true", "@ref": "self", "@href": "https://api.elsevier.com/content/abstract/scopus_id/85063140342"},{"@_fa": "true", "@ref": "author-affiliation", "@href": "https://api.elsevier.com/content/abstract/scopus_id/85063140342?field=author,affiliation"},{"@_fa": "true", "@ref": "scopus", "@href": "https://www.scopus.com/inward/record.uri?partnerID=HzOxMe3b&scp=85063140342&origin=inward"},{"@_fa": "true", "@ref": "scopus-citedby", "@href": "https://www.scopus.com/inward/citedby.uri?partnerID=HzOxMe3b&scp=85063140342&origin=inward"}],"prism:url":"https://api.elsevier.com/content/abstract/scopus_id/85063140342","dc:identifier":"SCOPUS_ID:85063140342","eid":"2-s2.0-85063140342","dc:title":"Theorising indirect coercion: The logic of triangular strategies","dc:creator":"Smetana M.","prism:publicationName":"International Relations","prism:issn":"00471178","prism:eIssn":"17412862","prism:pageRange":null,"prism:coverDate":"2019-01-01","prism:coverDisplayDate":"2019","prism:doi":"10.1177/0047117819836691","citedby-count":"0","affiliation": [{"@_fa": "true", "affilname":"Charles University","affiliation-city":"Prague Praha","affiliation-country":"Czech Republic"}],"prism:aggregationType":"Journal","subtype":"ar","subtypeDescription":"Article","source-id":"5700164218","openaccess":"0","openaccessFlag":false},{"@_fa": "true", "link": [{"@_fa": "true", "@ref": "self", "@href": "https://api.elsevier.com/content/abstract/scopus_id/85062446904"},{"@_fa": "true", "@ref": "author-affiliation", "@href": "https://api.elsevier.com/content/abstract/scopus_id/85062446904?field=author,affiliation"},{"@_fa": "true", "@ref": "scopus", "@href": "https://www.scopus.com/inward/record.uri?partnerID=HzOxMe3b&scp=85062446904&origin=inward"},{"@_fa": "true", "@ref": "scopus-citedby", "@href": "https://www.scopus.com/inward/citedby.uri?partnerID=HzOxMe3b&scp=85062446904&origin=inward"}],"prism:url":"https://api.elsevier.com/content/abstract/scopus_id/85062446904","dc:identifier":"SCOPUS_ID:85062446904","eid":"2-s2.0-85062446904","dc:title":"Political Informality: Deals, Trust Networks, and the Negotiation of Value in the Urban Realm","dc:creator":"Goodfellow T.","prism:publicationName":"Journal of Development Studies","prism:issn":"00220388","prism:eIssn":"17439140","prism:pageRange":null,"prism:coverDate":"2019-01-01","prism:coverDisplayDate":"2019","prism:doi":"10.1080/00220388.2019.1577385","citedby-count":"1","affiliation": [{"@_fa": "true", "affilname":"University of Sheffield","affiliation-city":"Sheffield","affiliation-country":"United Kingdom"}],"prism:aggregationType":"Journal","subtype":"ar","subtypeDescription":"Article","source-id":"14849","openaccess":"1","openaccessFlag":true},{"@_fa": "true", "link": [{"@_fa": "true", "@ref": "self", "@href": "https://api.elsevier.com/content/abstract/scopus_id/85063200743"},{"@_fa": "true", "@ref": "author-affiliation", "@href": "https://api.elsevier.com/content/abstract/scopus_id/85063200743?field=author,affiliation"},{"@_fa": "true", "@ref": "scopus", "@href": "https://www.scopus.com/inward/record.uri?partnerID=HzOxMe3b&scp=85063200743&origin=inward"},{"@_fa": "true", "@ref": "scopus-citedby", "@href": "https://www.scopus.com/inward/citedby.uri?partnerID=HzOxMe3b&scp=85063200743&origin=inward"}],"prism:url":"https://api.elsevier.com/content/abstract/scopus_id/85063200743","dc:identifier":"SCOPUS_ID:85063200743","eid":"2-s2.0-85063200743","dc:title":"The Political Agency of Royal Women: A Comparative Analysis of Eight Premodern States According to Societal Rules and Roles","dc:creator":"Sabloff P.","prism:publicationName":"Journal of Archaeological Research","prism:issn":"10590161","prism:pageRange":null,"prism:coverDate":"2019-01-01","prism:coverDisplayDate":"2019","prism:doi":"10.1007/s10814-019-09131-y","citedby-count":"0","affiliation": [{"@_fa": "true", "affilname":"Santa Fe Institute","affiliation-city":"Santa Fe","affiliation-country":"United States"}],"prism:aggregationType":"Journal","subtype":"ar","subtypeDescription":"Article","source-id":"83061","openaccess":"0","openaccessFlag":false}]}}