{"search-results":{"opensearch:totalResults":"1","opensearch:startIndex":"0","opensearch:itemsPerPage":"1","opensearch:Query":{"@role": "request", "@searchTerms": "TITLE-ABS-KEY(\"Neo-traditionalism\") AND SUBJAREA(SOCI) AND PUBYEAR = 1991", "@startPage": "0"},"link": [{"@_fa": "true", "@ref": "self", "@href": "https://api.elsevier.com/content/search/scopus?start=0&count=25&query=TITLE-ABS-KEY%28%22Neo-traditionalism%22%29+AND+SUBJAREA%28SOCI%29+AND+PUBYEAR+%3D+1991&apiKey=27d953b4b546791964ebeb768d13e61f&view=COMPLETE", "@type": "application/json"},{"@_fa": "true", "@ref": "first", "@href": "https://api.elsevier.com/content/search/scopus?start=0&count=25&query=TITLE-ABS-KEY%28%22Neo-traditionalism%22%29+AND+SUBJAREA%28SOCI%29+AND+PUBYEAR+%3D+1991&apiKey=27d953b4b546791964ebeb768d13e61f&view=COMPLETE", "@type": "application/json"}],"entry": [{"@_fa": "true", "link": [{"@_fa": "true", "@ref": "self", "@href": "https://api.elsevier.com/content/abstract/scopus_id/84974313045"},{"@_fa": "true", "@ref": "author-affiliation", "@href": "https://api.elsevier.com/content/abstract/scopus_id/84974313045?field=author,affiliation"},{"@_fa": "true", "@ref": "scopus", "@href": "https://www.scopus.com/inward/record.uri?partnerID=HzOxMe3b&scp=84974313045&origin=inward"},{"@_fa": "true", "@ref": "scopus-citedby", "@href": "https://www.scopus.com/inward/citedby.uri?partnerID=HzOxMe3b&scp=84974313045&origin=inward"}],"prism:url":"https://api.elsevier.com/content/abstract/scopus_id/84974313045","dc:identifier":"SCOPUS_ID:84974313045","eid":"2-s2.0-84974313045","dc:title":"An Exchange of Views about Basic Chinese Social Organization Review Essay: Transfigured Community: Neo-Traditionalism and Work Unit Socialism in China","dc:creator":"Womack B.","prism:publicationName":"The China Quarterly","prism:issn":"03057410","prism:eIssn":"14682648","prism:volume":"126","prism:pageRange":"313-332","prism:coverDate":"1991-01-01","prism:coverDisplayDate":"June 1991","prism:doi":"10.1017/S0305741000005221","citedby-count":"30","prism:aggregationType":"Journal","subtype":"ar","subtypeDescription":"Article","author-count":{"@limit": "100", "@total": "1", "$" :"1"},"author": [{"@_fa": "true", "@seq": "1", "author-url":"https://api.elsevier.com/content/author/author_id/57189680832","authid":"57189680832","authname":"Womack B.","surname":"Womack","given-name":"Brant","initials":"B."}],"source-id":"23465","fund-no":"undefined","openaccess":"0","openaccessFlag":false}]}}