{"search-results":{"opensearch:totalResults":"3","opensearch:startIndex":"0","opensearch:itemsPerPage":"3","opensearch:Query":{"@role": "request", "@searchTerms": "TITLE-ABS-KEY(\"Neo-traditionalism\") AND SUBJAREA(SOCI) AND PUBYEAR = 2007", "@startPage": "0"},"link": [{"@_fa": "true", "@ref": "self", "@href": "https://api.elsevier.com/content/search/scopus?start=0&count=25&query=TITLE-ABS-KEY%28%22Neo-traditionalism%22%29+AND+SUBJAREA%28SOCI%29+AND+PUBYEAR+%3D+2007&apiKey=27d953b4b546791964ebeb768d13e61f&view=COMPLETE", "@type": "application/json"},{"@_fa": "true", "@ref": "first", "@href": "https://api.elsevier.com/content/search/scopus?start=0&count=25&query=TITLE-ABS-KEY%28%22Neo-traditionalism%22%29+AND+SUBJAREA%28SOCI%29+AND+PUBYEAR+%3D+2007&apiKey=27d953b4b546791964ebeb768d13e61f&view=COMPLETE", "@type": "application/json"}],"entry": [{"@_fa": "true", "link": [{"@_fa": "true", "@ref": "self", "@href": "https://api.elsevier.com/content/abstract/scopus_id/84895674065"},{"@_fa": "true", "@ref": "author-affiliation", "@href": "https://api.elsevier.com/content/abstract/scopus_id/84895674065?field=author,affiliation"},{"@_fa": "true", "@ref": "scopus", "@href": "https://www.scopus.com/inward/record.uri?partnerID=HzOxMe3b&scp=84895674065&origin=inward"},{"@_fa": "true", "@ref": "scopus-citedby", "@href": "https://www.scopus.com/inward/citedby.uri?partnerID=HzOxMe3b&scp=84895674065&origin=inward"}],"prism:url":"https://api.elsevier.com/content/abstract/scopus_id/84895674065","dc:identifier":"SCOPUS_ID:84895674065","eid":"2-s2.0-84895674065","dc:title":"Living gender after communism","dc:creator":"Johnson J.","prism:publicationName":"Living Gender after Communism","prism:isbn": [{"@_fa": "true", "$" :"0253348129"},{"@_fa": "true", "$" :"9780253348128"}],"prism:pageRange":"1-263","prism:coverDate":"2007-12-01","prism:coverDisplayDate":"2007","dc:description":"How has the collapse of communism across Europe and Eurasia changed gender? In addition to acknowledging the huge costs that fell heavily on women, Living Gender after Communism suggests that moving away from communism in Europe and Eurasia has provided an opportunity for gender to multiply, from varieties of neo-traditionalism to feminisms, from overt negotiation of femininity to denials of gender. This development, in turn, has enabled some women in the region to construct their own gendered identities for their own political, economic, or social purposes. Beginning with an understanding of gender as both a society-wide institution that regulates people's lives and a cultural \"toolkit\" which individuals and groups may use to subvert or \"transvalue\" the sex/gender system, the contributors to this volume provide detailed case studies from Belarus, Bosnia, the Czech Republic, Poland, Romania, Russia, and Ukraine. This collaboration between young scholars - most from postcommunist states - and experts in the fields of gender studies and postcommunism combines intimate knowledge of the area with sophisticated gender analysis to examine just how much gender realities have shifted in the region. Contributors are Anna Brzozowska, Karen Dawisha, Nanette Funk, Ewa Grigar, Azra Hromadzic, Janet Elise Johnson, Anne-Marie Kramer, Tania Rands Lyon, Jean C. Robinson, Iulia Shevchenko, Svitlana Taraban, and Shannon Woodcock. © 2007 by Indiana University Press. All rights reserved.","citedby-count":"31","affiliation": [{"@_fa": "true", "affiliation-url":"https://api.elsevier.com/content/affiliation/affiliation_id/60023814","afid":"60023814","affilname":"Brooklyn College","affiliation-city":"New York","affiliation-country":"United States"},{"@_fa": "true", "affiliation-url":"https://api.elsevier.com/content/affiliation/affiliation_id/60021121","afid":"60021121","affilname":"Indiana University","affiliation-city":"Bloomington","affiliation-country":"United States"}],"prism:aggregationType":"Book","subtype":"bk","subtypeDescription":"Book","author-count":{"@limit": "100", "@total": "2", "$" :"2"},"author": [{"@_fa": "true", "@seq": "1", "author-url":"https://api.elsevier.com/content/author/author_id/55494693500","authid":"55494693500","authname":"Johnson J.","surname":"Johnson","given-name":"Janet Elise","initials":"J.E.","afid": [{"@_fa": "true", "$" :"60023814"}]},{"@_fa": "true", "@seq": "2", "author-url":"https://api.elsevier.com/content/author/author_id/56059486200","authid":"56059486200","authname":"Robinson J.","surname":"Robinson","given-name":"Jean C.","initials":"J.C.","afid": [{"@_fa": "true", "$" :"60021121"}]}],"source-id":"21100291970","fund-no":"undefined","openaccess":"0","openaccessFlag":false},{"@_fa": "true", "link": [{"@_fa": "true", "@ref": "self", "@href": "https://api.elsevier.com/content/abstract/scopus_id/34548791774"},{"@_fa": "true", "@ref": "author-affiliation", "@href": "https://api.elsevier.com/content/abstract/scopus_id/34548791774?field=author,affiliation"},{"@_fa": "true", "@ref": "scopus", "@href": "https://www.scopus.com/inward/record.uri?partnerID=HzOxMe3b&scp=34548791774&origin=inward"},{"@_fa": "true", "@ref": "scopus-citedby", "@href": "https://www.scopus.com/inward/citedby.uri?partnerID=HzOxMe3b&scp=34548791774&origin=inward"}],"prism:url":"https://api.elsevier.com/content/abstract/scopus_id/34548791774","dc:identifier":"SCOPUS_ID:34548791774","eid":"2-s2.0-34548791774","dc:title":"Domestic violence politics in Post-Soviet States","dc:creator":"Johnson J.","prism:publicationName":"Social Politics","prism:issn":"10724745","prism:eIssn":"14682893","prism:volume":"14","prism:issueIdentifier":"3","prism:pageRange":"380-405","prism:coverDate":"2007-08-01","prism:coverDisplayDate":"August 2007","prism:doi":"10.1093/sp/jxm015","dc:description":"This article, drawing upon three approaches from comparative political science, compares domestic violence politics in Russia with Ukraine, Moldova, and Armenia. It suggests that foreign assistance, not without unintended consequences, holds the best promise for initiating reform. It also shows that there is nothing particular about Russian culture that limits reform, especially, as activists can manipulate gender neo-traditionalism. Finally, the study suggests that institutionalized political channels for considering women's issues can facilitate feminist policy-making when pushed by an autonomous women's movement. In conclusion, the article suggests that studying gender politics in non-Western contexts requires integrating comparative with international theories.","citedby-count":"26","prism:aggregationType":"Journal","subtype":"ar","subtypeDescription":"Article","author-count":{"@limit": "100", "@total": "1", "$" :"1"},"author": [{"@_fa": "true", "@seq": "1", "author-url":"https://api.elsevier.com/content/author/author_id/55494693500","authid":"55494693500","authname":"Johnson J.","surname":"Johnson","given-name":"Janet Elise","initials":"J.E."}],"source-id":"24274","fund-no":"undefined","openaccess":"0","openaccessFlag":false},{"@_fa": "true", "link": [{"@_fa": "true", "@ref": "self", "@href": "https://api.elsevier.com/content/abstract/scopus_id/33847373320"},{"@_fa": "true", "@ref": "author-affiliation", "@href": "https://api.elsevier.com/content/abstract/scopus_id/33847373320?field=author,affiliation"},{"@_fa": "true", "@ref": "scopus", "@href": "https://www.scopus.com/inward/record.uri?partnerID=HzOxMe3b&scp=33847373320&origin=inward"},{"@_fa": "true", "@ref": "scopus-citedby", "@href": "https://www.scopus.com/inward/citedby.uri?partnerID=HzOxMe3b&scp=33847373320&origin=inward"}],"prism:url":"https://api.elsevier.com/content/abstract/scopus_id/33847373320","dc:identifier":"SCOPUS_ID:33847373320","eid":"2-s2.0-33847373320","dc:title":"All roads lead to and from Iraq: The Long War and the transformatin of the nation-state system","dc:creator":"Borer D.","prism:publicationName":"Third World Quarterly","prism:issn":"01436597","prism:eIssn":"13602241","prism:volume":"28","prism:issueIdentifier":"2","prism:pageRange":"457-463","prism:coverDate":"2007-03-01","prism:coverDisplayDate":"March 2007","prism:doi":"10.1080/01436590601154000","pii":"771176629","dc:description":"This concluding article returns to some of the key themes of this volume in relation to insurgency, counter-insurgency and collapsing states. In particular it attempts to characterise the relationship between the Long War and the Cold War, in relation to the transformation of the nation-state system. More broadly it emphasises that the Cold War was an often misdirected, militarised struggle between 'genuinely existing' liberal capitalism and 'genuinely existing' state socialism (the First World and the Second World) against each other and for influence and power in the erstwhile Third World. The Long War, meanwhile, reflects both the triumph of 'genuinely existing' liberal capitalism as the dominant form of secular modernity over an equally, if not more virulently secular 'genuinely existing' state-socialism, and the emergence of an anti-secular neo-traditionalism (often, but not exclusively, Islamic) at both the nation-state and the transnational level. At the same time the binary that drove the Cold War and led to considerable bloodshed, was often characterised by contradictions within the two main ostensible challengers which were as potent as those between them. This is also the case in relation to Islamic revivalisms and their neo-traditional challenges to secular modernity and 'genuinely existing' liberal capitalism. (In fact, it is worth noting, that although Islamic fundamentalisms are at the forefront of the neo-traditional revival, there are other religious-based neo-traditionalisms seeking to counter the global spread of 'genuinely existing' liberal capitalism.) We conclude that the 'real' Long War may be a struggle within the 'Muslim world' rather than the ostensible struggle between the 'West' and 'Islam'.","citedby-count":"1","affiliation": [{"@_fa": "true", "affiliation-url":"https://api.elsevier.com/content/affiliation/affiliation_id/60033012","afid":"60033012","affilname":"Naval Postgraduate School","affiliation-city":"Monterey","affiliation-country":"United States"}],"prism:aggregationType":"Journal","subtype":"ar","subtypeDescription":"Article","author-count":{"@limit": "100", "@total": "2", "$" :"2"},"author": [{"@_fa": "true", "@seq": "1", "author-url":"https://api.elsevier.com/content/author/author_id/16023865900","authid":"16023865900","authname":"Borer D.","surname":"Borer","given-name":"Douglas A.","initials":"D.A.","afid": [{"@_fa": "true", "$" :"60033012"}]},{"@_fa": "true", "@seq": "2", "author-url":"https://api.elsevier.com/content/author/author_id/7404268079","authid":"7404268079","authname":"Berger M.","surname":"Berger","given-name":"Mark T.","initials":"M.T.","afid": [{"@_fa": "true", "$" :"60033012"}]}],"source-id":"15471","fund-no":"undefined","openaccess":"0","openaccessFlag":false}]}}