{"search-results":{"opensearch:totalResults":"1","opensearch:startIndex":"0","opensearch:itemsPerPage":"1","opensearch:Query":{"@role": "request", "@searchTerms": "TITLE-ABS-KEY(\"Neo-traditionalism\") AND SUBJAREA(SOCI) AND PUBYEAR = 2005", "@startPage": "0"},"link": [{"@_fa": "true", "@ref": "self", "@href": "https://api.elsevier.com/content/search/scopus?start=0&count=25&query=TITLE-ABS-KEY%28%22Neo-traditionalism%22%29+AND+SUBJAREA%28SOCI%29+AND+PUBYEAR+%3D+2005&apiKey=27d953b4b546791964ebeb768d13e61f&view=COMPLETE", "@type": "application/json"},{"@_fa": "true", "@ref": "first", "@href": "https://api.elsevier.com/content/search/scopus?start=0&count=25&query=TITLE-ABS-KEY%28%22Neo-traditionalism%22%29+AND+SUBJAREA%28SOCI%29+AND+PUBYEAR+%3D+2005&apiKey=27d953b4b546791964ebeb768d13e61f&view=COMPLETE", "@type": "application/json"}],"entry": [{"@_fa": "true", "link": [{"@_fa": "true", "@ref": "self", "@href": "https://api.elsevier.com/content/abstract/scopus_id/24744447498"},{"@_fa": "true", "@ref": "author-affiliation", "@href": "https://api.elsevier.com/content/abstract/scopus_id/24744447498?field=author,affiliation"},{"@_fa": "true", "@ref": "scopus", "@href": "https://www.scopus.com/inward/record.uri?partnerID=HzOxMe3b&scp=24744447498&origin=inward"},{"@_fa": "true", "@ref": "scopus-citedby", "@href": "https://www.scopus.com/inward/citedby.uri?partnerID=HzOxMe3b&scp=24744447498&origin=inward"}],"prism:url":"https://api.elsevier.com/content/abstract/scopus_id/24744447498","dc:identifier":"SCOPUS_ID:24744447498","eid":"2-s2.0-24744447498","dc:title":"Gender, work, and equal opportunities in central and eastern Europe","dc:creator":"Dawn Metcalfe B.","prism:publicationName":"Women in Management Review","prism:issn":"09649425","prism:volume":"20","prism:issueIdentifier":"6","prism:pageRange":"397-411","prism:coverDate":"2005-09-01","prism:coverDisplayDate":"1 September 2005","prism:doi":"10.1108/09649420510616791","dc:description":"Purpose This paper examines gender, work and equal opportunities in central and eastern Europe (CEE) countries. The worker-mother contract in socialist systems is discussed and reveals how transition from a communist economic system to a market economy has eroded women's equality within the workplace claimed with the Communist and economic social legacy. The aim is to explore the opportunities and constraints on women's professional career advancement in post-socialist societies. Design-methodology-approach The paper consolidates research on gender and work within CEE countries and draws on international datasets including, the Gender Development Index and Gender Empowerment Index. Findings The results show that women's high representation in management and professional occupations, once the hallmark of socialist employment structures, is now being threatened by the erosion of state childcare services and the increasing level of discriminatory practices in recruitment, selection and development. It is suggested that the formal state structures have acted to foster neo-traditionalism and a traditional gender identity. Economic and political transition is argued to be a process of remasculinisation, which reaffirms gendered hierarchies and gendered power relations in public and private realms. Originality-value The paper contributes to the limited subject of equal opportunities and gender issues within an organisation context within CEE regions. The paper examines gender-mainstreaming methodologies and considers implications for the development of equal opportunity and diversity management policies at state and organization level. © 2005, Emerald Group Publishing Limited","citedby-count":"38","affiliation": [{"@_fa": "true", "affiliation-url":"https://api.elsevier.com/content/affiliation/affiliation_id/60030469","afid":"60030469","affilname":"University of Hull","affiliation-city":"Hull","affiliation-country":"United Kingdom"}],"prism:aggregationType":"Journal","subtype":"ar","subtypeDescription":"Article","author-count":{"@limit": "100", "@total": "2", "$" :"2"},"author": [{"@_fa": "true", "@seq": "1", "author-url":"https://api.elsevier.com/content/author/author_id/57191049750","authid":"57191049750","authname":"Dawn Metcalfe B.","surname":"Dawn Metcalfe","given-name":"Beverly","initials":"B.","afid": [{"@_fa": "true", "$" :"60030469"}]},{"@_fa": "true", "@seq": "2", "author-url":"https://api.elsevier.com/content/author/author_id/8858516800","authid":"8858516800","authname":"Afanassieva M.","surname":"Afanassieva","given-name":"Marianne","initials":"M.","afid": [{"@_fa": "true", "$" :"60030469"}]}],"source-id":"144646","fund-no":"undefined","openaccess":"0","openaccessFlag":false}]}}