{"search-results":{"opensearch:totalResults":"1","opensearch:startIndex":"0","opensearch:itemsPerPage":"1","opensearch:Query":{"@role": "request", "@searchTerms": "TITLE-ABS-KEY(\"Neo-traditionalism\") AND SUBJAREA(SOCI) AND PUBYEAR = 2018", "@startPage": "0"},"link": [{"@_fa": "true", "@ref": "self", "@href": "https://api.elsevier.com/content/search/scopus?start=0&count=25&query=TITLE-ABS-KEY%28%22Neo-traditionalism%22%29+AND+SUBJAREA%28SOCI%29+AND+PUBYEAR+%3D+2018&apiKey=27d953b4b546791964ebeb768d13e61f&view=COMPLETE", "@type": "application/json"},{"@_fa": "true", "@ref": "first", "@href": "https://api.elsevier.com/content/search/scopus?start=0&count=25&query=TITLE-ABS-KEY%28%22Neo-traditionalism%22%29+AND+SUBJAREA%28SOCI%29+AND+PUBYEAR+%3D+2018&apiKey=27d953b4b546791964ebeb768d13e61f&view=COMPLETE", "@type": "application/json"}],"entry": [{"@_fa": "true", "link": [{"@_fa": "true", "@ref": "self", "@href": "https://api.elsevier.com/content/abstract/scopus_id/85062007197"},{"@_fa": "true", "@ref": "author-affiliation", "@href": "https://api.elsevier.com/content/abstract/scopus_id/85062007197?field=author,affiliation"},{"@_fa": "true", "@ref": "scopus", "@href": "https://www.scopus.com/inward/record.uri?partnerID=HzOxMe3b&scp=85062007197&origin=inward"},{"@_fa": "true", "@ref": "scopus-citedby", "@href": "https://www.scopus.com/inward/citedby.uri?partnerID=HzOxMe3b&scp=85062007197&origin=inward"}],"prism:url":"https://api.elsevier.com/content/abstract/scopus_id/85062007197","dc:identifier":"SCOPUS_ID:85062007197","eid":"2-s2.0-85062007197","dc:title":"The ‘revival’ of traditional indian medicine in the 19 <sup>th</sup> and 20 <sup>th</sup> centuries: The phenomenon of ‘modern’ ayurveda","dc:creator":"Kotova Natalia I.","prism:publicationName":"Siberian Historical Research","prism:issn":"2312461X","prism:eIssn":"23124628","prism:issueIdentifier":"4","prism:pageRange":"218-237","prism:coverDate":"2018-01-01","prism:coverDisplayDate":"2018","prism:doi":"10.17223/2312461X/22/11","dc:description":"© 2018 Tomsk State University.All Rights Reserved.  The article explores the development of Ayurveda, the traditional medicine of India, in the 19 th to the 20 th centuries. During this period, thanks to the efforts of Indian ‘revivalists’, systematised, modernised and professionalised ‘modern Ayurveda’ was constructed; the medicine is in dialogue with biomedicine and is being constantly reformulated. The article discusses problems and challenges associated with legitimisation, including in scientific terms, of Ayurveda in the context of current dominance of biomedicine and market economy. ‘Modern’ Ayurveda has a number of important characteristics which allow speaking of the phenomenon of ‘neo-traditionalism’.","citedby-count":"0","prism:aggregationType":"Journal","subtype":"ar","subtypeDescription":"Article","author-count":{"@limit": "100", "@total": "1", "$" :"1"},"author": [{"@_fa": "true", "@seq": "1", "author-url":"https://api.elsevier.com/content/author/author_id/57206845237","authid":"57206845237","authname":"Kotova Natalia I.","surname":"Kotova Natalia","given-name":"I.","initials":"I."}],"authkeywords":"Ayurveda | Biomedicine | Commercialisation | Modern Ayurveda | Neo-traditionalism | Pharmaceuticalisation | Revivalism | Traditional medicine of India","source-id":"21100773342","fund-acr":"RFFI","fund-no":"17-01-00434-а","fund-sponsor":"Russian Foundation for Fundamental Investigations","openaccess":"1","openaccessFlag":true}]}}