{"search-results":{"opensearch:totalResults":"1","opensearch:startIndex":"0","opensearch:itemsPerPage":"1","opensearch:Query":{"@role": "request", "@searchTerms": "TITLE-ABS-KEY(\"Neo-traditionalism\") AND SUBJAREA(SOCI) AND PUBYEAR = 2003", "@startPage": "0"},"link": [{"@_fa": "true", "@ref": "self", "@href": "https://api.elsevier.com/content/search/scopus?start=0&count=25&query=TITLE-ABS-KEY%28%22Neo-traditionalism%22%29+AND+SUBJAREA%28SOCI%29+AND+PUBYEAR+%3D+2003&apiKey=27d953b4b546791964ebeb768d13e61f&view=COMPLETE", "@type": "application/json"},{"@_fa": "true", "@ref": "first", "@href": "https://api.elsevier.com/content/search/scopus?start=0&count=25&query=TITLE-ABS-KEY%28%22Neo-traditionalism%22%29+AND+SUBJAREA%28SOCI%29+AND+PUBYEAR+%3D+2003&apiKey=27d953b4b546791964ebeb768d13e61f&view=COMPLETE", "@type": "application/json"}],"entry": [{"@_fa": "true", "link": [{"@_fa": "true", "@ref": "self", "@href": "https://api.elsevier.com/content/abstract/scopus_id/0345830680"},{"@_fa": "true", "@ref": "author-affiliation", "@href": "https://api.elsevier.com/content/abstract/scopus_id/0345830680?field=author,affiliation"},{"@_fa": "true", "@ref": "scopus", "@href": "https://www.scopus.com/inward/record.uri?partnerID=HzOxMe3b&scp=0345830680&origin=inward"},{"@_fa": "true", "@ref": "scopus-citedby", "@href": "https://www.scopus.com/inward/citedby.uri?partnerID=HzOxMe3b&scp=0345830680&origin=inward"}],"prism:url":"https://api.elsevier.com/content/abstract/scopus_id/0345830680","dc:identifier":"SCOPUS_ID:0345830680","eid":"2-s2.0-0345830680","dc:title":"Defining the 'other': Democracy in Mozambique within: A historical perspective","dc:creator":"Virtanen P.","prism:publicationName":"African and Asian Studies","prism:issn":"15692094","prism:volume":"2","prism:issueIdentifier":"3","prism:pageRange":"233-258","prism:coverDate":"2003-12-01","prism:coverDisplayDate":"2003","prism:doi":"10.1163/156920903322661717","dc:description":"Despite apparent success Mozambique is facing serious problems in institutionalising democracy in the context of economic liberalisation. The problems are linked to a basic contradiction between a need to construct a unified nation, and capacity to tolerate difference inside it which is an essential function of a democratic system. In Mozambique both neo-traditionalism and socialism, which can be interpreted as currents inside African nationalism, have roots in pre-independence political movements. In line with Western modernism the ruling party FRELIMO has been reluctant to accept any linkages between political pluralism and cultural difference based on denominational, ethnic or regional identity. On the other hand many opposition parties see cultural difference as a constitutive element of African socio-political reality, and promote devolution of power to cultural regions and local communities as an effective means to engage the whole population in the political process.","citedby-count":"5","affiliation": [{"@_fa": "true", "affiliation-url":"https://api.elsevier.com/content/affiliation/affiliation_id/60011170","afid":"60011170","affilname":"Tampereen Yliopisto","affiliation-city":"Tampere","affiliation-country":"Finland"}],"prism:aggregationType":"Journal","subtype":"ar","subtypeDescription":"Article","author-count":{"@limit": "100", "@total": "1", "$" :"1"},"author": [{"@_fa": "true", "@seq": "1", "author-url":"https://api.elsevier.com/content/author/author_id/7005328637","authid":"7005328637","authname":"Virtanen P.","surname":"Virtanen","given-name":"Pekka","initials":"P.","afid": [{"@_fa": "true", "$" :"60011170"}]}],"source-id":"16885","fund-no":"undefined","openaccess":"0","openaccessFlag":false}]}}