{"search-results":{"opensearch:totalResults":"1","opensearch:startIndex":"0","opensearch:itemsPerPage":"1","opensearch:Query":{"@role": "request", "@searchTerms": "TITLE-ABS-KEY(\"Neo-traditionalism\") AND SUBJAREA(SOCI) AND PUBYEAR = 2016", "@startPage": "0"},"link": [{"@_fa": "true", "@ref": "self", "@href": "https://api.elsevier.com/content/search/scopus?start=0&count=25&query=TITLE-ABS-KEY%28%22Neo-traditionalism%22%29+AND+SUBJAREA%28SOCI%29+AND+PUBYEAR+%3D+2016&apiKey=27d953b4b546791964ebeb768d13e61f&view=COMPLETE", "@type": "application/json"},{"@_fa": "true", "@ref": "first", "@href": "https://api.elsevier.com/content/search/scopus?start=0&count=25&query=TITLE-ABS-KEY%28%22Neo-traditionalism%22%29+AND+SUBJAREA%28SOCI%29+AND+PUBYEAR+%3D+2016&apiKey=27d953b4b546791964ebeb768d13e61f&view=COMPLETE", "@type": "application/json"}],"entry": [{"@_fa": "true", "link": [{"@_fa": "true", "@ref": "self", "@href": "https://api.elsevier.com/content/abstract/scopus_id/84949220350"},{"@_fa": "true", "@ref": "author-affiliation", "@href": "https://api.elsevier.com/content/abstract/scopus_id/84949220350?field=author,affiliation"},{"@_fa": "true", "@ref": "scopus", "@href": "https://www.scopus.com/inward/record.uri?partnerID=HzOxMe3b&scp=84949220350&origin=inward"},{"@_fa": "true", "@ref": "scopus-citedby", "@href": "https://www.scopus.com/inward/citedby.uri?partnerID=HzOxMe3b&scp=84949220350&origin=inward"},{"@_fa": "true", "@ref": "full-text", "@href": "https://api.elsevier.com/content/article/eid/1-s2.0-S2210670715300287"}],"prism:url":"https://api.elsevier.com/content/abstract/scopus_id/84949220350","dc:identifier":"SCOPUS_ID:84949220350","eid":"2-s2.0-84949220350","dc:title":"From Garden City to Eco-urbanism: The quest for sustainable neighborhood development","dc:creator":"Sharifi A.","prism:publicationName":"Sustainable Cities and Society","prism:issn":"22106707","prism:volume":"20","prism:pageRange":"1-16","prism:coverDate":"2016-01-01","prism:coverDisplayDate":"1 January 2016","prism:doi":"10.1016/j.scs.2015.09.002","pii":"S2210670715300287","dc:description":"© 2015 Elsevier Ltd. All rights reserved. Since the early 20th century various planning movements have been developed. It would be useful to trace the evolution of these movements to see how their underlying principles have changed and how successful they have been in addressing the requirements of sustainable development. Literature on five selected movements is reviewed. These are, namely, Garden City, Neighborhood Unit, Modernism, Neo-traditionalism, and Eco-urbanism. Results show that evolution of neighborhood planning is characterized by the progressive inclusion of different dimensions of the sustainability concept. However, there are still many difficulties in terms of translating the rhetoric into action.","citedby-count":"48","affiliation": [{"@_fa": "true", "affiliation-url":"https://api.elsevier.com/content/affiliation/affiliation_id/60030939","afid":"60030939","affilname":"National Institute for Environmental Studies of Japan","affiliation-city":"Tsukuba","affiliation-country":"Japan"}],"prism:aggregationType":"Journal","subtype":"re","subtypeDescription":"Review","author-count":{"@limit": "100", "@total": "1", "$" :"1"},"author": [{"@_fa": "true", "@seq": "1", "author-url":"https://api.elsevier.com/content/author/author_id/55203967900","authid":"55203967900","authname":"Sharifi A.","surname":"Sharifi","given-name":"Ayyoob","initials":"A.","afid": [{"@_fa": "true", "$" :"60030939"}]}],"authkeywords":"Eco-city | Eco-urbanism | Garden City | Modernism | Neighborhood planning | Neighborhood Unit | Neo-traditional planning | New Urbanism | Sustainable neighborhood development","source-id":"19700194105","fund-no":"undefined","openaccess":"0","openaccessFlag":false}]}}