{"search-results":{"opensearch:totalResults":"3","opensearch:startIndex":"0","opensearch:itemsPerPage":"3","opensearch:Query":{"@role": "request", "@searchTerms": "TITLE-ABS-KEY(\"neotraditionalism\") AND SUBJAREA(SOCI) AND PUBYEAR = 2018", "@startPage": "0"},"link": [{"@_fa": "true", "@ref": "self", "@href": "https://api.elsevier.com/content/search/scopus?start=0&count=25&query=TITLE-ABS-KEY%28%22neotraditionalism%22%29+AND+SUBJAREA%28SOCI%29+AND+PUBYEAR+%3D+2018&apiKey=27d953b4b546791964ebeb768d13e61f&view=STANDARD", "@type": "application/json"},{"@_fa": "true", "@ref": "first", "@href": "https://api.elsevier.com/content/search/scopus?start=0&count=25&query=TITLE-ABS-KEY%28%22neotraditionalism%22%29+AND+SUBJAREA%28SOCI%29+AND+PUBYEAR+%3D+2018&apiKey=27d953b4b546791964ebeb768d13e61f&view=STANDARD", "@type": "application/json"}],"entry": [{"@_fa": "true", "link": [{"@_fa": "true", "@ref": "self", "@href": "https://api.elsevier.com/content/abstract/scopus_id/85053671742"},{"@_fa": "true", "@ref": "author-affiliation", "@href": "https://api.elsevier.com/content/abstract/scopus_id/85053671742?field=author,affiliation"},{"@_fa": "true", "@ref": "scopus", "@href": "https://www.scopus.com/inward/record.uri?partnerID=HzOxMe3b&scp=85053671742&origin=inward"},{"@_fa": "true", "@ref": "scopus-citedby", "@href": "https://www.scopus.com/inward/citedby.uri?partnerID=HzOxMe3b&scp=85053671742&origin=inward"}],"prism:url":"https://api.elsevier.com/content/abstract/scopus_id/85053671742","dc:identifier":"SCOPUS_ID:85053671742","eid":"2-s2.0-85053671742","dc:title":"La Nota Emilianense e il neotradizionalismo: L'equivoco del «cantar de Rodlane»","dc:creator":"Marcenaro S.","prism:publicationName":"Zeitschrift fur Romanische Philologie","prism:issn":"00498661","prism:volume":"134","prism:issueIdentifier":"3","prism:pageRange":"899-915","prism:coverDate":"2018-09-06","prism:coverDisplayDate":"6 September 2018","prism:doi":"10.1515/zrp-2018-0058","citedby-count":"0","affiliation": [{"@_fa": "true", "affilname":"Università degli Studi del Molise","affiliation-city":"Campobasso","affiliation-country":"Italy"}],"prism:aggregationType":"Journal","subtype":"ar","subtypeDescription":"Article","source-id":"26737","openaccess":"0","openaccessFlag":false},{"@_fa": "true", "link": [{"@_fa": "true", "@ref": "self", "@href": "https://api.elsevier.com/content/abstract/scopus_id/85048969128"},{"@_fa": "true", "@ref": "author-affiliation", "@href": "https://api.elsevier.com/content/abstract/scopus_id/85048969128?field=author,affiliation"},{"@_fa": "true", "@ref": "scopus", "@href": "https://www.scopus.com/inward/record.uri?partnerID=HzOxMe3b&scp=85048969128&origin=inward"},{"@_fa": "true", "@ref": "scopus-citedby", "@href": "https://www.scopus.com/inward/citedby.uri?partnerID=HzOxMe3b&scp=85048969128&origin=inward"}],"prism:url":"https://api.elsevier.com/content/abstract/scopus_id/85048969128","dc:identifier":"SCOPUS_ID:85048969128","eid":"2-s2.0-85048969128","dc:title":"Historiographic debates in English on Stalinism","dc:creator":"Resalt A.","prism:publicationName":"Ayer","prism:issn":"11342277","prism:volume":"110","prism:issueIdentifier":"2","prism:pageRange":"313-329","prism:coverDate":"2018-01-01","prism:coverDisplayDate":"2018","citedby-count":"0","affiliation": [{"@_fa": "true", "affilname":"Universitat Pompeu Fabra Barcelona","affiliation-city":"Barcelona","affiliation-country":"Spain"}],"prism:aggregationType":"Journal","subtype":"re","subtypeDescription":"Review","source-id":"21100218321","openaccess":"0","openaccessFlag":false},{"@_fa": "true", "link": [{"@_fa": "true", "@ref": "self", "@href": "https://api.elsevier.com/content/abstract/scopus_id/85056574961"},{"@_fa": "true", "@ref": "author-affiliation", "@href": "https://api.elsevier.com/content/abstract/scopus_id/85056574961?field=author,affiliation"},{"@_fa": "true", "@ref": "scopus", "@href": "https://www.scopus.com/inward/record.uri?partnerID=HzOxMe3b&scp=85056574961&origin=inward"},{"@_fa": "true", "@ref": "scopus-citedby", "@href": "https://www.scopus.com/inward/citedby.uri?partnerID=HzOxMe3b&scp=85056574961&origin=inward"}],"prism:url":"https://api.elsevier.com/content/abstract/scopus_id/85056574961","dc:identifier":"SCOPUS_ID:85056574961","eid":"2-s2.0-85056574961","dc:title":"Roles of metalepses in post-symbolist novels","dc:creator":"Zhilicheva G.","prism:publicationName":"Vestnik Tomskogo Gosudarstvennogo Universiteta, Filologiya","prism:issn":"19986645","prism:eIssn":"23105046","prism:volume":"54","prism:pageRange":"194-205","prism:coverDate":"2018-01-01","prism:coverDisplayDate":"2018","prism:doi":"10.17223/19986645/54/12","citedby-count":"0","affiliation": [{"@_fa": "true", "affilname":"Novosibirsk State Pedagogical University","affiliation-city":"Novosibirsk","affiliation-country":"Russian Federation"}],"prism:aggregationType":"Journal","subtype":"ar","subtypeDescription":"Article","source-id":"21100775930","openaccess":"1","openaccessFlag":true}]}}