{"search-results":{"opensearch:totalResults":"3603","opensearch:startIndex":"0","opensearch:itemsPerPage":"25","opensearch:Query":{"@role": "request", "@searchTerms": "TITLE-ABS-KEY(\"trust\") AND SUBJAREA(SOCI) AND PUBYEAR = 2018", "@startPage": "0"},"link": [{"@_fa": "true", "@ref": "self", "@href": "https://api.elsevier.com/content/search/scopus?start=0&count=25&query=TITLE-ABS-KEY%28%22trust%22%29+AND+SUBJAREA%28SOCI%29+AND+PUBYEAR+%3D+2018&apiKey=27d953b4b546791964ebeb768d13e61f&view=STANDARD", "@type": "application/json"},{"@_fa": "true", "@ref": "first", "@href": "https://api.elsevier.com/content/search/scopus?start=0&count=25&query=TITLE-ABS-KEY%28%22trust%22%29+AND+SUBJAREA%28SOCI%29+AND+PUBYEAR+%3D+2018&apiKey=27d953b4b546791964ebeb768d13e61f&view=STANDARD", "@type": "application/json"},{"@_fa": "true", "@ref": "next", "@href": "https://api.elsevier.com/content/search/scopus?start=25&count=25&query=TITLE-ABS-KEY%28%22trust%22%29+AND+SUBJAREA%28SOCI%29+AND+PUBYEAR+%3D+2018&apiKey=27d953b4b546791964ebeb768d13e61f&view=STANDARD", "@type": "application/json"},{"@_fa": "true", "@ref": "last", "@href": "https://api.elsevier.com/content/search/scopus?start=3578&count=25&query=TITLE-ABS-KEY%28%22trust%22%29+AND+SUBJAREA%28SOCI%29+AND+PUBYEAR+%3D+2018&apiKey=27d953b4b546791964ebeb768d13e61f&view=STANDARD", "@type": "application/json"}],"entry": [{"@_fa": "true", "link": [{"@_fa": "true", "@ref": "self", "@href": "https://api.elsevier.com/content/abstract/scopus_id/85048444688"},{"@_fa": "true", "@ref": "author-affiliation", "@href": "https://api.elsevier.com/content/abstract/scopus_id/85048444688?field=author,affiliation"},{"@_fa": "true", "@ref": "scopus", "@href": "https://www.scopus.com/inward/record.uri?partnerID=HzOxMe3b&scp=85048444688&origin=inward"},{"@_fa": "true", "@ref": "scopus-citedby", "@href": "https://www.scopus.com/inward/citedby.uri?partnerID=HzOxMe3b&scp=85048444688&origin=inward"},{"@_fa": "true", "@ref": "full-text", "@href": "https://api.elsevier.com/content/article/eid/1-s2.0-S0264275117313008"}],"prism:url":"https://api.elsevier.com/content/abstract/scopus_id/85048444688","dc:identifier":"SCOPUS_ID:85048444688","eid":"2-s2.0-85048444688","dc:title":"Identity and trust in government: A comparison of locals and migrants in urban China","dc:creator":"Niu G.","prism:publicationName":"Cities","prism:issn":"02642751","prism:volume":"83","prism:pageRange":"54-60","prism:coverDate":"2018-12-31","prism:coverDisplayDate":"31 December 2018","prism:doi":"10.1016/j.cities.2018.06.008","pii":"S0264275117313008","citedby-count":"2","affiliation": [{"@_fa": "true", "affilname":"Southwest University of Finance and EcoNomics","affiliation-city":"Chengdu","affiliation-country":"China"}],"prism:aggregationType":"Journal","subtype":"ar","subtypeDescription":"Article","source-id":"16956","openaccess":"0","openaccessFlag":false},{"@_fa": "true", "link": [{"@_fa": "true", "@ref": "self", "@href": "https://api.elsevier.com/content/abstract/scopus_id/85061776402"},{"@_fa": "true", "@ref": "author-affiliation", "@href": "https://api.elsevier.com/content/abstract/scopus_id/85061776402?field=author,affiliation"},{"@_fa": "true", "@ref": "scopus", "@href": "https://www.scopus.com/inward/record.uri?partnerID=HzOxMe3b&scp=85061776402&origin=inward"},{"@_fa": "true", "@ref": "scopus-citedby", "@href": "https://www.scopus.com/inward/citedby.uri?partnerID=HzOxMe3b&scp=85061776402&origin=inward"}],"prism:url":"https://api.elsevier.com/content/abstract/scopus_id/85061776402","dc:identifier":"SCOPUS_ID:85061776402","eid":"2-s2.0-85061776402","dc:title":"The influence of corporate reputation on consumer brand loyalty in caused-related marketing","dc:creator":"Feng X.","prism:publicationName":"5th International Conference on Industrial Economics System and Industrial Security Engineering, IEIS 2018 - Proceeding","prism:isbn": [{"@_fa": "true", "$" :"9781538669686"}],"prism:pageRange":null,"prism:coverDate":"2018-12-31","prism:coverDisplayDate":"31 December 2018","prism:doi":"10.1109/IEIS.2018.8597826","citedby-count":"0","affiliation": [{"@_fa": "true", "affilname":"Beijing Jiaotong University","affiliation-city":"Beijing","affiliation-country":"China"}],"prism:aggregationType":"Conference Proceeding","subtype":"cp","subtypeDescription":"Conference Paper","article-number":"8597826","source-id":"21100898953","openaccess":"0","openaccessFlag":false},{"@_fa": "true", "link": [{"@_fa": "true", "@ref": "self", "@href": "https://api.elsevier.com/content/abstract/scopus_id/85064647063"},{"@_fa": "true", "@ref": "author-affiliation", "@href": "https://api.elsevier.com/content/abstract/scopus_id/85064647063?field=author,affiliation"},{"@_fa": "true", "@ref": "scopus", "@href": "https://www.scopus.com/inward/record.uri?partnerID=HzOxMe3b&scp=85064647063&origin=inward"},{"@_fa": "true", "@ref": "scopus-citedby", "@href": "https://www.scopus.com/inward/citedby.uri?partnerID=HzOxMe3b&scp=85064647063&origin=inward"}],"prism:url":"https://api.elsevier.com/content/abstract/scopus_id/85064647063","dc:identifier":"SCOPUS_ID:85064647063","eid":"2-s2.0-85064647063","dc:title":"The impact of neglecting user-centered information design principles when delivering online information: Cyber security awareness websites as a case study","dc:creator":"Dos Santos Lonsdale M.","prism:publicationName":"Information Design Journal","prism:issn":"01425471","prism:eIssn":"1569979X","prism:volume":"24","prism:issueIdentifier":"2","prism:pageRange":"151-177","prism:coverDate":"2018-12-31","prism:coverDisplayDate":"31 December 2018","prism:doi":"10.1075/idj.00005.san","citedby-count":"0","affiliation": [{"@_fa": "true", "affilname":"University of Leeds","affiliation-city":"Leeds","affiliation-country":"United Kingdom"}],"prism:aggregationType":"Journal","subtype":"ar","subtypeDescription":"Article","source-id":"5800208091","openaccess":"0","openaccessFlag":false},{"@_fa": "true", "link": [{"@_fa": "true", "@ref": "self", "@href": "https://api.elsevier.com/content/abstract/scopus_id/85059259577"},{"@_fa": "true", "@ref": "author-affiliation", "@href": "https://api.elsevier.com/content/abstract/scopus_id/85059259577?field=author,affiliation"},{"@_fa": "true", "@ref": "scopus", "@href": "https://www.scopus.com/inward/record.uri?partnerID=HzOxMe3b&scp=85059259577&origin=inward"},{"@_fa": "true", "@ref": "scopus-citedby", "@href": "https://www.scopus.com/inward/citedby.uri?partnerID=HzOxMe3b&scp=85059259577&origin=inward"}],"prism:url":"https://api.elsevier.com/content/abstract/scopus_id/85059259577","dc:identifier":"SCOPUS_ID:85059259577","eid":"2-s2.0-85059259577","dc:title":"Medicare Program; Medicare Shared Savings Program; Accountable Care Organizations--Pathways to Success and Extreme and Uncontrollable Circumstances Policies for Performance Year 2017. Final rules","prism:publicationName":"Federal register","prism:issn":"00976326","prism:volume":"83","prism:issueIdentifier":"249","prism:pageRange":"67816-68082","prism:coverDate":"2018-12-31","prism:coverDisplayDate":"31 December 2018","citedby-count":"2","pubmed-id":"30596411","prism:aggregationType":"Journal","subtype":"ar","subtypeDescription":"Article","source-id":"12871","openaccess":"0","openaccessFlag":false},{"@_fa": "true", "link": [{"@_fa": "true", "@ref": "self", "@href": "https://api.elsevier.com/content/abstract/scopus_id/85056337150"},{"@_fa": "true", "@ref": "author-affiliation", "@href": "https://api.elsevier.com/content/abstract/scopus_id/85056337150?field=author,affiliation"},{"@_fa": "true", "@ref": "scopus", "@href": "https://www.scopus.com/inward/record.uri?partnerID=HzOxMe3b&scp=85056337150&origin=inward"},{"@_fa": "true", "@ref": "scopus-citedby", "@href": "https://www.scopus.com/inward/citedby.uri?partnerID=HzOxMe3b&scp=85056337150&origin=inward"}],"prism:url":"https://api.elsevier.com/content/abstract/scopus_id/85056337150","dc:identifier":"SCOPUS_ID:85056337150","eid":"2-s2.0-85056337150","dc:title":"A market of distrust: toward a cultural sociology of unofficial exchanges between patients and doctors in China","dc:creator":"Chan C.","prism:publicationName":"Theory and Society","prism:issn":"03042421","prism:eIssn":"15737853","prism:volume":"47","prism:issueIdentifier":"6","prism:pageRange":"737-772","prism:coverDate":"2018-12-30","prism:coverDisplayDate":"30 December 2018","prism:doi":"10.1007/s11186-018-09332-2","citedby-count":"0","affiliation": [{"@_fa": "true", "affilname":"The University of Hong Kong","affiliation-city":"Pokfulam","affiliation-country":"Hong Kong"}],"prism:aggregationType":"Journal","subtype":"ar","subtypeDescription":"Article","source-id":"18697","openaccess":"0","openaccessFlag":false},{"@_fa": "true", "link": [{"@_fa": "true", "@ref": "self", "@href": "https://api.elsevier.com/content/abstract/scopus_id/85061315839"},{"@_fa": "true", "@ref": "author-affiliation", "@href": "https://api.elsevier.com/content/abstract/scopus_id/85061315839?field=author,affiliation"},{"@_fa": "true", "@ref": "scopus", "@href": "https://www.scopus.com/inward/record.uri?partnerID=HzOxMe3b&scp=85061315839&origin=inward"},{"@_fa": "true", "@ref": "scopus-citedby", "@href": "https://www.scopus.com/inward/citedby.uri?partnerID=HzOxMe3b&scp=85061315839&origin=inward"}],"prism:url":"https://api.elsevier.com/content/abstract/scopus_id/85061315839","dc:identifier":"SCOPUS_ID:85061315839","eid":"2-s2.0-85061315839","dc:title":"Combine Trust and Interest Similarity for Enhanced-Quality Recommendations","dc:creator":"Yu P.","prism:publicationName":"Proceedings - 9th International Conference on Information Technology in Medicine and Education, ITME 2018","prism:isbn": [{"@_fa": "true", "$" :"9781538677438"}],"prism:pageRange":"740-744","prism:coverDate":"2018-12-26","prism:coverDisplayDate":"26 December 2018","prism:doi":"10.1109/ITME.2018.00168","citedby-count":"0","affiliation": [{"@_fa": "true", "affilname":"Sichuan TOP Vocational Institute of Information Technology","affiliation-city":"Chengdu","affiliation-country":"China"}],"prism:aggregationType":"Conference Proceeding","subtype":"cp","subtypeDescription":"Conference Paper","article-number":"8589400","source-id":"21100897930","openaccess":"0","openaccessFlag":false},{"@_fa": "true", "link": [{"@_fa": "true", "@ref": "self", "@href": "https://api.elsevier.com/content/abstract/scopus_id/85061345549"},{"@_fa": "true", "@ref": "author-affiliation", "@href": "https://api.elsevier.com/content/abstract/scopus_id/85061345549?field=author,affiliation"},{"@_fa": "true", "@ref": "scopus", "@href": "https://www.scopus.com/inward/record.uri?partnerID=HzOxMe3b&scp=85061345549&origin=inward"},{"@_fa": "true", "@ref": "scopus-citedby", "@href": "https://www.scopus.com/inward/citedby.uri?partnerID=HzOxMe3b&scp=85061345549&origin=inward"}],"prism:url":"https://api.elsevier.com/content/abstract/scopus_id/85061345549","dc:identifier":"SCOPUS_ID:85061345549","eid":"2-s2.0-85061345549","dc:title":"Evidence Fusion Algorithm Based on Correction Conflict","dc:creator":"Meng Y.","prism:publicationName":"Proceedings - 9th International Conference on Information Technology in Medicine and Education, ITME 2018","prism:isbn": [{"@_fa": "true", "$" :"9781538677438"}],"prism:pageRange":"799-803","prism:coverDate":"2018-12-26","prism:coverDisplayDate":"26 December 2018","prism:doi":"10.1109/ITME.2018.00180","citedby-count":"0","affiliation": [{"@_fa": "true", "affilname":"Shandong Normal University","affiliation-city":"Jinan","affiliation-country":"China"},{"@_fa": "true", "affilname":"Shandong Provincial Key Laboratory for Distributed Computer Software Novel Technology","affiliation-city":"Jinan","affiliation-country":"China"}],"prism:aggregationType":"Conference Proceeding","subtype":"cp","subtypeDescription":"Conference Paper","article-number":"8589412","source-id":"21100897930","openaccess":"0","openaccessFlag":false},{"@_fa": "true", "link": [{"@_fa": "true", "@ref": "self", "@href": "https://api.elsevier.com/content/abstract/scopus_id/85061313711"},{"@_fa": "true", "@ref": "author-affiliation", "@href": "https://api.elsevier.com/content/abstract/scopus_id/85061313711?field=author,affiliation"},{"@_fa": "true", "@ref": "scopus", "@href": "https://www.scopus.com/inward/record.uri?partnerID=HzOxMe3b&scp=85061313711&origin=inward"},{"@_fa": "true", "@ref": "scopus-citedby", "@href": "https://www.scopus.com/inward/citedby.uri?partnerID=HzOxMe3b&scp=85061313711&origin=inward"}],"prism:url":"https://api.elsevier.com/content/abstract/scopus_id/85061313711","dc:identifier":"SCOPUS_ID:85061313711","eid":"2-s2.0-85061313711","dc:title":"User Modeling Based on Sentiment Analysis","dc:creator":"Lai K.","prism:publicationName":"Proceedings - 9th International Conference on Information Technology in Medicine and Education, ITME 2018","prism:isbn": [{"@_fa": "true", "$" :"9781538677438"}],"prism:pageRange":"1072-1076","prism:coverDate":"2018-12-26","prism:coverDisplayDate":"26 December 2018","prism:doi":"10.1109/ITME.2018.00236","citedby-count":"0","affiliation": [{"@_fa": "true", "affilname":"University of Aizu","affiliation-city":"Aizuwakamatsu","affiliation-country":"Japan"}],"prism:aggregationType":"Conference Proceeding","subtype":"cp","subtypeDescription":"Conference Paper","article-number":"8589468","source-id":"21100897930","openaccess":"0","openaccessFlag":false},{"@_fa": "true", "link": [{"@_fa": "true", "@ref": "self", "@href": "https://api.elsevier.com/content/abstract/scopus_id/85059201953"},{"@_fa": "true", "@ref": "author-affiliation", "@href": "https://api.elsevier.com/content/abstract/scopus_id/85059201953?field=author,affiliation"},{"@_fa": "true", "@ref": "scopus", "@href": "https://www.scopus.com/inward/record.uri?partnerID=HzOxMe3b&scp=85059201953&origin=inward"},{"@_fa": "true", "@ref": "scopus-citedby", "@href": "https://www.scopus.com/inward/citedby.uri?partnerID=HzOxMe3b&scp=85059201953&origin=inward"}],"prism:url":"https://api.elsevier.com/content/abstract/scopus_id/85059201953","dc:identifier":"SCOPUS_ID:85059201953","eid":"2-s2.0-85059201953","dc:title":"Achieving sustainable e-commerce in environmental, social and economic dimensions by taking possible trade-offs","dc:creator":"Oláh J.","prism:publicationName":"Sustainability (Switzerland)","prism:eIssn":"20711050","prism:volume":"11","prism:issueIdentifier":"1","prism:pageRange":null,"prism:coverDate":"2018-12-24","prism:coverDisplayDate":"24 December 2018","prism:doi":"10.3390/su11010089","citedby-count":"1","affiliation": [{"@_fa": "true", "affilname":"Debreceni Egyetem Gazdaságtudományi Kar","affiliation-city":"Debrecen","affiliation-country":"Hungary"}],"prism:aggregationType":"Journal","subtype":"re","subtypeDescription":"Review","article-number":"89","source-id":"21100240100","openaccess":"1","openaccessFlag":true},{"@_fa": "true", "link": [{"@_fa": "true", "@ref": "self", "@href": "https://api.elsevier.com/content/abstract/scopus_id/85060460539"},{"@_fa": "true", "@ref": "author-affiliation", "@href": "https://api.elsevier.com/content/abstract/scopus_id/85060460539?field=author,affiliation"},{"@_fa": "true", "@ref": "scopus", "@href": "https://www.scopus.com/inward/record.uri?partnerID=HzOxMe3b&scp=85060460539&origin=inward"},{"@_fa": "true", "@ref": "scopus-citedby", "@href": "https://www.scopus.com/inward/citedby.uri?partnerID=HzOxMe3b&scp=85060460539&origin=inward"}],"prism:url":"https://api.elsevier.com/content/abstract/scopus_id/85060460539","dc:identifier":"SCOPUS_ID:85060460539","eid":"2-s2.0-85060460539","dc:title":"Trust Management in Underwater Acoustic MANETs based on Cloud Theory using Multi-Parameter Metrics","dc:creator":"Phil Lowney M.","prism:publicationName":"Proceedings - International Carnahan Conference on Security Technology","prism:issn":"10716572","prism:isbn": [{"@_fa": "true", "$" :"9781538679319"}],"prism:volume":"2018-October","prism:pageRange":null,"prism:coverDate":"2018-12-21","prism:coverDisplayDate":"21 December 2018","prism:doi":"10.1109/CCST.2018.8585499","citedby-count":"1","affiliation": [{"@_fa": "true", "affilname":"Naval Undersea Warfare Center Newport Beach","affiliation-city":"Newport","affiliation-country":"United States"}],"prism:aggregationType":"Conference Proceeding","subtype":"cp","subtypeDescription":"Conference Paper","article-number":"8585499","source-id":"145377","openaccess":"0","openaccessFlag":false},{"@_fa": "true", "link": [{"@_fa": "true", "@ref": "self", "@href": "https://api.elsevier.com/content/abstract/scopus_id/85060687170"},{"@_fa": "true", "@ref": "author-affiliation", "@href": "https://api.elsevier.com/content/abstract/scopus_id/85060687170?field=author,affiliation"},{"@_fa": "true", "@ref": "scopus", "@href": "https://www.scopus.com/inward/record.uri?partnerID=HzOxMe3b&scp=85060687170&origin=inward"},{"@_fa": "true", "@ref": "scopus-citedby", "@href": "https://www.scopus.com/inward/citedby.uri?partnerID=HzOxMe3b&scp=85060687170&origin=inward"}],"prism:url":"https://api.elsevier.com/content/abstract/scopus_id/85060687170","dc:identifier":"SCOPUS_ID:85060687170","eid":"2-s2.0-85060687170","dc:title":"Identity Management, Access Control and Privacy in Integrated Care Platforms: The PICASO Project","dc:creator":"Povilionis A.","prism:publicationName":"Proceedings - International Carnahan Conference on Security Technology","prism:issn":"10716572","prism:isbn": [{"@_fa": "true", "$" :"9781538679319"}],"prism:volume":"2018-October","prism:pageRange":null,"prism:coverDate":"2018-12-21","prism:coverDisplayDate":"21 December 2018","prism:doi":"10.1109/CCST.2018.8585716","citedby-count":"0","affiliation": [{"@_fa": "true", "affilname":"Università degli Studi di Roma Tor Vergata","affiliation-city":"Rome","affiliation-country":"Italy"}],"prism:aggregationType":"Conference Proceeding","subtype":"cp","subtypeDescription":"Conference Paper","article-number":"8585716","source-id":"145377","openaccess":"0","openaccessFlag":false},{"@_fa": "true", "link": [{"@_fa": "true", "@ref": "self", "@href": "https://api.elsevier.com/content/abstract/scopus_id/85060697570"},{"@_fa": "true", "@ref": "author-affiliation", "@href": "https://api.elsevier.com/content/abstract/scopus_id/85060697570?field=author,affiliation"},{"@_fa": "true", "@ref": "scopus", "@href": "https://www.scopus.com/inward/record.uri?partnerID=HzOxMe3b&scp=85060697570&origin=inward"},{"@_fa": "true", "@ref": "scopus-citedby", "@href": "https://www.scopus.com/inward/citedby.uri?partnerID=HzOxMe3b&scp=85060697570&origin=inward"}],"prism:url":"https://api.elsevier.com/content/abstract/scopus_id/85060697570","dc:identifier":"SCOPUS_ID:85060697570","eid":"2-s2.0-85060697570","dc:title":"Applying a Threat Model to Cloud Computing","dc:creator":"Urias V.","prism:publicationName":"Proceedings - International Carnahan Conference on Security Technology","prism:issn":"10716572","prism:isbn": [{"@_fa": "true", "$" :"9781538679319"}],"prism:volume":"2018-October","prism:pageRange":null,"prism:coverDate":"2018-12-21","prism:coverDisplayDate":"21 December 2018","prism:doi":"10.1109/CCST.2018.8585471","citedby-count":"0","affiliation": [{"@_fa": "true", "affilname":"Sandia National Laboratories, New Mexico","affiliation-city":"Albuquerque","affiliation-country":"United States"}],"prism:aggregationType":"Conference Proceeding","subtype":"cp","subtypeDescription":"Conference Paper","article-number":"8585471","source-id":"145377","openaccess":"0","openaccessFlag":false},{"@_fa": "true", "link": [{"@_fa": "true", "@ref": "self", "@href": "https://api.elsevier.com/content/abstract/scopus_id/85060706088"},{"@_fa": "true", "@ref": "author-affiliation", "@href": "https://api.elsevier.com/content/abstract/scopus_id/85060706088?field=author,affiliation"},{"@_fa": "true", "@ref": "scopus", "@href": "https://www.scopus.com/inward/record.uri?partnerID=HzOxMe3b&scp=85060706088&origin=inward"},{"@_fa": "true", "@ref": "scopus-citedby", "@href": "https://www.scopus.com/inward/citedby.uri?partnerID=HzOxMe3b&scp=85060706088&origin=inward"}],"prism:url":"https://api.elsevier.com/content/abstract/scopus_id/85060706088","dc:identifier":"SCOPUS_ID:85060706088","eid":"2-s2.0-85060706088","dc:title":"TagUBig-Taming Your Big Data","dc:creator":"Ferreira A.","prism:publicationName":"Proceedings - International Carnahan Conference on Security Technology","prism:issn":"10716572","prism:isbn": [{"@_fa": "true", "$" :"9781538679319"}],"prism:volume":"2018-October","prism:pageRange":null,"prism:coverDate":"2018-12-21","prism:coverDisplayDate":"21 December 2018","prism:doi":"10.1109/CCST.2018.8585539","citedby-count":"0","affiliation": [{"@_fa": "true", "affilname":"Universidade do Porto","affiliation-city":"Porto","affiliation-country":"Portugal"}],"prism:aggregationType":"Conference Proceeding","subtype":"cp","subtypeDescription":"Conference Paper","article-number":"8585539","source-id":"145377","openaccess":"0","openaccessFlag":false},{"@_fa": "true", "link": [{"@_fa": "true", "@ref": "self", "@href": "https://api.elsevier.com/content/abstract/scopus_id/85058711806"},{"@_fa": "true", "@ref": "author-affiliation", "@href": "https://api.elsevier.com/content/abstract/scopus_id/85058711806?field=author,affiliation"},{"@_fa": "true", "@ref": "scopus", "@href": "https://www.scopus.com/inward/record.uri?partnerID=HzOxMe3b&scp=85058711806&origin=inward"},{"@_fa": "true", "@ref": "scopus-citedby", "@href": "https://www.scopus.com/inward/citedby.uri?partnerID=HzOxMe3b&scp=85058711806&origin=inward"}],"prism:url":"https://api.elsevier.com/content/abstract/scopus_id/85058711806","dc:identifier":"SCOPUS_ID:85058711806","eid":"2-s2.0-85058711806","dc:title":"Employee volunteering meaningfulness and organizational citizenship behavior: Exploring the effects of organizational support, pride, and trust","dc:creator":"Im S.","prism:publicationName":"Sustainability (Switzerland)","prism:eIssn":"20711050","prism:volume":"10","prism:issueIdentifier":"12","prism:pageRange":null,"prism:coverDate":"2018-12-18","prism:coverDisplayDate":"18 December 2018","prism:doi":"10.3390/su10124835","citedby-count":"0","affiliation": [{"@_fa": "true", "affilname":"Suwon University","affiliation-city":"Hwaseong","affiliation-country":"South Korea"}],"prism:aggregationType":"Journal","subtype":"ar","subtypeDescription":"Article","article-number":"4835","source-id":"21100240100","openaccess":"1","openaccessFlag":true},{"@_fa": "true", "link": [{"@_fa": "true", "@ref": "self", "@href": "https://api.elsevier.com/content/abstract/scopus_id/85058672061"},{"@_fa": "true", "@ref": "author-affiliation", "@href": "https://api.elsevier.com/content/abstract/scopus_id/85058672061?field=author,affiliation"},{"@_fa": "true", "@ref": "scopus", "@href": "https://www.scopus.com/inward/record.uri?partnerID=HzOxMe3b&scp=85058672061&origin=inward"},{"@_fa": "true", "@ref": "scopus-citedby", "@href": "https://www.scopus.com/inward/citedby.uri?partnerID=HzOxMe3b&scp=85058672061&origin=inward"}],"prism:url":"https://api.elsevier.com/content/abstract/scopus_id/85058672061","dc:identifier":"SCOPUS_ID:85058672061","eid":"2-s2.0-85058672061","dc:title":"Factors influencing individual customers trust in internet banking: Case of Baltic states","dc:creator":"Skvarciany V.","prism:publicationName":"Sustainability (Switzerland)","prism:eIssn":"20711050","prism:volume":"10","prism:issueIdentifier":"12","prism:pageRange":null,"prism:coverDate":"2018-12-17","prism:coverDisplayDate":"17 December 2018","prism:doi":"10.3390/su10124809","citedby-count":"1","affiliation": [{"@_fa": "true", "affilname":"Vilniaus Gedimino Technikos Universitetas","affiliation-city":"Vilnius","affiliation-country":"Lithuania"}],"prism:aggregationType":"Journal","subtype":"ar","subtypeDescription":"Article","article-number":"4809","source-id":"21100240100","openaccess":"1","openaccessFlag":true},{"@_fa": "true", "link": [{"@_fa": "true", "@ref": "self", "@href": "https://api.elsevier.com/content/abstract/scopus_id/85058649832"},{"@_fa": "true", "@ref": "author-affiliation", "@href": "https://api.elsevier.com/content/abstract/scopus_id/85058649832?field=author,affiliation"},{"@_fa": "true", "@ref": "scopus", "@href": "https://www.scopus.com/inward/record.uri?partnerID=HzOxMe3b&scp=85058649832&origin=inward"},{"@_fa": "true", "@ref": "scopus-citedby", "@href": "https://www.scopus.com/inward/citedby.uri?partnerID=HzOxMe3b&scp=85058649832&origin=inward"}],"prism:url":"https://api.elsevier.com/content/abstract/scopus_id/85058649832","dc:identifier":"SCOPUS_ID:85058649832","eid":"2-s2.0-85058649832","dc:title":"How practices of managing partnerships contributes to the value creation-Public-social partnership perspective","dc:creator":"Fraczkiewicz-Wronka A.","prism:publicationName":"Sustainability (Switzerland)","prism:eIssn":"20711050","prism:volume":"10","prism:issueIdentifier":"12","prism:pageRange":null,"prism:coverDate":"2018-12-17","prism:coverDisplayDate":"17 December 2018","prism:doi":"10.3390/su10124816","citedby-count":"0","affiliation": [{"@_fa": "true", "affilname":"University of Economics in Katowice","affiliation-city":"Katowice","affiliation-country":"Poland"}],"prism:aggregationType":"Journal","subtype":"ar","subtypeDescription":"Article","article-number":"4816","source-id":"21100240100","openaccess":"1","openaccessFlag":true},{"@_fa": "true", "link": [{"@_fa": "true", "@ref": "self", "@href": "https://api.elsevier.com/content/abstract/scopus_id/85061924123"},{"@_fa": "true", "@ref": "author-affiliation", "@href": "https://api.elsevier.com/content/abstract/scopus_id/85061924123?field=author,affiliation"},{"@_fa": "true", "@ref": "scopus", "@href": "https://www.scopus.com/inward/record.uri?partnerID=HzOxMe3b&scp=85061924123&origin=inward"},{"@_fa": "true", "@ref": "scopus-citedby", "@href": "https://www.scopus.com/inward/citedby.uri?partnerID=HzOxMe3b&scp=85061924123&origin=inward"}],"prism:url":"https://api.elsevier.com/content/abstract/scopus_id/85061924123","dc:identifier":"SCOPUS_ID:85061924123","eid":"2-s2.0-85061924123","dc:title":"A Universal Guide to Transitioning Didactic Delivery into an Active Classroom","dc:creator":"LeClair R.","prism:publicationName":"Medical Science Educator","prism:eIssn":"21568650","prism:volume":"28","prism:issueIdentifier":"4","prism:pageRange":"757-764","prism:coverDate":"2018-12-15","prism:coverDisplayDate":"15 December 2018","prism:doi":"10.1007/s40670-018-0599-1","citedby-count":"1","affiliation": [{"@_fa": "true", "affilname":"Virginia Polytechnic Institute and State University","affiliation-city":"Blacksburg","affiliation-country":"United States"}],"prism:aggregationType":"Journal","subtype":"ar","subtypeDescription":"Article","source-id":"21100897004","openaccess":"0","openaccessFlag":false},{"@_fa": "true", "link": [{"@_fa": "true", "@ref": "self", "@href": "https://api.elsevier.com/content/abstract/scopus_id/85042620452"},{"@_fa": "true", "@ref": "author-affiliation", "@href": "https://api.elsevier.com/content/abstract/scopus_id/85042620452?field=author,affiliation"},{"@_fa": "true", "@ref": "scopus", "@href": "https://www.scopus.com/inward/record.uri?partnerID=HzOxMe3b&scp=85042620452&origin=inward"},{"@_fa": "true", "@ref": "scopus-citedby", "@href": "https://www.scopus.com/inward/citedby.uri?partnerID=HzOxMe3b&scp=85042620452&origin=inward"}],"prism:url":"https://api.elsevier.com/content/abstract/scopus_id/85042620452","dc:identifier":"SCOPUS_ID:85042620452","eid":"2-s2.0-85042620452","dc:title":"Conspiracy Beliefs Are Not Necessarily a Barrier to Engagement in HIV Care Among Urban, Low-Income People of Color Living with HIV","dc:creator":"Jaiswal J.","prism:publicationName":"Journal of Racial and Ethnic Health Disparities","prism:issn":"21973792","prism:eIssn":"21968837","prism:volume":"5","prism:issueIdentifier":"6","prism:pageRange":"1192-1201","prism:coverDate":"2018-12-15","prism:coverDisplayDate":"15 December 2018","prism:doi":"10.1007/s40615-018-0466-1","citedby-count":"1","affiliation": [{"@_fa": "true", "affilname":"New York University","affiliation-city":"New York","affiliation-country":"United States"},{"@_fa": "true", "affilname":"Yale University","affiliation-city":"New Haven","affiliation-country":"United States"}],"pubmed-id":"29488174","prism:aggregationType":"Journal","subtype":"ar","subtypeDescription":"Article","source-id":"21100779233","openaccess":"0","openaccessFlag":false},{"@_fa": "true", "link": [{"@_fa": "true", "@ref": "self", "@href": "https://api.elsevier.com/content/abstract/scopus_id/85046550317"},{"@_fa": "true", "@ref": "author-affiliation", "@href": "https://api.elsevier.com/content/abstract/scopus_id/85046550317?field=author,affiliation"},{"@_fa": "true", "@ref": "scopus", "@href": "https://www.scopus.com/inward/record.uri?partnerID=HzOxMe3b&scp=85046550317&origin=inward"},{"@_fa": "true", "@ref": "scopus-citedby", "@href": "https://www.scopus.com/inward/citedby.uri?partnerID=HzOxMe3b&scp=85046550317&origin=inward"}],"prism:url":"https://api.elsevier.com/content/abstract/scopus_id/85046550317","dc:identifier":"SCOPUS_ID:85046550317","eid":"2-s2.0-85046550317","dc:title":"Characteristics for the Effectiveness of Women’s Self-Help Groups in Bihar","dc:creator":"Kumar R.","prism:publicationName":"Voluntas","prism:issn":"09578765","prism:volume":"29","prism:issueIdentifier":"6","prism:pageRange":"1283-1299","prism:coverDate":"2018-12-15","prism:coverDisplayDate":"15 December 2018","prism:doi":"10.1007/s11266-018-9995-9","citedby-count":"0","affiliation": [{"@_fa": "true", "affilname":"Indian Institute of Technology Kharagpur","affiliation-city":"Kharagpur","affiliation-country":"India"}],"prism:aggregationType":"Journal","subtype":"ar","subtypeDescription":"Article","source-id":"15725","openaccess":"0","openaccessFlag":false},{"@_fa": "true", "link": [{"@_fa": "true", "@ref": "self", "@href": "https://api.elsevier.com/content/abstract/scopus_id/85061928288"},{"@_fa": "true", "@ref": "author-affiliation", "@href": "https://api.elsevier.com/content/abstract/scopus_id/85061928288?field=author,affiliation"},{"@_fa": "true", "@ref": "scopus", "@href": "https://www.scopus.com/inward/record.uri?partnerID=HzOxMe3b&scp=85061928288&origin=inward"},{"@_fa": "true", "@ref": "scopus-citedby", "@href": "https://www.scopus.com/inward/citedby.uri?partnerID=HzOxMe3b&scp=85061928288&origin=inward"}],"prism:url":"https://api.elsevier.com/content/abstract/scopus_id/85061928288","dc:identifier":"SCOPUS_ID:85061928288","eid":"2-s2.0-85061928288","dc:title":"“The End Game”- Students’ perspectives of the National Residency Matching Program: A focus group study","dc:creator":"Nilsen K.","prism:publicationName":"Medical Science Educator","prism:eIssn":"21568650","prism:volume":"28","prism:issueIdentifier":"4","prism:pageRange":"729-737","prism:coverDate":"2018-12-15","prism:coverDisplayDate":"15 December 2018","prism:doi":"10.1007/s40670-018-0627-1","citedby-count":"0","affiliation": [{"@_fa": "true", "affilname":"University of Kansas School of Medicine - Wichita","affiliation-city":"Wichita","affiliation-country":"United States"}],"prism:aggregationType":"Journal","subtype":"ar","subtypeDescription":"Article","source-id":"21100897004","openaccess":"0","openaccessFlag":false},{"@_fa": "true", "link": [{"@_fa": "true", "@ref": "self", "@href": "https://api.elsevier.com/content/abstract/scopus_id/85060481468"},{"@_fa": "true", "@ref": "author-affiliation", "@href": "https://api.elsevier.com/content/abstract/scopus_id/85060481468?field=author,affiliation"},{"@_fa": "true", "@ref": "scopus", "@href": "https://www.scopus.com/inward/record.uri?partnerID=HzOxMe3b&scp=85060481468&origin=inward"},{"@_fa": "true", "@ref": "scopus-citedby", "@href": "https://www.scopus.com/inward/citedby.uri?partnerID=HzOxMe3b&scp=85060481468&origin=inward"}],"prism:url":"https://api.elsevier.com/content/abstract/scopus_id/85060481468","dc:identifier":"SCOPUS_ID:85060481468","eid":"2-s2.0-85060481468","dc:title":"Trust as a Service: Building and Managing Trust in the Internet of Things","dc:creator":"Liu L.","prism:publicationName":"2018 IEEE International Symposium on Technologies for Homeland Security, HST 2018","prism:isbn": [{"@_fa": "true", "$" :"9781538634431"}],"prism:pageRange":null,"prism:coverDate":"2018-12-12","prism:coverDisplayDate":"12 December 2018","prism:doi":"10.1109/THS.2018.8574169","citedby-count":"0","affiliation": [{"@_fa": "true", "affilname":"Georgia Institute of Technology","affiliation-city":"Atlanta","affiliation-country":"United States"}],"prism:aggregationType":"Conference Proceeding","subtype":"cp","subtypeDescription":"Conference Paper","article-number":"8574169","source-id":"21100896182","openaccess":"0","openaccessFlag":false},{"@_fa": "true", "link": [{"@_fa": "true", "@ref": "self", "@href": "https://api.elsevier.com/content/abstract/scopus_id/85060485172"},{"@_fa": "true", "@ref": "author-affiliation", "@href": "https://api.elsevier.com/content/abstract/scopus_id/85060485172?field=author,affiliation"},{"@_fa": "true", "@ref": "scopus", "@href": "https://www.scopus.com/inward/record.uri?partnerID=HzOxMe3b&scp=85060485172&origin=inward"},{"@_fa": "true", "@ref": "scopus-citedby", "@href": "https://www.scopus.com/inward/citedby.uri?partnerID=HzOxMe3b&scp=85060485172&origin=inward"}],"prism:url":"https://api.elsevier.com/content/abstract/scopus_id/85060485172","dc:identifier":"SCOPUS_ID:85060485172","eid":"2-s2.0-85060485172","dc:title":"Fair Authentic Acoustic Network Grouping","dc:creator":"Lowney M.","prism:publicationName":"2018 IEEE International Symposium on Technologies for Homeland Security, HST 2018","prism:isbn": [{"@_fa": "true", "$" :"9781538634431"}],"prism:pageRange":null,"prism:coverDate":"2018-12-12","prism:coverDisplayDate":"12 December 2018","prism:doi":"10.1109/THS.2018.8574166","citedby-count":"0","affiliation": [{"@_fa": "true", "affilname":"Naval Undersea Warfare Center Newport Beach","affiliation-city":"Newport","affiliation-country":"United States"},{"@_fa": "true", "affilname":"University of Massachusetts Dartmouth","affiliation-city":"Dartmouth","affiliation-country":"United States"}],"prism:aggregationType":"Conference Proceeding","subtype":"cp","subtypeDescription":"Conference Paper","article-number":"8574166","source-id":"21100896182","openaccess":"0","openaccessFlag":false},{"@_fa": "true", "link": [{"@_fa": "true", "@ref": "self", "@href": "https://api.elsevier.com/content/abstract/scopus_id/85058221298"},{"@_fa": "true", "@ref": "author-affiliation", "@href": "https://api.elsevier.com/content/abstract/scopus_id/85058221298?field=author,affiliation"},{"@_fa": "true", "@ref": "scopus", "@href": "https://www.scopus.com/inward/record.uri?partnerID=HzOxMe3b&scp=85058221298&origin=inward"},{"@_fa": "true", "@ref": "scopus-citedby", "@href": "https://www.scopus.com/inward/citedby.uri?partnerID=HzOxMe3b&scp=85058221298&origin=inward"}],"prism:url":"https://api.elsevier.com/content/abstract/scopus_id/85058221298","dc:identifier":"SCOPUS_ID:85058221298","eid":"2-s2.0-85058221298","dc:title":"Can UGITs promote liquidity management and sustainable development?","dc:creator":"Aassouli D.","prism:publicationName":"ISRA International Journal of Islamic Finance","prism:issn":"01281976","prism:eIssn":"22894365","prism:volume":"10","prism:issueIdentifier":"2","prism:pageRange":"126-142","prism:coverDate":"2018-12-10","prism:coverDisplayDate":"10 December 2018","prism:doi":"10.1108/IJIF-12-2017-0055","citedby-count":"0","affiliation": [{"@_fa": "true", "affilname":"Hamad Bin Khalifa University","affiliation-city":"Doha","affiliation-country":"Qatar"}],"prism:aggregationType":"Journal","subtype":"ar","subtypeDescription":"Article","source-id":"21100870829","openaccess":"1","openaccessFlag":true},{"@_fa": "true", "link": [{"@_fa": "true", "@ref": "self", "@href": "https://api.elsevier.com/content/abstract/scopus_id/85058219411"},{"@_fa": "true", "@ref": "author-affiliation", "@href": "https://api.elsevier.com/content/abstract/scopus_id/85058219411?field=author,affiliation"},{"@_fa": "true", "@ref": "scopus", "@href": "https://www.scopus.com/inward/record.uri?partnerID=HzOxMe3b&scp=85058219411&origin=inward"},{"@_fa": "true", "@ref": "scopus-citedby", "@href": "https://www.scopus.com/inward/citedby.uri?partnerID=HzOxMe3b&scp=85058219411&origin=inward"}],"prism:url":"https://api.elsevier.com/content/abstract/scopus_id/85058219411","dc:identifier":"SCOPUS_ID:85058219411","eid":"2-s2.0-85058219411","dc:title":"Sharīʿah-compliance ratings of the Islamic financial services industry: a quantitative approach","dc:creator":"Hanif M.","prism:publicationName":"ISRA International Journal of Islamic Finance","prism:issn":"01281976","prism:eIssn":"22894365","prism:volume":"10","prism:issueIdentifier":"2","prism:pageRange":"162-184","prism:coverDate":"2018-12-10","prism:coverDisplayDate":"10 December 2018","prism:doi":"10.1108/IJIF-10-2017-0038","citedby-count":"0","affiliation": [{"@_fa": "true", "affilname":"Ajman University","affiliation-city":"Ajman","affiliation-country":"United Arab Emirates"}],"prism:aggregationType":"Journal","subtype":"ar","subtypeDescription":"Article","source-id":"21100870829","openaccess":"1","openaccessFlag":true},{"@_fa": "true", "link": [{"@_fa": "true", "@ref": "self", "@href": "https://api.elsevier.com/content/abstract/scopus_id/85058145030"},{"@_fa": "true", "@ref": "author-affiliation", "@href": "https://api.elsevier.com/content/abstract/scopus_id/85058145030?field=author,affiliation"},{"@_fa": "true", "@ref": "scopus", "@href": "https://www.scopus.com/inward/record.uri?partnerID=HzOxMe3b&scp=85058145030&origin=inward"},{"@_fa": "true", "@ref": "scopus-citedby", "@href": "https://www.scopus.com/inward/citedby.uri?partnerID=HzOxMe3b&scp=85058145030&origin=inward"}],"prism:url":"https://api.elsevier.com/content/abstract/scopus_id/85058145030","dc:identifier":"SCOPUS_ID:85058145030","eid":"2-s2.0-85058145030","dc:title":"A study of trust and cooperation in the Nzoia river basin using a water policy game","dc:creator":"Onencan A.","prism:publicationName":"Sustainability (Switzerland)","prism:eIssn":"20711050","prism:volume":"10","prism:issueIdentifier":"12","prism:pageRange":null,"prism:coverDate":"2018-12-08","prism:coverDisplayDate":"8 December 2018","prism:doi":"10.3390/su10124678","citedby-count":"2","affiliation": [{"@_fa": "true", "affilname":"Delft University of Technology","affiliation-city":"Delft","affiliation-country":"Netherlands"}],"prism:aggregationType":"Journal","subtype":"ar","subtypeDescription":"Article","article-number":"4678","source-id":"21100240100","openaccess":"1","openaccessFlag":true}]}}