{"search-results":{"opensearch:totalResults":"1612","opensearch:startIndex":"0","opensearch:itemsPerPage":"25","opensearch:Query":{"@role": "request", "@searchTerms": "TITLE-ABS-KEY(\"trust\") AND SUBJAREA(SOCI) AND PUBYEAR = 2019", "@startPage": "0"},"link": [{"@_fa": "true", "@ref": "self", "@href": "https://api.elsevier.com/content/search/scopus?start=0&count=25&query=TITLE-ABS-KEY%28%22trust%22%29+AND+SUBJAREA%28SOCI%29+AND+PUBYEAR+%3D+2019&apiKey=27d953b4b546791964ebeb768d13e61f&view=STANDARD", "@type": "application/json"},{"@_fa": "true", "@ref": "first", "@href": "https://api.elsevier.com/content/search/scopus?start=0&count=25&query=TITLE-ABS-KEY%28%22trust%22%29+AND+SUBJAREA%28SOCI%29+AND+PUBYEAR+%3D+2019&apiKey=27d953b4b546791964ebeb768d13e61f&view=STANDARD", "@type": "application/json"},{"@_fa": "true", "@ref": "next", "@href": "https://api.elsevier.com/content/search/scopus?start=25&count=25&query=TITLE-ABS-KEY%28%22trust%22%29+AND+SUBJAREA%28SOCI%29+AND+PUBYEAR+%3D+2019&apiKey=27d953b4b546791964ebeb768d13e61f&view=STANDARD", "@type": "application/json"},{"@_fa": "true", "@ref": "last", "@href": "https://api.elsevier.com/content/search/scopus?start=1587&count=25&query=TITLE-ABS-KEY%28%22trust%22%29+AND+SUBJAREA%28SOCI%29+AND+PUBYEAR+%3D+2019&apiKey=27d953b4b546791964ebeb768d13e61f&view=STANDARD", "@type": "application/json"}],"entry": [{"@_fa": "true", "link": [{"@_fa": "true", "@ref": "self", "@href": "https://api.elsevier.com/content/abstract/scopus_id/85064895402"},{"@_fa": "true", "@ref": "author-affiliation", "@href": "https://api.elsevier.com/content/abstract/scopus_id/85064895402?field=author,affiliation"},{"@_fa": "true", "@ref": "scopus", "@href": "https://www.scopus.com/inward/record.uri?partnerID=HzOxMe3b&scp=85064895402&origin=inward"},{"@_fa": "true", "@ref": "scopus-citedby", "@href": "https://www.scopus.com/inward/citedby.uri?partnerID=HzOxMe3b&scp=85064895402&origin=inward"}],"prism:url":"https://api.elsevier.com/content/abstract/scopus_id/85064895402","dc:identifier":"SCOPUS_ID:85064895402","eid":"2-s2.0-85064895402","dc:title":"Navigating intimate sexual partnerships in an era of HIV: dimensions of couple relationship quality and satisfaction among adults in Eswatini and linkages to HIV risk","dc:creator":"Ruark A.","prism:publicationName":"SAHARA J : journal of Social Aspects of HIV/AIDS Research Alliance","prism:eIssn":"18134424","prism:volume":"16","prism:issueIdentifier":"1","prism:pageRange":"10-24","prism:coverDate":"2019-12-01","prism:coverDisplayDate":"1 December 2019","prism:doi":"10.1080/17290376.2019.1604254","citedby-count":"0","affiliation": [{"@_fa": "true", "affilname":"Brown University","affiliation-city":"Providence","affiliation-country":"United States"}],"pubmed-id":"30987536","prism:aggregationType":"Journal","subtype":"ar","subtypeDescription":"Article","source-id":"4700152238","openaccess":"1","openaccessFlag":true},{"@_fa": "true", "link": [{"@_fa": "true", "@ref": "self", "@href": "https://api.elsevier.com/content/abstract/scopus_id/85059313247"},{"@_fa": "true", "@ref": "author-affiliation", "@href": "https://api.elsevier.com/content/abstract/scopus_id/85059313247?field=author,affiliation"},{"@_fa": "true", "@ref": "scopus", "@href": "https://www.scopus.com/inward/record.uri?partnerID=HzOxMe3b&scp=85059313247&origin=inward"},{"@_fa": "true", "@ref": "scopus-citedby", "@href": "https://www.scopus.com/inward/citedby.uri?partnerID=HzOxMe3b&scp=85059313247&origin=inward"}],"prism:url":"https://api.elsevier.com/content/abstract/scopus_id/85059313247","dc:identifier":"SCOPUS_ID:85059313247","eid":"2-s2.0-85059313247","dc:title":"Learning analytics tools in higher education: Adoption at the intersection of institutional commitment and individual action","dc:creator":"Klein C.","prism:publicationName":"Review of Higher Education","prism:issn":"01625748","prism:eIssn":"10907009","prism:volume":"42","prism:issueIdentifier":"2","prism:pageRange":"565-593","prism:coverDate":"2019-12-01","prism:coverDisplayDate":"Winter 2019","prism:doi":"10.1353/rhe.2019.0007","citedby-count":"1","affiliation": [{"@_fa": "true", "affilname":"George Mason University, Fairfax Campus","affiliation-city":"Fairfax","affiliation-country":"United States"}],"prism:aggregationType":"Journal","subtype":"ar","subtypeDescription":"Article","source-id":"20738","openaccess":"0","openaccessFlag":false},{"@_fa": "true", "link": [{"@_fa": "true", "@ref": "self", "@href": "https://api.elsevier.com/content/abstract/scopus_id/85066748265"},{"@_fa": "true", "@ref": "author-affiliation", "@href": "https://api.elsevier.com/content/abstract/scopus_id/85066748265?field=author,affiliation"},{"@_fa": "true", "@ref": "scopus", "@href": "https://www.scopus.com/inward/record.uri?partnerID=HzOxMe3b&scp=85066748265&origin=inward"},{"@_fa": "true", "@ref": "scopus-citedby", "@href": "https://www.scopus.com/inward/citedby.uri?partnerID=HzOxMe3b&scp=85066748265&origin=inward"},{"@_fa": "true", "@ref": "full-text", "@href": "https://api.elsevier.com/content/article/eid/1-s2.0-S0261517719300986"}],"prism:url":"https://api.elsevier.com/content/abstract/scopus_id/85066748265","dc:identifier":"SCOPUS_ID:85066748265","eid":"2-s2.0-85066748265","dc:title":"Outcomes and challenges of an international convention centre's local procurement strategy","dc:creator":"Harrison B.","prism:publicationName":"Tourism Management","prism:issn":"02615177","prism:volume":"75","prism:pageRange":"328-339","prism:coverDate":"2019-12-01","prism:coverDisplayDate":"December 2019","prism:doi":"10.1016/j.tourman.2019.05.004","pii":"S0261517719300986","citedby-count":"0","affiliation": [{"@_fa": "true", "affilname":"University of Technology Sydney","affiliation-city":"Sydney","affiliation-country":"Australia"}],"prism:aggregationType":"Journal","subtype":"ar","subtypeDescription":"Article","source-id":"16547","openaccess":"0","openaccessFlag":false},{"@_fa": "true", "link": [{"@_fa": "true", "@ref": "self", "@href": "https://api.elsevier.com/content/abstract/scopus_id/85064335992"},{"@_fa": "true", "@ref": "author-affiliation", "@href": "https://api.elsevier.com/content/abstract/scopus_id/85064335992?field=author,affiliation"},{"@_fa": "true", "@ref": "scopus", "@href": "https://www.scopus.com/inward/record.uri?partnerID=HzOxMe3b&scp=85064335992&origin=inward"},{"@_fa": "true", "@ref": "scopus-citedby", "@href": "https://www.scopus.com/inward/citedby.uri?partnerID=HzOxMe3b&scp=85064335992&origin=inward"}],"prism:url":"https://api.elsevier.com/content/abstract/scopus_id/85064335992","dc:identifier":"SCOPUS_ID:85064335992","eid":"2-s2.0-85064335992","dc:title":"‘Altın Günü’: migrant women’s social protection networks","dc:creator":"Bilecen B.","prism:publicationName":"Comparative Migration Studies","prism:eIssn":"2214594X","prism:volume":"7","prism:issueIdentifier":"1","prism:pageRange":null,"prism:coverDate":"2019-12-01","prism:coverDisplayDate":"1 December 2019","prism:doi":"10.1186/s40878-019-0114-x","citedby-count":"0","affiliation": [{"@_fa": "true", "affilname":"Universität Bielefeld","affiliation-city":"Bielefeld","affiliation-country":"Germany"},{"@_fa": "true", "affilname":"University of Groningen","affiliation-city":"Groningen","affiliation-country":"Netherlands"}],"prism:aggregationType":"Journal","subtype":"ar","subtypeDescription":"Article","article-number":"11","source-id":"21100899442","openaccess":"1","openaccessFlag":true},{"@_fa": "true", "link": [{"@_fa": "true", "@ref": "self", "@href": "https://api.elsevier.com/content/abstract/scopus_id/85061692628"},{"@_fa": "true", "@ref": "author-affiliation", "@href": "https://api.elsevier.com/content/abstract/scopus_id/85061692628?field=author,affiliation"},{"@_fa": "true", "@ref": "scopus", "@href": "https://www.scopus.com/inward/record.uri?partnerID=HzOxMe3b&scp=85061692628&origin=inward"},{"@_fa": "true", "@ref": "scopus-citedby", "@href": "https://www.scopus.com/inward/citedby.uri?partnerID=HzOxMe3b&scp=85061692628&origin=inward"}],"prism:url":"https://api.elsevier.com/content/abstract/scopus_id/85061692628","dc:identifier":"SCOPUS_ID:85061692628","eid":"2-s2.0-85061692628","dc:title":"When do information seekers trust scientific information? Insights from recipients’ evaluations of online video lectures","dc:creator":"König L.","prism:publicationName":"International Journal of Educational Technology in Higher Education","prism:eIssn":"23659440","prism:volume":"16","prism:issueIdentifier":"1","prism:pageRange":null,"prism:coverDate":"2019-12-01","prism:coverDisplayDate":"1 December 2019","prism:doi":"10.1186/s41239-019-0132-7","citedby-count":"1","affiliation": [{"@_fa": "true", "affilname":"Westfälische Wilhelms-Universität Münster","affiliation-city":"Munster","affiliation-country":"Germany"}],"prism:aggregationType":"Journal","subtype":"ar","subtypeDescription":"Article","article-number":"1","source-id":"21100466714","openaccess":"1","openaccessFlag":true},{"@_fa": "true", "link": [{"@_fa": "true", "@ref": "self", "@href": "https://api.elsevier.com/content/abstract/scopus_id/85065566885"},{"@_fa": "true", "@ref": "author-affiliation", "@href": "https://api.elsevier.com/content/abstract/scopus_id/85065566885?field=author,affiliation"},{"@_fa": "true", "@ref": "scopus", "@href": "https://www.scopus.com/inward/record.uri?partnerID=HzOxMe3b&scp=85065566885&origin=inward"},{"@_fa": "true", "@ref": "scopus-citedby", "@href": "https://www.scopus.com/inward/citedby.uri?partnerID=HzOxMe3b&scp=85065566885&origin=inward"}],"prism:url":"https://api.elsevier.com/content/abstract/scopus_id/85065566885","dc:identifier":"SCOPUS_ID:85065566885","eid":"2-s2.0-85065566885","dc:title":"Why some people do not use Facebook?","dc:creator":"Aloudat A.","prism:publicationName":"Social Network Analysis and Mining","prism:issn":"18695450","prism:eIssn":"18695469","prism:volume":"9","prism:issueIdentifier":"1","prism:pageRange":null,"prism:coverDate":"2019-12-01","prism:coverDisplayDate":"1 December 2019","prism:doi":"10.1007/s13278-019-0564-z","citedby-count":"0","affiliation": [{"@_fa": "true", "affilname":"The University of Jordan","affiliation-city":"Amman","affiliation-country":"Jordan"}],"prism:aggregationType":"Journal","subtype":"ar","subtypeDescription":"Article","article-number":"19","source-id":"19700177337","openaccess":"0","openaccessFlag":false},{"@_fa": "true", "link": [{"@_fa": "true", "@ref": "self", "@href": "https://api.elsevier.com/content/abstract/scopus_id/85060708472"},{"@_fa": "true", "@ref": "author-affiliation", "@href": "https://api.elsevier.com/content/abstract/scopus_id/85060708472?field=author,affiliation"},{"@_fa": "true", "@ref": "scopus", "@href": "https://www.scopus.com/inward/record.uri?partnerID=HzOxMe3b&scp=85060708472&origin=inward"},{"@_fa": "true", "@ref": "scopus-citedby", "@href": "https://www.scopus.com/inward/citedby.uri?partnerID=HzOxMe3b&scp=85060708472&origin=inward"},{"@_fa": "true", "@ref": "full-text", "@href": "https://api.elsevier.com/content/article/eid/1-s2.0-S026840121831168X"}],"prism:url":"https://api.elsevier.com/content/abstract/scopus_id/85060708472","dc:identifier":"SCOPUS_ID:85060708472","eid":"2-s2.0-85060708472","dc:title":"Calculating trust in domain analysis: Theoretical trust model","dc:creator":"Al Qundus J.","prism:publicationName":"International Journal of Information Management","prism:issn":"02684012","prism:volume":"48","prism:pageRange":"1-11","prism:coverDate":"2019-10-01","prism:coverDisplayDate":"October 2019","prism:doi":"10.1016/j.ijinfomgt.2019.01.012","pii":"S026840121831168X","citedby-count":"0","affiliation": [{"@_fa": "true", "affilname":"Freie Universität Berlin","affiliation-city":"Berlin","affiliation-country":"Germany"}],"prism:aggregationType":"Journal","subtype":"ar","subtypeDescription":"Article","source-id":"15631","openaccess":"0","openaccessFlag":false},{"@_fa": "true", "link": [{"@_fa": "true", "@ref": "self", "@href": "https://api.elsevier.com/content/abstract/scopus_id/85062218201"},{"@_fa": "true", "@ref": "author-affiliation", "@href": "https://api.elsevier.com/content/abstract/scopus_id/85062218201?field=author,affiliation"},{"@_fa": "true", "@ref": "scopus", "@href": "https://www.scopus.com/inward/record.uri?partnerID=HzOxMe3b&scp=85062218201&origin=inward"},{"@_fa": "true", "@ref": "scopus-citedby", "@href": "https://www.scopus.com/inward/citedby.uri?partnerID=HzOxMe3b&scp=85062218201&origin=inward"},{"@_fa": "true", "@ref": "full-text", "@href": "https://api.elsevier.com/content/article/eid/1-s2.0-S0268401219300556"}],"prism:url":"https://api.elsevier.com/content/abstract/scopus_id/85062218201","dc:identifier":"SCOPUS_ID:85062218201","eid":"2-s2.0-85062218201","dc:title":"Emotional intelligence: The key to mitigating stress and fostering trust among software developers working on information system projects","dc:creator":"Rezvani A.","prism:publicationName":"International Journal of Information Management","prism:issn":"02684012","prism:volume":"48","prism:pageRange":"139-150","prism:coverDate":"2019-10-01","prism:coverDisplayDate":"October 2019","prism:doi":"10.1016/j.ijinfomgt.2019.02.007","pii":"S0268401219300556","citedby-count":"0","affiliation": [{"@_fa": "true", "affilname":"University of Queensland","affiliation-city":"Brisbane","affiliation-country":"Australia"}],"prism:aggregationType":"Journal","subtype":"ar","subtypeDescription":"Article","source-id":"15631","openaccess":"0","openaccessFlag":false},{"@_fa": "true", "link": [{"@_fa": "true", "@ref": "self", "@href": "https://api.elsevier.com/content/abstract/scopus_id/85065515743"},{"@_fa": "true", "@ref": "author-affiliation", "@href": "https://api.elsevier.com/content/abstract/scopus_id/85065515743?field=author,affiliation"},{"@_fa": "true", "@ref": "scopus", "@href": "https://www.scopus.com/inward/record.uri?partnerID=HzOxMe3b&scp=85065515743&origin=inward"},{"@_fa": "true", "@ref": "scopus-citedby", "@href": "https://www.scopus.com/inward/citedby.uri?partnerID=HzOxMe3b&scp=85065515743&origin=inward"},{"@_fa": "true", "@ref": "full-text", "@href": "https://api.elsevier.com/content/article/eid/1-s2.0-S0925753519306794"}],"prism:url":"https://api.elsevier.com/content/abstract/scopus_id/85065515743","dc:identifier":"SCOPUS_ID:85065515743","eid":"2-s2.0-85065515743","dc:title":"Safety detection algorithm in sensor network based on ant colony optimization with improved multiple clustering algorithms","dc:creator":"Zhu L.","prism:publicationName":"Safety Science","prism:issn":"09257535","prism:eIssn":"18791042","prism:volume":"118","prism:pageRange":"96-102","prism:coverDate":"2019-10-01","prism:coverDisplayDate":"October 2019","prism:doi":"10.1016/j.ssci.2019.05.012","pii":"S0925753519306794","citedby-count":"0","affiliation": [{"@_fa": "true", "affilname":"Henan Institute of Technology","affiliation-city":"Xinxiang","affiliation-country":"China"}],"prism:aggregationType":"Journal","subtype":"ar","subtypeDescription":"Article","source-id":"12332","openaccess":"0","openaccessFlag":false},{"@_fa": "true", "link": [{"@_fa": "true", "@ref": "self", "@href": "https://api.elsevier.com/content/abstract/scopus_id/85066936887"},{"@_fa": "true", "@ref": "author-affiliation", "@href": "https://api.elsevier.com/content/abstract/scopus_id/85066936887?field=author,affiliation"},{"@_fa": "true", "@ref": "scopus", "@href": "https://www.scopus.com/inward/record.uri?partnerID=HzOxMe3b&scp=85066936887&origin=inward"},{"@_fa": "true", "@ref": "scopus-citedby", "@href": "https://www.scopus.com/inward/citedby.uri?partnerID=HzOxMe3b&scp=85066936887&origin=inward"},{"@_fa": "true", "@ref": "full-text", "@href": "https://api.elsevier.com/content/article/eid/1-s2.0-S221462961831171X"}],"prism:url":"https://api.elsevier.com/content/abstract/scopus_id/85066936887","dc:identifier":"SCOPUS_ID:85066936887","eid":"2-s2.0-85066936887","dc:title":"Emotions and fuel poverty: The lived experience of social housing tenants in the United Kingdom","dc:creator":"Longhurst N.","prism:publicationName":"Energy Research and Social Science","prism:issn":"22146296","prism:volume":"56","prism:pageRange":null,"prism:coverDate":"2019-10-01","prism:coverDisplayDate":"October 2019","prism:doi":"10.1016/j.erss.2019.05.017","pii":"S221462961831171X","citedby-count":"0","affiliation": [{"@_fa": "true", "affilname":"University of East Anglia","affiliation-city":"Norwich","affiliation-country":"United Kingdom"}],"prism:aggregationType":"Journal","subtype":"ar","subtypeDescription":"Article","article-number":"101207","source-id":"21100325067","openaccess":"0","openaccessFlag":false},{"@_fa": "true", "link": [{"@_fa": "true", "@ref": "self", "@href": "https://api.elsevier.com/content/abstract/scopus_id/85064751413"},{"@_fa": "true", "@ref": "author-affiliation", "@href": "https://api.elsevier.com/content/abstract/scopus_id/85064751413?field=author,affiliation"},{"@_fa": "true", "@ref": "scopus", "@href": "https://www.scopus.com/inward/record.uri?partnerID=HzOxMe3b&scp=85064751413&origin=inward"},{"@_fa": "true", "@ref": "scopus-citedby", "@href": "https://www.scopus.com/inward/citedby.uri?partnerID=HzOxMe3b&scp=85064751413&origin=inward"}],"prism:url":"https://api.elsevier.com/content/abstract/scopus_id/85064751413","dc:identifier":"SCOPUS_ID:85064751413","eid":"2-s2.0-85064751413","dc:title":"Thinking about Fuel Management: The Potential of Integrative Complexity Theory to Inform Design of Communication about Fuel Management Used To Reduce Wildfire Risk","dc:creator":"Mylek M.","prism:publicationName":"Society and Natural Resources","prism:issn":"08941920","prism:eIssn":"15210723","prism:volume":"32","prism:issueIdentifier":"9","prism:pageRange":"983-1002","prism:coverDate":"2019-09-02","prism:coverDisplayDate":"2 September 2019","prism:doi":"10.1080/08941920.2019.1597232","citedby-count":"0","affiliation": [{"@_fa": "true", "affilname":"Australian National University, Fenner School of Environment and Society","affiliation-city":"Canberra","affiliation-country":"Australia"}],"prism:aggregationType":"Journal","subtype":"ar","subtypeDescription":"Article","source-id":"25822","openaccess":"1","openaccessFlag":true},{"@_fa": "true", "link": [{"@_fa": "true", "@ref": "self", "@href": "https://api.elsevier.com/content/abstract/scopus_id/85050901835"},{"@_fa": "true", "@ref": "author-affiliation", "@href": "https://api.elsevier.com/content/abstract/scopus_id/85050901835?field=author,affiliation"},{"@_fa": "true", "@ref": "scopus", "@href": "https://www.scopus.com/inward/record.uri?partnerID=HzOxMe3b&scp=85050901835&origin=inward"},{"@_fa": "true", "@ref": "scopus-citedby", "@href": "https://www.scopus.com/inward/citedby.uri?partnerID=HzOxMe3b&scp=85050901835&origin=inward"}],"prism:url":"https://api.elsevier.com/content/abstract/scopus_id/85050901835","dc:identifier":"SCOPUS_ID:85050901835","eid":"2-s2.0-85050901835","dc:title":"The new working class: How to win hearts, minds and votes","dc:creator":"Ainsley C.","prism:publicationName":"The new working class: How to win hearts, minds and votes","prism:isbn": [{"@_fa": "true", "$" :"9781447344193"}],"prism:pageRange":"1-200","prism:coverDate":"2019-09-01","prism:coverDisplayDate":"1 September 2019","citedby-count":"0","affiliation": [{"@_fa": "true", "affilname":"Joseph Rowntree Foundation","affiliation-city":"York","affiliation-country":"United Kingdom"}],"prism:aggregationType":"Book","subtype":"bk","subtypeDescription":"Book","source-id":"21100870976","openaccess":"0","openaccessFlag":false},{"@_fa": "true", "link": [{"@_fa": "true", "@ref": "self", "@href": "https://api.elsevier.com/content/abstract/scopus_id/85064632059"},{"@_fa": "true", "@ref": "author-affiliation", "@href": "https://api.elsevier.com/content/abstract/scopus_id/85064632059?field=author,affiliation"},{"@_fa": "true", "@ref": "scopus", "@href": "https://www.scopus.com/inward/record.uri?partnerID=HzOxMe3b&scp=85064632059&origin=inward"},{"@_fa": "true", "@ref": "scopus-citedby", "@href": "https://www.scopus.com/inward/citedby.uri?partnerID=HzOxMe3b&scp=85064632059&origin=inward"},{"@_fa": "true", "@ref": "full-text", "@href": "https://api.elsevier.com/content/article/eid/1-s2.0-S0305750X19300920"}],"prism:url":"https://api.elsevier.com/content/abstract/scopus_id/85064632059","dc:identifier":"SCOPUS_ID:85064632059","eid":"2-s2.0-85064632059","dc:title":"Trust, regulation and participatory forest management: Micro-level evidence on forest governance from Ethiopia","dc:creator":"Kahsay G.","prism:publicationName":"World Development","prism:issn":"0305750X","prism:eIssn":"18735991","prism:volume":"120","prism:pageRange":"118-132","prism:coverDate":"2019-08-01","prism:coverDisplayDate":"August 2019","prism:doi":"10.1016/j.worlddev.2019.04.007","pii":"S0305750X19300920","citedby-count":"0","affiliation": [{"@_fa": "true", "affilname":"Københavns Universitet","affiliation-city":"Copenhagen","affiliation-country":"Denmark"}],"prism:aggregationType":"Journal","subtype":"ar","subtypeDescription":"Article","source-id":"30060","openaccess":"0","openaccessFlag":false},{"@_fa": "true", "link": [{"@_fa": "true", "@ref": "self", "@href": "https://api.elsevier.com/content/abstract/scopus_id/85066241521"},{"@_fa": "true", "@ref": "author-affiliation", "@href": "https://api.elsevier.com/content/abstract/scopus_id/85066241521?field=author,affiliation"},{"@_fa": "true", "@ref": "scopus", "@href": "https://www.scopus.com/inward/record.uri?partnerID=HzOxMe3b&scp=85066241521&origin=inward"},{"@_fa": "true", "@ref": "scopus-citedby", "@href": "https://www.scopus.com/inward/citedby.uri?partnerID=HzOxMe3b&scp=85066241521&origin=inward"},{"@_fa": "true", "@ref": "full-text", "@href": "https://api.elsevier.com/content/article/eid/1-s2.0-S2352827318303021"}],"prism:url":"https://api.elsevier.com/content/abstract/scopus_id/85066241521","dc:identifier":"SCOPUS_ID:85066241521","eid":"2-s2.0-85066241521","dc:title":"What determines gender inequalities in social capital in Ukraine?","dc:creator":"Karhina K.","prism:publicationName":"SSM - Population Health","prism:eIssn":"23528273","prism:volume":"8","prism:pageRange":null,"prism:coverDate":"2019-08-01","prism:coverDisplayDate":"August 2019","prism:doi":"10.1016/j.ssmph.2019.100383","pii":"S2352827318303021","citedby-count":"0","affiliation": [{"@_fa": "true", "affilname":"Umeå Universitet","affiliation-city":"Umea","affiliation-country":"Sweden"}],"prism:aggregationType":"Journal","subtype":"ar","subtypeDescription":"Article","article-number":"100383","source-id":"21100443787","openaccess":"1","openaccessFlag":true},{"@_fa": "true", "link": [{"@_fa": "true", "@ref": "self", "@href": "https://api.elsevier.com/content/abstract/scopus_id/85066073893"},{"@_fa": "true", "@ref": "author-affiliation", "@href": "https://api.elsevier.com/content/abstract/scopus_id/85066073893?field=author,affiliation"},{"@_fa": "true", "@ref": "scopus", "@href": "https://www.scopus.com/inward/record.uri?partnerID=HzOxMe3b&scp=85066073893&origin=inward"},{"@_fa": "true", "@ref": "scopus-citedby", "@href": "https://www.scopus.com/inward/citedby.uri?partnerID=HzOxMe3b&scp=85066073893&origin=inward"},{"@_fa": "true", "@ref": "full-text", "@href": "https://api.elsevier.com/content/article/eid/1-s2.0-S0167487017304907"}],"prism:url":"https://api.elsevier.com/content/abstract/scopus_id/85066073893","dc:identifier":"SCOPUS_ID:85066073893","eid":"2-s2.0-85066073893","dc:title":"Guilt aversion in economics and psychology","dc:creator":"Bellemare C.","prism:publicationName":"Journal of Economic Psychology","prism:issn":"01674870","prism:volume":"73","prism:pageRange":"52-59","prism:coverDate":"2019-08-01","prism:coverDisplayDate":"August 2019","prism:doi":"10.1016/j.joep.2019.05.002","pii":"S0167487017304907","citedby-count":"0","affiliation": [{"@_fa": "true", "affilname":"Université Laval","affiliation-city":"Quebec","affiliation-country":"Canada"}],"prism:aggregationType":"Journal","subtype":"ar","subtypeDescription":"Article","source-id":"22915","openaccess":"0","openaccessFlag":false},{"@_fa": "true", "link": [{"@_fa": "true", "@ref": "self", "@href": "https://api.elsevier.com/content/abstract/scopus_id/85066293702"},{"@_fa": "true", "@ref": "author-affiliation", "@href": "https://api.elsevier.com/content/abstract/scopus_id/85066293702?field=author,affiliation"},{"@_fa": "true", "@ref": "scopus", "@href": "https://www.scopus.com/inward/record.uri?partnerID=HzOxMe3b&scp=85066293702&origin=inward"},{"@_fa": "true", "@ref": "scopus-citedby", "@href": "https://www.scopus.com/inward/citedby.uri?partnerID=HzOxMe3b&scp=85066293702&origin=inward"},{"@_fa": "true", "@ref": "full-text", "@href": "https://api.elsevier.com/content/article/eid/1-s2.0-S0167404818313282"}],"prism:url":"https://api.elsevier.com/content/abstract/scopus_id/85066293702","dc:identifier":"SCOPUS_ID:85066293702","eid":"2-s2.0-85066293702","dc:title":"Decentralized blacklistable anonymous credentials with reputation","dc:creator":"Yang R.","prism:publicationName":"Computers and Security","prism:issn":"01674048","prism:volume":"85","prism:pageRange":"353-371","prism:coverDate":"2019-08-01","prism:coverDisplayDate":"August 2019","prism:doi":"10.1016/j.cose.2019.05.009","pii":"S0167404818313282","citedby-count":"0","affiliation": [{"@_fa": "true", "affilname":"Shandong University","affiliation-city":"Jinan","affiliation-country":"China"},{"@_fa": "true", "affilname":"Hong Kong Polytechnic University","affiliation-city":"Kowloon","affiliation-country":"Hong Kong"}],"prism:aggregationType":"Journal","subtype":"ar","subtypeDescription":"Article","source-id":"28898","openaccess":"0","openaccessFlag":false},{"@_fa": "true", "link": [{"@_fa": "true", "@ref": "self", "@href": "https://api.elsevier.com/content/abstract/scopus_id/85037557858"},{"@_fa": "true", "@ref": "author-affiliation", "@href": "https://api.elsevier.com/content/abstract/scopus_id/85037557858?field=author,affiliation"},{"@_fa": "true", "@ref": "scopus", "@href": "https://www.scopus.com/inward/record.uri?partnerID=HzOxMe3b&scp=85037557858&origin=inward"},{"@_fa": "true", "@ref": "scopus-citedby", "@href": "https://www.scopus.com/inward/citedby.uri?partnerID=HzOxMe3b&scp=85037557858&origin=inward"},{"@_fa": "true", "@ref": "full-text", "@href": "https://api.elsevier.com/content/article/eid/1-s2.0-S073658531630733X"}],"prism:url":"https://api.elsevier.com/content/abstract/scopus_id/85037557858","dc:identifier":"SCOPUS_ID:85037557858","eid":"2-s2.0-85037557858","dc:title":"Harnessing mobile-social networking to participate in crises management in war-torn societies: The case of Syria","dc:creator":"Al Omoush K.","prism:publicationName":"Telematics and Informatics","prism:issn":"07365853","prism:volume":"41","prism:pageRange":"1-18","prism:coverDate":"2019-08-01","prism:coverDisplayDate":"August 2019","prism:doi":"10.1016/j.tele.2017.12.002","pii":"S073658531630733X","citedby-count":"0","affiliation": [{"@_fa": "true", "affilname":"Al-Zaytoonah University of Jordan","affiliation-city":"Amman","affiliation-country":"Jordan"}],"prism:aggregationType":"Journal","subtype":"ar","subtypeDescription":"Article","source-id":"20896","openaccess":"0","openaccessFlag":false},{"@_fa": "true", "link": [{"@_fa": "true", "@ref": "self", "@href": "https://api.elsevier.com/content/abstract/scopus_id/85059738261"},{"@_fa": "true", "@ref": "author-affiliation", "@href": "https://api.elsevier.com/content/abstract/scopus_id/85059738261?field=author,affiliation"},{"@_fa": "true", "@ref": "scopus", "@href": "https://www.scopus.com/inward/record.uri?partnerID=HzOxMe3b&scp=85059738261&origin=inward"},{"@_fa": "true", "@ref": "scopus-citedby", "@href": "https://www.scopus.com/inward/citedby.uri?partnerID=HzOxMe3b&scp=85059738261&origin=inward"},{"@_fa": "true", "@ref": "full-text", "@href": "https://api.elsevier.com/content/article/eid/1-s2.0-S026427511731274X"}],"prism:url":"https://api.elsevier.com/content/abstract/scopus_id/85059738261","dc:identifier":"SCOPUS_ID:85059738261","eid":"2-s2.0-85059738261","dc:title":"‘Downtown Is for People’: The street-level approach in Jane Jacobs' legacy and its resonance in the planning debate within the complexity theory of cities","dc:creator":"Perrone C.","prism:publicationName":"Cities","prism:issn":"02642751","prism:volume":"91","prism:pageRange":"10-16","prism:coverDate":"2019-08-01","prism:coverDisplayDate":"August 2019","prism:doi":"10.1016/j.cities.2018.12.023","pii":"S026427511731274X","citedby-count":"0","affiliation": [{"@_fa": "true", "affilname":"Università degli Studi di Firenze","affiliation-city":"Florence","affiliation-country":"Italy"}],"prism:aggregationType":"Journal","subtype":"ar","subtypeDescription":"Article","source-id":"16956","openaccess":"0","openaccessFlag":false},{"@_fa": "true", "link": [{"@_fa": "true", "@ref": "self", "@href": "https://api.elsevier.com/content/abstract/scopus_id/85066935827"},{"@_fa": "true", "@ref": "author-affiliation", "@href": "https://api.elsevier.com/content/abstract/scopus_id/85066935827?field=author,affiliation"},{"@_fa": "true", "@ref": "scopus", "@href": "https://www.scopus.com/inward/record.uri?partnerID=HzOxMe3b&scp=85066935827&origin=inward"},{"@_fa": "true", "@ref": "scopus-citedby", "@href": "https://www.scopus.com/inward/citedby.uri?partnerID=HzOxMe3b&scp=85066935827&origin=inward"}],"prism:url":"https://api.elsevier.com/content/abstract/scopus_id/85066935827","dc:identifier":"SCOPUS_ID:85066935827","eid":"2-s2.0-85066935827","dc:title":"Knowledge-transfer enablers for successful construction joint ventures","dc:creator":"Martin H.","prism:publicationName":"Journal of Legal Affairs and Dispute Resolution in Engineering and Construction","prism:issn":"19434162","prism:eIssn":"19434170","prism:volume":"11","prism:issueIdentifier":"3","prism:pageRange":null,"prism:coverDate":"2019-08-01","prism:coverDisplayDate":"1 August 2019","prism:doi":"10.1061/(ASCE)LA.1943-4170.0000313","citedby-count":"0","affiliation": [{"@_fa": "true", "affilname":"The University of the West Indies","affiliation-city":"Kingston","affiliation-country":"Jamaica"}],"prism:aggregationType":"Journal","subtype":"ar","subtypeDescription":"Article","article-number":"04519015","source-id":"21100869222","openaccess":"0","openaccessFlag":false},{"@_fa": "true", "link": [{"@_fa": "true", "@ref": "self", "@href": "https://api.elsevier.com/content/abstract/scopus_id/85065920447"},{"@_fa": "true", "@ref": "author-affiliation", "@href": "https://api.elsevier.com/content/abstract/scopus_id/85065920447?field=author,affiliation"},{"@_fa": "true", "@ref": "scopus", "@href": "https://www.scopus.com/inward/record.uri?partnerID=HzOxMe3b&scp=85065920447&origin=inward"},{"@_fa": "true", "@ref": "scopus-citedby", "@href": "https://www.scopus.com/inward/citedby.uri?partnerID=HzOxMe3b&scp=85065920447&origin=inward"},{"@_fa": "true", "@ref": "full-text", "@href": "https://api.elsevier.com/content/article/eid/1-s2.0-S0167404819300975"}],"prism:url":"https://api.elsevier.com/content/abstract/scopus_id/85065920447","dc:identifier":"SCOPUS_ID:85065920447","eid":"2-s2.0-85065920447","dc:title":"Theorem proof based gate level information flow tracking for hardware security verification","dc:creator":"Qin M.","prism:publicationName":"Computers and Security","prism:issn":"01674048","prism:volume":"85","prism:pageRange":"225-239","prism:coverDate":"2019-08-01","prism:coverDisplayDate":"August 2019","prism:doi":"10.1016/j.cose.2019.05.005","pii":"S0167404819300975","citedby-count":"0","affiliation": [{"@_fa": "true", "affilname":"Northwestern Polytechnical University","affiliation-city":"Xi'an","affiliation-country":"China"}],"prism:aggregationType":"Journal","subtype":"ar","subtypeDescription":"Article","source-id":"28898","openaccess":"0","openaccessFlag":false},{"@_fa": "true", "link": [{"@_fa": "true", "@ref": "self", "@href": "https://api.elsevier.com/content/abstract/scopus_id/85066291628"},{"@_fa": "true", "@ref": "author-affiliation", "@href": "https://api.elsevier.com/content/abstract/scopus_id/85066291628?field=author,affiliation"},{"@_fa": "true", "@ref": "scopus", "@href": "https://www.scopus.com/inward/record.uri?partnerID=HzOxMe3b&scp=85066291628&origin=inward"},{"@_fa": "true", "@ref": "scopus-citedby", "@href": "https://www.scopus.com/inward/citedby.uri?partnerID=HzOxMe3b&scp=85066291628&origin=inward"},{"@_fa": "true", "@ref": "full-text", "@href": "https://api.elsevier.com/content/article/eid/1-s2.0-S0167404818313014"}],"prism:url":"https://api.elsevier.com/content/abstract/scopus_id/85066291628","dc:identifier":"SCOPUS_ID:85066291628","eid":"2-s2.0-85066291628","dc:title":"CertLedger: A new PKI model with Certificate Transparency based on blockchain","dc:creator":"Kubilay M.","prism:publicationName":"Computers and Security","prism:issn":"01674048","prism:volume":"85","prism:pageRange":"333-352","prism:coverDate":"2019-08-01","prism:coverDisplayDate":"August 2019","prism:doi":"10.1016/j.cose.2019.05.013","pii":"S0167404818313014","citedby-count":"0","affiliation": [{"@_fa": "true", "affilname":"Gebze Teknik Üniversitesi","affiliation-city":"Kocaeli","affiliation-country":"Turkey"}],"prism:aggregationType":"Journal","subtype":"ar","subtypeDescription":"Article","source-id":"28898","openaccess":"0","openaccessFlag":false},{"@_fa": "true", "link": [{"@_fa": "true", "@ref": "self", "@href": "https://api.elsevier.com/content/abstract/scopus_id/85065781456"},{"@_fa": "true", "@ref": "author-affiliation", "@href": "https://api.elsevier.com/content/abstract/scopus_id/85065781456?field=author,affiliation"},{"@_fa": "true", "@ref": "scopus", "@href": "https://www.scopus.com/inward/record.uri?partnerID=HzOxMe3b&scp=85065781456&origin=inward"},{"@_fa": "true", "@ref": "scopus-citedby", "@href": "https://www.scopus.com/inward/citedby.uri?partnerID=HzOxMe3b&scp=85065781456&origin=inward"},{"@_fa": "true", "@ref": "full-text", "@href": "https://api.elsevier.com/content/article/eid/1-s2.0-S0736585319302175"}],"prism:url":"https://api.elsevier.com/content/abstract/scopus_id/85065781456","dc:identifier":"SCOPUS_ID:85065781456","eid":"2-s2.0-85065781456","dc:title":"Information technology use in Chinese firms and work-family conflict: The moderating role of guanxi","dc:creator":"Ma Y.","prism:publicationName":"Telematics and Informatics","prism:issn":"07365853","prism:volume":"41","prism:pageRange":"229-238","prism:coverDate":"2019-08-01","prism:coverDisplayDate":"August 2019","prism:doi":"10.1016/j.tele.2019.05.005","pii":"S0736585319302175","citedby-count":"0","affiliation": [{"@_fa": "true", "affilname":"South China Agricultural University","affiliation-city":"Guangzhou","affiliation-country":"China"}],"prism:aggregationType":"Journal","subtype":"ar","subtypeDescription":"Article","source-id":"20896","openaccess":"0","openaccessFlag":false},{"@_fa": "true", "link": [{"@_fa": "true", "@ref": "self", "@href": "https://api.elsevier.com/content/abstract/scopus_id/85066079163"},{"@_fa": "true", "@ref": "author-affiliation", "@href": "https://api.elsevier.com/content/abstract/scopus_id/85066079163?field=author,affiliation"},{"@_fa": "true", "@ref": "scopus", "@href": "https://www.scopus.com/inward/record.uri?partnerID=HzOxMe3b&scp=85066079163&origin=inward"},{"@_fa": "true", "@ref": "scopus-citedby", "@href": "https://www.scopus.com/inward/citedby.uri?partnerID=HzOxMe3b&scp=85066079163&origin=inward"},{"@_fa": "true", "@ref": "full-text", "@href": "https://api.elsevier.com/content/article/eid/1-s2.0-S2210670718315191"}],"prism:url":"https://api.elsevier.com/content/abstract/scopus_id/85066079163","dc:identifier":"SCOPUS_ID:85066079163","eid":"2-s2.0-85066079163","dc:title":"Linking social, semantic and sentiment analyses to support modeling transit customers’ satisfaction: Towards formal study of opinion dynamics","dc:creator":"El-Diraby T.","prism:publicationName":"Sustainable Cities and Society","prism:issn":"22106707","prism:volume":"49","prism:pageRange":null,"prism:coverDate":"2019-08-01","prism:coverDisplayDate":"August 2019","prism:doi":"10.1016/j.scs.2019.101578","pii":"S2210670718315191","citedby-count":"0","affiliation": [{"@_fa": "true", "affilname":"University of Toronto","affiliation-city":"Toronto","affiliation-country":"Canada"}],"prism:aggregationType":"Journal","subtype":"ar","subtypeDescription":"Article","article-number":"101578","source-id":"19700194105","openaccess":"0","openaccessFlag":false},{"@_fa": "true", "link": [{"@_fa": "true", "@ref": "self", "@href": "https://api.elsevier.com/content/abstract/scopus_id/85062592399"},{"@_fa": "true", "@ref": "author-affiliation", "@href": "https://api.elsevier.com/content/abstract/scopus_id/85062592399?field=author,affiliation"},{"@_fa": "true", "@ref": "scopus", "@href": "https://www.scopus.com/inward/record.uri?partnerID=HzOxMe3b&scp=85062592399&origin=inward"},{"@_fa": "true", "@ref": "scopus-citedby", "@href": "https://www.scopus.com/inward/citedby.uri?partnerID=HzOxMe3b&scp=85062592399&origin=inward"},{"@_fa": "true", "@ref": "full-text", "@href": "https://api.elsevier.com/content/article/eid/1-s2.0-S0268401218309551"}],"prism:url":"https://api.elsevier.com/content/abstract/scopus_id/85062592399","dc:identifier":"SCOPUS_ID:85062592399","eid":"2-s2.0-85062592399","dc:title":"Customer knowledge transfer challenges in a co-creation value network: Toward a reference model","dc:creator":"Bagheri S.","prism:publicationName":"International Journal of Information Management","prism:issn":"02684012","prism:volume":"47","prism:pageRange":"198-214","prism:coverDate":"2019-08-01","prism:coverDisplayDate":"August 2019","prism:doi":"10.1016/j.ijinfomgt.2018.12.019","pii":"S0268401218309551","citedby-count":"0","affiliation": [{"@_fa": "true", "affilname":"Technische Universiteit Eindhoven","affiliation-city":"Eindhoven","affiliation-country":"Netherlands"}],"prism:aggregationType":"Journal","subtype":"ar","subtypeDescription":"Article","source-id":"15631","openaccess":"0","openaccessFlag":false},{"@_fa": "true", "link": [{"@_fa": "true", "@ref": "self", "@href": "https://api.elsevier.com/content/abstract/scopus_id/85066097826"},{"@_fa": "true", "@ref": "author-affiliation", "@href": "https://api.elsevier.com/content/abstract/scopus_id/85066097826?field=author,affiliation"},{"@_fa": "true", "@ref": "scopus", "@href": "https://www.scopus.com/inward/record.uri?partnerID=HzOxMe3b&scp=85066097826&origin=inward"},{"@_fa": "true", "@ref": "scopus-citedby", "@href": "https://www.scopus.com/inward/citedby.uri?partnerID=HzOxMe3b&scp=85066097826&origin=inward"},{"@_fa": "true", "@ref": "full-text", "@href": "https://api.elsevier.com/content/article/eid/1-s2.0-S0167404818309957"}],"prism:url":"https://api.elsevier.com/content/abstract/scopus_id/85066097826","dc:identifier":"SCOPUS_ID:85066097826","eid":"2-s2.0-85066097826","dc:title":"Malboard: A novel user keystroke impersonation attack and trusted detection framework based on side-channel analysis","dc:creator":"Farhi N.","prism:publicationName":"Computers and Security","prism:issn":"01674048","prism:volume":"85","prism:pageRange":"240-269","prism:coverDate":"2019-08-01","prism:coverDisplayDate":"August 2019","prism:doi":"10.1016/j.cose.2019.05.008","pii":"S0167404818309957","citedby-count":"0","affiliation": [{"@_fa": "true", "affilname":"Ben-Gurion University of the Negev","affiliation-city":"Beer Sheba","affiliation-country":"Israel"}],"prism:aggregationType":"Journal","subtype":"ar","subtypeDescription":"Article","source-id":"28898","openaccess":"0","openaccessFlag":false}]}}