{"search-results":{"opensearch:totalResults":"2","opensearch:startIndex":"0","opensearch:itemsPerPage":"2","opensearch:Query":{"@role": "request", "@searchTerms": "TITLE-ABS-KEY(\"network\") AND SUBJAREA(SOCI) AND PUBYEAR = 1931", "@startPage": "0"},"link": [{"@_fa": "true", "@ref": "self", "@href": "https://api.elsevier.com/content/search/scopus?start=0&count=25&query=TITLE-ABS-KEY%28%22network%22%29+AND+SUBJAREA%28SOCI%29+AND+PUBYEAR+%3D+1931&apiKey=27d953b4b546791964ebeb768d13e61f&view=STANDARD", "@type": "application/json"},{"@_fa": "true", "@ref": "first", "@href": "https://api.elsevier.com/content/search/scopus?start=0&count=25&query=TITLE-ABS-KEY%28%22network%22%29+AND+SUBJAREA%28SOCI%29+AND+PUBYEAR+%3D+1931&apiKey=27d953b4b546791964ebeb768d13e61f&view=STANDARD", "@type": "application/json"}],"entry": [{"@_fa": "true", "link": [{"@_fa": "true", "@ref": "self", "@href": "https://api.elsevier.com/content/abstract/scopus_id/77957289769"},{"@_fa": "true", "@ref": "author-affiliation", "@href": "https://api.elsevier.com/content/abstract/scopus_id/77957289769?field=author,affiliation"},{"@_fa": "true", "@ref": "scopus", "@href": "https://www.scopus.com/inward/record.uri?partnerID=HzOxMe3b&scp=77957289769&origin=inward"},{"@_fa": "true", "@ref": "scopus-citedby", "@href": "https://www.scopus.com/inward/citedby.uri?partnerID=HzOxMe3b&scp=77957289769&origin=inward"}],"prism:url":"https://api.elsevier.com/content/abstract/scopus_id/77957289769","dc:identifier":"SCOPUS_ID:77957289769","eid":"2-s2.0-77957289769","dc:title":"Electrical notes: IV. Alternating currents in networks","dc:creator":"Pidduck F.","prism:publicationName":"Quarterly Journal of Mathematics","prism:issn":"00335606","prism:volume":"os-2","prism:issueIdentifier":"1","prism:pageRange":"174-176","prism:coverDate":"1931-12-01","prism:coverDisplayDate":"1931","prism:doi":"10.1093/qmath/os-2.1.174","citedby-count":"0","prism:aggregationType":"Journal","subtype":"ar","subtypeDescription":"Article","source-id":"26308","openaccess":"0","openaccessFlag":false},{"@_fa": "true", "link": [{"@_fa": "true", "@ref": "self", "@href": "https://api.elsevier.com/content/abstract/scopus_id/43449160237"},{"@_fa": "true", "@ref": "author-affiliation", "@href": "https://api.elsevier.com/content/abstract/scopus_id/43449160237?field=author,affiliation"},{"@_fa": "true", "@ref": "scopus", "@href": "https://www.scopus.com/inward/record.uri?partnerID=HzOxMe3b&scp=43449160237&origin=inward"},{"@_fa": "true", "@ref": "scopus-citedby", "@href": "https://www.scopus.com/inward/citedby.uri?partnerID=HzOxMe3b&scp=43449160237&origin=inward"}],"prism:url":"https://api.elsevier.com/content/abstract/scopus_id/43449160237","dc:identifier":"SCOPUS_ID:43449160237","eid":"2-s2.0-43449160237","dc:title":"1s commun1ty organ1zat1on soc1al work?","dc:creator":"Pettit W.","prism:publicationName":"Social Forces","prism:issn":"00377732","prism:eIssn":"15347605","prism:volume":"10","prism:issueIdentifier":"1","prism:pageRange":"62-66","prism:coverDate":"1931-10-01","prism:coverDisplayDate":"1 October 1931","prism:doi":"10.1093/sf/10.1.62","citedby-count":"0","prism:aggregationType":"Journal","subtype":"ar","subtypeDescription":"Article","source-id":"17530","openaccess":"0","openaccessFlag":false}]}}