{"search-results":{"opensearch:totalResults":"20","opensearch:startIndex":"0","opensearch:itemsPerPage":"20","opensearch:Query":{"@role": "request", "@searchTerms": "TITLE-ABS-KEY(\"network\") AND SUBJAREA(SOCI) AND PUBYEAR = 1964", "@startPage": "0"},"link": [{"@_fa": "true", "@ref": "self", "@href": "https://api.elsevier.com/content/search/scopus?start=0&count=25&query=TITLE-ABS-KEY%28%22network%22%29+AND+SUBJAREA%28SOCI%29+AND+PUBYEAR+%3D+1964&apiKey=27d953b4b546791964ebeb768d13e61f&view=STANDARD", "@type": "application/json"},{"@_fa": "true", "@ref": "first", "@href": "https://api.elsevier.com/content/search/scopus?start=0&count=25&query=TITLE-ABS-KEY%28%22network%22%29+AND+SUBJAREA%28SOCI%29+AND+PUBYEAR+%3D+1964&apiKey=27d953b4b546791964ebeb768d13e61f&view=STANDARD", "@type": "application/json"}],"entry": [{"@_fa": "true", "link": [{"@_fa": "true", "@ref": "self", "@href": "https://api.elsevier.com/content/abstract/scopus_id/2342545972"},{"@_fa": "true", "@ref": "author-affiliation", "@href": "https://api.elsevier.com/content/abstract/scopus_id/2342545972?field=author,affiliation"},{"@_fa": "true", "@ref": "scopus", "@href": "https://www.scopus.com/inward/record.uri?partnerID=HzOxMe3b&scp=2342545972&origin=inward"},{"@_fa": "true", "@ref": "scopus-citedby", "@href": "https://www.scopus.com/inward/citedby.uri?partnerID=HzOxMe3b&scp=2342545972&origin=inward"}],"prism:url":"https://api.elsevier.com/content/abstract/scopus_id/2342545972","dc:identifier":"SCOPUS_ID:2342545972","eid":"2-s2.0-2342545972","dc:title":"Factor-analytic study of the connectivity of a transportation network","dc:creator":"Garrison W.","prism:publicationName":"Papers of the Regional Science Association","prism:issn":"10568190","prism:eIssn":"14355957","prism:volume":"12","prism:issueIdentifier":"1","prism:pageRange":"231-238","prism:coverDate":"1964-12-01","prism:coverDisplayDate":"December 1964","prism:doi":"10.1007/BF01941256","citedby-count":"27","affiliation": [{"@_fa": "true", "affilname":"Northwestern University","affiliation-city":"Evanston","affiliation-country":"United States"}],"prism:aggregationType":"Journal","subtype":"ar","subtypeDescription":"Article","source-id":"25205","openaccess":"0","openaccessFlag":false},{"@_fa": "true", "link": [{"@_fa": "true", "@ref": "self", "@href": "https://api.elsevier.com/content/abstract/scopus_id/84981576064"},{"@_fa": "true", "@ref": "author-affiliation", "@href": "https://api.elsevier.com/content/abstract/scopus_id/84981576064?field=author,affiliation"},{"@_fa": "true", "@ref": "scopus", "@href": "https://www.scopus.com/inward/record.uri?partnerID=HzOxMe3b&scp=84981576064&origin=inward"},{"@_fa": "true", "@ref": "scopus-citedby", "@href": "https://www.scopus.com/inward/citedby.uri?partnerID=HzOxMe3b&scp=84981576064&origin=inward"}],"prism:url":"https://api.elsevier.com/content/abstract/scopus_id/84981576064","dc:identifier":"SCOPUS_ID:84981576064","eid":"2-s2.0-84981576064","dc:title":"UNISIM-A simulation program for communications networks","dc:creator":"Weber J.","prism:publicationName":"AFIPS Conference Proceedings - 1964 Fall Joint Computer Conference, AFIPS 1964","prism:pageRange":"233-249","prism:coverDate":"1964-10-27","prism:coverDisplayDate":"27 October 1964","citedby-count":"1","affiliation": [{"@_fa": "true", "affilname":"Nokia Bell Labs","affiliation-city":"Murray","affiliation-country":"United States"}],"prism:aggregationType":"Conference Proceeding","subtype":"cp","subtypeDescription":"Conference Paper","source-id":"21100897128","openaccess":"0","openaccessFlag":false},{"@_fa": "true", "link": [{"@_fa": "true", "@ref": "self", "@href": "https://api.elsevier.com/content/abstract/scopus_id/85061124495"},{"@_fa": "true", "@ref": "author-affiliation", "@href": "https://api.elsevier.com/content/abstract/scopus_id/85061124495?field=author,affiliation"},{"@_fa": "true", "@ref": "scopus", "@href": "https://www.scopus.com/inward/record.uri?partnerID=HzOxMe3b&scp=85061124495&origin=inward"},{"@_fa": "true", "@ref": "scopus-citedby", "@href": "https://www.scopus.com/inward/citedby.uri?partnerID=HzOxMe3b&scp=85061124495&origin=inward"}],"prism:url":"https://api.elsevier.com/content/abstract/scopus_id/85061124495","dc:identifier":"SCOPUS_ID:85061124495","eid":"2-s2.0-85061124495","dc:title":"Erratum: UNISM — A simulation program for communications networks (AFIPS (1964) 26, Part I (233-249) DOI: 10.1145/1464052.1464072)","dc:creator":"Weber J.","prism:publicationName":"AFIPS Conference Proceedings - 1964 Fall Joint Computer Conference: Very High Speed Computer Systems, AFIPS 1964","prism:pageRange":"1-5","prism:coverDate":"1964-10-27","prism:coverDisplayDate":"27 October 1964","prism:doi":"10.1145/1464039.1464040","citedby-count":"0","prism:aggregationType":"Conference Proceeding","subtype":"er","subtypeDescription":"Erratum","source-id":"21100897229","openaccess":"0","openaccessFlag":false},{"@_fa": "true", "link": [{"@_fa": "true", "@ref": "self", "@href": "https://api.elsevier.com/content/abstract/scopus_id/84976716136"},{"@_fa": "true", "@ref": "author-affiliation", "@href": "https://api.elsevier.com/content/abstract/scopus_id/84976716136?field=author,affiliation"},{"@_fa": "true", "@ref": "scopus", "@href": "https://www.scopus.com/inward/record.uri?partnerID=HzOxMe3b&scp=84976716136&origin=inward"},{"@_fa": "true", "@ref": "scopus-citedby", "@href": "https://www.scopus.com/inward/citedby.uri?partnerID=HzOxMe3b&scp=84976716136&origin=inward"}],"prism:url":"https://api.elsevier.com/content/abstract/scopus_id/84976716136","dc:identifier":"SCOPUS_ID:84976716136","eid":"2-s2.0-84976716136","dc:title":"A general purpose programming system for random access memories","dc:creator":"Bachman C.","prism:publicationName":"AFIPS Conference Proceedings - 1964 Fall Joint Computer Conference, AFIPS 1964","prism:pageRange":"411-422","prism:coverDate":"1964-10-27","prism:coverDisplayDate":"27 October 1964","citedby-count":"22","affiliation": [{"@_fa": "true", "affilname":"General Electric Company","affiliation-city":"Fairfield","affiliation-country":"United States"}],"prism:aggregationType":"Conference Proceeding","subtype":"cp","subtypeDescription":"Conference Paper","source-id":"21100897128","openaccess":"0","openaccessFlag":false},{"@_fa": "true", "link": [{"@_fa": "true", "@ref": "self", "@href": "https://api.elsevier.com/content/abstract/scopus_id/84955794377"},{"@_fa": "true", "@ref": "author-affiliation", "@href": "https://api.elsevier.com/content/abstract/scopus_id/84955794377?field=author,affiliation"},{"@_fa": "true", "@ref": "scopus", "@href": "https://www.scopus.com/inward/record.uri?partnerID=HzOxMe3b&scp=84955794377&origin=inward"},{"@_fa": "true", "@ref": "scopus-citedby", "@href": "https://www.scopus.com/inward/citedby.uri?partnerID=HzOxMe3b&scp=84955794377&origin=inward"}],"prism:url":"https://api.elsevier.com/content/abstract/scopus_id/84955794377","dc:identifier":"SCOPUS_ID:84955794377","eid":"2-s2.0-84955794377","dc:title":"A general-purpose time-sharing system","dc:creator":"Schwartz J.","prism:publicationName":"AFIPS Conference Proceedings - 1964 Spring Joint Computer Conference, AFIPS 1964","prism:pageRange":"397-411","prism:coverDate":"1964-04-21","prism:coverDisplayDate":"21 April 1964","citedby-count":"11","affiliation": [{"@_fa": "true", "affilname":"Unisys Corporation","affiliation-city":"Blue Bell","affiliation-country":"United States"}],"prism:aggregationType":"Conference Proceeding","subtype":"cp","subtypeDescription":"Conference Paper","source-id":"21100897201","openaccess":"0","openaccessFlag":false},{"@_fa": "true", "link": [{"@_fa": "true", "@ref": "self", "@href": "https://api.elsevier.com/content/abstract/scopus_id/85061081596"},{"@_fa": "true", "@ref": "author-affiliation", "@href": "https://api.elsevier.com/content/abstract/scopus_id/85061081596?field=author,affiliation"},{"@_fa": "true", "@ref": "scopus", "@href": "https://www.scopus.com/inward/record.uri?partnerID=HzOxMe3b&scp=85061081596&origin=inward"},{"@_fa": "true", "@ref": "scopus-citedby", "@href": "https://www.scopus.com/inward/citedby.uri?partnerID=HzOxMe3b&scp=85061081596&origin=inward"}],"prism:url":"https://api.elsevier.com/content/abstract/scopus_id/85061081596","dc:identifier":"SCOPUS_ID:85061081596","eid":"2-s2.0-85061081596","dc:title":"Fractionization of the military context","dc:creator":"Thompson F.","prism:publicationName":"AFIPS Conference Proceedings - 1964 Spring Joint Computer Conference, AFIPS 1964","prism:pageRange":"219-230","prism:coverDate":"1964-04-21","prism:coverDisplayDate":"21 April 1964","citedby-count":"0","affiliation": [{"@_fa": "true", "affilname":"General Electric Company","affiliation-city":"Fairfield","affiliation-country":"United States"}],"prism:aggregationType":"Conference Proceeding","subtype":"cp","subtypeDescription":"Conference Paper","source-id":"21100897201","openaccess":"0","openaccessFlag":false},{"@_fa": "true", "link": [{"@_fa": "true", "@ref": "self", "@href": "https://api.elsevier.com/content/abstract/scopus_id/84964165655"},{"@_fa": "true", "@ref": "author-affiliation", "@href": "https://api.elsevier.com/content/abstract/scopus_id/84964165655?field=author,affiliation"},{"@_fa": "true", "@ref": "scopus", "@href": "https://www.scopus.com/inward/record.uri?partnerID=HzOxMe3b&scp=84964165655&origin=inward"},{"@_fa": "true", "@ref": "scopus-citedby", "@href": "https://www.scopus.com/inward/citedby.uri?partnerID=HzOxMe3b&scp=84964165655&origin=inward"}],"prism:url":"https://api.elsevier.com/content/abstract/scopus_id/84964165655","dc:identifier":"SCOPUS_ID:84964165655","eid":"2-s2.0-84964165655","dc:title":"Some Historical Newscasts of the American Forces Network","dc:creator":"Cranston P.","prism:publicationName":"Journalism &amp; Mass Communication Quarterly","prism:issn":"10776990","prism:eIssn":"2161430x","prism:volume":"41","prism:issueIdentifier":"3","prism:pageRange":"395-398","prism:coverDate":"1964-01-01","prism:coverDisplayDate":"September 1964","prism:doi":"10.1177/107769906404100310","citedby-count":"0","affiliation": [{"@_fa": "true", "affilname":"University of Washington, Seattle","affiliation-city":"Seattle","affiliation-country":"United States"}],"prism:aggregationType":"Journal","subtype":"ar","subtypeDescription":"Article","source-id":"20687","openaccess":"0","openaccessFlag":false},{"@_fa": "true", "link": [{"@_fa": "true", "@ref": "self", "@href": "https://api.elsevier.com/content/abstract/scopus_id/84935408786"},{"@_fa": "true", "@ref": "author-affiliation", "@href": "https://api.elsevier.com/content/abstract/scopus_id/84935408786?field=author,affiliation"},{"@_fa": "true", "@ref": "scopus", "@href": "https://www.scopus.com/inward/record.uri?partnerID=HzOxMe3b&scp=84935408786&origin=inward"},{"@_fa": "true", "@ref": "scopus-citedby", "@href": "https://www.scopus.com/inward/citedby.uri?partnerID=HzOxMe3b&scp=84935408786&origin=inward"}],"prism:url":"https://api.elsevier.com/content/abstract/scopus_id/84935408786","dc:identifier":"SCOPUS_ID:84935408786","eid":"2-s2.0-84935408786","dc:title":"Network Equations","dc:creator":"Bickart T.","prism:publicationName":"IEEE Transactions on Education","prism:issn":"00189359","prism:volume":"7","prism:issueIdentifier":"1","prism:pageRange":"9-11","prism:coverDate":"1964-01-01","prism:coverDisplayDate":"March 1964","prism:doi":"10.1109/TE.1964.4321833","citedby-count":"1","prism:aggregationType":"Journal","subtype":"ar","subtypeDescription":"Article","source-id":"17344","openaccess":"0","openaccessFlag":false},{"@_fa": "true", "link": [{"@_fa": "true", "@ref": "self", "@href": "https://api.elsevier.com/content/abstract/scopus_id/84980144375"},{"@_fa": "true", "@ref": "author-affiliation", "@href": "https://api.elsevier.com/content/abstract/scopus_id/84980144375?field=author,affiliation"},{"@_fa": "true", "@ref": "scopus", "@href": "https://www.scopus.com/inward/record.uri?partnerID=HzOxMe3b&scp=84980144375&origin=inward"},{"@_fa": "true", "@ref": "scopus-citedby", "@href": "https://www.scopus.com/inward/citedby.uri?partnerID=HzOxMe3b&scp=84980144375&origin=inward"}],"prism:url":"https://api.elsevier.com/content/abstract/scopus_id/84980144375","dc:identifier":"SCOPUS_ID:84980144375","eid":"2-s2.0-84980144375","dc:title":"NETWORKS AND THE LOCATION OF ECONOMIC ACTIVITIES","dc:creator":"Lachene R.","prism:publicationName":"Papers in Regional Science","prism:issn":"10568190","prism:eIssn":"14355957","prism:volume":"14","prism:issueIdentifier":"1","prism:pageRange":"183-196","prism:coverDate":"1964-01-01","prism:coverDisplayDate":"January 1964","prism:doi":"10.1111/j.1435-5597.1964.tb01309.x","citedby-count":"0","prism:aggregationType":"Journal","subtype":"ar","subtypeDescription":"Article","source-id":"25205","openaccess":"0","openaccessFlag":false},{"@_fa": "true", "link": [{"@_fa": "true", "@ref": "self", "@href": "https://api.elsevier.com/content/abstract/scopus_id/84946635114"},{"@_fa": "true", "@ref": "author-affiliation", "@href": "https://api.elsevier.com/content/abstract/scopus_id/84946635114?field=author,affiliation"},{"@_fa": "true", "@ref": "scopus", "@href": "https://www.scopus.com/inward/record.uri?partnerID=HzOxMe3b&scp=84946635114&origin=inward"},{"@_fa": "true", "@ref": "scopus-citedby", "@href": "https://www.scopus.com/inward/citedby.uri?partnerID=HzOxMe3b&scp=84946635114&origin=inward"}],"prism:url":"https://api.elsevier.com/content/abstract/scopus_id/84946635114","dc:identifier":"SCOPUS_ID:84946635114","eid":"2-s2.0-84946635114","dc:title":"Predicting Organization in Changed Communication Networks: III","dc:creator":"Cohen A.","prism:publicationName":"Journal of Psychology: Interdisciplinary and Applied","prism:issn":"00223980","prism:eIssn":"19401019","prism:volume":"58","prism:issueIdentifier":"1","prism:pageRange":"115-129","prism:coverDate":"1964-01-01","prism:coverDisplayDate":"July 1964","prism:doi":"10.1080/00223980.1964.9916728","citedby-count":"3","affiliation": [{"@_fa": "true", "affilname":"Emory University","affiliation-city":"Atlanta","affiliation-country":"United States"}],"pubmed-id":"14165176","prism:aggregationType":"Journal","subtype":"ar","subtypeDescription":"Article","source-id":"30064","openaccess":"0","openaccessFlag":false},{"@_fa": "true", "link": [{"@_fa": "true", "@ref": "self", "@href": "https://api.elsevier.com/content/abstract/scopus_id/84946633656"},{"@_fa": "true", "@ref": "author-affiliation", "@href": "https://api.elsevier.com/content/abstract/scopus_id/84946633656?field=author,affiliation"},{"@_fa": "true", "@ref": "scopus", "@href": "https://www.scopus.com/inward/record.uri?partnerID=HzOxMe3b&scp=84946633656&origin=inward"},{"@_fa": "true", "@ref": "scopus-citedby", "@href": "https://www.scopus.com/inward/citedby.uri?partnerID=HzOxMe3b&scp=84946633656&origin=inward"}],"prism:url":"https://api.elsevier.com/content/abstract/scopus_id/84946633656","dc:identifier":"SCOPUS_ID:84946633656","eid":"2-s2.0-84946633656","dc:title":"Predicting Organization in Changed Communication Networks: II","dc:creator":"Cohen A.","prism:publicationName":"Journal of Psychology: Interdisciplinary and Applied","prism:issn":"00223980","prism:eIssn":"19401019","prism:volume":"57","prism:issueIdentifier":"2","prism:pageRange":"475-499","prism:coverDate":"1964-01-01","prism:coverDisplayDate":"April 1964","prism:doi":"10.1080/00223980.1964.9916714","citedby-count":"2","affiliation": [{"@_fa": "true", "affilname":"Emory University","affiliation-city":"Atlanta","affiliation-country":"United States"}],"pubmed-id":"14143069","prism:aggregationType":"Journal","subtype":"ar","subtypeDescription":"Article","source-id":"30064","openaccess":"0","openaccessFlag":false},{"@_fa": "true", "link": [{"@_fa": "true", "@ref": "self", "@href": "https://api.elsevier.com/content/abstract/scopus_id/33646413026"},{"@_fa": "true", "@ref": "author-affiliation", "@href": "https://api.elsevier.com/content/abstract/scopus_id/33646413026?field=author,affiliation"},{"@_fa": "true", "@ref": "scopus", "@href": "https://www.scopus.com/inward/record.uri?partnerID=HzOxMe3b&scp=33646413026&origin=inward"},{"@_fa": "true", "@ref": "scopus-citedby", "@href": "https://www.scopus.com/inward/citedby.uri?partnerID=HzOxMe3b&scp=33646413026&origin=inward"}],"prism:url":"https://api.elsevier.com/content/abstract/scopus_id/33646413026","dc:identifier":"SCOPUS_ID:33646413026","eid":"2-s2.0-33646413026","dc:title":"Scientists and Broad Churchmen: An Early Victorian Intellectual Network","dc:creator":"Cannon W.","prism:publicationName":"The Journal of British Studies","prism:issn":"00219371","prism:eIssn":"15456986","prism:volume":"4","prism:issueIdentifier":"1","prism:pageRange":"65-88","prism:coverDate":"1964-01-01","prism:coverDisplayDate":"November 1964","prism:doi":"10.1086/385492","citedby-count":"14","pubmed-id":"19588590","prism:aggregationType":"Journal","subtype":"ar","subtypeDescription":"Article","source-id":"20194","openaccess":"0","openaccessFlag":false},{"@_fa": "true", "link": [{"@_fa": "true", "@ref": "self", "@href": "https://api.elsevier.com/content/abstract/scopus_id/0002957480"},{"@_fa": "true", "@ref": "author-affiliation", "@href": "https://api.elsevier.com/content/abstract/scopus_id/0002957480?field=author,affiliation"},{"@_fa": "true", "@ref": "scopus", "@href": "https://www.scopus.com/inward/record.uri?partnerID=HzOxMe3b&scp=0002957480&origin=inward"},{"@_fa": "true", "@ref": "scopus-citedby", "@href": "https://www.scopus.com/inward/citedby.uri?partnerID=HzOxMe3b&scp=0002957480&origin=inward"}],"prism:url":"https://api.elsevier.com/content/abstract/scopus_id/0002957480","dc:identifier":"SCOPUS_ID:0002957480","eid":"2-s2.0-0002957480","dc:title":"Time-Frequency Duality","dc:creator":"Bello P.","prism:publicationName":"IEEE Transactions on Information Theory","prism:issn":"00189448","prism:eIssn":"15579654","prism:volume":"10","prism:issueIdentifier":"1","prism:pageRange":"18-33","prism:coverDate":"1964-01-01","prism:coverDisplayDate":"January 1964","prism:doi":"10.1109/TIT.1964.1053640","citedby-count":"33","prism:aggregationType":"Journal","subtype":"ar","subtypeDescription":"Article","source-id":"15107","openaccess":"0","openaccessFlag":false},{"@_fa": "true", "link": [{"@_fa": "true", "@ref": "self", "@href": "https://api.elsevier.com/content/abstract/scopus_id/34248984433"},{"@_fa": "true", "@ref": "author-affiliation", "@href": "https://api.elsevier.com/content/abstract/scopus_id/34248984433?field=author,affiliation"},{"@_fa": "true", "@ref": "scopus", "@href": "https://www.scopus.com/inward/record.uri?partnerID=HzOxMe3b&scp=34248984433&origin=inward"},{"@_fa": "true", "@ref": "scopus-citedby", "@href": "https://www.scopus.com/inward/citedby.uri?partnerID=HzOxMe3b&scp=34248984433&origin=inward"}],"prism:url":"https://api.elsevier.com/content/abstract/scopus_id/34248984433","dc:identifier":"SCOPUS_ID:34248984433","eid":"2-s2.0-34248984433","dc:title":"A network of data archives for the behavioral sciences","dc:creator":"Converse P.","prism:publicationName":"Public Opinion Quarterly","prism:issn":"0033362X","prism:volume":"28","prism:issueIdentifier":"2","prism:pageRange":"273-286","prism:coverDate":"1964-01-01","prism:coverDisplayDate":"Summer 1964","prism:doi":"10.1086/267243","citedby-count":"4","affiliation": [{"@_fa": "true", "affilname":"University of Michigan, Ann Arbor","affiliation-city":"Ann Arbor","affiliation-country":"United States"}],"prism:aggregationType":"Journal","subtype":"ar","subtypeDescription":"Article","source-id":"23574","openaccess":"0","openaccessFlag":false},{"@_fa": "true", "link": [{"@_fa": "true", "@ref": "self", "@href": "https://api.elsevier.com/content/abstract/scopus_id/84892376206"},{"@_fa": "true", "@ref": "author-affiliation", "@href": "https://api.elsevier.com/content/abstract/scopus_id/84892376206?field=author,affiliation"},{"@_fa": "true", "@ref": "scopus", "@href": "https://www.scopus.com/inward/record.uri?partnerID=HzOxMe3b&scp=84892376206&origin=inward"},{"@_fa": "true", "@ref": "scopus-citedby", "@href": "https://www.scopus.com/inward/citedby.uri?partnerID=HzOxMe3b&scp=84892376206&origin=inward"}],"prism:url":"https://api.elsevier.com/content/abstract/scopus_id/84892376206","dc:identifier":"SCOPUS_ID:84892376206","eid":"2-s2.0-84892376206","dc:title":"Delta Function","dc:creator":"Gupta S.","prism:publicationName":"IEEE Transactions on Education","prism:issn":"00189359","prism:volume":"7","prism:issueIdentifier":"1","prism:pageRange":"16-22","prism:coverDate":"1964-01-01","prism:coverDisplayDate":"March 1964","prism:doi":"10.1109/TE.1964.4321835","citedby-count":"4","affiliation": [{"@_fa": "true", "affilname":"Arizona State University","affiliation-city":"Tempe","affiliation-country":"United States"}],"prism:aggregationType":"Journal","subtype":"ar","subtypeDescription":"Article","source-id":"17344","openaccess":"0","openaccessFlag":false},{"@_fa": "true", "link": [{"@_fa": "true", "@ref": "self", "@href": "https://api.elsevier.com/content/abstract/scopus_id/84935409063"},{"@_fa": "true", "@ref": "author-affiliation", "@href": "https://api.elsevier.com/content/abstract/scopus_id/84935409063?field=author,affiliation"},{"@_fa": "true", "@ref": "scopus", "@href": "https://www.scopus.com/inward/record.uri?partnerID=HzOxMe3b&scp=84935409063&origin=inward"},{"@_fa": "true", "@ref": "scopus-citedby", "@href": "https://www.scopus.com/inward/citedby.uri?partnerID=HzOxMe3b&scp=84935409063&origin=inward"}],"prism:url":"https://api.elsevier.com/content/abstract/scopus_id/84935409063","dc:identifier":"SCOPUS_ID:84935409063","eid":"2-s2.0-84935409063","dc:title":"A General Definition for Impedance","dc:creator":"Ferris C.","prism:publicationName":"IEEE Transactions on Education","prism:issn":"00189359","prism:volume":"7","prism:issueIdentifier":"1","prism:pageRange":"6-8","prism:coverDate":"1964-01-01","prism:coverDisplayDate":"March 1964","prism:doi":"10.1109/TE.1964.4321832","citedby-count":"0","prism:aggregationType":"Journal","subtype":"ar","subtypeDescription":"Article","source-id":"17344","openaccess":"0","openaccessFlag":false},{"@_fa": "true", "link": [{"@_fa": "true", "@ref": "self", "@href": "https://api.elsevier.com/content/abstract/scopus_id/34248979416"},{"@_fa": "true", "@ref": "author-affiliation", "@href": "https://api.elsevier.com/content/abstract/scopus_id/34248979416?field=author,affiliation"},{"@_fa": "true", "@ref": "scopus", "@href": "https://www.scopus.com/inward/record.uri?partnerID=HzOxMe3b&scp=34248979416&origin=inward"},{"@_fa": "true", "@ref": "scopus-citedby", "@href": "https://www.scopus.com/inward/citedby.uri?partnerID=HzOxMe3b&scp=34248979416&origin=inward"}],"prism:url":"https://api.elsevier.com/content/abstract/scopus_id/34248979416","dc:identifier":"SCOPUS_ID:34248979416","eid":"2-s2.0-34248979416","dc:title":"Urban Social Differentiation and the Allocation of Resources","dc:creator":"Mack R.","prism:publicationName":"The Annals of the American Academy of Political and Social Science","prism:issn":"00027162","prism:eIssn":"15523349","prism:volume":"352","prism:issueIdentifier":"1","prism:pageRange":"25-32","prism:coverDate":"1964-01-01","prism:coverDisplayDate":"March 1964","prism:doi":"10.1177/000271626435200104","citedby-count":"1","affiliation": [{"@_fa": "true", "affilname":"Northwestern University","affiliation-city":"Evanston","affiliation-country":"United States"}],"prism:aggregationType":"Journal","subtype":"ar","subtypeDescription":"Article","source-id":"15528","openaccess":"0","openaccessFlag":false},{"@_fa": "true", "link": [{"@_fa": "true", "@ref": "self", "@href": "https://api.elsevier.com/content/abstract/scopus_id/85007981568"},{"@_fa": "true", "@ref": "author-affiliation", "@href": "https://api.elsevier.com/content/abstract/scopus_id/85007981568?field=author,affiliation"},{"@_fa": "true", "@ref": "scopus", "@href": "https://www.scopus.com/inward/record.uri?partnerID=HzOxMe3b&scp=85007981568&origin=inward"},{"@_fa": "true", "@ref": "scopus-citedby", "@href": "https://www.scopus.com/inward/citedby.uri?partnerID=HzOxMe3b&scp=85007981568&origin=inward"}],"prism:url":"https://api.elsevier.com/content/abstract/scopus_id/85007981568","dc:identifier":"SCOPUS_ID:85007981568","eid":"2-s2.0-85007981568","dc:title":"The post-war reconstruction of a castle town and the following change of the regional structure","dc:creator":"Inami E.","prism:publicationName":"Japanese Journal of Human Geography","prism:issn":"00187216","prism:volume":"16","prism:issueIdentifier":"3","prism:pageRange":"225-246","prism:coverDate":"1964-01-01","prism:coverDisplayDate":"1964","prism:doi":"10.4200/jjhg1948.16.225","citedby-count":"0","prism:aggregationType":"Journal","subtype":"ar","subtypeDescription":"Article","source-id":"30239","openaccess":"1","openaccessFlag":true},{"@_fa": "true", "link": [{"@_fa": "true", "@ref": "self", "@href": "https://api.elsevier.com/content/abstract/scopus_id/84964108328"},{"@_fa": "true", "@ref": "author-affiliation", "@href": "https://api.elsevier.com/content/abstract/scopus_id/84964108328?field=author,affiliation"},{"@_fa": "true", "@ref": "scopus", "@href": "https://www.scopus.com/inward/record.uri?partnerID=HzOxMe3b&scp=84964108328&origin=inward"},{"@_fa": "true", "@ref": "scopus-citedby", "@href": "https://www.scopus.com/inward/citedby.uri?partnerID=HzOxMe3b&scp=84964108328&origin=inward"}],"prism:url":"https://api.elsevier.com/content/abstract/scopus_id/84964108328","dc:identifier":"SCOPUS_ID:84964108328","eid":"2-s2.0-84964108328","dc:title":"A Comparison of Teacher and Principal Attitudes Toward Faculty Meetings","dc:creator":"Blumberg A.","prism:publicationName":"NASSP Bulletin","prism:issn":"01926365","prism:eIssn":"19301405","prism:volume":"48","prism:issueIdentifier":"290","prism:pageRange":"45-55","prism:coverDate":"1964-01-01","prism:coverDisplayDate":"March 1964","prism:doi":"10.1177/019263656404829007","citedby-count":"0","prism:aggregationType":"Journal","subtype":"ar","subtypeDescription":"Article","source-id":"18700156723","openaccess":"0","openaccessFlag":false},{"@_fa": "true", "link": [{"@_fa": "true", "@ref": "self", "@href": "https://api.elsevier.com/content/abstract/scopus_id/34248981340"},{"@_fa": "true", "@ref": "author-affiliation", "@href": "https://api.elsevier.com/content/abstract/scopus_id/34248981340?field=author,affiliation"},{"@_fa": "true", "@ref": "scopus", "@href": "https://www.scopus.com/inward/record.uri?partnerID=HzOxMe3b&scp=34248981340&origin=inward"},{"@_fa": "true", "@ref": "scopus-citedby", "@href": "https://www.scopus.com/inward/citedby.uri?partnerID=HzOxMe3b&scp=34248981340&origin=inward"}],"prism:url":"https://api.elsevier.com/content/abstract/scopus_id/34248981340","dc:identifier":"SCOPUS_ID:34248981340","eid":"2-s2.0-34248981340","dc:title":"WORKING SESSION <inf>3</inf>:CHANGING FUNCTIONS OF THE COMMUNITY","dc:creator":"WILLIAMS W.","prism:publicationName":"Sociologia Ruralis","prism:issn":"00380199","prism:eIssn":"14679523","prism:volume":"4","prism:issueIdentifier":"3","prism:pageRange":"299-314","prism:coverDate":"1964-01-01","prism:coverDisplayDate":"December 1964","prism:doi":"10.1111/j.1467-9523.1964.tb00468.x","citedby-count":"5","affiliation": [{"@_fa": "true", "affilname":"Swansea University","affiliation-city":"Swansea","affiliation-country":"United Kingdom"}],"prism:aggregationType":"Journal","subtype":"ar","subtypeDescription":"Article","source-id":"18062","openaccess":"0","openaccessFlag":false}]}}