{"search-results":{"opensearch:totalResults":"13","opensearch:startIndex":"0","opensearch:itemsPerPage":"13","opensearch:Query":{"@role": "request", "@searchTerms": "TITLE-ABS-KEY(\"network\") AND SUBJAREA(SOCI) AND PUBYEAR = 1962", "@startPage": "0"},"link": [{"@_fa": "true", "@ref": "self", "@href": "https://api.elsevier.com/content/search/scopus?start=0&count=25&query=TITLE-ABS-KEY%28%22network%22%29+AND+SUBJAREA%28SOCI%29+AND+PUBYEAR+%3D+1962&apiKey=27d953b4b546791964ebeb768d13e61f&view=STANDARD", "@type": "application/json"},{"@_fa": "true", "@ref": "first", "@href": "https://api.elsevier.com/content/search/scopus?start=0&count=25&query=TITLE-ABS-KEY%28%22network%22%29+AND+SUBJAREA%28SOCI%29+AND+PUBYEAR+%3D+1962&apiKey=27d953b4b546791964ebeb768d13e61f&view=STANDARD", "@type": "application/json"}],"entry": [{"@_fa": "true", "link": [{"@_fa": "true", "@ref": "self", "@href": "https://api.elsevier.com/content/abstract/scopus_id/84946984397"},{"@_fa": "true", "@ref": "author-affiliation", "@href": "https://api.elsevier.com/content/abstract/scopus_id/84946984397?field=author,affiliation"},{"@_fa": "true", "@ref": "scopus", "@href": "https://www.scopus.com/inward/record.uri?partnerID=HzOxMe3b&scp=84946984397&origin=inward"},{"@_fa": "true", "@ref": "scopus-citedby", "@href": "https://www.scopus.com/inward/citedby.uri?partnerID=HzOxMe3b&scp=84946984397&origin=inward"}],"prism:url":"https://api.elsevier.com/content/abstract/scopus_id/84946984397","dc:identifier":"SCOPUS_ID:84946984397","eid":"2-s2.0-84946984397","dc:title":"The Adjustment of Barometric Level Networks","dc:creator":"Allman J.","prism:publicationName":"Cartography","prism:issn":"00690805","prism:volume":"4","prism:issueIdentifier":"4","prism:pageRange":"139-142","prism:coverDate":"1962-09-01","prism:coverDisplayDate":"1 September 1962","prism:doi":"10.1080/00690805.1962.10437598","citedby-count":"0","affiliation": [{"@_fa": "true", "affilname":"University of New South Wales (UNSW) Australia","affiliation-city":"Sydney","affiliation-country":"Australia"}],"prism:aggregationType":"Journal","subtype":"ar","subtypeDescription":"Article","source-id":"27638","openaccess":"0","openaccessFlag":false},{"@_fa": "true", "link": [{"@_fa": "true", "@ref": "self", "@href": "https://api.elsevier.com/content/abstract/scopus_id/70350397312"},{"@_fa": "true", "@ref": "author-affiliation", "@href": "https://api.elsevier.com/content/abstract/scopus_id/70350397312?field=author,affiliation"},{"@_fa": "true", "@ref": "scopus", "@href": "https://www.scopus.com/inward/record.uri?partnerID=HzOxMe3b&scp=70350397312&origin=inward"},{"@_fa": "true", "@ref": "scopus-citedby", "@href": "https://www.scopus.com/inward/citedby.uri?partnerID=HzOxMe3b&scp=70350397312&origin=inward"}],"prism:url":"https://api.elsevier.com/content/abstract/scopus_id/70350397312","dc:identifier":"SCOPUS_ID:70350397312","eid":"2-s2.0-70350397312","dc:title":"Predicting Organization in Changed Communication Networks","dc:creator":"Cohen A.","prism:publicationName":"Journal of Psychology: Interdisciplinary and Applied","prism:issn":"00223980","prism:eIssn":"19401019","prism:volume":"54","prism:issueIdentifier":"2","prism:pageRange":"391-416","prism:coverDate":"1962-01-01","prism:coverDisplayDate":"October 1962","prism:doi":"10.1080/00223980.1962.9713127","citedby-count":"5","affiliation": [{"@_fa": "true", "affilname":"Massachusetts Institute of Technology","affiliation-city":"Cambridge","affiliation-country":"United States"}],"prism:aggregationType":"Journal","subtype":"ar","subtypeDescription":"Article","source-id":"30064","openaccess":"0","openaccessFlag":false},{"@_fa": "true", "link": [{"@_fa": "true", "@ref": "self", "@href": "https://api.elsevier.com/content/abstract/scopus_id/84964168620"},{"@_fa": "true", "@ref": "author-affiliation", "@href": "https://api.elsevier.com/content/abstract/scopus_id/84964168620?field=author,affiliation"},{"@_fa": "true", "@ref": "scopus", "@href": "https://www.scopus.com/inward/record.uri?partnerID=HzOxMe3b&scp=84964168620&origin=inward"},{"@_fa": "true", "@ref": "scopus-citedby", "@href": "https://www.scopus.com/inward/citedby.uri?partnerID=HzOxMe3b&scp=84964168620&origin=inward"}],"prism:url":"https://api.elsevier.com/content/abstract/scopus_id/84964168620","dc:identifier":"SCOPUS_ID:84964168620","eid":"2-s2.0-84964168620","dc:title":"Kefauver versus Crime: Television Boosts a Senator","dc:creator":"Doig I.","prism:publicationName":"Journalism &amp; Mass Communication Quarterly","prism:issn":"10776990","prism:eIssn":"2161430x","prism:volume":"39","prism:issueIdentifier":"4","prism:pageRange":"483-490","prism:coverDate":"1962-01-01","prism:coverDisplayDate":"December 1962","prism:doi":"10.1177/107769906203900408","citedby-count":"1","prism:aggregationType":"Journal","subtype":"ar","subtypeDescription":"Article","source-id":"20687","openaccess":"0","openaccessFlag":false},{"@_fa": "true", "link": [{"@_fa": "true", "@ref": "self", "@href": "https://api.elsevier.com/content/abstract/scopus_id/84914342263"},{"@_fa": "true", "@ref": "author-affiliation", "@href": "https://api.elsevier.com/content/abstract/scopus_id/84914342263?field=author,affiliation"},{"@_fa": "true", "@ref": "scopus", "@href": "https://www.scopus.com/inward/record.uri?partnerID=HzOxMe3b&scp=84914342263&origin=inward"},{"@_fa": "true", "@ref": "scopus-citedby", "@href": "https://www.scopus.com/inward/citedby.uri?partnerID=HzOxMe3b&scp=84914342263&origin=inward"}],"prism:url":"https://api.elsevier.com/content/abstract/scopus_id/84914342263","dc:identifier":"SCOPUS_ID:84914342263","eid":"2-s2.0-84914342263","dc:title":"Control System Digital Computer Transfer Function Simulation","dc:creator":"Jonsson J.","prism:publicationName":"IRE Transactions on Education","prism:issn":"08937141","prism:volume":"5","prism:issueIdentifier":"1","prism:pageRange":"15-17","prism:coverDate":"1962-01-01","prism:coverDisplayDate":"March, 1962","prism:doi":"10.1109/TE.1962.4322231","citedby-count":"1","affiliation": [{"@_fa": "true", "affilname":"NYU Tandon School of Engineering","affiliation-city":"New York","affiliation-country":"United States"}],"prism:aggregationType":"Journal","subtype":"ar","subtypeDescription":"Article","source-id":"21100398759","openaccess":"0","openaccessFlag":false},{"@_fa": "true", "link": [{"@_fa": "true", "@ref": "self", "@href": "https://api.elsevier.com/content/abstract/scopus_id/84948039844"},{"@_fa": "true", "@ref": "author-affiliation", "@href": "https://api.elsevier.com/content/abstract/scopus_id/84948039844?field=author,affiliation"},{"@_fa": "true", "@ref": "scopus", "@href": "https://www.scopus.com/inward/record.uri?partnerID=HzOxMe3b&scp=84948039844&origin=inward"},{"@_fa": "true", "@ref": "scopus-citedby", "@href": "https://www.scopus.com/inward/citedby.uri?partnerID=HzOxMe3b&scp=84948039844&origin=inward"}],"prism:url":"https://api.elsevier.com/content/abstract/scopus_id/84948039844","dc:identifier":"SCOPUS_ID:84948039844","eid":"2-s2.0-84948039844","dc:title":"A figure of the earth for australia","dc:creator":"Lambert B.","prism:publicationName":"Australian Surveyor","prism:issn":"00050326","prism:volume":"19","prism:issueIdentifier":"3","prism:pageRange":"178-185","prism:coverDate":"1962-01-01","prism:coverDisplayDate":"September 1962","prism:doi":"10.1080/00050326.1962.10439706","citedby-count":"3","prism:aggregationType":"Journal","subtype":"ar","subtypeDescription":"Article","source-id":"27527","openaccess":"0","openaccessFlag":false},{"@_fa": "true", "link": [{"@_fa": "true", "@ref": "self", "@href": "https://api.elsevier.com/content/abstract/scopus_id/85007914173"},{"@_fa": "true", "@ref": "author-affiliation", "@href": "https://api.elsevier.com/content/abstract/scopus_id/85007914173?field=author,affiliation"},{"@_fa": "true", "@ref": "scopus", "@href": "https://www.scopus.com/inward/record.uri?partnerID=HzOxMe3b&scp=85007914173&origin=inward"},{"@_fa": "true", "@ref": "scopus-citedby", "@href": "https://www.scopus.com/inward/citedby.uri?partnerID=HzOxMe3b&scp=85007914173&origin=inward"}],"prism:url":"https://api.elsevier.com/content/abstract/scopus_id/85007914173","dc:identifier":"SCOPUS_ID:85007914173","eid":"2-s2.0-85007914173","dc:title":"Road Transportation in the Tokyo Chiba Industrial Area","dc:creator":"Arisue T.","prism:publicationName":"Japanese Journal of Human Geography","prism:issn":"00187216","prism:volume":"14","prism:issueIdentifier":"2","prism:pageRange":"133-146","prism:coverDate":"1962-01-01","prism:coverDisplayDate":"1962","prism:doi":"10.4200/jjhg1948.14.133","citedby-count":"0","prism:aggregationType":"Journal","subtype":"ar","subtypeDescription":"Article","source-id":"30239","openaccess":"1","openaccessFlag":true},{"@_fa": "true", "link": [{"@_fa": "true", "@ref": "self", "@href": "https://api.elsevier.com/content/abstract/scopus_id/84937350499"},{"@_fa": "true", "@ref": "author-affiliation", "@href": "https://api.elsevier.com/content/abstract/scopus_id/84937350499?field=author,affiliation"},{"@_fa": "true", "@ref": "scopus", "@href": "https://www.scopus.com/inward/record.uri?partnerID=HzOxMe3b&scp=84937350499&origin=inward"},{"@_fa": "true", "@ref": "scopus-citedby", "@href": "https://www.scopus.com/inward/citedby.uri?partnerID=HzOxMe3b&scp=84937350499&origin=inward"}],"prism:url":"https://api.elsevier.com/content/abstract/scopus_id/84937350499","dc:identifier":"SCOPUS_ID:84937350499","eid":"2-s2.0-84937350499","dc:title":"Design Principles for an Intelligent Machine","dc:creator":"Maron M.","prism:publicationName":"IRE Transactions on Information Theory","prism:issn":"00961000","prism:eIssn":"21682712","prism:volume":"8","prism:issueIdentifier":"5","prism:pageRange":"179-185","prism:coverDate":"1962-01-01","prism:coverDisplayDate":"1962","prism:doi":"10.1109/TIT.1962.1057751","citedby-count":"2","affiliation": [{"@_fa": "true", "affilname":"RAND Corporation","affiliation-city":"Santa Monica","affiliation-country":"United States"}],"prism:aggregationType":"Journal","subtype":"ar","subtypeDescription":"Article","source-id":"21100398936","openaccess":"0","openaccessFlag":false},{"@_fa": "true", "link": [{"@_fa": "true", "@ref": "self", "@href": "https://api.elsevier.com/content/abstract/scopus_id/84964165185"},{"@_fa": "true", "@ref": "author-affiliation", "@href": "https://api.elsevier.com/content/abstract/scopus_id/84964165185?field=author,affiliation"},{"@_fa": "true", "@ref": "scopus", "@href": "https://www.scopus.com/inward/record.uri?partnerID=HzOxMe3b&scp=84964165185&origin=inward"},{"@_fa": "true", "@ref": "scopus-citedby", "@href": "https://www.scopus.com/inward/citedby.uri?partnerID=HzOxMe3b&scp=84964165185&origin=inward"}],"prism:url":"https://api.elsevier.com/content/abstract/scopus_id/84964165185","dc:identifier":"SCOPUS_ID:84964165185","eid":"2-s2.0-84964165185","dc:title":"International Programs at the University of Michigan","prism:publicationName":"American Behavioral Scientist","prism:issn":"00027642","prism:eIssn":"15523381","prism:volume":"5","prism:issueIdentifier":"5","prism:pageRange":"28-30","prism:coverDate":"1962-01-01","prism:coverDisplayDate":"January 1962","prism:doi":"10.1177/000276426200500512","citedby-count":"0","prism:aggregationType":"Journal","subtype":"ar","subtypeDescription":"Article","source-id":"24733","openaccess":"0","openaccessFlag":false},{"@_fa": "true", "link": [{"@_fa": "true", "@ref": "self", "@href": "https://api.elsevier.com/content/abstract/scopus_id/84937352661"},{"@_fa": "true", "@ref": "author-affiliation", "@href": "https://api.elsevier.com/content/abstract/scopus_id/84937352661?field=author,affiliation"},{"@_fa": "true", "@ref": "scopus", "@href": "https://www.scopus.com/inward/record.uri?partnerID=HzOxMe3b&scp=84937352661&origin=inward"},{"@_fa": "true", "@ref": "scopus-citedby", "@href": "https://www.scopus.com/inward/citedby.uri?partnerID=HzOxMe3b&scp=84937352661&origin=inward"}],"prism:url":"https://api.elsevier.com/content/abstract/scopus_id/84937352661","dc:identifier":"SCOPUS_ID:84937352661","eid":"2-s2.0-84937352661","dc:title":"A Rational Basis for Engineering College Education","dc:creator":"Reed M.","prism:publicationName":"IRE Transactions on Education","prism:issn":"08937141","prism:volume":"5","prism:issueIdentifier":"3","prism:pageRange":"145-149","prism:coverDate":"1962-01-01","prism:coverDisplayDate":"SEPTEMBER, 1962","prism:doi":"10.1109/TE.1962.4322276","citedby-count":"0","prism:aggregationType":"Journal","subtype":"ar","subtypeDescription":"Article","source-id":"21100398759","openaccess":"0","openaccessFlag":false},{"@_fa": "true", "link": [{"@_fa": "true", "@ref": "self", "@href": "https://api.elsevier.com/content/abstract/scopus_id/33749067560"},{"@_fa": "true", "@ref": "author-affiliation", "@href": "https://api.elsevier.com/content/abstract/scopus_id/33749067560?field=author,affiliation"},{"@_fa": "true", "@ref": "scopus", "@href": "https://www.scopus.com/inward/record.uri?partnerID=HzOxMe3b&scp=33749067560&origin=inward"},{"@_fa": "true", "@ref": "scopus-citedby", "@href": "https://www.scopus.com/inward/citedby.uri?partnerID=HzOxMe3b&scp=33749067560&origin=inward"}],"prism:url":"https://api.elsevier.com/content/abstract/scopus_id/33749067560","dc:identifier":"SCOPUS_ID:33749067560","eid":"2-s2.0-33749067560","dc:title":"An Approach to General Pattern Recognition","dc:creator":"Fischler M.","prism:publicationName":"IRE Transactions on Information Theory","prism:issn":"00961000","prism:eIssn":"21682712","prism:volume":"8","prism:issueIdentifier":"5","prism:pageRange":"64-73","prism:coverDate":"1962-01-01","prism:coverDisplayDate":"1962","prism:doi":"10.1109/TIT.1962.1057765","citedby-count":"2","affiliation": [{"@_fa": "true", "affilname":"Lockheed Martin Space Systems Company","affiliation-city":"Boulevard","affiliation-country":"United States"}],"prism:aggregationType":"Journal","subtype":"ar","subtypeDescription":"Article","source-id":"21100398936","openaccess":"0","openaccessFlag":false},{"@_fa": "true", "link": [{"@_fa": "true", "@ref": "self", "@href": "https://api.elsevier.com/content/abstract/scopus_id/85007912791"},{"@_fa": "true", "@ref": "author-affiliation", "@href": "https://api.elsevier.com/content/abstract/scopus_id/85007912791?field=author,affiliation"},{"@_fa": "true", "@ref": "scopus", "@href": "https://www.scopus.com/inward/record.uri?partnerID=HzOxMe3b&scp=85007912791&origin=inward"},{"@_fa": "true", "@ref": "scopus-citedby", "@href": "https://www.scopus.com/inward/citedby.uri?partnerID=HzOxMe3b&scp=85007912791&origin=inward"}],"prism:url":"https://api.elsevier.com/content/abstract/scopus_id/85007912791","dc:identifier":"SCOPUS_ID:85007912791","eid":"2-s2.0-85007912791","dc:title":"Some reflections and prospects on the studies of urban function and of urban regions,with special reference to a functional approach","dc:creator":"Ishimizu T.","prism:publicationName":"Japanese Journal of Human Geography","prism:issn":"00187216","prism:volume":"14","prism:issueIdentifier":"3","prism:pageRange":"280-298","prism:coverDate":"1962-01-01","prism:coverDisplayDate":"1962","prism:doi":"10.4200/jjhg1948.14.280","citedby-count":"0","prism:aggregationType":"Journal","subtype":"ar","subtypeDescription":"Article","source-id":"30239","openaccess":"1","openaccessFlag":true},{"@_fa": "true", "link": [{"@_fa": "true", "@ref": "self", "@href": "https://api.elsevier.com/content/abstract/scopus_id/84964167212"},{"@_fa": "true", "@ref": "author-affiliation", "@href": "https://api.elsevier.com/content/abstract/scopus_id/84964167212?field=author,affiliation"},{"@_fa": "true", "@ref": "scopus", "@href": "https://www.scopus.com/inward/record.uri?partnerID=HzOxMe3b&scp=84964167212&origin=inward"},{"@_fa": "true", "@ref": "scopus-citedby", "@href": "https://www.scopus.com/inward/citedby.uri?partnerID=HzOxMe3b&scp=84964167212&origin=inward"}],"prism:url":"https://api.elsevier.com/content/abstract/scopus_id/84964167212","dc:identifier":"SCOPUS_ID:84964167212","eid":"2-s2.0-84964167212","dc:title":"The Perception of Vowel Colour in Formantless Complex Sounds","dc:creator":"Carpenter A.","prism:publicationName":"Language and Speech","prism:issn":"00238309","prism:volume":"5","prism:issueIdentifier":"4","prism:pageRange":"205-214","prism:coverDate":"1962-01-01","prism:coverDisplayDate":"October 1962","prism:doi":"10.1177/002383096200500403","citedby-count":"1","affiliation": [{"@_fa": "true", "affilname":"Applied Psychology Research Unit","affiliation-city":"Cambridge","affiliation-country":"Jamaica"}],"prism:aggregationType":"Journal","subtype":"ar","subtypeDescription":"Article","source-id":"23108","openaccess":"0","openaccessFlag":false},{"@_fa": "true", "link": [{"@_fa": "true", "@ref": "self", "@href": "https://api.elsevier.com/content/abstract/scopus_id/84937349732"},{"@_fa": "true", "@ref": "author-affiliation", "@href": "https://api.elsevier.com/content/abstract/scopus_id/84937349732?field=author,affiliation"},{"@_fa": "true", "@ref": "scopus", "@href": "https://www.scopus.com/inward/record.uri?partnerID=HzOxMe3b&scp=84937349732&origin=inward"},{"@_fa": "true", "@ref": "scopus-citedby", "@href": "https://www.scopus.com/inward/citedby.uri?partnerID=HzOxMe3b&scp=84937349732&origin=inward"}],"prism:url":"https://api.elsevier.com/content/abstract/scopus_id/84937349732","dc:identifier":"SCOPUS_ID:84937349732","eid":"2-s2.0-84937349732","dc:title":"Co-Modulation. A New Method for High-Speed Data Transmission","dc:creator":"de Jager F.","prism:publicationName":"IRE Transactions on Information Theory","prism:issn":"00961000","prism:eIssn":"21682712","prism:volume":"8","prism:issueIdentifier":"5","prism:pageRange":"285-290","prism:coverDate":"1962-01-01","prism:coverDisplayDate":"1962","prism:doi":"10.1109/TIT.1962.1057740","citedby-count":"0","affiliation": [{"@_fa": "true", "affilname":"Royal Philips","affiliation-city":"Amsterdam","affiliation-country":"Netherlands"}],"prism:aggregationType":"Journal","subtype":"ar","subtypeDescription":"Article","source-id":"21100398936","openaccess":"0","openaccessFlag":false}]}}