{"search-results":{"opensearch:totalResults":"347","opensearch:startIndex":"0","opensearch:itemsPerPage":"25","opensearch:Query":{"@role": "request", "@searchTerms": "TITLE-ABS-KEY(\"network\") AND SUBJAREA(SOCI) AND PUBYEAR = 1983", "@startPage": "0"},"link": [{"@_fa": "true", "@ref": "self", "@href": "https://api.elsevier.com/content/search/scopus?start=0&count=25&query=TITLE-ABS-KEY%28%22network%22%29+AND+SUBJAREA%28SOCI%29+AND+PUBYEAR+%3D+1983&apiKey=27d953b4b546791964ebeb768d13e61f&view=STANDARD", "@type": "application/json"},{"@_fa": "true", "@ref": "first", "@href": "https://api.elsevier.com/content/search/scopus?start=0&count=25&query=TITLE-ABS-KEY%28%22network%22%29+AND+SUBJAREA%28SOCI%29+AND+PUBYEAR+%3D+1983&apiKey=27d953b4b546791964ebeb768d13e61f&view=STANDARD", "@type": "application/json"},{"@_fa": "true", "@ref": "next", "@href": "https://api.elsevier.com/content/search/scopus?start=25&count=25&query=TITLE-ABS-KEY%28%22network%22%29+AND+SUBJAREA%28SOCI%29+AND+PUBYEAR+%3D+1983&apiKey=27d953b4b546791964ebeb768d13e61f&view=STANDARD", "@type": "application/json"},{"@_fa": "true", "@ref": "last", "@href": "https://api.elsevier.com/content/search/scopus?start=322&count=25&query=TITLE-ABS-KEY%28%22network%22%29+AND+SUBJAREA%28SOCI%29+AND+PUBYEAR+%3D+1983&apiKey=27d953b4b546791964ebeb768d13e61f&view=STANDARD", "@type": "application/json"}],"entry": [{"@_fa": "true", "link": [{"@_fa": "true", "@ref": "self", "@href": "https://api.elsevier.com/content/abstract/scopus_id/0020818346"},{"@_fa": "true", "@ref": "author-affiliation", "@href": "https://api.elsevier.com/content/abstract/scopus_id/0020818346?field=author,affiliation"},{"@_fa": "true", "@ref": "scopus", "@href": "https://www.scopus.com/inward/record.uri?partnerID=HzOxMe3b&scp=0020818346&origin=inward"},{"@_fa": "true", "@ref": "scopus-citedby", "@href": "https://www.scopus.com/inward/citedby.uri?partnerID=HzOxMe3b&scp=0020818346&origin=inward"}],"prism:url":"https://api.elsevier.com/content/abstract/scopus_id/0020818346","dc:identifier":"SCOPUS_ID:0020818346","eid":"2-s2.0-0020818346","dc:title":"Gerontologic continuing education","dc:creator":"Prothero J.","prism:publicationName":"Gerontology and Geriatrics Education","prism:issn":"02701960","prism:eIssn":"15453847","prism:volume":"4","prism:issueIdentifier":"1","prism:pageRange":"119-130","prism:coverDate":"1983-12-19","prism:coverDisplayDate":"19 December 1983","prism:doi":"10.1300/J021v04n01_17","citedby-count":"2","affiliation": [{"@_fa": "true", "affilname":"University of Washington, Seattle","affiliation-city":"Seattle","affiliation-country":"United States"}],"pubmed-id":"6676118","prism:aggregationType":"Journal","subtype":"ar","subtypeDescription":"Article","source-id":"29072","openaccess":"0","openaccessFlag":false},{"@_fa": "true", "link": [{"@_fa": "true", "@ref": "self", "@href": "https://api.elsevier.com/content/abstract/scopus_id/84952494646"},{"@_fa": "true", "@ref": "author-affiliation", "@href": "https://api.elsevier.com/content/abstract/scopus_id/84952494646?field=author,affiliation"},{"@_fa": "true", "@ref": "scopus", "@href": "https://www.scopus.com/inward/record.uri?partnerID=HzOxMe3b&scp=84952494646&origin=inward"},{"@_fa": "true", "@ref": "scopus-citedby", "@href": "https://www.scopus.com/inward/citedby.uri?partnerID=HzOxMe3b&scp=84952494646&origin=inward"}],"prism:url":"https://api.elsevier.com/content/abstract/scopus_id/84952494646","dc:identifier":"SCOPUS_ID:84952494646","eid":"2-s2.0-84952494646","dc:title":"Social care for the aged in the united states: Issues and challenges","dc:creator":"Cantor M.","prism:publicationName":"Social Work with Groups","prism:issn":"01609513","prism:eIssn":"15409481","prism:volume":"5","prism:issueIdentifier":"2","prism:pageRange":"13-20","prism:coverDate":"1983-12-03","prism:coverDisplayDate":"3 December 1983","prism:doi":"10.1300/J009v05n02_05","citedby-count":"2","affiliation": [{"@_fa": "true", "affilname":"Fordham University","affiliation-city":"New York","affiliation-country":"United States"}],"prism:aggregationType":"Journal","subtype":"ar","subtypeDescription":"Article","source-id":"15035","openaccess":"0","openaccessFlag":false},{"@_fa": "true", "link": [{"@_fa": "true", "@ref": "self", "@href": "https://api.elsevier.com/content/abstract/scopus_id/0020914613"},{"@_fa": "true", "@ref": "author-affiliation", "@href": "https://api.elsevier.com/content/abstract/scopus_id/0020914613?field=author,affiliation"},{"@_fa": "true", "@ref": "scopus", "@href": "https://www.scopus.com/inward/record.uri?partnerID=HzOxMe3b&scp=0020914613&origin=inward"},{"@_fa": "true", "@ref": "scopus-citedby", "@href": "https://www.scopus.com/inward/citedby.uri?partnerID=HzOxMe3b&scp=0020914613&origin=inward"}],"prism:url":"https://api.elsevier.com/content/abstract/scopus_id/0020914613","dc:identifier":"SCOPUS_ID:0020914613","eid":"2-s2.0-0020914613","dc:title":"PRODUCTIVE USERS, PRODUCTIVE NETWORKS.","dc:creator":"Butler B.","prism:publicationName":"Proceedings of the ASIS Annual Meeting","prism:issn":"00447870","prism:isbn": [{"@_fa": "true", "$" :"0867290722"}],"prism:volume":"20","prism:pageRange":"1","prism:coverDate":"1983-12-01","prism:coverDisplayDate":"1983","citedby-count":"0","prism:aggregationType":"Conference Proceeding","subtype":"cp","subtypeDescription":"Conference Paper","source-id":"31428","openaccess":"0","openaccessFlag":false},{"@_fa": "true", "link": [{"@_fa": "true", "@ref": "self", "@href": "https://api.elsevier.com/content/abstract/scopus_id/0020952435"},{"@_fa": "true", "@ref": "author-affiliation", "@href": "https://api.elsevier.com/content/abstract/scopus_id/0020952435?field=author,affiliation"},{"@_fa": "true", "@ref": "scopus", "@href": "https://www.scopus.com/inward/record.uri?partnerID=HzOxMe3b&scp=0020952435&origin=inward"},{"@_fa": "true", "@ref": "scopus-citedby", "@href": "https://www.scopus.com/inward/citedby.uri?partnerID=HzOxMe3b&scp=0020952435&origin=inward"}],"prism:url":"https://api.elsevier.com/content/abstract/scopus_id/0020952435","dc:identifier":"SCOPUS_ID:0020952435","eid":"2-s2.0-0020952435","dc:title":"LIBRARY NETWORK SIMULATION MODEL: A NEW APPROACH.","dc:creator":"Montgomery K.","prism:publicationName":"Proceedings of the ASIS Annual Meeting","prism:issn":"00447870","prism:isbn": [{"@_fa": "true", "$" :"0867290722"}],"prism:volume":"20","prism:pageRange":"230-232","prism:coverDate":"1983-12-01","prism:coverDisplayDate":"1983","citedby-count":"0","prism:aggregationType":"Conference Proceeding","subtype":"cp","subtypeDescription":"Conference Paper","source-id":"31428","openaccess":"0","openaccessFlag":false},{"@_fa": "true", "link": [{"@_fa": "true", "@ref": "self", "@href": "https://api.elsevier.com/content/abstract/scopus_id/34447224322"},{"@_fa": "true", "@ref": "author-affiliation", "@href": "https://api.elsevier.com/content/abstract/scopus_id/34447224322?field=author,affiliation"},{"@_fa": "true", "@ref": "scopus", "@href": "https://www.scopus.com/inward/record.uri?partnerID=HzOxMe3b&scp=34447224322&origin=inward"},{"@_fa": "true", "@ref": "scopus-citedby", "@href": "https://www.scopus.com/inward/citedby.uri?partnerID=HzOxMe3b&scp=34447224322&origin=inward"}],"prism:url":"https://api.elsevier.com/content/abstract/scopus_id/34447224322","dc:identifier":"SCOPUS_ID:34447224322","eid":"2-s2.0-34447224322","dc:title":"On the relevance of informal social networks to social work intervention","dc:creator":"Timms E.","prism:publicationName":"British Journal of Social Work","prism:issn":"00453102","prism:volume":"13","prism:issueIdentifier":"1","prism:pageRange":"405-415","prism:coverDate":"1983-12-01","prism:coverDisplayDate":"1983","citedby-count":"6","affiliation": [{"@_fa": "true", "affilname":"Auckland University of Technology","affiliation-city":"Auckland","affiliation-country":"New Zealand"}],"prism:aggregationType":"Journal","subtype":"ar","subtypeDescription":"Article","source-id":"28710","openaccess":"0","openaccessFlag":false},{"@_fa": "true", "link": [{"@_fa": "true", "@ref": "self", "@href": "https://api.elsevier.com/content/abstract/scopus_id/0020938379"},{"@_fa": "true", "@ref": "author-affiliation", "@href": "https://api.elsevier.com/content/abstract/scopus_id/0020938379?field=author,affiliation"},{"@_fa": "true", "@ref": "scopus", "@href": "https://www.scopus.com/inward/record.uri?partnerID=HzOxMe3b&scp=0020938379&origin=inward"},{"@_fa": "true", "@ref": "scopus-citedby", "@href": "https://www.scopus.com/inward/citedby.uri?partnerID=HzOxMe3b&scp=0020938379&origin=inward"}],"prism:url":"https://api.elsevier.com/content/abstract/scopus_id/0020938379","dc:identifier":"SCOPUS_ID:0020938379","eid":"2-s2.0-0020938379","dc:title":"INDEXER PRODUCTIVITY AIDS FOR A CONCEPT-NETWORK INDEX DISPLAY GENERATOR.","dc:creator":"Craven T.","prism:publicationName":"Proceedings of the ASIS Annual Meeting","prism:issn":"00447870","prism:isbn": [{"@_fa": "true", "$" :"0867290722"}],"prism:volume":"20","prism:pageRange":"266-268","prism:coverDate":"1983-12-01","prism:coverDisplayDate":"1983","citedby-count":"2","prism:aggregationType":"Conference Proceeding","subtype":"cp","subtypeDescription":"Conference Paper","source-id":"31428","openaccess":"0","openaccessFlag":false},{"@_fa": "true", "link": [{"@_fa": "true", "@ref": "self", "@href": "https://api.elsevier.com/content/abstract/scopus_id/0020869523"},{"@_fa": "true", "@ref": "author-affiliation", "@href": "https://api.elsevier.com/content/abstract/scopus_id/0020869523?field=author,affiliation"},{"@_fa": "true", "@ref": "scopus", "@href": "https://www.scopus.com/inward/record.uri?partnerID=HzOxMe3b&scp=0020869523&origin=inward"},{"@_fa": "true", "@ref": "scopus-citedby", "@href": "https://www.scopus.com/inward/citedby.uri?partnerID=HzOxMe3b&scp=0020869523&origin=inward"}],"prism:url":"https://api.elsevier.com/content/abstract/scopus_id/0020869523","dc:identifier":"SCOPUS_ID:0020869523","eid":"2-s2.0-0020869523","dc:title":"Social contexts, social networks, and urban neighborhoods: environmental constraints on friendship choice ( Detroit).","dc:creator":"Huckfeldt R.","prism:publicationName":"American Journal of Sociology","prism:issn":"00029602","prism:volume":"89","prism:issueIdentifier":"3","prism:pageRange":"651-669","prism:coverDate":"1983-12-01","prism:coverDisplayDate":"1983","prism:doi":"10.1086/227908","citedby-count":"132","prism:aggregationType":"Journal","subtype":"ar","subtypeDescription":"Article","source-id":"16926","openaccess":"0","openaccessFlag":false},{"@_fa": "true", "link": [{"@_fa": "true", "@ref": "self", "@href": "https://api.elsevier.com/content/abstract/scopus_id/0038551584"},{"@_fa": "true", "@ref": "author-affiliation", "@href": "https://api.elsevier.com/content/abstract/scopus_id/0038551584?field=author,affiliation"},{"@_fa": "true", "@ref": "scopus", "@href": "https://www.scopus.com/inward/record.uri?partnerID=HzOxMe3b&scp=0038551584&origin=inward"},{"@_fa": "true", "@ref": "scopus-citedby", "@href": "https://www.scopus.com/inward/citedby.uri?partnerID=HzOxMe3b&scp=0038551584&origin=inward"}],"prism:url":"https://api.elsevier.com/content/abstract/scopus_id/0038551584","dc:identifier":"SCOPUS_ID:0038551584","eid":"2-s2.0-0038551584","dc:title":"Informal networks of care: Issues raised by barclay","dc:creator":"Allan G.","prism:publicationName":"British Journal of Social Work","prism:issn":"00453102","prism:volume":"13","prism:issueIdentifier":"1","prism:pageRange":"417-433","prism:coverDate":"1983-12-01","prism:coverDisplayDate":"1983","citedby-count":"18","affiliation": [{"@_fa": "true", "affilname":"University of Southampton","affiliation-city":"Southampton","affiliation-country":"United Kingdom"}],"prism:aggregationType":"Journal","subtype":"ar","subtypeDescription":"Article","source-id":"28710","openaccess":"0","openaccessFlag":false},{"@_fa": "true", "link": [{"@_fa": "true", "@ref": "self", "@href": "https://api.elsevier.com/content/abstract/scopus_id/34247905902"},{"@_fa": "true", "@ref": "author-affiliation", "@href": "https://api.elsevier.com/content/abstract/scopus_id/34247905902?field=author,affiliation"},{"@_fa": "true", "@ref": "scopus", "@href": "https://www.scopus.com/inward/record.uri?partnerID=HzOxMe3b&scp=34247905902&origin=inward"},{"@_fa": "true", "@ref": "scopus-citedby", "@href": "https://www.scopus.com/inward/citedby.uri?partnerID=HzOxMe3b&scp=34247905902&origin=inward"}],"prism:url":"https://api.elsevier.com/content/abstract/scopus_id/34247905902","dc:identifier":"SCOPUS_ID:34247905902","eid":"2-s2.0-34247905902","dc:title":"The network polls: A critical review","dc:creator":"Sudman S.","prism:publicationName":"Public Opinion Quarterly","prism:issn":"0033362X","prism:volume":"47","prism:issueIdentifier":"4","prism:pageRange":"490-496","prism:coverDate":"1983-12-01","prism:coverDisplayDate":"December 1983","prism:doi":"10.1086/268807","citedby-count":"3","affiliation": [{"@_fa": "true", "affilname":"University of Illinois at Urbana-Champaign","affiliation-city":"Urbana","affiliation-country":"United States"}],"prism:aggregationType":"Journal","subtype":"ar","subtypeDescription":"Article","source-id":"23574","openaccess":"0","openaccessFlag":false},{"@_fa": "true", "link": [{"@_fa": "true", "@ref": "self", "@href": "https://api.elsevier.com/content/abstract/scopus_id/0020892007"},{"@_fa": "true", "@ref": "author-affiliation", "@href": "https://api.elsevier.com/content/abstract/scopus_id/0020892007?field=author,affiliation"},{"@_fa": "true", "@ref": "scopus", "@href": "https://www.scopus.com/inward/record.uri?partnerID=HzOxMe3b&scp=0020892007&origin=inward"},{"@_fa": "true", "@ref": "scopus-citedby", "@href": "https://www.scopus.com/inward/citedby.uri?partnerID=HzOxMe3b&scp=0020892007&origin=inward"}],"prism:url":"https://api.elsevier.com/content/abstract/scopus_id/0020892007","dc:identifier":"SCOPUS_ID:0020892007","eid":"2-s2.0-0020892007","dc:title":"( Town settlement network in Bydgoszcz voivodship and its changes in 1946-1970).","dc:creator":"Cetnarska H.","prism:publicationName":"Prace i Studia Geograficzne","prism:issn":"02084589","prism:volume":"3","prism:pageRange":"53-66","prism:coverDate":"1983-12-01","prism:coverDisplayDate":"1983","citedby-count":"0","prism:aggregationType":"Journal","subtype":"ar","subtypeDescription":"Article","source-id":"12431","openaccess":"0","openaccessFlag":false},{"@_fa": "true", "link": [{"@_fa": "true", "@ref": "self", "@href": "https://api.elsevier.com/content/abstract/scopus_id/77956983204"},{"@_fa": "true", "@ref": "author-affiliation", "@href": "https://api.elsevier.com/content/abstract/scopus_id/77956983204?field=author,affiliation"},{"@_fa": "true", "@ref": "scopus", "@href": "https://www.scopus.com/inward/record.uri?partnerID=HzOxMe3b&scp=77956983204&origin=inward"},{"@_fa": "true", "@ref": "scopus-citedby", "@href": "https://www.scopus.com/inward/citedby.uri?partnerID=HzOxMe3b&scp=77956983204&origin=inward"}],"prism:url":"https://api.elsevier.com/content/abstract/scopus_id/77956983204","dc:identifier":"SCOPUS_ID:77956983204","eid":"2-s2.0-77956983204","dc:title":"Social work in the welfare network: Negotiating daily practice","dc:creator":"Whittington C.","prism:publicationName":"British Journal of Social Work","prism:issn":"00453102","prism:volume":"13","prism:issueIdentifier":"1","prism:pageRange":"265-286","prism:coverDate":"1983-12-01","prism:coverDisplayDate":"1983","citedby-count":"9","affiliation": [{"@_fa": "true", "affilname":"University of London","affiliation-city":"London","affiliation-country":"United Kingdom"}],"prism:aggregationType":"Journal","subtype":"ar","subtypeDescription":"Article","source-id":"28710","openaccess":"0","openaccessFlag":false},{"@_fa": "true", "link": [{"@_fa": "true", "@ref": "self", "@href": "https://api.elsevier.com/content/abstract/scopus_id/0002419719"},{"@_fa": "true", "@ref": "author-affiliation", "@href": "https://api.elsevier.com/content/abstract/scopus_id/0002419719?field=author,affiliation"},{"@_fa": "true", "@ref": "scopus", "@href": "https://www.scopus.com/inward/record.uri?partnerID=HzOxMe3b&scp=0002419719&origin=inward"},{"@_fa": "true", "@ref": "scopus-citedby", "@href": "https://www.scopus.com/inward/citedby.uri?partnerID=HzOxMe3b&scp=0002419719&origin=inward"}],"prism:url":"https://api.elsevier.com/content/abstract/scopus_id/0002419719","dc:identifier":"SCOPUS_ID:0002419719","eid":"2-s2.0-0002419719","dc:title":"A content analysis of animation in television advertising","dc:creator":"Bush A.","prism:publicationName":"Journal of Advertising","prism:issn":"00913367","prism:volume":"12","prism:issueIdentifier":"4","prism:pageRange":"20-41","prism:coverDate":"1983-12-01","prism:coverDisplayDate":"1 December 1983","prism:doi":"10.1080/00913367.1983.10672859","citedby-count":"17","affiliation": [{"@_fa": "true", "affilname":"Louisiana State University","affiliation-city":"Baton Rouge","affiliation-country":"United States"}],"prism:aggregationType":"Journal","subtype":"ar","subtypeDescription":"Article","source-id":"28179","openaccess":"0","openaccessFlag":false},{"@_fa": "true", "link": [{"@_fa": "true", "@ref": "self", "@href": "https://api.elsevier.com/content/abstract/scopus_id/0020880579"},{"@_fa": "true", "@ref": "author-affiliation", "@href": "https://api.elsevier.com/content/abstract/scopus_id/0020880579?field=author,affiliation"},{"@_fa": "true", "@ref": "scopus", "@href": "https://www.scopus.com/inward/record.uri?partnerID=HzOxMe3b&scp=0020880579&origin=inward"},{"@_fa": "true", "@ref": "scopus-citedby", "@href": "https://www.scopus.com/inward/citedby.uri?partnerID=HzOxMe3b&scp=0020880579&origin=inward"}],"prism:url":"https://api.elsevier.com/content/abstract/scopus_id/0020880579","dc:identifier":"SCOPUS_ID:0020880579","eid":"2-s2.0-0020880579","dc:title":"EFFECTS OF AUTOMATED INFORMATION SYSTEMS ON KNOWLEDGE WORKER PRODUCTIVITY.","dc:creator":"Borko H.","prism:publicationName":"Proceedings of the ASIS Annual Meeting","prism:issn":"00447870","prism:isbn": [{"@_fa": "true", "$" :"0867290722"}],"prism:volume":"20","prism:pageRange":"80-82","prism:coverDate":"1983-12-01","prism:coverDisplayDate":"1983","citedby-count":"0","prism:aggregationType":"Conference Proceeding","subtype":"cp","subtypeDescription":"Conference Paper","source-id":"31428","openaccess":"0","openaccessFlag":false},{"@_fa": "true", "link": [{"@_fa": "true", "@ref": "self", "@href": "https://api.elsevier.com/content/abstract/scopus_id/0020976171"},{"@_fa": "true", "@ref": "author-affiliation", "@href": "https://api.elsevier.com/content/abstract/scopus_id/0020976171?field=author,affiliation"},{"@_fa": "true", "@ref": "scopus", "@href": "https://www.scopus.com/inward/record.uri?partnerID=HzOxMe3b&scp=0020976171&origin=inward"},{"@_fa": "true", "@ref": "scopus-citedby", "@href": "https://www.scopus.com/inward/citedby.uri?partnerID=HzOxMe3b&scp=0020976171&origin=inward"}],"prism:url":"https://api.elsevier.com/content/abstract/scopus_id/0020976171","dc:identifier":"SCOPUS_ID:0020976171","eid":"2-s2.0-0020976171","dc:title":"COMPUTER-AIDED APPROACH TO ENERGY CONTINGENCY ROUTE PLANNING FOR TRANSIT USING TNOP.","dc:creator":"Friedman T.","prism:publicationName":"Special Report - National Research Council, Transportation Research Board","prism:issn":"0360859X","prism:isbn": [{"@_fa": "true", "$" :"0309036577"}],"prism:pageRange":"65-68","prism:coverDate":"1983-12-01","prism:coverDisplayDate":"1983","citedby-count":"0","prism:aggregationType":"Conference Proceeding","subtype":"cp","subtypeDescription":"Conference Paper","source-id":"26910","openaccess":"0","openaccessFlag":false},{"@_fa": "true", "link": [{"@_fa": "true", "@ref": "self", "@href": "https://api.elsevier.com/content/abstract/scopus_id/0020880587"},{"@_fa": "true", "@ref": "author-affiliation", "@href": "https://api.elsevier.com/content/abstract/scopus_id/0020880587?field=author,affiliation"},{"@_fa": "true", "@ref": "scopus", "@href": "https://www.scopus.com/inward/record.uri?partnerID=HzOxMe3b&scp=0020880587&origin=inward"},{"@_fa": "true", "@ref": "scopus-citedby", "@href": "https://www.scopus.com/inward/citedby.uri?partnerID=HzOxMe3b&scp=0020880587&origin=inward"}],"prism:url":"https://api.elsevier.com/content/abstract/scopus_id/0020880587","dc:identifier":"SCOPUS_ID:0020880587","eid":"2-s2.0-0020880587","dc:title":"SYSTEM AND USER VIEWS OF PRODUCTIVITY: THE CASE OF OCLC SOFTWARE.","dc:creator":"Cole E.","prism:publicationName":"Proceedings of the ASIS Annual Meeting","prism:issn":"00447870","prism:isbn": [{"@_fa": "true", "$" :"0867290722"}],"prism:volume":"20","prism:pageRange":"184-186","prism:coverDate":"1983-12-01","prism:coverDisplayDate":"1983","citedby-count":"0","prism:aggregationType":"Conference Proceeding","subtype":"cp","subtypeDescription":"Conference Paper","source-id":"31428","openaccess":"0","openaccessFlag":false},{"@_fa": "true", "link": [{"@_fa": "true", "@ref": "self", "@href": "https://api.elsevier.com/content/abstract/scopus_id/0020914621"},{"@_fa": "true", "@ref": "author-affiliation", "@href": "https://api.elsevier.com/content/abstract/scopus_id/0020914621?field=author,affiliation"},{"@_fa": "true", "@ref": "scopus", "@href": "https://www.scopus.com/inward/record.uri?partnerID=HzOxMe3b&scp=0020914621&origin=inward"},{"@_fa": "true", "@ref": "scopus-citedby", "@href": "https://www.scopus.com/inward/citedby.uri?partnerID=HzOxMe3b&scp=0020914621&origin=inward"}],"prism:url":"https://api.elsevier.com/content/abstract/scopus_id/0020914621","dc:identifier":"SCOPUS_ID:0020914621","eid":"2-s2.0-0020914621","dc:title":"LIBRARY AND THE INFORMATION MANAGEMENT SYSTEM: DEVELOPMENT OF AN OUTREACH NETWORK WITHIN A MEDICAL CENTER.","dc:creator":"Johnson M.","prism:publicationName":"Proceedings of the ASIS Annual Meeting","prism:issn":"00447870","prism:isbn": [{"@_fa": "true", "$" :"0867290722"}],"prism:volume":"20","prism:pageRange":"233","prism:coverDate":"1983-12-01","prism:coverDisplayDate":"1983","citedby-count":"0","prism:aggregationType":"Conference Proceeding","subtype":"cp","subtypeDescription":"Conference Paper","source-id":"31428","openaccess":"0","openaccessFlag":false},{"@_fa": "true", "link": [{"@_fa": "true", "@ref": "self", "@href": "https://api.elsevier.com/content/abstract/scopus_id/0020928086"},{"@_fa": "true", "@ref": "author-affiliation", "@href": "https://api.elsevier.com/content/abstract/scopus_id/0020928086?field=author,affiliation"},{"@_fa": "true", "@ref": "scopus", "@href": "https://www.scopus.com/inward/record.uri?partnerID=HzOxMe3b&scp=0020928086&origin=inward"},{"@_fa": "true", "@ref": "scopus-citedby", "@href": "https://www.scopus.com/inward/citedby.uri?partnerID=HzOxMe3b&scp=0020928086&origin=inward"}],"prism:url":"https://api.elsevier.com/content/abstract/scopus_id/0020928086","dc:identifier":"SCOPUS_ID:0020928086","eid":"2-s2.0-0020928086","dc:title":"(The spatial effectiveness of new communications techniques - innovation and diffusion-orientated investigations as exemplified by Baden-Wurttemberg).","dc:creator":"Hoberg R.","prism:publicationName":"Raumforschung und Raumordnung","prism:issn":"00340111","prism:volume":"41","prism:issueIdentifier":"5-6","prism:pageRange":"211-222","prism:coverDate":"1983-12-01","prism:coverDisplayDate":"1983","citedby-count":"0","prism:aggregationType":"Journal","subtype":"ar","subtypeDescription":"Article","source-id":"12452","openaccess":"0","openaccessFlag":false},{"@_fa": "true", "link": [{"@_fa": "true", "@ref": "self", "@href": "https://api.elsevier.com/content/abstract/scopus_id/0020924412"},{"@_fa": "true", "@ref": "author-affiliation", "@href": "https://api.elsevier.com/content/abstract/scopus_id/0020924412?field=author,affiliation"},{"@_fa": "true", "@ref": "scopus", "@href": "https://www.scopus.com/inward/record.uri?partnerID=HzOxMe3b&scp=0020924412&origin=inward"},{"@_fa": "true", "@ref": "scopus-citedby", "@href": "https://www.scopus.com/inward/citedby.uri?partnerID=HzOxMe3b&scp=0020924412&origin=inward"}],"prism:url":"https://api.elsevier.com/content/abstract/scopus_id/0020924412","dc:identifier":"SCOPUS_ID:0020924412","eid":"2-s2.0-0020924412","dc:title":"(Dynamics of the public transport system in Prague in relation to time availability in the town centre).","dc:creator":"Kokta J.","prism:publicationName":"Acta Universitatis Carolinae, Geographica","prism:issn":"03005402","prism:volume":"18","prism:issueIdentifier":"1","prism:pageRange":"27-39","prism:coverDate":"1983-12-01","prism:coverDisplayDate":"1983","citedby-count":"0","prism:aggregationType":"Journal","subtype":"ar","subtypeDescription":"Article","source-id":"27100","openaccess":"0","openaccessFlag":false},{"@_fa": "true", "link": [{"@_fa": "true", "@ref": "self", "@href": "https://api.elsevier.com/content/abstract/scopus_id/0020999080"},{"@_fa": "true", "@ref": "author-affiliation", "@href": "https://api.elsevier.com/content/abstract/scopus_id/0020999080?field=author,affiliation"},{"@_fa": "true", "@ref": "scopus", "@href": "https://www.scopus.com/inward/record.uri?partnerID=HzOxMe3b&scp=0020999080&origin=inward"},{"@_fa": "true", "@ref": "scopus-citedby", "@href": "https://www.scopus.com/inward/citedby.uri?partnerID=HzOxMe3b&scp=0020999080&origin=inward"}],"prism:url":"https://api.elsevier.com/content/abstract/scopus_id/0020999080","dc:identifier":"SCOPUS_ID:0020999080","eid":"2-s2.0-0020999080","dc:title":"Training of interns and practicum students at community mental health centers","dc:creator":"Zolik E.","prism:publicationName":"American Journal of Community Psychology","prism:issn":"00910562","prism:eIssn":"15732770","prism:volume":"11","prism:issueIdentifier":"6","prism:pageRange":"673-686","prism:coverDate":"1983-12-01","prism:coverDisplayDate":"December 1983","prism:doi":"10.1007/BF00896602","citedby-count":"3","affiliation": [{"@_fa": "true", "affilname":"DePaul University","affiliation-city":"Chicago","affiliation-country":"United States"}],"pubmed-id":"6666753","prism:aggregationType":"Journal","subtype":"ar","subtypeDescription":"Article","source-id":"16925","openaccess":"0","openaccessFlag":false},{"@_fa": "true", "link": [{"@_fa": "true", "@ref": "self", "@href": "https://api.elsevier.com/content/abstract/scopus_id/0020924801"},{"@_fa": "true", "@ref": "author-affiliation", "@href": "https://api.elsevier.com/content/abstract/scopus_id/0020924801?field=author,affiliation"},{"@_fa": "true", "@ref": "scopus", "@href": "https://www.scopus.com/inward/record.uri?partnerID=HzOxMe3b&scp=0020924801&origin=inward"},{"@_fa": "true", "@ref": "scopus-citedby", "@href": "https://www.scopus.com/inward/citedby.uri?partnerID=HzOxMe3b&scp=0020924801&origin=inward"}],"prism:url":"https://api.elsevier.com/content/abstract/scopus_id/0020924801","dc:identifier":"SCOPUS_ID:0020924801","eid":"2-s2.0-0020924801","dc:title":"How organs are distributed.","dc:creator":"Denny D.","prism:publicationName":"The Hastings Center report","prism:issn":"00930334","prism:volume":"13","prism:issueIdentifier":"6","prism:pageRange":"26-27","prism:coverDate":"1983-12-01","prism:coverDisplayDate":"December 1983","citedby-count":"2","pubmed-id":"11644095","prism:aggregationType":"Journal","subtype":"ar","subtypeDescription":"Article","source-id":"13318","openaccess":"0","openaccessFlag":false},{"@_fa": "true", "link": [{"@_fa": "true", "@ref": "self", "@href": "https://api.elsevier.com/content/abstract/scopus_id/0000937068"},{"@_fa": "true", "@ref": "author-affiliation", "@href": "https://api.elsevier.com/content/abstract/scopus_id/0000937068?field=author,affiliation"},{"@_fa": "true", "@ref": "scopus", "@href": "https://www.scopus.com/inward/record.uri?partnerID=HzOxMe3b&scp=0000937068&origin=inward"},{"@_fa": "true", "@ref": "scopus-citedby", "@href": "https://www.scopus.com/inward/citedby.uri?partnerID=HzOxMe3b&scp=0000937068&origin=inward"}],"prism:url":"https://api.elsevier.com/content/abstract/scopus_id/0000937068","dc:identifier":"SCOPUS_ID:0000937068","eid":"2-s2.0-0000937068","dc:title":"Social impact and social preference as determinants of children's peer group status","dc:creator":"Newcomb A.","prism:publicationName":"Developmental Psychology","prism:issn":"00121649","prism:volume":"19","prism:issueIdentifier":"6","prism:pageRange":"856-867","prism:coverDate":"1983-11-01","prism:coverDisplayDate":"November 1983","prism:doi":"10.1037/0012-1649.19.6.856","pii":"S0012164907623171","citedby-count":"175","prism:aggregationType":"Journal","subtype":"ar","subtypeDescription":"Article","source-id":"13500","openaccess":"0","openaccessFlag":false},{"@_fa": "true", "link": [{"@_fa": "true", "@ref": "self", "@href": "https://api.elsevier.com/content/abstract/scopus_id/85051052026"},{"@_fa": "true", "@ref": "author-affiliation", "@href": "https://api.elsevier.com/content/abstract/scopus_id/85051052026?field=author,affiliation"},{"@_fa": "true", "@ref": "scopus", "@href": "https://www.scopus.com/inward/record.uri?partnerID=HzOxMe3b&scp=85051052026&origin=inward"},{"@_fa": "true", "@ref": "scopus-citedby", "@href": "https://www.scopus.com/inward/citedby.uri?partnerID=HzOxMe3b&scp=85051052026&origin=inward"}],"prism:url":"https://api.elsevier.com/content/abstract/scopus_id/85051052026","dc:identifier":"SCOPUS_ID:85051052026","eid":"2-s2.0-85051052026","dc:title":"Micros through mainframes: A successful implementation","dc:creator":"Maltz L.","prism:publicationName":"Proceedings ACM SIGUCCS User Services Conference","prism:isbn": [{"@_fa": "true", "$" :"0897911164"}],"prism:pageRange":"19-26","prism:coverDate":"1983-10-05","prism:coverDisplayDate":"5 October 1983","citedby-count":"0","affiliation": [{"@_fa": "true", "affilname":"Stevens Institute of Technology","affiliation-city":"Hoboken","affiliation-country":"United States"}],"prism:aggregationType":"Conference Proceeding","subtype":"cp","subtypeDescription":"Conference Paper","source-id":"21100871625","openaccess":"0","openaccessFlag":false},{"@_fa": "true", "link": [{"@_fa": "true", "@ref": "self", "@href": "https://api.elsevier.com/content/abstract/scopus_id/85051000590"},{"@_fa": "true", "@ref": "author-affiliation", "@href": "https://api.elsevier.com/content/abstract/scopus_id/85051000590?field=author,affiliation"},{"@_fa": "true", "@ref": "scopus", "@href": "https://www.scopus.com/inward/record.uri?partnerID=HzOxMe3b&scp=85051000590&origin=inward"},{"@_fa": "true", "@ref": "scopus-citedby", "@href": "https://www.scopus.com/inward/citedby.uri?partnerID=HzOxMe3b&scp=85051000590&origin=inward"}],"prism:url":"https://api.elsevier.com/content/abstract/scopus_id/85051000590","dc:identifier":"SCOPUS_ID:85051000590","eid":"2-s2.0-85051000590","dc:title":"Student consultants: A key to efficient utilization of computing resources","dc:creator":"Prueher R.","prism:publicationName":"Proceedings ACM SIGUCCS User Services Conference","prism:isbn": [{"@_fa": "true", "$" :"0897911164"}],"prism:pageRange":"73-81","prism:coverDate":"1983-10-05","prism:coverDisplayDate":"5 October 1983","citedby-count":"0","affiliation": [{"@_fa": "true", "affilname":"University of Wisconsin-Eau Claire","affiliation-city":"Eau Claire","affiliation-country":"United States"}],"prism:aggregationType":"Conference Proceeding","subtype":"cp","subtypeDescription":"Conference Paper","source-id":"21100871625","openaccess":"0","openaccessFlag":false},{"@_fa": "true", "link": [{"@_fa": "true", "@ref": "self", "@href": "https://api.elsevier.com/content/abstract/scopus_id/79959779706"},{"@_fa": "true", "@ref": "author-affiliation", "@href": "https://api.elsevier.com/content/abstract/scopus_id/79959779706?field=author,affiliation"},{"@_fa": "true", "@ref": "scopus", "@href": "https://www.scopus.com/inward/record.uri?partnerID=HzOxMe3b&scp=79959779706&origin=inward"},{"@_fa": "true", "@ref": "scopus-citedby", "@href": "https://www.scopus.com/inward/citedby.uri?partnerID=HzOxMe3b&scp=79959779706&origin=inward"}],"prism:url":"https://api.elsevier.com/content/abstract/scopus_id/79959779706","dc:identifier":"SCOPUS_ID:79959779706","eid":"2-s2.0-79959779706","dc:title":"Archival cooperation: A critical look at statewide archival networks","dc:creator":"Cameron R.","prism:publicationName":"American Archivist","prism:issn":"03609081","prism:volume":"46","prism:issueIdentifier":"4","prism:pageRange":"414-432","prism:coverDate":"1983-10-01","prism:coverDisplayDate":"1 October 1983","prism:doi":"10.17723/aarc.46.4.5r0528380421g122","citedby-count":"1","affiliation": [{"@_fa": "true", "affilname":"Minnesota Historical Society","affiliation-city":"Minneapolis","affiliation-country":"United States"}],"prism:aggregationType":"Journal","subtype":"ar","subtypeDescription":"Article","source-id":"12085","openaccess":"0","openaccessFlag":false},{"@_fa": "true", "link": [{"@_fa": "true", "@ref": "self", "@href": "https://api.elsevier.com/content/abstract/scopus_id/34250144411"},{"@_fa": "true", "@ref": "author-affiliation", "@href": "https://api.elsevier.com/content/abstract/scopus_id/34250144411?field=author,affiliation"},{"@_fa": "true", "@ref": "scopus", "@href": "https://www.scopus.com/inward/record.uri?partnerID=HzOxMe3b&scp=34250144411&origin=inward"},{"@_fa": "true", "@ref": "scopus-citedby", "@href": "https://www.scopus.com/inward/citedby.uri?partnerID=HzOxMe3b&scp=34250144411&origin=inward"}],"prism:url":"https://api.elsevier.com/content/abstract/scopus_id/34250144411","dc:identifier":"SCOPUS_ID:34250144411","eid":"2-s2.0-34250144411","dc:title":"Using network analysis in the classroom","prism:publicationName":"Instructional Science","prism:issn":"00204277","prism:eIssn":"15731952","prism:volume":"12","prism:issueIdentifier":"3","prism:pageRange":"285-289","prism:coverDate":"1983-10-01","prism:coverDisplayDate":"October 1983","prism:doi":"10.1007/BF00051750","citedby-count":"0","prism:aggregationType":"Journal","subtype":"ar","subtypeDescription":"Article","source-id":"21368","openaccess":"0","openaccessFlag":false}]}}