{"search-results":{"opensearch:totalResults":"15896","opensearch:startIndex":"0","opensearch:itemsPerPage":"25","opensearch:Query":{"@role": "request", "@searchTerms": "TITLE-ABS-KEY(\"network\") AND SUBJAREA(SOCI) AND PUBYEAR = 2017", "@startPage": "0"},"link": [{"@_fa": "true", "@ref": "self", "@href": "https://api.elsevier.com/content/search/scopus?start=0&count=25&query=TITLE-ABS-KEY%28%22network%22%29+AND+SUBJAREA%28SOCI%29+AND+PUBYEAR+%3D+2017&apiKey=27d953b4b546791964ebeb768d13e61f&view=STANDARD", "@type": "application/json"},{"@_fa": "true", "@ref": "first", "@href": "https://api.elsevier.com/content/search/scopus?start=0&count=25&query=TITLE-ABS-KEY%28%22network%22%29+AND+SUBJAREA%28SOCI%29+AND+PUBYEAR+%3D+2017&apiKey=27d953b4b546791964ebeb768d13e61f&view=STANDARD", "@type": "application/json"},{"@_fa": "true", "@ref": "next", "@href": "https://api.elsevier.com/content/search/scopus?start=25&count=25&query=TITLE-ABS-KEY%28%22network%22%29+AND+SUBJAREA%28SOCI%29+AND+PUBYEAR+%3D+2017&apiKey=27d953b4b546791964ebeb768d13e61f&view=STANDARD", "@type": "application/json"},{"@_fa": "true", "@ref": "last", "@href": "https://api.elsevier.com/content/search/scopus?start=4975&count=25&query=TITLE-ABS-KEY%28%22network%22%29+AND+SUBJAREA%28SOCI%29+AND+PUBYEAR+%3D+2017&apiKey=27d953b4b546791964ebeb768d13e61f&view=STANDARD", "@type": "application/json"}],"entry": [{"@_fa": "true", "link": [{"@_fa": "true", "@ref": "self", "@href": "https://api.elsevier.com/content/abstract/scopus_id/85051022962"},{"@_fa": "true", "@ref": "author-affiliation", "@href": "https://api.elsevier.com/content/abstract/scopus_id/85051022962?field=author,affiliation"},{"@_fa": "true", "@ref": "scopus", "@href": "https://www.scopus.com/inward/record.uri?partnerID=HzOxMe3b&scp=85051022962&origin=inward"},{"@_fa": "true", "@ref": "scopus-citedby", "@href": "https://www.scopus.com/inward/citedby.uri?partnerID=HzOxMe3b&scp=85051022962&origin=inward"}],"prism:url":"https://api.elsevier.com/content/abstract/scopus_id/85051022962","dc:identifier":"SCOPUS_ID:85051022962","eid":"2-s2.0-85051022962","dc:title":"Corporate spirit-based socialization in schools in France","dc:creator":"Tanguy L.","prism:publicationName":"Formation Emploi","prism:issn":"07596340","prism:eIssn":"21070946","prism:volume":"140","prism:pageRange":"147-164","prism:coverDate":"2017-12-31","prism:coverDisplayDate":"31 December 2017","citedby-count":"0","affiliation": [{"@_fa": "true", "affilname":"CNRS Centre National de la Recherche Scientifique","affiliation-city":"Paris","affiliation-country":"France"}],"prism:aggregationType":"Journal","subtype":"ar","subtypeDescription":"Article","source-id":"21100268385","openaccess":"0","openaccessFlag":false},{"@_fa": "true", "link": [{"@_fa": "true", "@ref": "self", "@href": "https://api.elsevier.com/content/abstract/scopus_id/85039899549"},{"@_fa": "true", "@ref": "author-affiliation", "@href": "https://api.elsevier.com/content/abstract/scopus_id/85039899549?field=author,affiliation"},{"@_fa": "true", "@ref": "scopus", "@href": "https://www.scopus.com/inward/record.uri?partnerID=HzOxMe3b&scp=85039899549&origin=inward"},{"@_fa": "true", "@ref": "scopus-citedby", "@href": "https://www.scopus.com/inward/citedby.uri?partnerID=HzOxMe3b&scp=85039899549&origin=inward"}],"prism:url":"https://api.elsevier.com/content/abstract/scopus_id/85039899549","dc:identifier":"SCOPUS_ID:85039899549","eid":"2-s2.0-85039899549","dc:title":"Insights on demonetisation from rural Tamil Nadu: Understanding social networks and social protection","dc:creator":"Guérin I.","prism:publicationName":"Economic and Political Weekly","prism:issn":"00129976","prism:volume":"52","prism:issueIdentifier":"52","prism:pageRange":"44-53","prism:coverDate":"2017-12-30","prism:coverDisplayDate":"30 December 2017","citedby-count":"1","affiliation": [{"@_fa": "true", "affilname":"IRD Institut de Recherche pour le Developpement","affiliation-city":"Paris","affiliation-country":"France"},{"@_fa": "true", "affilname":"Institut Francais de Pondichery","affiliation-city":"Puducherry","affiliation-country":"India"}],"prism:aggregationType":"Journal","subtype":"re","subtypeDescription":"Review","source-id":"19957","openaccess":"0","openaccessFlag":false},{"@_fa": "true", "link": [{"@_fa": "true", "@ref": "self", "@href": "https://api.elsevier.com/content/abstract/scopus_id/85039783323"},{"@_fa": "true", "@ref": "author-affiliation", "@href": "https://api.elsevier.com/content/abstract/scopus_id/85039783323?field=author,affiliation"},{"@_fa": "true", "@ref": "scopus", "@href": "https://www.scopus.com/inward/record.uri?partnerID=HzOxMe3b&scp=85039783323&origin=inward"},{"@_fa": "true", "@ref": "scopus-citedby", "@href": "https://www.scopus.com/inward/citedby.uri?partnerID=HzOxMe3b&scp=85039783323&origin=inward"}],"prism:url":"https://api.elsevier.com/content/abstract/scopus_id/85039783323","dc:identifier":"SCOPUS_ID:85039783323","eid":"2-s2.0-85039783323","dc:title":"Artificial neural network for assessment of energy consumption and cost for cross laminated timber office building in severe cold regions","dc:creator":"Dong Q.","prism:publicationName":"Sustainability (Switzerland)","prism:eIssn":"20711050","prism:volume":"10","prism:issueIdentifier":"1","prism:pageRange":null,"prism:coverDate":"2017-12-30","prism:coverDisplayDate":"30 December 2017","prism:doi":"10.3390/su10010084","citedby-count":"7","affiliation": [{"@_fa": "true", "affilname":"Harbin Institute of Technology","affiliation-city":"Harbin","affiliation-country":"China"},{"@_fa": "true", "affilname":"Heilongjiang Cold Region Architectural Science Key Laboratory","affiliation-city":"Harbin","affiliation-country":"China"}],"prism:aggregationType":"Journal","subtype":"ar","subtypeDescription":"Article","article-number":"84","source-id":"21100240100","openaccess":"1","openaccessFlag":true},{"@_fa": "true", "link": [{"@_fa": "true", "@ref": "self", "@href": "https://api.elsevier.com/content/abstract/scopus_id/85039783447"},{"@_fa": "true", "@ref": "author-affiliation", "@href": "https://api.elsevier.com/content/abstract/scopus_id/85039783447?field=author,affiliation"},{"@_fa": "true", "@ref": "scopus", "@href": "https://www.scopus.com/inward/record.uri?partnerID=HzOxMe3b&scp=85039783447&origin=inward"},{"@_fa": "true", "@ref": "scopus-citedby", "@href": "https://www.scopus.com/inward/citedby.uri?partnerID=HzOxMe3b&scp=85039783447&origin=inward"}],"prism:url":"https://api.elsevier.com/content/abstract/scopus_id/85039783447","dc:identifier":"SCOPUS_ID:85039783447","eid":"2-s2.0-85039783447","dc:title":"Manufacturing quality prediction using intelligent learning approaches: A comparative study","dc:creator":"Bai Y.","prism:publicationName":"Sustainability (Switzerland)","prism:eIssn":"20711050","prism:volume":"10","prism:issueIdentifier":"1","prism:pageRange":null,"prism:coverDate":"2017-12-30","prism:coverDisplayDate":"30 December 2017","prism:doi":"10.3390/su10010085","citedby-count":"4","affiliation": [{"@_fa": "true", "affilname":"Dongguan University of Technology","affiliation-city":"Dongguan","affiliation-country":"China"}],"prism:aggregationType":"Journal","subtype":"ar","subtypeDescription":"Article","article-number":"85","source-id":"21100240100","openaccess":"1","openaccessFlag":true},{"@_fa": "true", "link": [{"@_fa": "true", "@ref": "self", "@href": "https://api.elsevier.com/content/abstract/scopus_id/85044298512"},{"@_fa": "true", "@ref": "author-affiliation", "@href": "https://api.elsevier.com/content/abstract/scopus_id/85044298512?field=author,affiliation"},{"@_fa": "true", "@ref": "scopus", "@href": "https://www.scopus.com/inward/record.uri?partnerID=HzOxMe3b&scp=85044298512&origin=inward"},{"@_fa": "true", "@ref": "scopus-citedby", "@href": "https://www.scopus.com/inward/citedby.uri?partnerID=HzOxMe3b&scp=85044298512&origin=inward"}],"prism:url":"https://api.elsevier.com/content/abstract/scopus_id/85044298512","dc:identifier":"SCOPUS_ID:85044298512","eid":"2-s2.0-85044298512","dc:title":"The notion of generation and the relations of domination in the writing of an art history in Yemen","dc:creator":"Alviso-marino A.","prism:publicationName":"Revue des Mondes Musulmans et de la Mediterranee","prism:issn":"09971327","prism:eIssn":"21052271","prism:volume":"142","prism:pageRange":"93-107","prism:coverDate":"2017-12-30","prism:coverDisplayDate":"30 December 2017","citedby-count":"0","affiliation": [{"@_fa": "true", "affilname":"CESSP","affiliation-city":"Paris","affiliation-country":"France"}],"prism:aggregationType":"Journal","subtype":"re","subtypeDescription":"Review","source-id":"21100283371","openaccess":"0","openaccessFlag":false},{"@_fa": "true", "link": [{"@_fa": "true", "@ref": "self", "@href": "https://api.elsevier.com/content/abstract/scopus_id/85044300883"},{"@_fa": "true", "@ref": "author-affiliation", "@href": "https://api.elsevier.com/content/abstract/scopus_id/85044300883?field=author,affiliation"},{"@_fa": "true", "@ref": "scopus", "@href": "https://www.scopus.com/inward/record.uri?partnerID=HzOxMe3b&scp=85044300883&origin=inward"},{"@_fa": "true", "@ref": "scopus-citedby", "@href": "https://www.scopus.com/inward/citedby.uri?partnerID=HzOxMe3b&scp=85044300883&origin=inward"}],"prism:url":"https://api.elsevier.com/content/abstract/scopus_id/85044300883","dc:identifier":"SCOPUS_ID:85044300883","eid":"2-s2.0-85044300883","dc:title":"The syrian and lebanese migrants in Colonial French West Africa, 1880s-1930s","dc:creator":"Charnay J.","prism:publicationName":"Revue des Mondes Musulmans et de la Mediterranee","prism:issn":"09971327","prism:eIssn":"21052271","prism:volume":"142","prism:pageRange":null,"prism:coverDate":"2017-12-30","prism:coverDisplayDate":"30 December 2017","citedby-count":"0","affiliation": [{"@_fa": "true", "affilname":"Université Paris Nanterre","affiliation-city":"Nanterre","affiliation-country":"France"}],"prism:aggregationType":"Journal","subtype":"re","subtypeDescription":"Review","source-id":"21100283371","openaccess":"0","openaccessFlag":false},{"@_fa": "true", "link": [{"@_fa": "true", "@ref": "self", "@href": "https://api.elsevier.com/content/abstract/scopus_id/85039960258"},{"@_fa": "true", "@ref": "author-affiliation", "@href": "https://api.elsevier.com/content/abstract/scopus_id/85039960258?field=author,affiliation"},{"@_fa": "true", "@ref": "scopus", "@href": "https://www.scopus.com/inward/record.uri?partnerID=HzOxMe3b&scp=85039960258&origin=inward"},{"@_fa": "true", "@ref": "scopus-citedby", "@href": "https://www.scopus.com/inward/citedby.uri?partnerID=HzOxMe3b&scp=85039960258&origin=inward"}],"prism:url":"https://api.elsevier.com/content/abstract/scopus_id/85039960258","dc:identifier":"SCOPUS_ID:85039960258","eid":"2-s2.0-85039960258","dc:title":"Emptying operation of water supply networks","dc:creator":"Coronado-Hernández O.","prism:publicationName":"Water (Switzerland)","prism:eIssn":"20734441","prism:volume":"10","prism:issueIdentifier":"1","prism:pageRange":null,"prism:coverDate":"2017-12-29","prism:coverDisplayDate":"29 December 2017","prism:doi":"10.3390/w10010022","citedby-count":"1","affiliation": [{"@_fa": "true", "affilname":"Universidad Tecnológica de Bolívar","affiliation-city":"Cartagena","affiliation-country":"Colombia"},{"@_fa": "true", "affilname":"Universitat Politècnica de València","affiliation-city":"Valencia","affiliation-country":"Spain"}],"prism:aggregationType":"Journal","subtype":"no","subtypeDescription":"Note","article-number":"22","source-id":"21100255400","openaccess":"1","openaccessFlag":true},{"@_fa": "true", "link": [{"@_fa": "true", "@ref": "self", "@href": "https://api.elsevier.com/content/abstract/scopus_id/85040793043"},{"@_fa": "true", "@ref": "author-affiliation", "@href": "https://api.elsevier.com/content/abstract/scopus_id/85040793043?field=author,affiliation"},{"@_fa": "true", "@ref": "scopus", "@href": "https://www.scopus.com/inward/record.uri?partnerID=HzOxMe3b&scp=85040793043&origin=inward"},{"@_fa": "true", "@ref": "scopus-citedby", "@href": "https://www.scopus.com/inward/citedby.uri?partnerID=HzOxMe3b&scp=85040793043&origin=inward"}],"prism:url":"https://api.elsevier.com/content/abstract/scopus_id/85040793043","dc:identifier":"SCOPUS_ID:85040793043","eid":"2-s2.0-85040793043","dc:title":"TRICARE; Reimbursement of Long Term Care Hospitals and Inpatient Rehabilitation Facilities. Final rule","prism:publicationName":"Federal register","prism:issn":"00976326","prism:volume":"82","prism:issueIdentifier":"249","prism:pageRange":"61678-61694","prism:coverDate":"2017-12-29","prism:coverDisplayDate":"29 December 2017","citedby-count":"0","pubmed-id":"29319943","prism:aggregationType":"Journal","subtype":"ar","subtypeDescription":"Article","source-id":"12871","openaccess":"0","openaccessFlag":false},{"@_fa": "true", "link": [{"@_fa": "true", "@ref": "self", "@href": "https://api.elsevier.com/content/abstract/scopus_id/85047608148"},{"@_fa": "true", "@ref": "author-affiliation", "@href": "https://api.elsevier.com/content/abstract/scopus_id/85047608148?field=author,affiliation"},{"@_fa": "true", "@ref": "scopus", "@href": "https://www.scopus.com/inward/record.uri?partnerID=HzOxMe3b&scp=85047608148&origin=inward"},{"@_fa": "true", "@ref": "scopus-citedby", "@href": "https://www.scopus.com/inward/citedby.uri?partnerID=HzOxMe3b&scp=85047608148&origin=inward"}],"prism:url":"https://api.elsevier.com/content/abstract/scopus_id/85047608148","dc:identifier":"SCOPUS_ID:85047608148","eid":"2-s2.0-85047608148","dc:title":"Before things fall apart: The role of the Soviet Union in Somalia’s troubled past (1969-1978)","dc:creator":"Muhammad H.","prism:publicationName":"Intellectual Discourse","prism:issn":"01284878","prism:eIssn":"22895639","prism:volume":"25","prism:issueIdentifier":"2","prism:pageRange":"409-427","prism:coverDate":"2017-12-29","prism:coverDisplayDate":"29 December 2017","citedby-count":"0","affiliation": [{"@_fa": "true", "affilname":"Presidential Office","affiliation-city":null,"affiliation-country":"Somalia"}],"prism:aggregationType":"Journal","subtype":"cp","subtypeDescription":"Conference Paper","source-id":"5600156881","openaccess":"0","openaccessFlag":false},{"@_fa": "true", "link": [{"@_fa": "true", "@ref": "self", "@href": "https://api.elsevier.com/content/abstract/scopus_id/85039770524"},{"@_fa": "true", "@ref": "author-affiliation", "@href": "https://api.elsevier.com/content/abstract/scopus_id/85039770524?field=author,affiliation"},{"@_fa": "true", "@ref": "scopus", "@href": "https://www.scopus.com/inward/record.uri?partnerID=HzOxMe3b&scp=85039770524&origin=inward"},{"@_fa": "true", "@ref": "scopus-citedby", "@href": "https://www.scopus.com/inward/citedby.uri?partnerID=HzOxMe3b&scp=85039770524&origin=inward"}],"prism:url":"https://api.elsevier.com/content/abstract/scopus_id/85039770524","dc:identifier":"SCOPUS_ID:85039770524","eid":"2-s2.0-85039770524","dc:title":"Optimization of a traffic control scheme for a post-disaster Urban road network","dc:creator":"Shao Z.","prism:publicationName":"Sustainability (Switzerland)","prism:eIssn":"20711050","prism:volume":"10","prism:issueIdentifier":"1","prism:pageRange":null,"prism:coverDate":"2017-12-28","prism:coverDisplayDate":"28 December 2017","prism:doi":"10.3390/su10010068","citedby-count":"1","affiliation": [{"@_fa": "true", "affilname":"Southwest Jiaotong University","affiliation-city":"Chengdu","affiliation-country":"China"},{"@_fa": "true", "affilname":"Shandong Women's University","affiliation-city":"Jinan","affiliation-country":"China"}],"prism:aggregationType":"Journal","subtype":"ar","subtypeDescription":"Article","article-number":"68","source-id":"21100240100","openaccess":"1","openaccessFlag":true},{"@_fa": "true", "link": [{"@_fa": "true", "@ref": "self", "@href": "https://api.elsevier.com/content/abstract/scopus_id/85047468112"},{"@_fa": "true", "@ref": "author-affiliation", "@href": "https://api.elsevier.com/content/abstract/scopus_id/85047468112?field=author,affiliation"},{"@_fa": "true", "@ref": "scopus", "@href": "https://www.scopus.com/inward/record.uri?partnerID=HzOxMe3b&scp=85047468112&origin=inward"},{"@_fa": "true", "@ref": "scopus-citedby", "@href": "https://www.scopus.com/inward/citedby.uri?partnerID=HzOxMe3b&scp=85047468112&origin=inward"}],"prism:url":"https://api.elsevier.com/content/abstract/scopus_id/85047468112","dc:identifier":"SCOPUS_ID:85047468112","eid":"2-s2.0-85047468112","dc:title":"The party's primary: Control of congressional nominations","dc:creator":"Hassell H.","prism:publicationName":"The Party's Primary: Control of Congressional Nominations","prism:isbn": [{"@_fa": "true", "$" :"9781108355803"},{"@_fa": "true", "$" :"9781108420990"}],"prism:pageRange":"1-215","prism:coverDate":"2017-12-28","prism:coverDisplayDate":"28 December 2017","prism:doi":"10.1017/9781108355803","citedby-count":"0","affiliation": [{"@_fa": "true", "affilname":"Cornell College","affiliation-city":"Mt Vernon","affiliation-country":"United States"}],"prism:aggregationType":"Book","subtype":"bk","subtypeDescription":"Book","source-id":"21100861776","openaccess":"0","openaccessFlag":false},{"@_fa": "true", "link": [{"@_fa": "true", "@ref": "self", "@href": "https://api.elsevier.com/content/abstract/scopus_id/85040225916"},{"@_fa": "true", "@ref": "author-affiliation", "@href": "https://api.elsevier.com/content/abstract/scopus_id/85040225916?field=author,affiliation"},{"@_fa": "true", "@ref": "scopus", "@href": "https://www.scopus.com/inward/record.uri?partnerID=HzOxMe3b&scp=85040225916&origin=inward"},{"@_fa": "true", "@ref": "scopus-citedby", "@href": "https://www.scopus.com/inward/citedby.uri?partnerID=HzOxMe3b&scp=85040225916&origin=inward"}],"prism:url":"https://api.elsevier.com/content/abstract/scopus_id/85040225916","dc:identifier":"SCOPUS_ID:85040225916","eid":"2-s2.0-85040225916","dc:title":"Outdated and obsolete words of the Mari language in the translated schoolbooks of the 1920s—1930s","dc:creator":"Sergeev O.","prism:publicationName":"Linguistica Uralica","prism:issn":"08684731","prism:eIssn":"17367506","prism:volume":"53","prism:issueIdentifier":"4","prism:pageRange":"267-275","prism:coverDate":"2017-12-28","prism:coverDisplayDate":"28 December 2017","prism:doi":"10.3176/lu.2017.4.03","citedby-count":"0","affiliation": [{"@_fa": "true", "affilname":"V.M. Vasilyev Mari Research Institute of Language, Literature and History","affiliation-city":"Yoshkar-Ola","affiliation-country":"Russian Federation"}],"prism:aggregationType":"Journal","subtype":"ar","subtypeDescription":"Article","source-id":"5800207578","openaccess":"0","openaccessFlag":false},{"@_fa": "true", "link": [{"@_fa": "true", "@ref": "self", "@href": "https://api.elsevier.com/content/abstract/scopus_id/85040033186"},{"@_fa": "true", "@ref": "author-affiliation", "@href": "https://api.elsevier.com/content/abstract/scopus_id/85040033186?field=author,affiliation"},{"@_fa": "true", "@ref": "scopus", "@href": "https://www.scopus.com/inward/record.uri?partnerID=HzOxMe3b&scp=85040033186&origin=inward"},{"@_fa": "true", "@ref": "scopus-citedby", "@href": "https://www.scopus.com/inward/citedby.uri?partnerID=HzOxMe3b&scp=85040033186&origin=inward"}],"prism:url":"https://api.elsevier.com/content/abstract/scopus_id/85040033186","dc:identifier":"SCOPUS_ID:85040033186","eid":"2-s2.0-85040033186","dc:title":"The French social housing sector at the crossroads of budgetary constraints and social missions","dc:creator":"Schaeffer J.","prism:publicationName":"Critical Housing Analysis","prism:eIssn":"23362839","prism:volume":"4","prism:issueIdentifier":"2","prism:pageRange":"29-38","prism:coverDate":"2017-12-28","prism:coverDisplayDate":"28 December 2017","prism:doi":"10.13060/23362839.2017.4.2.384","citedby-count":"0","affiliation": [{"@_fa": "true", "affilname":"Conseil National des Villes","affiliation-city":"Paris","affiliation-country":"France"}],"prism:aggregationType":"Journal","subtype":"ar","subtypeDescription":"Article","source-id":"21100828738","openaccess":"0","openaccessFlag":false},{"@_fa": "true", "link": [{"@_fa": "true", "@ref": "self", "@href": "https://api.elsevier.com/content/abstract/scopus_id/85039762815"},{"@_fa": "true", "@ref": "author-affiliation", "@href": "https://api.elsevier.com/content/abstract/scopus_id/85039762815?field=author,affiliation"},{"@_fa": "true", "@ref": "scopus", "@href": "https://www.scopus.com/inward/record.uri?partnerID=HzOxMe3b&scp=85039762815&origin=inward"},{"@_fa": "true", "@ref": "scopus-citedby", "@href": "https://www.scopus.com/inward/citedby.uri?partnerID=HzOxMe3b&scp=85039762815&origin=inward"}],"prism:url":"https://api.elsevier.com/content/abstract/scopus_id/85039762815","dc:identifier":"SCOPUS_ID:85039762815","eid":"2-s2.0-85039762815","dc:title":"Sustainability formation of machine cells in group technology systems using modified artificial bee colony algorithm","dc:creator":"Arunagiri A.","prism:publicationName":"Sustainability (Switzerland)","prism:eIssn":"20711050","prism:volume":"10","prism:issueIdentifier":"1","prism:pageRange":null,"prism:coverDate":"2017-12-28","prism:coverDisplayDate":"28 December 2017","prism:doi":"10.3390/su10010042","citedby-count":"1","affiliation": [{"@_fa": "true", "affilname":"Dhaanish Ahmed College of Engineering","affiliation-city":"Chennai","affiliation-country":"India"}],"prism:aggregationType":"Journal","subtype":"ar","subtypeDescription":"Article","article-number":"42","source-id":"21100240100","openaccess":"1","openaccessFlag":true},{"@_fa": "true", "link": [{"@_fa": "true", "@ref": "self", "@href": "https://api.elsevier.com/content/abstract/scopus_id/85043726190"},{"@_fa": "true", "@ref": "author-affiliation", "@href": "https://api.elsevier.com/content/abstract/scopus_id/85043726190?field=author,affiliation"},{"@_fa": "true", "@ref": "scopus", "@href": "https://www.scopus.com/inward/record.uri?partnerID=HzOxMe3b&scp=85043726190&origin=inward"},{"@_fa": "true", "@ref": "scopus-citedby", "@href": "https://www.scopus.com/inward/citedby.uri?partnerID=HzOxMe3b&scp=85043726190&origin=inward"}],"prism:url":"https://api.elsevier.com/content/abstract/scopus_id/85043726190","dc:identifier":"SCOPUS_ID:85043726190","eid":"2-s2.0-85043726190","dc:title":"The 'Majaluba' rice production system: A rainwater harvesting 'Bright Spot' in Tanzania","dc:creator":"Gowing J.","prism:publicationName":"Rainwater-Smart Agriculture in Arid and Semi-Arid Areas: Fostering the Use of Rainwater for Food Security, Poverty Alleviation, Landscape Restoration and Climate Resilience","prism:isbn": [{"@_fa": "true", "$" :"9783319662398"},{"@_fa": "true", "$" :"9783319662381"}],"prism:pageRange":"303-321","prism:coverDate":"2017-12-28","prism:coverDisplayDate":"28 December 2017","prism:doi":"10.1007/978-3-319-66239-8_16","citedby-count":"1","affiliation": [{"@_fa": "true", "affilname":"Newcastle University, United Kingdom","affiliation-city":"Newcastle","affiliation-country":"United Kingdom"}],"prism:aggregationType":"Book","subtype":"ch","subtypeDescription":"Chapter","source-id":"21100855210","openaccess":"0","openaccessFlag":false},{"@_fa": "true", "link": [{"@_fa": "true", "@ref": "self", "@href": "https://api.elsevier.com/content/abstract/scopus_id/85045370169"},{"@_fa": "true", "@ref": "author-affiliation", "@href": "https://api.elsevier.com/content/abstract/scopus_id/85045370169?field=author,affiliation"},{"@_fa": "true", "@ref": "scopus", "@href": "https://www.scopus.com/inward/record.uri?partnerID=HzOxMe3b&scp=85045370169&origin=inward"},{"@_fa": "true", "@ref": "scopus-citedby", "@href": "https://www.scopus.com/inward/citedby.uri?partnerID=HzOxMe3b&scp=85045370169&origin=inward"}],"prism:url":"https://api.elsevier.com/content/abstract/scopus_id/85045370169","dc:identifier":"SCOPUS_ID:85045370169","eid":"2-s2.0-85045370169","dc:title":"Significance of educational leadership: Case for Singapore schools today","dc:creator":"Raveendaran S.","prism:publicationName":"Leadership For Change: The Singapore Schools' Experience","prism:isbn": [{"@_fa": "true", "$" :"9789813227323"},{"@_fa": "true", "$" :"9789813227309"}],"prism:pageRange":"85-101","prism:coverDate":"2017-12-27","prism:coverDisplayDate":"27 December 2017","prism:doi":"10.1142/9789813227323_0003","citedby-count":"0","affiliation": [{"@_fa": "true", "affilname":"National Institute of Education, Singapore","affiliation-city":"Singapore City","affiliation-country":"Singapore"}],"prism:aggregationType":"Book","subtype":"ch","subtypeDescription":"Chapter","source-id":"21100857273","openaccess":"0","openaccessFlag":false},{"@_fa": "true", "link": [{"@_fa": "true", "@ref": "self", "@href": "https://api.elsevier.com/content/abstract/scopus_id/85045369679"},{"@_fa": "true", "@ref": "author-affiliation", "@href": "https://api.elsevier.com/content/abstract/scopus_id/85045369679?field=author,affiliation"},{"@_fa": "true", "@ref": "scopus", "@href": "https://www.scopus.com/inward/record.uri?partnerID=HzOxMe3b&scp=85045369679&origin=inward"},{"@_fa": "true", "@ref": "scopus-citedby", "@href": "https://www.scopus.com/inward/citedby.uri?partnerID=HzOxMe3b&scp=85045369679&origin=inward"}],"prism:url":"https://api.elsevier.com/content/abstract/scopus_id/85045369679","dc:identifier":"SCOPUS_ID:85045369679","eid":"2-s2.0-85045369679","dc:title":"Overcoming impediments to reform: Building a sustainable ecosystem for educational innovations","dc:creator":"Toh Y.","prism:publicationName":"Leadership For Change: The Singapore Schools' Experience","prism:isbn": [{"@_fa": "true", "$" :"9789813227323"},{"@_fa": "true", "$" :"9789813227309"}],"prism:pageRange":"103-125","prism:coverDate":"2017-12-27","prism:coverDisplayDate":"27 December 2017","prism:doi":"10.1142/9789813227323_0004","citedby-count":"0","affiliation": [{"@_fa": "true", "affilname":"National Institute of Education, Singapore","affiliation-city":"Singapore City","affiliation-country":"Singapore"}],"prism:aggregationType":"Book","subtype":"ch","subtypeDescription":"Chapter","source-id":"21100857273","openaccess":"0","openaccessFlag":false},{"@_fa": "true", "link": [{"@_fa": "true", "@ref": "self", "@href": "https://api.elsevier.com/content/abstract/scopus_id/85050098267"},{"@_fa": "true", "@ref": "author-affiliation", "@href": "https://api.elsevier.com/content/abstract/scopus_id/85050098267?field=author,affiliation"},{"@_fa": "true", "@ref": "scopus", "@href": "https://www.scopus.com/inward/record.uri?partnerID=HzOxMe3b&scp=85050098267&origin=inward"},{"@_fa": "true", "@ref": "scopus-citedby", "@href": "https://www.scopus.com/inward/citedby.uri?partnerID=HzOxMe3b&scp=85050098267&origin=inward"}],"prism:url":"https://api.elsevier.com/content/abstract/scopus_id/85050098267","dc:identifier":"SCOPUS_ID:85050098267","eid":"2-s2.0-85050098267","dc:title":"On the ⇜margins⇝ of empire? Toward a history of Hawaiian labour and settlement in the pacific Northwest","dc:creator":"Calnitsky N.","prism:publicationName":"Journal of the Polynesian Society","prism:issn":"00324000","prism:volume":"126","prism:issueIdentifier":"4","prism:pageRange":"417-442","prism:coverDate":"2017-12-27","prism:coverDisplayDate":"27 December 2017","prism:doi":"10.15286/jps.126.4.417-442","citedby-count":"0","affiliation": [{"@_fa": "true", "affilname":"Carleton University","affiliation-city":"Ottawa","affiliation-country":"Canada"}],"prism:aggregationType":"Journal","subtype":"re","subtypeDescription":"Review","source-id":"4700153513","openaccess":"0","openaccessFlag":false},{"@_fa": "true", "link": [{"@_fa": "true", "@ref": "self", "@href": "https://api.elsevier.com/content/abstract/scopus_id/85040002113"},{"@_fa": "true", "@ref": "author-affiliation", "@href": "https://api.elsevier.com/content/abstract/scopus_id/85040002113?field=author,affiliation"},{"@_fa": "true", "@ref": "scopus", "@href": "https://www.scopus.com/inward/record.uri?partnerID=HzOxMe3b&scp=85040002113&origin=inward"},{"@_fa": "true", "@ref": "scopus-citedby", "@href": "https://www.scopus.com/inward/citedby.uri?partnerID=HzOxMe3b&scp=85040002113&origin=inward"}],"prism:url":"https://api.elsevier.com/content/abstract/scopus_id/85040002113","dc:identifier":"SCOPUS_ID:85040002113","eid":"2-s2.0-85040002113","dc:title":"Predicting the Surface Tension of Liquids: Comparison of Four Modeling Approaches and Application to Cosmetic Oils","dc:creator":"Goussard V.","prism:publicationName":"Journal of Chemical Information and Modeling","prism:issn":"15499596","prism:eIssn":"15205142","prism:volume":"57","prism:issueIdentifier":"12","prism:pageRange":"2986-2995","prism:coverDate":"2017-12-26","prism:coverDisplayDate":"26 December 2017","prism:doi":"10.1021/acs.jcim.7b00512","citedby-count":"5","affiliation": [{"@_fa": "true", "affilname":"University of Lille","affiliation-city":"Villeneuve-d'Ascq","affiliation-country":"France"}],"pubmed-id":"29091426","prism:aggregationType":"Journal","subtype":"ar","subtypeDescription":"Article","source-id":"130080","openaccess":"0","openaccessFlag":false},{"@_fa": "true", "link": [{"@_fa": "true", "@ref": "self", "@href": "https://api.elsevier.com/content/abstract/scopus_id/85039981808"},{"@_fa": "true", "@ref": "author-affiliation", "@href": "https://api.elsevier.com/content/abstract/scopus_id/85039981808?field=author,affiliation"},{"@_fa": "true", "@ref": "scopus", "@href": "https://www.scopus.com/inward/record.uri?partnerID=HzOxMe3b&scp=85039981808&origin=inward"},{"@_fa": "true", "@ref": "scopus-citedby", "@href": "https://www.scopus.com/inward/citedby.uri?partnerID=HzOxMe3b&scp=85039981808&origin=inward"}],"prism:url":"https://api.elsevier.com/content/abstract/scopus_id/85039981808","dc:identifier":"SCOPUS_ID:85039981808","eid":"2-s2.0-85039981808","dc:title":"Coupling Matched Molecular Pairs with Machine Learning for Virtual Compound Optimization","dc:creator":"Turk S.","prism:publicationName":"Journal of Chemical Information and Modeling","prism:issn":"15499596","prism:eIssn":"15205142","prism:volume":"57","prism:issueIdentifier":"12","prism:pageRange":"3079-3085","prism:coverDate":"2017-12-26","prism:coverDisplayDate":"26 December 2017","prism:doi":"10.1021/acs.jcim.7b00298","citedby-count":"2","affiliation": [{"@_fa": "true", "affilname":"BioMed X Innovation Center","affiliation-city":"Heidelberg","affiliation-country":"Germany"}],"pubmed-id":"29131617","prism:aggregationType":"Journal","subtype":"ar","subtypeDescription":"Article","source-id":"130080","openaccess":"0","openaccessFlag":false},{"@_fa": "true", "link": [{"@_fa": "true", "@ref": "self", "@href": "https://api.elsevier.com/content/abstract/scopus_id/85039040730"},{"@_fa": "true", "@ref": "author-affiliation", "@href": "https://api.elsevier.com/content/abstract/scopus_id/85039040730?field=author,affiliation"},{"@_fa": "true", "@ref": "scopus", "@href": "https://www.scopus.com/inward/record.uri?partnerID=HzOxMe3b&scp=85039040730&origin=inward"},{"@_fa": "true", "@ref": "scopus-citedby", "@href": "https://www.scopus.com/inward/citedby.uri?partnerID=HzOxMe3b&scp=85039040730&origin=inward"}],"prism:url":"https://api.elsevier.com/content/abstract/scopus_id/85039040730","dc:identifier":"SCOPUS_ID:85039040730","eid":"2-s2.0-85039040730","dc:title":"A resource sharing mechanism for sustainable production in the garment industry","dc:creator":"Ma K.","prism:publicationName":"Sustainability (Switzerland)","prism:eIssn":"20711050","prism:volume":"10","prism:issueIdentifier":"1","prism:pageRange":null,"prism:coverDate":"2017-12-26","prism:coverDisplayDate":"26 December 2017","prism:doi":"10.3390/su10010052","citedby-count":"1","affiliation": [{"@_fa": "true", "affilname":"University of Lille","affiliation-city":"Villeneuve-d'Ascq","affiliation-country":"France"},{"@_fa": "true", "affilname":"Högskolan i Borås","affiliation-city":"Boras","affiliation-country":"Sweden"},{"@_fa": "true", "affilname":"ENSAIT Ecole Nationale Supérieure des Arts et Industries Textiles","affiliation-city":"Roubaix","affiliation-country":"France"},{"@_fa": "true", "affilname":"Soochow University","affiliation-city":"Suzhou","affiliation-country":"China"}],"prism:aggregationType":"Journal","subtype":"ar","subtypeDescription":"Article","article-number":"52","source-id":"21100240100","openaccess":"1","openaccessFlag":true},{"@_fa": "true", "link": [{"@_fa": "true", "@ref": "self", "@href": "https://api.elsevier.com/content/abstract/scopus_id/85039067557"},{"@_fa": "true", "@ref": "author-affiliation", "@href": "https://api.elsevier.com/content/abstract/scopus_id/85039067557?field=author,affiliation"},{"@_fa": "true", "@ref": "scopus", "@href": "https://www.scopus.com/inward/record.uri?partnerID=HzOxMe3b&scp=85039067557&origin=inward"},{"@_fa": "true", "@ref": "scopus-citedby", "@href": "https://www.scopus.com/inward/citedby.uri?partnerID=HzOxMe3b&scp=85039067557&origin=inward"}],"prism:url":"https://api.elsevier.com/content/abstract/scopus_id/85039067557","dc:identifier":"SCOPUS_ID:85039067557","eid":"2-s2.0-85039067557","dc:title":"How to evaluate smart cities' construction? A comparison of Chinese smart City evaluation methods based on PSF","dc:creator":"Shi H.","prism:publicationName":"Sustainability (Switzerland)","prism:eIssn":"20711050","prism:volume":"10","prism:issueIdentifier":"1","prism:pageRange":null,"prism:coverDate":"2017-12-25","prism:coverDisplayDate":"25 December 2017","prism:doi":"10.3390/su10010037","citedby-count":"5","affiliation": [{"@_fa": "true", "affilname":"Harbin Institute of Technology","affiliation-city":"Harbin","affiliation-country":"China"}],"prism:aggregationType":"Journal","subtype":"ar","subtypeDescription":"Article","article-number":"37","source-id":"21100240100","openaccess":"1","openaccessFlag":true},{"@_fa": "true", "link": [{"@_fa": "true", "@ref": "self", "@href": "https://api.elsevier.com/content/abstract/scopus_id/85039060128"},{"@_fa": "true", "@ref": "author-affiliation", "@href": "https://api.elsevier.com/content/abstract/scopus_id/85039060128?field=author,affiliation"},{"@_fa": "true", "@ref": "scopus", "@href": "https://www.scopus.com/inward/record.uri?partnerID=HzOxMe3b&scp=85039060128&origin=inward"},{"@_fa": "true", "@ref": "scopus-citedby", "@href": "https://www.scopus.com/inward/citedby.uri?partnerID=HzOxMe3b&scp=85039060128&origin=inward"}],"prism:url":"https://api.elsevier.com/content/abstract/scopus_id/85039060128","dc:identifier":"SCOPUS_ID:85039060128","eid":"2-s2.0-85039060128","dc:title":"Variability and trend detection in the sediment load of the upper Indus river","dc:creator":"Ateeq-Ur-Rehman S.","prism:publicationName":"Water (Switzerland)","prism:eIssn":"20734441","prism:volume":"10","prism:issueIdentifier":"1","prism:pageRange":null,"prism:coverDate":"2017-12-25","prism:coverDisplayDate":"25 December 2017","prism:doi":"10.3390/w10010016","citedby-count":"2","affiliation": [{"@_fa": "true", "affilname":"Technical University of Munich","affiliation-city":"Munich","affiliation-country":"Germany"}],"prism:aggregationType":"Journal","subtype":"ar","subtypeDescription":"Article","article-number":"16","source-id":"21100255400","openaccess":"1","openaccessFlag":true},{"@_fa": "true", "link": [{"@_fa": "true", "@ref": "self", "@href": "https://api.elsevier.com/content/abstract/scopus_id/85039044264"},{"@_fa": "true", "@ref": "author-affiliation", "@href": "https://api.elsevier.com/content/abstract/scopus_id/85039044264?field=author,affiliation"},{"@_fa": "true", "@ref": "scopus", "@href": "https://www.scopus.com/inward/record.uri?partnerID=HzOxMe3b&scp=85039044264&origin=inward"},{"@_fa": "true", "@ref": "scopus-citedby", "@href": "https://www.scopus.com/inward/citedby.uri?partnerID=HzOxMe3b&scp=85039044264&origin=inward"}],"prism:url":"https://api.elsevier.com/content/abstract/scopus_id/85039044264","dc:identifier":"SCOPUS_ID:85039044264","eid":"2-s2.0-85039044264","dc:title":"Mapping the anti-vaccination movement on Facebook","dc:creator":"Smith N.","prism:publicationName":"Information Communication and Society","prism:issn":"1369118X","prism:eIssn":"14684462","prism:pageRange":"1-18","prism:coverDate":"2017-12-23","prism:coverDisplayDate":"23 December 2017","prism:doi":"10.1080/1369118X.2017.1418406","citedby-count":"4","affiliation": [{"@_fa": "true", "affilname":"Federation University Australia","affiliation-city":"Ballarat","affiliation-country":"Australia"}],"prism:aggregationType":"Journal","subtype":"undefined","subtypeDescription":null,"source-id":"200147110","openaccess":"0","openaccessFlag":false},{"@_fa": "true", "link": [{"@_fa": "true", "@ref": "self", "@href": "https://api.elsevier.com/content/abstract/scopus_id/85039070416"},{"@_fa": "true", "@ref": "author-affiliation", "@href": "https://api.elsevier.com/content/abstract/scopus_id/85039070416?field=author,affiliation"},{"@_fa": "true", "@ref": "scopus", "@href": "https://www.scopus.com/inward/record.uri?partnerID=HzOxMe3b&scp=85039070416&origin=inward"},{"@_fa": "true", "@ref": "scopus-citedby", "@href": "https://www.scopus.com/inward/citedby.uri?partnerID=HzOxMe3b&scp=85039070416&origin=inward"}],"prism:url":"https://api.elsevier.com/content/abstract/scopus_id/85039070416","dc:identifier":"SCOPUS_ID:85039070416","eid":"2-s2.0-85039070416","dc:title":"Early forecasting of rice blast disease using long short-term memory recurrent neural networks","dc:creator":"Kim Y.","prism:publicationName":"Sustainability (Switzerland)","prism:eIssn":"20711050","prism:volume":"10","prism:issueIdentifier":"1","prism:pageRange":null,"prism:coverDate":"2017-12-23","prism:coverDisplayDate":"23 December 2017","prism:doi":"10.3390/su10010034","citedby-count":"2","affiliation": [{"@_fa": "true", "affilname":"National Institute of Crop Science","affiliation-city":"Suwon","affiliation-country":"South Korea"}],"prism:aggregationType":"Journal","subtype":"ar","subtypeDescription":"Article","article-number":"34","source-id":"21100240100","openaccess":"1","openaccessFlag":true}]}}