{"search-results":{"opensearch:totalResults":"11778","opensearch:startIndex":"0","opensearch:itemsPerPage":"25","opensearch:Query":{"@role": "request", "@searchTerms": "TITLE-ABS-KEY(\"network\") AND SUBJAREA(SOCI) AND PUBYEAR = 2008", "@startPage": "0"},"link": [{"@_fa": "true", "@ref": "self", "@href": "https://api.elsevier.com/content/search/scopus?start=0&count=25&query=TITLE-ABS-KEY%28%22network%22%29+AND+SUBJAREA%28SOCI%29+AND+PUBYEAR+%3D+2008&apiKey=27d953b4b546791964ebeb768d13e61f&view=STANDARD", "@type": "application/json"},{"@_fa": "true", "@ref": "first", "@href": "https://api.elsevier.com/content/search/scopus?start=0&count=25&query=TITLE-ABS-KEY%28%22network%22%29+AND+SUBJAREA%28SOCI%29+AND+PUBYEAR+%3D+2008&apiKey=27d953b4b546791964ebeb768d13e61f&view=STANDARD", "@type": "application/json"},{"@_fa": "true", "@ref": "next", "@href": "https://api.elsevier.com/content/search/scopus?start=25&count=25&query=TITLE-ABS-KEY%28%22network%22%29+AND+SUBJAREA%28SOCI%29+AND+PUBYEAR+%3D+2008&apiKey=27d953b4b546791964ebeb768d13e61f&view=STANDARD", "@type": "application/json"},{"@_fa": "true", "@ref": "last", "@href": "https://api.elsevier.com/content/search/scopus?start=4975&count=25&query=TITLE-ABS-KEY%28%22network%22%29+AND+SUBJAREA%28SOCI%29+AND+PUBYEAR+%3D+2008&apiKey=27d953b4b546791964ebeb768d13e61f&view=STANDARD", "@type": "application/json"}],"entry": [{"@_fa": "true", "link": [{"@_fa": "true", "@ref": "self", "@href": "https://api.elsevier.com/content/abstract/scopus_id/58049088677"},{"@_fa": "true", "@ref": "author-affiliation", "@href": "https://api.elsevier.com/content/abstract/scopus_id/58049088677?field=author,affiliation"},{"@_fa": "true", "@ref": "scopus", "@href": "https://www.scopus.com/inward/record.uri?partnerID=HzOxMe3b&scp=58049088677&origin=inward"},{"@_fa": "true", "@ref": "scopus-citedby", "@href": "https://www.scopus.com/inward/citedby.uri?partnerID=HzOxMe3b&scp=58049088677&origin=inward"}],"prism:url":"https://api.elsevier.com/content/abstract/scopus_id/58049088677","dc:identifier":"SCOPUS_ID:58049088677","eid":"2-s2.0-58049088677","dc:title":"The evolution of spectrum management: A technical framework for DSA management","dc:creator":"Terry J.","prism:publicationName":"2008 IEEE Symposium on New Frontiers in Dynamic Spectrum Access Networks, DySPAN 2008","prism:isbn": [{"@_fa": "true", "$" :"9781424420179"}],"prism:pageRange":"662-672","prism:coverDate":"2008-12-31","prism:coverDisplayDate":"2008","prism:doi":"10.1109/DYSPAN.2008.73","citedby-count":"1","affiliation": [{"@_fa": "true", "affilname":"Terry Consultants, Inc.","affiliation-city":"Arlington","affiliation-country":"United States"}],"prism:aggregationType":"Conference Proceeding","subtype":"cp","subtypeDescription":"Conference Paper","article-number":"4658284","source-id":"14000156226","openaccess":"0","openaccessFlag":false},{"@_fa": "true", "link": [{"@_fa": "true", "@ref": "self", "@href": "https://api.elsevier.com/content/abstract/scopus_id/58049117263"},{"@_fa": "true", "@ref": "author-affiliation", "@href": "https://api.elsevier.com/content/abstract/scopus_id/58049117263?field=author,affiliation"},{"@_fa": "true", "@ref": "scopus", "@href": "https://www.scopus.com/inward/record.uri?partnerID=HzOxMe3b&scp=58049117263&origin=inward"},{"@_fa": "true", "@ref": "scopus-citedby", "@href": "https://www.scopus.com/inward/citedby.uri?partnerID=HzOxMe3b&scp=58049117263&origin=inward"}],"prism:url":"https://api.elsevier.com/content/abstract/scopus_id/58049117263","dc:identifier":"SCOPUS_ID:58049117263","eid":"2-s2.0-58049117263","dc:title":"Dynamic spectrum management policy for cognitive radio: An analysis of implementation feasibility issues","dc:creator":"Junseok H.","prism:publicationName":"2008 IEEE Symposium on New Frontiers in Dynamic Spectrum Access Networks, DySPAN 2008","prism:isbn": [{"@_fa": "true", "$" :"9781424420179"}],"prism:pageRange":"550-558","prism:coverDate":"2008-12-31","prism:coverDisplayDate":"2008","prism:doi":"10.1109/DYSPAN.2008.64","citedby-count":"8","prism:aggregationType":"Conference Proceeding","subtype":"cp","subtypeDescription":"Conference Paper","article-number":"4658275","source-id":"14000156226","openaccess":"0","openaccessFlag":false},{"@_fa": "true", "link": [{"@_fa": "true", "@ref": "self", "@href": "https://api.elsevier.com/content/abstract/scopus_id/58049113451"},{"@_fa": "true", "@ref": "author-affiliation", "@href": "https://api.elsevier.com/content/abstract/scopus_id/58049113451?field=author,affiliation"},{"@_fa": "true", "@ref": "scopus", "@href": "https://www.scopus.com/inward/record.uri?partnerID=HzOxMe3b&scp=58049113451&origin=inward"},{"@_fa": "true", "@ref": "scopus-citedby", "@href": "https://www.scopus.com/inward/citedby.uri?partnerID=HzOxMe3b&scp=58049113451&origin=inward"}],"prism:url":"https://api.elsevier.com/content/abstract/scopus_id/58049113451","dc:identifier":"SCOPUS_ID:58049113451","eid":"2-s2.0-58049113451","dc:title":"Hammer model threat assessment of cognitive radio denial of service attacks","dc:creator":"Sethi A.","prism:publicationName":"2008 IEEE Symposium on New Frontiers in Dynamic Spectrum Access Networks, DySPAN 2008","prism:isbn": [{"@_fa": "true", "$" :"9781424420179"}],"prism:pageRange":"241-252","prism:coverDate":"2008-12-31","prism:coverDisplayDate":"2008","prism:doi":"10.1109/DYSPAN.2008.32","citedby-count":"22","affiliation": [{"@_fa": "true", "affilname":"University of Colorado at Boulder","affiliation-city":"Boulder","affiliation-country":"United States"}],"prism:aggregationType":"Conference Proceeding","subtype":"cp","subtypeDescription":"Conference Paper","article-number":"4658243","source-id":"14000156226","openaccess":"0","openaccessFlag":false},{"@_fa": "true", "link": [{"@_fa": "true", "@ref": "self", "@href": "https://api.elsevier.com/content/abstract/scopus_id/58049104556"},{"@_fa": "true", "@ref": "author-affiliation", "@href": "https://api.elsevier.com/content/abstract/scopus_id/58049104556?field=author,affiliation"},{"@_fa": "true", "@ref": "scopus", "@href": "https://www.scopus.com/inward/record.uri?partnerID=HzOxMe3b&scp=58049104556&origin=inward"},{"@_fa": "true", "@ref": "scopus-citedby", "@href": "https://www.scopus.com/inward/citedby.uri?partnerID=HzOxMe3b&scp=58049104556&origin=inward"}],"prism:url":"https://api.elsevier.com/content/abstract/scopus_id/58049104556","dc:identifier":"SCOPUS_ID:58049104556","eid":"2-s2.0-58049104556","dc:title":"Inequality, institutions, and the rule of law: The social and institutional bases of rights","dc:creator":"Brinks D.","prism:publicationName":"Working Paper of the Helen Kellogg Institute for International Studies","prism:issueIdentifier":"351","prism:pageRange":null,"prism:coverDate":"2008-12-31","prism:coverDisplayDate":"2008","citedby-count":"6","affiliation": [{"@_fa": "true", "affilname":"University of Texas at Austin","affiliation-city":"Austin","affiliation-country":"United States"}],"prism:aggregationType":"Journal","subtype":"ar","subtypeDescription":"Article","source-id":"31602","openaccess":"0","openaccessFlag":false},{"@_fa": "true", "link": [{"@_fa": "true", "@ref": "self", "@href": "https://api.elsevier.com/content/abstract/scopus_id/58049120257"},{"@_fa": "true", "@ref": "author-affiliation", "@href": "https://api.elsevier.com/content/abstract/scopus_id/58049120257?field=author,affiliation"},{"@_fa": "true", "@ref": "scopus", "@href": "https://www.scopus.com/inward/record.uri?partnerID=HzOxMe3b&scp=58049120257&origin=inward"},{"@_fa": "true", "@ref": "scopus-citedby", "@href": "https://www.scopus.com/inward/citedby.uri?partnerID=HzOxMe3b&scp=58049120257&origin=inward"}],"prism:url":"https://api.elsevier.com/content/abstract/scopus_id/58049120257","dc:identifier":"SCOPUS_ID:58049120257","eid":"2-s2.0-58049120257","dc:title":"Load balancing for dynamic spectrum assignment with local information for secondary users","dc:creator":"Fischer S.","prism:publicationName":"2008 IEEE Symposium on New Frontiers in Dynamic Spectrum Access Networks, DySPAN 2008","prism:isbn": [{"@_fa": "true", "$" :"9781424420179"}],"prism:pageRange":"294-302","prism:coverDate":"2008-12-31","prism:coverDisplayDate":"2008","prism:doi":"10.1109/DYSPAN.2008.38","citedby-count":"14","affiliation": [{"@_fa": "true", "affilname":"Rheinisch-Westfälische Technische Hochschule Aachen","affiliation-city":"Aachen","affiliation-country":"Germany"}],"prism:aggregationType":"Conference Proceeding","subtype":"cp","subtypeDescription":"Conference Paper","article-number":"4658249","source-id":"14000156226","openaccess":"0","openaccessFlag":false},{"@_fa": "true", "link": [{"@_fa": "true", "@ref": "self", "@href": "https://api.elsevier.com/content/abstract/scopus_id/57949085269"},{"@_fa": "true", "@ref": "author-affiliation", "@href": "https://api.elsevier.com/content/abstract/scopus_id/57949085269?field=author,affiliation"},{"@_fa": "true", "@ref": "scopus", "@href": "https://www.scopus.com/inward/record.uri?partnerID=HzOxMe3b&scp=57949085269&origin=inward"},{"@_fa": "true", "@ref": "scopus-citedby", "@href": "https://www.scopus.com/inward/citedby.uri?partnerID=HzOxMe3b&scp=57949085269&origin=inward"}],"prism:url":"https://api.elsevier.com/content/abstract/scopus_id/57949085269","dc:identifier":"SCOPUS_ID:57949085269","eid":"2-s2.0-57949085269","dc:title":"Research issues and overview of incentive-compatible topology evolution in autonomous overlay networks","dc:creator":"Wang Y.","prism:publicationName":"Proceedings of the 3rd ChinaGrid Annual Conference, ChinaGrid 2008","prism:isbn": [{"@_fa": "true", "$" :"9780769533063"}],"prism:pageRange":"345-351","prism:coverDate":"2008-12-30","prism:coverDisplayDate":"2008","prism:doi":"10.1109/ChinaGrid.2008.23","citedby-count":"5","affiliation": [{"@_fa": "true", "affilname":"Nanjing University of Post and TeleCommunications","affiliation-city":"Nanjing","affiliation-country":"China"},{"@_fa": "true", "affilname":"NICT (National Institute of Information and Communications Technology","affiliation-city":null,"affiliation-country":"Japan"}],"prism:aggregationType":"Conference Proceeding","subtype":"cp","subtypeDescription":"Conference Paper","article-number":"4624510","source-id":"14000156223","openaccess":"0","openaccessFlag":false},{"@_fa": "true", "link": [{"@_fa": "true", "@ref": "self", "@href": "https://api.elsevier.com/content/abstract/scopus_id/57949109777"},{"@_fa": "true", "@ref": "author-affiliation", "@href": "https://api.elsevier.com/content/abstract/scopus_id/57949109777?field=author,affiliation"},{"@_fa": "true", "@ref": "scopus", "@href": "https://www.scopus.com/inward/record.uri?partnerID=HzOxMe3b&scp=57949109777&origin=inward"},{"@_fa": "true", "@ref": "scopus-citedby", "@href": "https://www.scopus.com/inward/citedby.uri?partnerID=HzOxMe3b&scp=57949109777&origin=inward"}],"prism:url":"https://api.elsevier.com/content/abstract/scopus_id/57949109777","dc:identifier":"SCOPUS_ID:57949109777","eid":"2-s2.0-57949109777","dc:title":"Performance evaluation of on-board QoS support for multiservice applications on the integrated Next Generation Satellite-terrestrial network","dc:creator":"Kittiperachol S.","prism:publicationName":"2008 4th Advanced Satellite Mobile Systems - Proceedings, ASMS 2008","prism:isbn": [{"@_fa": "true", "$" :"9781424421602"}],"prism:pageRange":"311-316","prism:coverDate":"2008-12-30","prism:coverDisplayDate":"2008","prism:doi":"10.1109/ASMS.2008.60","citedby-count":"4","affiliation": [{"@_fa": "true", "affilname":"University of Surrey","affiliation-city":"Guildford","affiliation-country":"United Kingdom"}],"prism:aggregationType":"Conference Proceeding","subtype":"cp","subtypeDescription":"Conference Paper","article-number":"4620283","source-id":"14000156214","openaccess":"0","openaccessFlag":false},{"@_fa": "true", "link": [{"@_fa": "true", "@ref": "self", "@href": "https://api.elsevier.com/content/abstract/scopus_id/57949102477"},{"@_fa": "true", "@ref": "author-affiliation", "@href": "https://api.elsevier.com/content/abstract/scopus_id/57949102477?field=author,affiliation"},{"@_fa": "true", "@ref": "scopus", "@href": "https://www.scopus.com/inward/record.uri?partnerID=HzOxMe3b&scp=57949102477&origin=inward"},{"@_fa": "true", "@ref": "scopus-citedby", "@href": "https://www.scopus.com/inward/citedby.uri?partnerID=HzOxMe3b&scp=57949102477&origin=inward"}],"prism:url":"https://api.elsevier.com/content/abstract/scopus_id/57949102477","dc:identifier":"SCOPUS_ID:57949102477","eid":"2-s2.0-57949102477","dc:title":"A novel Hybrid Algorithm for passive localization of victims in emergency situations","dc:creator":"Tassetto D.","prism:publicationName":"2008 4th Advanced Satellite Mobile Systems - Proceedings, ASMS 2008","prism:isbn": [{"@_fa": "true", "$" :"9781424421602"}],"prism:pageRange":"320-327","prism:coverDate":"2008-12-30","prism:coverDisplayDate":"2008","prism:doi":"10.1109/ASMS.2008.62","citedby-count":"9","affiliation": [{"@_fa": "true", "affilname":"TriaGnoSys GmbH","affiliation-city":"Wessling","affiliation-country":"Germany"}],"prism:aggregationType":"Conference Proceeding","subtype":"cp","subtypeDescription":"Conference Paper","article-number":"4620285","source-id":"14000156214","openaccess":"0","openaccessFlag":false},{"@_fa": "true", "link": [{"@_fa": "true", "@ref": "self", "@href": "https://api.elsevier.com/content/abstract/scopus_id/57949088260"},{"@_fa": "true", "@ref": "author-affiliation", "@href": "https://api.elsevier.com/content/abstract/scopus_id/57949088260?field=author,affiliation"},{"@_fa": "true", "@ref": "scopus", "@href": "https://www.scopus.com/inward/record.uri?partnerID=HzOxMe3b&scp=57949088260&origin=inward"},{"@_fa": "true", "@ref": "scopus-citedby", "@href": "https://www.scopus.com/inward/citedby.uri?partnerID=HzOxMe3b&scp=57949088260&origin=inward"}],"prism:url":"https://api.elsevier.com/content/abstract/scopus_id/57949088260","dc:identifier":"SCOPUS_ID:57949088260","eid":"2-s2.0-57949088260","dc:title":"Ihack, therefore ibrick: Cellular contract law, the Apple iPhone, and Apple's extraordinary remedy for breach","dc:creator":"Maun T.","prism:publicationName":"Wisconsin Law Review","prism:issn":"0043650X","prism:volume":"2008","prism:issueIdentifier":"4","prism:pageRange":"747-794","prism:coverDate":"2008-12-30","prism:coverDisplayDate":"2008","citedby-count":"2","affiliation": [{"@_fa": "true", "affilname":"University of Wisconsin Law School","affiliation-city":"Madison","affiliation-country":"United States"}],"prism:aggregationType":"Journal","subtype":"re","subtypeDescription":"Review","source-id":"22771","openaccess":"0","openaccessFlag":false},{"@_fa": "true", "link": [{"@_fa": "true", "@ref": "self", "@href": "https://api.elsevier.com/content/abstract/scopus_id/57949106554"},{"@_fa": "true", "@ref": "author-affiliation", "@href": "https://api.elsevier.com/content/abstract/scopus_id/57949106554?field=author,affiliation"},{"@_fa": "true", "@ref": "scopus", "@href": "https://www.scopus.com/inward/record.uri?partnerID=HzOxMe3b&scp=57949106554&origin=inward"},{"@_fa": "true", "@ref": "scopus-citedby", "@href": "https://www.scopus.com/inward/citedby.uri?partnerID=HzOxMe3b&scp=57949106554&origin=inward"}],"prism:url":"https://api.elsevier.com/content/abstract/scopus_id/57949106554","dc:identifier":"SCOPUS_ID:57949106554","eid":"2-s2.0-57949106554","dc:title":"Ku-band low profile antennas for mobile satcom","dc:creator":"Vaccaro S.","prism:publicationName":"2008 4th Advanced Satellite Mobile Systems - Proceedings, ASMS 2008","prism:isbn": [{"@_fa": "true", "$" :"9781424421602"}],"prism:pageRange":"24-28","prism:coverDate":"2008-12-30","prism:coverDisplayDate":"2008","prism:doi":"10.1109/ASMS.2008.11","citedby-count":"17","prism:aggregationType":"Conference Proceeding","subtype":"cp","subtypeDescription":"Conference Paper","article-number":"4620234","source-id":"14000156214","openaccess":"0","openaccessFlag":false},{"@_fa": "true", "link": [{"@_fa": "true", "@ref": "self", "@href": "https://api.elsevier.com/content/abstract/scopus_id/57949095552"},{"@_fa": "true", "@ref": "author-affiliation", "@href": "https://api.elsevier.com/content/abstract/scopus_id/57949095552?field=author,affiliation"},{"@_fa": "true", "@ref": "scopus", "@href": "https://www.scopus.com/inward/record.uri?partnerID=HzOxMe3b&scp=57949095552&origin=inward"},{"@_fa": "true", "@ref": "scopus-citedby", "@href": "https://www.scopus.com/inward/citedby.uri?partnerID=HzOxMe3b&scp=57949095552&origin=inward"},{"@_fa": "true", "@ref": "full-text", "@href": "https://api.elsevier.com/content/article/eid/1-s2.0-S1571919708004035"}],"prism:url":"https://api.elsevier.com/content/abstract/scopus_id/57949095552","dc:identifier":"SCOPUS_ID:57949095552","eid":"2-s2.0-57949095552","dc:title":"Chapter 3 The Rapid Spread of Mine-Derived Sediment across the Middle Fly River Floodplain","dc:creator":"Day G.","prism:publicationName":"Developments in Earth and Environmental Sciences","prism:issn":"15719197","prism:isbn": [{"@_fa": "true", "$" :"9780444529640"}],"prism:volume":"9","prism:pageRange":"113-152","prism:coverDate":"2008-12-30","prism:coverDisplayDate":"2008","prism:doi":"10.1016/S1571-9197(08)00403-5","pii":"S1571919708004035","citedby-count":"4","affiliation": [{"@_fa": "true", "affilname":"Newcrest Mining Limited","affiliation-city":"Melbourne","affiliation-country":"Australia"}],"prism:aggregationType":"Book Series","subtype":"re","subtypeDescription":"Review","source-id":"11700154347","openaccess":"0","openaccessFlag":false},{"@_fa": "true", "link": [{"@_fa": "true", "@ref": "self", "@href": "https://api.elsevier.com/content/abstract/scopus_id/57849122074"},{"@_fa": "true", "@ref": "author-affiliation", "@href": "https://api.elsevier.com/content/abstract/scopus_id/57849122074?field=author,affiliation"},{"@_fa": "true", "@ref": "scopus", "@href": "https://www.scopus.com/inward/record.uri?partnerID=HzOxMe3b&scp=57849122074&origin=inward"},{"@_fa": "true", "@ref": "scopus-citedby", "@href": "https://www.scopus.com/inward/citedby.uri?partnerID=HzOxMe3b&scp=57849122074&origin=inward"}],"prism:url":"https://api.elsevier.com/content/abstract/scopus_id/57849122074","dc:identifier":"SCOPUS_ID:57849122074","eid":"2-s2.0-57849122074","dc:title":"Requirements of an open platform for cognitive networks experiments","dc:creator":"DaSilva L.","prism:publicationName":"2008 IEEE Symposium on New Frontiers in Dynamic Spectrum Access Networks, DySPAN 2008","prism:isbn": [{"@_fa": "true", "$" :"9781424420179"}],"prism:pageRange":"412-419","prism:coverDate":"2008-12-29","prism:coverDisplayDate":"2008","prism:doi":"10.1109/DYSPAN.2008.49","citedby-count":"7","affiliation": [{"@_fa": "true", "affilname":"Virginia Polytechnic Institute and State University","affiliation-city":"Blacksburg","affiliation-country":"United States"}],"prism:aggregationType":"Conference Proceeding","subtype":"cp","subtypeDescription":"Conference Paper","article-number":"4658260","source-id":"14000156226","openaccess":"0","openaccessFlag":false},{"@_fa": "true", "link": [{"@_fa": "true", "@ref": "self", "@href": "https://api.elsevier.com/content/abstract/scopus_id/57849164573"},{"@_fa": "true", "@ref": "author-affiliation", "@href": "https://api.elsevier.com/content/abstract/scopus_id/57849164573?field=author,affiliation"},{"@_fa": "true", "@ref": "scopus", "@href": "https://www.scopus.com/inward/record.uri?partnerID=HzOxMe3b&scp=57849164573&origin=inward"},{"@_fa": "true", "@ref": "scopus-citedby", "@href": "https://www.scopus.com/inward/citedby.uri?partnerID=HzOxMe3b&scp=57849164573&origin=inward"}],"prism:url":"https://api.elsevier.com/content/abstract/scopus_id/57849164573","dc:identifier":"SCOPUS_ID:57849164573","eid":"2-s2.0-57849164573","dc:title":"Data-centric prioritization in a cognitive radio network: A quality-of-service based design and integration","dc:creator":"Wiggins U.","prism:publicationName":"2008 IEEE Symposium on New Frontiers in Dynamic Spectrum Access Networks, DySPAN 2008","prism:isbn": [{"@_fa": "true", "$" :"9781424420179"}],"prism:pageRange":"522-532","prism:coverDate":"2008-12-29","prism:coverDisplayDate":"2008","prism:doi":"10.1109/DYSPAN.2008.62","citedby-count":"8","affiliation": [{"@_fa": "true", "affilname":"Louisiana State University","affiliation-city":"Baton Rouge","affiliation-country":"United States"}],"prism:aggregationType":"Conference Proceeding","subtype":"cp","subtypeDescription":"Conference Paper","article-number":"4658273","source-id":"14000156226","openaccess":"0","openaccessFlag":false},{"@_fa": "true", "link": [{"@_fa": "true", "@ref": "self", "@href": "https://api.elsevier.com/content/abstract/scopus_id/57849103529"},{"@_fa": "true", "@ref": "author-affiliation", "@href": "https://api.elsevier.com/content/abstract/scopus_id/57849103529?field=author,affiliation"},{"@_fa": "true", "@ref": "scopus", "@href": "https://www.scopus.com/inward/record.uri?partnerID=HzOxMe3b&scp=57849103529&origin=inward"},{"@_fa": "true", "@ref": "scopus-citedby", "@href": "https://www.scopus.com/inward/citedby.uri?partnerID=HzOxMe3b&scp=57849103529&origin=inward"}],"prism:url":"https://api.elsevier.com/content/abstract/scopus_id/57849103529","dc:identifier":"SCOPUS_ID:57849103529","eid":"2-s2.0-57849103529","dc:title":"Near-optimal dynamic spectrum allocation in cellular networks","dc:creator":"Subramanian A.","prism:publicationName":"2008 IEEE Symposium on New Frontiers in Dynamic Spectrum Access Networks, DySPAN 2008","prism:isbn": [{"@_fa": "true", "$" :"9781424420179"}],"prism:pageRange":"323-333","prism:coverDate":"2008-12-29","prism:coverDisplayDate":"2008","prism:doi":"10.1109/DYSPAN.2008.41","citedby-count":"68","affiliation": [{"@_fa": "true", "affilname":"Stony Brook University","affiliation-city":"Stony Brook","affiliation-country":"United States"}],"prism:aggregationType":"Conference Proceeding","subtype":"cp","subtypeDescription":"Conference Paper","article-number":"4658252","source-id":"14000156226","openaccess":"0","openaccessFlag":false},{"@_fa": "true", "link": [{"@_fa": "true", "@ref": "self", "@href": "https://api.elsevier.com/content/abstract/scopus_id/57849124145"},{"@_fa": "true", "@ref": "author-affiliation", "@href": "https://api.elsevier.com/content/abstract/scopus_id/57849124145?field=author,affiliation"},{"@_fa": "true", "@ref": "scopus", "@href": "https://www.scopus.com/inward/record.uri?partnerID=HzOxMe3b&scp=57849124145&origin=inward"},{"@_fa": "true", "@ref": "scopus-citedby", "@href": "https://www.scopus.com/inward/citedby.uri?partnerID=HzOxMe3b&scp=57849124145&origin=inward"}],"prism:url":"https://api.elsevier.com/content/abstract/scopus_id/57849124145","dc:identifier":"SCOPUS_ID:57849124145","eid":"2-s2.0-57849124145","dc:title":"IEEE P1900.4 system overview on architecture and enablers for optimised radio and spectrum resource usage","dc:creator":"Buljore S.","prism:publicationName":"2008 IEEE Symposium on New Frontiers in Dynamic Spectrum Access Networks, DySPAN 2008","prism:isbn": [{"@_fa": "true", "$" :"9781424420179"}],"prism:pageRange":"253-260","prism:coverDate":"2008-12-29","prism:coverDisplayDate":"2008","prism:doi":"10.1109/DYSPAN.2008.33","citedby-count":"13","affiliation": [{"@_fa": "true", "affilname":"Motorola France","affiliation-city":"Saint-Aubin","affiliation-country":"France"}],"prism:aggregationType":"Conference Proceeding","subtype":"cp","subtypeDescription":"Conference Paper","article-number":"4658244","source-id":"14000156226","openaccess":"0","openaccessFlag":false},{"@_fa": "true", "link": [{"@_fa": "true", "@ref": "self", "@href": "https://api.elsevier.com/content/abstract/scopus_id/57849146519"},{"@_fa": "true", "@ref": "author-affiliation", "@href": "https://api.elsevier.com/content/abstract/scopus_id/57849146519?field=author,affiliation"},{"@_fa": "true", "@ref": "scopus", "@href": "https://www.scopus.com/inward/record.uri?partnerID=HzOxMe3b&scp=57849146519&origin=inward"},{"@_fa": "true", "@ref": "scopus-citedby", "@href": "https://www.scopus.com/inward/citedby.uri?partnerID=HzOxMe3b&scp=57849146519&origin=inward"}],"prism:url":"https://api.elsevier.com/content/abstract/scopus_id/57849146519","dc:identifier":"SCOPUS_ID:57849146519","eid":"2-s2.0-57849146519","dc:title":"Spectrum simulation testbed for dynamic spectrum access","dc:creator":"Pappas E.","prism:publicationName":"2008 IEEE Symposium on New Frontiers in Dynamic Spectrum Access Networks, DySPAN 2008","prism:isbn": [{"@_fa": "true", "$" :"9781424420179"}],"prism:pageRange":"786-790","prism:coverDate":"2008-12-29","prism:coverDisplayDate":"2008","prism:doi":"10.1109/DYSPAN.2008.94","citedby-count":"1","affiliation": [{"@_fa": "true", "affilname":"Joint Spectrum Center","affiliation-city":"Annapolis","affiliation-country":"United States"},{"@_fa": "true", "affilname":"ITT Corporation","affiliation-city":"Bowie","affiliation-country":"United States"}],"prism:aggregationType":"Conference Proceeding","subtype":"cp","subtypeDescription":"Conference Paper","article-number":"4658305","source-id":"14000156226","openaccess":"0","openaccessFlag":false},{"@_fa": "true", "link": [{"@_fa": "true", "@ref": "self", "@href": "https://api.elsevier.com/content/abstract/scopus_id/57849124602"},{"@_fa": "true", "@ref": "author-affiliation", "@href": "https://api.elsevier.com/content/abstract/scopus_id/57849124602?field=author,affiliation"},{"@_fa": "true", "@ref": "scopus", "@href": "https://www.scopus.com/inward/record.uri?partnerID=HzOxMe3b&scp=57849124602&origin=inward"},{"@_fa": "true", "@ref": "scopus-citedby", "@href": "https://www.scopus.com/inward/citedby.uri?partnerID=HzOxMe3b&scp=57849124602&origin=inward"}],"prism:url":"https://api.elsevier.com/content/abstract/scopus_id/57849124602","dc:identifier":"SCOPUS_ID:57849124602","eid":"2-s2.0-57849124602","dc:title":"An asynchronous neighbor discovery algorithm for cognitive radio networks","dc:creator":"Arachchige C.","prism:publicationName":"2008 IEEE Symposium on New Frontiers in Dynamic Spectrum Access Networks, DySPAN 2008","prism:isbn": [{"@_fa": "true", "$" :"9781424420179"}],"prism:pageRange":"704-708","prism:coverDate":"2008-12-29","prism:coverDisplayDate":"2008","prism:doi":"10.1109/DYSPAN.2008.78","citedby-count":"48","affiliation": [{"@_fa": "true", "affilname":"University of Texas at Dallas","affiliation-city":"Richardson","affiliation-country":"United States"}],"prism:aggregationType":"Conference Proceeding","subtype":"cp","subtypeDescription":"Conference Paper","article-number":"4658289","source-id":"14000156226","openaccess":"0","openaccessFlag":false},{"@_fa": "true", "link": [{"@_fa": "true", "@ref": "self", "@href": "https://api.elsevier.com/content/abstract/scopus_id/57849134631"},{"@_fa": "true", "@ref": "author-affiliation", "@href": "https://api.elsevier.com/content/abstract/scopus_id/57849134631?field=author,affiliation"},{"@_fa": "true", "@ref": "scopus", "@href": "https://www.scopus.com/inward/record.uri?partnerID=HzOxMe3b&scp=57849134631&origin=inward"},{"@_fa": "true", "@ref": "scopus-citedby", "@href": "https://www.scopus.com/inward/citedby.uri?partnerID=HzOxMe3b&scp=57849134631&origin=inward"}],"prism:url":"https://api.elsevier.com/content/abstract/scopus_id/57849134631","dc:identifier":"SCOPUS_ID:57849134631","eid":"2-s2.0-57849134631","dc:title":"Channel allocation &amp; power control for dynamic spectrum cognitive networks using a localized island genetic algorithm","dc:creator":"ElNainay M.","prism:publicationName":"2008 IEEE Symposium on New Frontiers in Dynamic Spectrum Access Networks, DySPAN 2008","prism:isbn": [{"@_fa": "true", "$" :"9781424420179"}],"prism:pageRange":"715-719","prism:coverDate":"2008-12-29","prism:coverDisplayDate":"2008","prism:doi":"10.1109/DYSPAN.2008.80","citedby-count":"17","affiliation": [{"@_fa": "true", "affilname":"Virginia Polytechnic Institute and State University","affiliation-city":"Blacksburg","affiliation-country":"United States"}],"prism:aggregationType":"Conference Proceeding","subtype":"cp","subtypeDescription":"Conference Paper","article-number":"4658291","source-id":"14000156226","openaccess":"0","openaccessFlag":false},{"@_fa": "true", "link": [{"@_fa": "true", "@ref": "self", "@href": "https://api.elsevier.com/content/abstract/scopus_id/57849159777"},{"@_fa": "true", "@ref": "author-affiliation", "@href": "https://api.elsevier.com/content/abstract/scopus_id/57849159777?field=author,affiliation"},{"@_fa": "true", "@ref": "scopus", "@href": "https://www.scopus.com/inward/record.uri?partnerID=HzOxMe3b&scp=57849159777&origin=inward"},{"@_fa": "true", "@ref": "scopus-citedby", "@href": "https://www.scopus.com/inward/citedby.uri?partnerID=HzOxMe3b&scp=57849159777&origin=inward"}],"prism:url":"https://api.elsevier.com/content/abstract/scopus_id/57849159777","dc:identifier":"SCOPUS_ID:57849159777","eid":"2-s2.0-57849159777","dc:title":"Building a process of mental health care network: Challenges and potentialities of the psychiatric reform","dc:creator":"Zambenedetti G.","prism:publicationName":"Physis","prism:issn":"01037331","prism:eIssn":"18094481","prism:volume":"18","prism:issueIdentifier":"2","prism:pageRange":"277-293","prism:coverDate":"2008-12-29","prism:coverDisplayDate":"2008","citedby-count":"8","affiliation": [{"@_fa": "true", "affilname":"Universidade Federal do Rio Grande do Sul","affiliation-city":"Porto Alegre","affiliation-country":"Brazil"}],"prism:aggregationType":"Journal","subtype":"ar","subtypeDescription":"Article","source-id":"75153","openaccess":"0","openaccessFlag":false},{"@_fa": "true", "link": [{"@_fa": "true", "@ref": "self", "@href": "https://api.elsevier.com/content/abstract/scopus_id/57849100122"},{"@_fa": "true", "@ref": "author-affiliation", "@href": "https://api.elsevier.com/content/abstract/scopus_id/57849100122?field=author,affiliation"},{"@_fa": "true", "@ref": "scopus", "@href": "https://www.scopus.com/inward/record.uri?partnerID=HzOxMe3b&scp=57849100122&origin=inward"},{"@_fa": "true", "@ref": "scopus-citedby", "@href": "https://www.scopus.com/inward/citedby.uri?partnerID=HzOxMe3b&scp=57849100122&origin=inward"}],"prism:url":"https://api.elsevier.com/content/abstract/scopus_id/57849100122","dc:identifier":"SCOPUS_ID:57849100122","eid":"2-s2.0-57849100122","dc:title":"Cognitive radio resource management for improving the efficiency of LTE network segments in the wireless B3G world","dc:creator":"Saatsakis A.","prism:publicationName":"2008 IEEE Symposium on New Frontiers in Dynamic Spectrum Access Networks, DySPAN 2008","prism:isbn": [{"@_fa": "true", "$" :"9781424420179"}],"prism:pageRange":"720-724","prism:coverDate":"2008-12-29","prism:coverDisplayDate":"2008","prism:doi":"10.1109/DYSPAN.2008.81","citedby-count":"14","affiliation": [{"@_fa": "true", "affilname":"Panepistimion Pireos","affiliation-city":"Piraeus","affiliation-country":"Greece"}],"prism:aggregationType":"Conference Proceeding","subtype":"cp","subtypeDescription":"Conference Paper","article-number":"4658292","source-id":"14000156226","openaccess":"0","openaccessFlag":false},{"@_fa": "true", "link": [{"@_fa": "true", "@ref": "self", "@href": "https://api.elsevier.com/content/abstract/scopus_id/57849107161"},{"@_fa": "true", "@ref": "author-affiliation", "@href": "https://api.elsevier.com/content/abstract/scopus_id/57849107161?field=author,affiliation"},{"@_fa": "true", "@ref": "scopus", "@href": "https://www.scopus.com/inward/record.uri?partnerID=HzOxMe3b&scp=57849107161&origin=inward"},{"@_fa": "true", "@ref": "scopus-citedby", "@href": "https://www.scopus.com/inward/citedby.uri?partnerID=HzOxMe3b&scp=57849107161&origin=inward"}],"prism:url":"https://api.elsevier.com/content/abstract/scopus_id/57849107161","dc:identifier":"SCOPUS_ID:57849107161","eid":"2-s2.0-57849107161","dc:title":"SAMER: Spectrum aware mesh routing in cognitive radio networks","dc:creator":"Pefkianakis I.","prism:publicationName":"2008 IEEE Symposium on New Frontiers in Dynamic Spectrum Access Networks, DySPAN 2008","prism:isbn": [{"@_fa": "true", "$" :"9781424420179"}],"prism:pageRange":"766-770","prism:coverDate":"2008-12-29","prism:coverDisplayDate":"2008","prism:doi":"10.1109/DYSPAN.2008.90","citedby-count":"124","affiliation": [{"@_fa": "true", "affilname":"University of California, Los Angeles","affiliation-city":"Los Angeles","affiliation-country":"United States"}],"prism:aggregationType":"Conference Proceeding","subtype":"cp","subtypeDescription":"Conference Paper","article-number":"4658301","source-id":"14000156226","openaccess":"0","openaccessFlag":false},{"@_fa": "true", "link": [{"@_fa": "true", "@ref": "self", "@href": "https://api.elsevier.com/content/abstract/scopus_id/57849144733"},{"@_fa": "true", "@ref": "author-affiliation", "@href": "https://api.elsevier.com/content/abstract/scopus_id/57849144733?field=author,affiliation"},{"@_fa": "true", "@ref": "scopus", "@href": "https://www.scopus.com/inward/record.uri?partnerID=HzOxMe3b&scp=57849144733&origin=inward"},{"@_fa": "true", "@ref": "scopus-citedby", "@href": "https://www.scopus.com/inward/citedby.uri?partnerID=HzOxMe3b&scp=57849144733&origin=inward"}],"prism:url":"https://api.elsevier.com/content/abstract/scopus_id/57849144733","dc:identifier":"SCOPUS_ID:57849144733","eid":"2-s2.0-57849144733","dc:title":"Adaptive antennas and dynamic spectrum management for femtocellular networks: A case study","dc:creator":"Husso M.","prism:publicationName":"2008 IEEE Symposium on New Frontiers in Dynamic Spectrum Access Networks, DySPAN 2008","prism:isbn": [{"@_fa": "true", "$" :"9781424420179"}],"prism:pageRange":"699-703","prism:coverDate":"2008-12-29","prism:coverDisplayDate":"2008","prism:doi":"10.1109/DYSPAN.2008.77","citedby-count":"6","prism:aggregationType":"Conference Proceeding","subtype":"cp","subtypeDescription":"Conference Paper","article-number":"4658288","source-id":"14000156226","openaccess":"0","openaccessFlag":false},{"@_fa": "true", "link": [{"@_fa": "true", "@ref": "self", "@href": "https://api.elsevier.com/content/abstract/scopus_id/57849095021"},{"@_fa": "true", "@ref": "author-affiliation", "@href": "https://api.elsevier.com/content/abstract/scopus_id/57849095021?field=author,affiliation"},{"@_fa": "true", "@ref": "scopus", "@href": "https://www.scopus.com/inward/record.uri?partnerID=HzOxMe3b&scp=57849095021&origin=inward"},{"@_fa": "true", "@ref": "scopus-citedby", "@href": "https://www.scopus.com/inward/citedby.uri?partnerID=HzOxMe3b&scp=57849095021&origin=inward"}],"prism:url":"https://api.elsevier.com/content/abstract/scopus_id/57849095021","dc:identifier":"SCOPUS_ID:57849095021","eid":"2-s2.0-57849095021","dc:title":"Interference cartography for hierarchical dynamic spectrum access (Short paper)","dc:creator":"Alaya-Feki A.","prism:publicationName":"2008 IEEE Symposium on New Frontiers in Dynamic Spectrum Access Networks, DySPAN 2008","prism:isbn": [{"@_fa": "true", "$" :"9781424420179"}],"prism:pageRange":"271-275","prism:coverDate":"2008-12-29","prism:coverDisplayDate":"2008","prism:doi":"10.1109/DYSPAN.2008.35","citedby-count":"14","prism:aggregationType":"Conference Proceeding","subtype":"cp","subtypeDescription":"Conference Paper","article-number":"4658246","source-id":"14000156226","openaccess":"0","openaccessFlag":false},{"@_fa": "true", "link": [{"@_fa": "true", "@ref": "self", "@href": "https://api.elsevier.com/content/abstract/scopus_id/57849093138"},{"@_fa": "true", "@ref": "author-affiliation", "@href": "https://api.elsevier.com/content/abstract/scopus_id/57849093138?field=author,affiliation"},{"@_fa": "true", "@ref": "scopus", "@href": "https://www.scopus.com/inward/record.uri?partnerID=HzOxMe3b&scp=57849093138&origin=inward"},{"@_fa": "true", "@ref": "scopus-citedby", "@href": "https://www.scopus.com/inward/citedby.uri?partnerID=HzOxMe3b&scp=57849093138&origin=inward"}],"prism:url":"https://api.elsevier.com/content/abstract/scopus_id/57849093138","dc:identifier":"SCOPUS_ID:57849093138","eid":"2-s2.0-57849093138","dc:title":"Delay-sensitive resource management in multi-hop cognitive radio networks","dc:creator":"Shiang H.","prism:publicationName":"2008 IEEE Symposium on New Frontiers in Dynamic Spectrum Access Networks, DySPAN 2008","prism:isbn": [{"@_fa": "true", "$" :"9781424420179"}],"prism:pageRange":"120-131","prism:coverDate":"2008-12-29","prism:coverDisplayDate":"2008","prism:doi":"10.1109/DYSPAN.2008.21","citedby-count":"32","affiliation": [{"@_fa": "true", "affilname":"University of California, Los Angeles","affiliation-city":"Los Angeles","affiliation-country":"United States"}],"prism:aggregationType":"Conference Proceeding","subtype":"cp","subtypeDescription":"Conference Paper","article-number":"4658232","source-id":"14000156226","openaccess":"0","openaccessFlag":false},{"@_fa": "true", "link": [{"@_fa": "true", "@ref": "self", "@href": "https://api.elsevier.com/content/abstract/scopus_id/57849118793"},{"@_fa": "true", "@ref": "author-affiliation", "@href": "https://api.elsevier.com/content/abstract/scopus_id/57849118793?field=author,affiliation"},{"@_fa": "true", "@ref": "scopus", "@href": "https://www.scopus.com/inward/record.uri?partnerID=HzOxMe3b&scp=57849118793&origin=inward"},{"@_fa": "true", "@ref": "scopus-citedby", "@href": "https://www.scopus.com/inward/citedby.uri?partnerID=HzOxMe3b&scp=57849118793&origin=inward"}],"prism:url":"https://api.elsevier.com/content/abstract/scopus_id/57849118793","dc:identifier":"SCOPUS_ID:57849118793","eid":"2-s2.0-57849118793","dc:title":"Stochastic game formulation for cognitive radio networks","dc:creator":"Fu F.","prism:publicationName":"2008 IEEE Symposium on New Frontiers in Dynamic Spectrum Access Networks, DySPAN 2008","prism:isbn": [{"@_fa": "true", "$" :"9781424420179"}],"prism:pageRange":"791-795","prism:coverDate":"2008-12-29","prism:coverDisplayDate":"2008","prism:doi":"10.1109/DYSPAN.2008.95","citedby-count":"8","affiliation": [{"@_fa": "true", "affilname":"University of California, Los Angeles","affiliation-city":"Los Angeles","affiliation-country":"United States"}],"prism:aggregationType":"Conference Proceeding","subtype":"cp","subtypeDescription":"Conference Paper","article-number":"4658306","source-id":"14000156226","openaccess":"0","openaccessFlag":false}]}}