{"search-results":{"opensearch:totalResults":"52","opensearch:startIndex":"0","opensearch:itemsPerPage":"25","opensearch:Query":{"@role": "request", "@searchTerms": "TITLE-ABS-KEY(\"network\") AND SUBJAREA(SOCI) AND PUBYEAR = 1970", "@startPage": "0"},"link": [{"@_fa": "true", "@ref": "self", "@href": "https://api.elsevier.com/content/search/scopus?start=0&count=25&query=TITLE-ABS-KEY%28%22network%22%29+AND+SUBJAREA%28SOCI%29+AND+PUBYEAR+%3D+1970&apiKey=27d953b4b546791964ebeb768d13e61f&view=STANDARD", "@type": "application/json"},{"@_fa": "true", "@ref": "first", "@href": "https://api.elsevier.com/content/search/scopus?start=0&count=25&query=TITLE-ABS-KEY%28%22network%22%29+AND+SUBJAREA%28SOCI%29+AND+PUBYEAR+%3D+1970&apiKey=27d953b4b546791964ebeb768d13e61f&view=STANDARD", "@type": "application/json"},{"@_fa": "true", "@ref": "next", "@href": "https://api.elsevier.com/content/search/scopus?start=25&count=25&query=TITLE-ABS-KEY%28%22network%22%29+AND+SUBJAREA%28SOCI%29+AND+PUBYEAR+%3D+1970&apiKey=27d953b4b546791964ebeb768d13e61f&view=STANDARD", "@type": "application/json"},{"@_fa": "true", "@ref": "last", "@href": "https://api.elsevier.com/content/search/scopus?start=27&count=25&query=TITLE-ABS-KEY%28%22network%22%29+AND+SUBJAREA%28SOCI%29+AND+PUBYEAR+%3D+1970&apiKey=27d953b4b546791964ebeb768d13e61f&view=STANDARD", "@type": "application/json"}],"entry": [{"@_fa": "true", "link": [{"@_fa": "true", "@ref": "self", "@href": "https://api.elsevier.com/content/abstract/scopus_id/84954989009"},{"@_fa": "true", "@ref": "author-affiliation", "@href": "https://api.elsevier.com/content/abstract/scopus_id/84954989009?field=author,affiliation"},{"@_fa": "true", "@ref": "scopus", "@href": "https://www.scopus.com/inward/record.uri?partnerID=HzOxMe3b&scp=84954989009&origin=inward"},{"@_fa": "true", "@ref": "scopus-citedby", "@href": "https://www.scopus.com/inward/citedby.uri?partnerID=HzOxMe3b&scp=84954989009&origin=inward"}],"prism:url":"https://api.elsevier.com/content/abstract/scopus_id/84954989009","dc:identifier":"SCOPUS_ID:84954989009","eid":"2-s2.0-84954989009","dc:title":"Using network analysis on a learning: Sequence or subjecting a syllabus to network analysis","dc:creator":"Wood A.","prism:publicationName":"Industrial and Commercial Training","prism:issn":"00197858","prism:volume":"2","prism:issueIdentifier":"12","prism:pageRange":"576-581","prism:coverDate":"1970-12-01","prism:coverDisplayDate":"1 December 1970","prism:doi":"10.1108/eb003112","citedby-count":"1","prism:aggregationType":"Journal","subtype":"re","subtypeDescription":"Review","source-id":"145250","openaccess":"0","openaccessFlag":false},{"@_fa": "true", "link": [{"@_fa": "true", "@ref": "self", "@href": "https://api.elsevier.com/content/abstract/scopus_id/33947294459"},{"@_fa": "true", "@ref": "author-affiliation", "@href": "https://api.elsevier.com/content/abstract/scopus_id/33947294459?field=author,affiliation"},{"@_fa": "true", "@ref": "scopus", "@href": "https://www.scopus.com/inward/record.uri?partnerID=HzOxMe3b&scp=33947294459&origin=inward"},{"@_fa": "true", "@ref": "scopus-citedby", "@href": "https://www.scopus.com/inward/citedby.uri?partnerID=HzOxMe3b&scp=33947294459&origin=inward"}],"prism:url":"https://api.elsevier.com/content/abstract/scopus_id/33947294459","dc:identifier":"SCOPUS_ID:33947294459","eid":"2-s2.0-33947294459","dc:title":"Academic program planning by a network analysis","dc:creator":"Del Rio J.","prism:publicationName":"Journal of Chemical Education","prism:issn":"00219584","prism:volume":"47","prism:issueIdentifier":"8","prism:pageRange":"548-552","prism:coverDate":"1970-12-01","prism:coverDisplayDate":"1970","citedby-count":"0","prism:aggregationType":"Journal","subtype":"re","subtypeDescription":"Review","source-id":"24169","openaccess":"0","openaccessFlag":false},{"@_fa": "true", "link": [{"@_fa": "true", "@ref": "self", "@href": "https://api.elsevier.com/content/abstract/scopus_id/0014925978"},{"@_fa": "true", "@ref": "author-affiliation", "@href": "https://api.elsevier.com/content/abstract/scopus_id/0014925978?field=author,affiliation"},{"@_fa": "true", "@ref": "scopus", "@href": "https://www.scopus.com/inward/record.uri?partnerID=HzOxMe3b&scp=0014925978&origin=inward"},{"@_fa": "true", "@ref": "scopus-citedby", "@href": "https://www.scopus.com/inward/citedby.uri?partnerID=HzOxMe3b&scp=0014925978&origin=inward"}],"prism:url":"https://api.elsevier.com/content/abstract/scopus_id/0014925978","dc:identifier":"SCOPUS_ID:0014925978","eid":"2-s2.0-0014925978","dc:title":"The caregiving system in community mental health programs: An application of open-systems theory","dc:creator":"Schulberg H.","prism:publicationName":"Community Mental Health Journal","prism:issn":"00103853","prism:eIssn":"15732789","prism:volume":"6","prism:issueIdentifier":"6","prism:pageRange":"437-446","prism:coverDate":"1970-12-01","prism:coverDisplayDate":"December 1970","prism:doi":"10.1007/BF01435133","citedby-count":"9","affiliation": [{"@_fa": "true", "affilname":"Harvard Medical School","affiliation-city":"Boston","affiliation-country":"United States"}],"pubmed-id":"5521063","prism:aggregationType":"Journal","subtype":"ar","subtypeDescription":"Article","source-id":"29291","openaccess":"0","openaccessFlag":false},{"@_fa": "true", "link": [{"@_fa": "true", "@ref": "self", "@href": "https://api.elsevier.com/content/abstract/scopus_id/0014927860"},{"@_fa": "true", "@ref": "author-affiliation", "@href": "https://api.elsevier.com/content/abstract/scopus_id/0014927860?field=author,affiliation"},{"@_fa": "true", "@ref": "scopus", "@href": "https://www.scopus.com/inward/record.uri?partnerID=HzOxMe3b&scp=0014927860&origin=inward"},{"@_fa": "true", "@ref": "scopus-citedby", "@href": "https://www.scopus.com/inward/citedby.uri?partnerID=HzOxMe3b&scp=0014927860&origin=inward"}],"prism:url":"https://api.elsevier.com/content/abstract/scopus_id/0014927860","dc:identifier":"SCOPUS_ID:0014927860","eid":"2-s2.0-0014927860","dc:title":"Adolescents and the high school system","dc:creator":"Miller D.","prism:publicationName":"Community Mental Health Journal","prism:issn":"00103853","prism:eIssn":"15732789","prism:volume":"6","prism:issueIdentifier":"6","prism:pageRange":"483-491","prism:coverDate":"1970-12-01","prism:coverDisplayDate":"December 1970","prism:doi":"10.1007/BF01435138","citedby-count":"2","affiliation": [{"@_fa": "true", "affilname":"University of Michigan Hospital","affiliation-city":"Ann Arbor","affiliation-country":"United States"}],"pubmed-id":"5521068","prism:aggregationType":"Journal","subtype":"ar","subtypeDescription":"Article","source-id":"29291","openaccess":"0","openaccessFlag":false},{"@_fa": "true", "link": [{"@_fa": "true", "@ref": "self", "@href": "https://api.elsevier.com/content/abstract/scopus_id/84952401200"},{"@_fa": "true", "@ref": "author-affiliation", "@href": "https://api.elsevier.com/content/abstract/scopus_id/84952401200?field=author,affiliation"},{"@_fa": "true", "@ref": "scopus", "@href": "https://www.scopus.com/inward/record.uri?partnerID=HzOxMe3b&scp=84952401200&origin=inward"},{"@_fa": "true", "@ref": "scopus-citedby", "@href": "https://www.scopus.com/inward/citedby.uri?partnerID=HzOxMe3b&scp=84952401200&origin=inward"}],"prism:url":"https://api.elsevier.com/content/abstract/scopus_id/84952401200","dc:identifier":"SCOPUS_ID:84952401200","eid":"2-s2.0-84952401200","dc:title":"2. Social Planning as Administrative Decision-making","dc:creator":"Schaffer B.","prism:publicationName":"The Journal of Development Studies","prism:issn":"00220388","prism:eIssn":"17439140","prism:volume":"6","prism:issueIdentifier":"4","prism:pageRange":"29-46","prism:coverDate":"1970-07-01","prism:coverDisplayDate":"1 July 1970","prism:doi":"10.1080/00220387008421332","citedby-count":"1","affiliation": [{"@_fa": "true", "affilname":"University of Sussex","affiliation-city":"Sussex","affiliation-country":"United Kingdom"}],"prism:aggregationType":"Journal","subtype":"ar","subtypeDescription":"Article","source-id":"14849","openaccess":"0","openaccessFlag":false},{"@_fa": "true", "link": [{"@_fa": "true", "@ref": "self", "@href": "https://api.elsevier.com/content/abstract/scopus_id/58149415687"},{"@_fa": "true", "@ref": "author-affiliation", "@href": "https://api.elsevier.com/content/abstract/scopus_id/58149415687?field=author,affiliation"},{"@_fa": "true", "@ref": "scopus", "@href": "https://www.scopus.com/inward/record.uri?partnerID=HzOxMe3b&scp=58149415687&origin=inward"},{"@_fa": "true", "@ref": "scopus-citedby", "@href": "https://www.scopus.com/inward/citedby.uri?partnerID=HzOxMe3b&scp=58149415687&origin=inward"}],"prism:url":"https://api.elsevier.com/content/abstract/scopus_id/58149415687","dc:identifier":"SCOPUS_ID:58149415687","eid":"2-s2.0-58149415687","dc:title":"Acquaintance networks between racial groups: Application of the small world method","dc:creator":"Korte C.","prism:publicationName":"Journal of Personality and Social Psychology","prism:issn":"00223514","prism:volume":"15","prism:issueIdentifier":"2","prism:pageRange":"101-108","prism:coverDate":"1970-06-01","prism:coverDisplayDate":"June 1970","prism:doi":"10.1037/h0029198","pii":"S0022351407624005","citedby-count":"106","prism:aggregationType":"Journal","subtype":"ar","subtypeDescription":"Article","source-id":"30039","openaccess":"0","openaccessFlag":false},{"@_fa": "true", "link": [{"@_fa": "true", "@ref": "self", "@href": "https://api.elsevier.com/content/abstract/scopus_id/34250494919"},{"@_fa": "true", "@ref": "author-affiliation", "@href": "https://api.elsevier.com/content/abstract/scopus_id/34250494919?field=author,affiliation"},{"@_fa": "true", "@ref": "scopus", "@href": "https://www.scopus.com/inward/record.uri?partnerID=HzOxMe3b&scp=34250494919&origin=inward"},{"@_fa": "true", "@ref": "scopus-citedby", "@href": "https://www.scopus.com/inward/citedby.uri?partnerID=HzOxMe3b&scp=34250494919&origin=inward"}],"prism:url":"https://api.elsevier.com/content/abstract/scopus_id/34250494919","dc:identifier":"SCOPUS_ID:34250494919","eid":"2-s2.0-34250494919","dc:title":"Educational television in the Ivory Coast","dc:creator":"Pauvert J.","prism:publicationName":"Prospects in Education","prism:issn":"00331538","prism:eIssn":"15739090","prism:volume":"1","prism:issueIdentifier":"2","prism:pageRange":"13-19","prism:coverDate":"1970-06-01","prism:coverDisplayDate":"June 1970","prism:doi":"10.1007/BF02354311","citedby-count":"0","affiliation": [{"@_fa": "true", "affilname":"University of Paris","affiliation-city":"Paris","affiliation-country":"France"}],"prism:aggregationType":"Journal","subtype":"ar","subtypeDescription":"Article","source-id":"24236","openaccess":"0","openaccessFlag":false},{"@_fa": "true", "link": [{"@_fa": "true", "@ref": "self", "@href": "https://api.elsevier.com/content/abstract/scopus_id/84947694934"},{"@_fa": "true", "@ref": "author-affiliation", "@href": "https://api.elsevier.com/content/abstract/scopus_id/84947694934?field=author,affiliation"},{"@_fa": "true", "@ref": "scopus", "@href": "https://www.scopus.com/inward/record.uri?partnerID=HzOxMe3b&scp=84947694934&origin=inward"},{"@_fa": "true", "@ref": "scopus-citedby", "@href": "https://www.scopus.com/inward/citedby.uri?partnerID=HzOxMe3b&scp=84947694934&origin=inward"}],"prism:url":"https://api.elsevier.com/content/abstract/scopus_id/84947694934","dc:identifier":"SCOPUS_ID:84947694934","eid":"2-s2.0-84947694934","dc:title":"Find (Facsimile Information Network Development)","dc:creator":"Hall J.","prism:publicationName":"Aslib Proceedings","prism:issn":"0001253X","prism:volume":"22","prism:issueIdentifier":"5","prism:pageRange":"217-225","prism:coverDate":"1970-05-01","prism:coverDisplayDate":"1 May 1970","prism:doi":"10.1108/eb050240","citedby-count":"1","prism:aggregationType":"Conference Proceeding","subtype":"re","subtypeDescription":"Review","source-id":"12804","openaccess":"0","openaccessFlag":false},{"@_fa": "true", "link": [{"@_fa": "true", "@ref": "self", "@href": "https://api.elsevier.com/content/abstract/scopus_id/84976650423"},{"@_fa": "true", "@ref": "author-affiliation", "@href": "https://api.elsevier.com/content/abstract/scopus_id/84976650423?field=author,affiliation"},{"@_fa": "true", "@ref": "scopus", "@href": "https://www.scopus.com/inward/record.uri?partnerID=HzOxMe3b&scp=84976650423&origin=inward"},{"@_fa": "true", "@ref": "scopus-citedby", "@href": "https://www.scopus.com/inward/citedby.uri?partnerID=HzOxMe3b&scp=84976650423&origin=inward"}],"prism:url":"https://api.elsevier.com/content/abstract/scopus_id/84976650423","dc:identifier":"SCOPUS_ID:84976650423","eid":"2-s2.0-84976650423","dc:title":"Network computing for computer science departments","dc:creator":"Nielsen N.","prism:publicationName":"ACM SIGCSE Bulletin","prism:issn":"00978418","prism:volume":"2","prism:issueIdentifier":"3","prism:pageRange":"24-29","prism:coverDate":"1970-01-11","prism:coverDisplayDate":"11 January 1970","prism:doi":"10.1145/873641.873647","citedby-count":"0","prism:aggregationType":"Conference Proceeding","subtype":"ar","subtypeDescription":"Article","source-id":"36260","openaccess":"0","openaccessFlag":false},{"@_fa": "true", "link": [{"@_fa": "true", "@ref": "self", "@href": "https://api.elsevier.com/content/abstract/scopus_id/0014780679"},{"@_fa": "true", "@ref": "author-affiliation", "@href": "https://api.elsevier.com/content/abstract/scopus_id/0014780679?field=author,affiliation"},{"@_fa": "true", "@ref": "scopus", "@href": "https://www.scopus.com/inward/record.uri?partnerID=HzOxMe3b&scp=0014780679&origin=inward"},{"@_fa": "true", "@ref": "scopus-citedby", "@href": "https://www.scopus.com/inward/citedby.uri?partnerID=HzOxMe3b&scp=0014780679&origin=inward"}],"prism:url":"https://api.elsevier.com/content/abstract/scopus_id/0014780679","dc:identifier":"SCOPUS_ID:0014780679","eid":"2-s2.0-0014780679","dc:title":"GRID TRAVEL TIME MODEL","dc:creator":"BEIMBORN EA","prism:publicationName":"Transportation Science","prism:issn":"00411655","prism:volume":"4","prism:issueIdentifier":"2","prism:pageRange":"123-137","prism:coverDate":"1970-01-01","prism:coverDisplayDate":"May","citedby-count":"0","prism:aggregationType":"Journal","subtype":"ar","subtypeDescription":"Article","source-id":"20910","openaccess":"0","openaccessFlag":false},{"@_fa": "true", "link": [{"@_fa": "true", "@ref": "self", "@href": "https://api.elsevier.com/content/abstract/scopus_id/84949393787"},{"@_fa": "true", "@ref": "author-affiliation", "@href": "https://api.elsevier.com/content/abstract/scopus_id/84949393787?field=author,affiliation"},{"@_fa": "true", "@ref": "scopus", "@href": "https://www.scopus.com/inward/record.uri?partnerID=HzOxMe3b&scp=84949393787&origin=inward"},{"@_fa": "true", "@ref": "scopus-citedby", "@href": "https://www.scopus.com/inward/citedby.uri?partnerID=HzOxMe3b&scp=84949393787&origin=inward"}],"prism:url":"https://api.elsevier.com/content/abstract/scopus_id/84949393787","dc:identifier":"SCOPUS_ID:84949393787","eid":"2-s2.0-84949393787","dc:title":"Network analysis","prism:publicationName":"Education + Training","prism:issn":"00400912","prism:volume":"12","prism:issueIdentifier":"11","prism:pageRange":"428-431","prism:coverDate":"1970-01-01","prism:coverDisplayDate":"November 1970","prism:doi":"10.1108/eb001641","citedby-count":"0","prism:aggregationType":"Journal","subtype":"re","subtypeDescription":"Review","source-id":"144960","openaccess":"0","openaccessFlag":false},{"@_fa": "true", "link": [{"@_fa": "true", "@ref": "self", "@href": "https://api.elsevier.com/content/abstract/scopus_id/0014735276"},{"@_fa": "true", "@ref": "author-affiliation", "@href": "https://api.elsevier.com/content/abstract/scopus_id/0014735276?field=author,affiliation"},{"@_fa": "true", "@ref": "scopus", "@href": "https://www.scopus.com/inward/record.uri?partnerID=HzOxMe3b&scp=0014735276&origin=inward"},{"@_fa": "true", "@ref": "scopus-citedby", "@href": "https://www.scopus.com/inward/citedby.uri?partnerID=HzOxMe3b&scp=0014735276&origin=inward"}],"prism:url":"https://api.elsevier.com/content/abstract/scopus_id/0014735276","dc:identifier":"SCOPUS_ID:0014735276","eid":"2-s2.0-0014735276","dc:title":"METHOD OF COMPETING LINKS","dc:creator":"HALDER AK","prism:publicationName":"Transportation Science","prism:issn":"00411655","prism:volume":"4","prism:issueIdentifier":"1","prism:pageRange":"36-51","prism:coverDate":"1970-01-01","prism:coverDisplayDate":"Feb","citedby-count":"5","prism:aggregationType":"Journal","subtype":"ar","subtypeDescription":"Article","source-id":"20910","openaccess":"0","openaccessFlag":false},{"@_fa": "true", "link": [{"@_fa": "true", "@ref": "self", "@href": "https://api.elsevier.com/content/abstract/scopus_id/0014759431"},{"@_fa": "true", "@ref": "author-affiliation", "@href": "https://api.elsevier.com/content/abstract/scopus_id/0014759431?field=author,affiliation"},{"@_fa": "true", "@ref": "scopus", "@href": "https://www.scopus.com/inward/record.uri?partnerID=HzOxMe3b&scp=0014759431&origin=inward"},{"@_fa": "true", "@ref": "scopus-citedby", "@href": "https://www.scopus.com/inward/citedby.uri?partnerID=HzOxMe3b&scp=0014759431&origin=inward"}],"prism:url":"https://api.elsevier.com/content/abstract/scopus_id/0014759431","dc:identifier":"SCOPUS_ID:0014759431","eid":"2-s2.0-0014759431","dc:title":"DOUBLE-LAYER RESISTANCE- NETWORK ANALOGUE","dc:creator":"JEVONS M","prism:publicationName":"International Journal of Electrical Engineering Education","prism:issn":"00207209","prism:volume":"8","prism:issueIdentifier":"2","prism:pageRange":"145-153","prism:coverDate":"1970-01-01","prism:coverDisplayDate":"Mar","citedby-count":"0","prism:aggregationType":"Journal","subtype":"ar","subtypeDescription":"Article","source-id":"17966","openaccess":"0","openaccessFlag":false},{"@_fa": "true", "link": [{"@_fa": "true", "@ref": "self", "@href": "https://api.elsevier.com/content/abstract/scopus_id/34247985055"},{"@_fa": "true", "@ref": "author-affiliation", "@href": "https://api.elsevier.com/content/abstract/scopus_id/34247985055?field=author,affiliation"},{"@_fa": "true", "@ref": "scopus", "@href": "https://www.scopus.com/inward/record.uri?partnerID=HzOxMe3b&scp=34247985055&origin=inward"},{"@_fa": "true", "@ref": "scopus-citedby", "@href": "https://www.scopus.com/inward/citedby.uri?partnerID=HzOxMe3b&scp=34247985055&origin=inward"}],"prism:url":"https://api.elsevier.com/content/abstract/scopus_id/34247985055","dc:identifier":"SCOPUS_ID:34247985055","eid":"2-s2.0-34247985055","dc:title":"Situation and Social Network in Cities","dc:creator":"Chrisman N.","prism:publicationName":"Canadian Review of Sociology/Revue canadienne de sociologie","prism:issn":"17556171","prism:eIssn":"1755618X","prism:volume":"7","prism:issueIdentifier":"4","prism:pageRange":"245-257","prism:coverDate":"1970-01-01","prism:coverDisplayDate":"November 1970","prism:doi":"10.1111/j.1755-618X.1970.tb01297.x","citedby-count":"9","affiliation": [{"@_fa": "true", "affilname":"Pomona College","affiliation-city":"Claremont","affiliation-country":"United States"}],"prism:aggregationType":"Journal","subtype":"ar","subtypeDescription":"Article","source-id":"12000154533","openaccess":"0","openaccessFlag":false},{"@_fa": "true", "link": [{"@_fa": "true", "@ref": "self", "@href": "https://api.elsevier.com/content/abstract/scopus_id/84989551497"},{"@_fa": "true", "@ref": "author-affiliation", "@href": "https://api.elsevier.com/content/abstract/scopus_id/84989551497?field=author,affiliation"},{"@_fa": "true", "@ref": "scopus", "@href": "https://www.scopus.com/inward/record.uri?partnerID=HzOxMe3b&scp=84989551497&origin=inward"},{"@_fa": "true", "@ref": "scopus-citedby", "@href": "https://www.scopus.com/inward/citedby.uri?partnerID=HzOxMe3b&scp=84989551497&origin=inward"}],"prism:url":"https://api.elsevier.com/content/abstract/scopus_id/84989551497","dc:identifier":"SCOPUS_ID:84989551497","eid":"2-s2.0-84989551497","dc:title":"The Spatial Structure of the Iowa Urban Network","dc:creator":"Clark W.","prism:publicationName":"Geographical Analysis","prism:issn":"00167363","prism:eIssn":"15384632","prism:volume":"2","prism:issueIdentifier":"3","prism:pageRange":"301-313","prism:coverDate":"1970-01-01","prism:coverDisplayDate":"July 1970","prism:doi":"10.1111/j.1538-4632.1970.tb00861.x","citedby-count":"1","prism:aggregationType":"Journal","subtype":"ar","subtypeDescription":"Article","source-id":"28671","openaccess":"0","openaccessFlag":false},{"@_fa": "true", "link": [{"@_fa": "true", "@ref": "self", "@href": "https://api.elsevier.com/content/abstract/scopus_id/0043263564"},{"@_fa": "true", "@ref": "author-affiliation", "@href": "https://api.elsevier.com/content/abstract/scopus_id/0043263564?field=author,affiliation"},{"@_fa": "true", "@ref": "scopus", "@href": "https://www.scopus.com/inward/record.uri?partnerID=HzOxMe3b&scp=0043263564&origin=inward"},{"@_fa": "true", "@ref": "scopus-citedby", "@href": "https://www.scopus.com/inward/citedby.uri?partnerID=HzOxMe3b&scp=0043263564&origin=inward"}],"prism:url":"https://api.elsevier.com/content/abstract/scopus_id/0043263564","dc:identifier":"SCOPUS_ID:0043263564","eid":"2-s2.0-0043263564","dc:title":"A Note on the Solution Matrix of a Network","dc:creator":"Alao N.","prism:publicationName":"Geographical Analysis","prism:issn":"00167363","prism:eIssn":"15384632","prism:volume":"2","prism:issueIdentifier":"1","prism:pageRange":"83-88","prism:coverDate":"1970-01-01","prism:coverDisplayDate":"January 1970","prism:doi":"10.1111/j.1538-4632.1970.tb00147.x","citedby-count":"9","prism:aggregationType":"Journal","subtype":"ar","subtypeDescription":"Article","source-id":"28671","openaccess":"0","openaccessFlag":false},{"@_fa": "true", "link": [{"@_fa": "true", "@ref": "self", "@href": "https://api.elsevier.com/content/abstract/scopus_id/84989448203"},{"@_fa": "true", "@ref": "author-affiliation", "@href": "https://api.elsevier.com/content/abstract/scopus_id/84989448203?field=author,affiliation"},{"@_fa": "true", "@ref": "scopus", "@href": "https://www.scopus.com/inward/record.uri?partnerID=HzOxMe3b&scp=84989448203&origin=inward"},{"@_fa": "true", "@ref": "scopus-citedby", "@href": "https://www.scopus.com/inward/citedby.uri?partnerID=HzOxMe3b&scp=84989448203&origin=inward"}],"prism:url":"https://api.elsevier.com/content/abstract/scopus_id/84989448203","dc:identifier":"SCOPUS_ID:84989448203","eid":"2-s2.0-84989448203","dc:title":"HORTON'S LAW OF STREAM NUMBERS FOR TOPOLOGICALLY RANDOM CHANNEL NETWORKS","dc:creator":"WERNER C.","prism:publicationName":"Canadian Geographer / Le Géographe canadien","prism:issn":"00083658","prism:eIssn":"15410064","prism:volume":"14","prism:issueIdentifier":"1","prism:pageRange":"57-66","prism:coverDate":"1970-01-01","prism:coverDisplayDate":"March 1970","prism:doi":"10.1111/j.1541-0064.1970.tb00006.x","citedby-count":"3","affiliation": [{"@_fa": "true", "affilname":"University of California, Irvine","affiliation-city":"Irvine","affiliation-country":"United States"}],"prism:aggregationType":"Trade Journal","subtype":"ar","subtypeDescription":"Article","source-id":"27613","openaccess":"0","openaccessFlag":false},{"@_fa": "true", "link": [{"@_fa": "true", "@ref": "self", "@href": "https://api.elsevier.com/content/abstract/scopus_id/0014733362"},{"@_fa": "true", "@ref": "author-affiliation", "@href": "https://api.elsevier.com/content/abstract/scopus_id/0014733362?field=author,affiliation"},{"@_fa": "true", "@ref": "scopus", "@href": "https://www.scopus.com/inward/record.uri?partnerID=HzOxMe3b&scp=0014733362&origin=inward"},{"@_fa": "true", "@ref": "scopus-citedby", "@href": "https://www.scopus.com/inward/citedby.uri?partnerID=HzOxMe3b&scp=0014733362&origin=inward"}],"prism:url":"https://api.elsevier.com/content/abstract/scopus_id/0014733362","dc:identifier":"SCOPUS_ID:0014733362","eid":"2-s2.0-0014733362","dc:title":"Interorganizational networks in urban society: initial perspectives and comparative research.","dc:creator":"Turk H.","prism:publicationName":"American sociological review","prism:issn":"00031224","prism:volume":"35","prism:issueIdentifier":"1","prism:pageRange":"1-19","prism:coverDate":"1970-01-01","prism:coverDisplayDate":"Feb 1970","prism:doi":"10.2307/2093849","citedby-count":"58","pubmed-id":"5416295","prism:aggregationType":"Journal","subtype":"ar","subtypeDescription":"Article","source-id":"16929","openaccess":"0","openaccessFlag":false},{"@_fa": "true", "link": [{"@_fa": "true", "@ref": "self", "@href": "https://api.elsevier.com/content/abstract/scopus_id/84944652186"},{"@_fa": "true", "@ref": "author-affiliation", "@href": "https://api.elsevier.com/content/abstract/scopus_id/84944652186?field=author,affiliation"},{"@_fa": "true", "@ref": "scopus", "@href": "https://www.scopus.com/inward/record.uri?partnerID=HzOxMe3b&scp=84944652186&origin=inward"},{"@_fa": "true", "@ref": "scopus-citedby", "@href": "https://www.scopus.com/inward/citedby.uri?partnerID=HzOxMe3b&scp=84944652186&origin=inward"}],"prism:url":"https://api.elsevier.com/content/abstract/scopus_id/84944652186","dc:identifier":"SCOPUS_ID:84944652186","eid":"2-s2.0-84944652186","dc:title":"The Verazzano Narrows Bridge - A generator: (An urban geography unit on transportation networks)","dc:creator":"D’arcangelo M.","prism:publicationName":"Journal of Geography","prism:issn":"00221341","prism:eIssn":"17526868","prism:volume":"69","prism:issueIdentifier":"4","prism:pageRange":"234-239","prism:coverDate":"1970-01-01","prism:coverDisplayDate":"April 1970","prism:doi":"10.1080/00221347008981795","citedby-count":"0","prism:aggregationType":"Journal","subtype":"ar","subtypeDescription":"Article","source-id":"29274","openaccess":"0","openaccessFlag":false},{"@_fa": "true", "link": [{"@_fa": "true", "@ref": "self", "@href": "https://api.elsevier.com/content/abstract/scopus_id/33444463636"},{"@_fa": "true", "@ref": "author-affiliation", "@href": "https://api.elsevier.com/content/abstract/scopus_id/33444463636?field=author,affiliation"},{"@_fa": "true", "@ref": "scopus", "@href": "https://www.scopus.com/inward/record.uri?partnerID=HzOxMe3b&scp=33444463636&origin=inward"},{"@_fa": "true", "@ref": "scopus-citedby", "@href": "https://www.scopus.com/inward/citedby.uri?partnerID=HzOxMe3b&scp=33444463636&origin=inward"}],"prism:url":"https://api.elsevier.com/content/abstract/scopus_id/33444463636","dc:identifier":"SCOPUS_ID:33444463636","eid":"2-s2.0-33444463636","dc:title":"Network Analysis in Ecuador and Nova Scotia: Some Critical Remarks","dc:creator":"Whitten N.","prism:publicationName":"Canadian Review of Sociology/Revue canadienne de sociologie","prism:issn":"17556171","prism:eIssn":"1755618X","prism:volume":"7","prism:issueIdentifier":"4","prism:pageRange":"269-280","prism:coverDate":"1970-01-01","prism:coverDisplayDate":"November 1970","prism:doi":"10.1111/j.1755-618X.1970.tb01299.x","citedby-count":"4","affiliation": [{"@_fa": "true", "affilname":"University of Illinois at Urbana-Champaign","affiliation-city":"Urbana","affiliation-country":"United States"}],"prism:aggregationType":"Journal","subtype":"ar","subtypeDescription":"Article","source-id":"12000154533","openaccess":"0","openaccessFlag":false},{"@_fa": "true", "link": [{"@_fa": "true", "@ref": "self", "@href": "https://api.elsevier.com/content/abstract/scopus_id/0000578779"},{"@_fa": "true", "@ref": "author-affiliation", "@href": "https://api.elsevier.com/content/abstract/scopus_id/0000578779?field=author,affiliation"},{"@_fa": "true", "@ref": "scopus", "@href": "https://www.scopus.com/inward/record.uri?partnerID=HzOxMe3b&scp=0000578779&origin=inward"},{"@_fa": "true", "@ref": "scopus-citedby", "@href": "https://www.scopus.com/inward/citedby.uri?partnerID=HzOxMe3b&scp=0000578779&origin=inward"}],"prism:url":"https://api.elsevier.com/content/abstract/scopus_id/0000578779","dc:identifier":"SCOPUS_ID:0000578779","eid":"2-s2.0-0000578779","dc:title":"Italian migration to Australia manifest functions of bureaucracy versus latent functions of informal networks","dc:creator":"Macdonald J.","prism:publicationName":"Journal of Social History","prism:issn":"00224529","prism:eIssn":"15271897","prism:volume":"3","prism:issueIdentifier":"3","prism:pageRange":"249-275","prism:coverDate":"1970-01-01","prism:coverDisplayDate":"Spring 1970","prism:doi":"10.1353/jsh/3.3.249","citedby-count":"16","affiliation": [{"@_fa": "true", "affilname":"The University of the West Indies","affiliation-city":"Kingston","affiliation-country":"Jamaica"}],"prism:aggregationType":"Journal","subtype":"ar","subtypeDescription":"Article","source-id":"15675","openaccess":"0","openaccessFlag":false},{"@_fa": "true", "link": [{"@_fa": "true", "@ref": "self", "@href": "https://api.elsevier.com/content/abstract/scopus_id/0014818239"},{"@_fa": "true", "@ref": "author-affiliation", "@href": "https://api.elsevier.com/content/abstract/scopus_id/0014818239?field=author,affiliation"},{"@_fa": "true", "@ref": "scopus", "@href": "https://www.scopus.com/inward/record.uri?partnerID=HzOxMe3b&scp=0014818239&origin=inward"},{"@_fa": "true", "@ref": "scopus-citedby", "@href": "https://www.scopus.com/inward/citedby.uri?partnerID=HzOxMe3b&scp=0014818239&origin=inward"}],"prism:url":"https://api.elsevier.com/content/abstract/scopus_id/0014818239","dc:identifier":"SCOPUS_ID:0014818239","eid":"2-s2.0-0014818239","dc:title":"A User-Oriented Synthesis Program for Transmission Networks","dc:creator":"Bass G.","prism:publicationName":"IEEE Transactions on Education","prism:issn":"00189359","prism:eIssn":"15579638","prism:volume":"E-13","prism:issueIdentifier":"1","prism:pageRange":"37-41","prism:coverDate":"1970-01-01","prism:coverDisplayDate":"JULY 1970","prism:doi":"10.1109/TE.1970.4320544","citedby-count":"0","prism:aggregationType":"Journal","subtype":"ar","subtypeDescription":"Article","source-id":"17344","openaccess":"0","openaccessFlag":false},{"@_fa": "true", "link": [{"@_fa": "true", "@ref": "self", "@href": "https://api.elsevier.com/content/abstract/scopus_id/84985449344"},{"@_fa": "true", "@ref": "author-affiliation", "@href": "https://api.elsevier.com/content/abstract/scopus_id/84985449344?field=author,affiliation"},{"@_fa": "true", "@ref": "scopus", "@href": "https://www.scopus.com/inward/record.uri?partnerID=HzOxMe3b&scp=84985449344&origin=inward"},{"@_fa": "true", "@ref": "scopus-citedby", "@href": "https://www.scopus.com/inward/citedby.uri?partnerID=HzOxMe3b&scp=84985449344&origin=inward"}],"prism:url":"https://api.elsevier.com/content/abstract/scopus_id/84985449344","dc:identifier":"SCOPUS_ID:84985449344","eid":"2-s2.0-84985449344","dc:title":"Central Place Evolution and Network Development in South Auckland, 1840–1968: a Systems Analytic Approach","dc:creator":"BADCOCK B.","prism:publicationName":"New Zealand Geographer","prism:issn":"00288144","prism:eIssn":"17457939","prism:volume":"26","prism:issueIdentifier":"2","prism:pageRange":"109-135","prism:coverDate":"1970-01-01","prism:coverDisplayDate":"October 1970","prism:doi":"10.1111/j.1745-7939.1970.tb00625.x","citedby-count":"8","affiliation": [{"@_fa": "true", "affilname":"Macquarie University","affiliation-city":"Sydney","affiliation-country":"Australia"}],"prism:aggregationType":"Journal","subtype":"ar","subtypeDescription":"Article","source-id":"29879","openaccess":"0","openaccessFlag":false},{"@_fa": "true", "link": [{"@_fa": "true", "@ref": "self", "@href": "https://api.elsevier.com/content/abstract/scopus_id/0006416472"},{"@_fa": "true", "@ref": "author-affiliation", "@href": "https://api.elsevier.com/content/abstract/scopus_id/0006416472?field=author,affiliation"},{"@_fa": "true", "@ref": "scopus", "@href": "https://www.scopus.com/inward/record.uri?partnerID=HzOxMe3b&scp=0006416472&origin=inward"},{"@_fa": "true", "@ref": "scopus-citedby", "@href": "https://www.scopus.com/inward/citedby.uri?partnerID=HzOxMe3b&scp=0006416472&origin=inward"}],"prism:url":"https://api.elsevier.com/content/abstract/scopus_id/0006416472","dc:identifier":"SCOPUS_ID:0006416472","eid":"2-s2.0-0006416472","dc:title":"Network Analysis in East Africa: The Social Organization of Urban Transients","dc:creator":"Jacobson D.","prism:publicationName":"Canadian Review of Sociology/Revue canadienne de sociologie","prism:issn":"17556171","prism:eIssn":"1755618X","prism:volume":"7","prism:issueIdentifier":"4","prism:pageRange":"281-286","prism:coverDate":"1970-01-01","prism:coverDisplayDate":"November 1970","prism:doi":"10.1111/j.1755-618X.1970.tb01300.x","citedby-count":"7","affiliation": [{"@_fa": "true", "affilname":"Brandeis University","affiliation-city":"Waltham","affiliation-country":"United States"}],"prism:aggregationType":"Journal","subtype":"ar","subtypeDescription":"Article","source-id":"12000154533","openaccess":"0","openaccessFlag":false},{"@_fa": "true", "link": [{"@_fa": "true", "@ref": "self", "@href": "https://api.elsevier.com/content/abstract/scopus_id/0014836662"},{"@_fa": "true", "@ref": "author-affiliation", "@href": "https://api.elsevier.com/content/abstract/scopus_id/0014836662?field=author,affiliation"},{"@_fa": "true", "@ref": "scopus", "@href": "https://www.scopus.com/inward/record.uri?partnerID=HzOxMe3b&scp=0014836662&origin=inward"},{"@_fa": "true", "@ref": "scopus-citedby", "@href": "https://www.scopus.com/inward/citedby.uri?partnerID=HzOxMe3b&scp=0014836662&origin=inward"}],"prism:url":"https://api.elsevier.com/content/abstract/scopus_id/0014836662","dc:identifier":"SCOPUS_ID:0014836662","eid":"2-s2.0-0014836662","dc:title":"The Application of the Compensation Theorem in the Proof of Thevenin's and Norton's Theorems","dc:creator":"Judd F.","prism:publicationName":"IEEE Transactions on Education","prism:issn":"00189359","prism:eIssn":"15579638","prism:volume":"E-13","prism:issueIdentifier":"2","prism:pageRange":"87-88","prism:coverDate":"1970-01-01","prism:coverDisplayDate":"AUGUST 1970","prism:doi":"10.1109/TE.1970.4320572","citedby-count":"9","prism:aggregationType":"Journal","subtype":"no","subtypeDescription":"Note","source-id":"17344","openaccess":"0","openaccessFlag":false}]}}