{"search-results":{"opensearch:totalResults":"578","opensearch:startIndex":"0","opensearch:itemsPerPage":"25","opensearch:Query":{"@role": "request", "@searchTerms": "TITLE-ABS-KEY(\"network\") AND SUBJAREA(SOCI) AND PUBYEAR = 1987", "@startPage": "0"},"link": [{"@_fa": "true", "@ref": "self", "@href": "https://api.elsevier.com/content/search/scopus?start=0&count=25&query=TITLE-ABS-KEY%28%22network%22%29+AND+SUBJAREA%28SOCI%29+AND+PUBYEAR+%3D+1987&apiKey=27d953b4b546791964ebeb768d13e61f&view=STANDARD", "@type": "application/json"},{"@_fa": "true", "@ref": "first", "@href": "https://api.elsevier.com/content/search/scopus?start=0&count=25&query=TITLE-ABS-KEY%28%22network%22%29+AND+SUBJAREA%28SOCI%29+AND+PUBYEAR+%3D+1987&apiKey=27d953b4b546791964ebeb768d13e61f&view=STANDARD", "@type": "application/json"},{"@_fa": "true", "@ref": "next", "@href": "https://api.elsevier.com/content/search/scopus?start=25&count=25&query=TITLE-ABS-KEY%28%22network%22%29+AND+SUBJAREA%28SOCI%29+AND+PUBYEAR+%3D+1987&apiKey=27d953b4b546791964ebeb768d13e61f&view=STANDARD", "@type": "application/json"},{"@_fa": "true", "@ref": "last", "@href": "https://api.elsevier.com/content/search/scopus?start=553&count=25&query=TITLE-ABS-KEY%28%22network%22%29+AND+SUBJAREA%28SOCI%29+AND+PUBYEAR+%3D+1987&apiKey=27d953b4b546791964ebeb768d13e61f&view=STANDARD", "@type": "application/json"}],"entry": [{"@_fa": "true", "link": [{"@_fa": "true", "@ref": "self", "@href": "https://api.elsevier.com/content/abstract/scopus_id/84953198140"},{"@_fa": "true", "@ref": "author-affiliation", "@href": "https://api.elsevier.com/content/abstract/scopus_id/84953198140?field=author,affiliation"},{"@_fa": "true", "@ref": "scopus", "@href": "https://www.scopus.com/inward/record.uri?partnerID=HzOxMe3b&scp=84953198140&origin=inward"},{"@_fa": "true", "@ref": "scopus-citedby", "@href": "https://www.scopus.com/inward/citedby.uri?partnerID=HzOxMe3b&scp=84953198140&origin=inward"}],"prism:url":"https://api.elsevier.com/content/abstract/scopus_id/84953198140","dc:identifier":"SCOPUS_ID:84953198140","eid":"2-s2.0-84953198140","dc:title":"Three approaches to understanding self-help groups","dc:creator":"Kurtz L.","prism:publicationName":"Social Work with Groups","prism:issn":"01609513","prism:eIssn":"15409481","prism:volume":"10","prism:issueIdentifier":"3","prism:pageRange":"69-80","prism:coverDate":"1987-12-21","prism:coverDisplayDate":"21 December 1987","prism:doi":"10.1300/J009v10n03_06","citedby-count":"23","affiliation": [{"@_fa": "true", "affilname":"University of Michigan, Ann Arbor","affiliation-city":"Ann Arbor","affiliation-country":"United States"}],"prism:aggregationType":"Journal","subtype":"ar","subtypeDescription":"Article","source-id":"15035","openaccess":"0","openaccessFlag":false},{"@_fa": "true", "link": [{"@_fa": "true", "@ref": "self", "@href": "https://api.elsevier.com/content/abstract/scopus_id/84953978696"},{"@_fa": "true", "@ref": "author-affiliation", "@href": "https://api.elsevier.com/content/abstract/scopus_id/84953978696?field=author,affiliation"},{"@_fa": "true", "@ref": "scopus", "@href": "https://www.scopus.com/inward/record.uri?partnerID=HzOxMe3b&scp=84953978696&origin=inward"},{"@_fa": "true", "@ref": "scopus-citedby", "@href": "https://www.scopus.com/inward/citedby.uri?partnerID=HzOxMe3b&scp=84953978696&origin=inward"}],"prism:url":"https://api.elsevier.com/content/abstract/scopus_id/84953978696","dc:identifier":"SCOPUS_ID:84953978696","eid":"2-s2.0-84953978696","dc:title":"Cooperation in the pica library network","dc:creator":"Costers L.","prism:publicationName":"Collection Management","prism:issn":"01462679","prism:eIssn":"15452549","prism:volume":"9","prism:issueIdentifier":"2-3","prism:pageRange":"7-18","prism:coverDate":"1987-12-16","prism:coverDisplayDate":"16 December 1987","prism:doi":"10.1300/J105v09n02_02","citedby-count":"0","prism:aggregationType":"Journal","subtype":"ar","subtypeDescription":"Article","source-id":"4700152789","openaccess":"0","openaccessFlag":false},{"@_fa": "true", "link": [{"@_fa": "true", "@ref": "self", "@href": "https://api.elsevier.com/content/abstract/scopus_id/84953961613"},{"@_fa": "true", "@ref": "author-affiliation", "@href": "https://api.elsevier.com/content/abstract/scopus_id/84953961613?field=author,affiliation"},{"@_fa": "true", "@ref": "scopus", "@href": "https://www.scopus.com/inward/record.uri?partnerID=HzOxMe3b&scp=84953961613&origin=inward"},{"@_fa": "true", "@ref": "scopus-citedby", "@href": "https://www.scopus.com/inward/citedby.uri?partnerID=HzOxMe3b&scp=84953961613&origin=inward"}],"prism:url":"https://api.elsevier.com/content/abstract/scopus_id/84953961613","dc:identifier":"SCOPUS_ID:84953961613","eid":"2-s2.0-84953961613","dc:title":"Co-operative networks and service to the scholar","dc:creator":"Moon B.","prism:publicationName":"Collection Management","prism:issn":"01462679","prism:eIssn":"15452549","prism:volume":"9","prism:issueIdentifier":"2-3","prism:pageRange":"143-155","prism:coverDate":"1987-12-16","prism:coverDisplayDate":"16 December 1987","prism:doi":"10.1300/J105v09n02_13","citedby-count":"0","prism:aggregationType":"Journal","subtype":"ar","subtypeDescription":"Article","source-id":"4700152789","openaccess":"0","openaccessFlag":false},{"@_fa": "true", "link": [{"@_fa": "true", "@ref": "self", "@href": "https://api.elsevier.com/content/abstract/scopus_id/84953984182"},{"@_fa": "true", "@ref": "author-affiliation", "@href": "https://api.elsevier.com/content/abstract/scopus_id/84953984182?field=author,affiliation"},{"@_fa": "true", "@ref": "scopus", "@href": "https://www.scopus.com/inward/record.uri?partnerID=HzOxMe3b&scp=84953984182&origin=inward"},{"@_fa": "true", "@ref": "scopus-citedby", "@href": "https://www.scopus.com/inward/citedby.uri?partnerID=HzOxMe3b&scp=84953984182&origin=inward"}],"prism:url":"https://api.elsevier.com/content/abstract/scopus_id/84953984182","dc:identifier":"SCOPUS_ID:84953984182","eid":"2-s2.0-84953984182","dc:title":"Setting up a network of “responsibility libraries” in sweden","dc:creator":"Marklund K.","prism:publicationName":"Collection Management","prism:issn":"01462679","prism:eIssn":"15452549","prism:volume":"9","prism:issueIdentifier":"2-3","prism:pageRange":"69-77","prism:coverDate":"1987-12-16","prism:coverDisplayDate":"16 December 1987","prism:doi":"10.1300/J105v09n02_07","citedby-count":"0","prism:aggregationType":"Journal","subtype":"ar","subtypeDescription":"Article","source-id":"4700152789","openaccess":"0","openaccessFlag":false},{"@_fa": "true", "link": [{"@_fa": "true", "@ref": "self", "@href": "https://api.elsevier.com/content/abstract/scopus_id/84953975386"},{"@_fa": "true", "@ref": "author-affiliation", "@href": "https://api.elsevier.com/content/abstract/scopus_id/84953975386?field=author,affiliation"},{"@_fa": "true", "@ref": "scopus", "@href": "https://www.scopus.com/inward/record.uri?partnerID=HzOxMe3b&scp=84953975386&origin=inward"},{"@_fa": "true", "@ref": "scopus-citedby", "@href": "https://www.scopus.com/inward/citedby.uri?partnerID=HzOxMe3b&scp=84953975386&origin=inward"}],"prism:url":"https://api.elsevier.com/content/abstract/scopus_id/84953975386","dc:identifier":"SCOPUS_ID:84953975386","eid":"2-s2.0-84953975386","dc:title":"Shared cataloguing networks in the federal republic of germany: Some problems of planning and realization","dc:creator":"Gattermann G.","prism:publicationName":"Collection Management","prism:issn":"01462679","prism:eIssn":"15452549","prism:volume":"9","prism:issueIdentifier":"2-3","prism:pageRange":"19-30","prism:coverDate":"1987-12-16","prism:coverDisplayDate":"16 December 1987","prism:doi":"10.1300/J105v09n02_03","citedby-count":"0","prism:aggregationType":"Journal","subtype":"ar","subtypeDescription":"Article","source-id":"4700152789","openaccess":"0","openaccessFlag":false},{"@_fa": "true", "link": [{"@_fa": "true", "@ref": "self", "@href": "https://api.elsevier.com/content/abstract/scopus_id/0023544219"},{"@_fa": "true", "@ref": "author-affiliation", "@href": "https://api.elsevier.com/content/abstract/scopus_id/0023544219?field=author,affiliation"},{"@_fa": "true", "@ref": "scopus", "@href": "https://www.scopus.com/inward/record.uri?partnerID=HzOxMe3b&scp=0023544219&origin=inward"},{"@_fa": "true", "@ref": "scopus-citedby", "@href": "https://www.scopus.com/inward/citedby.uri?partnerID=HzOxMe3b&scp=0023544219&origin=inward"}],"prism:url":"https://api.elsevier.com/content/abstract/scopus_id/0023544219","dc:identifier":"SCOPUS_ID:0023544219","eid":"2-s2.0-0023544219","dc:title":"NETWORK SCHEDULING LIMITED BY SPECIAL CONSTRAINT AS A FUNCTION OF TIME COST.","dc:creator":"Jandy G.","prism:publicationName":"Periodica Polytechnica Transportation Engineering","prism:issn":"03037800","prism:volume":"15","prism:issueIdentifier":"2","prism:pageRange":"111-123","prism:coverDate":"1987-12-01","prism:coverDisplayDate":"1987","citedby-count":"0","prism:aggregationType":"Journal","subtype":"ar","subtypeDescription":"Article","source-id":"16884","openaccess":"0","openaccessFlag":false},{"@_fa": "true", "link": [{"@_fa": "true", "@ref": "self", "@href": "https://api.elsevier.com/content/abstract/scopus_id/0023549024"},{"@_fa": "true", "@ref": "author-affiliation", "@href": "https://api.elsevier.com/content/abstract/scopus_id/0023549024?field=author,affiliation"},{"@_fa": "true", "@ref": "scopus", "@href": "https://www.scopus.com/inward/record.uri?partnerID=HzOxMe3b&scp=0023549024&origin=inward"},{"@_fa": "true", "@ref": "scopus-citedby", "@href": "https://www.scopus.com/inward/citedby.uri?partnerID=HzOxMe3b&scp=0023549024&origin=inward"}],"prism:url":"https://api.elsevier.com/content/abstract/scopus_id/0023549024","dc:identifier":"SCOPUS_ID:0023549024","eid":"2-s2.0-0023549024","dc:title":"Contribution to Urban Water Distribution Network Optimization (2).","dc:creator":"Marin-Cudraz H.","prism:publicationName":"Annales des ponts et chaussees. Memoires et documents relatifs a l'art des constructions et au service de l'ingenieur","prism:issn":"00034304","prism:issueIdentifier":"43","prism:pageRange":"3-20","prism:coverDate":"1987-12-01","prism:coverDisplayDate":"1987","citedby-count":"0","prism:aggregationType":"Journal","subtype":"ar","subtypeDescription":"Article","source-id":"80785","openaccess":"0","openaccessFlag":false},{"@_fa": "true", "link": [{"@_fa": "true", "@ref": "self", "@href": "https://api.elsevier.com/content/abstract/scopus_id/0023588754"},{"@_fa": "true", "@ref": "author-affiliation", "@href": "https://api.elsevier.com/content/abstract/scopus_id/0023588754?field=author,affiliation"},{"@_fa": "true", "@ref": "scopus", "@href": "https://www.scopus.com/inward/record.uri?partnerID=HzOxMe3b&scp=0023588754&origin=inward"},{"@_fa": "true", "@ref": "scopus-citedby", "@href": "https://www.scopus.com/inward/citedby.uri?partnerID=HzOxMe3b&scp=0023588754&origin=inward"}],"prism:url":"https://api.elsevier.com/content/abstract/scopus_id/0023588754","dc:identifier":"SCOPUS_ID:0023588754","eid":"2-s2.0-0023588754","dc:title":"DC Railway Network with Recovery of Braking Energy.","dc:creator":"Bopp K.","prism:publicationName":"eb - Elektrische Bahnen","prism:issn":"00135437","prism:volume":"85","prism:issueIdentifier":"8","prism:pageRange":"269-284","prism:coverDate":"1987-12-01","prism:coverDisplayDate":"1987","citedby-count":"0","prism:aggregationType":"Trade Journal","subtype":"ar","subtypeDescription":"Article","source-id":"24542","openaccess":"0","openaccessFlag":false},{"@_fa": "true", "link": [{"@_fa": "true", "@ref": "self", "@href": "https://api.elsevier.com/content/abstract/scopus_id/70450042768"},{"@_fa": "true", "@ref": "author-affiliation", "@href": "https://api.elsevier.com/content/abstract/scopus_id/70450042768?field=author,affiliation"},{"@_fa": "true", "@ref": "scopus", "@href": "https://www.scopus.com/inward/record.uri?partnerID=HzOxMe3b&scp=70450042768&origin=inward"},{"@_fa": "true", "@ref": "scopus-citedby", "@href": "https://www.scopus.com/inward/citedby.uri?partnerID=HzOxMe3b&scp=70450042768&origin=inward"}],"prism:url":"https://api.elsevier.com/content/abstract/scopus_id/70450042768","dc:identifier":"SCOPUS_ID:70450042768","eid":"2-s2.0-70450042768","dc:title":"Library networks : AAA means ,not an end","dc:creator":"Schuman P.","prism:publicationName":"Library Journal","prism:issn":"03630277","prism:volume":"112","prism:issueIdentifier":"2","prism:pageRange":null,"prism:coverDate":"1987-12-01","prism:coverDisplayDate":"1987","citedby-count":"11","affiliation": [{"@_fa": "true", "affilname":"Neal-Schuman Publishers, Inc.","affiliation-city":null,"affiliation-country":"United States"}],"prism:aggregationType":"Journal","subtype":"ar","subtypeDescription":"Article","source-id":"14013","openaccess":"0","openaccessFlag":false},{"@_fa": "true", "link": [{"@_fa": "true", "@ref": "self", "@href": "https://api.elsevier.com/content/abstract/scopus_id/0023595521"},{"@_fa": "true", "@ref": "author-affiliation", "@href": "https://api.elsevier.com/content/abstract/scopus_id/0023595521?field=author,affiliation"},{"@_fa": "true", "@ref": "scopus", "@href": "https://www.scopus.com/inward/record.uri?partnerID=HzOxMe3b&scp=0023595521&origin=inward"},{"@_fa": "true", "@ref": "scopus-citedby", "@href": "https://www.scopus.com/inward/citedby.uri?partnerID=HzOxMe3b&scp=0023595521&origin=inward"}],"prism:url":"https://api.elsevier.com/content/abstract/scopus_id/0023595521","dc:identifier":"SCOPUS_ID:0023595521","eid":"2-s2.0-0023595521","dc:title":"Traction Current from the Public Power Supply.","dc:creator":"Kiwit W.","prism:publicationName":"eb - Elektrische Bahnen","prism:issn":"00135437","prism:volume":"85","prism:issueIdentifier":"12","prism:pageRange":"416-424","prism:coverDate":"1987-12-01","prism:coverDisplayDate":"1987","citedby-count":"0","prism:aggregationType":"Trade Journal","subtype":"ar","subtypeDescription":"Article","source-id":"24542","openaccess":"0","openaccessFlag":false},{"@_fa": "true", "link": [{"@_fa": "true", "@ref": "self", "@href": "https://api.elsevier.com/content/abstract/scopus_id/0000941570"},{"@_fa": "true", "@ref": "author-affiliation", "@href": "https://api.elsevier.com/content/abstract/scopus_id/0000941570?field=author,affiliation"},{"@_fa": "true", "@ref": "scopus", "@href": "https://www.scopus.com/inward/record.uri?partnerID=HzOxMe3b&scp=0000941570&origin=inward"},{"@_fa": "true", "@ref": "scopus-citedby", "@href": "https://www.scopus.com/inward/citedby.uri?partnerID=HzOxMe3b&scp=0000941570&origin=inward"}],"prism:url":"https://api.elsevier.com/content/abstract/scopus_id/0000941570","dc:identifier":"SCOPUS_ID:0000941570","eid":"2-s2.0-0000941570","dc:title":"Gender differences in the structure and support characteristics of black adolescents' social networks","dc:creator":"Coates D.","prism:publicationName":"Sex Roles","prism:issn":"03600025","prism:eIssn":"15732762","prism:volume":"17","prism:issueIdentifier":"11-12","prism:pageRange":"667-687","prism:coverDate":"1987-12-01","prism:coverDisplayDate":"December 1987","prism:doi":"10.1007/BF00287682","citedby-count":"47","affiliation": [{"@_fa": "true", "affilname":"Catholic University of America","affiliation-city":"Washington","affiliation-country":"United States"}],"prism:aggregationType":"Journal","subtype":"ar","subtypeDescription":"Article","source-id":"14798","openaccess":"0","openaccessFlag":false},{"@_fa": "true", "link": [{"@_fa": "true", "@ref": "self", "@href": "https://api.elsevier.com/content/abstract/scopus_id/0023542604"},{"@_fa": "true", "@ref": "author-affiliation", "@href": "https://api.elsevier.com/content/abstract/scopus_id/0023542604?field=author,affiliation"},{"@_fa": "true", "@ref": "scopus", "@href": "https://www.scopus.com/inward/record.uri?partnerID=HzOxMe3b&scp=0023542604&origin=inward"},{"@_fa": "true", "@ref": "scopus-citedby", "@href": "https://www.scopus.com/inward/citedby.uri?partnerID=HzOxMe3b&scp=0023542604&origin=inward"}],"prism:url":"https://api.elsevier.com/content/abstract/scopus_id/0023542604","dc:identifier":"SCOPUS_ID:0023542604","eid":"2-s2.0-0023542604","dc:title":"ROLE OF TRAMWAYS IN THE FUTURE BUDAPEST TRANSPORT SYSTEM.","dc:creator":"Lesley L.","prism:publicationName":"Periodica Polytechnica Transportation Engineering","prism:issn":"03037800","prism:volume":"15","prism:issueIdentifier":"2","prism:pageRange":"147-160","prism:coverDate":"1987-12-01","prism:coverDisplayDate":"1987","citedby-count":"0","prism:aggregationType":"Journal","subtype":"ar","subtypeDescription":"Article","source-id":"16884","openaccess":"0","openaccessFlag":false},{"@_fa": "true", "link": [{"@_fa": "true", "@ref": "self", "@href": "https://api.elsevier.com/content/abstract/scopus_id/85034859066"},{"@_fa": "true", "@ref": "author-affiliation", "@href": "https://api.elsevier.com/content/abstract/scopus_id/85034859066?field=author,affiliation"},{"@_fa": "true", "@ref": "scopus", "@href": "https://www.scopus.com/inward/record.uri?partnerID=HzOxMe3b&scp=85034859066&origin=inward"},{"@_fa": "true", "@ref": "scopus-citedby", "@href": "https://www.scopus.com/inward/citedby.uri?partnerID=HzOxMe3b&scp=85034859066&origin=inward"}],"prism:url":"https://api.elsevier.com/content/abstract/scopus_id/85034859066","dc:identifier":"SCOPUS_ID:85034859066","eid":"2-s2.0-85034859066","dc:title":"CRI TERI a and guidelines for selecting the appropriate Lan(s): What nobody tells you","dc:creator":"Luzzi L.","prism:publicationName":"Proceedings ACM SIGUCCS User Services Conference","prism:isbn": [{"@_fa": "true", "$" :"0897912411"}],"prism:volume":"Part F130247","prism:pageRange":"9-18","prism:coverDate":"1987-12-01","prism:coverDisplayDate":"1 December 1987","prism:doi":"10.1145/41866.41868","citedby-count":"0","affiliation": [{"@_fa": "true", "affilname":"Baruch College","affiliation-city":"New York","affiliation-country":"United States"}],"prism:aggregationType":"Conference Proceeding","subtype":"cp","subtypeDescription":"Conference Paper","source-id":"21100839104","openaccess":"0","openaccessFlag":false},{"@_fa": "true", "link": [{"@_fa": "true", "@ref": "self", "@href": "https://api.elsevier.com/content/abstract/scopus_id/33645308357"},{"@_fa": "true", "@ref": "author-affiliation", "@href": "https://api.elsevier.com/content/abstract/scopus_id/33645308357?field=author,affiliation"},{"@_fa": "true", "@ref": "scopus", "@href": "https://www.scopus.com/inward/record.uri?partnerID=HzOxMe3b&scp=33645308357&origin=inward"},{"@_fa": "true", "@ref": "scopus-citedby", "@href": "https://www.scopus.com/inward/citedby.uri?partnerID=HzOxMe3b&scp=33645308357&origin=inward"}],"prism:url":"https://api.elsevier.com/content/abstract/scopus_id/33645308357","dc:identifier":"SCOPUS_ID:33645308357","eid":"2-s2.0-33645308357","dc:title":"Social support and social structure","dc:creator":"House J.","prism:publicationName":"Sociological Forum","prism:issn":"08848971","prism:eIssn":"15737861","prism:volume":"2","prism:issueIdentifier":"1","prism:pageRange":"135-146","prism:coverDate":"1987-12-01","prism:coverDisplayDate":"December 1987","prism:doi":"10.1007/BF01107897","citedby-count":"128","affiliation": [{"@_fa": "true", "affilname":"University of Michigan, Ann Arbor","affiliation-city":"Ann Arbor","affiliation-country":"United States"}],"prism:aggregationType":"Journal","subtype":"ar","subtypeDescription":"Article","source-id":"18084","openaccess":"0","openaccessFlag":false},{"@_fa": "true", "link": [{"@_fa": "true", "@ref": "self", "@href": "https://api.elsevier.com/content/abstract/scopus_id/0001109391"},{"@_fa": "true", "@ref": "author-affiliation", "@href": "https://api.elsevier.com/content/abstract/scopus_id/0001109391?field=author,affiliation"},{"@_fa": "true", "@ref": "scopus", "@href": "https://www.scopus.com/inward/record.uri?partnerID=HzOxMe3b&scp=0001109391&origin=inward"},{"@_fa": "true", "@ref": "scopus-citedby", "@href": "https://www.scopus.com/inward/citedby.uri?partnerID=HzOxMe3b&scp=0001109391&origin=inward"}],"prism:url":"https://api.elsevier.com/content/abstract/scopus_id/0001109391","dc:identifier":"SCOPUS_ID:0001109391","eid":"2-s2.0-0001109391","dc:title":"Gender differences in cross-generation networks","dc:creator":"Troll L.","prism:publicationName":"Sex Roles","prism:issn":"03600025","prism:eIssn":"15732762","prism:volume":"17","prism:issueIdentifier":"11-12","prism:pageRange":"751-766","prism:coverDate":"1987-12-01","prism:coverDisplayDate":"December 1987","prism:doi":"10.1007/BF00287686","citedby-count":"26","affiliation": [{"@_fa": "true", "affilname":"University of California, San Francisco","affiliation-city":"San Francisco","affiliation-country":"United States"}],"prism:aggregationType":"Journal","subtype":"ar","subtypeDescription":"Article","source-id":"14798","openaccess":"0","openaccessFlag":false},{"@_fa": "true", "link": [{"@_fa": "true", "@ref": "self", "@href": "https://api.elsevier.com/content/abstract/scopus_id/0011957342"},{"@_fa": "true", "@ref": "author-affiliation", "@href": "https://api.elsevier.com/content/abstract/scopus_id/0011957342?field=author,affiliation"},{"@_fa": "true", "@ref": "scopus", "@href": "https://www.scopus.com/inward/record.uri?partnerID=HzOxMe3b&scp=0011957342&origin=inward"},{"@_fa": "true", "@ref": "scopus-citedby", "@href": "https://www.scopus.com/inward/citedby.uri?partnerID=HzOxMe3b&scp=0011957342&origin=inward"}],"prism:url":"https://api.elsevier.com/content/abstract/scopus_id/0011957342","dc:identifier":"SCOPUS_ID:0011957342","eid":"2-s2.0-0011957342","dc:title":"Advances in rubber elasticity and characterization of elastomeric networks","dc:creator":"Queslel J.","prism:publicationName":"Journal of Chemical Education","prism:issn":"00219584","prism:volume":"64","prism:issueIdentifier":"6","prism:pageRange":"491-494","prism:coverDate":"1987-12-01","prism:coverDisplayDate":"1987","citedby-count":"2","prism:aggregationType":"Journal","subtype":"ar","subtypeDescription":"Article","source-id":"24169","openaccess":"0","openaccessFlag":false},{"@_fa": "true", "link": [{"@_fa": "true", "@ref": "self", "@href": "https://api.elsevier.com/content/abstract/scopus_id/0023533486"},{"@_fa": "true", "@ref": "author-affiliation", "@href": "https://api.elsevier.com/content/abstract/scopus_id/0023533486?field=author,affiliation"},{"@_fa": "true", "@ref": "scopus", "@href": "https://www.scopus.com/inward/record.uri?partnerID=HzOxMe3b&scp=0023533486&origin=inward"},{"@_fa": "true", "@ref": "scopus-citedby", "@href": "https://www.scopus.com/inward/citedby.uri?partnerID=HzOxMe3b&scp=0023533486&origin=inward"}],"prism:url":"https://api.elsevier.com/content/abstract/scopus_id/0023533486","dc:identifier":"SCOPUS_ID:0023533486","eid":"2-s2.0-0023533486","dc:title":"SYSTEMS THAT INFORM: EMERGING TRENDS IN LIBRARY AUTOMATION AND NETWORK DEVELOPMENT.","dc:creator":"Shaw W.","prism:publicationName":"Annual Review of Information Science and Technology","prism:issn":"00664200","prism:volume":"22","prism:pageRange":"265-292","prism:coverDate":"1987-12-01","prism:coverDisplayDate":"1987","citedby-count":"4","prism:aggregationType":"Book","subtype":"bk","subtypeDescription":"Book","source-id":"12124","openaccess":"0","openaccessFlag":false},{"@_fa": "true", "link": [{"@_fa": "true", "@ref": "self", "@href": "https://api.elsevier.com/content/abstract/scopus_id/0011461038"},{"@_fa": "true", "@ref": "author-affiliation", "@href": "https://api.elsevier.com/content/abstract/scopus_id/0011461038?field=author,affiliation"},{"@_fa": "true", "@ref": "scopus", "@href": "https://www.scopus.com/inward/record.uri?partnerID=HzOxMe3b&scp=0011461038&origin=inward"},{"@_fa": "true", "@ref": "scopus-citedby", "@href": "https://www.scopus.com/inward/citedby.uri?partnerID=HzOxMe3b&scp=0011461038&origin=inward"}],"prism:url":"https://api.elsevier.com/content/abstract/scopus_id/0011461038","dc:identifier":"SCOPUS_ID:0011461038","eid":"2-s2.0-0011461038","dc:title":"Social networks and gender differences in the life space of opportunity: Introduction","dc:creator":"Feiring C.","prism:publicationName":"Sex Roles","prism:issn":"03600025","prism:eIssn":"15732762","prism:volume":"17","prism:issueIdentifier":"11-12","prism:pageRange":"611-620","prism:coverDate":"1987-12-01","prism:coverDisplayDate":"December 1987","prism:doi":"10.1007/BF00287678","citedby-count":"17","affiliation": [{"@_fa": "true", "affilname":"Rutgers Robert Wood Johnson Medical School at New Brunswick","affiliation-city":"New Brunswick","affiliation-country":"United States"}],"prism:aggregationType":"Journal","subtype":"ar","subtypeDescription":"Article","source-id":"14798","openaccess":"0","openaccessFlag":false},{"@_fa": "true", "link": [{"@_fa": "true", "@ref": "self", "@href": "https://api.elsevier.com/content/abstract/scopus_id/85034863984"},{"@_fa": "true", "@ref": "author-affiliation", "@href": "https://api.elsevier.com/content/abstract/scopus_id/85034863984?field=author,affiliation"},{"@_fa": "true", "@ref": "scopus", "@href": "https://www.scopus.com/inward/record.uri?partnerID=HzOxMe3b&scp=85034863984&origin=inward"},{"@_fa": "true", "@ref": "scopus-citedby", "@href": "https://www.scopus.com/inward/citedby.uri?partnerID=HzOxMe3b&scp=85034863984&origin=inward"}],"prism:url":"https://api.elsevier.com/content/abstract/scopus_id/85034863984","dc:identifier":"SCOPUS_ID:85034863984","eid":"2-s2.0-85034863984","dc:title":"\"i've got a quick question ⋯\" or, a dozen years of network user services","dc:creator":"Wendt C.","prism:publicationName":"Proceedings ACM SIGUCCS User Services Conference","prism:isbn": [{"@_fa": "true", "$" :"0897912411"}],"prism:volume":"Part F130247","prism:pageRange":"253-254","prism:coverDate":"1987-12-01","prism:coverDisplayDate":"1 December 1987","prism:doi":"10.1145/41866.41908","citedby-count":"0","affiliation": [{"@_fa": "true", "affilname":"Merit Computer Network","affiliation-city":"Ann Arbor","affiliation-country":"United States"}],"prism:aggregationType":"Conference Proceeding","subtype":"cp","subtypeDescription":"Conference Paper","source-id":"21100839104","openaccess":"0","openaccessFlag":false},{"@_fa": "true", "link": [{"@_fa": "true", "@ref": "self", "@href": "https://api.elsevier.com/content/abstract/scopus_id/0042110496"},{"@_fa": "true", "@ref": "author-affiliation", "@href": "https://api.elsevier.com/content/abstract/scopus_id/0042110496?field=author,affiliation"},{"@_fa": "true", "@ref": "scopus", "@href": "https://www.scopus.com/inward/record.uri?partnerID=HzOxMe3b&scp=0042110496&origin=inward"},{"@_fa": "true", "@ref": "scopus-citedby", "@href": "https://www.scopus.com/inward/citedby.uri?partnerID=HzOxMe3b&scp=0042110496&origin=inward"}],"prism:url":"https://api.elsevier.com/content/abstract/scopus_id/0042110496","dc:identifier":"SCOPUS_ID:0042110496","eid":"2-s2.0-0042110496","dc:title":"Creative nodes, logistical networks, and the future of the metropolis","dc:creator":"Andersson A.","prism:publicationName":"Transportation","prism:issn":"00494488","prism:eIssn":"15729435","prism:volume":"14","prism:issueIdentifier":"4","prism:pageRange":"281-293","prism:coverDate":"1987-12-01","prism:coverDisplayDate":"December 1987","prism:doi":"10.1007/BF00145752","citedby-count":"11","affiliation": [{"@_fa": "true", "affilname":"Umeå Universitet","affiliation-city":"Umea","affiliation-country":"Sweden"}],"prism:aggregationType":"Journal","subtype":"ar","subtypeDescription":"Article","source-id":"20864","openaccess":"0","openaccessFlag":false},{"@_fa": "true", "link": [{"@_fa": "true", "@ref": "self", "@href": "https://api.elsevier.com/content/abstract/scopus_id/0023539467"},{"@_fa": "true", "@ref": "author-affiliation", "@href": "https://api.elsevier.com/content/abstract/scopus_id/0023539467?field=author,affiliation"},{"@_fa": "true", "@ref": "scopus", "@href": "https://www.scopus.com/inward/record.uri?partnerID=HzOxMe3b&scp=0023539467&origin=inward"},{"@_fa": "true", "@ref": "scopus-citedby", "@href": "https://www.scopus.com/inward/citedby.uri?partnerID=HzOxMe3b&scp=0023539467&origin=inward"}],"prism:url":"https://api.elsevier.com/content/abstract/scopus_id/0023539467","dc:identifier":"SCOPUS_ID:0023539467","eid":"2-s2.0-0023539467","dc:title":"Viewpoints Concerning the Dimensioning of Line Filters for Converter Equipped Traction Units in the ac Network.","dc:creator":"Fischer J.","prism:publicationName":"eb - Elektrische Bahnen","prism:issn":"00135437","prism:volume":"85","prism:issueIdentifier":"5","prism:pageRange":"148-150, 15,","prism:coverDate":"1987-12-01","prism:coverDisplayDate":"1987","citedby-count":"2","prism:aggregationType":"Trade Journal","subtype":"ar","subtypeDescription":"Article","source-id":"24542","openaccess":"0","openaccessFlag":false},{"@_fa": "true", "link": [{"@_fa": "true", "@ref": "self", "@href": "https://api.elsevier.com/content/abstract/scopus_id/0023565133"},{"@_fa": "true", "@ref": "author-affiliation", "@href": "https://api.elsevier.com/content/abstract/scopus_id/0023565133?field=author,affiliation"},{"@_fa": "true", "@ref": "scopus", "@href": "https://www.scopus.com/inward/record.uri?partnerID=HzOxMe3b&scp=0023565133&origin=inward"},{"@_fa": "true", "@ref": "scopus-citedby", "@href": "https://www.scopus.com/inward/citedby.uri?partnerID=HzOxMe3b&scp=0023565133&origin=inward"}],"prism:url":"https://api.elsevier.com/content/abstract/scopus_id/0023565133","dc:identifier":"SCOPUS_ID:0023565133","eid":"2-s2.0-0023565133","dc:title":"FS ACCELERATES PLAN TO DEVELOP ALTA VELOCITA CONCEPT.","dc:creator":"Anon","prism:publicationName":"Railway Gazette International","prism:issn":"03735346","prism:volume":"143","prism:issueIdentifier":"12","prism:pageRange":"822-823","prism:coverDate":"1987-12-01","prism:coverDisplayDate":"December 1987","citedby-count":"0","prism:aggregationType":"Journal","subtype":"ar","subtypeDescription":"Article","source-id":"25730","openaccess":"0","openaccessFlag":false},{"@_fa": "true", "link": [{"@_fa": "true", "@ref": "self", "@href": "https://api.elsevier.com/content/abstract/scopus_id/0001010761"},{"@_fa": "true", "@ref": "author-affiliation", "@href": "https://api.elsevier.com/content/abstract/scopus_id/0001010761?field=author,affiliation"},{"@_fa": "true", "@ref": "scopus", "@href": "https://www.scopus.com/inward/record.uri?partnerID=HzOxMe3b&scp=0001010761&origin=inward"},{"@_fa": "true", "@ref": "scopus-citedby", "@href": "https://www.scopus.com/inward/citedby.uri?partnerID=HzOxMe3b&scp=0001010761&origin=inward"}],"prism:url":"https://api.elsevier.com/content/abstract/scopus_id/0001010761","dc:identifier":"SCOPUS_ID:0001010761","eid":"2-s2.0-0001010761","dc:title":"Children's relationships with nonparental adults: Sex-specific connections to early school success","dc:creator":"Riley D.","prism:publicationName":"Sex Roles","prism:issn":"03600025","prism:eIssn":"15732762","prism:volume":"17","prism:issueIdentifier":"11-12","prism:pageRange":"637-655","prism:coverDate":"1987-12-01","prism:coverDisplayDate":"December 1987","prism:doi":"10.1007/BF00287680","citedby-count":"19","affiliation": [{"@_fa": "true", "affilname":"University of Wisconsin-Madison","affiliation-city":"Madison","affiliation-country":"United States"}],"prism:aggregationType":"Journal","subtype":"ar","subtypeDescription":"Article","source-id":"14798","openaccess":"0","openaccessFlag":false},{"@_fa": "true", "link": [{"@_fa": "true", "@ref": "self", "@href": "https://api.elsevier.com/content/abstract/scopus_id/0023594267"},{"@_fa": "true", "@ref": "author-affiliation", "@href": "https://api.elsevier.com/content/abstract/scopus_id/0023594267?field=author,affiliation"},{"@_fa": "true", "@ref": "scopus", "@href": "https://www.scopus.com/inward/record.uri?partnerID=HzOxMe3b&scp=0023594267&origin=inward"},{"@_fa": "true", "@ref": "scopus-citedby", "@href": "https://www.scopus.com/inward/citedby.uri?partnerID=HzOxMe3b&scp=0023594267&origin=inward"}],"prism:url":"https://api.elsevier.com/content/abstract/scopus_id/0023594267","dc:identifier":"SCOPUS_ID:0023594267","eid":"2-s2.0-0023594267","dc:title":"COMPUTER GATEWAYS AND NETWORKS.","dc:creator":"Anderson J.","prism:publicationName":"Proceedings of the ASIS Annual Meeting","prism:issn":"00447870","prism:isbn": [{"@_fa": "true", "$" :"0938734199"}],"prism:volume":"24","prism:pageRange":"275-276","prism:coverDate":"1987-12-01","prism:coverDisplayDate":"1987","citedby-count":"0","affiliation": [{"@_fa": "true", "affilname":"National Library of Medicine","affiliation-city":"Bethesda","affiliation-country":"United States"}],"prism:aggregationType":"Conference Proceeding","subtype":"cp","subtypeDescription":"Conference Paper","source-id":"31428","openaccess":"0","openaccessFlag":false},{"@_fa": "true", "link": [{"@_fa": "true", "@ref": "self", "@href": "https://api.elsevier.com/content/abstract/scopus_id/0023568688"},{"@_fa": "true", "@ref": "author-affiliation", "@href": "https://api.elsevier.com/content/abstract/scopus_id/0023568688?field=author,affiliation"},{"@_fa": "true", "@ref": "scopus", "@href": "https://www.scopus.com/inward/record.uri?partnerID=HzOxMe3b&scp=0023568688&origin=inward"},{"@_fa": "true", "@ref": "scopus-citedby", "@href": "https://www.scopus.com/inward/citedby.uri?partnerID=HzOxMe3b&scp=0023568688&origin=inward"}],"prism:url":"https://api.elsevier.com/content/abstract/scopus_id/0023568688","dc:identifier":"SCOPUS_ID:0023568688","eid":"2-s2.0-0023568688","dc:title":"INTER-UNIVERSITY INFORMATION NETWORK IN JAPAN: A DEDICATED VAN FOR SCHOLARLY INFORMATION FLOW.","dc:creator":"Negishi M.","prism:publicationName":"Proceedings of the ASIS Annual Meeting","prism:issn":"00447870","prism:isbn": [{"@_fa": "true", "$" :"0938734199"}],"prism:volume":"24","prism:pageRange":"181-185","prism:coverDate":"1987-12-01","prism:coverDisplayDate":"1987","citedby-count":"0","affiliation": [{"@_fa": "true", "affilname":"Research Organization of Information and Systems National Institute of Informatics","affiliation-city":"Tokyo","affiliation-country":"Japan"}],"prism:aggregationType":"Conference Proceeding","subtype":"cp","subtypeDescription":"Conference Paper","source-id":"31428","openaccess":"0","openaccessFlag":false}]}}