{"search-results":{"opensearch:totalResults":"1230","opensearch:startIndex":"0","opensearch:itemsPerPage":"25","opensearch:Query":{"@role": "request", "@searchTerms": "TITLE-ABS-KEY(\"network\") AND SUBJAREA(SOCI) AND PUBYEAR = 1994", "@startPage": "0"},"link": [{"@_fa": "true", "@ref": "self", "@href": "https://api.elsevier.com/content/search/scopus?start=0&count=25&query=TITLE-ABS-KEY%28%22network%22%29+AND+SUBJAREA%28SOCI%29+AND+PUBYEAR+%3D+1994&apiKey=27d953b4b546791964ebeb768d13e61f&view=STANDARD", "@type": "application/json"},{"@_fa": "true", "@ref": "first", "@href": "https://api.elsevier.com/content/search/scopus?start=0&count=25&query=TITLE-ABS-KEY%28%22network%22%29+AND+SUBJAREA%28SOCI%29+AND+PUBYEAR+%3D+1994&apiKey=27d953b4b546791964ebeb768d13e61f&view=STANDARD", "@type": "application/json"},{"@_fa": "true", "@ref": "next", "@href": "https://api.elsevier.com/content/search/scopus?start=25&count=25&query=TITLE-ABS-KEY%28%22network%22%29+AND+SUBJAREA%28SOCI%29+AND+PUBYEAR+%3D+1994&apiKey=27d953b4b546791964ebeb768d13e61f&view=STANDARD", "@type": "application/json"},{"@_fa": "true", "@ref": "last", "@href": "https://api.elsevier.com/content/search/scopus?start=1205&count=25&query=TITLE-ABS-KEY%28%22network%22%29+AND+SUBJAREA%28SOCI%29+AND+PUBYEAR+%3D+1994&apiKey=27d953b4b546791964ebeb768d13e61f&view=STANDARD", "@type": "application/json"}],"entry": [{"@_fa": "true", "link": [{"@_fa": "true", "@ref": "self", "@href": "https://api.elsevier.com/content/abstract/scopus_id/0028681894"},{"@_fa": "true", "@ref": "author-affiliation", "@href": "https://api.elsevier.com/content/abstract/scopus_id/0028681894?field=author,affiliation"},{"@_fa": "true", "@ref": "scopus", "@href": "https://www.scopus.com/inward/record.uri?partnerID=HzOxMe3b&scp=0028681894&origin=inward"},{"@_fa": "true", "@ref": "scopus-citedby", "@href": "https://www.scopus.com/inward/citedby.uri?partnerID=HzOxMe3b&scp=0028681894&origin=inward"},{"@_fa": "true", "@ref": "full-text", "@href": "https://api.elsevier.com/content/article/eid/1-s2.0-0377221794900620"}],"prism:url":"https://api.elsevier.com/content/abstract/scopus_id/0028681894","dc:identifier":"SCOPUS_ID:0028681894","eid":"2-s2.0-0028681894","dc:title":"Lagrangian relaxation based approaches to capacitated hub-and-spoke network design problem","dc:creator":"Aykin T.","prism:publicationName":"European Journal of Operational Research","prism:issn":"03772217","prism:volume":"79","prism:issueIdentifier":"3","prism:pageRange":"501-523","prism:coverDate":"1994-12-22","prism:coverDisplayDate":"22 December 1994","prism:doi":"10.1016/0377-2217(94)90062-0","pii":"0377-2217(94)90062-0","citedby-count":"125","prism:aggregationType":"Journal","subtype":"ar","subtypeDescription":"Article","source-id":"22489","openaccess":"0","openaccessFlag":false},{"@_fa": "true", "link": [{"@_fa": "true", "@ref": "self", "@href": "https://api.elsevier.com/content/abstract/scopus_id/84953601925"},{"@_fa": "true", "@ref": "author-affiliation", "@href": "https://api.elsevier.com/content/abstract/scopus_id/84953601925?field=author,affiliation"},{"@_fa": "true", "@ref": "scopus", "@href": "https://www.scopus.com/inward/record.uri?partnerID=HzOxMe3b&scp=84953601925&origin=inward"},{"@_fa": "true", "@ref": "scopus-citedby", "@href": "https://www.scopus.com/inward/citedby.uri?partnerID=HzOxMe3b&scp=84953601925&origin=inward"}],"prism:url":"https://api.elsevier.com/content/abstract/scopus_id/84953601925","dc:identifier":"SCOPUS_ID:84953601925","eid":"2-s2.0-84953601925","dc:title":"Electronic information: Options for access","dc:creator":"Pesch O.","prism:publicationName":"College and Undergraduate Libraries","prism:issn":"10691316","prism:eIssn":"15452530","prism:volume":"1","prism:issueIdentifier":"2","prism:pageRange":"25-48","prism:coverDate":"1994-12-09","prism:coverDisplayDate":"9 December 1994","prism:doi":"10.1300/J106v01n02_04","citedby-count":"0","affiliation": [{"@_fa": "true", "affilname":"EBSCO Industries, Inc.","affiliation-city":"Birmingham","affiliation-country":"United States"}],"prism:aggregationType":"Journal","subtype":"ar","subtypeDescription":"Article","source-id":"4700152782","openaccess":"0","openaccessFlag":false},{"@_fa": "true", "link": [{"@_fa": "true", "@ref": "self", "@href": "https://api.elsevier.com/content/abstract/scopus_id/0001150453"},{"@_fa": "true", "@ref": "author-affiliation", "@href": "https://api.elsevier.com/content/abstract/scopus_id/0001150453?field=author,affiliation"},{"@_fa": "true", "@ref": "scopus", "@href": "https://www.scopus.com/inward/record.uri?partnerID=HzOxMe3b&scp=0001150453&origin=inward"},{"@_fa": "true", "@ref": "scopus-citedby", "@href": "https://www.scopus.com/inward/citedby.uri?partnerID=HzOxMe3b&scp=0001150453&origin=inward"},{"@_fa": "true", "@ref": "full-text", "@href": "https://api.elsevier.com/content/article/eid/1-s2.0-0377221794903530"}],"prism:url":"https://api.elsevier.com/content/abstract/scopus_id/0001150453","dc:identifier":"SCOPUS_ID:0001150453","eid":"2-s2.0-0001150453","dc:title":"DSS for multiobjective project scheduling","dc:creator":"Słowiński R.","prism:publicationName":"European Journal of Operational Research","prism:issn":"03772217","prism:volume":"79","prism:issueIdentifier":"2","prism:pageRange":"220-229","prism:coverDate":"1994-12-08","prism:coverDisplayDate":"8 December 1994","prism:doi":"10.1016/0377-2217(94)90353-0","pii":"0377221794903530","citedby-count":"80","prism:aggregationType":"Journal","subtype":"ar","subtypeDescription":"Article","source-id":"22489","openaccess":"0","openaccessFlag":false},{"@_fa": "true", "link": [{"@_fa": "true", "@ref": "self", "@href": "https://api.elsevier.com/content/abstract/scopus_id/0028387921"},{"@_fa": "true", "@ref": "author-affiliation", "@href": "https://api.elsevier.com/content/abstract/scopus_id/0028387921?field=author,affiliation"},{"@_fa": "true", "@ref": "scopus", "@href": "https://www.scopus.com/inward/record.uri?partnerID=HzOxMe3b&scp=0028387921&origin=inward"},{"@_fa": "true", "@ref": "scopus-citedby", "@href": "https://www.scopus.com/inward/citedby.uri?partnerID=HzOxMe3b&scp=0028387921&origin=inward"}],"prism:url":"https://api.elsevier.com/content/abstract/scopus_id/0028387921","dc:identifier":"SCOPUS_ID:0028387921","eid":"2-s2.0-0028387921","dc:title":"NetCp—a Project Environment for an Undergraduate Computer Networks Course","dc:creator":"Finkel D.","prism:publicationName":"ACM SIGCSE Bulletin","prism:issn":"00978418","prism:volume":"26","prism:issueIdentifier":"1","prism:pageRange":"174-177","prism:coverDate":"1994-12-03","prism:coverDisplayDate":"3 December 1994","prism:doi":"10.1145/191033.191099","citedby-count":"2","prism:aggregationType":"Conference Proceeding","subtype":"ar","subtypeDescription":"Article","source-id":"36260","openaccess":"0","openaccessFlag":false},{"@_fa": "true", "link": [{"@_fa": "true", "@ref": "self", "@href": "https://api.elsevier.com/content/abstract/scopus_id/0028387640"},{"@_fa": "true", "@ref": "author-affiliation", "@href": "https://api.elsevier.com/content/abstract/scopus_id/0028387640?field=author,affiliation"},{"@_fa": "true", "@ref": "scopus", "@href": "https://www.scopus.com/inward/record.uri?partnerID=HzOxMe3b&scp=0028387640&origin=inward"},{"@_fa": "true", "@ref": "scopus-citedby", "@href": "https://www.scopus.com/inward/citedby.uri?partnerID=HzOxMe3b&scp=0028387640&origin=inward"}],"prism:url":"https://api.elsevier.com/content/abstract/scopus_id/0028387640","dc:identifier":"SCOPUS_ID:0028387640","eid":"2-s2.0-0028387640","dc:title":"Introducing Parallel Processing Concepts Using the MASPAR MP-1 Computer","dc:creator":"Duckworth R.","prism:publicationName":"ACM SIGCSE Bulletin","prism:issn":"00978418","prism:volume":"26","prism:issueIdentifier":"1","prism:pageRange":"353-356","prism:coverDate":"1994-12-03","prism:coverDisplayDate":"3 December 1994","prism:doi":"10.1145/191033.191166","citedby-count":"2","prism:aggregationType":"Conference Proceeding","subtype":"ar","subtypeDescription":"Article","source-id":"36260","openaccess":"0","openaccessFlag":false},{"@_fa": "true", "link": [{"@_fa": "true", "@ref": "self", "@href": "https://api.elsevier.com/content/abstract/scopus_id/0028581882"},{"@_fa": "true", "@ref": "author-affiliation", "@href": "https://api.elsevier.com/content/abstract/scopus_id/0028581882?field=author,affiliation"},{"@_fa": "true", "@ref": "scopus", "@href": "https://www.scopus.com/inward/record.uri?partnerID=HzOxMe3b&scp=0028581882&origin=inward"},{"@_fa": "true", "@ref": "scopus-citedby", "@href": "https://www.scopus.com/inward/citedby.uri?partnerID=HzOxMe3b&scp=0028581882&origin=inward"}],"prism:url":"https://api.elsevier.com/content/abstract/scopus_id/0028581882","dc:identifier":"SCOPUS_ID:0028581882","eid":"2-s2.0-0028581882","dc:title":"Networks as Models of Analysis: Water Policy in Comparative Perspective","dc:creator":"Bressers H.","prism:publicationName":"Environmental Politics","prism:issn":"09644016","prism:eIssn":"17438934","prism:volume":"3","prism:issueIdentifier":"4","prism:pageRange":"1-23","prism:coverDate":"1994-12-01","prism:coverDisplayDate":"1 December 1994","prism:doi":"10.1080/09644019408414165","citedby-count":"19","affiliation": [{"@_fa": "true", "affilname":"University of Twente","affiliation-city":"Enschede","affiliation-country":"Netherlands"}],"prism:aggregationType":"Journal","subtype":"ar","subtypeDescription":"Article","source-id":"24519","openaccess":"0","openaccessFlag":false},{"@_fa": "true", "link": [{"@_fa": "true", "@ref": "self", "@href": "https://api.elsevier.com/content/abstract/scopus_id/0028595265"},{"@_fa": "true", "@ref": "author-affiliation", "@href": "https://api.elsevier.com/content/abstract/scopus_id/0028595265?field=author,affiliation"},{"@_fa": "true", "@ref": "scopus", "@href": "https://www.scopus.com/inward/record.uri?partnerID=HzOxMe3b&scp=0028595265&origin=inward"},{"@_fa": "true", "@ref": "scopus-citedby", "@href": "https://www.scopus.com/inward/citedby.uri?partnerID=HzOxMe3b&scp=0028595265&origin=inward"}],"prism:url":"https://api.elsevier.com/content/abstract/scopus_id/0028595265","dc:identifier":"SCOPUS_ID:0028595265","eid":"2-s2.0-0028595265","dc:title":"Strategic target of highway network planning in China by the year of 2020","dc:creator":"Shi B.","prism:publicationName":"Gonglu Jiaotong Keji/Journal of Highway and Transportation Research and Development","prism:issn":"10020268","prism:volume":"11","prism:issueIdentifier":"3","prism:pageRange":"37-46","prism:coverDate":"1994-12-01","prism:coverDisplayDate":"1994","citedby-count":"0","prism:aggregationType":"Journal","subtype":"ar","subtypeDescription":"Article","source-id":"36043","openaccess":"0","openaccessFlag":false},{"@_fa": "true", "link": [{"@_fa": "true", "@ref": "self", "@href": "https://api.elsevier.com/content/abstract/scopus_id/0028713587"},{"@_fa": "true", "@ref": "author-affiliation", "@href": "https://api.elsevier.com/content/abstract/scopus_id/0028713587?field=author,affiliation"},{"@_fa": "true", "@ref": "scopus", "@href": "https://www.scopus.com/inward/record.uri?partnerID=HzOxMe3b&scp=0028713587&origin=inward"},{"@_fa": "true", "@ref": "scopus-citedby", "@href": "https://www.scopus.com/inward/citedby.uri?partnerID=HzOxMe3b&scp=0028713587&origin=inward"}],"prism:url":"https://api.elsevier.com/content/abstract/scopus_id/0028713587","dc:identifier":"SCOPUS_ID:0028713587","eid":"2-s2.0-0028713587","dc:title":"Evaluation methodology for dynamic route guidance systems","dc:creator":"Upadhyay P.","prism:publicationName":"Proceedings - Conference of the Australian Road Research Board","prism:issn":"05721431","prism:volume":"17","prism:issueIdentifier":"4","prism:pageRange":"213-229","prism:coverDate":"1994-12-01","prism:coverDisplayDate":"1994","citedby-count":"1","prism:aggregationType":"Conference Proceeding","subtype":"cp","subtypeDescription":"Conference Paper","source-id":"26432","openaccess":"0","openaccessFlag":false},{"@_fa": "true", "link": [{"@_fa": "true", "@ref": "self", "@href": "https://api.elsevier.com/content/abstract/scopus_id/0028561065"},{"@_fa": "true", "@ref": "author-affiliation", "@href": "https://api.elsevier.com/content/abstract/scopus_id/0028561065?field=author,affiliation"},{"@_fa": "true", "@ref": "scopus", "@href": "https://www.scopus.com/inward/record.uri?partnerID=HzOxMe3b&scp=0028561065&origin=inward"},{"@_fa": "true", "@ref": "scopus-citedby", "@href": "https://www.scopus.com/inward/citedby.uri?partnerID=HzOxMe3b&scp=0028561065&origin=inward"}],"prism:url":"https://api.elsevier.com/content/abstract/scopus_id/0028561065","dc:identifier":"SCOPUS_ID:0028561065","eid":"2-s2.0-0028561065","dc:title":"Networks and Water Policy: Conclusions and Implications for Research","dc:creator":"Bressers H.","prism:publicationName":"Environmental Politics","prism:issn":"09644016","prism:eIssn":"17438934","prism:volume":"3","prism:issueIdentifier":"4","prism:pageRange":"197-217","prism:coverDate":"1994-12-01","prism:coverDisplayDate":"1 December 1994","prism:doi":"10.1080/09644019408414172","citedby-count":"9","affiliation": [{"@_fa": "true", "affilname":"University of Twente","affiliation-city":"Enschede","affiliation-country":"Netherlands"}],"prism:aggregationType":"Journal","subtype":"ar","subtypeDescription":"Article","source-id":"24519","openaccess":"0","openaccessFlag":false},{"@_fa": "true", "link": [{"@_fa": "true", "@ref": "self", "@href": "https://api.elsevier.com/content/abstract/scopus_id/0028560662"},{"@_fa": "true", "@ref": "author-affiliation", "@href": "https://api.elsevier.com/content/abstract/scopus_id/0028560662?field=author,affiliation"},{"@_fa": "true", "@ref": "scopus", "@href": "https://www.scopus.com/inward/record.uri?partnerID=HzOxMe3b&scp=0028560662&origin=inward"},{"@_fa": "true", "@ref": "scopus-citedby", "@href": "https://www.scopus.com/inward/citedby.uri?partnerID=HzOxMe3b&scp=0028560662&origin=inward"}],"prism:url":"https://api.elsevier.com/content/abstract/scopus_id/0028560662","dc:identifier":"SCOPUS_ID:0028560662","eid":"2-s2.0-0028560662","dc:title":"Water Management Networks in Hungary: Network Development in a Period of Transition","dc:creator":"Hanf K.","prism:publicationName":"Environmental Politics","prism:issn":"09644016","prism:eIssn":"17438934","prism:volume":"3","prism:issueIdentifier":"4","prism:pageRange":"168-196","prism:coverDate":"1994-12-01","prism:coverDisplayDate":"1 December 1994","prism:doi":"10.1080/09644019408414171","citedby-count":"2","affiliation": [{"@_fa": "true", "affilname":"Erasmus University Rotterdam","affiliation-city":"Rotterdam","affiliation-country":"Netherlands"}],"prism:aggregationType":"Journal","subtype":"ar","subtypeDescription":"Article","source-id":"24519","openaccess":"0","openaccessFlag":false},{"@_fa": "true", "link": [{"@_fa": "true", "@ref": "self", "@href": "https://api.elsevier.com/content/abstract/scopus_id/0028724687"},{"@_fa": "true", "@ref": "author-affiliation", "@href": "https://api.elsevier.com/content/abstract/scopus_id/0028724687?field=author,affiliation"},{"@_fa": "true", "@ref": "scopus", "@href": "https://www.scopus.com/inward/record.uri?partnerID=HzOxMe3b&scp=0028724687&origin=inward"},{"@_fa": "true", "@ref": "scopus-citedby", "@href": "https://www.scopus.com/inward/citedby.uri?partnerID=HzOxMe3b&scp=0028724687&origin=inward"}],"prism:url":"https://api.elsevier.com/content/abstract/scopus_id/0028724687","dc:identifier":"SCOPUS_ID:0028724687","eid":"2-s2.0-0028724687","dc:title":"Track network data bank as a basis for route management","dc:creator":"Bahndorf J.","prism:publicationName":"Eisenbahningenieur","prism:issn":"00132810","prism:volume":"45","prism:issueIdentifier":"12","prism:pageRange":"846-848","prism:coverDate":"1994-12-01","prism:coverDisplayDate":"December 1994","citedby-count":"0","affiliation": [{"@_fa": "true", "affilname":"im Bauwesen der Universitaet","affiliation-city":"Stuttgart","affiliation-country":"Germany"}],"prism:aggregationType":"Trade Journal","subtype":"ar","subtypeDescription":"Article","source-id":"24540","openaccess":"0","openaccessFlag":false},{"@_fa": "true", "link": [{"@_fa": "true", "@ref": "self", "@href": "https://api.elsevier.com/content/abstract/scopus_id/84937303262"},{"@_fa": "true", "@ref": "author-affiliation", "@href": "https://api.elsevier.com/content/abstract/scopus_id/84937303262?field=author,affiliation"},{"@_fa": "true", "@ref": "scopus", "@href": "https://www.scopus.com/inward/record.uri?partnerID=HzOxMe3b&scp=84937303262&origin=inward"},{"@_fa": "true", "@ref": "scopus-citedby", "@href": "https://www.scopus.com/inward/citedby.uri?partnerID=HzOxMe3b&scp=84937303262&origin=inward"}],"prism:url":"https://api.elsevier.com/content/abstract/scopus_id/84937303262","dc:identifier":"SCOPUS_ID:84937303262","eid":"2-s2.0-84937303262","dc:title":"Information and the distribution of power in exchange networks","dc:creator":"Skvoretz J.","prism:publicationName":"The Journal of Mathematical Sociology","prism:issn":"0022250X","prism:eIssn":"15455874","prism:volume":"19","prism:issueIdentifier":"4","prism:pageRange":"263-278","prism:coverDate":"1994-12-01","prism:coverDisplayDate":"1 December 1994","prism:doi":"10.1080/0022250X.1994.9990146","citedby-count":"2","affiliation": [{"@_fa": "true", "affilname":"University of South Carolina","affiliation-city":"Columbia","affiliation-country":"United States"}],"prism:aggregationType":"Journal","subtype":"ar","subtypeDescription":"Article","source-id":"19349","openaccess":"0","openaccessFlag":false},{"@_fa": "true", "link": [{"@_fa": "true", "@ref": "self", "@href": "https://api.elsevier.com/content/abstract/scopus_id/0028750657"},{"@_fa": "true", "@ref": "author-affiliation", "@href": "https://api.elsevier.com/content/abstract/scopus_id/0028750657?field=author,affiliation"},{"@_fa": "true", "@ref": "scopus", "@href": "https://www.scopus.com/inward/record.uri?partnerID=HzOxMe3b&scp=0028750657&origin=inward"},{"@_fa": "true", "@ref": "scopus-citedby", "@href": "https://www.scopus.com/inward/citedby.uri?partnerID=HzOxMe3b&scp=0028750657&origin=inward"}],"prism:url":"https://api.elsevier.com/content/abstract/scopus_id/0028750657","dc:identifier":"SCOPUS_ID:0028750657","eid":"2-s2.0-0028750657","dc:title":"Proceedings of the 17th ARRB Conference. Part 4 (of 7)","prism:publicationName":"Proceedings - Conference of the Australian Road Research Board","prism:issn":"05721431","prism:volume":"17","prism:issueIdentifier":"4","prism:pageRange":null,"prism:coverDate":"1994-12-01","prism:coverDisplayDate":"1994","citedby-count":"0","prism:aggregationType":"Conference Proceeding","subtype":"cr","subtypeDescription":"Conference Review","source-id":"26432","openaccess":"0","openaccessFlag":false},{"@_fa": "true", "link": [{"@_fa": "true", "@ref": "self", "@href": "https://api.elsevier.com/content/abstract/scopus_id/0028699050"},{"@_fa": "true", "@ref": "author-affiliation", "@href": "https://api.elsevier.com/content/abstract/scopus_id/0028699050?field=author,affiliation"},{"@_fa": "true", "@ref": "scopus", "@href": "https://www.scopus.com/inward/record.uri?partnerID=HzOxMe3b&scp=0028699050&origin=inward"},{"@_fa": "true", "@ref": "scopus-citedby", "@href": "https://www.scopus.com/inward/citedby.uri?partnerID=HzOxMe3b&scp=0028699050&origin=inward"}],"prism:url":"https://api.elsevier.com/content/abstract/scopus_id/0028699050","dc:identifier":"SCOPUS_ID:0028699050","eid":"2-s2.0-0028699050","dc:title":"Neural network approach to vehicle classification with double induction loops","dc:creator":"Pursula M.","prism:publicationName":"Proceedings - Conference of the Australian Road Research Board","prism:issn":"05721431","prism:volume":"17","prism:issueIdentifier":"4","prism:pageRange":"29-44","prism:coverDate":"1994-12-01","prism:coverDisplayDate":"1994","citedby-count":"14","prism:aggregationType":"Conference Proceeding","subtype":"cp","subtypeDescription":"Conference Paper","source-id":"26432","openaccess":"0","openaccessFlag":false},{"@_fa": "true", "link": [{"@_fa": "true", "@ref": "self", "@href": "https://api.elsevier.com/content/abstract/scopus_id/33644557982"},{"@_fa": "true", "@ref": "author-affiliation", "@href": "https://api.elsevier.com/content/abstract/scopus_id/33644557982?field=author,affiliation"},{"@_fa": "true", "@ref": "scopus", "@href": "https://www.scopus.com/inward/record.uri?partnerID=HzOxMe3b&scp=33644557982&origin=inward"},{"@_fa": "true", "@ref": "scopus-citedby", "@href": "https://www.scopus.com/inward/citedby.uri?partnerID=HzOxMe3b&scp=33644557982&origin=inward"}],"prism:url":"https://api.elsevier.com/content/abstract/scopus_id/33644557982","dc:identifier":"SCOPUS_ID:33644557982","eid":"2-s2.0-33644557982","dc:title":"Authorship determination using letter pair frequency features with neural network classifiers","dc:creator":"Kjell B.","prism:publicationName":"Literary and Linguistic Computing","prism:issn":"02681145","prism:volume":"9","prism:issueIdentifier":"2","prism:pageRange":"119-124","prism:coverDate":"1994-12-01","prism:coverDisplayDate":"1994","prism:doi":"10.1093/llc/9.2.119","citedby-count":"23","affiliation": [{"@_fa": "true", "affilname":"Central Connecticut State University","affiliation-city":"New Britain","affiliation-country":"United States"}],"prism:aggregationType":"Journal","subtype":"ar","subtypeDescription":"Article","source-id":"145586","openaccess":"0","openaccessFlag":false},{"@_fa": "true", "link": [{"@_fa": "true", "@ref": "self", "@href": "https://api.elsevier.com/content/abstract/scopus_id/21344491065"},{"@_fa": "true", "@ref": "author-affiliation", "@href": "https://api.elsevier.com/content/abstract/scopus_id/21344491065?field=author,affiliation"},{"@_fa": "true", "@ref": "scopus", "@href": "https://www.scopus.com/inward/record.uri?partnerID=HzOxMe3b&scp=21344491065&origin=inward"},{"@_fa": "true", "@ref": "scopus-citedby", "@href": "https://www.scopus.com/inward/citedby.uri?partnerID=HzOxMe3b&scp=21344491065&origin=inward"}],"prism:url":"https://api.elsevier.com/content/abstract/scopus_id/21344491065","dc:identifier":"SCOPUS_ID:21344491065","eid":"2-s2.0-21344491065","dc:title":"Network literacy: A role for libraries?","dc:creator":"McClure C.","prism:publicationName":"Information Technology and Libraries","prism:issn":"07309295","prism:volume":"13","prism:issueIdentifier":"2","prism:pageRange":null,"prism:coverDate":"1994-12-01","prism:coverDisplayDate":"1994","citedby-count":"57","prism:aggregationType":"Journal","subtype":"ar","subtypeDescription":"Article","source-id":"12709","openaccess":"0","openaccessFlag":false},{"@_fa": "true", "link": [{"@_fa": "true", "@ref": "self", "@href": "https://api.elsevier.com/content/abstract/scopus_id/15844366616"},{"@_fa": "true", "@ref": "author-affiliation", "@href": "https://api.elsevier.com/content/abstract/scopus_id/15844366616?field=author,affiliation"},{"@_fa": "true", "@ref": "scopus", "@href": "https://www.scopus.com/inward/record.uri?partnerID=HzOxMe3b&scp=15844366616&origin=inward"},{"@_fa": "true", "@ref": "scopus-citedby", "@href": "https://www.scopus.com/inward/citedby.uri?partnerID=HzOxMe3b&scp=15844366616&origin=inward"}],"prism:url":"https://api.elsevier.com/content/abstract/scopus_id/15844366616","dc:identifier":"SCOPUS_ID:15844366616","eid":"2-s2.0-15844366616","dc:title":"Analytical results for two-echelon distribution network design","dc:creator":"Webster S.","prism:publicationName":"Location Science","prism:issn":"09668349","prism:volume":"2","prism:issueIdentifier":"4","prism:pageRange":"223-239","prism:coverDate":"1994-12-01","prism:coverDisplayDate":"December 1994","pii":"096683499400014U","citedby-count":"1","prism:aggregationType":"Journal","subtype":"ar","subtypeDescription":"Article","source-id":"101297","openaccess":"0","openaccessFlag":false},{"@_fa": "true", "link": [{"@_fa": "true", "@ref": "self", "@href": "https://api.elsevier.com/content/abstract/scopus_id/0028697550"},{"@_fa": "true", "@ref": "author-affiliation", "@href": "https://api.elsevier.com/content/abstract/scopus_id/0028697550?field=author,affiliation"},{"@_fa": "true", "@ref": "scopus", "@href": "https://www.scopus.com/inward/record.uri?partnerID=HzOxMe3b&scp=0028697550&origin=inward"},{"@_fa": "true", "@ref": "scopus-citedby", "@href": "https://www.scopus.com/inward/citedby.uri?partnerID=HzOxMe3b&scp=0028697550&origin=inward"}],"prism:url":"https://api.elsevier.com/content/abstract/scopus_id/0028697550","dc:identifier":"SCOPUS_ID:0028697550","eid":"2-s2.0-0028697550","dc:title":"Road information management system","dc:creator":"Diggens B.","prism:publicationName":"Proceedings - Conference of the Australian Road Research Board","prism:issn":"05721431","prism:volume":"17","prism:issueIdentifier":"3","prism:pageRange":"283-297","prism:coverDate":"1994-12-01","prism:coverDisplayDate":"1994","citedby-count":"0","affiliation": [{"@_fa": "true", "affilname":"Asset Management Systems Pty Ltd","affiliation-city":null,"affiliation-country":null}],"prism:aggregationType":"Conference Proceeding","subtype":"cp","subtypeDescription":"Conference Paper","source-id":"26432","openaccess":"0","openaccessFlag":false},{"@_fa": "true", "link": [{"@_fa": "true", "@ref": "self", "@href": "https://api.elsevier.com/content/abstract/scopus_id/0028729485"},{"@_fa": "true", "@ref": "author-affiliation", "@href": "https://api.elsevier.com/content/abstract/scopus_id/0028729485?field=author,affiliation"},{"@_fa": "true", "@ref": "scopus", "@href": "https://www.scopus.com/inward/record.uri?partnerID=HzOxMe3b&scp=0028729485&origin=inward"},{"@_fa": "true", "@ref": "scopus-citedby", "@href": "https://www.scopus.com/inward/citedby.uri?partnerID=HzOxMe3b&scp=0028729485&origin=inward"}],"prism:url":"https://api.elsevier.com/content/abstract/scopus_id/0028729485","dc:identifier":"SCOPUS_ID:0028729485","eid":"2-s2.0-0028729485","dc:title":"Network modeling of nuclear operator procedures","dc:creator":"Laughery R.","prism:publicationName":"Proceedings of the Human Factors and Ergonomics Society","prism:issn":"10711813","prism:volume":"1","prism:pageRange":"210-214","prism:coverDate":"1994-12-01","prism:coverDisplayDate":"1994","citedby-count":"4","affiliation": [{"@_fa": "true", "affilname":"Micro Analysis &amp; Design, Inc.","affiliation-city":"Boulder","affiliation-country":"United States"}],"prism:aggregationType":"Conference Proceeding","subtype":"cp","subtypeDescription":"Conference Paper","source-id":"29757","openaccess":"0","openaccessFlag":false},{"@_fa": "true", "link": [{"@_fa": "true", "@ref": "self", "@href": "https://api.elsevier.com/content/abstract/scopus_id/0001497651"},{"@_fa": "true", "@ref": "author-affiliation", "@href": "https://api.elsevier.com/content/abstract/scopus_id/0001497651?field=author,affiliation"},{"@_fa": "true", "@ref": "scopus", "@href": "https://www.scopus.com/inward/record.uri?partnerID=HzOxMe3b&scp=0001497651&origin=inward"},{"@_fa": "true", "@ref": "scopus-citedby", "@href": "https://www.scopus.com/inward/citedby.uri?partnerID=HzOxMe3b&scp=0001497651&origin=inward"}],"prism:url":"https://api.elsevier.com/content/abstract/scopus_id/0001497651","dc:identifier":"SCOPUS_ID:0001497651","eid":"2-s2.0-0001497651","dc:title":"Opening up the black box of artifical neural networks","dc:creator":"Spining M.","prism:publicationName":"Journal of Chemical Education","prism:issn":"00219584","prism:volume":"71","prism:issueIdentifier":"5","prism:pageRange":"406-411","prism:coverDate":"1994-12-01","prism:coverDisplayDate":"1994","citedby-count":"30","affiliation": [{"@_fa": "true", "affilname":"University of Tennessee, Knoxville","affiliation-city":"Knoxville","affiliation-country":"United States"}],"prism:aggregationType":"Journal","subtype":"ar","subtypeDescription":"Article","source-id":"24169","openaccess":"0","openaccessFlag":false},{"@_fa": "true", "link": [{"@_fa": "true", "@ref": "self", "@href": "https://api.elsevier.com/content/abstract/scopus_id/0028551517"},{"@_fa": "true", "@ref": "author-affiliation", "@href": "https://api.elsevier.com/content/abstract/scopus_id/0028551517?field=author,affiliation"},{"@_fa": "true", "@ref": "scopus", "@href": "https://www.scopus.com/inward/record.uri?partnerID=HzOxMe3b&scp=0028551517&origin=inward"},{"@_fa": "true", "@ref": "scopus-citedby", "@href": "https://www.scopus.com/inward/citedby.uri?partnerID=HzOxMe3b&scp=0028551517&origin=inward"}],"prism:url":"https://api.elsevier.com/content/abstract/scopus_id/0028551517","dc:identifier":"SCOPUS_ID:0028551517","eid":"2-s2.0-0028551517","dc:title":"Water Policy Networks in the United States","dc:creator":"John J.","prism:publicationName":"Environmental Politics","prism:issn":"09644016","prism:eIssn":"17438934","prism:volume":"3","prism:issueIdentifier":"4","prism:pageRange":"80-109","prism:coverDate":"1994-12-01","prism:coverDisplayDate":"1 December 1994","prism:doi":"10.1080/09644019408414168","citedby-count":"1","affiliation": [{"@_fa": "true", "affilname":"Auburn University","affiliation-city":"Auburn","affiliation-country":"United States"}],"prism:aggregationType":"Journal","subtype":"ar","subtypeDescription":"Article","source-id":"24519","openaccess":"0","openaccessFlag":false},{"@_fa": "true", "link": [{"@_fa": "true", "@ref": "self", "@href": "https://api.elsevier.com/content/abstract/scopus_id/0028713782"},{"@_fa": "true", "@ref": "author-affiliation", "@href": "https://api.elsevier.com/content/abstract/scopus_id/0028713782?field=author,affiliation"},{"@_fa": "true", "@ref": "scopus", "@href": "https://www.scopus.com/inward/record.uri?partnerID=HzOxMe3b&scp=0028713782&origin=inward"},{"@_fa": "true", "@ref": "scopus-citedby", "@href": "https://www.scopus.com/inward/citedby.uri?partnerID=HzOxMe3b&scp=0028713782&origin=inward"}],"prism:url":"https://api.elsevier.com/content/abstract/scopus_id/0028713782","dc:identifier":"SCOPUS_ID:0028713782","eid":"2-s2.0-0028713782","dc:title":"New Zealand road asset management","dc:creator":"McGuire J.","prism:publicationName":"Proceedings - Conference of the Australian Road Research Board","prism:issn":"05721431","prism:volume":"17","prism:issueIdentifier":"6","prism:pageRange":"253-266","prism:coverDate":"1994-12-01","prism:coverDisplayDate":"1994","citedby-count":"2","prism:aggregationType":"Conference Proceeding","subtype":"cp","subtypeDescription":"Conference Paper","source-id":"26432","openaccess":"0","openaccessFlag":false},{"@_fa": "true", "link": [{"@_fa": "true", "@ref": "self", "@href": "https://api.elsevier.com/content/abstract/scopus_id/0028561087"},{"@_fa": "true", "@ref": "author-affiliation", "@href": "https://api.elsevier.com/content/abstract/scopus_id/0028561087?field=author,affiliation"},{"@_fa": "true", "@ref": "scopus", "@href": "https://www.scopus.com/inward/record.uri?partnerID=HzOxMe3b&scp=0028561087&origin=inward"},{"@_fa": "true", "@ref": "scopus-citedby", "@href": "https://www.scopus.com/inward/citedby.uri?partnerID=HzOxMe3b&scp=0028561087&origin=inward"}],"prism:url":"https://api.elsevier.com/content/abstract/scopus_id/0028561087","dc:identifier":"SCOPUS_ID:0028561087","eid":"2-s2.0-0028561087","dc:title":"Tabu search algorithms for the (r|X<inf>p</inf>)-medianoid and (r|p)-centroid problems","dc:creator":"Benati S.","prism:publicationName":"Location Science","prism:issn":"09668349","prism:volume":"2","prism:issueIdentifier":"4","prism:pageRange":"193-204","prism:coverDate":"1994-12-01","prism:coverDisplayDate":"December 1994","pii":"096683499400011R","citedby-count":"48","affiliation": [{"@_fa": "true", "affilname":"Università degli Studi di Trento","affiliation-city":"Trento","affiliation-country":"Italy"}],"prism:aggregationType":"Journal","subtype":"ar","subtypeDescription":"Article","source-id":"101297","openaccess":"0","openaccessFlag":false},{"@_fa": "true", "link": [{"@_fa": "true", "@ref": "self", "@href": "https://api.elsevier.com/content/abstract/scopus_id/61249400134"},{"@_fa": "true", "@ref": "author-affiliation", "@href": "https://api.elsevier.com/content/abstract/scopus_id/61249400134?field=author,affiliation"},{"@_fa": "true", "@ref": "scopus", "@href": "https://www.scopus.com/inward/record.uri?partnerID=HzOxMe3b&scp=61249400134&origin=inward"},{"@_fa": "true", "@ref": "scopus-citedby", "@href": "https://www.scopus.com/inward/citedby.uri?partnerID=HzOxMe3b&scp=61249400134&origin=inward"}],"prism:url":"https://api.elsevier.com/content/abstract/scopus_id/61249400134","dc:identifier":"SCOPUS_ID:61249400134","eid":"2-s2.0-61249400134","dc:title":"STEP UP to networks for science teacher professional development","dc:creator":"Stannard C.","prism:publicationName":"Journal of Science Teacher Education","prism:issn":"1046560X","prism:eIssn":"15731847","prism:volume":"5","prism:issueIdentifier":"1","prism:pageRange":"30-35","prism:coverDate":"1994-12-01","prism:coverDisplayDate":"December 1994","prism:doi":"10.1007/BF02969149","citedby-count":"1","affiliation": [{"@_fa": "true", "affilname":"Binghamton University State University of New York","affiliation-city":"Binghamton","affiliation-country":"United States"}],"prism:aggregationType":"Journal","subtype":"ar","subtypeDescription":"Article","source-id":"144732","openaccess":"0","openaccessFlag":false},{"@_fa": "true", "link": [{"@_fa": "true", "@ref": "self", "@href": "https://api.elsevier.com/content/abstract/scopus_id/0028699361"},{"@_fa": "true", "@ref": "author-affiliation", "@href": "https://api.elsevier.com/content/abstract/scopus_id/0028699361?field=author,affiliation"},{"@_fa": "true", "@ref": "scopus", "@href": "https://www.scopus.com/inward/record.uri?partnerID=HzOxMe3b&scp=0028699361&origin=inward"},{"@_fa": "true", "@ref": "scopus-citedby", "@href": "https://www.scopus.com/inward/citedby.uri?partnerID=HzOxMe3b&scp=0028699361&origin=inward"}],"prism:url":"https://api.elsevier.com/content/abstract/scopus_id/0028699361","dc:identifier":"SCOPUS_ID:0028699361","eid":"2-s2.0-0028699361","dc:title":"Planning for strategic highways","dc:creator":"Odams R.","prism:publicationName":"Proceedings - Conference of the Australian Road Research Board","prism:issn":"05721431","prism:volume":"17","prism:issueIdentifier":"7","prism:pageRange":"123-140","prism:coverDate":"1994-12-01","prism:coverDisplayDate":"1994","citedby-count":"0","prism:aggregationType":"Conference Proceeding","subtype":"cp","subtypeDescription":"Conference Paper","source-id":"26432","openaccess":"0","openaccessFlag":false}]}}