{"search-results":{"opensearch:totalResults":"3600","opensearch:startIndex":"0","opensearch:itemsPerPage":"25","opensearch:Query":{"@role": "request", "@searchTerms": "TITLE-ABS-KEY(\"network\") AND SUBJAREA(SOCI) AND PUBYEAR = 2003", "@startPage": "0"},"link": [{"@_fa": "true", "@ref": "self", "@href": "https://api.elsevier.com/content/search/scopus?start=0&count=25&query=TITLE-ABS-KEY%28%22network%22%29+AND+SUBJAREA%28SOCI%29+AND+PUBYEAR+%3D+2003&apiKey=27d953b4b546791964ebeb768d13e61f&view=STANDARD", "@type": "application/json"},{"@_fa": "true", "@ref": "first", "@href": "https://api.elsevier.com/content/search/scopus?start=0&count=25&query=TITLE-ABS-KEY%28%22network%22%29+AND+SUBJAREA%28SOCI%29+AND+PUBYEAR+%3D+2003&apiKey=27d953b4b546791964ebeb768d13e61f&view=STANDARD", "@type": "application/json"},{"@_fa": "true", "@ref": "next", "@href": "https://api.elsevier.com/content/search/scopus?start=25&count=25&query=TITLE-ABS-KEY%28%22network%22%29+AND+SUBJAREA%28SOCI%29+AND+PUBYEAR+%3D+2003&apiKey=27d953b4b546791964ebeb768d13e61f&view=STANDARD", "@type": "application/json"},{"@_fa": "true", "@ref": "last", "@href": "https://api.elsevier.com/content/search/scopus?start=3575&count=25&query=TITLE-ABS-KEY%28%22network%22%29+AND+SUBJAREA%28SOCI%29+AND+PUBYEAR+%3D+2003&apiKey=27d953b4b546791964ebeb768d13e61f&view=STANDARD", "@type": "application/json"}],"entry": [{"@_fa": "true", "link": [{"@_fa": "true", "@ref": "self", "@href": "https://api.elsevier.com/content/abstract/scopus_id/18844418377"},{"@_fa": "true", "@ref": "author-affiliation", "@href": "https://api.elsevier.com/content/abstract/scopus_id/18844418377?field=author,affiliation"},{"@_fa": "true", "@ref": "scopus", "@href": "https://www.scopus.com/inward/record.uri?partnerID=HzOxMe3b&scp=18844418377&origin=inward"},{"@_fa": "true", "@ref": "scopus-citedby", "@href": "https://www.scopus.com/inward/citedby.uri?partnerID=HzOxMe3b&scp=18844418377&origin=inward"}],"prism:url":"https://api.elsevier.com/content/abstract/scopus_id/18844418377","dc:identifier":"SCOPUS_ID:18844418377","eid":"2-s2.0-18844418377","dc:title":"Clio use at colorado state university-pueblo: A consistent workhorse in interlibrary loan","dc:creator":"Hudock S.","prism:publicationName":"Journal of Interlibrary Loan, Document Delivery and Electronic Reserve","prism:issn":"1072303X","prism:eIssn":"15403572","prism:volume":"14","prism:issueIdentifier":"2","prism:pageRange":"41-48","prism:coverDate":"2003-12-22","prism:coverDisplayDate":"22 December 2003","prism:doi":"10.1300/J110v14n02_05","citedby-count":"1","affiliation": [{"@_fa": "true", "affilname":"Colorado State University-Pueblo","affiliation-city":"Pueblo","affiliation-country":"United States"}],"prism:aggregationType":"Journal","subtype":"ar","subtypeDescription":"Article","source-id":"4700152796","openaccess":"0","openaccessFlag":false},{"@_fa": "true", "link": [{"@_fa": "true", "@ref": "self", "@href": "https://api.elsevier.com/content/abstract/scopus_id/0344688210"},{"@_fa": "true", "@ref": "author-affiliation", "@href": "https://api.elsevier.com/content/abstract/scopus_id/0344688210?field=author,affiliation"},{"@_fa": "true", "@ref": "scopus", "@href": "https://www.scopus.com/inward/record.uri?partnerID=HzOxMe3b&scp=0344688210&origin=inward"},{"@_fa": "true", "@ref": "scopus-citedby", "@href": "https://www.scopus.com/inward/citedby.uri?partnerID=HzOxMe3b&scp=0344688210&origin=inward"}],"prism:url":"https://api.elsevier.com/content/abstract/scopus_id/0344688210","dc:identifier":"SCOPUS_ID:0344688210","eid":"2-s2.0-0344688210","dc:title":"A New Urbanist diffusion network: The Americo-European connection","dc:creator":"Thompson-Fawcett M.","prism:publicationName":"Built Environment","prism:issn":"02637960","prism:volume":"29","prism:issueIdentifier":"3","prism:pageRange":"253-270","prism:coverDate":"2003-12-18","prism:coverDisplayDate":"2003","prism:doi":"10.2148/benv.29.3.253.54283","citedby-count":"19","affiliation": [{"@_fa": "true", "affilname":"University of Otago","affiliation-city":"Dunedin","affiliation-country":"New Zealand"}],"prism:aggregationType":"Journal","subtype":"ar","subtypeDescription":"Article","source-id":"100888","openaccess":"0","openaccessFlag":false},{"@_fa": "true", "link": [{"@_fa": "true", "@ref": "self", "@href": "https://api.elsevier.com/content/abstract/scopus_id/0344629395"},{"@_fa": "true", "@ref": "author-affiliation", "@href": "https://api.elsevier.com/content/abstract/scopus_id/0344629395?field=author,affiliation"},{"@_fa": "true", "@ref": "scopus", "@href": "https://www.scopus.com/inward/record.uri?partnerID=HzOxMe3b&scp=0344629395&origin=inward"},{"@_fa": "true", "@ref": "scopus-citedby", "@href": "https://www.scopus.com/inward/citedby.uri?partnerID=HzOxMe3b&scp=0344629395&origin=inward"}],"prism:url":"https://api.elsevier.com/content/abstract/scopus_id/0344629395","dc:identifier":"SCOPUS_ID:0344629395","eid":"2-s2.0-0344629395","dc:title":"Identifying Children's Peer Social Networks in School Classrooms: Links between Peer Reports and Observed Interactions","dc:creator":"Gest S.","prism:publicationName":"Social Development","prism:issn":"0961205X","prism:volume":"12","prism:issueIdentifier":"4","prism:pageRange":"513-529","prism:coverDate":"2003-12-18","prism:coverDisplayDate":"2003","prism:doi":"10.1111/1467-9507.00246","citedby-count":"97","affiliation": [{"@_fa": "true", "affilname":"Pennsylvania State University","affiliation-city":"University Park","affiliation-country":"United States"}],"prism:aggregationType":"Journal","subtype":"ar","subtypeDescription":"Article","source-id":"17508","openaccess":"0","openaccessFlag":false},{"@_fa": "true", "link": [{"@_fa": "true", "@ref": "self", "@href": "https://api.elsevier.com/content/abstract/scopus_id/10744228750"},{"@_fa": "true", "@ref": "author-affiliation", "@href": "https://api.elsevier.com/content/abstract/scopus_id/10744228750?field=author,affiliation"},{"@_fa": "true", "@ref": "scopus", "@href": "https://www.scopus.com/inward/record.uri?partnerID=HzOxMe3b&scp=10744228750&origin=inward"},{"@_fa": "true", "@ref": "scopus-citedby", "@href": "https://www.scopus.com/inward/citedby.uri?partnerID=HzOxMe3b&scp=10744228750&origin=inward"}],"prism:url":"https://api.elsevier.com/content/abstract/scopus_id/10744228750","dc:identifier":"SCOPUS_ID:10744228750","eid":"2-s2.0-10744228750","dc:title":"Composite democracy in Europe: The role of transparency and access to information","dc:creator":"Héritier A.","prism:publicationName":"Journal of European Public Policy","prism:issn":"13501763","prism:volume":"10","prism:issueIdentifier":"5","prism:pageRange":"814-833+849","prism:coverDate":"2003-12-18","prism:coverDisplayDate":"2003","prism:doi":"10.1080/1350176032000124104","citedby-count":"80","affiliation": [{"@_fa": "true", "affilname":"Robert Schuman Centre for Advanced Studies","affiliation-city":"Florence","affiliation-country":"Italy"}],"prism:aggregationType":"Journal","subtype":"re","subtypeDescription":"Review","source-id":"19878","openaccess":"0","openaccessFlag":false},{"@_fa": "true", "link": [{"@_fa": "true", "@ref": "self", "@href": "https://api.elsevier.com/content/abstract/scopus_id/0345491904"},{"@_fa": "true", "@ref": "author-affiliation", "@href": "https://api.elsevier.com/content/abstract/scopus_id/0345491904?field=author,affiliation"},{"@_fa": "true", "@ref": "scopus", "@href": "https://www.scopus.com/inward/record.uri?partnerID=HzOxMe3b&scp=0345491904&origin=inward"},{"@_fa": "true", "@ref": "scopus-citedby", "@href": "https://www.scopus.com/inward/citedby.uri?partnerID=HzOxMe3b&scp=0345491904&origin=inward"}],"prism:url":"https://api.elsevier.com/content/abstract/scopus_id/0345491904","dc:identifier":"SCOPUS_ID:0345491904","eid":"2-s2.0-0345491904","dc:title":"Where Is Gender in Agenda Setting?","dc:creator":"Kenney S.","prism:publicationName":"Women and Politics","prism:issn":"01957732","prism:volume":"25","prism:issueIdentifier":"1-2","prism:pageRange":"179-207","prism:coverDate":"2003-12-18","prism:coverDisplayDate":"2003","prism:doi":"10.1300/J014v25n01_07","citedby-count":"24","prism:aggregationType":"Journal","subtype":"re","subtypeDescription":"Review","source-id":"22723","openaccess":"0","openaccessFlag":false},{"@_fa": "true", "link": [{"@_fa": "true", "@ref": "self", "@href": "https://api.elsevier.com/content/abstract/scopus_id/0042235582"},{"@_fa": "true", "@ref": "author-affiliation", "@href": "https://api.elsevier.com/content/abstract/scopus_id/0042235582?field=author,affiliation"},{"@_fa": "true", "@ref": "scopus", "@href": "https://www.scopus.com/inward/record.uri?partnerID=HzOxMe3b&scp=0042235582&origin=inward"},{"@_fa": "true", "@ref": "scopus-citedby", "@href": "https://www.scopus.com/inward/citedby.uri?partnerID=HzOxMe3b&scp=0042235582&origin=inward"},{"@_fa": "true", "@ref": "full-text", "@href": "https://api.elsevier.com/content/article/eid/1-s2.0-S0377221702006057"}],"prism:url":"https://api.elsevier.com/content/abstract/scopus_id/0042235582","dc:identifier":"SCOPUS_ID:0042235582","eid":"2-s2.0-0042235582","dc:title":"Augmented neural networks for task scheduling","dc:creator":"Agarwal A.","prism:publicationName":"European Journal of Operational Research","prism:issn":"03772217","prism:volume":"151","prism:issueIdentifier":"3","prism:pageRange":"481-502","prism:coverDate":"2003-12-16","prism:coverDisplayDate":"16 December 2003","prism:doi":"10.1016/S0377-2217(02)00605-7","pii":"S0377221702006057","citedby-count":"20","prism:aggregationType":"Journal","subtype":"ar","subtypeDescription":"Article","source-id":"22489","openaccess":"0","openaccessFlag":false},{"@_fa": "true", "link": [{"@_fa": "true", "@ref": "self", "@href": "https://api.elsevier.com/content/abstract/scopus_id/0042235530"},{"@_fa": "true", "@ref": "author-affiliation", "@href": "https://api.elsevier.com/content/abstract/scopus_id/0042235530?field=author,affiliation"},{"@_fa": "true", "@ref": "scopus", "@href": "https://www.scopus.com/inward/record.uri?partnerID=HzOxMe3b&scp=0042235530&origin=inward"},{"@_fa": "true", "@ref": "scopus-citedby", "@href": "https://www.scopus.com/inward/citedby.uri?partnerID=HzOxMe3b&scp=0042235530&origin=inward"},{"@_fa": "true", "@ref": "full-text", "@href": "https://api.elsevier.com/content/article/eid/1-s2.0-S0377221702006501"}],"prism:url":"https://api.elsevier.com/content/abstract/scopus_id/0042235530","dc:identifier":"SCOPUS_ID:0042235530","eid":"2-s2.0-0042235530","dc:title":"New savings based algorithms for time constrained pickup and delivery of full truckloads","dc:creator":"Gronalt M.","prism:publicationName":"European Journal of Operational Research","prism:issn":"03772217","prism:volume":"151","prism:issueIdentifier":"3","prism:pageRange":"520-535","prism:coverDate":"2003-12-16","prism:coverDisplayDate":"16 December 2003","prism:doi":"10.1016/S0377-2217(02)00650-1","pii":"S0377221702006501","citedby-count":"62","prism:aggregationType":"Journal","subtype":"ar","subtypeDescription":"Article","source-id":"22489","openaccess":"0","openaccessFlag":false},{"@_fa": "true", "link": [{"@_fa": "true", "@ref": "self", "@href": "https://api.elsevier.com/content/abstract/scopus_id/85009545283"},{"@_fa": "true", "@ref": "author-affiliation", "@href": "https://api.elsevier.com/content/abstract/scopus_id/85009545283?field=author,affiliation"},{"@_fa": "true", "@ref": "scopus", "@href": "https://www.scopus.com/inward/record.uri?partnerID=HzOxMe3b&scp=85009545283&origin=inward"},{"@_fa": "true", "@ref": "scopus-citedby", "@href": "https://www.scopus.com/inward/citedby.uri?partnerID=HzOxMe3b&scp=85009545283&origin=inward"}],"prism:url":"https://api.elsevier.com/content/abstract/scopus_id/85009545283","dc:identifier":"SCOPUS_ID:85009545283","eid":"2-s2.0-85009545283","dc:title":"Sexual minorities seeking services: A retrospective study of the mental health concerns of lesbian and bisexual women","dc:creator":"Rogers T.","prism:publicationName":"Journal of Lesbian Studies","prism:issn":"10894160","prism:eIssn":"15403548","prism:volume":"7","prism:issueIdentifier":"1","prism:pageRange":"127-146","prism:coverDate":"2003-12-12","prism:coverDisplayDate":"12 December 2003","prism:doi":"10.1300/J155v07n01_09","citedby-count":"8","prism:aggregationType":"Journal","subtype":"ar","subtypeDescription":"Article","source-id":"4700152421","openaccess":"0","openaccessFlag":false},{"@_fa": "true", "link": [{"@_fa": "true", "@ref": "self", "@href": "https://api.elsevier.com/content/abstract/scopus_id/0344441398"},{"@_fa": "true", "@ref": "author-affiliation", "@href": "https://api.elsevier.com/content/abstract/scopus_id/0344441398?field=author,affiliation"},{"@_fa": "true", "@ref": "scopus", "@href": "https://www.scopus.com/inward/record.uri?partnerID=HzOxMe3b&scp=0344441398&origin=inward"},{"@_fa": "true", "@ref": "scopus-citedby", "@href": "https://www.scopus.com/inward/citedby.uri?partnerID=HzOxMe3b&scp=0344441398&origin=inward"}],"prism:url":"https://api.elsevier.com/content/abstract/scopus_id/0344441398","dc:identifier":"SCOPUS_ID:0344441398","eid":"2-s2.0-0344441398","dc:title":"The Internet and Asia-Pacific security: Old conflicts and new behaviour","dc:creator":"Ortis C.","prism:publicationName":"Pacific Review","prism:issn":"09512748","prism:volume":"16","prism:issueIdentifier":"4","prism:pageRange":"549-572","prism:coverDate":"2003-12-05","prism:coverDisplayDate":"2003","prism:doi":"10.1080/0951274032000132254","citedby-count":"9","affiliation": [{"@_fa": "true", "affilname":"The University of British Columbia","affiliation-city":"Vancouver","affiliation-country":"Canada"}],"prism:aggregationType":"Journal","subtype":"ar","subtypeDescription":"Article","source-id":"80321","openaccess":"0","openaccessFlag":false},{"@_fa": "true", "link": [{"@_fa": "true", "@ref": "self", "@href": "https://api.elsevier.com/content/abstract/scopus_id/0344441404"},{"@_fa": "true", "@ref": "author-affiliation", "@href": "https://api.elsevier.com/content/abstract/scopus_id/0344441404?field=author,affiliation"},{"@_fa": "true", "@ref": "scopus", "@href": "https://www.scopus.com/inward/record.uri?partnerID=HzOxMe3b&scp=0344441404&origin=inward"},{"@_fa": "true", "@ref": "scopus-citedby", "@href": "https://www.scopus.com/inward/citedby.uri?partnerID=HzOxMe3b&scp=0344441404&origin=inward"}],"prism:url":"https://api.elsevier.com/content/abstract/scopus_id/0344441404","dc:identifier":"SCOPUS_ID:0344441404","eid":"2-s2.0-0344441404","dc:title":"Brand power and state power: Rise of the new media networks in East Asia","dc:creator":"Atkins W.","prism:publicationName":"Pacific Review","prism:issn":"09512748","prism:volume":"16","prism:issueIdentifier":"4","prism:pageRange":"465-487","prism:coverDate":"2003-12-05","prism:coverDisplayDate":"2003","prism:doi":"10.1080/0951274032000132218","citedby-count":"5","affiliation": [{"@_fa": "true", "affilname":"The University of Sydney","affiliation-city":"Sydney","affiliation-country":"Australia"}],"prism:aggregationType":"Journal","subtype":"ar","subtypeDescription":"Article","source-id":"80321","openaccess":"0","openaccessFlag":false},{"@_fa": "true", "link": [{"@_fa": "true", "@ref": "self", "@href": "https://api.elsevier.com/content/abstract/scopus_id/0344010164"},{"@_fa": "true", "@ref": "author-affiliation", "@href": "https://api.elsevier.com/content/abstract/scopus_id/0344010164?field=author,affiliation"},{"@_fa": "true", "@ref": "scopus", "@href": "https://www.scopus.com/inward/record.uri?partnerID=HzOxMe3b&scp=0344010164&origin=inward"},{"@_fa": "true", "@ref": "scopus-citedby", "@href": "https://www.scopus.com/inward/citedby.uri?partnerID=HzOxMe3b&scp=0344010164&origin=inward"}],"prism:url":"https://api.elsevier.com/content/abstract/scopus_id/0344010164","dc:identifier":"SCOPUS_ID:0344010164","eid":"2-s2.0-0344010164","dc:title":"Geographic information systems, spatial modelling and geography: Perspectives on societal research and planning","dc:creator":"Vuolteenaho J.","prism:publicationName":"Terra","prism:issn":"00403741","prism:volume":"115","prism:issueIdentifier":"3","prism:pageRange":"179-191","prism:coverDate":"2003-12-05","prism:coverDisplayDate":"2003","citedby-count":"0","affiliation": [{"@_fa": "true", "affilname":"Helsingin Yliopisto","affiliation-city":"Helsinki","affiliation-country":"Finland"}],"prism:aggregationType":"Journal","subtype":"ar","subtypeDescription":"Article","source-id":"13162","openaccess":"0","openaccessFlag":false},{"@_fa": "true", "link": [{"@_fa": "true", "@ref": "self", "@href": "https://api.elsevier.com/content/abstract/scopus_id/22544449655"},{"@_fa": "true", "@ref": "author-affiliation", "@href": "https://api.elsevier.com/content/abstract/scopus_id/22544449655?field=author,affiliation"},{"@_fa": "true", "@ref": "scopus", "@href": "https://www.scopus.com/inward/record.uri?partnerID=HzOxMe3b&scp=22544449655&origin=inward"},{"@_fa": "true", "@ref": "scopus-citedby", "@href": "https://www.scopus.com/inward/citedby.uri?partnerID=HzOxMe3b&scp=22544449655&origin=inward"}],"prism:url":"https://api.elsevier.com/content/abstract/scopus_id/22544449655","dc:identifier":"SCOPUS_ID:22544449655","eid":"2-s2.0-22544449655","dc:title":"Health and social outcomes of moving to a continuing care retirement community","dc:creator":"Heisler E.","prism:publicationName":"Journal of Housing for the Elderly","prism:issn":"02763893","prism:eIssn":"1540353X","prism:volume":"18","prism:issueIdentifier":"1","prism:pageRange":"5-23","prism:coverDate":"2003-12-04","prism:coverDisplayDate":"4 December 2003","prism:doi":"10.1300/J081v18n01_02","citedby-count":"18","affiliation": [{"@_fa": "true", "affilname":"Duke University","affiliation-city":"Durham","affiliation-country":"United States"},{"@_fa": "true", "affilname":"Cornell University","affiliation-city":"Ithaca","affiliation-country":"United States"}],"prism:aggregationType":"Journal","subtype":"ar","subtypeDescription":"Article","source-id":"29555","openaccess":"0","openaccessFlag":false},{"@_fa": "true", "link": [{"@_fa": "true", "@ref": "self", "@href": "https://api.elsevier.com/content/abstract/scopus_id/84909216639"},{"@_fa": "true", "@ref": "author-affiliation", "@href": "https://api.elsevier.com/content/abstract/scopus_id/84909216639?field=author,affiliation"},{"@_fa": "true", "@ref": "scopus", "@href": "https://www.scopus.com/inward/record.uri?partnerID=HzOxMe3b&scp=84909216639&origin=inward"},{"@_fa": "true", "@ref": "scopus-citedby", "@href": "https://www.scopus.com/inward/citedby.uri?partnerID=HzOxMe3b&scp=84909216639&origin=inward"}],"prism:url":"https://api.elsevier.com/content/abstract/scopus_id/84909216639","dc:identifier":"SCOPUS_ID:84909216639","eid":"2-s2.0-84909216639","dc:title":"Policy networks, federalism and managerial ideas: How ART non-decision in Canada safeguards the autonomy of the medical profession","dc:creator":"Montpetit E.","prism:publicationName":"Comparative Biomedical Policy: Governing Assisted Reproductive Technologies","prism:isbn": [{"@_fa": "true", "$" :"0415325471"},{"@_fa": "true", "$" :"9780203358306"}],"prism:pageRange":"64-81","prism:coverDate":"2003-12-03","prism:coverDisplayDate":"December 03, 2003","prism:doi":"10.4324/9780203358306","citedby-count":"10","prism:aggregationType":"Book","subtype":"ch","subtypeDescription":"Chapter","source-id":"21100343370","openaccess":"0","openaccessFlag":false},{"@_fa": "true", "link": [{"@_fa": "true", "@ref": "self", "@href": "https://api.elsevier.com/content/abstract/scopus_id/0344033867"},{"@_fa": "true", "@ref": "author-affiliation", "@href": "https://api.elsevier.com/content/abstract/scopus_id/0344033867?field=author,affiliation"},{"@_fa": "true", "@ref": "scopus", "@href": "https://www.scopus.com/inward/record.uri?partnerID=HzOxMe3b&scp=0344033867&origin=inward"},{"@_fa": "true", "@ref": "scopus-citedby", "@href": "https://www.scopus.com/inward/citedby.uri?partnerID=HzOxMe3b&scp=0344033867&origin=inward"}],"prism:url":"https://api.elsevier.com/content/abstract/scopus_id/0344033867","dc:identifier":"SCOPUS_ID:0344033867","eid":"2-s2.0-0344033867","dc:title":"Intrusion detection: Methods and systems. Part II","dc:creator":"Sherif J.","prism:publicationName":"Information Management and Computer Security","prism:issn":"09685227","prism:volume":"11","prism:issueIdentifier":"5","prism:pageRange":"222-229","prism:coverDate":"2003-12-03","prism:coverDisplayDate":"2003","prism:doi":"10.1108/09685220310500135","citedby-count":"6","affiliation": [{"@_fa": "true", "affilname":"California Institute of Technology","affiliation-city":"Pasadena","affiliation-country":"United States"},{"@_fa": "true", "affilname":"California State University, Fullerton","affiliation-city":"Fullerton","affiliation-country":"United States"}],"prism:aggregationType":"Journal","subtype":"ar","subtypeDescription":"Article","source-id":"19468","openaccess":"0","openaccessFlag":false},{"@_fa": "true", "link": [{"@_fa": "true", "@ref": "self", "@href": "https://api.elsevier.com/content/abstract/scopus_id/0344465314"},{"@_fa": "true", "@ref": "author-affiliation", "@href": "https://api.elsevier.com/content/abstract/scopus_id/0344465314?field=author,affiliation"},{"@_fa": "true", "@ref": "scopus", "@href": "https://www.scopus.com/inward/record.uri?partnerID=HzOxMe3b&scp=0344465314&origin=inward"},{"@_fa": "true", "@ref": "scopus-citedby", "@href": "https://www.scopus.com/inward/citedby.uri?partnerID=HzOxMe3b&scp=0344465314&origin=inward"}],"prism:url":"https://api.elsevier.com/content/abstract/scopus_id/0344465314","dc:identifier":"SCOPUS_ID:0344465314","eid":"2-s2.0-0344465314","dc:title":"Web usage mining as a tool for personalization: A survey","dc:creator":"Pierrakos D.","prism:publicationName":"User Modelling and User-Adapted Interaction","prism:issn":"09241868","prism:volume":"13","prism:issueIdentifier":"4","prism:pageRange":"311-372","prism:coverDate":"2003-12-03","prism:coverDisplayDate":"2003","prism:doi":"10.1023/A:1026238916441","citedby-count":"267","affiliation": [{"@_fa": "true", "affilname":"Institute of Informatics and Telecommunications, Athens","affiliation-city":"Athens","affiliation-country":"Greece"}],"prism:aggregationType":"Journal","subtype":"ar","subtypeDescription":"Article","source-id":"18947","openaccess":"0","openaccessFlag":false},{"@_fa": "true", "link": [{"@_fa": "true", "@ref": "self", "@href": "https://api.elsevier.com/content/abstract/scopus_id/0344464972"},{"@_fa": "true", "@ref": "author-affiliation", "@href": "https://api.elsevier.com/content/abstract/scopus_id/0344464972?field=author,affiliation"},{"@_fa": "true", "@ref": "scopus", "@href": "https://www.scopus.com/inward/record.uri?partnerID=HzOxMe3b&scp=0344464972&origin=inward"},{"@_fa": "true", "@ref": "scopus-citedby", "@href": "https://www.scopus.com/inward/citedby.uri?partnerID=HzOxMe3b&scp=0344464972&origin=inward"}],"prism:url":"https://api.elsevier.com/content/abstract/scopus_id/0344464972","dc:identifier":"SCOPUS_ID:0344464972","eid":"2-s2.0-0344464972","dc:title":"Decision support through knowledge management: The role of the artificial intelligence","dc:creator":"Metaxiotis K.","prism:publicationName":"Information Management and Computer Security","prism:issn":"09685227","prism:volume":"11","prism:issueIdentifier":"5","prism:pageRange":"216-221","prism:coverDate":"2003-12-03","prism:coverDisplayDate":"2003","prism:doi":"10.1108/09685220310500126","citedby-count":"20","affiliation": [{"@_fa": "true", "affilname":"National Technical University of Athens","affiliation-city":"Athens","affiliation-country":"Greece"}],"prism:aggregationType":"Journal","subtype":"ar","subtypeDescription":"Article","source-id":"19468","openaccess":"0","openaccessFlag":false},{"@_fa": "true", "link": [{"@_fa": "true", "@ref": "self", "@href": "https://api.elsevier.com/content/abstract/scopus_id/84909318414"},{"@_fa": "true", "@ref": "author-affiliation", "@href": "https://api.elsevier.com/content/abstract/scopus_id/84909318414?field=author,affiliation"},{"@_fa": "true", "@ref": "scopus", "@href": "https://www.scopus.com/inward/record.uri?partnerID=HzOxMe3b&scp=84909318414&origin=inward"},{"@_fa": "true", "@ref": "scopus-citedby", "@href": "https://www.scopus.com/inward/citedby.uri?partnerID=HzOxMe3b&scp=84909318414&origin=inward"}],"prism:url":"https://api.elsevier.com/content/abstract/scopus_id/84909318414","dc:identifier":"SCOPUS_ID:84909318414","eid":"2-s2.0-84909318414","dc:title":"Making European space: Mobility, power and territorial identity","dc:creator":"Jensen O.","prism:publicationName":"Making European Space: Mobility, Power and Territorial Identity","prism:isbn": [{"@_fa": "true", "$" :"0203401972"},{"@_fa": "true", "$" :"9780203401972"}],"prism:pageRange":"1-287","prism:coverDate":"2003-12-03","prism:coverDisplayDate":"December 03, 2003","prism:doi":"10.4324/9780203401972","citedby-count":"39","affiliation": [{"@_fa": "true", "affilname":"Aalborg Universitet","affiliation-city":"Aalborg","affiliation-country":"Denmark"}],"prism:aggregationType":"Book","subtype":"bk","subtypeDescription":"Book","source-id":"21100343313","openaccess":"0","openaccessFlag":false},{"@_fa": "true", "link": [{"@_fa": "true", "@ref": "self", "@href": "https://api.elsevier.com/content/abstract/scopus_id/34147110029"},{"@_fa": "true", "@ref": "author-affiliation", "@href": "https://api.elsevier.com/content/abstract/scopus_id/34147110029?field=author,affiliation"},{"@_fa": "true", "@ref": "scopus", "@href": "https://www.scopus.com/inward/record.uri?partnerID=HzOxMe3b&scp=34147110029&origin=inward"},{"@_fa": "true", "@ref": "scopus-citedby", "@href": "https://www.scopus.com/inward/citedby.uri?partnerID=HzOxMe3b&scp=34147110029&origin=inward"}],"prism:url":"https://api.elsevier.com/content/abstract/scopus_id/34147110029","dc:identifier":"SCOPUS_ID:34147110029","eid":"2-s2.0-34147110029","dc:title":"EXCHANGE NETWORKS: AN ANALYSIS OF ALL NETWORKS UP TO SIZE 9","dc:creator":"van Assen M.","prism:publicationName":"Advances in Group Processes","prism:issn":"08826145","prism:isbn": [{"@_fa": "true", "$" :"0762310308"},{"@_fa": "true", "$" :"9780762310302"}],"prism:volume":"20","prism:pageRange":"67-103","prism:coverDate":"2003-12-01","prism:coverDisplayDate":"2003","prism:doi":"10.1016/S0882-6145(03)20003-5","pii":"S0882614503200035","citedby-count":"9","prism:aggregationType":"Book Series","subtype":"re","subtypeDescription":"Review","source-id":"4100151509","openaccess":"0","openaccessFlag":false},{"@_fa": "true", "link": [{"@_fa": "true", "@ref": "self", "@href": "https://api.elsevier.com/content/abstract/scopus_id/34247458216"},{"@_fa": "true", "@ref": "author-affiliation", "@href": "https://api.elsevier.com/content/abstract/scopus_id/34247458216?field=author,affiliation"},{"@_fa": "true", "@ref": "scopus", "@href": "https://www.scopus.com/inward/record.uri?partnerID=HzOxMe3b&scp=34247458216&origin=inward"},{"@_fa": "true", "@ref": "scopus-citedby", "@href": "https://www.scopus.com/inward/citedby.uri?partnerID=HzOxMe3b&scp=34247458216&origin=inward"}],"prism:url":"https://api.elsevier.com/content/abstract/scopus_id/34247458216","dc:identifier":"SCOPUS_ID:34247458216","eid":"2-s2.0-34247458216","dc:title":"Leadership effectiveness and interorganizational solidarity formation","dc:creator":"Suh D.","prism:publicationName":"Research in Social Movements, Conflicts and Change","prism:issn":"0163786X","prism:isbn": [{"@_fa": "true", "$" :"0762307870"},{"@_fa": "true", "$" :"9780762307876"}],"prism:volume":"24","prism:pageRange":"189-228","prism:coverDate":"2003-12-01","prism:coverDisplayDate":"2003","pii":"S0163786X03800253","citedby-count":"1","prism:aggregationType":"Book Series","subtype":"ar","subtypeDescription":"Article","source-id":"4100151529","openaccess":"0","openaccessFlag":false},{"@_fa": "true", "link": [{"@_fa": "true", "@ref": "self", "@href": "https://api.elsevier.com/content/abstract/scopus_id/0842290964"},{"@_fa": "true", "@ref": "author-affiliation", "@href": "https://api.elsevier.com/content/abstract/scopus_id/0842290964?field=author,affiliation"},{"@_fa": "true", "@ref": "scopus", "@href": "https://www.scopus.com/inward/record.uri?partnerID=HzOxMe3b&scp=0842290964&origin=inward"},{"@_fa": "true", "@ref": "scopus-citedby", "@href": "https://www.scopus.com/inward/citedby.uri?partnerID=HzOxMe3b&scp=0842290964&origin=inward"}],"prism:url":"https://api.elsevier.com/content/abstract/scopus_id/0842290964","dc:identifier":"SCOPUS_ID:0842290964","eid":"2-s2.0-0842290964","dc:title":"Automatic mobile communications network planning using geographical information system","dc:creator":"Hassan M.","prism:publicationName":"Cartography","prism:issn":"00690805","prism:volume":"32","prism:issueIdentifier":"2","prism:pageRange":"65-70","prism:coverDate":"2003-12-01","prism:coverDisplayDate":"December 2003","citedby-count":"0","affiliation": [{"@_fa": "true", "affilname":"Princess Sumaya University","affiliation-city":"Amman","affiliation-country":"Jordan"}],"prism:aggregationType":"Journal","subtype":"ar","subtypeDescription":"Article","source-id":"27638","openaccess":"0","openaccessFlag":false},{"@_fa": "true", "link": [{"@_fa": "true", "@ref": "self", "@href": "https://api.elsevier.com/content/abstract/scopus_id/25844525892"},{"@_fa": "true", "@ref": "author-affiliation", "@href": "https://api.elsevier.com/content/abstract/scopus_id/25844525892?field=author,affiliation"},{"@_fa": "true", "@ref": "scopus", "@href": "https://www.scopus.com/inward/record.uri?partnerID=HzOxMe3b&scp=25844525892&origin=inward"},{"@_fa": "true", "@ref": "scopus-citedby", "@href": "https://www.scopus.com/inward/citedby.uri?partnerID=HzOxMe3b&scp=25844525892&origin=inward"}],"prism:url":"https://api.elsevier.com/content/abstract/scopus_id/25844525892","dc:identifier":"SCOPUS_ID:25844525892","eid":"2-s2.0-25844525892","dc:title":"Boardroom networks among Australian company directors, 1976 and 1996: The impact of investor capitalism","dc:creator":"Alexander M.","prism:publicationName":"Journal of Sociology","prism:issn":"00048690","prism:volume":"39","prism:issueIdentifier":"3","prism:pageRange":"231-251","prism:coverDate":"2003-12-01","prism:coverDisplayDate":"2003","prism:doi":"10.1177/00048690030393002","citedby-count":"15","affiliation": [{"@_fa": "true", "affilname":"Griffith University","affiliation-city":"Brisbane","affiliation-country":"Australia"}],"prism:aggregationType":"Journal","subtype":"re","subtypeDescription":"Review","source-id":"101305","openaccess":"0","openaccessFlag":false},{"@_fa": "true", "link": [{"@_fa": "true", "@ref": "self", "@href": "https://api.elsevier.com/content/abstract/scopus_id/26944469874"},{"@_fa": "true", "@ref": "author-affiliation", "@href": "https://api.elsevier.com/content/abstract/scopus_id/26944469874?field=author,affiliation"},{"@_fa": "true", "@ref": "scopus", "@href": "https://www.scopus.com/inward/record.uri?partnerID=HzOxMe3b&scp=26944469874&origin=inward"},{"@_fa": "true", "@ref": "scopus-citedby", "@href": "https://www.scopus.com/inward/citedby.uri?partnerID=HzOxMe3b&scp=26944469874&origin=inward"}],"prism:url":"https://api.elsevier.com/content/abstract/scopus_id/26944469874","dc:identifier":"SCOPUS_ID:26944469874","eid":"2-s2.0-26944469874","dc:title":"Ego centered social network research with self administered computer interviews","dc:creator":"Gerich J.","prism:publicationName":"Osterreichische Zeitschrift fur Soziologie","prism:issn":"10110070","prism:eIssn":"18622585","prism:volume":"28","prism:issueIdentifier":"4","prism:pageRange":"46-70","prism:coverDate":"2003-12-01","prism:coverDisplayDate":"1 December 2003","prism:doi":"10.1007/s11614-003-0021-z","citedby-count":"2","affiliation": [{"@_fa": "true", "affilname":"Johannes Kepler Universitat Linz","affiliation-city":"Linz","affiliation-country":"Austria"}],"prism:aggregationType":"Journal","subtype":"ar","subtypeDescription":"Article","source-id":"5600152895","openaccess":"0","openaccessFlag":false},{"@_fa": "true", "link": [{"@_fa": "true", "@ref": "self", "@href": "https://api.elsevier.com/content/abstract/scopus_id/1842455652"},{"@_fa": "true", "@ref": "author-affiliation", "@href": "https://api.elsevier.com/content/abstract/scopus_id/1842455652?field=author,affiliation"},{"@_fa": "true", "@ref": "scopus", "@href": "https://www.scopus.com/inward/record.uri?partnerID=HzOxMe3b&scp=1842455652&origin=inward"},{"@_fa": "true", "@ref": "scopus-citedby", "@href": "https://www.scopus.com/inward/citedby.uri?partnerID=HzOxMe3b&scp=1842455652&origin=inward"}],"prism:url":"https://api.elsevier.com/content/abstract/scopus_id/1842455652","dc:identifier":"SCOPUS_ID:1842455652","eid":"2-s2.0-1842455652","dc:title":"How to make your road network operate better: The importance of traditional approaches","dc:creator":"Peters B.","prism:publicationName":"Proceedings - Conference of the Australian Road Research Board","prism:issn":"05721431","prism:volume":"21","prism:pageRange":"601-612","prism:coverDate":"2003-12-01","prism:coverDisplayDate":"2003","citedby-count":"0","prism:aggregationType":"Conference Proceeding","subtype":"cp","subtypeDescription":"Conference Paper","source-id":"26432","openaccess":"0","openaccessFlag":false},{"@_fa": "true", "link": [{"@_fa": "true", "@ref": "self", "@href": "https://api.elsevier.com/content/abstract/scopus_id/1542538738"},{"@_fa": "true", "@ref": "author-affiliation", "@href": "https://api.elsevier.com/content/abstract/scopus_id/1542538738?field=author,affiliation"},{"@_fa": "true", "@ref": "scopus", "@href": "https://www.scopus.com/inward/record.uri?partnerID=HzOxMe3b&scp=1542538738&origin=inward"},{"@_fa": "true", "@ref": "scopus-citedby", "@href": "https://www.scopus.com/inward/citedby.uri?partnerID=HzOxMe3b&scp=1542538738&origin=inward"}],"prism:url":"https://api.elsevier.com/content/abstract/scopus_id/1542538738","dc:identifier":"SCOPUS_ID:1542538738","eid":"2-s2.0-1542538738","dc:title":"Distributed emergent semantics in P2P networks","dc:creator":"Fergus P.","prism:publicationName":"Proceedings of the IASTED International Conference on Information and Knowledge Sharing","prism:isbn": [{"@_fa": "true", "$" :"0889863962"}],"prism:pageRange":"75-82","prism:coverDate":"2003-12-01","prism:coverDisplayDate":"2003","citedby-count":"9","prism:aggregationType":"Conference Proceeding","subtype":"cp","subtypeDescription":"Conference Paper","source-id":"66135","openaccess":"0","openaccessFlag":false},{"@_fa": "true", "link": [{"@_fa": "true", "@ref": "self", "@href": "https://api.elsevier.com/content/abstract/scopus_id/23444434090"},{"@_fa": "true", "@ref": "author-affiliation", "@href": "https://api.elsevier.com/content/abstract/scopus_id/23444434090?field=author,affiliation"},{"@_fa": "true", "@ref": "scopus", "@href": "https://www.scopus.com/inward/record.uri?partnerID=HzOxMe3b&scp=23444434090&origin=inward"},{"@_fa": "true", "@ref": "scopus-citedby", "@href": "https://www.scopus.com/inward/citedby.uri?partnerID=HzOxMe3b&scp=23444434090&origin=inward"}],"prism:url":"https://api.elsevier.com/content/abstract/scopus_id/23444434090","dc:identifier":"SCOPUS_ID:23444434090","eid":"2-s2.0-23444434090","dc:title":"Regulatory peripheries: Using prepaid to extend the network","dc:creator":"Mahan A.","prism:publicationName":"Info","prism:issn":"14636697","prism:volume":"5","prism:issueIdentifier":"4","prism:pageRange":"37-44","prism:coverDate":"2003-12-01","prism:coverDisplayDate":"2003","prism:doi":"10.1108/14636690310495229","citedby-count":"5","prism:aggregationType":"Journal","subtype":"ar","subtypeDescription":"Article","source-id":"18969","openaccess":"0","openaccessFlag":false}]}}