{"search-results":{"opensearch:totalResults":"9","opensearch:startIndex":"0","opensearch:itemsPerPage":"9","opensearch:Query":{"@role": "request", "@searchTerms": "TITLE-ABS-KEY(\"network\") AND SUBJAREA(SOCI) AND PUBYEAR = 1958", "@startPage": "0"},"link": [{"@_fa": "true", "@ref": "self", "@href": "https://api.elsevier.com/content/search/scopus?start=0&count=25&query=TITLE-ABS-KEY%28%22network%22%29+AND+SUBJAREA%28SOCI%29+AND+PUBYEAR+%3D+1958&apiKey=27d953b4b546791964ebeb768d13e61f&view=STANDARD", "@type": "application/json"},{"@_fa": "true", "@ref": "first", "@href": "https://api.elsevier.com/content/search/scopus?start=0&count=25&query=TITLE-ABS-KEY%28%22network%22%29+AND+SUBJAREA%28SOCI%29+AND+PUBYEAR+%3D+1958&apiKey=27d953b4b546791964ebeb768d13e61f&view=STANDARD", "@type": "application/json"}],"entry": [{"@_fa": "true", "link": [{"@_fa": "true", "@ref": "self", "@href": "https://api.elsevier.com/content/abstract/scopus_id/34248986499"},{"@_fa": "true", "@ref": "author-affiliation", "@href": "https://api.elsevier.com/content/abstract/scopus_id/34248986499?field=author,affiliation"},{"@_fa": "true", "@ref": "scopus", "@href": "https://www.scopus.com/inward/record.uri?partnerID=HzOxMe3b&scp=34248986499&origin=inward"},{"@_fa": "true", "@ref": "scopus-citedby", "@href": "https://www.scopus.com/inward/citedby.uri?partnerID=HzOxMe3b&scp=34248986499&origin=inward"}],"prism:url":"https://api.elsevier.com/content/abstract/scopus_id/34248986499","dc:identifier":"SCOPUS_ID:34248986499","eid":"2-s2.0-34248986499","dc:title":"Occupational contact networks","dc:creator":"Katz F.","prism:publicationName":"Social Forces","prism:issn":"00377732","prism:eIssn":"15347605","prism:volume":"37","prism:issueIdentifier":"1","prism:pageRange":"52-55","prism:coverDate":"1958-10-01","prism:coverDisplayDate":"1 October 1958","prism:doi":"10.2307/2573779","citedby-count":"11","affiliation": [{"@_fa": "true", "affilname":"The University of North Carolina System","affiliation-city":"Chapel Hill","affiliation-country":"United States"}],"prism:aggregationType":"Journal","subtype":"ar","subtypeDescription":"Article","source-id":"17530","openaccess":"0","openaccessFlag":false},{"@_fa": "true", "link": [{"@_fa": "true", "@ref": "self", "@href": "https://api.elsevier.com/content/abstract/scopus_id/34250933434"},{"@_fa": "true", "@ref": "author-affiliation", "@href": "https://api.elsevier.com/content/abstract/scopus_id/34250933434?field=author,affiliation"},{"@_fa": "true", "@ref": "scopus", "@href": "https://www.scopus.com/inward/record.uri?partnerID=HzOxMe3b&scp=34250933434&origin=inward"},{"@_fa": "true", "@ref": "scopus-citedby", "@href": "https://www.scopus.com/inward/citedby.uri?partnerID=HzOxMe3b&scp=34250933434&origin=inward"}],"prism:url":"https://api.elsevier.com/content/abstract/scopus_id/34250933434","dc:identifier":"SCOPUS_ID:34250933434","eid":"2-s2.0-34250933434","dc:title":"Alcoholism","dc:creator":"Foster L.","prism:publicationName":"Pastoral Psychology","prism:issn":"00312789","prism:eIssn":"15736679","prism:volume":"9","prism:issueIdentifier":"3","prism:pageRange":"21-24","prism:coverDate":"1958-04-01","prism:coverDisplayDate":"April 1958","prism:doi":"10.1007/BF01786262","citedby-count":"0","prism:aggregationType":"Journal","subtype":"ar","subtypeDescription":"Article","source-id":"12792","openaccess":"0","openaccessFlag":false},{"@_fa": "true", "link": [{"@_fa": "true", "@ref": "self", "@href": "https://api.elsevier.com/content/abstract/scopus_id/84946645722"},{"@_fa": "true", "@ref": "author-affiliation", "@href": "https://api.elsevier.com/content/abstract/scopus_id/84946645722?field=author,affiliation"},{"@_fa": "true", "@ref": "scopus", "@href": "https://www.scopus.com/inward/record.uri?partnerID=HzOxMe3b&scp=84946645722&origin=inward"},{"@_fa": "true", "@ref": "scopus-citedby", "@href": "https://www.scopus.com/inward/citedby.uri?partnerID=HzOxMe3b&scp=84946645722&origin=inward"}],"prism:url":"https://api.elsevier.com/content/abstract/scopus_id/84946645722","dc:identifier":"SCOPUS_ID:84946645722","eid":"2-s2.0-84946645722","dc:title":"The Network and the Blackboard","dc:creator":"Bailey K.","prism:publicationName":"Educational Forum","prism:issn":"00131725","prism:eIssn":"19388098","prism:volume":"23","prism:issueIdentifier":"1","prism:pageRange":"81-89","prism:coverDate":"1958-01-01","prism:coverDisplayDate":"November 1958","prism:doi":"10.1080/00131725809338671","citedby-count":"0","prism:aggregationType":"Journal","subtype":"ar","subtypeDescription":"Article","source-id":"5800161654","openaccess":"0","openaccessFlag":false},{"@_fa": "true", "link": [{"@_fa": "true", "@ref": "self", "@href": "https://api.elsevier.com/content/abstract/scopus_id/84964154749"},{"@_fa": "true", "@ref": "author-affiliation", "@href": "https://api.elsevier.com/content/abstract/scopus_id/84964154749?field=author,affiliation"},{"@_fa": "true", "@ref": "scopus", "@href": "https://www.scopus.com/inward/record.uri?partnerID=HzOxMe3b&scp=84964154749&origin=inward"},{"@_fa": "true", "@ref": "scopus-citedby", "@href": "https://www.scopus.com/inward/citedby.uri?partnerID=HzOxMe3b&scp=84964154749&origin=inward"}],"prism:url":"https://api.elsevier.com/content/abstract/scopus_id/84964154749","dc:identifier":"SCOPUS_ID:84964154749","eid":"2-s2.0-84964154749","dc:title":"How Does Commercial Television Affect British Viewing?","dc:creator":"Suchy J.","prism:publicationName":"Journalism &amp; Mass Communication Quarterly","prism:issn":"10776990","prism:eIssn":"2161430X","prism:volume":"35","prism:issueIdentifier":"1","prism:pageRange":"65-71","prism:coverDate":"1958-01-01","prism:coverDisplayDate":"March 1958","prism:doi":"10.1177/107769905803500107","citedby-count":"0","prism:aggregationType":"Journal","subtype":"ar","subtypeDescription":"Article","source-id":"20687","openaccess":"0","openaccessFlag":false},{"@_fa": "true", "link": [{"@_fa": "true", "@ref": "self", "@href": "https://api.elsevier.com/content/abstract/scopus_id/84964147596"},{"@_fa": "true", "@ref": "author-affiliation", "@href": "https://api.elsevier.com/content/abstract/scopus_id/84964147596?field=author,affiliation"},{"@_fa": "true", "@ref": "scopus", "@href": "https://www.scopus.com/inward/record.uri?partnerID=HzOxMe3b&scp=84964147596&origin=inward"},{"@_fa": "true", "@ref": "scopus-citedby", "@href": "https://www.scopus.com/inward/citedby.uri?partnerID=HzOxMe3b&scp=84964147596&origin=inward"}],"prism:url":"https://api.elsevier.com/content/abstract/scopus_id/84964147596","dc:identifier":"SCOPUS_ID:84964147596","eid":"2-s2.0-84964147596","dc:title":"Crash Coverage of U.S. Media in Hungary and Middle East","dc:creator":"Kruglak T.","prism:publicationName":"Journalism &amp; Mass Communication Quarterly","prism:issn":"10776990","prism:eIssn":"2161430X","prism:volume":"35","prism:issueIdentifier":"1","prism:pageRange":"15-25","prism:coverDate":"1958-01-01","prism:coverDisplayDate":"March 1958","prism:doi":"10.1177/107769905803500102","citedby-count":"1","prism:aggregationType":"Journal","subtype":"ar","subtypeDescription":"Article","source-id":"20687","openaccess":"0","openaccessFlag":false},{"@_fa": "true", "link": [{"@_fa": "true", "@ref": "self", "@href": "https://api.elsevier.com/content/abstract/scopus_id/34248984874"},{"@_fa": "true", "@ref": "author-affiliation", "@href": "https://api.elsevier.com/content/abstract/scopus_id/34248984874?field=author,affiliation"},{"@_fa": "true", "@ref": "scopus", "@href": "https://www.scopus.com/inward/record.uri?partnerID=HzOxMe3b&scp=34248984874&origin=inward"},{"@_fa": "true", "@ref": "scopus-citedby", "@href": "https://www.scopus.com/inward/citedby.uri?partnerID=HzOxMe3b&scp=34248984874&origin=inward"}],"prism:url":"https://api.elsevier.com/content/abstract/scopus_id/34248984874","dc:identifier":"SCOPUS_ID:34248984874","eid":"2-s2.0-34248984874","dc:title":"The Chronic Drunkenness Offender","dc:creator":"Rubington E.","prism:publicationName":"The Annals of the American Academy of Political and Social Science","prism:issn":"00027162","prism:eIssn":"15523349","prism:volume":"315","prism:issueIdentifier":"1","prism:pageRange":"65-72","prism:coverDate":"1958-01-01","prism:coverDisplayDate":"January 1958","prism:doi":"10.1177/000271625831500109","citedby-count":"3","affiliation": [{"@_fa": "true", "affilname":"Center Health Studies Yale U","affiliation-city":"New Haven","affiliation-country":"United States"}],"prism:aggregationType":"Journal","subtype":"ar","subtypeDescription":"Article","source-id":"15528","openaccess":"0","openaccessFlag":false},{"@_fa": "true", "link": [{"@_fa": "true", "@ref": "self", "@href": "https://api.elsevier.com/content/abstract/scopus_id/84937355910"},{"@_fa": "true", "@ref": "author-affiliation", "@href": "https://api.elsevier.com/content/abstract/scopus_id/84937355910?field=author,affiliation"},{"@_fa": "true", "@ref": "scopus", "@href": "https://www.scopus.com/inward/record.uri?partnerID=HzOxMe3b&scp=84937355910&origin=inward"},{"@_fa": "true", "@ref": "scopus-citedby", "@href": "https://www.scopus.com/inward/citedby.uri?partnerID=HzOxMe3b&scp=84937355910&origin=inward"}],"prism:url":"https://api.elsevier.com/content/abstract/scopus_id/84937355910","dc:identifier":"SCOPUS_ID:84937355910","eid":"2-s2.0-84937355910","dc:title":"Electrical Machinery in an Electronics-Oriented Curriculum","dc:creator":"Truxal J.","prism:publicationName":"IRE Transactions on Education","prism:issn":"08937141","prism:volume":"1","prism:issueIdentifier":"3","prism:pageRange":"66-69","prism:coverDate":"1958-01-01","prism:coverDisplayDate":"September 1958","prism:doi":"10.1109/TE.1958.4322032","citedby-count":"0","affiliation": [{"@_fa": "true", "affilname":"NYU Tandon School of Engineering","affiliation-city":"New York","affiliation-country":"United States"}],"prism:aggregationType":"Journal","subtype":"ar","subtypeDescription":"Article","source-id":"21100398759","openaccess":"0","openaccessFlag":false},{"@_fa": "true", "link": [{"@_fa": "true", "@ref": "self", "@href": "https://api.elsevier.com/content/abstract/scopus_id/85008129408"},{"@_fa": "true", "@ref": "author-affiliation", "@href": "https://api.elsevier.com/content/abstract/scopus_id/85008129408?field=author,affiliation"},{"@_fa": "true", "@ref": "scopus", "@href": "https://www.scopus.com/inward/record.uri?partnerID=HzOxMe3b&scp=85008129408&origin=inward"},{"@_fa": "true", "@ref": "scopus-citedby", "@href": "https://www.scopus.com/inward/citedby.uri?partnerID=HzOxMe3b&scp=85008129408&origin=inward"}],"prism:url":"https://api.elsevier.com/content/abstract/scopus_id/85008129408","dc:identifier":"SCOPUS_ID:85008129408","eid":"2-s2.0-85008129408","dc:title":"On Some Respects in International Political Geography","dc:creator":"Ikeda Y.","prism:publicationName":"Japanese Journal of Human Geography","prism:issn":"00187216","prism:volume":"10","prism:issueIdentifier":"1","prism:pageRange":"27","prism:coverDate":"1958-01-01","prism:coverDisplayDate":"1958","prism:doi":"10.4200/jjhg1948.10.27","citedby-count":"0","prism:aggregationType":"Journal","subtype":"ar","subtypeDescription":"Article","source-id":"30239","openaccess":"1","openaccessFlag":true},{"@_fa": "true", "link": [{"@_fa": "true", "@ref": "self", "@href": "https://api.elsevier.com/content/abstract/scopus_id/84869800747"},{"@_fa": "true", "@ref": "author-affiliation", "@href": "https://api.elsevier.com/content/abstract/scopus_id/84869800747?field=author,affiliation"},{"@_fa": "true", "@ref": "scopus", "@href": "https://www.scopus.com/inward/record.uri?partnerID=HzOxMe3b&scp=84869800747&origin=inward"},{"@_fa": "true", "@ref": "scopus-citedby", "@href": "https://www.scopus.com/inward/citedby.uri?partnerID=HzOxMe3b&scp=84869800747&origin=inward"}],"prism:url":"https://api.elsevier.com/content/abstract/scopus_id/84869800747","dc:identifier":"SCOPUS_ID:84869800747","eid":"2-s2.0-84869800747","dc:title":"The Climate of South Africa According to Thornthwaite's Rational Classification","dc:creator":"Schulze B.","prism:publicationName":"South African Geographical Journal","prism:issn":"03736245","prism:eIssn":"21512418","prism:volume":"40","prism:issueIdentifier":"1","prism:pageRange":"31-53","prism:coverDate":"1958-01-01","prism:coverDisplayDate":"December 1958","prism:doi":"10.1080/03736245.1958.10559334","citedby-count":"7","prism:aggregationType":"Journal","subtype":"ar","subtypeDescription":"Article","source-id":"13097","openaccess":"0","openaccessFlag":false}]}}