{"search-results":{"opensearch:totalResults":"1844","opensearch:startIndex":"0","opensearch:itemsPerPage":"25","opensearch:Query":{"@role": "request", "@searchTerms": "TITLE-ABS-KEY(\"network\") AND SUBJAREA(SOCI) AND PUBYEAR = 1997", "@startPage": "0"},"link": [{"@_fa": "true", "@ref": "self", "@href": "https://api.elsevier.com/content/search/scopus?start=0&count=25&query=TITLE-ABS-KEY%28%22network%22%29+AND+SUBJAREA%28SOCI%29+AND+PUBYEAR+%3D+1997&apiKey=27d953b4b546791964ebeb768d13e61f&view=STANDARD", "@type": "application/json"},{"@_fa": "true", "@ref": "first", "@href": "https://api.elsevier.com/content/search/scopus?start=0&count=25&query=TITLE-ABS-KEY%28%22network%22%29+AND+SUBJAREA%28SOCI%29+AND+PUBYEAR+%3D+1997&apiKey=27d953b4b546791964ebeb768d13e61f&view=STANDARD", "@type": "application/json"},{"@_fa": "true", "@ref": "next", "@href": "https://api.elsevier.com/content/search/scopus?start=25&count=25&query=TITLE-ABS-KEY%28%22network%22%29+AND+SUBJAREA%28SOCI%29+AND+PUBYEAR+%3D+1997&apiKey=27d953b4b546791964ebeb768d13e61f&view=STANDARD", "@type": "application/json"},{"@_fa": "true", "@ref": "last", "@href": "https://api.elsevier.com/content/search/scopus?start=1819&count=25&query=TITLE-ABS-KEY%28%22network%22%29+AND+SUBJAREA%28SOCI%29+AND+PUBYEAR+%3D+1997&apiKey=27d953b4b546791964ebeb768d13e61f&view=STANDARD", "@type": "application/json"}],"entry": [{"@_fa": "true", "link": [{"@_fa": "true", "@ref": "self", "@href": "https://api.elsevier.com/content/abstract/scopus_id/0031584596"},{"@_fa": "true", "@ref": "author-affiliation", "@href": "https://api.elsevier.com/content/abstract/scopus_id/0031584596?field=author,affiliation"},{"@_fa": "true", "@ref": "scopus", "@href": "https://www.scopus.com/inward/record.uri?partnerID=HzOxMe3b&scp=0031584596&origin=inward"},{"@_fa": "true", "@ref": "scopus-citedby", "@href": "https://www.scopus.com/inward/citedby.uri?partnerID=HzOxMe3b&scp=0031584596&origin=inward"},{"@_fa": "true", "@ref": "full-text", "@href": "https://api.elsevier.com/content/article/eid/1-s2.0-S0911604497000213"}],"prism:url":"https://api.elsevier.com/content/abstract/scopus_id/0031584596","dc:identifier":"SCOPUS_ID:0031584596","eid":"2-s2.0-0031584596","dc:title":"Contribution of functional imaging techniques to the study of subcortical aphasia","dc:creator":"Demeurisse G.","prism:publicationName":"Journal of Neurolinguistics","prism:issn":"09116044","prism:volume":"10","prism:issueIdentifier":"4","prism:pageRange":"301-311","prism:coverDate":"1997-12-23","prism:coverDisplayDate":"23 December 1997","prism:doi":"10.1016/S0911-6044(97)00021-3","pii":"S0911604497000213","citedby-count":"2","affiliation": [{"@_fa": "true", "affilname":"Centre Hospitalier Universitaire Brugmann, Brussels","affiliation-city":"Brussels","affiliation-country":"Belgium"}],"prism:aggregationType":"Journal","subtype":"ar","subtypeDescription":"Article","source-id":"16750","openaccess":"0","openaccessFlag":false},{"@_fa": "true", "link": [{"@_fa": "true", "@ref": "self", "@href": "https://api.elsevier.com/content/abstract/scopus_id/0031584597"},{"@_fa": "true", "@ref": "author-affiliation", "@href": "https://api.elsevier.com/content/abstract/scopus_id/0031584597?field=author,affiliation"},{"@_fa": "true", "@ref": "scopus", "@href": "https://www.scopus.com/inward/record.uri?partnerID=HzOxMe3b&scp=0031584597&origin=inward"},{"@_fa": "true", "@ref": "scopus-citedby", "@href": "https://www.scopus.com/inward/citedby.uri?partnerID=HzOxMe3b&scp=0031584597&origin=inward"},{"@_fa": "true", "@ref": "full-text", "@href": "https://api.elsevier.com/content/article/eid/1-s2.0-S0911604497000201"}],"prism:url":"https://api.elsevier.com/content/abstract/scopus_id/0031584597","dc:identifier":"SCOPUS_ID:0031584597","eid":"2-s2.0-0031584597","dc:title":"The role of the thalamus and basal ganglia in human cognition","dc:creator":"Aglioti S.","prism:publicationName":"Journal of Neurolinguistics","prism:issn":"09116044","prism:volume":"10","prism:issueIdentifier":"4","prism:pageRange":"255-265","prism:coverDate":"1997-12-23","prism:coverDisplayDate":"23 December 1997","prism:doi":"10.1016/S0911-6044(97)00020-1","pii":"S0911604497000201","citedby-count":"17","affiliation": [{"@_fa": "true", "affilname":"Università degli Studi di Verona","affiliation-city":"Verona","affiliation-country":"Italy"}],"prism:aggregationType":"Journal","subtype":"ar","subtypeDescription":"Article","source-id":"16750","openaccess":"0","openaccessFlag":false},{"@_fa": "true", "link": [{"@_fa": "true", "@ref": "self", "@href": "https://api.elsevier.com/content/abstract/scopus_id/85010628649"},{"@_fa": "true", "@ref": "author-affiliation", "@href": "https://api.elsevier.com/content/abstract/scopus_id/85010628649?field=author,affiliation"},{"@_fa": "true", "@ref": "scopus", "@href": "https://www.scopus.com/inward/record.uri?partnerID=HzOxMe3b&scp=85010628649&origin=inward"},{"@_fa": "true", "@ref": "scopus-citedby", "@href": "https://www.scopus.com/inward/citedby.uri?partnerID=HzOxMe3b&scp=85010628649&origin=inward"}],"prism:url":"https://api.elsevier.com/content/abstract/scopus_id/85010628649","dc:identifier":"SCOPUS_ID:85010628649","eid":"2-s2.0-85010628649","dc:title":"Tears live in an onion","dc:creator":"Doty P.","prism:publicationName":"Reference Librarian","prism:issn":"02763877","prism:eIssn":"15411117","prism:volume":"28","prism:issueIdentifier":"59","prism:pageRange":"113-119","prism:coverDate":"1997-12-18","prism:coverDisplayDate":"18 December 1997","prism:doi":"10.1300/J120v28n59_12","citedby-count":"1","affiliation": [{"@_fa": "true", "affilname":"University of Wisconsin-Superior","affiliation-city":"Superior","affiliation-country":"United States"}],"prism:aggregationType":"Journal","subtype":"ar","subtypeDescription":"Article","source-id":"4700152758","openaccess":"0","openaccessFlag":false},{"@_fa": "true", "link": [{"@_fa": "true", "@ref": "self", "@href": "https://api.elsevier.com/content/abstract/scopus_id/0030728237"},{"@_fa": "true", "@ref": "author-affiliation", "@href": "https://api.elsevier.com/content/abstract/scopus_id/0030728237?field=author,affiliation"},{"@_fa": "true", "@ref": "scopus", "@href": "https://www.scopus.com/inward/record.uri?partnerID=HzOxMe3b&scp=0030728237&origin=inward"},{"@_fa": "true", "@ref": "scopus-citedby", "@href": "https://www.scopus.com/inward/citedby.uri?partnerID=HzOxMe3b&scp=0030728237&origin=inward"}],"prism:url":"https://api.elsevier.com/content/abstract/scopus_id/0030728237","dc:identifier":"SCOPUS_ID:0030728237","eid":"2-s2.0-0030728237","dc:title":"Web-o-matic isn't automatic","dc:creator":"Appleby C.","prism:publicationName":"Hospitals and Health Networks","prism:issn":"10688838","prism:volume":"71","prism:issueIdentifier":"22","prism:pageRange":null,"prism:coverDate":"1997-12-12","prism:coverDisplayDate":"1997","citedby-count":"2","pubmed-id":"9386363","prism:aggregationType":"Journal","subtype":"sh","subtypeDescription":"Short Survey","source-id":"13493","openaccess":"0","openaccessFlag":false},{"@_fa": "true", "link": [{"@_fa": "true", "@ref": "self", "@href": "https://api.elsevier.com/content/abstract/scopus_id/0030727128"},{"@_fa": "true", "@ref": "author-affiliation", "@href": "https://api.elsevier.com/content/abstract/scopus_id/0030727128?field=author,affiliation"},{"@_fa": "true", "@ref": "scopus", "@href": "https://www.scopus.com/inward/record.uri?partnerID=HzOxMe3b&scp=0030727128&origin=inward"},{"@_fa": "true", "@ref": "scopus-citedby", "@href": "https://www.scopus.com/inward/citedby.uri?partnerID=HzOxMe3b&scp=0030727128&origin=inward"}],"prism:url":"https://api.elsevier.com/content/abstract/scopus_id/0030727128","dc:identifier":"SCOPUS_ID:0030727128","eid":"2-s2.0-0030727128","dc:title":"Points [and clicks] on quality","dc:creator":"Brailer D.","prism:publicationName":"Hospitals and Health Networks","prism:issn":"10688838","prism:volume":"71","prism:issueIdentifier":"22","prism:pageRange":"32","prism:coverDate":"1997-12-12","prism:coverDisplayDate":"1997","citedby-count":"4","pubmed-id":"9386364","prism:aggregationType":"Journal","subtype":"sh","subtypeDescription":"Short Survey","source-id":"13493","openaccess":"0","openaccessFlag":false},{"@_fa": "true", "link": [{"@_fa": "true", "@ref": "self", "@href": "https://api.elsevier.com/content/abstract/scopus_id/0031297765"},{"@_fa": "true", "@ref": "author-affiliation", "@href": "https://api.elsevier.com/content/abstract/scopus_id/0031297765?field=author,affiliation"},{"@_fa": "true", "@ref": "scopus", "@href": "https://www.scopus.com/inward/record.uri?partnerID=HzOxMe3b&scp=0031297765&origin=inward"},{"@_fa": "true", "@ref": "scopus-citedby", "@href": "https://www.scopus.com/inward/citedby.uri?partnerID=HzOxMe3b&scp=0031297765&origin=inward"}],"prism:url":"https://api.elsevier.com/content/abstract/scopus_id/0031297765","dc:identifier":"SCOPUS_ID:0031297765","eid":"2-s2.0-0031297765","dc:title":"Reclaiming community: An integrative approach to human services","dc:creator":"Adams P.","prism:publicationName":"Administration in Social Work","prism:issn":"03643107","prism:eIssn":"15444376","prism:volume":"21","prism:issueIdentifier":"3-4","prism:pageRange":"67-81","prism:coverDate":"1997-12-04","prism:coverDisplayDate":"4 December 1997","prism:doi":"10.1300/J147v21n03_04","citedby-count":"12","affiliation": [{"@_fa": "true", "affilname":"Portland State University","affiliation-city":"Portland","affiliation-country":"United States"}],"pubmed-id":"10176509","prism:aggregationType":"Journal","subtype":"ar","subtypeDescription":"Article","source-id":"28107","openaccess":"0","openaccessFlag":false},{"@_fa": "true", "link": [{"@_fa": "true", "@ref": "self", "@href": "https://api.elsevier.com/content/abstract/scopus_id/0030692121"},{"@_fa": "true", "@ref": "author-affiliation", "@href": "https://api.elsevier.com/content/abstract/scopus_id/0030692121?field=author,affiliation"},{"@_fa": "true", "@ref": "scopus", "@href": "https://www.scopus.com/inward/record.uri?partnerID=HzOxMe3b&scp=0030692121&origin=inward"},{"@_fa": "true", "@ref": "scopus-citedby", "@href": "https://www.scopus.com/inward/citedby.uri?partnerID=HzOxMe3b&scp=0030692121&origin=inward"}],"prism:url":"https://api.elsevier.com/content/abstract/scopus_id/0030692121","dc:identifier":"SCOPUS_ID:0030692121","eid":"2-s2.0-0030692121","dc:title":"GIS to support 'precision farming' - optimizing costs and protecting drinking water resources","dc:creator":"Resch H.","prism:publicationName":"Geo-Informations-Systeme","prism:issn":"09351523","prism:volume":"10","prism:issueIdentifier":"3","prism:pageRange":"10-13","prism:coverDate":"1997-12-02","prism:coverDisplayDate":"1997","citedby-count":"0","prism:aggregationType":"Journal","subtype":"ar","subtypeDescription":"Article","source-id":"21100829247","openaccess":"0","openaccessFlag":false},{"@_fa": "true", "link": [{"@_fa": "true", "@ref": "self", "@href": "https://api.elsevier.com/content/abstract/scopus_id/0031352952"},{"@_fa": "true", "@ref": "author-affiliation", "@href": "https://api.elsevier.com/content/abstract/scopus_id/0031352952?field=author,affiliation"},{"@_fa": "true", "@ref": "scopus", "@href": "https://www.scopus.com/inward/record.uri?partnerID=HzOxMe3b&scp=0031352952&origin=inward"},{"@_fa": "true", "@ref": "scopus-citedby", "@href": "https://www.scopus.com/inward/citedby.uri?partnerID=HzOxMe3b&scp=0031352952&origin=inward"}],"prism:url":"https://api.elsevier.com/content/abstract/scopus_id/0031352952","dc:identifier":"SCOPUS_ID:0031352952","eid":"2-s2.0-0031352952","dc:title":"Integrating GIS concepts into transportation network data structures","dc:creator":"Horowitz A.","prism:publicationName":"Transportation Planning and Technology","prism:issn":"03081060","prism:volume":"21","prism:issueIdentifier":"1-2","prism:pageRange":"139-153","prism:coverDate":"1997-12-01","prism:coverDisplayDate":"1997","citedby-count":"5","affiliation": [{"@_fa": "true", "affilname":"University of Wisconsin-Milwaukee","affiliation-city":"Milwaukee","affiliation-country":"United States"}],"prism:aggregationType":"Journal","subtype":"ar","subtypeDescription":"Article","source-id":"20871","openaccess":"0","openaccessFlag":false},{"@_fa": "true", "link": [{"@_fa": "true", "@ref": "self", "@href": "https://api.elsevier.com/content/abstract/scopus_id/84986077597"},{"@_fa": "true", "@ref": "author-affiliation", "@href": "https://api.elsevier.com/content/abstract/scopus_id/84986077597?field=author,affiliation"},{"@_fa": "true", "@ref": "scopus", "@href": "https://www.scopus.com/inward/record.uri?partnerID=HzOxMe3b&scp=84986077597&origin=inward"},{"@_fa": "true", "@ref": "scopus-citedby", "@href": "https://www.scopus.com/inward/citedby.uri?partnerID=HzOxMe3b&scp=84986077597&origin=inward"}],"prism:url":"https://api.elsevier.com/content/abstract/scopus_id/84986077597","dc:identifier":"SCOPUS_ID:84986077597","eid":"2-s2.0-84986077597","dc:title":"Opportunities for the commercialization of Caribbean information networks","dc:creator":"Evan-Wong S.","prism:publicationName":"Library Management","prism:issn":"01435124","prism:volume":"18","prism:issueIdentifier":"8","prism:pageRange":"369-372","prism:coverDate":"1997-12-01","prism:coverDisplayDate":"1 December 1997","prism:doi":"10.1108/01435129710183708","citedby-count":"0","prism:aggregationType":"Journal","subtype":"ar","subtypeDescription":"Article","source-id":"144644","openaccess":"0","openaccessFlag":false},{"@_fa": "true", "link": [{"@_fa": "true", "@ref": "self", "@href": "https://api.elsevier.com/content/abstract/scopus_id/0031146993"},{"@_fa": "true", "@ref": "author-affiliation", "@href": "https://api.elsevier.com/content/abstract/scopus_id/0031146993?field=author,affiliation"},{"@_fa": "true", "@ref": "scopus", "@href": "https://www.scopus.com/inward/record.uri?partnerID=HzOxMe3b&scp=0031146993&origin=inward"},{"@_fa": "true", "@ref": "scopus-citedby", "@href": "https://www.scopus.com/inward/citedby.uri?partnerID=HzOxMe3b&scp=0031146993&origin=inward"}],"prism:url":"https://api.elsevier.com/content/abstract/scopus_id/0031146993","dc:identifier":"SCOPUS_ID:0031146993","eid":"2-s2.0-0031146993","dc:title":"Scheduling and performance limits of networks with constantly changing topology","dc:creator":"Tassiulas L.","prism:publicationName":"IEEE Transactions on Information Theory","prism:issn":"00189448","prism:volume":"43","prism:issueIdentifier":"3","prism:pageRange":"1067-1073","prism:coverDate":"1997-12-01","prism:coverDisplayDate":"1997","prism:doi":"10.1109/18.568722","pii":"S0018944897023195","citedby-count":"116","affiliation": [{"@_fa": "true", "affilname":"University of Maryland","affiliation-city":"College Park","affiliation-country":"United States"},{"@_fa": "true", "affilname":"IEEE","affiliation-city":"New York","affiliation-country":"United States"}],"prism:aggregationType":"Journal","subtype":"ar","subtypeDescription":"Article","source-id":"15107","openaccess":"0","openaccessFlag":false},{"@_fa": "true", "link": [{"@_fa": "true", "@ref": "self", "@href": "https://api.elsevier.com/content/abstract/scopus_id/84874203062"},{"@_fa": "true", "@ref": "author-affiliation", "@href": "https://api.elsevier.com/content/abstract/scopus_id/84874203062?field=author,affiliation"},{"@_fa": "true", "@ref": "scopus", "@href": "https://www.scopus.com/inward/record.uri?partnerID=HzOxMe3b&scp=84874203062&origin=inward"},{"@_fa": "true", "@ref": "scopus-citedby", "@href": "https://www.scopus.com/inward/citedby.uri?partnerID=HzOxMe3b&scp=84874203062&origin=inward"}],"prism:url":"https://api.elsevier.com/content/abstract/scopus_id/84874203062","dc:identifier":"SCOPUS_ID:84874203062","eid":"2-s2.0-84874203062","dc:title":"A sensor network management system - An overview and example","dc:creator":"Ohta M.","prism:publicationName":"Advances in Human Factors/Ergonomics","prism:issn":"09212647","prism:volume":"21","prism:issueIdentifier":"B","prism:pageRange":"197-200","prism:coverDate":"1997-12-01","prism:coverDisplayDate":"1997","citedby-count":"0","affiliation": [{"@_fa": "true", "affilname":"Keio University","affiliation-city":"Tokyo","affiliation-country":"Japan"}],"prism:aggregationType":"Book Series","subtype":"cp","subtypeDescription":"Conference Paper","source-id":"19700180796","openaccess":"0","openaccessFlag":false},{"@_fa": "true", "link": [{"@_fa": "true", "@ref": "self", "@href": "https://api.elsevier.com/content/abstract/scopus_id/79952660817"},{"@_fa": "true", "@ref": "author-affiliation", "@href": "https://api.elsevier.com/content/abstract/scopus_id/79952660817?field=author,affiliation"},{"@_fa": "true", "@ref": "scopus", "@href": "https://www.scopus.com/inward/record.uri?partnerID=HzOxMe3b&scp=79952660817&origin=inward"},{"@_fa": "true", "@ref": "scopus-citedby", "@href": "https://www.scopus.com/inward/citedby.uri?partnerID=HzOxMe3b&scp=79952660817&origin=inward"}],"prism:url":"https://api.elsevier.com/content/abstract/scopus_id/79952660817","dc:identifier":"SCOPUS_ID:79952660817","eid":"2-s2.0-79952660817","dc:title":"An approach for multi-user access to library full-text CD-ROM database via the campus network","dc:creator":"Chen R.","prism:publicationName":"Malaysian Journal of Library and Information Science","prism:issn":"13946234","prism:volume":"2","prism:issueIdentifier":"1","prism:pageRange":"87-96","prism:coverDate":"1997-12-01","prism:coverDisplayDate":"1997","citedby-count":"0","affiliation": [{"@_fa": "true", "affilname":"National Chiao Tung University Taiwan","affiliation-city":"Hsin-chu","affiliation-country":"Taiwan"}],"prism:aggregationType":"Journal","subtype":"ar","subtypeDescription":"Article","source-id":"7600153106","openaccess":"0","openaccessFlag":false},{"@_fa": "true", "link": [{"@_fa": "true", "@ref": "self", "@href": "https://api.elsevier.com/content/abstract/scopus_id/21744454097"},{"@_fa": "true", "@ref": "author-affiliation", "@href": "https://api.elsevier.com/content/abstract/scopus_id/21744454097?field=author,affiliation"},{"@_fa": "true", "@ref": "scopus", "@href": "https://www.scopus.com/inward/record.uri?partnerID=HzOxMe3b&scp=21744454097&origin=inward"},{"@_fa": "true", "@ref": "scopus-citedby", "@href": "https://www.scopus.com/inward/citedby.uri?partnerID=HzOxMe3b&scp=21744454097&origin=inward"}],"prism:url":"https://api.elsevier.com/content/abstract/scopus_id/21744454097","dc:identifier":"SCOPUS_ID:21744454097","eid":"2-s2.0-21744454097","dc:title":"Refusals to deal in the context of network joint ventures","dc:creator":"Pratt W.","prism:publicationName":"Business Lawyer","prism:issn":"00076899","prism:volume":"52","prism:issueIdentifier":"2","prism:pageRange":"531-557","prism:coverDate":"1997-12-01","prism:coverDisplayDate":"1997","citedby-count":"2","prism:aggregationType":"Journal","subtype":"ar","subtypeDescription":"Article","source-id":"25251","openaccess":"0","openaccessFlag":false},{"@_fa": "true", "link": [{"@_fa": "true", "@ref": "self", "@href": "https://api.elsevier.com/content/abstract/scopus_id/0031537428"},{"@_fa": "true", "@ref": "author-affiliation", "@href": "https://api.elsevier.com/content/abstract/scopus_id/0031537428?field=author,affiliation"},{"@_fa": "true", "@ref": "scopus", "@href": "https://www.scopus.com/inward/record.uri?partnerID=HzOxMe3b&scp=0031537428&origin=inward"},{"@_fa": "true", "@ref": "scopus-citedby", "@href": "https://www.scopus.com/inward/citedby.uri?partnerID=HzOxMe3b&scp=0031537428&origin=inward"}],"prism:url":"https://api.elsevier.com/content/abstract/scopus_id/0031537428","dc:identifier":"SCOPUS_ID:0031537428","eid":"2-s2.0-0031537428","dc:title":"Planning urban networks: The islamabad example","dc:creator":"Frantzeskakis J.","prism:publicationName":"Transportation Quarterly","prism:issn":"02789434","prism:volume":"51","prism:issueIdentifier":"1","prism:pageRange":"101-110","prism:coverDate":"1997-12-01","prism:coverDisplayDate":"December 1997","citedby-count":"2","prism:aggregationType":"Journal","subtype":"ar","subtypeDescription":"Article","source-id":"20872","openaccess":"0","openaccessFlag":false},{"@_fa": "true", "link": [{"@_fa": "true", "@ref": "self", "@href": "https://api.elsevier.com/content/abstract/scopus_id/0030736141"},{"@_fa": "true", "@ref": "author-affiliation", "@href": "https://api.elsevier.com/content/abstract/scopus_id/0030736141?field=author,affiliation"},{"@_fa": "true", "@ref": "scopus", "@href": "https://www.scopus.com/inward/record.uri?partnerID=HzOxMe3b&scp=0030736141&origin=inward"},{"@_fa": "true", "@ref": "scopus-citedby", "@href": "https://www.scopus.com/inward/citedby.uri?partnerID=HzOxMe3b&scp=0030736141&origin=inward"}],"prism:url":"https://api.elsevier.com/content/abstract/scopus_id/0030736141","dc:identifier":"SCOPUS_ID:0030736141","eid":"2-s2.0-0030736141","dc:title":"On teaching computer networks protocols at EFP Poznan and Telecom Bretagne Rennes","dc:creator":"Borys A.","prism:publicationName":"International Journal of Electrical Engineering Education","prism:issn":"00207209","prism:volume":"34","prism:issueIdentifier":"1","prism:pageRange":"29-35","prism:coverDate":"1997-12-01","prism:coverDisplayDate":"1997","citedby-count":"0","prism:aggregationType":"Journal","subtype":"ar","subtypeDescription":"Article","source-id":"17966","openaccess":"0","openaccessFlag":false},{"@_fa": "true", "link": [{"@_fa": "true", "@ref": "self", "@href": "https://api.elsevier.com/content/abstract/scopus_id/0031167070"},{"@_fa": "true", "@ref": "author-affiliation", "@href": "https://api.elsevier.com/content/abstract/scopus_id/0031167070?field=author,affiliation"},{"@_fa": "true", "@ref": "scopus", "@href": "https://www.scopus.com/inward/record.uri?partnerID=HzOxMe3b&scp=0031167070&origin=inward"},{"@_fa": "true", "@ref": "scopus-citedby", "@href": "https://www.scopus.com/inward/citedby.uri?partnerID=HzOxMe3b&scp=0031167070&origin=inward"}],"prism:url":"https://api.elsevier.com/content/abstract/scopus_id/0031167070","dc:identifier":"SCOPUS_ID:0031167070","eid":"2-s2.0-0031167070","dc:title":"A concurrent training algorithm for supervised learning in artificial neural networks","dc:creator":"Chow C.","prism:publicationName":"Journal of Information Science and Engineering","prism:issn":"10162364","prism:volume":"13","prism:issueIdentifier":"2","prism:pageRange":"267-291","prism:coverDate":"1997-12-01","prism:coverDisplayDate":"1997","citedby-count":"1","affiliation": [{"@_fa": "true", "affilname":"IEEE","affiliation-city":"New York","affiliation-country":"United States"}],"prism:aggregationType":"Journal","subtype":"ar","subtypeDescription":"Article","source-id":"12492","openaccess":"0","openaccessFlag":false},{"@_fa": "true", "link": [{"@_fa": "true", "@ref": "self", "@href": "https://api.elsevier.com/content/abstract/scopus_id/84874196942"},{"@_fa": "true", "@ref": "author-affiliation", "@href": "https://api.elsevier.com/content/abstract/scopus_id/84874196942?field=author,affiliation"},{"@_fa": "true", "@ref": "scopus", "@href": "https://www.scopus.com/inward/record.uri?partnerID=HzOxMe3b&scp=84874196942&origin=inward"},{"@_fa": "true", "@ref": "scopus-citedby", "@href": "https://www.scopus.com/inward/citedby.uri?partnerID=HzOxMe3b&scp=84874196942&origin=inward"}],"prism:url":"https://api.elsevier.com/content/abstract/scopus_id/84874196942","dc:identifier":"SCOPUS_ID:84874196942","eid":"2-s2.0-84874196942","dc:title":"Re-engineering a complex network interface","dc:creator":"Lucas M.","prism:publicationName":"Advances in Human Factors/Ergonomics","prism:issn":"09212647","prism:volume":"21","prism:issueIdentifier":"B","prism:pageRange":"771-774","prism:coverDate":"1997-12-01","prism:coverDisplayDate":"1997","citedby-count":"0","prism:aggregationType":"Book Series","subtype":"cp","subtypeDescription":"Conference Paper","source-id":"19700180796","openaccess":"0","openaccessFlag":false},{"@_fa": "true", "link": [{"@_fa": "true", "@ref": "self", "@href": "https://api.elsevier.com/content/abstract/scopus_id/33749818048"},{"@_fa": "true", "@ref": "author-affiliation", "@href": "https://api.elsevier.com/content/abstract/scopus_id/33749818048?field=author,affiliation"},{"@_fa": "true", "@ref": "scopus", "@href": "https://www.scopus.com/inward/record.uri?partnerID=HzOxMe3b&scp=33749818048&origin=inward"},{"@_fa": "true", "@ref": "scopus-citedby", "@href": "https://www.scopus.com/inward/citedby.uri?partnerID=HzOxMe3b&scp=33749818048&origin=inward"}],"prism:url":"https://api.elsevier.com/content/abstract/scopus_id/33749818048","dc:identifier":"SCOPUS_ID:33749818048","eid":"2-s2.0-33749818048","dc:title":"Political science and global computer networks","dc:creator":"Bovey N.","prism:publicationName":"European Journal of Political Research","prism:issn":"03044130","prism:volume":"31","prism:issueIdentifier":"1-2","prism:pageRange":"35-45","prism:coverDate":"1997-12-01","prism:coverDisplayDate":"1997","citedby-count":"1","affiliation": [{"@_fa": "true", "affilname":"Université de Lausanne (UNIL)","affiliation-city":"Lausanne","affiliation-country":"Switzerland"}],"prism:aggregationType":"Journal","subtype":"ar","subtypeDescription":"Article","source-id":"18437","openaccess":"0","openaccessFlag":false},{"@_fa": "true", "link": [{"@_fa": "true", "@ref": "self", "@href": "https://api.elsevier.com/content/abstract/scopus_id/84874214832"},{"@_fa": "true", "@ref": "author-affiliation", "@href": "https://api.elsevier.com/content/abstract/scopus_id/84874214832?field=author,affiliation"},{"@_fa": "true", "@ref": "scopus", "@href": "https://www.scopus.com/inward/record.uri?partnerID=HzOxMe3b&scp=84874214832&origin=inward"},{"@_fa": "true", "@ref": "scopus-citedby", "@href": "https://www.scopus.com/inward/citedby.uri?partnerID=HzOxMe3b&scp=84874214832&origin=inward"}],"prism:url":"https://api.elsevier.com/content/abstract/scopus_id/84874214832","dc:identifier":"SCOPUS_ID:84874214832","eid":"2-s2.0-84874214832","dc:title":"A multicast algorithm in a distributed multimedia conference system","dc:creator":"Hać A.","prism:publicationName":"Advances in Human Factors/Ergonomics","prism:issn":"09212647","prism:volume":"21","prism:issueIdentifier":"B","prism:pageRange":"679-682","prism:coverDate":"1997-12-01","prism:coverDisplayDate":"1997","citedby-count":"0","affiliation": [{"@_fa": "true", "affilname":"University of Hawaii at Manoa","affiliation-city":"Honolulu","affiliation-country":"United States"}],"prism:aggregationType":"Book Series","subtype":"cp","subtypeDescription":"Conference Paper","source-id":"19700180796","openaccess":"0","openaccessFlag":false},{"@_fa": "true", "link": [{"@_fa": "true", "@ref": "self", "@href": "https://api.elsevier.com/content/abstract/scopus_id/0031343320"},{"@_fa": "true", "@ref": "author-affiliation", "@href": "https://api.elsevier.com/content/abstract/scopus_id/0031343320?field=author,affiliation"},{"@_fa": "true", "@ref": "scopus", "@href": "https://www.scopus.com/inward/record.uri?partnerID=HzOxMe3b&scp=0031343320&origin=inward"},{"@_fa": "true", "@ref": "scopus-citedby", "@href": "https://www.scopus.com/inward/citedby.uri?partnerID=HzOxMe3b&scp=0031343320&origin=inward"}],"prism:url":"https://api.elsevier.com/content/abstract/scopus_id/0031343320","dc:identifier":"SCOPUS_ID:0031343320","eid":"2-s2.0-0031343320","dc:title":"Extended tree contraction for some parallel algorithms on series-parallel networks","dc:creator":"Wang J.","prism:publicationName":"Journal of Information Science and Engineering","prism:issn":"10162364","prism:volume":"13","prism:issueIdentifier":"4","prism:pageRange":"665-680","prism:coverDate":"1997-12-01","prism:coverDisplayDate":"December 1997","citedby-count":"1","affiliation": [{"@_fa": "true", "affilname":"National Chiao Tung University Taiwan","affiliation-city":"Hsin-chu","affiliation-country":"Taiwan"},{"@_fa": "true", "affilname":"Soochow University","affiliation-city":"Suzhou","affiliation-country":"China"}],"prism:aggregationType":"Journal","subtype":"ar","subtypeDescription":"Article","source-id":"12492","openaccess":"0","openaccessFlag":false},{"@_fa": "true", "link": [{"@_fa": "true", "@ref": "self", "@href": "https://api.elsevier.com/content/abstract/scopus_id/0040454757"},{"@_fa": "true", "@ref": "author-affiliation", "@href": "https://api.elsevier.com/content/abstract/scopus_id/0040454757?field=author,affiliation"},{"@_fa": "true", "@ref": "scopus", "@href": "https://www.scopus.com/inward/record.uri?partnerID=HzOxMe3b&scp=0040454757&origin=inward"},{"@_fa": "true", "@ref": "scopus-citedby", "@href": "https://www.scopus.com/inward/citedby.uri?partnerID=HzOxMe3b&scp=0040454757&origin=inward"}],"prism:url":"https://api.elsevier.com/content/abstract/scopus_id/0040454757","dc:identifier":"SCOPUS_ID:0040454757","eid":"2-s2.0-0040454757","dc:title":"Corruption networks, transaction security and illegal social exchange","dc:creator":"Cartier-Bresson J.","prism:publicationName":"Political Studies","prism:issn":"00323217","prism:volume":"45","prism:issueIdentifier":"3","prism:pageRange":"463-473","prism:coverDate":"1997-12-01","prism:coverDisplayDate":"1997","citedby-count":"43","prism:aggregationType":"Journal","subtype":"ar","subtypeDescription":"Article","source-id":"22890","openaccess":"0","openaccessFlag":false},{"@_fa": "true", "link": [{"@_fa": "true", "@ref": "self", "@href": "https://api.elsevier.com/content/abstract/scopus_id/0031190762"},{"@_fa": "true", "@ref": "author-affiliation", "@href": "https://api.elsevier.com/content/abstract/scopus_id/0031190762?field=author,affiliation"},{"@_fa": "true", "@ref": "scopus", "@href": "https://www.scopus.com/inward/record.uri?partnerID=HzOxMe3b&scp=0031190762&origin=inward"},{"@_fa": "true", "@ref": "scopus-citedby", "@href": "https://www.scopus.com/inward/citedby.uri?partnerID=HzOxMe3b&scp=0031190762&origin=inward"}],"prism:url":"https://api.elsevier.com/content/abstract/scopus_id/0031190762","dc:identifier":"SCOPUS_ID:0031190762","eid":"2-s2.0-0031190762","dc:title":"Computational power of neural networks: A characterization in terms of Kolmogorov complexity","dc:creator":"Balcázar J.","prism:publicationName":"IEEE Transactions on Information Theory","prism:issn":"00189448","prism:volume":"43","prism:issueIdentifier":"4","prism:pageRange":"1175-1183","prism:coverDate":"1997-12-01","prism:coverDisplayDate":"1997","prism:doi":"10.1109/18.605580","pii":"S0018944897034469","citedby-count":"42","affiliation": [{"@_fa": "true", "affilname":"Universitat Politècnica de Catalunya","affiliation-city":"Barcelona","affiliation-country":"Spain"}],"prism:aggregationType":"Journal","subtype":"ar","subtypeDescription":"Article","source-id":"15107","openaccess":"0","openaccessFlag":false},{"@_fa": "true", "link": [{"@_fa": "true", "@ref": "self", "@href": "https://api.elsevier.com/content/abstract/scopus_id/0031401891"},{"@_fa": "true", "@ref": "author-affiliation", "@href": "https://api.elsevier.com/content/abstract/scopus_id/0031401891?field=author,affiliation"},{"@_fa": "true", "@ref": "scopus", "@href": "https://www.scopus.com/inward/record.uri?partnerID=HzOxMe3b&scp=0031401891&origin=inward"},{"@_fa": "true", "@ref": "scopus-citedby", "@href": "https://www.scopus.com/inward/citedby.uri?partnerID=HzOxMe3b&scp=0031401891&origin=inward"}],"prism:url":"https://api.elsevier.com/content/abstract/scopus_id/0031401891","dc:identifier":"SCOPUS_ID:0031401891","eid":"2-s2.0-0031401891","dc:title":"Certain spatial aspects of Slovenian telephone network","dc:creator":"Kladnik D.","prism:publicationName":"Geografski Vestnik","prism:issn":"03503895","prism:volume":"69","prism:pageRange":"139-160","prism:coverDate":"1997-12-01","prism:coverDisplayDate":"1997","citedby-count":"2","prism:aggregationType":"Journal","subtype":"ar","subtypeDescription":"Article","source-id":"28656","openaccess":"0","openaccessFlag":false},{"@_fa": "true", "link": [{"@_fa": "true", "@ref": "self", "@href": "https://api.elsevier.com/content/abstract/scopus_id/21944455764"},{"@_fa": "true", "@ref": "author-affiliation", "@href": "https://api.elsevier.com/content/abstract/scopus_id/21944455764?field=author,affiliation"},{"@_fa": "true", "@ref": "scopus", "@href": "https://www.scopus.com/inward/record.uri?partnerID=HzOxMe3b&scp=21944455764&origin=inward"},{"@_fa": "true", "@ref": "scopus-citedby", "@href": "https://www.scopus.com/inward/citedby.uri?partnerID=HzOxMe3b&scp=21944455764&origin=inward"}],"prism:url":"https://api.elsevier.com/content/abstract/scopus_id/21944455764","dc:identifier":"SCOPUS_ID:21944455764","eid":"2-s2.0-21944455764","dc:title":"Joint venture analysis and provider-controlled health care networks","dc:creator":"Miles J.","prism:publicationName":"Antitrust Law Journal","prism:issn":"00036056","prism:volume":"66","prism:issueIdentifier":"1","prism:pageRange":"127-166","prism:coverDate":"1997-12-01","prism:coverDisplayDate":"1997","citedby-count":"3","prism:aggregationType":"Journal","subtype":"ar","subtypeDescription":"Article","source-id":"24716","openaccess":"0","openaccessFlag":false},{"@_fa": "true", "link": [{"@_fa": "true", "@ref": "self", "@href": "https://api.elsevier.com/content/abstract/scopus_id/0031537212"},{"@_fa": "true", "@ref": "author-affiliation", "@href": "https://api.elsevier.com/content/abstract/scopus_id/0031537212?field=author,affiliation"},{"@_fa": "true", "@ref": "scopus", "@href": "https://www.scopus.com/inward/record.uri?partnerID=HzOxMe3b&scp=0031537212&origin=inward"},{"@_fa": "true", "@ref": "scopus-citedby", "@href": "https://www.scopus.com/inward/citedby.uri?partnerID=HzOxMe3b&scp=0031537212&origin=inward"}],"prism:url":"https://api.elsevier.com/content/abstract/scopus_id/0031537212","dc:identifier":"SCOPUS_ID:0031537212","eid":"2-s2.0-0031537212","dc:title":"Policy networks and agricultural policy reforms: Explaining deregulation in Sweden and re-regulation in the European Community","dc:creator":"Daugbjerg C.","prism:publicationName":"Governance","prism:issn":"09521895","prism:volume":"10","prism:issueIdentifier":"2","prism:pageRange":"123-142","prism:coverDate":"1997-12-01","prism:coverDisplayDate":"1997","citedby-count":"31","prism:aggregationType":"Journal","subtype":"ar","subtypeDescription":"Article","source-id":"19088","openaccess":"0","openaccessFlag":false}]}}