{"search-results":{"opensearch:totalResults":"2","opensearch:startIndex":"0","opensearch:itemsPerPage":"2","opensearch:Query":{"@role": "request", "@searchTerms": "TITLE-ABS-KEY(\"network\") AND SUBJAREA(SOCI) AND PUBYEAR = 1946", "@startPage": "0"},"link": [{"@_fa": "true", "@ref": "self", "@href": "https://api.elsevier.com/content/search/scopus?start=0&count=25&query=TITLE-ABS-KEY%28%22network%22%29+AND+SUBJAREA%28SOCI%29+AND+PUBYEAR+%3D+1946&apiKey=27d953b4b546791964ebeb768d13e61f&view=STANDARD", "@type": "application/json"},{"@_fa": "true", "@ref": "first", "@href": "https://api.elsevier.com/content/search/scopus?start=0&count=25&query=TITLE-ABS-KEY%28%22network%22%29+AND+SUBJAREA%28SOCI%29+AND+PUBYEAR+%3D+1946&apiKey=27d953b4b546791964ebeb768d13e61f&view=STANDARD", "@type": "application/json"}],"entry": [{"@_fa": "true", "link": [{"@_fa": "true", "@ref": "self", "@href": "https://api.elsevier.com/content/abstract/scopus_id/77957290061"},{"@_fa": "true", "@ref": "author-affiliation", "@href": "https://api.elsevier.com/content/abstract/scopus_id/77957290061?field=author,affiliation"},{"@_fa": "true", "@ref": "scopus", "@href": "https://www.scopus.com/inward/record.uri?partnerID=HzOxMe3b&scp=77957290061&origin=inward"},{"@_fa": "true", "@ref": "scopus-citedby", "@href": "https://www.scopus.com/inward/citedby.uri?partnerID=HzOxMe3b&scp=77957290061&origin=inward"}],"prism:url":"https://api.elsevier.com/content/abstract/scopus_id/77957290061","dc:identifier":"SCOPUS_ID:77957290061","eid":"2-s2.0-77957290061","dc:title":"Electrical notes: XII. Alternating currents in networks","dc:creator":"Pidduck F.","prism:publicationName":"Quarterly Journal of Mathematics","prism:issn":"00335606","prism:volume":"os-17","prism:issueIdentifier":"1","prism:pageRange":"63-64","prism:coverDate":"1946-12-01","prism:coverDisplayDate":"1946","prism:doi":"10.1093/qmath/os-17.1.63","citedby-count":"0","prism:aggregationType":"Journal","subtype":"ar","subtypeDescription":"Article","source-id":"26308","openaccess":"0","openaccessFlag":false},{"@_fa": "true", "link": [{"@_fa": "true", "@ref": "self", "@href": "https://api.elsevier.com/content/abstract/scopus_id/85057627866"},{"@_fa": "true", "@ref": "author-affiliation", "@href": "https://api.elsevier.com/content/abstract/scopus_id/85057627866?field=author,affiliation"},{"@_fa": "true", "@ref": "scopus", "@href": "https://www.scopus.com/inward/record.uri?partnerID=HzOxMe3b&scp=85057627866&origin=inward"},{"@_fa": "true", "@ref": "scopus-citedby", "@href": "https://www.scopus.com/inward/citedby.uri?partnerID=HzOxMe3b&scp=85057627866&origin=inward"}],"prism:url":"https://api.elsevier.com/content/abstract/scopus_id/85057627866","dc:identifier":"SCOPUS_ID:85057627866","eid":"2-s2.0-85057627866","dc:title":"The ford site, a protohistoric station in Norton, Massachusetts","dc:creator":"Robbins M.","prism:publicationName":"American Antiquity","prism:issn":"00027316","prism:volume":"12","prism:issueIdentifier":"2","prism:pageRange":"80-94","prism:coverDate":"1946-10-01","prism:coverDisplayDate":"1 October 1946","prism:doi":"10.2307/275341","pii":"S0002731600023805","citedby-count":"0","prism:aggregationType":"Journal","subtype":"re","subtypeDescription":"Review","source-id":"40554","openaccess":"0","openaccessFlag":false}]}}