{"search-results":{"opensearch:totalResults":"2","opensearch:startIndex":"0","opensearch:itemsPerPage":"2","opensearch:Query":{"@role": "request", "@searchTerms": "TITLE-ABS-KEY(\"network\") AND SUBJAREA(SOCI) AND PUBYEAR = 1953", "@startPage": "0"},"link": [{"@_fa": "true", "@ref": "self", "@href": "https://api.elsevier.com/content/search/scopus?start=0&count=25&query=TITLE-ABS-KEY%28%22network%22%29+AND+SUBJAREA%28SOCI%29+AND+PUBYEAR+%3D+1953&apiKey=27d953b4b546791964ebeb768d13e61f&view=STANDARD", "@type": "application/json"},{"@_fa": "true", "@ref": "first", "@href": "https://api.elsevier.com/content/search/scopus?start=0&count=25&query=TITLE-ABS-KEY%28%22network%22%29+AND+SUBJAREA%28SOCI%29+AND+PUBYEAR+%3D+1953&apiKey=27d953b4b546791964ebeb768d13e61f&view=STANDARD", "@type": "application/json"}],"entry": [{"@_fa": "true", "link": [{"@_fa": "true", "@ref": "self", "@href": "https://api.elsevier.com/content/abstract/scopus_id/0011049746"},{"@_fa": "true", "@ref": "author-affiliation", "@href": "https://api.elsevier.com/content/abstract/scopus_id/0011049746?field=author,affiliation"},{"@_fa": "true", "@ref": "scopus", "@href": "https://www.scopus.com/inward/record.uri?partnerID=HzOxMe3b&scp=0011049746&origin=inward"},{"@_fa": "true", "@ref": "scopus-citedby", "@href": "https://www.scopus.com/inward/citedby.uri?partnerID=HzOxMe3b&scp=0011049746&origin=inward"}],"prism:url":"https://api.elsevier.com/content/abstract/scopus_id/0011049746","dc:identifier":"SCOPUS_ID:0011049746","eid":"2-s2.0-0011049746","dc:title":"Word-of-mouth communication in the Soviet Union","dc:creator":"Bauer R.","prism:publicationName":"Public Opinion Quarterly","prism:issn":"0033362X","prism:volume":"17","prism:issueIdentifier":"3","prism:pageRange":"297-310","prism:coverDate":"1953-09-01","prism:coverDisplayDate":"September 1953","prism:doi":"10.1086/266463","citedby-count":"23","affiliation": [{"@_fa": "true", "affilname":"Harvard University","affiliation-city":"Cambridge","affiliation-country":"United States"},{"@_fa": "true", "affilname":"Research Associate of the Center for International Studies","affiliation-city":null,"affiliation-country":null}],"prism:aggregationType":"Journal","subtype":"ar","subtypeDescription":"Article","source-id":"23574","openaccess":"0","openaccessFlag":false},{"@_fa": "true", "link": [{"@_fa": "true", "@ref": "self", "@href": "https://api.elsevier.com/content/abstract/scopus_id/84939011870"},{"@_fa": "true", "@ref": "author-affiliation", "@href": "https://api.elsevier.com/content/abstract/scopus_id/84939011870?field=author,affiliation"},{"@_fa": "true", "@ref": "scopus", "@href": "https://www.scopus.com/inward/record.uri?partnerID=HzOxMe3b&scp=84939011870&origin=inward"},{"@_fa": "true", "@ref": "scopus-citedby", "@href": "https://www.scopus.com/inward/citedby.uri?partnerID=HzOxMe3b&scp=84939011870&origin=inward"}],"prism:url":"https://api.elsevier.com/content/abstract/scopus_id/84939011870","dc:identifier":"SCOPUS_ID:84939011870","eid":"2-s2.0-84939011870","dc:title":"The lattice theory of information","dc:creator":"Shannon C.","prism:publicationName":"IRE Professional Group on Information Theory","prism:issn":"21682690","prism:eIssn":"21682704","prism:volume":"1","prism:issueIdentifier":"1","prism:pageRange":"105-107","prism:coverDate":"1953-01-01","prism:coverDisplayDate":"February 1953","prism:doi":"10.1109/TIT.1953.1188572","citedby-count":"35","prism:aggregationType":"Journal","subtype":"ar","subtypeDescription":"Article","source-id":"21100399402","openaccess":"0","openaccessFlag":false}]}}