{"search-results":{"opensearch:totalResults":"12259","opensearch:startIndex":"0","opensearch:itemsPerPage":"25","opensearch:Query":{"@role": "request", "@searchTerms": "TITLE-ABS-KEY(\"network\") AND SUBJAREA(SOCI) AND PUBYEAR = 2014", "@startPage": "0"},"link": [{"@_fa": "true", "@ref": "self", "@href": "https://api.elsevier.com/content/search/scopus?start=0&count=25&query=TITLE-ABS-KEY%28%22network%22%29+AND+SUBJAREA%28SOCI%29+AND+PUBYEAR+%3D+2014&apiKey=27d953b4b546791964ebeb768d13e61f&view=STANDARD", "@type": "application/json"},{"@_fa": "true", "@ref": "first", "@href": "https://api.elsevier.com/content/search/scopus?start=0&count=25&query=TITLE-ABS-KEY%28%22network%22%29+AND+SUBJAREA%28SOCI%29+AND+PUBYEAR+%3D+2014&apiKey=27d953b4b546791964ebeb768d13e61f&view=STANDARD", "@type": "application/json"},{"@_fa": "true", "@ref": "next", "@href": "https://api.elsevier.com/content/search/scopus?start=25&count=25&query=TITLE-ABS-KEY%28%22network%22%29+AND+SUBJAREA%28SOCI%29+AND+PUBYEAR+%3D+2014&apiKey=27d953b4b546791964ebeb768d13e61f&view=STANDARD", "@type": "application/json"},{"@_fa": "true", "@ref": "last", "@href": "https://api.elsevier.com/content/search/scopus?start=4975&count=25&query=TITLE-ABS-KEY%28%22network%22%29+AND+SUBJAREA%28SOCI%29+AND+PUBYEAR+%3D+2014&apiKey=27d953b4b546791964ebeb768d13e61f&view=STANDARD", "@type": "application/json"}],"entry": [{"@_fa": "true", "link": [{"@_fa": "true", "@ref": "self", "@href": "https://api.elsevier.com/content/abstract/scopus_id/84957102149"},{"@_fa": "true", "@ref": "author-affiliation", "@href": "https://api.elsevier.com/content/abstract/scopus_id/84957102149?field=author,affiliation"},{"@_fa": "true", "@ref": "scopus", "@href": "https://www.scopus.com/inward/record.uri?partnerID=HzOxMe3b&scp=84957102149&origin=inward"},{"@_fa": "true", "@ref": "scopus-citedby", "@href": "https://www.scopus.com/inward/citedby.uri?partnerID=HzOxMe3b&scp=84957102149&origin=inward"}],"prism:url":"https://api.elsevier.com/content/abstract/scopus_id/84957102149","dc:identifier":"SCOPUS_ID:84957102149","eid":"2-s2.0-84957102149","dc:title":"Handbook of research on interactive information quality in expanding social network communications","dc:creator":"Cipolla-Ficarra F.","prism:publicationName":"Handbook of Research on Interactive Information Quality in Expanding Social Network Communications","prism:isbn": [{"@_fa": "true", "$" :"9781466673786"},{"@_fa": "true", "$" :"146667377X"},{"@_fa": "true", "$" :"9781466673779"}],"prism:pageRange":"1-449","prism:coverDate":"2014-12-31","prism:coverDisplayDate":"December 31, 2014","prism:doi":"10.4018/978-1-4666-7377-9","citedby-count":"1","prism:aggregationType":"Book","subtype":"bk","subtypeDescription":"Book","source-id":"21100443751","openaccess":"0","openaccessFlag":false},{"@_fa": "true", "link": [{"@_fa": "true", "@ref": "self", "@href": "https://api.elsevier.com/content/abstract/scopus_id/84957068718"},{"@_fa": "true", "@ref": "author-affiliation", "@href": "https://api.elsevier.com/content/abstract/scopus_id/84957068718?field=author,affiliation"},{"@_fa": "true", "@ref": "scopus", "@href": "https://www.scopus.com/inward/record.uri?partnerID=HzOxMe3b&scp=84957068718&origin=inward"},{"@_fa": "true", "@ref": "scopus-citedby", "@href": "https://www.scopus.com/inward/citedby.uri?partnerID=HzOxMe3b&scp=84957068718&origin=inward"}],"prism:url":"https://api.elsevier.com/content/abstract/scopus_id/84957068718","dc:identifier":"SCOPUS_ID:84957068718","eid":"2-s2.0-84957068718","dc:title":"An integrative method for the evaluation of network attack effectiveness based on grey system theory","dc:creator":"Wang P.","prism:publicationName":"Handbook of Research on Interactive Information Quality in Expanding Social Network Communications","prism:isbn": [{"@_fa": "true", "$" :"9781466673786"},{"@_fa": "true", "$" :"146667377X"},{"@_fa": "true", "$" :"9781466673779"}],"prism:pageRange":"275-287","prism:coverDate":"2014-12-31","prism:coverDisplayDate":"December 31, 2014","prism:doi":"10.4018/978-1-4666-7377-9.ch017","citedby-count":"0","affiliation": [{"@_fa": "true", "affilname":"National University of Defense Technology","affiliation-city":"Changsha","affiliation-country":"China"}],"prism:aggregationType":"Book","subtype":"ch","subtypeDescription":"Chapter","source-id":"21100443751","openaccess":"0","openaccessFlag":false},{"@_fa": "true", "link": [{"@_fa": "true", "@ref": "self", "@href": "https://api.elsevier.com/content/abstract/scopus_id/84957061654"},{"@_fa": "true", "@ref": "author-affiliation", "@href": "https://api.elsevier.com/content/abstract/scopus_id/84957061654?field=author,affiliation"},{"@_fa": "true", "@ref": "scopus", "@href": "https://www.scopus.com/inward/record.uri?partnerID=HzOxMe3b&scp=84957061654&origin=inward"},{"@_fa": "true", "@ref": "scopus-citedby", "@href": "https://www.scopus.com/inward/citedby.uri?partnerID=HzOxMe3b&scp=84957061654&origin=inward"}],"prism:url":"https://api.elsevier.com/content/abstract/scopus_id/84957061654","dc:identifier":"SCOPUS_ID:84957061654","eid":"2-s2.0-84957061654","dc:title":"Quality analysis of VoIP in real-time interactive systems over lossy networks","dc:creator":"Mouasher M.","prism:publicationName":"Handbook of Research on Interactive Information Quality in Expanding Social Network Communications","prism:isbn": [{"@_fa": "true", "$" :"9781466673786"},{"@_fa": "true", "$" :"146667377X"},{"@_fa": "true", "$" :"9781466673779"}],"prism:pageRange":"261-274","prism:coverDate":"2014-12-31","prism:coverDisplayDate":"December 31, 2014","prism:doi":"10.4018/978-1-4666-7377-9.ch016","citedby-count":"0","affiliation": [{"@_fa": "true", "affilname":"The University of Jordan","affiliation-city":"Amman","affiliation-country":"Jordan"},{"@_fa": "true", "affilname":"Telecommunication Regulatory Commission (TRC","affiliation-city":null,"affiliation-country":"Jordan"}],"prism:aggregationType":"Book","subtype":"ch","subtypeDescription":"Chapter","source-id":"21100443751","openaccess":"0","openaccessFlag":false},{"@_fa": "true", "link": [{"@_fa": "true", "@ref": "self", "@href": "https://api.elsevier.com/content/abstract/scopus_id/84946149134"},{"@_fa": "true", "@ref": "author-affiliation", "@href": "https://api.elsevier.com/content/abstract/scopus_id/84946149134?field=author,affiliation"},{"@_fa": "true", "@ref": "scopus", "@href": "https://www.scopus.com/inward/record.uri?partnerID=HzOxMe3b&scp=84946149134&origin=inward"},{"@_fa": "true", "@ref": "scopus-citedby", "@href": "https://www.scopus.com/inward/citedby.uri?partnerID=HzOxMe3b&scp=84946149134&origin=inward"}],"prism:url":"https://api.elsevier.com/content/abstract/scopus_id/84946149134","dc:identifier":"SCOPUS_ID:84946149134","eid":"2-s2.0-84946149134","dc:title":"The role of social media and social networking in information service provision: A practical view","dc:creator":"Onwuchekwa E.","prism:publicationName":"Social Media Strategies for Dynamic Library Service Development","prism:isbn": [{"@_fa": "true", "$" :"9781466674165"},{"@_fa": "true", "$" :"1466674156"},{"@_fa": "true", "$" :"9781466674158"}],"prism:pageRange":"126-139","prism:coverDate":"2014-12-31","prism:coverDisplayDate":"December 31, 2014","prism:doi":"10.4018/978-1-4666-7415-8.ch007","citedby-count":"1","affiliation": [{"@_fa": "true", "affilname":"National Open University of Nigeria","affiliation-city":"Lagos","affiliation-country":"Nigeria"}],"prism:aggregationType":"Book","subtype":"ch","subtypeDescription":"Chapter","source-id":"21100421930","openaccess":"0","openaccessFlag":false},{"@_fa": "true", "link": [{"@_fa": "true", "@ref": "self", "@href": "https://api.elsevier.com/content/abstract/scopus_id/84957067206"},{"@_fa": "true", "@ref": "author-affiliation", "@href": "https://api.elsevier.com/content/abstract/scopus_id/84957067206?field=author,affiliation"},{"@_fa": "true", "@ref": "scopus", "@href": "https://www.scopus.com/inward/record.uri?partnerID=HzOxMe3b&scp=84957067206&origin=inward"},{"@_fa": "true", "@ref": "scopus-citedby", "@href": "https://www.scopus.com/inward/citedby.uri?partnerID=HzOxMe3b&scp=84957067206&origin=inward"}],"prism:url":"https://api.elsevier.com/content/abstract/scopus_id/84957067206","dc:identifier":"SCOPUS_ID:84957067206","eid":"2-s2.0-84957067206","dc:title":"Vision of best practices for IMS implementation","dc:creator":"Biga D.","prism:publicationName":"Handbook of Research on Interactive Information Quality in Expanding Social Network Communications","prism:isbn": [{"@_fa": "true", "$" :"9781466673786"},{"@_fa": "true", "$" :"146667377X"},{"@_fa": "true", "$" :"9781466673779"}],"prism:pageRange":"288-303","prism:coverDate":"2014-12-31","prism:coverDisplayDate":"December 31, 2014","prism:doi":"10.4018/978-1-4666-7377-9.ch018","citedby-count":"0","affiliation": [{"@_fa": "true", "affilname":"Universidad Nacional de La Matanza","affiliation-city":"San Justo","affiliation-country":"Argentina"},{"@_fa": "true", "affilname":"Universidad Tecnologica Nacional","affiliation-city":"Buenos Aires","affiliation-country":"Argentina"}],"prism:aggregationType":"Book","subtype":"ch","subtypeDescription":"Chapter","source-id":"21100443751","openaccess":"0","openaccessFlag":false},{"@_fa": "true", "link": [{"@_fa": "true", "@ref": "self", "@href": "https://api.elsevier.com/content/abstract/scopus_id/84946152549"},{"@_fa": "true", "@ref": "author-affiliation", "@href": "https://api.elsevier.com/content/abstract/scopus_id/84946152549?field=author,affiliation"},{"@_fa": "true", "@ref": "scopus", "@href": "https://www.scopus.com/inward/record.uri?partnerID=HzOxMe3b&scp=84946152549&origin=inward"},{"@_fa": "true", "@ref": "scopus-citedby", "@href": "https://www.scopus.com/inward/citedby.uri?partnerID=HzOxMe3b&scp=84946152549&origin=inward"}],"prism:url":"https://api.elsevier.com/content/abstract/scopus_id/84946152549","dc:identifier":"SCOPUS_ID:84946152549","eid":"2-s2.0-84946152549","dc:title":"Awareness and use of social media: A case study of alagappa university","dc:creator":"Thanuskodi S.","prism:publicationName":"Social Media Strategies for Dynamic Library Service Development","prism:isbn": [{"@_fa": "true", "$" :"9781466674165"},{"@_fa": "true", "$" :"1466674156"},{"@_fa": "true", "$" :"9781466674158"}],"prism:pageRange":"263-278","prism:coverDate":"2014-12-31","prism:coverDisplayDate":"December 31, 2014","prism:doi":"10.4018/978-1-4666-7415-8.ch014","citedby-count":"0","prism:aggregationType":"Book","subtype":"ch","subtypeDescription":"Chapter","source-id":"21100421930","openaccess":"0","openaccessFlag":false},{"@_fa": "true", "link": [{"@_fa": "true", "@ref": "self", "@href": "https://api.elsevier.com/content/abstract/scopus_id/84946146114"},{"@_fa": "true", "@ref": "author-affiliation", "@href": "https://api.elsevier.com/content/abstract/scopus_id/84946146114?field=author,affiliation"},{"@_fa": "true", "@ref": "scopus", "@href": "https://www.scopus.com/inward/record.uri?partnerID=HzOxMe3b&scp=84946146114&origin=inward"},{"@_fa": "true", "@ref": "scopus-citedby", "@href": "https://www.scopus.com/inward/citedby.uri?partnerID=HzOxMe3b&scp=84946146114&origin=inward"}],"prism:url":"https://api.elsevier.com/content/abstract/scopus_id/84946146114","dc:identifier":"SCOPUS_ID:84946146114","eid":"2-s2.0-84946146114","dc:title":"The social library: Integrating social networking into library reference services","dc:creator":"Adigun G.","prism:publicationName":"Social Media Strategies for Dynamic Library Service Development","prism:isbn": [{"@_fa": "true", "$" :"9781466674165"},{"@_fa": "true", "$" :"1466674156"},{"@_fa": "true", "$" :"9781466674158"}],"prism:pageRange":"140-154","prism:coverDate":"2014-12-31","prism:coverDisplayDate":"December 31, 2014","prism:doi":"10.4018/978-1-4666-7415-8.ch008","citedby-count":"3","affiliation": [{"@_fa": "true", "affilname":"University of Ilorin","affiliation-city":"Ilorin","affiliation-country":"Nigeria"},{"@_fa": "true", "affilname":"Ladoke Akintola University of Technology","affiliation-city":"Ogbomoso","affiliation-country":"Nigeria"}],"prism:aggregationType":"Book","subtype":"ch","subtypeDescription":"Chapter","source-id":"21100421930","openaccess":"0","openaccessFlag":false},{"@_fa": "true", "link": [{"@_fa": "true", "@ref": "self", "@href": "https://api.elsevier.com/content/abstract/scopus_id/84957971188"},{"@_fa": "true", "@ref": "author-affiliation", "@href": "https://api.elsevier.com/content/abstract/scopus_id/84957971188?field=author,affiliation"},{"@_fa": "true", "@ref": "scopus", "@href": "https://www.scopus.com/inward/record.uri?partnerID=HzOxMe3b&scp=84957971188&origin=inward"},{"@_fa": "true", "@ref": "scopus-citedby", "@href": "https://www.scopus.com/inward/citedby.uri?partnerID=HzOxMe3b&scp=84957971188&origin=inward"}],"prism:url":"https://api.elsevier.com/content/abstract/scopus_id/84957971188","dc:identifier":"SCOPUS_ID:84957971188","eid":"2-s2.0-84957971188","dc:title":"A comparative study on undergraduate computer science education between china and the United States","dc:creator":"Jiang E.","prism:publicationName":"STEM Education: Concepts, Methodologies, Tools, and Applications","prism:isbn": [{"@_fa": "true", "$" :"9781466673649"},{"@_fa": "true", "$" :"146667363X"},{"@_fa": "true", "$" :"9781466673632"}],"prism:volume":"2-3","prism:pageRange":"918-933","prism:coverDate":"2014-12-31","prism:coverDisplayDate":"December 31, 2014","prism:doi":"10.4018/978-1-4666-7363-2.ch049","citedby-count":"0","affiliation": [{"@_fa": "true", "affilname":"University of San Diego","affiliation-city":"San Diego","affiliation-country":"United States"}],"prism:aggregationType":"Book","subtype":"ch","subtypeDescription":"Chapter","source-id":"21100516059","openaccess":"0","openaccessFlag":false},{"@_fa": "true", "link": [{"@_fa": "true", "@ref": "self", "@href": "https://api.elsevier.com/content/abstract/scopus_id/84921058946"},{"@_fa": "true", "@ref": "author-affiliation", "@href": "https://api.elsevier.com/content/abstract/scopus_id/84921058946?field=author,affiliation"},{"@_fa": "true", "@ref": "scopus", "@href": "https://www.scopus.com/inward/record.uri?partnerID=HzOxMe3b&scp=84921058946&origin=inward"},{"@_fa": "true", "@ref": "scopus-citedby", "@href": "https://www.scopus.com/inward/citedby.uri?partnerID=HzOxMe3b&scp=84921058946&origin=inward"}],"prism:url":"https://api.elsevier.com/content/abstract/scopus_id/84921058946","dc:identifier":"SCOPUS_ID:84921058946","eid":"2-s2.0-84921058946","dc:title":"Decision feedback blind equalizer with tap-leaky whitening for stable structure-criterion switching","dc:creator":"Krstić V.","prism:publicationName":"International Journal of Digital Multimedia Broadcasting","prism:issn":"16877578","prism:eIssn":"16877586","prism:volume":"2014","prism:pageRange":null,"prism:coverDate":"2014-12-30","prism:coverDisplayDate":"30 December 2014","prism:doi":"10.1155/2014/987039","citedby-count":"4","prism:aggregationType":"Journal","subtype":"ar","subtypeDescription":"Article","article-number":"987039","source-id":"17600155044","openaccess":"1","openaccessFlag":true},{"@_fa": "true", "link": [{"@_fa": "true", "@ref": "self", "@href": "https://api.elsevier.com/content/abstract/scopus_id/84937107165"},{"@_fa": "true", "@ref": "author-affiliation", "@href": "https://api.elsevier.com/content/abstract/scopus_id/84937107165?field=author,affiliation"},{"@_fa": "true", "@ref": "scopus", "@href": "https://www.scopus.com/inward/record.uri?partnerID=HzOxMe3b&scp=84937107165&origin=inward"},{"@_fa": "true", "@ref": "scopus-citedby", "@href": "https://www.scopus.com/inward/citedby.uri?partnerID=HzOxMe3b&scp=84937107165&origin=inward"},{"@_fa": "true", "@ref": "full-text", "@href": "https://api.elsevier.com/content/article/eid/1-s2.0-S1877916615000442"}],"prism:url":"https://api.elsevier.com/content/abstract/scopus_id/84937107165","dc:identifier":"SCOPUS_ID:84937107165","eid":"2-s2.0-84937107165","dc:title":"Less might be better. Sustainable funding strategies for cultural producers","dc:creator":"Cuccia T.","prism:publicationName":"City, Culture and Society","prism:issn":"18779166","prism:eIssn":"18779174","prism:volume":"7","prism:issueIdentifier":"2","prism:pageRange":"109-116","prism:coverDate":"2014-12-27","prism:coverDisplayDate":"December 27, 2014","prism:doi":"10.1016/j.ccs.2015.07.002","pii":"S1877916615000442","citedby-count":"4","affiliation": [{"@_fa": "true", "affilname":"Università degli Studi di Catania","affiliation-city":"Catania","affiliation-country":"Italy"}],"prism:aggregationType":"Journal","subtype":"ar","subtypeDescription":"Article","source-id":"19700182329","openaccess":"0","openaccessFlag":false},{"@_fa": "true", "link": [{"@_fa": "true", "@ref": "self", "@href": "https://api.elsevier.com/content/abstract/scopus_id/84958615755"},{"@_fa": "true", "@ref": "author-affiliation", "@href": "https://api.elsevier.com/content/abstract/scopus_id/84958615755?field=author,affiliation"},{"@_fa": "true", "@ref": "scopus", "@href": "https://www.scopus.com/inward/record.uri?partnerID=HzOxMe3b&scp=84958615755&origin=inward"},{"@_fa": "true", "@ref": "scopus-citedby", "@href": "https://www.scopus.com/inward/citedby.uri?partnerID=HzOxMe3b&scp=84958615755&origin=inward"}],"prism:url":"https://api.elsevier.com/content/abstract/scopus_id/84958615755","dc:identifier":"SCOPUS_ID:84958615755","eid":"2-s2.0-84958615755","dc:title":"Transport networks and accessibility: Complex spatial interactions","dc:creator":"McArthur D.","prism:publicationName":"Accessibility and Spatial Interaction","prism:isbn": [{"@_fa": "true", "$" :"9781782540731"},{"@_fa": "true", "$" :"9781782540724"}],"prism:pageRange":"38-61","prism:coverDate":"2014-12-26","prism:coverDisplayDate":"December 26, 2014","prism:doi":"10.4337/9781782540731.00009","citedby-count":"0","affiliation": [{"@_fa": "true", "affilname":"Universitetet i Oslo","affiliation-city":"Oslo","affiliation-country":"Norway"}],"prism:aggregationType":"Book","subtype":"ch","subtypeDescription":"Chapter","source-id":"21100446591","openaccess":"0","openaccessFlag":false},{"@_fa": "true", "link": [{"@_fa": "true", "@ref": "self", "@href": "https://api.elsevier.com/content/abstract/scopus_id/84958675896"},{"@_fa": "true", "@ref": "author-affiliation", "@href": "https://api.elsevier.com/content/abstract/scopus_id/84958675896?field=author,affiliation"},{"@_fa": "true", "@ref": "scopus", "@href": "https://www.scopus.com/inward/record.uri?partnerID=HzOxMe3b&scp=84958675896&origin=inward"},{"@_fa": "true", "@ref": "scopus-citedby", "@href": "https://www.scopus.com/inward/citedby.uri?partnerID=HzOxMe3b&scp=84958675896&origin=inward"}],"prism:url":"https://api.elsevier.com/content/abstract/scopus_id/84958675896","dc:identifier":"SCOPUS_ID:84958675896","eid":"2-s2.0-84958675896","dc:title":"Accessibility and spatial interaction","dc:creator":"Condeço-Melhorado A.","prism:publicationName":"Accessibility and Spatial Interaction","prism:isbn": [{"@_fa": "true", "$" :"9781782540731"},{"@_fa": "true", "$" :"9781782540724"}],"prism:pageRange":"1-244","prism:coverDate":"2014-12-26","prism:coverDisplayDate":"December 26, 2014","prism:doi":"10.4337/9781782540731","citedby-count":"5","affiliation": [{"@_fa": "true", "affilname":"European Commission Joint Research Centre","affiliation-city":"Brussels","affiliation-country":"Belgium"}],"prism:aggregationType":"Book","subtype":"bk","subtypeDescription":"Book","source-id":"21100446591","openaccess":"1","openaccessFlag":true},{"@_fa": "true", "link": [{"@_fa": "true", "@ref": "self", "@href": "https://api.elsevier.com/content/abstract/scopus_id/84942862514"},{"@_fa": "true", "@ref": "author-affiliation", "@href": "https://api.elsevier.com/content/abstract/scopus_id/84942862514?field=author,affiliation"},{"@_fa": "true", "@ref": "scopus", "@href": "https://www.scopus.com/inward/record.uri?partnerID=HzOxMe3b&scp=84942862514&origin=inward"},{"@_fa": "true", "@ref": "scopus-citedby", "@href": "https://www.scopus.com/inward/citedby.uri?partnerID=HzOxMe3b&scp=84942862514&origin=inward"}],"prism:url":"https://api.elsevier.com/content/abstract/scopus_id/84942862514","dc:identifier":"SCOPUS_ID:84942862514","eid":"2-s2.0-84942862514","dc:title":"Are P2P streaming systems ready for interactive e-learning?","dc:creator":"Tommasi F.","prism:publicationName":"2014 International Conference on Education Technologies and Computers, ICETC 2014","prism:isbn": [{"@_fa": "true", "$" :"9781479962488"}],"prism:pageRange":"49-54","prism:coverDate":"2014-12-25","prism:coverDisplayDate":"25 December 2014","prism:doi":"10.1109/ICETC.2014.6998901","citedby-count":"5","affiliation": [{"@_fa": "true", "affilname":"Universita del Salento","affiliation-city":"Lecce","affiliation-country":"Italy"}],"prism:aggregationType":"Conference Proceeding","subtype":"cp","subtypeDescription":"Conference Paper","article-number":"6998901","source-id":"21100412722","openaccess":"0","openaccessFlag":false},{"@_fa": "true", "link": [{"@_fa": "true", "@ref": "self", "@href": "https://api.elsevier.com/content/abstract/scopus_id/84919785966"},{"@_fa": "true", "@ref": "author-affiliation", "@href": "https://api.elsevier.com/content/abstract/scopus_id/84919785966?field=author,affiliation"},{"@_fa": "true", "@ref": "scopus", "@href": "https://www.scopus.com/inward/record.uri?partnerID=HzOxMe3b&scp=84919785966&origin=inward"},{"@_fa": "true", "@ref": "scopus-citedby", "@href": "https://www.scopus.com/inward/citedby.uri?partnerID=HzOxMe3b&scp=84919785966&origin=inward"}],"prism:url":"https://api.elsevier.com/content/abstract/scopus_id/84919785966","dc:identifier":"SCOPUS_ID:84919785966","eid":"2-s2.0-84919785966","dc:title":"Secure password authentication schemes and their applications - How to achieve security with short passwords","dc:creator":"Kobara K.","prism:publicationName":"Synthesiology","prism:issn":"18830978","prism:volume":"7","prism:issueIdentifier":"3","prism:pageRange":"179-189","prism:coverDate":"2014-12-25","prism:coverDisplayDate":"25 December 2014","citedby-count":"1","affiliation": [{"@_fa": "true", "affilname":"National Institute of Advanced Industrial Science and Technology","affiliation-city":"Tokyo","affiliation-country":"Japan"}],"prism:aggregationType":"Journal","subtype":"ar","subtypeDescription":"Article","source-id":"19700166523","openaccess":"0","openaccessFlag":false},{"@_fa": "true", "link": [{"@_fa": "true", "@ref": "self", "@href": "https://api.elsevier.com/content/abstract/scopus_id/84919663274"},{"@_fa": "true", "@ref": "author-affiliation", "@href": "https://api.elsevier.com/content/abstract/scopus_id/84919663274?field=author,affiliation"},{"@_fa": "true", "@ref": "scopus", "@href": "https://www.scopus.com/inward/record.uri?partnerID=HzOxMe3b&scp=84919663274&origin=inward"},{"@_fa": "true", "@ref": "scopus-citedby", "@href": "https://www.scopus.com/inward/citedby.uri?partnerID=HzOxMe3b&scp=84919663274&origin=inward"}],"prism:url":"https://api.elsevier.com/content/abstract/scopus_id/84919663274","dc:identifier":"SCOPUS_ID:84919663274","eid":"2-s2.0-84919663274","dc:title":"Erratum: On the applicability of elastic network normal modes in small-molecule docking (Journal of Chemical Information and Modeling (2012) 52:3 (844-856) DOI: 10.1021/ci2004847)","dc:creator":"Dietzen M.","prism:publicationName":"Journal of Chemical Information and Modeling","prism:issn":"15499596","prism:eIssn":"15205142","prism:volume":"54","prism:issueIdentifier":"12","prism:pageRange":"3453","prism:coverDate":"2014-12-22","prism:coverDisplayDate":"22 December 2014","prism:doi":"10.1021/ci5006788","citedby-count":"1","prism:aggregationType":"Journal","subtype":"er","subtypeDescription":"Erratum","source-id":"130080","openaccess":"0","openaccessFlag":false},{"@_fa": "true", "link": [{"@_fa": "true", "@ref": "self", "@href": "https://api.elsevier.com/content/abstract/scopus_id/84919663273"},{"@_fa": "true", "@ref": "author-affiliation", "@href": "https://api.elsevier.com/content/abstract/scopus_id/84919663273?field=author,affiliation"},{"@_fa": "true", "@ref": "scopus", "@href": "https://www.scopus.com/inward/record.uri?partnerID=HzOxMe3b&scp=84919663273&origin=inward"},{"@_fa": "true", "@ref": "scopus-citedby", "@href": "https://www.scopus.com/inward/citedby.uri?partnerID=HzOxMe3b&scp=84919663273&origin=inward"}],"prism:url":"https://api.elsevier.com/content/abstract/scopus_id/84919663273","dc:identifier":"SCOPUS_ID:84919663273","eid":"2-s2.0-84919663273","dc:title":"Time-averaged distributions of solute and solvent motions: Exploring proton wires of GFP and PfM2DH","dc:creator":"Velez-Vega C.","prism:publicationName":"Journal of Chemical Information and Modeling","prism:issn":"15499596","prism:eIssn":"15205142","prism:volume":"54","prism:issueIdentifier":"12","prism:pageRange":"3344-3361","prism:coverDate":"2014-12-22","prism:coverDisplayDate":"22 December 2014","prism:doi":"10.1021/ci500571h","citedby-count":"12","affiliation": [{"@_fa": "true", "affilname":"Computer Aided Drug Discovery","affiliation-city":"Kalamazoo","affiliation-country":"United States"}],"pubmed-id":"25405925","prism:aggregationType":"Journal","subtype":"ar","subtypeDescription":"Article","source-id":"130080","openaccess":"0","openaccessFlag":false},{"@_fa": "true", "link": [{"@_fa": "true", "@ref": "self", "@href": "https://api.elsevier.com/content/abstract/scopus_id/84919681581"},{"@_fa": "true", "@ref": "author-affiliation", "@href": "https://api.elsevier.com/content/abstract/scopus_id/84919681581?field=author,affiliation"},{"@_fa": "true", "@ref": "scopus", "@href": "https://www.scopus.com/inward/record.uri?partnerID=HzOxMe3b&scp=84919681581&origin=inward"},{"@_fa": "true", "@ref": "scopus-citedby", "@href": "https://www.scopus.com/inward/citedby.uri?partnerID=HzOxMe3b&scp=84919681581&origin=inward"}],"prism:url":"https://api.elsevier.com/content/abstract/scopus_id/84919681581","dc:identifier":"SCOPUS_ID:84919681581","eid":"2-s2.0-84919681581","dc:title":"CLCA: Maximum common molecular substructure queries within the MetRxn database","dc:creator":"Kumar A.","prism:publicationName":"Journal of Chemical Information and Modeling","prism:issn":"15499596","prism:eIssn":"15205142","prism:volume":"54","prism:issueIdentifier":"12","prism:pageRange":"3417-3438","prism:coverDate":"2014-12-22","prism:coverDisplayDate":"22 December 2014","prism:doi":"10.1021/ci5003922","citedby-count":"17","affiliation": [{"@_fa": "true", "affilname":"The Huck Institutes of the Life Sciences","affiliation-city":"University Park","affiliation-country":"United States"}],"pubmed-id":"25412255","prism:aggregationType":"Journal","subtype":"ar","subtypeDescription":"Article","source-id":"130080","openaccess":"0","openaccessFlag":false},{"@_fa": "true", "link": [{"@_fa": "true", "@ref": "self", "@href": "https://api.elsevier.com/content/abstract/scopus_id/84939617962"},{"@_fa": "true", "@ref": "author-affiliation", "@href": "https://api.elsevier.com/content/abstract/scopus_id/84939617962?field=author,affiliation"},{"@_fa": "true", "@ref": "scopus", "@href": "https://www.scopus.com/inward/record.uri?partnerID=HzOxMe3b&scp=84939617962&origin=inward"},{"@_fa": "true", "@ref": "scopus-citedby", "@href": "https://www.scopus.com/inward/citedby.uri?partnerID=HzOxMe3b&scp=84939617962&origin=inward"}],"prism:url":"https://api.elsevier.com/content/abstract/scopus_id/84939617962","dc:identifier":"SCOPUS_ID:84939617962","eid":"2-s2.0-84939617962","dc:title":"Birds of different feathers cooperate together: No evidence for altruism homophily in networks","dc:creator":"Simpson B.","prism:publicationName":"Sociological Science","prism:eIssn":"23306696","prism:volume":"1","prism:pageRange":"542-564","prism:coverDate":"2014-12-22","prism:coverDisplayDate":"22 December 2014","prism:doi":"10.15195/v1.a30","citedby-count":"4","affiliation": [{"@_fa": "true", "affilname":"University of South Carolina","affiliation-city":"Columbia","affiliation-country":"United States"}],"prism:aggregationType":"Journal","subtype":"ar","subtypeDescription":"Article","source-id":"21100855741","openaccess":"1","openaccessFlag":true},{"@_fa": "true", "link": [{"@_fa": "true", "@ref": "self", "@href": "https://api.elsevier.com/content/abstract/scopus_id/84919597111"},{"@_fa": "true", "@ref": "author-affiliation", "@href": "https://api.elsevier.com/content/abstract/scopus_id/84919597111?field=author,affiliation"},{"@_fa": "true", "@ref": "scopus", "@href": "https://www.scopus.com/inward/record.uri?partnerID=HzOxMe3b&scp=84919597111&origin=inward"},{"@_fa": "true", "@ref": "scopus-citedby", "@href": "https://www.scopus.com/inward/citedby.uri?partnerID=HzOxMe3b&scp=84919597111&origin=inward"}],"prism:url":"https://api.elsevier.com/content/abstract/scopus_id/84919597111","dc:identifier":"SCOPUS_ID:84919597111","eid":"2-s2.0-84919597111","dc:title":"Molecular dynamics simulations of complex mixtures aimed at the preparation of naproxen-imprinted xerogels","dc:creator":"Concu R.","prism:publicationName":"Journal of Chemical Information and Modeling","prism:issn":"15499596","prism:eIssn":"15205142","prism:volume":"54","prism:issueIdentifier":"12","prism:pageRange":"3330-3343","prism:coverDate":"2014-12-22","prism:coverDisplayDate":"22 December 2014","prism:doi":"10.1021/ci5004575","citedby-count":"5","affiliation": [{"@_fa": "true", "affilname":"Universidade do Porto","affiliation-city":"Porto","affiliation-country":"Portugal"}],"pubmed-id":"25382432","prism:aggregationType":"Journal","subtype":"ar","subtypeDescription":"Article","source-id":"130080","openaccess":"0","openaccessFlag":false},{"@_fa": "true", "link": [{"@_fa": "true", "@ref": "self", "@href": "https://api.elsevier.com/content/abstract/scopus_id/84919665750"},{"@_fa": "true", "@ref": "author-affiliation", "@href": "https://api.elsevier.com/content/abstract/scopus_id/84919665750?field=author,affiliation"},{"@_fa": "true", "@ref": "scopus", "@href": "https://www.scopus.com/inward/record.uri?partnerID=HzOxMe3b&scp=84919665750&origin=inward"},{"@_fa": "true", "@ref": "scopus-citedby", "@href": "https://www.scopus.com/inward/citedby.uri?partnerID=HzOxMe3b&scp=84919665750&origin=inward"}],"prism:url":"https://api.elsevier.com/content/abstract/scopus_id/84919665750","dc:identifier":"SCOPUS_ID:84919665750","eid":"2-s2.0-84919665750","dc:title":"Experimental and computational prediction of glass transition temperature of drugs","dc:creator":"Alzghoul A.","prism:publicationName":"Journal of Chemical Information and Modeling","prism:issn":"15499596","prism:eIssn":"15205142","prism:volume":"54","prism:issueIdentifier":"12","prism:pageRange":"3396-3403","prism:coverDate":"2014-12-22","prism:coverDisplayDate":"22 December 2014","prism:doi":"10.1021/ci5004834","citedby-count":"21","affiliation": [{"@_fa": "true", "affilname":"Uppsala Universitet","affiliation-city":"Uppsala","affiliation-country":"Sweden"}],"pubmed-id":"25361075","prism:aggregationType":"Journal","subtype":"ar","subtypeDescription":"Article","source-id":"130080","openaccess":"0","openaccessFlag":false},{"@_fa": "true", "link": [{"@_fa": "true", "@ref": "self", "@href": "https://api.elsevier.com/content/abstract/scopus_id/84924548897"},{"@_fa": "true", "@ref": "author-affiliation", "@href": "https://api.elsevier.com/content/abstract/scopus_id/84924548897?field=author,affiliation"},{"@_fa": "true", "@ref": "scopus", "@href": "https://www.scopus.com/inward/record.uri?partnerID=HzOxMe3b&scp=84924548897&origin=inward"},{"@_fa": "true", "@ref": "scopus-citedby", "@href": "https://www.scopus.com/inward/citedby.uri?partnerID=HzOxMe3b&scp=84924548897&origin=inward"}],"prism:url":"https://api.elsevier.com/content/abstract/scopus_id/84924548897","dc:identifier":"SCOPUS_ID:84924548897","eid":"2-s2.0-84924548897","dc:title":"Terrified: How anti-Muslim fringe organizations became mainstream","dc:creator":"Bail C.","prism:publicationName":"Terrified: How Anti-Muslim Fringe Organizations Became Mainstream","prism:isbn": [{"@_fa": "true", "$" :"9781400852628"},{"@_fa": "true", "$" :"9780691159423"}],"prism:pageRange":"1-223","prism:coverDate":"2014-12-21","prism:coverDisplayDate":"December 21, 2014","citedby-count":"41","affiliation": [{"@_fa": "true", "affilname":"The University of North Carolina at Chapel Hill","affiliation-city":"Chapel Hill","affiliation-country":"United States"}],"prism:aggregationType":"Book","subtype":"bk","subtypeDescription":"Book","source-id":"21100378570","openaccess":"0","openaccessFlag":false},{"@_fa": "true", "link": [{"@_fa": "true", "@ref": "self", "@href": "https://api.elsevier.com/content/abstract/scopus_id/84958852900"},{"@_fa": "true", "@ref": "author-affiliation", "@href": "https://api.elsevier.com/content/abstract/scopus_id/84958852900?field=author,affiliation"},{"@_fa": "true", "@ref": "scopus", "@href": "https://www.scopus.com/inward/record.uri?partnerID=HzOxMe3b&scp=84958852900&origin=inward"},{"@_fa": "true", "@ref": "scopus-citedby", "@href": "https://www.scopus.com/inward/citedby.uri?partnerID=HzOxMe3b&scp=84958852900&origin=inward"}],"prism:url":"https://api.elsevier.com/content/abstract/scopus_id/84958852900","dc:identifier":"SCOPUS_ID:84958852900","eid":"2-s2.0-84958852900","dc:title":"Obliques: Some that are, and some that aren't","dc:creator":"Casad E.","prism:publicationName":"Non-Nuclear Cases","prism:isbn": [{"@_fa": "true", "$" :"9789027228161"},{"@_fa": "true", "$" :"9789027269249"}],"prism:pageRange":"21-65","prism:coverDate":"2014-12-17","prism:coverDisplayDate":"December 17, 2014","prism:doi":"10.1075/cagral.6.02cas","citedby-count":"0","affiliation": [{"@_fa": "true", "affilname":"Summer Institute of Linguistics","affiliation-city":null,"affiliation-country":"United States"}],"prism:aggregationType":"Book","subtype":"ch","subtypeDescription":"Chapter","source-id":"21100447311","openaccess":"0","openaccessFlag":false},{"@_fa": "true", "link": [{"@_fa": "true", "@ref": "self", "@href": "https://api.elsevier.com/content/abstract/scopus_id/84941910821"},{"@_fa": "true", "@ref": "author-affiliation", "@href": "https://api.elsevier.com/content/abstract/scopus_id/84941910821?field=author,affiliation"},{"@_fa": "true", "@ref": "scopus", "@href": "https://www.scopus.com/inward/record.uri?partnerID=HzOxMe3b&scp=84941910821&origin=inward"},{"@_fa": "true", "@ref": "scopus-citedby", "@href": "https://www.scopus.com/inward/citedby.uri?partnerID=HzOxMe3b&scp=84941910821&origin=inward"}],"prism:url":"https://api.elsevier.com/content/abstract/scopus_id/84941910821","dc:identifier":"SCOPUS_ID:84941910821","eid":"2-s2.0-84941910821","dc:title":"Global Portuguese: Linguistic ideologies in late modernity","dc:creator":"Moita-Lopes L.","prism:publicationName":"Global Portuguese: Linguistic Ideologies in Late Modernity","prism:isbn": [{"@_fa": "true", "$" :"9781317633037"},{"@_fa": "true", "$" :"9781138797116"}],"prism:pageRange":"1-238","prism:coverDate":"2014-12-17","prism:coverDisplayDate":"December 17, 2014","prism:doi":"10.4324/9781315757391","citedby-count":"0","prism:aggregationType":"Book","subtype":"bk","subtypeDescription":"Book","source-id":"21100408812","openaccess":"0","openaccessFlag":false},{"@_fa": "true", "link": [{"@_fa": "true", "@ref": "self", "@href": "https://api.elsevier.com/content/abstract/scopus_id/84957610442"},{"@_fa": "true", "@ref": "author-affiliation", "@href": "https://api.elsevier.com/content/abstract/scopus_id/84957610442?field=author,affiliation"},{"@_fa": "true", "@ref": "scopus", "@href": "https://www.scopus.com/inward/record.uri?partnerID=HzOxMe3b&scp=84957610442&origin=inward"},{"@_fa": "true", "@ref": "scopus-citedby", "@href": "https://www.scopus.com/inward/citedby.uri?partnerID=HzOxMe3b&scp=84957610442&origin=inward"}],"prism:url":"https://api.elsevier.com/content/abstract/scopus_id/84957610442","dc:identifier":"SCOPUS_ID:84957610442","eid":"2-s2.0-84957610442","dc:title":"Measuring public-transport network connectivity using google transit with comparison across cities","dc:creator":"Chowdhury S.","prism:publicationName":"Journal of Public Transportation","prism:issn":"1077291X","prism:volume":"17","prism:issueIdentifier":"4","prism:pageRange":"76-92","prism:coverDate":"2014-12-15","prism:coverDisplayDate":"15 December 2014","prism:doi":"10.5038/2375-0901.17.4.5","citedby-count":"2","affiliation": [{"@_fa": "true", "affilname":"University of Auckland","affiliation-city":"Auckland","affiliation-country":"New Zealand"}],"prism:aggregationType":"Journal","subtype":"ar","subtypeDescription":"Article","source-id":"21100205751","openaccess":"1","openaccessFlag":true},{"@_fa": "true", "link": [{"@_fa": "true", "@ref": "self", "@href": "https://api.elsevier.com/content/abstract/scopus_id/84937045046"},{"@_fa": "true", "@ref": "author-affiliation", "@href": "https://api.elsevier.com/content/abstract/scopus_id/84937045046?field=author,affiliation"},{"@_fa": "true", "@ref": "scopus", "@href": "https://www.scopus.com/inward/record.uri?partnerID=HzOxMe3b&scp=84937045046&origin=inward"},{"@_fa": "true", "@ref": "scopus-citedby", "@href": "https://www.scopus.com/inward/citedby.uri?partnerID=HzOxMe3b&scp=84937045046&origin=inward"}],"prism:url":"https://api.elsevier.com/content/abstract/scopus_id/84937045046","dc:identifier":"SCOPUS_ID:84937045046","eid":"2-s2.0-84937045046","dc:title":"Building a transnational network of social reform in the nineteenth century","dc:creator":"Leonards C.","prism:publicationName":"Shaping the Transnational Sphere: Experts, Networks and Issues from the 1840s to the 1930s","prism:isbn": [{"@_fa": "true", "$" :"9781782383598"},{"@_fa": "true", "$" :"9781782383581"}],"prism:volume":"14","prism:pageRange":"111-130","prism:coverDate":"2014-12-15","prism:coverDisplayDate":"December 15, 2014","citedby-count":"5","prism:aggregationType":"Book","subtype":"ch","subtypeDescription":"Chapter","source-id":"21100398897","openaccess":"0","openaccessFlag":false}]}}