{"search-results":{"opensearch:totalResults":"2","opensearch:startIndex":"0","opensearch:itemsPerPage":"2","opensearch:Query":{"@role": "request", "@searchTerms": "TITLE-ABS-KEY(\"network\") AND SUBJAREA(SOCI) AND PUBYEAR = 1947", "@startPage": "0"},"link": [{"@_fa": "true", "@ref": "self", "@href": "https://api.elsevier.com/content/search/scopus?start=0&count=25&query=TITLE-ABS-KEY%28%22network%22%29+AND+SUBJAREA%28SOCI%29+AND+PUBYEAR+%3D+1947&apiKey=27d953b4b546791964ebeb768d13e61f&view=STANDARD", "@type": "application/json"},{"@_fa": "true", "@ref": "first", "@href": "https://api.elsevier.com/content/search/scopus?start=0&count=25&query=TITLE-ABS-KEY%28%22network%22%29+AND+SUBJAREA%28SOCI%29+AND+PUBYEAR+%3D+1947&apiKey=27d953b4b546791964ebeb768d13e61f&view=STANDARD", "@type": "application/json"}],"entry": [{"@_fa": "true", "link": [{"@_fa": "true", "@ref": "self", "@href": "https://api.elsevier.com/content/abstract/scopus_id/0038538163"},{"@_fa": "true", "@ref": "author-affiliation", "@href": "https://api.elsevier.com/content/abstract/scopus_id/0038538163?field=author,affiliation"},{"@_fa": "true", "@ref": "scopus", "@href": "https://www.scopus.com/inward/record.uri?partnerID=HzOxMe3b&scp=0038538163&origin=inward"},{"@_fa": "true", "@ref": "scopus-citedby", "@href": "https://www.scopus.com/inward/citedby.uri?partnerID=HzOxMe3b&scp=0038538163&origin=inward"}],"prism:url":"https://api.elsevier.com/content/abstract/scopus_id/0038538163","dc:identifier":"SCOPUS_ID:0038538163","eid":"2-s2.0-0038538163","dc:title":"Accommodation between negro and white employees in a west coast aircraft industry 1942-1944","dc:creator":"Reed B.","prism:publicationName":"Social Forces","prism:issn":"00377732","prism:eIssn":"15347605","prism:volume":"26","prism:issueIdentifier":"1","prism:pageRange":"76-84","prism:coverDate":"1947-10-01","prism:coverDisplayDate":"1 October 1947","prism:doi":"10.2307/2572608","citedby-count":"9","prism:aggregationType":"Journal","subtype":"ar","subtypeDescription":"Article","source-id":"17530","openaccess":"0","openaccessFlag":false},{"@_fa": "true", "link": [{"@_fa": "true", "@ref": "self", "@href": "https://api.elsevier.com/content/abstract/scopus_id/84872626251"},{"@_fa": "true", "@ref": "author-affiliation", "@href": "https://api.elsevier.com/content/abstract/scopus_id/84872626251?field=author,affiliation"},{"@_fa": "true", "@ref": "scopus", "@href": "https://www.scopus.com/inward/record.uri?partnerID=HzOxMe3b&scp=84872626251&origin=inward"},{"@_fa": "true", "@ref": "scopus-citedby", "@href": "https://www.scopus.com/inward/citedby.uri?partnerID=HzOxMe3b&scp=84872626251&origin=inward"}],"prism:url":"https://api.elsevier.com/content/abstract/scopus_id/84872626251","dc:identifier":"SCOPUS_ID:84872626251","eid":"2-s2.0-84872626251","dc:title":"CO-ORDINATED network of medical service.","prism:publicationName":"The Indian journal of social work","prism:issn":"00195634","prism:volume":"7","prism:issueIdentifier":"4","prism:pageRange":"327","prism:coverDate":"1947-03-01","prism:coverDisplayDate":"March 1947","citedby-count":"0","pubmed-id":"20247911","prism:aggregationType":"Journal","subtype":"ar","subtypeDescription":"Article","source-id":"29759","openaccess":"0","openaccessFlag":false}]}}