{"search-results":{"opensearch:totalResults":"1881","opensearch:startIndex":"0","opensearch:itemsPerPage":"25","opensearch:Query":{"@role": "request", "@searchTerms": "TITLE-ABS-KEY(\"network\") AND SUBJAREA(SOCI) AND PUBYEAR = 1999", "@startPage": "0"},"link": [{"@_fa": "true", "@ref": "self", "@href": "https://api.elsevier.com/content/search/scopus?start=0&count=25&query=TITLE-ABS-KEY%28%22network%22%29+AND+SUBJAREA%28SOCI%29+AND+PUBYEAR+%3D+1999&apiKey=27d953b4b546791964ebeb768d13e61f&view=STANDARD", "@type": "application/json"},{"@_fa": "true", "@ref": "first", "@href": "https://api.elsevier.com/content/search/scopus?start=0&count=25&query=TITLE-ABS-KEY%28%22network%22%29+AND+SUBJAREA%28SOCI%29+AND+PUBYEAR+%3D+1999&apiKey=27d953b4b546791964ebeb768d13e61f&view=STANDARD", "@type": "application/json"},{"@_fa": "true", "@ref": "next", "@href": "https://api.elsevier.com/content/search/scopus?start=25&count=25&query=TITLE-ABS-KEY%28%22network%22%29+AND+SUBJAREA%28SOCI%29+AND+PUBYEAR+%3D+1999&apiKey=27d953b4b546791964ebeb768d13e61f&view=STANDARD", "@type": "application/json"},{"@_fa": "true", "@ref": "last", "@href": "https://api.elsevier.com/content/search/scopus?start=1856&count=25&query=TITLE-ABS-KEY%28%22network%22%29+AND+SUBJAREA%28SOCI%29+AND+PUBYEAR+%3D+1999&apiKey=27d953b4b546791964ebeb768d13e61f&view=STANDARD", "@type": "application/json"}],"entry": [{"@_fa": "true", "link": [{"@_fa": "true", "@ref": "self", "@href": "https://api.elsevier.com/content/abstract/scopus_id/0032787021"},{"@_fa": "true", "@ref": "author-affiliation", "@href": "https://api.elsevier.com/content/abstract/scopus_id/0032787021?field=author,affiliation"},{"@_fa": "true", "@ref": "scopus", "@href": "https://www.scopus.com/inward/record.uri?partnerID=HzOxMe3b&scp=0032787021&origin=inward"},{"@_fa": "true", "@ref": "scopus-citedby", "@href": "https://www.scopus.com/inward/citedby.uri?partnerID=HzOxMe3b&scp=0032787021&origin=inward"}],"prism:url":"https://api.elsevier.com/content/abstract/scopus_id/0032787021","dc:identifier":"SCOPUS_ID:0032787021","eid":"2-s2.0-0032787021","dc:title":"Hungary: Foreign trade issues in the context of accession to the EU","dc:creator":"Kaminski B.","prism:publicationName":"World Bank Technical Paper","prism:issn":"02537494","prism:issueIdentifier":"441","prism:pageRange":"1-25","prism:coverDate":"1999-12-23","prism:coverDisplayDate":"1999","citedby-count":"0","affiliation": [{"@_fa": "true", "affilname":"The World Bank, USA","affiliation-city":"Washington","affiliation-country":"United States"}],"prism:aggregationType":"Book Series","subtype":"ar","subtypeDescription":"Article","source-id":"67751","openaccess":"0","openaccessFlag":false},{"@_fa": "true", "link": [{"@_fa": "true", "@ref": "self", "@href": "https://api.elsevier.com/content/abstract/scopus_id/0032785179"},{"@_fa": "true", "@ref": "author-affiliation", "@href": "https://api.elsevier.com/content/abstract/scopus_id/0032785179?field=author,affiliation"},{"@_fa": "true", "@ref": "scopus", "@href": "https://www.scopus.com/inward/record.uri?partnerID=HzOxMe3b&scp=0032785179&origin=inward"},{"@_fa": "true", "@ref": "scopus-citedby", "@href": "https://www.scopus.com/inward/citedby.uri?partnerID=HzOxMe3b&scp=0032785179&origin=inward"}],"prism:url":"https://api.elsevier.com/content/abstract/scopus_id/0032785179","dc:identifier":"SCOPUS_ID:0032785179","eid":"2-s2.0-0032785179","dc:title":"Communication strategies for dietary change in a worksite peer educator intervention","dc:creator":"Larkey L.","prism:publicationName":"Health Education Research","prism:issn":"02681153","prism:volume":"14","prism:issueIdentifier":"6","prism:pageRange":"777-790","prism:coverDate":"1999-12-21","prism:coverDisplayDate":"1999","prism:doi":"10.1093/her/14.6.777","citedby-count":"26","affiliation": [{"@_fa": "true", "affilname":"Women's Cancer Prev. Res. Initiative","affiliation-city":"Phoenix","affiliation-country":"United States"}],"pubmed-id":"10585385","prism:aggregationType":"Journal","subtype":"ar","subtypeDescription":"Article","source-id":"29615","openaccess":"1","openaccessFlag":true},{"@_fa": "true", "link": [{"@_fa": "true", "@ref": "self", "@href": "https://api.elsevier.com/content/abstract/scopus_id/0032714269"},{"@_fa": "true", "@ref": "author-affiliation", "@href": "https://api.elsevier.com/content/abstract/scopus_id/0032714269?field=author,affiliation"},{"@_fa": "true", "@ref": "scopus", "@href": "https://www.scopus.com/inward/record.uri?partnerID=HzOxMe3b&scp=0032714269&origin=inward"},{"@_fa": "true", "@ref": "scopus-citedby", "@href": "https://www.scopus.com/inward/citedby.uri?partnerID=HzOxMe3b&scp=0032714269&origin=inward"}],"prism:url":"https://api.elsevier.com/content/abstract/scopus_id/0032714269","dc:identifier":"SCOPUS_ID:0032714269","eid":"2-s2.0-0032714269","dc:title":"The end of the concept of territories","dc:creator":"Chivallon C.","prism:publicationName":"Geographie et Cultures","prism:issn":"11650354","prism:issueIdentifier":"31","prism:pageRange":"127-138","prism:coverDate":"1999-12-20","prism:coverDisplayDate":"1999","citedby-count":"7","affiliation": [{"@_fa": "true", "affilname":"Chargée de Recherche","affiliation-city":"Talence","affiliation-country":"France"}],"prism:aggregationType":"Book Series","subtype":"ar","subtypeDescription":"Article","source-id":"28735","openaccess":"0","openaccessFlag":false},{"@_fa": "true", "link": [{"@_fa": "true", "@ref": "self", "@href": "https://api.elsevier.com/content/abstract/scopus_id/0032700917"},{"@_fa": "true", "@ref": "author-affiliation", "@href": "https://api.elsevier.com/content/abstract/scopus_id/0032700917?field=author,affiliation"},{"@_fa": "true", "@ref": "scopus", "@href": "https://www.scopus.com/inward/record.uri?partnerID=HzOxMe3b&scp=0032700917&origin=inward"},{"@_fa": "true", "@ref": "scopus-citedby", "@href": "https://www.scopus.com/inward/citedby.uri?partnerID=HzOxMe3b&scp=0032700917&origin=inward"}],"prism:url":"https://api.elsevier.com/content/abstract/scopus_id/0032700917","dc:identifier":"SCOPUS_ID:0032700917","eid":"2-s2.0-0032700917","dc:title":"Local sustainability planning: From interest-driven networks to vision-driven super-networks?","dc:creator":"Selman P.","prism:publicationName":"Planning Practice and Research","prism:issn":"02697459","prism:volume":"14","prism:issueIdentifier":"3","prism:pageRange":"329-340","prism:coverDate":"1999-12-16","prism:coverDisplayDate":"1999","prism:doi":"10.1080/02697459915634","citedby-count":"26","prism:aggregationType":"Journal","subtype":"ar","subtypeDescription":"Article","source-id":"14683","openaccess":"0","openaccessFlag":false},{"@_fa": "true", "link": [{"@_fa": "true", "@ref": "self", "@href": "https://api.elsevier.com/content/abstract/scopus_id/0032724532"},{"@_fa": "true", "@ref": "author-affiliation", "@href": "https://api.elsevier.com/content/abstract/scopus_id/0032724532?field=author,affiliation"},{"@_fa": "true", "@ref": "scopus", "@href": "https://www.scopus.com/inward/record.uri?partnerID=HzOxMe3b&scp=0032724532&origin=inward"},{"@_fa": "true", "@ref": "scopus-citedby", "@href": "https://www.scopus.com/inward/citedby.uri?partnerID=HzOxMe3b&scp=0032724532&origin=inward"}],"prism:url":"https://api.elsevier.com/content/abstract/scopus_id/0032724532","dc:identifier":"SCOPUS_ID:0032724532","eid":"2-s2.0-0032724532","dc:title":"Practical lessons in using indicators of determinants of health across 47 European cities","dc:creator":"Doyle Y.","prism:publicationName":"Health Promotion International","prism:issn":"09574824","prism:volume":"14","prism:issueIdentifier":"4","prism:pageRange":"289-299","prism:coverDate":"1999-12-16","prism:coverDisplayDate":"1999","prism:doi":"10.1093/heapro/14.4.289","citedby-count":"9","affiliation": [{"@_fa": "true", "affilname":"King's College London","affiliation-city":"London","affiliation-country":"United Kingdom"},{"@_fa": "true", "affilname":"Southwark and Lewisham Health Authority","affiliation-city":"London","affiliation-country":"United Kingdom"}],"prism:aggregationType":"Journal","subtype":"ar","subtypeDescription":"Article","source-id":"21312","openaccess":"1","openaccessFlag":true},{"@_fa": "true", "link": [{"@_fa": "true", "@ref": "self", "@href": "https://api.elsevier.com/content/abstract/scopus_id/0032751367"},{"@_fa": "true", "@ref": "author-affiliation", "@href": "https://api.elsevier.com/content/abstract/scopus_id/0032751367?field=author,affiliation"},{"@_fa": "true", "@ref": "scopus", "@href": "https://www.scopus.com/inward/record.uri?partnerID=HzOxMe3b&scp=0032751367&origin=inward"},{"@_fa": "true", "@ref": "scopus-citedby", "@href": "https://www.scopus.com/inward/citedby.uri?partnerID=HzOxMe3b&scp=0032751367&origin=inward"}],"prism:url":"https://api.elsevier.com/content/abstract/scopus_id/0032751367","dc:identifier":"SCOPUS_ID:0032751367","eid":"2-s2.0-0032751367","dc:title":"Defining and measuring poverty: Implications for the health of Canadians","dc:creator":"Williamson D.","prism:publicationName":"Health Promotion International","prism:issn":"09574824","prism:volume":"14","prism:issueIdentifier":"4","prism:pageRange":"355-364","prism:coverDate":"1999-12-16","prism:coverDisplayDate":"1999","prism:doi":"10.1093/heapro/14.4.355","citedby-count":"13","affiliation": [{"@_fa": "true", "affilname":"University of Alberta","affiliation-city":"Edmonton","affiliation-country":"Canada"}],"prism:aggregationType":"Journal","subtype":"re","subtypeDescription":"Review","source-id":"21312","openaccess":"1","openaccessFlag":true},{"@_fa": "true", "link": [{"@_fa": "true", "@ref": "self", "@href": "https://api.elsevier.com/content/abstract/scopus_id/84982870497"},{"@_fa": "true", "@ref": "author-affiliation", "@href": "https://api.elsevier.com/content/abstract/scopus_id/84982870497?field=author,affiliation"},{"@_fa": "true", "@ref": "scopus", "@href": "https://www.scopus.com/inward/record.uri?partnerID=HzOxMe3b&scp=84982870497&origin=inward"},{"@_fa": "true", "@ref": "scopus-citedby", "@href": "https://www.scopus.com/inward/citedby.uri?partnerID=HzOxMe3b&scp=84982870497&origin=inward"}],"prism:url":"https://api.elsevier.com/content/abstract/scopus_id/84982870497","dc:identifier":"SCOPUS_ID:84982870497","eid":"2-s2.0-84982870497","dc:title":"A survey technique for map collection retrospective conversion projects","dc:creator":"Andrew P.","prism:publicationName":"Cataloging and Classification Quarterly","prism:issn":"01639374","prism:eIssn":"15444554","prism:volume":"27","prism:issueIdentifier":"3-4","prism:pageRange":"405-412","prism:coverDate":"1999-12-15","prism:coverDisplayDate":"15 December 1999","prism:doi":"10.1300/J104v27n03_10","citedby-count":"4","affiliation": [{"@_fa": "true", "affilname":"Pennsylvania State University","affiliation-city":"University Park","affiliation-country":"United States"}],"prism:aggregationType":"Journal","subtype":"ar","subtypeDescription":"Article","source-id":"4700152770","openaccess":"0","openaccessFlag":false},{"@_fa": "true", "link": [{"@_fa": "true", "@ref": "self", "@href": "https://api.elsevier.com/content/abstract/scopus_id/0033371122"},{"@_fa": "true", "@ref": "author-affiliation", "@href": "https://api.elsevier.com/content/abstract/scopus_id/0033371122?field=author,affiliation"},{"@_fa": "true", "@ref": "scopus", "@href": "https://www.scopus.com/inward/record.uri?partnerID=HzOxMe3b&scp=0033371122&origin=inward"},{"@_fa": "true", "@ref": "scopus-citedby", "@href": "https://www.scopus.com/inward/citedby.uri?partnerID=HzOxMe3b&scp=0033371122&origin=inward"}],"prism:url":"https://api.elsevier.com/content/abstract/scopus_id/0033371122","dc:identifier":"SCOPUS_ID:0033371122","eid":"2-s2.0-0033371122","dc:title":"Social strategies to minimize risks in the urban informal sector. The Philippine Suki-system","dc:creator":"Schneider H.","prism:publicationName":"Geographische Rundschau","prism:issn":"00167460","prism:volume":"51","prism:issueIdentifier":"12","prism:pageRange":"662-667","prism:coverDate":"1999-12-12","prism:coverDisplayDate":"12 December 1999","citedby-count":"2","affiliation": [{"@_fa": "true", "affilname":"Heinrich Heine Universität","affiliation-city":"Dusseldorf","affiliation-country":"Germany"}],"prism:aggregationType":"Journal","subtype":"ar","subtypeDescription":"Article","source-id":"28756","openaccess":"0","openaccessFlag":false},{"@_fa": "true", "link": [{"@_fa": "true", "@ref": "self", "@href": "https://api.elsevier.com/content/abstract/scopus_id/0344560649"},{"@_fa": "true", "@ref": "author-affiliation", "@href": "https://api.elsevier.com/content/abstract/scopus_id/0344560649?field=author,affiliation"},{"@_fa": "true", "@ref": "scopus", "@href": "https://www.scopus.com/inward/record.uri?partnerID=HzOxMe3b&scp=0344560649&origin=inward"},{"@_fa": "true", "@ref": "scopus-citedby", "@href": "https://www.scopus.com/inward/citedby.uri?partnerID=HzOxMe3b&scp=0344560649&origin=inward"}],"prism:url":"https://api.elsevier.com/content/abstract/scopus_id/0344560649","dc:identifier":"SCOPUS_ID:0344560649","eid":"2-s2.0-0344560649","dc:title":"Training by satellite: Planning and evaluating a video conference for injury prevention practitioners","dc:creator":"Breny Bontempi J.","prism:publicationName":"Journal of Community Health","prism:issn":"00945145","prism:volume":"24","prism:issueIdentifier":"6","prism:pageRange":"451-466","prism:coverDate":"1999-12-10","prism:coverDisplayDate":"1999","prism:doi":"10.1023/A:1018746706693","citedby-count":"4","affiliation": [{"@_fa": "true", "affilname":"The University of North Carolina at Chapel Hill","affiliation-city":"Chapel Hill","affiliation-country":"United States"}],"pubmed-id":"10593425","prism:aggregationType":"Journal","subtype":"ar","subtypeDescription":"Article","source-id":"15877","openaccess":"0","openaccessFlag":false},{"@_fa": "true", "link": [{"@_fa": "true", "@ref": "self", "@href": "https://api.elsevier.com/content/abstract/scopus_id/8644258503"},{"@_fa": "true", "@ref": "author-affiliation", "@href": "https://api.elsevier.com/content/abstract/scopus_id/8644258503?field=author,affiliation"},{"@_fa": "true", "@ref": "scopus", "@href": "https://www.scopus.com/inward/record.uri?partnerID=HzOxMe3b&scp=8644258503&origin=inward"},{"@_fa": "true", "@ref": "scopus-citedby", "@href": "https://www.scopus.com/inward/citedby.uri?partnerID=HzOxMe3b&scp=8644258503&origin=inward"}],"prism:url":"https://api.elsevier.com/content/abstract/scopus_id/8644258503","dc:identifier":"SCOPUS_ID:8644258503","eid":"2-s2.0-8644258503","dc:title":"Network kits","dc:creator":"Falk H.","prism:publicationName":"Electronic Library","prism:issn":"02640473","prism:volume":"17","prism:issueIdentifier":"3","prism:pageRange":"181-186","prism:coverDate":"1999-12-01","prism:coverDisplayDate":"1999","prism:doi":"10.1108/02640479910329806","citedby-count":"0","prism:aggregationType":"Journal","subtype":"ar","subtypeDescription":"Article","source-id":"15420","openaccess":"0","openaccessFlag":false},{"@_fa": "true", "link": [{"@_fa": "true", "@ref": "self", "@href": "https://api.elsevier.com/content/abstract/scopus_id/0346511491"},{"@_fa": "true", "@ref": "author-affiliation", "@href": "https://api.elsevier.com/content/abstract/scopus_id/0346511491?field=author,affiliation"},{"@_fa": "true", "@ref": "scopus", "@href": "https://www.scopus.com/inward/record.uri?partnerID=HzOxMe3b&scp=0346511491&origin=inward"},{"@_fa": "true", "@ref": "scopus-citedby", "@href": "https://www.scopus.com/inward/citedby.uri?partnerID=HzOxMe3b&scp=0346511491&origin=inward"}],"prism:url":"https://api.elsevier.com/content/abstract/scopus_id/0346511491","dc:identifier":"SCOPUS_ID:0346511491","eid":"2-s2.0-0346511491","dc:title":"Power in Mixed Exchange Networks","dc:creator":"Yamaguchi K.","prism:publicationName":"Sociological Theory and Methods","prism:issn":"09131442","prism:volume":"13","prism:issueIdentifier":"2","prism:pageRange":"153-154","prism:coverDate":"1999-12-01","prism:coverDisplayDate":"1999","citedby-count":"0","affiliation": [{"@_fa": "true", "affilname":"University of Chicago","affiliation-city":"Chicago","affiliation-country":"United States"}],"prism:aggregationType":"Journal","subtype":"ar","subtypeDescription":"Article","source-id":"17386","openaccess":"0","openaccessFlag":false},{"@_fa": "true", "link": [{"@_fa": "true", "@ref": "self", "@href": "https://api.elsevier.com/content/abstract/scopus_id/11144291174"},{"@_fa": "true", "@ref": "author-affiliation", "@href": "https://api.elsevier.com/content/abstract/scopus_id/11144291174?field=author,affiliation"},{"@_fa": "true", "@ref": "scopus", "@href": "https://www.scopus.com/inward/record.uri?partnerID=HzOxMe3b&scp=11144291174&origin=inward"},{"@_fa": "true", "@ref": "scopus-citedby", "@href": "https://www.scopus.com/inward/citedby.uri?partnerID=HzOxMe3b&scp=11144291174&origin=inward"},{"@_fa": "true", "@ref": "full-text", "@href": "https://api.elsevier.com/content/article/eid/1-s2.0-S0966834996000174"}],"prism:url":"https://api.elsevier.com/content/abstract/scopus_id/11144291174","dc:identifier":"SCOPUS_ID:11144291174","eid":"2-s2.0-11144291174","dc:title":"Neural versus traditional approaches to the location of interacting hub facilities","dc:creator":"Smith K.","prism:publicationName":"Recherche - Transports - Securite","prism:issn":"07618980","prism:volume":"62","prism:pageRange":"155-171","prism:coverDate":"1999-12-01","prism:coverDisplayDate":"1999","pii":"S0966834996000174","citedby-count":"0","prism:aggregationType":"Journal","subtype":"ar","subtypeDescription":"Article","source-id":"53422","openaccess":"0","openaccessFlag":false},{"@_fa": "true", "link": [{"@_fa": "true", "@ref": "self", "@href": "https://api.elsevier.com/content/abstract/scopus_id/0033394512"},{"@_fa": "true", "@ref": "author-affiliation", "@href": "https://api.elsevier.com/content/abstract/scopus_id/0033394512?field=author,affiliation"},{"@_fa": "true", "@ref": "scopus", "@href": "https://www.scopus.com/inward/record.uri?partnerID=HzOxMe3b&scp=0033394512&origin=inward"},{"@_fa": "true", "@ref": "scopus-citedby", "@href": "https://www.scopus.com/inward/citedby.uri?partnerID=HzOxMe3b&scp=0033394512&origin=inward"}],"prism:url":"https://api.elsevier.com/content/abstract/scopus_id/0033394512","dc:identifier":"SCOPUS_ID:0033394512","eid":"2-s2.0-0033394512","dc:title":"Creating a county mapping control network: A work in progress","dc:creator":"Zimmer R.","prism:publicationName":"Surveying and Land Information Systems","prism:issn":"10522905","prism:volume":"59","prism:issueIdentifier":"3","prism:pageRange":"159-163","prism:coverDate":"1999-12-01","prism:coverDisplayDate":"1999","citedby-count":"0","prism:aggregationType":"Journal","subtype":"ar","subtypeDescription":"Article","source-id":"30165","openaccess":"0","openaccessFlag":false},{"@_fa": "true", "link": [{"@_fa": "true", "@ref": "self", "@href": "https://api.elsevier.com/content/abstract/scopus_id/53149136613"},{"@_fa": "true", "@ref": "author-affiliation", "@href": "https://api.elsevier.com/content/abstract/scopus_id/53149136613?field=author,affiliation"},{"@_fa": "true", "@ref": "scopus", "@href": "https://www.scopus.com/inward/record.uri?partnerID=HzOxMe3b&scp=53149136613&origin=inward"},{"@_fa": "true", "@ref": "scopus-citedby", "@href": "https://www.scopus.com/inward/citedby.uri?partnerID=HzOxMe3b&scp=53149136613&origin=inward"}],"prism:url":"https://api.elsevier.com/content/abstract/scopus_id/53149136613","dc:identifier":"SCOPUS_ID:53149136613","eid":"2-s2.0-53149136613","dc:title":"Development of a video network for efficient dissemination of the graphical images in a collaborative environment","dc:creator":"Gordonov A.","prism:publicationName":"Informing Science","prism:issn":"15214672","prism:eIssn":"15214672","prism:volume":"2","prism:issueIdentifier":"1","prism:pageRange":"1-9","prism:coverDate":"1999-12-01","prism:coverDisplayDate":"1999","citedby-count":"0","affiliation": [{"@_fa": "true", "affilname":"College of Staten Island","affiliation-city":"New York","affiliation-country":"United States"}],"prism:aggregationType":"Journal","subtype":"ar","subtypeDescription":"Article","source-id":"145258","openaccess":"0","openaccessFlag":false},{"@_fa": "true", "link": [{"@_fa": "true", "@ref": "self", "@href": "https://api.elsevier.com/content/abstract/scopus_id/11144320838"},{"@_fa": "true", "@ref": "author-affiliation", "@href": "https://api.elsevier.com/content/abstract/scopus_id/11144320838?field=author,affiliation"},{"@_fa": "true", "@ref": "scopus", "@href": "https://www.scopus.com/inward/record.uri?partnerID=HzOxMe3b&scp=11144320838&origin=inward"},{"@_fa": "true", "@ref": "scopus-citedby", "@href": "https://www.scopus.com/inward/citedby.uri?partnerID=HzOxMe3b&scp=11144320838&origin=inward"},{"@_fa": "true", "@ref": "full-text", "@href": "https://api.elsevier.com/content/article/eid/1-s2.0-S0966834996000162"}],"prism:url":"https://api.elsevier.com/content/abstract/scopus_id/11144320838","dc:identifier":"SCOPUS_ID:11144320838","eid":"2-s2.0-11144320838","dc:title":"Airline network design and Hub location problems","dc:creator":"Jaillet P.","prism:publicationName":"Recherche - Transports - Securite","prism:issn":"07618980","prism:volume":"62","prism:pageRange":"195-212","prism:coverDate":"1999-12-01","prism:coverDisplayDate":"1999","pii":"S0966834996000162","citedby-count":"0","prism:aggregationType":"Journal","subtype":"ar","subtypeDescription":"Article","source-id":"53422","openaccess":"0","openaccessFlag":false},{"@_fa": "true", "link": [{"@_fa": "true", "@ref": "self", "@href": "https://api.elsevier.com/content/abstract/scopus_id/0002070247"},{"@_fa": "true", "@ref": "author-affiliation", "@href": "https://api.elsevier.com/content/abstract/scopus_id/0002070247?field=author,affiliation"},{"@_fa": "true", "@ref": "scopus", "@href": "https://www.scopus.com/inward/record.uri?partnerID=HzOxMe3b&scp=0002070247&origin=inward"},{"@_fa": "true", "@ref": "scopus-citedby", "@href": "https://www.scopus.com/inward/citedby.uri?partnerID=HzOxMe3b&scp=0002070247&origin=inward"}],"prism:url":"https://api.elsevier.com/content/abstract/scopus_id/0002070247","dc:identifier":"SCOPUS_ID:0002070247","eid":"2-s2.0-0002070247","dc:title":"Topological indices of textual identity networks","dc:creator":"Leazer G.","prism:publicationName":"Proceedings of the ASIS Annual Meeting","prism:issn":"00447870","prism:volume":"36","prism:pageRange":"345-358","prism:coverDate":"1999-12-01","prism:coverDisplayDate":"1999","citedby-count":"18","prism:aggregationType":"Journal","subtype":"ar","subtypeDescription":"Article","source-id":"31428","openaccess":"0","openaccessFlag":false},{"@_fa": "true", "link": [{"@_fa": "true", "@ref": "self", "@href": "https://api.elsevier.com/content/abstract/scopus_id/0002019250"},{"@_fa": "true", "@ref": "author-affiliation", "@href": "https://api.elsevier.com/content/abstract/scopus_id/0002019250?field=author,affiliation"},{"@_fa": "true", "@ref": "scopus", "@href": "https://www.scopus.com/inward/record.uri?partnerID=HzOxMe3b&scp=0002019250&origin=inward"},{"@_fa": "true", "@ref": "scopus-citedby", "@href": "https://www.scopus.com/inward/citedby.uri?partnerID=HzOxMe3b&scp=0002019250&origin=inward"}],"prism:url":"https://api.elsevier.com/content/abstract/scopus_id/0002019250","dc:identifier":"SCOPUS_ID:0002019250","eid":"2-s2.0-0002019250","dc:title":"A library network for Swaziland: Preliminary investigations and formulations","dc:creator":"Jalloh B.","prism:publicationName":"Information Development","prism:issn":"02666669","prism:eIssn":"17416469","prism:volume":"15","prism:issueIdentifier":"3","prism:pageRange":"178-184","prism:coverDate":"1999-12-01","prism:coverDisplayDate":"1999","prism:doi":"10.1177/0266666994239886","citedby-count":"1","prism:aggregationType":"Journal","subtype":"ar","subtypeDescription":"Article","source-id":"6400153106","openaccess":"0","openaccessFlag":false},{"@_fa": "true", "link": [{"@_fa": "true", "@ref": "self", "@href": "https://api.elsevier.com/content/abstract/scopus_id/33947220412"},{"@_fa": "true", "@ref": "author-affiliation", "@href": "https://api.elsevier.com/content/abstract/scopus_id/33947220412?field=author,affiliation"},{"@_fa": "true", "@ref": "scopus", "@href": "https://www.scopus.com/inward/record.uri?partnerID=HzOxMe3b&scp=33947220412&origin=inward"},{"@_fa": "true", "@ref": "scopus-citedby", "@href": "https://www.scopus.com/inward/citedby.uri?partnerID=HzOxMe3b&scp=33947220412&origin=inward"}],"prism:url":"https://api.elsevier.com/content/abstract/scopus_id/33947220412","dc:identifier":"SCOPUS_ID:33947220412","eid":"2-s2.0-33947220412","dc:title":"Token salaries and social answers in work relations in Africa","dc:creator":"Repetti M.","prism:publicationName":"Sociological Research Online","prism:issn":"13607804","prism:volume":"4","prism:issueIdentifier":"2","prism:pageRange":null,"prism:coverDate":"1999-12-01","prism:coverDisplayDate":"1999","citedby-count":"0","prism:aggregationType":"Journal","subtype":"ar","subtypeDescription":"Article","source-id":"145212","openaccess":"0","openaccessFlag":false},{"@_fa": "true", "link": [{"@_fa": "true", "@ref": "self", "@href": "https://api.elsevier.com/content/abstract/scopus_id/0033496684"},{"@_fa": "true", "@ref": "author-affiliation", "@href": "https://api.elsevier.com/content/abstract/scopus_id/0033496684?field=author,affiliation"},{"@_fa": "true", "@ref": "scopus", "@href": "https://www.scopus.com/inward/record.uri?partnerID=HzOxMe3b&scp=0033496684&origin=inward"},{"@_fa": "true", "@ref": "scopus-citedby", "@href": "https://www.scopus.com/inward/citedby.uri?partnerID=HzOxMe3b&scp=0033496684&origin=inward"}],"prism:url":"https://api.elsevier.com/content/abstract/scopus_id/0033496684","dc:identifier":"SCOPUS_ID:0033496684","eid":"2-s2.0-0033496684","dc:title":"Migrations as social construction: Merits and limits of the approaches based on ethnic networks","dc:creator":"Ambrosini M.","prism:publicationName":"Studi Emigrazione","prism:issn":"00392936","prism:issueIdentifier":"136","prism:pageRange":"655-676","prism:coverDate":"1999-12-01","prism:coverDisplayDate":"1999","citedby-count":"3","prism:aggregationType":"Journal","subtype":"ar","subtypeDescription":"Article","source-id":"27890","openaccess":"0","openaccessFlag":false},{"@_fa": "true", "link": [{"@_fa": "true", "@ref": "self", "@href": "https://api.elsevier.com/content/abstract/scopus_id/31144442343"},{"@_fa": "true", "@ref": "author-affiliation", "@href": "https://api.elsevier.com/content/abstract/scopus_id/31144442343?field=author,affiliation"},{"@_fa": "true", "@ref": "scopus", "@href": "https://www.scopus.com/inward/record.uri?partnerID=HzOxMe3b&scp=31144442343&origin=inward"},{"@_fa": "true", "@ref": "scopus-citedby", "@href": "https://www.scopus.com/inward/citedby.uri?partnerID=HzOxMe3b&scp=31144442343&origin=inward"}],"prism:url":"https://api.elsevier.com/content/abstract/scopus_id/31144442343","dc:identifier":"SCOPUS_ID:31144442343","eid":"2-s2.0-31144442343","dc:title":"Women's information centres and networks: A development perspective","dc:creator":"Valk M.","prism:publicationName":"Information Development","prism:issn":"02666669","prism:eIssn":"17416469","prism:volume":"15","prism:issueIdentifier":"1","prism:pageRange":"26-31","prism:coverDate":"1999-12-01","prism:coverDisplayDate":"1999","prism:doi":"10.1177/0266666994239598","citedby-count":"4","affiliation": [{"@_fa": "true", "affilname":"Royal Tropical Institute - KIT","affiliation-city":"Amsterdam","affiliation-country":"Netherlands"}],"prism:aggregationType":"Journal","subtype":"ar","subtypeDescription":"Article","source-id":"6400153106","openaccess":"0","openaccessFlag":false},{"@_fa": "true", "link": [{"@_fa": "true", "@ref": "self", "@href": "https://api.elsevier.com/content/abstract/scopus_id/0346728878"},{"@_fa": "true", "@ref": "author-affiliation", "@href": "https://api.elsevier.com/content/abstract/scopus_id/0346728878?field=author,affiliation"},{"@_fa": "true", "@ref": "scopus", "@href": "https://www.scopus.com/inward/record.uri?partnerID=HzOxMe3b&scp=0346728878&origin=inward"},{"@_fa": "true", "@ref": "scopus-citedby", "@href": "https://www.scopus.com/inward/citedby.uri?partnerID=HzOxMe3b&scp=0346728878&origin=inward"}],"prism:url":"https://api.elsevier.com/content/abstract/scopus_id/0346728878","dc:identifier":"SCOPUS_ID:0346728878","eid":"2-s2.0-0346728878","dc:title":"Network industries and antitrust","dc:creator":"Douglas Melamed A.","prism:publicationName":"Harvard Journal of Law and Public Policy","prism:issn":"01934872","prism:volume":"23","prism:issueIdentifier":"1","prism:pageRange":null,"prism:coverDate":"1999-12-01","prism:coverDisplayDate":"1999","citedby-count":"3","prism:aggregationType":"Journal","subtype":"ar","subtypeDescription":"Article","source-id":"14300","openaccess":"0","openaccessFlag":false},{"@_fa": "true", "link": [{"@_fa": "true", "@ref": "self", "@href": "https://api.elsevier.com/content/abstract/scopus_id/33745106078"},{"@_fa": "true", "@ref": "author-affiliation", "@href": "https://api.elsevier.com/content/abstract/scopus_id/33745106078?field=author,affiliation"},{"@_fa": "true", "@ref": "scopus", "@href": "https://www.scopus.com/inward/record.uri?partnerID=HzOxMe3b&scp=33745106078&origin=inward"},{"@_fa": "true", "@ref": "scopus-citedby", "@href": "https://www.scopus.com/inward/citedby.uri?partnerID=HzOxMe3b&scp=33745106078&origin=inward"}],"prism:url":"https://api.elsevier.com/content/abstract/scopus_id/33745106078","dc:identifier":"SCOPUS_ID:33745106078","eid":"2-s2.0-33745106078","dc:title":"The global disaster information network","dc:creator":"Roeder L.","prism:publicationName":"Bulletin of the American Society for Information Science","prism:issn":"00954403","prism:volume":"26","prism:issueIdentifier":"1","prism:pageRange":"25-27","prism:coverDate":"1999-12-01","prism:coverDisplayDate":"1999","citedby-count":"3","affiliation": [{"@_fa": "true", "affilname":"United States Department of State","affiliation-city":"Washington","affiliation-country":"United States"},{"@_fa": "true", "affilname":"International Emergency Information Program","affiliation-city":null,"affiliation-country":null}],"prism:aggregationType":"Trade Journal","subtype":"ar","subtypeDescription":"Article","source-id":"12101","openaccess":"0","openaccessFlag":false},{"@_fa": "true", "link": [{"@_fa": "true", "@ref": "self", "@href": "https://api.elsevier.com/content/abstract/scopus_id/0141587670"},{"@_fa": "true", "@ref": "author-affiliation", "@href": "https://api.elsevier.com/content/abstract/scopus_id/0141587670?field=author,affiliation"},{"@_fa": "true", "@ref": "scopus", "@href": "https://www.scopus.com/inward/record.uri?partnerID=HzOxMe3b&scp=0141587670&origin=inward"},{"@_fa": "true", "@ref": "scopus-citedby", "@href": "https://www.scopus.com/inward/citedby.uri?partnerID=HzOxMe3b&scp=0141587670&origin=inward"}],"prism:url":"https://api.elsevier.com/content/abstract/scopus_id/0141587670","dc:identifier":"SCOPUS_ID:0141587670","eid":"2-s2.0-0141587670","dc:title":"Evaluating and managing the performance of university-industry partnerships: From central rule to dynamic research networks","dc:creator":"HellstrÖm T.","prism:publicationName":"Evaluation","prism:issn":"13563890","prism:eIssn":"14617153","prism:volume":"5","prism:issueIdentifier":"3","prism:pageRange":"330-339","prism:coverDate":"1999-12-01","prism:coverDisplayDate":"1999","prism:doi":"10.1177/13563899922209011","citedby-count":"6","affiliation": [{"@_fa": "true", "affilname":"Chalmers University of Technology","affiliation-city":"Göteborg","affiliation-country":"Sweden"}],"prism:aggregationType":"Journal","subtype":"ar","subtypeDescription":"Article","source-id":"70397","openaccess":"0","openaccessFlag":false},{"@_fa": "true", "link": [{"@_fa": "true", "@ref": "self", "@href": "https://api.elsevier.com/content/abstract/scopus_id/79958752706"},{"@_fa": "true", "@ref": "author-affiliation", "@href": "https://api.elsevier.com/content/abstract/scopus_id/79958752706?field=author,affiliation"},{"@_fa": "true", "@ref": "scopus", "@href": "https://www.scopus.com/inward/record.uri?partnerID=HzOxMe3b&scp=79958752706&origin=inward"},{"@_fa": "true", "@ref": "scopus-citedby", "@href": "https://www.scopus.com/inward/citedby.uri?partnerID=HzOxMe3b&scp=79958752706&origin=inward"}],"prism:url":"https://api.elsevier.com/content/abstract/scopus_id/79958752706","dc:identifier":"SCOPUS_ID:79958752706","eid":"2-s2.0-79958752706","dc:title":"Library networks in the learning society","dc:creator":"Vejjajiva A.","prism:publicationName":"IFLA Journal","prism:issn":"03400352","prism:eIssn":"17452651","prism:volume":"25","prism:issueIdentifier":"5-6","prism:pageRange":"278-281","prism:coverDate":"1999-12-01","prism:coverDisplayDate":"1999","prism:doi":"10.1177/034003529902500505","citedby-count":"0","prism:aggregationType":"Journal","subtype":"ar","subtypeDescription":"Article","source-id":"16800154717","openaccess":"0","openaccessFlag":false},{"@_fa": "true", "link": [{"@_fa": "true", "@ref": "self", "@href": "https://api.elsevier.com/content/abstract/scopus_id/0042770110"},{"@_fa": "true", "@ref": "author-affiliation", "@href": "https://api.elsevier.com/content/abstract/scopus_id/0042770110?field=author,affiliation"},{"@_fa": "true", "@ref": "scopus", "@href": "https://www.scopus.com/inward/record.uri?partnerID=HzOxMe3b&scp=0042770110&origin=inward"},{"@_fa": "true", "@ref": "scopus-citedby", "@href": "https://www.scopus.com/inward/citedby.uri?partnerID=HzOxMe3b&scp=0042770110&origin=inward"}],"prism:url":"https://api.elsevier.com/content/abstract/scopus_id/0042770110","dc:identifier":"SCOPUS_ID:0042770110","eid":"2-s2.0-0042770110","dc:title":"On Recursive Definition of Action and Structure","dc:creator":"Yasuda Y.","prism:publicationName":"Sociological Theory and Methods","prism:issn":"09131442","prism:volume":"13","prism:issueIdentifier":"2","prism:pageRange":"191-192","prism:coverDate":"1999-12-01","prism:coverDisplayDate":"1999","citedby-count":"1","affiliation": [{"@_fa": "true", "affilname":"Rikkyo University","affiliation-city":"Tokyo","affiliation-country":"Japan"}],"prism:aggregationType":"Journal","subtype":"ar","subtypeDescription":"Article","source-id":"17386","openaccess":"0","openaccessFlag":false}]}}