{"search-results":{"opensearch:totalResults":"14727","opensearch:startIndex":"0","opensearch:itemsPerPage":"25","opensearch:Query":{"@role": "request", "@searchTerms": "TITLE-ABS-KEY(\"network\") AND SUBJAREA(SOCI) AND PUBYEAR = 2016", "@startPage": "0"},"link": [{"@_fa": "true", "@ref": "self", "@href": "https://api.elsevier.com/content/search/scopus?start=0&count=25&query=TITLE-ABS-KEY%28%22network%22%29+AND+SUBJAREA%28SOCI%29+AND+PUBYEAR+%3D+2016&apiKey=27d953b4b546791964ebeb768d13e61f&view=STANDARD", "@type": "application/json"},{"@_fa": "true", "@ref": "first", "@href": "https://api.elsevier.com/content/search/scopus?start=0&count=25&query=TITLE-ABS-KEY%28%22network%22%29+AND+SUBJAREA%28SOCI%29+AND+PUBYEAR+%3D+2016&apiKey=27d953b4b546791964ebeb768d13e61f&view=STANDARD", "@type": "application/json"},{"@_fa": "true", "@ref": "next", "@href": "https://api.elsevier.com/content/search/scopus?start=25&count=25&query=TITLE-ABS-KEY%28%22network%22%29+AND+SUBJAREA%28SOCI%29+AND+PUBYEAR+%3D+2016&apiKey=27d953b4b546791964ebeb768d13e61f&view=STANDARD", "@type": "application/json"},{"@_fa": "true", "@ref": "last", "@href": "https://api.elsevier.com/content/search/scopus?start=4975&count=25&query=TITLE-ABS-KEY%28%22network%22%29+AND+SUBJAREA%28SOCI%29+AND+PUBYEAR+%3D+2016&apiKey=27d953b4b546791964ebeb768d13e61f&view=STANDARD", "@type": "application/json"}],"entry": [{"@_fa": "true", "link": [{"@_fa": "true", "@ref": "self", "@href": "https://api.elsevier.com/content/abstract/scopus_id/84986882872"},{"@_fa": "true", "@ref": "author-affiliation", "@href": "https://api.elsevier.com/content/abstract/scopus_id/84986882872?field=author,affiliation"},{"@_fa": "true", "@ref": "scopus", "@href": "https://www.scopus.com/inward/record.uri?partnerID=HzOxMe3b&scp=84986882872&origin=inward"},{"@_fa": "true", "@ref": "scopus-citedby", "@href": "https://www.scopus.com/inward/citedby.uri?partnerID=HzOxMe3b&scp=84986882872&origin=inward"},{"@_fa": "true", "@ref": "full-text", "@href": "https://api.elsevier.com/content/article/eid/1-s2.0-S0264837716304033"}],"prism:url":"https://api.elsevier.com/content/abstract/scopus_id/84986882872","dc:identifier":"SCOPUS_ID:84986882872","eid":"2-s2.0-84986882872","dc:title":"Network analysis to support environmental resources management. A case study in the Cerrado, Brazil","dc:creator":"Santopuoli G.","prism:publicationName":"Land Use Policy","prism:issn":"02648377","prism:volume":"59","prism:pageRange":"217-226","prism:coverDate":"2016-12-31","prism:coverDisplayDate":"31 December 2016","prism:doi":"10.1016/j.landusepol.2016.09.002","pii":"S0264837716304033","citedby-count":"0","affiliation": [{"@_fa": "true", "affilname":"Università degli Studi del Molise","affiliation-city":"Campobasso","affiliation-country":"Italy"}],"prism:aggregationType":"Journal","subtype":"ar","subtypeDescription":"Article","source-id":"14500","openaccess":"0","openaccessFlag":false},{"@_fa": "true", "link": [{"@_fa": "true", "@ref": "self", "@href": "https://api.elsevier.com/content/abstract/scopus_id/85051436954"},{"@_fa": "true", "@ref": "author-affiliation", "@href": "https://api.elsevier.com/content/abstract/scopus_id/85051436954?field=author,affiliation"},{"@_fa": "true", "@ref": "scopus", "@href": "https://www.scopus.com/inward/record.uri?partnerID=HzOxMe3b&scp=85051436954&origin=inward"},{"@_fa": "true", "@ref": "scopus-citedby", "@href": "https://www.scopus.com/inward/citedby.uri?partnerID=HzOxMe3b&scp=85051436954&origin=inward"}],"prism:url":"https://api.elsevier.com/content/abstract/scopus_id/85051436954","dc:identifier":"SCOPUS_ID:85051436954","eid":"2-s2.0-85051436954","dc:title":"Cybercafés as constellations of social practices: Exploring “place” and “technospace” in cybercafés in México","dc:creator":"López-Bonilla G.","prism:publicationName":"Cogent Social Sciences","prism:eIssn":"23311886","prism:volume":"2","prism:issueIdentifier":"1","prism:pageRange":null,"prism:coverDate":"2016-12-31","prism:coverDisplayDate":"31 December 2016","prism:doi":"10.1080/23311886.2016.1254846","citedby-count":"0","affiliation": [{"@_fa": "true", "affilname":"Universidad Autónoma de Baja California","affiliation-city":"Ensenada","affiliation-country":"Mexico"}],"prism:aggregationType":"Journal","subtype":"ar","subtypeDescription":"Article","article-number":"1254846","source-id":"21100872366","openaccess":"1","openaccessFlag":true},{"@_fa": "true", "link": [{"@_fa": "true", "@ref": "self", "@href": "https://api.elsevier.com/content/abstract/scopus_id/84984645298"},{"@_fa": "true", "@ref": "author-affiliation", "@href": "https://api.elsevier.com/content/abstract/scopus_id/84984645298?field=author,affiliation"},{"@_fa": "true", "@ref": "scopus", "@href": "https://www.scopus.com/inward/record.uri?partnerID=HzOxMe3b&scp=84984645298&origin=inward"},{"@_fa": "true", "@ref": "scopus-citedby", "@href": "https://www.scopus.com/inward/citedby.uri?partnerID=HzOxMe3b&scp=84984645298&origin=inward"},{"@_fa": "true", "@ref": "full-text", "@href": "https://api.elsevier.com/content/article/eid/1-s2.0-S0264837715300855"}],"prism:url":"https://api.elsevier.com/content/abstract/scopus_id/84984645298","dc:identifier":"SCOPUS_ID:84984645298","eid":"2-s2.0-84984645298","dc:title":"Achieving sustainable development in rural areas in Colombia: Future scenarios for biodiversity conservation under land use change","dc:creator":"Boron V.","prism:publicationName":"Land Use Policy","prism:issn":"02648377","prism:volume":"59","prism:pageRange":"27-37","prism:coverDate":"2016-12-31","prism:coverDisplayDate":"31 December 2016","prism:doi":"10.1016/j.landusepol.2016.08.017","pii":"S0264837715300855","citedby-count":"14","affiliation": [{"@_fa": "true", "affilname":"University of Kent","affiliation-city":"Canterbury","affiliation-country":"United Kingdom"}],"prism:aggregationType":"Journal","subtype":"ar","subtypeDescription":"Article","source-id":"14500","openaccess":"0","openaccessFlag":false},{"@_fa": "true", "link": [{"@_fa": "true", "@ref": "self", "@href": "https://api.elsevier.com/content/abstract/scopus_id/84988921252"},{"@_fa": "true", "@ref": "author-affiliation", "@href": "https://api.elsevier.com/content/abstract/scopus_id/84988921252?field=author,affiliation"},{"@_fa": "true", "@ref": "scopus", "@href": "https://www.scopus.com/inward/record.uri?partnerID=HzOxMe3b&scp=84988921252&origin=inward"},{"@_fa": "true", "@ref": "scopus-citedby", "@href": "https://www.scopus.com/inward/citedby.uri?partnerID=HzOxMe3b&scp=84988921252&origin=inward"},{"@_fa": "true", "@ref": "full-text", "@href": "https://api.elsevier.com/content/article/eid/1-s2.0-S0264837716303544"}],"prism:url":"https://api.elsevier.com/content/abstract/scopus_id/84988921252","dc:identifier":"SCOPUS_ID:84988921252","eid":"2-s2.0-84988921252","dc:title":"Rent of agribusiness in the Amazon: A case study from Mato Grosso","dc:creator":"Ioris A.","prism:publicationName":"Land Use Policy","prism:issn":"02648377","prism:volume":"59","prism:pageRange":"456-466","prism:coverDate":"2016-12-31","prism:coverDisplayDate":"31 December 2016","prism:doi":"10.1016/j.landusepol.2016.09.019","pii":"S0264837716303544","citedby-count":"8","affiliation": [{"@_fa": "true", "affilname":"University of Edinburgh","affiliation-city":"Edinburgh","affiliation-country":"United Kingdom"}],"prism:aggregationType":"Journal","subtype":"ar","subtypeDescription":"Article","source-id":"14500","openaccess":"0","openaccessFlag":false},{"@_fa": "true", "link": [{"@_fa": "true", "@ref": "self", "@href": "https://api.elsevier.com/content/abstract/scopus_id/84984653659"},{"@_fa": "true", "@ref": "author-affiliation", "@href": "https://api.elsevier.com/content/abstract/scopus_id/84984653659?field=author,affiliation"},{"@_fa": "true", "@ref": "scopus", "@href": "https://www.scopus.com/inward/record.uri?partnerID=HzOxMe3b&scp=84984653659&origin=inward"},{"@_fa": "true", "@ref": "scopus-citedby", "@href": "https://www.scopus.com/inward/citedby.uri?partnerID=HzOxMe3b&scp=84984653659&origin=inward"},{"@_fa": "true", "@ref": "full-text", "@href": "https://api.elsevier.com/content/article/eid/1-s2.0-S0264837715302441"}],"prism:url":"https://api.elsevier.com/content/abstract/scopus_id/84984653659","dc:identifier":"SCOPUS_ID:84984653659","eid":"2-s2.0-84984653659","dc:title":"Using Analytic Network Process and Dominance-based Rough Set Approach for sustainable requalification of traditional farm buildings in Southern Italy","dc:creator":"Ottomano Palmisano G.","prism:publicationName":"Land Use Policy","prism:issn":"02648377","prism:volume":"59","prism:pageRange":"95-110","prism:coverDate":"2016-12-31","prism:coverDisplayDate":"31 December 2016","prism:doi":"10.1016/j.landusepol.2016.08.016","pii":"S0264837715302441","citedby-count":"8","affiliation": [{"@_fa": "true", "affilname":"Università degli Studi di Bari","affiliation-city":"Bari","affiliation-country":"Italy"}],"prism:aggregationType":"Journal","subtype":"ar","subtypeDescription":"Article","source-id":"14500","openaccess":"0","openaccessFlag":false},{"@_fa": "true", "link": [{"@_fa": "true", "@ref": "self", "@href": "https://api.elsevier.com/content/abstract/scopus_id/84988023659"},{"@_fa": "true", "@ref": "author-affiliation", "@href": "https://api.elsevier.com/content/abstract/scopus_id/84988023659?field=author,affiliation"},{"@_fa": "true", "@ref": "scopus", "@href": "https://www.scopus.com/inward/record.uri?partnerID=HzOxMe3b&scp=84988023659&origin=inward"},{"@_fa": "true", "@ref": "scopus-citedby", "@href": "https://www.scopus.com/inward/citedby.uri?partnerID=HzOxMe3b&scp=84988023659&origin=inward"},{"@_fa": "true", "@ref": "full-text", "@href": "https://api.elsevier.com/content/article/eid/1-s2.0-S0264837716301600"}],"prism:url":"https://api.elsevier.com/content/abstract/scopus_id/84988023659","dc:identifier":"SCOPUS_ID:84988023659","eid":"2-s2.0-84988023659","dc:title":"Meta-governance and soft projects: A hypothetical model for regional policy integration","dc:creator":"Ziafati Bafarasat A.","prism:publicationName":"Land Use Policy","prism:issn":"02648377","prism:volume":"59","prism:pageRange":"251-259","prism:coverDate":"2016-12-31","prism:coverDisplayDate":"31 December 2016","prism:doi":"10.1016/j.landusepol.2016.09.004","pii":"S0264837716301600","citedby-count":"3","affiliation": [{"@_fa": "true", "affilname":"University of Manchester","affiliation-city":"Manchester","affiliation-country":"United Kingdom"}],"prism:aggregationType":"Journal","subtype":"ar","subtypeDescription":"Article","source-id":"14500","openaccess":"0","openaccessFlag":false},{"@_fa": "true", "link": [{"@_fa": "true", "@ref": "self", "@href": "https://api.elsevier.com/content/abstract/scopus_id/84988478037"},{"@_fa": "true", "@ref": "author-affiliation", "@href": "https://api.elsevier.com/content/abstract/scopus_id/84988478037?field=author,affiliation"},{"@_fa": "true", "@ref": "scopus", "@href": "https://www.scopus.com/inward/record.uri?partnerID=HzOxMe3b&scp=84988478037&origin=inward"},{"@_fa": "true", "@ref": "scopus-citedby", "@href": "https://www.scopus.com/inward/citedby.uri?partnerID=HzOxMe3b&scp=84988478037&origin=inward"},{"@_fa": "true", "@ref": "full-text", "@href": "https://api.elsevier.com/content/article/eid/1-s2.0-S026483771630076X"}],"prism:url":"https://api.elsevier.com/content/abstract/scopus_id/84988478037","dc:identifier":"SCOPUS_ID:84988478037","eid":"2-s2.0-84988478037","dc:title":"A novel model to estimate the impact of Coal Seam Gas extraction on agro-economic returns","dc:creator":"Marinoni O.","prism:publicationName":"Land Use Policy","prism:issn":"02648377","prism:volume":"59","prism:pageRange":"351-365","prism:coverDate":"2016-12-31","prism:coverDisplayDate":"31 December 2016","prism:doi":"10.1016/j.landusepol.2016.08.027","pii":"S026483771630076X","citedby-count":"0","affiliation": [{"@_fa": "true", "affilname":"CSIRO Land and Water","affiliation-city":"Highett VIC","affiliation-country":"Australia"}],"prism:aggregationType":"Journal","subtype":"ar","subtypeDescription":"Article","source-id":"14500","openaccess":"0","openaccessFlag":false},{"@_fa": "true", "link": [{"@_fa": "true", "@ref": "self", "@href": "https://api.elsevier.com/content/abstract/scopus_id/85008240203"},{"@_fa": "true", "@ref": "author-affiliation", "@href": "https://api.elsevier.com/content/abstract/scopus_id/85008240203?field=author,affiliation"},{"@_fa": "true", "@ref": "scopus", "@href": "https://www.scopus.com/inward/record.uri?partnerID=HzOxMe3b&scp=85008240203&origin=inward"},{"@_fa": "true", "@ref": "scopus-citedby", "@href": "https://www.scopus.com/inward/citedby.uri?partnerID=HzOxMe3b&scp=85008240203&origin=inward"}],"prism:url":"https://api.elsevier.com/content/abstract/scopus_id/85008240203","dc:identifier":"SCOPUS_ID:85008240203","eid":"2-s2.0-85008240203","dc:title":"Outbreak of salmonella oslo infections linked to Persian Cucumbers — United States, 2016","dc:creator":"Bottichio L.","prism:publicationName":"Morbidity and Mortality Weekly Report","prism:issn":"01492195","prism:eIssn":"1545861X","prism:volume":"65","prism:issueIdentifier":"50-51","prism:pageRange":"1430-1433","prism:coverDate":"2016-12-30","prism:coverDisplayDate":"30 December 2016","citedby-count":"7","affiliation": [{"@_fa": "true", "affilname":"National Center for Emerging and Zoonotic Infectious Diseases","affiliation-city":"Atlanta","affiliation-country":"United States"}],"pubmed-id":"28033312","prism:aggregationType":"Journal","subtype":"ar","subtypeDescription":"Article","source-id":"110092","openaccess":"0","openaccessFlag":false},{"@_fa": "true", "link": [{"@_fa": "true", "@ref": "self", "@href": "https://api.elsevier.com/content/abstract/scopus_id/85011310562"},{"@_fa": "true", "@ref": "author-affiliation", "@href": "https://api.elsevier.com/content/abstract/scopus_id/85011310562?field=author,affiliation"},{"@_fa": "true", "@ref": "scopus", "@href": "https://www.scopus.com/inward/record.uri?partnerID=HzOxMe3b&scp=85011310562&origin=inward"},{"@_fa": "true", "@ref": "scopus-citedby", "@href": "https://www.scopus.com/inward/citedby.uri?partnerID=HzOxMe3b&scp=85011310562&origin=inward"}],"prism:url":"https://api.elsevier.com/content/abstract/scopus_id/85011310562","dc:identifier":"SCOPUS_ID:85011310562","eid":"2-s2.0-85011310562","dc:title":"NFV federation","dc:creator":"Halagan T.","prism:publicationName":"ICETA 2016 - 14th IEEE International Conference on Emerging eLearning Technologies and Applications, Proceedings","prism:isbn": [{"@_fa": "true", "$" :"9781509047017"}],"prism:pageRange":"79-84","prism:coverDate":"2016-12-29","prism:coverDisplayDate":"29 December 2016","prism:doi":"10.1109/ICETA.2016.7802084","citedby-count":"0","affiliation": [{"@_fa": "true", "affilname":"Slovak University of Technology in Bratislava","affiliation-city":"Bratislava","affiliation-country":"Slovakia"}],"prism:aggregationType":"Conference Proceeding","subtype":"cp","subtypeDescription":"Conference Paper","article-number":"7802084","source-id":"21100793809","openaccess":"0","openaccessFlag":false},{"@_fa": "true", "link": [{"@_fa": "true", "@ref": "self", "@href": "https://api.elsevier.com/content/abstract/scopus_id/85011256322"},{"@_fa": "true", "@ref": "author-affiliation", "@href": "https://api.elsevier.com/content/abstract/scopus_id/85011256322?field=author,affiliation"},{"@_fa": "true", "@ref": "scopus", "@href": "https://www.scopus.com/inward/record.uri?partnerID=HzOxMe3b&scp=85011256322&origin=inward"},{"@_fa": "true", "@ref": "scopus-citedby", "@href": "https://www.scopus.com/inward/citedby.uri?partnerID=HzOxMe3b&scp=85011256322&origin=inward"}],"prism:url":"https://api.elsevier.com/content/abstract/scopus_id/85011256322","dc:identifier":"SCOPUS_ID:85011256322","eid":"2-s2.0-85011256322","dc:title":"The purpose of creating BGP route servers at Internet Exchange points","dc:creator":"Dolnak I.","prism:publicationName":"ICETA 2016 - 14th IEEE International Conference on Emerging eLearning Technologies and Applications, Proceedings","prism:isbn": [{"@_fa": "true", "$" :"9781509047017"}],"prism:pageRange":"59-62","prism:coverDate":"2016-12-29","prism:coverDisplayDate":"29 December 2016","prism:doi":"10.1109/ICETA.2016.7802068","citedby-count":"0","affiliation": [{"@_fa": "true", "affilname":"University of Zilina","affiliation-city":"Zilina","affiliation-country":"Slovakia"}],"prism:aggregationType":"Conference Proceeding","subtype":"cp","subtypeDescription":"Conference Paper","article-number":"7802068","source-id":"21100793809","openaccess":"0","openaccessFlag":false},{"@_fa": "true", "link": [{"@_fa": "true", "@ref": "self", "@href": "https://api.elsevier.com/content/abstract/scopus_id/85011266722"},{"@_fa": "true", "@ref": "author-affiliation", "@href": "https://api.elsevier.com/content/abstract/scopus_id/85011266722?field=author,affiliation"},{"@_fa": "true", "@ref": "scopus", "@href": "https://www.scopus.com/inward/record.uri?partnerID=HzOxMe3b&scp=85011266722&origin=inward"},{"@_fa": "true", "@ref": "scopus-citedby", "@href": "https://www.scopus.com/inward/citedby.uri?partnerID=HzOxMe3b&scp=85011266722&origin=inward"}],"prism:url":"https://api.elsevier.com/content/abstract/scopus_id/85011266722","dc:identifier":"SCOPUS_ID:85011266722","eid":"2-s2.0-85011266722","dc:title":"Analysis of network protocols the ability of concealing the information","dc:creator":"Noskov A.","prism:publicationName":"ICETA 2016 - 14th IEEE International Conference on Emerging eLearning Technologies and Applications, Proceedings","prism:isbn": [{"@_fa": "true", "$" :"9781509047017"}],"prism:pageRange":"245-249","prism:coverDate":"2016-12-29","prism:coverDisplayDate":"29 December 2016","prism:doi":"10.1109/ICETA.2016.7802098","citedby-count":"0","affiliation": [{"@_fa": "true", "affilname":"Yaroslavl State University","affiliation-city":"Yaroslavl","affiliation-country":"Russian Federation"}],"prism:aggregationType":"Conference Proceeding","subtype":"cp","subtypeDescription":"Conference Paper","article-number":"7802098","source-id":"21100793809","openaccess":"0","openaccessFlag":false},{"@_fa": "true", "link": [{"@_fa": "true", "@ref": "self", "@href": "https://api.elsevier.com/content/abstract/scopus_id/85011292174"},{"@_fa": "true", "@ref": "author-affiliation", "@href": "https://api.elsevier.com/content/abstract/scopus_id/85011292174?field=author,affiliation"},{"@_fa": "true", "@ref": "scopus", "@href": "https://www.scopus.com/inward/record.uri?partnerID=HzOxMe3b&scp=85011292174&origin=inward"},{"@_fa": "true", "@ref": "scopus-citedby", "@href": "https://www.scopus.com/inward/citedby.uri?partnerID=HzOxMe3b&scp=85011292174&origin=inward"}],"prism:url":"https://api.elsevier.com/content/abstract/scopus_id/85011292174","dc:identifier":"SCOPUS_ID:85011292174","eid":"2-s2.0-85011292174","dc:title":"Design, implementation and monitoring of the firewall system for a DNS server protection","dc:creator":"Hock F.","prism:publicationName":"ICETA 2016 - 14th IEEE International Conference on Emerging eLearning Technologies and Applications, Proceedings","prism:isbn": [{"@_fa": "true", "$" :"9781509047017"}],"prism:pageRange":"91-96","prism:coverDate":"2016-12-29","prism:coverDisplayDate":"29 December 2016","prism:doi":"10.1109/ICETA.2016.7802040","citedby-count":"3","affiliation": [{"@_fa": "true", "affilname":"University of Zilina","affiliation-city":"Zilina","affiliation-country":"Slovakia"}],"prism:aggregationType":"Conference Proceeding","subtype":"cp","subtypeDescription":"Conference Paper","article-number":"7802040","source-id":"21100793809","openaccess":"0","openaccessFlag":false},{"@_fa": "true", "link": [{"@_fa": "true", "@ref": "self", "@href": "https://api.elsevier.com/content/abstract/scopus_id/85011277121"},{"@_fa": "true", "@ref": "author-affiliation", "@href": "https://api.elsevier.com/content/abstract/scopus_id/85011277121?field=author,affiliation"},{"@_fa": "true", "@ref": "scopus", "@href": "https://www.scopus.com/inward/record.uri?partnerID=HzOxMe3b&scp=85011277121&origin=inward"},{"@_fa": "true", "@ref": "scopus-citedby", "@href": "https://www.scopus.com/inward/citedby.uri?partnerID=HzOxMe3b&scp=85011277121&origin=inward"}],"prism:url":"https://api.elsevier.com/content/abstract/scopus_id/85011277121","dc:identifier":"SCOPUS_ID:85011277121","eid":"2-s2.0-85011277121","dc:title":"Human face detection in still image using Multilayer perceptron: Solution based on Neuroph framework","dc:creator":"Vapenik R.","prism:publicationName":"ICETA 2016 - 14th IEEE International Conference on Emerging eLearning Technologies and Applications, Proceedings","prism:isbn": [{"@_fa": "true", "$" :"9781509047017"}],"prism:pageRange":"365-369","prism:coverDate":"2016-12-29","prism:coverDisplayDate":"29 December 2016","prism:doi":"10.1109/ICETA.2016.7802049","citedby-count":"3","affiliation": [{"@_fa": "true", "affilname":"Technical University of Kosice","affiliation-city":"Kosice","affiliation-country":"Slovakia"}],"prism:aggregationType":"Conference Proceeding","subtype":"cp","subtypeDescription":"Conference Paper","article-number":"7802049","source-id":"21100793809","openaccess":"0","openaccessFlag":false},{"@_fa": "true", "link": [{"@_fa": "true", "@ref": "self", "@href": "https://api.elsevier.com/content/abstract/scopus_id/85011310530"},{"@_fa": "true", "@ref": "author-affiliation", "@href": "https://api.elsevier.com/content/abstract/scopus_id/85011310530?field=author,affiliation"},{"@_fa": "true", "@ref": "scopus", "@href": "https://www.scopus.com/inward/record.uri?partnerID=HzOxMe3b&scp=85011310530&origin=inward"},{"@_fa": "true", "@ref": "scopus-citedby", "@href": "https://www.scopus.com/inward/citedby.uri?partnerID=HzOxMe3b&scp=85011310530&origin=inward"}],"prism:url":"https://api.elsevier.com/content/abstract/scopus_id/85011310530","dc:identifier":"SCOPUS_ID:85011310530","eid":"2-s2.0-85011310530","dc:title":"The IPFRR mechanism inspired by BIER algorithm","dc:creator":"Papán J.","prism:publicationName":"ICETA 2016 - 14th IEEE International Conference on Emerging eLearning Technologies and Applications, Proceedings","prism:isbn": [{"@_fa": "true", "$" :"9781509047017"}],"prism:pageRange":"257-262","prism:coverDate":"2016-12-29","prism:coverDisplayDate":"29 December 2016","prism:doi":"10.1109/ICETA.2016.7802053","citedby-count":"4","affiliation": [{"@_fa": "true", "affilname":"University of Zilina","affiliation-city":"Zilina","affiliation-country":"Slovakia"}],"prism:aggregationType":"Conference Proceeding","subtype":"cp","subtypeDescription":"Conference Paper","article-number":"7802053","source-id":"21100793809","openaccess":"0","openaccessFlag":false},{"@_fa": "true", "link": [{"@_fa": "true", "@ref": "self", "@href": "https://api.elsevier.com/content/abstract/scopus_id/85011290991"},{"@_fa": "true", "@ref": "author-affiliation", "@href": "https://api.elsevier.com/content/abstract/scopus_id/85011290991?field=author,affiliation"},{"@_fa": "true", "@ref": "scopus", "@href": "https://www.scopus.com/inward/record.uri?partnerID=HzOxMe3b&scp=85011290991&origin=inward"},{"@_fa": "true", "@ref": "scopus-citedby", "@href": "https://www.scopus.com/inward/citedby.uri?partnerID=HzOxMe3b&scp=85011290991&origin=inward"}],"prism:url":"https://api.elsevier.com/content/abstract/scopus_id/85011290991","dc:identifier":"SCOPUS_ID:85011290991","eid":"2-s2.0-85011290991","dc:title":"Failover and load balancing solutions for remote access VPNs based on open standards","dc:creator":"Dolnák I.","prism:publicationName":"ICETA 2016 - 14th IEEE International Conference on Emerging eLearning Technologies and Applications, Proceedings","prism:isbn": [{"@_fa": "true", "$" :"9781509047017"}],"prism:pageRange":"55-58","prism:coverDate":"2016-12-29","prism:coverDisplayDate":"29 December 2016","prism:doi":"10.1109/ICETA.2016.7802069","citedby-count":"0","affiliation": [{"@_fa": "true", "affilname":"University of Zilina","affiliation-city":"Zilina","affiliation-country":"Slovakia"}],"prism:aggregationType":"Conference Proceeding","subtype":"cp","subtypeDescription":"Conference Paper","article-number":"7802069","source-id":"21100793809","openaccess":"0","openaccessFlag":false},{"@_fa": "true", "link": [{"@_fa": "true", "@ref": "self", "@href": "https://api.elsevier.com/content/abstract/scopus_id/85011303988"},{"@_fa": "true", "@ref": "author-affiliation", "@href": "https://api.elsevier.com/content/abstract/scopus_id/85011303988?field=author,affiliation"},{"@_fa": "true", "@ref": "scopus", "@href": "https://www.scopus.com/inward/record.uri?partnerID=HzOxMe3b&scp=85011303988&origin=inward"},{"@_fa": "true", "@ref": "scopus-citedby", "@href": "https://www.scopus.com/inward/citedby.uri?partnerID=HzOxMe3b&scp=85011303988&origin=inward"}],"prism:url":"https://api.elsevier.com/content/abstract/scopus_id/85011303988","dc:identifier":"SCOPUS_ID:85011303988","eid":"2-s2.0-85011303988","dc:title":"Wireless ultra-wide band communication for implantable sensors","dc:creator":"Danko","prism:publicationName":"ICETA 2016 - 14th IEEE International Conference on Emerging eLearning Technologies and Applications, Proceedings","prism:isbn": [{"@_fa": "true", "$" :"9781509047017"}],"prism:pageRange":"43-48","prism:coverDate":"2016-12-29","prism:coverDisplayDate":"29 December 2016","prism:doi":"10.1109/ICETA.2016.7802075","citedby-count":"1","affiliation": [{"@_fa": "true", "affilname":"Slovak University of Technology in Bratislava","affiliation-city":"Bratislava","affiliation-country":"Slovakia"}],"prism:aggregationType":"Conference Proceeding","subtype":"cp","subtypeDescription":"Conference Paper","article-number":"7802075","source-id":"21100793809","openaccess":"0","openaccessFlag":false},{"@_fa": "true", "link": [{"@_fa": "true", "@ref": "self", "@href": "https://api.elsevier.com/content/abstract/scopus_id/85011288778"},{"@_fa": "true", "@ref": "author-affiliation", "@href": "https://api.elsevier.com/content/abstract/scopus_id/85011288778?field=author,affiliation"},{"@_fa": "true", "@ref": "scopus", "@href": "https://www.scopus.com/inward/record.uri?partnerID=HzOxMe3b&scp=85011288778&origin=inward"},{"@_fa": "true", "@ref": "scopus-citedby", "@href": "https://www.scopus.com/inward/citedby.uri?partnerID=HzOxMe3b&scp=85011288778&origin=inward"}],"prism:url":"https://api.elsevier.com/content/abstract/scopus_id/85011288778","dc:identifier":"SCOPUS_ID:85011288778","eid":"2-s2.0-85011288778","dc:title":"Performing experiments in 3rd party premises using cloud-based virtual machine as remote laboratory: Case study of controlled experiment with high school students in their school","dc:creator":"Lakatoš D.","prism:publicationName":"ICETA 2016 - 14th IEEE International Conference on Emerging eLearning Technologies and Applications, Proceedings","prism:isbn": [{"@_fa": "true", "$" :"9781509047017"}],"prism:pageRange":"189-194","prism:coverDate":"2016-12-29","prism:coverDisplayDate":"29 December 2016","prism:doi":"10.1109/ICETA.2016.7802041","citedby-count":"0","affiliation": [{"@_fa": "true", "affilname":"Technical University of Kosice","affiliation-city":"Kosice","affiliation-country":"Slovakia"}],"prism:aggregationType":"Conference Proceeding","subtype":"cp","subtypeDescription":"Conference Paper","article-number":"7802041","source-id":"21100793809","openaccess":"0","openaccessFlag":false},{"@_fa": "true", "link": [{"@_fa": "true", "@ref": "self", "@href": "https://api.elsevier.com/content/abstract/scopus_id/85011298839"},{"@_fa": "true", "@ref": "author-affiliation", "@href": "https://api.elsevier.com/content/abstract/scopus_id/85011298839?field=author,affiliation"},{"@_fa": "true", "@ref": "scopus", "@href": "https://www.scopus.com/inward/record.uri?partnerID=HzOxMe3b&scp=85011298839&origin=inward"},{"@_fa": "true", "@ref": "scopus-citedby", "@href": "https://www.scopus.com/inward/citedby.uri?partnerID=HzOxMe3b&scp=85011298839&origin=inward"}],"prism:url":"https://api.elsevier.com/content/abstract/scopus_id/85011298839","dc:identifier":"SCOPUS_ID:85011298839","eid":"2-s2.0-85011298839","dc:title":"Internet addiction of Slovak's secondary school students","dc:creator":"Host'Ovecký M.","prism:publicationName":"ICETA 2016 - 14th IEEE International Conference on Emerging eLearning Technologies and Applications, Proceedings","prism:isbn": [{"@_fa": "true", "$" :"9781509047017"}],"prism:pageRange":"97-102","prism:coverDate":"2016-12-29","prism:coverDisplayDate":"29 December 2016","prism:doi":"10.1109/ICETA.2016.7802065","citedby-count":"0","affiliation": [{"@_fa": "true", "affilname":"Fac. of Nat. Sci./Department of Applied Informatics and Math / University of Ss. Cyril and Methodius","affiliation-city":"Trnava","affiliation-country":"Slovakia"}],"prism:aggregationType":"Conference Proceeding","subtype":"cp","subtypeDescription":"Conference Paper","article-number":"7802065","source-id":"21100793809","openaccess":"0","openaccessFlag":false},{"@_fa": "true", "link": [{"@_fa": "true", "@ref": "self", "@href": "https://api.elsevier.com/content/abstract/scopus_id/85011277830"},{"@_fa": "true", "@ref": "author-affiliation", "@href": "https://api.elsevier.com/content/abstract/scopus_id/85011277830?field=author,affiliation"},{"@_fa": "true", "@ref": "scopus", "@href": "https://www.scopus.com/inward/record.uri?partnerID=HzOxMe3b&scp=85011277830&origin=inward"},{"@_fa": "true", "@ref": "scopus-citedby", "@href": "https://www.scopus.com/inward/citedby.uri?partnerID=HzOxMe3b&scp=85011277830&origin=inward"}],"prism:url":"https://api.elsevier.com/content/abstract/scopus_id/85011277830","dc:identifier":"SCOPUS_ID:85011277830","eid":"2-s2.0-85011277830","dc:title":"The experience from implementation of National telepresence infrastructure in Slovakia to support research, development and technology transfer","dc:creator":"Jakab F.","prism:publicationName":"ICETA 2016 - 14th IEEE International Conference on Emerging eLearning Technologies and Applications, Proceedings","prism:isbn": [{"@_fa": "true", "$" :"9781509047017"}],"prism:pageRange":"127-132","prism:coverDate":"2016-12-29","prism:coverDisplayDate":"29 December 2016","prism:doi":"10.1109/ICETA.2016.7802063","citedby-count":"2","affiliation": [{"@_fa": "true", "affilname":"Technical University of Kosice","affiliation-city":"Kosice","affiliation-country":"Slovakia"}],"prism:aggregationType":"Conference Proceeding","subtype":"cp","subtypeDescription":"Conference Paper","article-number":"7802063","source-id":"21100793809","openaccess":"0","openaccessFlag":false},{"@_fa": "true", "link": [{"@_fa": "true", "@ref": "self", "@href": "https://api.elsevier.com/content/abstract/scopus_id/85010665766"},{"@_fa": "true", "@ref": "author-affiliation", "@href": "https://api.elsevier.com/content/abstract/scopus_id/85010665766?field=author,affiliation"},{"@_fa": "true", "@ref": "scopus", "@href": "https://www.scopus.com/inward/record.uri?partnerID=HzOxMe3b&scp=85010665766&origin=inward"},{"@_fa": "true", "@ref": "scopus-citedby", "@href": "https://www.scopus.com/inward/citedby.uri?partnerID=HzOxMe3b&scp=85010665766&origin=inward"}],"prism:url":"https://api.elsevier.com/content/abstract/scopus_id/85010665766","dc:identifier":"SCOPUS_ID:85010665766","eid":"2-s2.0-85010665766","dc:title":"Comparative study of neural network architectures for rainfall prediction","dc:creator":"Manek A.","prism:publicationName":"Proceedings - 2016 IEEE International Conference on Technological Innovations in ICT for Agriculture and Rural Development, TIAR 2016","prism:isbn": [{"@_fa": "true", "$" :"9781509006151"}],"prism:pageRange":"171-174","prism:coverDate":"2016-12-28","prism:coverDisplayDate":"28 December 2016","prism:doi":"10.1109/TIAR.2016.7801233","citedby-count":"4","affiliation": [{"@_fa": "true", "affilname":"Birla Institute of Technology and Science, Pilani","affiliation-city":"Pilani","affiliation-country":"India"}],"prism:aggregationType":"Conference Proceeding","subtype":"cp","subtypeDescription":"Conference Paper","article-number":"7801233","source-id":"21100793176","openaccess":"0","openaccessFlag":false},{"@_fa": "true", "link": [{"@_fa": "true", "@ref": "self", "@href": "https://api.elsevier.com/content/abstract/scopus_id/85010669787"},{"@_fa": "true", "@ref": "author-affiliation", "@href": "https://api.elsevier.com/content/abstract/scopus_id/85010669787?field=author,affiliation"},{"@_fa": "true", "@ref": "scopus", "@href": "https://www.scopus.com/inward/record.uri?partnerID=HzOxMe3b&scp=85010669787&origin=inward"},{"@_fa": "true", "@ref": "scopus-citedby", "@href": "https://www.scopus.com/inward/citedby.uri?partnerID=HzOxMe3b&scp=85010669787&origin=inward"}],"prism:url":"https://api.elsevier.com/content/abstract/scopus_id/85010669787","dc:identifier":"SCOPUS_ID:85010669787","eid":"2-s2.0-85010669787","dc:title":"PSO based dynamic route recovery protocol for predicting route lifetime and maximizing network lifetime in MANET","dc:creator":"Priyadharshini C.","prism:publicationName":"Proceedings - 2016 IEEE International Conference on Technological Innovations in ICT for Agriculture and Rural Development, TIAR 2016","prism:isbn": [{"@_fa": "true", "$" :"9781509006151"}],"prism:pageRange":"97-104","prism:coverDate":"2016-12-28","prism:coverDisplayDate":"28 December 2016","prism:doi":"10.1109/TIAR.2016.7801221","citedby-count":"3","affiliation": [{"@_fa": "true", "affilname":"Easwari Engineering College","affiliation-city":"Chennai","affiliation-country":"India"}],"prism:aggregationType":"Conference Proceeding","subtype":"cp","subtypeDescription":"Conference Paper","article-number":"7801221","source-id":"21100793176","openaccess":"0","openaccessFlag":false},{"@_fa": "true", "link": [{"@_fa": "true", "@ref": "self", "@href": "https://api.elsevier.com/content/abstract/scopus_id/85010669561"},{"@_fa": "true", "@ref": "author-affiliation", "@href": "https://api.elsevier.com/content/abstract/scopus_id/85010669561?field=author,affiliation"},{"@_fa": "true", "@ref": "scopus", "@href": "https://www.scopus.com/inward/record.uri?partnerID=HzOxMe3b&scp=85010669561&origin=inward"},{"@_fa": "true", "@ref": "scopus-citedby", "@href": "https://www.scopus.com/inward/citedby.uri?partnerID=HzOxMe3b&scp=85010669561&origin=inward"}],"prism:url":"https://api.elsevier.com/content/abstract/scopus_id/85010669561","dc:identifier":"SCOPUS_ID:85010669561","eid":"2-s2.0-85010669561","dc:title":"Energy conservative data transmission using Z-Mac technique in wireless sensor network for environmental monitoring","dc:creator":"Deepa S.","prism:publicationName":"Proceedings - 2016 IEEE International Conference on Technological Innovations in ICT for Agriculture and Rural Development, TIAR 2016","prism:isbn": [{"@_fa": "true", "$" :"9781509006151"}],"prism:pageRange":"194-199","prism:coverDate":"2016-12-28","prism:coverDisplayDate":"28 December 2016","prism:doi":"10.1109/TIAR.2016.7801237","citedby-count":"2","affiliation": [{"@_fa": "true", "affilname":"Easwari Engineering College","affiliation-city":"Chennai","affiliation-country":"India"}],"prism:aggregationType":"Conference Proceeding","subtype":"cp","subtypeDescription":"Conference Paper","article-number":"7801237","source-id":"21100793176","openaccess":"0","openaccessFlag":false},{"@_fa": "true", "link": [{"@_fa": "true", "@ref": "self", "@href": "https://api.elsevier.com/content/abstract/scopus_id/85010672508"},{"@_fa": "true", "@ref": "author-affiliation", "@href": "https://api.elsevier.com/content/abstract/scopus_id/85010672508?field=author,affiliation"},{"@_fa": "true", "@ref": "scopus", "@href": "https://www.scopus.com/inward/record.uri?partnerID=HzOxMe3b&scp=85010672508&origin=inward"},{"@_fa": "true", "@ref": "scopus-citedby", "@href": "https://www.scopus.com/inward/citedby.uri?partnerID=HzOxMe3b&scp=85010672508&origin=inward"}],"prism:url":"https://api.elsevier.com/content/abstract/scopus_id/85010672508","dc:identifier":"SCOPUS_ID:85010672508","eid":"2-s2.0-85010672508","dc:title":"Network of distributed soil moisture sensors for culture irrigation 2.0: Design and data analysis","dc:creator":"Roux J.","prism:publicationName":"Proceedings - 2016 IEEE International Conference on Technological Innovations in ICT for Agriculture and Rural Development, TIAR 2016","prism:isbn": [{"@_fa": "true", "$" :"9781509006151"}],"prism:pageRange":"71-76","prism:coverDate":"2016-12-28","prism:coverDisplayDate":"28 December 2016","prism:doi":"10.1109/TIAR.2016.7801216","citedby-count":"0","affiliation": [{"@_fa": "true", "affilname":"Université de Toulouse","affiliation-city":"Toulouse","affiliation-country":"France"}],"prism:aggregationType":"Conference Proceeding","subtype":"cp","subtypeDescription":"Conference Paper","article-number":"7801216","source-id":"21100793176","openaccess":"0","openaccessFlag":false},{"@_fa": "true", "link": [{"@_fa": "true", "@ref": "self", "@href": "https://api.elsevier.com/content/abstract/scopus_id/85010686582"},{"@_fa": "true", "@ref": "author-affiliation", "@href": "https://api.elsevier.com/content/abstract/scopus_id/85010686582?field=author,affiliation"},{"@_fa": "true", "@ref": "scopus", "@href": "https://www.scopus.com/inward/record.uri?partnerID=HzOxMe3b&scp=85010686582&origin=inward"},{"@_fa": "true", "@ref": "scopus-citedby", "@href": "https://www.scopus.com/inward/citedby.uri?partnerID=HzOxMe3b&scp=85010686582&origin=inward"}],"prism:url":"https://api.elsevier.com/content/abstract/scopus_id/85010686582","dc:identifier":"SCOPUS_ID:85010686582","eid":"2-s2.0-85010686582","dc:title":"Rice crop yield prediction using artificial neural networks","dc:creator":"Gandhi N.","prism:publicationName":"Proceedings - 2016 IEEE International Conference on Technological Innovations in ICT for Agriculture and Rural Development, TIAR 2016","prism:isbn": [{"@_fa": "true", "$" :"9781509006151"}],"prism:pageRange":"105-110","prism:coverDate":"2016-12-28","prism:coverDisplayDate":"28 December 2016","prism:doi":"10.1109/TIAR.2016.7801222","citedby-count":"8","affiliation": [{"@_fa": "true", "affilname":"University of Mumbai","affiliation-city":"Mumbai","affiliation-country":"India"}],"prism:aggregationType":"Conference Proceeding","subtype":"cp","subtypeDescription":"Conference Paper","article-number":"7801222","source-id":"21100793176","openaccess":"0","openaccessFlag":false},{"@_fa": "true", "link": [{"@_fa": "true", "@ref": "self", "@href": "https://api.elsevier.com/content/abstract/scopus_id/85010634416"},{"@_fa": "true", "@ref": "author-affiliation", "@href": "https://api.elsevier.com/content/abstract/scopus_id/85010634416?field=author,affiliation"},{"@_fa": "true", "@ref": "scopus", "@href": "https://www.scopus.com/inward/record.uri?partnerID=HzOxMe3b&scp=85010634416&origin=inward"},{"@_fa": "true", "@ref": "scopus-citedby", "@href": "https://www.scopus.com/inward/citedby.uri?partnerID=HzOxMe3b&scp=85010634416&origin=inward"}],"prism:url":"https://api.elsevier.com/content/abstract/scopus_id/85010634416","dc:identifier":"SCOPUS_ID:85010634416","eid":"2-s2.0-85010634416","dc:title":"Agricultural support system equipped with short-range wireless communication system","dc:creator":"Furuta T.","prism:publicationName":"Proceedings - 2016 IEEE International Conference on Technological Innovations in ICT for Agriculture and Rural Development, TIAR 2016","prism:isbn": [{"@_fa": "true", "$" :"9781509006151"}],"prism:pageRange":"58-64","prism:coverDate":"2016-12-28","prism:coverDisplayDate":"28 December 2016","prism:doi":"10.1109/TIAR.2016.7801214","citedby-count":"0","affiliation": [{"@_fa": "true", "affilname":"Kanazawa Institute of Technology","affiliation-city":null,"affiliation-country":"Japan"}],"prism:aggregationType":"Conference Proceeding","subtype":"cp","subtypeDescription":"Conference Paper","article-number":"7801214","source-id":"21100793176","openaccess":"0","openaccessFlag":false}]}}