{"search-results":{"opensearch:totalResults":"45","opensearch:startIndex":"0","opensearch:itemsPerPage":"25","opensearch:Query":{"@role": "request", "@searchTerms": "TITLE-ABS-KEY(\"network\") AND SUBJAREA(SOCI) AND PUBYEAR = 1968", "@startPage": "0"},"link": [{"@_fa": "true", "@ref": "self", "@href": "https://api.elsevier.com/content/search/scopus?start=0&count=25&query=TITLE-ABS-KEY%28%22network%22%29+AND+SUBJAREA%28SOCI%29+AND+PUBYEAR+%3D+1968&apiKey=27d953b4b546791964ebeb768d13e61f&view=STANDARD", "@type": "application/json"},{"@_fa": "true", "@ref": "first", "@href": "https://api.elsevier.com/content/search/scopus?start=0&count=25&query=TITLE-ABS-KEY%28%22network%22%29+AND+SUBJAREA%28SOCI%29+AND+PUBYEAR+%3D+1968&apiKey=27d953b4b546791964ebeb768d13e61f&view=STANDARD", "@type": "application/json"},{"@_fa": "true", "@ref": "next", "@href": "https://api.elsevier.com/content/search/scopus?start=25&count=25&query=TITLE-ABS-KEY%28%22network%22%29+AND+SUBJAREA%28SOCI%29+AND+PUBYEAR+%3D+1968&apiKey=27d953b4b546791964ebeb768d13e61f&view=STANDARD", "@type": "application/json"},{"@_fa": "true", "@ref": "last", "@href": "https://api.elsevier.com/content/search/scopus?start=20&count=25&query=TITLE-ABS-KEY%28%22network%22%29+AND+SUBJAREA%28SOCI%29+AND+PUBYEAR+%3D+1968&apiKey=27d953b4b546791964ebeb768d13e61f&view=STANDARD", "@type": "application/json"}],"entry": [{"@_fa": "true", "link": [{"@_fa": "true", "@ref": "self", "@href": "https://api.elsevier.com/content/abstract/scopus_id/34250531851"},{"@_fa": "true", "@ref": "author-affiliation", "@href": "https://api.elsevier.com/content/abstract/scopus_id/34250531851?field=author,affiliation"},{"@_fa": "true", "@ref": "scopus", "@href": "https://www.scopus.com/inward/record.uri?partnerID=HzOxMe3b&scp=34250531851&origin=inward"},{"@_fa": "true", "@ref": "scopus-citedby", "@href": "https://www.scopus.com/inward/citedby.uri?partnerID=HzOxMe3b&scp=34250531851&origin=inward"}],"prism:url":"https://api.elsevier.com/content/abstract/scopus_id/34250531851","dc:identifier":"SCOPUS_ID:34250531851","eid":"2-s2.0-34250531851","dc:title":"The role of topology and geometry in optimal network design","dc:creator":"Werner C.","prism:publicationName":"Papers of the Regional Science Association","prism:issn":"10568190","prism:eIssn":"14355957","prism:volume":"21","prism:issueIdentifier":"1","prism:pageRange":"173-189","prism:coverDate":"1968-12-01","prism:coverDisplayDate":"December 1968","prism:doi":"10.1007/BF01952728","citedby-count":"18","prism:aggregationType":"Journal","subtype":"ar","subtypeDescription":"Article","source-id":"25205","openaccess":"0","openaccessFlag":false},{"@_fa": "true", "link": [{"@_fa": "true", "@ref": "self", "@href": "https://api.elsevier.com/content/abstract/scopus_id/0014365035"},{"@_fa": "true", "@ref": "author-affiliation", "@href": "https://api.elsevier.com/content/abstract/scopus_id/0014365035?field=author,affiliation"},{"@_fa": "true", "@ref": "scopus", "@href": "https://www.scopus.com/inward/record.uri?partnerID=HzOxMe3b&scp=0014365035&origin=inward"},{"@_fa": "true", "@ref": "scopus-citedby", "@href": "https://www.scopus.com/inward/citedby.uri?partnerID=HzOxMe3b&scp=0014365035&origin=inward"}],"prism:url":"https://api.elsevier.com/content/abstract/scopus_id/0014365035","dc:identifier":"SCOPUS_ID:0014365035","eid":"2-s2.0-0014365035","dc:title":"Evaluation as a responsibility of the IMC network.","dc:creator":"Moss M.","prism:publicationName":"Exceptional children","prism:issn":"00144029","prism:volume":"35","prism:issueIdentifier":"3","prism:pageRange":"303-306","prism:coverDate":"1968-12-01","prism:coverDisplayDate":"December 1968","citedby-count":"2","pubmed-id":"4235580","prism:aggregationType":"Journal","subtype":"ar","subtypeDescription":"Article","source-id":"22055","openaccess":"0","openaccessFlag":false},{"@_fa": "true", "link": [{"@_fa": "true", "@ref": "self", "@href": "https://api.elsevier.com/content/abstract/scopus_id/0014384348"},{"@_fa": "true", "@ref": "author-affiliation", "@href": "https://api.elsevier.com/content/abstract/scopus_id/0014384348?field=author,affiliation"},{"@_fa": "true", "@ref": "scopus", "@href": "https://www.scopus.com/inward/record.uri?partnerID=HzOxMe3b&scp=0014384348&origin=inward"},{"@_fa": "true", "@ref": "scopus-citedby", "@href": "https://www.scopus.com/inward/citedby.uri?partnerID=HzOxMe3b&scp=0014384348&origin=inward"}],"prism:url":"https://api.elsevier.com/content/abstract/scopus_id/0014384348","dc:identifier":"SCOPUS_ID:0014384348","eid":"2-s2.0-0014384348","dc:title":"A review of services offered through the IMC network.","dc:creator":"Aserlind L.","prism:publicationName":"Exceptional children","prism:issn":"00144029","prism:volume":"35","prism:issueIdentifier":"3","prism:pageRange":"267-275","prism:coverDate":"1968-12-01","prism:coverDisplayDate":"December 1968","citedby-count":"0","pubmed-id":"4235577","prism:aggregationType":"Journal","subtype":"ar","subtypeDescription":"Article","source-id":"22055","openaccess":"0","openaccessFlag":false},{"@_fa": "true", "link": [{"@_fa": "true", "@ref": "self", "@href": "https://api.elsevier.com/content/abstract/scopus_id/0014384572"},{"@_fa": "true", "@ref": "author-affiliation", "@href": "https://api.elsevier.com/content/abstract/scopus_id/0014384572?field=author,affiliation"},{"@_fa": "true", "@ref": "scopus", "@href": "https://www.scopus.com/inward/record.uri?partnerID=HzOxMe3b&scp=0014384572&origin=inward"},{"@_fa": "true", "@ref": "scopus-citedby", "@href": "https://www.scopus.com/inward/citedby.uri?partnerID=HzOxMe3b&scp=0014384572&origin=inward"}],"prism:url":"https://api.elsevier.com/content/abstract/scopus_id/0014384572","dc:identifier":"SCOPUS_ID:0014384572","eid":"2-s2.0-0014384572","dc:title":"An overview of the IMC Network.","dc:creator":"McCarthy J.","prism:publicationName":"Exceptional children","prism:issn":"00144029","prism:volume":"35","prism:issueIdentifier":"3","prism:pageRange":"263-266","prism:coverDate":"1968-12-01","prism:coverDisplayDate":"December 1968","citedby-count":"0","pubmed-id":"4235576","prism:aggregationType":"Journal","subtype":"ar","subtypeDescription":"Article","source-id":"22055","openaccess":"0","openaccessFlag":false},{"@_fa": "true", "link": [{"@_fa": "true", "@ref": "self", "@href": "https://api.elsevier.com/content/abstract/scopus_id/0014388909"},{"@_fa": "true", "@ref": "author-affiliation", "@href": "https://api.elsevier.com/content/abstract/scopus_id/0014388909?field=author,affiliation"},{"@_fa": "true", "@ref": "scopus", "@href": "https://www.scopus.com/inward/record.uri?partnerID=HzOxMe3b&scp=0014388909&origin=inward"},{"@_fa": "true", "@ref": "scopus-citedby", "@href": "https://www.scopus.com/inward/citedby.uri?partnerID=HzOxMe3b&scp=0014388909&origin=inward"}],"prism:url":"https://api.elsevier.com/content/abstract/scopus_id/0014388909","dc:identifier":"SCOPUS_ID:0014388909","eid":"2-s2.0-0014388909","dc:title":"Development of new instructional materials in the IMC network.","dc:creator":"Ward T.","prism:publicationName":"Exceptional children","prism:issn":"00144029","prism:volume":"35","prism:issueIdentifier":"3","prism:pageRange":"299-301","prism:coverDate":"1968-12-01","prism:coverDisplayDate":"December 1968","citedby-count":"0","pubmed-id":"4177678","prism:aggregationType":"Journal","subtype":"ar","subtypeDescription":"Article","source-id":"22055","openaccess":"0","openaccessFlag":false},{"@_fa": "true", "link": [{"@_fa": "true", "@ref": "self", "@href": "https://api.elsevier.com/content/abstract/scopus_id/34247976574"},{"@_fa": "true", "@ref": "author-affiliation", "@href": "https://api.elsevier.com/content/abstract/scopus_id/34247976574?field=author,affiliation"},{"@_fa": "true", "@ref": "scopus", "@href": "https://www.scopus.com/inward/record.uri?partnerID=HzOxMe3b&scp=34247976574&origin=inward"},{"@_fa": "true", "@ref": "scopus-citedby", "@href": "https://www.scopus.com/inward/citedby.uri?partnerID=HzOxMe3b&scp=34247976574&origin=inward"}],"prism:url":"https://api.elsevier.com/content/abstract/scopus_id/34247976574","dc:identifier":"SCOPUS_ID:34247976574","eid":"2-s2.0-34247976574","dc:title":"Suicide prevention: A view from the bridge","dc:creator":"Farberow N.","prism:publicationName":"Community Mental Health Journal","prism:issn":"00103853","prism:eIssn":"15732789","prism:volume":"4","prism:issueIdentifier":"6","prism:pageRange":"469-474","prism:coverDate":"1968-12-01","prism:coverDisplayDate":"December 1968","prism:doi":"10.1007/BF01530767","citedby-count":"1","affiliation": [{"@_fa": "true", "affilname":"University of Southern California","affiliation-city":"Los Angeles","affiliation-country":"United States"},{"@_fa": "true", "affilname":"Veterans Administration","affiliation-city":"Iowa City","affiliation-country":"United States"},{"@_fa": "true", "affilname":"Suicide Prevention Center","affiliation-city":"Los Angeles","affiliation-country":"United States"}],"prism:aggregationType":"Journal","subtype":"ar","subtypeDescription":"Article","source-id":"29291","openaccess":"0","openaccessFlag":false},{"@_fa": "true", "link": [{"@_fa": "true", "@ref": "self", "@href": "https://api.elsevier.com/content/abstract/scopus_id/11244293251"},{"@_fa": "true", "@ref": "author-affiliation", "@href": "https://api.elsevier.com/content/abstract/scopus_id/11244293251?field=author,affiliation"},{"@_fa": "true", "@ref": "scopus", "@href": "https://www.scopus.com/inward/record.uri?partnerID=HzOxMe3b&scp=11244293251&origin=inward"},{"@_fa": "true", "@ref": "scopus-citedby", "@href": "https://www.scopus.com/inward/citedby.uri?partnerID=HzOxMe3b&scp=11244293251&origin=inward"}],"prism:url":"https://api.elsevier.com/content/abstract/scopus_id/11244293251","dc:identifier":"SCOPUS_ID:11244293251","eid":"2-s2.0-11244293251","dc:title":"Accessibility and the Spaual Structure of the Irish Economy","dc:creator":"O'Sullivan P.","prism:publicationName":"Regional Studies","prism:issn":"00343404","prism:eIssn":"13600591","prism:volume":"2","prism:issueIdentifier":"2","prism:pageRange":"195-206","prism:coverDate":"1968-11-01","prism:coverDisplayDate":"1 November 1968","prism:doi":"10.1080/09595236800185191","citedby-count":"5","prism:aggregationType":"Journal","subtype":"ar","subtypeDescription":"Article","source-id":"15143","openaccess":"0","openaccessFlag":false},{"@_fa": "true", "link": [{"@_fa": "true", "@ref": "self", "@href": "https://api.elsevier.com/content/abstract/scopus_id/84946989834"},{"@_fa": "true", "@ref": "author-affiliation", "@href": "https://api.elsevier.com/content/abstract/scopus_id/84946989834?field=author,affiliation"},{"@_fa": "true", "@ref": "scopus", "@href": "https://www.scopus.com/inward/record.uri?partnerID=HzOxMe3b&scp=84946989834&origin=inward"},{"@_fa": "true", "@ref": "scopus-citedby", "@href": "https://www.scopus.com/inward/citedby.uri?partnerID=HzOxMe3b&scp=84946989834&origin=inward"}],"prism:url":"https://api.elsevier.com/content/abstract/scopus_id/84946989834","dc:identifier":"SCOPUS_ID:84946989834","eid":"2-s2.0-84946989834","dc:title":"Bena Bena Political Organization","dc:creator":"Langness L.","prism:publicationName":"Anthropological Forum","prism:issn":"00664677","prism:eIssn":"14692902","prism:volume":"2","prism:issueIdentifier":"2","prism:pageRange":"180-198","prism:coverDate":"1968-11-01","prism:coverDisplayDate":"1 November 1968","prism:doi":"10.1080/00664677.1968.9967226","citedby-count":"6","affiliation": [{"@_fa": "true", "affilname":"University of Washington, Seattle","affiliation-city":"Seattle","affiliation-country":"United States"}],"prism:aggregationType":"Journal","subtype":"ar","subtypeDescription":"Article","source-id":"5600155504","openaccess":"0","openaccessFlag":false},{"@_fa": "true", "link": [{"@_fa": "true", "@ref": "self", "@href": "https://api.elsevier.com/content/abstract/scopus_id/33947327286"},{"@_fa": "true", "@ref": "author-affiliation", "@href": "https://api.elsevier.com/content/abstract/scopus_id/33947327286?field=author,affiliation"},{"@_fa": "true", "@ref": "scopus", "@href": "https://www.scopus.com/inward/record.uri?partnerID=HzOxMe3b&scp=33947327286&origin=inward"},{"@_fa": "true", "@ref": "scopus-citedby", "@href": "https://www.scopus.com/inward/citedby.uri?partnerID=HzOxMe3b&scp=33947327286&origin=inward"}],"prism:url":"https://api.elsevier.com/content/abstract/scopus_id/33947327286","dc:identifier":"SCOPUS_ID:33947327286","eid":"2-s2.0-33947327286","dc:title":"Development and Operation of a Specialized Technical Information and Data Center (The Cryogenic Data Center)","dc:creator":"Johnson V.","prism:publicationName":"Journal of Chemical Documentation","prism:issn":"00219576","prism:volume":"8","prism:issueIdentifier":"4","prism:pageRange":"219-224","prism:coverDate":"1968-11-01","prism:coverDisplayDate":"1 November 1968","prism:doi":"10.1021/c160031a009","citedby-count":"1","affiliation": [{"@_fa": "true", "affilname":"National Institute of Standards and Technology","affiliation-city":"Gaithersburg","affiliation-country":"United States"}],"prism:aggregationType":"Journal","subtype":"ar","subtypeDescription":"Article","source-id":"42042","openaccess":"0","openaccessFlag":false},{"@_fa": "true", "link": [{"@_fa": "true", "@ref": "self", "@href": "https://api.elsevier.com/content/abstract/scopus_id/84947014127"},{"@_fa": "true", "@ref": "author-affiliation", "@href": "https://api.elsevier.com/content/abstract/scopus_id/84947014127?field=author,affiliation"},{"@_fa": "true", "@ref": "scopus", "@href": "https://www.scopus.com/inward/record.uri?partnerID=HzOxMe3b&scp=84947014127&origin=inward"},{"@_fa": "true", "@ref": "scopus-citedby", "@href": "https://www.scopus.com/inward/citedby.uri?partnerID=HzOxMe3b&scp=84947014127&origin=inward"}],"prism:url":"https://api.elsevier.com/content/abstract/scopus_id/84947014127","dc:identifier":"SCOPUS_ID:84947014127","eid":"2-s2.0-84947014127","dc:title":"A regional college network","dc:creator":"Abrahams J.","prism:publicationName":"Education + Training","prism:issn":"00400912","prism:volume":"10","prism:issueIdentifier":"9","prism:pageRange":"357-360","prism:coverDate":"1968-09-01","prism:coverDisplayDate":"1 September 1968","prism:doi":"10.1108/eb016020","citedby-count":"0","prism:aggregationType":"Journal","subtype":"re","subtypeDescription":"Review","source-id":"144960","openaccess":"0","openaccessFlag":false},{"@_fa": "true", "link": [{"@_fa": "true", "@ref": "self", "@href": "https://api.elsevier.com/content/abstract/scopus_id/84946258287"},{"@_fa": "true", "@ref": "author-affiliation", "@href": "https://api.elsevier.com/content/abstract/scopus_id/84946258287?field=author,affiliation"},{"@_fa": "true", "@ref": "scopus", "@href": "https://www.scopus.com/inward/record.uri?partnerID=HzOxMe3b&scp=84946258287&origin=inward"},{"@_fa": "true", "@ref": "scopus-citedby", "@href": "https://www.scopus.com/inward/citedby.uri?partnerID=HzOxMe3b&scp=84946258287&origin=inward"}],"prism:url":"https://api.elsevier.com/content/abstract/scopus_id/84946258287","dc:identifier":"SCOPUS_ID:84946258287","eid":"2-s2.0-84946258287","dc:title":"Landscape Evaluaton: A Research Project in East Sussex","dc:creator":"Fines K.","prism:publicationName":"Regional Studies","prism:issn":"00343404","prism:eIssn":"13600591","prism:volume":"2","prism:issueIdentifier":"1","prism:pageRange":"41-55","prism:coverDate":"1968-09-01","prism:coverDisplayDate":"1 September 1968","prism:doi":"10.1080/09595236800185041","citedby-count":"108","prism:aggregationType":"Journal","subtype":"ar","subtypeDescription":"Article","source-id":"15143","openaccess":"0","openaccessFlag":false},{"@_fa": "true", "link": [{"@_fa": "true", "@ref": "self", "@href": "https://api.elsevier.com/content/abstract/scopus_id/34250509009"},{"@_fa": "true", "@ref": "author-affiliation", "@href": "https://api.elsevier.com/content/abstract/scopus_id/34250509009?field=author,affiliation"},{"@_fa": "true", "@ref": "scopus", "@href": "https://www.scopus.com/inward/record.uri?partnerID=HzOxMe3b&scp=34250509009&origin=inward"},{"@_fa": "true", "@ref": "scopus-citedby", "@href": "https://www.scopus.com/inward/citedby.uri?partnerID=HzOxMe3b&scp=34250509009&origin=inward"}],"prism:url":"https://api.elsevier.com/content/abstract/scopus_id/34250509009","dc:identifier":"SCOPUS_ID:34250509009","eid":"2-s2.0-34250509009","dc:title":"Hauttopik und Verletzungsspuren","dc:creator":"Schmidt G.","prism:publicationName":"Deutsche Zeitschrift fur die Gesamte Gerichtliche Medizin","prism:issn":"03670031","prism:eIssn":"14371596","prism:volume":"62","prism:issueIdentifier":"2","prism:pageRange":"87-92","prism:coverDate":"1968-06-01","prism:coverDisplayDate":"June 1968","prism:doi":"10.1007/BF00587071","citedby-count":"5","affiliation": [{"@_fa": "true", "affilname":"Universitätsklinikum Tübingen Medizinische Fakultät","affiliation-city":"Tubingen","affiliation-country":"Germany"}],"prism:aggregationType":"Journal","subtype":"ar","subtypeDescription":"Article","source-id":"93973","openaccess":"0","openaccessFlag":false},{"@_fa": "true", "link": [{"@_fa": "true", "@ref": "self", "@href": "https://api.elsevier.com/content/abstract/scopus_id/29744439770"},{"@_fa": "true", "@ref": "author-affiliation", "@href": "https://api.elsevier.com/content/abstract/scopus_id/29744439770?field=author,affiliation"},{"@_fa": "true", "@ref": "scopus", "@href": "https://www.scopus.com/inward/record.uri?partnerID=HzOxMe3b&scp=29744439770&origin=inward"},{"@_fa": "true", "@ref": "scopus-citedby", "@href": "https://www.scopus.com/inward/citedby.uri?partnerID=HzOxMe3b&scp=29744439770&origin=inward"}],"prism:url":"https://api.elsevier.com/content/abstract/scopus_id/29744439770","dc:identifier":"SCOPUS_ID:29744439770","eid":"2-s2.0-29744439770","dc:title":"Changing population distribution in the HONG KONG NEW TERRITORIES","dc:creator":"Lo C.","prism:publicationName":"Annals of the Association of American Geographers","prism:issn":"00045608","prism:eIssn":"14678306","prism:volume":"58","prism:issueIdentifier":"2","prism:pageRange":"273-284","prism:coverDate":"1968-06-01","prism:coverDisplayDate":"1 June 1968","prism:doi":"10.1111/j.1467-8306.1968.tb00643.x","citedby-count":"2","affiliation": [{"@_fa": "true", "affilname":"The University of Hong Kong","affiliation-city":"Pokfulam","affiliation-country":"Hong Kong"}],"prism:aggregationType":"Journal","subtype":"ar","subtypeDescription":"Article","source-id":"27492","openaccess":"0","openaccessFlag":false},{"@_fa": "true", "link": [{"@_fa": "true", "@ref": "self", "@href": "https://api.elsevier.com/content/abstract/scopus_id/34247985737"},{"@_fa": "true", "@ref": "author-affiliation", "@href": "https://api.elsevier.com/content/abstract/scopus_id/34247985737?field=author,affiliation"},{"@_fa": "true", "@ref": "scopus", "@href": "https://www.scopus.com/inward/record.uri?partnerID=HzOxMe3b&scp=34247985737&origin=inward"},{"@_fa": "true", "@ref": "scopus-citedby", "@href": "https://www.scopus.com/inward/citedby.uri?partnerID=HzOxMe3b&scp=34247985737&origin=inward"}],"prism:url":"https://api.elsevier.com/content/abstract/scopus_id/34247985737","dc:identifier":"SCOPUS_ID:34247985737","eid":"2-s2.0-34247985737","dc:title":"Community mental health concepts as demonstrated by suicide prevention programs in Florida","dc:creator":"McGee R.","prism:publicationName":"Community Mental Health Journal","prism:issn":"00103853","prism:eIssn":"15732789","prism:volume":"4","prism:issueIdentifier":"2","prism:pageRange":"144-152","prism:coverDate":"1968-04-01","prism:coverDisplayDate":"April 1968","prism:doi":"10.1007/BF01530697","citedby-count":"3","affiliation": [{"@_fa": "true", "affilname":"University of Florida Health Science Center","affiliation-city":"Gainesville","affiliation-country":"United States"}],"prism:aggregationType":"Journal","subtype":"ar","subtypeDescription":"Article","source-id":"29291","openaccess":"0","openaccessFlag":false},{"@_fa": "true", "link": [{"@_fa": "true", "@ref": "self", "@href": "https://api.elsevier.com/content/abstract/scopus_id/0014265486"},{"@_fa": "true", "@ref": "author-affiliation", "@href": "https://api.elsevier.com/content/abstract/scopus_id/0014265486?field=author,affiliation"},{"@_fa": "true", "@ref": "scopus", "@href": "https://www.scopus.com/inward/record.uri?partnerID=HzOxMe3b&scp=0014265486&origin=inward"},{"@_fa": "true", "@ref": "scopus-citedby", "@href": "https://www.scopus.com/inward/citedby.uri?partnerID=HzOxMe3b&scp=0014265486&origin=inward"}],"prism:url":"https://api.elsevier.com/content/abstract/scopus_id/0014265486","dc:identifier":"SCOPUS_ID:0014265486","eid":"2-s2.0-0014265486","dc:title":"IMC network to present meetings of practical interest to teachers at CEC convention.","dc:creator":"Blackhurst A.","prism:publicationName":"Exceptional children","prism:issn":"00144029","prism:volume":"34","prism:issueIdentifier":"7","prism:pageRange":"577","prism:coverDate":"1968-03-01","prism:coverDisplayDate":"March 1968","citedby-count":"0","pubmed-id":"4231139","prism:aggregationType":"Journal","subtype":"ar","subtypeDescription":"Article","source-id":"22055","openaccess":"0","openaccessFlag":false},{"@_fa": "true", "link": [{"@_fa": "true", "@ref": "self", "@href": "https://api.elsevier.com/content/abstract/scopus_id/0014252511"},{"@_fa": "true", "@ref": "author-affiliation", "@href": "https://api.elsevier.com/content/abstract/scopus_id/0014252511?field=author,affiliation"},{"@_fa": "true", "@ref": "scopus", "@href": "https://www.scopus.com/inward/record.uri?partnerID=HzOxMe3b&scp=0014252511&origin=inward"},{"@_fa": "true", "@ref": "scopus-citedby", "@href": "https://www.scopus.com/inward/citedby.uri?partnerID=HzOxMe3b&scp=0014252511&origin=inward"}],"prism:url":"https://api.elsevier.com/content/abstract/scopus_id/0014252511","dc:identifier":"SCOPUS_ID:0014252511","eid":"2-s2.0-0014252511","dc:title":"Organizational behaviors and adaptations to organizational change of sensitizer and represser problem-solving groups","dc:creator":"Cohen A.","prism:publicationName":"Journal of Personality and Social Psychology","prism:issn":"00223514","prism:volume":"8","prism:issueIdentifier":"2 PART 1","prism:pageRange":"209-216","prism:coverDate":"1968-02-01","prism:coverDisplayDate":"February 1968","prism:doi":"10.1037/h0021240","pii":"S0022351407615817","citedby-count":"2","prism:aggregationType":"Journal","subtype":"ar","subtypeDescription":"Article","source-id":"30039","openaccess":"0","openaccessFlag":false},{"@_fa": "true", "link": [{"@_fa": "true", "@ref": "self", "@href": "https://api.elsevier.com/content/abstract/scopus_id/0011052317"},{"@_fa": "true", "@ref": "author-affiliation", "@href": "https://api.elsevier.com/content/abstract/scopus_id/0011052317?field=author,affiliation"},{"@_fa": "true", "@ref": "scopus", "@href": "https://www.scopus.com/inward/record.uri?partnerID=HzOxMe3b&scp=0011052317&origin=inward"},{"@_fa": "true", "@ref": "scopus-citedby", "@href": "https://www.scopus.com/inward/citedby.uri?partnerID=HzOxMe3b&scp=0011052317&origin=inward"}],"prism:url":"https://api.elsevier.com/content/abstract/scopus_id/0011052317","dc:identifier":"SCOPUS_ID:0011052317","eid":"2-s2.0-0011052317","dc:title":"Some aspects of a theory of community mental health","dc:creator":"Blackman S.","prism:publicationName":"Community Mental Health Journal","prism:issn":"00103853","prism:eIssn":"15732789","prism:volume":"4","prism:issueIdentifier":"1","prism:pageRange":"85-90","prism:coverDate":"1968-02-01","prism:coverDisplayDate":"February 1968","prism:doi":"10.1007/BF01434455","citedby-count":"7","affiliation": [{"@_fa": "true", "affilname":"Weill Cornell Medical College","affiliation-city":"New York","affiliation-country":"United States"},{"@_fa": "true", "affilname":"Staten Island Mental Health Society","affiliation-city":"Staten Island/New York","affiliation-country":"United States"}],"prism:aggregationType":"Journal","subtype":"ar","subtypeDescription":"Article","source-id":"29291","openaccess":"0","openaccessFlag":false},{"@_fa": "true", "link": [{"@_fa": "true", "@ref": "self", "@href": "https://api.elsevier.com/content/abstract/scopus_id/0004701955"},{"@_fa": "true", "@ref": "author-affiliation", "@href": "https://api.elsevier.com/content/abstract/scopus_id/0004701955?field=author,affiliation"},{"@_fa": "true", "@ref": "scopus", "@href": "https://www.scopus.com/inward/record.uri?partnerID=HzOxMe3b&scp=0004701955&origin=inward"},{"@_fa": "true", "@ref": "scopus-citedby", "@href": "https://www.scopus.com/inward/citedby.uri?partnerID=HzOxMe3b&scp=0004701955&origin=inward"}],"prism:url":"https://api.elsevier.com/content/abstract/scopus_id/0004701955","dc:identifier":"SCOPUS_ID:0004701955","eid":"2-s2.0-0004701955","dc:title":"Spanning tree manipulation and the travelling salesman problem","dc:creator":"Obruča A.","prism:publicationName":"Computer Journal","prism:issn":"00104620","prism:volume":"10","prism:issueIdentifier":"4","prism:pageRange":"374-377","prism:coverDate":"1968-02-01","prism:coverDisplayDate":"February 1968","prism:doi":"10.1093/comjnl/10.4.374","citedby-count":"17","prism:aggregationType":"Journal","subtype":"ar","subtypeDescription":"Article","source-id":"23792","openaccess":"1","openaccessFlag":true},{"@_fa": "true", "link": [{"@_fa": "true", "@ref": "self", "@href": "https://api.elsevier.com/content/abstract/scopus_id/84937647089"},{"@_fa": "true", "@ref": "author-affiliation", "@href": "https://api.elsevier.com/content/abstract/scopus_id/84937647089?field=author,affiliation"},{"@_fa": "true", "@ref": "scopus", "@href": "https://www.scopus.com/inward/record.uri?partnerID=HzOxMe3b&scp=84937647089&origin=inward"},{"@_fa": "true", "@ref": "scopus-citedby", "@href": "https://www.scopus.com/inward/citedby.uri?partnerID=HzOxMe3b&scp=84937647089&origin=inward"}],"prism:url":"https://api.elsevier.com/content/abstract/scopus_id/84937647089","dc:identifier":"SCOPUS_ID:84937647089","eid":"2-s2.0-84937647089","dc:title":"Properties of Symmetrical Networks","dc:creator":"Moad M.","prism:publicationName":"IEEE Transactions on Education","prism:issn":"00189359","prism:eIssn":"15579638","prism:volume":"11","prism:issueIdentifier":"1","prism:pageRange":"65-66","prism:coverDate":"1968-01-01","prism:coverDisplayDate":"March 1968","prism:doi":"10.1109/TE.1968.4320330","citedby-count":"1","affiliation": [{"@_fa": "true", "affilname":"Georgia Institute of Technology","affiliation-city":"Atlanta","affiliation-country":"United States"}],"prism:aggregationType":"Journal","subtype":"ar","subtypeDescription":"Article","source-id":"17344","openaccess":"0","openaccessFlag":false},{"@_fa": "true", "link": [{"@_fa": "true", "@ref": "self", "@href": "https://api.elsevier.com/content/abstract/scopus_id/84938016032"},{"@_fa": "true", "@ref": "author-affiliation", "@href": "https://api.elsevier.com/content/abstract/scopus_id/84938016032?field=author,affiliation"},{"@_fa": "true", "@ref": "scopus", "@href": "https://www.scopus.com/inward/record.uri?partnerID=HzOxMe3b&scp=84938016032&origin=inward"},{"@_fa": "true", "@ref": "scopus-citedby", "@href": "https://www.scopus.com/inward/citedby.uri?partnerID=HzOxMe3b&scp=84938016032&origin=inward"}],"prism:url":"https://api.elsevier.com/content/abstract/scopus_id/84938016032","dc:identifier":"SCOPUS_ID:84938016032","eid":"2-s2.0-84938016032","dc:title":"Further Properties of Symmetrical Networks","dc:creator":"Moad M.","prism:publicationName":"IEEE Transactions on Education","prism:issn":"00189359","prism:eIssn":"15579638","prism:volume":"11","prism:issueIdentifier":"3","prism:pageRange":"205-206","prism:coverDate":"1968-01-01","prism:coverDisplayDate":"SEPTEMBER 1968","prism:doi":"10.1109/TE.1968.4320394","citedby-count":"1","affiliation": [{"@_fa": "true", "affilname":"Georgia Institute of Technology, School of Electrical and Computer Engineering","affiliation-city":"Atlanta","affiliation-country":"United States"}],"prism:aggregationType":"Journal","subtype":"ar","subtypeDescription":"Article","source-id":"17344","openaccess":"0","openaccessFlag":false},{"@_fa": "true", "link": [{"@_fa": "true", "@ref": "self", "@href": "https://api.elsevier.com/content/abstract/scopus_id/0014236727"},{"@_fa": "true", "@ref": "author-affiliation", "@href": "https://api.elsevier.com/content/abstract/scopus_id/0014236727?field=author,affiliation"},{"@_fa": "true", "@ref": "scopus", "@href": "https://www.scopus.com/inward/record.uri?partnerID=HzOxMe3b&scp=0014236727&origin=inward"},{"@_fa": "true", "@ref": "scopus-citedby", "@href": "https://www.scopus.com/inward/citedby.uri?partnerID=HzOxMe3b&scp=0014236727&origin=inward"}],"prism:url":"https://api.elsevier.com/content/abstract/scopus_id/0014236727","dc:identifier":"SCOPUS_ID:0014236727","eid":"2-s2.0-0014236727","dc:title":"Comment on Lerman's \"Gangs, Networks, and Subcultural Delinquency.\" Reply.","dc:creator":"Lerman P.","prism:publicationName":"American Journal of Sociology","prism:issn":"00029602","prism:volume":"73","prism:issueIdentifier":"4","prism:pageRange":"515-517","prism:coverDate":"1968-01-01","prism:coverDisplayDate":"January 1968","prism:doi":"10.1086/224512","citedby-count":"0","pubmed-id":"5694229","prism:aggregationType":"Journal","subtype":"ar","subtypeDescription":"Article","source-id":"16926","openaccess":"0","openaccessFlag":false},{"@_fa": "true", "link": [{"@_fa": "true", "@ref": "self", "@href": "https://api.elsevier.com/content/abstract/scopus_id/0014234330"},{"@_fa": "true", "@ref": "author-affiliation", "@href": "https://api.elsevier.com/content/abstract/scopus_id/0014234330?field=author,affiliation"},{"@_fa": "true", "@ref": "scopus", "@href": "https://www.scopus.com/inward/record.uri?partnerID=HzOxMe3b&scp=0014234330&origin=inward"},{"@_fa": "true", "@ref": "scopus-citedby", "@href": "https://www.scopus.com/inward/citedby.uri?partnerID=HzOxMe3b&scp=0014234330&origin=inward"}],"prism:url":"https://api.elsevier.com/content/abstract/scopus_id/0014234330","dc:identifier":"SCOPUS_ID:0014234330","eid":"2-s2.0-0014234330","dc:title":"Comment on Lerman's \"Gangs, Networks, and Subcultural Delinquency\".","dc:creator":"Short J.","prism:publicationName":"American Journal of Sociology","prism:issn":"00029602","prism:volume":"73","prism:issueIdentifier":"4","prism:pageRange":"513-515","prism:coverDate":"1968-01-01","prism:coverDisplayDate":"January 1968","prism:doi":"10.1086/224511","citedby-count":"5","pubmed-id":"5694274","prism:aggregationType":"Journal","subtype":"ar","subtypeDescription":"Article","source-id":"16926","openaccess":"0","openaccessFlag":false},{"@_fa": "true", "link": [{"@_fa": "true", "@ref": "self", "@href": "https://api.elsevier.com/content/abstract/scopus_id/49949122919"},{"@_fa": "true", "@ref": "author-affiliation", "@href": "https://api.elsevier.com/content/abstract/scopus_id/49949122919?field=author,affiliation"},{"@_fa": "true", "@ref": "scopus", "@href": "https://www.scopus.com/inward/record.uri?partnerID=HzOxMe3b&scp=49949122919&origin=inward"},{"@_fa": "true", "@ref": "scopus-citedby", "@href": "https://www.scopus.com/inward/citedby.uri?partnerID=HzOxMe3b&scp=49949122919&origin=inward"},{"@_fa": "true", "@ref": "full-text", "@href": "https://api.elsevier.com/content/article/eid/1-s2.0-0022103168900607"}],"prism:url":"https://api.elsevier.com/content/abstract/scopus_id/49949122919","dc:identifier":"SCOPUS_ID:49949122919","eid":"2-s2.0-49949122919","dc:title":"Communication networks: An experimental reevaluation","dc:creator":"Burgess R.","prism:publicationName":"Journal of Experimental Social Psychology","prism:issn":"00221031","prism:eIssn":"10960465","prism:volume":"4","prism:issueIdentifier":"3","prism:pageRange":"324-337","prism:coverDate":"1968-01-01","prism:coverDisplayDate":"July 1968","prism:doi":"10.1016/0022-1031(68)90060-7","pii":"0022103168900607","citedby-count":"7","affiliation": [{"@_fa": "true", "affilname":"University of Washington, Seattle","affiliation-city":"Seattle","affiliation-country":"United States"}],"prism:aggregationType":"Journal","subtype":"ar","subtypeDescription":"Article","source-id":"15499","openaccess":"0","openaccessFlag":false},{"@_fa": "true", "link": [{"@_fa": "true", "@ref": "self", "@href": "https://api.elsevier.com/content/abstract/scopus_id/84937653625"},{"@_fa": "true", "@ref": "author-affiliation", "@href": "https://api.elsevier.com/content/abstract/scopus_id/84937653625?field=author,affiliation"},{"@_fa": "true", "@ref": "scopus", "@href": "https://www.scopus.com/inward/record.uri?partnerID=HzOxMe3b&scp=84937653625&origin=inward"},{"@_fa": "true", "@ref": "scopus-citedby", "@href": "https://www.scopus.com/inward/citedby.uri?partnerID=HzOxMe3b&scp=84937653625&origin=inward"}],"prism:url":"https://api.elsevier.com/content/abstract/scopus_id/84937653625","dc:identifier":"SCOPUS_ID:84937653625","eid":"2-s2.0-84937653625","dc:title":"Some Classroom Thoughts on Third-Order Resistance Network Realizations","dc:creator":"Fielder D.","prism:publicationName":"IEEE Transactions on Education","prism:issn":"00189359","prism:eIssn":"15579638","prism:volume":"11","prism:issueIdentifier":"1","prism:pageRange":"61-63","prism:coverDate":"1968-01-01","prism:coverDisplayDate":"March 1968","prism:doi":"10.1109/TE.1968.4320328","citedby-count":"0","affiliation": [{"@_fa": "true", "affilname":"Georgia Institute of Technology, School of Electrical and Computer Engineering","affiliation-city":"Atlanta","affiliation-country":"United States"}],"prism:aggregationType":"Journal","subtype":"ar","subtypeDescription":"Article","source-id":"17344","openaccess":"0","openaccessFlag":false},{"@_fa": "true", "link": [{"@_fa": "true", "@ref": "self", "@href": "https://api.elsevier.com/content/abstract/scopus_id/0014341124"},{"@_fa": "true", "@ref": "author-affiliation", "@href": "https://api.elsevier.com/content/abstract/scopus_id/0014341124?field=author,affiliation"},{"@_fa": "true", "@ref": "scopus", "@href": "https://www.scopus.com/inward/record.uri?partnerID=HzOxMe3b&scp=0014341124&origin=inward"},{"@_fa": "true", "@ref": "scopus-citedby", "@href": "https://www.scopus.com/inward/citedby.uri?partnerID=HzOxMe3b&scp=0014341124&origin=inward"}],"prism:url":"https://api.elsevier.com/content/abstract/scopus_id/0014341124","dc:identifier":"SCOPUS_ID:0014341124","eid":"2-s2.0-0014341124","dc:title":"The distribution of social and cultural properties in informal communication networks among biological scientists.","dc:creator":"Mullins N.","prism:publicationName":"American sociological review","prism:issn":"00031224","prism:volume":"33","prism:issueIdentifier":"5","prism:pageRange":"786-797","prism:coverDate":"1968-01-01","prism:coverDisplayDate":"Oct 1968","prism:doi":"10.2307/2092888","citedby-count":"39","pubmed-id":"5703241","prism:aggregationType":"Journal","subtype":"ar","subtypeDescription":"Article","source-id":"16929","openaccess":"0","openaccessFlag":false}]}}