{"search-results":{"opensearch:totalResults":"10","opensearch:startIndex":"0","opensearch:itemsPerPage":"10","opensearch:Query":{"@role": "request", "@searchTerms": "TITLE-ABS-KEY(\"network\") AND SUBJAREA(SOCI) AND PUBYEAR = 1959", "@startPage": "0"},"link": [{"@_fa": "true", "@ref": "self", "@href": "https://api.elsevier.com/content/search/scopus?start=0&count=25&query=TITLE-ABS-KEY%28%22network%22%29+AND+SUBJAREA%28SOCI%29+AND+PUBYEAR+%3D+1959&apiKey=27d953b4b546791964ebeb768d13e61f&view=STANDARD", "@type": "application/json"},{"@_fa": "true", "@ref": "first", "@href": "https://api.elsevier.com/content/search/scopus?start=0&count=25&query=TITLE-ABS-KEY%28%22network%22%29+AND+SUBJAREA%28SOCI%29+AND+PUBYEAR+%3D+1959&apiKey=27d953b4b546791964ebeb768d13e61f&view=STANDARD", "@type": "application/json"}],"entry": [{"@_fa": "true", "link": [{"@_fa": "true", "@ref": "self", "@href": "https://api.elsevier.com/content/abstract/scopus_id/0004245167"},{"@_fa": "true", "@ref": "author-affiliation", "@href": "https://api.elsevier.com/content/abstract/scopus_id/0004245167?field=author,affiliation"},{"@_fa": "true", "@ref": "scopus", "@href": "https://www.scopus.com/inward/record.uri?partnerID=HzOxMe3b&scp=0004245167&origin=inward"},{"@_fa": "true", "@ref": "scopus-citedby", "@href": "https://www.scopus.com/inward/citedby.uri?partnerID=HzOxMe3b&scp=0004245167&origin=inward"}],"prism:url":"https://api.elsevier.com/content/abstract/scopus_id/0004245167","dc:identifier":"SCOPUS_ID:0004245167","eid":"2-s2.0-0004245167","dc:title":"Pattern variants on a square field","dc:creator":"Prokhovnik S.","prism:publicationName":"Psychometrika","prism:issn":"00333123","prism:eIssn":"18600980","prism:volume":"24","prism:issueIdentifier":"4","prism:pageRange":"329-341","prism:coverDate":"1959-12-01","prism:coverDisplayDate":"December 1959","prism:doi":"10.1007/BF02289815","citedby-count":"9","prism:aggregationType":"Journal","subtype":"ar","subtypeDescription":"Article","source-id":"14061","openaccess":"0","openaccessFlag":false},{"@_fa": "true", "link": [{"@_fa": "true", "@ref": "self", "@href": "https://api.elsevier.com/content/abstract/scopus_id/84937351956"},{"@_fa": "true", "@ref": "author-affiliation", "@href": "https://api.elsevier.com/content/abstract/scopus_id/84937351956?field=author,affiliation"},{"@_fa": "true", "@ref": "scopus", "@href": "https://www.scopus.com/inward/record.uri?partnerID=HzOxMe3b&scp=84937351956&origin=inward"},{"@_fa": "true", "@ref": "scopus-citedby", "@href": "https://www.scopus.com/inward/citedby.uri?partnerID=HzOxMe3b&scp=84937351956&origin=inward"}],"prism:url":"https://api.elsevier.com/content/abstract/scopus_id/84937351956","dc:identifier":"SCOPUS_ID:84937351956","eid":"2-s2.0-84937351956","dc:title":"Irredundant and redundant boolean branch-networks","dc:creator":"Löfgren L.","prism:publicationName":"IRE Transactions on Information Theory","prism:issn":"00961000","prism:eIssn":"21682712","prism:volume":"5","prism:issueIdentifier":"5","prism:pageRange":"158-175","prism:coverDate":"1959-01-01","prism:coverDisplayDate":"May, 1959","prism:doi":"10.1109/TIT.1959.1057542","citedby-count":"0","affiliation": [{"@_fa": "true", "affilname":"Swedish Research Institute of National Defense","affiliation-city":"Stockholm","affiliation-country":"Sweden"}],"prism:aggregationType":"Journal","subtype":"ar","subtypeDescription":"Article","source-id":"21100398936","openaccess":"0","openaccessFlag":false},{"@_fa": "true", "link": [{"@_fa": "true", "@ref": "self", "@href": "https://api.elsevier.com/content/abstract/scopus_id/84937352909"},{"@_fa": "true", "@ref": "author-affiliation", "@href": "https://api.elsevier.com/content/abstract/scopus_id/84937352909?field=author,affiliation"},{"@_fa": "true", "@ref": "scopus", "@href": "https://www.scopus.com/inward/record.uri?partnerID=HzOxMe3b&scp=84937352909&origin=inward"},{"@_fa": "true", "@ref": "scopus-citedby", "@href": "https://www.scopus.com/inward/citedby.uri?partnerID=HzOxMe3b&scp=84937352909&origin=inward"}],"prism:url":"https://api.elsevier.com/content/abstract/scopus_id/84937352909","dc:identifier":"SCOPUS_ID:84937352909","eid":"2-s2.0-84937352909","dc:title":"Graph theory and electric networks","dc:creator":"Harary F.","prism:publicationName":"IRE Transactions on Information Theory","prism:issn":"00961000","prism:eIssn":"21682712","prism:volume":"5","prism:issueIdentifier":"5","prism:pageRange":"95-109","prism:coverDate":"1959-01-01","prism:coverDisplayDate":"May, 1959","prism:doi":"10.1109/TIT.1959.1057541","citedby-count":"2","affiliation": [{"@_fa": "true", "affilname":"Institute for Advanced Studies","affiliation-city":"Princeton","affiliation-country":"United States"}],"prism:aggregationType":"Journal","subtype":"ar","subtypeDescription":"Article","source-id":"21100398936","openaccess":"0","openaccessFlag":false},{"@_fa": "true", "link": [{"@_fa": "true", "@ref": "self", "@href": "https://api.elsevier.com/content/abstract/scopus_id/84937351959"},{"@_fa": "true", "@ref": "author-affiliation", "@href": "https://api.elsevier.com/content/abstract/scopus_id/84937351959?field=author,affiliation"},{"@_fa": "true", "@ref": "scopus", "@href": "https://www.scopus.com/inward/record.uri?partnerID=HzOxMe3b&scp=84937351959&origin=inward"},{"@_fa": "true", "@ref": "scopus-citedby", "@href": "https://www.scopus.com/inward/citedby.uri?partnerID=HzOxMe3b&scp=84937351959&origin=inward"}],"prism:url":"https://api.elsevier.com/content/abstract/scopus_id/84937351959","dc:identifier":"SCOPUS_ID:84937351959","eid":"2-s2.0-84937351959","dc:title":"Applications op matrix algebra to network theory","dc:creator":"Cederbaum I.","prism:publicationName":"IRE Transactions on Information Theory","prism:issn":"00961000","prism:eIssn":"21682712","prism:volume":"5","prism:issueIdentifier":"5","prism:pageRange":"127-137","prism:coverDate":"1959-01-01","prism:coverDisplayDate":"May, 1959","prism:doi":"10.1109/TIT.1959.1057534","citedby-count":"4","prism:aggregationType":"Journal","subtype":"ar","subtypeDescription":"Article","source-id":"21100398936","openaccess":"0","openaccessFlag":false},{"@_fa": "true", "link": [{"@_fa": "true", "@ref": "self", "@href": "https://api.elsevier.com/content/abstract/scopus_id/84937352510"},{"@_fa": "true", "@ref": "author-affiliation", "@href": "https://api.elsevier.com/content/abstract/scopus_id/84937352510?field=author,affiliation"},{"@_fa": "true", "@ref": "scopus", "@href": "https://www.scopus.com/inward/record.uri?partnerID=HzOxMe3b&scp=84937352510&origin=inward"},{"@_fa": "true", "@ref": "scopus-citedby", "@href": "https://www.scopus.com/inward/citedby.uri?partnerID=HzOxMe3b&scp=84937352510&origin=inward"}],"prism:url":"https://api.elsevier.com/content/abstract/scopus_id/84937352510","dc:identifier":"SCOPUS_ID:84937352510","eid":"2-s2.0-84937352510","dc:title":"Nonstationary smoothing and prediction using network theory concepts","dc:creator":"Darlington S.","prism:publicationName":"IRE Transactions on Information Theory","prism:issn":"00961000","prism:eIssn":"21682712","prism:volume":"5","prism:issueIdentifier":"5","prism:pageRange":"1-13","prism:coverDate":"1959-01-01","prism:coverDisplayDate":"May, 1959","prism:doi":"10.1109/TIT.1959.1057535","citedby-count":"3","prism:aggregationType":"Journal","subtype":"ar","subtypeDescription":"Article","source-id":"21100398936","openaccess":"0","openaccessFlag":false},{"@_fa": "true", "link": [{"@_fa": "true", "@ref": "self", "@href": "https://api.elsevier.com/content/abstract/scopus_id/84937351615"},{"@_fa": "true", "@ref": "author-affiliation", "@href": "https://api.elsevier.com/content/abstract/scopus_id/84937351615?field=author,affiliation"},{"@_fa": "true", "@ref": "scopus", "@href": "https://www.scopus.com/inward/record.uri?partnerID=HzOxMe3b&scp=84937351615&origin=inward"},{"@_fa": "true", "@ref": "scopus-citedby", "@href": "https://www.scopus.com/inward/citedby.uri?partnerID=HzOxMe3b&scp=84937351615&origin=inward"}],"prism:url":"https://api.elsevier.com/content/abstract/scopus_id/84937351615","dc:identifier":"SCOPUS_ID:84937351615","eid":"2-s2.0-84937351615","dc:title":"On passive one-way systems","dc:creator":"Gamo H.","prism:publicationName":"IRE Transactions on Information Theory","prism:issn":"00961000","prism:eIssn":"21682712","prism:volume":"5","prism:issueIdentifier":"5","prism:pageRange":"283-297","prism:coverDate":"1959-01-01","prism:coverDisplayDate":"May, 1959","prism:doi":"10.1109/TIT.1959.1057531","citedby-count":"0","prism:aggregationType":"Journal","subtype":"ar","subtypeDescription":"Article","source-id":"21100398936","openaccess":"0","openaccessFlag":false},{"@_fa": "true", "link": [{"@_fa": "true", "@ref": "self", "@href": "https://api.elsevier.com/content/abstract/scopus_id/84964156883"},{"@_fa": "true", "@ref": "author-affiliation", "@href": "https://api.elsevier.com/content/abstract/scopus_id/84964156883?field=author,affiliation"},{"@_fa": "true", "@ref": "scopus", "@href": "https://www.scopus.com/inward/record.uri?partnerID=HzOxMe3b&scp=84964156883&origin=inward"},{"@_fa": "true", "@ref": "scopus-citedby", "@href": "https://www.scopus.com/inward/citedby.uri?partnerID=HzOxMe3b&scp=84964156883&origin=inward"}],"prism:url":"https://api.elsevier.com/content/abstract/scopus_id/84964156883","dc:identifier":"SCOPUS_ID:84964156883","eid":"2-s2.0-84964156883","dc:title":"A Resident Representative's View of Technical Co-operation","dc:creator":"Spence H.","prism:publicationName":"The Annals of the American Academy of Political and Social Science","prism:issn":"00027162","prism:eIssn":"15523349","prism:volume":"323","prism:issueIdentifier":"1","prism:pageRange":"9-16","prism:coverDate":"1959-01-01","prism:coverDisplayDate":"May 1959","prism:doi":"10.1177/000271625932300103","citedby-count":"0","prism:aggregationType":"Journal","subtype":"ar","subtypeDescription":"Article","source-id":"15528","openaccess":"0","openaccessFlag":false},{"@_fa": "true", "link": [{"@_fa": "true", "@ref": "self", "@href": "https://api.elsevier.com/content/abstract/scopus_id/84937348927"},{"@_fa": "true", "@ref": "author-affiliation", "@href": "https://api.elsevier.com/content/abstract/scopus_id/84937348927?field=author,affiliation"},{"@_fa": "true", "@ref": "scopus", "@href": "https://www.scopus.com/inward/record.uri?partnerID=HzOxMe3b&scp=84937348927&origin=inward"},{"@_fa": "true", "@ref": "scopus-citedby", "@href": "https://www.scopus.com/inward/citedby.uri?partnerID=HzOxMe3b&scp=84937348927&origin=inward"}],"prism:url":"https://api.elsevier.com/content/abstract/scopus_id/84937348927","dc:identifier":"SCOPUS_ID:84937348927","eid":"2-s2.0-84937348927","dc:title":"The theory of switching nets","dc:creator":"Yoeli M.","prism:publicationName":"IRE Transactions on Information Theory","prism:issn":"00961000","prism:eIssn":"21682712","prism:volume":"5","prism:issueIdentifier":"5","prism:pageRange":"152-157","prism:coverDate":"1959-01-01","prism:coverDisplayDate":"May, 1959","prism:doi":"10.1109/TIT.1959.1057530","citedby-count":"0","affiliation": [{"@_fa": "true", "affilname":"Technion - Israel Institute of Technology","affiliation-city":"Haifa","affiliation-country":"Israel"}],"prism:aggregationType":"Journal","subtype":"ar","subtypeDescription":"Article","source-id":"21100398936","openaccess":"0","openaccessFlag":false},{"@_fa": "true", "link": [{"@_fa": "true", "@ref": "self", "@href": "https://api.elsevier.com/content/abstract/scopus_id/84937349520"},{"@_fa": "true", "@ref": "author-affiliation", "@href": "https://api.elsevier.com/content/abstract/scopus_id/84937349520?field=author,affiliation"},{"@_fa": "true", "@ref": "scopus", "@href": "https://www.scopus.com/inward/record.uri?partnerID=HzOxMe3b&scp=84937349520&origin=inward"},{"@_fa": "true", "@ref": "scopus-citedby", "@href": "https://www.scopus.com/inward/citedby.uri?partnerID=HzOxMe3b&scp=84937349520&origin=inward"}],"prism:url":"https://api.elsevier.com/content/abstract/scopus_id/84937349520","dc:identifier":"SCOPUS_ID:84937349520","eid":"2-s2.0-84937349520","dc:title":"Functional equations in adaptive processes and random transmission","dc:creator":"Bellman R.","prism:publicationName":"IRE Transactions on Information Theory","prism:issn":"00961000","prism:eIssn":"21682712","prism:volume":"5","prism:issueIdentifier":"5","prism:pageRange":"271-282","prism:coverDate":"1959-01-01","prism:coverDisplayDate":"May, 1959","prism:doi":"10.1109/TIT.1959.1057533","citedby-count":"0","prism:aggregationType":"Journal","subtype":"ar","subtypeDescription":"Article","source-id":"21100398936","openaccess":"0","openaccessFlag":false},{"@_fa": "true", "link": [{"@_fa": "true", "@ref": "self", "@href": "https://api.elsevier.com/content/abstract/scopus_id/84974915256"},{"@_fa": "true", "@ref": "author-affiliation", "@href": "https://api.elsevier.com/content/abstract/scopus_id/84974915256?field=author,affiliation"},{"@_fa": "true", "@ref": "scopus", "@href": "https://www.scopus.com/inward/record.uri?partnerID=HzOxMe3b&scp=84974915256&origin=inward"},{"@_fa": "true", "@ref": "scopus-citedby", "@href": "https://www.scopus.com/inward/citedby.uri?partnerID=HzOxMe3b&scp=84974915256&origin=inward"}],"prism:url":"https://api.elsevier.com/content/abstract/scopus_id/84974915256","dc:identifier":"SCOPUS_ID:84974915256","eid":"2-s2.0-84974915256","dc:title":"Dante’s vision of god","dc:creator":"Foster K.","prism:publicationName":"Italian Studies","prism:issn":"00751634","prism:eIssn":"17486181","prism:volume":"14","prism:issueIdentifier":"1","prism:pageRange":"21-39","prism:coverDate":"1959-01-01","prism:coverDisplayDate":"1 January 1959","prism:doi":"10.1179/its.1959.14.1.21","citedby-count":"0","prism:aggregationType":"Journal","subtype":"ar","subtypeDescription":"Article","source-id":"6500153184","openaccess":"0","openaccessFlag":false}]}}