{"search-results":{"opensearch:totalResults":"2137","opensearch:startIndex":"0","opensearch:itemsPerPage":"25","opensearch:Query":{"@role": "request", "@searchTerms": "TITLE-ABS-KEY(\"network\") AND SUBJAREA(SOCI) AND PUBYEAR = 1998", "@startPage": "0"},"link": [{"@_fa": "true", "@ref": "self", "@href": "https://api.elsevier.com/content/search/scopus?start=0&count=25&query=TITLE-ABS-KEY%28%22network%22%29+AND+SUBJAREA%28SOCI%29+AND+PUBYEAR+%3D+1998&apiKey=27d953b4b546791964ebeb768d13e61f&view=STANDARD", "@type": "application/json"},{"@_fa": "true", "@ref": "first", "@href": "https://api.elsevier.com/content/search/scopus?start=0&count=25&query=TITLE-ABS-KEY%28%22network%22%29+AND+SUBJAREA%28SOCI%29+AND+PUBYEAR+%3D+1998&apiKey=27d953b4b546791964ebeb768d13e61f&view=STANDARD", "@type": "application/json"},{"@_fa": "true", "@ref": "next", "@href": "https://api.elsevier.com/content/search/scopus?start=25&count=25&query=TITLE-ABS-KEY%28%22network%22%29+AND+SUBJAREA%28SOCI%29+AND+PUBYEAR+%3D+1998&apiKey=27d953b4b546791964ebeb768d13e61f&view=STANDARD", "@type": "application/json"},{"@_fa": "true", "@ref": "last", "@href": "https://api.elsevier.com/content/search/scopus?start=2112&count=25&query=TITLE-ABS-KEY%28%22network%22%29+AND+SUBJAREA%28SOCI%29+AND+PUBYEAR+%3D+1998&apiKey=27d953b4b546791964ebeb768d13e61f&view=STANDARD", "@type": "application/json"}],"entry": [{"@_fa": "true", "link": [{"@_fa": "true", "@ref": "self", "@href": "https://api.elsevier.com/content/abstract/scopus_id/84937260711"},{"@_fa": "true", "@ref": "author-affiliation", "@href": "https://api.elsevier.com/content/abstract/scopus_id/84937260711?field=author,affiliation"},{"@_fa": "true", "@ref": "scopus", "@href": "https://www.scopus.com/inward/record.uri?partnerID=HzOxMe3b&scp=84937260711&origin=inward"},{"@_fa": "true", "@ref": "scopus-citedby", "@href": "https://www.scopus.com/inward/citedby.uri?partnerID=HzOxMe3b&scp=84937260711&origin=inward"}],"prism:url":"https://api.elsevier.com/content/abstract/scopus_id/84937260711","dc:identifier":"SCOPUS_ID:84937260711","eid":"2-s2.0-84937260711","dc:title":"Patterns of Long-Term Care: A Comparison of Puerto Rican, African-American, and Non-Latino White Elders","dc:creator":"Tennstedt S.","prism:publicationName":"Journal of Gerontological Social Work","prism:issn":"01634372","prism:eIssn":"15404048","prism:volume":"30","prism:issueIdentifier":"1-2","prism:pageRange":"179-199","prism:coverDate":"1998-12-30","prism:coverDisplayDate":"30 December 1998","prism:doi":"10.1300/J083v30n01_11","citedby-count":"30","affiliation": [{"@_fa": "true", "affilname":"New England Research Institutes","affiliation-city":"Watertown","affiliation-country":"United States"}],"prism:aggregationType":"Journal","subtype":"ar","subtypeDescription":"Article","source-id":"29553","openaccess":"0","openaccessFlag":false},{"@_fa": "true", "link": [{"@_fa": "true", "@ref": "self", "@href": "https://api.elsevier.com/content/abstract/scopus_id/0031775376"},{"@_fa": "true", "@ref": "author-affiliation", "@href": "https://api.elsevier.com/content/abstract/scopus_id/0031775376?field=author,affiliation"},{"@_fa": "true", "@ref": "scopus", "@href": "https://www.scopus.com/inward/record.uri?partnerID=HzOxMe3b&scp=0031775376&origin=inward"},{"@_fa": "true", "@ref": "scopus-citedby", "@href": "https://www.scopus.com/inward/citedby.uri?partnerID=HzOxMe3b&scp=0031775376&origin=inward"}],"prism:url":"https://api.elsevier.com/content/abstract/scopus_id/0031775376","dc:identifier":"SCOPUS_ID:0031775376","eid":"2-s2.0-0031775376","dc:title":"The von Restorff effect in visual object recognition memory in humans and monkeys: The role of frontal/perirhinal interaction","dc:creator":"Parker A.","prism:publicationName":"Journal of Cognitive Neuroscience","prism:issn":"0898929X","prism:volume":"10","prism:issueIdentifier":"6","prism:pageRange":"691-703","prism:coverDate":"1998-12-22","prism:coverDisplayDate":"1998","prism:doi":"10.1162/089892998563103","citedby-count":"53","affiliation": [{"@_fa": "true", "affilname":"University of Oxford","affiliation-city":"Oxford","affiliation-country":"United Kingdom"},{"@_fa": "true", "affilname":"University of Oxford Medical Sciences Division","affiliation-city":"Oxford","affiliation-country":"United Kingdom"}],"pubmed-id":"9831738","prism:aggregationType":"Journal","subtype":"ar","subtypeDescription":"Article","source-id":"16688","openaccess":"0","openaccessFlag":false},{"@_fa": "true", "link": [{"@_fa": "true", "@ref": "self", "@href": "https://api.elsevier.com/content/abstract/scopus_id/0032553922"},{"@_fa": "true", "@ref": "author-affiliation", "@href": "https://api.elsevier.com/content/abstract/scopus_id/0032553922?field=author,affiliation"},{"@_fa": "true", "@ref": "scopus", "@href": "https://www.scopus.com/inward/record.uri?partnerID=HzOxMe3b&scp=0032553922&origin=inward"},{"@_fa": "true", "@ref": "scopus-citedby", "@href": "https://www.scopus.com/inward/citedby.uri?partnerID=HzOxMe3b&scp=0032553922&origin=inward"}],"prism:url":"https://api.elsevier.com/content/abstract/scopus_id/0032553922","dc:identifier":"SCOPUS_ID:0032553922","eid":"2-s2.0-0032553922","dc:title":"Research relief [5]","dc:creator":"Watson J.","prism:publicationName":"Hospitals and Health Networks","prism:issn":"10688838","prism:volume":"72","prism:issueIdentifier":"23-24","prism:pageRange":"10","prism:coverDate":"1998-12-20","prism:coverDisplayDate":"20 December 1998","citedby-count":"0","prism:aggregationType":"Journal","subtype":"le","subtypeDescription":"Letter","source-id":"13493","openaccess":"0","openaccessFlag":false},{"@_fa": "true", "link": [{"@_fa": "true", "@ref": "self", "@href": "https://api.elsevier.com/content/abstract/scopus_id/0347244337"},{"@_fa": "true", "@ref": "author-affiliation", "@href": "https://api.elsevier.com/content/abstract/scopus_id/0347244337?field=author,affiliation"},{"@_fa": "true", "@ref": "scopus", "@href": "https://www.scopus.com/inward/record.uri?partnerID=HzOxMe3b&scp=0347244337&origin=inward"},{"@_fa": "true", "@ref": "scopus-citedby", "@href": "https://www.scopus.com/inward/citedby.uri?partnerID=HzOxMe3b&scp=0347244337&origin=inward"},{"@_fa": "true", "@ref": "full-text", "@href": "https://api.elsevier.com/content/article/eid/1-s2.0-S0920548998000506"}],"prism:url":"https://api.elsevier.com/content/abstract/scopus_id/0347244337","dc:identifier":"SCOPUS_ID:0347244337","eid":"2-s2.0-0347244337","dc:title":"Interoperability among heterogeneous communications networks - An IETF perspective","dc:creator":"Carpenter B.","prism:publicationName":"Computer Standards and Interfaces","prism:issn":"09205489","prism:volume":"20","prism:issueIdentifier":"2-3","prism:pageRange":"147-149","prism:coverDate":"1998-12-15","prism:coverDisplayDate":"15 December 1998","prism:doi":"10.1016/S0920-5489(98)00050-6","pii":"S0920548998000506","citedby-count":"5","affiliation": [{"@_fa": "true", "affilname":"IBM United Kingdom Limited","affiliation-city":"Portsmouth","affiliation-country":"United Kingdom"}],"prism:aggregationType":"Journal","subtype":"ar","subtypeDescription":"Article","source-id":"24303","openaccess":"0","openaccessFlag":false},{"@_fa": "true", "link": [{"@_fa": "true", "@ref": "self", "@href": "https://api.elsevier.com/content/abstract/scopus_id/0347810449"},{"@_fa": "true", "@ref": "author-affiliation", "@href": "https://api.elsevier.com/content/abstract/scopus_id/0347810449?field=author,affiliation"},{"@_fa": "true", "@ref": "scopus", "@href": "https://www.scopus.com/inward/record.uri?partnerID=HzOxMe3b&scp=0347810449&origin=inward"},{"@_fa": "true", "@ref": "scopus-citedby", "@href": "https://www.scopus.com/inward/citedby.uri?partnerID=HzOxMe3b&scp=0347810449&origin=inward"},{"@_fa": "true", "@ref": "full-text", "@href": "https://api.elsevier.com/content/article/eid/1-s2.0-S092054899800049X"}],"prism:url":"https://api.elsevier.com/content/abstract/scopus_id/0347810449","dc:identifier":"SCOPUS_ID:0347810449","eid":"2-s2.0-0347810449","dc:title":"The making of global standards in the GIS of the 21st century","dc:creator":"Ollila J.","prism:publicationName":"Computer Standards and Interfaces","prism:issn":"09205489","prism:volume":"20","prism:issueIdentifier":"2-3","prism:pageRange":"141-145","prism:coverDate":"1998-12-15","prism:coverDisplayDate":"15 December 1998","prism:doi":"10.1016/S0920-5489(98)00049-X","pii":"S092054899800049X","citedby-count":"2","prism:aggregationType":"Journal","subtype":"ar","subtypeDescription":"Article","source-id":"24303","openaccess":"0","openaccessFlag":false},{"@_fa": "true", "link": [{"@_fa": "true", "@ref": "self", "@href": "https://api.elsevier.com/content/abstract/scopus_id/0347810448"},{"@_fa": "true", "@ref": "author-affiliation", "@href": "https://api.elsevier.com/content/abstract/scopus_id/0347810448?field=author,affiliation"},{"@_fa": "true", "@ref": "scopus", "@href": "https://www.scopus.com/inward/record.uri?partnerID=HzOxMe3b&scp=0347810448&origin=inward"},{"@_fa": "true", "@ref": "scopus-citedby", "@href": "https://www.scopus.com/inward/citedby.uri?partnerID=HzOxMe3b&scp=0347810448&origin=inward"},{"@_fa": "true", "@ref": "full-text", "@href": "https://api.elsevier.com/content/article/eid/1-s2.0-S0920548998000440"}],"prism:url":"https://api.elsevier.com/content/abstract/scopus_id/0347810448","dc:identifier":"SCOPUS_ID:0347810448","eid":"2-s2.0-0347810448","dc:title":"Standards for access to museum content: Practical solutions or technical chimeras?","dc:creator":"Sherwood L.","prism:publicationName":"Computer Standards and Interfaces","prism:issn":"09205489","prism:volume":"20","prism:issueIdentifier":"2-3","prism:pageRange":"111-115","prism:coverDate":"1998-12-15","prism:coverDisplayDate":"15 December 1998","prism:doi":"10.1016/S0920-5489(98)00044-0","pii":"S0920548998000440","citedby-count":"2","affiliation": [{"@_fa": "true", "affilname":"Canadian Heritage","affiliation-city":"Gatineau","affiliation-country":"Canada"}],"prism:aggregationType":"Journal","subtype":"ar","subtypeDescription":"Article","source-id":"24303","openaccess":"0","openaccessFlag":false},{"@_fa": "true", "link": [{"@_fa": "true", "@ref": "self", "@href": "https://api.elsevier.com/content/abstract/scopus_id/0032322630"},{"@_fa": "true", "@ref": "author-affiliation", "@href": "https://api.elsevier.com/content/abstract/scopus_id/0032322630?field=author,affiliation"},{"@_fa": "true", "@ref": "scopus", "@href": "https://www.scopus.com/inward/record.uri?partnerID=HzOxMe3b&scp=0032322630&origin=inward"},{"@_fa": "true", "@ref": "scopus-citedby", "@href": "https://www.scopus.com/inward/citedby.uri?partnerID=HzOxMe3b&scp=0032322630&origin=inward"},{"@_fa": "true", "@ref": "full-text", "@href": "https://api.elsevier.com/content/article/eid/1-s2.0-S0968090X99000054"}],"prism:url":"https://api.elsevier.com/content/abstract/scopus_id/0032322630","dc:identifier":"SCOPUS_ID:0032322630","eid":"2-s2.0-0032322630","dc:title":"Statistical and neural classifiers to detect traffic operational problems on urban arterials","dc:creator":"Khan S.","prism:publicationName":"Transportation Research Part C: Emerging Technologies","prism:issn":"0968090X","prism:volume":"6","prism:issueIdentifier":"5-6","prism:pageRange":"291-314","prism:coverDate":"1998-12-10","prism:coverDisplayDate":"10 December 1998","prism:doi":"10.1016/S0968-090X(99)00005-4","pii":"S0968090X99000054","citedby-count":"36","affiliation": [{"@_fa": "true", "affilname":"Univ. C.","affiliation-city":"Denver","affiliation-country":"United States"}],"prism:aggregationType":"Journal","subtype":"ar","subtypeDescription":"Article","source-id":"20893","openaccess":"0","openaccessFlag":false},{"@_fa": "true", "link": [{"@_fa": "true", "@ref": "self", "@href": "https://api.elsevier.com/content/abstract/scopus_id/0031785799"},{"@_fa": "true", "@ref": "author-affiliation", "@href": "https://api.elsevier.com/content/abstract/scopus_id/0031785799?field=author,affiliation"},{"@_fa": "true", "@ref": "scopus", "@href": "https://www.scopus.com/inward/record.uri?partnerID=HzOxMe3b&scp=0031785799&origin=inward"},{"@_fa": "true", "@ref": "scopus-citedby", "@href": "https://www.scopus.com/inward/citedby.uri?partnerID=HzOxMe3b&scp=0031785799&origin=inward"}],"prism:url":"https://api.elsevier.com/content/abstract/scopus_id/0031785799","dc:identifier":"SCOPUS_ID:0031785799","eid":"2-s2.0-0031785799","dc:title":"Timing global cities","prism:publicationName":"Nederlandse Geografische Studies","prism:issn":"01694839","prism:issueIdentifier":"241","prism:pageRange":null,"prism:coverDate":"1998-12-05","prism:coverDisplayDate":"1998","citedby-count":"1","prism:aggregationType":"Book Series","subtype":"ar","subtypeDescription":"Article","source-id":"29877","openaccess":"0","openaccessFlag":false},{"@_fa": "true", "link": [{"@_fa": "true", "@ref": "self", "@href": "https://api.elsevier.com/content/abstract/scopus_id/0031726087"},{"@_fa": "true", "@ref": "author-affiliation", "@href": "https://api.elsevier.com/content/abstract/scopus_id/0031726087?field=author,affiliation"},{"@_fa": "true", "@ref": "scopus", "@href": "https://www.scopus.com/inward/record.uri?partnerID=HzOxMe3b&scp=0031726087&origin=inward"},{"@_fa": "true", "@ref": "scopus-citedby", "@href": "https://www.scopus.com/inward/citedby.uri?partnerID=HzOxMe3b&scp=0031726087&origin=inward"}],"prism:url":"https://api.elsevier.com/content/abstract/scopus_id/0031726087","dc:identifier":"SCOPUS_ID:0031726087","eid":"2-s2.0-0031726087","dc:title":"Networking and rural development through sustainable forest management: frameworks for pluralistic approaches","dc:creator":"Bebbington A.","prism:publicationName":"Unasylva","prism:issn":"00416436","prism:volume":"49","prism:issueIdentifier":"194","prism:pageRange":"11-18","prism:coverDate":"1998-12-05","prism:coverDisplayDate":"1998","citedby-count":"5","affiliation": [{"@_fa": "true", "affilname":"University of Colorado at Boulder","affiliation-city":"Boulder","affiliation-country":"United States"}],"prism:aggregationType":"Journal","subtype":"ar","subtypeDescription":"Article","source-id":"24302","openaccess":"0","openaccessFlag":false},{"@_fa": "true", "link": [{"@_fa": "true", "@ref": "self", "@href": "https://api.elsevier.com/content/abstract/scopus_id/0031736577"},{"@_fa": "true", "@ref": "author-affiliation", "@href": "https://api.elsevier.com/content/abstract/scopus_id/0031736577?field=author,affiliation"},{"@_fa": "true", "@ref": "scopus", "@href": "https://www.scopus.com/inward/record.uri?partnerID=HzOxMe3b&scp=0031736577&origin=inward"},{"@_fa": "true", "@ref": "scopus-citedby", "@href": "https://www.scopus.com/inward/citedby.uri?partnerID=HzOxMe3b&scp=0031736577&origin=inward"}],"prism:url":"https://api.elsevier.com/content/abstract/scopus_id/0031736577","dc:identifier":"SCOPUS_ID:0031736577","eid":"2-s2.0-0031736577","dc:title":"Personal social networks and HIV status among women on methadone","dc:creator":"El-Bassel N.","prism:publicationName":"AIDS Care - Psychological and Socio-Medical Aspects of AIDS/HIV","prism:issn":"09540121","prism:volume":"10","prism:issueIdentifier":"6","prism:pageRange":"735-749","prism:coverDate":"1998-12-02","prism:coverDisplayDate":"1998","prism:doi":"10.1080/09540129848352","citedby-count":"26","affiliation": [{"@_fa": "true", "affilname":"Columbia University in the City of New York","affiliation-city":"New York","affiliation-country":"United States"}],"pubmed-id":"9924528","prism:aggregationType":"Journal","subtype":"ar","subtypeDescription":"Article","source-id":"21321","openaccess":"0","openaccessFlag":false},{"@_fa": "true", "link": [{"@_fa": "true", "@ref": "self", "@href": "https://api.elsevier.com/content/abstract/scopus_id/85023949032"},{"@_fa": "true", "@ref": "author-affiliation", "@href": "https://api.elsevier.com/content/abstract/scopus_id/85023949032?field=author,affiliation"},{"@_fa": "true", "@ref": "scopus", "@href": "https://www.scopus.com/inward/record.uri?partnerID=HzOxMe3b&scp=85023949032&origin=inward"},{"@_fa": "true", "@ref": "scopus-citedby", "@href": "https://www.scopus.com/inward/citedby.uri?partnerID=HzOxMe3b&scp=85023949032&origin=inward"}],"prism:url":"https://api.elsevier.com/content/abstract/scopus_id/85023949032","dc:identifier":"SCOPUS_ID:85023949032","eid":"2-s2.0-85023949032","dc:title":"Cataloging with bibliofile: Alternative to the bibliographic utilities for small college libraries","dc:creator":"Kellsey C.","prism:publicationName":"College and Undergraduate Libraries","prism:issn":"10691316","prism:eIssn":"15452530","prism:volume":"5","prism:issueIdentifier":"2","prism:pageRange":"59-67","prism:coverDate":"1998-12-02","prism:coverDisplayDate":"2 December 1998","prism:doi":"10.1300/J106v05n02_08","citedby-count":"0","affiliation": [{"@_fa": "true", "affilname":"University of Colorado at Boulder","affiliation-city":"Boulder","affiliation-country":"United States"}],"prism:aggregationType":"Journal","subtype":"ar","subtypeDescription":"Article","source-id":"4700152782","openaccess":"0","openaccessFlag":false},{"@_fa": "true", "link": [{"@_fa": "true", "@ref": "self", "@href": "https://api.elsevier.com/content/abstract/scopus_id/77957970213"},{"@_fa": "true", "@ref": "author-affiliation", "@href": "https://api.elsevier.com/content/abstract/scopus_id/77957970213?field=author,affiliation"},{"@_fa": "true", "@ref": "scopus", "@href": "https://www.scopus.com/inward/record.uri?partnerID=HzOxMe3b&scp=77957970213&origin=inward"},{"@_fa": "true", "@ref": "scopus-citedby", "@href": "https://www.scopus.com/inward/citedby.uri?partnerID=HzOxMe3b&scp=77957970213&origin=inward"}],"prism:url":"https://api.elsevier.com/content/abstract/scopus_id/77957970213","dc:identifier":"SCOPUS_ID:77957970213","eid":"2-s2.0-77957970213","dc:title":"Nigerian universities network - gateway to the world","dc:creator":"Oyinloye A.","prism:publicationName":"Information Development","prism:issn":"02666669","prism:eIssn":"17416469","prism:volume":"14","prism:issueIdentifier":"4","prism:pageRange":"189-192","prism:coverDate":"1998-12-01","prism:coverDisplayDate":"1998","prism:doi":"10.1177/0266666984239472","citedby-count":"2","prism:aggregationType":"Journal","subtype":"ar","subtypeDescription":"Article","source-id":"6400153106","openaccess":"0","openaccessFlag":false},{"@_fa": "true", "link": [{"@_fa": "true", "@ref": "self", "@href": "https://api.elsevier.com/content/abstract/scopus_id/0032273921"},{"@_fa": "true", "@ref": "author-affiliation", "@href": "https://api.elsevier.com/content/abstract/scopus_id/0032273921?field=author,affiliation"},{"@_fa": "true", "@ref": "scopus", "@href": "https://www.scopus.com/inward/record.uri?partnerID=HzOxMe3b&scp=0032273921&origin=inward"},{"@_fa": "true", "@ref": "scopus-citedby", "@href": "https://www.scopus.com/inward/citedby.uri?partnerID=HzOxMe3b&scp=0032273921&origin=inward"}],"prism:url":"https://api.elsevier.com/content/abstract/scopus_id/0032273921","dc:identifier":"SCOPUS_ID:0032273921","eid":"2-s2.0-0032273921","dc:title":"Road network asset management using pavement life-cycle costing modelling","dc:creator":"Martin T.","prism:publicationName":"Proceedings - Conference of the Australian Road Research Board","prism:issn":"05721431","prism:pageRange":"187-203","prism:coverDate":"1998-12-01","prism:coverDisplayDate":"1998","citedby-count":"0","prism:aggregationType":"Conference Proceeding","subtype":"cp","subtypeDescription":"Conference Paper","source-id":"26432","openaccess":"0","openaccessFlag":false},{"@_fa": "true", "link": [{"@_fa": "true", "@ref": "self", "@href": "https://api.elsevier.com/content/abstract/scopus_id/0032284971"},{"@_fa": "true", "@ref": "author-affiliation", "@href": "https://api.elsevier.com/content/abstract/scopus_id/0032284971?field=author,affiliation"},{"@_fa": "true", "@ref": "scopus", "@href": "https://www.scopus.com/inward/record.uri?partnerID=HzOxMe3b&scp=0032284971&origin=inward"},{"@_fa": "true", "@ref": "scopus-citedby", "@href": "https://www.scopus.com/inward/citedby.uri?partnerID=HzOxMe3b&scp=0032284971&origin=inward"}],"prism:url":"https://api.elsevier.com/content/abstract/scopus_id/0032284971","dc:identifier":"SCOPUS_ID:0032284971","eid":"2-s2.0-0032284971","dc:title":"Neural networks for performance prediction on unsealed roads","dc:creator":"Lea J.","prism:publicationName":"Proceedings - Conference of the Australian Road Research Board","prism:issn":"05721431","prism:pageRange":"1-16","prism:coverDate":"1998-12-01","prism:coverDisplayDate":"1998","citedby-count":"0","prism:aggregationType":"Conference Proceeding","subtype":"cp","subtypeDescription":"Conference Paper","source-id":"26432","openaccess":"0","openaccessFlag":false},{"@_fa": "true", "link": [{"@_fa": "true", "@ref": "self", "@href": "https://api.elsevier.com/content/abstract/scopus_id/84993056270"},{"@_fa": "true", "@ref": "author-affiliation", "@href": "https://api.elsevier.com/content/abstract/scopus_id/84993056270?field=author,affiliation"},{"@_fa": "true", "@ref": "scopus", "@href": "https://www.scopus.com/inward/record.uri?partnerID=HzOxMe3b&scp=84993056270&origin=inward"},{"@_fa": "true", "@ref": "scopus-citedby", "@href": "https://www.scopus.com/inward/citedby.uri?partnerID=HzOxMe3b&scp=84993056270&origin=inward"}],"prism:url":"https://api.elsevier.com/content/abstract/scopus_id/84993056270","dc:identifier":"SCOPUS_ID:84993056270","eid":"2-s2.0-84993056270","dc:title":"Partnerships for citizenship and community information through the public library network","dc:creator":"Kendall M.","prism:publicationName":"New Library World","prism:issn":"03074803","prism:volume":"99","prism:issueIdentifier":"7","prism:pageRange":"294-299","prism:coverDate":"1998-12-01","prism:coverDisplayDate":"1 December 1998","prism:doi":"10.1108/03074809810241175","citedby-count":"0","affiliation": [{"@_fa": "true", "affilname":"Manchester Metropolitan University","affiliation-city":"Manchester","affiliation-country":"United Kingdom"}],"prism:aggregationType":"Journal","subtype":"ar","subtypeDescription":"Article","source-id":"144814","openaccess":"0","openaccessFlag":false},{"@_fa": "true", "link": [{"@_fa": "true", "@ref": "self", "@href": "https://api.elsevier.com/content/abstract/scopus_id/84973467443"},{"@_fa": "true", "@ref": "author-affiliation", "@href": "https://api.elsevier.com/content/abstract/scopus_id/84973467443?field=author,affiliation"},{"@_fa": "true", "@ref": "scopus", "@href": "https://www.scopus.com/inward/record.uri?partnerID=HzOxMe3b&scp=84973467443&origin=inward"},{"@_fa": "true", "@ref": "scopus-citedby", "@href": "https://www.scopus.com/inward/citedby.uri?partnerID=HzOxMe3b&scp=84973467443&origin=inward"}],"prism:url":"https://api.elsevier.com/content/abstract/scopus_id/84973467443","dc:identifier":"SCOPUS_ID:84973467443","eid":"2-s2.0-84973467443","dc:title":"Le reti di attori pubblici e privati nella regolazione europea","dc:creator":"Börzel T.","prism:publicationName":"Stato e Mercato","prism:issn":"03929701","prism:issueIdentifier":"54","prism:pageRange":"389-432","prism:coverDate":"1998-12-01","prism:coverDisplayDate":"December 1998","prism:doi":"10.1425/417","citedby-count":"7","prism:aggregationType":"Journal","subtype":"re","subtypeDescription":"Review","source-id":"5700167216","openaccess":"0","openaccessFlag":false},{"@_fa": "true", "link": [{"@_fa": "true", "@ref": "self", "@href": "https://api.elsevier.com/content/abstract/scopus_id/79957927321"},{"@_fa": "true", "@ref": "author-affiliation", "@href": "https://api.elsevier.com/content/abstract/scopus_id/79957927321?field=author,affiliation"},{"@_fa": "true", "@ref": "scopus", "@href": "https://www.scopus.com/inward/record.uri?partnerID=HzOxMe3b&scp=79957927321&origin=inward"},{"@_fa": "true", "@ref": "scopus-citedby", "@href": "https://www.scopus.com/inward/citedby.uri?partnerID=HzOxMe3b&scp=79957927321&origin=inward"}],"prism:url":"https://api.elsevier.com/content/abstract/scopus_id/79957927321","dc:identifier":"SCOPUS_ID:79957927321","eid":"2-s2.0-79957927321","dc:title":"The impact of legislatively imposed change on the criminal justice interorganizational network","dc:creator":"Slater T.","prism:publicationName":"Criminal Justice Policy Review","prism:issn":"08874034","prism:eIssn":"15523586","prism:volume":"9","prism:issueIdentifier":"1","prism:pageRange":"73-96","prism:coverDate":"1998-12-01","prism:coverDisplayDate":"1998","prism:doi":"10.1177/088740349800900104","citedby-count":"0","affiliation": [{"@_fa": "true", "affilname":"Schoharie County Probation Department","affiliation-city":null,"affiliation-country":null}],"prism:aggregationType":"Journal","subtype":"ar","subtypeDescription":"Article","source-id":"5700160617","openaccess":"0","openaccessFlag":false},{"@_fa": "true", "link": [{"@_fa": "true", "@ref": "self", "@href": "https://api.elsevier.com/content/abstract/scopus_id/11544251272"},{"@_fa": "true", "@ref": "author-affiliation", "@href": "https://api.elsevier.com/content/abstract/scopus_id/11544251272?field=author,affiliation"},{"@_fa": "true", "@ref": "scopus", "@href": "https://www.scopus.com/inward/record.uri?partnerID=HzOxMe3b&scp=11544251272&origin=inward"},{"@_fa": "true", "@ref": "scopus-citedby", "@href": "https://www.scopus.com/inward/citedby.uri?partnerID=HzOxMe3b&scp=11544251272&origin=inward"}],"prism:url":"https://api.elsevier.com/content/abstract/scopus_id/11544251272","dc:identifier":"SCOPUS_ID:11544251272","eid":"2-s2.0-11544251272","dc:title":"Japan's shortsea solution","dc:creator":"Baird A.","prism:publicationName":"Cargo Systems","prism:issn":"03060985","prism:volume":"25","prism:issueIdentifier":"3","prism:pageRange":"65","prism:coverDate":"1998-12-01","prism:coverDisplayDate":"1998","citedby-count":"0","prism:aggregationType":"Trade Journal","subtype":"ar","subtypeDescription":"Article","source-id":"9500153914","openaccess":"0","openaccessFlag":false},{"@_fa": "true", "link": [{"@_fa": "true", "@ref": "self", "@href": "https://api.elsevier.com/content/abstract/scopus_id/0032405944"},{"@_fa": "true", "@ref": "author-affiliation", "@href": "https://api.elsevier.com/content/abstract/scopus_id/0032405944?field=author,affiliation"},{"@_fa": "true", "@ref": "scopus", "@href": "https://www.scopus.com/inward/record.uri?partnerID=HzOxMe3b&scp=0032405944&origin=inward"},{"@_fa": "true", "@ref": "scopus-citedby", "@href": "https://www.scopus.com/inward/citedby.uri?partnerID=HzOxMe3b&scp=0032405944&origin=inward"}],"prism:url":"https://api.elsevier.com/content/abstract/scopus_id/0032405944","dc:identifier":"SCOPUS_ID:0032405944","eid":"2-s2.0-0032405944","dc:title":"GPS levelling","dc:creator":"Kuhar M.","prism:publicationName":"Geodetski Vestnik","prism:issn":"03510271","prism:volume":"42","prism:issueIdentifier":"3","prism:pageRange":"286-293","prism:coverDate":"1998-12-01","prism:coverDisplayDate":"1998","citedby-count":"0","prism:aggregationType":"Journal","subtype":"ar","subtypeDescription":"Article","source-id":"27908","openaccess":"0","openaccessFlag":false},{"@_fa": "true", "link": [{"@_fa": "true", "@ref": "self", "@href": "https://api.elsevier.com/content/abstract/scopus_id/0032183412"},{"@_fa": "true", "@ref": "author-affiliation", "@href": "https://api.elsevier.com/content/abstract/scopus_id/0032183412?field=author,affiliation"},{"@_fa": "true", "@ref": "scopus", "@href": "https://www.scopus.com/inward/record.uri?partnerID=HzOxMe3b&scp=0032183412&origin=inward"},{"@_fa": "true", "@ref": "scopus-citedby", "@href": "https://www.scopus.com/inward/citedby.uri?partnerID=HzOxMe3b&scp=0032183412&origin=inward"}],"prism:url":"https://api.elsevier.com/content/abstract/scopus_id/0032183412","dc:identifier":"SCOPUS_ID:0032183412","eid":"2-s2.0-0032183412","dc:title":"Information theory and communication networks: An unconsummated union","dc:creator":"Ephremides A.","prism:publicationName":"IEEE Transactions on Information Theory","prism:issn":"00189448","prism:volume":"44","prism:issueIdentifier":"6","prism:pageRange":"2416-2434","prism:coverDate":"1998-12-01","prism:coverDisplayDate":"1998","prism:doi":"10.1109/18.720543","pii":"S0018944898052869","citedby-count":"232","affiliation": [{"@_fa": "true", "affilname":"University of Maryland","affiliation-city":"College Park","affiliation-country":"United States"},{"@_fa": "true", "affilname":"IEEE","affiliation-city":"New York","affiliation-country":"United States"}],"prism:aggregationType":"Journal","subtype":"ar","subtypeDescription":"Article","source-id":"15107","openaccess":"0","openaccessFlag":false},{"@_fa": "true", "link": [{"@_fa": "true", "@ref": "self", "@href": "https://api.elsevier.com/content/abstract/scopus_id/0032256366"},{"@_fa": "true", "@ref": "author-affiliation", "@href": "https://api.elsevier.com/content/abstract/scopus_id/0032256366?field=author,affiliation"},{"@_fa": "true", "@ref": "scopus", "@href": "https://www.scopus.com/inward/record.uri?partnerID=HzOxMe3b&scp=0032256366&origin=inward"},{"@_fa": "true", "@ref": "scopus-citedby", "@href": "https://www.scopus.com/inward/citedby.uri?partnerID=HzOxMe3b&scp=0032256366&origin=inward"}],"prism:url":"https://api.elsevier.com/content/abstract/scopus_id/0032256366","dc:identifier":"SCOPUS_ID:0032256366","eid":"2-s2.0-0032256366","dc:title":"Development of assessment techniques and tools for rural accessibility","dc:creator":"Anon","prism:publicationName":"Proceedings - Conference of the Australian Road Research Board","prism:issn":"05721431","prism:pageRange":"43-61","prism:coverDate":"1998-12-01","prism:coverDisplayDate":"1998","citedby-count":"0","prism:aggregationType":"Conference Proceeding","subtype":"cp","subtypeDescription":"Conference Paper","source-id":"26432","openaccess":"0","openaccessFlag":false},{"@_fa": "true", "link": [{"@_fa": "true", "@ref": "self", "@href": "https://api.elsevier.com/content/abstract/scopus_id/0032287066"},{"@_fa": "true", "@ref": "author-affiliation", "@href": "https://api.elsevier.com/content/abstract/scopus_id/0032287066?field=author,affiliation"},{"@_fa": "true", "@ref": "scopus", "@href": "https://www.scopus.com/inward/record.uri?partnerID=HzOxMe3b&scp=0032287066&origin=inward"},{"@_fa": "true", "@ref": "scopus-citedby", "@href": "https://www.scopus.com/inward/citedby.uri?partnerID=HzOxMe3b&scp=0032287066&origin=inward"}],"prism:url":"https://api.elsevier.com/content/abstract/scopus_id/0032287066","dc:identifier":"SCOPUS_ID:0032287066","eid":"2-s2.0-0032287066","dc:title":"Whither the linkage concept? External economies and firm networks","dc:creator":"Reinert K.","prism:publicationName":"Science, Technology and Development","prism:issn":"09500707","prism:volume":"16","prism:issueIdentifier":"3","prism:pageRange":"77-91","prism:coverDate":"1998-12-01","prism:coverDisplayDate":"December 1998","citedby-count":"0","affiliation": [{"@_fa": "true", "affilname":"Kalamazoo College","affiliation-city":"Kalamazoo","affiliation-country":"United States"}],"prism:aggregationType":"Journal","subtype":"ar","subtypeDescription":"Article","source-id":"37750","openaccess":"0","openaccessFlag":false},{"@_fa": "true", "link": [{"@_fa": "true", "@ref": "self", "@href": "https://api.elsevier.com/content/abstract/scopus_id/84873969968"},{"@_fa": "true", "@ref": "author-affiliation", "@href": "https://api.elsevier.com/content/abstract/scopus_id/84873969968?field=author,affiliation"},{"@_fa": "true", "@ref": "scopus", "@href": "https://www.scopus.com/inward/record.uri?partnerID=HzOxMe3b&scp=84873969968&origin=inward"},{"@_fa": "true", "@ref": "scopus-citedby", "@href": "https://www.scopus.com/inward/citedby.uri?partnerID=HzOxMe3b&scp=84873969968&origin=inward"}],"prism:url":"https://api.elsevier.com/content/abstract/scopus_id/84873969968","dc:identifier":"SCOPUS_ID:84873969968","eid":"2-s2.0-84873969968","dc:title":"Paradigm paralysis and the plight of the PC in education","dc:creator":"O'Neil M.","prism:publicationName":"Journal of Computing in Higher Education","prism:issn":"10421726","prism:eIssn":"18671233","prism:volume":"10","prism:issueIdentifier":"1","prism:pageRange":"97-104","prism:coverDate":"1998-12-01","prism:coverDisplayDate":"1998","prism:doi":"10.1007/BF02946989","citedby-count":"1","prism:aggregationType":"Journal","subtype":"ar","subtypeDescription":"Article","source-id":"17600155502","openaccess":"0","openaccessFlag":false},{"@_fa": "true", "link": [{"@_fa": "true", "@ref": "self", "@href": "https://api.elsevier.com/content/abstract/scopus_id/0032425731"},{"@_fa": "true", "@ref": "author-affiliation", "@href": "https://api.elsevier.com/content/abstract/scopus_id/0032425731?field=author,affiliation"},{"@_fa": "true", "@ref": "scopus", "@href": "https://www.scopus.com/inward/record.uri?partnerID=HzOxMe3b&scp=0032425731&origin=inward"},{"@_fa": "true", "@ref": "scopus-citedby", "@href": "https://www.scopus.com/inward/citedby.uri?partnerID=HzOxMe3b&scp=0032425731&origin=inward"}],"prism:url":"https://api.elsevier.com/content/abstract/scopus_id/0032425731","dc:identifier":"SCOPUS_ID:0032425731","eid":"2-s2.0-0032425731","dc:title":"Models of geographical integration and the Western European urban network","dc:creator":"Cattan N.","prism:publicationName":"Espace Geographique","prism:issn":"00462497","prism:volume":"27","prism:issueIdentifier":"1","prism:pageRange":"1-10","prism:coverDate":"1998-12-01","prism:coverDisplayDate":"1998","citedby-count":"7","prism:aggregationType":"Journal","subtype":"ar","subtypeDescription":"Article","source-id":"28109","openaccess":"0","openaccessFlag":false},{"@_fa": "true", "link": [{"@_fa": "true", "@ref": "self", "@href": "https://api.elsevier.com/content/abstract/scopus_id/0032206332"},{"@_fa": "true", "@ref": "author-affiliation", "@href": "https://api.elsevier.com/content/abstract/scopus_id/0032206332?field=author,affiliation"},{"@_fa": "true", "@ref": "scopus", "@href": "https://www.scopus.com/inward/record.uri?partnerID=HzOxMe3b&scp=0032206332&origin=inward"},{"@_fa": "true", "@ref": "scopus-citedby", "@href": "https://www.scopus.com/inward/citedby.uri?partnerID=HzOxMe3b&scp=0032206332&origin=inward"}],"prism:url":"https://api.elsevier.com/content/abstract/scopus_id/0032206332","dc:identifier":"SCOPUS_ID:0032206332","eid":"2-s2.0-0032206332","dc:title":"On using spreadsheets for logic networks simulation","dc:creator":"El-Hajj A.","prism:publicationName":"IEEE Transactions on Education","prism:issn":"00189359","prism:volume":"41","prism:issueIdentifier":"4","prism:pageRange":"311-319","prism:coverDate":"1998-12-01","prism:coverDisplayDate":"1998","prism:doi":"10.1109/13.728267","pii":"S0018935998082181","citedby-count":"7","prism:aggregationType":"Journal","subtype":"ar","subtypeDescription":"Article","source-id":"17344","openaccess":"0","openaccessFlag":false}]}}