{"search-results":{"opensearch:totalResults":"794","opensearch:startIndex":"0","opensearch:itemsPerPage":"25","opensearch:Query":{"@role": "request", "@searchTerms": "TITLE-ABS-KEY(\"network\") AND SUBJAREA(SOCI) AND PUBYEAR = 1990", "@startPage": "0"},"link": [{"@_fa": "true", "@ref": "self", "@href": "https://api.elsevier.com/content/search/scopus?start=0&count=25&query=TITLE-ABS-KEY%28%22network%22%29+AND+SUBJAREA%28SOCI%29+AND+PUBYEAR+%3D+1990&apiKey=27d953b4b546791964ebeb768d13e61f&view=STANDARD", "@type": "application/json"},{"@_fa": "true", "@ref": "first", "@href": "https://api.elsevier.com/content/search/scopus?start=0&count=25&query=TITLE-ABS-KEY%28%22network%22%29+AND+SUBJAREA%28SOCI%29+AND+PUBYEAR+%3D+1990&apiKey=27d953b4b546791964ebeb768d13e61f&view=STANDARD", "@type": "application/json"},{"@_fa": "true", "@ref": "next", "@href": "https://api.elsevier.com/content/search/scopus?start=25&count=25&query=TITLE-ABS-KEY%28%22network%22%29+AND+SUBJAREA%28SOCI%29+AND+PUBYEAR+%3D+1990&apiKey=27d953b4b546791964ebeb768d13e61f&view=STANDARD", "@type": "application/json"},{"@_fa": "true", "@ref": "last", "@href": "https://api.elsevier.com/content/search/scopus?start=769&count=25&query=TITLE-ABS-KEY%28%22network%22%29+AND+SUBJAREA%28SOCI%29+AND+PUBYEAR+%3D+1990&apiKey=27d953b4b546791964ebeb768d13e61f&view=STANDARD", "@type": "application/json"}],"entry": [{"@_fa": "true", "link": [{"@_fa": "true", "@ref": "self", "@href": "https://api.elsevier.com/content/abstract/scopus_id/84929228027"},{"@_fa": "true", "@ref": "author-affiliation", "@href": "https://api.elsevier.com/content/abstract/scopus_id/84929228027?field=author,affiliation"},{"@_fa": "true", "@ref": "scopus", "@href": "https://www.scopus.com/inward/record.uri?partnerID=HzOxMe3b&scp=84929228027&origin=inward"},{"@_fa": "true", "@ref": "scopus-citedby", "@href": "https://www.scopus.com/inward/citedby.uri?partnerID=HzOxMe3b&scp=84929228027&origin=inward"}],"prism:url":"https://api.elsevier.com/content/abstract/scopus_id/84929228027","dc:identifier":"SCOPUS_ID:84929228027","eid":"2-s2.0-84929228027","dc:title":"Community adjustment of offenders supervised under residential vs. Non–residential programs","dc:creator":"Sandhu H.","prism:publicationName":"Journal of Offender Rehabilitation","prism:issn":"10509674","prism:eIssn":"15408558","prism:volume":"16","prism:issueIdentifier":"1-2","prism:pageRange":"139-162","prism:coverDate":"1990-12-12","prism:coverDisplayDate":"12 December 1990","prism:doi":"10.1300/J076v16n01_09","citedby-count":"5","affiliation": [{"@_fa": "true", "affilname":"Oklahoma State University System","affiliation-city":"Stillwater","affiliation-country":"United States"}],"prism:aggregationType":"Journal","subtype":"ar","subtypeDescription":"Article","source-id":"3300147703","openaccess":"0","openaccessFlag":false},{"@_fa": "true", "link": [{"@_fa": "true", "@ref": "self", "@href": "https://api.elsevier.com/content/abstract/scopus_id/84953140717"},{"@_fa": "true", "@ref": "author-affiliation", "@href": "https://api.elsevier.com/content/abstract/scopus_id/84953140717?field=author,affiliation"},{"@_fa": "true", "@ref": "scopus", "@href": "https://www.scopus.com/inward/record.uri?partnerID=HzOxMe3b&scp=84953140717&origin=inward"},{"@_fa": "true", "@ref": "scopus-citedby", "@href": "https://www.scopus.com/inward/citedby.uri?partnerID=HzOxMe3b&scp=84953140717&origin=inward"}],"prism:url":"https://api.elsevier.com/content/abstract/scopus_id/84953140717","dc:identifier":"SCOPUS_ID:84953140717","eid":"2-s2.0-84953140717","dc:title":"The crisis in retiree health benefits","dc:creator":"Bergman J.","prism:publicationName":"Journal of Aging and Social Policy","prism:issn":"08959420","prism:eIssn":"15450821","prism:volume":"2","prism:issueIdentifier":"3-4","prism:pageRange":"153-168","prism:coverDate":"1990-12-05","prism:coverDisplayDate":"5 December 1990","prism:doi":"10.1300/J031v02n03_12","citedby-count":"0","prism:aggregationType":"Journal","subtype":"ar","subtypeDescription":"Article","source-id":"29193","openaccess":"0","openaccessFlag":false},{"@_fa": "true", "link": [{"@_fa": "true", "@ref": "self", "@href": "https://api.elsevier.com/content/abstract/scopus_id/0025545078"},{"@_fa": "true", "@ref": "author-affiliation", "@href": "https://api.elsevier.com/content/abstract/scopus_id/0025545078?field=author,affiliation"},{"@_fa": "true", "@ref": "scopus", "@href": "https://www.scopus.com/inward/record.uri?partnerID=HzOxMe3b&scp=0025545078&origin=inward"},{"@_fa": "true", "@ref": "scopus-citedby", "@href": "https://www.scopus.com/inward/citedby.uri?partnerID=HzOxMe3b&scp=0025545078&origin=inward"}],"prism:url":"https://api.elsevier.com/content/abstract/scopus_id/0025545078","dc:identifier":"SCOPUS_ID:0025545078","eid":"2-s2.0-0025545078","dc:title":"Automatic network travel time measurement system. ANTTS","dc:creator":"Longfoot J.","prism:publicationName":"Proceedings - Conference of the Australian Road Research Board","prism:issn":"05721431","prism:issueIdentifier":"pt 6","prism:pageRange":"147-170","prism:coverDate":"1990-12-01","prism:coverDisplayDate":"1990","citedby-count":"2","prism:aggregationType":"Conference Proceeding","subtype":"cp","subtypeDescription":"Conference Paper","source-id":"26432","openaccess":"0","openaccessFlag":false},{"@_fa": "true", "link": [{"@_fa": "true", "@ref": "self", "@href": "https://api.elsevier.com/content/abstract/scopus_id/53349144797"},{"@_fa": "true", "@ref": "author-affiliation", "@href": "https://api.elsevier.com/content/abstract/scopus_id/53349144797?field=author,affiliation"},{"@_fa": "true", "@ref": "scopus", "@href": "https://www.scopus.com/inward/record.uri?partnerID=HzOxMe3b&scp=53349144797&origin=inward"},{"@_fa": "true", "@ref": "scopus-citedby", "@href": "https://www.scopus.com/inward/citedby.uri?partnerID=HzOxMe3b&scp=53349144797&origin=inward"}],"prism:url":"https://api.elsevier.com/content/abstract/scopus_id/53349144797","dc:identifier":"SCOPUS_ID:53349144797","eid":"2-s2.0-53349144797","dc:title":"The future of world agricultural information networks","dc:creator":"Stone M.","prism:publicationName":"Library Trends","prism:issn":"00242594","prism:volume":"38","prism:issueIdentifier":"3","prism:pageRange":"562-577","prism:coverDate":"1990-12-01","prism:coverDisplayDate":"December 1990","citedby-count":"1","affiliation": [{"@_fa": "true", "affilname":"Centre de Recherches Pour Le Développement International","affiliation-city":"Ottawa","affiliation-country":"Canada"}],"prism:aggregationType":"Journal","subtype":"ar","subtypeDescription":"Article","source-id":"14066","openaccess":"0","openaccessFlag":false},{"@_fa": "true", "link": [{"@_fa": "true", "@ref": "self", "@href": "https://api.elsevier.com/content/abstract/scopus_id/0025684256"},{"@_fa": "true", "@ref": "author-affiliation", "@href": "https://api.elsevier.com/content/abstract/scopus_id/0025684256?field=author,affiliation"},{"@_fa": "true", "@ref": "scopus", "@href": "https://www.scopus.com/inward/record.uri?partnerID=HzOxMe3b&scp=0025684256&origin=inward"},{"@_fa": "true", "@ref": "scopus-citedby", "@href": "https://www.scopus.com/inward/citedby.uri?partnerID=HzOxMe3b&scp=0025684256&origin=inward"}],"prism:url":"https://api.elsevier.com/content/abstract/scopus_id/0025684256","dc:identifier":"SCOPUS_ID:0025684256","eid":"2-s2.0-0025684256","dc:title":"Traffic Data and Analysis","prism:publicationName":"Proceedings - Conference of the Australian Road Research Board","prism:issn":"05721431","prism:issueIdentifier":"pt 6","prism:pageRange":null,"prism:coverDate":"1990-12-01","prism:coverDisplayDate":"1990","citedby-count":"0","prism:aggregationType":"Conference Proceeding","subtype":"cr","subtypeDescription":"Conference Review","source-id":"26432","openaccess":"0","openaccessFlag":false},{"@_fa": "true", "link": [{"@_fa": "true", "@ref": "self", "@href": "https://api.elsevier.com/content/abstract/scopus_id/0347051909"},{"@_fa": "true", "@ref": "author-affiliation", "@href": "https://api.elsevier.com/content/abstract/scopus_id/0347051909?field=author,affiliation"},{"@_fa": "true", "@ref": "scopus", "@href": "https://www.scopus.com/inward/record.uri?partnerID=HzOxMe3b&scp=0347051909&origin=inward"},{"@_fa": "true", "@ref": "scopus-citedby", "@href": "https://www.scopus.com/inward/citedby.uri?partnerID=HzOxMe3b&scp=0347051909&origin=inward"}],"prism:url":"https://api.elsevier.com/content/abstract/scopus_id/0347051909","dc:identifier":"SCOPUS_ID:0347051909","eid":"2-s2.0-0347051909","dc:title":"To err is social: Network prominence and its effects on self-estimation","dc:creator":"Cerulo K.","prism:publicationName":"Sociological Forum","prism:issn":"08848971","prism:eIssn":"15737861","prism:volume":"5","prism:issueIdentifier":"4","prism:pageRange":"619-634","prism:coverDate":"1990-12-01","prism:coverDisplayDate":"December 1990","prism:doi":"10.1007/BF01115394","citedby-count":"7","affiliation": [{"@_fa": "true", "affilname":"Rutgers, The State University of New Jersey","affiliation-city":"New Brunswick","affiliation-country":"United States"}],"prism:aggregationType":"Journal","subtype":"ar","subtypeDescription":"Article","source-id":"18084","openaccess":"0","openaccessFlag":false},{"@_fa": "true", "link": [{"@_fa": "true", "@ref": "self", "@href": "https://api.elsevier.com/content/abstract/scopus_id/0025557003"},{"@_fa": "true", "@ref": "author-affiliation", "@href": "https://api.elsevier.com/content/abstract/scopus_id/0025557003?field=author,affiliation"},{"@_fa": "true", "@ref": "scopus", "@href": "https://www.scopus.com/inward/record.uri?partnerID=HzOxMe3b&scp=0025557003&origin=inward"},{"@_fa": "true", "@ref": "scopus-citedby", "@href": "https://www.scopus.com/inward/citedby.uri?partnerID=HzOxMe3b&scp=0025557003&origin=inward"}],"prism:url":"https://api.elsevier.com/content/abstract/scopus_id/0025557003","dc:identifier":"SCOPUS_ID:0025557003","eid":"2-s2.0-0025557003","dc:title":"Noise assessment when it matters. Environmental evaluation integrated with road network planning","dc:creator":"Brown A.","prism:publicationName":"Proceedings - Conference of the Australian Road Research Board","prism:issn":"05721431","prism:issueIdentifier":"pt 7","prism:pageRange":"61-77","prism:coverDate":"1990-12-01","prism:coverDisplayDate":"1990","citedby-count":"3","affiliation": [{"@_fa": "true", "affilname":"Griffith University","affiliation-city":"Brisbane","affiliation-country":"Australia"}],"prism:aggregationType":"Conference Proceeding","subtype":"cp","subtypeDescription":"Conference Paper","source-id":"26432","openaccess":"0","openaccessFlag":false},{"@_fa": "true", "link": [{"@_fa": "true", "@ref": "self", "@href": "https://api.elsevier.com/content/abstract/scopus_id/43349110212"},{"@_fa": "true", "@ref": "author-affiliation", "@href": "https://api.elsevier.com/content/abstract/scopus_id/43349110212?field=author,affiliation"},{"@_fa": "true", "@ref": "scopus", "@href": "https://www.scopus.com/inward/record.uri?partnerID=HzOxMe3b&scp=43349110212&origin=inward"},{"@_fa": "true", "@ref": "scopus-citedby", "@href": "https://www.scopus.com/inward/citedby.uri?partnerID=HzOxMe3b&scp=43349110212&origin=inward"}],"prism:url":"https://api.elsevier.com/content/abstract/scopus_id/43349110212","dc:identifier":"SCOPUS_ID:43349110212","eid":"2-s2.0-43349110212","dc:title":"Social networks and social service workers: A reply to timms","dc:creator":"Sharkey P.","prism:publicationName":"British Journal of Social Work","prism:issn":"00453102","prism:volume":"20","prism:issueIdentifier":"6","prism:pageRange":"633-637","prism:coverDate":"1990-12-01","prism:coverDisplayDate":"December 1990","citedby-count":"0","prism:aggregationType":"Journal","subtype":"ar","subtypeDescription":"Article","source-id":"28710","openaccess":"0","openaccessFlag":false},{"@_fa": "true", "link": [{"@_fa": "true", "@ref": "self", "@href": "https://api.elsevier.com/content/abstract/scopus_id/34248627661"},{"@_fa": "true", "@ref": "author-affiliation", "@href": "https://api.elsevier.com/content/abstract/scopus_id/34248627661?field=author,affiliation"},{"@_fa": "true", "@ref": "scopus", "@href": "https://www.scopus.com/inward/record.uri?partnerID=HzOxMe3b&scp=34248627661&origin=inward"},{"@_fa": "true", "@ref": "scopus-citedby", "@href": "https://www.scopus.com/inward/citedby.uri?partnerID=HzOxMe3b&scp=34248627661&origin=inward"}],"prism:url":"https://api.elsevier.com/content/abstract/scopus_id/34248627661","dc:identifier":"SCOPUS_ID:34248627661","eid":"2-s2.0-34248627661","dc:title":"Social networks and social service workers: A comment on sharkey","dc:creator":"Timms E.","prism:publicationName":"British Journal of Social Work","prism:issn":"00453102","prism:volume":"20","prism:issueIdentifier":"6","prism:pageRange":"627-631","prism:coverDate":"1990-12-01","prism:coverDisplayDate":"December 1990","citedby-count":"0","affiliation": [{"@_fa": "true", "affilname":"University of Edinburgh","affiliation-city":"Edinburgh","affiliation-country":"United Kingdom"}],"prism:aggregationType":"Journal","subtype":"ar","subtypeDescription":"Article","source-id":"28710","openaccess":"0","openaccessFlag":false},{"@_fa": "true", "link": [{"@_fa": "true", "@ref": "self", "@href": "https://api.elsevier.com/content/abstract/scopus_id/0025679999"},{"@_fa": "true", "@ref": "author-affiliation", "@href": "https://api.elsevier.com/content/abstract/scopus_id/0025679999?field=author,affiliation"},{"@_fa": "true", "@ref": "scopus", "@href": "https://www.scopus.com/inward/record.uri?partnerID=HzOxMe3b&scp=0025679999&origin=inward"},{"@_fa": "true", "@ref": "scopus-citedby", "@href": "https://www.scopus.com/inward/citedby.uri?partnerID=HzOxMe3b&scp=0025679999&origin=inward"}],"prism:url":"https://api.elsevier.com/content/abstract/scopus_id/0025679999","dc:identifier":"SCOPUS_ID:0025679999","eid":"2-s2.0-0025679999","dc:title":"The Internationalization of R &amp; D and the Development of Global Research Networks","dc:creator":"Howells J.","prism:publicationName":"Regional Studies","prism:issn":"00343404","prism:eIssn":"13600591","prism:volume":"24","prism:issueIdentifier":"6","prism:pageRange":"495-512","prism:coverDate":"1990-12-01","prism:coverDisplayDate":"1 December 1990","prism:doi":"10.1080/00343409012331346174","citedby-count":"109","affiliation": [{"@_fa": "true", "affilname":"Newcastle University, United Kingdom","affiliation-city":"Newcastle","affiliation-country":"United Kingdom"}],"prism:aggregationType":"Journal","subtype":"ar","subtypeDescription":"Article","source-id":"15143","openaccess":"0","openaccessFlag":false},{"@_fa": "true", "link": [{"@_fa": "true", "@ref": "self", "@href": "https://api.elsevier.com/content/abstract/scopus_id/0025557008"},{"@_fa": "true", "@ref": "author-affiliation", "@href": "https://api.elsevier.com/content/abstract/scopus_id/0025557008?field=author,affiliation"},{"@_fa": "true", "@ref": "scopus", "@href": "https://www.scopus.com/inward/record.uri?partnerID=HzOxMe3b&scp=0025557008&origin=inward"},{"@_fa": "true", "@ref": "scopus-citedby", "@href": "https://www.scopus.com/inward/citedby.uri?partnerID=HzOxMe3b&scp=0025557008&origin=inward"}],"prism:url":"https://api.elsevier.com/content/abstract/scopus_id/0025557008","dc:identifier":"SCOPUS_ID:0025557008","eid":"2-s2.0-0025557008","dc:title":"Strategic road network management. An approach using roughness","dc:creator":"Sullivan T.","prism:publicationName":"Proceedings - Conference of the Australian Road Research Board","prism:issn":"05721431","prism:issueIdentifier":"pt 3","prism:pageRange":"105-113","prism:coverDate":"1990-12-01","prism:coverDisplayDate":"1990","citedby-count":"1","affiliation": [{"@_fa": "true", "affilname":"Dep of Transport and Works","affiliation-city":null,"affiliation-country":null}],"prism:aggregationType":"Conference Proceeding","subtype":"cp","subtypeDescription":"Conference Paper","source-id":"26432","openaccess":"0","openaccessFlag":false},{"@_fa": "true", "link": [{"@_fa": "true", "@ref": "self", "@href": "https://api.elsevier.com/content/abstract/scopus_id/0005590296"},{"@_fa": "true", "@ref": "author-affiliation", "@href": "https://api.elsevier.com/content/abstract/scopus_id/0005590296?field=author,affiliation"},{"@_fa": "true", "@ref": "scopus", "@href": "https://www.scopus.com/inward/record.uri?partnerID=HzOxMe3b&scp=0005590296&origin=inward"},{"@_fa": "true", "@ref": "scopus-citedby", "@href": "https://www.scopus.com/inward/citedby.uri?partnerID=HzOxMe3b&scp=0005590296&origin=inward"}],"prism:url":"https://api.elsevier.com/content/abstract/scopus_id/0005590296","dc:identifier":"SCOPUS_ID:0005590296","eid":"2-s2.0-0005590296","dc:title":"Multilevel network barriers - The methodological challenge","dc:creator":"Batten D.","prism:publicationName":"The Annals of Regional Science","prism:issn":"05701864","prism:eIssn":"14320592","prism:volume":"24","prism:issueIdentifier":"4","prism:pageRange":"271-287","prism:coverDate":"1990-12-01","prism:coverDisplayDate":"December 1990","prism:doi":"10.1007/BF01580474","citedby-count":"8","affiliation": [{"@_fa": "true", "affilname":"Umeå Universitet","affiliation-city":"Umea","affiliation-country":"Sweden"}],"prism:aggregationType":"Journal","subtype":"ar","subtypeDescription":"Article","source-id":"30715","openaccess":"0","openaccessFlag":false},{"@_fa": "true", "link": [{"@_fa": "true", "@ref": "self", "@href": "https://api.elsevier.com/content/abstract/scopus_id/0025537083"},{"@_fa": "true", "@ref": "author-affiliation", "@href": "https://api.elsevier.com/content/abstract/scopus_id/0025537083?field=author,affiliation"},{"@_fa": "true", "@ref": "scopus", "@href": "https://www.scopus.com/inward/record.uri?partnerID=HzOxMe3b&scp=0025537083&origin=inward"},{"@_fa": "true", "@ref": "scopus-citedby", "@href": "https://www.scopus.com/inward/citedby.uri?partnerID=HzOxMe3b&scp=0025537083&origin=inward"}],"prism:url":"https://api.elsevier.com/content/abstract/scopus_id/0025537083","dc:identifier":"SCOPUS_ID:0025537083","eid":"2-s2.0-0025537083","dc:title":"Residual life assessment of two aged concrete bridges in the Queensland bridge network","dc:creator":"Carse A.","prism:publicationName":"Proceedings - Conference of the Australian Road Research Board","prism:issn":"05721431","prism:issueIdentifier":"pt 3","prism:pageRange":"89-104","prism:coverDate":"1990-12-01","prism:coverDisplayDate":"1990","citedby-count":"0","prism:aggregationType":"Conference Proceeding","subtype":"cp","subtypeDescription":"Conference Paper","source-id":"26432","openaccess":"0","openaccessFlag":false},{"@_fa": "true", "link": [{"@_fa": "true", "@ref": "self", "@href": "https://api.elsevier.com/content/abstract/scopus_id/34248860957"},{"@_fa": "true", "@ref": "author-affiliation", "@href": "https://api.elsevier.com/content/abstract/scopus_id/34248860957?field=author,affiliation"},{"@_fa": "true", "@ref": "scopus", "@href": "https://www.scopus.com/inward/record.uri?partnerID=HzOxMe3b&scp=34248860957&origin=inward"},{"@_fa": "true", "@ref": "scopus-citedby", "@href": "https://www.scopus.com/inward/citedby.uri?partnerID=HzOxMe3b&scp=34248860957&origin=inward"}],"prism:url":"https://api.elsevier.com/content/abstract/scopus_id/34248860957","dc:identifier":"SCOPUS_ID:34248860957","eid":"2-s2.0-34248860957","dc:title":"Simulating linguistic networks with list processing","dc:creator":"Cummings M.","prism:publicationName":"Literary and Linguistic Computing","prism:issn":"02681145","prism:volume":"5","prism:issueIdentifier":"2","prism:pageRange":"161-170","prism:coverDate":"1990-12-01","prism:coverDisplayDate":"1990","prism:doi":"10.1093/llc/5.2.161","citedby-count":"0","affiliation": [{"@_fa": "true", "affilname":"York University","affiliation-city":"Toronto","affiliation-country":"Canada"}],"prism:aggregationType":"Journal","subtype":"ar","subtypeDescription":"Article","source-id":"145586","openaccess":"0","openaccessFlag":false},{"@_fa": "true", "link": [{"@_fa": "true", "@ref": "self", "@href": "https://api.elsevier.com/content/abstract/scopus_id/84950059225"},{"@_fa": "true", "@ref": "author-affiliation", "@href": "https://api.elsevier.com/content/abstract/scopus_id/84950059225?field=author,affiliation"},{"@_fa": "true", "@ref": "scopus", "@href": "https://www.scopus.com/inward/record.uri?partnerID=HzOxMe3b&scp=84950059225&origin=inward"},{"@_fa": "true", "@ref": "scopus-citedby", "@href": "https://www.scopus.com/inward/citedby.uri?partnerID=HzOxMe3b&scp=84950059225&origin=inward"}],"prism:url":"https://api.elsevier.com/content/abstract/scopus_id/84950059225","dc:identifier":"SCOPUS_ID:84950059225","eid":"2-s2.0-84950059225","dc:title":"Policy networks to cope with crisis: The case of transylvanian refugees in contemporary hungary.","dc:creator":"Sik E.","prism:publicationName":"Innovation: The European Journal of Social Science Research","prism:issn":"13511610","prism:eIssn":"14698412","prism:volume":"3","prism:issueIdentifier":"4","prism:pageRange":"729-748","prism:coverDate":"1990-12-01","prism:coverDisplayDate":"1 December 1990","prism:doi":"10.1080/13511610.1990.9968239","citedby-count":"0","prism:aggregationType":"Journal","subtype":"ar","subtypeDescription":"Article","source-id":"27159","openaccess":"0","openaccessFlag":false},{"@_fa": "true", "link": [{"@_fa": "true", "@ref": "self", "@href": "https://api.elsevier.com/content/abstract/scopus_id/84929226606"},{"@_fa": "true", "@ref": "author-affiliation", "@href": "https://api.elsevier.com/content/abstract/scopus_id/84929226606?field=author,affiliation"},{"@_fa": "true", "@ref": "scopus", "@href": "https://www.scopus.com/inward/record.uri?partnerID=HzOxMe3b&scp=84929226606&origin=inward"},{"@_fa": "true", "@ref": "scopus-citedby", "@href": "https://www.scopus.com/inward/citedby.uri?partnerID=HzOxMe3b&scp=84929226606&origin=inward"}],"prism:url":"https://api.elsevier.com/content/abstract/scopus_id/84929226606","dc:identifier":"SCOPUS_ID:84929226606","eid":"2-s2.0-84929226606","dc:title":"Connection and power in centralized exchange networks","dc:creator":"Patton T.","prism:publicationName":"The Journal of Mathematical Sociology","prism:issn":"0022250X","prism:eIssn":"15455874","prism:volume":"16","prism:issueIdentifier":"1","prism:pageRange":"31-49","prism:coverDate":"1990-12-01","prism:coverDisplayDate":"1 December 1990","prism:doi":"10.1080/0022250X.1990.9990077","citedby-count":"25","prism:aggregationType":"Journal","subtype":"ar","subtypeDescription":"Article","source-id":"19349","openaccess":"0","openaccessFlag":false},{"@_fa": "true", "link": [{"@_fa": "true", "@ref": "self", "@href": "https://api.elsevier.com/content/abstract/scopus_id/0025557007"},{"@_fa": "true", "@ref": "author-affiliation", "@href": "https://api.elsevier.com/content/abstract/scopus_id/0025557007?field=author,affiliation"},{"@_fa": "true", "@ref": "scopus", "@href": "https://www.scopus.com/inward/record.uri?partnerID=HzOxMe3b&scp=0025557007&origin=inward"},{"@_fa": "true", "@ref": "scopus-citedby", "@href": "https://www.scopus.com/inward/citedby.uri?partnerID=HzOxMe3b&scp=0025557007&origin=inward"}],"prism:url":"https://api.elsevier.com/content/abstract/scopus_id/0025557007","dc:identifier":"SCOPUS_ID:0025557007","eid":"2-s2.0-0025557007","dc:title":"Darwin traffic network appraisal","dc:creator":"Adrian M.","prism:publicationName":"Proceedings - Conference of the Australian Road Research Board","prism:issn":"05721431","prism:issueIdentifier":"pt 6","prism:pageRange":"17-35","prism:coverDate":"1990-12-01","prism:coverDisplayDate":"1990","citedby-count":"0","prism:aggregationType":"Conference Proceeding","subtype":"cp","subtypeDescription":"Conference Paper","source-id":"26432","openaccess":"0","openaccessFlag":false},{"@_fa": "true", "link": [{"@_fa": "true", "@ref": "self", "@href": "https://api.elsevier.com/content/abstract/scopus_id/0025550151"},{"@_fa": "true", "@ref": "author-affiliation", "@href": "https://api.elsevier.com/content/abstract/scopus_id/0025550151?field=author,affiliation"},{"@_fa": "true", "@ref": "scopus", "@href": "https://www.scopus.com/inward/record.uri?partnerID=HzOxMe3b&scp=0025550151&origin=inward"},{"@_fa": "true", "@ref": "scopus-citedby", "@href": "https://www.scopus.com/inward/citedby.uri?partnerID=HzOxMe3b&scp=0025550151&origin=inward"}],"prism:url":"https://api.elsevier.com/content/abstract/scopus_id/0025550151","dc:identifier":"SCOPUS_ID:0025550151","eid":"2-s2.0-0025550151","dc:title":"Pavement management evolution in the Northern Territory","dc:creator":"Gallaugher B.","prism:publicationName":"Proceedings - Conference of the Australian Road Research Board","prism:issn":"05721431","prism:issueIdentifier":"pt 3","prism:pageRange":"51-60","prism:coverDate":"1990-12-01","prism:coverDisplayDate":"1990","citedby-count":"0","prism:aggregationType":"Conference Proceeding","subtype":"cp","subtypeDescription":"Conference Paper","source-id":"26432","openaccess":"0","openaccessFlag":false},{"@_fa": "true", "link": [{"@_fa": "true", "@ref": "self", "@href": "https://api.elsevier.com/content/abstract/scopus_id/53349102513"},{"@_fa": "true", "@ref": "author-affiliation", "@href": "https://api.elsevier.com/content/abstract/scopus_id/53349102513?field=author,affiliation"},{"@_fa": "true", "@ref": "scopus", "@href": "https://www.scopus.com/inward/record.uri?partnerID=HzOxMe3b&scp=53349102513&origin=inward"},{"@_fa": "true", "@ref": "scopus-citedby", "@href": "https://www.scopus.com/inward/citedby.uri?partnerID=HzOxMe3b&scp=53349102513&origin=inward"}],"prism:url":"https://api.elsevier.com/content/abstract/scopus_id/53349102513","dc:identifier":"SCOPUS_ID:53349102513","eid":"2-s2.0-53349102513","dc:title":"Agricultural document delivery: Strategies for the future","dc:creator":"Ditzler C.","prism:publicationName":"Library Trends","prism:issn":"00242594","prism:volume":"38","prism:issueIdentifier":"3","prism:pageRange":"377-396","prism:coverDate":"1990-12-01","prism:coverDisplayDate":"December 1990","citedby-count":"3","affiliation": [{"@_fa": "true", "affilname":"National Agricultural Library","affiliation-city":"Beltsville","affiliation-country":"United States"}],"prism:aggregationType":"Journal","subtype":"ar","subtypeDescription":"Article","source-id":"14066","openaccess":"0","openaccessFlag":false},{"@_fa": "true", "link": [{"@_fa": "true", "@ref": "self", "@href": "https://api.elsevier.com/content/abstract/scopus_id/0025535920"},{"@_fa": "true", "@ref": "author-affiliation", "@href": "https://api.elsevier.com/content/abstract/scopus_id/0025535920?field=author,affiliation"},{"@_fa": "true", "@ref": "scopus", "@href": "https://www.scopus.com/inward/record.uri?partnerID=HzOxMe3b&scp=0025535920&origin=inward"},{"@_fa": "true", "@ref": "scopus-citedby", "@href": "https://www.scopus.com/inward/citedby.uri?partnerID=HzOxMe3b&scp=0025535920&origin=inward"}],"prism:url":"https://api.elsevier.com/content/abstract/scopus_id/0025535920","dc:identifier":"SCOPUS_ID:0025535920","eid":"2-s2.0-0025535920","dc:title":"Strategic road planning. How to engineer the right future","dc:creator":"O'Brien L.","prism:publicationName":"Proceedings - Conference of the Australian Road Research Board","prism:issn":"05721431","prism:issueIdentifier":"pt 6","prism:pageRange":"55-77","prism:coverDate":"1990-12-01","prism:coverDisplayDate":"1990","citedby-count":"0","affiliation": [{"@_fa": "true", "affilname":"Strategic Planning Branch","affiliation-city":null,"affiliation-country":"Australia"}],"prism:aggregationType":"Conference Proceeding","subtype":"cp","subtypeDescription":"Conference Paper","source-id":"26432","openaccess":"0","openaccessFlag":false},{"@_fa": "true", "link": [{"@_fa": "true", "@ref": "self", "@href": "https://api.elsevier.com/content/abstract/scopus_id/27244462315"},{"@_fa": "true", "@ref": "author-affiliation", "@href": "https://api.elsevier.com/content/abstract/scopus_id/27244462315?field=author,affiliation"},{"@_fa": "true", "@ref": "scopus", "@href": "https://www.scopus.com/inward/record.uri?partnerID=HzOxMe3b&scp=27244462315&origin=inward"},{"@_fa": "true", "@ref": "scopus-citedby", "@href": "https://www.scopus.com/inward/citedby.uri?partnerID=HzOxMe3b&scp=27244462315&origin=inward"}],"prism:url":"https://api.elsevier.com/content/abstract/scopus_id/27244462315","dc:identifier":"SCOPUS_ID:27244462315","eid":"2-s2.0-27244462315","dc:title":"Building a global civic culture","dc:creator":"Boulding E.","prism:publicationName":"Development","prism:issn":"10116370","prism:volume":"33","prism:issueIdentifier":"2","prism:pageRange":"37-40","prism:coverDate":"1990-12-01","prism:coverDisplayDate":"1990","citedby-count":"2","affiliation": [{"@_fa": "true", "affilname":"Dartmouth College","affiliation-city":"Hanover","affiliation-country":"United States"}],"prism:aggregationType":"Journal","subtype":"ar","subtypeDescription":"Article","source-id":"14090","openaccess":"0","openaccessFlag":false},{"@_fa": "true", "link": [{"@_fa": "true", "@ref": "self", "@href": "https://api.elsevier.com/content/abstract/scopus_id/0025574781"},{"@_fa": "true", "@ref": "author-affiliation", "@href": "https://api.elsevier.com/content/abstract/scopus_id/0025574781?field=author,affiliation"},{"@_fa": "true", "@ref": "scopus", "@href": "https://www.scopus.com/inward/record.uri?partnerID=HzOxMe3b&scp=0025574781&origin=inward"},{"@_fa": "true", "@ref": "scopus-citedby", "@href": "https://www.scopus.com/inward/citedby.uri?partnerID=HzOxMe3b&scp=0025574781&origin=inward"}],"prism:url":"https://api.elsevier.com/content/abstract/scopus_id/0025574781","dc:identifier":"SCOPUS_ID:0025574781","eid":"2-s2.0-0025574781","dc:title":"Farm radio in developing countries: A case study of the developing countries farm radio network","dc:creator":"Atkins G.","prism:publicationName":"Development","prism:issn":"10116370","prism:volume":"33","prism:issueIdentifier":"2","prism:pageRange":"108-112","prism:coverDate":"1990-12-01","prism:coverDisplayDate":"1990","citedby-count":"2","affiliation": [{"@_fa": "true", "affilname":"Developing Countries Farm Radio Network (DCFRN)","affiliation-city":"Ottawa","affiliation-country":"Canada"}],"prism:aggregationType":"Journal","subtype":"ar","subtypeDescription":"Article","source-id":"14090","openaccess":"0","openaccessFlag":false},{"@_fa": "true", "link": [{"@_fa": "true", "@ref": "self", "@href": "https://api.elsevier.com/content/abstract/scopus_id/0025556088"},{"@_fa": "true", "@ref": "author-affiliation", "@href": "https://api.elsevier.com/content/abstract/scopus_id/0025556088?field=author,affiliation"},{"@_fa": "true", "@ref": "scopus", "@href": "https://www.scopus.com/inward/record.uri?partnerID=HzOxMe3b&scp=0025556088&origin=inward"},{"@_fa": "true", "@ref": "scopus-citedby", "@href": "https://www.scopus.com/inward/citedby.uri?partnerID=HzOxMe3b&scp=0025556088&origin=inward"}],"prism:url":"https://api.elsevier.com/content/abstract/scopus_id/0025556088","dc:identifier":"SCOPUS_ID:0025556088","eid":"2-s2.0-0025556088","dc:title":"Optimisation model for locating and sizing road maintenance depots","dc:creator":"Rose G.","prism:publicationName":"Proceedings - Conference of the Australian Road Research Board","prism:issn":"05721431","prism:issueIdentifier":"pt 3","prism:pageRange":"369-381","prism:coverDate":"1990-12-01","prism:coverDisplayDate":"1990","citedby-count":"1","affiliation": [{"@_fa": "true", "affilname":"BTA Consulting","affiliation-city":null,"affiliation-country":"Australia"}],"prism:aggregationType":"Conference Proceeding","subtype":"cp","subtypeDescription":"Conference Paper","source-id":"26432","openaccess":"0","openaccessFlag":false},{"@_fa": "true", "link": [{"@_fa": "true", "@ref": "self", "@href": "https://api.elsevier.com/content/abstract/scopus_id/71249163678"},{"@_fa": "true", "@ref": "author-affiliation", "@href": "https://api.elsevier.com/content/abstract/scopus_id/71249163678?field=author,affiliation"},{"@_fa": "true", "@ref": "scopus", "@href": "https://www.scopus.com/inward/record.uri?partnerID=HzOxMe3b&scp=71249163678&origin=inward"},{"@_fa": "true", "@ref": "scopus-citedby", "@href": "https://www.scopus.com/inward/citedby.uri?partnerID=HzOxMe3b&scp=71249163678&origin=inward"}],"prism:url":"https://api.elsevier.com/content/abstract/scopus_id/71249163678","dc:identifier":"SCOPUS_ID:71249163678","eid":"2-s2.0-71249163678","dc:title":"Shared authority control at the Western Library Network","dc:creator":"Coyne F.","prism:publicationName":"Library Resources and Technical Services","prism:issn":"00242527","prism:volume":"34","prism:issueIdentifier":"4","prism:pageRange":"493-503","prism:coverDate":"1990-12-01","prism:coverDisplayDate":"1990","citedby-count":"4","affiliation": [{"@_fa": "true", "affilname":"Western Library Network","affiliation-city":null,"affiliation-country":null}],"prism:aggregationType":"Journal","subtype":"ar","subtypeDescription":"Article","source-id":"98245","openaccess":"0","openaccessFlag":false},{"@_fa": "true", "link": [{"@_fa": "true", "@ref": "self", "@href": "https://api.elsevier.com/content/abstract/scopus_id/36149029037"},{"@_fa": "true", "@ref": "author-affiliation", "@href": "https://api.elsevier.com/content/abstract/scopus_id/36149029037?field=author,affiliation"},{"@_fa": "true", "@ref": "scopus", "@href": "https://www.scopus.com/inward/record.uri?partnerID=HzOxMe3b&scp=36149029037&origin=inward"},{"@_fa": "true", "@ref": "scopus-citedby", "@href": "https://www.scopus.com/inward/citedby.uri?partnerID=HzOxMe3b&scp=36149029037&origin=inward"}],"prism:url":"https://api.elsevier.com/content/abstract/scopus_id/36149029037","dc:identifier":"SCOPUS_ID:36149029037","eid":"2-s2.0-36149029037","dc:title":"A photography course for physics students","dc:creator":"Logan P.","prism:publicationName":"Physics Education","prism:issn":"00319120","prism:volume":"25","prism:issueIdentifier":"6","prism:pageRange":"348-352","prism:coverDate":"1990-12-01","prism:coverDisplayDate":"1990","prism:doi":"10.1088/0031-9120/25/6/312","citedby-count":"3","prism:aggregationType":"Journal","subtype":"ar","subtypeDescription":"Article","article-number":"312","source-id":"144982","openaccess":"0","openaccessFlag":false}]}}