{"search-results":{"opensearch:totalResults":"475","opensearch:startIndex":"0","opensearch:itemsPerPage":"25","opensearch:Query":{"@role": "request", "@searchTerms": "TITLE-ABS-KEY(\"network\") AND SUBJAREA(SOCI) AND PUBYEAR = 1984", "@startPage": "0"},"link": [{"@_fa": "true", "@ref": "self", "@href": "https://api.elsevier.com/content/search/scopus?start=0&count=25&query=TITLE-ABS-KEY%28%22network%22%29+AND+SUBJAREA%28SOCI%29+AND+PUBYEAR+%3D+1984&apiKey=27d953b4b546791964ebeb768d13e61f&view=STANDARD", "@type": "application/json"},{"@_fa": "true", "@ref": "first", "@href": "https://api.elsevier.com/content/search/scopus?start=0&count=25&query=TITLE-ABS-KEY%28%22network%22%29+AND+SUBJAREA%28SOCI%29+AND+PUBYEAR+%3D+1984&apiKey=27d953b4b546791964ebeb768d13e61f&view=STANDARD", "@type": "application/json"},{"@_fa": "true", "@ref": "next", "@href": "https://api.elsevier.com/content/search/scopus?start=25&count=25&query=TITLE-ABS-KEY%28%22network%22%29+AND+SUBJAREA%28SOCI%29+AND+PUBYEAR+%3D+1984&apiKey=27d953b4b546791964ebeb768d13e61f&view=STANDARD", "@type": "application/json"},{"@_fa": "true", "@ref": "last", "@href": "https://api.elsevier.com/content/search/scopus?start=450&count=25&query=TITLE-ABS-KEY%28%22network%22%29+AND+SUBJAREA%28SOCI%29+AND+PUBYEAR+%3D+1984&apiKey=27d953b4b546791964ebeb768d13e61f&view=STANDARD", "@type": "application/json"}],"entry": [{"@_fa": "true", "link": [{"@_fa": "true", "@ref": "self", "@href": "https://api.elsevier.com/content/abstract/scopus_id/0021579322"},{"@_fa": "true", "@ref": "author-affiliation", "@href": "https://api.elsevier.com/content/abstract/scopus_id/0021579322?field=author,affiliation"},{"@_fa": "true", "@ref": "scopus", "@href": "https://www.scopus.com/inward/record.uri?partnerID=HzOxMe3b&scp=0021579322&origin=inward"},{"@_fa": "true", "@ref": "scopus-citedby", "@href": "https://www.scopus.com/inward/citedby.uri?partnerID=HzOxMe3b&scp=0021579322&origin=inward"}],"prism:url":"https://api.elsevier.com/content/abstract/scopus_id/0021579322","dc:identifier":"SCOPUS_ID:0021579322","eid":"2-s2.0-0021579322","dc:title":"Hierarchical influence structures in rural communities: a case study ( Indiana).","dc:creator":"Beaulieu L.","prism:publicationName":"Rural Sociology","prism:issn":"00360112","prism:volume":"49","prism:issueIdentifier":"1","prism:pageRange":"106-116","prism:coverDate":"1984-12-01","prism:coverDisplayDate":"1984","citedby-count":"3","affiliation": [{"@_fa": "true", "affilname":"University of Florida","affiliation-city":"Gainesville","affiliation-country":"United States"}],"prism:aggregationType":"Journal","subtype":"ar","subtypeDescription":"Article","source-id":"17389","openaccess":"0","openaccessFlag":false},{"@_fa": "true", "link": [{"@_fa": "true", "@ref": "self", "@href": "https://api.elsevier.com/content/abstract/scopus_id/9344235617"},{"@_fa": "true", "@ref": "author-affiliation", "@href": "https://api.elsevier.com/content/abstract/scopus_id/9344235617?field=author,affiliation"},{"@_fa": "true", "@ref": "scopus", "@href": "https://www.scopus.com/inward/record.uri?partnerID=HzOxMe3b&scp=9344235617&origin=inward"},{"@_fa": "true", "@ref": "scopus-citedby", "@href": "https://www.scopus.com/inward/citedby.uri?partnerID=HzOxMe3b&scp=9344235617&origin=inward"}],"prism:url":"https://api.elsevier.com/content/abstract/scopus_id/9344235617","dc:identifier":"SCOPUS_ID:9344235617","eid":"2-s2.0-9344235617","dc:title":"The role of social networks in the maintenance of schizophrenic patients","dc:creator":"Taylor R.","prism:publicationName":"British Journal of Social Work","prism:issn":"00453102","prism:volume":"14","prism:issueIdentifier":"1","prism:pageRange":"129-140","prism:coverDate":"1984-12-01","prism:coverDisplayDate":"1984","citedby-count":"9","affiliation": [{"@_fa": "true", "affilname":"Manchester Metropolitan University","affiliation-city":"Manchester","affiliation-country":"United Kingdom"}],"prism:aggregationType":"Journal","subtype":"ar","subtypeDescription":"Article","source-id":"28710","openaccess":"0","openaccessFlag":false},{"@_fa": "true", "link": [{"@_fa": "true", "@ref": "self", "@href": "https://api.elsevier.com/content/abstract/scopus_id/0021616959"},{"@_fa": "true", "@ref": "author-affiliation", "@href": "https://api.elsevier.com/content/abstract/scopus_id/0021616959?field=author,affiliation"},{"@_fa": "true", "@ref": "scopus", "@href": "https://www.scopus.com/inward/record.uri?partnerID=HzOxMe3b&scp=0021616959&origin=inward"},{"@_fa": "true", "@ref": "scopus-citedby", "@href": "https://www.scopus.com/inward/citedby.uri?partnerID=HzOxMe3b&scp=0021616959&origin=inward"}],"prism:url":"https://api.elsevier.com/content/abstract/scopus_id/0021616959","dc:identifier":"SCOPUS_ID:0021616959","eid":"2-s2.0-0021616959","dc:title":"APPLICATIONS OF PADE APPROXIMANTS AND CONTINUED FRACTIONS IN SYSTEMS THEORY.","dc:creator":"Bultheel A.","prism:publicationName":"Lecture Notes in Control and Information Sciences","prism:issn":"01708643","prism:isbn": [{"@_fa": "true", "$" :"354013168X"}],"prism:pageRange":"130-148","prism:coverDate":"1984-12-01","prism:coverDisplayDate":"1984","citedby-count":"1","affiliation": [{"@_fa": "true", "affilname":"Universite Catholique de Louvain","affiliation-city":"Louvain-la-Neuve","affiliation-country":"Belgium"}],"prism:aggregationType":"Conference Proceeding","subtype":"cp","subtypeDescription":"Conference Paper","source-id":"13412","openaccess":"0","openaccessFlag":false},{"@_fa": "true", "link": [{"@_fa": "true", "@ref": "self", "@href": "https://api.elsevier.com/content/abstract/scopus_id/0021614062"},{"@_fa": "true", "@ref": "author-affiliation", "@href": "https://api.elsevier.com/content/abstract/scopus_id/0021614062?field=author,affiliation"},{"@_fa": "true", "@ref": "scopus", "@href": "https://www.scopus.com/inward/record.uri?partnerID=HzOxMe3b&scp=0021614062&origin=inward"},{"@_fa": "true", "@ref": "scopus-citedby", "@href": "https://www.scopus.com/inward/citedby.uri?partnerID=HzOxMe3b&scp=0021614062&origin=inward"}],"prism:url":"https://api.elsevier.com/content/abstract/scopus_id/0021614062","dc:identifier":"SCOPUS_ID:0021614062","eid":"2-s2.0-0021614062","dc:title":"Socio-economic development and the transport network in Poland.","dc:creator":"Potrykowski M.","prism:publicationName":"Geographia Polonica","prism:issn":"00167282","prism:volume":"50","prism:pageRange":"89-100","prism:coverDate":"1984-12-01","prism:coverDisplayDate":"1984","citedby-count":"0","affiliation": [{"@_fa": "true", "affilname":"Stanislaw Leszczycki Institute of Geography and Spatial Organization of the Polish Academy of Sciences","affiliation-city":"Warsaw","affiliation-country":"Poland"}],"prism:aggregationType":"Journal","subtype":"ar","subtypeDescription":"Article","source-id":"28667","openaccess":"0","openaccessFlag":false},{"@_fa": "true", "link": [{"@_fa": "true", "@ref": "self", "@href": "https://api.elsevier.com/content/abstract/scopus_id/0021619639"},{"@_fa": "true", "@ref": "author-affiliation", "@href": "https://api.elsevier.com/content/abstract/scopus_id/0021619639?field=author,affiliation"},{"@_fa": "true", "@ref": "scopus", "@href": "https://www.scopus.com/inward/record.uri?partnerID=HzOxMe3b&scp=0021619639&origin=inward"},{"@_fa": "true", "@ref": "scopus-citedby", "@href": "https://www.scopus.com/inward/citedby.uri?partnerID=HzOxMe3b&scp=0021619639&origin=inward"}],"prism:url":"https://api.elsevier.com/content/abstract/scopus_id/0021619639","dc:identifier":"SCOPUS_ID:0021619639","eid":"2-s2.0-0021619639","dc:title":"LOCAL SYSTEMS WITH CONNECTIONS.","dc:creator":"Noerr K.","prism:publicationName":"Proceedings of the ASIS Annual Meeting","prism:issn":"00447870","prism:isbn": [{"@_fa": "true", "$" :"086729115X"}],"prism:volume":"21","prism:pageRange":"187-189","prism:coverDate":"1984-12-01","prism:coverDisplayDate":"1984","citedby-count":"0","affiliation": [{"@_fa": "true", "affilname":"Information Management &amp; Engineering Ltd","affiliation-city":"Kingston Upon Thames","affiliation-country":"United Kingdom"}],"prism:aggregationType":"Conference Proceeding","subtype":"cp","subtypeDescription":"Conference Paper","source-id":"31428","openaccess":"0","openaccessFlag":false},{"@_fa": "true", "link": [{"@_fa": "true", "@ref": "self", "@href": "https://api.elsevier.com/content/abstract/scopus_id/0021608515"},{"@_fa": "true", "@ref": "author-affiliation", "@href": "https://api.elsevier.com/content/abstract/scopus_id/0021608515?field=author,affiliation"},{"@_fa": "true", "@ref": "scopus", "@href": "https://www.scopus.com/inward/record.uri?partnerID=HzOxMe3b&scp=0021608515&origin=inward"},{"@_fa": "true", "@ref": "scopus-citedby", "@href": "https://www.scopus.com/inward/citedby.uri?partnerID=HzOxMe3b&scp=0021608515&origin=inward"}],"prism:url":"https://api.elsevier.com/content/abstract/scopus_id/0021608515","dc:identifier":"SCOPUS_ID:0021608515","eid":"2-s2.0-0021608515","dc:title":"DATA COLLECTING AND SWITCHING SYSTEM IN JNR.","dc:creator":"Koyo K.","prism:publicationName":"Japanese Railway Engineering","prism:issn":"04488938","prism:volume":"24","prism:issueIdentifier":"2","prism:pageRange":"21-24","prism:coverDate":"1984-12-01","prism:coverDisplayDate":"1984","citedby-count":"0","prism:aggregationType":"Journal","subtype":"ar","subtypeDescription":"Article","source-id":"33854","openaccess":"0","openaccessFlag":false},{"@_fa": "true", "link": [{"@_fa": "true", "@ref": "self", "@href": "https://api.elsevier.com/content/abstract/scopus_id/0021626824"},{"@_fa": "true", "@ref": "author-affiliation", "@href": "https://api.elsevier.com/content/abstract/scopus_id/0021626824?field=author,affiliation"},{"@_fa": "true", "@ref": "scopus", "@href": "https://www.scopus.com/inward/record.uri?partnerID=HzOxMe3b&scp=0021626824&origin=inward"},{"@_fa": "true", "@ref": "scopus-citedby", "@href": "https://www.scopus.com/inward/citedby.uri?partnerID=HzOxMe3b&scp=0021626824&origin=inward"}],"prism:url":"https://api.elsevier.com/content/abstract/scopus_id/0021626824","dc:identifier":"SCOPUS_ID:0021626824","eid":"2-s2.0-0021626824","dc:title":"The diffusion of railway network in Poland as a space-time process.","dc:creator":"Taylor Z.","prism:publicationName":"Geographia Polonica","prism:issn":"00167282","prism:volume":"50","prism:pageRange":"75-87","prism:coverDate":"1984-12-01","prism:coverDisplayDate":"1984","citedby-count":"1","affiliation": [{"@_fa": "true", "affilname":"Stanislaw Leszczycki Institute of Geography and Spatial Organization of the Polish Academy of Sciences","affiliation-city":"Warsaw","affiliation-country":"Poland"}],"prism:aggregationType":"Journal","subtype":"ar","subtypeDescription":"Article","source-id":"28667","openaccess":"0","openaccessFlag":false},{"@_fa": "true", "link": [{"@_fa": "true", "@ref": "self", "@href": "https://api.elsevier.com/content/abstract/scopus_id/0021550094"},{"@_fa": "true", "@ref": "author-affiliation", "@href": "https://api.elsevier.com/content/abstract/scopus_id/0021550094?field=author,affiliation"},{"@_fa": "true", "@ref": "scopus", "@href": "https://www.scopus.com/inward/record.uri?partnerID=HzOxMe3b&scp=0021550094&origin=inward"},{"@_fa": "true", "@ref": "scopus-citedby", "@href": "https://www.scopus.com/inward/citedby.uri?partnerID=HzOxMe3b&scp=0021550094&origin=inward"}],"prism:url":"https://api.elsevier.com/content/abstract/scopus_id/0021550094","dc:identifier":"SCOPUS_ID:0021550094","eid":"2-s2.0-0021550094","dc:title":"CHARLES LEGEYT FORTESCUE: THE MAN AND HIS WORK.","dc:creator":"Davis J.","prism:publicationName":"Proceedings - Frontiers in Education Conference","prism:issn":"01905848","prism:pageRange":"296-299","prism:coverDate":"1984-12-01","prism:coverDisplayDate":"1984","citedby-count":"0","affiliation": [{"@_fa": "true", "affilname":"McMaster University","affiliation-city":"Hamilton","affiliation-country":"Canada"}],"prism:aggregationType":"Conference Proceeding","subtype":"cp","subtypeDescription":"Conference Paper","source-id":"16719","openaccess":"0","openaccessFlag":false},{"@_fa": "true", "link": [{"@_fa": "true", "@ref": "self", "@href": "https://api.elsevier.com/content/abstract/scopus_id/84926280504"},{"@_fa": "true", "@ref": "author-affiliation", "@href": "https://api.elsevier.com/content/abstract/scopus_id/84926280504?field=author,affiliation"},{"@_fa": "true", "@ref": "scopus", "@href": "https://www.scopus.com/inward/record.uri?partnerID=HzOxMe3b&scp=84926280504&origin=inward"},{"@_fa": "true", "@ref": "scopus-citedby", "@href": "https://www.scopus.com/inward/citedby.uri?partnerID=HzOxMe3b&scp=84926280504&origin=inward"}],"prism:url":"https://api.elsevier.com/content/abstract/scopus_id/84926280504","dc:identifier":"SCOPUS_ID:84926280504","eid":"2-s2.0-84926280504","dc:title":"Turning a profit from mathematics: The case of social networks","dc:creator":"Freeman L.","prism:publicationName":"The Journal of Mathematical Sociology","prism:issn":"0022250X","prism:eIssn":"15455874","prism:volume":"10","prism:issueIdentifier":"3-4","prism:pageRange":"343-360","prism:coverDate":"1984-12-01","prism:coverDisplayDate":"1 December 1984","prism:doi":"10.1080/0022250X.1984.9989975","citedby-count":"23","affiliation": [{"@_fa": "true", "affilname":"University of California, Irvine","affiliation-city":"Irvine","affiliation-country":"United States"}],"prism:aggregationType":"Journal","subtype":"ar","subtypeDescription":"Article","source-id":"19349","openaccess":"0","openaccessFlag":false},{"@_fa": "true", "link": [{"@_fa": "true", "@ref": "self", "@href": "https://api.elsevier.com/content/abstract/scopus_id/0021656996"},{"@_fa": "true", "@ref": "author-affiliation", "@href": "https://api.elsevier.com/content/abstract/scopus_id/0021656996?field=author,affiliation"},{"@_fa": "true", "@ref": "scopus", "@href": "https://www.scopus.com/inward/record.uri?partnerID=HzOxMe3b&scp=0021656996&origin=inward"},{"@_fa": "true", "@ref": "scopus-citedby", "@href": "https://www.scopus.com/inward/citedby.uri?partnerID=HzOxMe3b&scp=0021656996&origin=inward"}],"prism:url":"https://api.elsevier.com/content/abstract/scopus_id/0021656996","dc:identifier":"SCOPUS_ID:0021656996","eid":"2-s2.0-0021656996","dc:title":"PREDICTING AREA TRAFFIC CONTROL PERFORMANCE WITH TRANSYT/8 AND AN ELEMENTAL MODEL OF FUEL CONSUMPTION.","dc:creator":"Luk J.","prism:publicationName":"Proceedings - Conference of the Australian Road Research Board","prism:issn":"05721431","prism:volume":"12","prism:issueIdentifier":"pt 4","prism:pageRange":"87-101","prism:coverDate":"1984-12-01","prism:coverDisplayDate":"1984","citedby-count":"2","prism:aggregationType":"Conference Proceeding","subtype":"cp","subtypeDescription":"Conference Paper","source-id":"26432","openaccess":"0","openaccessFlag":false},{"@_fa": "true", "link": [{"@_fa": "true", "@ref": "self", "@href": "https://api.elsevier.com/content/abstract/scopus_id/0021643816"},{"@_fa": "true", "@ref": "author-affiliation", "@href": "https://api.elsevier.com/content/abstract/scopus_id/0021643816?field=author,affiliation"},{"@_fa": "true", "@ref": "scopus", "@href": "https://www.scopus.com/inward/record.uri?partnerID=HzOxMe3b&scp=0021643816&origin=inward"},{"@_fa": "true", "@ref": "scopus-citedby", "@href": "https://www.scopus.com/inward/citedby.uri?partnerID=HzOxMe3b&scp=0021643816&origin=inward"}],"prism:url":"https://api.elsevier.com/content/abstract/scopus_id/0021643816","dc:identifier":"SCOPUS_ID:0021643816","eid":"2-s2.0-0021643816","dc:title":"The timed-transfer/ transit center concept as applied in Tacoma/ Pierce County, Washington.","dc:creator":"Schneider J.","prism:publicationName":"Transportation Quarterly","prism:issn":"02789434","prism:volume":"38","prism:issueIdentifier":"3","prism:pageRange":"393-402","prism:coverDate":"1984-12-01","prism:coverDisplayDate":"1984","citedby-count":"2","prism:aggregationType":"Journal","subtype":"ar","subtypeDescription":"Article","source-id":"20872","openaccess":"0","openaccessFlag":false},{"@_fa": "true", "link": [{"@_fa": "true", "@ref": "self", "@href": "https://api.elsevier.com/content/abstract/scopus_id/0021609224"},{"@_fa": "true", "@ref": "author-affiliation", "@href": "https://api.elsevier.com/content/abstract/scopus_id/0021609224?field=author,affiliation"},{"@_fa": "true", "@ref": "scopus", "@href": "https://www.scopus.com/inward/record.uri?partnerID=HzOxMe3b&scp=0021609224&origin=inward"},{"@_fa": "true", "@ref": "scopus-citedby", "@href": "https://www.scopus.com/inward/citedby.uri?partnerID=HzOxMe3b&scp=0021609224&origin=inward"}],"prism:url":"https://api.elsevier.com/content/abstract/scopus_id/0021609224","dc:identifier":"SCOPUS_ID:0021609224","eid":"2-s2.0-0021609224","dc:title":"MARKET RESEARCH IN THE INFORMATION ECONOMY: WE DON'T KNOW WHAT WE DON'T KNOW.","dc:creator":"Dordick H.","prism:publicationName":"Proceedings of the ASIS Annual Meeting","prism:issn":"00447870","prism:isbn": [{"@_fa": "true", "$" :"086729115X"}],"prism:volume":"21","prism:pageRange":"243","prism:coverDate":"1984-12-01","prism:coverDisplayDate":"1984","citedby-count":"1","prism:aggregationType":"Conference Proceeding","subtype":"cp","subtypeDescription":"Conference Paper","source-id":"31428","openaccess":"0","openaccessFlag":false},{"@_fa": "true", "link": [{"@_fa": "true", "@ref": "self", "@href": "https://api.elsevier.com/content/abstract/scopus_id/0021656994"},{"@_fa": "true", "@ref": "author-affiliation", "@href": "https://api.elsevier.com/content/abstract/scopus_id/0021656994?field=author,affiliation"},{"@_fa": "true", "@ref": "scopus", "@href": "https://www.scopus.com/inward/record.uri?partnerID=HzOxMe3b&scp=0021656994&origin=inward"},{"@_fa": "true", "@ref": "scopus-citedby", "@href": "https://www.scopus.com/inward/citedby.uri?partnerID=HzOxMe3b&scp=0021656994&origin=inward"}],"prism:url":"https://api.elsevier.com/content/abstract/scopus_id/0021656994","dc:identifier":"SCOPUS_ID:0021656994","eid":"2-s2.0-0021656994","dc:title":"DEVELOPMENT OF ROADING IN CHATHAM ISLANDS NEW ZEALAND.","dc:creator":"Pease B.","prism:publicationName":"Proceedings - Conference of the Australian Road Research Board","prism:issn":"05721431","prism:volume":"12","prism:issueIdentifier":"pt 6","prism:pageRange":"99-112","prism:coverDate":"1984-12-01","prism:coverDisplayDate":"1984","citedby-count":"0","prism:aggregationType":"Conference Proceeding","subtype":"cp","subtypeDescription":"Conference Paper","source-id":"26432","openaccess":"0","openaccessFlag":false},{"@_fa": "true", "link": [{"@_fa": "true", "@ref": "self", "@href": "https://api.elsevier.com/content/abstract/scopus_id/0021596307"},{"@_fa": "true", "@ref": "author-affiliation", "@href": "https://api.elsevier.com/content/abstract/scopus_id/0021596307?field=author,affiliation"},{"@_fa": "true", "@ref": "scopus", "@href": "https://www.scopus.com/inward/record.uri?partnerID=HzOxMe3b&scp=0021596307&origin=inward"},{"@_fa": "true", "@ref": "scopus-citedby", "@href": "https://www.scopus.com/inward/citedby.uri?partnerID=HzOxMe3b&scp=0021596307&origin=inward"}],"prism:url":"https://api.elsevier.com/content/abstract/scopus_id/0021596307","dc:identifier":"SCOPUS_ID:0021596307","eid":"2-s2.0-0021596307","dc:title":"MEASUREMENT OF FROST DEPTH.","dc:creator":"McCool D.","prism:publicationName":"Proceedings of The Western Snow Conference","prism:issn":"01610589","prism:pageRange":"33-42","prism:coverDate":"1984-12-01","prism:coverDisplayDate":"1984","citedby-count":"13","affiliation": [{"@_fa": "true", "affilname":"United States Department of Agriculture","affiliation-city":"Washington","affiliation-country":"United States"}],"prism:aggregationType":"Conference Proceeding","subtype":"cp","subtypeDescription":"Conference Paper","source-id":"29727","openaccess":"0","openaccessFlag":false},{"@_fa": "true", "link": [{"@_fa": "true", "@ref": "self", "@href": "https://api.elsevier.com/content/abstract/scopus_id/0021581714"},{"@_fa": "true", "@ref": "author-affiliation", "@href": "https://api.elsevier.com/content/abstract/scopus_id/0021581714?field=author,affiliation"},{"@_fa": "true", "@ref": "scopus", "@href": "https://www.scopus.com/inward/record.uri?partnerID=HzOxMe3b&scp=0021581714&origin=inward"},{"@_fa": "true", "@ref": "scopus-citedby", "@href": "https://www.scopus.com/inward/citedby.uri?partnerID=HzOxMe3b&scp=0021581714&origin=inward"}],"prism:url":"https://api.elsevier.com/content/abstract/scopus_id/0021581714","dc:identifier":"SCOPUS_ID:0021581714","eid":"2-s2.0-0021581714","dc:title":"ROLE OF INFOTEC IN THE MEXICAN TECHNICAL INFORMATION NETWORK.","dc:creator":"Carrion G.","prism:publicationName":"Proceedings of the ASIS Annual Meeting","prism:issn":"00447870","prism:isbn": [{"@_fa": "true", "$" :"086729115X"}],"prism:volume":"21","prism:pageRange":"85","prism:coverDate":"1984-12-01","prism:coverDisplayDate":"1984","citedby-count":"0","prism:aggregationType":"Conference Proceeding","subtype":"cp","subtypeDescription":"Conference Paper","source-id":"31428","openaccess":"0","openaccessFlag":false},{"@_fa": "true", "link": [{"@_fa": "true", "@ref": "self", "@href": "https://api.elsevier.com/content/abstract/scopus_id/0021589340"},{"@_fa": "true", "@ref": "author-affiliation", "@href": "https://api.elsevier.com/content/abstract/scopus_id/0021589340?field=author,affiliation"},{"@_fa": "true", "@ref": "scopus", "@href": "https://www.scopus.com/inward/record.uri?partnerID=HzOxMe3b&scp=0021589340&origin=inward"},{"@_fa": "true", "@ref": "scopus-citedby", "@href": "https://www.scopus.com/inward/citedby.uri?partnerID=HzOxMe3b&scp=0021589340&origin=inward"}],"prism:url":"https://api.elsevier.com/content/abstract/scopus_id/0021589340","dc:identifier":"SCOPUS_ID:0021589340","eid":"2-s2.0-0021589340","dc:title":"'GULFSYL': THE GULF OF MEXICO SYLEDIS NETWORK: PHASE 1 - THE LAND CHAINS.","dc:creator":"Ransome C.","prism:publicationName":"Proceedings of the Annual Meeting - Institute of Navigation","prism:pageRange":"82-86","prism:coverDate":"1984-12-01","prism:coverDisplayDate":"1984","citedby-count":"0","prism:aggregationType":"Conference Proceeding","subtype":"cp","subtypeDescription":"Conference Paper","source-id":"56833","openaccess":"0","openaccessFlag":false},{"@_fa": "true", "link": [{"@_fa": "true", "@ref": "self", "@href": "https://api.elsevier.com/content/abstract/scopus_id/0021579358"},{"@_fa": "true", "@ref": "author-affiliation", "@href": "https://api.elsevier.com/content/abstract/scopus_id/0021579358?field=author,affiliation"},{"@_fa": "true", "@ref": "scopus", "@href": "https://www.scopus.com/inward/record.uri?partnerID=HzOxMe3b&scp=0021579358&origin=inward"},{"@_fa": "true", "@ref": "scopus-citedby", "@href": "https://www.scopus.com/inward/citedby.uri?partnerID=HzOxMe3b&scp=0021579358&origin=inward"}],"prism:url":"https://api.elsevier.com/content/abstract/scopus_id/0021579358","dc:identifier":"SCOPUS_ID:0021579358","eid":"2-s2.0-0021579358","dc:title":"INFORMATION NETWORK FACILITY ORGANIZING SYSTEM (INFOS) - AN EXPERT SYSTEM FOR INFORMATION RETRIEVAL.","dc:creator":"Obermeier K.","prism:publicationName":"Proceedings of the ASIS Annual Meeting","prism:issn":"00447870","prism:isbn": [{"@_fa": "true", "$" :"086729115X"}],"prism:volume":"21","prism:pageRange":"95-98","prism:coverDate":"1984-12-01","prism:coverDisplayDate":"1984","citedby-count":"2","prism:aggregationType":"Conference Proceeding","subtype":"cp","subtypeDescription":"Conference Paper","source-id":"31428","openaccess":"0","openaccessFlag":false},{"@_fa": "true", "link": [{"@_fa": "true", "@ref": "self", "@href": "https://api.elsevier.com/content/abstract/scopus_id/0021727929"},{"@_fa": "true", "@ref": "author-affiliation", "@href": "https://api.elsevier.com/content/abstract/scopus_id/0021727929?field=author,affiliation"},{"@_fa": "true", "@ref": "scopus", "@href": "https://www.scopus.com/inward/record.uri?partnerID=HzOxMe3b&scp=0021727929&origin=inward"},{"@_fa": "true", "@ref": "scopus-citedby", "@href": "https://www.scopus.com/inward/citedby.uri?partnerID=HzOxMe3b&scp=0021727929&origin=inward"}],"prism:url":"https://api.elsevier.com/content/abstract/scopus_id/0021727929","dc:identifier":"SCOPUS_ID:0021727929","eid":"2-s2.0-0021727929","dc:title":"MAINTAINING THE ROAD NETWORK IN SWAZILAND.","dc:creator":"Hope A.","prism:publicationName":"Highways and transportation","prism:issn":"02656868","prism:volume":"31","prism:issueIdentifier":"12","prism:pageRange":"16-21","prism:coverDate":"1984-12-01","prism:coverDisplayDate":"December 1984","citedby-count":"0","prism:aggregationType":"Journal","subtype":"ar","subtypeDescription":"Article","source-id":"37330","openaccess":"0","openaccessFlag":false},{"@_fa": "true", "link": [{"@_fa": "true", "@ref": "self", "@href": "https://api.elsevier.com/content/abstract/scopus_id/0021562090"},{"@_fa": "true", "@ref": "author-affiliation", "@href": "https://api.elsevier.com/content/abstract/scopus_id/0021562090?field=author,affiliation"},{"@_fa": "true", "@ref": "scopus", "@href": "https://www.scopus.com/inward/record.uri?partnerID=HzOxMe3b&scp=0021562090&origin=inward"},{"@_fa": "true", "@ref": "scopus-citedby", "@href": "https://www.scopus.com/inward/citedby.uri?partnerID=HzOxMe3b&scp=0021562090&origin=inward"}],"prism:url":"https://api.elsevier.com/content/abstract/scopus_id/0021562090","dc:identifier":"SCOPUS_ID:0021562090","eid":"2-s2.0-0021562090","dc:title":"PROJECT ATHENA - A JOINT ACADEMIA-INDUSTRY EXPERIMENT IN COMPUTERS IN EDUCATION.","dc:creator":"Parmalee R.","prism:publicationName":"Proceedings - Frontiers in Education Conference","prism:issn":"01905848","prism:pageRange":"466-471","prism:coverDate":"1984-12-01","prism:coverDisplayDate":"1984","citedby-count":"0","affiliation": [{"@_fa": "true", "affilname":"International Business Machines","affiliation-city":"Armonk","affiliation-country":"United States"}],"prism:aggregationType":"Conference Proceeding","subtype":"cp","subtypeDescription":"Conference Paper","source-id":"16719","openaccess":"0","openaccessFlag":false},{"@_fa": "true", "link": [{"@_fa": "true", "@ref": "self", "@href": "https://api.elsevier.com/content/abstract/scopus_id/0021656995"},{"@_fa": "true", "@ref": "author-affiliation", "@href": "https://api.elsevier.com/content/abstract/scopus_id/0021656995?field=author,affiliation"},{"@_fa": "true", "@ref": "scopus", "@href": "https://www.scopus.com/inward/record.uri?partnerID=HzOxMe3b&scp=0021656995&origin=inward"},{"@_fa": "true", "@ref": "scopus-citedby", "@href": "https://www.scopus.com/inward/citedby.uri?partnerID=HzOxMe3b&scp=0021656995&origin=inward"}],"prism:url":"https://api.elsevier.com/content/abstract/scopus_id/0021656995","dc:identifier":"SCOPUS_ID:0021656995","eid":"2-s2.0-0021656995","dc:title":"RECENT INNOVATIONS FOR TRAFFIC ACCIDENT INFORMATION SYSTEMS IN VICTORIA.","dc:creator":"Ashton N.","prism:publicationName":"Proceedings - Conference of the Australian Road Research Board","prism:issn":"05721431","prism:volume":"12","prism:issueIdentifier":"pt 6","prism:pageRange":"40-49","prism:coverDate":"1984-12-01","prism:coverDisplayDate":"1984","citedby-count":"0","prism:aggregationType":"Conference Proceeding","subtype":"cp","subtypeDescription":"Conference Paper","source-id":"26432","openaccess":"0","openaccessFlag":false},{"@_fa": "true", "link": [{"@_fa": "true", "@ref": "self", "@href": "https://api.elsevier.com/content/abstract/scopus_id/0021613462"},{"@_fa": "true", "@ref": "author-affiliation", "@href": "https://api.elsevier.com/content/abstract/scopus_id/0021613462?field=author,affiliation"},{"@_fa": "true", "@ref": "scopus", "@href": "https://www.scopus.com/inward/record.uri?partnerID=HzOxMe3b&scp=0021613462&origin=inward"},{"@_fa": "true", "@ref": "scopus-citedby", "@href": "https://www.scopus.com/inward/citedby.uri?partnerID=HzOxMe3b&scp=0021613462&origin=inward"}],"prism:url":"https://api.elsevier.com/content/abstract/scopus_id/0021613462","dc:identifier":"SCOPUS_ID:0021613462","eid":"2-s2.0-0021613462","dc:title":"Building a hypergraph-based data structure: the example of census geography and the road system.","dc:creator":"Rugg R.","prism:publicationName":"Cartographica","prism:issn":"03177173","prism:volume":"21","prism:issueIdentifier":"2-3","prism:pageRange":"179-187","prism:coverDate":"1984-12-01","prism:coverDisplayDate":"1984","citedby-count":"3","prism:aggregationType":"Journal","subtype":"ar","subtypeDescription":"Article","source-id":"27637","openaccess":"0","openaccessFlag":false},{"@_fa": "true", "link": [{"@_fa": "true", "@ref": "self", "@href": "https://api.elsevier.com/content/abstract/scopus_id/55249105771"},{"@_fa": "true", "@ref": "author-affiliation", "@href": "https://api.elsevier.com/content/abstract/scopus_id/55249105771?field=author,affiliation"},{"@_fa": "true", "@ref": "scopus", "@href": "https://www.scopus.com/inward/record.uri?partnerID=HzOxMe3b&scp=55249105771&origin=inward"},{"@_fa": "true", "@ref": "scopus-citedby", "@href": "https://www.scopus.com/inward/citedby.uri?partnerID=HzOxMe3b&scp=55249105771&origin=inward"}],"prism:url":"https://api.elsevier.com/content/abstract/scopus_id/55249105771","dc:identifier":"SCOPUS_ID:55249105771","eid":"2-s2.0-55249105771","dc:title":"Comparison of online agricultural information services","dc:creator":"Reneau F.","prism:publicationName":"Online Information Review","prism:issn":"14684527","prism:volume":"8","prism:issueIdentifier":"4","prism:pageRange":"313-322","prism:coverDate":"1984-12-01","prism:coverDisplayDate":"1984","citedby-count":"0","prism:aggregationType":"Journal","subtype":"re","subtypeDescription":"Review","source-id":"15386","openaccess":"0","openaccessFlag":false},{"@_fa": "true", "link": [{"@_fa": "true", "@ref": "self", "@href": "https://api.elsevier.com/content/abstract/scopus_id/0021734689"},{"@_fa": "true", "@ref": "author-affiliation", "@href": "https://api.elsevier.com/content/abstract/scopus_id/0021734689?field=author,affiliation"},{"@_fa": "true", "@ref": "scopus", "@href": "https://www.scopus.com/inward/record.uri?partnerID=HzOxMe3b&scp=0021734689&origin=inward"},{"@_fa": "true", "@ref": "scopus-citedby", "@href": "https://www.scopus.com/inward/citedby.uri?partnerID=HzOxMe3b&scp=0021734689&origin=inward"}],"prism:url":"https://api.elsevier.com/content/abstract/scopus_id/0021734689","dc:identifier":"SCOPUS_ID:0021734689","eid":"2-s2.0-0021734689","dc:title":"The structure and function of social support networks in families with handicapped children","dc:creator":"Kazak A.","prism:publicationName":"American Journal of Community Psychology","prism:issn":"00910562","prism:eIssn":"15732770","prism:volume":"12","prism:issueIdentifier":"6","prism:pageRange":"645-661","prism:coverDate":"1984-12-01","prism:coverDisplayDate":"December 1984","prism:doi":"10.1007/BF00922617","citedby-count":"77","affiliation": [{"@_fa": "true", "affilname":"Temple University","affiliation-city":"Philadelphia","affiliation-country":"United States"}],"pubmed-id":"6395691","prism:aggregationType":"Journal","subtype":"ar","subtypeDescription":"Article","source-id":"16925","openaccess":"0","openaccessFlag":false},{"@_fa": "true", "link": [{"@_fa": "true", "@ref": "self", "@href": "https://api.elsevier.com/content/abstract/scopus_id/0021578152"},{"@_fa": "true", "@ref": "author-affiliation", "@href": "https://api.elsevier.com/content/abstract/scopus_id/0021578152?field=author,affiliation"},{"@_fa": "true", "@ref": "scopus", "@href": "https://www.scopus.com/inward/record.uri?partnerID=HzOxMe3b&scp=0021578152&origin=inward"},{"@_fa": "true", "@ref": "scopus-citedby", "@href": "https://www.scopus.com/inward/citedby.uri?partnerID=HzOxMe3b&scp=0021578152&origin=inward"}],"prism:url":"https://api.elsevier.com/content/abstract/scopus_id/0021578152","dc:identifier":"SCOPUS_ID:0021578152","eid":"2-s2.0-0021578152","dc:title":"Controlling access: forms of ' territoriality' in three New Zealand crayfishing villages.","dc:creator":"Levine H.","prism:publicationName":"Ethnology","prism:issn":"00141828","prism:volume":"23","prism:issueIdentifier":"2","prism:pageRange":"89-99","prism:coverDate":"1984-12-01","prism:coverDisplayDate":"1984","citedby-count":"8","prism:aggregationType":"Journal","subtype":"ar","subtypeDescription":"Article","source-id":"75184","openaccess":"0","openaccessFlag":false},{"@_fa": "true", "link": [{"@_fa": "true", "@ref": "self", "@href": "https://api.elsevier.com/content/abstract/scopus_id/0021622625"},{"@_fa": "true", "@ref": "author-affiliation", "@href": "https://api.elsevier.com/content/abstract/scopus_id/0021622625?field=author,affiliation"},{"@_fa": "true", "@ref": "scopus", "@href": "https://www.scopus.com/inward/record.uri?partnerID=HzOxMe3b&scp=0021622625&origin=inward"},{"@_fa": "true", "@ref": "scopus-citedby", "@href": "https://www.scopus.com/inward/citedby.uri?partnerID=HzOxMe3b&scp=0021622625&origin=inward"}],"prism:url":"https://api.elsevier.com/content/abstract/scopus_id/0021622625","dc:identifier":"SCOPUS_ID:0021622625","eid":"2-s2.0-0021622625","dc:title":"SOCIAL NETWORKS AS SOURCES OF INFORMATION FOR SOLVING COMPUTING PROBLEMS.","dc:creator":"Dehdashti P.","prism:publicationName":"Proceedings of the ASIS Annual Meeting","prism:issn":"00447870","prism:isbn": [{"@_fa": "true", "$" :"086729115X"}],"prism:volume":"21","prism:pageRange":"34-37","prism:coverDate":"1984-12-01","prism:coverDisplayDate":"1984","citedby-count":"0","prism:aggregationType":"Conference Proceeding","subtype":"cp","subtypeDescription":"Conference Paper","source-id":"31428","openaccess":"0","openaccessFlag":false}]}}