{"search-results":{"opensearch:totalResults":"656","opensearch:startIndex":"0","opensearch:itemsPerPage":"25","opensearch:Query":{"@role": "request", "@searchTerms": "TITLE-ABS-KEY(\"network\") AND SUBJAREA(SOCI) AND PUBYEAR = 1988", "@startPage": "0"},"link": [{"@_fa": "true", "@ref": "self", "@href": "https://api.elsevier.com/content/search/scopus?start=0&count=25&query=TITLE-ABS-KEY%28%22network%22%29+AND+SUBJAREA%28SOCI%29+AND+PUBYEAR+%3D+1988&apiKey=27d953b4b546791964ebeb768d13e61f&view=STANDARD", "@type": "application/json"},{"@_fa": "true", "@ref": "first", "@href": "https://api.elsevier.com/content/search/scopus?start=0&count=25&query=TITLE-ABS-KEY%28%22network%22%29+AND+SUBJAREA%28SOCI%29+AND+PUBYEAR+%3D+1988&apiKey=27d953b4b546791964ebeb768d13e61f&view=STANDARD", "@type": "application/json"},{"@_fa": "true", "@ref": "next", "@href": "https://api.elsevier.com/content/search/scopus?start=25&count=25&query=TITLE-ABS-KEY%28%22network%22%29+AND+SUBJAREA%28SOCI%29+AND+PUBYEAR+%3D+1988&apiKey=27d953b4b546791964ebeb768d13e61f&view=STANDARD", "@type": "application/json"},{"@_fa": "true", "@ref": "last", "@href": "https://api.elsevier.com/content/search/scopus?start=631&count=25&query=TITLE-ABS-KEY%28%22network%22%29+AND+SUBJAREA%28SOCI%29+AND+PUBYEAR+%3D+1988&apiKey=27d953b4b546791964ebeb768d13e61f&view=STANDARD", "@type": "application/json"}],"entry": [{"@_fa": "true", "link": [{"@_fa": "true", "@ref": "self", "@href": "https://api.elsevier.com/content/abstract/scopus_id/0024243464"},{"@_fa": "true", "@ref": "author-affiliation", "@href": "https://api.elsevier.com/content/abstract/scopus_id/0024243464?field=author,affiliation"},{"@_fa": "true", "@ref": "scopus", "@href": "https://www.scopus.com/inward/record.uri?partnerID=HzOxMe3b&scp=0024243464&origin=inward"},{"@_fa": "true", "@ref": "scopus-citedby", "@href": "https://www.scopus.com/inward/citedby.uri?partnerID=HzOxMe3b&scp=0024243464&origin=inward"}],"prism:url":"https://api.elsevier.com/content/abstract/scopus_id/0024243464","dc:identifier":"SCOPUS_ID:0024243464","eid":"2-s2.0-0024243464","dc:title":"An overall view of geriatric education centers","dc:creator":"Koenig W.","prism:publicationName":"Gerontology and Geriatrics Education","prism:issn":"02701960","prism:eIssn":"15453847","prism:volume":"8","prism:issueIdentifier":"3-4","prism:pageRange":"5-16","prism:coverDate":"1988-12-29","prism:coverDisplayDate":"29 December 1988","prism:doi":"10.1300/J021v08n03_02","citedby-count":"9","affiliation": [{"@_fa": "true", "affilname":"Division of Associated and Dental Health Professions","affiliation-city":"Rockville","affiliation-country":"United States"}],"pubmed-id":"3071498","prism:aggregationType":"Journal","subtype":"ar","subtypeDescription":"Article","source-id":"29072","openaccess":"0","openaccessFlag":false},{"@_fa": "true", "link": [{"@_fa": "true", "@ref": "self", "@href": "https://api.elsevier.com/content/abstract/scopus_id/84928507904"},{"@_fa": "true", "@ref": "author-affiliation", "@href": "https://api.elsevier.com/content/abstract/scopus_id/84928507904?field=author,affiliation"},{"@_fa": "true", "@ref": "scopus", "@href": "https://www.scopus.com/inward/record.uri?partnerID=HzOxMe3b&scp=84928507904&origin=inward"},{"@_fa": "true", "@ref": "scopus-citedby", "@href": "https://www.scopus.com/inward/citedby.uri?partnerID=HzOxMe3b&scp=84928507904&origin=inward"}],"prism:url":"https://api.elsevier.com/content/abstract/scopus_id/84928507904","dc:identifier":"SCOPUS_ID:84928507904","eid":"2-s2.0-84928507904","dc:title":"Divorce and social support: A review","dc:creator":"Hughes R.","prism:publicationName":"Journal of Divorce","prism:issn":"01474022","prism:volume":"11","prism:issueIdentifier":"3-4","prism:pageRange":"122-145","prism:coverDate":"1988-12-19","prism:coverDisplayDate":"19 December 1988","prism:doi":"10.1300/J279v11n03_10","citedby-count":"25","affiliation": [{"@_fa": "true", "affilname":"University of Illinois at Urbana-Champaign","affiliation-city":"Urbana","affiliation-country":"United States"}],"prism:aggregationType":"Journal","subtype":"ar","subtypeDescription":"Article","source-id":"66559","openaccess":"0","openaccessFlag":false},{"@_fa": "true", "link": [{"@_fa": "true", "@ref": "self", "@href": "https://api.elsevier.com/content/abstract/scopus_id/84928508964"},{"@_fa": "true", "@ref": "author-affiliation", "@href": "https://api.elsevier.com/content/abstract/scopus_id/84928508964?field=author,affiliation"},{"@_fa": "true", "@ref": "scopus", "@href": "https://www.scopus.com/inward/record.uri?partnerID=HzOxMe3b&scp=84928508964&origin=inward"},{"@_fa": "true", "@ref": "scopus-citedby", "@href": "https://www.scopus.com/inward/citedby.uri?partnerID=HzOxMe3b&scp=84928508964&origin=inward"}],"prism:url":"https://api.elsevier.com/content/abstract/scopus_id/84928508964","dc:identifier":"SCOPUS_ID:84928508964","eid":"2-s2.0-84928508964","dc:title":"Social support for divorcing mothers: What seems to help?","dc:creator":"Leslie L.","prism:publicationName":"Journal of Divorce","prism:issn":"01474022","prism:volume":"11","prism:issueIdentifier":"3-4","prism:pageRange":"147-165","prism:coverDate":"1988-12-19","prism:coverDisplayDate":"19 December 1988","prism:doi":"10.1300/J279v11n03_11","citedby-count":"19","affiliation": [{"@_fa": "true", "affilname":"University of Maryland","affiliation-city":"College Park","affiliation-country":"United States"}],"prism:aggregationType":"Journal","subtype":"ar","subtypeDescription":"Article","source-id":"66559","openaccess":"0","openaccessFlag":false},{"@_fa": "true", "link": [{"@_fa": "true", "@ref": "self", "@href": "https://api.elsevier.com/content/abstract/scopus_id/84928507691"},{"@_fa": "true", "@ref": "author-affiliation", "@href": "https://api.elsevier.com/content/abstract/scopus_id/84928507691?field=author,affiliation"},{"@_fa": "true", "@ref": "scopus", "@href": "https://www.scopus.com/inward/record.uri?partnerID=HzOxMe3b&scp=84928507691&origin=inward"},{"@_fa": "true", "@ref": "scopus-citedby", "@href": "https://www.scopus.com/inward/citedby.uri?partnerID=HzOxMe3b&scp=84928507691&origin=inward"}],"prism:url":"https://api.elsevier.com/content/abstract/scopus_id/84928507691","dc:identifier":"SCOPUS_ID:84928507691","eid":"2-s2.0-84928507691","dc:title":"Social support of divorced single mothers and their children","dc:creator":"Kurdek L.","prism:publicationName":"Journal of Divorce","prism:issn":"01474022","prism:volume":"11","prism:issueIdentifier":"3-4","prism:pageRange":"167-188","prism:coverDate":"1988-12-19","prism:coverDisplayDate":"19 December 1988","prism:doi":"10.1300/J279v11n03_12","citedby-count":"25","affiliation": [{"@_fa": "true", "affilname":"Wright State University","affiliation-city":"Dayton","affiliation-country":"United States"}],"prism:aggregationType":"Journal","subtype":"ar","subtypeDescription":"Article","source-id":"66559","openaccess":"0","openaccessFlag":false},{"@_fa": "true", "link": [{"@_fa": "true", "@ref": "self", "@href": "https://api.elsevier.com/content/abstract/scopus_id/84928508143"},{"@_fa": "true", "@ref": "author-affiliation", "@href": "https://api.elsevier.com/content/abstract/scopus_id/84928508143?field=author,affiliation"},{"@_fa": "true", "@ref": "scopus", "@href": "https://www.scopus.com/inward/record.uri?partnerID=HzOxMe3b&scp=84928508143&origin=inward"},{"@_fa": "true", "@ref": "scopus-citedby", "@href": "https://www.scopus.com/inward/citedby.uri?partnerID=HzOxMe3b&scp=84928508143&origin=inward"}],"prism:url":"https://api.elsevier.com/content/abstract/scopus_id/84928508143","dc:identifier":"SCOPUS_ID:84928508143","eid":"2-s2.0-84928508143","dc:title":"A study of youth services networks from a political-economy perspective","dc:creator":"Roberts-De Gennaro M.","prism:publicationName":"Journal of Social Service Research","prism:issn":"01488376","prism:eIssn":"15407314","prism:volume":"11","prism:issueIdentifier":"4","prism:pageRange":"61-73","prism:coverDate":"1988-12-13","prism:coverDisplayDate":"13 December 1988","prism:doi":"10.1300/J079v11n04_04","citedby-count":"4","affiliation": [{"@_fa": "true", "affilname":"San Diego State University","affiliation-city":"San Diego","affiliation-country":"United States"}],"prism:aggregationType":"Journal","subtype":"ar","subtypeDescription":"Article","source-id":"12283","openaccess":"0","openaccessFlag":false},{"@_fa": "true", "link": [{"@_fa": "true", "@ref": "self", "@href": "https://api.elsevier.com/content/abstract/scopus_id/0003374219"},{"@_fa": "true", "@ref": "author-affiliation", "@href": "https://api.elsevier.com/content/abstract/scopus_id/0003374219?field=author,affiliation"},{"@_fa": "true", "@ref": "scopus", "@href": "https://www.scopus.com/inward/record.uri?partnerID=HzOxMe3b&scp=0003374219&origin=inward"},{"@_fa": "true", "@ref": "scopus-citedby", "@href": "https://www.scopus.com/inward/citedby.uri?partnerID=HzOxMe3b&scp=0003374219&origin=inward"}],"prism:url":"https://api.elsevier.com/content/abstract/scopus_id/0003374219","dc:identifier":"SCOPUS_ID:0003374219","eid":"2-s2.0-0003374219","dc:title":"A programming and positioning strategy for cable television networks","dc:creator":"Rust R.","prism:publicationName":"Journal of Advertising","prism:issn":"00913367","prism:volume":"17","prism:issueIdentifier":"4","prism:pageRange":"6-13","prism:coverDate":"1988-12-01","prism:coverDisplayDate":"1 December 1988","prism:doi":"10.1080/00913367.1988.10673124","citedby-count":"10","affiliation": [{"@_fa": "true", "affilname":"University of Texas at Austin","affiliation-city":"Austin","affiliation-country":"United States"}],"prism:aggregationType":"Journal","subtype":"ar","subtypeDescription":"Article","source-id":"28179","openaccess":"0","openaccessFlag":false},{"@_fa": "true", "link": [{"@_fa": "true", "@ref": "self", "@href": "https://api.elsevier.com/content/abstract/scopus_id/39049127398"},{"@_fa": "true", "@ref": "author-affiliation", "@href": "https://api.elsevier.com/content/abstract/scopus_id/39049127398?field=author,affiliation"},{"@_fa": "true", "@ref": "scopus", "@href": "https://www.scopus.com/inward/record.uri?partnerID=HzOxMe3b&scp=39049127398&origin=inward"},{"@_fa": "true", "@ref": "scopus-citedby", "@href": "https://www.scopus.com/inward/citedby.uri?partnerID=HzOxMe3b&scp=39049127398&origin=inward"}],"prism:url":"https://api.elsevier.com/content/abstract/scopus_id/39049127398","dc:identifier":"SCOPUS_ID:39049127398","eid":"2-s2.0-39049127398","dc:title":"Archival information exchange and the role of bibliographic networks","dc:creator":"Hickerson H.","prism:publicationName":"Library Trends","prism:issn":"00242594","prism:volume":"36","prism:issueIdentifier":"3","prism:pageRange":"553-571","prism:coverDate":"1988-12-01","prism:coverDisplayDate":"December 1988","citedby-count":"7","prism:aggregationType":"Journal","subtype":"ar","subtypeDescription":"Article","source-id":"14066","openaccess":"0","openaccessFlag":false},{"@_fa": "true", "link": [{"@_fa": "true", "@ref": "self", "@href": "https://api.elsevier.com/content/abstract/scopus_id/51849182643"},{"@_fa": "true", "@ref": "author-affiliation", "@href": "https://api.elsevier.com/content/abstract/scopus_id/51849182643?field=author,affiliation"},{"@_fa": "true", "@ref": "scopus", "@href": "https://www.scopus.com/inward/record.uri?partnerID=HzOxMe3b&scp=51849182643&origin=inward"},{"@_fa": "true", "@ref": "scopus-citedby", "@href": "https://www.scopus.com/inward/citedby.uri?partnerID=HzOxMe3b&scp=51849182643&origin=inward"}],"prism:url":"https://api.elsevier.com/content/abstract/scopus_id/51849182643","dc:identifier":"SCOPUS_ID:51849182643","eid":"2-s2.0-51849182643","dc:title":"Introducing the conservation information network","prism:publicationName":"Archival Informatics Newsletter","prism:issn":"08922179","prism:eIssn":"15737519","prism:volume":"2","prism:issueIdentifier":"4","prism:pageRange":"70-73","prism:coverDate":"1988-12-01","prism:coverDisplayDate":"December 1988","prism:doi":"10.1007/BF02875940","citedby-count":"0","prism:aggregationType":"Journal","subtype":"ar","subtypeDescription":"Article","source-id":"12100156862","openaccess":"0","openaccessFlag":false},{"@_fa": "true", "link": [{"@_fa": "true", "@ref": "self", "@href": "https://api.elsevier.com/content/abstract/scopus_id/33845278984"},{"@_fa": "true", "@ref": "author-affiliation", "@href": "https://api.elsevier.com/content/abstract/scopus_id/33845278984?field=author,affiliation"},{"@_fa": "true", "@ref": "scopus", "@href": "https://www.scopus.com/inward/record.uri?partnerID=HzOxMe3b&scp=33845278984&origin=inward"},{"@_fa": "true", "@ref": "scopus-citedby", "@href": "https://www.scopus.com/inward/citedby.uri?partnerID=HzOxMe3b&scp=33845278984&origin=inward"}],"prism:url":"https://api.elsevier.com/content/abstract/scopus_id/33845278984","dc:identifier":"SCOPUS_ID:33845278984","eid":"2-s2.0-33845278984","dc:title":"Insights - Pictorial problem-solving networks","dc:creator":"Waddling R.","prism:publicationName":"Journal of Chemical Education","prism:issn":"00219584","prism:volume":"65","prism:issueIdentifier":"3","prism:pageRange":"260-262","prism:coverDate":"1988-12-01","prism:coverDisplayDate":"1988","citedby-count":"3","prism:aggregationType":"Journal","subtype":"ar","subtypeDescription":"Article","source-id":"24169","openaccess":"0","openaccessFlag":false},{"@_fa": "true", "link": [{"@_fa": "true", "@ref": "self", "@href": "https://api.elsevier.com/content/abstract/scopus_id/84959980477"},{"@_fa": "true", "@ref": "author-affiliation", "@href": "https://api.elsevier.com/content/abstract/scopus_id/84959980477?field=author,affiliation"},{"@_fa": "true", "@ref": "scopus", "@href": "https://www.scopus.com/inward/record.uri?partnerID=HzOxMe3b&scp=84959980477&origin=inward"},{"@_fa": "true", "@ref": "scopus-citedby", "@href": "https://www.scopus.com/inward/citedby.uri?partnerID=HzOxMe3b&scp=84959980477&origin=inward"}],"prism:url":"https://api.elsevier.com/content/abstract/scopus_id/84959980477","dc:identifier":"SCOPUS_ID:84959980477","eid":"2-s2.0-84959980477","dc:title":"Tv Network News: A Canadian-American Comparison","dc:creator":"Surlin S.","prism:publicationName":"American Review of Canadian Studies","prism:issn":"02722011","prism:eIssn":"19439954","prism:volume":"18","prism:issueIdentifier":"4","prism:pageRange":"465-475","prism:coverDate":"1988-12-01","prism:coverDisplayDate":"1 December 1988","prism:doi":"10.1080/02722018809480947","citedby-count":"0","prism:aggregationType":"Journal","subtype":"ar","subtypeDescription":"Article","source-id":"24735","openaccess":"0","openaccessFlag":false},{"@_fa": "true", "link": [{"@_fa": "true", "@ref": "self", "@href": "https://api.elsevier.com/content/abstract/scopus_id/0024217169"},{"@_fa": "true", "@ref": "author-affiliation", "@href": "https://api.elsevier.com/content/abstract/scopus_id/0024217169?field=author,affiliation"},{"@_fa": "true", "@ref": "scopus", "@href": "https://www.scopus.com/inward/record.uri?partnerID=HzOxMe3b&scp=0024217169&origin=inward"},{"@_fa": "true", "@ref": "scopus-citedby", "@href": "https://www.scopus.com/inward/citedby.uri?partnerID=HzOxMe3b&scp=0024217169&origin=inward"}],"prism:url":"https://api.elsevier.com/content/abstract/scopus_id/0024217169","dc:identifier":"SCOPUS_ID:0024217169","eid":"2-s2.0-0024217169","dc:title":"Social networks and the functional health status of the poor: A secondary analysis of data from the national survey of personal health practices and consequences","dc:creator":"Auslander G.","prism:publicationName":"Journal of Community Health","prism:issn":"00945145","prism:eIssn":"15733610","prism:volume":"13","prism:issueIdentifier":"4","prism:pageRange":"197-209","prism:coverDate":"1988-12-01","prism:coverDisplayDate":"December 1988","prism:doi":"10.1007/BF01324232","citedby-count":"6","affiliation": [{"@_fa": "true", "affilname":"Hebrew University of Jerusalem","affiliation-city":"Jerusalem","affiliation-country":"Israel"}],"pubmed-id":"3235711","prism:aggregationType":"Journal","subtype":"ar","subtypeDescription":"Article","source-id":"15877","openaccess":"0","openaccessFlag":false},{"@_fa": "true", "link": [{"@_fa": "true", "@ref": "self", "@href": "https://api.elsevier.com/content/abstract/scopus_id/34248900296"},{"@_fa": "true", "@ref": "author-affiliation", "@href": "https://api.elsevier.com/content/abstract/scopus_id/34248900296?field=author,affiliation"},{"@_fa": "true", "@ref": "scopus", "@href": "https://www.scopus.com/inward/record.uri?partnerID=HzOxMe3b&scp=34248900296&origin=inward"},{"@_fa": "true", "@ref": "scopus-citedby", "@href": "https://www.scopus.com/inward/citedby.uri?partnerID=HzOxMe3b&scp=34248900296&origin=inward"}],"prism:url":"https://api.elsevier.com/content/abstract/scopus_id/34248900296","dc:identifier":"SCOPUS_ID:34248900296","eid":"2-s2.0-34248900296","dc:title":"The construction of a comprehensive lexical network","dc:creator":"Järborg J.","prism:publicationName":"Literary and Linguistic Computing","prism:issn":"02681145","prism:volume":"3","prism:issueIdentifier":"3","prism:pageRange":"177-184","prism:coverDate":"1988-12-01","prism:coverDisplayDate":"1988","prism:doi":"10.1093/llc/3.3.177","citedby-count":"0","affiliation": [{"@_fa": "true", "affilname":"Göteborgs Universitet","affiliation-city":"Gothenburg","affiliation-country":"Sweden"}],"prism:aggregationType":"Journal","subtype":"ar","subtypeDescription":"Article","source-id":"145586","openaccess":"0","openaccessFlag":false},{"@_fa": "true", "link": [{"@_fa": "true", "@ref": "self", "@href": "https://api.elsevier.com/content/abstract/scopus_id/0023822616"},{"@_fa": "true", "@ref": "author-affiliation", "@href": "https://api.elsevier.com/content/abstract/scopus_id/0023822616?field=author,affiliation"},{"@_fa": "true", "@ref": "scopus", "@href": "https://www.scopus.com/inward/record.uri?partnerID=HzOxMe3b&scp=0023822616&origin=inward"},{"@_fa": "true", "@ref": "scopus-citedby", "@href": "https://www.scopus.com/inward/citedby.uri?partnerID=HzOxMe3b&scp=0023822616&origin=inward"}],"prism:url":"https://api.elsevier.com/content/abstract/scopus_id/0023822616","dc:identifier":"SCOPUS_ID:0023822616","eid":"2-s2.0-0023822616","dc:title":"Suicidal behaviour, social networks and psychiatric diagnosis","dc:creator":"Hart E.","prism:publicationName":"Social Psychiatry and Psychiatric Epidemiology","prism:issn":"09337954","prism:eIssn":"14339285","prism:volume":"23","prism:issueIdentifier":"4","prism:pageRange":"222-228","prism:coverDate":"1988-12-01","prism:coverDisplayDate":"December 1988","prism:doi":"10.1007/BF01787821","citedby-count":"21","affiliation": [{"@_fa": "true", "affilname":"University of Tasmania","affiliation-city":"Hobart","affiliation-country":"Australia"}],"pubmed-id":"3149025","prism:aggregationType":"Journal","subtype":"ar","subtypeDescription":"Article","source-id":"19841","openaccess":"0","openaccessFlag":false},{"@_fa": "true", "link": [{"@_fa": "true", "@ref": "self", "@href": "https://api.elsevier.com/content/abstract/scopus_id/55249119186"},{"@_fa": "true", "@ref": "author-affiliation", "@href": "https://api.elsevier.com/content/abstract/scopus_id/55249119186?field=author,affiliation"},{"@_fa": "true", "@ref": "scopus", "@href": "https://www.scopus.com/inward/record.uri?partnerID=HzOxMe3b&scp=55249119186&origin=inward"},{"@_fa": "true", "@ref": "scopus-citedby", "@href": "https://www.scopus.com/inward/citedby.uri?partnerID=HzOxMe3b&scp=55249119186&origin=inward"}],"prism:url":"https://api.elsevier.com/content/abstract/scopus_id/55249119186","dc:identifier":"SCOPUS_ID:55249119186","eid":"2-s2.0-55249119186","dc:title":"An analysis of research communication patterns in image engineering","dc:creator":"Abe E.","prism:publicationName":"Library and Information Science","prism:issn":"03734447","prism:volume":"1988","prism:issueIdentifier":"26","prism:pageRange":"127-146","prism:coverDate":"1988-12-01","prism:coverDisplayDate":"1988","citedby-count":"0","affiliation": [{"@_fa": "true", "affilname":"International Development Center of Japan","affiliation-city":"Tokyo","affiliation-country":"Japan"}],"prism:aggregationType":"Journal","subtype":"ar","subtypeDescription":"Article","source-id":"13970","openaccess":"0","openaccessFlag":false},{"@_fa": "true", "link": [{"@_fa": "true", "@ref": "self", "@href": "https://api.elsevier.com/content/abstract/scopus_id/34250097279"},{"@_fa": "true", "@ref": "author-affiliation", "@href": "https://api.elsevier.com/content/abstract/scopus_id/34250097279?field=author,affiliation"},{"@_fa": "true", "@ref": "scopus", "@href": "https://www.scopus.com/inward/record.uri?partnerID=HzOxMe3b&scp=34250097279&origin=inward"},{"@_fa": "true", "@ref": "scopus-citedby", "@href": "https://www.scopus.com/inward/citedby.uri?partnerID=HzOxMe3b&scp=34250097279&origin=inward"}],"prism:url":"https://api.elsevier.com/content/abstract/scopus_id/34250097279","dc:identifier":"SCOPUS_ID:34250097279","eid":"2-s2.0-34250097279","dc:title":"The \"pupil-as-scientist\" metaphor in science education","dc:creator":"Gauld C.","prism:publicationName":"Research in Science Education","prism:issn":"0157244X","prism:eIssn":"15731898","prism:volume":"18","prism:issueIdentifier":"1","prism:pageRange":"35-41","prism:coverDate":"1988-12-01","prism:coverDisplayDate":"December 1988","prism:doi":"10.1007/BF02356578","citedby-count":"2","prism:aggregationType":"Journal","subtype":"ar","subtypeDescription":"Article","source-id":"97030","openaccess":"0","openaccessFlag":false},{"@_fa": "true", "link": [{"@_fa": "true", "@ref": "self", "@href": "https://api.elsevier.com/content/abstract/scopus_id/0024264309"},{"@_fa": "true", "@ref": "author-affiliation", "@href": "https://api.elsevier.com/content/abstract/scopus_id/0024264309?field=author,affiliation"},{"@_fa": "true", "@ref": "scopus", "@href": "https://www.scopus.com/inward/record.uri?partnerID=HzOxMe3b&scp=0024264309&origin=inward"},{"@_fa": "true", "@ref": "scopus-citedby", "@href": "https://www.scopus.com/inward/citedby.uri?partnerID=HzOxMe3b&scp=0024264309&origin=inward"}],"prism:url":"https://api.elsevier.com/content/abstract/scopus_id/0024264309","dc:identifier":"SCOPUS_ID:0024264309","eid":"2-s2.0-0024264309","dc:title":"Assessing support networks: Stability and evidence for convergent and divergent validity","dc:creator":"Jennings K.","prism:publicationName":"American Journal of Community Psychology","prism:issn":"00910562","prism:eIssn":"15732770","prism:volume":"16","prism:issueIdentifier":"6","prism:pageRange":"793-809","prism:coverDate":"1988-12-01","prism:coverDisplayDate":"December 1988","prism:doi":"10.1007/BF00930893","citedby-count":"12","affiliation": [{"@_fa": "true", "affilname":"University of Pittsburgh","affiliation-city":"Pittsburgh","affiliation-country":"United States"}],"pubmed-id":"2975922","prism:aggregationType":"Journal","subtype":"ar","subtypeDescription":"Article","source-id":"16925","openaccess":"0","openaccessFlag":false},{"@_fa": "true", "link": [{"@_fa": "true", "@ref": "self", "@href": "https://api.elsevier.com/content/abstract/scopus_id/77949903231"},{"@_fa": "true", "@ref": "author-affiliation", "@href": "https://api.elsevier.com/content/abstract/scopus_id/77949903231?field=author,affiliation"},{"@_fa": "true", "@ref": "scopus", "@href": "https://www.scopus.com/inward/record.uri?partnerID=HzOxMe3b&scp=77949903231&origin=inward"},{"@_fa": "true", "@ref": "scopus-citedby", "@href": "https://www.scopus.com/inward/citedby.uri?partnerID=HzOxMe3b&scp=77949903231&origin=inward"}],"prism:url":"https://api.elsevier.com/content/abstract/scopus_id/77949903231","dc:identifier":"SCOPUS_ID:77949903231","eid":"2-s2.0-77949903231","dc:title":"The national coordinated cataloging program","dc:creator":"Avram H.","prism:publicationName":"Library Resources and Technical Services","prism:issn":"00242527","prism:volume":"32","prism:issueIdentifier":"2","prism:pageRange":"111","prism:coverDate":"1988-12-01","prism:coverDisplayDate":"1988","citedby-count":"6","prism:aggregationType":"Journal","subtype":"ar","subtypeDescription":"Article","source-id":"98245","openaccess":"0","openaccessFlag":false},{"@_fa": "true", "link": [{"@_fa": "true", "@ref": "self", "@href": "https://api.elsevier.com/content/abstract/scopus_id/0042045305"},{"@_fa": "true", "@ref": "author-affiliation", "@href": "https://api.elsevier.com/content/abstract/scopus_id/0042045305?field=author,affiliation"},{"@_fa": "true", "@ref": "scopus", "@href": "https://www.scopus.com/inward/record.uri?partnerID=HzOxMe3b&scp=0042045305&origin=inward"},{"@_fa": "true", "@ref": "scopus-citedby", "@href": "https://www.scopus.com/inward/citedby.uri?partnerID=HzOxMe3b&scp=0042045305&origin=inward"}],"prism:url":"https://api.elsevier.com/content/abstract/scopus_id/0042045305","dc:identifier":"SCOPUS_ID:0042045305","eid":"2-s2.0-0042045305","dc:title":"Ideology and reality: Representation and participation in local service management evaluating the case of the israeli community service centre-matnas","dc:creator":"Yanay U.","prism:publicationName":"British Journal of Social Work","prism:issn":"00453102","prism:volume":"18","prism:issueIdentifier":"1","prism:pageRange":"43-56","prism:coverDate":"1988-12-01","prism:coverDisplayDate":"1988","citedby-count":"6","affiliation": [{"@_fa": "true", "affilname":"Hebrew University of Jerusalem","affiliation-city":"Jerusalem","affiliation-country":"Israel"}],"prism:aggregationType":"Journal","subtype":"ar","subtypeDescription":"Article","source-id":"28710","openaccess":"0","openaccessFlag":false},{"@_fa": "true", "link": [{"@_fa": "true", "@ref": "self", "@href": "https://api.elsevier.com/content/abstract/scopus_id/0024126657"},{"@_fa": "true", "@ref": "author-affiliation", "@href": "https://api.elsevier.com/content/abstract/scopus_id/0024126657?field=author,affiliation"},{"@_fa": "true", "@ref": "scopus", "@href": "https://www.scopus.com/inward/record.uri?partnerID=HzOxMe3b&scp=0024126657&origin=inward"},{"@_fa": "true", "@ref": "scopus-citedby", "@href": "https://www.scopus.com/inward/citedby.uri?partnerID=HzOxMe3b&scp=0024126657&origin=inward"}],"prism:url":"https://api.elsevier.com/content/abstract/scopus_id/0024126657","dc:identifier":"SCOPUS_ID:0024126657","eid":"2-s2.0-0024126657","dc:title":"Gaining a lead in tomorrow's physical distribution in Great Britian","dc:creator":"Judd S.","prism:publicationName":"Rail International","prism:issn":"00208442","prism:volume":"19","prism:issueIdentifier":"12","prism:pageRange":"39-43","prism:coverDate":"1988-12-01","prism:coverDisplayDate":"December 1988","citedby-count":"0","prism:aggregationType":"Journal","subtype":"ar","subtypeDescription":"Article","source-id":"25683","openaccess":"0","openaccessFlag":false},{"@_fa": "true", "link": [{"@_fa": "true", "@ref": "self", "@href": "https://api.elsevier.com/content/abstract/scopus_id/0024261862"},{"@_fa": "true", "@ref": "author-affiliation", "@href": "https://api.elsevier.com/content/abstract/scopus_id/0024261862?field=author,affiliation"},{"@_fa": "true", "@ref": "scopus", "@href": "https://www.scopus.com/inward/record.uri?partnerID=HzOxMe3b&scp=0024261862&origin=inward"},{"@_fa": "true", "@ref": "scopus-citedby", "@href": "https://www.scopus.com/inward/citedby.uri?partnerID=HzOxMe3b&scp=0024261862&origin=inward"}],"prism:url":"https://api.elsevier.com/content/abstract/scopus_id/0024261862","dc:identifier":"SCOPUS_ID:0024261862","eid":"2-s2.0-0024261862","dc:title":"Mixed strategies in health education and community participation: An evaluation of dengue control in the dominican republic","dc:creator":"J.Gordon A.","prism:publicationName":"Health Education Research","prism:issn":"02681153","prism:volume":"3","prism:issueIdentifier":"4","prism:pageRange":"399-420","prism:coverDate":"1988-12-01","prism:coverDisplayDate":"December 1988","prism:doi":"10.1093/her/3.4.399","citedby-count":"14","affiliation": [{"@_fa": "true", "affilname":"University of South Carolina","affiliation-city":"Columbia","affiliation-country":"United States"}],"prism:aggregationType":"Journal","subtype":"ar","subtypeDescription":"Article","source-id":"29615","openaccess":"0","openaccessFlag":false},{"@_fa": "true", "link": [{"@_fa": "true", "@ref": "self", "@href": "https://api.elsevier.com/content/abstract/scopus_id/0023752267"},{"@_fa": "true", "@ref": "author-affiliation", "@href": "https://api.elsevier.com/content/abstract/scopus_id/0023752267?field=author,affiliation"},{"@_fa": "true", "@ref": "scopus", "@href": "https://www.scopus.com/inward/record.uri?partnerID=HzOxMe3b&scp=0023752267&origin=inward"},{"@_fa": "true", "@ref": "scopus-citedby", "@href": "https://www.scopus.com/inward/citedby.uri?partnerID=HzOxMe3b&scp=0023752267&origin=inward"}],"prism:url":"https://api.elsevier.com/content/abstract/scopus_id/0023752267","dc:identifier":"SCOPUS_ID:0023752267","eid":"2-s2.0-0023752267","dc:title":"Measuring health resources, health action and dimensions of health: A review of the berne workshop discussions","dc:creator":"Spuhler T.","prism:publicationName":"Health Promotion International","prism:issn":"09574824","prism:volume":"3","prism:issueIdentifier":"1","prism:pageRange":"111-116","prism:coverDate":"1988-12-01","prism:coverDisplayDate":"1988","prism:doi":"10.1093/heapro/3.1.111","citedby-count":"2","affiliation": [{"@_fa": "true", "affilname":"Swiss Federal Statistical Office","affiliation-city":"Bern","affiliation-country":"Switzerland"}],"prism:aggregationType":"Journal","subtype":"ar","subtypeDescription":"Article","source-id":"21312","openaccess":"0","openaccessFlag":false},{"@_fa": "true", "link": [{"@_fa": "true", "@ref": "self", "@href": "https://api.elsevier.com/content/abstract/scopus_id/0023742997"},{"@_fa": "true", "@ref": "author-affiliation", "@href": "https://api.elsevier.com/content/abstract/scopus_id/0023742997?field=author,affiliation"},{"@_fa": "true", "@ref": "scopus", "@href": "https://www.scopus.com/inward/record.uri?partnerID=HzOxMe3b&scp=0023742997&origin=inward"},{"@_fa": "true", "@ref": "scopus-citedby", "@href": "https://www.scopus.com/inward/citedby.uri?partnerID=HzOxMe3b&scp=0023742997&origin=inward"}],"prism:url":"https://api.elsevier.com/content/abstract/scopus_id/0023742997","dc:identifier":"SCOPUS_ID:0023742997","eid":"2-s2.0-0023742997","dc:title":"Paranoid pseudocommunity beliefs in a sect milieu","dc:creator":"Myers P.","prism:publicationName":"Social Psychiatry and Psychiatric Epidemiology","prism:issn":"09337954","prism:eIssn":"14339285","prism:volume":"23","prism:issueIdentifier":"4","prism:pageRange":"252-255","prism:coverDate":"1988-12-01","prism:coverDisplayDate":"December 1988","prism:doi":"10.1007/BF01787827","citedby-count":"4","affiliation": [{"@_fa": "true", "affilname":"Essex County College","affiliation-city":"Newark","affiliation-country":"United States"}],"pubmed-id":"3149030","prism:aggregationType":"Journal","subtype":"ar","subtypeDescription":"Article","source-id":"19841","openaccess":"0","openaccessFlag":false},{"@_fa": "true", "link": [{"@_fa": "true", "@ref": "self", "@href": "https://api.elsevier.com/content/abstract/scopus_id/0024255956"},{"@_fa": "true", "@ref": "author-affiliation", "@href": "https://api.elsevier.com/content/abstract/scopus_id/0024255956?field=author,affiliation"},{"@_fa": "true", "@ref": "scopus", "@href": "https://www.scopus.com/inward/record.uri?partnerID=HzOxMe3b&scp=0024255956&origin=inward"},{"@_fa": "true", "@ref": "scopus-citedby", "@href": "https://www.scopus.com/inward/citedby.uri?partnerID=HzOxMe3b&scp=0024255956&origin=inward"}],"prism:url":"https://api.elsevier.com/content/abstract/scopus_id/0024255956","dc:identifier":"SCOPUS_ID:0024255956","eid":"2-s2.0-0024255956","dc:title":"Marketing oral rehydration solution in rural haiti","dc:creator":"Cayemittes M.","prism:publicationName":"Health Education Research","prism:issn":"02681153","prism:volume":"3","prism:issueIdentifier":"4","prism:pageRange":"421-428","prism:coverDate":"1988-12-01","prism:coverDisplayDate":"December 1988","prism:doi":"10.1093/her/3.4.421","citedby-count":"1","affiliation": [{"@_fa": "true", "affilname":"Haitian Institute of Child Health","affiliation-city":null,"affiliation-country":"Haiti"}],"prism:aggregationType":"Journal","subtype":"ar","subtypeDescription":"Article","source-id":"29615","openaccess":"0","openaccessFlag":false},{"@_fa": "true", "link": [{"@_fa": "true", "@ref": "self", "@href": "https://api.elsevier.com/content/abstract/scopus_id/0024219317"},{"@_fa": "true", "@ref": "author-affiliation", "@href": "https://api.elsevier.com/content/abstract/scopus_id/0024219317?field=author,affiliation"},{"@_fa": "true", "@ref": "scopus", "@href": "https://www.scopus.com/inward/record.uri?partnerID=HzOxMe3b&scp=0024219317&origin=inward"},{"@_fa": "true", "@ref": "scopus-citedby", "@href": "https://www.scopus.com/inward/citedby.uri?partnerID=HzOxMe3b&scp=0024219317&origin=inward"}],"prism:url":"https://api.elsevier.com/content/abstract/scopus_id/0024219317","dc:identifier":"SCOPUS_ID:0024219317","eid":"2-s2.0-0024219317","dc:title":"Geomorphological findings on the build-up of pleistocene glaciation in Southern Tibet and on the problem of inland ice - - Results of the Shisha Pangma and Mt. Everest expedition 1984","dc:creator":"Kuhle M.","prism:publicationName":"GeoJournal","prism:issn":"03432521","prism:eIssn":"15729893","prism:volume":"17","prism:issueIdentifier":"4","prism:pageRange":"457-511","prism:coverDate":"1988-12-01","prism:coverDisplayDate":"December 1988","prism:doi":"10.1007/BF00209438","citedby-count":"62","prism:aggregationType":"Journal","subtype":"ar","subtypeDescription":"Article","source-id":"28772","openaccess":"0","openaccessFlag":false},{"@_fa": "true", "link": [{"@_fa": "true", "@ref": "self", "@href": "https://api.elsevier.com/content/abstract/scopus_id/0024266520"},{"@_fa": "true", "@ref": "author-affiliation", "@href": "https://api.elsevier.com/content/abstract/scopus_id/0024266520?field=author,affiliation"},{"@_fa": "true", "@ref": "scopus", "@href": "https://www.scopus.com/inward/record.uri?partnerID=HzOxMe3b&scp=0024266520&origin=inward"},{"@_fa": "true", "@ref": "scopus-citedby", "@href": "https://www.scopus.com/inward/citedby.uri?partnerID=HzOxMe3b&scp=0024266520&origin=inward"}],"prism:url":"https://api.elsevier.com/content/abstract/scopus_id/0024266520","dc:identifier":"SCOPUS_ID:0024266520","eid":"2-s2.0-0024266520","dc:title":"High tech-high touch: The self-care group and the healing process","dc:creator":"James R.","prism:publicationName":"Health Promotion International","prism:issn":"09574824","prism:volume":"3","prism:issueIdentifier":"3","prism:pageRange":"269-276","prism:coverDate":"1988-12-01","prism:coverDisplayDate":"1988","prism:doi":"10.1093/heapro/3.3.269","citedby-count":"4","affiliation": [{"@_fa": "true", "affilname":"NSW Health","affiliation-city":null,"affiliation-country":"Australia"}],"prism:aggregationType":"Journal","subtype":"ar","subtypeDescription":"Article","source-id":"21312","openaccess":"0","openaccessFlag":false}]}}