{"search-results":{"opensearch:totalResults":"167","opensearch:startIndex":"0","opensearch:itemsPerPage":"25","opensearch:Query":{"@role": "request", "@searchTerms": "TITLE-ABS-KEY(\"network\") AND SUBJAREA(SOCI) AND PUBYEAR = 1976", "@startPage": "0"},"link": [{"@_fa": "true", "@ref": "self", "@href": "https://api.elsevier.com/content/search/scopus?start=0&count=25&query=TITLE-ABS-KEY%28%22network%22%29+AND+SUBJAREA%28SOCI%29+AND+PUBYEAR+%3D+1976&apiKey=27d953b4b546791964ebeb768d13e61f&view=STANDARD", "@type": "application/json"},{"@_fa": "true", "@ref": "first", "@href": "https://api.elsevier.com/content/search/scopus?start=0&count=25&query=TITLE-ABS-KEY%28%22network%22%29+AND+SUBJAREA%28SOCI%29+AND+PUBYEAR+%3D+1976&apiKey=27d953b4b546791964ebeb768d13e61f&view=STANDARD", "@type": "application/json"},{"@_fa": "true", "@ref": "next", "@href": "https://api.elsevier.com/content/search/scopus?start=25&count=25&query=TITLE-ABS-KEY%28%22network%22%29+AND+SUBJAREA%28SOCI%29+AND+PUBYEAR+%3D+1976&apiKey=27d953b4b546791964ebeb768d13e61f&view=STANDARD", "@type": "application/json"},{"@_fa": "true", "@ref": "last", "@href": "https://api.elsevier.com/content/search/scopus?start=142&count=25&query=TITLE-ABS-KEY%28%22network%22%29+AND+SUBJAREA%28SOCI%29+AND+PUBYEAR+%3D+1976&apiKey=27d953b4b546791964ebeb768d13e61f&view=STANDARD", "@type": "application/json"}],"entry": [{"@_fa": "true", "link": [{"@_fa": "true", "@ref": "self", "@href": "https://api.elsevier.com/content/abstract/scopus_id/0008307354"},{"@_fa": "true", "@ref": "author-affiliation", "@href": "https://api.elsevier.com/content/abstract/scopus_id/0008307354?field=author,affiliation"},{"@_fa": "true", "@ref": "scopus", "@href": "https://www.scopus.com/inward/record.uri?partnerID=HzOxMe3b&scp=0008307354&origin=inward"},{"@_fa": "true", "@ref": "scopus-citedby", "@href": "https://www.scopus.com/inward/citedby.uri?partnerID=HzOxMe3b&scp=0008307354&origin=inward"}],"prism:url":"https://api.elsevier.com/content/abstract/scopus_id/0008307354","dc:identifier":"SCOPUS_ID:0008307354","eid":"2-s2.0-0008307354","dc:title":"Accessibility Indices for Abstract Road Networks","dc:creator":"Kirby H.","prism:publicationName":"Regional Studies","prism:issn":"00343404","prism:eIssn":"13600591","prism:volume":"10","prism:issueIdentifier":"4","prism:pageRange":"479-482","prism:coverDate":"1976-12-01","prism:coverDisplayDate":"1 December 1976","prism:doi":"10.1080/09595237600185491","citedby-count":"7","affiliation": [{"@_fa": "true", "affilname":"UCL","affiliation-city":"London","affiliation-country":"United Kingdom"}],"prism:aggregationType":"Journal","subtype":"ar","subtypeDescription":"Article","source-id":"15143","openaccess":"0","openaccessFlag":false},{"@_fa": "true", "link": [{"@_fa": "true", "@ref": "self", "@href": "https://api.elsevier.com/content/abstract/scopus_id/51649187282"},{"@_fa": "true", "@ref": "author-affiliation", "@href": "https://api.elsevier.com/content/abstract/scopus_id/51649187282?field=author,affiliation"},{"@_fa": "true", "@ref": "scopus", "@href": "https://www.scopus.com/inward/record.uri?partnerID=HzOxMe3b&scp=51649187282&origin=inward"},{"@_fa": "true", "@ref": "scopus-citedby", "@href": "https://www.scopus.com/inward/citedby.uri?partnerID=HzOxMe3b&scp=51649187282&origin=inward"}],"prism:url":"https://api.elsevier.com/content/abstract/scopus_id/51649187282","dc:identifier":"SCOPUS_ID:51649187282","eid":"2-s2.0-51649187282","dc:title":"Multivariable implications of an instructional innovation1","dc:creator":"Fraley L.","prism:publicationName":"Audio-Visual Communication Review","prism:issn":"01485806","prism:eIssn":"15566501","prism:volume":"24","prism:issueIdentifier":"4","prism:pageRange":"391-400","prism:coverDate":"1976-12-01","prism:coverDisplayDate":"December 1976","prism:doi":"10.1007/BF02770053","citedby-count":"0","prism:aggregationType":"Journal","subtype":"ar","subtypeDescription":"Article","source-id":"15300154813","openaccess":"0","openaccessFlag":false},{"@_fa": "true", "link": [{"@_fa": "true", "@ref": "self", "@href": "https://api.elsevier.com/content/abstract/scopus_id/0017050055"},{"@_fa": "true", "@ref": "author-affiliation", "@href": "https://api.elsevier.com/content/abstract/scopus_id/0017050055?field=author,affiliation"},{"@_fa": "true", "@ref": "scopus", "@href": "https://www.scopus.com/inward/record.uri?partnerID=HzOxMe3b&scp=0017050055&origin=inward"},{"@_fa": "true", "@ref": "scopus-citedby", "@href": "https://www.scopus.com/inward/citedby.uri?partnerID=HzOxMe3b&scp=0017050055&origin=inward"}],"prism:url":"https://api.elsevier.com/content/abstract/scopus_id/0017050055","dc:identifier":"SCOPUS_ID:0017050055","eid":"2-s2.0-0017050055","dc:title":"On a shoestring: A consumer-based source of personpower for mental health education","dc:creator":"Signell K.","prism:publicationName":"Community Mental Health Journal","prism:issn":"00103853","prism:eIssn":"15732789","prism:volume":"12","prism:issueIdentifier":"4","prism:pageRange":"342-354","prism:coverDate":"1976-12-01","prism:coverDisplayDate":"December 1976","prism:doi":"10.1007/BF01411073","citedby-count":"3","pubmed-id":"187371","prism:aggregationType":"Journal","subtype":"ar","subtypeDescription":"Article","source-id":"29291","openaccess":"0","openaccessFlag":false},{"@_fa": "true", "link": [{"@_fa": "true", "@ref": "self", "@href": "https://api.elsevier.com/content/abstract/scopus_id/0017244757"},{"@_fa": "true", "@ref": "author-affiliation", "@href": "https://api.elsevier.com/content/abstract/scopus_id/0017244757?field=author,affiliation"},{"@_fa": "true", "@ref": "scopus", "@href": "https://www.scopus.com/inward/record.uri?partnerID=HzOxMe3b&scp=0017244757&origin=inward"},{"@_fa": "true", "@ref": "scopus-citedby", "@href": "https://www.scopus.com/inward/citedby.uri?partnerID=HzOxMe3b&scp=0017244757&origin=inward"}],"prism:url":"https://api.elsevier.com/content/abstract/scopus_id/0017244757","dc:identifier":"SCOPUS_ID:0017244757","eid":"2-s2.0-0017244757","dc:title":"Locating and sizing park-ride lots with interactive computer graphs","dc:creator":"Schneider J.","prism:publicationName":"Transportation","prism:issn":"00494488","prism:eIssn":"15729435","prism:volume":"5","prism:issueIdentifier":"4","prism:pageRange":"389-406","prism:coverDate":"1976-12-01","prism:coverDisplayDate":"December 1976","prism:doi":"10.1007/BF00151099","citedby-count":"10","affiliation": [{"@_fa": "true", "affilname":"University of Washington, Seattle","affiliation-city":"Seattle","affiliation-country":"United States"}],"prism:aggregationType":"Journal","subtype":"ar","subtypeDescription":"Article","source-id":"20864","openaccess":"0","openaccessFlag":false},{"@_fa": "true", "link": [{"@_fa": "true", "@ref": "self", "@href": "https://api.elsevier.com/content/abstract/scopus_id/0017060515"},{"@_fa": "true", "@ref": "author-affiliation", "@href": "https://api.elsevier.com/content/abstract/scopus_id/0017060515?field=author,affiliation"},{"@_fa": "true", "@ref": "scopus", "@href": "https://www.scopus.com/inward/record.uri?partnerID=HzOxMe3b&scp=0017060515&origin=inward"},{"@_fa": "true", "@ref": "scopus-citedby", "@href": "https://www.scopus.com/inward/citedby.uri?partnerID=HzOxMe3b&scp=0017060515&origin=inward"}],"prism:url":"https://api.elsevier.com/content/abstract/scopus_id/0017060515","dc:identifier":"SCOPUS_ID:0017060515","eid":"2-s2.0-0017060515","dc:title":"A social systems model of hospital utilization","dc:creator":"Anderson J.","prism:publicationName":"Health Services Research","prism:issn":"00179124","prism:volume":"11","prism:issueIdentifier":"3","prism:pageRange":"271-287","prism:coverDate":"1976-12-01","prism:coverDisplayDate":"1976","citedby-count":"10","pubmed-id":"1017949","prism:aggregationType":"Journal","subtype":"ar","subtypeDescription":"Article","source-id":"13408","openaccess":"0","openaccessFlag":false},{"@_fa": "true", "link": [{"@_fa": "true", "@ref": "self", "@href": "https://api.elsevier.com/content/abstract/scopus_id/85032570662"},{"@_fa": "true", "@ref": "author-affiliation", "@href": "https://api.elsevier.com/content/abstract/scopus_id/85032570662?field=author,affiliation"},{"@_fa": "true", "@ref": "scopus", "@href": "https://www.scopus.com/inward/record.uri?partnerID=HzOxMe3b&scp=85032570662&origin=inward"},{"@_fa": "true", "@ref": "scopus-citedby", "@href": "https://www.scopus.com/inward/citedby.uri?partnerID=HzOxMe3b&scp=85032570662&origin=inward"}],"prism:url":"https://api.elsevier.com/content/abstract/scopus_id/85032570662","dc:identifier":"SCOPUS_ID:85032570662","eid":"2-s2.0-85032570662","dc:title":"A user oriented educational computing network","dc:creator":"Lewis J.","prism:publicationName":"Proceedings ACM SIGUCCS User Services Conference","prism:volume":"Part F130840","prism:pageRange":"125-126","prism:coverDate":"1976-11-07","prism:coverDisplayDate":"7 November 1976","prism:doi":"10.1145/584296.584347","citedby-count":"0","affiliation": [{"@_fa": "true", "affilname":"Jackson State University","affiliation-city":"Jackson","affiliation-country":"United States"}],"prism:aggregationType":"Conference Proceeding","subtype":"cp","subtypeDescription":"Conference Paper","source-id":"21100835868","openaccess":"0","openaccessFlag":false},{"@_fa": "true", "link": [{"@_fa": "true", "@ref": "self", "@href": "https://api.elsevier.com/content/abstract/scopus_id/84945849458"},{"@_fa": "true", "@ref": "author-affiliation", "@href": "https://api.elsevier.com/content/abstract/scopus_id/84945849458?field=author,affiliation"},{"@_fa": "true", "@ref": "scopus", "@href": "https://www.scopus.com/inward/record.uri?partnerID=HzOxMe3b&scp=84945849458&origin=inward"},{"@_fa": "true", "@ref": "scopus-citedby", "@href": "https://www.scopus.com/inward/citedby.uri?partnerID=HzOxMe3b&scp=84945849458&origin=inward"}],"prism:url":"https://api.elsevier.com/content/abstract/scopus_id/84945849458","dc:identifier":"SCOPUS_ID:84945849458","eid":"2-s2.0-84945849458","dc:title":"A Network for Educational Research and Training in Spain","prism:publicationName":"Higher Education in Europe","prism:issn":"03797724","prism:eIssn":"14698358","prism:volume":"1","prism:issueIdentifier":"6","prism:pageRange":"21-22","prism:coverDate":"1976-11-01","prism:coverDisplayDate":"1 November 1976","prism:doi":"10.1080/0379772760010612","citedby-count":"0","prism:aggregationType":"Journal","subtype":"ar","subtypeDescription":"Article","source-id":"200147132","openaccess":"0","openaccessFlag":false},{"@_fa": "true", "link": [{"@_fa": "true", "@ref": "self", "@href": "https://api.elsevier.com/content/abstract/scopus_id/40749146581"},{"@_fa": "true", "@ref": "author-affiliation", "@href": "https://api.elsevier.com/content/abstract/scopus_id/40749146581?field=author,affiliation"},{"@_fa": "true", "@ref": "scopus", "@href": "https://www.scopus.com/inward/record.uri?partnerID=HzOxMe3b&scp=40749146581&origin=inward"},{"@_fa": "true", "@ref": "scopus-citedby", "@href": "https://www.scopus.com/inward/citedby.uri?partnerID=HzOxMe3b&scp=40749146581&origin=inward"}],"prism:url":"https://api.elsevier.com/content/abstract/scopus_id/40749146581","dc:identifier":"SCOPUS_ID:40749146581","eid":"2-s2.0-40749146581","dc:title":"The distribution of community information: The role of the computer and computer-based networks","dc:creator":"Tague J.","prism:publicationName":"Aslib Proceedings","prism:issn":"0001253X","prism:volume":"28","prism:issueIdentifier":"9","prism:pageRange":"314-321","prism:coverDate":"1976-09-01","prism:coverDisplayDate":"1 September 1976","prism:doi":"10.1108/eb050567","citedby-count":"3","affiliation": [{"@_fa": "true", "affilname":"Western University","affiliation-city":"London","affiliation-country":"Canada"},{"@_fa": "true", "affilname":"Information Systems and Services","affiliation-city":"London","affiliation-country":"Canada"}],"prism:aggregationType":"Conference Proceeding","subtype":"re","subtypeDescription":"Review","source-id":"12804","openaccess":"0","openaccessFlag":false},{"@_fa": "true", "link": [{"@_fa": "true", "@ref": "self", "@href": "https://api.elsevier.com/content/abstract/scopus_id/85033460832"},{"@_fa": "true", "@ref": "author-affiliation", "@href": "https://api.elsevier.com/content/abstract/scopus_id/85033460832?field=author,affiliation"},{"@_fa": "true", "@ref": "scopus", "@href": "https://www.scopus.com/inward/record.uri?partnerID=HzOxMe3b&scp=85033460832&origin=inward"},{"@_fa": "true", "@ref": "scopus-citedby", "@href": "https://www.scopus.com/inward/citedby.uri?partnerID=HzOxMe3b&scp=85033460832&origin=inward"}],"prism:url":"https://api.elsevier.com/content/abstract/scopus_id/85033460832","dc:identifier":"SCOPUS_ID:85033460832","eid":"2-s2.0-85033460832","dc:title":"An alternative to Curriculum 68","dc:creator":"Dumas R.","prism:publicationName":"Proceedings of the 6th SIGCSE Technical Symposium on Computer Science Education, SIGCSE 1976","prism:pageRange":"5-11","prism:coverDate":"1976-09-01","prism:coverDisplayDate":"1 September 1976","prism:doi":"10.1145/800144.804746","citedby-count":"0","affiliation": [{"@_fa": "true", "affilname":"Michigan State University","affiliation-city":"East Lansing","affiliation-country":"United States"}],"prism:aggregationType":"Conference Proceeding","subtype":"cp","subtypeDescription":"Conference Paper","source-id":"21100836857","openaccess":"0","openaccessFlag":false},{"@_fa": "true", "link": [{"@_fa": "true", "@ref": "self", "@href": "https://api.elsevier.com/content/abstract/scopus_id/18244406725"},{"@_fa": "true", "@ref": "author-affiliation", "@href": "https://api.elsevier.com/content/abstract/scopus_id/18244406725?field=author,affiliation"},{"@_fa": "true", "@ref": "scopus", "@href": "https://www.scopus.com/inward/record.uri?partnerID=HzOxMe3b&scp=18244406725&origin=inward"},{"@_fa": "true", "@ref": "scopus-citedby", "@href": "https://www.scopus.com/inward/citedby.uri?partnerID=HzOxMe3b&scp=18244406725&origin=inward"}],"prism:url":"https://api.elsevier.com/content/abstract/scopus_id/18244406725","dc:identifier":"SCOPUS_ID:18244406725","eid":"2-s2.0-18244406725","dc:title":"The Changing System of Chinese Cities","dc:creator":"Chang S.","prism:publicationName":"Annals of the Association of American Geographers","prism:issn":"00045608","prism:eIssn":"14678306","prism:volume":"66","prism:issueIdentifier":"3","prism:pageRange":"398-415","prism:coverDate":"1976-09-01","prism:coverDisplayDate":"1 September 1976","prism:doi":"10.1111/j.1467-8306.1976.tb01097.x","citedby-count":"14","affiliation": [{"@_fa": "true", "affilname":"University of Hawaii at Manoa Honolulu","affiliation-city":null,"affiliation-country":"Bhutan"}],"prism:aggregationType":"Journal","subtype":"ar","subtypeDescription":"Article","source-id":"27492","openaccess":"0","openaccessFlag":false},{"@_fa": "true", "link": [{"@_fa": "true", "@ref": "self", "@href": "https://api.elsevier.com/content/abstract/scopus_id/0016994610"},{"@_fa": "true", "@ref": "author-affiliation", "@href": "https://api.elsevier.com/content/abstract/scopus_id/0016994610?field=author,affiliation"},{"@_fa": "true", "@ref": "scopus", "@href": "https://www.scopus.com/inward/record.uri?partnerID=HzOxMe3b&scp=0016994610&origin=inward"},{"@_fa": "true", "@ref": "scopus-citedby", "@href": "https://www.scopus.com/inward/citedby.uri?partnerID=HzOxMe3b&scp=0016994610&origin=inward"}],"prism:url":"https://api.elsevier.com/content/abstract/scopus_id/0016994610","dc:identifier":"SCOPUS_ID:0016994610","eid":"2-s2.0-0016994610","dc:title":"Tree-building with complex cost structures - A new algorithm for incorporation into transport demand models","dc:creator":"Bonsall P.","prism:publicationName":"Transportation","prism:issn":"00494488","prism:eIssn":"15729435","prism:volume":"5","prism:issueIdentifier":"3","prism:pageRange":"309-329","prism:coverDate":"1976-09-01","prism:coverDisplayDate":"September 1976","prism:doi":"10.1007/BF00148381","citedby-count":"1","prism:aggregationType":"Journal","subtype":"ar","subtypeDescription":"Article","source-id":"20864","openaccess":"0","openaccessFlag":false},{"@_fa": "true", "link": [{"@_fa": "true", "@ref": "self", "@href": "https://api.elsevier.com/content/abstract/scopus_id/0347492241"},{"@_fa": "true", "@ref": "author-affiliation", "@href": "https://api.elsevier.com/content/abstract/scopus_id/0347492241?field=author,affiliation"},{"@_fa": "true", "@ref": "scopus", "@href": "https://www.scopus.com/inward/record.uri?partnerID=HzOxMe3b&scp=0347492241&origin=inward"},{"@_fa": "true", "@ref": "scopus-citedby", "@href": "https://www.scopus.com/inward/citedby.uri?partnerID=HzOxMe3b&scp=0347492241&origin=inward"}],"prism:url":"https://api.elsevier.com/content/abstract/scopus_id/0347492241","dc:identifier":"SCOPUS_ID:0347492241","eid":"2-s2.0-0347492241","dc:title":"Coalition formation in small groups with incomplete communication networks","dc:creator":"Pool J.","prism:publicationName":"Journal of Personality and Social Psychology","prism:issn":"00223514","prism:volume":"34","prism:issueIdentifier":"1","prism:pageRange":"82-91","prism:coverDate":"1976-07-01","prism:coverDisplayDate":"July 1976","prism:doi":"10.1037/0022-3514.34.1.82","pii":"S002235140761245X","citedby-count":"10","prism:aggregationType":"Journal","subtype":"ar","subtypeDescription":"Article","source-id":"30039","openaccess":"0","openaccessFlag":false},{"@_fa": "true", "link": [{"@_fa": "true", "@ref": "self", "@href": "https://api.elsevier.com/content/abstract/scopus_id/84921861620"},{"@_fa": "true", "@ref": "author-affiliation", "@href": "https://api.elsevier.com/content/abstract/scopus_id/84921861620?field=author,affiliation"},{"@_fa": "true", "@ref": "scopus", "@href": "https://www.scopus.com/inward/record.uri?partnerID=HzOxMe3b&scp=84921861620&origin=inward"},{"@_fa": "true", "@ref": "scopus-citedby", "@href": "https://www.scopus.com/inward/citedby.uri?partnerID=HzOxMe3b&scp=84921861620&origin=inward"}],"prism:url":"https://api.elsevier.com/content/abstract/scopus_id/84921861620","dc:identifier":"SCOPUS_ID:84921861620","eid":"2-s2.0-84921861620","dc:title":"A centralized approach to computer network security","dc:creator":"Heinrich F.","prism:publicationName":"AFIPS Conference Proceedings - 1976 National Computer Conference AFIPS 1976","prism:pageRange":"85-90","prism:coverDate":"1976-06-07","prism:coverDisplayDate":"7 June 1976","prism:doi":"10.1145/1499799.1499812","citedby-count":"4","affiliation": [{"@_fa": "true", "affilname":"Unisys Corporation","affiliation-city":"Blue Bell","affiliation-country":"United States"}],"prism:aggregationType":"Conference Proceeding","subtype":"cp","subtypeDescription":"Conference Paper","source-id":"21100893178","openaccess":"0","openaccessFlag":false},{"@_fa": "true", "link": [{"@_fa": "true", "@ref": "self", "@href": "https://api.elsevier.com/content/abstract/scopus_id/84910283834"},{"@_fa": "true", "@ref": "author-affiliation", "@href": "https://api.elsevier.com/content/abstract/scopus_id/84910283834?field=author,affiliation"},{"@_fa": "true", "@ref": "scopus", "@href": "https://www.scopus.com/inward/record.uri?partnerID=HzOxMe3b&scp=84910283834&origin=inward"},{"@_fa": "true", "@ref": "scopus-citedby", "@href": "https://www.scopus.com/inward/citedby.uri?partnerID=HzOxMe3b&scp=84910283834&origin=inward"}],"prism:url":"https://api.elsevier.com/content/abstract/scopus_id/84910283834","dc:identifier":"SCOPUS_ID:84910283834","eid":"2-s2.0-84910283834","dc:title":"A practitioner's guide to the state of large scale network and network-related problems","dc:creator":"Glover F.","prism:publicationName":"AFIPS Conference Proceedings - 1976 National Computer Conference AFIPS 1976","prism:pageRange":"945-950","prism:coverDate":"1976-06-07","prism:coverDisplayDate":"7 June 1976","prism:doi":"10.1145/1499799.1499929","citedby-count":"2","affiliation": [{"@_fa": "true", "affilname":"University of Colorado at Boulder","affiliation-city":"Boulder","affiliation-country":"United States"}],"prism:aggregationType":"Conference Proceeding","subtype":"cp","subtypeDescription":"Conference Paper","source-id":"21100893178","openaccess":"0","openaccessFlag":false},{"@_fa": "true", "link": [{"@_fa": "true", "@ref": "self", "@href": "https://api.elsevier.com/content/abstract/scopus_id/85023464609"},{"@_fa": "true", "@ref": "author-affiliation", "@href": "https://api.elsevier.com/content/abstract/scopus_id/85023464609?field=author,affiliation"},{"@_fa": "true", "@ref": "scopus", "@href": "https://www.scopus.com/inward/record.uri?partnerID=HzOxMe3b&scp=85023464609&origin=inward"},{"@_fa": "true", "@ref": "scopus-citedby", "@href": "https://www.scopus.com/inward/citedby.uri?partnerID=HzOxMe3b&scp=85023464609&origin=inward"}],"prism:url":"https://api.elsevier.com/content/abstract/scopus_id/85023464609","dc:identifier":"SCOPUS_ID:85023464609","eid":"2-s2.0-85023464609","dc:title":"Computer network cryptography engineering","dc:creator":"Burris H.","prism:publicationName":"AFIPS Conference Proceedings - 1976 National Computer Conference AFIPS 1976","prism:pageRange":"91-96","prism:coverDate":"1976-06-07","prism:coverDisplayDate":"7 June 1976","prism:doi":"10.1145/1499799.1499813","citedby-count":"1","affiliation": [{"@_fa": "true", "affilname":"Northrop Grumman corporation","affiliation-city":"Los Angeles","affiliation-country":"United States"}],"prism:aggregationType":"Conference Proceeding","subtype":"cp","subtypeDescription":"Conference Paper","source-id":"21100893178","openaccess":"0","openaccessFlag":false},{"@_fa": "true", "link": [{"@_fa": "true", "@ref": "self", "@href": "https://api.elsevier.com/content/abstract/scopus_id/85051823914"},{"@_fa": "true", "@ref": "author-affiliation", "@href": "https://api.elsevier.com/content/abstract/scopus_id/85051823914?field=author,affiliation"},{"@_fa": "true", "@ref": "scopus", "@href": "https://www.scopus.com/inward/record.uri?partnerID=HzOxMe3b&scp=85051823914&origin=inward"},{"@_fa": "true", "@ref": "scopus-citedby", "@href": "https://www.scopus.com/inward/citedby.uri?partnerID=HzOxMe3b&scp=85051823914&origin=inward"}],"prism:url":"https://api.elsevier.com/content/abstract/scopus_id/85051823914","dc:identifier":"SCOPUS_ID:85051823914","eid":"2-s2.0-85051823914","dc:title":"Network access techniques-a review","dc:creator":"Rosenthal R.","prism:publicationName":"AFIPS Conference Proceedings - 1976 National Computer Conference AFIPS 1976","prism:pageRange":"495-500","prism:coverDate":"1976-06-07","prism:coverDisplayDate":"7 June 1976","prism:doi":"10.1145/1499799.1499871","citedby-count":"4","affiliation": [{"@_fa": "true", "affilname":"National Institute of Standards and Technology","affiliation-city":"Gaithersburg","affiliation-country":"United States"}],"prism:aggregationType":"Conference Proceeding","subtype":"cp","subtypeDescription":"Conference Paper","source-id":"21100893178","openaccess":"0","openaccessFlag":false},{"@_fa": "true", "link": [{"@_fa": "true", "@ref": "self", "@href": "https://api.elsevier.com/content/abstract/scopus_id/85036458286"},{"@_fa": "true", "@ref": "author-affiliation", "@href": "https://api.elsevier.com/content/abstract/scopus_id/85036458286?field=author,affiliation"},{"@_fa": "true", "@ref": "scopus", "@href": "https://www.scopus.com/inward/record.uri?partnerID=HzOxMe3b&scp=85036458286&origin=inward"},{"@_fa": "true", "@ref": "scopus-citedby", "@href": "https://www.scopus.com/inward/citedby.uri?partnerID=HzOxMe3b&scp=85036458286&origin=inward"}],"prism:url":"https://api.elsevier.com/content/abstract/scopus_id/85036458286","dc:identifier":"SCOPUS_ID:85036458286","eid":"2-s2.0-85036458286","dc:title":"An overview of the Distributed Computer Network","dc:creator":"Mills D.","prism:publicationName":"AFIPS Conference Proceedings - 1976 National Computer Conference AFIPS 1976","prism:pageRange":"523-531","prism:coverDate":"1976-06-07","prism:coverDisplayDate":"7 June 1976","prism:doi":"10.1145/1499799.1499874","citedby-count":"13","affiliation": [{"@_fa": "true", "affilname":"University of Maryland","affiliation-city":"College Park","affiliation-country":"United States"}],"prism:aggregationType":"Conference Proceeding","subtype":"cp","subtypeDescription":"Conference Paper","source-id":"21100893178","openaccess":"0","openaccessFlag":false},{"@_fa": "true", "link": [{"@_fa": "true", "@ref": "self", "@href": "https://api.elsevier.com/content/abstract/scopus_id/84915046029"},{"@_fa": "true", "@ref": "author-affiliation", "@href": "https://api.elsevier.com/content/abstract/scopus_id/84915046029?field=author,affiliation"},{"@_fa": "true", "@ref": "scopus", "@href": "https://www.scopus.com/inward/record.uri?partnerID=HzOxMe3b&scp=84915046029&origin=inward"},{"@_fa": "true", "@ref": "scopus-citedby", "@href": "https://www.scopus.com/inward/citedby.uri?partnerID=HzOxMe3b&scp=84915046029&origin=inward"}],"prism:url":"https://api.elsevier.com/content/abstract/scopus_id/84915046029","dc:identifier":"SCOPUS_ID:84915046029","eid":"2-s2.0-84915046029","dc:title":"Design issues for mixed media packet switching networks","dc:creator":"Huynh D.","prism:publicationName":"AFIPS Conference Proceedings - 1976 National Computer Conference AFIPS 1976","prism:pageRange":"541-549","prism:coverDate":"1976-06-07","prism:coverDisplayDate":"7 June 1976","prism:doi":"10.1145/1499799.1499876","citedby-count":"4","affiliation": [{"@_fa": "true", "affilname":"University of Hawaii at Manoa","affiliation-city":"Honolulu","affiliation-country":"United States"}],"prism:aggregationType":"Conference Proceeding","subtype":"cp","subtypeDescription":"Conference Paper","source-id":"21100893178","openaccess":"0","openaccessFlag":false},{"@_fa": "true", "link": [{"@_fa": "true", "@ref": "self", "@href": "https://api.elsevier.com/content/abstract/scopus_id/84915072904"},{"@_fa": "true", "@ref": "author-affiliation", "@href": "https://api.elsevier.com/content/abstract/scopus_id/84915072904?field=author,affiliation"},{"@_fa": "true", "@ref": "scopus", "@href": "https://www.scopus.com/inward/record.uri?partnerID=HzOxMe3b&scp=84915072904&origin=inward"},{"@_fa": "true", "@ref": "scopus-citedby", "@href": "https://www.scopus.com/inward/citedby.uri?partnerID=HzOxMe3b&scp=84915072904&origin=inward"}],"prism:url":"https://api.elsevier.com/content/abstract/scopus_id/84915072904","dc:identifier":"SCOPUS_ID:84915072904","eid":"2-s2.0-84915072904","dc:title":"Performance of file directory systems for data bases in star and distributed networks","dc:creator":"Chu W.","prism:publicationName":"AFIPS Conference Proceedings - 1976 National Computer Conference AFIPS 1976","prism:pageRange":"577-587","prism:coverDate":"1976-06-07","prism:coverDisplayDate":"7 June 1976","prism:doi":"10.1145/1499799.1499880","citedby-count":"21","affiliation": [{"@_fa": "true", "affilname":"University of California, Los Angeles","affiliation-city":"Los Angeles","affiliation-country":"United States"}],"prism:aggregationType":"Conference Proceeding","subtype":"cp","subtypeDescription":"Conference Paper","source-id":"21100893178","openaccess":"0","openaccessFlag":false},{"@_fa": "true", "link": [{"@_fa": "true", "@ref": "self", "@href": "https://api.elsevier.com/content/abstract/scopus_id/84909537022"},{"@_fa": "true", "@ref": "author-affiliation", "@href": "https://api.elsevier.com/content/abstract/scopus_id/84909537022?field=author,affiliation"},{"@_fa": "true", "@ref": "scopus", "@href": "https://www.scopus.com/inward/record.uri?partnerID=HzOxMe3b&scp=84909537022&origin=inward"},{"@_fa": "true", "@ref": "scopus-citedby", "@href": "https://www.scopus.com/inward/citedby.uri?partnerID=HzOxMe3b&scp=84909537022&origin=inward"}],"prism:url":"https://api.elsevier.com/content/abstract/scopus_id/84909537022","dc:identifier":"SCOPUS_ID:84909537022","eid":"2-s2.0-84909537022","dc:title":"A perspective on network operating systems","dc:creator":"Kimbleton S.","prism:publicationName":"AFIPS Conference Proceedings - 1976 National Computer Conference AFIPS 1976","prism:pageRange":"551-559","prism:coverDate":"1976-06-07","prism:coverDisplayDate":"7 June 1976","prism:doi":"10.1145/1499799.1499877","citedby-count":"9","affiliation": [{"@_fa": "true", "affilname":"University of Southern California, Information Sciences Institute","affiliation-city":"Marina del Rey","affiliation-country":"United States"}],"prism:aggregationType":"Conference Proceeding","subtype":"cp","subtypeDescription":"Conference Paper","source-id":"21100893178","openaccess":"0","openaccessFlag":false},{"@_fa": "true", "link": [{"@_fa": "true", "@ref": "self", "@href": "https://api.elsevier.com/content/abstract/scopus_id/85036476101"},{"@_fa": "true", "@ref": "author-affiliation", "@href": "https://api.elsevier.com/content/abstract/scopus_id/85036476101?field=author,affiliation"},{"@_fa": "true", "@ref": "scopus", "@href": "https://www.scopus.com/inward/record.uri?partnerID=HzOxMe3b&scp=85036476101&origin=inward"},{"@_fa": "true", "@ref": "scopus-citedby", "@href": "https://www.scopus.com/inward/citedby.uri?partnerID=HzOxMe3b&scp=85036476101&origin=inward"}],"prism:url":"https://api.elsevier.com/content/abstract/scopus_id/85036476101","dc:identifier":"SCOPUS_ID:85036476101","eid":"2-s2.0-85036476101","dc:title":"A high-level framework for network-based resource sharing","dc:creator":"White J.","prism:publicationName":"AFIPS Conference Proceedings - 1976 National Computer Conference AFIPS 1976","prism:pageRange":"561-570","prism:coverDate":"1976-06-07","prism:coverDisplayDate":"7 June 1976","prism:doi":"10.1145/1499799.1499878","citedby-count":"31","affiliation": [{"@_fa": "true", "affilname":"SRI International","affiliation-city":"Menlo Park","affiliation-country":"United States"}],"prism:aggregationType":"Conference Proceeding","subtype":"cp","subtypeDescription":"Conference Paper","source-id":"21100893178","openaccess":"0","openaccessFlag":false},{"@_fa": "true", "link": [{"@_fa": "true", "@ref": "self", "@href": "https://api.elsevier.com/content/abstract/scopus_id/84944985854"},{"@_fa": "true", "@ref": "author-affiliation", "@href": "https://api.elsevier.com/content/abstract/scopus_id/84944985854?field=author,affiliation"},{"@_fa": "true", "@ref": "scopus", "@href": "https://www.scopus.com/inward/record.uri?partnerID=HzOxMe3b&scp=84944985854&origin=inward"},{"@_fa": "true", "@ref": "scopus-citedby", "@href": "https://www.scopus.com/inward/citedby.uri?partnerID=HzOxMe3b&scp=84944985854&origin=inward"}],"prism:url":"https://api.elsevier.com/content/abstract/scopus_id/84944985854","dc:identifier":"SCOPUS_ID:84944985854","eid":"2-s2.0-84944985854","dc:title":"Designing optimal data structures","dc:creator":"Clough L.","prism:publicationName":"AFIPS Conference Proceedings - 1976 National Computer Conference AFIPS 1976","prism:pageRange":"829-837","prism:coverDate":"1976-06-07","prism:coverDisplayDate":"7 June 1976","prism:doi":"10.1145/1499799.1499912","citedby-count":"2","affiliation": [{"@_fa": "true", "affilname":"Carnegie Mellon University","affiliation-city":"Pittsburgh","affiliation-country":"United States"}],"prism:aggregationType":"Conference Proceeding","subtype":"cp","subtypeDescription":"Conference Paper","source-id":"21100893178","openaccess":"0","openaccessFlag":false},{"@_fa": "true", "link": [{"@_fa": "true", "@ref": "self", "@href": "https://api.elsevier.com/content/abstract/scopus_id/85059212614"},{"@_fa": "true", "@ref": "author-affiliation", "@href": "https://api.elsevier.com/content/abstract/scopus_id/85059212614?field=author,affiliation"},{"@_fa": "true", "@ref": "scopus", "@href": "https://www.scopus.com/inward/record.uri?partnerID=HzOxMe3b&scp=85059212614&origin=inward"},{"@_fa": "true", "@ref": "scopus-citedby", "@href": "https://www.scopus.com/inward/citedby.uri?partnerID=HzOxMe3b&scp=85059212614&origin=inward"}],"prism:url":"https://api.elsevier.com/content/abstract/scopus_id/85059212614","dc:identifier":"SCOPUS_ID:85059212614","eid":"2-s2.0-85059212614","dc:title":"A new communication protocol for accessing data networks-the international packet-mode interface","dc:creator":"Rybczynski A.","prism:publicationName":"AFIPS Conference Proceedings - 1976 National Computer Conference AFIPS 1976","prism:pageRange":"477-482","prism:coverDate":"1976-06-07","prism:coverDisplayDate":"7 June 1976","prism:doi":"10.1145/1499799.1499869","citedby-count":"13","affiliation": [{"@_fa": "true", "affilname":"Bell Canada","affiliation-city":"Montreal","affiliation-country":"Canada"}],"prism:aggregationType":"Conference Proceeding","subtype":"cp","subtypeDescription":"Conference Paper","source-id":"21100893178","openaccess":"0","openaccessFlag":false},{"@_fa": "true", "link": [{"@_fa": "true", "@ref": "self", "@href": "https://api.elsevier.com/content/abstract/scopus_id/84976763985"},{"@_fa": "true", "@ref": "author-affiliation", "@href": "https://api.elsevier.com/content/abstract/scopus_id/84976763985?field=author,affiliation"},{"@_fa": "true", "@ref": "scopus", "@href": "https://www.scopus.com/inward/record.uri?partnerID=HzOxMe3b&scp=84976763985&origin=inward"},{"@_fa": "true", "@ref": "scopus-citedby", "@href": "https://www.scopus.com/inward/citedby.uri?partnerID=HzOxMe3b&scp=84976763985&origin=inward"}],"prism:url":"https://api.elsevier.com/content/abstract/scopus_id/84976763985","dc:identifier":"SCOPUS_ID:84976763985","eid":"2-s2.0-84976763985","dc:title":"Representations of networks","dc:creator":"Greenberg H.","prism:publicationName":"AFIPS Conference Proceedings - 1976 National Computer Conference AFIPS 1976","prism:pageRange":"939-943","prism:coverDate":"1976-06-07","prism:coverDisplayDate":"7 June 1976","prism:doi":"10.1145/1499799.1499928","citedby-count":"1","affiliation": [{"@_fa": "true", "affilname":"Virginia Polytechnic Institute and State University","affiliation-city":"Blacksburg","affiliation-country":"United States"}],"prism:aggregationType":"Conference Proceeding","subtype":"cp","subtypeDescription":"Conference Paper","source-id":"21100893178","openaccess":"0","openaccessFlag":false},{"@_fa": "true", "link": [{"@_fa": "true", "@ref": "self", "@href": "https://api.elsevier.com/content/abstract/scopus_id/84939702791"},{"@_fa": "true", "@ref": "author-affiliation", "@href": "https://api.elsevier.com/content/abstract/scopus_id/84939702791?field=author,affiliation"},{"@_fa": "true", "@ref": "scopus", "@href": "https://www.scopus.com/inward/record.uri?partnerID=HzOxMe3b&scp=84939702791&origin=inward"},{"@_fa": "true", "@ref": "scopus-citedby", "@href": "https://www.scopus.com/inward/citedby.uri?partnerID=HzOxMe3b&scp=84939702791&origin=inward"}],"prism:url":"https://api.elsevier.com/content/abstract/scopus_id/84939702791","dc:identifier":"SCOPUS_ID:84939702791","eid":"2-s2.0-84939702791","dc:title":"A secure, national system for electronic funds transfer","dc:creator":"Kaufman D.","prism:publicationName":"AFIPS Conference Proceedings - 1976 National Computer Conference AFIPS 1976","prism:pageRange":"129-138","prism:coverDate":"1976-06-07","prism:coverDisplayDate":"7 June 1976","prism:doi":"10.1145/1499799.1499818","citedby-count":"5","affiliation": [{"@_fa": "true", "affilname":"System Development Corporotion","affiliation-city":"Santa Monica","affiliation-country":"United States"}],"prism:aggregationType":"Conference Proceeding","subtype":"cp","subtypeDescription":"Conference Paper","source-id":"21100893178","openaccess":"0","openaccessFlag":false}]}}