{"search-results":{"opensearch:totalResults":"53","opensearch:startIndex":"0","opensearch:itemsPerPage":"25","opensearch:Query":{"@role": "request", "@searchTerms": "TITLE-ABS-KEY(\"network\") AND SUBJAREA(SOCI) AND PUBYEAR = 1971", "@startPage": "0"},"link": [{"@_fa": "true", "@ref": "self", "@href": "https://api.elsevier.com/content/search/scopus?start=0&count=25&query=TITLE-ABS-KEY%28%22network%22%29+AND+SUBJAREA%28SOCI%29+AND+PUBYEAR+%3D+1971&apiKey=27d953b4b546791964ebeb768d13e61f&view=STANDARD", "@type": "application/json"},{"@_fa": "true", "@ref": "first", "@href": "https://api.elsevier.com/content/search/scopus?start=0&count=25&query=TITLE-ABS-KEY%28%22network%22%29+AND+SUBJAREA%28SOCI%29+AND+PUBYEAR+%3D+1971&apiKey=27d953b4b546791964ebeb768d13e61f&view=STANDARD", "@type": "application/json"},{"@_fa": "true", "@ref": "next", "@href": "https://api.elsevier.com/content/search/scopus?start=25&count=25&query=TITLE-ABS-KEY%28%22network%22%29+AND+SUBJAREA%28SOCI%29+AND+PUBYEAR+%3D+1971&apiKey=27d953b4b546791964ebeb768d13e61f&view=STANDARD", "@type": "application/json"},{"@_fa": "true", "@ref": "last", "@href": "https://api.elsevier.com/content/search/scopus?start=28&count=25&query=TITLE-ABS-KEY%28%22network%22%29+AND+SUBJAREA%28SOCI%29+AND+PUBYEAR+%3D+1971&apiKey=27d953b4b546791964ebeb768d13e61f&view=STANDARD", "@type": "application/json"}],"entry": [{"@_fa": "true", "link": [{"@_fa": "true", "@ref": "self", "@href": "https://api.elsevier.com/content/abstract/scopus_id/84933203818"},{"@_fa": "true", "@ref": "author-affiliation", "@href": "https://api.elsevier.com/content/abstract/scopus_id/84933203818?field=author,affiliation"},{"@_fa": "true", "@ref": "scopus", "@href": "https://www.scopus.com/inward/record.uri?partnerID=HzOxMe3b&scp=84933203818&origin=inward"},{"@_fa": "true", "@ref": "scopus-citedby", "@href": "https://www.scopus.com/inward/citedby.uri?partnerID=HzOxMe3b&scp=84933203818&origin=inward"}],"prism:url":"https://api.elsevier.com/content/abstract/scopus_id/84933203818","dc:identifier":"SCOPUS_ID:84933203818","eid":"2-s2.0-84933203818","dc:title":"Connection and Orientation in Three West African Road Networks","dc:creator":"Hay A.","prism:publicationName":"Regional Studies","prism:issn":"00343404","prism:eIssn":"13600591","prism:volume":"5","prism:issueIdentifier":"4","prism:pageRange":"315-319","prism:coverDate":"1971-12-01","prism:coverDisplayDate":"1 December 1971","prism:doi":"10.1080/09595237100185361","citedby-count":"1","affiliation": [{"@_fa": "true", "affilname":"University of Leicester","affiliation-city":"Leicester","affiliation-country":"United Kingdom"}],"prism:aggregationType":"Journal","subtype":"ar","subtypeDescription":"Article","source-id":"15143","openaccess":"0","openaccessFlag":false},{"@_fa": "true", "link": [{"@_fa": "true", "@ref": "self", "@href": "https://api.elsevier.com/content/abstract/scopus_id/36149054745"},{"@_fa": "true", "@ref": "author-affiliation", "@href": "https://api.elsevier.com/content/abstract/scopus_id/36149054745?field=author,affiliation"},{"@_fa": "true", "@ref": "scopus", "@href": "https://www.scopus.com/inward/record.uri?partnerID=HzOxMe3b&scp=36149054745&origin=inward"},{"@_fa": "true", "@ref": "scopus-citedby", "@href": "https://www.scopus.com/inward/citedby.uri?partnerID=HzOxMe3b&scp=36149054745&origin=inward"}],"prism:url":"https://api.elsevier.com/content/abstract/scopus_id/36149054745","dc:identifier":"SCOPUS_ID:36149054745","eid":"2-s2.0-36149054745","dc:title":"Solution of two dimensional transient heat flow problems by electrical analogue","dc:creator":"Steere R.","prism:publicationName":"Physics Education","prism:issn":"00319120","prism:volume":"6","prism:issueIdentifier":"6","prism:pageRange":"443-447","prism:coverDate":"1971-12-01","prism:coverDisplayDate":"1971","prism:doi":"10.1088/0031-9120/6/6/006","citedby-count":"0","affiliation": [{"@_fa": "true", "affilname":"Pilkington Group Limited","affiliation-city":"St Helens","affiliation-country":"United Kingdom"}],"prism:aggregationType":"Journal","subtype":"ar","subtypeDescription":"Article","article-number":"006","source-id":"144982","openaccess":"0","openaccessFlag":false},{"@_fa": "true", "link": [{"@_fa": "true", "@ref": "self", "@href": "https://api.elsevier.com/content/abstract/scopus_id/84973076410"},{"@_fa": "true", "@ref": "author-affiliation", "@href": "https://api.elsevier.com/content/abstract/scopus_id/84973076410?field=author,affiliation"},{"@_fa": "true", "@ref": "scopus", "@href": "https://www.scopus.com/inward/record.uri?partnerID=HzOxMe3b&scp=84973076410&origin=inward"},{"@_fa": "true", "@ref": "scopus-citedby", "@href": "https://www.scopus.com/inward/citedby.uri?partnerID=HzOxMe3b&scp=84973076410&origin=inward"}],"prism:url":"https://api.elsevier.com/content/abstract/scopus_id/84973076410","dc:identifier":"SCOPUS_ID:84973076410","eid":"2-s2.0-84973076410","dc:title":"Review Article: Geography of Population and Settlements in East-Central Europe","dc:creator":"Kosiń ski L.","prism:publicationName":"Annals of the Association of American Geographers","prism:issn":"00045608","prism:eIssn":"14678306","prism:volume":"61","prism:issueIdentifier":"3","prism:pageRange":"599-615","prism:coverDate":"1971-09-01","prism:coverDisplayDate":"1 September 1971","prism:doi":"10.1111/j.1467-8306.1971.tb00810.x","citedby-count":"1","prism:aggregationType":"Journal","subtype":"re","subtypeDescription":"Review","source-id":"27492","openaccess":"0","openaccessFlag":false},{"@_fa": "true", "link": [{"@_fa": "true", "@ref": "self", "@href": "https://api.elsevier.com/content/abstract/scopus_id/0015072676"},{"@_fa": "true", "@ref": "author-affiliation", "@href": "https://api.elsevier.com/content/abstract/scopus_id/0015072676?field=author,affiliation"},{"@_fa": "true", "@ref": "scopus", "@href": "https://www.scopus.com/inward/record.uri?partnerID=HzOxMe3b&scp=0015072676&origin=inward"},{"@_fa": "true", "@ref": "scopus-citedby", "@href": "https://www.scopus.com/inward/citedby.uri?partnerID=HzOxMe3b&scp=0015072676&origin=inward"}],"prism:url":"https://api.elsevier.com/content/abstract/scopus_id/0015072676","dc:identifier":"SCOPUS_ID:0015072676","eid":"2-s2.0-0015072676","dc:title":"A conversational psychiatric information network","dc:creator":"Gianturco D.","prism:publicationName":"Community Mental Health Journal","prism:issn":"00103853","prism:eIssn":"15732789","prism:volume":"7","prism:issueIdentifier":"2","prism:pageRange":"127-133","prism:coverDate":"1971-06-01","prism:coverDisplayDate":"June 1971","prism:doi":"10.1007/BF01434748","citedby-count":"2","affiliation": [{"@_fa": "true", "affilname":"Duke University Medical Center","affiliation-city":"Durham","affiliation-country":"United States"}],"pubmed-id":"5163642","prism:aggregationType":"Journal","subtype":"ar","subtypeDescription":"Article","source-id":"29291","openaccess":"0","openaccessFlag":false},{"@_fa": "true", "link": [{"@_fa": "true", "@ref": "self", "@href": "https://api.elsevier.com/content/abstract/scopus_id/84954988692"},{"@_fa": "true", "@ref": "author-affiliation", "@href": "https://api.elsevier.com/content/abstract/scopus_id/84954988692?field=author,affiliation"},{"@_fa": "true", "@ref": "scopus", "@href": "https://www.scopus.com/inward/record.uri?partnerID=HzOxMe3b&scp=84954988692&origin=inward"},{"@_fa": "true", "@ref": "scopus-citedby", "@href": "https://www.scopus.com/inward/citedby.uri?partnerID=HzOxMe3b&scp=84954988692&origin=inward"}],"prism:url":"https://api.elsevier.com/content/abstract/scopus_id/84954988692","dc:identifier":"SCOPUS_ID:84954988692","eid":"2-s2.0-84954988692","dc:title":"The search for new methods in interactive skills training","dc:creator":"Rackham N.","prism:publicationName":"Industrial and Commercial Training","prism:issn":"00197858","prism:volume":"3","prism:issueIdentifier":"4","prism:pageRange":"173-182","prism:coverDate":"1971-04-01","prism:coverDisplayDate":"1 April 1971","prism:doi":"10.1108/eb003134","citedby-count":"0","prism:aggregationType":"Journal","subtype":"re","subtypeDescription":"Review","source-id":"145250","openaccess":"0","openaccessFlag":false},{"@_fa": "true", "link": [{"@_fa": "true", "@ref": "self", "@href": "https://api.elsevier.com/content/abstract/scopus_id/0015160527"},{"@_fa": "true", "@ref": "author-affiliation", "@href": "https://api.elsevier.com/content/abstract/scopus_id/0015160527?field=author,affiliation"},{"@_fa": "true", "@ref": "scopus", "@href": "https://www.scopus.com/inward/record.uri?partnerID=HzOxMe3b&scp=0015160527&origin=inward"},{"@_fa": "true", "@ref": "scopus-citedby", "@href": "https://www.scopus.com/inward/citedby.uri?partnerID=HzOxMe3b&scp=0015160527&origin=inward"}],"prism:url":"https://api.elsevier.com/content/abstract/scopus_id/0015160527","dc:identifier":"SCOPUS_ID:0015160527","eid":"2-s2.0-0015160527","dc:title":"Extended traffic assignment model with applications to two- way traffic","dc:creator":"DAFERMOS SC","prism:publicationName":"Transportation Science","prism:issn":"00411655","prism:volume":"5","prism:issueIdentifier":"4","prism:pageRange":"366-389","prism:coverDate":"1971-01-01","prism:coverDisplayDate":"Nov","citedby-count":"91","prism:aggregationType":"Journal","subtype":"ar","subtypeDescription":"Article","source-id":"20910","openaccess":"0","openaccessFlag":false},{"@_fa": "true", "link": [{"@_fa": "true", "@ref": "self", "@href": "https://api.elsevier.com/content/abstract/scopus_id/84982036466"},{"@_fa": "true", "@ref": "author-affiliation", "@href": "https://api.elsevier.com/content/abstract/scopus_id/84982036466?field=author,affiliation"},{"@_fa": "true", "@ref": "scopus", "@href": "https://www.scopus.com/inward/record.uri?partnerID=HzOxMe3b&scp=84982036466&origin=inward"},{"@_fa": "true", "@ref": "scopus-citedby", "@href": "https://www.scopus.com/inward/citedby.uri?partnerID=HzOxMe3b&scp=84982036466&origin=inward"}],"prism:url":"https://api.elsevier.com/content/abstract/scopus_id/84982036466","dc:identifier":"SCOPUS_ID:84982036466","eid":"2-s2.0-84982036466","dc:title":"Course Production at the Open University II: Activities and Activity Networks","dc:creator":"Lewis B.","prism:publicationName":"British Journal of Educational Technology","prism:issn":"00071013","prism:eIssn":"14678535","prism:volume":"2","prism:issueIdentifier":"2","prism:pageRange":"111-123","prism:coverDate":"1971-01-01","prism:coverDisplayDate":"May 1971","prism:doi":"10.1111/j.1467-8535.1971.tb00554.x","citedby-count":"12","affiliation": [{"@_fa": "true", "affilname":"Open University","affiliation-city":"Milton Keynes","affiliation-country":"United Kingdom"}],"prism:aggregationType":"Journal","subtype":"ar","subtypeDescription":"Article","source-id":"23988","openaccess":"0","openaccessFlag":false},{"@_fa": "true", "link": [{"@_fa": "true", "@ref": "self", "@href": "https://api.elsevier.com/content/abstract/scopus_id/84977015552"},{"@_fa": "true", "@ref": "author-affiliation", "@href": "https://api.elsevier.com/content/abstract/scopus_id/84977015552?field=author,affiliation"},{"@_fa": "true", "@ref": "scopus", "@href": "https://www.scopus.com/inward/record.uri?partnerID=HzOxMe3b&scp=84977015552&origin=inward"},{"@_fa": "true", "@ref": "scopus-citedby", "@href": "https://www.scopus.com/inward/citedby.uri?partnerID=HzOxMe3b&scp=84977015552&origin=inward"}],"prism:url":"https://api.elsevier.com/content/abstract/scopus_id/84977015552","dc:identifier":"SCOPUS_ID:84977015552","eid":"2-s2.0-84977015552","dc:title":"Agnew and the Network TV News: A Before/After Content Analysis","dc:creator":"Lowry D.","prism:publicationName":"Journalism &amp; Mass Communication Quarterly","prism:issn":"10776990","prism:eIssn":"2161430X","prism:volume":"48","prism:issueIdentifier":"2","prism:pageRange":"205-210","prism:coverDate":"1971-01-01","prism:coverDisplayDate":"June 1971","prism:doi":"10.1177/107769907104800202","citedby-count":"20","affiliation": [{"@_fa": "true", "affilname":"University of Iowa","affiliation-city":"Iowa City","affiliation-country":"United States"}],"prism:aggregationType":"Journal","subtype":"re","subtypeDescription":"Review","source-id":"20687","openaccess":"0","openaccessFlag":false},{"@_fa": "true", "link": [{"@_fa": "true", "@ref": "self", "@href": "https://api.elsevier.com/content/abstract/scopus_id/84971946829"},{"@_fa": "true", "@ref": "author-affiliation", "@href": "https://api.elsevier.com/content/abstract/scopus_id/84971946829?field=author,affiliation"},{"@_fa": "true", "@ref": "scopus", "@href": "https://www.scopus.com/inward/record.uri?partnerID=HzOxMe3b&scp=84971946829&origin=inward"},{"@_fa": "true", "@ref": "scopus-citedby", "@href": "https://www.scopus.com/inward/citedby.uri?partnerID=HzOxMe3b&scp=84971946829&origin=inward"}],"prism:url":"https://api.elsevier.com/content/abstract/scopus_id/84971946829","dc:identifier":"SCOPUS_ID:84971946829","eid":"2-s2.0-84971946829","dc:title":"Transnational Networks in Basic Science","dc:creator":"Crane D.","prism:publicationName":"International Organization","prism:issn":"00208183","prism:eIssn":"15315088","prism:volume":"25","prism:issueIdentifier":"3","prism:pageRange":"585-601","prism:coverDate":"1971-01-01","prism:coverDisplayDate":"1971","prism:doi":"10.1017/S0020818300026333","citedby-count":"17","affiliation": [{"@_fa": "true", "affilname":"Johns Hopkins University","affiliation-city":"Baltimore","affiliation-country":"United States"}],"prism:aggregationType":"Journal","subtype":"ar","subtypeDescription":"Article","source-id":"39139","openaccess":"0","openaccessFlag":false},{"@_fa": "true", "link": [{"@_fa": "true", "@ref": "self", "@href": "https://api.elsevier.com/content/abstract/scopus_id/84989594104"},{"@_fa": "true", "@ref": "author-affiliation", "@href": "https://api.elsevier.com/content/abstract/scopus_id/84989594104?field=author,affiliation"},{"@_fa": "true", "@ref": "scopus", "@href": "https://www.scopus.com/inward/record.uri?partnerID=HzOxMe3b&scp=84989594104&origin=inward"},{"@_fa": "true", "@ref": "scopus-citedby", "@href": "https://www.scopus.com/inward/citedby.uri?partnerID=HzOxMe3b&scp=84989594104&origin=inward"}],"prism:url":"https://api.elsevier.com/content/abstract/scopus_id/84989594104","dc:identifier":"SCOPUS_ID:84989594104","eid":"2-s2.0-84989594104","dc:title":"An Iterative Model for Generating Transportation Networks","dc:creator":"Black W.","prism:publicationName":"Geographical Analysis","prism:issn":"00167363","prism:eIssn":"15384632","prism:volume":"3","prism:issueIdentifier":"3","prism:pageRange":"283-288","prism:coverDate":"1971-01-01","prism:coverDisplayDate":"July 1971","prism:doi":"10.1111/j.1538-4632.1971.tb00370.x","citedby-count":"14","prism:aggregationType":"Journal","subtype":"ar","subtypeDescription":"Article","source-id":"28671","openaccess":"1","openaccessFlag":true},{"@_fa": "true", "link": [{"@_fa": "true", "@ref": "self", "@href": "https://api.elsevier.com/content/abstract/scopus_id/0003035802"},{"@_fa": "true", "@ref": "author-affiliation", "@href": "https://api.elsevier.com/content/abstract/scopus_id/0003035802?field=author,affiliation"},{"@_fa": "true", "@ref": "scopus", "@href": "https://www.scopus.com/inward/record.uri?partnerID=HzOxMe3b&scp=0003035802&origin=inward"},{"@_fa": "true", "@ref": "scopus-citedby", "@href": "https://www.scopus.com/inward/citedby.uri?partnerID=HzOxMe3b&scp=0003035802&origin=inward"}],"prism:url":"https://api.elsevier.com/content/abstract/scopus_id/0003035802","dc:identifier":"SCOPUS_ID:0003035802","eid":"2-s2.0-0003035802","dc:title":"Simulation of Stream Networks by Headword Growth and Branching","dc:creator":"Howard A.","prism:publicationName":"Geographical Analysis","prism:issn":"00167363","prism:eIssn":"15384632","prism:volume":"3","prism:issueIdentifier":"1","prism:pageRange":"29-50","prism:coverDate":"1971-01-01","prism:coverDisplayDate":"January 1971","prism:doi":"10.1111/j.1538-4632.1971.tb00346.x","citedby-count":"63","prism:aggregationType":"Journal","subtype":"ar","subtypeDescription":"Article","source-id":"28671","openaccess":"1","openaccessFlag":true},{"@_fa": "true", "link": [{"@_fa": "true", "@ref": "self", "@href": "https://api.elsevier.com/content/abstract/scopus_id/0001964443"},{"@_fa": "true", "@ref": "author-affiliation", "@href": "https://api.elsevier.com/content/abstract/scopus_id/0001964443?field=author,affiliation"},{"@_fa": "true", "@ref": "scopus", "@href": "https://www.scopus.com/inward/record.uri?partnerID=HzOxMe3b&scp=0001964443&origin=inward"},{"@_fa": "true", "@ref": "scopus-citedby", "@href": "https://www.scopus.com/inward/citedby.uri?partnerID=HzOxMe3b&scp=0001964443&origin=inward"}],"prism:url":"https://api.elsevier.com/content/abstract/scopus_id/0001964443","dc:identifier":"SCOPUS_ID:0001964443","eid":"2-s2.0-0001964443","dc:title":"Structural equivalence of individuals in social networks","dc:creator":"Lorrain F.","prism:publicationName":"The Journal of Mathematical Sociology","prism:issn":"0022250X","prism:eIssn":"15455874","prism:volume":"1","prism:issueIdentifier":"1","prism:pageRange":"49-80","prism:coverDate":"1971-01-01","prism:coverDisplayDate":"1 January 1971","prism:doi":"10.1080/0022250X.1971.9989788","citedby-count":"784","affiliation": [{"@_fa": "true", "affilname":"Harvard University","affiliation-city":"Cambridge","affiliation-country":"United States"}],"prism:aggregationType":"Journal","subtype":"ar","subtypeDescription":"Article","source-id":"19349","openaccess":"0","openaccessFlag":false},{"@_fa": "true", "link": [{"@_fa": "true", "@ref": "self", "@href": "https://api.elsevier.com/content/abstract/scopus_id/84988651840"},{"@_fa": "true", "@ref": "author-affiliation", "@href": "https://api.elsevier.com/content/abstract/scopus_id/84988651840?field=author,affiliation"},{"@_fa": "true", "@ref": "scopus", "@href": "https://www.scopus.com/inward/record.uri?partnerID=HzOxMe3b&scp=84988651840&origin=inward"},{"@_fa": "true", "@ref": "scopus-citedby", "@href": "https://www.scopus.com/inward/citedby.uri?partnerID=HzOxMe3b&scp=84988651840&origin=inward"}],"prism:url":"https://api.elsevier.com/content/abstract/scopus_id/84988651840","dc:identifier":"SCOPUS_ID:84988651840","eid":"2-s2.0-84988651840","dc:title":"A computer system for effective management of a medical library network","dc:creator":"Nance R.","prism:publicationName":"Information Technology and Libraries","prism:issn":"07309295","prism:volume":"4","prism:issueIdentifier":"4","prism:pageRange":"213-220","prism:coverDate":"1971-01-01","prism:coverDisplayDate":"1971","prism:doi":"10.6017/ital.v4i4.5598","citedby-count":"1","affiliation": [{"@_fa": "true", "affilname":"Southern Methodist University","affiliation-city":"Dallas","affiliation-country":"United States"}],"prism:aggregationType":"Journal","subtype":"ar","subtypeDescription":"Article","source-id":"12709","openaccess":"1","openaccessFlag":true},{"@_fa": "true", "link": [{"@_fa": "true", "@ref": "self", "@href": "https://api.elsevier.com/content/abstract/scopus_id/84989591510"},{"@_fa": "true", "@ref": "author-affiliation", "@href": "https://api.elsevier.com/content/abstract/scopus_id/84989591510?field=author,affiliation"},{"@_fa": "true", "@ref": "scopus", "@href": "https://www.scopus.com/inward/record.uri?partnerID=HzOxMe3b&scp=84989591510&origin=inward"},{"@_fa": "true", "@ref": "scopus-citedby", "@href": "https://www.scopus.com/inward/citedby.uri?partnerID=HzOxMe3b&scp=84989591510&origin=inward"}],"prism:url":"https://api.elsevier.com/content/abstract/scopus_id/84989591510","dc:identifier":"SCOPUS_ID:84989591510","eid":"2-s2.0-84989591510","dc:title":"The Geometric Structure of an Optimal Transport Network in a Limited City—Hinterland Case","dc:creator":"Sen L.","prism:publicationName":"Geographical Analysis","prism:issn":"00167363","prism:eIssn":"15384632","prism:volume":"3","prism:issueIdentifier":"1","prism:pageRange":"1-14","prism:coverDate":"1971-01-01","prism:coverDisplayDate":"January 1971","prism:doi":"10.1111/j.1538-4632.1971.tb00344.x","citedby-count":"4","prism:aggregationType":"Journal","subtype":"ar","subtypeDescription":"Article","source-id":"28671","openaccess":"1","openaccessFlag":true},{"@_fa": "true", "link": [{"@_fa": "true", "@ref": "self", "@href": "https://api.elsevier.com/content/abstract/scopus_id/0015145626"},{"@_fa": "true", "@ref": "author-affiliation", "@href": "https://api.elsevier.com/content/abstract/scopus_id/0015145626?field=author,affiliation"},{"@_fa": "true", "@ref": "scopus", "@href": "https://www.scopus.com/inward/record.uri?partnerID=HzOxMe3b&scp=0015145626&origin=inward"},{"@_fa": "true", "@ref": "scopus-citedby", "@href": "https://www.scopus.com/inward/citedby.uri?partnerID=HzOxMe3b&scp=0015145626&origin=inward"}],"prism:url":"https://api.elsevier.com/content/abstract/scopus_id/0015145626","dc:identifier":"SCOPUS_ID:0015145626","eid":"2-s2.0-0015145626","dc:title":"Elements, Systems, and Computation: A Five Year Experiment in Combining Networks, Digital Systems, and Numerical Techniques in the First Course","dc:creator":"Dertouzos M.","prism:publicationName":"IEEE Transactions on Education","prism:issn":"00189359","prism:eIssn":"15579638","prism:volume":"14","prism:issueIdentifier":"4","prism:pageRange":"197-201","prism:coverDate":"1971-01-01","prism:coverDisplayDate":"November 1971","prism:doi":"10.1109/TE.1971.4320696","citedby-count":"1","prism:aggregationType":"Journal","subtype":"ar","subtypeDescription":"Article","source-id":"17344","openaccess":"0","openaccessFlag":false},{"@_fa": "true", "link": [{"@_fa": "true", "@ref": "self", "@href": "https://api.elsevier.com/content/abstract/scopus_id/84976115163"},{"@_fa": "true", "@ref": "author-affiliation", "@href": "https://api.elsevier.com/content/abstract/scopus_id/84976115163?field=author,affiliation"},{"@_fa": "true", "@ref": "scopus", "@href": "https://www.scopus.com/inward/record.uri?partnerID=HzOxMe3b&scp=84976115163&origin=inward"},{"@_fa": "true", "@ref": "scopus-citedby", "@href": "https://www.scopus.com/inward/citedby.uri?partnerID=HzOxMe3b&scp=84976115163&origin=inward"}],"prism:url":"https://api.elsevier.com/content/abstract/scopus_id/84976115163","dc:identifier":"SCOPUS_ID:84976115163","eid":"2-s2.0-84976115163","dc:title":"The Network of Visits Between Yombe Rural Wage-Earners and their Kinsfolk in Western Congo","dc:creator":"Lux A.","prism:publicationName":"Africa","prism:issn":"00019720","prism:eIssn":"17500184","prism:volume":"41","prism:issueIdentifier":"2","prism:pageRange":"109-128","prism:coverDate":"1971-01-01","prism:coverDisplayDate":"April 1971","prism:doi":"10.2307/1159422","citedby-count":"2","prism:aggregationType":"Journal","subtype":"ar","subtypeDescription":"Article","source-id":"18463","openaccess":"0","openaccessFlag":false},{"@_fa": "true", "link": [{"@_fa": "true", "@ref": "self", "@href": "https://api.elsevier.com/content/abstract/scopus_id/84971922734"},{"@_fa": "true", "@ref": "author-affiliation", "@href": "https://api.elsevier.com/content/abstract/scopus_id/84971922734?field=author,affiliation"},{"@_fa": "true", "@ref": "scopus", "@href": "https://www.scopus.com/inward/record.uri?partnerID=HzOxMe3b&scp=84971922734&origin=inward"},{"@_fa": "true", "@ref": "scopus-citedby", "@href": "https://www.scopus.com/inward/citedby.uri?partnerID=HzOxMe3b&scp=84971922734&origin=inward"}],"prism:url":"https://api.elsevier.com/content/abstract/scopus_id/84971922734","dc:identifier":"SCOPUS_ID:84971922734","eid":"2-s2.0-84971922734","dc:title":"A new world geodetic network","dc:creator":"Swanson L.","prism:publicationName":"Polar Record","prism:issn":"00322474","prism:eIssn":"14753057","prism:volume":"15","prism:issueIdentifier":"99","prism:pageRange":"863-870","prism:coverDate":"1971-01-01","prism:coverDisplayDate":"September 1971","prism:doi":"10.1017/S0032247400062082","citedby-count":"1","prism:aggregationType":"Journal","subtype":"ar","subtypeDescription":"Article","source-id":"12397","openaccess":"0","openaccessFlag":false},{"@_fa": "true", "link": [{"@_fa": "true", "@ref": "self", "@href": "https://api.elsevier.com/content/abstract/scopus_id/84973790027"},{"@_fa": "true", "@ref": "author-affiliation", "@href": "https://api.elsevier.com/content/abstract/scopus_id/84973790027?field=author,affiliation"},{"@_fa": "true", "@ref": "scopus", "@href": "https://www.scopus.com/inward/record.uri?partnerID=HzOxMe3b&scp=84973790027&origin=inward"},{"@_fa": "true", "@ref": "scopus-citedby", "@href": "https://www.scopus.com/inward/citedby.uri?partnerID=HzOxMe3b&scp=84973790027&origin=inward"}],"prism:url":"https://api.elsevier.com/content/abstract/scopus_id/84973790027","dc:identifier":"SCOPUS_ID:84973790027","eid":"2-s2.0-84973790027","dc:title":"Conjugal Roles and Social Networks in an Urban Working Class Sample","dc:creator":"Toomey D.","prism:publicationName":"Human Relations","prism:issn":"00187267","prism:eIssn":"1741282x","prism:volume":"24","prism:issueIdentifier":"5","prism:pageRange":"417-431","prism:coverDate":"1971-01-01","prism:coverDisplayDate":"October 1971","prism:doi":"10.1177/001872677102400506","citedby-count":"7","affiliation": [{"@_fa": "true", "affilname":"University of Bradford","affiliation-city":"Bradford","affiliation-country":"United Kingdom"}],"prism:aggregationType":"Journal","subtype":"ar","subtypeDescription":"Article","source-id":"27069","openaccess":"0","openaccessFlag":false},{"@_fa": "true", "link": [{"@_fa": "true", "@ref": "self", "@href": "https://api.elsevier.com/content/abstract/scopus_id/0343723976"},{"@_fa": "true", "@ref": "author-affiliation", "@href": "https://api.elsevier.com/content/abstract/scopus_id/0343723976?field=author,affiliation"},{"@_fa": "true", "@ref": "scopus", "@href": "https://www.scopus.com/inward/record.uri?partnerID=HzOxMe3b&scp=0343723976&origin=inward"},{"@_fa": "true", "@ref": "scopus-citedby", "@href": "https://www.scopus.com/inward/citedby.uri?partnerID=HzOxMe3b&scp=0343723976&origin=inward"}],"prism:url":"https://api.elsevier.com/content/abstract/scopus_id/0343723976","dc:identifier":"SCOPUS_ID:0343723976","eid":"2-s2.0-0343723976","dc:title":"The Social Relations of the Planner","dc:creator":"Bolan R.","prism:publicationName":"Journal of the American Planning Association","prism:issn":"01944363","prism:volume":"37","prism:issueIdentifier":"6","prism:pageRange":"386-396","prism:coverDate":"1971-01-01","prism:coverDisplayDate":"November 1971","prism:doi":"10.1080/01944367108977388","citedby-count":"18","affiliation": [{"@_fa": "true", "affilname":"Boston College","affiliation-city":"Chestnut Hill","affiliation-country":"United States"}],"prism:aggregationType":"Journal","subtype":"ar","subtypeDescription":"Article","source-id":"13934","openaccess":"0","openaccessFlag":false},{"@_fa": "true", "link": [{"@_fa": "true", "@ref": "self", "@href": "https://api.elsevier.com/content/abstract/scopus_id/84928939667"},{"@_fa": "true", "@ref": "author-affiliation", "@href": "https://api.elsevier.com/content/abstract/scopus_id/84928939667?field=author,affiliation"},{"@_fa": "true", "@ref": "scopus", "@href": "https://www.scopus.com/inward/record.uri?partnerID=HzOxMe3b&scp=84928939667&origin=inward"},{"@_fa": "true", "@ref": "scopus-citedby", "@href": "https://www.scopus.com/inward/citedby.uri?partnerID=HzOxMe3b&scp=84928939667&origin=inward"}],"prism:url":"https://api.elsevier.com/content/abstract/scopus_id/84928939667","dc:identifier":"SCOPUS_ID:84928939667","eid":"2-s2.0-84928939667","dc:title":"An approximation of all-pole transfer functions and application to distributed RC networks","dc:creator":"Roy S.","prism:publicationName":"International Journal of Electrical Engineering Education","prism:issn":"00207209","prism:eIssn":"20504578","prism:volume":"9","prism:issueIdentifier":"3","prism:pageRange":"173-179","prism:coverDate":"1971-01-01","prism:coverDisplayDate":"10 June 1971","prism:doi":"10.1177/002072097100900303","citedby-count":"3","affiliation": [{"@_fa": "true", "affilname":"Indian Institute of Technology Delhi","affiliation-city":"New Delhi","affiliation-country":"India"}],"prism:aggregationType":"Journal","subtype":"ar","subtypeDescription":"Article","source-id":"17966","openaccess":"0","openaccessFlag":false},{"@_fa": "true", "link": [{"@_fa": "true", "@ref": "self", "@href": "https://api.elsevier.com/content/abstract/scopus_id/0015053582"},{"@_fa": "true", "@ref": "author-affiliation", "@href": "https://api.elsevier.com/content/abstract/scopus_id/0015053582?field=author,affiliation"},{"@_fa": "true", "@ref": "scopus", "@href": "https://www.scopus.com/inward/record.uri?partnerID=HzOxMe3b&scp=0015053582&origin=inward"},{"@_fa": "true", "@ref": "scopus-citedby", "@href": "https://www.scopus.com/inward/citedby.uri?partnerID=HzOxMe3b&scp=0015053582&origin=inward"}],"prism:url":"https://api.elsevier.com/content/abstract/scopus_id/0015053582","dc:identifier":"SCOPUS_ID:0015053582","eid":"2-s2.0-0015053582","dc:title":"A COMPUTER CONTROL SCHEME FOR CRITICAL-INTERSECTION CONTROL IN AN URBAN NETWORK","dc:creator":"ROSS DW","prism:publicationName":"Transportation Science","prism:issn":"00411655","prism:volume":"5","prism:issueIdentifier":"2","prism:pageRange":"141-160","prism:coverDate":"1971-01-01","prism:coverDisplayDate":"May","citedby-count":"4","prism:aggregationType":"Journal","subtype":"ar","subtypeDescription":"Article","source-id":"20910","openaccess":"0","openaccessFlag":false},{"@_fa": "true", "link": [{"@_fa": "true", "@ref": "self", "@href": "https://api.elsevier.com/content/abstract/scopus_id/84984175034"},{"@_fa": "true", "@ref": "author-affiliation", "@href": "https://api.elsevier.com/content/abstract/scopus_id/84984175034?field=author,affiliation"},{"@_fa": "true", "@ref": "scopus", "@href": "https://www.scopus.com/inward/record.uri?partnerID=HzOxMe3b&scp=84984175034&origin=inward"},{"@_fa": "true", "@ref": "scopus-citedby", "@href": "https://www.scopus.com/inward/citedby.uri?partnerID=HzOxMe3b&scp=84984175034&origin=inward"}],"prism:url":"https://api.elsevier.com/content/abstract/scopus_id/84984175034","dc:identifier":"SCOPUS_ID:84984175034","eid":"2-s2.0-84984175034","dc:title":"Social Networks and Innovation in the Division of Labour between Men and Women in the Family and in the Community: A Study of Moroccan Immigrants in Israel","dc:creator":"Minkovitz M.","prism:publicationName":"Canadian Review of Sociology/Revue canadienne de sociologie","prism:issn":"17556171","prism:eIssn":"1755618X","prism:volume":"8","prism:issueIdentifier":"1","prism:pageRange":"1-17","prism:coverDate":"1971-01-01","prism:coverDisplayDate":"February 1971","prism:doi":"10.1111/j.1755-618X.1971.tb02344.x","citedby-count":"3","affiliation": [{"@_fa": "true", "affilname":"Tel Aviv University","affiliation-city":"Tel Aviv-Yafo","affiliation-country":"Israel"}],"prism:aggregationType":"Journal","subtype":"ar","subtypeDescription":"Article","source-id":"12000154533","openaccess":"0","openaccessFlag":false},{"@_fa": "true", "link": [{"@_fa": "true", "@ref": "self", "@href": "https://api.elsevier.com/content/abstract/scopus_id/84948056469"},{"@_fa": "true", "@ref": "author-affiliation", "@href": "https://api.elsevier.com/content/abstract/scopus_id/84948056469?field=author,affiliation"},{"@_fa": "true", "@ref": "scopus", "@href": "https://www.scopus.com/inward/record.uri?partnerID=HzOxMe3b&scp=84948056469&origin=inward"},{"@_fa": "true", "@ref": "scopus-citedby", "@href": "https://www.scopus.com/inward/citedby.uri?partnerID=HzOxMe3b&scp=84948056469&origin=inward"}],"prism:url":"https://api.elsevier.com/content/abstract/scopus_id/84948056469","dc:identifier":"SCOPUS_ID:84948056469","eid":"2-s2.0-84948056469","dc:title":"Discounted Cash Flow Analysis and Plan Evaluation","dc:creator":"Cochrane R.","prism:publicationName":"Journal of the American Planning Association","prism:issn":"01944363","prism:volume":"37","prism:issueIdentifier":"5","prism:pageRange":"338-343","prism:coverDate":"1971-01-01","prism:coverDisplayDate":"September 1971","prism:doi":"10.1080/01944367108977841","citedby-count":"0","affiliation": [{"@_fa": "true", "affilname":"Senior Engineer with Maunsell and Partners","affiliation-city":"Melbourne","affiliation-country":"Australia"}],"prism:aggregationType":"Journal","subtype":"ar","subtypeDescription":"Article","source-id":"13934","openaccess":"0","openaccessFlag":false},{"@_fa": "true", "link": [{"@_fa": "true", "@ref": "self", "@href": "https://api.elsevier.com/content/abstract/scopus_id/84887685591"},{"@_fa": "true", "@ref": "author-affiliation", "@href": "https://api.elsevier.com/content/abstract/scopus_id/84887685591?field=author,affiliation"},{"@_fa": "true", "@ref": "scopus", "@href": "https://www.scopus.com/inward/record.uri?partnerID=HzOxMe3b&scp=84887685591&origin=inward"},{"@_fa": "true", "@ref": "scopus-citedby", "@href": "https://www.scopus.com/inward/citedby.uri?partnerID=HzOxMe3b&scp=84887685591&origin=inward"}],"prism:url":"https://api.elsevier.com/content/abstract/scopus_id/84887685591","dc:identifier":"SCOPUS_ID:84887685591","eid":"2-s2.0-84887685591","dc:title":"Man’s movement and his settlements","dc:creator":"Doxiadis C.","prism:publicationName":"International Journal of Environmental Studies","prism:issn":"00207233","prism:eIssn":"10290400","prism:volume":"1","prism:issueIdentifier":"1-4","prism:pageRange":"19-30","prism:coverDate":"1971-01-01","prism:coverDisplayDate":"1 January 1971","prism:doi":"10.1080/00207237008709391","citedby-count":"2","prism:aggregationType":"Journal","subtype":"ar","subtypeDescription":"Article","source-id":"110000","openaccess":"0","openaccessFlag":false},{"@_fa": "true", "link": [{"@_fa": "true", "@ref": "self", "@href": "https://api.elsevier.com/content/abstract/scopus_id/84989432251"},{"@_fa": "true", "@ref": "author-affiliation", "@href": "https://api.elsevier.com/content/abstract/scopus_id/84989432251?field=author,affiliation"},{"@_fa": "true", "@ref": "scopus", "@href": "https://www.scopus.com/inward/record.uri?partnerID=HzOxMe3b&scp=84989432251&origin=inward"},{"@_fa": "true", "@ref": "scopus-citedby", "@href": "https://www.scopus.com/inward/citedby.uri?partnerID=HzOxMe3b&scp=84989432251&origin=inward"}],"prism:url":"https://api.elsevier.com/content/abstract/scopus_id/84989432251","dc:identifier":"SCOPUS_ID:84989432251","eid":"2-s2.0-84989432251","dc:title":"Reviews / Comptes rendus","prism:publicationName":"Canadian Geographer / Le Géographe canadien","prism:issn":"00083658","prism:eIssn":"15410064","prism:volume":"15","prism:issueIdentifier":"2","prism:pageRange":"149-154","prism:coverDate":"1971-01-01","prism:coverDisplayDate":"June 1971","prism:doi":"10.1111/j.1541-0064.1971.tb00151.x","citedby-count":"0","prism:aggregationType":"Trade Journal","subtype":"re","subtypeDescription":"Review","source-id":"27613","openaccess":"0","openaccessFlag":false}]}}