{"search-results":{"opensearch:totalResults":"9795","opensearch:startIndex":"0","opensearch:itemsPerPage":"25","opensearch:Query":{"@role": "request", "@searchTerms": "TITLE-ABS-KEY(\"network\") AND SUBJAREA(SOCI) AND PUBYEAR = 2007", "@startPage": "0"},"link": [{"@_fa": "true", "@ref": "self", "@href": "https://api.elsevier.com/content/search/scopus?start=0&count=25&query=TITLE-ABS-KEY%28%22network%22%29+AND+SUBJAREA%28SOCI%29+AND+PUBYEAR+%3D+2007&apiKey=27d953b4b546791964ebeb768d13e61f&view=STANDARD", "@type": "application/json"},{"@_fa": "true", "@ref": "first", "@href": "https://api.elsevier.com/content/search/scopus?start=0&count=25&query=TITLE-ABS-KEY%28%22network%22%29+AND+SUBJAREA%28SOCI%29+AND+PUBYEAR+%3D+2007&apiKey=27d953b4b546791964ebeb768d13e61f&view=STANDARD", "@type": "application/json"},{"@_fa": "true", "@ref": "next", "@href": "https://api.elsevier.com/content/search/scopus?start=25&count=25&query=TITLE-ABS-KEY%28%22network%22%29+AND+SUBJAREA%28SOCI%29+AND+PUBYEAR+%3D+2007&apiKey=27d953b4b546791964ebeb768d13e61f&view=STANDARD", "@type": "application/json"},{"@_fa": "true", "@ref": "last", "@href": "https://api.elsevier.com/content/search/scopus?start=4975&count=25&query=TITLE-ABS-KEY%28%22network%22%29+AND+SUBJAREA%28SOCI%29+AND+PUBYEAR+%3D+2007&apiKey=27d953b4b546791964ebeb768d13e61f&view=STANDARD", "@type": "application/json"}],"entry": [{"@_fa": "true", "link": [{"@_fa": "true", "@ref": "self", "@href": "https://api.elsevier.com/content/abstract/scopus_id/37349009298"},{"@_fa": "true", "@ref": "author-affiliation", "@href": "https://api.elsevier.com/content/abstract/scopus_id/37349009298?field=author,affiliation"},{"@_fa": "true", "@ref": "scopus", "@href": "https://www.scopus.com/inward/record.uri?partnerID=HzOxMe3b&scp=37349009298&origin=inward"},{"@_fa": "true", "@ref": "scopus-citedby", "@href": "https://www.scopus.com/inward/citedby.uri?partnerID=HzOxMe3b&scp=37349009298&origin=inward"}],"prism:url":"https://api.elsevier.com/content/abstract/scopus_id/37349009298","dc:identifier":"SCOPUS_ID:37349009298","eid":"2-s2.0-37349009298","dc:title":"A methodology for the modeling of rail vehicles from time series measurements using time-delay neural networks","dc:creator":"Zolock J.","prism:publicationName":"American Society of Mechanical Engineers, Rail Transportation Division (Publication) RTD","prism:issn":"10788883","prism:isbn": [{"@_fa": "true", "$" :"9780791848005"}],"prism:pageRange":"95-104","prism:coverDate":"2007-12-28","prism:coverDisplayDate":"2007","prism:doi":"10.1115/RTDF2007-46022","citedby-count":"0","affiliation": [{"@_fa": "true", "affilname":"Exponent Failure Analysis Associates","affiliation-city":"Natick","affiliation-country":"United States"}],"prism:aggregationType":"Conference Proceeding","subtype":"cp","subtypeDescription":"Conference Paper","source-id":"54407","openaccess":"0","openaccessFlag":false},{"@_fa": "true", "link": [{"@_fa": "true", "@ref": "self", "@href": "https://api.elsevier.com/content/abstract/scopus_id/37349101988"},{"@_fa": "true", "@ref": "author-affiliation", "@href": "https://api.elsevier.com/content/abstract/scopus_id/37349101988?field=author,affiliation"},{"@_fa": "true", "@ref": "scopus", "@href": "https://www.scopus.com/inward/record.uri?partnerID=HzOxMe3b&scp=37349101988&origin=inward"},{"@_fa": "true", "@ref": "scopus-citedby", "@href": "https://www.scopus.com/inward/citedby.uri?partnerID=HzOxMe3b&scp=37349101988&origin=inward"}],"prism:url":"https://api.elsevier.com/content/abstract/scopus_id/37349101988","dc:identifier":"SCOPUS_ID:37349101988","eid":"2-s2.0-37349101988","dc:title":"Proceedings of the ASME Rail Transportation Division Fall Conference 2007","prism:publicationName":"American Society of Mechanical Engineers, Rail Transportation Division (Publication) RTD","prism:issn":"10788883","prism:isbn": [{"@_fa": "true", "$" :"9780791848005"}],"prism:pageRange":null,"prism:coverDate":"2007-12-28","prism:coverDisplayDate":"2007","citedby-count":"0","prism:aggregationType":"Conference Proceeding","subtype":"cr","subtypeDescription":"Conference Review","source-id":"54407","openaccess":"0","openaccessFlag":false},{"@_fa": "true", "link": [{"@_fa": "true", "@ref": "self", "@href": "https://api.elsevier.com/content/abstract/scopus_id/37349057952"},{"@_fa": "true", "@ref": "author-affiliation", "@href": "https://api.elsevier.com/content/abstract/scopus_id/37349057952?field=author,affiliation"},{"@_fa": "true", "@ref": "scopus", "@href": "https://www.scopus.com/inward/record.uri?partnerID=HzOxMe3b&scp=37349057952&origin=inward"},{"@_fa": "true", "@ref": "scopus-citedby", "@href": "https://www.scopus.com/inward/citedby.uri?partnerID=HzOxMe3b&scp=37349057952&origin=inward"}],"prism:url":"https://api.elsevier.com/content/abstract/scopus_id/37349057952","dc:identifier":"SCOPUS_ID:37349057952","eid":"2-s2.0-37349057952","dc:title":"Practices of relatedness and the re-invention of duol as a network of care for orphans and widows in western Kenya","dc:creator":"Nyambedha E.","prism:publicationName":"Africa","prism:issn":"00019720","prism:volume":"77","prism:issueIdentifier":"4","prism:pageRange":"517-534","prism:coverDate":"2007-12-28","prism:coverDisplayDate":"2007","prism:doi":"10.3366/afr.2007.77.4.517","citedby-count":"15","affiliation": [{"@_fa": "true", "affilname":"Maseno University","affiliation-city":"Maseno","affiliation-country":"Kenya"},{"@_fa": "true", "affilname":"Københavns Universitet","affiliation-city":"Copenhagen","affiliation-country":"Denmark"}],"prism:aggregationType":"Journal","subtype":"ar","subtypeDescription":"Article","source-id":"18463","openaccess":"0","openaccessFlag":false},{"@_fa": "true", "link": [{"@_fa": "true", "@ref": "self", "@href": "https://api.elsevier.com/content/abstract/scopus_id/37349012176"},{"@_fa": "true", "@ref": "author-affiliation", "@href": "https://api.elsevier.com/content/abstract/scopus_id/37349012176?field=author,affiliation"},{"@_fa": "true", "@ref": "scopus", "@href": "https://www.scopus.com/inward/record.uri?partnerID=HzOxMe3b&scp=37349012176&origin=inward"},{"@_fa": "true", "@ref": "scopus-citedby", "@href": "https://www.scopus.com/inward/citedby.uri?partnerID=HzOxMe3b&scp=37349012176&origin=inward"}],"prism:url":"https://api.elsevier.com/content/abstract/scopus_id/37349012176","dc:identifier":"SCOPUS_ID:37349012176","eid":"2-s2.0-37349012176","dc:title":"Water reforms in developing countries: Management transfers, private operators and water markets","dc:creator":"Zekri S.","prism:publicationName":"Water Policy","prism:issn":"13667017","prism:volume":"9","prism:issueIdentifier":"6","prism:pageRange":"573-589","prism:coverDate":"2007-12-28","prism:coverDisplayDate":"2007","prism:doi":"10.2166/wp.2007.127","citedby-count":"14","affiliation": [{"@_fa": "true", "affilname":"Sultan Qaboos University","affiliation-city":"Muscat","affiliation-country":"Oman"}],"prism:aggregationType":"Journal","subtype":"ar","subtypeDescription":"Article","source-id":"18783","openaccess":"0","openaccessFlag":false},{"@_fa": "true", "link": [{"@_fa": "true", "@ref": "self", "@href": "https://api.elsevier.com/content/abstract/scopus_id/37249055961"},{"@_fa": "true", "@ref": "author-affiliation", "@href": "https://api.elsevier.com/content/abstract/scopus_id/37249055961?field=author,affiliation"},{"@_fa": "true", "@ref": "scopus", "@href": "https://www.scopus.com/inward/record.uri?partnerID=HzOxMe3b&scp=37249055961&origin=inward"},{"@_fa": "true", "@ref": "scopus-citedby", "@href": "https://www.scopus.com/inward/citedby.uri?partnerID=HzOxMe3b&scp=37249055961&origin=inward"}],"prism:url":"https://api.elsevier.com/content/abstract/scopus_id/37249055961","dc:identifier":"SCOPUS_ID:37249055961","eid":"2-s2.0-37249055961","dc:title":"Academic network for microelectronic test education","dc:creator":"Novak F.","prism:publicationName":"International Journal of Engineering Education","prism:issn":"0949149X","prism:volume":"23","prism:issueIdentifier":"6","prism:pageRange":"1245-1253","prism:coverDate":"2007-12-26","prism:coverDisplayDate":"2007","citedby-count":"3","affiliation": [{"@_fa": "true", "affilname":"Jozef Stefan Institute","affiliation-city":"Ljubljana","affiliation-country":"Slovenia"}],"prism:aggregationType":"Journal","subtype":"ar","subtypeDescription":"Article","source-id":"12345","openaccess":"0","openaccessFlag":false},{"@_fa": "true", "link": [{"@_fa": "true", "@ref": "self", "@href": "https://api.elsevier.com/content/abstract/scopus_id/37249003279"},{"@_fa": "true", "@ref": "author-affiliation", "@href": "https://api.elsevier.com/content/abstract/scopus_id/37249003279?field=author,affiliation"},{"@_fa": "true", "@ref": "scopus", "@href": "https://www.scopus.com/inward/record.uri?partnerID=HzOxMe3b&scp=37249003279&origin=inward"},{"@_fa": "true", "@ref": "scopus-citedby", "@href": "https://www.scopus.com/inward/citedby.uri?partnerID=HzOxMe3b&scp=37249003279&origin=inward"},{"@_fa": "true", "@ref": "full-text", "@href": "https://api.elsevier.com/content/article/eid/1-s2.0-S0275495907000026"}],"prism:url":"https://api.elsevier.com/content/abstract/scopus_id/37249003279","dc:identifier":"SCOPUS_ID:37249003279","eid":"2-s2.0-37249003279","dc:title":"Theorising inequalities in the experience and management of chronic illness: Bringing social networks and social capital back in (critically)","dc:creator":"Sanders C.","prism:publicationName":"Research in the Sociology of Health Care","prism:issn":"02754959","prism:isbn": [{"@_fa": "true", "$" :"9780762314744"}],"prism:volume":"25","prism:pageRange":"15-42","prism:coverDate":"2007-12-21","prism:coverDisplayDate":"2007","prism:doi":"10.1016/S0275-4959(07)00002-6","pii":"S0275495907000026","citedby-count":"7","prism:aggregationType":"Book Series","subtype":"re","subtypeDescription":"Review","source-id":"17784","openaccess":"0","openaccessFlag":false},{"@_fa": "true", "link": [{"@_fa": "true", "@ref": "self", "@href": "https://api.elsevier.com/content/abstract/scopus_id/37249022309"},{"@_fa": "true", "@ref": "author-affiliation", "@href": "https://api.elsevier.com/content/abstract/scopus_id/37249022309?field=author,affiliation"},{"@_fa": "true", "@ref": "scopus", "@href": "https://www.scopus.com/inward/record.uri?partnerID=HzOxMe3b&scp=37249022309&origin=inward"},{"@_fa": "true", "@ref": "scopus-citedby", "@href": "https://www.scopus.com/inward/citedby.uri?partnerID=HzOxMe3b&scp=37249022309&origin=inward"}],"prism:url":"https://api.elsevier.com/content/abstract/scopus_id/37249022309","dc:identifier":"SCOPUS_ID:37249022309","eid":"2-s2.0-37249022309","dc:title":"Cultural theory and the dynamics of organizational change: The response of housing associations in London to the housing act 1988","dc:creator":"Manzi T.","prism:publicationName":"Housing, Theory and Society","prism:issn":"14036096","prism:eIssn":"16512278","prism:volume":"24","prism:issueIdentifier":"4","prism:pageRange":"251-271","prism:coverDate":"2007-12-21","prism:coverDisplayDate":"2007","prism:doi":"10.1080/14036090601149180","pii":"771179208","citedby-count":"7","affiliation": [{"@_fa": "true", "affilname":"University of Westminster","affiliation-city":"London","affiliation-country":"United Kingdom"}],"prism:aggregationType":"Journal","subtype":"ar","subtypeDescription":"Article","source-id":"13857","openaccess":"0","openaccessFlag":false},{"@_fa": "true", "link": [{"@_fa": "true", "@ref": "self", "@href": "https://api.elsevier.com/content/abstract/scopus_id/84993073492"},{"@_fa": "true", "@ref": "author-affiliation", "@href": "https://api.elsevier.com/content/abstract/scopus_id/84993073492?field=author,affiliation"},{"@_fa": "true", "@ref": "scopus", "@href": "https://www.scopus.com/inward/record.uri?partnerID=HzOxMe3b&scp=84993073492&origin=inward"},{"@_fa": "true", "@ref": "scopus-citedby", "@href": "https://www.scopus.com/inward/citedby.uri?partnerID=HzOxMe3b&scp=84993073492&origin=inward"}],"prism:url":"https://api.elsevier.com/content/abstract/scopus_id/84993073492","dc:identifier":"SCOPUS_ID:84993073492","eid":"2-s2.0-84993073492","dc:title":"New user support in the university network with DACS scheme","dc:creator":"Odagiri K.","prism:publicationName":"Interactive Technology and Smart Education","prism:issn":"17415659","prism:eIssn":"17588510","prism:volume":"4","prism:issueIdentifier":"3","prism:pageRange":"138-146","prism:coverDate":"2007-12-20","prism:coverDisplayDate":"20 December 2007","prism:doi":"10.1108/17415650780000324","citedby-count":"1","affiliation": [{"@_fa": "true", "affilname":"Aichi Institute of Technology","affiliation-city":"Toyota","affiliation-country":"Japan"},{"@_fa": "true", "affilname":"Toyota Technological Insititute","affiliation-city":"Nagoya","affiliation-country":"Japan"}],"prism:aggregationType":"Journal","subtype":"ar","subtypeDescription":"Article","source-id":"21100385802","openaccess":"0","openaccessFlag":false},{"@_fa": "true", "link": [{"@_fa": "true", "@ref": "self", "@href": "https://api.elsevier.com/content/abstract/scopus_id/37148998829"},{"@_fa": "true", "@ref": "author-affiliation", "@href": "https://api.elsevier.com/content/abstract/scopus_id/37148998829?field=author,affiliation"},{"@_fa": "true", "@ref": "scopus", "@href": "https://www.scopus.com/inward/record.uri?partnerID=HzOxMe3b&scp=37148998829&origin=inward"},{"@_fa": "true", "@ref": "scopus-citedby", "@href": "https://www.scopus.com/inward/citedby.uri?partnerID=HzOxMe3b&scp=37148998829&origin=inward"}],"prism:url":"https://api.elsevier.com/content/abstract/scopus_id/37148998829","dc:identifier":"SCOPUS_ID:37148998829","eid":"2-s2.0-37148998829","dc:title":"Daily travel in times of crisis","dc:creator":"Olvera L.","prism:publicationName":"BELGEO","prism:issn":"13772368","prism:issueIdentifier":"2","prism:pageRange":"173-187","prism:coverDate":"2007-12-20","prism:coverDisplayDate":"2007","citedby-count":"4","affiliation": [{"@_fa": "true", "affilname":"Ecole Nationale des Travaux Publics de l'Etat","affiliation-city":"Vaulx-en-Velin","affiliation-country":"France"},{"@_fa": "true", "affilname":"Laboratoire d'Economie des Transports (Vaulx-en-Velin","affiliation-city":null,"affiliation-country":null}],"prism:aggregationType":"Journal","subtype":"ar","subtypeDescription":"Article","source-id":"12570","openaccess":"0","openaccessFlag":false},{"@_fa": "true", "link": [{"@_fa": "true", "@ref": "self", "@href": "https://api.elsevier.com/content/abstract/scopus_id/37149051271"},{"@_fa": "true", "@ref": "author-affiliation", "@href": "https://api.elsevier.com/content/abstract/scopus_id/37149051271?field=author,affiliation"},{"@_fa": "true", "@ref": "scopus", "@href": "https://www.scopus.com/inward/record.uri?partnerID=HzOxMe3b&scp=37149051271&origin=inward"},{"@_fa": "true", "@ref": "scopus-citedby", "@href": "https://www.scopus.com/inward/citedby.uri?partnerID=HzOxMe3b&scp=37149051271&origin=inward"}],"prism:url":"https://api.elsevier.com/content/abstract/scopus_id/37149051271","dc:identifier":"SCOPUS_ID:37149051271","eid":"2-s2.0-37149051271","dc:title":"Railroads in Subsaharan Africa, between past days and uncertain reconstructions","dc:creator":"Pourtier R.","prism:publicationName":"BELGEO","prism:issn":"13772368","prism:issueIdentifier":"2","prism:pageRange":"189-202","prism:coverDate":"2007-12-20","prism:coverDisplayDate":"2007","citedby-count":"1","affiliation": [{"@_fa": "true", "affilname":"Universite Paris 1 Pantheon-Sorbonne","affiliation-city":"Paris","affiliation-country":"France"}],"prism:aggregationType":"Journal","subtype":"ar","subtypeDescription":"Article","source-id":"12570","openaccess":"0","openaccessFlag":false},{"@_fa": "true", "link": [{"@_fa": "true", "@ref": "self", "@href": "https://api.elsevier.com/content/abstract/scopus_id/37149004600"},{"@_fa": "true", "@ref": "author-affiliation", "@href": "https://api.elsevier.com/content/abstract/scopus_id/37149004600?field=author,affiliation"},{"@_fa": "true", "@ref": "scopus", "@href": "https://www.scopus.com/inward/record.uri?partnerID=HzOxMe3b&scp=37149004600&origin=inward"},{"@_fa": "true", "@ref": "scopus-citedby", "@href": "https://www.scopus.com/inward/citedby.uri?partnerID=HzOxMe3b&scp=37149004600&origin=inward"}],"prism:url":"https://api.elsevier.com/content/abstract/scopus_id/37149004600","dc:identifier":"SCOPUS_ID:37149004600","eid":"2-s2.0-37149004600","dc:title":"From migration der frau aus berggebieten(1) to gender and sustainable development dynamics in the field of gender and geography in Switzerland and in the German-speaking context","dc:creator":"Buehler E.","prism:publicationName":"BELGEO","prism:issn":"13772368","prism:issueIdentifier":"3","prism:pageRange":"275-299","prism:coverDate":"2007-12-20","prism:coverDisplayDate":"2007","citedby-count":"3","affiliation": [{"@_fa": "true", "affilname":"University of Zurich","affiliation-city":"Zurich","affiliation-country":"Switzerland"}],"prism:aggregationType":"Journal","subtype":"re","subtypeDescription":"Review","source-id":"12570","openaccess":"0","openaccessFlag":false},{"@_fa": "true", "link": [{"@_fa": "true", "@ref": "self", "@href": "https://api.elsevier.com/content/abstract/scopus_id/84917246953"},{"@_fa": "true", "@ref": "author-affiliation", "@href": "https://api.elsevier.com/content/abstract/scopus_id/84917246953?field=author,affiliation"},{"@_fa": "true", "@ref": "scopus", "@href": "https://www.scopus.com/inward/record.uri?partnerID=HzOxMe3b&scp=84917246953&origin=inward"},{"@_fa": "true", "@ref": "scopus-citedby", "@href": "https://www.scopus.com/inward/citedby.uri?partnerID=HzOxMe3b&scp=84917246953&origin=inward"}],"prism:url":"https://api.elsevier.com/content/abstract/scopus_id/84917246953","dc:identifier":"SCOPUS_ID:84917246953","eid":"2-s2.0-84917246953","dc:title":"The globalization of political violence: Globalization's shadow","dc:creator":"Devetak R.","prism:publicationName":"The Globalization of Political Violence: Globalization's Shadow","prism:isbn": [{"@_fa": "true", "$" :"0203935691"},{"@_fa": "true", "$" :"9780203935699"}],"prism:pageRange":"1-291","prism:coverDate":"2007-12-19","prism:coverDisplayDate":"December 19, 2007","prism:doi":"10.4324/9780203935699","citedby-count":"8","affiliation": [{"@_fa": "true", "affilname":"University of Queensland","affiliation-city":"Brisbane","affiliation-country":"Australia"}],"prism:aggregationType":"Book","subtype":"bk","subtypeDescription":"Book","source-id":"21100349689","openaccess":"0","openaccessFlag":false},{"@_fa": "true", "link": [{"@_fa": "true", "@ref": "self", "@href": "https://api.elsevier.com/content/abstract/scopus_id/37149022252"},{"@_fa": "true", "@ref": "author-affiliation", "@href": "https://api.elsevier.com/content/abstract/scopus_id/37149022252?field=author,affiliation"},{"@_fa": "true", "@ref": "scopus", "@href": "https://www.scopus.com/inward/record.uri?partnerID=HzOxMe3b&scp=37149022252&origin=inward"},{"@_fa": "true", "@ref": "scopus-citedby", "@href": "https://www.scopus.com/inward/citedby.uri?partnerID=HzOxMe3b&scp=37149022252&origin=inward"}],"prism:url":"https://api.elsevier.com/content/abstract/scopus_id/37149022252","dc:identifier":"SCOPUS_ID:37149022252","eid":"2-s2.0-37149022252","dc:title":"Commodity chains in the Cuban food economy","dc:creator":"Krüger D.","prism:publicationName":"Erde","prism:issn":"00139998","prism:volume":"138","prism:issueIdentifier":"2","prism:pageRange":"187-212","prism:coverDate":"2007-12-19","prism:coverDisplayDate":"2007","citedby-count":"0","prism:aggregationType":"Journal","subtype":"ar","subtypeDescription":"Article","source-id":"28104","openaccess":"0","openaccessFlag":false},{"@_fa": "true", "link": [{"@_fa": "true", "@ref": "self", "@href": "https://api.elsevier.com/content/abstract/scopus_id/37049027514"},{"@_fa": "true", "@ref": "author-affiliation", "@href": "https://api.elsevier.com/content/abstract/scopus_id/37049027514?field=author,affiliation"},{"@_fa": "true", "@ref": "scopus", "@href": "https://www.scopus.com/inward/record.uri?partnerID=HzOxMe3b&scp=37049027514&origin=inward"},{"@_fa": "true", "@ref": "scopus-citedby", "@href": "https://www.scopus.com/inward/citedby.uri?partnerID=HzOxMe3b&scp=37049027514&origin=inward"}],"prism:url":"https://api.elsevier.com/content/abstract/scopus_id/37049027514","dc:identifier":"SCOPUS_ID:37049027514","eid":"2-s2.0-37049027514","dc:title":"Travels in space and place: Identity and rural schooling","dc:creator":"Corbett M.","prism:publicationName":"Canadian Journal of Education","prism:issn":"03802361","prism:volume":"30","prism:issueIdentifier":"3","prism:pageRange":"771-792","prism:coverDate":"2007-12-18","prism:coverDisplayDate":"2007","citedby-count":"19","affiliation": [{"@_fa": "true", "affilname":"Acadia University","affiliation-city":"Wolfville","affiliation-country":"Canada"}],"prism:aggregationType":"Journal","subtype":"ar","subtypeDescription":"Article","source-id":"100147334","openaccess":"0","openaccessFlag":false},{"@_fa": "true", "link": [{"@_fa": "true", "@ref": "self", "@href": "https://api.elsevier.com/content/abstract/scopus_id/42949171434"},{"@_fa": "true", "@ref": "author-affiliation", "@href": "https://api.elsevier.com/content/abstract/scopus_id/42949171434?field=author,affiliation"},{"@_fa": "true", "@ref": "scopus", "@href": "https://www.scopus.com/inward/record.uri?partnerID=HzOxMe3b&scp=42949171434&origin=inward"},{"@_fa": "true", "@ref": "scopus-citedby", "@href": "https://www.scopus.com/inward/citedby.uri?partnerID=HzOxMe3b&scp=42949171434&origin=inward"}],"prism:url":"https://api.elsevier.com/content/abstract/scopus_id/42949171434","dc:identifier":"SCOPUS_ID:42949171434","eid":"2-s2.0-42949171434","dc:title":"Masculinity as political strategy George W. Bush, the \"war on terrorism\" and an echoing press","dc:creator":"Coe K.","prism:publicationName":"Journal of Women, Politics and Policy","prism:issn":"1554477X","prism:eIssn":"15544788","prism:volume":"29","prism:issueIdentifier":"1","prism:pageRange":"31-55","prism:coverDate":"2007-12-18","prism:coverDisplayDate":"18 December 2007","prism:doi":"10.1300/J501v29n01_03","citedby-count":"12","affiliation": [{"@_fa": "true", "affilname":"University of Illinois at Urbana-Champaign","affiliation-city":"Urbana","affiliation-country":"United States"}],"prism:aggregationType":"Journal","subtype":"ar","subtypeDescription":"Article","source-id":"4400151519","openaccess":"0","openaccessFlag":false},{"@_fa": "true", "link": [{"@_fa": "true", "@ref": "self", "@href": "https://api.elsevier.com/content/abstract/scopus_id/34447262088"},{"@_fa": "true", "@ref": "author-affiliation", "@href": "https://api.elsevier.com/content/abstract/scopus_id/34447262088?field=author,affiliation"},{"@_fa": "true", "@ref": "scopus", "@href": "https://www.scopus.com/inward/record.uri?partnerID=HzOxMe3b&scp=34447262088&origin=inward"},{"@_fa": "true", "@ref": "scopus-citedby", "@href": "https://www.scopus.com/inward/citedby.uri?partnerID=HzOxMe3b&scp=34447262088&origin=inward"},{"@_fa": "true", "@ref": "full-text", "@href": "https://api.elsevier.com/content/article/eid/1-s2.0-S0377221706002335"}],"prism:url":"https://api.elsevier.com/content/abstract/scopus_id/34447262088","dc:identifier":"SCOPUS_ID:34447262088","eid":"2-s2.0-34447262088","dc:title":"An empirical study of ICASE learning curves and probability bounds for software development effort","dc:creator":"Pendharkar P.","prism:publicationName":"European Journal of Operational Research","prism:issn":"03772217","prism:volume":"183","prism:issueIdentifier":"3","prism:pageRange":"1086-1096","prism:coverDate":"2007-12-16","prism:coverDisplayDate":"16 December 2007","prism:doi":"10.1016/j.ejor.2005.07.029","pii":"S0377221706002335","citedby-count":"10","prism:aggregationType":"Journal","subtype":"ar","subtypeDescription":"Article","source-id":"22489","openaccess":"0","openaccessFlag":false},{"@_fa": "true", "link": [{"@_fa": "true", "@ref": "self", "@href": "https://api.elsevier.com/content/abstract/scopus_id/34447292534"},{"@_fa": "true", "@ref": "author-affiliation", "@href": "https://api.elsevier.com/content/abstract/scopus_id/34447292534?field=author,affiliation"},{"@_fa": "true", "@ref": "scopus", "@href": "https://www.scopus.com/inward/record.uri?partnerID=HzOxMe3b&scp=34447292534&origin=inward"},{"@_fa": "true", "@ref": "scopus-citedby", "@href": "https://www.scopus.com/inward/citedby.uri?partnerID=HzOxMe3b&scp=34447292534&origin=inward"},{"@_fa": "true", "@ref": "full-text", "@href": "https://api.elsevier.com/content/article/eid/1-s2.0-S0377221706011878"}],"prism:url":"https://api.elsevier.com/content/abstract/scopus_id/34447292534","dc:identifier":"SCOPUS_ID:34447292534","eid":"2-s2.0-34447292534","dc:title":"Comprehensible credit scoring models using rule extraction from support vector machines","dc:creator":"Martens D.","prism:publicationName":"European Journal of Operational Research","prism:issn":"03772217","prism:volume":"183","prism:issueIdentifier":"3","prism:pageRange":"1466-1476","prism:coverDate":"2007-12-16","prism:coverDisplayDate":"16 December 2007","prism:doi":"10.1016/j.ejor.2006.04.051","pii":"S0377221706011878","citedby-count":"228","prism:aggregationType":"Journal","subtype":"ar","subtypeDescription":"Article","source-id":"22489","openaccess":"0","openaccessFlag":false},{"@_fa": "true", "link": [{"@_fa": "true", "@ref": "self", "@href": "https://api.elsevier.com/content/abstract/scopus_id/36849008536"},{"@_fa": "true", "@ref": "author-affiliation", "@href": "https://api.elsevier.com/content/abstract/scopus_id/36849008536?field=author,affiliation"},{"@_fa": "true", "@ref": "scopus", "@href": "https://www.scopus.com/inward/record.uri?partnerID=HzOxMe3b&scp=36849008536&origin=inward"},{"@_fa": "true", "@ref": "scopus-citedby", "@href": "https://www.scopus.com/inward/citedby.uri?partnerID=HzOxMe3b&scp=36849008536&origin=inward"}],"prism:url":"https://api.elsevier.com/content/abstract/scopus_id/36849008536","dc:identifier":"SCOPUS_ID:36849008536","eid":"2-s2.0-36849008536","dc:title":"European governance - Negotiation and competition in the shadow of hierarchy","dc:creator":"Börzel T.","prism:publicationName":"Politische Vierteljahresschrift","prism:issn":"00323470","prism:issueIdentifier":"SUPPL. 40","prism:pageRange":null,"prism:coverDate":"2007-12-14","prism:coverDisplayDate":"2007","citedby-count":"5","prism:aggregationType":"Journal","subtype":"re","subtypeDescription":"Review","source-id":"23482","openaccess":"0","openaccessFlag":false},{"@_fa": "true", "link": [{"@_fa": "true", "@ref": "self", "@href": "https://api.elsevier.com/content/abstract/scopus_id/36849090782"},{"@_fa": "true", "@ref": "author-affiliation", "@href": "https://api.elsevier.com/content/abstract/scopus_id/36849090782?field=author,affiliation"},{"@_fa": "true", "@ref": "scopus", "@href": "https://www.scopus.com/inward/record.uri?partnerID=HzOxMe3b&scp=36849090782&origin=inward"},{"@_fa": "true", "@ref": "scopus-citedby", "@href": "https://www.scopus.com/inward/citedby.uri?partnerID=HzOxMe3b&scp=36849090782&origin=inward"}],"prism:url":"https://api.elsevier.com/content/abstract/scopus_id/36849090782","dc:identifier":"SCOPUS_ID:36849090782","eid":"2-s2.0-36849090782","dc:title":"The governance of European policies - Convergence, divergence and variation in the EU system","dc:creator":"Tömmel I.","prism:publicationName":"Politische Vierteljahresschrift","prism:issn":"00323470","prism:issueIdentifier":"SUPPL. 40","prism:pageRange":null,"prism:coverDate":"2007-12-14","prism:coverDisplayDate":"2007","citedby-count":"0","prism:aggregationType":"Journal","subtype":"re","subtypeDescription":"Review","source-id":"23482","openaccess":"0","openaccessFlag":false},{"@_fa": "true", "link": [{"@_fa": "true", "@ref": "self", "@href": "https://api.elsevier.com/content/abstract/scopus_id/85005893683"},{"@_fa": "true", "@ref": "author-affiliation", "@href": "https://api.elsevier.com/content/abstract/scopus_id/85005893683?field=author,affiliation"},{"@_fa": "true", "@ref": "scopus", "@href": "https://www.scopus.com/inward/record.uri?partnerID=HzOxMe3b&scp=85005893683&origin=inward"},{"@_fa": "true", "@ref": "scopus-citedby", "@href": "https://www.scopus.com/inward/citedby.uri?partnerID=HzOxMe3b&scp=85005893683&origin=inward"}],"prism:url":"https://api.elsevier.com/content/abstract/scopus_id/85005893683","dc:identifier":"SCOPUS_ID:85005893683","eid":"2-s2.0-85005893683","dc:title":"Metaphors of globalization: Mirrors, magicians and mutinies","dc:creator":"Kornprobst M.","prism:publicationName":"Metaphors of Globalization: Mirrors, Magicians and Mutinies","prism:isbn": [{"@_fa": "true", "$" :"9780230590687"},{"@_fa": "true", "$" :"9780230522268"}],"prism:pageRange":"1-291","prism:coverDate":"2007-12-14","prism:coverDisplayDate":"14 December 2007","prism:doi":"10.1057/9780230590687","citedby-count":"14","affiliation": [{"@_fa": "true", "affilname":"UCL","affiliation-city":"London","affiliation-country":"United Kingdom"}],"prism:aggregationType":"Book","subtype":"bk","subtypeDescription":"Book","source-id":"21100788471","openaccess":"0","openaccessFlag":false},{"@_fa": "true", "link": [{"@_fa": "true", "@ref": "self", "@href": "https://api.elsevier.com/content/abstract/scopus_id/36849080765"},{"@_fa": "true", "@ref": "author-affiliation", "@href": "https://api.elsevier.com/content/abstract/scopus_id/36849080765?field=author,affiliation"},{"@_fa": "true", "@ref": "scopus", "@href": "https://www.scopus.com/inward/record.uri?partnerID=HzOxMe3b&scp=36849080765&origin=inward"},{"@_fa": "true", "@ref": "scopus-citedby", "@href": "https://www.scopus.com/inward/citedby.uri?partnerID=HzOxMe3b&scp=36849080765&origin=inward"}],"prism:url":"https://api.elsevier.com/content/abstract/scopus_id/36849080765","dc:identifier":"SCOPUS_ID:36849080765","eid":"2-s2.0-36849080765","dc:title":"How water acts - A hybrid alliance of forest industry and water environment","dc:creator":"Kortelainen J.","prism:publicationName":"Terra","prism:issn":"00403741","prism:volume":"119","prism:issueIdentifier":"3-4","prism:pageRange":"243-253","prism:coverDate":"2007-12-14","prism:coverDisplayDate":"2007","citedby-count":"1","prism:aggregationType":"Journal","subtype":"ar","subtypeDescription":"Article","source-id":"13162","openaccess":"0","openaccessFlag":false},{"@_fa": "true", "link": [{"@_fa": "true", "@ref": "self", "@href": "https://api.elsevier.com/content/abstract/scopus_id/36849061559"},{"@_fa": "true", "@ref": "author-affiliation", "@href": "https://api.elsevier.com/content/abstract/scopus_id/36849061559?field=author,affiliation"},{"@_fa": "true", "@ref": "scopus", "@href": "https://www.scopus.com/inward/record.uri?partnerID=HzOxMe3b&scp=36849061559&origin=inward"},{"@_fa": "true", "@ref": "scopus-citedby", "@href": "https://www.scopus.com/inward/citedby.uri?partnerID=HzOxMe3b&scp=36849061559&origin=inward"}],"prism:url":"https://api.elsevier.com/content/abstract/scopus_id/36849061559","dc:identifier":"SCOPUS_ID:36849061559","eid":"2-s2.0-36849061559","dc:title":"Institutional design and the European union's democratic deficit","dc:creator":"Cipek T.","prism:publicationName":"Drustvena Istrazivanja","prism:issn":"13300288","prism:volume":"16","prism:issueIdentifier":"4-5","prism:pageRange":"851-855","prism:coverDate":"2007-12-14","prism:coverDisplayDate":"2007","citedby-count":"0","affiliation": [{"@_fa": "true", "affilname":"University of Zagreb, Faculty of Political Science","affiliation-city":"Zagreb","affiliation-country":"Croatia"},{"@_fa": "true", "affilname":"University of Zagreb","affiliation-city":"Zagreb","affiliation-country":"Croatia"},{"@_fa": "true", "affilname":"Fakultät der Politikwissenschaften","affiliation-city":"Zagreb","affiliation-country":"Croatia"}],"prism:aggregationType":"Journal","subtype":"ar","subtypeDescription":"Article","source-id":"26001","openaccess":"0","openaccessFlag":false},{"@_fa": "true", "link": [{"@_fa": "true", "@ref": "self", "@href": "https://api.elsevier.com/content/abstract/scopus_id/36849012945"},{"@_fa": "true", "@ref": "author-affiliation", "@href": "https://api.elsevier.com/content/abstract/scopus_id/36849012945?field=author,affiliation"},{"@_fa": "true", "@ref": "scopus", "@href": "https://www.scopus.com/inward/record.uri?partnerID=HzOxMe3b&scp=36849012945&origin=inward"},{"@_fa": "true", "@ref": "scopus-citedby", "@href": "https://www.scopus.com/inward/citedby.uri?partnerID=HzOxMe3b&scp=36849012945&origin=inward"}],"prism:url":"https://api.elsevier.com/content/abstract/scopus_id/36849012945","dc:identifier":"SCOPUS_ID:36849012945","eid":"2-s2.0-36849012945","dc:title":"A primer on radio frequency identification for libraries","dc:creator":"Curran K.","prism:publicationName":"Library Hi Tech","prism:issn":"07378831","prism:volume":"25","prism:issueIdentifier":"4","prism:pageRange":"595-611","prism:coverDate":"2007-12-14","prism:coverDisplayDate":"2007","prism:doi":"10.1108/07378830710840536","citedby-count":"11","prism:aggregationType":"Journal","subtype":"ar","subtypeDescription":"Article","source-id":"144908","openaccess":"0","openaccessFlag":false},{"@_fa": "true", "link": [{"@_fa": "true", "@ref": "self", "@href": "https://api.elsevier.com/content/abstract/scopus_id/84889340322"},{"@_fa": "true", "@ref": "author-affiliation", "@href": "https://api.elsevier.com/content/abstract/scopus_id/84889340322?field=author,affiliation"},{"@_fa": "true", "@ref": "scopus", "@href": "https://www.scopus.com/inward/record.uri?partnerID=HzOxMe3b&scp=84889340322&origin=inward"},{"@_fa": "true", "@ref": "scopus-citedby", "@href": "https://www.scopus.com/inward/citedby.uri?partnerID=HzOxMe3b&scp=84889340322&origin=inward"}],"prism:url":"https://api.elsevier.com/content/abstract/scopus_id/84889340322","dc:identifier":"SCOPUS_ID:84889340322","eid":"2-s2.0-84889340322","dc:title":"Couples and Their Networks","dc:creator":"Widmer E.","prism:publicationName":"The Blackwell Companion to the Sociology of Families","prism:isbn": [{"@_fa": "true", "$" :"9780631221586"}],"prism:pageRange":"356-373","prism:coverDate":"2007-12-13","prism:coverDisplayDate":"13 December 2007","prism:doi":"10.1002/9780470999004.ch21","citedby-count":"13","affiliation": [{"@_fa": "true", "affilname":"Université de Genève","affiliation-city":"Geneva","affiliation-country":"Switzerland"}],"prism:aggregationType":"Book","subtype":"ch","subtypeDescription":"Chapter","source-id":"21100271880","openaccess":"0","openaccessFlag":false},{"@_fa": "true", "link": [{"@_fa": "true", "@ref": "self", "@href": "https://api.elsevier.com/content/abstract/scopus_id/84866564738"},{"@_fa": "true", "@ref": "author-affiliation", "@href": "https://api.elsevier.com/content/abstract/scopus_id/84866564738?field=author,affiliation"},{"@_fa": "true", "@ref": "scopus", "@href": "https://www.scopus.com/inward/record.uri?partnerID=HzOxMe3b&scp=84866564738&origin=inward"},{"@_fa": "true", "@ref": "scopus-citedby", "@href": "https://www.scopus.com/inward/citedby.uri?partnerID=HzOxMe3b&scp=84866564738&origin=inward"}],"prism:url":"https://api.elsevier.com/content/abstract/scopus_id/84866564738","dc:identifier":"SCOPUS_ID:84866564738","eid":"2-s2.0-84866564738","dc:title":"Class reproduction and social networks in the USA","dc:creator":"Devine F.","prism:publicationName":"The Way Class Works: Readings on School, Family, and the Economy","prism:isbn": [{"@_fa": "true", "$" :"0203935004"},{"@_fa": "true", "$" :"9780203935002"}],"prism:pageRange":"100-116","prism:coverDate":"2007-12-12","prism:coverDisplayDate":"December 12, 2007","prism:doi":"10.4324/9780203935002","citedby-count":"2","affiliation": [{"@_fa": "true", "affilname":"University of Manchester","affiliation-city":"Manchester","affiliation-country":"United Kingdom"}],"prism:aggregationType":"Book","subtype":"ch","subtypeDescription":"Chapter","source-id":"21100349734","openaccess":"0","openaccessFlag":false}]}}