{"search-results":{"opensearch:totalResults":"6","opensearch:startIndex":"0","opensearch:itemsPerPage":"6","opensearch:Query":{"@role": "request", "@searchTerms": "TITLE-ABS-KEY(\"network\") AND SUBJAREA(SOCI) AND PUBYEAR = 1956", "@startPage": "0"},"link": [{"@_fa": "true", "@ref": "self", "@href": "https://api.elsevier.com/content/search/scopus?start=0&count=25&query=TITLE-ABS-KEY%28%22network%22%29+AND+SUBJAREA%28SOCI%29+AND+PUBYEAR+%3D+1956&apiKey=27d953b4b546791964ebeb768d13e61f&view=STANDARD", "@type": "application/json"},{"@_fa": "true", "@ref": "first", "@href": "https://api.elsevier.com/content/search/scopus?start=0&count=25&query=TITLE-ABS-KEY%28%22network%22%29+AND+SUBJAREA%28SOCI%29+AND+PUBYEAR+%3D+1956&apiKey=27d953b4b546791964ebeb768d13e61f&view=STANDARD", "@type": "application/json"}],"entry": [{"@_fa": "true", "link": [{"@_fa": "true", "@ref": "self", "@href": "https://api.elsevier.com/content/abstract/scopus_id/84937742759"},{"@_fa": "true", "@ref": "author-affiliation", "@href": "https://api.elsevier.com/content/abstract/scopus_id/84937742759?field=author,affiliation"},{"@_fa": "true", "@ref": "scopus", "@href": "https://www.scopus.com/inward/record.uri?partnerID=HzOxMe3b&scp=84937742759&origin=inward"},{"@_fa": "true", "@ref": "scopus-citedby", "@href": "https://www.scopus.com/inward/citedby.uri?partnerID=HzOxMe3b&scp=84937742759&origin=inward"}],"prism:url":"https://api.elsevier.com/content/abstract/scopus_id/84937742759","dc:identifier":"SCOPUS_ID:84937742759","eid":"2-s2.0-84937742759","dc:title":"The Linear, Input-Controlled, Variable-Pass Network","dc:creator":"Jeffrey A.","prism:publicationName":"IRE Transactions on Information Theory","prism:issn":"00961000","prism:eIssn":"21682712","prism:volume":"2","prism:issueIdentifier":"1","prism:pageRange":"42-44","prism:coverDate":"1956-01-01","prism:coverDisplayDate":"March 1956","prism:doi":"10.1109/TIT.1956.1056775","citedby-count":"0","prism:aggregationType":"Journal","subtype":"ar","subtypeDescription":"Article","source-id":"21100398936","openaccess":"0","openaccessFlag":false},{"@_fa": "true", "link": [{"@_fa": "true", "@ref": "self", "@href": "https://api.elsevier.com/content/abstract/scopus_id/84937742604"},{"@_fa": "true", "@ref": "author-affiliation", "@href": "https://api.elsevier.com/content/abstract/scopus_id/84937742604?field=author,affiliation"},{"@_fa": "true", "@ref": "scopus", "@href": "https://www.scopus.com/inward/record.uri?partnerID=HzOxMe3b&scp=84937742604&origin=inward"},{"@_fa": "true", "@ref": "scopus-citedby", "@href": "https://www.scopus.com/inward/citedby.uri?partnerID=HzOxMe3b&scp=84937742604&origin=inward"}],"prism:url":"https://api.elsevier.com/content/abstract/scopus_id/84937742604","dc:identifier":"SCOPUS_ID:84937742604","eid":"2-s2.0-84937742604","dc:title":"A Note on the Maximum Flow Through a Network","dc:creator":"Elias P.","prism:publicationName":"IRE Transactions on Information Theory","prism:issn":"00961000","prism:eIssn":"21682712","prism:volume":"2","prism:issueIdentifier":"4","prism:pageRange":"117-119","prism:coverDate":"1956-01-01","prism:coverDisplayDate":"December 1956","prism:doi":"10.1109/TIT.1956.1056816","citedby-count":"238","affiliation": [{"@_fa": "true", "affilname":"Massachusetts Institute of Technology","affiliation-city":"Cambridge","affiliation-country":"United States"}],"prism:aggregationType":"Journal","subtype":"ar","subtypeDescription":"Article","source-id":"21100398936","openaccess":"0","openaccessFlag":false},{"@_fa": "true", "link": [{"@_fa": "true", "@ref": "self", "@href": "https://api.elsevier.com/content/abstract/scopus_id/84976933094"},{"@_fa": "true", "@ref": "author-affiliation", "@href": "https://api.elsevier.com/content/abstract/scopus_id/84976933094?field=author,affiliation"},{"@_fa": "true", "@ref": "scopus", "@href": "https://www.scopus.com/inward/record.uri?partnerID=HzOxMe3b&scp=84976933094&origin=inward"},{"@_fa": "true", "@ref": "scopus-citedby", "@href": "https://www.scopus.com/inward/citedby.uri?partnerID=HzOxMe3b&scp=84976933094&origin=inward"}],"prism:url":"https://api.elsevier.com/content/abstract/scopus_id/84976933094","dc:identifier":"SCOPUS_ID:84976933094","eid":"2-s2.0-84976933094","dc:title":"Scoring Item Punched Cards By Selector Networks","dc:creator":"Tucker L.","prism:publicationName":"Educational and Psychological Measurement","prism:issn":"00131644","prism:eIssn":"15523888","prism:volume":"16","prism:issueIdentifier":"2","prism:pageRange":"237-243","prism:coverDate":"1956-01-01","prism:coverDisplayDate":"July 1956","prism:doi":"10.1177/001316445601600208","citedby-count":"0","affiliation": [{"@_fa": "true", "affilname":"Educational Testing Service","affiliation-city":"Princeton","affiliation-country":"United States"}],"prism:aggregationType":"Journal","subtype":"ar","subtypeDescription":"Article","source-id":"13563","openaccess":"0","openaccessFlag":false},{"@_fa": "true", "link": [{"@_fa": "true", "@ref": "self", "@href": "https://api.elsevier.com/content/abstract/scopus_id/84948060513"},{"@_fa": "true", "@ref": "author-affiliation", "@href": "https://api.elsevier.com/content/abstract/scopus_id/84948060513?field=author,affiliation"},{"@_fa": "true", "@ref": "scopus", "@href": "https://www.scopus.com/inward/record.uri?partnerID=HzOxMe3b&scp=84948060513&origin=inward"},{"@_fa": "true", "@ref": "scopus-citedby", "@href": "https://www.scopus.com/inward/citedby.uri?partnerID=HzOxMe3b&scp=84948060513&origin=inward"}],"prism:url":"https://api.elsevier.com/content/abstract/scopus_id/84948060513","dc:identifier":"SCOPUS_ID:84948060513","eid":"2-s2.0-84948060513","dc:title":"The significance of the laplace stations in primary geodetic network","dc:creator":"Fominas D.","prism:publicationName":"Australian Surveyor","prism:issn":"00050326","prism:volume":"16","prism:issueIdentifier":"3","prism:pageRange":"161-165","prism:coverDate":"1956-01-01","prism:coverDisplayDate":"September 1956","prism:doi":"10.1080/00050326.1956.10437344","citedby-count":"0","prism:aggregationType":"Journal","subtype":"ar","subtypeDescription":"Article","source-id":"27527","openaccess":"0","openaccessFlag":false},{"@_fa": "true", "link": [{"@_fa": "true", "@ref": "self", "@href": "https://api.elsevier.com/content/abstract/scopus_id/84886331925"},{"@_fa": "true", "@ref": "author-affiliation", "@href": "https://api.elsevier.com/content/abstract/scopus_id/84886331925?field=author,affiliation"},{"@_fa": "true", "@ref": "scopus", "@href": "https://www.scopus.com/inward/record.uri?partnerID=HzOxMe3b&scp=84886331925&origin=inward"},{"@_fa": "true", "@ref": "scopus-citedby", "@href": "https://www.scopus.com/inward/citedby.uri?partnerID=HzOxMe3b&scp=84886331925&origin=inward"}],"prism:url":"https://api.elsevier.com/content/abstract/scopus_id/84886331925","dc:identifier":"SCOPUS_ID:84886331925","eid":"2-s2.0-84886331925","dc:title":"Greek Roads in South Attica","dc:creator":"Young J.","prism:publicationName":"Antiquity","prism:issn":"0003598X","prism:eIssn":"17451744","prism:volume":"30","prism:issueIdentifier":"118","prism:pageRange":"94-97","prism:coverDate":"1956-01-01","prism:coverDisplayDate":"June 1956","prism:doi":"10.1017/S0003598X00028295","citedby-count":"4","prism:aggregationType":"Journal","subtype":"ar","subtypeDescription":"Article","source-id":"98073","openaccess":"0","openaccessFlag":false},{"@_fa": "true", "link": [{"@_fa": "true", "@ref": "self", "@href": "https://api.elsevier.com/content/abstract/scopus_id/84969481487"},{"@_fa": "true", "@ref": "author-affiliation", "@href": "https://api.elsevier.com/content/abstract/scopus_id/84969481487?field=author,affiliation"},{"@_fa": "true", "@ref": "scopus", "@href": "https://www.scopus.com/inward/record.uri?partnerID=HzOxMe3b&scp=84969481487&origin=inward"},{"@_fa": "true", "@ref": "scopus-citedby", "@href": "https://www.scopus.com/inward/citedby.uri?partnerID=HzOxMe3b&scp=84969481487&origin=inward"}],"prism:url":"https://api.elsevier.com/content/abstract/scopus_id/84969481487","dc:identifier":"SCOPUS_ID:84969481487","eid":"2-s2.0-84969481487","dc:title":"How translators can help in improving scientific terminology","dc:creator":"Holmstrom J.","prism:publicationName":"Babel","prism:issn":"05219744","prism:eIssn":"15699668","prism:volume":"2","prism:issueIdentifier":"1","prism:pageRange":"28","prism:coverDate":"1956-01-01","prism:coverDisplayDate":"1956","prism:doi":"10.1075/babel.2.1.09hol","citedby-count":"1","prism:aggregationType":"Journal","subtype":"ar","subtypeDescription":"Article","source-id":"5700181946","openaccess":"0","openaccessFlag":false}]}}