{"search-results":{"opensearch:totalResults":"1467","opensearch:startIndex":"0","opensearch:itemsPerPage":"25","opensearch:Query":{"@role": "request", "@searchTerms": "TITLE-ABS-KEY(\"network\") AND SUBJAREA(SOCI) AND PUBYEAR = 1995", "@startPage": "0"},"link": [{"@_fa": "true", "@ref": "self", "@href": "https://api.elsevier.com/content/search/scopus?start=0&count=25&query=TITLE-ABS-KEY%28%22network%22%29+AND+SUBJAREA%28SOCI%29+AND+PUBYEAR+%3D+1995&apiKey=27d953b4b546791964ebeb768d13e61f&view=STANDARD", "@type": "application/json"},{"@_fa": "true", "@ref": "first", "@href": "https://api.elsevier.com/content/search/scopus?start=0&count=25&query=TITLE-ABS-KEY%28%22network%22%29+AND+SUBJAREA%28SOCI%29+AND+PUBYEAR+%3D+1995&apiKey=27d953b4b546791964ebeb768d13e61f&view=STANDARD", "@type": "application/json"},{"@_fa": "true", "@ref": "next", "@href": "https://api.elsevier.com/content/search/scopus?start=25&count=25&query=TITLE-ABS-KEY%28%22network%22%29+AND+SUBJAREA%28SOCI%29+AND+PUBYEAR+%3D+1995&apiKey=27d953b4b546791964ebeb768d13e61f&view=STANDARD", "@type": "application/json"},{"@_fa": "true", "@ref": "last", "@href": "https://api.elsevier.com/content/search/scopus?start=1442&count=25&query=TITLE-ABS-KEY%28%22network%22%29+AND+SUBJAREA%28SOCI%29+AND+PUBYEAR+%3D+1995&apiKey=27d953b4b546791964ebeb768d13e61f&view=STANDARD", "@type": "application/json"}],"entry": [{"@_fa": "true", "link": [{"@_fa": "true", "@ref": "self", "@href": "https://api.elsevier.com/content/abstract/scopus_id/0029516211"},{"@_fa": "true", "@ref": "author-affiliation", "@href": "https://api.elsevier.com/content/abstract/scopus_id/0029516211?field=author,affiliation"},{"@_fa": "true", "@ref": "scopus", "@href": "https://www.scopus.com/inward/record.uri?partnerID=HzOxMe3b&scp=0029516211&origin=inward"},{"@_fa": "true", "@ref": "scopus-citedby", "@href": "https://www.scopus.com/inward/citedby.uri?partnerID=HzOxMe3b&scp=0029516211&origin=inward"},{"@_fa": "true", "@ref": "full-text", "@href": "https://api.elsevier.com/content/article/eid/1-s2.0-0377221795002324"}],"prism:url":"https://api.elsevier.com/content/abstract/scopus_id/0029516211","dc:identifier":"SCOPUS_ID:0029516211","eid":"2-s2.0-0029516211","dc:title":"A case study in empty railcar distribution","dc:creator":"Spieckermann S.","prism:publicationName":"European Journal of Operational Research","prism:issn":"03772217","prism:volume":"87","prism:issueIdentifier":"3","prism:pageRange":"586-598","prism:coverDate":"1995-12-21","prism:coverDisplayDate":"21 December 1995","prism:doi":"10.1016/0377-2217(95)00232-4","pii":"0377-2217(95)00232-4","citedby-count":"13","prism:aggregationType":"Journal","subtype":"ar","subtypeDescription":"Article","source-id":"22489","openaccess":"0","openaccessFlag":false},{"@_fa": "true", "link": [{"@_fa": "true", "@ref": "self", "@href": "https://api.elsevier.com/content/abstract/scopus_id/0029535952"},{"@_fa": "true", "@ref": "author-affiliation", "@href": "https://api.elsevier.com/content/abstract/scopus_id/0029535952?field=author,affiliation"},{"@_fa": "true", "@ref": "scopus", "@href": "https://www.scopus.com/inward/record.uri?partnerID=HzOxMe3b&scp=0029535952&origin=inward"},{"@_fa": "true", "@ref": "scopus-citedby", "@href": "https://www.scopus.com/inward/citedby.uri?partnerID=HzOxMe3b&scp=0029535952&origin=inward"},{"@_fa": "true", "@ref": "full-text", "@href": "https://api.elsevier.com/content/article/eid/1-s2.0-0377221795002251"}],"prism:url":"https://api.elsevier.com/content/abstract/scopus_id/0029535952","dc:identifier":"SCOPUS_ID:0029535952","eid":"2-s2.0-0029535952","dc:title":"Operational research models in action, the result of international cooperation - A potpourri","dc:creator":"Petrović R.","prism:publicationName":"European Journal of Operational Research","prism:issn":"03772217","prism:volume":"87","prism:issueIdentifier":"3","prism:pageRange":"500-506","prism:coverDate":"1995-12-21","prism:coverDisplayDate":"21 December 1995","prism:doi":"10.1016/0377-2217(95)00225-1","pii":"0377-2217(95)00225-1","citedby-count":"2","prism:aggregationType":"Journal","subtype":"ar","subtypeDescription":"Article","source-id":"22489","openaccess":"0","openaccessFlag":false},{"@_fa": "true", "link": [{"@_fa": "true", "@ref": "self", "@href": "https://api.elsevier.com/content/abstract/scopus_id/0029638859"},{"@_fa": "true", "@ref": "author-affiliation", "@href": "https://api.elsevier.com/content/abstract/scopus_id/0029638859?field=author,affiliation"},{"@_fa": "true", "@ref": "scopus", "@href": "https://www.scopus.com/inward/record.uri?partnerID=HzOxMe3b&scp=0029638859&origin=inward"},{"@_fa": "true", "@ref": "scopus-citedby", "@href": "https://www.scopus.com/inward/citedby.uri?partnerID=HzOxMe3b&scp=0029638859&origin=inward"},{"@_fa": "true", "@ref": "full-text", "@href": "https://api.elsevier.com/content/article/eid/1-s2.0-037722179500177R"}],"prism:url":"https://api.elsevier.com/content/abstract/scopus_id/0029638859","dc:identifier":"SCOPUS_ID:0029638859","eid":"2-s2.0-0029638859","dc:title":"Optimal routing in a transportation network","dc:creator":"Goczyłla K.","prism:publicationName":"European Journal of Operational Research","prism:issn":"03772217","prism:volume":"87","prism:issueIdentifier":"2","prism:pageRange":"214-222","prism:coverDate":"1995-12-07","prism:coverDisplayDate":"7 December 1995","prism:doi":"10.1016/0377-2217(95)00177-R","pii":"0377-2217(95)00177-R","citedby-count":"22","prism:aggregationType":"Journal","subtype":"ar","subtypeDescription":"Article","source-id":"22489","openaccess":"0","openaccessFlag":false},{"@_fa": "true", "link": [{"@_fa": "true", "@ref": "self", "@href": "https://api.elsevier.com/content/abstract/scopus_id/0029508444"},{"@_fa": "true", "@ref": "author-affiliation", "@href": "https://api.elsevier.com/content/abstract/scopus_id/0029508444?field=author,affiliation"},{"@_fa": "true", "@ref": "scopus", "@href": "https://www.scopus.com/inward/record.uri?partnerID=HzOxMe3b&scp=0029508444&origin=inward"},{"@_fa": "true", "@ref": "scopus-citedby", "@href": "https://www.scopus.com/inward/citedby.uri?partnerID=HzOxMe3b&scp=0029508444&origin=inward"},{"@_fa": "true", "@ref": "full-text", "@href": "https://api.elsevier.com/content/article/eid/1-s2.0-0377221794001523"}],"prism:url":"https://api.elsevier.com/content/abstract/scopus_id/0029508444","dc:identifier":"SCOPUS_ID:0029508444","eid":"2-s2.0-0029508444","dc:title":"A two-phase shortest path algorithm for networks with node coordinates","dc:creator":"Lysgaard J.","prism:publicationName":"European Journal of Operational Research","prism:issn":"03772217","prism:volume":"87","prism:issueIdentifier":"2","prism:pageRange":"368-374","prism:coverDate":"1995-12-07","prism:coverDisplayDate":"7 December 1995","prism:doi":"10.1016/0377-2217(94)00152-3","pii":"0377-2217(94)00152-3","citedby-count":"7","prism:aggregationType":"Journal","subtype":"ar","subtypeDescription":"Article","source-id":"22489","openaccess":"0","openaccessFlag":false},{"@_fa": "true", "link": [{"@_fa": "true", "@ref": "self", "@href": "https://api.elsevier.com/content/abstract/scopus_id/21344457643"},{"@_fa": "true", "@ref": "author-affiliation", "@href": "https://api.elsevier.com/content/abstract/scopus_id/21344457643?field=author,affiliation"},{"@_fa": "true", "@ref": "scopus", "@href": "https://www.scopus.com/inward/record.uri?partnerID=HzOxMe3b&scp=21344457643&origin=inward"},{"@_fa": "true", "@ref": "scopus-citedby", "@href": "https://www.scopus.com/inward/citedby.uri?partnerID=HzOxMe3b&scp=21344457643&origin=inward"}],"prism:url":"https://api.elsevier.com/content/abstract/scopus_id/21344457643","dc:identifier":"SCOPUS_ID:21344457643","eid":"2-s2.0-21344457643","dc:title":"The international student exchange network: 1970 &amp; 1989","dc:creator":"Barnett G.","prism:publicationName":"Higher Education","prism:issn":"00181560","prism:eIssn":"1573174X","prism:volume":"30","prism:issueIdentifier":"4","prism:pageRange":"353-368","prism:coverDate":"1995-12-01","prism:coverDisplayDate":"December 1995","prism:doi":"10.1007/BF01383539","citedby-count":"34","affiliation": [{"@_fa": "true", "affilname":"University at Buffalo, State University of New York","affiliation-city":"Buffalo","affiliation-country":"United States"}],"prism:aggregationType":"Journal","subtype":"ar","subtypeDescription":"Article","source-id":"18787","openaccess":"0","openaccessFlag":false},{"@_fa": "true", "link": [{"@_fa": "true", "@ref": "self", "@href": "https://api.elsevier.com/content/abstract/scopus_id/0029473381"},{"@_fa": "true", "@ref": "author-affiliation", "@href": "https://api.elsevier.com/content/abstract/scopus_id/0029473381?field=author,affiliation"},{"@_fa": "true", "@ref": "scopus", "@href": "https://www.scopus.com/inward/record.uri?partnerID=HzOxMe3b&scp=0029473381&origin=inward"},{"@_fa": "true", "@ref": "scopus-citedby", "@href": "https://www.scopus.com/inward/citedby.uri?partnerID=HzOxMe3b&scp=0029473381&origin=inward"}],"prism:url":"https://api.elsevier.com/content/abstract/scopus_id/0029473381","dc:identifier":"SCOPUS_ID:0029473381","eid":"2-s2.0-0029473381","dc:title":"Industrial Restructuring in the Baltic Countries: Large-scale Privatisation, New Enterprise Networks and Growing Diversity of Corporate Governance","dc:creator":"Von Hirschhausen C.","prism:publicationName":"Communist Economies and Economic Transformation","prism:issn":"13514393","prism:volume":"7","prism:issueIdentifier":"4","prism:pageRange":"421-443","prism:coverDate":"1995-12-01","prism:coverDisplayDate":"1 December 1995","prism:doi":"10.1080/14631379508427834","citedby-count":"7","affiliation": [{"@_fa": "true", "affilname":"German Institute for Economic Research","affiliation-city":"Berlin","affiliation-country":"Germany"}],"prism:aggregationType":"Journal","subtype":"ar","subtypeDescription":"Article","source-id":"31686","openaccess":"0","openaccessFlag":false},{"@_fa": "true", "link": [{"@_fa": "true", "@ref": "self", "@href": "https://api.elsevier.com/content/abstract/scopus_id/77957052301"},{"@_fa": "true", "@ref": "author-affiliation", "@href": "https://api.elsevier.com/content/abstract/scopus_id/77957052301?field=author,affiliation"},{"@_fa": "true", "@ref": "scopus", "@href": "https://www.scopus.com/inward/record.uri?partnerID=HzOxMe3b&scp=77957052301&origin=inward"},{"@_fa": "true", "@ref": "scopus-citedby", "@href": "https://www.scopus.com/inward/citedby.uri?partnerID=HzOxMe3b&scp=77957052301&origin=inward"},{"@_fa": "true", "@ref": "full-text", "@href": "https://api.elsevier.com/content/article/eid/1-s2.0-S0921264706801279"}],"prism:url":"https://api.elsevier.com/content/abstract/scopus_id/77957052301","dc:identifier":"SCOPUS_ID:77957052301","eid":"2-s2.0-77957052301","dc:title":"Advanced services experiments on a broadband communication network: the Tuscany MAN","dc:creator":"Cappellini V.","prism:publicationName":"Advances in Human Factors/Ergonomics","prism:issn":"09212647","prism:volume":"20","prism:issueIdentifier":"C","prism:pageRange":"807-811","prism:coverDate":"1995-12-01","prism:coverDisplayDate":"1995","prism:doi":"10.1016/S0921-2647(06)80127-9","pii":"S0921264706801279","citedby-count":"0","affiliation": [{"@_fa": "true", "affilname":"Università degli Studi di Firenze","affiliation-city":"Florence","affiliation-country":"Italy"}],"prism:aggregationType":"Book Series","subtype":"ar","subtypeDescription":"Article","source-id":"19700180796","openaccess":"0","openaccessFlag":false},{"@_fa": "true", "link": [{"@_fa": "true", "@ref": "self", "@href": "https://api.elsevier.com/content/abstract/scopus_id/0037929924"},{"@_fa": "true", "@ref": "author-affiliation", "@href": "https://api.elsevier.com/content/abstract/scopus_id/0037929924?field=author,affiliation"},{"@_fa": "true", "@ref": "scopus", "@href": "https://www.scopus.com/inward/record.uri?partnerID=HzOxMe3b&scp=0037929924&origin=inward"},{"@_fa": "true", "@ref": "scopus-citedby", "@href": "https://www.scopus.com/inward/citedby.uri?partnerID=HzOxMe3b&scp=0037929924&origin=inward"}],"prism:url":"https://api.elsevier.com/content/abstract/scopus_id/0037929924","dc:identifier":"SCOPUS_ID:0037929924","eid":"2-s2.0-0037929924","dc:title":"Abuse of older people: A network approach to service provider training","dc:creator":"Hughes M.","prism:publicationName":"Australian Social Work","prism:issn":"0312407X","prism:eIssn":"14470748","prism:volume":"48","prism:issueIdentifier":"4","prism:pageRange":"21-27","prism:coverDate":"1995-12-01","prism:coverDisplayDate":"1 December 1995","prism:doi":"10.1080/03124079508412497","citedby-count":"4","prism:aggregationType":"Journal","subtype":"ar","subtypeDescription":"Article","source-id":"5600154403","openaccess":"0","openaccessFlag":false},{"@_fa": "true", "link": [{"@_fa": "true", "@ref": "self", "@href": "https://api.elsevier.com/content/abstract/scopus_id/77957086959"},{"@_fa": "true", "@ref": "author-affiliation", "@href": "https://api.elsevier.com/content/abstract/scopus_id/77957086959?field=author,affiliation"},{"@_fa": "true", "@ref": "scopus", "@href": "https://www.scopus.com/inward/record.uri?partnerID=HzOxMe3b&scp=77957086959&origin=inward"},{"@_fa": "true", "@ref": "scopus-citedby", "@href": "https://www.scopus.com/inward/citedby.uri?partnerID=HzOxMe3b&scp=77957086959&origin=inward"},{"@_fa": "true", "@ref": "full-text", "@href": "https://api.elsevier.com/content/article/eid/1-s2.0-S0921264706800298"}],"prism:url":"https://api.elsevier.com/content/abstract/scopus_id/77957086959","dc:identifier":"SCOPUS_ID:77957086959","eid":"2-s2.0-77957086959","dc:title":"Neural networks kansei expert system for wrist watch design","dc:creator":"Ishihara S.","prism:publicationName":"Advances in Human Factors/Ergonomics","prism:issn":"09212647","prism:volume":"20","prism:issueIdentifier":"C","prism:pageRange":"167-172","prism:coverDate":"1995-12-01","prism:coverDisplayDate":"1995","prism:doi":"10.1016/S0921-2647(06)80029-8","pii":"S0921264706800298","citedby-count":"0","prism:aggregationType":"Book Series","subtype":"ar","subtypeDescription":"Article","source-id":"19700180796","openaccess":"0","openaccessFlag":false},{"@_fa": "true", "link": [{"@_fa": "true", "@ref": "self", "@href": "https://api.elsevier.com/content/abstract/scopus_id/0000599188"},{"@_fa": "true", "@ref": "author-affiliation", "@href": "https://api.elsevier.com/content/abstract/scopus_id/0000599188?field=author,affiliation"},{"@_fa": "true", "@ref": "scopus", "@href": "https://www.scopus.com/inward/record.uri?partnerID=HzOxMe3b&scp=0000599188&origin=inward"},{"@_fa": "true", "@ref": "scopus-citedby", "@href": "https://www.scopus.com/inward/citedby.uri?partnerID=HzOxMe3b&scp=0000599188&origin=inward"}],"prism:url":"https://api.elsevier.com/content/abstract/scopus_id/0000599188","dc:identifier":"SCOPUS_ID:0000599188","eid":"2-s2.0-0000599188","dc:title":"Changes in network composition among the very old living in inner London","dc:creator":"Bowling A.","prism:publicationName":"Journal of Cross-Cultural Gerontology","prism:issn":"01693816","prism:eIssn":"15730719","prism:volume":"10","prism:issueIdentifier":"4","prism:pageRange":"331-347","prism:coverDate":"1995-12-01","prism:coverDisplayDate":"December 1995","prism:doi":"10.1007/BF00972333","citedby-count":"22","affiliation": [{"@_fa": "true", "affilname":"Barts and The London School of Medicine and Dentistry","affiliation-city":"London","affiliation-country":"United Kingdom"}],"prism:aggregationType":"Journal","subtype":"ar","subtypeDescription":"Article","source-id":"29196","openaccess":"0","openaccessFlag":false},{"@_fa": "true", "link": [{"@_fa": "true", "@ref": "self", "@href": "https://api.elsevier.com/content/abstract/scopus_id/77957029365"},{"@_fa": "true", "@ref": "author-affiliation", "@href": "https://api.elsevier.com/content/abstract/scopus_id/77957029365?field=author,affiliation"},{"@_fa": "true", "@ref": "scopus", "@href": "https://www.scopus.com/inward/record.uri?partnerID=HzOxMe3b&scp=77957029365&origin=inward"},{"@_fa": "true", "@ref": "scopus-citedby", "@href": "https://www.scopus.com/inward/citedby.uri?partnerID=HzOxMe3b&scp=77957029365&origin=inward"},{"@_fa": "true", "@ref": "full-text", "@href": "https://api.elsevier.com/content/article/eid/1-s2.0-S0921264706800067"}],"prism:url":"https://api.elsevier.com/content/abstract/scopus_id/77957029365","dc:identifier":"SCOPUS_ID:77957029365","eid":"2-s2.0-77957029365","dc:title":"How can feelings be conveyed in network? - use of gestural animations as nonverbal information -","dc:creator":"Inoue T.","prism:publicationName":"Advances in Human Factors/Ergonomics","prism:issn":"09212647","prism:volume":"20","prism:issueIdentifier":"C","prism:pageRange":"23-28","prism:coverDate":"1995-12-01","prism:coverDisplayDate":"1995","prism:doi":"10.1016/S0921-2647(06)80006-7","pii":"S0921264706800067","citedby-count":"0","prism:aggregationType":"Book Series","subtype":"ar","subtypeDescription":"Article","source-id":"19700180796","openaccess":"0","openaccessFlag":false},{"@_fa": "true", "link": [{"@_fa": "true", "@ref": "self", "@href": "https://api.elsevier.com/content/abstract/scopus_id/77957027668"},{"@_fa": "true", "@ref": "author-affiliation", "@href": "https://api.elsevier.com/content/abstract/scopus_id/77957027668?field=author,affiliation"},{"@_fa": "true", "@ref": "scopus", "@href": "https://www.scopus.com/inward/record.uri?partnerID=HzOxMe3b&scp=77957027668&origin=inward"},{"@_fa": "true", "@ref": "scopus-citedby", "@href": "https://www.scopus.com/inward/citedby.uri?partnerID=HzOxMe3b&scp=77957027668&origin=inward"},{"@_fa": "true", "@ref": "full-text", "@href": "https://api.elsevier.com/content/article/eid/1-s2.0-S0921264706800699"}],"prism:url":"https://api.elsevier.com/content/abstract/scopus_id/77957027668","dc:identifier":"SCOPUS_ID:77957027668","eid":"2-s2.0-77957027668","dc:title":"A network virtual reality skiing system. - System overview and skiing movement estimation -","dc:creator":"Kenmochi A.","prism:publicationName":"Advances in Human Factors/Ergonomics","prism:issn":"09212647","prism:volume":"20","prism:issueIdentifier":"C","prism:pageRange":"423-428","prism:coverDate":"1995-12-01","prism:coverDisplayDate":"1995","prism:doi":"10.1016/S0921-2647(06)80069-9","pii":"S0921264706800699","citedby-count":"0","affiliation": [{"@_fa": "true", "affilname":"NEC Corporation","affiliation-city":"Tokyo","affiliation-country":"Japan"}],"prism:aggregationType":"Book Series","subtype":"ar","subtypeDescription":"Article","source-id":"19700180796","openaccess":"0","openaccessFlag":false},{"@_fa": "true", "link": [{"@_fa": "true", "@ref": "self", "@href": "https://api.elsevier.com/content/abstract/scopus_id/71249115634"},{"@_fa": "true", "@ref": "author-affiliation", "@href": "https://api.elsevier.com/content/abstract/scopus_id/71249115634?field=author,affiliation"},{"@_fa": "true", "@ref": "scopus", "@href": "https://www.scopus.com/inward/record.uri?partnerID=HzOxMe3b&scp=71249115634&origin=inward"},{"@_fa": "true", "@ref": "scopus-citedby", "@href": "https://www.scopus.com/inward/citedby.uri?partnerID=HzOxMe3b&scp=71249115634&origin=inward"}],"prism:url":"https://api.elsevier.com/content/abstract/scopus_id/71249115634","dc:identifier":"SCOPUS_ID:71249115634","eid":"2-s2.0-71249115634","dc:title":"CDROM networking in an academic library: The UNISA Library experience","dc:creator":"Snyman D.","prism:publicationName":"Electronic Library","prism:issn":"02640473","prism:volume":"13","prism:issueIdentifier":"4","prism:pageRange":"363-369","prism:coverDate":"1995-12-01","prism:coverDisplayDate":"1995","citedby-count":"0","prism:aggregationType":"Journal","subtype":"ar","subtypeDescription":"Article","source-id":"15420","openaccess":"0","openaccessFlag":false},{"@_fa": "true", "link": [{"@_fa": "true", "@ref": "self", "@href": "https://api.elsevier.com/content/abstract/scopus_id/18744398885"},{"@_fa": "true", "@ref": "author-affiliation", "@href": "https://api.elsevier.com/content/abstract/scopus_id/18744398885?field=author,affiliation"},{"@_fa": "true", "@ref": "scopus", "@href": "https://www.scopus.com/inward/record.uri?partnerID=HzOxMe3b&scp=18744398885&origin=inward"},{"@_fa": "true", "@ref": "scopus-citedby", "@href": "https://www.scopus.com/inward/citedby.uri?partnerID=HzOxMe3b&scp=18744398885&origin=inward"},{"@_fa": "true", "@ref": "full-text", "@href": "https://api.elsevier.com/content/article/eid/1-s2.0-S0921264706800924"}],"prism:url":"https://api.elsevier.com/content/abstract/scopus_id/18744398885","dc:identifier":"SCOPUS_ID:18744398885","eid":"2-s2.0-18744398885","dc:title":"Recognition of on-line handdrawn geometric shapes by fuzzy filtering and neural network classification","dc:creator":"Ulgen F.","prism:publicationName":"Advances in Human Factors/Ergonomics","prism:issn":"09212647","prism:volume":"20","prism:issueIdentifier":"C","prism:pageRange":"567-572","prism:coverDate":"1995-12-01","prism:coverDisplayDate":"1995","prism:doi":"10.1016/S0921-2647(06)80092-4","pii":"S0921264706800924","citedby-count":"3","affiliation": [{"@_fa": "true", "affilname":"JustSystems Corporation","affiliation-city":"Tokushima","affiliation-country":"Japan"}],"prism:aggregationType":"Book Series","subtype":"ar","subtypeDescription":"Article","source-id":"19700180796","openaccess":"0","openaccessFlag":false},{"@_fa": "true", "link": [{"@_fa": "true", "@ref": "self", "@href": "https://api.elsevier.com/content/abstract/scopus_id/0029228799"},{"@_fa": "true", "@ref": "author-affiliation", "@href": "https://api.elsevier.com/content/abstract/scopus_id/0029228799?field=author,affiliation"},{"@_fa": "true", "@ref": "scopus", "@href": "https://www.scopus.com/inward/record.uri?partnerID=HzOxMe3b&scp=0029228799&origin=inward"},{"@_fa": "true", "@ref": "scopus-citedby", "@href": "https://www.scopus.com/inward/citedby.uri?partnerID=HzOxMe3b&scp=0029228799&origin=inward"}],"prism:url":"https://api.elsevier.com/content/abstract/scopus_id/0029228799","dc:identifier":"SCOPUS_ID:0029228799","eid":"2-s2.0-0029228799","dc:title":"The embedding of meshes and trees into degree four chordal ring networks","dc:creator":"Browne R.","prism:publicationName":"Computer Journal","prism:issn":"00104620","prism:volume":"38","prism:issueIdentifier":"1","prism:pageRange":"71-77","prism:coverDate":"1995-12-01","prism:coverDisplayDate":"1995","prism:doi":"10.1093/comjnl/38.1.71","citedby-count":"6","prism:aggregationType":"Journal","subtype":"ar","subtypeDescription":"Article","source-id":"23792","openaccess":"1","openaccessFlag":true},{"@_fa": "true", "link": [{"@_fa": "true", "@ref": "self", "@href": "https://api.elsevier.com/content/abstract/scopus_id/8844236256"},{"@_fa": "true", "@ref": "author-affiliation", "@href": "https://api.elsevier.com/content/abstract/scopus_id/8844236256?field=author,affiliation"},{"@_fa": "true", "@ref": "scopus", "@href": "https://www.scopus.com/inward/record.uri?partnerID=HzOxMe3b&scp=8844236256&origin=inward"},{"@_fa": "true", "@ref": "scopus-citedby", "@href": "https://www.scopus.com/inward/citedby.uri?partnerID=HzOxMe3b&scp=8844236256&origin=inward"}],"prism:url":"https://api.elsevier.com/content/abstract/scopus_id/8844236256","dc:identifier":"SCOPUS_ID:8844236256","eid":"2-s2.0-8844236256","dc:title":"Horizontal networks, appropriability conditions and industry life cycles","dc:creator":"Gemser G.","prism:publicationName":"Journal of Industry Studies","prism:issn":"13206095","prism:volume":"2","prism:issueIdentifier":"2","prism:pageRange":"129-140","prism:coverDate":"1995-12-01","prism:coverDisplayDate":"1 December 1995","prism:doi":"10.1080/13662719508538559","citedby-count":"10","prism:aggregationType":"Journal","subtype":"ar","subtypeDescription":"Article","source-id":"4900152608","openaccess":"0","openaccessFlag":false},{"@_fa": "true", "link": [{"@_fa": "true", "@ref": "self", "@href": "https://api.elsevier.com/content/abstract/scopus_id/77957090393"},{"@_fa": "true", "@ref": "author-affiliation", "@href": "https://api.elsevier.com/content/abstract/scopus_id/77957090393?field=author,affiliation"},{"@_fa": "true", "@ref": "scopus", "@href": "https://www.scopus.com/inward/record.uri?partnerID=HzOxMe3b&scp=77957090393&origin=inward"},{"@_fa": "true", "@ref": "scopus-citedby", "@href": "https://www.scopus.com/inward/citedby.uri?partnerID=HzOxMe3b&scp=77957090393&origin=inward"},{"@_fa": "true", "@ref": "full-text", "@href": "https://api.elsevier.com/content/article/eid/1-s2.0-S0921264706800146"}],"prism:url":"https://api.elsevier.com/content/abstract/scopus_id/77957090393","dc:identifier":"SCOPUS_ID:77957090393","eid":"2-s2.0-77957090393","dc:title":"Network Neuro-Baby with robotics hand. An automatic facial expression synthesizer that responds to expressions of feeling in the human voice and handshake","dc:creator":"Tosa N.","prism:publicationName":"Advances in Human Factors/Ergonomics","prism:issn":"09212647","prism:volume":"20","prism:issueIdentifier":"C","prism:pageRange":"77-82","prism:coverDate":"1995-12-01","prism:coverDisplayDate":"1995","prism:doi":"10.1016/S0921-2647(06)80014-6","pii":"S0921264706800146","citedby-count":"1","affiliation": [{"@_fa": "true", "affilname":"Musashino Art University","affiliation-city":"Kodaira","affiliation-country":"Japan"},{"@_fa": "true", "affilname":"Advanced Telecommunications Research Institute International (ATR)","affiliation-city":"Kyoto","affiliation-country":"Japan"}],"prism:aggregationType":"Book Series","subtype":"ar","subtypeDescription":"Article","source-id":"19700180796","openaccess":"0","openaccessFlag":false},{"@_fa": "true", "link": [{"@_fa": "true", "@ref": "self", "@href": "https://api.elsevier.com/content/abstract/scopus_id/0029534595"},{"@_fa": "true", "@ref": "author-affiliation", "@href": "https://api.elsevier.com/content/abstract/scopus_id/0029534595?field=author,affiliation"},{"@_fa": "true", "@ref": "scopus", "@href": "https://www.scopus.com/inward/record.uri?partnerID=HzOxMe3b&scp=0029534595&origin=inward"},{"@_fa": "true", "@ref": "scopus-citedby", "@href": "https://www.scopus.com/inward/citedby.uri?partnerID=HzOxMe3b&scp=0029534595&origin=inward"}],"prism:url":"https://api.elsevier.com/content/abstract/scopus_id/0029534595","dc:identifier":"SCOPUS_ID:0029534595","eid":"2-s2.0-0029534595","dc:title":"Splice: a new analytical network analysis software","dc:creator":"Engel T.","prism:publicationName":"Proceedings - Frontiers in Education Conference","prism:issn":"01905848","prism:volume":"1","prism:pageRange":"341-343","prism:coverDate":"1995-12-01","prism:coverDisplayDate":"1995","citedby-count":"0","affiliation": [{"@_fa": "true", "affilname":"CaaGE Software","affiliation-city":"Columbia","affiliation-country":"United States"}],"prism:aggregationType":"Conference Proceeding","subtype":"cp","subtypeDescription":"Conference Paper","source-id":"16719","openaccess":"0","openaccessFlag":false},{"@_fa": "true", "link": [{"@_fa": "true", "@ref": "self", "@href": "https://api.elsevier.com/content/abstract/scopus_id/0037791903"},{"@_fa": "true", "@ref": "author-affiliation", "@href": "https://api.elsevier.com/content/abstract/scopus_id/0037791903?field=author,affiliation"},{"@_fa": "true", "@ref": "scopus", "@href": "https://www.scopus.com/inward/record.uri?partnerID=HzOxMe3b&scp=0037791903&origin=inward"},{"@_fa": "true", "@ref": "scopus-citedby", "@href": "https://www.scopus.com/inward/citedby.uri?partnerID=HzOxMe3b&scp=0037791903&origin=inward"}],"prism:url":"https://api.elsevier.com/content/abstract/scopus_id/0037791903","dc:identifier":"SCOPUS_ID:0037791903","eid":"2-s2.0-0037791903","dc:title":"Shakespeare vs. fletcher: A stylometric analysis by radial basis functions","dc:creator":"Lowe D.","prism:publicationName":"Computers and the Humanities","prism:issn":"00104817","prism:eIssn":"15728412","prism:volume":"29","prism:issueIdentifier":"6","prism:pageRange":"449-461","prism:coverDate":"1995-12-01","prism:coverDisplayDate":"December 1995","prism:doi":"10.1007/BF01829876","citedby-count":"32","affiliation": [{"@_fa": "true", "affilname":"Aston University","affiliation-city":"Birmingham","affiliation-country":"United Kingdom"}],"prism:aggregationType":"Journal","subtype":"ar","subtypeDescription":"Article","source-id":"68473","openaccess":"0","openaccessFlag":false},{"@_fa": "true", "link": [{"@_fa": "true", "@ref": "self", "@href": "https://api.elsevier.com/content/abstract/scopus_id/84954645402"},{"@_fa": "true", "@ref": "author-affiliation", "@href": "https://api.elsevier.com/content/abstract/scopus_id/84954645402?field=author,affiliation"},{"@_fa": "true", "@ref": "scopus", "@href": "https://www.scopus.com/inward/record.uri?partnerID=HzOxMe3b&scp=84954645402&origin=inward"},{"@_fa": "true", "@ref": "scopus-citedby", "@href": "https://www.scopus.com/inward/citedby.uri?partnerID=HzOxMe3b&scp=84954645402&origin=inward"}],"prism:url":"https://api.elsevier.com/content/abstract/scopus_id/84954645402","dc:identifier":"SCOPUS_ID:84954645402","eid":"2-s2.0-84954645402","dc:title":"Technology and innovation networks in the People's Republic of China","dc:creator":"Turpin T.","prism:publicationName":"Journal of Industry Studies","prism:issn":"13206095","prism:volume":"2","prism:issueIdentifier":"2","prism:pageRange":"63-74","prism:coverDate":"1995-12-01","prism:coverDisplayDate":"1 December 1995","prism:doi":"10.1080/13662719508538555","citedby-count":"5","prism:aggregationType":"Journal","subtype":"ar","subtypeDescription":"Article","source-id":"4900152608","openaccess":"0","openaccessFlag":false},{"@_fa": "true", "link": [{"@_fa": "true", "@ref": "self", "@href": "https://api.elsevier.com/content/abstract/scopus_id/84937294377"},{"@_fa": "true", "@ref": "author-affiliation", "@href": "https://api.elsevier.com/content/abstract/scopus_id/84937294377?field=author,affiliation"},{"@_fa": "true", "@ref": "scopus", "@href": "https://www.scopus.com/inward/record.uri?partnerID=HzOxMe3b&scp=84937294377&origin=inward"},{"@_fa": "true", "@ref": "scopus-citedby", "@href": "https://www.scopus.com/inward/citedby.uri?partnerID=HzOxMe3b&scp=84937294377&origin=inward"}],"prism:url":"https://api.elsevier.com/content/abstract/scopus_id/84937294377","dc:identifier":"SCOPUS_ID:84937294377","eid":"2-s2.0-84937294377","dc:title":"The industrial networks of taiwan's small and medium-sized enterp rises","dc:creator":"Lee C.","prism:publicationName":"Journal of Industry Studies","prism:issn":"13206095","prism:volume":"2","prism:issueIdentifier":"2","prism:pageRange":"75-87","prism:coverDate":"1995-12-01","prism:coverDisplayDate":"1 December 1995","prism:doi":"10.1080/13662719508538556","citedby-count":"3","prism:aggregationType":"Journal","subtype":"ar","subtypeDescription":"Article","source-id":"4900152608","openaccess":"0","openaccessFlag":false},{"@_fa": "true", "link": [{"@_fa": "true", "@ref": "self", "@href": "https://api.elsevier.com/content/abstract/scopus_id/0029459592"},{"@_fa": "true", "@ref": "author-affiliation", "@href": "https://api.elsevier.com/content/abstract/scopus_id/0029459592?field=author,affiliation"},{"@_fa": "true", "@ref": "scopus", "@href": "https://www.scopus.com/inward/record.uri?partnerID=HzOxMe3b&scp=0029459592&origin=inward"},{"@_fa": "true", "@ref": "scopus-citedby", "@href": "https://www.scopus.com/inward/citedby.uri?partnerID=HzOxMe3b&scp=0029459592&origin=inward"}],"prism:url":"https://api.elsevier.com/content/abstract/scopus_id/0029459592","dc:identifier":"SCOPUS_ID:0029459592","eid":"2-s2.0-0029459592","dc:title":"Project report: Split-Up - A Legal Expert System which determines property division upon divorce","dc:creator":"Zeleznikow J.","prism:publicationName":"Artificial Intelligence and Law","prism:issn":"09248463","prism:eIssn":"15728382","prism:volume":"3","prism:issueIdentifier":"4","prism:pageRange":"267-275","prism:coverDate":"1995-12-01","prism:coverDisplayDate":"December 1995","prism:doi":"10.1007/BF00871852","citedby-count":"17","affiliation": [{"@_fa": "true", "affilname":"La Trobe University","affiliation-city":"Melbourne","affiliation-country":"Australia"}],"prism:aggregationType":"Journal","subtype":"ar","subtypeDescription":"Article","source-id":"13880","openaccess":"0","openaccessFlag":false},{"@_fa": "true", "link": [{"@_fa": "true", "@ref": "self", "@href": "https://api.elsevier.com/content/abstract/scopus_id/0029457966"},{"@_fa": "true", "@ref": "author-affiliation", "@href": "https://api.elsevier.com/content/abstract/scopus_id/0029457966?field=author,affiliation"},{"@_fa": "true", "@ref": "scopus", "@href": "https://www.scopus.com/inward/record.uri?partnerID=HzOxMe3b&scp=0029457966&origin=inward"},{"@_fa": "true", "@ref": "scopus-citedby", "@href": "https://www.scopus.com/inward/citedby.uri?partnerID=HzOxMe3b&scp=0029457966&origin=inward"}],"prism:url":"https://api.elsevier.com/content/abstract/scopus_id/0029457966","dc:identifier":"SCOPUS_ID:0029457966","eid":"2-s2.0-0029457966","dc:title":"Establishment of a GPS continuously operating reference station system as a framework for the national spatial reference system","dc:creator":"Strange W.","prism:publicationName":"Proceedings of the Annual Meeting - Institute of Navigation","prism:pageRange":"19-24","prism:coverDate":"1995-12-01","prism:coverDisplayDate":"1995","citedby-count":"4","prism:aggregationType":"Conference Proceeding","subtype":"cp","subtypeDescription":"Conference Paper","source-id":"56833","openaccess":"0","openaccessFlag":false},{"@_fa": "true", "link": [{"@_fa": "true", "@ref": "self", "@href": "https://api.elsevier.com/content/abstract/scopus_id/84863440367"},{"@_fa": "true", "@ref": "author-affiliation", "@href": "https://api.elsevier.com/content/abstract/scopus_id/84863440367?field=author,affiliation"},{"@_fa": "true", "@ref": "scopus", "@href": "https://www.scopus.com/inward/record.uri?partnerID=HzOxMe3b&scp=84863440367&origin=inward"},{"@_fa": "true", "@ref": "scopus-citedby", "@href": "https://www.scopus.com/inward/citedby.uri?partnerID=HzOxMe3b&scp=84863440367&origin=inward"}],"prism:url":"https://api.elsevier.com/content/abstract/scopus_id/84863440367","dc:identifier":"SCOPUS_ID:84863440367","eid":"2-s2.0-84863440367","dc:title":"Competing in the global electronics industry: A comparative study of the innovation networks of Singapore and Taiwan","dc:creator":"Poh-Kam W.","prism:publicationName":"Journal of Industry Studies","prism:issn":"13206095","prism:volume":"2","prism:issueIdentifier":"2","prism:pageRange":"35-61","prism:coverDate":"1995-12-01","prism:coverDisplayDate":"1 December 1995","prism:doi":"10.1080/13662719508538554","citedby-count":"26","prism:aggregationType":"Journal","subtype":"ar","subtypeDescription":"Article","source-id":"4900152608","openaccess":"0","openaccessFlag":false},{"@_fa": "true", "link": [{"@_fa": "true", "@ref": "self", "@href": "https://api.elsevier.com/content/abstract/scopus_id/4544370589"},{"@_fa": "true", "@ref": "author-affiliation", "@href": "https://api.elsevier.com/content/abstract/scopus_id/4544370589?field=author,affiliation"},{"@_fa": "true", "@ref": "scopus", "@href": "https://www.scopus.com/inward/record.uri?partnerID=HzOxMe3b&scp=4544370589&origin=inward"},{"@_fa": "true", "@ref": "scopus-citedby", "@href": "https://www.scopus.com/inward/citedby.uri?partnerID=HzOxMe3b&scp=4544370589&origin=inward"}],"prism:url":"https://api.elsevier.com/content/abstract/scopus_id/4544370589","dc:identifier":"SCOPUS_ID:4544370589","eid":"2-s2.0-4544370589","dc:title":"Energy theorems for infinitesimal plane wrinkling of inextensible networks","dc:creator":"Pipkin A.","prism:publicationName":"IMA Journal of Applied Mathematics (Institute of Mathematics and Its Applications)","prism:issn":"02724960","prism:volume":"54","prism:issueIdentifier":"3","prism:pageRange":"285-299","prism:coverDate":"1995-12-01","prism:coverDisplayDate":"1995","prism:doi":"10.1093/imamat/54.3.285","citedby-count":"6","prism:aggregationType":"Journal","subtype":"ar","subtypeDescription":"Article","source-id":"23146","openaccess":"0","openaccessFlag":false}]}}