{"search-results":{"opensearch:totalResults":"1241","opensearch:startIndex":"0","opensearch:itemsPerPage":"25","opensearch:Query":{"@role": "request", "@searchTerms": "TITLE-ABS-KEY(\"network\") AND SUBJAREA(SOCI) AND PUBYEAR = 1993", "@startPage": "0"},"link": [{"@_fa": "true", "@ref": "self", "@href": "https://api.elsevier.com/content/search/scopus?start=0&count=25&query=TITLE-ABS-KEY%28%22network%22%29+AND+SUBJAREA%28SOCI%29+AND+PUBYEAR+%3D+1993&apiKey=27d953b4b546791964ebeb768d13e61f&view=STANDARD", "@type": "application/json"},{"@_fa": "true", "@ref": "first", "@href": "https://api.elsevier.com/content/search/scopus?start=0&count=25&query=TITLE-ABS-KEY%28%22network%22%29+AND+SUBJAREA%28SOCI%29+AND+PUBYEAR+%3D+1993&apiKey=27d953b4b546791964ebeb768d13e61f&view=STANDARD", "@type": "application/json"},{"@_fa": "true", "@ref": "next", "@href": "https://api.elsevier.com/content/search/scopus?start=25&count=25&query=TITLE-ABS-KEY%28%22network%22%29+AND+SUBJAREA%28SOCI%29+AND+PUBYEAR+%3D+1993&apiKey=27d953b4b546791964ebeb768d13e61f&view=STANDARD", "@type": "application/json"},{"@_fa": "true", "@ref": "last", "@href": "https://api.elsevier.com/content/search/scopus?start=1216&count=25&query=TITLE-ABS-KEY%28%22network%22%29+AND+SUBJAREA%28SOCI%29+AND+PUBYEAR+%3D+1993&apiKey=27d953b4b546791964ebeb768d13e61f&view=STANDARD", "@type": "application/json"}],"entry": [{"@_fa": "true", "link": [{"@_fa": "true", "@ref": "self", "@href": "https://api.elsevier.com/content/abstract/scopus_id/0027137610"},{"@_fa": "true", "@ref": "author-affiliation", "@href": "https://api.elsevier.com/content/abstract/scopus_id/0027137610?field=author,affiliation"},{"@_fa": "true", "@ref": "scopus", "@href": "https://www.scopus.com/inward/record.uri?partnerID=HzOxMe3b&scp=0027137610&origin=inward"},{"@_fa": "true", "@ref": "scopus-citedby", "@href": "https://www.scopus.com/inward/citedby.uri?partnerID=HzOxMe3b&scp=0027137610&origin=inward"}],"prism:url":"https://api.elsevier.com/content/abstract/scopus_id/0027137610","dc:identifier":"SCOPUS_ID:0027137610","eid":"2-s2.0-0027137610","dc:title":"Nature's medicinal bounty: Don't throw it away","dc:creator":"Akerele O.","prism:publicationName":"World Health Forum","prism:issn":"02512432","prism:volume":"14","prism:issueIdentifier":"4","prism:pageRange":"390-395","prism:coverDate":"1993-12-24","prism:coverDisplayDate":"1993","citedby-count":"149","pubmed-id":"8185790","prism:aggregationType":"Journal","subtype":"sh","subtypeDescription":"Short Survey","source-id":"40163","openaccess":"0","openaccessFlag":false},{"@_fa": "true", "link": [{"@_fa": "true", "@ref": "self", "@href": "https://api.elsevier.com/content/abstract/scopus_id/5844228188"},{"@_fa": "true", "@ref": "author-affiliation", "@href": "https://api.elsevier.com/content/abstract/scopus_id/5844228188?field=author,affiliation"},{"@_fa": "true", "@ref": "scopus", "@href": "https://www.scopus.com/inward/record.uri?partnerID=HzOxMe3b&scp=5844228188&origin=inward"},{"@_fa": "true", "@ref": "scopus-citedby", "@href": "https://www.scopus.com/inward/citedby.uri?partnerID=HzOxMe3b&scp=5844228188&origin=inward"}],"prism:url":"https://api.elsevier.com/content/abstract/scopus_id/5844228188","dc:identifier":"SCOPUS_ID:5844228188","eid":"2-s2.0-5844228188","dc:title":"The effect of a local area medline network on online end-user and mediated searching: An update","dc:creator":"Tyler J.","prism:publicationName":"Medical Reference Services Quarterly","prism:issn":"02763869","prism:eIssn":"15409597","prism:volume":"12","prism:issueIdentifier":"4","prism:pageRange":"1-6","prism:coverDate":"1993-12-22","prism:coverDisplayDate":"22 December 1993","prism:doi":"10.1300/J115V12N04_01","citedby-count":"1","prism:aggregationType":"Journal","subtype":"ar","subtypeDescription":"Article","source-id":"14721","openaccess":"0","openaccessFlag":false},{"@_fa": "true", "link": [{"@_fa": "true", "@ref": "self", "@href": "https://api.elsevier.com/content/abstract/scopus_id/84952085172"},{"@_fa": "true", "@ref": "author-affiliation", "@href": "https://api.elsevier.com/content/abstract/scopus_id/84952085172?field=author,affiliation"},{"@_fa": "true", "@ref": "scopus", "@href": "https://www.scopus.com/inward/record.uri?partnerID=HzOxMe3b&scp=84952085172&origin=inward"},{"@_fa": "true", "@ref": "scopus-citedby", "@href": "https://www.scopus.com/inward/citedby.uri?partnerID=HzOxMe3b&scp=84952085172&origin=inward"}],"prism:url":"https://api.elsevier.com/content/abstract/scopus_id/84952085172","dc:identifier":"SCOPUS_ID:84952085172","eid":"2-s2.0-84952085172","dc:title":"Cataloging at the bibliotheque nationale","dc:creator":"Simon N.","prism:publicationName":"Cataloging and Classification Quarterly","prism:issn":"01639374","prism:eIssn":"15444554","prism:volume":"17","prism:issueIdentifier":"1-2","prism:pageRange":"233-256","prism:coverDate":"1993-12-14","prism:coverDisplayDate":"14 December 1993","prism:doi":"10.1300/J104v17n01_17","citedby-count":"0","affiliation": [{"@_fa": "true", "affilname":"Head and Foreign Accessions Department","affiliation-city":null,"affiliation-country":"United States"}],"prism:aggregationType":"Journal","subtype":"ar","subtypeDescription":"Article","source-id":"4700152770","openaccess":"0","openaccessFlag":false},{"@_fa": "true", "link": [{"@_fa": "true", "@ref": "self", "@href": "https://api.elsevier.com/content/abstract/scopus_id/0027833208"},{"@_fa": "true", "@ref": "author-affiliation", "@href": "https://api.elsevier.com/content/abstract/scopus_id/0027833208?field=author,affiliation"},{"@_fa": "true", "@ref": "scopus", "@href": "https://www.scopus.com/inward/record.uri?partnerID=HzOxMe3b&scp=0027833208&origin=inward"},{"@_fa": "true", "@ref": "scopus-citedby", "@href": "https://www.scopus.com/inward/citedby.uri?partnerID=HzOxMe3b&scp=0027833208&origin=inward"},{"@_fa": "true", "@ref": "full-text", "@href": "https://api.elsevier.com/content/article/eid/1-s2.0-037722179390057T"}],"prism:url":"https://api.elsevier.com/content/abstract/scopus_id/0027833208","dc:identifier":"SCOPUS_ID:0027833208","eid":"2-s2.0-0027833208","dc:title":"Integrated optimal flow control in traffic networks","dc:creator":"Moreno Baños J.","prism:publicationName":"European Journal of Operational Research","prism:issn":"03772217","prism:volume":"71","prism:issueIdentifier":"2","prism:pageRange":"317-323","prism:coverDate":"1993-12-10","prism:coverDisplayDate":"10 December 1993","prism:doi":"10.1016/0377-2217(93)90057-T","pii":"037722179390057T","citedby-count":"15","prism:aggregationType":"Journal","subtype":"ar","subtypeDescription":"Article","source-id":"22489","openaccess":"0","openaccessFlag":false},{"@_fa": "true", "link": [{"@_fa": "true", "@ref": "self", "@href": "https://api.elsevier.com/content/abstract/scopus_id/0027870139"},{"@_fa": "true", "@ref": "author-affiliation", "@href": "https://api.elsevier.com/content/abstract/scopus_id/0027870139?field=author,affiliation"},{"@_fa": "true", "@ref": "scopus", "@href": "https://www.scopus.com/inward/record.uri?partnerID=HzOxMe3b&scp=0027870139&origin=inward"},{"@_fa": "true", "@ref": "scopus-citedby", "@href": "https://www.scopus.com/inward/citedby.uri?partnerID=HzOxMe3b&scp=0027870139&origin=inward"},{"@_fa": "true", "@ref": "full-text", "@href": "https://api.elsevier.com/content/article/eid/1-s2.0-037722179390047Q"}],"prism:url":"https://api.elsevier.com/content/abstract/scopus_id/0027870139","dc:identifier":"SCOPUS_ID:0027870139","eid":"2-s2.0-0027870139","dc:title":"The existence of equivalent mathematical programs for certain mixed equilibrium traffic assignment problems","dc:creator":"Bennett L.","prism:publicationName":"European Journal of Operational Research","prism:issn":"03772217","prism:volume":"71","prism:issueIdentifier":"2","prism:pageRange":"177-187","prism:coverDate":"1993-12-10","prism:coverDisplayDate":"10 December 1993","prism:doi":"10.1016/0377-2217(93)90047-Q","pii":"037722179390047Q","citedby-count":"19","prism:aggregationType":"Journal","subtype":"ar","subtypeDescription":"Article","source-id":"22489","openaccess":"0","openaccessFlag":false},{"@_fa": "true", "link": [{"@_fa": "true", "@ref": "self", "@href": "https://api.elsevier.com/content/abstract/scopus_id/0027834691"},{"@_fa": "true", "@ref": "author-affiliation", "@href": "https://api.elsevier.com/content/abstract/scopus_id/0027834691?field=author,affiliation"},{"@_fa": "true", "@ref": "scopus", "@href": "https://www.scopus.com/inward/record.uri?partnerID=HzOxMe3b&scp=0027834691&origin=inward"},{"@_fa": "true", "@ref": "scopus-citedby", "@href": "https://www.scopus.com/inward/citedby.uri?partnerID=HzOxMe3b&scp=0027834691&origin=inward"},{"@_fa": "true", "@ref": "full-text", "@href": "https://api.elsevier.com/content/article/eid/1-s2.0-037722179390053P"}],"prism:url":"https://api.elsevier.com/content/abstract/scopus_id/0027834691","dc:identifier":"SCOPUS_ID:0027834691","eid":"2-s2.0-0027834691","dc:title":"Investment planning for urban roads","dc:creator":"Christiansen M.","prism:publicationName":"European Journal of Operational Research","prism:issn":"03772217","prism:volume":"71","prism:issueIdentifier":"2","prism:pageRange":"257-268","prism:coverDate":"1993-12-10","prism:coverDisplayDate":"10 December 1993","prism:doi":"10.1016/0377-2217(93)90053-P","pii":"037722179390053P","citedby-count":"0","prism:aggregationType":"Journal","subtype":"ar","subtypeDescription":"Article","source-id":"22489","openaccess":"0","openaccessFlag":false},{"@_fa": "true", "link": [{"@_fa": "true", "@ref": "self", "@href": "https://api.elsevier.com/content/abstract/scopus_id/0027707576"},{"@_fa": "true", "@ref": "author-affiliation", "@href": "https://api.elsevier.com/content/abstract/scopus_id/0027707576?field=author,affiliation"},{"@_fa": "true", "@ref": "scopus", "@href": "https://www.scopus.com/inward/record.uri?partnerID=HzOxMe3b&scp=0027707576&origin=inward"},{"@_fa": "true", "@ref": "scopus-citedby", "@href": "https://www.scopus.com/inward/citedby.uri?partnerID=HzOxMe3b&scp=0027707576&origin=inward"}],"prism:url":"https://api.elsevier.com/content/abstract/scopus_id/0027707576","dc:identifier":"SCOPUS_ID:0027707576","eid":"2-s2.0-0027707576","dc:title":"Utility Networks and Urban Planning: An Issue Agenda","dc:creator":"Marvin S.","prism:publicationName":"Planning Practice &amp; Research","prism:issn":"02697459","prism:eIssn":"13600583","prism:volume":"8","prism:issueIdentifier":"4","prism:pageRange":"6-14","prism:coverDate":"1993-12-01","prism:coverDisplayDate":"1 December 1993","prism:doi":"10.1080/02697459308722898","citedby-count":"3","prism:aggregationType":"Journal","subtype":"ar","subtypeDescription":"Article","source-id":"14683","openaccess":"1","openaccessFlag":true},{"@_fa": "true", "link": [{"@_fa": "true", "@ref": "self", "@href": "https://api.elsevier.com/content/abstract/scopus_id/77953995023"},{"@_fa": "true", "@ref": "author-affiliation", "@href": "https://api.elsevier.com/content/abstract/scopus_id/77953995023?field=author,affiliation"},{"@_fa": "true", "@ref": "scopus", "@href": "https://www.scopus.com/inward/record.uri?partnerID=HzOxMe3b&scp=77953995023&origin=inward"},{"@_fa": "true", "@ref": "scopus-citedby", "@href": "https://www.scopus.com/inward/citedby.uri?partnerID=HzOxMe3b&scp=77953995023&origin=inward"}],"prism:url":"https://api.elsevier.com/content/abstract/scopus_id/77953995023","dc:identifier":"SCOPUS_ID:77953995023","eid":"2-s2.0-77953995023","dc:title":"Use of neural networks in an undergraduate robotics course","dc:creator":"Clement W.","prism:publicationName":"Proceedings - Frontiers in Education Conference, FIE","prism:issn":"15394565","prism:isbn": [{"@_fa": "true", "$" :"0780314824"},{"@_fa": "true", "$" :"9780780314825"}],"prism:pageRange":"705-709","prism:coverDate":"1993-12-01","prism:coverDisplayDate":"1993","prism:doi":"10.1109/FIE.1993.405432","citedby-count":"0","prism:aggregationType":"Conference Proceeding","subtype":"cp","subtypeDescription":"Conference Paper","article-number":"405432","source-id":"16719","openaccess":"0","openaccessFlag":false},{"@_fa": "true", "link": [{"@_fa": "true", "@ref": "self", "@href": "https://api.elsevier.com/content/abstract/scopus_id/0027812018"},{"@_fa": "true", "@ref": "author-affiliation", "@href": "https://api.elsevier.com/content/abstract/scopus_id/0027812018?field=author,affiliation"},{"@_fa": "true", "@ref": "scopus", "@href": "https://www.scopus.com/inward/record.uri?partnerID=HzOxMe3b&scp=0027812018&origin=inward"},{"@_fa": "true", "@ref": "scopus-citedby", "@href": "https://www.scopus.com/inward/citedby.uri?partnerID=HzOxMe3b&scp=0027812018&origin=inward"}],"prism:url":"https://api.elsevier.com/content/abstract/scopus_id/0027812018","dc:identifier":"SCOPUS_ID:0027812018","eid":"2-s2.0-0027812018","dc:title":"DMA GPS Tracking network","dc:creator":"Roth B.","prism:publicationName":"Proceedings of the Annual Meeting - Institute of Navigation","prism:pageRange":"487-494","prism:coverDate":"1993-12-01","prism:coverDisplayDate":"1993","citedby-count":"0","prism:aggregationType":"Conference Proceeding","subtype":"cp","subtypeDescription":"Conference Paper","source-id":"56833","openaccess":"0","openaccessFlag":false},{"@_fa": "true", "link": [{"@_fa": "true", "@ref": "self", "@href": "https://api.elsevier.com/content/abstract/scopus_id/43949164657"},{"@_fa": "true", "@ref": "author-affiliation", "@href": "https://api.elsevier.com/content/abstract/scopus_id/43949164657?field=author,affiliation"},{"@_fa": "true", "@ref": "scopus", "@href": "https://www.scopus.com/inward/record.uri?partnerID=HzOxMe3b&scp=43949164657&origin=inward"},{"@_fa": "true", "@ref": "scopus-citedby", "@href": "https://www.scopus.com/inward/citedby.uri?partnerID=HzOxMe3b&scp=43949164657&origin=inward"},{"@_fa": "true", "@ref": "full-text", "@href": "https://api.elsevier.com/content/article/eid/1-s2.0-0098791393900256"}],"prism:url":"https://api.elsevier.com/content/abstract/scopus_id/43949164657","dc:identifier":"SCOPUS_ID:43949164657","eid":"2-s2.0-43949164657","dc:title":"Mentoring: A network of gratitude","dc:creator":"Kennedy K.","prism:publicationName":"Serials Review","prism:issn":"00987913","prism:volume":"19","prism:issueIdentifier":"4","prism:pageRange":"5","prism:coverDate":"1993-12-01","prism:coverDisplayDate":"December 1993","pii":"0098791393900256","citedby-count":"0","prism:aggregationType":"Journal","subtype":"ed","subtypeDescription":"Editorial","source-id":"16611","openaccess":"0","openaccessFlag":false},{"@_fa": "true", "link": [{"@_fa": "true", "@ref": "self", "@href": "https://api.elsevier.com/content/abstract/scopus_id/0042139330"},{"@_fa": "true", "@ref": "author-affiliation", "@href": "https://api.elsevier.com/content/abstract/scopus_id/0042139330?field=author,affiliation"},{"@_fa": "true", "@ref": "scopus", "@href": "https://www.scopus.com/inward/record.uri?partnerID=HzOxMe3b&scp=0042139330&origin=inward"},{"@_fa": "true", "@ref": "scopus-citedby", "@href": "https://www.scopus.com/inward/citedby.uri?partnerID=HzOxMe3b&scp=0042139330&origin=inward"}],"prism:url":"https://api.elsevier.com/content/abstract/scopus_id/0042139330","dc:identifier":"SCOPUS_ID:0042139330","eid":"2-s2.0-0042139330","dc:title":"Integrated information and development communication networks","dc:creator":"Bissio R.","prism:publicationName":"Development","prism:issn":"10116370","prism:volume":"36","prism:issueIdentifier":"3","prism:pageRange":"27-30","prism:coverDate":"1993-12-01","prism:coverDisplayDate":"1993","citedby-count":"1","affiliation": [{"@_fa": "true", "affilname":"Instituto del Tercer Mundo","affiliation-city":"Montevideo","affiliation-country":"Uruguay"}],"prism:aggregationType":"Journal","subtype":"ar","subtypeDescription":"Article","source-id":"14090","openaccess":"0","openaccessFlag":false},{"@_fa": "true", "link": [{"@_fa": "true", "@ref": "self", "@href": "https://api.elsevier.com/content/abstract/scopus_id/21144462129"},{"@_fa": "true", "@ref": "author-affiliation", "@href": "https://api.elsevier.com/content/abstract/scopus_id/21144462129?field=author,affiliation"},{"@_fa": "true", "@ref": "scopus", "@href": "https://www.scopus.com/inward/record.uri?partnerID=HzOxMe3b&scp=21144462129&origin=inward"},{"@_fa": "true", "@ref": "scopus-citedby", "@href": "https://www.scopus.com/inward/citedby.uri?partnerID=HzOxMe3b&scp=21144462129&origin=inward"}],"prism:url":"https://api.elsevier.com/content/abstract/scopus_id/21144462129","dc:identifier":"SCOPUS_ID:21144462129","eid":"2-s2.0-21144462129","dc:title":"School library media centers and networks","dc:creator":"Van Orden P.","prism:publicationName":"Library Resources and Technical Services","prism:issn":"00242527","prism:volume":"37","prism:issueIdentifier":"1","prism:pageRange":"7-17","prism:coverDate":"1993-12-01","prism:coverDisplayDate":"1993","citedby-count":"2","prism:aggregationType":"Journal","subtype":"ar","subtypeDescription":"Article","source-id":"98245","openaccess":"0","openaccessFlag":false},{"@_fa": "true", "link": [{"@_fa": "true", "@ref": "self", "@href": "https://api.elsevier.com/content/abstract/scopus_id/0027810854"},{"@_fa": "true", "@ref": "author-affiliation", "@href": "https://api.elsevier.com/content/abstract/scopus_id/0027810854?field=author,affiliation"},{"@_fa": "true", "@ref": "scopus", "@href": "https://www.scopus.com/inward/record.uri?partnerID=HzOxMe3b&scp=0027810854&origin=inward"},{"@_fa": "true", "@ref": "scopus-citedby", "@href": "https://www.scopus.com/inward/citedby.uri?partnerID=HzOxMe3b&scp=0027810854&origin=inward"}],"prism:url":"https://api.elsevier.com/content/abstract/scopus_id/0027810854","dc:identifier":"SCOPUS_ID:0027810854","eid":"2-s2.0-0027810854","dc:title":"Evolution to civil GNSS taking advantage of geostationary satellites","dc:creator":"Van Dierendonck A.","prism:publicationName":"Proceedings of the Annual Meeting - Institute of Navigation","prism:pageRange":"231-240","prism:coverDate":"1993-12-01","prism:coverDisplayDate":"1993","citedby-count":"0","prism:aggregationType":"Conference Proceeding","subtype":"cp","subtypeDescription":"Conference Paper","source-id":"56833","openaccess":"0","openaccessFlag":false},{"@_fa": "true", "link": [{"@_fa": "true", "@ref": "self", "@href": "https://api.elsevier.com/content/abstract/scopus_id/77954001812"},{"@_fa": "true", "@ref": "author-affiliation", "@href": "https://api.elsevier.com/content/abstract/scopus_id/77954001812?field=author,affiliation"},{"@_fa": "true", "@ref": "scopus", "@href": "https://www.scopus.com/inward/record.uri?partnerID=HzOxMe3b&scp=77954001812&origin=inward"},{"@_fa": "true", "@ref": "scopus-citedby", "@href": "https://www.scopus.com/inward/citedby.uri?partnerID=HzOxMe3b&scp=77954001812&origin=inward"}],"prism:url":"https://api.elsevier.com/content/abstract/scopus_id/77954001812","dc:identifier":"SCOPUS_ID:77954001812","eid":"2-s2.0-77954001812","dc:title":"Novel uses of neural networks","dc:creator":"Ramirez M.","prism:publicationName":"Proceedings - Frontiers in Education Conference, FIE","prism:issn":"15394565","prism:isbn": [{"@_fa": "true", "$" :"0780314824"},{"@_fa": "true", "$" :"9780780314825"}],"prism:pageRange":"710-713","prism:coverDate":"1993-12-01","prism:coverDisplayDate":"1993","prism:doi":"10.1109/FIE.1993.405431","citedby-count":"0","affiliation": [{"@_fa": "true", "affilname":"Johns Hopkins University","affiliation-city":"Baltimore","affiliation-country":"United States"}],"prism:aggregationType":"Conference Proceeding","subtype":"cp","subtypeDescription":"Conference Paper","article-number":"405431","source-id":"16719","openaccess":"0","openaccessFlag":false},{"@_fa": "true", "link": [{"@_fa": "true", "@ref": "self", "@href": "https://api.elsevier.com/content/abstract/scopus_id/0008334070"},{"@_fa": "true", "@ref": "author-affiliation", "@href": "https://api.elsevier.com/content/abstract/scopus_id/0008334070?field=author,affiliation"},{"@_fa": "true", "@ref": "scopus", "@href": "https://www.scopus.com/inward/record.uri?partnerID=HzOxMe3b&scp=0008334070&origin=inward"},{"@_fa": "true", "@ref": "scopus-citedby", "@href": "https://www.scopus.com/inward/citedby.uri?partnerID=HzOxMe3b&scp=0008334070&origin=inward"}],"prism:url":"https://api.elsevier.com/content/abstract/scopus_id/0008334070","dc:identifier":"SCOPUS_ID:0008334070","eid":"2-s2.0-0008334070","dc:title":"Monotonic games are spanning network games","dc:creator":"Van Den Nouweland A.","prism:publicationName":"International Journal of Game Theory","prism:issn":"00207276","prism:eIssn":"14321270","prism:volume":"21","prism:issueIdentifier":"4","prism:pageRange":"419-427","prism:coverDate":"1993-12-01","prism:coverDisplayDate":"December 1993","prism:doi":"10.1007/BF01240156","citedby-count":"12","prism:aggregationType":"Journal","subtype":"ar","subtypeDescription":"Article","source-id":"23241","openaccess":"0","openaccessFlag":false},{"@_fa": "true", "link": [{"@_fa": "true", "@ref": "self", "@href": "https://api.elsevier.com/content/abstract/scopus_id/71149110844"},{"@_fa": "true", "@ref": "author-affiliation", "@href": "https://api.elsevier.com/content/abstract/scopus_id/71149110844?field=author,affiliation"},{"@_fa": "true", "@ref": "scopus", "@href": "https://www.scopus.com/inward/record.uri?partnerID=HzOxMe3b&scp=71149110844&origin=inward"},{"@_fa": "true", "@ref": "scopus-citedby", "@href": "https://www.scopus.com/inward/citedby.uri?partnerID=HzOxMe3b&scp=71149110844&origin=inward"}],"prism:url":"https://api.elsevier.com/content/abstract/scopus_id/71149110844","dc:identifier":"SCOPUS_ID:71149110844","eid":"2-s2.0-71149110844","dc:title":"Proceedings of the 1977 ISAD institute on a National Bibliographic network","dc:creator":"Malinconico S.","prism:publicationName":"Information Technology and Libraries","prism:issn":"07309295","prism:volume":"12","prism:issueIdentifier":"1","prism:pageRange":"67-76","prism:coverDate":"1993-12-01","prism:coverDisplayDate":"1993","citedby-count":"0","prism:aggregationType":"Journal","subtype":"ar","subtypeDescription":"Article","source-id":"12709","openaccess":"0","openaccessFlag":false},{"@_fa": "true", "link": [{"@_fa": "true", "@ref": "self", "@href": "https://api.elsevier.com/content/abstract/scopus_id/0027897604"},{"@_fa": "true", "@ref": "author-affiliation", "@href": "https://api.elsevier.com/content/abstract/scopus_id/0027897604?field=author,affiliation"},{"@_fa": "true", "@ref": "scopus", "@href": "https://www.scopus.com/inward/record.uri?partnerID=HzOxMe3b&scp=0027897604&origin=inward"},{"@_fa": "true", "@ref": "scopus-citedby", "@href": "https://www.scopus.com/inward/citedby.uri?partnerID=HzOxMe3b&scp=0027897604&origin=inward"}],"prism:url":"https://api.elsevier.com/content/abstract/scopus_id/0027897604","dc:identifier":"SCOPUS_ID:0027897604","eid":"2-s2.0-0027897604","dc:title":"Network news: the Bioethics Network of Ohio (BENO); West Virginia Network of Ethics Committees; Orange County Bioethics Network; the Division of Medical Ethics: Department of Internal Medicine at the LDS Hospital and University of Utah School of Medicine.","dc:creator":"Minogue B.","prism:publicationName":"Cambridge quarterly of healthcare ethics : CQ : the international journal of healthcare ethics committees","prism:issn":"09631801","prism:volume":"2","prism:issueIdentifier":"1","prism:pageRange":"107-110","prism:coverDate":"1993-12-01","prism:coverDisplayDate":"December 1993","citedby-count":"3","pubmed-id":"11643202","prism:aggregationType":"Journal","subtype":"ar","subtypeDescription":"Article","source-id":"29075","openaccess":"0","openaccessFlag":false},{"@_fa": "true", "link": [{"@_fa": "true", "@ref": "self", "@href": "https://api.elsevier.com/content/abstract/scopus_id/77953970659"},{"@_fa": "true", "@ref": "author-affiliation", "@href": "https://api.elsevier.com/content/abstract/scopus_id/77953970659?field=author,affiliation"},{"@_fa": "true", "@ref": "scopus", "@href": "https://www.scopus.com/inward/record.uri?partnerID=HzOxMe3b&scp=77953970659&origin=inward"},{"@_fa": "true", "@ref": "scopus-citedby", "@href": "https://www.scopus.com/inward/citedby.uri?partnerID=HzOxMe3b&scp=77953970659&origin=inward"}],"prism:url":"https://api.elsevier.com/content/abstract/scopus_id/77953970659","dc:identifier":"SCOPUS_ID:77953970659","eid":"2-s2.0-77953970659","dc:title":"Telecommunication management curriculum, Bachelor of Technology","dc:creator":"Goykadosh A.","prism:publicationName":"Proceedings - Frontiers in Education Conference, FIE","prism:issn":"15394565","prism:isbn": [{"@_fa": "true", "$" :"0780314824"},{"@_fa": "true", "$" :"9780780314825"}],"prism:pageRange":"337-338","prism:coverDate":"1993-12-01","prism:coverDisplayDate":"1993","prism:doi":"10.1109/FIE.1993.405507","citedby-count":"0","prism:aggregationType":"Conference Proceeding","subtype":"cp","subtypeDescription":"Conference Paper","article-number":"405507","source-id":"16719","openaccess":"0","openaccessFlag":false},{"@_fa": "true", "link": [{"@_fa": "true", "@ref": "self", "@href": "https://api.elsevier.com/content/abstract/scopus_id/0027881413"},{"@_fa": "true", "@ref": "author-affiliation", "@href": "https://api.elsevier.com/content/abstract/scopus_id/0027881413?field=author,affiliation"},{"@_fa": "true", "@ref": "scopus", "@href": "https://www.scopus.com/inward/record.uri?partnerID=HzOxMe3b&scp=0027881413&origin=inward"},{"@_fa": "true", "@ref": "scopus-citedby", "@href": "https://www.scopus.com/inward/citedby.uri?partnerID=HzOxMe3b&scp=0027881413&origin=inward"}],"prism:url":"https://api.elsevier.com/content/abstract/scopus_id/0027881413","dc:identifier":"SCOPUS_ID:0027881413","eid":"2-s2.0-0027881413","dc:title":"Measuring the performance of armor platoons in the SIMNET environment","dc:creator":"Meliza L.","prism:publicationName":"Proceedings of the Human Factors and Ergonomics Society","prism:issn":"10711813","prism:volume":"2","prism:pageRange":"1186-1190","prism:coverDate":"1993-12-01","prism:coverDisplayDate":"1993","citedby-count":"0","affiliation": [{"@_fa": "true", "affilname":"U.S. Army Research Institute","affiliation-city":"Orlando","affiliation-country":"United States"}],"prism:aggregationType":"Conference Proceeding","subtype":"cp","subtypeDescription":"Conference Paper","source-id":"29757","openaccess":"0","openaccessFlag":false},{"@_fa": "true", "link": [{"@_fa": "true", "@ref": "self", "@href": "https://api.elsevier.com/content/abstract/scopus_id/0027768799"},{"@_fa": "true", "@ref": "author-affiliation", "@href": "https://api.elsevier.com/content/abstract/scopus_id/0027768799?field=author,affiliation"},{"@_fa": "true", "@ref": "scopus", "@href": "https://www.scopus.com/inward/record.uri?partnerID=HzOxMe3b&scp=0027768799&origin=inward"},{"@_fa": "true", "@ref": "scopus-citedby", "@href": "https://www.scopus.com/inward/citedby.uri?partnerID=HzOxMe3b&scp=0027768799&origin=inward"}],"prism:url":"https://api.elsevier.com/content/abstract/scopus_id/0027768799","dc:identifier":"SCOPUS_ID:0027768799","eid":"2-s2.0-0027768799","dc:title":"At the top: Network CEOs must evolve","prism:publicationName":"Hospitals and Health Networks","prism:issn":"10688838","prism:volume":"67","prism:issueIdentifier":"21","prism:pageRange":"25-27","prism:coverDate":"1993-12-01","prism:coverDisplayDate":"1993","citedby-count":"0","prism:aggregationType":"Journal","subtype":"sh","subtypeDescription":"Short Survey","source-id":"13493","openaccess":"0","openaccessFlag":false},{"@_fa": "true", "link": [{"@_fa": "true", "@ref": "self", "@href": "https://api.elsevier.com/content/abstract/scopus_id/21344480002"},{"@_fa": "true", "@ref": "author-affiliation", "@href": "https://api.elsevier.com/content/abstract/scopus_id/21344480002?field=author,affiliation"},{"@_fa": "true", "@ref": "scopus", "@href": "https://www.scopus.com/inward/record.uri?partnerID=HzOxMe3b&scp=21344480002&origin=inward"},{"@_fa": "true", "@ref": "scopus-citedby", "@href": "https://www.scopus.com/inward/citedby.uri?partnerID=HzOxMe3b&scp=21344480002&origin=inward"}],"prism:url":"https://api.elsevier.com/content/abstract/scopus_id/21344480002","dc:identifier":"SCOPUS_ID:21344480002","eid":"2-s2.0-21344480002","dc:title":"From fiddle factors to networks of collusion: Charting the waters of small business crime","dc:creator":"Barlow H.","prism:publicationName":"Crime, Law and Social Change","prism:issn":"09254994","prism:eIssn":"15730751","prism:volume":"20","prism:issueIdentifier":"4","prism:pageRange":"319-337","prism:coverDate":"1993-12-01","prism:coverDisplayDate":"December 1993","prism:doi":"10.1007/BF01307718","citedby-count":"13","affiliation": [{"@_fa": "true", "affilname":"Southern Illinois University","affiliation-city":"IL","affiliation-country":"United States"}],"prism:aggregationType":"Journal","subtype":"ar","subtypeDescription":"Article","source-id":"19637","openaccess":"0","openaccessFlag":false},{"@_fa": "true", "link": [{"@_fa": "true", "@ref": "self", "@href": "https://api.elsevier.com/content/abstract/scopus_id/0027884946"},{"@_fa": "true", "@ref": "author-affiliation", "@href": "https://api.elsevier.com/content/abstract/scopus_id/0027884946?field=author,affiliation"},{"@_fa": "true", "@ref": "scopus", "@href": "https://www.scopus.com/inward/record.uri?partnerID=HzOxMe3b&scp=0027884946&origin=inward"},{"@_fa": "true", "@ref": "scopus-citedby", "@href": "https://www.scopus.com/inward/citedby.uri?partnerID=HzOxMe3b&scp=0027884946&origin=inward"}],"prism:url":"https://api.elsevier.com/content/abstract/scopus_id/0027884946","dc:identifier":"SCOPUS_ID:0027884946","eid":"2-s2.0-0027884946","dc:title":"Integrating the navigation functions on seismic vessels","dc:creator":"Hylas T.","prism:publicationName":"Proceedings of the Annual Meeting - Institute of Navigation","prism:pageRange":"665-670","prism:coverDate":"1993-12-01","prism:coverDisplayDate":"1993","citedby-count":"0","prism:aggregationType":"Conference Proceeding","subtype":"cp","subtypeDescription":"Conference Paper","source-id":"56833","openaccess":"0","openaccessFlag":false},{"@_fa": "true", "link": [{"@_fa": "true", "@ref": "self", "@href": "https://api.elsevier.com/content/abstract/scopus_id/0027739465"},{"@_fa": "true", "@ref": "author-affiliation", "@href": "https://api.elsevier.com/content/abstract/scopus_id/0027739465?field=author,affiliation"},{"@_fa": "true", "@ref": "scopus", "@href": "https://www.scopus.com/inward/record.uri?partnerID=HzOxMe3b&scp=0027739465&origin=inward"},{"@_fa": "true", "@ref": "scopus-citedby", "@href": "https://www.scopus.com/inward/citedby.uri?partnerID=HzOxMe3b&scp=0027739465&origin=inward"}],"prism:url":"https://api.elsevier.com/content/abstract/scopus_id/0027739465","dc:identifier":"SCOPUS_ID:0027739465","eid":"2-s2.0-0027739465","dc:title":"The effect of social networks and concentrated poverty on black and hispanic youth unemployment","dc:creator":"O'Regan K.","prism:publicationName":"The Annals of Regional Science","prism:issn":"05701864","prism:eIssn":"14320592","prism:volume":"27","prism:issueIdentifier":"4","prism:pageRange":"327-342","prism:coverDate":"1993-12-01","prism:coverDisplayDate":"December 1993","prism:doi":"10.1007/BF01583572","citedby-count":"34","affiliation": [{"@_fa": "true", "affilname":"Yale Station","affiliation-city":"New Haven","affiliation-country":"United States"}],"prism:aggregationType":"Journal","subtype":"ar","subtypeDescription":"Article","source-id":"30715","openaccess":"0","openaccessFlag":false},{"@_fa": "true", "link": [{"@_fa": "true", "@ref": "self", "@href": "https://api.elsevier.com/content/abstract/scopus_id/71149096039"},{"@_fa": "true", "@ref": "author-affiliation", "@href": "https://api.elsevier.com/content/abstract/scopus_id/71149096039?field=author,affiliation"},{"@_fa": "true", "@ref": "scopus", "@href": "https://www.scopus.com/inward/record.uri?partnerID=HzOxMe3b&scp=71149096039&origin=inward"},{"@_fa": "true", "@ref": "scopus-citedby", "@href": "https://www.scopus.com/inward/citedby.uri?partnerID=HzOxMe3b&scp=71149096039&origin=inward"}],"prism:url":"https://api.elsevier.com/content/abstract/scopus_id/71149096039","dc:identifier":"SCOPUS_ID:71149096039","eid":"2-s2.0-71149096039","dc:title":"The washington library network's computerized bibliographic system","dc:creator":"Reed M.","prism:publicationName":"Information Technology and Libraries","prism:issn":"07309295","prism:volume":"12","prism:issueIdentifier":"1","prism:pageRange":"147-167","prism:coverDate":"1993-12-01","prism:coverDisplayDate":"1993","citedby-count":"0","prism:aggregationType":"Journal","subtype":"ar","subtypeDescription":"Article","source-id":"12709","openaccess":"0","openaccessFlag":false},{"@_fa": "true", "link": [{"@_fa": "true", "@ref": "self", "@href": "https://api.elsevier.com/content/abstract/scopus_id/77954009615"},{"@_fa": "true", "@ref": "author-affiliation", "@href": "https://api.elsevier.com/content/abstract/scopus_id/77954009615?field=author,affiliation"},{"@_fa": "true", "@ref": "scopus", "@href": "https://www.scopus.com/inward/record.uri?partnerID=HzOxMe3b&scp=77954009615&origin=inward"},{"@_fa": "true", "@ref": "scopus-citedby", "@href": "https://www.scopus.com/inward/citedby.uri?partnerID=HzOxMe3b&scp=77954009615&origin=inward"}],"prism:url":"https://api.elsevier.com/content/abstract/scopus_id/77954009615","dc:identifier":"SCOPUS_ID:77954009615","eid":"2-s2.0-77954009615","dc:title":"A network-distribution instructional environment","dc:creator":"Simpson J.","prism:publicationName":"Proceedings - Frontiers in Education Conference, FIE","prism:issn":"15394565","prism:isbn": [{"@_fa": "true", "$" :"0780314824"},{"@_fa": "true", "$" :"9780780314825"}],"prism:pageRange":"607-610","prism:coverDate":"1993-12-01","prism:coverDisplayDate":"1993","prism:doi":"10.1109/FIE.1993.405451","citedby-count":"0","prism:aggregationType":"Conference Proceeding","subtype":"cp","subtypeDescription":"Conference Paper","article-number":"405451","source-id":"16719","openaccess":"0","openaccessFlag":false}]}}