{"search-results":{"opensearch:totalResults":"9","opensearch:startIndex":"0","opensearch:itemsPerPage":"9","opensearch:Query":{"@role": "request", "@searchTerms": "TITLE-ABS-KEY(\"network\") AND SUBJAREA(SOCI) AND PUBYEAR = 1961", "@startPage": "0"},"link": [{"@_fa": "true", "@ref": "self", "@href": "https://api.elsevier.com/content/search/scopus?start=0&count=25&query=TITLE-ABS-KEY%28%22network%22%29+AND+SUBJAREA%28SOCI%29+AND+PUBYEAR+%3D+1961&apiKey=27d953b4b546791964ebeb768d13e61f&view=STANDARD", "@type": "application/json"},{"@_fa": "true", "@ref": "first", "@href": "https://api.elsevier.com/content/search/scopus?start=0&count=25&query=TITLE-ABS-KEY%28%22network%22%29+AND+SUBJAREA%28SOCI%29+AND+PUBYEAR+%3D+1961&apiKey=27d953b4b546791964ebeb768d13e61f&view=STANDARD", "@type": "application/json"}],"entry": [{"@_fa": "true", "link": [{"@_fa": "true", "@ref": "self", "@href": "https://api.elsevier.com/content/abstract/scopus_id/0002677224"},{"@_fa": "true", "@ref": "author-affiliation", "@href": "https://api.elsevier.com/content/abstract/scopus_id/0002677224?field=author,affiliation"},{"@_fa": "true", "@ref": "scopus", "@href": "https://www.scopus.com/inward/record.uri?partnerID=HzOxMe3b&scp=0002677224&origin=inward"},{"@_fa": "true", "@ref": "scopus-citedby", "@href": "https://www.scopus.com/inward/citedby.uri?partnerID=HzOxMe3b&scp=0002677224&origin=inward"}],"prism:url":"https://api.elsevier.com/content/abstract/scopus_id/0002677224","dc:identifier":"SCOPUS_ID:0002677224","eid":"2-s2.0-0002677224","dc:title":"A graph theory interpretation of nodal regions","dc:creator":"Nystuen J.","prism:publicationName":"Papers of the Regional Science Association","prism:issn":"10568190","prism:eIssn":"14355957","prism:volume":"7","prism:issueIdentifier":"1","prism:pageRange":"29-42","prism:coverDate":"1961-12-01","prism:coverDisplayDate":"December 1961","prism:doi":"10.1007/BF01969070","citedby-count":"197","affiliation": [{"@_fa": "true", "affilname":"University of Michigan, Ann Arbor","affiliation-city":"Ann Arbor","affiliation-country":"United States"}],"prism:aggregationType":"Journal","subtype":"ar","subtypeDescription":"Article","source-id":"25205","openaccess":"0","openaccessFlag":false},{"@_fa": "true", "link": [{"@_fa": "true", "@ref": "self", "@href": "https://api.elsevier.com/content/abstract/scopus_id/33947476925"},{"@_fa": "true", "@ref": "author-affiliation", "@href": "https://api.elsevier.com/content/abstract/scopus_id/33947476925?field=author,affiliation"},{"@_fa": "true", "@ref": "scopus", "@href": "https://www.scopus.com/inward/record.uri?partnerID=HzOxMe3b&scp=33947476925&origin=inward"},{"@_fa": "true", "@ref": "scopus-citedby", "@href": "https://www.scopus.com/inward/citedby.uri?partnerID=HzOxMe3b&scp=33947476925&origin=inward"}],"prism:url":"https://api.elsevier.com/content/abstract/scopus_id/33947476925","dc:identifier":"SCOPUS_ID:33947476925","eid":"2-s2.0-33947476925","dc:title":"A microfilm library on air pollution","dc:creator":"Smith G.","prism:publicationName":"Journal of Chemical Documentation","prism:issn":"00219576","prism:volume":"1","prism:issueIdentifier":"3","prism:pageRange":"11-15","prism:coverDate":"1961-11-01","prism:coverDisplayDate":"1 November 1961","prism:doi":"10.1021/c160003a003","citedby-count":"1","affiliation": [{"@_fa": "true", "affilname":"Technical Library","affiliation-city":"San Francisco","affiliation-country":"United States"}],"prism:aggregationType":"Journal","subtype":"ar","subtypeDescription":"Article","source-id":"42042","openaccess":"0","openaccessFlag":false},{"@_fa": "true", "link": [{"@_fa": "true", "@ref": "self", "@href": "https://api.elsevier.com/content/abstract/scopus_id/34248976209"},{"@_fa": "true", "@ref": "author-affiliation", "@href": "https://api.elsevier.com/content/abstract/scopus_id/34248976209?field=author,affiliation"},{"@_fa": "true", "@ref": "scopus", "@href": "https://www.scopus.com/inward/record.uri?partnerID=HzOxMe3b&scp=34248976209&origin=inward"},{"@_fa": "true", "@ref": "scopus-citedby", "@href": "https://www.scopus.com/inward/citedby.uri?partnerID=HzOxMe3b&scp=34248976209&origin=inward"}],"prism:url":"https://api.elsevier.com/content/abstract/scopus_id/34248976209","dc:identifier":"SCOPUS_ID:34248976209","eid":"2-s2.0-34248976209","dc:title":"Communication networks and monitoring","dc:creator":"Mclachlan D.","prism:publicationName":"Public Opinion Quarterly","prism:issn":"0033362X","prism:volume":"25","prism:issueIdentifier":"2","prism:pageRange":"194-209","prism:coverDate":"1961-06-01","prism:coverDisplayDate":"June 1961","citedby-count":"0","affiliation": [{"@_fa": "true", "affilname":"SRI International","affiliation-city":"Menlo Park","affiliation-country":"United States"}],"prism:aggregationType":"Journal","subtype":"ar","subtypeDescription":"Article","source-id":"23574","openaccess":"0","openaccessFlag":false},{"@_fa": "true", "link": [{"@_fa": "true", "@ref": "self", "@href": "https://api.elsevier.com/content/abstract/scopus_id/84946251983"},{"@_fa": "true", "@ref": "author-affiliation", "@href": "https://api.elsevier.com/content/abstract/scopus_id/84946251983?field=author,affiliation"},{"@_fa": "true", "@ref": "scopus", "@href": "https://www.scopus.com/inward/record.uri?partnerID=HzOxMe3b&scp=84946251983&origin=inward"},{"@_fa": "true", "@ref": "scopus-citedby", "@href": "https://www.scopus.com/inward/citedby.uri?partnerID=HzOxMe3b&scp=84946251983&origin=inward"}],"prism:url":"https://api.elsevier.com/content/abstract/scopus_id/84946251983","dc:identifier":"SCOPUS_ID:84946251983","eid":"2-s2.0-84946251983","dc:title":"The Adjustment of Misclosures in Networks with Special Reference to Microbarograph Surveys","dc:creator":"Green R.","prism:publicationName":"Cartography","prism:issn":"00690805","prism:volume":"4","prism:issueIdentifier":"1","prism:pageRange":"36-40","prism:coverDate":"1961-03-01","prism:coverDisplayDate":"1 March 1961","prism:doi":"10.1080/00690805.1961.10437576","citedby-count":"2","affiliation": [{"@_fa": "true", "affilname":"University of Tasmania","affiliation-city":"Hobart","affiliation-country":"Australia"}],"prism:aggregationType":"Journal","subtype":"ar","subtypeDescription":"Article","source-id":"27638","openaccess":"0","openaccessFlag":false},{"@_fa": "true", "link": [{"@_fa": "true", "@ref": "self", "@href": "https://api.elsevier.com/content/abstract/scopus_id/72949143572"},{"@_fa": "true", "@ref": "author-affiliation", "@href": "https://api.elsevier.com/content/abstract/scopus_id/72949143572?field=author,affiliation"},{"@_fa": "true", "@ref": "scopus", "@href": "https://www.scopus.com/inward/record.uri?partnerID=HzOxMe3b&scp=72949143572&origin=inward"},{"@_fa": "true", "@ref": "scopus-citedby", "@href": "https://www.scopus.com/inward/citedby.uri?partnerID=HzOxMe3b&scp=72949143572&origin=inward"}],"prism:url":"https://api.elsevier.com/content/abstract/scopus_id/72949143572","dc:identifier":"SCOPUS_ID:72949143572","eid":"2-s2.0-72949143572","dc:title":"New contributions of endocavitary electrocardiography to the knowledge of auriculo-ventricular conduction. Electrical activity of the auriculo-nodal junction and Purkinje's network.","dc:creator":"GIRAUD G.","prism:publicationName":"Bulletin de l'Académie nationale de médecine","prism:issn":"00014079","prism:volume":"145","prism:pageRange":"38-42","prism:coverDate":"1961-01-10","prism:coverDisplayDate":"10 January 1961","citedby-count":"0","pubmed-id":"13705667","prism:aggregationType":"Journal","subtype":"ar","subtypeDescription":"Article","source-id":"26496","openaccess":"0","openaccessFlag":false},{"@_fa": "true", "link": [{"@_fa": "true", "@ref": "self", "@href": "https://api.elsevier.com/content/abstract/scopus_id/84980117797"},{"@_fa": "true", "@ref": "author-affiliation", "@href": "https://api.elsevier.com/content/abstract/scopus_id/84980117797?field=author,affiliation"},{"@_fa": "true", "@ref": "scopus", "@href": "https://www.scopus.com/inward/record.uri?partnerID=HzOxMe3b&scp=84980117797&origin=inward"},{"@_fa": "true", "@ref": "scopus-citedby", "@href": "https://www.scopus.com/inward/citedby.uri?partnerID=HzOxMe3b&scp=84980117797&origin=inward"}],"prism:url":"https://api.elsevier.com/content/abstract/scopus_id/84980117797","dc:identifier":"SCOPUS_ID:84980117797","eid":"2-s2.0-84980117797","dc:title":"CHANGING SMALL GROUP COMMUNICATION NETWORKS","dc:creator":"Cohen A.","prism:publicationName":"Journal of Communication","prism:issn":"00219916","prism:eIssn":"14602466","prism:volume":"11","prism:issueIdentifier":"3","prism:pageRange":"116-124","prism:coverDate":"1961-01-01","prism:coverDisplayDate":"September 1961","prism:doi":"10.1111/j.1460-2466.1961.tb00340.x","citedby-count":"7","affiliation": [{"@_fa": "true", "affilname":"Case Western Reserve University","affiliation-city":"Cleveland","affiliation-country":"United States"}],"prism:aggregationType":"Journal","subtype":"ar","subtypeDescription":"Article","source-id":"15613","openaccess":"0","openaccessFlag":false},{"@_fa": "true", "link": [{"@_fa": "true", "@ref": "self", "@href": "https://api.elsevier.com/content/abstract/scopus_id/9344226993"},{"@_fa": "true", "@ref": "author-affiliation", "@href": "https://api.elsevier.com/content/abstract/scopus_id/9344226993?field=author,affiliation"},{"@_fa": "true", "@ref": "scopus", "@href": "https://www.scopus.com/inward/record.uri?partnerID=HzOxMe3b&scp=9344226993&origin=inward"},{"@_fa": "true", "@ref": "scopus-citedby", "@href": "https://www.scopus.com/inward/citedby.uri?partnerID=HzOxMe3b&scp=9344226993&origin=inward"}],"prism:url":"https://api.elsevier.com/content/abstract/scopus_id/9344226993","dc:identifier":"SCOPUS_ID:9344226993","eid":"2-s2.0-9344226993","dc:title":"Continuity of Leadership in Communication Networks","dc:creator":"Cohen A.","prism:publicationName":"Human Relations","prism:issn":"00187267","prism:volume":"14","prism:issueIdentifier":"4","prism:pageRange":"351-367","prism:coverDate":"1961-01-01","prism:coverDisplayDate":"November 1961","prism:doi":"10.1177/001872676101400404","citedby-count":"7","prism:aggregationType":"Journal","subtype":"ar","subtypeDescription":"Article","source-id":"27069","openaccess":"0","openaccessFlag":false},{"@_fa": "true", "link": [{"@_fa": "true", "@ref": "self", "@href": "https://api.elsevier.com/content/abstract/scopus_id/84937353024"},{"@_fa": "true", "@ref": "author-affiliation", "@href": "https://api.elsevier.com/content/abstract/scopus_id/84937353024?field=author,affiliation"},{"@_fa": "true", "@ref": "scopus", "@href": "https://www.scopus.com/inward/record.uri?partnerID=HzOxMe3b&scp=84937353024&origin=inward"},{"@_fa": "true", "@ref": "scopus-citedby", "@href": "https://www.scopus.com/inward/citedby.uri?partnerID=HzOxMe3b&scp=84937353024&origin=inward"}],"prism:url":"https://api.elsevier.com/content/abstract/scopus_id/84937353024","dc:identifier":"SCOPUS_ID:84937353024","eid":"2-s2.0-84937353024","dc:title":"The Role of an AC Network Calculator in the Electrical Engineering Curriculum at The Pennsylvania State University","dc:creator":"Shields P.","prism:publicationName":"IRE Transactions on Education","prism:issn":"08937141","prism:volume":"4","prism:issueIdentifier":"1","prism:pageRange":"22-25","prism:coverDate":"1961-01-01","prism:coverDisplayDate":"MARCH, 1961","prism:doi":"10.1109/TE.1961.4322171","citedby-count":"0","prism:aggregationType":"Journal","subtype":"ar","subtypeDescription":"Article","source-id":"21100398759","openaccess":"0","openaccessFlag":false},{"@_fa": "true", "link": [{"@_fa": "true", "@ref": "self", "@href": "https://api.elsevier.com/content/abstract/scopus_id/84938023944"},{"@_fa": "true", "@ref": "author-affiliation", "@href": "https://api.elsevier.com/content/abstract/scopus_id/84938023944?field=author,affiliation"},{"@_fa": "true", "@ref": "scopus", "@href": "https://www.scopus.com/inward/record.uri?partnerID=HzOxMe3b&scp=84938023944&origin=inward"},{"@_fa": "true", "@ref": "scopus-citedby", "@href": "https://www.scopus.com/inward/citedby.uri?partnerID=HzOxMe3b&scp=84938023944&origin=inward"}],"prism:url":"https://api.elsevier.com/content/abstract/scopus_id/84938023944","dc:identifier":"SCOPUS_ID:84938023944","eid":"2-s2.0-84938023944","dc:title":"Error Correcting Codes and Their Implementation for Data Transmission Systems","dc:creator":"Meggitt J.","prism:publicationName":"IRE Transactions on Information Theory","prism:issn":"00961000","prism:eIssn":"21682712","prism:volume":"7","prism:issueIdentifier":"4","prism:pageRange":"234-244","prism:coverDate":"1961-01-01","prism:coverDisplayDate":"October 1961","prism:doi":"10.1109/TIT.1961.1057659","citedby-count":"22","prism:aggregationType":"Journal","subtype":"ar","subtypeDescription":"Article","source-id":"21100398936","openaccess":"0","openaccessFlag":false}]}}