{"search-results":{"opensearch:totalResults":"305","opensearch:startIndex":"0","opensearch:itemsPerPage":"25","opensearch:Query":{"@role": "request", "@searchTerms": "TITLE-ABS-KEY(\"network\") AND SUBJAREA(SOCI) AND PUBYEAR = 1981", "@startPage": "0"},"link": [{"@_fa": "true", "@ref": "self", "@href": "https://api.elsevier.com/content/search/scopus?start=0&count=25&query=TITLE-ABS-KEY%28%22network%22%29+AND+SUBJAREA%28SOCI%29+AND+PUBYEAR+%3D+1981&apiKey=27d953b4b546791964ebeb768d13e61f&view=STANDARD", "@type": "application/json"},{"@_fa": "true", "@ref": "first", "@href": "https://api.elsevier.com/content/search/scopus?start=0&count=25&query=TITLE-ABS-KEY%28%22network%22%29+AND+SUBJAREA%28SOCI%29+AND+PUBYEAR+%3D+1981&apiKey=27d953b4b546791964ebeb768d13e61f&view=STANDARD", "@type": "application/json"},{"@_fa": "true", "@ref": "next", "@href": "https://api.elsevier.com/content/search/scopus?start=25&count=25&query=TITLE-ABS-KEY%28%22network%22%29+AND+SUBJAREA%28SOCI%29+AND+PUBYEAR+%3D+1981&apiKey=27d953b4b546791964ebeb768d13e61f&view=STANDARD", "@type": "application/json"},{"@_fa": "true", "@ref": "last", "@href": "https://api.elsevier.com/content/search/scopus?start=280&count=25&query=TITLE-ABS-KEY%28%22network%22%29+AND+SUBJAREA%28SOCI%29+AND+PUBYEAR+%3D+1981&apiKey=27d953b4b546791964ebeb768d13e61f&view=STANDARD", "@type": "application/json"}],"entry": [{"@_fa": "true", "link": [{"@_fa": "true", "@ref": "self", "@href": "https://api.elsevier.com/content/abstract/scopus_id/0019839853"},{"@_fa": "true", "@ref": "author-affiliation", "@href": "https://api.elsevier.com/content/abstract/scopus_id/0019839853?field=author,affiliation"},{"@_fa": "true", "@ref": "scopus", "@href": "https://www.scopus.com/inward/record.uri?partnerID=HzOxMe3b&scp=0019839853&origin=inward"},{"@_fa": "true", "@ref": "scopus-citedby", "@href": "https://www.scopus.com/inward/citedby.uri?partnerID=HzOxMe3b&scp=0019839853&origin=inward"}],"prism:url":"https://api.elsevier.com/content/abstract/scopus_id/0019839853","dc:identifier":"SCOPUS_ID:0019839853","eid":"2-s2.0-0019839853","dc:title":"Differential use of informal and formal helping networks among rural elderly black and white floridians","dc:creator":"Krishef C.","prism:publicationName":"Journal of Gerontological Social Work","prism:issn":"01634372","prism:eIssn":"15404048","prism:volume":"3","prism:issueIdentifier":"3","prism:pageRange":"45-59","prism:coverDate":"1981-12-22","prism:coverDisplayDate":"22 December 1981","prism:doi":"10.1300/J083V03N03_04","citedby-count":"9","affiliation": [{"@_fa": "true", "affilname":"Florida State University","affiliation-city":"Tallahassee","affiliation-country":"United States"}],"prism:aggregationType":"Journal","subtype":"ar","subtypeDescription":"Article","source-id":"29553","openaccess":"0","openaccessFlag":false},{"@_fa": "true", "link": [{"@_fa": "true", "@ref": "self", "@href": "https://api.elsevier.com/content/abstract/scopus_id/0039113553"},{"@_fa": "true", "@ref": "author-affiliation", "@href": "https://api.elsevier.com/content/abstract/scopus_id/0039113553?field=author,affiliation"},{"@_fa": "true", "@ref": "scopus", "@href": "https://www.scopus.com/inward/record.uri?partnerID=HzOxMe3b&scp=0039113553&origin=inward"},{"@_fa": "true", "@ref": "scopus-citedby", "@href": "https://www.scopus.com/inward/citedby.uri?partnerID=HzOxMe3b&scp=0039113553&origin=inward"}],"prism:url":"https://api.elsevier.com/content/abstract/scopus_id/0039113553","dc:identifier":"SCOPUS_ID:0039113553","eid":"2-s2.0-0039113553","dc:title":"Models of social network intervention","dc:creator":"Hurd G.","prism:publicationName":"International Journal of Family Therapy","prism:issn":"01488384","prism:eIssn":"15733335","prism:volume":"3","prism:issueIdentifier":"4","prism:pageRange":"246-257","prism:coverDate":"1981-12-01","prism:coverDisplayDate":"December 1981","prism:doi":"10.1007/BF00924352","citedby-count":"14","affiliation": [{"@_fa": "true", "affilname":"Medical College of Georgia","affiliation-city":"Augusta","affiliation-country":"United States"}],"prism:aggregationType":"Journal","subtype":"ar","subtypeDescription":"Article","source-id":"6200180151","openaccess":"0","openaccessFlag":false},{"@_fa": "true", "link": [{"@_fa": "true", "@ref": "self", "@href": "https://api.elsevier.com/content/abstract/scopus_id/13144303563"},{"@_fa": "true", "@ref": "author-affiliation", "@href": "https://api.elsevier.com/content/abstract/scopus_id/13144303563?field=author,affiliation"},{"@_fa": "true", "@ref": "scopus", "@href": "https://www.scopus.com/inward/record.uri?partnerID=HzOxMe3b&scp=13144303563&origin=inward"},{"@_fa": "true", "@ref": "scopus-citedby", "@href": "https://www.scopus.com/inward/citedby.uri?partnerID=HzOxMe3b&scp=13144303563&origin=inward"}],"prism:url":"https://api.elsevier.com/content/abstract/scopus_id/13144303563","dc:identifier":"SCOPUS_ID:13144303563","eid":"2-s2.0-13144303563","dc:title":"Social networks and the treatment of schizophrenia","dc:creator":"Beels C.","prism:publicationName":"International Journal of Family Therapy","prism:issn":"01488384","prism:eIssn":"15733335","prism:volume":"3","prism:issueIdentifier":"4","prism:pageRange":"310-315","prism:coverDate":"1981-12-01","prism:coverDisplayDate":"December 1981","prism:doi":"10.1007/BF00924358","citedby-count":"12","affiliation": [{"@_fa": "true", "affilname":"New York State Psychiatric Institute","affiliation-city":"New York","affiliation-country":"United States"}],"prism:aggregationType":"Journal","subtype":"ar","subtypeDescription":"Article","source-id":"6200180151","openaccess":"0","openaccessFlag":false},{"@_fa": "true", "link": [{"@_fa": "true", "@ref": "self", "@href": "https://api.elsevier.com/content/abstract/scopus_id/34250235689"},{"@_fa": "true", "@ref": "author-affiliation", "@href": "https://api.elsevier.com/content/abstract/scopus_id/34250235689?field=author,affiliation"},{"@_fa": "true", "@ref": "scopus", "@href": "https://www.scopus.com/inward/record.uri?partnerID=HzOxMe3b&scp=34250235689&origin=inward"},{"@_fa": "true", "@ref": "scopus-citedby", "@href": "https://www.scopus.com/inward/citedby.uri?partnerID=HzOxMe3b&scp=34250235689&origin=inward"}],"prism:url":"https://api.elsevier.com/content/abstract/scopus_id/34250235689","dc:identifier":"SCOPUS_ID:34250235689","eid":"2-s2.0-34250235689","dc:title":"Social networks and the elderly: Clinical techniques","dc:creator":"Cohen C.","prism:publicationName":"International Journal of Family Therapy","prism:issn":"01488384","prism:eIssn":"15733335","prism:volume":"3","prism:issueIdentifier":"4","prism:pageRange":"281-294","prism:coverDate":"1981-12-01","prism:coverDisplayDate":"December 1981","prism:doi":"10.1007/BF00924356","citedby-count":"3","affiliation": [{"@_fa": "true", "affilname":"SUNY Downstate Medical Center","affiliation-city":"New York","affiliation-country":"United States"}],"prism:aggregationType":"Journal","subtype":"ar","subtypeDescription":"Article","source-id":"6200180151","openaccess":"0","openaccessFlag":false},{"@_fa": "true", "link": [{"@_fa": "true", "@ref": "self", "@href": "https://api.elsevier.com/content/abstract/scopus_id/0040297503"},{"@_fa": "true", "@ref": "author-affiliation", "@href": "https://api.elsevier.com/content/abstract/scopus_id/0040297503?field=author,affiliation"},{"@_fa": "true", "@ref": "scopus", "@href": "https://www.scopus.com/inward/record.uri?partnerID=HzOxMe3b&scp=0040297503&origin=inward"},{"@_fa": "true", "@ref": "scopus-citedby", "@href": "https://www.scopus.com/inward/citedby.uri?partnerID=HzOxMe3b&scp=0040297503&origin=inward"}],"prism:url":"https://api.elsevier.com/content/abstract/scopus_id/0040297503","dc:identifier":"SCOPUS_ID:0040297503","eid":"2-s2.0-0040297503","dc:title":"Social networks and families of divorce: A study of structure-content interactions","dc:creator":"Tolsdorf C.","prism:publicationName":"International Journal of Family Therapy","prism:issn":"01488384","prism:eIssn":"15733335","prism:volume":"3","prism:issueIdentifier":"4","prism:pageRange":"275-280","prism:coverDate":"1981-12-01","prism:coverDisplayDate":"December 1981","prism:doi":"10.1007/BF00924355","citedby-count":"3","prism:aggregationType":"Journal","subtype":"ar","subtypeDescription":"Article","source-id":"6200180151","openaccess":"0","openaccessFlag":false},{"@_fa": "true", "link": [{"@_fa": "true", "@ref": "self", "@href": "https://api.elsevier.com/content/abstract/scopus_id/0039705705"},{"@_fa": "true", "@ref": "author-affiliation", "@href": "https://api.elsevier.com/content/abstract/scopus_id/0039705705?field=author,affiliation"},{"@_fa": "true", "@ref": "scopus", "@href": "https://www.scopus.com/inward/record.uri?partnerID=HzOxMe3b&scp=0039705705&origin=inward"},{"@_fa": "true", "@ref": "scopus-citedby", "@href": "https://www.scopus.com/inward/citedby.uri?partnerID=HzOxMe3b&scp=0039705705&origin=inward"}],"prism:url":"https://api.elsevier.com/content/abstract/scopus_id/0039705705","dc:identifier":"SCOPUS_ID:0039705705","eid":"2-s2.0-0039705705","dc:title":"Social network therapies and society: An overview","dc:creator":"Foulks E.","prism:publicationName":"International Journal of Family Therapy","prism:issn":"01488384","prism:eIssn":"15733335","prism:volume":"3","prism:issueIdentifier":"4","prism:pageRange":"316-320","prism:coverDate":"1981-12-01","prism:coverDisplayDate":"December 1981","prism:doi":"10.1007/BF00924359","citedby-count":"5","affiliation": [{"@_fa": "true", "affilname":"University of Pennsylvania, Health System","affiliation-city":"Philadelphia","affiliation-country":"United States"}],"prism:aggregationType":"Journal","subtype":"ar","subtypeDescription":"Article","source-id":"6200180151","openaccess":"0","openaccessFlag":false},{"@_fa": "true", "link": [{"@_fa": "true", "@ref": "self", "@href": "https://api.elsevier.com/content/abstract/scopus_id/0039705679"},{"@_fa": "true", "@ref": "author-affiliation", "@href": "https://api.elsevier.com/content/abstract/scopus_id/0039705679?field=author,affiliation"},{"@_fa": "true", "@ref": "scopus", "@href": "https://www.scopus.com/inward/record.uri?partnerID=HzOxMe3b&scp=0039705679&origin=inward"},{"@_fa": "true", "@ref": "scopus-citedby", "@href": "https://www.scopus.com/inward/citedby.uri?partnerID=HzOxMe3b&scp=0039705679&origin=inward"}],"prism:url":"https://api.elsevier.com/content/abstract/scopus_id/0039705679","dc:identifier":"SCOPUS_ID:0039705679","eid":"2-s2.0-0039705679","dc:title":"Clinical construction of action social networks","dc:creator":"Garrison J.","prism:publicationName":"International Journal of Family Therapy","prism:issn":"01488384","prism:eIssn":"15733335","prism:volume":"3","prism:issueIdentifier":"4","prism:pageRange":"258-267","prism:coverDate":"1981-12-01","prism:coverDisplayDate":"December 1981","prism:doi":"10.1007/BF00924353","citedby-count":"7","affiliation": [{"@_fa": "true", "affilname":"Union Hosp.","affiliation-city":"Framingham","affiliation-country":"United States"}],"prism:aggregationType":"Journal","subtype":"ar","subtypeDescription":"Article","source-id":"6200180151","openaccess":"0","openaccessFlag":false},{"@_fa": "true", "link": [{"@_fa": "true", "@ref": "self", "@href": "https://api.elsevier.com/content/abstract/scopus_id/0019695475"},{"@_fa": "true", "@ref": "author-affiliation", "@href": "https://api.elsevier.com/content/abstract/scopus_id/0019695475?field=author,affiliation"},{"@_fa": "true", "@ref": "scopus", "@href": "https://www.scopus.com/inward/record.uri?partnerID=HzOxMe3b&scp=0019695475&origin=inward"},{"@_fa": "true", "@ref": "scopus-citedby", "@href": "https://www.scopus.com/inward/citedby.uri?partnerID=HzOxMe3b&scp=0019695475&origin=inward"}],"prism:url":"https://api.elsevier.com/content/abstract/scopus_id/0019695475","dc:identifier":"SCOPUS_ID:0019695475","eid":"2-s2.0-0019695475","dc:title":"HEALTH INFORMATION CLEARINGHOUSES - A VITAL LINK IN THE HEALTH INFORMATION NETWORK.","dc:creator":"Schick R.","prism:publicationName":"Proceedings of the ASIS Annual Meeting","prism:issn":"00447870","prism:isbn": [{"@_fa": "true", "$" :"0914236857"}],"prism:volume":"18","prism:pageRange":"186","prism:coverDate":"1981-12-01","prism:coverDisplayDate":"1981","citedby-count":"0","prism:aggregationType":"Conference Proceeding","subtype":"cp","subtypeDescription":"Conference Paper","source-id":"31428","openaccess":"0","openaccessFlag":false},{"@_fa": "true", "link": [{"@_fa": "true", "@ref": "self", "@href": "https://api.elsevier.com/content/abstract/scopus_id/0019694688"},{"@_fa": "true", "@ref": "author-affiliation", "@href": "https://api.elsevier.com/content/abstract/scopus_id/0019694688?field=author,affiliation"},{"@_fa": "true", "@ref": "scopus", "@href": "https://www.scopus.com/inward/record.uri?partnerID=HzOxMe3b&scp=0019694688&origin=inward"},{"@_fa": "true", "@ref": "scopus-citedby", "@href": "https://www.scopus.com/inward/citedby.uri?partnerID=HzOxMe3b&scp=0019694688&origin=inward"}],"prism:url":"https://api.elsevier.com/content/abstract/scopus_id/0019694688","dc:identifier":"SCOPUS_ID:0019694688","eid":"2-s2.0-0019694688","dc:title":"SIMULATION OF INFORMATION NETWORKS FOR STUDYING THE ECONOMICS OF RESOURCE SHARING.","dc:creator":"Williams J.","prism:publicationName":"Proceedings of the ASIS Annual Meeting","prism:issn":"00447870","prism:isbn": [{"@_fa": "true", "$" :"0914236857"}],"prism:volume":"18","prism:pageRange":"379-380","prism:coverDate":"1981-12-01","prism:coverDisplayDate":"1981","citedby-count":"0","prism:aggregationType":"Conference Proceeding","subtype":"cp","subtypeDescription":"Conference Paper","source-id":"31428","openaccess":"0","openaccessFlag":false},{"@_fa": "true", "link": [{"@_fa": "true", "@ref": "self", "@href": "https://api.elsevier.com/content/abstract/scopus_id/0019674418"},{"@_fa": "true", "@ref": "author-affiliation", "@href": "https://api.elsevier.com/content/abstract/scopus_id/0019674418?field=author,affiliation"},{"@_fa": "true", "@ref": "scopus", "@href": "https://www.scopus.com/inward/record.uri?partnerID=HzOxMe3b&scp=0019674418&origin=inward"},{"@_fa": "true", "@ref": "scopus-citedby", "@href": "https://www.scopus.com/inward/citedby.uri?partnerID=HzOxMe3b&scp=0019674418&origin=inward"}],"prism:url":"https://api.elsevier.com/content/abstract/scopus_id/0019674418","dc:identifier":"SCOPUS_ID:0019674418","eid":"2-s2.0-0019674418","dc:title":"BEYOND SDI: ON-LINE RETRIEVAL SCRIPTS IN THE CHEMICAL SUBSTANCES INFORMATION NETWORK.","dc:creator":"Bergman R.","prism:publicationName":"Proceedings of the ASIS Annual Meeting","prism:issn":"00447870","prism:isbn": [{"@_fa": "true", "$" :"0914236857"}],"prism:volume":"18","prism:pageRange":"276-278","prism:coverDate":"1981-12-01","prism:coverDisplayDate":"1981","citedby-count":"2","prism:aggregationType":"Conference Proceeding","subtype":"cp","subtypeDescription":"Conference Paper","source-id":"31428","openaccess":"0","openaccessFlag":false},{"@_fa": "true", "link": [{"@_fa": "true", "@ref": "self", "@href": "https://api.elsevier.com/content/abstract/scopus_id/0040297512"},{"@_fa": "true", "@ref": "author-affiliation", "@href": "https://api.elsevier.com/content/abstract/scopus_id/0040297512?field=author,affiliation"},{"@_fa": "true", "@ref": "scopus", "@href": "https://www.scopus.com/inward/record.uri?partnerID=HzOxMe3b&scp=0040297512&origin=inward"},{"@_fa": "true", "@ref": "scopus-citedby", "@href": "https://www.scopus.com/inward/citedby.uri?partnerID=HzOxMe3b&scp=0040297512&origin=inward"}],"prism:url":"https://api.elsevier.com/content/abstract/scopus_id/0040297512","dc:identifier":"SCOPUS_ID:0040297512","eid":"2-s2.0-0040297512","dc:title":"Social network intervention with antisocial adolescents","dc:creator":"Trimble D.","prism:publicationName":"International Journal of Family Therapy","prism:issn":"01488384","prism:eIssn":"15733335","prism:volume":"3","prism:issueIdentifier":"4","prism:pageRange":"268-274","prism:coverDate":"1981-12-01","prism:coverDisplayDate":"December 1981","prism:doi":"10.1007/BF00924354","citedby-count":"2","affiliation": [{"@_fa": "true", "affilname":"Center on Technology and Society","affiliation-city":"Cambridge (ex Galt)","affiliation-country":"United States"}],"prism:aggregationType":"Journal","subtype":"ar","subtypeDescription":"Article","source-id":"6200180151","openaccess":"0","openaccessFlag":false},{"@_fa": "true", "link": [{"@_fa": "true", "@ref": "self", "@href": "https://api.elsevier.com/content/abstract/scopus_id/0013497013"},{"@_fa": "true", "@ref": "author-affiliation", "@href": "https://api.elsevier.com/content/abstract/scopus_id/0013497013?field=author,affiliation"},{"@_fa": "true", "@ref": "scopus", "@href": "https://www.scopus.com/inward/record.uri?partnerID=HzOxMe3b&scp=0013497013&origin=inward"},{"@_fa": "true", "@ref": "scopus-citedby", "@href": "https://www.scopus.com/inward/citedby.uri?partnerID=HzOxMe3b&scp=0013497013&origin=inward"}],"prism:url":"https://api.elsevier.com/content/abstract/scopus_id/0013497013","dc:identifier":"SCOPUS_ID:0013497013","eid":"2-s2.0-0013497013","dc:title":"Introduction: The social network paradigm","dc:creator":"Pattison E.","prism:publicationName":"International Journal of Family Therapy","prism:issn":"01488384","prism:eIssn":"15733335","prism:volume":"3","prism:issueIdentifier":"4","prism:pageRange":"241-245","prism:coverDate":"1981-12-01","prism:coverDisplayDate":"December 1981","prism:doi":"10.1007/BF00924351","citedby-count":"4","affiliation": [{"@_fa": "true", "affilname":"Medical College of Georgia","affiliation-city":"Augusta","affiliation-country":"United States"}],"prism:aggregationType":"Journal","subtype":"ed","subtypeDescription":"Editorial","source-id":"6200180151","openaccess":"0","openaccessFlag":false},{"@_fa": "true", "link": [{"@_fa": "true", "@ref": "self", "@href": "https://api.elsevier.com/content/abstract/scopus_id/56249104498"},{"@_fa": "true", "@ref": "author-affiliation", "@href": "https://api.elsevier.com/content/abstract/scopus_id/56249104498?field=author,affiliation"},{"@_fa": "true", "@ref": "scopus", "@href": "https://www.scopus.com/inward/record.uri?partnerID=HzOxMe3b&scp=56249104498&origin=inward"},{"@_fa": "true", "@ref": "scopus-citedby", "@href": "https://www.scopus.com/inward/citedby.uri?partnerID=HzOxMe3b&scp=56249104498&origin=inward"}],"prism:url":"https://api.elsevier.com/content/abstract/scopus_id/56249104498","dc:identifier":"SCOPUS_ID:56249104498","eid":"2-s2.0-56249104498","dc:title":"Future developments by networks","dc:creator":"Armbrister A.","prism:publicationName":"Library Collections, Acquisition and Technical Services","prism:issn":"14649055","prism:volume":"5","prism:issueIdentifier":"1","prism:pageRange":"27-29","prism:coverDate":"1981-12-01","prism:coverDisplayDate":"1981","citedby-count":"0","prism:aggregationType":"Journal","subtype":"sh","subtypeDescription":"Short Survey","source-id":"13992","openaccess":"0","openaccessFlag":false},{"@_fa": "true", "link": [{"@_fa": "true", "@ref": "self", "@href": "https://api.elsevier.com/content/abstract/scopus_id/0002520767"},{"@_fa": "true", "@ref": "author-affiliation", "@href": "https://api.elsevier.com/content/abstract/scopus_id/0002520767?field=author,affiliation"},{"@_fa": "true", "@ref": "scopus", "@href": "https://www.scopus.com/inward/record.uri?partnerID=HzOxMe3b&scp=0002520767&origin=inward"},{"@_fa": "true", "@ref": "scopus-citedby", "@href": "https://www.scopus.com/inward/citedby.uri?partnerID=HzOxMe3b&scp=0002520767&origin=inward"}],"prism:url":"https://api.elsevier.com/content/abstract/scopus_id/0002520767","dc:identifier":"SCOPUS_ID:0002520767","eid":"2-s2.0-0002520767","dc:title":"Communication networks, soap films and vectors","dc:creator":"Clark R.","prism:publicationName":"Physics Education","prism:issn":"00319120","prism:volume":"16","prism:issueIdentifier":"1","prism:pageRange":"32-37","prism:coverDate":"1981-12-01","prism:coverDisplayDate":"1981","prism:doi":"10.1088/0031-9120/16/1/005","citedby-count":"9","prism:aggregationType":"Journal","subtype":"ar","subtypeDescription":"Article","article-number":"005","source-id":"144982","openaccess":"0","openaccessFlag":false},{"@_fa": "true", "link": [{"@_fa": "true", "@ref": "self", "@href": "https://api.elsevier.com/content/abstract/scopus_id/34250241799"},{"@_fa": "true", "@ref": "author-affiliation", "@href": "https://api.elsevier.com/content/abstract/scopus_id/34250241799?field=author,affiliation"},{"@_fa": "true", "@ref": "scopus", "@href": "https://www.scopus.com/inward/record.uri?partnerID=HzOxMe3b&scp=34250241799&origin=inward"},{"@_fa": "true", "@ref": "scopus-citedby", "@href": "https://www.scopus.com/inward/citedby.uri?partnerID=HzOxMe3b&scp=34250241799&origin=inward"}],"prism:url":"https://api.elsevier.com/content/abstract/scopus_id/34250241799","dc:identifier":"SCOPUS_ID:34250241799","eid":"2-s2.0-34250241799","dc:title":"Mentally ill foragers and beggars in a peasant society: Their social networks and psychopathology","dc:creator":"Westermeyer J.","prism:publicationName":"International Journal of Family Therapy","prism:issn":"01488384","prism:eIssn":"15733335","prism:volume":"3","prism:issueIdentifier":"4","prism:pageRange":"295-309","prism:coverDate":"1981-12-01","prism:coverDisplayDate":"December 1981","prism:doi":"10.1007/BF00924357","citedby-count":"1","affiliation": [{"@_fa": "true", "affilname":"University of Minnesota Twin Cities","affiliation-city":"Minneapolis","affiliation-country":"United States"}],"prism:aggregationType":"Journal","subtype":"ar","subtypeDescription":"Article","source-id":"6200180151","openaccess":"0","openaccessFlag":false},{"@_fa": "true", "link": [{"@_fa": "true", "@ref": "self", "@href": "https://api.elsevier.com/content/abstract/scopus_id/77958403868"},{"@_fa": "true", "@ref": "author-affiliation", "@href": "https://api.elsevier.com/content/abstract/scopus_id/77958403868?field=author,affiliation"},{"@_fa": "true", "@ref": "scopus", "@href": "https://www.scopus.com/inward/record.uri?partnerID=HzOxMe3b&scp=77958403868&origin=inward"},{"@_fa": "true", "@ref": "scopus-citedby", "@href": "https://www.scopus.com/inward/citedby.uri?partnerID=HzOxMe3b&scp=77958403868&origin=inward"}],"prism:url":"https://api.elsevier.com/content/abstract/scopus_id/77958403868","dc:identifier":"SCOPUS_ID:77958403868","eid":"2-s2.0-77958403868","dc:title":"Independent documentary producers and the american television networks","dc:creator":"Zimmerman P.","prism:publicationName":"Screen","prism:issn":"00369543","prism:volume":"22","prism:issueIdentifier":"4","prism:pageRange":"43-53","prism:coverDate":"1981-12-01","prism:coverDisplayDate":"1981","prism:doi":"10.1093/screen/22.4.43","citedby-count":"1","prism:aggregationType":"Journal","subtype":"ar","subtypeDescription":"Article","source-id":"6500153212","openaccess":"0","openaccessFlag":false},{"@_fa": "true", "link": [{"@_fa": "true", "@ref": "self", "@href": "https://api.elsevier.com/content/abstract/scopus_id/0019796881"},{"@_fa": "true", "@ref": "author-affiliation", "@href": "https://api.elsevier.com/content/abstract/scopus_id/0019796881?field=author,affiliation"},{"@_fa": "true", "@ref": "scopus", "@href": "https://www.scopus.com/inward/record.uri?partnerID=HzOxMe3b&scp=0019796881&origin=inward"},{"@_fa": "true", "@ref": "scopus-citedby", "@href": "https://www.scopus.com/inward/citedby.uri?partnerID=HzOxMe3b&scp=0019796881&origin=inward"}],"prism:url":"https://api.elsevier.com/content/abstract/scopus_id/0019796881","dc:identifier":"SCOPUS_ID:0019796881","eid":"2-s2.0-0019796881","dc:title":"Aspects of social support networks among institutionalized adolescents","dc:creator":"Young S.","prism:publicationName":"Adolescence","prism:issn":"00018449","prism:volume":"16","prism:issueIdentifier":"61","prism:pageRange":"123-137","prism:coverDate":"1981-12-01","prism:coverDisplayDate":"1981","citedby-count":"1","affiliation": [{"@_fa": "true", "affilname":"Institute for Juvenile Research","affiliation-city":"Chicago","affiliation-country":"United States"}],"pubmed-id":"7246326","prism:aggregationType":"Journal","subtype":"ar","subtypeDescription":"Article","source-id":"23800","openaccess":"0","openaccessFlag":false},{"@_fa": "true", "link": [{"@_fa": "true", "@ref": "self", "@href": "https://api.elsevier.com/content/abstract/scopus_id/0000016060"},{"@_fa": "true", "@ref": "author-affiliation", "@href": "https://api.elsevier.com/content/abstract/scopus_id/0000016060?field=author,affiliation"},{"@_fa": "true", "@ref": "scopus", "@href": "https://www.scopus.com/inward/record.uri?partnerID=HzOxMe3b&scp=0000016060&origin=inward"},{"@_fa": "true", "@ref": "scopus-citedby", "@href": "https://www.scopus.com/inward/citedby.uri?partnerID=HzOxMe3b&scp=0000016060&origin=inward"}],"prism:url":"https://api.elsevier.com/content/abstract/scopus_id/0000016060","dc:identifier":"SCOPUS_ID:0000016060","eid":"2-s2.0-0000016060","dc:title":"\"Cloning\" in academe: Mentorship and academic careers","dc:creator":"Blackburn R.","prism:publicationName":"Research in Higher Education","prism:issn":"03610365","prism:eIssn":"1573188X","prism:volume":"15","prism:issueIdentifier":"4","prism:pageRange":"315-327","prism:coverDate":"1981-12-01","prism:coverDisplayDate":"December 1981","prism:doi":"10.1007/BF00973512","citedby-count":"87","affiliation": [{"@_fa": "true", "affilname":"University of Michigan, Ann Arbor","affiliation-city":"Ann Arbor","affiliation-country":"United States"}],"prism:aggregationType":"Journal","subtype":"ar","subtypeDescription":"Article","source-id":"20731","openaccess":"0","openaccessFlag":false},{"@_fa": "true", "link": [{"@_fa": "true", "@ref": "self", "@href": "https://api.elsevier.com/content/abstract/scopus_id/0019652284"},{"@_fa": "true", "@ref": "author-affiliation", "@href": "https://api.elsevier.com/content/abstract/scopus_id/0019652284?field=author,affiliation"},{"@_fa": "true", "@ref": "scopus", "@href": "https://www.scopus.com/inward/record.uri?partnerID=HzOxMe3b&scp=0019652284&origin=inward"},{"@_fa": "true", "@ref": "scopus-citedby", "@href": "https://www.scopus.com/inward/citedby.uri?partnerID=HzOxMe3b&scp=0019652284&origin=inward"}],"prism:url":"https://api.elsevier.com/content/abstract/scopus_id/0019652284","dc:identifier":"SCOPUS_ID:0019652284","eid":"2-s2.0-0019652284","dc:title":"INFORMATION OPERATIONS IN SPECIAL LIBRARIES: A PRELIMINARY PROFILE OF ON-LINE SERVICES.","dc:creator":"Murphy M.","prism:publicationName":"Proceedings of the ASIS Annual Meeting","prism:issn":"00447870","prism:isbn": [{"@_fa": "true", "$" :"0914236857"}],"prism:volume":"18","prism:pageRange":"25-28","prism:coverDate":"1981-12-01","prism:coverDisplayDate":"1981","citedby-count":"0","prism:aggregationType":"Conference Proceeding","subtype":"cp","subtypeDescription":"Conference Paper","source-id":"31428","openaccess":"0","openaccessFlag":false},{"@_fa": "true", "link": [{"@_fa": "true", "@ref": "self", "@href": "https://api.elsevier.com/content/abstract/scopus_id/0019674422"},{"@_fa": "true", "@ref": "author-affiliation", "@href": "https://api.elsevier.com/content/abstract/scopus_id/0019674422?field=author,affiliation"},{"@_fa": "true", "@ref": "scopus", "@href": "https://www.scopus.com/inward/record.uri?partnerID=HzOxMe3b&scp=0019674422&origin=inward"},{"@_fa": "true", "@ref": "scopus-citedby", "@href": "https://www.scopus.com/inward/citedby.uri?partnerID=HzOxMe3b&scp=0019674422&origin=inward"}],"prism:url":"https://api.elsevier.com/content/abstract/scopus_id/0019674422","dc:identifier":"SCOPUS_ID:0019674422","eid":"2-s2.0-0019674422","dc:title":"BRIDGING THE GAP BETWEEN DATA PROCESSING AND THE INFORMATION CENTER AT USTR.","dc:creator":"Goldberg B.","prism:publicationName":"Proceedings of the ASIS Annual Meeting","prism:issn":"00447870","prism:isbn": [{"@_fa": "true", "$" :"0914236857"}],"prism:volume":"18","prism:pageRange":"147-149","prism:coverDate":"1981-12-01","prism:coverDisplayDate":"1981","citedby-count":"0","prism:aggregationType":"Conference Proceeding","subtype":"cp","subtypeDescription":"Conference Paper","source-id":"31428","openaccess":"0","openaccessFlag":false},{"@_fa": "true", "link": [{"@_fa": "true", "@ref": "self", "@href": "https://api.elsevier.com/content/abstract/scopus_id/0019769668"},{"@_fa": "true", "@ref": "author-affiliation", "@href": "https://api.elsevier.com/content/abstract/scopus_id/0019769668?field=author,affiliation"},{"@_fa": "true", "@ref": "scopus", "@href": "https://www.scopus.com/inward/record.uri?partnerID=HzOxMe3b&scp=0019769668&origin=inward"},{"@_fa": "true", "@ref": "scopus-citedby", "@href": "https://www.scopus.com/inward/citedby.uri?partnerID=HzOxMe3b&scp=0019769668&origin=inward"}],"prism:url":"https://api.elsevier.com/content/abstract/scopus_id/0019769668","dc:identifier":"SCOPUS_ID:0019769668","eid":"2-s2.0-0019769668","dc:title":"Self-esteem and social network of the young pregnant teenager","dc:creator":"Held L.","prism:publicationName":"Adolescence","prism:issn":"00018449","prism:volume":"16","prism:issueIdentifier":"64","prism:pageRange":"905-912","prism:coverDate":"1981-12-01","prism:coverDisplayDate":"1981","citedby-count":"29","pubmed-id":"7199247","prism:aggregationType":"Journal","subtype":"ar","subtypeDescription":"Article","source-id":"23800","openaccess":"0","openaccessFlag":false},{"@_fa": "true", "link": [{"@_fa": "true", "@ref": "self", "@href": "https://api.elsevier.com/content/abstract/scopus_id/0019699641"},{"@_fa": "true", "@ref": "author-affiliation", "@href": "https://api.elsevier.com/content/abstract/scopus_id/0019699641?field=author,affiliation"},{"@_fa": "true", "@ref": "scopus", "@href": "https://www.scopus.com/inward/record.uri?partnerID=HzOxMe3b&scp=0019699641&origin=inward"},{"@_fa": "true", "@ref": "scopus-citedby", "@href": "https://www.scopus.com/inward/citedby.uri?partnerID=HzOxMe3b&scp=0019699641&origin=inward"}],"prism:url":"https://api.elsevier.com/content/abstract/scopus_id/0019699641","dc:identifier":"SCOPUS_ID:0019699641","eid":"2-s2.0-0019699641","dc:title":"AUTOMATED SNOW DATA COLLECTION IN CALIFORNIA WILDERNESS AREAS.","dc:creator":"Pardee J.","prism:publicationName":"Proceedings of The Western Snow Conference","prism:issn":"01610589","prism:pageRange":"139-140","prism:coverDate":"1981-12-01","prism:coverDisplayDate":"1981","citedby-count":"0","prism:aggregationType":"Conference Proceeding","subtype":"cp","subtypeDescription":"Conference Paper","source-id":"29727","openaccess":"0","openaccessFlag":false},{"@_fa": "true", "link": [{"@_fa": "true", "@ref": "self", "@href": "https://api.elsevier.com/content/abstract/scopus_id/0019792352"},{"@_fa": "true", "@ref": "author-affiliation", "@href": "https://api.elsevier.com/content/abstract/scopus_id/0019792352?field=author,affiliation"},{"@_fa": "true", "@ref": "scopus", "@href": "https://www.scopus.com/inward/record.uri?partnerID=HzOxMe3b&scp=0019792352&origin=inward"},{"@_fa": "true", "@ref": "scopus-citedby", "@href": "https://www.scopus.com/inward/citedby.uri?partnerID=HzOxMe3b&scp=0019792352&origin=inward"}],"prism:url":"https://api.elsevier.com/content/abstract/scopus_id/0019792352","dc:identifier":"SCOPUS_ID:0019792352","eid":"2-s2.0-0019792352","dc:title":"The rehydration and isolation of leukocytes from dried bloodstains","dc:creator":"Hillman K.","prism:publicationName":"Journal of Forensic Sciences","prism:issn":"00221198","prism:volume":"26","prism:issueIdentifier":"3","prism:pageRange":"543-551","prism:coverDate":"1981-12-01","prism:coverDisplayDate":"1981","citedby-count":"1","pubmed-id":"7252467","prism:aggregationType":"Journal","subtype":"ar","subtypeDescription":"Article","source-id":"27769","openaccess":"0","openaccessFlag":false},{"@_fa": "true", "link": [{"@_fa": "true", "@ref": "self", "@href": "https://api.elsevier.com/content/abstract/scopus_id/55249103470"},{"@_fa": "true", "@ref": "author-affiliation", "@href": "https://api.elsevier.com/content/abstract/scopus_id/55249103470?field=author,affiliation"},{"@_fa": "true", "@ref": "scopus", "@href": "https://www.scopus.com/inward/record.uri?partnerID=HzOxMe3b&scp=55249103470&origin=inward"},{"@_fa": "true", "@ref": "scopus-citedby", "@href": "https://www.scopus.com/inward/citedby.uri?partnerID=HzOxMe3b&scp=55249103470&origin=inward"}],"prism:url":"https://api.elsevier.com/content/abstract/scopus_id/55249103470","dc:identifier":"SCOPUS_ID:55249103470","eid":"2-s2.0-55249103470","dc:title":"Reading facilities for children","dc:creator":"Kobayashi R.","prism:publicationName":"Library and Information Science","prism:issn":"03734447","prism:volume":"1981","prism:issueIdentifier":"19","prism:pageRange":"117-132","prism:coverDate":"1981-12-01","prism:coverDisplayDate":"1981","citedby-count":"0","prism:aggregationType":"Journal","subtype":"ar","subtypeDescription":"Article","source-id":"13970","openaccess":"0","openaccessFlag":false},{"@_fa": "true", "link": [{"@_fa": "true", "@ref": "self", "@href": "https://api.elsevier.com/content/abstract/scopus_id/55249097511"},{"@_fa": "true", "@ref": "author-affiliation", "@href": "https://api.elsevier.com/content/abstract/scopus_id/55249097511?field=author,affiliation"},{"@_fa": "true", "@ref": "scopus", "@href": "https://www.scopus.com/inward/record.uri?partnerID=HzOxMe3b&scp=55249097511&origin=inward"},{"@_fa": "true", "@ref": "scopus-citedby", "@href": "https://www.scopus.com/inward/citedby.uri?partnerID=HzOxMe3b&scp=55249097511&origin=inward"}],"prism:url":"https://api.elsevier.com/content/abstract/scopus_id/55249097511","dc:identifier":"SCOPUS_ID:55249097511","eid":"2-s2.0-55249097511","dc:title":"Availability of the primary journals covered in COMPENDEX","dc:creator":"Tanaka I.","prism:publicationName":"Library and Information Science","prism:issn":"03734447","prism:volume":"1981","prism:issueIdentifier":"19","prism:pageRange":"199-210","prism:coverDate":"1981-12-01","prism:coverDisplayDate":"1981","citedby-count":"0","prism:aggregationType":"Journal","subtype":"ar","subtypeDescription":"Article","source-id":"13970","openaccess":"0","openaccessFlag":false}]}}