{"search-results":{"opensearch:totalResults":"50","opensearch:startIndex":"0","opensearch:itemsPerPage":"25","opensearch:Query":{"@role": "request", "@searchTerms": "TITLE-ABS-KEY(\"network\") AND SUBJAREA(SOCI) AND PUBYEAR = 1969", "@startPage": "0"},"link": [{"@_fa": "true", "@ref": "self", "@href": "https://api.elsevier.com/content/search/scopus?start=0&count=25&query=TITLE-ABS-KEY%28%22network%22%29+AND+SUBJAREA%28SOCI%29+AND+PUBYEAR+%3D+1969&apiKey=27d953b4b546791964ebeb768d13e61f&view=STANDARD", "@type": "application/json"},{"@_fa": "true", "@ref": "first", "@href": "https://api.elsevier.com/content/search/scopus?start=0&count=25&query=TITLE-ABS-KEY%28%22network%22%29+AND+SUBJAREA%28SOCI%29+AND+PUBYEAR+%3D+1969&apiKey=27d953b4b546791964ebeb768d13e61f&view=STANDARD", "@type": "application/json"},{"@_fa": "true", "@ref": "next", "@href": "https://api.elsevier.com/content/search/scopus?start=25&count=25&query=TITLE-ABS-KEY%28%22network%22%29+AND+SUBJAREA%28SOCI%29+AND+PUBYEAR+%3D+1969&apiKey=27d953b4b546791964ebeb768d13e61f&view=STANDARD", "@type": "application/json"},{"@_fa": "true", "@ref": "last", "@href": "https://api.elsevier.com/content/search/scopus?start=25&count=25&query=TITLE-ABS-KEY%28%22network%22%29+AND+SUBJAREA%28SOCI%29+AND+PUBYEAR+%3D+1969&apiKey=27d953b4b546791964ebeb768d13e61f&view=STANDARD", "@type": "application/json"}],"entry": [{"@_fa": "true", "link": [{"@_fa": "true", "@ref": "self", "@href": "https://api.elsevier.com/content/abstract/scopus_id/43449143276"},{"@_fa": "true", "@ref": "author-affiliation", "@href": "https://api.elsevier.com/content/abstract/scopus_id/43449143276?field=author,affiliation"},{"@_fa": "true", "@ref": "scopus", "@href": "https://www.scopus.com/inward/record.uri?partnerID=HzOxMe3b&scp=43449143276&origin=inward"},{"@_fa": "true", "@ref": "scopus-citedby", "@href": "https://www.scopus.com/inward/citedby.uri?partnerID=HzOxMe3b&scp=43449143276&origin=inward"}],"prism:url":"https://api.elsevier.com/content/abstract/scopus_id/43449143276","dc:identifier":"SCOPUS_ID:43449143276","eid":"2-s2.0-43449143276","dc:title":"Religious networks and royal influence in eleventh century south india","dc:creator":"Spencer G.","prism:publicationName":"Journal of the Economic and Social History of the Orient","prism:issn":"00224995","prism:volume":"12","prism:issueIdentifier":"1-3","prism:pageRange":"42-56","prism:coverDate":"1969-12-01","prism:coverDisplayDate":"1969","prism:doi":"10.1163/156852069X00035","citedby-count":"13","affiliation": [{"@_fa": "true", "affilname":"Northern Illinois University","affiliation-city":"DeKalb","affiliation-country":"United States"}],"prism:aggregationType":"Journal","subtype":"ar","subtypeDescription":"Article","source-id":"5600153382","openaccess":"0","openaccessFlag":false},{"@_fa": "true", "link": [{"@_fa": "true", "@ref": "self", "@href": "https://api.elsevier.com/content/abstract/scopus_id/5644301256"},{"@_fa": "true", "@ref": "author-affiliation", "@href": "https://api.elsevier.com/content/abstract/scopus_id/5644301256?field=author,affiliation"},{"@_fa": "true", "@ref": "scopus", "@href": "https://www.scopus.com/inward/record.uri?partnerID=HzOxMe3b&scp=5644301256&origin=inward"},{"@_fa": "true", "@ref": "scopus-citedby", "@href": "https://www.scopus.com/inward/citedby.uri?partnerID=HzOxMe3b&scp=5644301256&origin=inward"}],"prism:url":"https://api.elsevier.com/content/abstract/scopus_id/5644301256","dc:identifier":"SCOPUS_ID:5644301256","eid":"2-s2.0-5644301256","dc:title":"A Spatial Model of Urban Stock and Activity","dc:creator":"Echenique M.","prism:publicationName":"Regional Studies","prism:issn":"00343404","prism:eIssn":"13600591","prism:volume":"3","prism:issueIdentifier":"3","prism:pageRange":"281-312","prism:coverDate":"1969-12-01","prism:coverDisplayDate":"1 December 1969","prism:doi":"10.1080/09595236900185291","citedby-count":"43","affiliation": [{"@_fa": "true", "affilname":"University of Cambridge","affiliation-city":"Cambridge","affiliation-country":"United Kingdom"}],"prism:aggregationType":"Journal","subtype":"ar","subtypeDescription":"Article","source-id":"15143","openaccess":"0","openaccessFlag":false},{"@_fa": "true", "link": [{"@_fa": "true", "@ref": "self", "@href": "https://api.elsevier.com/content/abstract/scopus_id/0014621137"},{"@_fa": "true", "@ref": "author-affiliation", "@href": "https://api.elsevier.com/content/abstract/scopus_id/0014621137?field=author,affiliation"},{"@_fa": "true", "@ref": "scopus", "@href": "https://www.scopus.com/inward/record.uri?partnerID=HzOxMe3b&scp=0014621137&origin=inward"},{"@_fa": "true", "@ref": "scopus-citedby", "@href": "https://www.scopus.com/inward/citedby.uri?partnerID=HzOxMe3b&scp=0014621137&origin=inward"}],"prism:url":"https://api.elsevier.com/content/abstract/scopus_id/0014621137","dc:identifier":"SCOPUS_ID:0014621137","eid":"2-s2.0-0014621137","dc:title":"Social power and communication within families of disturbed and nondisturbed preadolescents","dc:creator":"Alkire A.","prism:publicationName":"Journal of Personality and Social Psychology","prism:issn":"00223514","prism:volume":"13","prism:issueIdentifier":"4","prism:pageRange":"335-349","prism:coverDate":"1969-12-01","prism:coverDisplayDate":"December 1969","prism:doi":"10.1037/h0028471","pii":"S0022351407623425","citedby-count":"6","pubmed-id":"5359232","prism:aggregationType":"Journal","subtype":"ar","subtypeDescription":"Article","source-id":"30039","openaccess":"0","openaccessFlag":false},{"@_fa": "true", "link": [{"@_fa": "true", "@ref": "self", "@href": "https://api.elsevier.com/content/abstract/scopus_id/0014598583"},{"@_fa": "true", "@ref": "author-affiliation", "@href": "https://api.elsevier.com/content/abstract/scopus_id/0014598583?field=author,affiliation"},{"@_fa": "true", "@ref": "scopus", "@href": "https://www.scopus.com/inward/record.uri?partnerID=HzOxMe3b&scp=0014598583&origin=inward"},{"@_fa": "true", "@ref": "scopus-citedby", "@href": "https://www.scopus.com/inward/citedby.uri?partnerID=HzOxMe3b&scp=0014598583&origin=inward"},{"@_fa": "true", "@ref": "full-text", "@href": "https://api.elsevier.com/content/article/eid/1-s2.0-0020748969900352"}],"prism:url":"https://api.elsevier.com/content/abstract/scopus_id/0014598583","dc:identifier":"SCOPUS_ID:0014598583","eid":"2-s2.0-0014598583","dc:title":"University sponsored staff education in nursing via a telephone/radio network","dc:creator":"Hornback M.","prism:publicationName":"International Journal of Nursing Studies","prism:issn":"00207489","prism:volume":"6","prism:issueIdentifier":"4","prism:pageRange":"217-223","prism:coverDate":"1969-11-01","prism:coverDisplayDate":"November 1969","pii":"0020748969900352","citedby-count":"1","pubmed-id":"5196253","prism:aggregationType":"Journal","subtype":"ar","subtypeDescription":"Article","source-id":"28137","openaccess":"0","openaccessFlag":false},{"@_fa": "true", "link": [{"@_fa": "true", "@ref": "self", "@href": "https://api.elsevier.com/content/abstract/scopus_id/53749083109"},{"@_fa": "true", "@ref": "author-affiliation", "@href": "https://api.elsevier.com/content/abstract/scopus_id/53749083109?field=author,affiliation"},{"@_fa": "true", "@ref": "scopus", "@href": "https://www.scopus.com/inward/record.uri?partnerID=HzOxMe3b&scp=53749083109&origin=inward"},{"@_fa": "true", "@ref": "scopus-citedby", "@href": "https://www.scopus.com/inward/citedby.uri?partnerID=HzOxMe3b&scp=53749083109&origin=inward"}],"prism:url":"https://api.elsevier.com/content/abstract/scopus_id/53749083109","dc:identifier":"SCOPUS_ID:53749083109","eid":"2-s2.0-53749083109","dc:title":"South fore politics","dc:creator":"Glasse R.","prism:publicationName":"Anthropological Forum","prism:issn":"00664677","prism:eIssn":"14692902","prism:volume":"2","prism:issueIdentifier":"3","prism:pageRange":"307-326","prism:coverDate":"1969-11-01","prism:coverDisplayDate":"1 November 1969","prism:doi":"10.1080/00664677.1969.9967236","citedby-count":"6","prism:aggregationType":"Journal","subtype":"ar","subtypeDescription":"Article","source-id":"5600155504","openaccess":"0","openaccessFlag":false},{"@_fa": "true", "link": [{"@_fa": "true", "@ref": "self", "@href": "https://api.elsevier.com/content/abstract/scopus_id/33947297681"},{"@_fa": "true", "@ref": "author-affiliation", "@href": "https://api.elsevier.com/content/abstract/scopus_id/33947297681?field=author,affiliation"},{"@_fa": "true", "@ref": "scopus", "@href": "https://www.scopus.com/inward/record.uri?partnerID=HzOxMe3b&scp=33947297681&origin=inward"},{"@_fa": "true", "@ref": "scopus-citedby", "@href": "https://www.scopus.com/inward/citedby.uri?partnerID=HzOxMe3b&scp=33947297681&origin=inward"}],"prism:url":"https://api.elsevier.com/content/abstract/scopus_id/33947297681","dc:identifier":"SCOPUS_ID:33947297681","eid":"2-s2.0-33947297681","dc:title":"Macromolecular Nomenclature: General Background and Perspective","dc:creator":"Huggins M.","prism:publicationName":"Journal of Chemical Documentation","prism:issn":"00219576","prism:volume":"9","prism:issueIdentifier":"4","prism:pageRange":"230-231","prism:coverDate":"1969-11-01","prism:coverDisplayDate":"1 November 1969","prism:doi":"10.1021/c160035a011","citedby-count":"2","affiliation": [{"@_fa": "true", "affilname":"Arcadia Institute for Scientific Research","affiliation-city":"Woodside","affiliation-country":"United States"}],"prism:aggregationType":"Journal","subtype":"ar","subtypeDescription":"Article","source-id":"42042","openaccess":"0","openaccessFlag":false},{"@_fa": "true", "link": [{"@_fa": "true", "@ref": "self", "@href": "https://api.elsevier.com/content/abstract/scopus_id/84929175638"},{"@_fa": "true", "@ref": "author-affiliation", "@href": "https://api.elsevier.com/content/abstract/scopus_id/84929175638?field=author,affiliation"},{"@_fa": "true", "@ref": "scopus", "@href": "https://www.scopus.com/inward/record.uri?partnerID=HzOxMe3b&scp=84929175638&origin=inward"},{"@_fa": "true", "@ref": "scopus-citedby", "@href": "https://www.scopus.com/inward/citedby.uri?partnerID=HzOxMe3b&scp=84929175638&origin=inward"}],"prism:url":"https://api.elsevier.com/content/abstract/scopus_id/84929175638","dc:identifier":"SCOPUS_ID:84929175638","eid":"2-s2.0-84929175638","dc:title":"Piece-wise solution of large networks","dc:creator":"Das D.","prism:publicationName":"International Journal of Electrical Engineering Education","prism:issn":"00207209","prism:eIssn":"20504578","prism:volume":"7","prism:issueIdentifier":"2","prism:pageRange":"131-134","prism:coverDate":"1969-10-12","prism:coverDisplayDate":"12 October 1969","prism:doi":"10.1177/002072096900700202","citedby-count":"0","prism:aggregationType":"Journal","subtype":"ar","subtypeDescription":"Article","source-id":"17966","openaccess":"0","openaccessFlag":false},{"@_fa": "true", "link": [{"@_fa": "true", "@ref": "self", "@href": "https://api.elsevier.com/content/abstract/scopus_id/84929151501"},{"@_fa": "true", "@ref": "author-affiliation", "@href": "https://api.elsevier.com/content/abstract/scopus_id/84929151501?field=author,affiliation"},{"@_fa": "true", "@ref": "scopus", "@href": "https://www.scopus.com/inward/record.uri?partnerID=HzOxMe3b&scp=84929151501&origin=inward"},{"@_fa": "true", "@ref": "scopus-citedby", "@href": "https://www.scopus.com/inward/citedby.uri?partnerID=HzOxMe3b&scp=84929151501&origin=inward"}],"prism:url":"https://api.elsevier.com/content/abstract/scopus_id/84929151501","dc:identifier":"SCOPUS_ID:84929151501","eid":"2-s2.0-84929151501","dc:title":"Proof of network theorems using matrices","dc:creator":"Steel G.","prism:publicationName":"International Journal of Electrical Engineering Education","prism:issn":"00207209","prism:eIssn":"20504578","prism:volume":"7","prism:issueIdentifier":"2","prism:pageRange":"217-218","prism:coverDate":"1969-10-12","prism:coverDisplayDate":"12 October 1969","prism:doi":"10.1177/002072096900700216","citedby-count":"0","affiliation": [{"@_fa": "true", "affilname":"Aston University","affiliation-city":"Birmingham","affiliation-country":"United Kingdom"}],"prism:aggregationType":"Journal","subtype":"le","subtypeDescription":"Letter","source-id":"17966","openaccess":"0","openaccessFlag":false},{"@_fa": "true", "link": [{"@_fa": "true", "@ref": "self", "@href": "https://api.elsevier.com/content/abstract/scopus_id/84929177775"},{"@_fa": "true", "@ref": "author-affiliation", "@href": "https://api.elsevier.com/content/abstract/scopus_id/84929177775?field=author,affiliation"},{"@_fa": "true", "@ref": "scopus", "@href": "https://www.scopus.com/inward/record.uri?partnerID=HzOxMe3b&scp=84929177775&origin=inward"},{"@_fa": "true", "@ref": "scopus-citedby", "@href": "https://www.scopus.com/inward/citedby.uri?partnerID=HzOxMe3b&scp=84929177775&origin=inward"}],"prism:url":"https://api.elsevier.com/content/abstract/scopus_id/84929177775","dc:identifier":"SCOPUS_ID:84929177775","eid":"2-s2.0-84929177775","dc:title":"Transmission lines as a limiting case of ladder networks","dc:creator":"Gruner L.","prism:publicationName":"International Journal of Electrical Engineering Education","prism:issn":"00207209","prism:eIssn":"20504578","prism:volume":"7","prism:issueIdentifier":"2","prism:pageRange":"177-182","prism:coverDate":"1969-10-12","prism:coverDisplayDate":"12 October 1969","prism:doi":"10.1177/002072096900700209","citedby-count":"4","affiliation": [{"@_fa": "true", "affilname":"Monash University","affiliation-city":"Melbourne","affiliation-country":"Australia"}],"prism:aggregationType":"Journal","subtype":"ar","subtypeDescription":"Article","source-id":"17966","openaccess":"0","openaccessFlag":false},{"@_fa": "true", "link": [{"@_fa": "true", "@ref": "self", "@href": "https://api.elsevier.com/content/abstract/scopus_id/79953961071"},{"@_fa": "true", "@ref": "author-affiliation", "@href": "https://api.elsevier.com/content/abstract/scopus_id/79953961071?field=author,affiliation"},{"@_fa": "true", "@ref": "scopus", "@href": "https://www.scopus.com/inward/record.uri?partnerID=HzOxMe3b&scp=79953961071&origin=inward"},{"@_fa": "true", "@ref": "scopus-citedby", "@href": "https://www.scopus.com/inward/citedby.uri?partnerID=HzOxMe3b&scp=79953961071&origin=inward"}],"prism:url":"https://api.elsevier.com/content/abstract/scopus_id/79953961071","dc:identifier":"SCOPUS_ID:79953961071","eid":"2-s2.0-79953961071","dc:title":"The origin and development of the road network of the niagara peninsula, ontario, 1770–1851","dc:creator":"Burghardt A.","prism:publicationName":"Annals of the Association of American Geographers","prism:issn":"00045608","prism:eIssn":"14678306","prism:volume":"59","prism:issueIdentifier":"3","prism:pageRange":"417-440","prism:coverDate":"1969-09-01","prism:coverDisplayDate":"1 September 1969","prism:doi":"10.1111/j.1467-8306.1969.tb00683.x","citedby-count":"16","affiliation": [{"@_fa": "true", "affilname":"McMaster University","affiliation-city":"Hamilton","affiliation-country":"Canada"}],"prism:aggregationType":"Journal","subtype":"ar","subtypeDescription":"Article","source-id":"27492","openaccess":"0","openaccessFlag":false},{"@_fa": "true", "link": [{"@_fa": "true", "@ref": "self", "@href": "https://api.elsevier.com/content/abstract/scopus_id/38149044440"},{"@_fa": "true", "@ref": "author-affiliation", "@href": "https://api.elsevier.com/content/abstract/scopus_id/38149044440?field=author,affiliation"},{"@_fa": "true", "@ref": "scopus", "@href": "https://www.scopus.com/inward/record.uri?partnerID=HzOxMe3b&scp=38149044440&origin=inward"},{"@_fa": "true", "@ref": "scopus-citedby", "@href": "https://www.scopus.com/inward/citedby.uri?partnerID=HzOxMe3b&scp=38149044440&origin=inward"}],"prism:url":"https://api.elsevier.com/content/abstract/scopus_id/38149044440","dc:identifier":"SCOPUS_ID:38149044440","eid":"2-s2.0-38149044440","dc:title":"Junction optimisation technique","dc:creator":"Savage M.","prism:publicationName":"Computer Journal","prism:issn":"00104620","prism:volume":"12","prism:issueIdentifier":"3","prism:pageRange":"268-272","prism:coverDate":"1969-08-01","prism:coverDisplayDate":"August 1969","prism:doi":"10.1093/comjnl/12.3.268","citedby-count":"2","prism:aggregationType":"Journal","subtype":"ar","subtypeDescription":"Article","source-id":"23792","openaccess":"0","openaccessFlag":false},{"@_fa": "true", "link": [{"@_fa": "true", "@ref": "self", "@href": "https://api.elsevier.com/content/abstract/scopus_id/33947298000"},{"@_fa": "true", "@ref": "author-affiliation", "@href": "https://api.elsevier.com/content/abstract/scopus_id/33947298000?field=author,affiliation"},{"@_fa": "true", "@ref": "scopus", "@href": "https://www.scopus.com/inward/record.uri?partnerID=HzOxMe3b&scp=33947298000&origin=inward"},{"@_fa": "true", "@ref": "scopus-citedby", "@href": "https://www.scopus.com/inward/citedby.uri?partnerID=HzOxMe3b&scp=33947298000&origin=inward"}],"prism:url":"https://api.elsevier.com/content/abstract/scopus_id/33947298000","dc:identifier":"SCOPUS_ID:33947298000","eid":"2-s2.0-33947298000","dc:title":"Toward a National Systems Resource in Toxicology","dc:creator":"Rice C.","prism:publicationName":"Journal of Chemical Documentation","prism:issn":"00219576","prism:volume":"9","prism:issueIdentifier":"3","prism:pageRange":"181-183","prism:coverDate":"1969-08-01","prism:coverDisplayDate":"1 August 1969","prism:doi":"10.1021/c160034a016","citedby-count":"1","affiliation": [{"@_fa": "true", "affilname":"National Library of Medicine","affiliation-city":"Bethesda","affiliation-country":"United States"}],"prism:aggregationType":"Journal","subtype":"ar","subtypeDescription":"Article","source-id":"42042","openaccess":"0","openaccessFlag":false},{"@_fa": "true", "link": [{"@_fa": "true", "@ref": "self", "@href": "https://api.elsevier.com/content/abstract/scopus_id/84996051363"},{"@_fa": "true", "@ref": "author-affiliation", "@href": "https://api.elsevier.com/content/abstract/scopus_id/84996051363?field=author,affiliation"},{"@_fa": "true", "@ref": "scopus", "@href": "https://www.scopus.com/inward/record.uri?partnerID=HzOxMe3b&scp=84996051363&origin=inward"},{"@_fa": "true", "@ref": "scopus-citedby", "@href": "https://www.scopus.com/inward/citedby.uri?partnerID=HzOxMe3b&scp=84996051363&origin=inward"}],"prism:url":"https://api.elsevier.com/content/abstract/scopus_id/84996051363","dc:identifier":"SCOPUS_ID:84996051363","eid":"2-s2.0-84996051363","dc:title":"Laurel and North Bay: Diffusional Networks in the Upper Great Lakes","dc:creator":"Mason R.","prism:publicationName":"American Antiquity","prism:issn":"00027316","prism:volume":"34","prism:issueIdentifier":"3","prism:pageRange":"265-277","prism:coverDate":"1969-07-01","prism:coverDisplayDate":"1 July 1969","prism:doi":"10.2307/278412","pii":"S0002731600083633","citedby-count":"1","affiliation": [{"@_fa": "true", "affilname":"Lawrence University, Appleton","affiliation-city":"Appleton","affiliation-country":"United States"}],"prism:aggregationType":"Journal","subtype":"ar","subtypeDescription":"Article","source-id":"40554","openaccess":"0","openaccessFlag":false},{"@_fa": "true", "link": [{"@_fa": "true", "@ref": "self", "@href": "https://api.elsevier.com/content/abstract/scopus_id/0039883035"},{"@_fa": "true", "@ref": "author-affiliation", "@href": "https://api.elsevier.com/content/abstract/scopus_id/0039883035?field=author,affiliation"},{"@_fa": "true", "@ref": "scopus", "@href": "https://www.scopus.com/inward/record.uri?partnerID=HzOxMe3b&scp=0039883035&origin=inward"},{"@_fa": "true", "@ref": "scopus-citedby", "@href": "https://www.scopus.com/inward/citedby.uri?partnerID=HzOxMe3b&scp=0039883035&origin=inward"}],"prism:url":"https://api.elsevier.com/content/abstract/scopus_id/0039883035","dc:identifier":"SCOPUS_ID:0039883035","eid":"2-s2.0-0039883035","dc:title":"White and negro listeners' reactions to various american. english dialects","dc:creator":"Richard Tucker G.","prism:publicationName":"Social Forces","prism:issn":"00377732","prism:eIssn":"15347605","prism:volume":"47","prism:issueIdentifier":"4","prism:pageRange":"463-468","prism:coverDate":"1969-06-01","prism:coverDisplayDate":"1 June 1969","prism:doi":"10.2307/2574535","citedby-count":"98","affiliation": [{"@_fa": "true", "affilname":"McGill University","affiliation-city":"Montreal","affiliation-country":"Canada"}],"prism:aggregationType":"Journal","subtype":"ar","subtypeDescription":"Article","source-id":"17530","openaccess":"0","openaccessFlag":false},{"@_fa": "true", "link": [{"@_fa": "true", "@ref": "self", "@href": "https://api.elsevier.com/content/abstract/scopus_id/34250500445"},{"@_fa": "true", "@ref": "author-affiliation", "@href": "https://api.elsevier.com/content/abstract/scopus_id/34250500445?field=author,affiliation"},{"@_fa": "true", "@ref": "scopus", "@href": "https://www.scopus.com/inward/record.uri?partnerID=HzOxMe3b&scp=34250500445&origin=inward"},{"@_fa": "true", "@ref": "scopus-citedby", "@href": "https://www.scopus.com/inward/citedby.uri?partnerID=HzOxMe3b&scp=34250500445&origin=inward"}],"prism:url":"https://api.elsevier.com/content/abstract/scopus_id/34250500445","dc:identifier":"SCOPUS_ID:34250500445","eid":"2-s2.0-34250500445","dc:title":"The day care neighbor service: An interventive experiment","dc:creator":"Collins A.","prism:publicationName":"Community Mental Health Journal","prism:issn":"00103853","prism:eIssn":"15732789","prism:volume":"5","prism:issueIdentifier":"3","prism:pageRange":"219-224","prism:coverDate":"1969-06-01","prism:coverDisplayDate":"June 1969","prism:doi":"10.1007/BF01463953","citedby-count":"2","prism:aggregationType":"Journal","subtype":"ar","subtypeDescription":"Article","source-id":"29291","openaccess":"0","openaccessFlag":false},{"@_fa": "true", "link": [{"@_fa": "true", "@ref": "self", "@href": "https://api.elsevier.com/content/abstract/scopus_id/0014508672"},{"@_fa": "true", "@ref": "author-affiliation", "@href": "https://api.elsevier.com/content/abstract/scopus_id/0014508672?field=author,affiliation"},{"@_fa": "true", "@ref": "scopus", "@href": "https://www.scopus.com/inward/record.uri?partnerID=HzOxMe3b&scp=0014508672&origin=inward"},{"@_fa": "true", "@ref": "scopus-citedby", "@href": "https://www.scopus.com/inward/citedby.uri?partnerID=HzOxMe3b&scp=0014508672&origin=inward"}],"prism:url":"https://api.elsevier.com/content/abstract/scopus_id/0014508672","dc:identifier":"SCOPUS_ID:0014508672","eid":"2-s2.0-0014508672","dc:title":"Attempted suicide in social networks.","dc:creator":"Kreitman N.","prism:publicationName":"British journal of preventive &amp; social medicine","prism:issn":"00071242","prism:volume":"23","prism:issueIdentifier":"2","prism:pageRange":"116-123","prism:coverDate":"1969-05-01","prism:coverDisplayDate":"May 1969","citedby-count":"28","pubmed-id":"5768136","prism:aggregationType":"Journal","subtype":"ar","subtypeDescription":"Article","source-id":"40617","openaccess":"0","openaccessFlag":false},{"@_fa": "true", "link": [{"@_fa": "true", "@ref": "self", "@href": "https://api.elsevier.com/content/abstract/scopus_id/33947298628"},{"@_fa": "true", "@ref": "author-affiliation", "@href": "https://api.elsevier.com/content/abstract/scopus_id/33947298628?field=author,affiliation"},{"@_fa": "true", "@ref": "scopus", "@href": "https://www.scopus.com/inward/record.uri?partnerID=HzOxMe3b&scp=33947298628&origin=inward"},{"@_fa": "true", "@ref": "scopus-citedby", "@href": "https://www.scopus.com/inward/citedby.uri?partnerID=HzOxMe3b&scp=33947298628&origin=inward"}],"prism:url":"https://api.elsevier.com/content/abstract/scopus_id/33947298628","dc:identifier":"SCOPUS_ID:33947298628","eid":"2-s2.0-33947298628","dc:title":"Food and Drug Administration Drug Experience Reporting System","dc:creator":"Esch A.","prism:publicationName":"Journal of Chemical Documentation","prism:issn":"00219576","prism:volume":"9","prism:issueIdentifier":"2","prism:pageRange":"66-70","prism:coverDate":"1969-05-01","prism:coverDisplayDate":"1 May 1969","prism:doi":"10.1021/c160033a003","citedby-count":"3","affiliation": [{"@_fa": "true", "affilname":"Bureau of Foods","affiliation-city":"Washington","affiliation-country":"United States"}],"prism:aggregationType":"Journal","subtype":"ar","subtypeDescription":"Article","source-id":"42042","openaccess":"0","openaccessFlag":false},{"@_fa": "true", "link": [{"@_fa": "true", "@ref": "self", "@href": "https://api.elsevier.com/content/abstract/scopus_id/34250478583"},{"@_fa": "true", "@ref": "author-affiliation", "@href": "https://api.elsevier.com/content/abstract/scopus_id/34250478583?field=author,affiliation"},{"@_fa": "true", "@ref": "scopus", "@href": "https://www.scopus.com/inward/record.uri?partnerID=HzOxMe3b&scp=34250478583&origin=inward"},{"@_fa": "true", "@ref": "scopus-citedby", "@href": "https://www.scopus.com/inward/citedby.uri?partnerID=HzOxMe3b&scp=34250478583&origin=inward"}],"prism:url":"https://api.elsevier.com/content/abstract/scopus_id/34250478583","dc:identifier":"SCOPUS_ID:34250478583","eid":"2-s2.0-34250478583","dc:title":"A developmental view of the comprehensive community mental health concept","dc:creator":"Austin M.","prism:publicationName":"Community Mental Health Journal","prism:issn":"00103853","prism:eIssn":"15732789","prism:volume":"5","prism:issueIdentifier":"2","prism:pageRange":"156-163","prism:coverDate":"1969-04-01","prism:coverDisplayDate":"April 1969","prism:doi":"10.1007/BF01420020","citedby-count":"5","affiliation": [{"@_fa": "true", "affilname":"University of Pittsburgh","affiliation-city":"Pittsburgh","affiliation-country":"United States"}],"prism:aggregationType":"Journal","subtype":"ar","subtypeDescription":"Article","source-id":"29291","openaccess":"0","openaccessFlag":false},{"@_fa": "true", "link": [{"@_fa": "true", "@ref": "self", "@href": "https://api.elsevier.com/content/abstract/scopus_id/84909139821"},{"@_fa": "true", "@ref": "author-affiliation", "@href": "https://api.elsevier.com/content/abstract/scopus_id/84909139821?field=author,affiliation"},{"@_fa": "true", "@ref": "scopus", "@href": "https://www.scopus.com/inward/record.uri?partnerID=HzOxMe3b&scp=84909139821&origin=inward"},{"@_fa": "true", "@ref": "scopus-citedby", "@href": "https://www.scopus.com/inward/citedby.uri?partnerID=HzOxMe3b&scp=84909139821&origin=inward"}],"prism:url":"https://api.elsevier.com/content/abstract/scopus_id/84909139821","dc:identifier":"SCOPUS_ID:84909139821","eid":"2-s2.0-84909139821","dc:title":"The urbanization of the classical world","dc:creator":"Pounds N.","prism:publicationName":"Annals of the Association of American Geographers","prism:issn":"00045608","prism:eIssn":"14678306","prism:volume":"59","prism:issueIdentifier":"1","prism:pageRange":"135-157","prism:coverDate":"1969-03-01","prism:coverDisplayDate":"1 March 1969","prism:doi":"10.1111/j.1467-8306.1969.tb00662.x","citedby-count":"18","affiliation": [{"@_fa": "true", "affilname":"Indiana University","affiliation-city":"Bloomington","affiliation-country":"United States"}],"prism:aggregationType":"Journal","subtype":"ar","subtypeDescription":"Article","source-id":"27492","openaccess":"0","openaccessFlag":false},{"@_fa": "true", "link": [{"@_fa": "true", "@ref": "self", "@href": "https://api.elsevier.com/content/abstract/scopus_id/84946255252"},{"@_fa": "true", "@ref": "author-affiliation", "@href": "https://api.elsevier.com/content/abstract/scopus_id/84946255252?field=author,affiliation"},{"@_fa": "true", "@ref": "scopus", "@href": "https://www.scopus.com/inward/record.uri?partnerID=HzOxMe3b&scp=84946255252&origin=inward"},{"@_fa": "true", "@ref": "scopus-citedby", "@href": "https://www.scopus.com/inward/citedby.uri?partnerID=HzOxMe3b&scp=84946255252&origin=inward"}],"prism:url":"https://api.elsevier.com/content/abstract/scopus_id/84946255252","dc:identifier":"SCOPUS_ID:84946255252","eid":"2-s2.0-84946255252","dc:title":"Network Analysis and the Possibility of Its Use in Education","dc:creator":"Platts C.","prism:publicationName":"Educational Review","prism:issn":"00131911","prism:eIssn":"14653397","prism:volume":"21","prism:issueIdentifier":"2","prism:pageRange":"109-119","prism:coverDate":"1969-02-01","prism:coverDisplayDate":"1 February 1969","prism:doi":"10.1080/0013191690210203","citedby-count":"0","prism:aggregationType":"Journal","subtype":"ar","subtypeDescription":"Article","source-id":"14304","openaccess":"0","openaccessFlag":false},{"@_fa": "true", "link": [{"@_fa": "true", "@ref": "self", "@href": "https://api.elsevier.com/content/abstract/scopus_id/77957183780"},{"@_fa": "true", "@ref": "author-affiliation", "@href": "https://api.elsevier.com/content/abstract/scopus_id/77957183780?field=author,affiliation"},{"@_fa": "true", "@ref": "scopus", "@href": "https://www.scopus.com/inward/record.uri?partnerID=HzOxMe3b&scp=77957183780&origin=inward"},{"@_fa": "true", "@ref": "scopus-citedby", "@href": "https://www.scopus.com/inward/citedby.uri?partnerID=HzOxMe3b&scp=77957183780&origin=inward"}],"prism:url":"https://api.elsevier.com/content/abstract/scopus_id/77957183780","dc:identifier":"SCOPUS_ID:77957183780","eid":"2-s2.0-77957183780","dc:title":"Methods of computing event times in project networks","dc:creator":"Nudds D.","prism:publicationName":"Computer Journal","prism:issn":"00104620","prism:volume":"12","prism:issueIdentifier":"1","prism:pageRange":"38-40","prism:coverDate":"1969-02-01","prism:coverDisplayDate":"February 1969","prism:doi":"10.1093/comjnl/12.1.38","citedby-count":"0","prism:aggregationType":"Journal","subtype":"ar","subtypeDescription":"Article","source-id":"23792","openaccess":"1","openaccessFlag":true},{"@_fa": "true", "link": [{"@_fa": "true", "@ref": "self", "@href": "https://api.elsevier.com/content/abstract/scopus_id/84971173858"},{"@_fa": "true", "@ref": "author-affiliation", "@href": "https://api.elsevier.com/content/abstract/scopus_id/84971173858?field=author,affiliation"},{"@_fa": "true", "@ref": "scopus", "@href": "https://www.scopus.com/inward/record.uri?partnerID=HzOxMe3b&scp=84971173858&origin=inward"},{"@_fa": "true", "@ref": "scopus-citedby", "@href": "https://www.scopus.com/inward/citedby.uri?partnerID=HzOxMe3b&scp=84971173858&origin=inward"}],"prism:url":"https://api.elsevier.com/content/abstract/scopus_id/84971173858","dc:identifier":"SCOPUS_ID:84971173858","eid":"2-s2.0-84971173858","dc:title":"Research Notes on Network Analysis","dc:creator":"Packard P.","prism:publicationName":"The Journal of Modern African Studies","prism:issn":"0022278X","prism:eIssn":"14697777","prism:volume":"7","prism:issueIdentifier":"1","prism:pageRange":"147-149","prism:coverDate":"1969-01-01","prism:coverDisplayDate":"April 1969","prism:doi":"10.1017/S0022278X00018127","citedby-count":"0","prism:aggregationType":"Journal","subtype":"ar","subtypeDescription":"Article","source-id":"20318","openaccess":"0","openaccessFlag":false},{"@_fa": "true", "link": [{"@_fa": "true", "@ref": "self", "@href": "https://api.elsevier.com/content/abstract/scopus_id/0001820538"},{"@_fa": "true", "@ref": "author-affiliation", "@href": "https://api.elsevier.com/content/abstract/scopus_id/0001820538?field=author,affiliation"},{"@_fa": "true", "@ref": "scopus", "@href": "https://www.scopus.com/inward/record.uri?partnerID=HzOxMe3b&scp=0001820538&origin=inward"},{"@_fa": "true", "@ref": "scopus-citedby", "@href": "https://www.scopus.com/inward/citedby.uri?partnerID=HzOxMe3b&scp=0001820538&origin=inward"}],"prism:url":"https://api.elsevier.com/content/abstract/scopus_id/0001820538","dc:identifier":"SCOPUS_ID:0001820538","eid":"2-s2.0-0001820538","dc:title":"Personal Influence Networks and Voluntary Association Affiliation","dc:creator":"Booth A.","prism:publicationName":"Sociological Inquiry","prism:issn":"00380245","prism:eIssn":"1475682X","prism:volume":"39","prism:issueIdentifier":"2","prism:pageRange":"179-188","prism:coverDate":"1969-01-01","prism:coverDisplayDate":"April 1969","prism:doi":"10.1111/j.1475-682X.1969.tb00958.x","citedby-count":"35","affiliation": [{"@_fa": "true", "affilname":"University of Nebraska","affiliation-city":null,"affiliation-country":"United States"}],"prism:aggregationType":"Journal","subtype":"ar","subtypeDescription":"Article","source-id":"18086","openaccess":"0","openaccessFlag":false},{"@_fa": "true", "link": [{"@_fa": "true", "@ref": "self", "@href": "https://api.elsevier.com/content/abstract/scopus_id/0014520936"},{"@_fa": "true", "@ref": "author-affiliation", "@href": "https://api.elsevier.com/content/abstract/scopus_id/0014520936?field=author,affiliation"},{"@_fa": "true", "@ref": "scopus", "@href": "https://www.scopus.com/inward/record.uri?partnerID=HzOxMe3b&scp=0014520936&origin=inward"},{"@_fa": "true", "@ref": "scopus-citedby", "@href": "https://www.scopus.com/inward/citedby.uri?partnerID=HzOxMe3b&scp=0014520936&origin=inward"}],"prism:url":"https://api.elsevier.com/content/abstract/scopus_id/0014520936","dc:identifier":"SCOPUS_ID:0014520936","eid":"2-s2.0-0014520936","dc:title":"ON '%'TIME-HONORED POSITIVE REAL FUNCTIONS'%'","dc:creator":"BOSE NK","prism:publicationName":"IEEE Transactions on Education","prism:issn":"00189359","prism:volume":"E-12","prism:issueIdentifier":"2","prism:pageRange":"144-145","prism:coverDate":"1969-01-01","prism:coverDisplayDate":"June","citedby-count":"0","prism:aggregationType":"Journal","subtype":"ar","subtypeDescription":"Article","source-id":"17344","openaccess":"0","openaccessFlag":false},{"@_fa": "true", "link": [{"@_fa": "true", "@ref": "self", "@href": "https://api.elsevier.com/content/abstract/scopus_id/84981749688"},{"@_fa": "true", "@ref": "author-affiliation", "@href": "https://api.elsevier.com/content/abstract/scopus_id/84981749688?field=author,affiliation"},{"@_fa": "true", "@ref": "scopus", "@href": "https://www.scopus.com/inward/record.uri?partnerID=HzOxMe3b&scp=84981749688&origin=inward"},{"@_fa": "true", "@ref": "scopus-citedby", "@href": "https://www.scopus.com/inward/citedby.uri?partnerID=HzOxMe3b&scp=84981749688&origin=inward"}],"prism:url":"https://api.elsevier.com/content/abstract/scopus_id/84981749688","dc:identifier":"SCOPUS_ID:84981749688","eid":"2-s2.0-84981749688","dc:title":"Network Therapy—A Developing Concept","dc:creator":"SPECK R.","prism:publicationName":"Family Process","prism:issn":"00147370","prism:eIssn":"15455300","prism:volume":"8","prism:issueIdentifier":"2","prism:pageRange":"182-191","prism:coverDate":"1969-01-01","prism:coverDisplayDate":"September 1969","prism:doi":"10.1111/j.1545-5300.1969.00182.x","citedby-count":"53","affiliation": [{"@_fa": "true", "affilname":"Hahnemann Medical College and Hospital","affiliation-city":null,"affiliation-country":null}],"prism:aggregationType":"Journal","subtype":"ar","subtypeDescription":"Article","source-id":"14152","openaccess":"0","openaccessFlag":false}]}}