{"search-results":{"opensearch:totalResults":"368","opensearch:startIndex":"0","opensearch:itemsPerPage":"25","opensearch:Query":{"@role": "request", "@searchTerms": "TITLE-ABS-KEY(\"network\") AND SUBJAREA(SOCI) AND PUBYEAR = 1982", "@startPage": "0"},"link": [{"@_fa": "true", "@ref": "self", "@href": "https://api.elsevier.com/content/search/scopus?start=0&count=25&query=TITLE-ABS-KEY%28%22network%22%29+AND+SUBJAREA%28SOCI%29+AND+PUBYEAR+%3D+1982&apiKey=27d953b4b546791964ebeb768d13e61f&view=STANDARD", "@type": "application/json"},{"@_fa": "true", "@ref": "first", "@href": "https://api.elsevier.com/content/search/scopus?start=0&count=25&query=TITLE-ABS-KEY%28%22network%22%29+AND+SUBJAREA%28SOCI%29+AND+PUBYEAR+%3D+1982&apiKey=27d953b4b546791964ebeb768d13e61f&view=STANDARD", "@type": "application/json"},{"@_fa": "true", "@ref": "next", "@href": "https://api.elsevier.com/content/search/scopus?start=25&count=25&query=TITLE-ABS-KEY%28%22network%22%29+AND+SUBJAREA%28SOCI%29+AND+PUBYEAR+%3D+1982&apiKey=27d953b4b546791964ebeb768d13e61f&view=STANDARD", "@type": "application/json"},{"@_fa": "true", "@ref": "last", "@href": "https://api.elsevier.com/content/search/scopus?start=343&count=25&query=TITLE-ABS-KEY%28%22network%22%29+AND+SUBJAREA%28SOCI%29+AND+PUBYEAR+%3D+1982&apiKey=27d953b4b546791964ebeb768d13e61f&view=STANDARD", "@type": "application/json"}],"entry": [{"@_fa": "true", "link": [{"@_fa": "true", "@ref": "self", "@href": "https://api.elsevier.com/content/abstract/scopus_id/0039507806"},{"@_fa": "true", "@ref": "author-affiliation", "@href": "https://api.elsevier.com/content/abstract/scopus_id/0039507806?field=author,affiliation"},{"@_fa": "true", "@ref": "scopus", "@href": "https://www.scopus.com/inward/record.uri?partnerID=HzOxMe3b&scp=0039507806&origin=inward"},{"@_fa": "true", "@ref": "scopus-citedby", "@href": "https://www.scopus.com/inward/citedby.uri?partnerID=HzOxMe3b&scp=0039507806&origin=inward"}],"prism:url":"https://api.elsevier.com/content/abstract/scopus_id/0039507806","dc:identifier":"SCOPUS_ID:0039507806","eid":"2-s2.0-0039507806","dc:title":"The differentiation of supportive functions among network members: An empirical inquiry","dc:creator":"Denoff M.","prism:publicationName":"Journal of Social Service Research","prism:issn":"01488376","prism:eIssn":"15407314","prism:volume":"5","prism:issueIdentifier":"1-2","prism:pageRange":"45-59","prism:coverDate":"1982-12-28","prism:coverDisplayDate":"28 December 1982","prism:doi":"10.1300/J079v05n01_04","citedby-count":"5","affiliation": [{"@_fa": "true", "affilname":"The University of Tampa","affiliation-city":"Tampa","affiliation-country":"United States"}],"prism:aggregationType":"Journal","subtype":"ar","subtypeDescription":"Article","source-id":"12283","openaccess":"0","openaccessFlag":false},{"@_fa": "true", "link": [{"@_fa": "true", "@ref": "self", "@href": "https://api.elsevier.com/content/abstract/scopus_id/0020242378"},{"@_fa": "true", "@ref": "author-affiliation", "@href": "https://api.elsevier.com/content/abstract/scopus_id/0020242378?field=author,affiliation"},{"@_fa": "true", "@ref": "scopus", "@href": "https://www.scopus.com/inward/record.uri?partnerID=HzOxMe3b&scp=0020242378&origin=inward"},{"@_fa": "true", "@ref": "scopus-citedby", "@href": "https://www.scopus.com/inward/citedby.uri?partnerID=HzOxMe3b&scp=0020242378&origin=inward"}],"prism:url":"https://api.elsevier.com/content/abstract/scopus_id/0020242378","dc:identifier":"SCOPUS_ID:0020242378","eid":"2-s2.0-0020242378","dc:title":"INTERACTIVE TRANSPORT NETWORK DESIGN - AN EVALUATION PROCEDURE.","dc:creator":"Ruske W.","prism:publicationName":"Proceedings - Conference of the Australian Road Research Board","prism:issn":"05721431","prism:volume":"11","prism:pageRange":"101-114","prism:coverDate":"1982-12-01","prism:coverDisplayDate":"1982","citedby-count":"0","prism:aggregationType":"Conference Proceeding","subtype":"cp","subtypeDescription":"Conference Paper","source-id":"26432","openaccess":"0","openaccessFlag":false},{"@_fa": "true", "link": [{"@_fa": "true", "@ref": "self", "@href": "https://api.elsevier.com/content/abstract/scopus_id/0020225110"},{"@_fa": "true", "@ref": "author-affiliation", "@href": "https://api.elsevier.com/content/abstract/scopus_id/0020225110?field=author,affiliation"},{"@_fa": "true", "@ref": "scopus", "@href": "https://www.scopus.com/inward/record.uri?partnerID=HzOxMe3b&scp=0020225110&origin=inward"},{"@_fa": "true", "@ref": "scopus-citedby", "@href": "https://www.scopus.com/inward/citedby.uri?partnerID=HzOxMe3b&scp=0020225110&origin=inward"}],"prism:url":"https://api.elsevier.com/content/abstract/scopus_id/0020225110","dc:identifier":"SCOPUS_ID:0020225110","eid":"2-s2.0-0020225110","dc:title":"INFORMATION INTERACTION BETWEEN PEOPLE AND MACHINES: NETWORK CONSIDERATIONS.","dc:creator":"Donato A.","prism:publicationName":"Proceedings of the ASIS Annual Meeting","prism:issn":"00447870","prism:isbn": [{"@_fa": "true", "$" :"0867290382"}],"prism:volume":"19","prism:pageRange":"361","prism:coverDate":"1982-12-01","prism:coverDisplayDate":"1982","citedby-count":"0","prism:aggregationType":"Conference Proceeding","subtype":"cp","subtypeDescription":"Conference Paper","source-id":"31428","openaccess":"0","openaccessFlag":false},{"@_fa": "true", "link": [{"@_fa": "true", "@ref": "self", "@href": "https://api.elsevier.com/content/abstract/scopus_id/0020239705"},{"@_fa": "true", "@ref": "author-affiliation", "@href": "https://api.elsevier.com/content/abstract/scopus_id/0020239705?field=author,affiliation"},{"@_fa": "true", "@ref": "scopus", "@href": "https://www.scopus.com/inward/record.uri?partnerID=HzOxMe3b&scp=0020239705&origin=inward"},{"@_fa": "true", "@ref": "scopus-citedby", "@href": "https://www.scopus.com/inward/citedby.uri?partnerID=HzOxMe3b&scp=0020239705&origin=inward"}],"prism:url":"https://api.elsevier.com/content/abstract/scopus_id/0020239705","dc:identifier":"SCOPUS_ID:0020239705","eid":"2-s2.0-0020239705","dc:title":"SURVEY OF COMMERCIALLY AVAILABLE LOCAL AREA NETWORKS.","dc:creator":"Thurber K.","prism:publicationName":"Proceedings of the ASIS Annual Meeting","prism:issn":"00447870","prism:isbn": [{"@_fa": "true", "$" :"0867290382"}],"prism:volume":"19","prism:pageRange":"301-305","prism:coverDate":"1982-12-01","prism:coverDisplayDate":"1982","citedby-count":"0","prism:aggregationType":"Conference Proceeding","subtype":"cp","subtypeDescription":"Conference Paper","source-id":"31428","openaccess":"0","openaccessFlag":false},{"@_fa": "true", "link": [{"@_fa": "true", "@ref": "self", "@href": "https://api.elsevier.com/content/abstract/scopus_id/0020232627"},{"@_fa": "true", "@ref": "author-affiliation", "@href": "https://api.elsevier.com/content/abstract/scopus_id/0020232627?field=author,affiliation"},{"@_fa": "true", "@ref": "scopus", "@href": "https://www.scopus.com/inward/record.uri?partnerID=HzOxMe3b&scp=0020232627&origin=inward"},{"@_fa": "true", "@ref": "scopus-citedby", "@href": "https://www.scopus.com/inward/citedby.uri?partnerID=HzOxMe3b&scp=0020232627&origin=inward"}],"prism:url":"https://api.elsevier.com/content/abstract/scopus_id/0020232627","dc:identifier":"SCOPUS_ID:0020232627","eid":"2-s2.0-0020232627","dc:title":"WHY CONSIDER A LOCAL AREA NETWORK?","dc:creator":"Anderson R.","prism:publicationName":"Proceedings of the ASIS Annual Meeting","prism:issn":"00447870","prism:isbn": [{"@_fa": "true", "$" :"0867290382"}],"prism:volume":"19","prism:pageRange":"351","prism:coverDate":"1982-12-01","prism:coverDisplayDate":"1982","citedby-count":"0","prism:aggregationType":"Conference Proceeding","subtype":"cp","subtypeDescription":"Conference Paper","source-id":"31428","openaccess":"0","openaccessFlag":false},{"@_fa": "true", "link": [{"@_fa": "true", "@ref": "self", "@href": "https://api.elsevier.com/content/abstract/scopus_id/0020237665"},{"@_fa": "true", "@ref": "author-affiliation", "@href": "https://api.elsevier.com/content/abstract/scopus_id/0020237665?field=author,affiliation"},{"@_fa": "true", "@ref": "scopus", "@href": "https://www.scopus.com/inward/record.uri?partnerID=HzOxMe3b&scp=0020237665&origin=inward"},{"@_fa": "true", "@ref": "scopus-citedby", "@href": "https://www.scopus.com/inward/citedby.uri?partnerID=HzOxMe3b&scp=0020237665&origin=inward"}],"prism:url":"https://api.elsevier.com/content/abstract/scopus_id/0020237665","dc:identifier":"SCOPUS_ID:0020237665","eid":"2-s2.0-0020237665","dc:title":"SCANNET, THE NORDIC NETWORK, AND ITS ROLE WITHIN NETWORKING SERVICES IN EUROPE AND THE UNITED STATES.","dc:creator":"Bivins-Noerr K.","prism:publicationName":"Proceedings of the ASIS Annual Meeting","prism:issn":"00447870","prism:isbn": [{"@_fa": "true", "$" :"0867290382"}],"prism:volume":"19","prism:pageRange":"32-34","prism:coverDate":"1982-12-01","prism:coverDisplayDate":"1982","citedby-count":"0","prism:aggregationType":"Conference Proceeding","subtype":"cp","subtypeDescription":"Conference Paper","source-id":"31428","openaccess":"0","openaccessFlag":false},{"@_fa": "true", "link": [{"@_fa": "true", "@ref": "self", "@href": "https://api.elsevier.com/content/abstract/scopus_id/0020230228"},{"@_fa": "true", "@ref": "author-affiliation", "@href": "https://api.elsevier.com/content/abstract/scopus_id/0020230228?field=author,affiliation"},{"@_fa": "true", "@ref": "scopus", "@href": "https://www.scopus.com/inward/record.uri?partnerID=HzOxMe3b&scp=0020230228&origin=inward"},{"@_fa": "true", "@ref": "scopus-citedby", "@href": "https://www.scopus.com/inward/citedby.uri?partnerID=HzOxMe3b&scp=0020230228&origin=inward"}],"prism:url":"https://api.elsevier.com/content/abstract/scopus_id/0020230228","dc:identifier":"SCOPUS_ID:0020230228","eid":"2-s2.0-0020230228","dc:title":"USER EXPERIENCE WITH INSTALLING AND USING A BROADBAND COAXIAL CABLE LOCAL AREA NETWORK.","dc:creator":"Schulte R.","prism:publicationName":"Proceedings of the ASIS Annual Meeting","prism:issn":"00447870","prism:isbn": [{"@_fa": "true", "$" :"0867290382"}],"prism:volume":"19","prism:pageRange":"375","prism:coverDate":"1982-12-01","prism:coverDisplayDate":"1982","citedby-count":"0","prism:aggregationType":"Conference Proceeding","subtype":"cp","subtypeDescription":"Conference Paper","source-id":"31428","openaccess":"0","openaccessFlag":false},{"@_fa": "true", "link": [{"@_fa": "true", "@ref": "self", "@href": "https://api.elsevier.com/content/abstract/scopus_id/0020236465"},{"@_fa": "true", "@ref": "author-affiliation", "@href": "https://api.elsevier.com/content/abstract/scopus_id/0020236465?field=author,affiliation"},{"@_fa": "true", "@ref": "scopus", "@href": "https://www.scopus.com/inward/record.uri?partnerID=HzOxMe3b&scp=0020236465&origin=inward"},{"@_fa": "true", "@ref": "scopus-citedby", "@href": "https://www.scopus.com/inward/citedby.uri?partnerID=HzOxMe3b&scp=0020236465&origin=inward"}],"prism:url":"https://api.elsevier.com/content/abstract/scopus_id/0020236465","dc:identifier":"SCOPUS_ID:0020236465","eid":"2-s2.0-0020236465","dc:title":"INFORMATION NETWORKS IN JAPAN.","dc:creator":"Morita I.","prism:publicationName":"Proceedings of the ASIS Annual Meeting","prism:issn":"00447870","prism:isbn": [{"@_fa": "true", "$" :"0867290382"}],"prism:volume":"19","prism:pageRange":"207-209","prism:coverDate":"1982-12-01","prism:coverDisplayDate":"1982","citedby-count":"0","prism:aggregationType":"Conference Proceeding","subtype":"cp","subtypeDescription":"Conference Paper","source-id":"31428","openaccess":"0","openaccessFlag":false},{"@_fa": "true", "link": [{"@_fa": "true", "@ref": "self", "@href": "https://api.elsevier.com/content/abstract/scopus_id/0020234984"},{"@_fa": "true", "@ref": "author-affiliation", "@href": "https://api.elsevier.com/content/abstract/scopus_id/0020234984?field=author,affiliation"},{"@_fa": "true", "@ref": "scopus", "@href": "https://www.scopus.com/inward/record.uri?partnerID=HzOxMe3b&scp=0020234984&origin=inward"},{"@_fa": "true", "@ref": "scopus-citedby", "@href": "https://www.scopus.com/inward/citedby.uri?partnerID=HzOxMe3b&scp=0020234984&origin=inward"}],"prism:url":"https://api.elsevier.com/content/abstract/scopus_id/0020234984","dc:identifier":"SCOPUS_ID:0020234984","eid":"2-s2.0-0020234984","dc:title":"COMPUTER COMMUNICATION NETWORKS: AN OVERVIEW.","dc:creator":"Brown M.","prism:publicationName":"Proceedings of the ASIS Annual Meeting","prism:issn":"00447870","prism:isbn": [{"@_fa": "true", "$" :"0867290382"}],"prism:volume":"19","prism:pageRange":"3","prism:coverDate":"1982-12-01","prism:coverDisplayDate":"1982","citedby-count":"0","prism:aggregationType":"Conference Proceeding","subtype":"cp","subtypeDescription":"Conference Paper","source-id":"31428","openaccess":"0","openaccessFlag":false},{"@_fa": "true", "link": [{"@_fa": "true", "@ref": "self", "@href": "https://api.elsevier.com/content/abstract/scopus_id/0020229107"},{"@_fa": "true", "@ref": "author-affiliation", "@href": "https://api.elsevier.com/content/abstract/scopus_id/0020229107?field=author,affiliation"},{"@_fa": "true", "@ref": "scopus", "@href": "https://www.scopus.com/inward/record.uri?partnerID=HzOxMe3b&scp=0020229107&origin=inward"},{"@_fa": "true", "@ref": "scopus-citedby", "@href": "https://www.scopus.com/inward/citedby.uri?partnerID=HzOxMe3b&scp=0020229107&origin=inward"}],"prism:url":"https://api.elsevier.com/content/abstract/scopus_id/0020229107","dc:identifier":"SCOPUS_ID:0020229107","eid":"2-s2.0-0020229107","dc:title":"CHINESE INFORMATION NETWORK - AN OVERVIEW.","dc:creator":"Wang C.","prism:publicationName":"Proceedings of the ASIS Annual Meeting","prism:issn":"00447870","prism:isbn": [{"@_fa": "true", "$" :"0867290382"}],"prism:volume":"19","prism:pageRange":"381","prism:coverDate":"1982-12-01","prism:coverDisplayDate":"1982","citedby-count":"0","prism:aggregationType":"Conference Proceeding","subtype":"cp","subtypeDescription":"Conference Paper","source-id":"31428","openaccess":"0","openaccessFlag":false},{"@_fa": "true", "link": [{"@_fa": "true", "@ref": "self", "@href": "https://api.elsevier.com/content/abstract/scopus_id/0020244671"},{"@_fa": "true", "@ref": "author-affiliation", "@href": "https://api.elsevier.com/content/abstract/scopus_id/0020244671?field=author,affiliation"},{"@_fa": "true", "@ref": "scopus", "@href": "https://www.scopus.com/inward/record.uri?partnerID=HzOxMe3b&scp=0020244671&origin=inward"},{"@_fa": "true", "@ref": "scopus-citedby", "@href": "https://www.scopus.com/inward/citedby.uri?partnerID=HzOxMe3b&scp=0020244671&origin=inward"}],"prism:url":"https://api.elsevier.com/content/abstract/scopus_id/0020244671","dc:identifier":"SCOPUS_ID:0020244671","eid":"2-s2.0-0020244671","dc:title":"MODELLING POLLUTION AND ENERGY USE IN URBAN ROAD NETWORKS.","dc:creator":"Taylor M.","prism:publicationName":"Proceedings - Conference of the Australian Road Research Board","prism:issn":"05721431","prism:volume":"11","prism:pageRange":"1-17","prism:coverDate":"1982-12-01","prism:coverDisplayDate":"1982","citedby-count":"8","prism:aggregationType":"Conference Proceeding","subtype":"cp","subtypeDescription":"Conference Paper","source-id":"26432","openaccess":"0","openaccessFlag":false},{"@_fa": "true", "link": [{"@_fa": "true", "@ref": "self", "@href": "https://api.elsevier.com/content/abstract/scopus_id/0020267207"},{"@_fa": "true", "@ref": "author-affiliation", "@href": "https://api.elsevier.com/content/abstract/scopus_id/0020267207?field=author,affiliation"},{"@_fa": "true", "@ref": "scopus", "@href": "https://www.scopus.com/inward/record.uri?partnerID=HzOxMe3b&scp=0020267207&origin=inward"},{"@_fa": "true", "@ref": "scopus-citedby", "@href": "https://www.scopus.com/inward/citedby.uri?partnerID=HzOxMe3b&scp=0020267207&origin=inward"}],"prism:url":"https://api.elsevier.com/content/abstract/scopus_id/0020267207","dc:identifier":"SCOPUS_ID:0020267207","eid":"2-s2.0-0020267207","dc:title":"DYNAMIC CONTROL OF A MEDIUM SIZED TRAFFIC SIGNAL NETWORK.","dc:creator":"Fehon K.","prism:publicationName":"Proceedings - Conference of the Australian Road Research Board","prism:issn":"05721431","prism:volume":"11","prism:pageRange":"85-93","prism:coverDate":"1982-12-01","prism:coverDisplayDate":"1982","citedby-count":"0","prism:aggregationType":"Conference Proceeding","subtype":"cp","subtypeDescription":"Conference Paper","source-id":"26432","openaccess":"0","openaccessFlag":false},{"@_fa": "true", "link": [{"@_fa": "true", "@ref": "self", "@href": "https://api.elsevier.com/content/abstract/scopus_id/0020230553"},{"@_fa": "true", "@ref": "author-affiliation", "@href": "https://api.elsevier.com/content/abstract/scopus_id/0020230553?field=author,affiliation"},{"@_fa": "true", "@ref": "scopus", "@href": "https://www.scopus.com/inward/record.uri?partnerID=HzOxMe3b&scp=0020230553&origin=inward"},{"@_fa": "true", "@ref": "scopus-citedby", "@href": "https://www.scopus.com/inward/citedby.uri?partnerID=HzOxMe3b&scp=0020230553&origin=inward"}],"prism:url":"https://api.elsevier.com/content/abstract/scopus_id/0020230553","dc:identifier":"SCOPUS_ID:0020230553","eid":"2-s2.0-0020230553","dc:title":"LINX.","dc:creator":"Lowell G.","prism:publicationName":"Proceedings of the ASIS Annual Meeting","prism:issn":"00447870","prism:isbn": [{"@_fa": "true", "$" :"0867290382"}],"prism:volume":"19","prism:pageRange":"388","prism:coverDate":"1982-12-01","prism:coverDisplayDate":"1982","citedby-count":"0","prism:aggregationType":"Conference Proceeding","subtype":"cp","subtypeDescription":"Conference Paper","source-id":"31428","openaccess":"0","openaccessFlag":false},{"@_fa": "true", "link": [{"@_fa": "true", "@ref": "self", "@href": "https://api.elsevier.com/content/abstract/scopus_id/0020233367"},{"@_fa": "true", "@ref": "author-affiliation", "@href": "https://api.elsevier.com/content/abstract/scopus_id/0020233367?field=author,affiliation"},{"@_fa": "true", "@ref": "scopus", "@href": "https://www.scopus.com/inward/record.uri?partnerID=HzOxMe3b&scp=0020233367&origin=inward"},{"@_fa": "true", "@ref": "scopus-citedby", "@href": "https://www.scopus.com/inward/citedby.uri?partnerID=HzOxMe3b&scp=0020233367&origin=inward"}],"prism:url":"https://api.elsevier.com/content/abstract/scopus_id/0020233367","dc:identifier":"SCOPUS_ID:0020233367","eid":"2-s2.0-0020233367","dc:title":"MICROCOMPUTER CUSTOMIZING OF PERMUTED INDEX DISPLAYS.","dc:creator":"Craven T.","prism:publicationName":"Proceedings of the ASIS Annual Meeting","prism:issn":"00447870","prism:isbn": [{"@_fa": "true", "$" :"0867290382"}],"prism:volume":"19","prism:pageRange":"63-65","prism:coverDate":"1982-12-01","prism:coverDisplayDate":"1982","citedby-count":"3","prism:aggregationType":"Conference Proceeding","subtype":"cp","subtypeDescription":"Conference Paper","source-id":"31428","openaccess":"0","openaccessFlag":false},{"@_fa": "true", "link": [{"@_fa": "true", "@ref": "self", "@href": "https://api.elsevier.com/content/abstract/scopus_id/0020239352"},{"@_fa": "true", "@ref": "author-affiliation", "@href": "https://api.elsevier.com/content/abstract/scopus_id/0020239352?field=author,affiliation"},{"@_fa": "true", "@ref": "scopus", "@href": "https://www.scopus.com/inward/record.uri?partnerID=HzOxMe3b&scp=0020239352&origin=inward"},{"@_fa": "true", "@ref": "scopus-citedby", "@href": "https://www.scopus.com/inward/citedby.uri?partnerID=HzOxMe3b&scp=0020239352&origin=inward"}],"prism:url":"https://api.elsevier.com/content/abstract/scopus_id/0020239352","dc:identifier":"SCOPUS_ID:0020239352","eid":"2-s2.0-0020239352","dc:title":"AMERICAN MEDICAL ASSOCIATION MEDICAL ELECTRONIC INFORMATION NETWORK.","dc:creator":"Roberts S.","prism:publicationName":"Proceedings of the ASIS Annual Meeting","prism:issn":"00447870","prism:isbn": [{"@_fa": "true", "$" :"0867290382"}],"prism:volume":"19","prism:pageRange":"245-246","prism:coverDate":"1982-12-01","prism:coverDisplayDate":"1982","citedby-count":"0","prism:aggregationType":"Conference Proceeding","subtype":"cp","subtypeDescription":"Conference Paper","source-id":"31428","openaccess":"0","openaccessFlag":false},{"@_fa": "true", "link": [{"@_fa": "true", "@ref": "self", "@href": "https://api.elsevier.com/content/abstract/scopus_id/0020229105"},{"@_fa": "true", "@ref": "author-affiliation", "@href": "https://api.elsevier.com/content/abstract/scopus_id/0020229105?field=author,affiliation"},{"@_fa": "true", "@ref": "scopus", "@href": "https://www.scopus.com/inward/record.uri?partnerID=HzOxMe3b&scp=0020229105&origin=inward"},{"@_fa": "true", "@ref": "scopus-citedby", "@href": "https://www.scopus.com/inward/citedby.uri?partnerID=HzOxMe3b&scp=0020229105&origin=inward"}],"prism:url":"https://api.elsevier.com/content/abstract/scopus_id/0020229105","dc:identifier":"SCOPUS_ID:0020229105","eid":"2-s2.0-0020229105","dc:title":"DEVELOPMENT OF SUPPORT FOR CHINESE, JAPANESE AND KOREAN VERNACULAR BIBLIOGRAPHIC DATA IN THE RESEARCH LIBRARIES INFORMATION NETWORK.","dc:creator":"Tucker A.","prism:publicationName":"Proceedings of the ASIS Annual Meeting","prism:issn":"00447870","prism:isbn": [{"@_fa": "true", "$" :"0867290382"}],"prism:volume":"19","prism:pageRange":"379-380","prism:coverDate":"1982-12-01","prism:coverDisplayDate":"1982","citedby-count":"0","prism:aggregationType":"Conference Proceeding","subtype":"cp","subtypeDescription":"Conference Paper","source-id":"31428","openaccess":"0","openaccessFlag":false},{"@_fa": "true", "link": [{"@_fa": "true", "@ref": "self", "@href": "https://api.elsevier.com/content/abstract/scopus_id/34447213086"},{"@_fa": "true", "@ref": "author-affiliation", "@href": "https://api.elsevier.com/content/abstract/scopus_id/34447213086?field=author,affiliation"},{"@_fa": "true", "@ref": "scopus", "@href": "https://www.scopus.com/inward/record.uri?partnerID=HzOxMe3b&scp=34447213086&origin=inward"},{"@_fa": "true", "@ref": "scopus-citedby", "@href": "https://www.scopus.com/inward/citedby.uri?partnerID=HzOxMe3b&scp=34447213086&origin=inward"}],"prism:url":"https://api.elsevier.com/content/abstract/scopus_id/34447213086","dc:identifier":"SCOPUS_ID:34447213086","eid":"2-s2.0-34447213086","dc:title":"Where is the community which cares?","dc:creator":"Clarke M.","prism:publicationName":"British Journal of Social Work","prism:issn":"00453102","prism:volume":"12","prism:issueIdentifier":"1","prism:pageRange":"453-469","prism:coverDate":"1982-12-01","prism:coverDisplayDate":"1982","citedby-count":"7","affiliation": [{"@_fa": "true", "affilname":"University of Birmingham","affiliation-city":"Birmingham","affiliation-country":"United Kingdom"}],"prism:aggregationType":"Journal","subtype":"ar","subtypeDescription":"Article","source-id":"28710","openaccess":"0","openaccessFlag":false},{"@_fa": "true", "link": [{"@_fa": "true", "@ref": "self", "@href": "https://api.elsevier.com/content/abstract/scopus_id/84976801764"},{"@_fa": "true", "@ref": "author-affiliation", "@href": "https://api.elsevier.com/content/abstract/scopus_id/84976801764?field=author,affiliation"},{"@_fa": "true", "@ref": "scopus", "@href": "https://www.scopus.com/inward/record.uri?partnerID=HzOxMe3b&scp=84976801764&origin=inward"},{"@_fa": "true", "@ref": "scopus-citedby", "@href": "https://www.scopus.com/inward/citedby.uri?partnerID=HzOxMe3b&scp=84976801764&origin=inward"}],"prism:url":"https://api.elsevier.com/content/abstract/scopus_id/84976801764","dc:identifier":"SCOPUS_ID:84976801764","eid":"2-s2.0-84976801764","dc:title":"Microcomputers","dc:creator":"Szalajka W.","prism:publicationName":"ACM SIGCSE Bulletin","prism:issn":"00978418","prism:volume":"14","prism:issueIdentifier":"4","prism:pageRange":"22-25","prism:coverDate":"1982-12-01","prism:coverDisplayDate":"1 December 1982","prism:doi":"10.1145/989386.989390","citedby-count":"0","prism:aggregationType":"Conference Proceeding","subtype":"ar","subtypeDescription":"Article","source-id":"36260","openaccess":"0","openaccessFlag":false},{"@_fa": "true", "link": [{"@_fa": "true", "@ref": "self", "@href": "https://api.elsevier.com/content/abstract/scopus_id/56249105886"},{"@_fa": "true", "@ref": "author-affiliation", "@href": "https://api.elsevier.com/content/abstract/scopus_id/56249105886?field=author,affiliation"},{"@_fa": "true", "@ref": "scopus", "@href": "https://www.scopus.com/inward/record.uri?partnerID=HzOxMe3b&scp=56249105886&origin=inward"},{"@_fa": "true", "@ref": "scopus-citedby", "@href": "https://www.scopus.com/inward/citedby.uri?partnerID=HzOxMe3b&scp=56249105886&origin=inward"}],"prism:url":"https://api.elsevier.com/content/abstract/scopus_id/56249105886","dc:identifier":"SCOPUS_ID:56249105886","eid":"2-s2.0-56249105886","dc:title":"Recent Australian experience with China and Southeast Asia","dc:creator":"Chan Y.","prism:publicationName":"Library Collections, Acquisition and Technical Services","prism:issn":"14649055","prism:volume":"6","prism:issueIdentifier":"2","prism:pageRange":"149-160","prism:coverDate":"1982-12-01","prism:coverDisplayDate":"1982","citedby-count":"1","prism:aggregationType":"Journal","subtype":"re","subtypeDescription":"Review","source-id":"13992","openaccess":"0","openaccessFlag":false},{"@_fa": "true", "link": [{"@_fa": "true", "@ref": "self", "@href": "https://api.elsevier.com/content/abstract/scopus_id/0020243372"},{"@_fa": "true", "@ref": "author-affiliation", "@href": "https://api.elsevier.com/content/abstract/scopus_id/0020243372?field=author,affiliation"},{"@_fa": "true", "@ref": "scopus", "@href": "https://www.scopus.com/inward/record.uri?partnerID=HzOxMe3b&scp=0020243372&origin=inward"},{"@_fa": "true", "@ref": "scopus-citedby", "@href": "https://www.scopus.com/inward/citedby.uri?partnerID=HzOxMe3b&scp=0020243372&origin=inward"}],"prism:url":"https://api.elsevier.com/content/abstract/scopus_id/0020243372","dc:identifier":"SCOPUS_ID:0020243372","eid":"2-s2.0-0020243372","dc:title":"ERROR ASSESSMENT OF AIRBORNE SNOW WATER EQUIVALENT MEASUREMENTS.","dc:creator":"Carroll T.","prism:publicationName":"Proceedings of The Western Snow Conference","prism:issn":"01610589","prism:pageRange":"200-203","prism:coverDate":"1982-12-01","prism:coverDisplayDate":"1982","citedby-count":"1","prism:aggregationType":"Conference Proceeding","subtype":"cp","subtypeDescription":"Conference Paper","source-id":"29727","openaccess":"0","openaccessFlag":false},{"@_fa": "true", "link": [{"@_fa": "true", "@ref": "self", "@href": "https://api.elsevier.com/content/abstract/scopus_id/84953158089"},{"@_fa": "true", "@ref": "author-affiliation", "@href": "https://api.elsevier.com/content/abstract/scopus_id/84953158089?field=author,affiliation"},{"@_fa": "true", "@ref": "scopus", "@href": "https://www.scopus.com/inward/record.uri?partnerID=HzOxMe3b&scp=84953158089&origin=inward"},{"@_fa": "true", "@ref": "scopus-citedby", "@href": "https://www.scopus.com/inward/citedby.uri?partnerID=HzOxMe3b&scp=84953158089&origin=inward"}],"prism:url":"https://api.elsevier.com/content/abstract/scopus_id/84953158089","dc:identifier":"SCOPUS_ID:84953158089","eid":"2-s2.0-84953158089","dc:title":"School library participation in regional multi type networks: Myth and reality","dc:creator":"Welch J.","prism:publicationName":"Public Library Quarterly","prism:issn":"01616846","prism:eIssn":"15411540","prism:volume":"3","prism:issueIdentifier":"4","prism:pageRange":"49-55","prism:coverDate":"1982-12-01","prism:coverDisplayDate":"1 December 1982","prism:doi":"10.1300/J118v03n04_06","citedby-count":"1","prism:aggregationType":"Journal","subtype":"ar","subtypeDescription":"Article","source-id":"4700152731","openaccess":"0","openaccessFlag":false},{"@_fa": "true", "link": [{"@_fa": "true", "@ref": "self", "@href": "https://api.elsevier.com/content/abstract/scopus_id/55249108324"},{"@_fa": "true", "@ref": "author-affiliation", "@href": "https://api.elsevier.com/content/abstract/scopus_id/55249108324?field=author,affiliation"},{"@_fa": "true", "@ref": "scopus", "@href": "https://www.scopus.com/inward/record.uri?partnerID=HzOxMe3b&scp=55249108324&origin=inward"},{"@_fa": "true", "@ref": "scopus-citedby", "@href": "https://www.scopus.com/inward/citedby.uri?partnerID=HzOxMe3b&scp=55249108324&origin=inward"}],"prism:url":"https://api.elsevier.com/content/abstract/scopus_id/55249108324","dc:identifier":"SCOPUS_ID:55249108324","eid":"2-s2.0-55249108324","dc:title":"Evaluation of alternative microcomputer systems for retrieval of scientific references","dc:creator":"Davis R.","prism:publicationName":"Online Information Review","prism:issn":"14684527","prism:volume":"6","prism:issueIdentifier":"6","prism:pageRange":"539-544","prism:coverDate":"1982-12-01","prism:coverDisplayDate":"December 1982","citedby-count":"0","prism:aggregationType":"Journal","subtype":"re","subtypeDescription":"Review","source-id":"15386","openaccess":"0","openaccessFlag":false},{"@_fa": "true", "link": [{"@_fa": "true", "@ref": "self", "@href": "https://api.elsevier.com/content/abstract/scopus_id/34247927493"},{"@_fa": "true", "@ref": "author-affiliation", "@href": "https://api.elsevier.com/content/abstract/scopus_id/34247927493?field=author,affiliation"},{"@_fa": "true", "@ref": "scopus", "@href": "https://www.scopus.com/inward/record.uri?partnerID=HzOxMe3b&scp=34247927493&origin=inward"},{"@_fa": "true", "@ref": "scopus-citedby", "@href": "https://www.scopus.com/inward/citedby.uri?partnerID=HzOxMe3b&scp=34247927493&origin=inward"}],"prism:url":"https://api.elsevier.com/content/abstract/scopus_id/34247927493","dc:identifier":"SCOPUS_ID:34247927493","eid":"2-s2.0-34247927493","dc:title":"A multi-level, bipolar view of the urban residential environment: Local community vs. mass societal forces","dc:creator":"Mindick B.","prism:publicationName":"Population and Environment","prism:issn":"01990039","prism:eIssn":"15737810","prism:volume":"5","prism:issueIdentifier":"4","prism:pageRange":"221-241","prism:coverDate":"1982-12-01","prism:coverDisplayDate":"December 1982","prism:doi":"10.1007/BF01257072","citedby-count":"0","affiliation": [{"@_fa": "true", "affilname":"Cornell University","affiliation-city":"Ithaca","affiliation-country":"United States"}],"prism:aggregationType":"Journal","subtype":"ar","subtypeDescription":"Article","source-id":"12828","openaccess":"0","openaccessFlag":false},{"@_fa": "true", "link": [{"@_fa": "true", "@ref": "self", "@href": "https://api.elsevier.com/content/abstract/scopus_id/84953100631"},{"@_fa": "true", "@ref": "author-affiliation", "@href": "https://api.elsevier.com/content/abstract/scopus_id/84953100631?field=author,affiliation"},{"@_fa": "true", "@ref": "scopus", "@href": "https://www.scopus.com/inward/record.uri?partnerID=HzOxMe3b&scp=84953100631&origin=inward"},{"@_fa": "true", "@ref": "scopus-citedby", "@href": "https://www.scopus.com/inward/citedby.uri?partnerID=HzOxMe3b&scp=84953100631&origin=inward"}],"prism:url":"https://api.elsevier.com/content/abstract/scopus_id/84953100631","dc:identifier":"SCOPUS_ID:84953100631","eid":"2-s2.0-84953100631","dc:title":"Online reference services in community hospitals development and management","dc:creator":"Teich S.","prism:publicationName":"Medical Reference Services Quarterly","prism:issn":"02763869","prism:eIssn":"15409597","prism:volume":"1","prism:issueIdentifier":"3","prism:pageRange":"1-11","prism:coverDate":"1982-11-20","prism:coverDisplayDate":"20 November 1982","prism:doi":"10.1300/J115v01n03_01","citedby-count":"0","affiliation": [{"@_fa": "true", "affilname":"Oregon Health and Science University","affiliation-city":"Portland","affiliation-country":"United States"}],"prism:aggregationType":"Journal","subtype":"ar","subtypeDescription":"Article","source-id":"14721","openaccess":"0","openaccessFlag":false},{"@_fa": "true", "link": [{"@_fa": "true", "@ref": "self", "@href": "https://api.elsevier.com/content/abstract/scopus_id/85051362134"},{"@_fa": "true", "@ref": "author-affiliation", "@href": "https://api.elsevier.com/content/abstract/scopus_id/85051362134?field=author,affiliation"},{"@_fa": "true", "@ref": "scopus", "@href": "https://www.scopus.com/inward/record.uri?partnerID=HzOxMe3b&scp=85051362134&origin=inward"},{"@_fa": "true", "@ref": "scopus-citedby", "@href": "https://www.scopus.com/inward/citedby.uri?partnerID=HzOxMe3b&scp=85051362134&origin=inward"}],"prism:url":"https://api.elsevier.com/content/abstract/scopus_id/85051362134","dc:identifier":"SCOPUS_ID:85051362134","eid":"2-s2.0-85051362134","dc:title":"Changing support services in the university system of Georgia computer network","dc:creator":"Argo R.","prism:publicationName":"Proceedings ACM SIGUCCS User Services Conference","prism:isbn": [{"@_fa": "true", "$" :"0897910885"}],"prism:pageRange":"45-50","prism:coverDate":"1982-11-10","prism:coverDisplayDate":"10 November 1982","prism:doi":"10.1145/800067.802099","citedby-count":"0","affiliation": [{"@_fa": "true", "affilname":"The University of Georgia","affiliation-city":"Athens","affiliation-country":"United States"}],"prism:aggregationType":"Conference Proceeding","subtype":"cp","subtypeDescription":"Conference Paper","source-id":"21100872354","openaccess":"0","openaccessFlag":false}]}}