{"search-results":{"opensearch:totalResults":"22","opensearch:startIndex":"0","opensearch:itemsPerPage":"22","opensearch:Query":{"@role": "request", "@searchTerms": "TITLE-ABS-KEY(\"network\") AND SUBJAREA(SOCI) AND PUBYEAR = 1966", "@startPage": "0"},"link": [{"@_fa": "true", "@ref": "self", "@href": "https://api.elsevier.com/content/search/scopus?start=0&count=25&query=TITLE-ABS-KEY%28%22network%22%29+AND+SUBJAREA%28SOCI%29+AND+PUBYEAR+%3D+1966&apiKey=27d953b4b546791964ebeb768d13e61f&view=STANDARD", "@type": "application/json"},{"@_fa": "true", "@ref": "first", "@href": "https://api.elsevier.com/content/search/scopus?start=0&count=25&query=TITLE-ABS-KEY%28%22network%22%29+AND+SUBJAREA%28SOCI%29+AND+PUBYEAR+%3D+1966&apiKey=27d953b4b546791964ebeb768d13e61f&view=STANDARD", "@type": "application/json"}],"entry": [{"@_fa": "true", "link": [{"@_fa": "true", "@ref": "self", "@href": "https://api.elsevier.com/content/abstract/scopus_id/84981574020"},{"@_fa": "true", "@ref": "author-affiliation", "@href": "https://api.elsevier.com/content/abstract/scopus_id/84981574020?field=author,affiliation"},{"@_fa": "true", "@ref": "scopus", "@href": "https://www.scopus.com/inward/record.uri?partnerID=HzOxMe3b&scp=84981574020&origin=inward"},{"@_fa": "true", "@ref": "scopus-citedby", "@href": "https://www.scopus.com/inward/citedby.uri?partnerID=HzOxMe3b&scp=84981574020&origin=inward"}],"prism:url":"https://api.elsevier.com/content/abstract/scopus_id/84981574020","dc:identifier":"SCOPUS_ID:84981574020","eid":"2-s2.0-84981574020","dc:title":"Toward a cooperative network of time-shared computers","dc:creator":"Marill T.","prism:publicationName":"AFIPS Conference Proceedings - 1966 Fall Joint Computer Conference, AFIPS 1966","prism:pageRange":"425-431","prism:coverDate":"1966-11-07","prism:coverDisplayDate":"7 November 1966","citedby-count":"24","affiliation": [{"@_fa": "true", "affilname":"Computer Corporation of America","affiliation-city":"Cambridge","affiliation-country":"United States"}],"prism:aggregationType":"Conference Proceeding","subtype":"cp","subtypeDescription":"Conference Paper","source-id":"21100897125","openaccess":"0","openaccessFlag":false},{"@_fa": "true", "link": [{"@_fa": "true", "@ref": "self", "@href": "https://api.elsevier.com/content/abstract/scopus_id/85061048440"},{"@_fa": "true", "@ref": "author-affiliation", "@href": "https://api.elsevier.com/content/abstract/scopus_id/85061048440?field=author,affiliation"},{"@_fa": "true", "@ref": "scopus", "@href": "https://www.scopus.com/inward/record.uri?partnerID=HzOxMe3b&scp=85061048440&origin=inward"},{"@_fa": "true", "@ref": "scopus-citedby", "@href": "https://www.scopus.com/inward/citedby.uri?partnerID=HzOxMe3b&scp=85061048440&origin=inward"}],"prism:url":"https://api.elsevier.com/content/abstract/scopus_id/85061048440","dc:identifier":"SCOPUS_ID:85061048440","eid":"2-s2.0-85061048440","dc:title":"Some problems in data communications between the user and the computer","dc:creator":"Hittel L.","prism:publicationName":"AFIPS Conference Proceedings - 1966 Fall Joint Computer Conference, AFIPS 1966","prism:pageRange":"395-402","prism:coverDate":"1966-11-07","prism:coverDisplayDate":"7 November 1966","citedby-count":"0","affiliation": [{"@_fa": "true", "affilname":"General Electric Company","affiliation-city":"Fairfield","affiliation-country":"United States"}],"prism:aggregationType":"Conference Proceeding","subtype":"cp","subtypeDescription":"Conference Paper","source-id":"21100897125","openaccess":"0","openaccessFlag":false},{"@_fa": "true", "link": [{"@_fa": "true", "@ref": "self", "@href": "https://api.elsevier.com/content/abstract/scopus_id/33947334505"},{"@_fa": "true", "@ref": "author-affiliation", "@href": "https://api.elsevier.com/content/abstract/scopus_id/33947334505?field=author,affiliation"},{"@_fa": "true", "@ref": "scopus", "@href": "https://www.scopus.com/inward/record.uri?partnerID=HzOxMe3b&scp=33947334505&origin=inward"},{"@_fa": "true", "@ref": "scopus-citedby", "@href": "https://www.scopus.com/inward/citedby.uri?partnerID=HzOxMe3b&scp=33947334505&origin=inward"}],"prism:url":"https://api.elsevier.com/content/abstract/scopus_id/33947334505","dc:identifier":"SCOPUS_ID:33947334505","eid":"2-s2.0-33947334505","dc:title":"Symposium on Problems of Small Information Groups: Introductory Remarks","dc:creator":"Henderson M.","prism:publicationName":"Journal of Chemical Documentation","prism:issn":"00219576","prism:volume":"6","prism:issueIdentifier":"3","prism:pageRange":"143","prism:coverDate":"1966-08-01","prism:coverDisplayDate":"1 August 1966","prism:doi":"10.1021/c160022a007","citedby-count":"0","affiliation": [{"@_fa": "true", "affilname":"National Institute of Standards and Technology","affiliation-city":"Gaithersburg","affiliation-country":"United States"}],"prism:aggregationType":"Journal","subtype":"ar","subtypeDescription":"Article","source-id":"42042","openaccess":"0","openaccessFlag":false},{"@_fa": "true", "link": [{"@_fa": "true", "@ref": "self", "@href": "https://api.elsevier.com/content/abstract/scopus_id/34250533492"},{"@_fa": "true", "@ref": "author-affiliation", "@href": "https://api.elsevier.com/content/abstract/scopus_id/34250533492?field=author,affiliation"},{"@_fa": "true", "@ref": "scopus", "@href": "https://www.scopus.com/inward/record.uri?partnerID=HzOxMe3b&scp=34250533492&origin=inward"},{"@_fa": "true", "@ref": "scopus-citedby", "@href": "https://www.scopus.com/inward/citedby.uri?partnerID=HzOxMe3b&scp=34250533492&origin=inward"}],"prism:url":"https://api.elsevier.com/content/abstract/scopus_id/34250533492","dc:identifier":"SCOPUS_ID:34250533492","eid":"2-s2.0-34250533492","dc:title":"Plans for an electronic communications network","prism:publicationName":"International Review of Education","prism:issn":"00208566","prism:eIssn":"15730638","prism:volume":"12","prism:issueIdentifier":"2","prism:pageRange":"219-220","prism:coverDate":"1966-06-01","prism:coverDisplayDate":"June 1966","prism:doi":"10.1007/BF01416220","citedby-count":"0","prism:aggregationType":"Journal","subtype":"ar","subtypeDescription":"Article","source-id":"12695","openaccess":"0","openaccessFlag":false},{"@_fa": "true", "link": [{"@_fa": "true", "@ref": "self", "@href": "https://api.elsevier.com/content/abstract/scopus_id/33646686030"},{"@_fa": "true", "@ref": "author-affiliation", "@href": "https://api.elsevier.com/content/abstract/scopus_id/33646686030?field=author,affiliation"},{"@_fa": "true", "@ref": "scopus", "@href": "https://www.scopus.com/inward/record.uri?partnerID=HzOxMe3b&scp=33646686030&origin=inward"},{"@_fa": "true", "@ref": "scopus-citedby", "@href": "https://www.scopus.com/inward/citedby.uri?partnerID=HzOxMe3b&scp=33646686030&origin=inward"}],"prism:url":"https://api.elsevier.com/content/abstract/scopus_id/33646686030","dc:identifier":"SCOPUS_ID:33646686030","eid":"2-s2.0-33646686030","dc:title":"Social networks and conjugal roles: A test of bott's hypothesis","dc:creator":"Aldous J.","prism:publicationName":"Social Forces","prism:issn":"00377732","prism:eIssn":"15347605","prism:volume":"44","prism:issueIdentifier":"4","prism:pageRange":"576","prism:coverDate":"1966-06-01","prism:coverDisplayDate":"1 June 1966","prism:doi":"10.1093/sf/44.4.573","citedby-count":"18","affiliation": [{"@_fa": "true", "affilname":"University of Minnesota System","affiliation-city":null,"affiliation-country":"United States"}],"prism:aggregationType":"Journal","subtype":"ar","subtypeDescription":"Article","source-id":"17530","openaccess":"0","openaccessFlag":false},{"@_fa": "true", "link": [{"@_fa": "true", "@ref": "self", "@href": "https://api.elsevier.com/content/abstract/scopus_id/0013918676"},{"@_fa": "true", "@ref": "author-affiliation", "@href": "https://api.elsevier.com/content/abstract/scopus_id/0013918676?field=author,affiliation"},{"@_fa": "true", "@ref": "scopus", "@href": "https://www.scopus.com/inward/record.uri?partnerID=HzOxMe3b&scp=0013918676&origin=inward"},{"@_fa": "true", "@ref": "scopus-citedby", "@href": "https://www.scopus.com/inward/citedby.uri?partnerID=HzOxMe3b&scp=0013918676&origin=inward"}],"prism:url":"https://api.elsevier.com/content/abstract/scopus_id/0013918676","dc:identifier":"SCOPUS_ID:0013918676","eid":"2-s2.0-0013918676","dc:title":"The information theoretic entropy function as a total expected participation index for communication network experiments","dc:creator":"Mackenzie K.","prism:publicationName":"Psychometrika","prism:issn":"00333123","prism:eIssn":"18600980","prism:volume":"31","prism:issueIdentifier":"2","prism:pageRange":"249-254","prism:coverDate":"1966-06-01","prism:coverDisplayDate":"June 1966","prism:doi":"10.1007/BF02289511","citedby-count":"13","pubmed-id":"5222211","prism:aggregationType":"Journal","subtype":"ar","subtypeDescription":"Article","source-id":"14061","openaccess":"0","openaccessFlag":false},{"@_fa": "true", "link": [{"@_fa": "true", "@ref": "self", "@href": "https://api.elsevier.com/content/abstract/scopus_id/84949335530"},{"@_fa": "true", "@ref": "author-affiliation", "@href": "https://api.elsevier.com/content/abstract/scopus_id/84949335530?field=author,affiliation"},{"@_fa": "true", "@ref": "scopus", "@href": "https://www.scopus.com/inward/record.uri?partnerID=HzOxMe3b&scp=84949335530&origin=inward"},{"@_fa": "true", "@ref": "scopus-citedby", "@href": "https://www.scopus.com/inward/citedby.uri?partnerID=HzOxMe3b&scp=84949335530&origin=inward"}],"prism:url":"https://api.elsevier.com/content/abstract/scopus_id/84949335530","dc:identifier":"SCOPUS_ID:84949335530","eid":"2-s2.0-84949335530","dc:title":"Manufacturing in the american mercantile city: 1800–1840","dc:creator":"Pred A.","prism:publicationName":"Annals of the Association of American Geographers","prism:issn":"00045608","prism:eIssn":"14678306","prism:volume":"56","prism:issueIdentifier":"2","prism:pageRange":"307-338","prism:coverDate":"1966-06-01","prism:coverDisplayDate":"1 June 1966","prism:doi":"10.1111/j.1467-8306.1966.tb00560.x","citedby-count":"17","affiliation": [{"@_fa": "true", "affilname":"University of California, Berkeley","affiliation-city":"Berkeley","affiliation-country":"United States"}],"prism:aggregationType":"Journal","subtype":"ar","subtypeDescription":"Article","source-id":"27492","openaccess":"0","openaccessFlag":false},{"@_fa": "true", "link": [{"@_fa": "true", "@ref": "self", "@href": "https://api.elsevier.com/content/abstract/scopus_id/84976655226"},{"@_fa": "true", "@ref": "author-affiliation", "@href": "https://api.elsevier.com/content/abstract/scopus_id/84976655226?field=author,affiliation"},{"@_fa": "true", "@ref": "scopus", "@href": "https://www.scopus.com/inward/record.uri?partnerID=HzOxMe3b&scp=84976655226&origin=inward"},{"@_fa": "true", "@ref": "scopus-citedby", "@href": "https://www.scopus.com/inward/citedby.uri?partnerID=HzOxMe3b&scp=84976655226&origin=inward"}],"prism:url":"https://api.elsevier.com/content/abstract/scopus_id/84976655226","dc:identifier":"SCOPUS_ID:84976655226","eid":"2-s2.0-84976655226","dc:title":"A pattern recognition technique and its application to high-resolution imagery","dc:creator":"Joseph R.","prism:publicationName":"AFIPS Conference Proceedings - 1966 Spring Joint Computer Conference, AFIPS 1966","prism:pageRange":"457-475","prism:coverDate":"1966-04-26","prism:coverDisplayDate":"26 April 1966","citedby-count":"1","affiliation": [{"@_fa": "true", "affilname":"Boeing Corporation","affiliation-city":"Chicago","affiliation-country":"United States"}],"prism:aggregationType":"Conference Proceeding","subtype":"cp","subtypeDescription":"Conference Paper","source-id":"21100897213","openaccess":"0","openaccessFlag":false},{"@_fa": "true", "link": [{"@_fa": "true", "@ref": "self", "@href": "https://api.elsevier.com/content/abstract/scopus_id/84941488328"},{"@_fa": "true", "@ref": "author-affiliation", "@href": "https://api.elsevier.com/content/abstract/scopus_id/84941488328?field=author,affiliation"},{"@_fa": "true", "@ref": "scopus", "@href": "https://www.scopus.com/inward/record.uri?partnerID=HzOxMe3b&scp=84941488328&origin=inward"},{"@_fa": "true", "@ref": "scopus-citedby", "@href": "https://www.scopus.com/inward/citedby.uri?partnerID=HzOxMe3b&scp=84941488328&origin=inward"}],"prism:url":"https://api.elsevier.com/content/abstract/scopus_id/84941488328","dc:identifier":"SCOPUS_ID:84941488328","eid":"2-s2.0-84941488328","dc:title":"Simulation of logical decision networks of time-delay elements by means of a general-purpose digital computer","dc:creator":"Chang Y.","prism:publicationName":"AFIPS Conference Proceedings - 1966 Spring Joint Computer Conference, AFIPS 1966","prism:pageRange":"113-126","prism:coverDate":"1966-04-26","prism:coverDisplayDate":"26 April 1966","citedby-count":"1","affiliation": [{"@_fa": "true", "affilname":"Space and Information Systems Division","affiliation-city":"Downey","affiliation-country":"United States"}],"prism:aggregationType":"Conference Proceeding","subtype":"cp","subtypeDescription":"Conference Paper","source-id":"21100897213","openaccess":"0","openaccessFlag":false},{"@_fa": "true", "link": [{"@_fa": "true", "@ref": "self", "@href": "https://api.elsevier.com/content/abstract/scopus_id/0002111652"},{"@_fa": "true", "@ref": "author-affiliation", "@href": "https://api.elsevier.com/content/abstract/scopus_id/0002111652?field=author,affiliation"},{"@_fa": "true", "@ref": "scopus", "@href": "https://www.scopus.com/inward/record.uri?partnerID=HzOxMe3b&scp=0002111652&origin=inward"},{"@_fa": "true", "@ref": "scopus-citedby", "@href": "https://www.scopus.com/inward/citedby.uri?partnerID=HzOxMe3b&scp=0002111652&origin=inward"}],"prism:url":"https://api.elsevier.com/content/abstract/scopus_id/0002111652","dc:identifier":"SCOPUS_ID:0002111652","eid":"2-s2.0-0002111652","dc:title":"Structural centrality in communications networks","dc:creator":"Mackenzie K.","prism:publicationName":"Psychometrika","prism:issn":"00333123","prism:eIssn":"18600980","prism:volume":"31","prism:issueIdentifier":"1","prism:pageRange":"17-25","prism:coverDate":"1966-03-01","prism:coverDisplayDate":"March 1966","prism:doi":"10.1007/BF02289453","citedby-count":"57","prism:aggregationType":"Journal","subtype":"ar","subtypeDescription":"Article","source-id":"14061","openaccess":"0","openaccessFlag":false},{"@_fa": "true", "link": [{"@_fa": "true", "@ref": "self", "@href": "https://api.elsevier.com/content/abstract/scopus_id/33947333188"},{"@_fa": "true", "@ref": "author-affiliation", "@href": "https://api.elsevier.com/content/abstract/scopus_id/33947333188?field=author,affiliation"},{"@_fa": "true", "@ref": "scopus", "@href": "https://www.scopus.com/inward/record.uri?partnerID=HzOxMe3b&scp=33947333188&origin=inward"},{"@_fa": "true", "@ref": "scopus-citedby", "@href": "https://www.scopus.com/inward/citedby.uri?partnerID=HzOxMe3b&scp=33947333188&origin=inward"}],"prism:url":"https://api.elsevier.com/content/abstract/scopus_id/33947333188","dc:identifier":"SCOPUS_ID:33947333188","eid":"2-s2.0-33947333188","dc:title":"A Network of Chemical Information Handling","dc:creator":"Hager G.","prism:publicationName":"Journal of Chemical Documentation","prism:issn":"00219576","prism:volume":"6","prism:issueIdentifier":"1","prism:pageRange":"7-9","prism:coverDate":"1966-02-01","prism:coverDisplayDate":"1 February 1966","prism:doi":"10.1021/c160020a003","citedby-count":"0","affiliation": [{"@_fa": "true", "affilname":"University of Minnesota Twin Cities","affiliation-city":"Minneapolis","affiliation-country":"United States"}],"prism:aggregationType":"Journal","subtype":"ar","subtypeDescription":"Article","source-id":"42042","openaccess":"0","openaccessFlag":false},{"@_fa": "true", "link": [{"@_fa": "true", "@ref": "self", "@href": "https://api.elsevier.com/content/abstract/scopus_id/84946636560"},{"@_fa": "true", "@ref": "author-affiliation", "@href": "https://api.elsevier.com/content/abstract/scopus_id/84946636560?field=author,affiliation"},{"@_fa": "true", "@ref": "scopus", "@href": "https://www.scopus.com/inward/record.uri?partnerID=HzOxMe3b&scp=84946636560&origin=inward"},{"@_fa": "true", "@ref": "scopus-citedby", "@href": "https://www.scopus.com/inward/citedby.uri?partnerID=HzOxMe3b&scp=84946636560&origin=inward"}],"prism:url":"https://api.elsevier.com/content/abstract/scopus_id/84946636560","dc:identifier":"SCOPUS_ID:84946636560","eid":"2-s2.0-84946636560","dc:title":"Integration On Network Tv Shows: Fall, 1966","dc:creator":"Brown L.","prism:publicationName":"Equity and Excellence in Education","prism:issn":"10665684","prism:eIssn":"15473457","prism:volume":"4","prism:issueIdentifier":"5","prism:pageRange":"47-48","prism:coverDate":"1966-01-01","prism:coverDisplayDate":"October-November 1966","prism:doi":"10.1080/0020486660040509","citedby-count":"0","prism:aggregationType":"Journal","subtype":"ar","subtypeDescription":"Article","source-id":"5600153363","openaccess":"0","openaccessFlag":false},{"@_fa": "true", "link": [{"@_fa": "true", "@ref": "self", "@href": "https://api.elsevier.com/content/abstract/scopus_id/84964103087"},{"@_fa": "true", "@ref": "author-affiliation", "@href": "https://api.elsevier.com/content/abstract/scopus_id/84964103087?field=author,affiliation"},{"@_fa": "true", "@ref": "scopus", "@href": "https://www.scopus.com/inward/record.uri?partnerID=HzOxMe3b&scp=84964103087&origin=inward"},{"@_fa": "true", "@ref": "scopus-citedby", "@href": "https://www.scopus.com/inward/citedby.uri?partnerID=HzOxMe3b&scp=84964103087&origin=inward"}],"prism:url":"https://api.elsevier.com/content/abstract/scopus_id/84964103087","dc:identifier":"SCOPUS_ID:84964103087","eid":"2-s2.0-84964103087","dc:title":"TV on a Regional Basis: The Eastern Educational Network","dc:creator":"Biggy M.","prism:publicationName":"NASSP Bulletin","prism:issn":"01926365","prism:eIssn":"19301405","prism:volume":"50","prism:issueIdentifier":"312","prism:pageRange":"144-147","prism:coverDate":"1966-01-01","prism:coverDisplayDate":"October 1966","prism:doi":"10.1177/019263656605031229","citedby-count":"0","prism:aggregationType":"Journal","subtype":"ar","subtypeDescription":"Article","source-id":"18700156723","openaccess":"0","openaccessFlag":false},{"@_fa": "true", "link": [{"@_fa": "true", "@ref": "self", "@href": "https://api.elsevier.com/content/abstract/scopus_id/84963057549"},{"@_fa": "true", "@ref": "author-affiliation", "@href": "https://api.elsevier.com/content/abstract/scopus_id/84963057549?field=author,affiliation"},{"@_fa": "true", "@ref": "scopus", "@href": "https://www.scopus.com/inward/record.uri?partnerID=HzOxMe3b&scp=84963057549&origin=inward"},{"@_fa": "true", "@ref": "scopus-citedby", "@href": "https://www.scopus.com/inward/citedby.uri?partnerID=HzOxMe3b&scp=84963057549&origin=inward"}],"prism:url":"https://api.elsevier.com/content/abstract/scopus_id/84963057549","dc:identifier":"SCOPUS_ID:84963057549","eid":"2-s2.0-84963057549","dc:title":"Social participation and social structure","dc:creator":"Katz F.","prism:publicationName":"Social Forces","prism:issn":"00377732","prism:eIssn":"15347605","prism:volume":"45","prism:issueIdentifier":"2","prism:pageRange":"139","prism:coverDate":"1966-01-01","prism:coverDisplayDate":"December 1966","prism:doi":"10.2307/2574389","citedby-count":"1","affiliation": [{"@_fa": "true", "affilname":"University at Buffalo, State University of New York","affiliation-city":"Buffalo","affiliation-country":"United States"}],"prism:aggregationType":"Journal","subtype":"ar","subtypeDescription":"Article","source-id":"17530","openaccess":"0","openaccessFlag":false},{"@_fa": "true", "link": [{"@_fa": "true", "@ref": "self", "@href": "https://api.elsevier.com/content/abstract/scopus_id/33747154840"},{"@_fa": "true", "@ref": "author-affiliation", "@href": "https://api.elsevier.com/content/abstract/scopus_id/33747154840?field=author,affiliation"},{"@_fa": "true", "@ref": "scopus", "@href": "https://www.scopus.com/inward/record.uri?partnerID=HzOxMe3b&scp=33747154840&origin=inward"},{"@_fa": "true", "@ref": "scopus-citedby", "@href": "https://www.scopus.com/inward/citedby.uri?partnerID=HzOxMe3b&scp=33747154840&origin=inward"}],"prism:url":"https://api.elsevier.com/content/abstract/scopus_id/33747154840","dc:identifier":"SCOPUS_ID:33747154840","eid":"2-s2.0-33747154840","dc:title":"Social participation and social structure","dc:creator":"Katz F.","prism:publicationName":"Social Forces","prism:issn":"00377732","prism:eIssn":"15347605","prism:volume":"45","prism:issueIdentifier":"2","prism:pageRange":"199-210","prism:coverDate":"1966-01-01","prism:coverDisplayDate":"December 1966","prism:doi":"10.2307/2574390","citedby-count":"7","affiliation": [{"@_fa": "true", "affilname":"University at Buffalo, State University of New York","affiliation-city":"Buffalo","affiliation-country":"United States"}],"prism:aggregationType":"Journal","subtype":"ar","subtypeDescription":"Article","source-id":"17530","openaccess":"0","openaccessFlag":false},{"@_fa": "true", "link": [{"@_fa": "true", "@ref": "self", "@href": "https://api.elsevier.com/content/abstract/scopus_id/15644377439"},{"@_fa": "true", "@ref": "author-affiliation", "@href": "https://api.elsevier.com/content/abstract/scopus_id/15644377439?field=author,affiliation"},{"@_fa": "true", "@ref": "scopus", "@href": "https://www.scopus.com/inward/record.uri?partnerID=HzOxMe3b&scp=15644377439&origin=inward"},{"@_fa": "true", "@ref": "scopus-citedby", "@href": "https://www.scopus.com/inward/citedby.uri?partnerID=HzOxMe3b&scp=15644377439&origin=inward"}],"prism:url":"https://api.elsevier.com/content/abstract/scopus_id/15644377439","dc:identifier":"SCOPUS_ID:15644377439","eid":"2-s2.0-15644377439","dc:title":"Effect of role network pressure on an alcoholic's approach to treatment","dc:creator":"Finlay D.","prism:publicationName":"Social Work (United States)","prism:issn":"00378046","prism:eIssn":"15456846","prism:volume":"11","prism:issueIdentifier":"4","prism:pageRange":"71-77","prism:coverDate":"1966-01-01","prism:coverDisplayDate":"1966","prism:doi":"10.1093/sw/11.4.71","citedby-count":"10","prism:aggregationType":"Journal","subtype":"ar","subtypeDescription":"Article","source-id":"19600163400","openaccess":"0","openaccessFlag":false},{"@_fa": "true", "link": [{"@_fa": "true", "@ref": "self", "@href": "https://api.elsevier.com/content/abstract/scopus_id/84930555980"},{"@_fa": "true", "@ref": "author-affiliation", "@href": "https://api.elsevier.com/content/abstract/scopus_id/84930555980?field=author,affiliation"},{"@_fa": "true", "@ref": "scopus", "@href": "https://www.scopus.com/inward/record.uri?partnerID=HzOxMe3b&scp=84930555980&origin=inward"},{"@_fa": "true", "@ref": "scopus-citedby", "@href": "https://www.scopus.com/inward/citedby.uri?partnerID=HzOxMe3b&scp=84930555980&origin=inward"}],"prism:url":"https://api.elsevier.com/content/abstract/scopus_id/84930555980","dc:identifier":"SCOPUS_ID:84930555980","eid":"2-s2.0-84930555980","dc:title":"Several Methods for the Evaluationof Transient Response","dc:creator":"CARROLL C.","prism:publicationName":"IEEE Transactions on Education","prism:issn":"00189359","prism:eIssn":"15579638","prism:volume":"E-9","prism:issueIdentifier":"4","prism:pageRange":"206-209","prism:coverDate":"1966-01-01","prism:coverDisplayDate":"DECEMBER 1966","prism:doi":"10.1109/TE.1966.4321990","citedby-count":"1","affiliation": [{"@_fa": "true", "affilname":"Auburn University","affiliation-city":"Auburn","affiliation-country":"United States"}],"prism:aggregationType":"Journal","subtype":"ar","subtypeDescription":"Article","source-id":"17344","openaccess":"0","openaccessFlag":false},{"@_fa": "true", "link": [{"@_fa": "true", "@ref": "self", "@href": "https://api.elsevier.com/content/abstract/scopus_id/78751615196"},{"@_fa": "true", "@ref": "author-affiliation", "@href": "https://api.elsevier.com/content/abstract/scopus_id/78751615196?field=author,affiliation"},{"@_fa": "true", "@ref": "scopus", "@href": "https://www.scopus.com/inward/record.uri?partnerID=HzOxMe3b&scp=78751615196&origin=inward"},{"@_fa": "true", "@ref": "scopus-citedby", "@href": "https://www.scopus.com/inward/citedby.uri?partnerID=HzOxMe3b&scp=78751615196&origin=inward"}],"prism:url":"https://api.elsevier.com/content/abstract/scopus_id/78751615196","dc:identifier":"SCOPUS_ID:78751615196","eid":"2-s2.0-78751615196","dc:title":"Capable dropouts and the social milieu of the high school","dc:creator":"Elliott D.","prism:publicationName":"Journal of Educational Research","prism:issn":"00220671","prism:eIssn":"19400675","prism:volume":"60","prism:issueIdentifier":"4","prism:pageRange":"180-186","prism:coverDate":"1966-01-01","prism:coverDisplayDate":"December 1966","prism:doi":"10.1080/00220671.1966.10883467","citedby-count":"12","affiliation": [{"@_fa": "true", "affilname":"San Diego State University","affiliation-city":"San Diego","affiliation-country":"United States"}],"prism:aggregationType":"Journal","subtype":"ar","subtypeDescription":"Article","source-id":"12809","openaccess":"0","openaccessFlag":false},{"@_fa": "true", "link": [{"@_fa": "true", "@ref": "self", "@href": "https://api.elsevier.com/content/abstract/scopus_id/34247968441"},{"@_fa": "true", "@ref": "author-affiliation", "@href": "https://api.elsevier.com/content/abstract/scopus_id/34247968441?field=author,affiliation"},{"@_fa": "true", "@ref": "scopus", "@href": "https://www.scopus.com/inward/record.uri?partnerID=HzOxMe3b&scp=34247968441&origin=inward"},{"@_fa": "true", "@ref": "scopus-citedby", "@href": "https://www.scopus.com/inward/citedby.uri?partnerID=HzOxMe3b&scp=34247968441&origin=inward"}],"prism:url":"https://api.elsevier.com/content/abstract/scopus_id/34247968441","dc:identifier":"SCOPUS_ID:34247968441","eid":"2-s2.0-34247968441","dc:title":"A study of Key Communicators in Urban Thailand","dc:creator":"Jacobs M.","prism:publicationName":"Social Forces","prism:issn":"00377732","prism:eIssn":"15347605","prism:volume":"45","prism:issueIdentifier":"2","prism:pageRange":"192-199","prism:coverDate":"1966-01-01","prism:coverDisplayDate":"December 1966","prism:doi":"10.2307/2574389","citedby-count":"0","affiliation": [{"@_fa": "true", "affilname":"New York College of Osteopathic Medicine","affiliation-city":"Old Westbury","affiliation-country":"United States"}],"prism:aggregationType":"Journal","subtype":"ar","subtypeDescription":"Article","source-id":"17530","openaccess":"0","openaccessFlag":false},{"@_fa": "true", "link": [{"@_fa": "true", "@ref": "self", "@href": "https://api.elsevier.com/content/abstract/scopus_id/84930556363"},{"@_fa": "true", "@ref": "author-affiliation", "@href": "https://api.elsevier.com/content/abstract/scopus_id/84930556363?field=author,affiliation"},{"@_fa": "true", "@ref": "scopus", "@href": "https://www.scopus.com/inward/record.uri?partnerID=HzOxMe3b&scp=84930556363&origin=inward"},{"@_fa": "true", "@ref": "scopus-citedby", "@href": "https://www.scopus.com/inward/citedby.uri?partnerID=HzOxMe3b&scp=84930556363&origin=inward"}],"prism:url":"https://api.elsevier.com/content/abstract/scopus_id/84930556363","dc:identifier":"SCOPUS_ID:84930556363","eid":"2-s2.0-84930556363","dc:title":"Generalized Input and Output Equivalent Circuits for Networks with Active Three-Terminal Devices","dc:creator":"BUDAK A.","prism:publicationName":"IEEE Transactions on Education","prism:issn":"00189359","prism:eIssn":"15579638","prism:volume":"E-9","prism:issueIdentifier":"2","prism:pageRange":"100-102","prism:coverDate":"1966-01-01","prism:coverDisplayDate":"JUNE 1966","prism:doi":"10.1109/TE.1966.4321955","citedby-count":"0","prism:aggregationType":"Journal","subtype":"ar","subtypeDescription":"Article","source-id":"17344","openaccess":"0","openaccessFlag":false},{"@_fa": "true", "link": [{"@_fa": "true", "@ref": "self", "@href": "https://api.elsevier.com/content/abstract/scopus_id/50249151028"},{"@_fa": "true", "@ref": "author-affiliation", "@href": "https://api.elsevier.com/content/abstract/scopus_id/50249151028?field=author,affiliation"},{"@_fa": "true", "@ref": "scopus", "@href": "https://www.scopus.com/inward/record.uri?partnerID=HzOxMe3b&scp=50249151028&origin=inward"},{"@_fa": "true", "@ref": "scopus-citedby", "@href": "https://www.scopus.com/inward/citedby.uri?partnerID=HzOxMe3b&scp=50249151028&origin=inward"}],"prism:url":"https://api.elsevier.com/content/abstract/scopus_id/50249151028","dc:identifier":"SCOPUS_ID:50249151028","eid":"2-s2.0-50249151028","dc:title":"Analog Communication Over Randomly-Time -Varying Channels","dc:creator":"VAN TREES H.","prism:publicationName":"IEEE Transactions on Information Theory","prism:issn":"00189448","prism:eIssn":"15579654","prism:volume":"12","prism:issueIdentifier":"1","prism:pageRange":"51-63","prism:coverDate":"1966-01-01","prism:coverDisplayDate":"JANUARY 1966","prism:doi":"10.1109/TIT.1966.1053857","citedby-count":"12","affiliation": [{"@_fa": "true", "affilname":"Massachusetts Institute of Technology","affiliation-city":"Cambridge","affiliation-country":"United States"}],"prism:aggregationType":"Journal","subtype":"ar","subtypeDescription":"Article","source-id":"15107","openaccess":"0","openaccessFlag":false},{"@_fa": "true", "link": [{"@_fa": "true", "@ref": "self", "@href": "https://api.elsevier.com/content/abstract/scopus_id/84965853534"},{"@_fa": "true", "@ref": "author-affiliation", "@href": "https://api.elsevier.com/content/abstract/scopus_id/84965853534?field=author,affiliation"},{"@_fa": "true", "@ref": "scopus", "@href": "https://www.scopus.com/inward/record.uri?partnerID=HzOxMe3b&scp=84965853534&origin=inward"},{"@_fa": "true", "@ref": "scopus-citedby", "@href": "https://www.scopus.com/inward/citedby.uri?partnerID=HzOxMe3b&scp=84965853534&origin=inward"}],"prism:url":"https://api.elsevier.com/content/abstract/scopus_id/84965853534","dc:identifier":"SCOPUS_ID:84965853534","eid":"2-s2.0-84965853534","dc:title":"An Effective Approach for Incorporating Teaching Experiences in Methods Courses","dc:creator":"Drumheller S.","prism:publicationName":"Journal of Teacher Education","prism:issn":"00224871","prism:volume":"17","prism:issueIdentifier":"3","prism:pageRange":"290-295","prism:coverDate":"1966-01-01","prism:coverDisplayDate":"September 1966","prism:doi":"10.1177/002248716601700303","citedby-count":"2","prism:aggregationType":"Journal","subtype":"ar","subtypeDescription":"Article","source-id":"13354","openaccess":"0","openaccessFlag":false}]}}